13:49 bilby INFO    : Waveform generator initiated with
  frequency_domain_source_model: bilby.gw.source.lal_binary_black_hole_individual_modes
  time_domain_source_model: None
  parameter_conversion: bilby.gw.conversion.convert_to_lal_binary_black_hole_parameters
/home/pratyusava.baral/Modified_Dispersion/src/bilby-x-g/bilby/gw/detector/interferometer.py:511: RuntimeWarning: divide by zero encountered in scalar power
  lambda_A = h * np.abs(A) ** (1/(a-2))
13:49 bilby INFO    : No prior given, using default BNS priors in /home/pratyusava.baral/Modified_Dispersion/src/bilby-x-g/bilby/gw/prior_files/aligned_spins_bns_tides_on.prior.
13:49 bilby INFO    : Running for label 'None', output will be saved to '/scratch/pratyusava.baral/Modified_Dispersion/bilby/run_directory/CE_1p0MW_AplusCoat_flow10/A0/results/6'
13:49 bilby INFO    : Performing redundancy check using BBHPriorDict(self).test_redundancy
13:49 bilby INFO    : Performing redundancy check using BBHPriorDict(self).test_redundancy
13:49 bilby INFO    : Performing redundancy check using BBHPriorDict(self).test_redundancy
13:49 bilby INFO    : Performing redundancy check using BBHPriorDict(self).test_redundancy
13:49 bilby INFO    : Performing redundancy check using BBHPriorDict(self).test_redundancy
13:49 bilby INFO    : Performing redundancy check using BBHPriorDict(self).test_redundancy
13:49 bilby INFO    : Performing redundancy check using BBHPriorDict(self).test_redundancy
13:49 bilby INFO    : Performing redundancy check using BBHPriorDict(self).test_redundancy
13:49 bilby INFO    : Performing redundancy check using BBHPriorDict(self).test_redundancy
13:49 bilby INFO    : Performing redundancy check using BBHPriorDict(self).test_redundancy
13:49 bilby INFO    : Performing redundancy check using BBHPriorDict(self).test_redundancy
13:49 bilby INFO    : Performing redundancy check using BBHPriorDict(self).test_redundancy
13:49 bilby INFO    : Performing redundancy check using BBHPriorDict(self).test_redundancy
13:49 bilby INFO    : Performing redundancy check using BBHPriorDict(self).test_redundancy
13:49 bilby INFO    : Using lal version 7.7.1
13:49 bilby INFO    : Using lal git version Branch: None;Tag: lalsuite-v7.26.15;Id: 2c00d8c200308422036d0a23b7c0394f7c73faad;;Builder: Unknown User <>;Repository status: CLEAN: All modifications committed
13:49 bilby INFO    : Using lalsimulation version 6.2.1
13:49 bilby INFO    : Using lalsimulation git version Branch: None;Tag: lalsuite-v7.26.15;Id: 2c00d8c200308422036d0a23b7c0394f7c73faad;;Builder: Unknown User <>;Repository status: CLEAN: All modifications committed

[notice] A new release of pip is available: 24.0 -> 26.2.1
[notice] To update, run: /scratch/pratyusava.baral/Modified_Dispersion/src/dispersion/bin/python -m pip install --upgrade pip
13:49 bilby INFO    : Analysis priors:
13:49 bilby INFO    : mass_ratio=Uniform(minimum=0.22272728643997608, maximum=1, name='mass_ratio', latex_label='$q$', unit=None, boundary=None)
13:49 bilby INFO    : chirp_mass=Uniform(minimum=16.718687298766447, maximum=16.898687298766447, name='chirp_mass', latex_label='$\\mathcal{M}$', unit=None, boundary=None)
13:49 bilby INFO    : luminosity_distance=Uniform(minimum=93.51764729418306, maximum=213.51764729418306, name='luminosity_distance', latex_label='$d_L$', unit=None, boundary=None)
13:49 bilby INFO    : dec=Cosine(minimum=-1.5707963267948966, maximum=1.5707963267948966, name='dec', latex_label='$\\mathrm{DEC}$', unit=None, boundary=None)
13:49 bilby INFO    : ra=Uniform(minimum=0, maximum=6.283185307179586, name='ra', latex_label='$\\mathrm{RA}$', unit=None, boundary='periodic')
13:49 bilby INFO    : theta_jn=Sine(minimum=0, maximum=3.141592653589793, name='theta_jn', latex_label='$\\theta_{JN}$', unit=None, boundary=None)
13:49 bilby INFO    : psi=Uniform(minimum=0, maximum=3.141592653589793, name='psi', latex_label='$\\psi$', unit=None, boundary='periodic')
13:49 bilby INFO    : phase=Uniform(minimum=0, maximum=6.283185307179586, name='phase', latex_label='$\\phi$', unit=None, boundary='periodic')
13:49 bilby INFO    : chi_1=bilby.gw.prior.AlignedSpin(a_prior=Uniform(minimum=0, maximum=0.99, name=None, latex_label=None, unit=None, boundary=None), z_prior=Uniform(minimum=-1, maximum=1, name=None, latex_label=None, unit=None, boundary=None), name='chi_1', latex_label='$\\chi_1$', unit=None, boundary=None, minimum=-0.99, maximum=0.99)
13:49 bilby INFO    : chi_2=bilby.gw.prior.AlignedSpin(a_prior=Uniform(minimum=0, maximum=0.99, name=None, latex_label=None, unit=None, boundary=None), z_prior=Uniform(minimum=-1, maximum=1, name=None, latex_label=None, unit=None, boundary=None), name='chi_2', latex_label='$\\chi_2$', unit=None, boundary=None, minimum=-0.99, maximum=0.99)
13:49 bilby INFO    : A=SymmetricLogUniform(minimum=1e-05, maximum=0.1, name='A', latex_label='A', unit=None, boundary=None)
13:49 bilby INFO    : CE_time=Uniform(minimum=1941970846.1579309, maximum=1941970846.1599307, name='CE_time', latex_label='$t_{CE}$', unit='$s$', boundary=None)
13:49 bilby INFO    : a=0
13:49 bilby INFO    : fiducial=0
13:49 bilby INFO    : Analysis likelihood class: <class 'bilby.gw.likelihood.relative.RelativeBinningGravitationalWaveTransientNextGenerationModebyMode'>
13:49 bilby INFO    : Analysis likelihood noise evidence: -1441182.4793952168
13:49 bilby INFO    : Single likelihood evaluation took 1.706e-02 s
13:49 bilby INFO    : Using sampler Dynesty with kwargs {'nlive': 500, 'bound': 'live', 'sample': 'acceptance-walk', 'periodic': None, 'reflective': None, 'update_interval': 600, 'first_update': None, 'npdim': None, 'rstate': None, 'queue_size': 16, 'pool': None, 'use_pool': None, 'live_points': None, 'logl_args': None, 'logl_kwargs': None, 'ptform_args': None, 'ptform_kwargs': None, 'gradient': None, 'grad_args': None, 'grad_kwargs': None, 'compute_jac': False, 'enlarge': None, 'bootstrap': None, 'walks': 100, 'facc': 0.2, 'slices': None, 'fmove': 0.9, 'max_move': 100, 'update_func': None, 'ncdim': None, 'blob': False, 'save_history': False, 'history_filename': None, 'maxiter': None, 'maxcall': None, 'dlogz': 0.01, 'logl_max': inf, 'n_effective': None, 'add_live': True, 'print_progress': True, 'print_func': <bound method Dynesty._print_func of <bilby.core.sampler.dynesty.Dynesty object at 0x1494f0acc790>>, 'save_bounds': False, 'checkpoint_file': None, 'checkpoint_every': 60, 'resume': False, 'seed': None}
13:49 bilby INFO    : Checkpoint every check_point_delta_t = 600s
13:49 bilby INFO    : Using dynesty version 2.1.5
13:49 bilby INFO    : Using the bilby-implemented acceptance-walk sampling with an average of 60.0 accepted steps per MCMC and maximum length 5000
13:49 bilby INFO    : Setting up multiproccesing pool with 16 processes
13:49 bilby INFO    : Reading resume file /scratch/pratyusava.baral/Modified_Dispersion/bilby/run_directory/CE_1p0MW_AplusCoat_flow10/A0/results/6/None_resume.pickle
13:49 bilby INFO    : Resume file successfully loaded.
13:58 bilby INFO    : Written checkpoint file /scratch/pratyusava.baral/Modified_Dispersion/bilby/run_directory/CE_1p0MW_AplusCoat_flow10/A0/results/6/None_resume.pickle
13:58 bilby WARNING : The data appears to lie in a lower-dimensional subspace of the space in which it is expressed. This has resulted in a singular data covariance matrix, which cannot be treated using the algorithms implemented in `gaussian_kde`. Consider performing principle component analysis / dimensionality reduction and using `gaussian_kde` with the transformed data.
13:58 bilby WARNING : Failed to create dynesty state plot at checkpoint
13:58 bilby WARNING : The data appears to lie in a lower-dimensional subspace of the space in which it is expressed. This has resulted in a singular data covariance matrix, which cannot be treated using the algorithms implemented in `gaussian_kde`. Consider performing principle component analysis / dimensionality reduction and using `gaussian_kde` with the transformed data.
13:58 bilby WARNING : Failed to create dynesty unit state plot at checkpoint
/scratch/pratyusava.baral/Modified_Dispersion/src/dispersion/lib/python3.11/site-packages/dynesty/plotting.py:252: RuntimeWarning: overflow encountered in exp
  np.exp(logwt), logz if logplot else np.exp(logz)
13:58 bilby WARNING : The data appears to lie in a lower-dimensional subspace of the space in which it is expressed. This has resulted in a singular data covariance matrix, which cannot be treated using the algorithms implemented in `gaussian_kde`. Consider performing principle component analysis / dimensionality reduction and using `gaussian_kde` with the transformed data.
13:58 bilby WARNING : Failed to create dynesty run plot at checkpoint
14:11 bilby INFO    : Written checkpoint file /scratch/pratyusava.baral/Modified_Dispersion/bilby/run_directory/CE_1p0MW_AplusCoat_flow10/A0/results/6/None_resume.pickle
/scratch/pratyusava.baral/Modified_Dispersion/src/dispersion/lib/python3.11/site-packages/dynesty/plotting.py:786: UserWarning: Attempting to set identical low and high ylims makes transformation singular; automatically expanding.
  ax.set_ylim([0., max(y0) * 1.05])
/scratch/pratyusava.baral/Modified_Dispersion/src/dispersion/lib/python3.11/site-packages/dynesty/plotting.py:749: UserWarning: Attempting to set identical low and high xlims makes transformation singular; automatically expanding.
  ax.set_xlim(span[i])
/scratch/pratyusava.baral/Modified_Dispersion/src/dispersion/lib/python3.11/site-packages/dynesty/plotting.py:786: UserWarning: Attempting to set identical low and high ylims makes transformation singular; automatically expanding.
  ax.set_ylim([0., max(y0) * 1.05])
/scratch/pratyusava.baral/Modified_Dispersion/src/dispersion/lib/python3.11/site-packages/dynesty/plotting.py:252: RuntimeWarning: overflow encountered in exp
  np.exp(logwt), logz if logplot else np.exp(logz)
/scratch/pratyusava.baral/Modified_Dispersion/src/dispersion/lib/python3.11/site-packages/dynesty/plotting.py:282: RuntimeWarning: overflow encountered in exp
  zspan = (0., 1.05 * np.exp(logz[-1] + 3. * logzerr[-1]))
14:11 bilby WARNING : Axis limits cannot be NaN or Inf
14:11 bilby WARNING : Failed to create dynesty run plot at checkpoint
14:24 bilby INFO    : Written checkpoint file /scratch/pratyusava.baral/Modified_Dispersion/bilby/run_directory/CE_1p0MW_AplusCoat_flow10/A0/results/6/None_resume.pickle
/scratch/pratyusava.baral/Modified_Dispersion/src/dispersion/lib/python3.11/site-packages/dynesty/plotting.py:786: UserWarning: Attempting to set identical low and high ylims makes transformation singular; automatically expanding.
  ax.set_ylim([0., max(y0) * 1.05])
14:24 bilby WARNING : Too many bins for data range. Cannot create 500 finite-sized bins.
14:24 bilby WARNING : Failed to create dynesty state plot at checkpoint
/scratch/pratyusava.baral/Modified_Dispersion/src/dispersion/lib/python3.11/site-packages/dynesty/plotting.py:786: UserWarning: Attempting to set identical low and high ylims makes transformation singular; automatically expanding.
  ax.set_ylim([0., max(y0) * 1.05])
/scratch/pratyusava.baral/Modified_Dispersion/src/dispersion/lib/python3.11/site-packages/dynesty/plotting.py:252: RuntimeWarning: overflow encountered in exp
  np.exp(logwt), logz if logplot else np.exp(logz)
/scratch/pratyusava.baral/Modified_Dispersion/src/dispersion/lib/python3.11/site-packages/dynesty/plotting.py:282: RuntimeWarning: overflow encountered in exp
  zspan = (0., 1.05 * np.exp(logz[-1] + 3. * logzerr[-1]))
14:24 bilby WARNING : Axis limits cannot be NaN or Inf
14:24 bilby WARNING : Failed to create dynesty run plot at checkpoint
14:37 bilby INFO    : Written checkpoint file /scratch/pratyusava.baral/Modified_Dispersion/bilby/run_directory/CE_1p0MW_AplusCoat_flow10/A0/results/6/None_resume.pickle
/scratch/pratyusava.baral/Modified_Dispersion/src/dispersion/lib/python3.11/site-packages/dynesty/plotting.py:786: UserWarning: Attempting to set identical low and high ylims makes transformation singular; automatically expanding.
  ax.set_ylim([0., max(y0) * 1.05])
/scratch/pratyusava.baral/Modified_Dispersion/src/dispersion/lib/python3.11/site-packages/dynesty/plotting.py:749: UserWarning: Attempting to set identical low and high xlims makes transformation singular; automatically expanding.
  ax.set_xlim(span[i])
/scratch/pratyusava.baral/Modified_Dispersion/src/dispersion/lib/python3.11/site-packages/dynesty/plotting.py:786: UserWarning: Attempting to set identical low and high ylims makes transformation singular; automatically expanding.
  ax.set_ylim([0., max(y0) * 1.05])
/scratch/pratyusava.baral/Modified_Dispersion/src/dispersion/lib/python3.11/site-packages/dynesty/plotting.py:252: RuntimeWarning: overflow encountered in exp
  np.exp(logwt), logz if logplot else np.exp(logz)
/scratch/pratyusava.baral/Modified_Dispersion/src/dispersion/lib/python3.11/site-packages/dynesty/plotting.py:282: RuntimeWarning: overflow encountered in exp
  zspan = (0., 1.05 * np.exp(logz[-1] + 3. * logzerr[-1]))
14:37 bilby WARNING : Axis limits cannot be NaN or Inf
14:37 bilby WARNING : Failed to create dynesty run plot at checkpoint
14:49 bilby INFO    : Written checkpoint file /scratch/pratyusava.baral/Modified_Dispersion/bilby/run_directory/CE_1p0MW_AplusCoat_flow10/A0/results/6/None_resume.pickle
14:49 bilby WARNING : The data appears to lie in a lower-dimensional subspace of the space in which it is expressed. This has resulted in a singular data covariance matrix, which cannot be treated using the algorithms implemented in `gaussian_kde`. Consider performing principle component analysis / dimensionality reduction and using `gaussian_kde` with the transformed data.
14:49 bilby WARNING : Failed to create dynesty state plot at checkpoint
14:49 bilby WARNING : The data appears to lie in a lower-dimensional subspace of the space in which it is expressed. This has resulted in a singular data covariance matrix, which cannot be treated using the algorithms implemented in `gaussian_kde`. Consider performing principle component analysis / dimensionality reduction and using `gaussian_kde` with the transformed data.
14:49 bilby WARNING : Failed to create dynesty unit state plot at checkpoint
/scratch/pratyusava.baral/Modified_Dispersion/src/dispersion/lib/python3.11/site-packages/dynesty/plotting.py:252: RuntimeWarning: overflow encountered in exp
  np.exp(logwt), logz if logplot else np.exp(logz)
14:49 bilby WARNING : The data appears to lie in a lower-dimensional subspace of the space in which it is expressed. This has resulted in a singular data covariance matrix, which cannot be treated using the algorithms implemented in `gaussian_kde`. Consider performing principle component analysis / dimensionality reduction and using `gaussian_kde` with the transformed data.
14:49 bilby WARNING : Failed to create dynesty run plot at checkpoint
15:03 bilby INFO    : Written checkpoint file /scratch/pratyusava.baral/Modified_Dispersion/bilby/run_directory/CE_1p0MW_AplusCoat_flow10/A0/results/6/None_resume.pickle
/scratch/pratyusava.baral/Modified_Dispersion/src/dispersion/lib/python3.11/site-packages/dynesty/plotting.py:786: UserWarning: Attempting to set identical low and high ylims makes transformation singular; automatically expanding.
  ax.set_ylim([0., max(y0) * 1.05])
/scratch/pratyusava.baral/Modified_Dispersion/src/dispersion/lib/python3.11/site-packages/dynesty/plotting.py:749: UserWarning: Attempting to set identical low and high xlims makes transformation singular; automatically expanding.
  ax.set_xlim(span[i])
/scratch/pratyusava.baral/Modified_Dispersion/src/dispersion/lib/python3.11/site-packages/dynesty/plotting.py:786: UserWarning: Attempting to set identical low and high ylims makes transformation singular; automatically expanding.
  ax.set_ylim([0., max(y0) * 1.05])
/scratch/pratyusava.baral/Modified_Dispersion/src/dispersion/lib/python3.11/site-packages/dynesty/plotting.py:252: RuntimeWarning: overflow encountered in exp
  np.exp(logwt), logz if logplot else np.exp(logz)
/scratch/pratyusava.baral/Modified_Dispersion/src/dispersion/lib/python3.11/site-packages/dynesty/plotting.py:282: RuntimeWarning: overflow encountered in exp
  zspan = (0., 1.05 * np.exp(logz[-1] + 3. * logzerr[-1]))
15:03 bilby WARNING : Axis limits cannot be NaN or Inf
15:03 bilby WARNING : Failed to create dynesty run plot at checkpoint
15:16 bilby INFO    : Written checkpoint file /scratch/pratyusava.baral/Modified_Dispersion/bilby/run_directory/CE_1p0MW_AplusCoat_flow10/A0/results/6/None_resume.pickle
/scratch/pratyusava.baral/Modified_Dispersion/src/dispersion/lib/python3.11/site-packages/dynesty/plotting.py:786: UserWarning: Attempting to set identical low and high ylims makes transformation singular; automatically expanding.
  ax.set_ylim([0., max(y0) * 1.05])
/scratch/pratyusava.baral/Modified_Dispersion/src/dispersion/lib/python3.11/site-packages/dynesty/plotting.py:749: UserWarning: Attempting to set identical low and high xlims makes transformation singular; automatically expanding.
  ax.set_xlim(span[i])
/scratch/pratyusava.baral/Modified_Dispersion/src/dispersion/lib/python3.11/site-packages/dynesty/plotting.py:786: UserWarning: Attempting to set identical low and high ylims makes transformation singular; automatically expanding.
  ax.set_ylim([0., max(y0) * 1.05])
/scratch/pratyusava.baral/Modified_Dispersion/src/dispersion/lib/python3.11/site-packages/dynesty/plotting.py:252: RuntimeWarning: overflow encountered in exp
  np.exp(logwt), logz if logplot else np.exp(logz)
/scratch/pratyusava.baral/Modified_Dispersion/src/dispersion/lib/python3.11/site-packages/dynesty/plotting.py:282: RuntimeWarning: overflow encountered in exp
  zspan = (0., 1.05 * np.exp(logz[-1] + 3. * logzerr[-1]))
15:16 bilby WARNING : Axis limits cannot be NaN or Inf
15:16 bilby WARNING : Failed to create dynesty run plot at checkpoint
15:29 bilby INFO    : Written checkpoint file /scratch/pratyusava.baral/Modified_Dispersion/bilby/run_directory/CE_1p0MW_AplusCoat_flow10/A0/results/6/None_resume.pickle
/scratch/pratyusava.baral/Modified_Dispersion/src/dispersion/lib/python3.11/site-packages/dynesty/plotting.py:786: UserWarning: Attempting to set identical low and high ylims makes transformation singular; automatically expanding.
  ax.set_ylim([0., max(y0) * 1.05])
/scratch/pratyusava.baral/Modified_Dispersion/src/dispersion/lib/python3.11/site-packages/dynesty/plotting.py:749: UserWarning: Attempting to set identical low and high xlims makes transformation singular; automatically expanding.
  ax.set_xlim(span[i])
/scratch/pratyusava.baral/Modified_Dispersion/src/dispersion/lib/python3.11/site-packages/dynesty/plotting.py:786: UserWarning: Attempting to set identical low and high ylims makes transformation singular; automatically expanding.
  ax.set_ylim([0., max(y0) * 1.05])
/scratch/pratyusava.baral/Modified_Dispersion/src/dispersion/lib/python3.11/site-packages/dynesty/plotting.py:252: RuntimeWarning: overflow encountered in exp
  np.exp(logwt), logz if logplot else np.exp(logz)
/scratch/pratyusava.baral/Modified_Dispersion/src/dispersion/lib/python3.11/site-packages/dynesty/plotting.py:282: RuntimeWarning: overflow encountered in exp
  zspan = (0., 1.05 * np.exp(logz[-1] + 3. * logzerr[-1]))
15:29 bilby WARNING : Axis limits cannot be NaN or Inf
15:29 bilby WARNING : Failed to create dynesty run plot at checkpoint
15:42 bilby INFO    : Written checkpoint file /scratch/pratyusava.baral/Modified_Dispersion/bilby/run_directory/CE_1p0MW_AplusCoat_flow10/A0/results/6/None_resume.pickle
15:42 bilby WARNING : Too many bins for data range. Cannot create 500 finite-sized bins.
15:42 bilby WARNING : Failed to create dynesty state plot at checkpoint
/scratch/pratyusava.baral/Modified_Dispersion/src/dispersion/lib/python3.11/site-packages/dynesty/plotting.py:252: RuntimeWarning: overflow encountered in exp
  np.exp(logwt), logz if logplot else np.exp(logz)
/scratch/pratyusava.baral/Modified_Dispersion/src/dispersion/lib/python3.11/site-packages/dynesty/plotting.py:282: RuntimeWarning: overflow encountered in exp
  zspan = (0., 1.05 * np.exp(logz[-1] + 3. * logzerr[-1]))
15:42 bilby WARNING : Axis limits cannot be NaN or Inf
15:42 bilby WARNING : Failed to create dynesty run plot at checkpoint
15:55 bilby INFO    : Written checkpoint file /scratch/pratyusava.baral/Modified_Dispersion/bilby/run_directory/CE_1p0MW_AplusCoat_flow10/A0/results/6/None_resume.pickle
15:55 bilby WARNING : Too many bins for data range. Cannot create 500 finite-sized bins.
15:55 bilby WARNING : Failed to create dynesty state plot at checkpoint
/scratch/pratyusava.baral/Modified_Dispersion/src/dispersion/lib/python3.11/site-packages/dynesty/plotting.py:252: RuntimeWarning: overflow encountered in exp
  np.exp(logwt), logz if logplot else np.exp(logz)
/scratch/pratyusava.baral/Modified_Dispersion/src/dispersion/lib/python3.11/site-packages/dynesty/plotting.py:282: RuntimeWarning: overflow encountered in exp
  zspan = (0., 1.05 * np.exp(logz[-1] + 3. * logzerr[-1]))
15:55 bilby WARNING : Axis limits cannot be NaN or Inf
15:55 bilby WARNING : Failed to create dynesty run plot at checkpoint
16:07 bilby INFO    : Written checkpoint file /scratch/pratyusava.baral/Modified_Dispersion/bilby/run_directory/CE_1p0MW_AplusCoat_flow10/A0/results/6/None_resume.pickle
16:07 bilby WARNING : Too many bins for data range. Cannot create 500 finite-sized bins.
16:07 bilby WARNING : Failed to create dynesty state plot at checkpoint
/scratch/pratyusava.baral/Modified_Dispersion/src/dispersion/lib/python3.11/site-packages/dynesty/plotting.py:252: RuntimeWarning: overflow encountered in exp
  np.exp(logwt), logz if logplot else np.exp(logz)
/scratch/pratyusava.baral/Modified_Dispersion/src/dispersion/lib/python3.11/site-packages/dynesty/plotting.py:282: RuntimeWarning: overflow encountered in exp
  zspan = (0., 1.05 * np.exp(logz[-1] + 3. * logzerr[-1]))
16:07 bilby WARNING : Axis limits cannot be NaN or Inf
16:07 bilby WARNING : Failed to create dynesty run plot at checkpoint
16:19 bilby INFO    : Written checkpoint file /scratch/pratyusava.baral/Modified_Dispersion/bilby/run_directory/CE_1p0MW_AplusCoat_flow10/A0/results/6/None_resume.pickle
16:19 bilby WARNING : Too many bins for data range. Cannot create 500 finite-sized bins.
16:19 bilby WARNING : Failed to create dynesty state plot at checkpoint
/scratch/pratyusava.baral/Modified_Dispersion/src/dispersion/lib/python3.11/site-packages/dynesty/plotting.py:252: RuntimeWarning: overflow encountered in exp
  np.exp(logwt), logz if logplot else np.exp(logz)
/scratch/pratyusava.baral/Modified_Dispersion/src/dispersion/lib/python3.11/site-packages/dynesty/plotting.py:282: RuntimeWarning: overflow encountered in exp
  zspan = (0., 1.05 * np.exp(logz[-1] + 3. * logzerr[-1]))
16:19 bilby WARNING : Axis limits cannot be NaN or Inf
16:19 bilby WARNING : Failed to create dynesty run plot at checkpoint
16:31 bilby INFO    : Written checkpoint file /scratch/pratyusava.baral/Modified_Dispersion/bilby/run_directory/CE_1p0MW_AplusCoat_flow10/A0/results/6/None_resume.pickle
16:31 bilby WARNING : Too many bins for data range. Cannot create 500 finite-sized bins.
16:31 bilby WARNING : Failed to create dynesty state plot at checkpoint
/scratch/pratyusava.baral/Modified_Dispersion/src/dispersion/lib/python3.11/site-packages/dynesty/plotting.py:252: RuntimeWarning: overflow encountered in exp
  np.exp(logwt), logz if logplot else np.exp(logz)
/scratch/pratyusava.baral/Modified_Dispersion/src/dispersion/lib/python3.11/site-packages/dynesty/plotting.py:282: RuntimeWarning: overflow encountered in exp
  zspan = (0., 1.05 * np.exp(logz[-1] + 3. * logzerr[-1]))
16:31 bilby WARNING : Axis limits cannot be NaN or Inf
16:31 bilby WARNING : Failed to create dynesty run plot at checkpoint
16:42 bilby INFO    : Written checkpoint file /scratch/pratyusava.baral/Modified_Dispersion/bilby/run_directory/CE_1p0MW_AplusCoat_flow10/A0/results/6/None_resume.pickle
16:42 bilby WARNING : Too many bins for data range. Cannot create 500 finite-sized bins.
16:42 bilby WARNING : Failed to create dynesty state plot at checkpoint
/scratch/pratyusava.baral/Modified_Dispersion/src/dispersion/lib/python3.11/site-packages/dynesty/plotting.py:252: RuntimeWarning: overflow encountered in exp
  np.exp(logwt), logz if logplot else np.exp(logz)
/scratch/pratyusava.baral/Modified_Dispersion/src/dispersion/lib/python3.11/site-packages/dynesty/plotting.py:282: RuntimeWarning: overflow encountered in exp
  zspan = (0., 1.05 * np.exp(logz[-1] + 3. * logzerr[-1]))
16:42 bilby WARNING : Axis limits cannot be NaN or Inf
16:42 bilby WARNING : Failed to create dynesty run plot at checkpoint
16:54 bilby INFO    : Written checkpoint file /scratch/pratyusava.baral/Modified_Dispersion/bilby/run_directory/CE_1p0MW_AplusCoat_flow10/A0/results/6/None_resume.pickle
16:54 bilby WARNING : Too many bins for data range. Cannot create 500 finite-sized bins.
16:54 bilby WARNING : Failed to create dynesty state plot at checkpoint
/scratch/pratyusava.baral/Modified_Dispersion/src/dispersion/lib/python3.11/site-packages/dynesty/plotting.py:252: RuntimeWarning: overflow encountered in exp
  np.exp(logwt), logz if logplot else np.exp(logz)
/scratch/pratyusava.baral/Modified_Dispersion/src/dispersion/lib/python3.11/site-packages/dynesty/plotting.py:282: RuntimeWarning: overflow encountered in exp
  zspan = (0., 1.05 * np.exp(logz[-1] + 3. * logzerr[-1]))
16:54 bilby WARNING : Axis limits cannot be NaN or Inf
16:54 bilby WARNING : Failed to create dynesty run plot at checkpoint
17:06 bilby INFO    : Written checkpoint file /scratch/pratyusava.baral/Modified_Dispersion/bilby/run_directory/CE_1p0MW_AplusCoat_flow10/A0/results/6/None_resume.pickle
17:06 bilby WARNING : Too many bins for data range. Cannot create 500 finite-sized bins.
17:06 bilby WARNING : Failed to create dynesty state plot at checkpoint
/scratch/pratyusava.baral/Modified_Dispersion/src/dispersion/lib/python3.11/site-packages/dynesty/plotting.py:252: RuntimeWarning: overflow encountered in exp
  np.exp(logwt), logz if logplot else np.exp(logz)
/scratch/pratyusava.baral/Modified_Dispersion/src/dispersion/lib/python3.11/site-packages/dynesty/plotting.py:282: RuntimeWarning: overflow encountered in exp
  zspan = (0., 1.05 * np.exp(logz[-1] + 3. * logzerr[-1]))
17:06 bilby WARNING : Axis limits cannot be NaN or Inf
17:06 bilby WARNING : Failed to create dynesty run plot at checkpoint
17:18 bilby INFO    : Written checkpoint file /scratch/pratyusava.baral/Modified_Dispersion/bilby/run_directory/CE_1p0MW_AplusCoat_flow10/A0/results/6/None_resume.pickle
/scratch/pratyusava.baral/Modified_Dispersion/src/dispersion/lib/python3.11/site-packages/dynesty/plotting.py:786: UserWarning: Attempting to set identical low and high ylims makes transformation singular; automatically expanding.
  ax.set_ylim([0., max(y0) * 1.05])
/scratch/pratyusava.baral/Modified_Dispersion/src/dispersion/lib/python3.11/site-packages/dynesty/plotting.py:749: UserWarning: Attempting to set identical low and high xlims makes transformation singular; automatically expanding.
  ax.set_xlim(span[i])
/scratch/pratyusava.baral/Modified_Dispersion/src/dispersion/lib/python3.11/site-packages/dynesty/plotting.py:786: UserWarning: Attempting to set identical low and high ylims makes transformation singular; automatically expanding.
  ax.set_ylim([0., max(y0) * 1.05])
/scratch/pratyusava.baral/Modified_Dispersion/src/dispersion/lib/python3.11/site-packages/dynesty/plotting.py:252: RuntimeWarning: overflow encountered in exp
  np.exp(logwt), logz if logplot else np.exp(logz)
/scratch/pratyusava.baral/Modified_Dispersion/src/dispersion/lib/python3.11/site-packages/dynesty/plotting.py:282: RuntimeWarning: overflow encountered in exp
  zspan = (0., 1.05 * np.exp(logz[-1] + 3. * logzerr[-1]))
17:18 bilby WARNING : Axis limits cannot be NaN or Inf
17:18 bilby WARNING : Failed to create dynesty run plot at checkpoint
17:30 bilby INFO    : Written checkpoint file /scratch/pratyusava.baral/Modified_Dispersion/bilby/run_directory/CE_1p0MW_AplusCoat_flow10/A0/results/6/None_resume.pickle
/scratch/pratyusava.baral/Modified_Dispersion/src/dispersion/lib/python3.11/site-packages/dynesty/plotting.py:786: UserWarning: Attempting to set identical low and high ylims makes transformation singular; automatically expanding.
  ax.set_ylim([0., max(y0) * 1.05])
/scratch/pratyusava.baral/Modified_Dispersion/src/dispersion/lib/python3.11/site-packages/dynesty/plotting.py:749: UserWarning: Attempting to set identical low and high xlims makes transformation singular; automatically expanding.
  ax.set_xlim(span[i])
/scratch/pratyusava.baral/Modified_Dispersion/src/dispersion/lib/python3.11/site-packages/dynesty/plotting.py:786: UserWarning: Attempting to set identical low and high ylims makes transformation singular; automatically expanding.
  ax.set_ylim([0., max(y0) * 1.05])
/scratch/pratyusava.baral/Modified_Dispersion/src/dispersion/lib/python3.11/site-packages/dynesty/plotting.py:252: RuntimeWarning: overflow encountered in exp
  np.exp(logwt), logz if logplot else np.exp(logz)
/scratch/pratyusava.baral/Modified_Dispersion/src/dispersion/lib/python3.11/site-packages/dynesty/plotting.py:282: RuntimeWarning: overflow encountered in exp
  zspan = (0., 1.05 * np.exp(logz[-1] + 3. * logzerr[-1]))
17:30 bilby WARNING : Axis limits cannot be NaN or Inf
17:30 bilby WARNING : Failed to create dynesty run plot at checkpoint
17:42 bilby INFO    : Written checkpoint file /scratch/pratyusava.baral/Modified_Dispersion/bilby/run_directory/CE_1p0MW_AplusCoat_flow10/A0/results/6/None_resume.pickle
17:42 bilby WARNING : The data appears to lie in a lower-dimensional subspace of the space in which it is expressed. This has resulted in a singular data covariance matrix, which cannot be treated using the algorithms implemented in `gaussian_kde`. Consider performing principle component analysis / dimensionality reduction and using `gaussian_kde` with the transformed data.
17:42 bilby WARNING : Failed to create dynesty state plot at checkpoint
17:42 bilby WARNING : The data appears to lie in a lower-dimensional subspace of the space in which it is expressed. This has resulted in a singular data covariance matrix, which cannot be treated using the algorithms implemented in `gaussian_kde`. Consider performing principle component analysis / dimensionality reduction and using `gaussian_kde` with the transformed data.
17:42 bilby WARNING : Failed to create dynesty unit state plot at checkpoint
/scratch/pratyusava.baral/Modified_Dispersion/src/dispersion/lib/python3.11/site-packages/dynesty/plotting.py:252: RuntimeWarning: overflow encountered in exp
  np.exp(logwt), logz if logplot else np.exp(logz)
17:42 bilby WARNING : The data appears to lie in a lower-dimensional subspace of the space in which it is expressed. This has resulted in a singular data covariance matrix, which cannot be treated using the algorithms implemented in `gaussian_kde`. Consider performing principle component analysis / dimensionality reduction and using `gaussian_kde` with the transformed data.
17:42 bilby WARNING : Failed to create dynesty run plot at checkpoint
17:54 bilby INFO    : Written checkpoint file /scratch/pratyusava.baral/Modified_Dispersion/bilby/run_directory/CE_1p0MW_AplusCoat_flow10/A0/results/6/None_resume.pickle
/scratch/pratyusava.baral/Modified_Dispersion/src/dispersion/lib/python3.11/site-packages/dynesty/plotting.py:786: UserWarning: Attempting to set identical low and high ylims makes transformation singular; automatically expanding.
  ax.set_ylim([0., max(y0) * 1.05])
/scratch/pratyusava.baral/Modified_Dispersion/src/dispersion/lib/python3.11/site-packages/dynesty/plotting.py:749: UserWarning: Attempting to set identical low and high xlims makes transformation singular; automatically expanding.
  ax.set_xlim(span[i])
/scratch/pratyusava.baral/Modified_Dispersion/src/dispersion/lib/python3.11/site-packages/dynesty/plotting.py:786: UserWarning: Attempting to set identical low and high ylims makes transformation singular; automatically expanding.
  ax.set_ylim([0., max(y0) * 1.05])
/scratch/pratyusava.baral/Modified_Dispersion/src/dispersion/lib/python3.11/site-packages/dynesty/plotting.py:252: RuntimeWarning: overflow encountered in exp
  np.exp(logwt), logz if logplot else np.exp(logz)
/scratch/pratyusava.baral/Modified_Dispersion/src/dispersion/lib/python3.11/site-packages/dynesty/plotting.py:282: RuntimeWarning: overflow encountered in exp
  zspan = (0., 1.05 * np.exp(logz[-1] + 3. * logzerr[-1]))
17:54 bilby WARNING : Axis limits cannot be NaN or Inf
17:54 bilby WARNING : Failed to create dynesty run plot at checkpoint
18:05 bilby INFO    : Written checkpoint file /scratch/pratyusava.baral/Modified_Dispersion/bilby/run_directory/CE_1p0MW_AplusCoat_flow10/A0/results/6/None_resume.pickle
/scratch/pratyusava.baral/Modified_Dispersion/src/dispersion/lib/python3.11/site-packages/dynesty/plotting.py:786: UserWarning: Attempting to set identical low and high ylims makes transformation singular; automatically expanding.
  ax.set_ylim([0., max(y0) * 1.05])
/scratch/pratyusava.baral/Modified_Dispersion/src/dispersion/lib/python3.11/site-packages/dynesty/plotting.py:749: UserWarning: Attempting to set identical low and high xlims makes transformation singular; automatically expanding.
  ax.set_xlim(span[i])
/scratch/pratyusava.baral/Modified_Dispersion/src/dispersion/lib/python3.11/site-packages/dynesty/plotting.py:786: UserWarning: Attempting to set identical low and high ylims makes transformation singular; automatically expanding.
  ax.set_ylim([0., max(y0) * 1.05])
/scratch/pratyusava.baral/Modified_Dispersion/src/dispersion/lib/python3.11/site-packages/dynesty/plotting.py:252: RuntimeWarning: overflow encountered in exp
  np.exp(logwt), logz if logplot else np.exp(logz)
/scratch/pratyusava.baral/Modified_Dispersion/src/dispersion/lib/python3.11/site-packages/dynesty/plotting.py:282: RuntimeWarning: overflow encountered in exp
  zspan = (0., 1.05 * np.exp(logz[-1] + 3. * logzerr[-1]))
18:06 bilby WARNING : Axis limits cannot be NaN or Inf
18:06 bilby WARNING : Failed to create dynesty run plot at checkpoint
18:17 bilby INFO    : Written checkpoint file /scratch/pratyusava.baral/Modified_Dispersion/bilby/run_directory/CE_1p0MW_AplusCoat_flow10/A0/results/6/None_resume.pickle
/scratch/pratyusava.baral/Modified_Dispersion/src/dispersion/lib/python3.11/site-packages/dynesty/plotting.py:786: UserWarning: Attempting to set identical low and high ylims makes transformation singular; automatically expanding.
  ax.set_ylim([0., max(y0) * 1.05])
18:17 bilby WARNING : Too many bins for data range. Cannot create 500 finite-sized bins.
18:17 bilby WARNING : Failed to create dynesty state plot at checkpoint
/scratch/pratyusava.baral/Modified_Dispersion/src/dispersion/lib/python3.11/site-packages/dynesty/plotting.py:786: UserWarning: Attempting to set identical low and high ylims makes transformation singular; automatically expanding.
  ax.set_ylim([0., max(y0) * 1.05])
/scratch/pratyusava.baral/Modified_Dispersion/src/dispersion/lib/python3.11/site-packages/dynesty/plotting.py:252: RuntimeWarning: overflow encountered in exp
  np.exp(logwt), logz if logplot else np.exp(logz)
/scratch/pratyusava.baral/Modified_Dispersion/src/dispersion/lib/python3.11/site-packages/dynesty/plotting.py:282: RuntimeWarning: overflow encountered in exp
  zspan = (0., 1.05 * np.exp(logz[-1] + 3. * logzerr[-1]))
18:17 bilby WARNING : Axis limits cannot be NaN or Inf
18:17 bilby WARNING : Failed to create dynesty run plot at checkpoint
18:29 bilby INFO    : Written checkpoint file /scratch/pratyusava.baral/Modified_Dispersion/bilby/run_directory/CE_1p0MW_AplusCoat_flow10/A0/results/6/None_resume.pickle
/scratch/pratyusava.baral/Modified_Dispersion/src/dispersion/lib/python3.11/site-packages/dynesty/plotting.py:786: UserWarning: Attempting to set identical low and high ylims makes transformation singular; automatically expanding.
  ax.set_ylim([0., max(y0) * 1.05])
/scratch/pratyusava.baral/Modified_Dispersion/src/dispersion/lib/python3.11/site-packages/dynesty/plotting.py:749: UserWarning: Attempting to set identical low and high xlims makes transformation singular; automatically expanding.
  ax.set_xlim(span[i])
/scratch/pratyusava.baral/Modified_Dispersion/src/dispersion/lib/python3.11/site-packages/dynesty/plotting.py:786: UserWarning: Attempting to set identical low and high ylims makes transformation singular; automatically expanding.
  ax.set_ylim([0., max(y0) * 1.05])
/scratch/pratyusava.baral/Modified_Dispersion/src/dispersion/lib/python3.11/site-packages/dynesty/plotting.py:252: RuntimeWarning: overflow encountered in exp
  np.exp(logwt), logz if logplot else np.exp(logz)
/scratch/pratyusava.baral/Modified_Dispersion/src/dispersion/lib/python3.11/site-packages/dynesty/plotting.py:282: RuntimeWarning: overflow encountered in exp
  zspan = (0., 1.05 * np.exp(logz[-1] + 3. * logzerr[-1]))
18:29 bilby WARNING : Axis limits cannot be NaN or Inf
18:29 bilby WARNING : Failed to create dynesty run plot at checkpoint
18:41 bilby INFO    : Written checkpoint file /scratch/pratyusava.baral/Modified_Dispersion/bilby/run_directory/CE_1p0MW_AplusCoat_flow10/A0/results/6/None_resume.pickle
18:41 bilby WARNING : The data appears to lie in a lower-dimensional subspace of the space in which it is expressed. This has resulted in a singular data covariance matrix, which cannot be treated using the algorithms implemented in `gaussian_kde`. Consider performing principle component analysis / dimensionality reduction and using `gaussian_kde` with the transformed data.
18:41 bilby WARNING : Failed to create dynesty state plot at checkpoint
18:41 bilby WARNING : The data appears to lie in a lower-dimensional subspace of the space in which it is expressed. This has resulted in a singular data covariance matrix, which cannot be treated using the algorithms implemented in `gaussian_kde`. Consider performing principle component analysis / dimensionality reduction and using `gaussian_kde` with the transformed data.
18:41 bilby WARNING : Failed to create dynesty unit state plot at checkpoint
/scratch/pratyusava.baral/Modified_Dispersion/src/dispersion/lib/python3.11/site-packages/dynesty/plotting.py:252: RuntimeWarning: overflow encountered in exp
  np.exp(logwt), logz if logplot else np.exp(logz)
18:41 bilby WARNING : The data appears to lie in a lower-dimensional subspace of the space in which it is expressed. This has resulted in a singular data covariance matrix, which cannot be treated using the algorithms implemented in `gaussian_kde`. Consider performing principle component analysis / dimensionality reduction and using `gaussian_kde` with the transformed data.
18:41 bilby WARNING : Failed to create dynesty run plot at checkpoint
18:53 bilby INFO    : Written checkpoint file /scratch/pratyusava.baral/Modified_Dispersion/bilby/run_directory/CE_1p0MW_AplusCoat_flow10/A0/results/6/None_resume.pickle
18:53 bilby WARNING : Too many bins for data range. Cannot create 500 finite-sized bins.
18:53 bilby WARNING : Failed to create dynesty state plot at checkpoint
/scratch/pratyusava.baral/Modified_Dispersion/src/dispersion/lib/python3.11/site-packages/dynesty/plotting.py:252: RuntimeWarning: overflow encountered in exp
  np.exp(logwt), logz if logplot else np.exp(logz)
/scratch/pratyusava.baral/Modified_Dispersion/src/dispersion/lib/python3.11/site-packages/dynesty/plotting.py:282: RuntimeWarning: overflow encountered in exp
  zspan = (0., 1.05 * np.exp(logz[-1] + 3. * logzerr[-1]))
18:53 bilby WARNING : Axis limits cannot be NaN or Inf
18:53 bilby WARNING : Failed to create dynesty run plot at checkpoint
19:05 bilby INFO    : Written checkpoint file /scratch/pratyusava.baral/Modified_Dispersion/bilby/run_directory/CE_1p0MW_AplusCoat_flow10/A0/results/6/None_resume.pickle
19:05 bilby WARNING : Too many bins for data range. Cannot create 500 finite-sized bins.
19:05 bilby WARNING : Failed to create dynesty state plot at checkpoint
/scratch/pratyusava.baral/Modified_Dispersion/src/dispersion/lib/python3.11/site-packages/dynesty/plotting.py:252: RuntimeWarning: overflow encountered in exp
  np.exp(logwt), logz if logplot else np.exp(logz)
/scratch/pratyusava.baral/Modified_Dispersion/src/dispersion/lib/python3.11/site-packages/dynesty/plotting.py:282: RuntimeWarning: overflow encountered in exp
  zspan = (0., 1.05 * np.exp(logz[-1] + 3. * logzerr[-1]))
19:05 bilby WARNING : Axis limits cannot be NaN or Inf
19:05 bilby WARNING : Failed to create dynesty run plot at checkpoint
19:17 bilby INFO    : Written checkpoint file /scratch/pratyusava.baral/Modified_Dispersion/bilby/run_directory/CE_1p0MW_AplusCoat_flow10/A0/results/6/None_resume.pickle
19:17 bilby WARNING : Too many bins for data range. Cannot create 500 finite-sized bins.
19:17 bilby WARNING : Failed to create dynesty state plot at checkpoint
/scratch/pratyusava.baral/Modified_Dispersion/src/dispersion/lib/python3.11/site-packages/dynesty/plotting.py:252: RuntimeWarning: overflow encountered in exp
  np.exp(logwt), logz if logplot else np.exp(logz)
/scratch/pratyusava.baral/Modified_Dispersion/src/dispersion/lib/python3.11/site-packages/dynesty/plotting.py:282: RuntimeWarning: overflow encountered in exp
  zspan = (0., 1.05 * np.exp(logz[-1] + 3. * logzerr[-1]))
19:17 bilby WARNING : Axis limits cannot be NaN or Inf
19:17 bilby WARNING : Failed to create dynesty run plot at checkpoint
19:29 bilby INFO    : Written checkpoint file /scratch/pratyusava.baral/Modified_Dispersion/bilby/run_directory/CE_1p0MW_AplusCoat_flow10/A0/results/6/None_resume.pickle
19:29 bilby WARNING : Too many bins for data range. Cannot create 500 finite-sized bins.
19:29 bilby WARNING : Failed to create dynesty state plot at checkpoint
/scratch/pratyusava.baral/Modified_Dispersion/src/dispersion/lib/python3.11/site-packages/dynesty/plotting.py:252: RuntimeWarning: overflow encountered in exp
  np.exp(logwt), logz if logplot else np.exp(logz)
/scratch/pratyusava.baral/Modified_Dispersion/src/dispersion/lib/python3.11/site-packages/dynesty/plotting.py:282: RuntimeWarning: overflow encountered in exp
  zspan = (0., 1.05 * np.exp(logz[-1] + 3. * logzerr[-1]))
19:30 bilby WARNING : Axis limits cannot be NaN or Inf
19:30 bilby WARNING : Failed to create dynesty run plot at checkpoint
19:41 bilby INFO    : Written checkpoint file /scratch/pratyusava.baral/Modified_Dispersion/bilby/run_directory/CE_1p0MW_AplusCoat_flow10/A0/results/6/None_resume.pickle
19:41 bilby WARNING : Too many bins for data range. Cannot create 500 finite-sized bins.
19:41 bilby WARNING : Failed to create dynesty state plot at checkpoint
/scratch/pratyusava.baral/Modified_Dispersion/src/dispersion/lib/python3.11/site-packages/dynesty/plotting.py:252: RuntimeWarning: overflow encountered in exp
  np.exp(logwt), logz if logplot else np.exp(logz)
/scratch/pratyusava.baral/Modified_Dispersion/src/dispersion/lib/python3.11/site-packages/dynesty/plotting.py:282: RuntimeWarning: overflow encountered in exp
  zspan = (0., 1.05 * np.exp(logz[-1] + 3. * logzerr[-1]))
19:41 bilby WARNING : Axis limits cannot be NaN or Inf
19:41 bilby WARNING : Failed to create dynesty run plot at checkpoint
19:53 bilby INFO    : Written checkpoint file /scratch/pratyusava.baral/Modified_Dispersion/bilby/run_directory/CE_1p0MW_AplusCoat_flow10/A0/results/6/None_resume.pickle
19:53 bilby WARNING : Too many bins for data range. Cannot create 500 finite-sized bins.
19:53 bilby WARNING : Failed to create dynesty state plot at checkpoint
/scratch/pratyusava.baral/Modified_Dispersion/src/dispersion/lib/python3.11/site-packages/dynesty/plotting.py:252: RuntimeWarning: overflow encountered in exp
  np.exp(logwt), logz if logplot else np.exp(logz)
/scratch/pratyusava.baral/Modified_Dispersion/src/dispersion/lib/python3.11/site-packages/dynesty/plotting.py:282: RuntimeWarning: overflow encountered in exp
  zspan = (0., 1.05 * np.exp(logz[-1] + 3. * logzerr[-1]))
19:54 bilby WARNING : Axis limits cannot be NaN or Inf
19:54 bilby WARNING : Failed to create dynesty run plot at checkpoint
20:06 bilby INFO    : Written checkpoint file /scratch/pratyusava.baral/Modified_Dispersion/bilby/run_directory/CE_1p0MW_AplusCoat_flow10/A0/results/6/None_resume.pickle
20:06 bilby WARNING : Too many bins for data range. Cannot create 500 finite-sized bins.
20:06 bilby WARNING : Failed to create dynesty state plot at checkpoint
/scratch/pratyusava.baral/Modified_Dispersion/src/dispersion/lib/python3.11/site-packages/dynesty/plotting.py:252: RuntimeWarning: overflow encountered in exp
  np.exp(logwt), logz if logplot else np.exp(logz)
/scratch/pratyusava.baral/Modified_Dispersion/src/dispersion/lib/python3.11/site-packages/dynesty/plotting.py:282: RuntimeWarning: overflow encountered in exp
  zspan = (0., 1.05 * np.exp(logz[-1] + 3. * logzerr[-1]))
20:06 bilby WARNING : Axis limits cannot be NaN or Inf
20:06 bilby WARNING : Failed to create dynesty run plot at checkpoint
20:18 bilby INFO    : Written checkpoint file /scratch/pratyusava.baral/Modified_Dispersion/bilby/run_directory/CE_1p0MW_AplusCoat_flow10/A0/results/6/None_resume.pickle
20:18 bilby WARNING : The data appears to lie in a lower-dimensional subspace of the space in which it is expressed. This has resulted in a singular data covariance matrix, which cannot be treated using the algorithms implemented in `gaussian_kde`. Consider performing principle component analysis / dimensionality reduction and using `gaussian_kde` with the transformed data.
20:18 bilby WARNING : Failed to create dynesty state plot at checkpoint
20:18 bilby WARNING : The data appears to lie in a lower-dimensional subspace of the space in which it is expressed. This has resulted in a singular data covariance matrix, which cannot be treated using the algorithms implemented in `gaussian_kde`. Consider performing principle component analysis / dimensionality reduction and using `gaussian_kde` with the transformed data.
20:18 bilby WARNING : Failed to create dynesty unit state plot at checkpoint
/scratch/pratyusava.baral/Modified_Dispersion/src/dispersion/lib/python3.11/site-packages/dynesty/plotting.py:252: RuntimeWarning: overflow encountered in exp
  np.exp(logwt), logz if logplot else np.exp(logz)
20:18 bilby WARNING : The data appears to lie in a lower-dimensional subspace of the space in which it is expressed. This has resulted in a singular data covariance matrix, which cannot be treated using the algorithms implemented in `gaussian_kde`. Consider performing principle component analysis / dimensionality reduction and using `gaussian_kde` with the transformed data.
20:18 bilby WARNING : Failed to create dynesty run plot at checkpoint
20:30 bilby INFO    : Written checkpoint file /scratch/pratyusava.baral/Modified_Dispersion/bilby/run_directory/CE_1p0MW_AplusCoat_flow10/A0/results/6/None_resume.pickle
20:30 bilby WARNING : Too many bins for data range. Cannot create 500 finite-sized bins.
20:30 bilby WARNING : Failed to create dynesty state plot at checkpoint
20:30 bilby WARNING : The data appears to lie in a lower-dimensional subspace of the space in which it is expressed. This has resulted in a singular data covariance matrix, which cannot be treated using the algorithms implemented in `gaussian_kde`. Consider performing principle component analysis / dimensionality reduction and using `gaussian_kde` with the transformed data.
20:30 bilby WARNING : Failed to create dynesty unit state plot at checkpoint
/scratch/pratyusava.baral/Modified_Dispersion/src/dispersion/lib/python3.11/site-packages/dynesty/plotting.py:252: RuntimeWarning: overflow encountered in exp
  np.exp(logwt), logz if logplot else np.exp(logz)
/scratch/pratyusava.baral/Modified_Dispersion/src/dispersion/lib/python3.11/site-packages/dynesty/plotting.py:282: RuntimeWarning: overflow encountered in exp
  zspan = (0., 1.05 * np.exp(logz[-1] + 3. * logzerr[-1]))
20:30 bilby WARNING : Axis limits cannot be NaN or Inf
20:30 bilby WARNING : Failed to create dynesty run plot at checkpoint
20:42 bilby INFO    : Written checkpoint file /scratch/pratyusava.baral/Modified_Dispersion/bilby/run_directory/CE_1p0MW_AplusCoat_flow10/A0/results/6/None_resume.pickle
20:42 bilby WARNING : Too many bins for data range. Cannot create 500 finite-sized bins.
20:42 bilby WARNING : Failed to create dynesty state plot at checkpoint
/scratch/pratyusava.baral/Modified_Dispersion/src/dispersion/lib/python3.11/site-packages/dynesty/plotting.py:252: RuntimeWarning: overflow encountered in exp
  np.exp(logwt), logz if logplot else np.exp(logz)
/scratch/pratyusava.baral/Modified_Dispersion/src/dispersion/lib/python3.11/site-packages/dynesty/plotting.py:282: RuntimeWarning: overflow encountered in exp
  zspan = (0., 1.05 * np.exp(logz[-1] + 3. * logzerr[-1]))
20:42 bilby WARNING : Axis limits cannot be NaN or Inf
20:42 bilby WARNING : Failed to create dynesty run plot at checkpoint
20:52 bilby INFO    : Written checkpoint file /scratch/pratyusava.baral/Modified_Dispersion/bilby/run_directory/CE_1p0MW_AplusCoat_flow10/A0/results/6/None_resume.pickle
20:52 bilby WARNING : The data appears to lie in a lower-dimensional subspace of the space in which it is expressed. This has resulted in a singular data covariance matrix, which cannot be treated using the algorithms implemented in `gaussian_kde`. Consider performing principle component analysis / dimensionality reduction and using `gaussian_kde` with the transformed data.
20:52 bilby WARNING : Failed to create dynesty state plot at checkpoint
20:52 bilby WARNING : The data appears to lie in a lower-dimensional subspace of the space in which it is expressed. This has resulted in a singular data covariance matrix, which cannot be treated using the algorithms implemented in `gaussian_kde`. Consider performing principle component analysis / dimensionality reduction and using `gaussian_kde` with the transformed data.
20:52 bilby WARNING : Failed to create dynesty unit state plot at checkpoint
/scratch/pratyusava.baral/Modified_Dispersion/src/dispersion/lib/python3.11/site-packages/dynesty/plotting.py:252: RuntimeWarning: overflow encountered in exp
  np.exp(logwt), logz if logplot else np.exp(logz)
20:52 bilby WARNING : The data appears to lie in a lower-dimensional subspace of the space in which it is expressed. This has resulted in a singular data covariance matrix, which cannot be treated using the algorithms implemented in `gaussian_kde`. Consider performing principle component analysis / dimensionality reduction and using `gaussian_kde` with the transformed data.
20:52 bilby WARNING : Failed to create dynesty run plot at checkpoint
21:05 bilby INFO    : Written checkpoint file /scratch/pratyusava.baral/Modified_Dispersion/bilby/run_directory/CE_1p0MW_AplusCoat_flow10/A0/results/6/None_resume.pickle
21:05 bilby WARNING : Too many bins for data range. Cannot create 500 finite-sized bins.
21:05 bilby WARNING : Failed to create dynesty state plot at checkpoint
/scratch/pratyusava.baral/Modified_Dispersion/src/dispersion/lib/python3.11/site-packages/dynesty/plotting.py:252: RuntimeWarning: overflow encountered in exp
  np.exp(logwt), logz if logplot else np.exp(logz)
/scratch/pratyusava.baral/Modified_Dispersion/src/dispersion/lib/python3.11/site-packages/dynesty/plotting.py:282: RuntimeWarning: overflow encountered in exp
  zspan = (0., 1.05 * np.exp(logz[-1] + 3. * logzerr[-1]))
21:05 bilby WARNING : Axis limits cannot be NaN or Inf
21:05 bilby WARNING : Failed to create dynesty run plot at checkpoint
21:17 bilby INFO    : Written checkpoint file /scratch/pratyusava.baral/Modified_Dispersion/bilby/run_directory/CE_1p0MW_AplusCoat_flow10/A0/results/6/None_resume.pickle
21:17 bilby WARNING : Too many bins for data range. Cannot create 500 finite-sized bins.
21:17 bilby WARNING : Failed to create dynesty state plot at checkpoint
/scratch/pratyusava.baral/Modified_Dispersion/src/dispersion/lib/python3.11/site-packages/dynesty/plotting.py:252: RuntimeWarning: overflow encountered in exp
  np.exp(logwt), logz if logplot else np.exp(logz)
/scratch/pratyusava.baral/Modified_Dispersion/src/dispersion/lib/python3.11/site-packages/dynesty/plotting.py:282: RuntimeWarning: overflow encountered in exp
  zspan = (0., 1.05 * np.exp(logz[-1] + 3. * logzerr[-1]))
21:18 bilby WARNING : Axis limits cannot be NaN or Inf
21:18 bilby WARNING : Failed to create dynesty run plot at checkpoint
21:30 bilby INFO    : Written checkpoint file /scratch/pratyusava.baral/Modified_Dispersion/bilby/run_directory/CE_1p0MW_AplusCoat_flow10/A0/results/6/None_resume.pickle
21:30 bilby WARNING : Too many bins for data range. Cannot create 500 finite-sized bins.
21:30 bilby WARNING : Failed to create dynesty state plot at checkpoint
/scratch/pratyusava.baral/Modified_Dispersion/src/dispersion/lib/python3.11/site-packages/dynesty/plotting.py:252: RuntimeWarning: overflow encountered in exp
  np.exp(logwt), logz if logplot else np.exp(logz)
/scratch/pratyusava.baral/Modified_Dispersion/src/dispersion/lib/python3.11/site-packages/dynesty/plotting.py:282: RuntimeWarning: overflow encountered in exp
  zspan = (0., 1.05 * np.exp(logz[-1] + 3. * logzerr[-1]))
21:30 bilby WARNING : Axis limits cannot be NaN or Inf
21:30 bilby WARNING : Failed to create dynesty run plot at checkpoint
21:43 bilby INFO    : Written checkpoint file /scratch/pratyusava.baral/Modified_Dispersion/bilby/run_directory/CE_1p0MW_AplusCoat_flow10/A0/results/6/None_resume.pickle
21:43 bilby WARNING : Too many bins for data range. Cannot create 500 finite-sized bins.
21:43 bilby WARNING : Failed to create dynesty state plot at checkpoint
/scratch/pratyusava.baral/Modified_Dispersion/src/dispersion/lib/python3.11/site-packages/dynesty/plotting.py:252: RuntimeWarning: overflow encountered in exp
  np.exp(logwt), logz if logplot else np.exp(logz)
/scratch/pratyusava.baral/Modified_Dispersion/src/dispersion/lib/python3.11/site-packages/dynesty/plotting.py:282: RuntimeWarning: overflow encountered in exp
  zspan = (0., 1.05 * np.exp(logz[-1] + 3. * logzerr[-1]))
21:43 bilby WARNING : Axis limits cannot be NaN or Inf
21:43 bilby WARNING : Failed to create dynesty run plot at checkpoint
21:54 bilby INFO    : Written checkpoint file /scratch/pratyusava.baral/Modified_Dispersion/bilby/run_directory/CE_1p0MW_AplusCoat_flow10/A0/results/6/None_resume.pickle
21:54 bilby WARNING : Too many bins for data range. Cannot create 500 finite-sized bins.
21:54 bilby WARNING : Failed to create dynesty state plot at checkpoint
/scratch/pratyusava.baral/Modified_Dispersion/src/dispersion/lib/python3.11/site-packages/dynesty/plotting.py:252: RuntimeWarning: overflow encountered in exp
  np.exp(logwt), logz if logplot else np.exp(logz)
/scratch/pratyusava.baral/Modified_Dispersion/src/dispersion/lib/python3.11/site-packages/dynesty/plotting.py:282: RuntimeWarning: overflow encountered in exp
  zspan = (0., 1.05 * np.exp(logz[-1] + 3. * logzerr[-1]))
21:54 bilby WARNING : Axis limits cannot be NaN or Inf
21:54 bilby WARNING : Failed to create dynesty run plot at checkpoint
22:05 bilby INFO    : Written checkpoint file /scratch/pratyusava.baral/Modified_Dispersion/bilby/run_directory/CE_1p0MW_AplusCoat_flow10/A0/results/6/None_resume.pickle
22:05 bilby WARNING : Too many bins for data range. Cannot create 500 finite-sized bins.
22:05 bilby WARNING : Failed to create dynesty state plot at checkpoint
/scratch/pratyusava.baral/Modified_Dispersion/src/dispersion/lib/python3.11/site-packages/dynesty/plotting.py:252: RuntimeWarning: overflow encountered in exp
  np.exp(logwt), logz if logplot else np.exp(logz)
/scratch/pratyusava.baral/Modified_Dispersion/src/dispersion/lib/python3.11/site-packages/dynesty/plotting.py:282: RuntimeWarning: overflow encountered in exp
  zspan = (0., 1.05 * np.exp(logz[-1] + 3. * logzerr[-1]))
22:05 bilby WARNING : Axis limits cannot be NaN or Inf
22:05 bilby WARNING : Failed to create dynesty run plot at checkpoint
22:18 bilby INFO    : Written checkpoint file /scratch/pratyusava.baral/Modified_Dispersion/bilby/run_directory/CE_1p0MW_AplusCoat_flow10/A0/results/6/None_resume.pickle
22:18 bilby WARNING : Too many bins for data range. Cannot create 500 finite-sized bins.
22:18 bilby WARNING : Failed to create dynesty state plot at checkpoint
/scratch/pratyusava.baral/Modified_Dispersion/src/dispersion/lib/python3.11/site-packages/dynesty/plotting.py:252: RuntimeWarning: overflow encountered in exp
  np.exp(logwt), logz if logplot else np.exp(logz)
/scratch/pratyusava.baral/Modified_Dispersion/src/dispersion/lib/python3.11/site-packages/dynesty/plotting.py:282: RuntimeWarning: overflow encountered in exp
  zspan = (0., 1.05 * np.exp(logz[-1] + 3. * logzerr[-1]))
22:18 bilby WARNING : Axis limits cannot be NaN or Inf
22:18 bilby WARNING : Failed to create dynesty run plot at checkpoint
22:29 bilby INFO    : Written checkpoint file /scratch/pratyusava.baral/Modified_Dispersion/bilby/run_directory/CE_1p0MW_AplusCoat_flow10/A0/results/6/None_resume.pickle
22:29 bilby WARNING : Too many bins for data range. Cannot create 500 finite-sized bins.
22:29 bilby WARNING : Failed to create dynesty state plot at checkpoint
/scratch/pratyusava.baral/Modified_Dispersion/src/dispersion/lib/python3.11/site-packages/dynesty/plotting.py:252: RuntimeWarning: overflow encountered in exp
  np.exp(logwt), logz if logplot else np.exp(logz)
/scratch/pratyusava.baral/Modified_Dispersion/src/dispersion/lib/python3.11/site-packages/dynesty/plotting.py:282: RuntimeWarning: overflow encountered in exp
  zspan = (0., 1.05 * np.exp(logz[-1] + 3. * logzerr[-1]))
22:29 bilby WARNING : Axis limits cannot be NaN or Inf
22:29 bilby WARNING : Failed to create dynesty run plot at checkpoint
22:41 bilby INFO    : Written checkpoint file /scratch/pratyusava.baral/Modified_Dispersion/bilby/run_directory/CE_1p0MW_AplusCoat_flow10/A0/results/6/None_resume.pickle
22:41 bilby WARNING : Too many bins for data range. Cannot create 500 finite-sized bins.
22:41 bilby WARNING : Failed to create dynesty state plot at checkpoint
/scratch/pratyusava.baral/Modified_Dispersion/src/dispersion/lib/python3.11/site-packages/dynesty/plotting.py:252: RuntimeWarning: overflow encountered in exp
  np.exp(logwt), logz if logplot else np.exp(logz)
/scratch/pratyusava.baral/Modified_Dispersion/src/dispersion/lib/python3.11/site-packages/dynesty/plotting.py:282: RuntimeWarning: overflow encountered in exp
  zspan = (0., 1.05 * np.exp(logz[-1] + 3. * logzerr[-1]))
22:41 bilby WARNING : Axis limits cannot be NaN or Inf
22:41 bilby WARNING : Failed to create dynesty run plot at checkpoint
22:52 bilby INFO    : Written checkpoint file /scratch/pratyusava.baral/Modified_Dispersion/bilby/run_directory/CE_1p0MW_AplusCoat_flow10/A0/results/6/None_resume.pickle
22:52 bilby WARNING : Too many bins for data range. Cannot create 500 finite-sized bins.
22:52 bilby WARNING : Failed to create dynesty state plot at checkpoint
/scratch/pratyusava.baral/Modified_Dispersion/src/dispersion/lib/python3.11/site-packages/dynesty/plotting.py:252: RuntimeWarning: overflow encountered in exp
  np.exp(logwt), logz if logplot else np.exp(logz)
/scratch/pratyusava.baral/Modified_Dispersion/src/dispersion/lib/python3.11/site-packages/dynesty/plotting.py:282: RuntimeWarning: overflow encountered in exp
  zspan = (0., 1.05 * np.exp(logz[-1] + 3. * logzerr[-1]))
22:52 bilby WARNING : Axis limits cannot be NaN or Inf
22:52 bilby WARNING : Failed to create dynesty run plot at checkpoint
23:03 bilby INFO    : Written checkpoint file /scratch/pratyusava.baral/Modified_Dispersion/bilby/run_directory/CE_1p0MW_AplusCoat_flow10/A0/results/6/None_resume.pickle
23:03 bilby WARNING : Too many bins for data range. Cannot create 500 finite-sized bins.
23:03 bilby WARNING : Failed to create dynesty state plot at checkpoint
/scratch/pratyusava.baral/Modified_Dispersion/src/dispersion/lib/python3.11/site-packages/dynesty/plotting.py:252: RuntimeWarning: overflow encountered in exp
  np.exp(logwt), logz if logplot else np.exp(logz)
/scratch/pratyusava.baral/Modified_Dispersion/src/dispersion/lib/python3.11/site-packages/dynesty/plotting.py:282: RuntimeWarning: overflow encountered in exp
  zspan = (0., 1.05 * np.exp(logz[-1] + 3. * logzerr[-1]))
23:03 bilby WARNING : Axis limits cannot be NaN or Inf
23:03 bilby WARNING : Failed to create dynesty run plot at checkpoint
23:15 bilby INFO    : Written checkpoint file /scratch/pratyusava.baral/Modified_Dispersion/bilby/run_directory/CE_1p0MW_AplusCoat_flow10/A0/results/6/None_resume.pickle
23:15 bilby WARNING : The data appears to lie in a lower-dimensional subspace of the space in which it is expressed. This has resulted in a singular data covariance matrix, which cannot be treated using the algorithms implemented in `gaussian_kde`. Consider performing principle component analysis / dimensionality reduction and using `gaussian_kde` with the transformed data.
23:15 bilby WARNING : Failed to create dynesty state plot at checkpoint
23:15 bilby WARNING : The data appears to lie in a lower-dimensional subspace of the space in which it is expressed. This has resulted in a singular data covariance matrix, which cannot be treated using the algorithms implemented in `gaussian_kde`. Consider performing principle component analysis / dimensionality reduction and using `gaussian_kde` with the transformed data.
23:15 bilby WARNING : Failed to create dynesty unit state plot at checkpoint
/scratch/pratyusava.baral/Modified_Dispersion/src/dispersion/lib/python3.11/site-packages/dynesty/plotting.py:252: RuntimeWarning: overflow encountered in exp
  np.exp(logwt), logz if logplot else np.exp(logz)
23:15 bilby WARNING : The data appears to lie in a lower-dimensional subspace of the space in which it is expressed. This has resulted in a singular data covariance matrix, which cannot be treated using the algorithms implemented in `gaussian_kde`. Consider performing principle component analysis / dimensionality reduction and using `gaussian_kde` with the transformed data.
23:15 bilby WARNING : Failed to create dynesty run plot at checkpoint
23:27 bilby INFO    : Written checkpoint file /scratch/pratyusava.baral/Modified_Dispersion/bilby/run_directory/CE_1p0MW_AplusCoat_flow10/A0/results/6/None_resume.pickle
23:27 bilby WARNING : Too many bins for data range. Cannot create 500 finite-sized bins.
23:27 bilby WARNING : Failed to create dynesty state plot at checkpoint
/scratch/pratyusava.baral/Modified_Dispersion/src/dispersion/lib/python3.11/site-packages/dynesty/plotting.py:252: RuntimeWarning: overflow encountered in exp
  np.exp(logwt), logz if logplot else np.exp(logz)
/scratch/pratyusava.baral/Modified_Dispersion/src/dispersion/lib/python3.11/site-packages/dynesty/plotting.py:282: RuntimeWarning: overflow encountered in exp
  zspan = (0., 1.05 * np.exp(logz[-1] + 3. * logzerr[-1]))
23:27 bilby WARNING : Axis limits cannot be NaN or Inf
23:27 bilby WARNING : Failed to create dynesty run plot at checkpoint
23:39 bilby INFO    : Written checkpoint file /scratch/pratyusava.baral/Modified_Dispersion/bilby/run_directory/CE_1p0MW_AplusCoat_flow10/A0/results/6/None_resume.pickle
23:39 bilby WARNING : Too many bins for data range. Cannot create 500 finite-sized bins.
23:39 bilby WARNING : Failed to create dynesty state plot at checkpoint
/scratch/pratyusava.baral/Modified_Dispersion/src/dispersion/lib/python3.11/site-packages/dynesty/plotting.py:252: RuntimeWarning: overflow encountered in exp
  np.exp(logwt), logz if logplot else np.exp(logz)
/scratch/pratyusava.baral/Modified_Dispersion/src/dispersion/lib/python3.11/site-packages/dynesty/plotting.py:282: RuntimeWarning: overflow encountered in exp
  zspan = (0., 1.05 * np.exp(logz[-1] + 3. * logzerr[-1]))
23:39 bilby WARNING : Axis limits cannot be NaN or Inf
23:39 bilby WARNING : Failed to create dynesty run plot at checkpoint
23:51 bilby INFO    : Written checkpoint file /scratch/pratyusava.baral/Modified_Dispersion/bilby/run_directory/CE_1p0MW_AplusCoat_flow10/A0/results/6/None_resume.pickle
23:51 bilby WARNING : Too many bins for data range. Cannot create 500 finite-sized bins.
23:51 bilby WARNING : Failed to create dynesty state plot at checkpoint
/scratch/pratyusava.baral/Modified_Dispersion/src/dispersion/lib/python3.11/site-packages/dynesty/plotting.py:252: RuntimeWarning: overflow encountered in exp
  np.exp(logwt), logz if logplot else np.exp(logz)
/scratch/pratyusava.baral/Modified_Dispersion/src/dispersion/lib/python3.11/site-packages/dynesty/plotting.py:282: RuntimeWarning: overflow encountered in exp
  zspan = (0., 1.05 * np.exp(logz[-1] + 3. * logzerr[-1]))
23:52 bilby WARNING : Axis limits cannot be NaN or Inf
23:52 bilby WARNING : Failed to create dynesty run plot at checkpoint
00:02 bilby INFO    : Written checkpoint file /scratch/pratyusava.baral/Modified_Dispersion/bilby/run_directory/CE_1p0MW_AplusCoat_flow10/A0/results/6/None_resume.pickle
00:02 bilby WARNING : Too many bins for data range. Cannot create 500 finite-sized bins.
00:02 bilby WARNING : Failed to create dynesty state plot at checkpoint
/scratch/pratyusava.baral/Modified_Dispersion/src/dispersion/lib/python3.11/site-packages/dynesty/plotting.py:252: RuntimeWarning: overflow encountered in exp
  np.exp(logwt), logz if logplot else np.exp(logz)
/scratch/pratyusava.baral/Modified_Dispersion/src/dispersion/lib/python3.11/site-packages/dynesty/plotting.py:282: RuntimeWarning: overflow encountered in exp
  zspan = (0., 1.05 * np.exp(logz[-1] + 3. * logzerr[-1]))
00:02 bilby WARNING : Axis limits cannot be NaN or Inf
00:02 bilby WARNING : Failed to create dynesty run plot at checkpoint
00:14 bilby INFO    : Written checkpoint file /scratch/pratyusava.baral/Modified_Dispersion/bilby/run_directory/CE_1p0MW_AplusCoat_flow10/A0/results/6/None_resume.pickle
00:14 bilby WARNING : Too many bins for data range. Cannot create 500 finite-sized bins.
00:14 bilby WARNING : Failed to create dynesty state plot at checkpoint
/scratch/pratyusava.baral/Modified_Dispersion/src/dispersion/lib/python3.11/site-packages/dynesty/plotting.py:252: RuntimeWarning: overflow encountered in exp
  np.exp(logwt), logz if logplot else np.exp(logz)
/scratch/pratyusava.baral/Modified_Dispersion/src/dispersion/lib/python3.11/site-packages/dynesty/plotting.py:282: RuntimeWarning: overflow encountered in exp
  zspan = (0., 1.05 * np.exp(logz[-1] + 3. * logzerr[-1]))
00:14 bilby WARNING : Axis limits cannot be NaN or Inf
00:14 bilby WARNING : Failed to create dynesty run plot at checkpoint
00:25 bilby INFO    : Written checkpoint file /scratch/pratyusava.baral/Modified_Dispersion/bilby/run_directory/CE_1p0MW_AplusCoat_flow10/A0/results/6/None_resume.pickle
00:25 bilby WARNING : Too many bins for data range. Cannot create 500 finite-sized bins.
00:25 bilby WARNING : Failed to create dynesty state plot at checkpoint
/scratch/pratyusava.baral/Modified_Dispersion/src/dispersion/lib/python3.11/site-packages/dynesty/plotting.py:252: RuntimeWarning: overflow encountered in exp
  np.exp(logwt), logz if logplot else np.exp(logz)
/scratch/pratyusava.baral/Modified_Dispersion/src/dispersion/lib/python3.11/site-packages/dynesty/plotting.py:282: RuntimeWarning: overflow encountered in exp
  zspan = (0., 1.05 * np.exp(logz[-1] + 3. * logzerr[-1]))
00:25 bilby WARNING : Axis limits cannot be NaN or Inf
00:25 bilby WARNING : Failed to create dynesty run plot at checkpoint
00:35 bilby INFO    : Written checkpoint file /scratch/pratyusava.baral/Modified_Dispersion/bilby/run_directory/CE_1p0MW_AplusCoat_flow10/A0/results/6/None_resume.pickle
00:35 bilby WARNING : Too many bins for data range. Cannot create 500 finite-sized bins.
00:35 bilby WARNING : Failed to create dynesty state plot at checkpoint
/scratch/pratyusava.baral/Modified_Dispersion/src/dispersion/lib/python3.11/site-packages/dynesty/plotting.py:252: RuntimeWarning: overflow encountered in exp
  np.exp(logwt), logz if logplot else np.exp(logz)
/scratch/pratyusava.baral/Modified_Dispersion/src/dispersion/lib/python3.11/site-packages/dynesty/plotting.py:282: RuntimeWarning: overflow encountered in exp
  zspan = (0., 1.05 * np.exp(logz[-1] + 3. * logzerr[-1]))
00:35 bilby WARNING : Axis limits cannot be NaN or Inf
00:35 bilby WARNING : Failed to create dynesty run plot at checkpoint
00:46 bilby INFO    : Written checkpoint file /scratch/pratyusava.baral/Modified_Dispersion/bilby/run_directory/CE_1p0MW_AplusCoat_flow10/A0/results/6/None_resume.pickle
00:46 bilby WARNING : Too many bins for data range. Cannot create 500 finite-sized bins.
00:46 bilby WARNING : Failed to create dynesty state plot at checkpoint
/scratch/pratyusava.baral/Modified_Dispersion/src/dispersion/lib/python3.11/site-packages/dynesty/plotting.py:252: RuntimeWarning: overflow encountered in exp
  np.exp(logwt), logz if logplot else np.exp(logz)
/scratch/pratyusava.baral/Modified_Dispersion/src/dispersion/lib/python3.11/site-packages/dynesty/plotting.py:282: RuntimeWarning: overflow encountered in exp
  zspan = (0., 1.05 * np.exp(logz[-1] + 3. * logzerr[-1]))
00:46 bilby WARNING : Axis limits cannot be NaN or Inf
00:46 bilby WARNING : Failed to create dynesty run plot at checkpoint
00:59 bilby INFO    : Written checkpoint file /scratch/pratyusava.baral/Modified_Dispersion/bilby/run_directory/CE_1p0MW_AplusCoat_flow10/A0/results/6/None_resume.pickle
00:59 bilby WARNING : Too many bins for data range. Cannot create 500 finite-sized bins.
00:59 bilby WARNING : Failed to create dynesty state plot at checkpoint
/scratch/pratyusava.baral/Modified_Dispersion/src/dispersion/lib/python3.11/site-packages/dynesty/plotting.py:252: RuntimeWarning: overflow encountered in exp
  np.exp(logwt), logz if logplot else np.exp(logz)
/scratch/pratyusava.baral/Modified_Dispersion/src/dispersion/lib/python3.11/site-packages/dynesty/plotting.py:282: RuntimeWarning: overflow encountered in exp
  zspan = (0., 1.05 * np.exp(logz[-1] + 3. * logzerr[-1]))
00:59 bilby WARNING : Axis limits cannot be NaN or Inf
00:59 bilby WARNING : Failed to create dynesty run plot at checkpoint
01:09 bilby INFO    : Written checkpoint file /scratch/pratyusava.baral/Modified_Dispersion/bilby/run_directory/CE_1p0MW_AplusCoat_flow10/A0/results/6/None_resume.pickle
01:09 bilby WARNING : Too many bins for data range. Cannot create 500 finite-sized bins.
01:09 bilby WARNING : Failed to create dynesty state plot at checkpoint
/scratch/pratyusava.baral/Modified_Dispersion/src/dispersion/lib/python3.11/site-packages/dynesty/plotting.py:252: RuntimeWarning: overflow encountered in exp
  np.exp(logwt), logz if logplot else np.exp(logz)
/scratch/pratyusava.baral/Modified_Dispersion/src/dispersion/lib/python3.11/site-packages/dynesty/plotting.py:282: RuntimeWarning: overflow encountered in exp
  zspan = (0., 1.05 * np.exp(logz[-1] + 3. * logzerr[-1]))
01:09 bilby WARNING : Axis limits cannot be NaN or Inf
01:09 bilby WARNING : Failed to create dynesty run plot at checkpoint
01:22 bilby INFO    : Written checkpoint file /scratch/pratyusava.baral/Modified_Dispersion/bilby/run_directory/CE_1p0MW_AplusCoat_flow10/A0/results/6/None_resume.pickle
01:22 bilby WARNING : Too many bins for data range. Cannot create 500 finite-sized bins.
01:22 bilby WARNING : Failed to create dynesty state plot at checkpoint
/scratch/pratyusava.baral/Modified_Dispersion/src/dispersion/lib/python3.11/site-packages/dynesty/plotting.py:252: RuntimeWarning: overflow encountered in exp
  np.exp(logwt), logz if logplot else np.exp(logz)
/scratch/pratyusava.baral/Modified_Dispersion/src/dispersion/lib/python3.11/site-packages/dynesty/plotting.py:282: RuntimeWarning: overflow encountered in exp
  zspan = (0., 1.05 * np.exp(logz[-1] + 3. * logzerr[-1]))
01:22 bilby WARNING : Axis limits cannot be NaN or Inf
01:22 bilby WARNING : Failed to create dynesty run plot at checkpoint
01:32 bilby INFO    : Written checkpoint file /scratch/pratyusava.baral/Modified_Dispersion/bilby/run_directory/CE_1p0MW_AplusCoat_flow10/A0/results/6/None_resume.pickle
01:32 bilby WARNING : Too many bins for data range. Cannot create 500 finite-sized bins.
01:32 bilby WARNING : Failed to create dynesty state plot at checkpoint
/scratch/pratyusava.baral/Modified_Dispersion/src/dispersion/lib/python3.11/site-packages/dynesty/plotting.py:252: RuntimeWarning: overflow encountered in exp
  np.exp(logwt), logz if logplot else np.exp(logz)
/scratch/pratyusava.baral/Modified_Dispersion/src/dispersion/lib/python3.11/site-packages/dynesty/plotting.py:282: RuntimeWarning: overflow encountered in exp
  zspan = (0., 1.05 * np.exp(logz[-1] + 3. * logzerr[-1]))
01:32 bilby WARNING : Axis limits cannot be NaN or Inf
01:32 bilby WARNING : Failed to create dynesty run plot at checkpoint
01:44 bilby INFO    : Written checkpoint file /scratch/pratyusava.baral/Modified_Dispersion/bilby/run_directory/CE_1p0MW_AplusCoat_flow10/A0/results/6/None_resume.pickle
01:44 bilby WARNING : Too many bins for data range. Cannot create 500 finite-sized bins.
01:44 bilby WARNING : Failed to create dynesty state plot at checkpoint
/scratch/pratyusava.baral/Modified_Dispersion/src/dispersion/lib/python3.11/site-packages/dynesty/plotting.py:252: RuntimeWarning: overflow encountered in exp
  np.exp(logwt), logz if logplot else np.exp(logz)
/scratch/pratyusava.baral/Modified_Dispersion/src/dispersion/lib/python3.11/site-packages/dynesty/plotting.py:282: RuntimeWarning: overflow encountered in exp
  zspan = (0., 1.05 * np.exp(logz[-1] + 3. * logzerr[-1]))
01:44 bilby WARNING : Axis limits cannot be NaN or Inf
01:44 bilby WARNING : Failed to create dynesty run plot at checkpoint
01:57 bilby INFO    : Written checkpoint file /scratch/pratyusava.baral/Modified_Dispersion/bilby/run_directory/CE_1p0MW_AplusCoat_flow10/A0/results/6/None_resume.pickle
01:57 bilby WARNING : Too many bins for data range. Cannot create 500 finite-sized bins.
01:57 bilby WARNING : Failed to create dynesty state plot at checkpoint
/scratch/pratyusava.baral/Modified_Dispersion/src/dispersion/lib/python3.11/site-packages/dynesty/plotting.py:252: RuntimeWarning: overflow encountered in exp
  np.exp(logwt), logz if logplot else np.exp(logz)
/scratch/pratyusava.baral/Modified_Dispersion/src/dispersion/lib/python3.11/site-packages/dynesty/plotting.py:282: RuntimeWarning: overflow encountered in exp
  zspan = (0., 1.05 * np.exp(logz[-1] + 3. * logzerr[-1]))
01:57 bilby WARNING : Axis limits cannot be NaN or Inf
01:57 bilby WARNING : Failed to create dynesty run plot at checkpoint
02:09 bilby INFO    : Written checkpoint file /scratch/pratyusava.baral/Modified_Dispersion/bilby/run_directory/CE_1p0MW_AplusCoat_flow10/A0/results/6/None_resume.pickle
02:09 bilby WARNING : Too many bins for data range. Cannot create 500 finite-sized bins.
02:09 bilby WARNING : Failed to create dynesty state plot at checkpoint
/scratch/pratyusava.baral/Modified_Dispersion/src/dispersion/lib/python3.11/site-packages/dynesty/plotting.py:252: RuntimeWarning: overflow encountered in exp
  np.exp(logwt), logz if logplot else np.exp(logz)
/scratch/pratyusava.baral/Modified_Dispersion/src/dispersion/lib/python3.11/site-packages/dynesty/plotting.py:282: RuntimeWarning: overflow encountered in exp
  zspan = (0., 1.05 * np.exp(logz[-1] + 3. * logzerr[-1]))
02:09 bilby WARNING : Axis limits cannot be NaN or Inf
02:09 bilby WARNING : Failed to create dynesty run plot at checkpoint
02:19 bilby INFO    : Written checkpoint file /scratch/pratyusava.baral/Modified_Dispersion/bilby/run_directory/CE_1p0MW_AplusCoat_flow10/A0/results/6/None_resume.pickle
02:19 bilby WARNING : Too many bins for data range. Cannot create 500 finite-sized bins.
02:19 bilby WARNING : Failed to create dynesty state plot at checkpoint
/scratch/pratyusava.baral/Modified_Dispersion/src/dispersion/lib/python3.11/site-packages/dynesty/plotting.py:252: RuntimeWarning: overflow encountered in exp
  np.exp(logwt), logz if logplot else np.exp(logz)
/scratch/pratyusava.baral/Modified_Dispersion/src/dispersion/lib/python3.11/site-packages/dynesty/plotting.py:282: RuntimeWarning: overflow encountered in exp
  zspan = (0., 1.05 * np.exp(logz[-1] + 3. * logzerr[-1]))
02:19 bilby WARNING : Axis limits cannot be NaN or Inf
02:19 bilby WARNING : Failed to create dynesty run plot at checkpoint
02:31 bilby INFO    : Written checkpoint file /scratch/pratyusava.baral/Modified_Dispersion/bilby/run_directory/CE_1p0MW_AplusCoat_flow10/A0/results/6/None_resume.pickle
02:31 bilby WARNING : Too many bins for data range. Cannot create 500 finite-sized bins.
02:31 bilby WARNING : Failed to create dynesty state plot at checkpoint
/scratch/pratyusava.baral/Modified_Dispersion/src/dispersion/lib/python3.11/site-packages/dynesty/plotting.py:252: RuntimeWarning: overflow encountered in exp
  np.exp(logwt), logz if logplot else np.exp(logz)
/scratch/pratyusava.baral/Modified_Dispersion/src/dispersion/lib/python3.11/site-packages/dynesty/plotting.py:282: RuntimeWarning: overflow encountered in exp
  zspan = (0., 1.05 * np.exp(logz[-1] + 3. * logzerr[-1]))
02:31 bilby WARNING : Axis limits cannot be NaN or Inf
02:31 bilby WARNING : Failed to create dynesty run plot at checkpoint
02:41 bilby INFO    : Written checkpoint file /scratch/pratyusava.baral/Modified_Dispersion/bilby/run_directory/CE_1p0MW_AplusCoat_flow10/A0/results/6/None_resume.pickle
02:41 bilby WARNING : Too many bins for data range. Cannot create 500 finite-sized bins.
02:41 bilby WARNING : Failed to create dynesty state plot at checkpoint
/scratch/pratyusava.baral/Modified_Dispersion/src/dispersion/lib/python3.11/site-packages/dynesty/plotting.py:252: RuntimeWarning: overflow encountered in exp
  np.exp(logwt), logz if logplot else np.exp(logz)
/scratch/pratyusava.baral/Modified_Dispersion/src/dispersion/lib/python3.11/site-packages/dynesty/plotting.py:282: RuntimeWarning: overflow encountered in exp
  zspan = (0., 1.05 * np.exp(logz[-1] + 3. * logzerr[-1]))
02:41 bilby WARNING : Axis limits cannot be NaN or Inf
02:41 bilby WARNING : Failed to create dynesty run plot at checkpoint
02:52 bilby INFO    : Written checkpoint file /scratch/pratyusava.baral/Modified_Dispersion/bilby/run_directory/CE_1p0MW_AplusCoat_flow10/A0/results/6/None_resume.pickle
02:52 bilby WARNING : Too many bins for data range. Cannot create 500 finite-sized bins.
02:52 bilby WARNING : Failed to create dynesty state plot at checkpoint
/scratch/pratyusava.baral/Modified_Dispersion/src/dispersion/lib/python3.11/site-packages/dynesty/plotting.py:252: RuntimeWarning: overflow encountered in exp
  np.exp(logwt), logz if logplot else np.exp(logz)
/scratch/pratyusava.baral/Modified_Dispersion/src/dispersion/lib/python3.11/site-packages/dynesty/plotting.py:282: RuntimeWarning: overflow encountered in exp
  zspan = (0., 1.05 * np.exp(logz[-1] + 3. * logzerr[-1]))
02:52 bilby WARNING : Axis limits cannot be NaN or Inf
02:52 bilby WARNING : Failed to create dynesty run plot at checkpoint
03:02 bilby INFO    : Written checkpoint file /scratch/pratyusava.baral/Modified_Dispersion/bilby/run_directory/CE_1p0MW_AplusCoat_flow10/A0/results/6/None_resume.pickle
03:02 bilby WARNING : Too many bins for data range. Cannot create 500 finite-sized bins.
03:02 bilby WARNING : Failed to create dynesty state plot at checkpoint
/scratch/pratyusava.baral/Modified_Dispersion/src/dispersion/lib/python3.11/site-packages/dynesty/plotting.py:252: RuntimeWarning: overflow encountered in exp
  np.exp(logwt), logz if logplot else np.exp(logz)
/scratch/pratyusava.baral/Modified_Dispersion/src/dispersion/lib/python3.11/site-packages/dynesty/plotting.py:282: RuntimeWarning: overflow encountered in exp
  zspan = (0., 1.05 * np.exp(logz[-1] + 3. * logzerr[-1]))
03:02 bilby WARNING : Axis limits cannot be NaN or Inf
03:02 bilby WARNING : Failed to create dynesty run plot at checkpoint
03:13 bilby INFO    : Written checkpoint file /scratch/pratyusava.baral/Modified_Dispersion/bilby/run_directory/CE_1p0MW_AplusCoat_flow10/A0/results/6/None_resume.pickle
03:13 bilby WARNING : Too many bins for data range. Cannot create 500 finite-sized bins.
03:13 bilby WARNING : Failed to create dynesty state plot at checkpoint
/scratch/pratyusava.baral/Modified_Dispersion/src/dispersion/lib/python3.11/site-packages/dynesty/plotting.py:252: RuntimeWarning: overflow encountered in exp
  np.exp(logwt), logz if logplot else np.exp(logz)
/scratch/pratyusava.baral/Modified_Dispersion/src/dispersion/lib/python3.11/site-packages/dynesty/plotting.py:282: RuntimeWarning: overflow encountered in exp
  zspan = (0., 1.05 * np.exp(logz[-1] + 3. * logzerr[-1]))
03:13 bilby WARNING : Axis limits cannot be NaN or Inf
03:13 bilby WARNING : Failed to create dynesty run plot at checkpoint
03:24 bilby INFO    : Written checkpoint file /scratch/pratyusava.baral/Modified_Dispersion/bilby/run_directory/CE_1p0MW_AplusCoat_flow10/A0/results/6/None_resume.pickle
03:24 bilby WARNING : Too many bins for data range. Cannot create 500 finite-sized bins.
03:24 bilby WARNING : Failed to create dynesty state plot at checkpoint
/scratch/pratyusava.baral/Modified_Dispersion/src/dispersion/lib/python3.11/site-packages/dynesty/plotting.py:252: RuntimeWarning: overflow encountered in exp
  np.exp(logwt), logz if logplot else np.exp(logz)
/scratch/pratyusava.baral/Modified_Dispersion/src/dispersion/lib/python3.11/site-packages/dynesty/plotting.py:282: RuntimeWarning: overflow encountered in exp
  zspan = (0., 1.05 * np.exp(logz[-1] + 3. * logzerr[-1]))
03:24 bilby WARNING : Axis limits cannot be NaN or Inf
03:24 bilby WARNING : Failed to create dynesty run plot at checkpoint
03:36 bilby INFO    : Written checkpoint file /scratch/pratyusava.baral/Modified_Dispersion/bilby/run_directory/CE_1p0MW_AplusCoat_flow10/A0/results/6/None_resume.pickle
03:36 bilby WARNING : Too many bins for data range. Cannot create 500 finite-sized bins.
03:36 bilby WARNING : Failed to create dynesty state plot at checkpoint
/scratch/pratyusava.baral/Modified_Dispersion/src/dispersion/lib/python3.11/site-packages/dynesty/plotting.py:252: RuntimeWarning: overflow encountered in exp
  np.exp(logwt), logz if logplot else np.exp(logz)
/scratch/pratyusava.baral/Modified_Dispersion/src/dispersion/lib/python3.11/site-packages/dynesty/plotting.py:282: RuntimeWarning: overflow encountered in exp
  zspan = (0., 1.05 * np.exp(logz[-1] + 3. * logzerr[-1]))
03:36 bilby WARNING : Axis limits cannot be NaN or Inf
03:36 bilby WARNING : Failed to create dynesty run plot at checkpoint
03:47 bilby INFO    : Written checkpoint file /scratch/pratyusava.baral/Modified_Dispersion/bilby/run_directory/CE_1p0MW_AplusCoat_flow10/A0/results/6/None_resume.pickle
03:47 bilby WARNING : Too many bins for data range. Cannot create 500 finite-sized bins.
03:47 bilby WARNING : Failed to create dynesty state plot at checkpoint
/scratch/pratyusava.baral/Modified_Dispersion/src/dispersion/lib/python3.11/site-packages/dynesty/plotting.py:252: RuntimeWarning: overflow encountered in exp
  np.exp(logwt), logz if logplot else np.exp(logz)
/scratch/pratyusava.baral/Modified_Dispersion/src/dispersion/lib/python3.11/site-packages/dynesty/plotting.py:282: RuntimeWarning: overflow encountered in exp
  zspan = (0., 1.05 * np.exp(logz[-1] + 3. * logzerr[-1]))
03:47 bilby WARNING : Axis limits cannot be NaN or Inf
03:47 bilby WARNING : Failed to create dynesty run plot at checkpoint
03:58 bilby INFO    : Written checkpoint file /scratch/pratyusava.baral/Modified_Dispersion/bilby/run_directory/CE_1p0MW_AplusCoat_flow10/A0/results/6/None_resume.pickle
03:58 bilby WARNING : Too many bins for data range. Cannot create 500 finite-sized bins.
03:58 bilby WARNING : Failed to create dynesty state plot at checkpoint
/scratch/pratyusava.baral/Modified_Dispersion/src/dispersion/lib/python3.11/site-packages/dynesty/plotting.py:252: RuntimeWarning: overflow encountered in exp
  np.exp(logwt), logz if logplot else np.exp(logz)
/scratch/pratyusava.baral/Modified_Dispersion/src/dispersion/lib/python3.11/site-packages/dynesty/plotting.py:282: RuntimeWarning: overflow encountered in exp
  zspan = (0., 1.05 * np.exp(logz[-1] + 3. * logzerr[-1]))
03:58 bilby WARNING : Axis limits cannot be NaN or Inf
03:58 bilby WARNING : Failed to create dynesty run plot at checkpoint
04:08 bilby INFO    : Written checkpoint file /scratch/pratyusava.baral/Modified_Dispersion/bilby/run_directory/CE_1p0MW_AplusCoat_flow10/A0/results/6/None_resume.pickle
04:08 bilby WARNING : Too many bins for data range. Cannot create 500 finite-sized bins.
04:08 bilby WARNING : Failed to create dynesty state plot at checkpoint
/scratch/pratyusava.baral/Modified_Dispersion/src/dispersion/lib/python3.11/site-packages/dynesty/plotting.py:252: RuntimeWarning: overflow encountered in exp
  np.exp(logwt), logz if logplot else np.exp(logz)
/scratch/pratyusava.baral/Modified_Dispersion/src/dispersion/lib/python3.11/site-packages/dynesty/plotting.py:282: RuntimeWarning: overflow encountered in exp
  zspan = (0., 1.05 * np.exp(logz[-1] + 3. * logzerr[-1]))
04:08 bilby WARNING : Axis limits cannot be NaN or Inf
04:08 bilby WARNING : Failed to create dynesty run plot at checkpoint
04:23 bilby INFO    : Written checkpoint file /scratch/pratyusava.baral/Modified_Dispersion/bilby/run_directory/CE_1p0MW_AplusCoat_flow10/A0/results/6/None_resume.pickle
04:23 bilby WARNING : Too many bins for data range. Cannot create 500 finite-sized bins.
04:23 bilby WARNING : Failed to create dynesty state plot at checkpoint
/scratch/pratyusava.baral/Modified_Dispersion/src/dispersion/lib/python3.11/site-packages/dynesty/plotting.py:252: RuntimeWarning: overflow encountered in exp
  np.exp(logwt), logz if logplot else np.exp(logz)
/scratch/pratyusava.baral/Modified_Dispersion/src/dispersion/lib/python3.11/site-packages/dynesty/plotting.py:282: RuntimeWarning: overflow encountered in exp
  zspan = (0., 1.05 * np.exp(logz[-1] + 3. * logzerr[-1]))
04:23 bilby WARNING : Axis limits cannot be NaN or Inf
04:23 bilby WARNING : Failed to create dynesty run plot at checkpoint
04:34 bilby INFO    : Written checkpoint file /scratch/pratyusava.baral/Modified_Dispersion/bilby/run_directory/CE_1p0MW_AplusCoat_flow10/A0/results/6/None_resume.pickle
04:34 bilby WARNING : Too many bins for data range. Cannot create 500 finite-sized bins.
04:34 bilby WARNING : Failed to create dynesty state plot at checkpoint
/scratch/pratyusava.baral/Modified_Dispersion/src/dispersion/lib/python3.11/site-packages/dynesty/plotting.py:252: RuntimeWarning: overflow encountered in exp
  np.exp(logwt), logz if logplot else np.exp(logz)
/scratch/pratyusava.baral/Modified_Dispersion/src/dispersion/lib/python3.11/site-packages/dynesty/plotting.py:282: RuntimeWarning: overflow encountered in exp
  zspan = (0., 1.05 * np.exp(logz[-1] + 3. * logzerr[-1]))
04:34 bilby WARNING : Axis limits cannot be NaN or Inf
04:34 bilby WARNING : Failed to create dynesty run plot at checkpoint
04:46 bilby INFO    : Written checkpoint file /scratch/pratyusava.baral/Modified_Dispersion/bilby/run_directory/CE_1p0MW_AplusCoat_flow10/A0/results/6/None_resume.pickle
04:46 bilby WARNING : Too many bins for data range. Cannot create 500 finite-sized bins.
04:46 bilby WARNING : Failed to create dynesty state plot at checkpoint
/scratch/pratyusava.baral/Modified_Dispersion/src/dispersion/lib/python3.11/site-packages/dynesty/plotting.py:252: RuntimeWarning: overflow encountered in exp
  np.exp(logwt), logz if logplot else np.exp(logz)
/scratch/pratyusava.baral/Modified_Dispersion/src/dispersion/lib/python3.11/site-packages/dynesty/plotting.py:282: RuntimeWarning: overflow encountered in exp
  zspan = (0., 1.05 * np.exp(logz[-1] + 3. * logzerr[-1]))
04:46 bilby WARNING : Axis limits cannot be NaN or Inf
04:46 bilby WARNING : Failed to create dynesty run plot at checkpoint
04:56 bilby INFO    : Written checkpoint file /scratch/pratyusava.baral/Modified_Dispersion/bilby/run_directory/CE_1p0MW_AplusCoat_flow10/A0/results/6/None_resume.pickle
04:56 bilby WARNING : Too many bins for data range. Cannot create 500 finite-sized bins.
04:56 bilby WARNING : Failed to create dynesty state plot at checkpoint
/scratch/pratyusava.baral/Modified_Dispersion/src/dispersion/lib/python3.11/site-packages/dynesty/plotting.py:252: RuntimeWarning: overflow encountered in exp
  np.exp(logwt), logz if logplot else np.exp(logz)
/scratch/pratyusava.baral/Modified_Dispersion/src/dispersion/lib/python3.11/site-packages/dynesty/plotting.py:282: RuntimeWarning: overflow encountered in exp
  zspan = (0., 1.05 * np.exp(logz[-1] + 3. * logzerr[-1]))
04:56 bilby WARNING : Axis limits cannot be NaN or Inf
04:56 bilby WARNING : Failed to create dynesty run plot at checkpoint
05:08 bilby INFO    : Written checkpoint file /scratch/pratyusava.baral/Modified_Dispersion/bilby/run_directory/CE_1p0MW_AplusCoat_flow10/A0/results/6/None_resume.pickle
05:08 bilby WARNING : Too many bins for data range. Cannot create 500 finite-sized bins.
05:08 bilby WARNING : Failed to create dynesty state plot at checkpoint
/scratch/pratyusava.baral/Modified_Dispersion/src/dispersion/lib/python3.11/site-packages/dynesty/plotting.py:252: RuntimeWarning: overflow encountered in exp
  np.exp(logwt), logz if logplot else np.exp(logz)
/scratch/pratyusava.baral/Modified_Dispersion/src/dispersion/lib/python3.11/site-packages/dynesty/plotting.py:282: RuntimeWarning: overflow encountered in exp
  zspan = (0., 1.05 * np.exp(logz[-1] + 3. * logzerr[-1]))
05:08 bilby WARNING : Axis limits cannot be NaN or Inf
05:08 bilby WARNING : Failed to create dynesty run plot at checkpoint
05:21 bilby INFO    : Written checkpoint file /scratch/pratyusava.baral/Modified_Dispersion/bilby/run_directory/CE_1p0MW_AplusCoat_flow10/A0/results/6/None_resume.pickle
05:21 bilby WARNING : Too many bins for data range. Cannot create 500 finite-sized bins.
05:21 bilby WARNING : Failed to create dynesty state plot at checkpoint
/scratch/pratyusava.baral/Modified_Dispersion/src/dispersion/lib/python3.11/site-packages/dynesty/plotting.py:252: RuntimeWarning: overflow encountered in exp
  np.exp(logwt), logz if logplot else np.exp(logz)
/scratch/pratyusava.baral/Modified_Dispersion/src/dispersion/lib/python3.11/site-packages/dynesty/plotting.py:282: RuntimeWarning: overflow encountered in exp
  zspan = (0., 1.05 * np.exp(logz[-1] + 3. * logzerr[-1]))
05:21 bilby WARNING : Axis limits cannot be NaN or Inf
05:21 bilby WARNING : Failed to create dynesty run plot at checkpoint
05:34 bilby INFO    : Written checkpoint file /scratch/pratyusava.baral/Modified_Dispersion/bilby/run_directory/CE_1p0MW_AplusCoat_flow10/A0/results/6/None_resume.pickle
05:34 bilby WARNING : Too many bins for data range. Cannot create 500 finite-sized bins.
05:34 bilby WARNING : Failed to create dynesty state plot at checkpoint
/scratch/pratyusava.baral/Modified_Dispersion/src/dispersion/lib/python3.11/site-packages/dynesty/plotting.py:252: RuntimeWarning: overflow encountered in exp
  np.exp(logwt), logz if logplot else np.exp(logz)
/scratch/pratyusava.baral/Modified_Dispersion/src/dispersion/lib/python3.11/site-packages/dynesty/plotting.py:282: RuntimeWarning: overflow encountered in exp
  zspan = (0., 1.05 * np.exp(logz[-1] + 3. * logzerr[-1]))
05:34 bilby WARNING : Axis limits cannot be NaN or Inf
05:34 bilby WARNING : Failed to create dynesty run plot at checkpoint
05:46 bilby INFO    : Written checkpoint file /scratch/pratyusava.baral/Modified_Dispersion/bilby/run_directory/CE_1p0MW_AplusCoat_flow10/A0/results/6/None_resume.pickle
05:47 bilby WARNING : Too many bins for data range. Cannot create 500 finite-sized bins.
05:47 bilby WARNING : Failed to create dynesty state plot at checkpoint
/scratch/pratyusava.baral/Modified_Dispersion/src/dispersion/lib/python3.11/site-packages/dynesty/plotting.py:252: RuntimeWarning: overflow encountered in exp
  np.exp(logwt), logz if logplot else np.exp(logz)
/scratch/pratyusava.baral/Modified_Dispersion/src/dispersion/lib/python3.11/site-packages/dynesty/plotting.py:282: RuntimeWarning: overflow encountered in exp
  zspan = (0., 1.05 * np.exp(logz[-1] + 3. * logzerr[-1]))
05:47 bilby WARNING : Axis limits cannot be NaN or Inf
05:47 bilby WARNING : Failed to create dynesty run plot at checkpoint
05:58 bilby INFO    : Written checkpoint file /scratch/pratyusava.baral/Modified_Dispersion/bilby/run_directory/CE_1p0MW_AplusCoat_flow10/A0/results/6/None_resume.pickle
05:58 bilby WARNING : Too many bins for data range. Cannot create 500 finite-sized bins.
05:58 bilby WARNING : Failed to create dynesty state plot at checkpoint
/scratch/pratyusava.baral/Modified_Dispersion/src/dispersion/lib/python3.11/site-packages/dynesty/plotting.py:252: RuntimeWarning: overflow encountered in exp
  np.exp(logwt), logz if logplot else np.exp(logz)
/scratch/pratyusava.baral/Modified_Dispersion/src/dispersion/lib/python3.11/site-packages/dynesty/plotting.py:282: RuntimeWarning: overflow encountered in exp
  zspan = (0., 1.05 * np.exp(logz[-1] + 3. * logzerr[-1]))
05:58 bilby WARNING : Axis limits cannot be NaN or Inf
05:58 bilby WARNING : Failed to create dynesty run plot at checkpoint
06:09 bilby INFO    : Written checkpoint file /scratch/pratyusava.baral/Modified_Dispersion/bilby/run_directory/CE_1p0MW_AplusCoat_flow10/A0/results/6/None_resume.pickle
06:09 bilby WARNING : Too many bins for data range. Cannot create 500 finite-sized bins.
06:09 bilby WARNING : Failed to create dynesty state plot at checkpoint
/scratch/pratyusava.baral/Modified_Dispersion/src/dispersion/lib/python3.11/site-packages/dynesty/plotting.py:252: RuntimeWarning: overflow encountered in exp
  np.exp(logwt), logz if logplot else np.exp(logz)
/scratch/pratyusava.baral/Modified_Dispersion/src/dispersion/lib/python3.11/site-packages/dynesty/plotting.py:282: RuntimeWarning: overflow encountered in exp
  zspan = (0., 1.05 * np.exp(logz[-1] + 3. * logzerr[-1]))
06:09 bilby WARNING : Axis limits cannot be NaN or Inf
06:09 bilby WARNING : Failed to create dynesty run plot at checkpoint
06:22 bilby INFO    : Written checkpoint file /scratch/pratyusava.baral/Modified_Dispersion/bilby/run_directory/CE_1p0MW_AplusCoat_flow10/A0/results/6/None_resume.pickle
06:22 bilby WARNING : Too many bins for data range. Cannot create 500 finite-sized bins.
06:22 bilby WARNING : Failed to create dynesty state plot at checkpoint
/scratch/pratyusava.baral/Modified_Dispersion/src/dispersion/lib/python3.11/site-packages/dynesty/plotting.py:252: RuntimeWarning: overflow encountered in exp
  np.exp(logwt), logz if logplot else np.exp(logz)
/scratch/pratyusava.baral/Modified_Dispersion/src/dispersion/lib/python3.11/site-packages/dynesty/plotting.py:282: RuntimeWarning: overflow encountered in exp
  zspan = (0., 1.05 * np.exp(logz[-1] + 3. * logzerr[-1]))
06:22 bilby WARNING : Axis limits cannot be NaN or Inf
06:22 bilby WARNING : Failed to create dynesty run plot at checkpoint
06:33 bilby INFO    : Written checkpoint file /scratch/pratyusava.baral/Modified_Dispersion/bilby/run_directory/CE_1p0MW_AplusCoat_flow10/A0/results/6/None_resume.pickle
06:33 bilby WARNING : Too many bins for data range. Cannot create 500 finite-sized bins.
06:33 bilby WARNING : Failed to create dynesty state plot at checkpoint
/scratch/pratyusava.baral/Modified_Dispersion/src/dispersion/lib/python3.11/site-packages/dynesty/plotting.py:252: RuntimeWarning: overflow encountered in exp
  np.exp(logwt), logz if logplot else np.exp(logz)
/scratch/pratyusava.baral/Modified_Dispersion/src/dispersion/lib/python3.11/site-packages/dynesty/plotting.py:282: RuntimeWarning: overflow encountered in exp
  zspan = (0., 1.05 * np.exp(logz[-1] + 3. * logzerr[-1]))
06:33 bilby WARNING : Axis limits cannot be NaN or Inf
06:33 bilby WARNING : Failed to create dynesty run plot at checkpoint
06:44 bilby INFO    : Written checkpoint file /scratch/pratyusava.baral/Modified_Dispersion/bilby/run_directory/CE_1p0MW_AplusCoat_flow10/A0/results/6/None_resume.pickle
06:44 bilby WARNING : Too many bins for data range. Cannot create 500 finite-sized bins.
06:44 bilby WARNING : Failed to create dynesty state plot at checkpoint
/scratch/pratyusava.baral/Modified_Dispersion/src/dispersion/lib/python3.11/site-packages/dynesty/plotting.py:252: RuntimeWarning: overflow encountered in exp
  np.exp(logwt), logz if logplot else np.exp(logz)
/scratch/pratyusava.baral/Modified_Dispersion/src/dispersion/lib/python3.11/site-packages/dynesty/plotting.py:282: RuntimeWarning: overflow encountered in exp
  zspan = (0., 1.05 * np.exp(logz[-1] + 3. * logzerr[-1]))
06:44 bilby WARNING : Axis limits cannot be NaN or Inf
06:44 bilby WARNING : Failed to create dynesty run plot at checkpoint
06:54 bilby INFO    : Written checkpoint file /scratch/pratyusava.baral/Modified_Dispersion/bilby/run_directory/CE_1p0MW_AplusCoat_flow10/A0/results/6/None_resume.pickle
06:54 bilby WARNING : Too many bins for data range. Cannot create 500 finite-sized bins.
06:54 bilby WARNING : Failed to create dynesty state plot at checkpoint
/scratch/pratyusava.baral/Modified_Dispersion/src/dispersion/lib/python3.11/site-packages/dynesty/plotting.py:252: RuntimeWarning: overflow encountered in exp
  np.exp(logwt), logz if logplot else np.exp(logz)
/scratch/pratyusava.baral/Modified_Dispersion/src/dispersion/lib/python3.11/site-packages/dynesty/plotting.py:282: RuntimeWarning: overflow encountered in exp
  zspan = (0., 1.05 * np.exp(logz[-1] + 3. * logzerr[-1]))
06:54 bilby WARNING : Axis limits cannot be NaN or Inf
06:54 bilby WARNING : Failed to create dynesty run plot at checkpoint
07:06 bilby INFO    : Written checkpoint file /scratch/pratyusava.baral/Modified_Dispersion/bilby/run_directory/CE_1p0MW_AplusCoat_flow10/A0/results/6/None_resume.pickle
07:06 bilby WARNING : Too many bins for data range. Cannot create 500 finite-sized bins.
07:06 bilby WARNING : Failed to create dynesty state plot at checkpoint
/scratch/pratyusava.baral/Modified_Dispersion/src/dispersion/lib/python3.11/site-packages/dynesty/plotting.py:252: RuntimeWarning: overflow encountered in exp
  np.exp(logwt), logz if logplot else np.exp(logz)
/scratch/pratyusava.baral/Modified_Dispersion/src/dispersion/lib/python3.11/site-packages/dynesty/plotting.py:282: RuntimeWarning: overflow encountered in exp
  zspan = (0., 1.05 * np.exp(logz[-1] + 3. * logzerr[-1]))
07:06 bilby WARNING : Axis limits cannot be NaN or Inf
07:06 bilby WARNING : Failed to create dynesty run plot at checkpoint
07:17 bilby INFO    : Written checkpoint file /scratch/pratyusava.baral/Modified_Dispersion/bilby/run_directory/CE_1p0MW_AplusCoat_flow10/A0/results/6/None_resume.pickle
07:17 bilby WARNING : Too many bins for data range. Cannot create 500 finite-sized bins.
07:17 bilby WARNING : Failed to create dynesty state plot at checkpoint
/scratch/pratyusava.baral/Modified_Dispersion/src/dispersion/lib/python3.11/site-packages/dynesty/plotting.py:252: RuntimeWarning: overflow encountered in exp
  np.exp(logwt), logz if logplot else np.exp(logz)
/scratch/pratyusava.baral/Modified_Dispersion/src/dispersion/lib/python3.11/site-packages/dynesty/plotting.py:282: RuntimeWarning: overflow encountered in exp
  zspan = (0., 1.05 * np.exp(logz[-1] + 3. * logzerr[-1]))
07:17 bilby WARNING : Axis limits cannot be NaN or Inf
07:17 bilby WARNING : Failed to create dynesty run plot at checkpoint
07:29 bilby INFO    : Written checkpoint file /scratch/pratyusava.baral/Modified_Dispersion/bilby/run_directory/CE_1p0MW_AplusCoat_flow10/A0/results/6/None_resume.pickle
07:29 bilby WARNING : Too many bins for data range. Cannot create 500 finite-sized bins.
07:29 bilby WARNING : Failed to create dynesty state plot at checkpoint
/scratch/pratyusava.baral/Modified_Dispersion/src/dispersion/lib/python3.11/site-packages/dynesty/plotting.py:252: RuntimeWarning: overflow encountered in exp
  np.exp(logwt), logz if logplot else np.exp(logz)
/scratch/pratyusava.baral/Modified_Dispersion/src/dispersion/lib/python3.11/site-packages/dynesty/plotting.py:282: RuntimeWarning: overflow encountered in exp
  zspan = (0., 1.05 * np.exp(logz[-1] + 3. * logzerr[-1]))
07:29 bilby WARNING : Axis limits cannot be NaN or Inf
07:29 bilby WARNING : Failed to create dynesty run plot at checkpoint
07:41 bilby INFO    : Written checkpoint file /scratch/pratyusava.baral/Modified_Dispersion/bilby/run_directory/CE_1p0MW_AplusCoat_flow10/A0/results/6/None_resume.pickle
07:41 bilby WARNING : Too many bins for data range. Cannot create 500 finite-sized bins.
07:41 bilby WARNING : Failed to create dynesty state plot at checkpoint
/scratch/pratyusava.baral/Modified_Dispersion/src/dispersion/lib/python3.11/site-packages/dynesty/plotting.py:252: RuntimeWarning: overflow encountered in exp
  np.exp(logwt), logz if logplot else np.exp(logz)
/scratch/pratyusava.baral/Modified_Dispersion/src/dispersion/lib/python3.11/site-packages/dynesty/plotting.py:282: RuntimeWarning: overflow encountered in exp
  zspan = (0., 1.05 * np.exp(logz[-1] + 3. * logzerr[-1]))
07:41 bilby WARNING : Axis limits cannot be NaN or Inf
07:41 bilby WARNING : Failed to create dynesty run plot at checkpoint
07:54 bilby INFO    : Written checkpoint file /scratch/pratyusava.baral/Modified_Dispersion/bilby/run_directory/CE_1p0MW_AplusCoat_flow10/A0/results/6/None_resume.pickle
07:54 bilby WARNING : Too many bins for data range. Cannot create 500 finite-sized bins.
07:54 bilby WARNING : Failed to create dynesty state plot at checkpoint
/scratch/pratyusava.baral/Modified_Dispersion/src/dispersion/lib/python3.11/site-packages/dynesty/plotting.py:252: RuntimeWarning: overflow encountered in exp
  np.exp(logwt), logz if logplot else np.exp(logz)
/scratch/pratyusava.baral/Modified_Dispersion/src/dispersion/lib/python3.11/site-packages/dynesty/plotting.py:282: RuntimeWarning: overflow encountered in exp
  zspan = (0., 1.05 * np.exp(logz[-1] + 3. * logzerr[-1]))
07:54 bilby WARNING : Axis limits cannot be NaN or Inf
07:54 bilby WARNING : Failed to create dynesty run plot at checkpoint
08:06 bilby INFO    : Written checkpoint file /scratch/pratyusava.baral/Modified_Dispersion/bilby/run_directory/CE_1p0MW_AplusCoat_flow10/A0/results/6/None_resume.pickle
08:06 bilby WARNING : Too many bins for data range. Cannot create 500 finite-sized bins.
08:06 bilby WARNING : Failed to create dynesty state plot at checkpoint
/scratch/pratyusava.baral/Modified_Dispersion/src/dispersion/lib/python3.11/site-packages/dynesty/plotting.py:252: RuntimeWarning: overflow encountered in exp
  np.exp(logwt), logz if logplot else np.exp(logz)
/scratch/pratyusava.baral/Modified_Dispersion/src/dispersion/lib/python3.11/site-packages/dynesty/plotting.py:282: RuntimeWarning: overflow encountered in exp
  zspan = (0., 1.05 * np.exp(logz[-1] + 3. * logzerr[-1]))
08:06 bilby WARNING : Axis limits cannot be NaN or Inf
08:06 bilby WARNING : Failed to create dynesty run plot at checkpoint
08:16 bilby INFO    : Written checkpoint file /scratch/pratyusava.baral/Modified_Dispersion/bilby/run_directory/CE_1p0MW_AplusCoat_flow10/A0/results/6/None_resume.pickle
08:16 bilby WARNING : Too many bins for data range. Cannot create 500 finite-sized bins.
08:16 bilby WARNING : Failed to create dynesty state plot at checkpoint
/scratch/pratyusava.baral/Modified_Dispersion/src/dispersion/lib/python3.11/site-packages/dynesty/plotting.py:252: RuntimeWarning: overflow encountered in exp
  np.exp(logwt), logz if logplot else np.exp(logz)
/scratch/pratyusava.baral/Modified_Dispersion/src/dispersion/lib/python3.11/site-packages/dynesty/plotting.py:282: RuntimeWarning: overflow encountered in exp
  zspan = (0., 1.05 * np.exp(logz[-1] + 3. * logzerr[-1]))
08:16 bilby WARNING : Axis limits cannot be NaN or Inf
08:16 bilby WARNING : Failed to create dynesty run plot at checkpoint
08:34 bilby INFO    : Written checkpoint file /scratch/pratyusava.baral/Modified_Dispersion/bilby/run_directory/CE_1p0MW_AplusCoat_flow10/A0/results/6/None_resume.pickle
08:34 bilby WARNING : Too many bins for data range. Cannot create 500 finite-sized bins.
08:34 bilby WARNING : Failed to create dynesty state plot at checkpoint
/scratch/pratyusava.baral/Modified_Dispersion/src/dispersion/lib/python3.11/site-packages/dynesty/plotting.py:252: RuntimeWarning: overflow encountered in exp
  np.exp(logwt), logz if logplot else np.exp(logz)
/scratch/pratyusava.baral/Modified_Dispersion/src/dispersion/lib/python3.11/site-packages/dynesty/plotting.py:282: RuntimeWarning: overflow encountered in exp
  zspan = (0., 1.05 * np.exp(logz[-1] + 3. * logzerr[-1]))
08:34 bilby WARNING : Axis limits cannot be NaN or Inf
08:34 bilby WARNING : Failed to create dynesty run plot at checkpoint
08:47 bilby INFO    : Written checkpoint file /scratch/pratyusava.baral/Modified_Dispersion/bilby/run_directory/CE_1p0MW_AplusCoat_flow10/A0/results/6/None_resume.pickle
08:47 bilby WARNING : Too many bins for data range. Cannot create 500 finite-sized bins.
08:47 bilby WARNING : Failed to create dynesty state plot at checkpoint
/scratch/pratyusava.baral/Modified_Dispersion/src/dispersion/lib/python3.11/site-packages/dynesty/plotting.py:252: RuntimeWarning: overflow encountered in exp
  np.exp(logwt), logz if logplot else np.exp(logz)
/scratch/pratyusava.baral/Modified_Dispersion/src/dispersion/lib/python3.11/site-packages/dynesty/plotting.py:282: RuntimeWarning: overflow encountered in exp
  zspan = (0., 1.05 * np.exp(logz[-1] + 3. * logzerr[-1]))
08:47 bilby WARNING : Axis limits cannot be NaN or Inf
08:47 bilby WARNING : Failed to create dynesty run plot at checkpoint
08:58 bilby INFO    : Written checkpoint file /scratch/pratyusava.baral/Modified_Dispersion/bilby/run_directory/CE_1p0MW_AplusCoat_flow10/A0/results/6/None_resume.pickle
08:58 bilby WARNING : Too many bins for data range. Cannot create 500 finite-sized bins.
08:58 bilby WARNING : Failed to create dynesty state plot at checkpoint
/scratch/pratyusava.baral/Modified_Dispersion/src/dispersion/lib/python3.11/site-packages/dynesty/plotting.py:252: RuntimeWarning: overflow encountered in exp
  np.exp(logwt), logz if logplot else np.exp(logz)
/scratch/pratyusava.baral/Modified_Dispersion/src/dispersion/lib/python3.11/site-packages/dynesty/plotting.py:282: RuntimeWarning: overflow encountered in exp
  zspan = (0., 1.05 * np.exp(logz[-1] + 3. * logzerr[-1]))
08:58 bilby WARNING : Axis limits cannot be NaN or Inf
08:58 bilby WARNING : Failed to create dynesty run plot at checkpoint
09:08 bilby INFO    : Written checkpoint file /scratch/pratyusava.baral/Modified_Dispersion/bilby/run_directory/CE_1p0MW_AplusCoat_flow10/A0/results/6/None_resume.pickle
09:08 bilby WARNING : Too many bins for data range. Cannot create 500 finite-sized bins.
09:08 bilby WARNING : Failed to create dynesty state plot at checkpoint
/scratch/pratyusava.baral/Modified_Dispersion/src/dispersion/lib/python3.11/site-packages/dynesty/plotting.py:252: RuntimeWarning: overflow encountered in exp
  np.exp(logwt), logz if logplot else np.exp(logz)
/scratch/pratyusava.baral/Modified_Dispersion/src/dispersion/lib/python3.11/site-packages/dynesty/plotting.py:282: RuntimeWarning: overflow encountered in exp
  zspan = (0., 1.05 * np.exp(logz[-1] + 3. * logzerr[-1]))
09:08 bilby WARNING : Axis limits cannot be NaN or Inf
09:08 bilby WARNING : Failed to create dynesty run plot at checkpoint
09:19 bilby INFO    : Written checkpoint file /scratch/pratyusava.baral/Modified_Dispersion/bilby/run_directory/CE_1p0MW_AplusCoat_flow10/A0/results/6/None_resume.pickle
09:19 bilby WARNING : Too many bins for data range. Cannot create 500 finite-sized bins.
09:19 bilby WARNING : Failed to create dynesty state plot at checkpoint
/scratch/pratyusava.baral/Modified_Dispersion/src/dispersion/lib/python3.11/site-packages/dynesty/plotting.py:252: RuntimeWarning: overflow encountered in exp
  np.exp(logwt), logz if logplot else np.exp(logz)
/scratch/pratyusava.baral/Modified_Dispersion/src/dispersion/lib/python3.11/site-packages/dynesty/plotting.py:282: RuntimeWarning: overflow encountered in exp
  zspan = (0., 1.05 * np.exp(logz[-1] + 3. * logzerr[-1]))
09:19 bilby WARNING : Axis limits cannot be NaN or Inf
09:19 bilby WARNING : Failed to create dynesty run plot at checkpoint
09:32 bilby INFO    : Written checkpoint file /scratch/pratyusava.baral/Modified_Dispersion/bilby/run_directory/CE_1p0MW_AplusCoat_flow10/A0/results/6/None_resume.pickle
09:32 bilby WARNING : Too many bins for data range. Cannot create 500 finite-sized bins.
09:32 bilby WARNING : Failed to create dynesty state plot at checkpoint
/scratch/pratyusava.baral/Modified_Dispersion/src/dispersion/lib/python3.11/site-packages/dynesty/plotting.py:252: RuntimeWarning: overflow encountered in exp
  np.exp(logwt), logz if logplot else np.exp(logz)
/scratch/pratyusava.baral/Modified_Dispersion/src/dispersion/lib/python3.11/site-packages/dynesty/plotting.py:282: RuntimeWarning: overflow encountered in exp
  zspan = (0., 1.05 * np.exp(logz[-1] + 3. * logzerr[-1]))
09:32 bilby WARNING : Axis limits cannot be NaN or Inf
09:32 bilby WARNING : Failed to create dynesty run plot at checkpoint
09:44 bilby INFO    : Written checkpoint file /scratch/pratyusava.baral/Modified_Dispersion/bilby/run_directory/CE_1p0MW_AplusCoat_flow10/A0/results/6/None_resume.pickle
09:44 bilby WARNING : Too many bins for data range. Cannot create 500 finite-sized bins.
09:44 bilby WARNING : Failed to create dynesty state plot at checkpoint
/scratch/pratyusava.baral/Modified_Dispersion/src/dispersion/lib/python3.11/site-packages/dynesty/plotting.py:252: RuntimeWarning: overflow encountered in exp
  np.exp(logwt), logz if logplot else np.exp(logz)
/scratch/pratyusava.baral/Modified_Dispersion/src/dispersion/lib/python3.11/site-packages/dynesty/plotting.py:282: RuntimeWarning: overflow encountered in exp
  zspan = (0., 1.05 * np.exp(logz[-1] + 3. * logzerr[-1]))
09:44 bilby WARNING : Axis limits cannot be NaN or Inf
09:44 bilby WARNING : Failed to create dynesty run plot at checkpoint
09:55 bilby INFO    : Written checkpoint file /scratch/pratyusava.baral/Modified_Dispersion/bilby/run_directory/CE_1p0MW_AplusCoat_flow10/A0/results/6/None_resume.pickle
09:55 bilby WARNING : Too many bins for data range. Cannot create 500 finite-sized bins.
09:55 bilby WARNING : Failed to create dynesty state plot at checkpoint
/scratch/pratyusava.baral/Modified_Dispersion/src/dispersion/lib/python3.11/site-packages/dynesty/plotting.py:252: RuntimeWarning: overflow encountered in exp
  np.exp(logwt), logz if logplot else np.exp(logz)
/scratch/pratyusava.baral/Modified_Dispersion/src/dispersion/lib/python3.11/site-packages/dynesty/plotting.py:282: RuntimeWarning: overflow encountered in exp
  zspan = (0., 1.05 * np.exp(logz[-1] + 3. * logzerr[-1]))
09:55 bilby WARNING : Axis limits cannot be NaN or Inf
09:55 bilby WARNING : Failed to create dynesty run plot at checkpoint
10:07 bilby INFO    : Written checkpoint file /scratch/pratyusava.baral/Modified_Dispersion/bilby/run_directory/CE_1p0MW_AplusCoat_flow10/A0/results/6/None_resume.pickle
10:07 bilby WARNING : Too many bins for data range. Cannot create 500 finite-sized bins.
10:07 bilby WARNING : Failed to create dynesty state plot at checkpoint
/scratch/pratyusava.baral/Modified_Dispersion/src/dispersion/lib/python3.11/site-packages/dynesty/plotting.py:252: RuntimeWarning: overflow encountered in exp
  np.exp(logwt), logz if logplot else np.exp(logz)
/scratch/pratyusava.baral/Modified_Dispersion/src/dispersion/lib/python3.11/site-packages/dynesty/plotting.py:282: RuntimeWarning: overflow encountered in exp
  zspan = (0., 1.05 * np.exp(logz[-1] + 3. * logzerr[-1]))
10:07 bilby WARNING : Axis limits cannot be NaN or Inf
10:07 bilby WARNING : Failed to create dynesty run plot at checkpoint
10:19 bilby INFO    : Written checkpoint file /scratch/pratyusava.baral/Modified_Dispersion/bilby/run_directory/CE_1p0MW_AplusCoat_flow10/A0/results/6/None_resume.pickle
10:19 bilby WARNING : Too many bins for data range. Cannot create 500 finite-sized bins.
10:19 bilby WARNING : Failed to create dynesty state plot at checkpoint
/scratch/pratyusava.baral/Modified_Dispersion/src/dispersion/lib/python3.11/site-packages/dynesty/plotting.py:252: RuntimeWarning: overflow encountered in exp
  np.exp(logwt), logz if logplot else np.exp(logz)
/scratch/pratyusava.baral/Modified_Dispersion/src/dispersion/lib/python3.11/site-packages/dynesty/plotting.py:282: RuntimeWarning: overflow encountered in exp
  zspan = (0., 1.05 * np.exp(logz[-1] + 3. * logzerr[-1]))
10:19 bilby WARNING : Axis limits cannot be NaN or Inf
10:19 bilby WARNING : Failed to create dynesty run plot at checkpoint
10:31 bilby INFO    : Written checkpoint file /scratch/pratyusava.baral/Modified_Dispersion/bilby/run_directory/CE_1p0MW_AplusCoat_flow10/A0/results/6/None_resume.pickle
10:31 bilby WARNING : Too many bins for data range. Cannot create 500 finite-sized bins.
10:31 bilby WARNING : Failed to create dynesty state plot at checkpoint
/scratch/pratyusava.baral/Modified_Dispersion/src/dispersion/lib/python3.11/site-packages/dynesty/plotting.py:252: RuntimeWarning: overflow encountered in exp
  np.exp(logwt), logz if logplot else np.exp(logz)
/scratch/pratyusava.baral/Modified_Dispersion/src/dispersion/lib/python3.11/site-packages/dynesty/plotting.py:282: RuntimeWarning: overflow encountered in exp
  zspan = (0., 1.05 * np.exp(logz[-1] + 3. * logzerr[-1]))
10:32 bilby WARNING : Axis limits cannot be NaN or Inf
10:32 bilby WARNING : Failed to create dynesty run plot at checkpoint
10:44 bilby INFO    : Written checkpoint file /scratch/pratyusava.baral/Modified_Dispersion/bilby/run_directory/CE_1p0MW_AplusCoat_flow10/A0/results/6/None_resume.pickle
10:44 bilby WARNING : Too many bins for data range. Cannot create 500 finite-sized bins.
10:44 bilby WARNING : Failed to create dynesty state plot at checkpoint
/scratch/pratyusava.baral/Modified_Dispersion/src/dispersion/lib/python3.11/site-packages/dynesty/plotting.py:252: RuntimeWarning: overflow encountered in exp
  np.exp(logwt), logz if logplot else np.exp(logz)
/scratch/pratyusava.baral/Modified_Dispersion/src/dispersion/lib/python3.11/site-packages/dynesty/plotting.py:282: RuntimeWarning: overflow encountered in exp
  zspan = (0., 1.05 * np.exp(logz[-1] + 3. * logzerr[-1]))
10:44 bilby WARNING : Axis limits cannot be NaN or Inf
10:44 bilby WARNING : Failed to create dynesty run plot at checkpoint
11:00 bilby INFO    : Written checkpoint file /scratch/pratyusava.baral/Modified_Dispersion/bilby/run_directory/CE_1p0MW_AplusCoat_flow10/A0/results/6/None_resume.pickle
11:00 bilby WARNING : Too many bins for data range. Cannot create 500 finite-sized bins.
11:00 bilby WARNING : Failed to create dynesty state plot at checkpoint
/scratch/pratyusava.baral/Modified_Dispersion/src/dispersion/lib/python3.11/site-packages/dynesty/plotting.py:252: RuntimeWarning: overflow encountered in exp
  np.exp(logwt), logz if logplot else np.exp(logz)
/scratch/pratyusava.baral/Modified_Dispersion/src/dispersion/lib/python3.11/site-packages/dynesty/plotting.py:282: RuntimeWarning: overflow encountered in exp
  zspan = (0., 1.05 * np.exp(logz[-1] + 3. * logzerr[-1]))
11:00 bilby WARNING : Axis limits cannot be NaN or Inf
11:00 bilby WARNING : Failed to create dynesty run plot at checkpoint
11:10 bilby INFO    : Written checkpoint file /scratch/pratyusava.baral/Modified_Dispersion/bilby/run_directory/CE_1p0MW_AplusCoat_flow10/A0/results/6/None_resume.pickle
11:10 bilby WARNING : Too many bins for data range. Cannot create 500 finite-sized bins.
11:10 bilby WARNING : Failed to create dynesty state plot at checkpoint
/scratch/pratyusava.baral/Modified_Dispersion/src/dispersion/lib/python3.11/site-packages/dynesty/plotting.py:252: RuntimeWarning: overflow encountered in exp
  np.exp(logwt), logz if logplot else np.exp(logz)
/scratch/pratyusava.baral/Modified_Dispersion/src/dispersion/lib/python3.11/site-packages/dynesty/plotting.py:282: RuntimeWarning: overflow encountered in exp
  zspan = (0., 1.05 * np.exp(logz[-1] + 3. * logzerr[-1]))
11:10 bilby WARNING : Axis limits cannot be NaN or Inf
11:10 bilby WARNING : Failed to create dynesty run plot at checkpoint
11:22 bilby INFO    : Written checkpoint file /scratch/pratyusava.baral/Modified_Dispersion/bilby/run_directory/CE_1p0MW_AplusCoat_flow10/A0/results/6/None_resume.pickle
11:22 bilby WARNING : Too many bins for data range. Cannot create 500 finite-sized bins.
11:22 bilby WARNING : Failed to create dynesty state plot at checkpoint
/scratch/pratyusava.baral/Modified_Dispersion/src/dispersion/lib/python3.11/site-packages/dynesty/plotting.py:252: RuntimeWarning: overflow encountered in exp
  np.exp(logwt), logz if logplot else np.exp(logz)
/scratch/pratyusava.baral/Modified_Dispersion/src/dispersion/lib/python3.11/site-packages/dynesty/plotting.py:282: RuntimeWarning: overflow encountered in exp
  zspan = (0., 1.05 * np.exp(logz[-1] + 3. * logzerr[-1]))
11:22 bilby WARNING : Axis limits cannot be NaN or Inf
11:22 bilby WARNING : Failed to create dynesty run plot at checkpoint
11:32 bilby INFO    : Written checkpoint file /scratch/pratyusava.baral/Modified_Dispersion/bilby/run_directory/CE_1p0MW_AplusCoat_flow10/A0/results/6/None_resume.pickle
11:32 bilby WARNING : Too many bins for data range. Cannot create 500 finite-sized bins.
11:32 bilby WARNING : Failed to create dynesty state plot at checkpoint
/scratch/pratyusava.baral/Modified_Dispersion/src/dispersion/lib/python3.11/site-packages/dynesty/plotting.py:252: RuntimeWarning: overflow encountered in exp
  np.exp(logwt), logz if logplot else np.exp(logz)
/scratch/pratyusava.baral/Modified_Dispersion/src/dispersion/lib/python3.11/site-packages/dynesty/plotting.py:282: RuntimeWarning: overflow encountered in exp
  zspan = (0., 1.05 * np.exp(logz[-1] + 3. * logzerr[-1]))
11:32 bilby WARNING : Axis limits cannot be NaN or Inf
11:32 bilby WARNING : Failed to create dynesty run plot at checkpoint
11:43 bilby INFO    : Written checkpoint file /scratch/pratyusava.baral/Modified_Dispersion/bilby/run_directory/CE_1p0MW_AplusCoat_flow10/A0/results/6/None_resume.pickle
11:43 bilby WARNING : Too many bins for data range. Cannot create 500 finite-sized bins.
11:43 bilby WARNING : Failed to create dynesty state plot at checkpoint
/scratch/pratyusava.baral/Modified_Dispersion/src/dispersion/lib/python3.11/site-packages/dynesty/plotting.py:252: RuntimeWarning: overflow encountered in exp
  np.exp(logwt), logz if logplot else np.exp(logz)
/scratch/pratyusava.baral/Modified_Dispersion/src/dispersion/lib/python3.11/site-packages/dynesty/plotting.py:282: RuntimeWarning: overflow encountered in exp
  zspan = (0., 1.05 * np.exp(logz[-1] + 3. * logzerr[-1]))
11:44 bilby WARNING : Axis limits cannot be NaN or Inf
11:44 bilby WARNING : Failed to create dynesty run plot at checkpoint
11:55 bilby INFO    : Written checkpoint file /scratch/pratyusava.baral/Modified_Dispersion/bilby/run_directory/CE_1p0MW_AplusCoat_flow10/A0/results/6/None_resume.pickle
11:55 bilby WARNING : Too many bins for data range. Cannot create 500 finite-sized bins.
11:55 bilby WARNING : Failed to create dynesty state plot at checkpoint
/scratch/pratyusava.baral/Modified_Dispersion/src/dispersion/lib/python3.11/site-packages/dynesty/plotting.py:252: RuntimeWarning: overflow encountered in exp
  np.exp(logwt), logz if logplot else np.exp(logz)
/scratch/pratyusava.baral/Modified_Dispersion/src/dispersion/lib/python3.11/site-packages/dynesty/plotting.py:282: RuntimeWarning: overflow encountered in exp
  zspan = (0., 1.05 * np.exp(logz[-1] + 3. * logzerr[-1]))
11:55 bilby WARNING : Axis limits cannot be NaN or Inf
11:55 bilby WARNING : Failed to create dynesty run plot at checkpoint
12:08 bilby INFO    : Written checkpoint file /scratch/pratyusava.baral/Modified_Dispersion/bilby/run_directory/CE_1p0MW_AplusCoat_flow10/A0/results/6/None_resume.pickle
12:08 bilby WARNING : Too many bins for data range. Cannot create 500 finite-sized bins.
12:08 bilby WARNING : Failed to create dynesty state plot at checkpoint
/scratch/pratyusava.baral/Modified_Dispersion/src/dispersion/lib/python3.11/site-packages/dynesty/plotting.py:252: RuntimeWarning: overflow encountered in exp
  np.exp(logwt), logz if logplot else np.exp(logz)
/scratch/pratyusava.baral/Modified_Dispersion/src/dispersion/lib/python3.11/site-packages/dynesty/plotting.py:282: RuntimeWarning: overflow encountered in exp
  zspan = (0., 1.05 * np.exp(logz[-1] + 3. * logzerr[-1]))
12:08 bilby WARNING : Axis limits cannot be NaN or Inf
12:08 bilby WARNING : Failed to create dynesty run plot at checkpoint
12:19 bilby INFO    : Written checkpoint file /scratch/pratyusava.baral/Modified_Dispersion/bilby/run_directory/CE_1p0MW_AplusCoat_flow10/A0/results/6/None_resume.pickle
12:19 bilby WARNING : Too many bins for data range. Cannot create 500 finite-sized bins.
12:19 bilby WARNING : Failed to create dynesty state plot at checkpoint
/scratch/pratyusava.baral/Modified_Dispersion/src/dispersion/lib/python3.11/site-packages/dynesty/plotting.py:252: RuntimeWarning: overflow encountered in exp
  np.exp(logwt), logz if logplot else np.exp(logz)
/scratch/pratyusava.baral/Modified_Dispersion/src/dispersion/lib/python3.11/site-packages/dynesty/plotting.py:282: RuntimeWarning: overflow encountered in exp
  zspan = (0., 1.05 * np.exp(logz[-1] + 3. * logzerr[-1]))
12:19 bilby WARNING : Axis limits cannot be NaN or Inf
12:19 bilby WARNING : Failed to create dynesty run plot at checkpoint
12:30 bilby INFO    : Written checkpoint file /scratch/pratyusava.baral/Modified_Dispersion/bilby/run_directory/CE_1p0MW_AplusCoat_flow10/A0/results/6/None_resume.pickle
12:30 bilby WARNING : Too many bins for data range. Cannot create 500 finite-sized bins.
12:30 bilby WARNING : Failed to create dynesty state plot at checkpoint
/scratch/pratyusava.baral/Modified_Dispersion/src/dispersion/lib/python3.11/site-packages/dynesty/plotting.py:252: RuntimeWarning: overflow encountered in exp
  np.exp(logwt), logz if logplot else np.exp(logz)
/scratch/pratyusava.baral/Modified_Dispersion/src/dispersion/lib/python3.11/site-packages/dynesty/plotting.py:282: RuntimeWarning: overflow encountered in exp
  zspan = (0., 1.05 * np.exp(logz[-1] + 3. * logzerr[-1]))
12:30 bilby WARNING : Axis limits cannot be NaN or Inf
12:30 bilby WARNING : Failed to create dynesty run plot at checkpoint
12:40 bilby INFO    : Written checkpoint file /scratch/pratyusava.baral/Modified_Dispersion/bilby/run_directory/CE_1p0MW_AplusCoat_flow10/A0/results/6/None_resume.pickle
12:40 bilby WARNING : Too many bins for data range. Cannot create 500 finite-sized bins.
12:40 bilby WARNING : Failed to create dynesty state plot at checkpoint
/scratch/pratyusava.baral/Modified_Dispersion/src/dispersion/lib/python3.11/site-packages/dynesty/plotting.py:252: RuntimeWarning: overflow encountered in exp
  np.exp(logwt), logz if logplot else np.exp(logz)
/scratch/pratyusava.baral/Modified_Dispersion/src/dispersion/lib/python3.11/site-packages/dynesty/plotting.py:282: RuntimeWarning: overflow encountered in exp
  zspan = (0., 1.05 * np.exp(logz[-1] + 3. * logzerr[-1]))
12:40 bilby WARNING : Axis limits cannot be NaN or Inf
12:40 bilby WARNING : Failed to create dynesty run plot at checkpoint
12:52 bilby INFO    : Written checkpoint file /scratch/pratyusava.baral/Modified_Dispersion/bilby/run_directory/CE_1p0MW_AplusCoat_flow10/A0/results/6/None_resume.pickle
12:52 bilby WARNING : Too many bins for data range. Cannot create 500 finite-sized bins.
12:52 bilby WARNING : Failed to create dynesty state plot at checkpoint
/scratch/pratyusava.baral/Modified_Dispersion/src/dispersion/lib/python3.11/site-packages/dynesty/plotting.py:252: RuntimeWarning: overflow encountered in exp
  np.exp(logwt), logz if logplot else np.exp(logz)
/scratch/pratyusava.baral/Modified_Dispersion/src/dispersion/lib/python3.11/site-packages/dynesty/plotting.py:282: RuntimeWarning: overflow encountered in exp
  zspan = (0., 1.05 * np.exp(logz[-1] + 3. * logzerr[-1]))
12:52 bilby WARNING : Axis limits cannot be NaN or Inf
12:52 bilby WARNING : Failed to create dynesty run plot at checkpoint
13:04 bilby INFO    : Written checkpoint file /scratch/pratyusava.baral/Modified_Dispersion/bilby/run_directory/CE_1p0MW_AplusCoat_flow10/A0/results/6/None_resume.pickle
13:04 bilby WARNING : Too many bins for data range. Cannot create 500 finite-sized bins.
13:04 bilby WARNING : Failed to create dynesty state plot at checkpoint
/scratch/pratyusava.baral/Modified_Dispersion/src/dispersion/lib/python3.11/site-packages/dynesty/plotting.py:252: RuntimeWarning: overflow encountered in exp
  np.exp(logwt), logz if logplot else np.exp(logz)
/scratch/pratyusava.baral/Modified_Dispersion/src/dispersion/lib/python3.11/site-packages/dynesty/plotting.py:282: RuntimeWarning: overflow encountered in exp
  zspan = (0., 1.05 * np.exp(logz[-1] + 3. * logzerr[-1]))
13:04 bilby WARNING : Axis limits cannot be NaN or Inf
13:04 bilby WARNING : Failed to create dynesty run plot at checkpoint
13:17 bilby INFO    : Written checkpoint file /scratch/pratyusava.baral/Modified_Dispersion/bilby/run_directory/CE_1p0MW_AplusCoat_flow10/A0/results/6/None_resume.pickle
13:17 bilby WARNING : Too many bins for data range. Cannot create 500 finite-sized bins.
13:17 bilby WARNING : Failed to create dynesty state plot at checkpoint
/scratch/pratyusava.baral/Modified_Dispersion/src/dispersion/lib/python3.11/site-packages/dynesty/plotting.py:252: RuntimeWarning: overflow encountered in exp
  np.exp(logwt), logz if logplot else np.exp(logz)
/scratch/pratyusava.baral/Modified_Dispersion/src/dispersion/lib/python3.11/site-packages/dynesty/plotting.py:282: RuntimeWarning: overflow encountered in exp
  zspan = (0., 1.05 * np.exp(logz[-1] + 3. * logzerr[-1]))
13:17 bilby WARNING : Axis limits cannot be NaN or Inf
13:17 bilby WARNING : Failed to create dynesty run plot at checkpoint
13:29 bilby INFO    : Written checkpoint file /scratch/pratyusava.baral/Modified_Dispersion/bilby/run_directory/CE_1p0MW_AplusCoat_flow10/A0/results/6/None_resume.pickle
13:29 bilby WARNING : Too many bins for data range. Cannot create 500 finite-sized bins.
13:29 bilby WARNING : Failed to create dynesty state plot at checkpoint
/scratch/pratyusava.baral/Modified_Dispersion/src/dispersion/lib/python3.11/site-packages/dynesty/plotting.py:252: RuntimeWarning: overflow encountered in exp
  np.exp(logwt), logz if logplot else np.exp(logz)
/scratch/pratyusava.baral/Modified_Dispersion/src/dispersion/lib/python3.11/site-packages/dynesty/plotting.py:282: RuntimeWarning: overflow encountered in exp
  zspan = (0., 1.05 * np.exp(logz[-1] + 3. * logzerr[-1]))
13:29 bilby WARNING : Axis limits cannot be NaN or Inf
13:29 bilby WARNING : Failed to create dynesty run plot at checkpoint
13:42 bilby INFO    : Written checkpoint file /scratch/pratyusava.baral/Modified_Dispersion/bilby/run_directory/CE_1p0MW_AplusCoat_flow10/A0/results/6/None_resume.pickle
13:42 bilby WARNING : Too many bins for data range. Cannot create 500 finite-sized bins.
13:42 bilby WARNING : Failed to create dynesty state plot at checkpoint
/scratch/pratyusava.baral/Modified_Dispersion/src/dispersion/lib/python3.11/site-packages/dynesty/plotting.py:252: RuntimeWarning: overflow encountered in exp
  np.exp(logwt), logz if logplot else np.exp(logz)
/scratch/pratyusava.baral/Modified_Dispersion/src/dispersion/lib/python3.11/site-packages/dynesty/plotting.py:282: RuntimeWarning: overflow encountered in exp
  zspan = (0., 1.05 * np.exp(logz[-1] + 3. * logzerr[-1]))
13:42 bilby WARNING : Axis limits cannot be NaN or Inf
13:42 bilby WARNING : Failed to create dynesty run plot at checkpoint
