CE40 ASD: /home/pratyusava.baral/Modified_Dispersion/asd/CE40km_1p0MW_aLIGO_coat_strain.txt
The injected SNR is (469.3967271171811+5.308151134885838e-17j) in Interferometer(name='CE40', power_spectral_density=PowerSpectralDensity(frequency_array=[   5.            5.03469316    5.06962704    5.10480331    5.14022366
    5.17588978    5.21180337    5.24796615    5.28437986    5.32104622
    5.357967      5.39514396    5.43257887    5.47027354    5.50822975
    5.54644932    5.58493409    5.62368589    5.66270658    5.70199801
    5.74156207    5.78140066    5.82151566    5.86190902    5.90258264
    5.94353849    5.98477851    6.02630468    6.06811899    6.11022343
    6.15262002    6.19531078    6.23829776    6.28158301    6.3251686
    6.36905662    6.41324915    6.45774833    6.50255626    6.5476751
    6.59310701    6.63885415    6.68491871    6.7313029     6.77800893
    6.82503903    6.87239546    6.92008048    6.96809637    7.01644542
    7.06512995    7.11415229    7.16351477    7.21321976    7.26326963
    7.31366678    7.36441362    7.41551257    7.46696608    7.51877661
    7.57094663    7.62347864    7.67637514    7.72963868    7.7832718
    7.83727705    7.89165703    7.94641433    8.00155157    8.05707139
    8.11297644    8.16926939    8.22595294    8.28302979    8.34050269
    8.39837436    8.45664759    8.51532515    8.57440985    8.63390452
    8.693812      8.75413516    8.81487688    8.87604006    8.93762763
    8.99964253    9.06208774    9.12496622    9.188281      9.2520351
    9.31623156    9.38087346    9.44596388    9.51150594    9.57750278
    9.64395754    9.71087341    9.77825358    9.84610128    9.91441975
    9.98321225   10.05248208   10.12223255   10.19246699   10.26318876
   10.33440125   10.40610785   10.478312     10.55101714   10.62422676
   10.69794436   10.77217345   10.84691759   10.92218036   10.99796534
   11.07427617   11.15111649   11.22848998   11.30640033   11.38485128
   11.46384656   11.54338997   11.6234853    11.70413638   11.78534707
   11.86712125   11.94946283   12.03237575   12.11586397   12.19993149
   12.28458231   12.3698205    12.45565013   12.5420753    12.62910013
   12.71672881   12.8049655    12.89381444   12.98327986   13.07336606
   13.16407733   13.25541801   13.34739247   13.44000511   13.53326035
   13.62716266   13.72171652   13.81692645   13.91279701   14.00933278
   14.10653838   14.20441845   14.30297768   14.40222077   14.50215247
   14.60277756   14.70410085   14.80612719   14.90886145   15.01230855
   15.11647342   15.22136106   15.32697648   15.43332472   15.54041087
   15.64824005   15.75681742   15.86614817   15.97623753   16.08709075
   16.19871315   16.31111005   16.42428683   16.5382489    16.65300172
   16.76855076   16.88490155   17.00205966   17.12003069   17.23882027
   17.35843409   17.47887787   17.60015736   17.72227837   17.84524673
   17.96906832   18.09374906   18.21929492   18.34571189   18.47300603
   18.60118341   18.73025016   18.86021247   18.99107653   19.12284861
   19.25553501   19.38914207   19.52367618   19.65914378   19.79555133
   19.93290537   20.07121245   20.2104792    20.35071227   20.49191836
   20.63410423   20.77727667   20.92144254   21.06660872   21.21278215
   21.35996983   21.50817879   21.65741612   21.80768895   21.95900446
   22.1113699    22.26479255   22.41927974   22.57483886   22.73147735
   22.88920269   23.04802243   23.20794417   23.36897554   23.53112425
   23.69439805   23.85880474   24.0243522    24.19104832   24.35890109
   24.52791853   24.69810872   24.86947979   25.04203995   25.21579744
   25.39076056   25.56693769   25.74433725   25.92296772   26.10283764
   26.28395561   26.46633029   26.6499704    26.83488473   27.0210821
   27.20857143   27.39736168   27.58746188   27.77888111   27.97162853
   28.16571335   28.36114486   28.55793239   28.75608536   28.95561324
   29.15652557   29.35883195   29.56254207   29.76766565   29.97421252
   30.18219253   30.39161564   30.60249186   30.81483128   31.02864403
   31.24394036   31.46073055   31.67902496   31.89883404   32.1201683
   32.34303831   32.56745473   32.7934283    33.02096981   33.25009015
   33.48080027   33.71311121   33.94703406   34.18258002   34.41976035
   34.65858638   34.89906954   35.14122132   35.38505331   35.63057715
   35.87780459   36.12674746   36.37741765   36.62982714   36.88398801
   37.13991241   37.39761258   37.65710083   37.91838957   38.18149131
   38.4464186    38.71318413   38.98180065   39.252281     39.52463811
   39.79888501   40.07503481   40.35310071   40.633096     40.91503408
   41.19892842   41.4847926    41.77264029   42.06248525   42.35434133
   42.6482225    42.9441428    43.24211638   43.54215749   43.84428047
   44.14849978   44.45482995   44.76328563   45.07388157   45.38663263
   45.70155374   46.01865998   46.33796651   46.65948858   46.98324157
   47.30924097   47.63750236   47.96804144   48.300874     48.63601596
   48.97348335   49.31329231   49.65545907   50.           50.34693157
   50.69627038   51.04803312   51.4022366    51.75889778   52.1180337
   52.47966153   52.84379856   53.2104622    53.57966999   53.95143958
   54.32578873   54.70273536   55.08229748   55.46449324   55.84934092
   56.23685892   56.62706576   57.0199801    57.41562073   57.81400656
   58.21515665   58.61909016   59.02582643   59.43538489   59.84778512
   60.26304684   60.68118992   61.10223433   61.52620022   61.95310785
   62.38297763   62.81583012   63.25168602   63.69056616   64.13249153
   64.57748325   65.02556261   65.47675102   65.93107007   66.38854147
   66.84918709   67.31302896   67.78008927   68.25039033   68.72395463
   69.20080483   69.68096371   70.16445424   70.65129953   71.14152286
   71.63514767   72.13219756   72.6326963    73.13666781   73.6441362
   74.15512572   74.66966081   75.18776606   75.70946627   76.23478635
   76.76375144   77.29638682   77.83271796   78.37277051   78.91657028
   79.46414328   80.01551569   80.57071386   81.12976435   81.69269389
   82.25952939   82.83029795   83.40502686   83.9837436    84.56647585
   85.15325146   85.74409849   86.33904519   86.93812001   87.54135159
   88.14876876   88.76040059   89.3762763    89.99642534   90.62087737
   91.24966224   91.88281002   92.52035098   93.1623156    93.80873457
   94.45963881   95.11505943   95.77502778   96.4395754    97.10873407
   97.78253579   98.46101277   99.14419746   99.83212251  100.52482081
  101.2223255   101.92466991  102.63188764  103.34401248  104.0610785
  104.78311997  105.51017143  106.24226762  106.97944357  107.7217345
  108.46917592  109.22180356  109.9796534   110.74276169  111.5111649
  112.28489978  113.06400332  113.84851277  114.63846564  115.43389971
  116.234853    117.04136381  117.8534707   118.6712125   119.49462831
  120.3237575   121.15863971  121.99931486  122.84582315  123.69820504
  124.5565013   125.42075296  126.29100135  127.16728807  128.04965501
  128.93814438  129.83279865  130.73366059  131.64077328  132.5541801
  133.4739247   134.40005108  135.3326035   136.27162656  137.21716516
  138.1692645   139.12797011  140.09332782  141.0653838   142.04418451
  143.02977676  144.02220767  145.02152469  146.02777561  147.04100853
  148.0612719   149.0886145   150.12308545  151.16473422  152.2136106
  153.26976475  154.33324717  155.40410869  156.48240053  157.56817424
  158.66148174  159.76237529  160.87090753  161.98713148  163.11110049
  164.2428683   165.38248904  166.53001718  167.6855076   168.84901554
  170.02059664  171.2003069   172.38820274  173.58434095  174.78877872
  176.00157364  177.2227837   178.45246728  179.69068319  180.93749062
  182.19294919  183.45711892  184.73006026  186.01183407  187.30250164
  188.60212467  189.91076531  191.22848612  192.55535012  193.89142073
  195.23676184  196.59143779  197.95551332  199.32905368  200.71212452
  202.10479199  203.50712266  204.91918359  206.34104229  207.77276674
  209.2144254   210.66608719  212.12782154  213.59969832  215.08178791
  216.57416117  218.07688946  219.59004463  221.11369903  222.6479255
  224.1927974   225.7483886   227.31477348  228.89202692  230.48022434
  232.07944168  233.6897554   235.31124249  236.94398049  238.58804745
  240.24352198  241.91048325  243.58901094  245.27918532  246.98108719
  248.69479794  250.42039949  252.15797436  253.90760562  255.66937692
  257.44337251  259.22967719  261.02837639  262.8395561   264.66330292
  266.49970404  268.34884728  270.21082104  272.08571434  273.97361685
  275.87461881  277.78881112  279.71628531  281.65713353  283.61144858
  285.57932391  287.56085359  289.55613238  291.56525568  293.58831954
  295.62542069  297.67665654  299.74212516  301.8219253   303.91615641
  306.02491862  308.14831276  310.28644034  312.4394036   314.60730548
  316.79024963  318.98834043  321.20168297  323.43038308  325.67454731
  327.93428298  330.20969812  332.50090152  334.80800274  337.13111209
  339.47034063  341.82580023  344.19760348  346.58586381  348.99069539
  351.41221322  353.85053306  356.30577151  358.77804595  361.26747459
  363.77417646  366.29827141  368.83988013  371.39912413  373.97612578
  376.5710083   379.18389575  381.81491306  384.46418604  387.13184134
  389.81800652  392.52281001  395.24638113  397.98885012  400.75034808
  403.53100706  406.33096     409.15034079  411.98928423  414.84792604
  417.72640292  420.62485249  423.54341333  426.48222499  429.44142798
  432.42116379  435.42157488  438.44280473  441.48499777  444.54829948
  447.6328563   450.73881573  453.86632626  457.01553744  460.18659983
  463.37966506  466.59488579  469.83241575  473.09240974  476.37502362
  479.68041435  483.00873998  486.36015962  489.73483353  493.13292307
  496.55459069  500.          503.46931574  506.96270378  510.48033115
  514.02236605  517.58897782  521.18033699  524.79661528  528.43798559
  532.10462203  535.79669991  539.51439576  543.25788733  547.0273536
  550.82297482  554.64493245  558.49340923  562.36858918  566.27065758
  570.19980099  574.15620727  578.1400656   582.15156646  586.19090164
  590.25826428  594.35384886  598.47785118  602.63046844  606.81189917
  611.02234332  615.26200218  619.53107847  623.82977632  628.15830124
  632.5168602   636.90566159  641.32491526  645.77483251  650.25562609
  654.76751024  659.3107007   663.88541468  668.49187091  673.13028965
  677.80089266  682.50390327  687.23954634  692.00804829  696.80963711
  701.64454239  706.5129953   711.41522861  716.3514767   721.32197561
  726.32696297  731.3666781   736.44136195  741.55125717  746.69660806
  751.87766065  757.09466265  762.34786351  767.63751439  772.96386821
  778.32717964  783.7277051   789.16570283  794.64143281  800.15515687
  805.70713863  811.29764354  816.9269389   822.59529388  828.30297947
  834.0502686   839.83743605  845.66475851  851.53251463  857.44098494
  863.39045194  869.38120011  875.41351587  881.48768764  887.60400586
  893.76276295  899.96425339  906.20877369  912.49662241  918.82810019
  925.20350977  931.62315597  938.08734572  944.5963881   951.15059433
  957.75027779  964.39575401  971.08734074  977.82535793  984.61012774
  991.44197456  998.32122505 1005.24820813 1012.22325499 1019.24669913
 1026.31887635 1033.44012481 1040.61078499 1047.83119974 1055.10171428
 1062.42267625 1069.79443567 1077.21734502 1084.69175919 1092.21803557
 1099.79653402 1107.42761686 1115.11164898 1122.84899777 1130.64003317
 1138.48512769 1146.38465643 1154.33899709 1162.34852999 1170.41363809
 1178.534707   1186.71212501 1194.94628312 1203.23757501 1211.58639712
 1219.99314863 1228.45823149 1236.98205044 1245.56501303 1254.20752964
 1262.91001348 1271.67288065 1280.49655013 1289.3814438  1298.32798647
 1307.3366059  1316.40773282 1325.54180095 1334.73924702 1344.00051077
 1353.32603502 1362.71626564 1372.17165161 1381.69264503 1391.2797011
 1400.93327823 1410.65383797 1420.44184509 1430.29776759 1440.2220767
 1450.21524693 1460.27775609 1470.41008529 1480.61271899 1490.88614501
 1501.23085454 1511.6473422  1522.13610603 1532.69764753 1543.33247167
 1554.04108693 1564.82400534 1575.68174243 1586.61481737 1597.62375288
 1608.70907534 1619.87131476 1631.11100486 1642.42868302 1653.82489037
 1665.30017181 1676.855076   1688.49015541 1700.20596635 1712.00306899
 1723.88202737 1735.84340946 1747.88778718 1760.0157364  1772.22783699
 1784.52467284 1796.9068319  1809.37490621 1821.92949188 1834.5711892
 1847.3006026  1860.11834071 1873.02501637 1886.02124671 1899.1076531
 1912.28486123 1925.55350116 1938.91420729 1952.36761844 1965.91437785
 1979.55513323 1993.29053679 2007.12124525 2021.0479199  2035.07122661
 2049.19183588 2063.41042285 2077.72766736 2092.14425395 2106.66087192
 2121.27821536 2135.99698315 2150.81787905 2165.74161169 2180.7688946
 2195.9004463  2211.13699025 2226.47925497 2241.92797401 2257.48388602
 2273.14773477 2288.92026919 2304.80224341 2320.79441681 2336.897554
 2353.11242492 2369.43980486 2385.88047447 2402.43521983 2419.10483246
 2435.8901094  2452.79185318 2469.81087194 2486.9479794  2504.20399492
 2521.57974359 2539.07605616 2556.69376921 2574.43372507 2592.29677195
 2610.28376392 2628.39556101 2646.63302918 2664.99704042 2683.48847277
 2702.10821035 2720.85714343 2739.73616845 2758.74618806 2777.8881112
 2797.16285308 2816.5713353  2836.11448582 2855.79323906 2875.60853592
 2895.56132382 2915.65255676 2935.88319537 2956.25420692 2976.76656541
 2997.42125159 3018.21925304 3039.16156415 3060.24918624 3081.48312757
 3102.86440339 3124.394036   3146.07305481 3167.90249633 3189.8834043
 3212.0168297  3234.30383077 3256.74547314 3279.34282979 3302.09698117
 3325.00901522 3348.08002743 3371.31112089 3394.70340635 3418.25800226
 3441.97603482 3465.85863808 3489.90695392 3514.12213215 3538.50533059
 3563.05771506 3587.78045947 3612.67474589 3637.7417646  3662.98271411
 3688.39880126 3713.99124128 3739.76125781 3765.71008299 3791.8389575
 3818.14913064 3844.64186038 3871.31841341 3898.1800652  3925.2281001
 3952.46381135 3979.88850116 4007.50348078 4035.31007057 4063.30960005
 4091.50340793 4119.89284226 4148.47926042 4177.26402919 4206.24852487
 4235.43413328 4264.82224987 4294.41427977 4324.21163787 4354.21574885
 4384.42804729 4414.84997775 4445.48299476 4476.328563   4507.38815726
 4538.66326261 4570.15537438 4601.86599831 4633.79665057 4665.94885787
 4698.32415748 4730.92409736 4763.75023621 4796.80414355 4830.08739976
 4863.60159623 4897.34833535 4931.32923066 4965.54590687 5000.        ], psd_array=[5.32590082e-47 4.98459708e-47 4.67072234e-47 4.38155967e-47
 4.11470317e-47 3.86801926e-47 3.63961304e-47 3.42779902e-47
 3.23107563e-47 3.04810302e-47 2.87768367e-47 2.71874546e-47
 2.57032696e-47 2.43156446e-47 2.30168068e-47 2.17997492e-47
 2.06581432e-47 1.95862632e-47 1.85789193e-47 1.76313988e-47
 1.67394146e-47 1.58990596e-47 1.51067666e-47 1.43592732e-47
 1.36461120e-47 1.29658084e-47 1.23237456e-47 1.17174444e-47
 1.11446184e-47 1.06031562e-47 1.00911054e-47 9.60665770e-48
 9.14813630e-48 8.71398437e-48 8.30275459e-48 7.91309985e-48
 7.54376490e-48 7.19357882e-48 6.86144818e-48 6.54635092e-48
 6.24733080e-48 5.96349229e-48 5.69002520e-48 5.43035512e-48
 5.18382682e-48 4.94972499e-48 4.72737707e-48 4.51615039e-48
 4.31544943e-48 4.12471333e-48 3.94341361e-48 3.77105203e-48
 3.60715871e-48 3.45129024e-48 3.30302811e-48 3.16197710e-48
 3.02776389e-48 2.90003571e-48 2.77845911e-48 2.66271884e-48
 2.55251670e-48 2.44757065e-48 2.34761379e-48 2.25239352e-48
 2.16167071e-48 2.07521896e-48 1.99282384e-48 1.91428228e-48
 1.83940187e-48 1.76800030e-48 1.69990482e-48 1.63495168e-48
 1.57298565e-48 1.51385956e-48 1.45743386e-48 1.40357620e-48
 1.35216106e-48 1.30306936e-48 1.25618812e-48 1.21141016e-48
 1.16863373e-48 1.12776230e-48 1.08870421e-48 1.05137247e-48
 1.01568447e-48 9.81561760e-49 9.48929863e-49 9.17718021e-49
 8.87859026e-49 8.59289026e-49 8.31947355e-49 8.05776363e-49
 7.80721260e-49 7.56729969e-49 7.33752982e-49 7.11743235e-49
 6.90655972e-49 6.70448635e-49 6.51080745e-49 6.32513800e-49
 6.14711169e-49 5.98076929e-49 5.82234360e-49 5.67007975e-49
 5.52371073e-49 5.38298185e-49 5.24765020e-49 5.11748402e-49
 4.99226221e-49 4.87177375e-49 4.75581730e-49 4.64420064e-49
 4.53674030e-49 4.43326110e-49 4.33359578e-49 4.23758460e-49
 4.14507499e-49 4.05592123e-49 3.96998408e-49 3.88713052e-49
 3.80723343e-49 3.73017132e-49 3.65582806e-49 3.58409264e-49
 3.51485893e-49 3.44802544e-49 3.38349512e-49 3.32117514e-49
 3.26097672e-49 3.20281490e-49 3.14660842e-49 3.09227950e-49
 3.03975371e-49 2.98895982e-49 2.93982963e-49 2.89229786e-49
 2.84630198e-49 2.80178215e-49 2.75868104e-49 2.71694372e-49
 2.67651761e-49 2.63735230e-49 2.59939952e-49 2.56261298e-49
 2.52694835e-49 2.49236311e-49 2.45881652e-49 2.42626952e-49
 2.39468465e-49 2.36402600e-49 2.33425912e-49 2.30535097e-49
 2.27726986e-49 2.24998538e-49 2.22346837e-49 2.19769082e-49
 2.17262587e-49 2.14824774e-49 2.12453168e-49 2.10145392e-49
 2.07899166e-49 2.05712298e-49 2.03582685e-49 2.01508307e-49
 1.99487223e-49 1.97517568e-49 1.95597552e-49 1.93725453e-49
 1.91899617e-49 1.90118456e-49 1.88380441e-49 1.86684104e-49
 1.85028034e-49 1.83410872e-49 1.81831313e-49 1.80288102e-49
 1.78780033e-49 1.77305942e-49 1.75864714e-49 1.74455273e-49
 1.73076585e-49 1.71727654e-49 1.70407523e-49 1.69115270e-49
 1.67850007e-49 1.66610879e-49 1.65397063e-49 1.64207768e-49
 1.63042230e-49 1.61899714e-49 1.60779512e-49 1.59680942e-49
 1.58603347e-49 1.57546093e-49 1.56508570e-49 1.55490189e-49
 1.54490384e-49 1.53508608e-49 1.52544333e-49 1.51597052e-49
 1.50666273e-49 1.49751525e-49 1.48852351e-49 1.47968311e-49
 1.47098981e-49 1.46243950e-49 1.45402823e-49 1.44575219e-49
 1.43760769e-49 1.42959117e-49 1.42169921e-49 1.41392847e-49
 1.40627577e-49 1.39873799e-49 1.39131216e-49 1.38399539e-49
 1.37678488e-49 1.36967793e-49 1.36267195e-49 1.35576440e-49
 1.34895285e-49 1.34223495e-49 1.33560841e-49 1.32907103e-49
 1.32262068e-49 1.31625530e-49 1.30997288e-49 1.30377150e-49
 1.29764929e-49 1.29160443e-49 1.28563518e-49 1.27973984e-49
 1.27391675e-49 1.26816434e-49 1.26248106e-49 1.25686541e-49
 1.25131595e-49 1.24583127e-49 1.24041002e-49 1.23505087e-49
 1.22975254e-49 1.22451380e-49 1.21933344e-49 1.21421030e-49
 1.20914324e-49 1.20413117e-49 1.19917302e-49 1.19426775e-49
 1.18941436e-49 1.18461187e-49 1.17985934e-49 1.17515584e-49
 1.17050049e-49 1.16589241e-49 1.16133075e-49 1.15681471e-49
 1.15234347e-49 1.14791626e-49 1.14353234e-49 1.13919096e-49
 1.13489141e-49 1.13063300e-49 1.12641505e-49 1.12223691e-49
 1.11809792e-49 1.11399747e-49 1.10993496e-49 1.10590979e-49
 1.10192137e-49 1.09796916e-49 1.09405261e-49 1.09017118e-49
 1.08632434e-49 1.08251160e-49 1.07873247e-49 1.07498644e-49
 1.07127307e-49 1.06759188e-49 1.06394243e-49 1.06032429e-49
 1.05673701e-49 1.05318020e-49 1.04965343e-49 1.04615632e-49
 1.04268847e-49 1.03924951e-49 1.03583905e-49 1.03245675e-49
 1.02910224e-49 1.02577518e-49 1.02247523e-49 1.01920205e-49
 1.01595532e-49 1.01273473e-49 1.00953996e-49 1.00637071e-49
 1.00322668e-49 1.00010757e-49 9.97013105e-50 9.93943002e-50
 9.90896985e-50 9.87874786e-50 9.84876141e-50 9.81900792e-50
 9.78948484e-50 9.76018970e-50 9.73112007e-50 9.70227354e-50
 9.67364777e-50 9.64524047e-50 9.61704938e-50 9.58907227e-50
 9.56130698e-50 9.53375136e-50 9.50640332e-50 9.47926081e-50
 9.45232178e-50 9.42558427e-50 9.39904631e-50 9.37270598e-50
 9.34656140e-50 9.32061071e-50 9.29485210e-50 9.26928376e-50
 9.24390394e-50 9.21871090e-50 9.19370294e-50 9.16887838e-50
 9.14423557e-50 9.11977288e-50 9.09548872e-50 9.07138152e-50
 9.04744972e-50 9.02369181e-50 9.00010627e-50 8.97669164e-50
 8.95344646e-50 8.93036930e-50 8.90745874e-50 8.88471340e-50
 8.86213190e-50 8.83971289e-50 8.81745505e-50 8.79535707e-50
 8.77341764e-50 8.75163551e-50 8.73000941e-50 8.70853811e-50
 8.68722038e-50 8.66605503e-50 8.64504088e-50 8.62417674e-50
 8.60346146e-50 8.58289392e-50 8.56247299e-50 8.54219756e-50
 8.52206653e-50 8.50207884e-50 8.48223343e-50 8.46252923e-50
 8.44296523e-50 8.42354039e-50 8.40425372e-50 8.38510421e-50
 8.36609090e-50 8.34721280e-50 8.32846897e-50 8.30985846e-50
 8.29138034e-50 8.27303370e-50 8.25481762e-50 8.23673122e-50
 8.21877361e-50 8.20094392e-50 8.18324128e-50 8.16566485e-50
 8.14821380e-50 8.13088728e-50 8.11368449e-50 8.09660461e-50
 8.07964686e-50 8.06281044e-50 8.04609457e-50 8.02949850e-50
 8.01302147e-50 7.99666273e-50 7.98042153e-50 7.96429716e-50
 7.94828890e-50 7.93239603e-50 7.91661786e-50 7.90095369e-50
 7.88540285e-50 7.86996466e-50 7.85463846e-50 7.83942359e-50
 7.82431940e-50 7.80932527e-50 7.79444055e-50 7.77966462e-50
 7.76499688e-50 7.75043672e-50 7.73598354e-50 7.72163676e-50
 7.70739578e-50 7.69326005e-50 7.67922900e-50 7.66530207e-50
 7.65147872e-50 7.63775839e-50 7.62414057e-50 7.61062472e-50
 7.59721033e-50 7.58389688e-50 7.57068388e-50 7.55757083e-50
 7.54455724e-50 7.53164264e-50 7.51882655e-50 7.50610850e-50
 7.49348804e-50 7.48096472e-50 7.46853810e-50 7.45620773e-50
 7.44397320e-50 7.43183407e-50 7.41978995e-50 7.40784041e-50
 7.39598506e-50 7.38422351e-50 7.37255538e-50 7.36098027e-50
 7.34949783e-50 7.33810770e-50 7.32680950e-50 7.31560290e-50
 7.30448755e-50 7.29346311e-50 7.28252927e-50 7.27168569e-50
 7.26093206e-50 7.25026808e-50 7.23969344e-50 7.22920786e-50
 7.21881104e-50 7.20850271e-50 7.19828261e-50 7.18815045e-50
 7.17810600e-50 7.16814899e-50 7.15827918e-50 7.14849635e-50
 7.13880025e-50 7.12919068e-50 7.11966741e-50 7.11023025e-50
 7.10087899e-50 7.09161344e-50 7.08243342e-50 7.07333875e-50
 7.06432926e-50 7.05540479e-50 7.04656520e-50 7.03781032e-50
 7.02914002e-50 7.02055418e-50 7.01205267e-50 7.00363538e-50
 6.99530219e-50 6.98705301e-50 6.97888776e-50 6.97080634e-50
 6.96280868e-50 6.95489472e-50 6.94706440e-50 6.93931767e-50
 6.93165449e-50 6.92407484e-50 6.91657868e-50 6.90916601e-50
 6.90183683e-50 6.89459113e-50 6.88742895e-50 6.88035030e-50
 6.87335522e-50 6.86644376e-50 6.85961599e-50 6.85287197e-50
 6.84621179e-50 6.83963554e-50 6.83314335e-50 6.82673533e-50
 6.82041163e-50 6.81417241e-50 6.80801786e-50 6.80194817e-50
 6.79596357e-50 6.79006433e-50 6.78425073e-50 6.77852309e-50
 6.77288179e-50 6.76732726e-50 6.76185999e-50 6.75648057e-50
 6.75118968e-50 6.74598814e-50 6.74087697e-50 6.73585743e-50
 6.73093110e-50 6.72610006e-50 6.72136705e-50 6.71673582e-50
 6.71221165e-50 6.70780224e-50 6.70351921e-50 6.69938100e-50
 6.69541839e-50 6.69168632e-50 6.68829121e-50 6.68546321e-50
 6.68378191e-50 6.68508837e-50 6.69817814e-50 6.84004419e-50
 7.27732326e-50 6.69862539e-50 6.66867024e-50 6.65888317e-50
 6.65318630e-50 6.64888409e-50 6.64522138e-50 6.64192087e-50
 6.63886188e-50 6.63598534e-50 6.63325977e-50 6.63066734e-50
 6.62819746e-50 6.62584364e-50 6.62360185e-50 6.62146955e-50
 6.61944521e-50 6.61752793e-50 6.61571726e-50 6.61401306e-50
 6.61241545e-50 6.61092467e-50 6.60954114e-50 6.60826535e-50
 6.60709788e-50 6.60603938e-50 6.60509054e-50 6.60425213e-50
 6.60352493e-50 6.60290979e-50 6.60240755e-50 6.60201914e-50
 6.60174546e-50 6.60158749e-50 6.60154621e-50 6.60162264e-50
 6.60181781e-50 6.60213280e-50 6.60256870e-50 6.60312664e-50
 6.60380775e-50 6.60461322e-50 6.60554424e-50 6.60660205e-50
 6.60778789e-50 6.60910305e-50 6.61054885e-50 6.61212661e-50
 6.61383770e-50 6.61568353e-50 6.61766550e-50 6.61978509e-50
 6.62204377e-50 6.62444305e-50 6.62698450e-50 6.62966967e-50
 6.63250019e-50 6.63547769e-50 6.63860387e-50 6.64188041e-50
 6.64530908e-50 6.64889165e-50 6.65262994e-50 6.65652581e-50
 6.66058115e-50 6.66479787e-50 6.66917797e-50 6.67372343e-50
 6.67843632e-50 6.68331871e-50 6.68837275e-50 6.69360060e-50
 6.69900449e-50 6.70458668e-50 6.71034947e-50 6.71629522e-50
 6.72242634e-50 6.72874528e-50 6.73525453e-50 6.74195667e-50
 6.74885429e-50 6.75595005e-50 6.76324669e-50 6.77074698e-50
 6.77845377e-50 6.78636998e-50 6.79449860e-50 6.80284270e-50
 6.81140549e-50 6.82019026e-50 6.82920051e-50 6.83843996e-50
 6.84791278e-50 6.85762382e-50 6.86757936e-50 6.87778892e-50
 6.88827063e-50 6.89907141e-50 6.91037746e-50 6.92385598e-50
 7.14824313e-50 6.94585886e-50 6.95646874e-50 6.96843462e-50
 6.98085259e-50 6.99360326e-50 7.00665935e-50 7.02001430e-50
 7.03366799e-50 7.04762282e-50 7.06188233e-50 7.07645067e-50
 7.09133236e-50 7.10653214e-50 7.12205498e-50 7.13790598e-50
 7.15409039e-50 7.17061360e-50 7.18748111e-50 7.20469856e-50
 7.22227170e-50 7.24020644e-50 7.25850876e-50 7.27718483e-50
 7.29624091e-50 7.31568340e-50 7.33551885e-50 7.35575394e-50
 7.37639548e-50 7.39745045e-50 7.41892595e-50 7.44082926e-50
 7.46316779e-50 7.48594912e-50 7.50918099e-50 7.53287130e-50
 7.55702815e-50 7.58165976e-50 7.60677457e-50 7.63238119e-50
 7.65848841e-50 7.68510522e-50 7.71224079e-50 7.73990452e-50
 7.76810600e-50 7.79685501e-50 7.82616159e-50 7.85603597e-50
 7.88648864e-50 7.91753033e-50 7.94917203e-50 7.98142504e-50
 8.01430102e-50 8.04781212e-50 8.08197138e-50 8.11679384e-50
 8.15230144e-50 8.18855569e-50 8.22642291e-50 8.26426542e-50
 8.30128026e-50 8.34021964e-50 8.37997792e-50 8.42051668e-50
 8.46184109e-50 8.50396353e-50 8.54689850e-50 8.59066146e-50
 8.63526844e-50 8.68073598e-50 8.72708104e-50 8.77432101e-50
 8.82247371e-50 8.87155736e-50 8.92159062e-50 8.97259260e-50
 9.02458283e-50 9.07758133e-50 9.13160857e-50 9.18668550e-50
 9.24283357e-50 9.30007475e-50 9.35843150e-50 9.41792683e-50
 9.47858430e-50 9.54042802e-50 9.60348267e-50 9.66777354e-50
 9.73332652e-50 9.80016810e-50 9.86832545e-50 9.93782635e-50
 1.00086993e-49 1.00809735e-49 1.01546789e-49 1.02298462e-49
 1.03065072e-49 1.03846951e-49 1.04644469e-49 1.05458262e-49
 1.06334031e-49 1.07134431e-49 1.07996819e-49 1.08877228e-49
 1.09775449e-49 1.10691809e-49 1.11626696e-49 1.12580513e-49
 1.13553678e-49 1.14546668e-49 1.15559780e-49 1.16593610e-49
 1.17648573e-49 1.18725144e-49 1.19823810e-49 1.20945071e-49
 1.22089438e-49 1.23257437e-49 1.24449606e-49 1.25666497e-49
 1.26908677e-49 1.28176726e-49 1.29471242e-49 1.30792834e-49
 1.32142130e-49 1.33519773e-49 1.34926423e-49 1.36362758e-49
 1.37829473e-49 1.39327284e-49 1.40856932e-49 1.42419224e-49
 1.44016405e-49 1.45645010e-49 1.47308995e-49 1.49009322e-49
 1.50746326e-49 1.52520849e-49 1.54333784e-49 1.56186055e-49
 1.58078608e-49 1.60012419e-49 1.61988488e-49 1.64007842e-49
 1.66071537e-49 1.68180655e-49 1.70336309e-49 1.72539643e-49
 1.74791830e-49 1.77094076e-49 1.79447619e-49 1.81853732e-49
 1.84313722e-49 1.86828933e-49 1.89400745e-49 1.92030575e-49
 1.94719885e-49 1.97470183e-49 2.00283143e-49 2.03161745e-49
 2.06102468e-49 2.09112400e-49 2.12191477e-49 2.15341433e-49
 2.18564078e-49 2.21861276e-49 2.25234946e-49 2.28687062e-49
 2.32219651e-49 2.35834801e-49 2.39534657e-49 2.43321427e-49
 2.47197380e-49 2.51164853e-49 2.55226247e-49 2.59384035e-49
 2.63640760e-49 2.67999038e-49 2.72461563e-49 2.77031110e-49
 2.81710559e-49 2.86543708e-49 2.91410801e-49 2.96437718e-49
 3.01586809e-49 3.06861336e-49 3.12264687e-49 3.17800356e-49
 3.23471940e-49 3.29283145e-49 3.35237787e-49 3.41339796e-49
 3.47593221e-49 3.54002233e-49 3.60571129e-49 3.67304338e-49
 3.74206420e-49 3.81282079e-49 3.88536160e-49 3.95973667e-49
 4.03600007e-49 4.11419699e-49 4.19438898e-49 4.27663134e-49
 4.36098172e-49 4.44750006e-49 4.53624822e-49 4.62729000e-49
 4.72069122e-49 4.81651978e-49 4.91484575e-49 5.01574141e-49
 5.11928137e-49 5.22554261e-49 5.33460461e-49 5.44654941e-49
 5.56146176e-49 5.67943052e-49 5.80054171e-49 5.92489212e-49
 6.05257771e-49 6.18369757e-49 6.31835447e-49 6.45665458e-49
 6.59870761e-49 6.74462695e-49 6.89452976e-49 7.04853719e-49
 7.20677444e-49 7.36937096e-49 7.53646062e-49 7.70818187e-49
 7.88467817e-49 8.06609726e-49 8.25259114e-49 8.44432019e-49
 8.64144768e-49 8.84414325e-49 9.05258248e-49 9.26694712e-49
 9.48742526e-49 9.71421165e-49 9.94750787e-49 1.01875227e-48
 1.04344722e-48 1.06885802e-48 1.09500792e-48 1.12192069e-48
 1.14962139e-48 1.17813573e-48 1.20749035e-48 1.23771287e-48
 1.26883187e-48 1.30087698e-48 1.33387885e-48 1.36786924e-48
 1.40288104e-48 1.43894825e-48 1.47610612e-48 1.51439268e-48
 1.55384078e-48 1.59449426e-48 1.63639179e-48 1.67957502e-48
 1.72408691e-48 1.76997185e-48 1.81727558e-48 1.86604524e-48
 1.91632936e-48 1.96817782e-48 2.02164189e-48 2.07677401e-48
 2.13362797e-48 2.19225869e-48 2.25272207e-48 2.31507495e-48
 2.37937482e-48 2.44567971e-48 2.51404783e-48 2.58453725e-48
 2.65720553e-48 2.73210935e-48 2.80930306e-48 2.88883974e-48
 2.97076861e-48 3.05513485e-48 3.14197831e-48 3.23133204e-48
 3.32322067e-48 3.41765847e-48 3.51464707e-48 3.61417304e-48
 3.71620340e-48 3.82068483e-48 3.92753661e-48 4.03664720e-48
 4.14786835e-48 4.26100871e-48 4.37582655e-48 4.49202145e-48
 4.60922507e-48 4.72699072e-48 4.84478215e-48 4.96196116e-48
 5.07777445e-48 5.19134008e-48 5.30163382e-48 5.40747609e-48
 5.50752048e-48 5.60024512e-48 5.68394755e-48 5.75674801e-48
 5.81659846e-48 5.86130490e-48 5.88856271e-48 5.89600879e-48
 5.88129209e-48 5.84216392e-48 5.77658699e-48 5.68286075e-48
 5.55975661e-48 5.40665436e-48 5.22366808e-48 5.01174743e-48
 4.77274021e-48 4.50940370e-48 4.22535589e-48 3.92496630e-48
 3.61318876e-48 3.29535196e-48 2.97692481e-48 2.66327851e-48
 2.35946699e-48 2.07004328e-48 1.79892390e-48 1.54930708e-48
 1.32364254e-48 1.12364761e-48 9.50359437e-49 8.04212401e-49
 6.85130125e-49 5.92622491e-49 5.25880882e-49 4.83865600e-49
 4.65383255e-49 4.69152066e-49 4.93855089e-49 5.38181930e-49
 6.00860314e-49 6.80678663e-49 7.76501424e-49 8.87278473e-49
 1.01204989e-48 1.14994729e-48 1.30019236e-48 1.46209409e-48
 1.63504417e-48 1.81851214e-48 2.01203987e-48 2.21523668e-48
 2.42777079e-48 2.64937008e-48 2.87981097e-48 3.11891673e-48
 3.36655247e-48 3.62262112e-48 3.88705961e-48 4.15983569e-48
 4.44094460e-48 4.73040643e-48 5.02826348e-48 5.33457794e-48
 5.64942976e-48 5.97291470e-48 6.30514249e-48 6.64623515e-48], asd_array=[7.29787696e-24 7.06016790e-24 6.83426832e-24 6.61933507e-24
 6.41459521e-24 6.21934021e-24 6.03292055e-24 5.85474083e-24
 5.68425512e-24 5.52096280e-24 5.36440460e-24 5.21415905e-24
 5.06983921e-24 4.93108959e-24 4.79758344e-24 4.66902015e-24
 4.54512302e-24 4.42563704e-24 4.31032705e-24 4.19897592e-24
 4.09138297e-24 3.98736248e-24 3.88674242e-24 3.78936317e-24
 3.69406442e-24 3.60080663e-24 3.51051928e-24 3.42307528e-24
 3.33835564e-24 3.25624880e-24 3.17665003e-24 3.09946087e-24
 3.02458862e-24 2.95194586e-24 2.88145008e-24 2.81302326e-24
 2.74659151e-24 2.68208479e-24 2.61943662e-24 2.55858377e-24
 2.49946610e-24 2.44202627e-24 2.38537737e-24 2.33031224e-24
 2.27680188e-24 2.22479774e-24 2.17425322e-24 2.12512362e-24
 2.07736598e-24 2.03093903e-24 1.98580301e-24 1.94191968e-24
 1.89925215e-24 1.85776485e-24 1.81742348e-24 1.77819490e-24
 1.74004710e-24 1.70294912e-24 1.66687106e-24 1.63178394e-24
 1.59765976e-24 1.56447136e-24 1.53219248e-24 1.50079763e-24
 1.47026212e-24 1.44056203e-24 1.41167413e-24 1.38357590e-24
 1.35624550e-24 1.32966172e-24 1.30380398e-24 1.27865229e-24
 1.25418725e-24 1.23039000e-24 1.20724225e-24 1.18472621e-24
 1.16282460e-24 1.14152063e-24 1.12079799e-24 1.10064079e-24
 1.08103364e-24 1.06196153e-24 1.04340990e-24 1.02536455e-24
 1.00781172e-24 9.90737988e-25 9.74130311e-25 9.57976002e-25
 9.42262716e-25 9.26978439e-25 9.12111482e-25 8.97650468e-25
 8.83584326e-25 8.69902276e-25 8.56593826e-25 8.43648763e-25
 8.31057141e-25 8.18809279e-25 8.06895746e-25 7.95307362e-25
 7.84035184e-25 7.73354336e-25 7.63042830e-25 7.52999319e-25
 7.43216706e-25 7.33688071e-25 7.24406667e-25 7.15365922e-25
 7.06559425e-25 6.97980928e-25 6.89624340e-25 6.81483723e-25
 6.73553287e-25 6.65827388e-25 6.58300522e-25 6.50967326e-25
 6.43822568e-25 6.36861149e-25 6.30078097e-25 6.23468565e-25
 6.17027830e-25 6.10751285e-25 6.04634440e-25 5.98672919e-25
 5.92862457e-25 5.87198896e-25 5.81678186e-25 5.76296377e-25
 5.71049623e-25 5.65934175e-25 5.60946380e-25 5.56082683e-25
 5.51339615e-25 5.46713803e-25 5.42201958e-25 5.37800879e-25
 5.33507449e-25 5.29318633e-25 5.25231476e-25 5.21243103e-25
 5.17350714e-25 5.13551585e-25 5.09843066e-25 5.06222578e-25
 5.02687611e-25 4.99235726e-25 4.95864550e-25 4.92571773e-25
 4.89355153e-25 4.86212505e-25 4.83141710e-25 4.80140706e-25
 4.77207487e-25 4.74340108e-25 4.71536676e-25 4.68795352e-25
 4.66114350e-25 4.63491936e-25 4.60926424e-25 4.58416178e-25
 4.55959610e-25 4.53555177e-25 4.51201380e-25 4.48896767e-25
 4.46639925e-25 4.44429486e-25 4.42264120e-25 4.40142537e-25
 4.38063485e-25 4.36025751e-25 4.34028157e-25 4.32069560e-25
 4.30148850e-25 4.28264955e-25 4.26416830e-25 4.24603465e-25
 4.22823879e-25 4.21077121e-25 4.19362270e-25 4.17678432e-25
 4.16024740e-25 4.14400355e-25 4.12804461e-25 4.11236270e-25
 4.09695017e-25 4.08179959e-25 4.06690378e-25 4.05225577e-25
 4.03784881e-25 4.02367636e-25 4.00973207e-25 3.99600979e-25
 3.98250357e-25 3.96920764e-25 3.95611640e-25 3.94322443e-25
 3.93052648e-25 3.91801745e-25 3.90569242e-25 3.89354660e-25
 3.88157537e-25 3.86977422e-25 3.85813881e-25 3.84666493e-25
 3.83534849e-25 3.82418553e-25 3.81317221e-25 3.80230481e-25
 3.79157974e-25 3.78099349e-25 3.77054268e-25 3.76022403e-25
 3.75003436e-25 3.73997058e-25 3.73002971e-25 3.72020885e-25
 3.71050519e-25 3.70091601e-25 3.69143867e-25 3.68207061e-25
 3.67280935e-25 3.66365248e-25 3.65459767e-25 3.64564265e-25
 3.63678523e-25 3.62802329e-25 3.61935475e-25 3.61077762e-25
 3.60228995e-25 3.59388986e-25 3.58557552e-25 3.57734516e-25
 3.56919704e-25 3.56112951e-25 3.55314095e-25 3.54522977e-25
 3.53739445e-25 3.52963351e-25 3.52194551e-25 3.51432905e-25
 3.50678277e-25 3.49930536e-25 3.49189553e-25 3.48455205e-25
 3.47727371e-25 3.47005932e-25 3.46290776e-25 3.45581792e-25
 3.44878871e-25 3.44181910e-25 3.43490806e-25 3.42805461e-25
 3.42125779e-25 3.41451667e-25 3.40783033e-25 3.40119789e-25
 3.39461849e-25 3.38809130e-25 3.38161550e-25 3.37519031e-25
 3.36881495e-25 3.36248867e-25 3.35621074e-25 3.34998046e-25
 3.34379712e-25 3.33766007e-25 3.33156864e-25 3.32552219e-25
 3.31952011e-25 3.31356178e-25 3.30764661e-25 3.30177403e-25
 3.29594348e-25 3.29015441e-25 3.28440629e-25 3.27869859e-25
 3.27303081e-25 3.26740246e-25 3.26181304e-25 3.25626210e-25
 3.25074916e-25 3.24527379e-25 3.23983554e-25 3.23443399e-25
 3.22906871e-25 3.22373930e-25 3.21844536e-25 3.21318650e-25
 3.20796235e-25 3.20277252e-25 3.19761665e-25 3.19249440e-25
 3.18740541e-25 3.18234934e-25 3.17732586e-25 3.17233464e-25
 3.16737537e-25 3.16244774e-25 3.15755143e-25 3.15268616e-25
 3.14785162e-25 3.14304754e-25 3.13827364e-25 3.13352963e-25
 3.12881525e-25 3.12413023e-25 3.11947433e-25 3.11484727e-25
 3.11024883e-25 3.10567875e-25 3.10113679e-25 3.09662272e-25
 3.09213631e-25 3.08767734e-25 3.08324558e-25 3.07884082e-25
 3.07446284e-25 3.07011144e-25 3.06578641e-25 3.06148754e-25
 3.05721465e-25 3.05296753e-25 3.04874599e-25 3.04454985e-25
 3.04037891e-25 3.03623301e-25 3.03211196e-25 3.02801558e-25
 3.02394371e-25 3.01989617e-25 3.01587280e-25 3.01187342e-25
 3.00789789e-25 3.00394604e-25 3.00001771e-25 2.99611276e-25
 2.99223102e-25 2.98837235e-25 2.98453660e-25 2.98072364e-25
 2.97693330e-25 2.97316547e-25 2.96941999e-25 2.96569673e-25
 2.96199555e-25 2.95831633e-25 2.95465893e-25 2.95102323e-25
 2.94740910e-25 2.94381641e-25 2.94024504e-25 2.93669487e-25
 2.93316578e-25 2.92965765e-25 2.92617036e-25 2.92270381e-25
 2.91925787e-25 2.91583244e-25 2.91242741e-25 2.90904267e-25
 2.90567810e-25 2.90233361e-25 2.89900909e-25 2.89570444e-25
 2.89241956e-25 2.88915434e-25 2.88590869e-25 2.88268251e-25
 2.87947571e-25 2.87628818e-25 2.87311984e-25 2.86997060e-25
 2.86684035e-25 2.86372902e-25 2.86063652e-25 2.85756275e-25
 2.85450763e-25 2.85147107e-25 2.84845300e-25 2.84545332e-25
 2.84247196e-25 2.83950884e-25 2.83656387e-25 2.83363697e-25
 2.83072808e-25 2.82783711e-25 2.82496399e-25 2.82210864e-25
 2.81927099e-25 2.81645096e-25 2.81364850e-25 2.81086351e-25
 2.80809595e-25 2.80534573e-25 2.80261279e-25 2.79989707e-25
 2.79719849e-25 2.79451700e-25 2.79185253e-25 2.78920502e-25
 2.78657440e-25 2.78396062e-25 2.78136361e-25 2.77878332e-25
 2.77621969e-25 2.77367267e-25 2.77114218e-25 2.76862819e-25
 2.76613064e-25 2.76364947e-25 2.76118463e-25 2.75873607e-25
 2.75630374e-25 2.75388759e-25 2.75148758e-25 2.74910364e-25
 2.74673574e-25 2.74438384e-25 2.74204787e-25 2.73972782e-25
 2.73742361e-25 2.73513523e-25 2.73286262e-25 2.73060574e-25
 2.72836456e-25 2.72613904e-25 2.72392914e-25 2.72173482e-25
 2.71955604e-25 2.71739278e-25 2.71524499e-25 2.71311265e-25
 2.71099573e-25 2.70889418e-25 2.70680799e-25 2.70473712e-25
 2.70268155e-25 2.70064124e-25 2.69861618e-25 2.69660633e-25
 2.69461167e-25 2.69263218e-25 2.69066784e-25 2.68871863e-25
 2.68678452e-25 2.68486549e-25 2.68296154e-25 2.68107263e-25
 2.67919876e-25 2.67733991e-25 2.67549606e-25 2.67366721e-25
 2.67185334e-25 2.67005443e-25 2.66827049e-25 2.66650150e-25
 2.66474745e-25 2.66300834e-25 2.66128417e-25 2.65957492e-25
 2.65788060e-25 2.65620120e-25 2.65453672e-25 2.65288717e-25
 2.65125254e-25 2.64963284e-25 2.64802807e-25 2.64643824e-25
 2.64486336e-25 2.64330343e-25 2.64175846e-25 2.64022846e-25
 2.63871345e-25 2.63721344e-25 2.63572844e-25 2.63425847e-25
 2.63280354e-25 2.63136368e-25 2.62993891e-25 2.62852925e-25
 2.62713472e-25 2.62575535e-25 2.62439116e-25 2.62304218e-25
 2.62170845e-25 2.62039000e-25 2.61908686e-25 2.61779907e-25
 2.61652666e-25 2.61526969e-25 2.61402818e-25 2.61280220e-25
 2.61159178e-25 2.61039698e-25 2.60921786e-25 2.60805448e-25
 2.60690690e-25 2.60577519e-25 2.60465943e-25 2.60355970e-25
 2.60247609e-25 2.60140871e-25 2.60035767e-25 2.59932310e-25
 2.59830515e-25 2.59730401e-25 2.59631989e-25 2.59535305e-25
 2.59440380e-25 2.59347259e-25 2.59255994e-25 2.59166661e-25
 2.59079363e-25 2.58994252e-25 2.58911553e-25 2.58831625e-25
 2.58755065e-25 2.58682939e-25 2.58617308e-25 2.58562627e-25
 2.58530112e-25 2.58555378e-25 2.58808387e-25 2.61534781e-25
 2.69765143e-25 2.58817028e-25 2.58237686e-25 2.58048119e-25
 2.57937712e-25 2.57854302e-25 2.57783269e-25 2.57719244e-25
 2.57659890e-25 2.57604063e-25 2.57551156e-25 2.57500822e-25
 2.57452859e-25 2.57407141e-25 2.57363592e-25 2.57322163e-25
 2.57282825e-25 2.57245562e-25 2.57210366e-25 2.57177236e-25
 2.57146173e-25 2.57117185e-25 2.57090279e-25 2.57065465e-25
 2.57042757e-25 2.57022166e-25 2.57003707e-25 2.56987395e-25
 2.56973246e-25 2.56961277e-25 2.56951504e-25 2.56943946e-25
 2.56938620e-25 2.56935546e-25 2.56934743e-25 2.56936230e-25
 2.56940028e-25 2.56946158e-25 2.56954640e-25 2.56965496e-25
 2.56978749e-25 2.56994420e-25 2.57012534e-25 2.57033112e-25
 2.57056178e-25 2.57081758e-25 2.57109876e-25 2.57140557e-25
 2.57173826e-25 2.57209711e-25 2.57248236e-25 2.57289430e-25
 2.57333320e-25 2.57379934e-25 2.57429301e-25 2.57481449e-25
 2.57536409e-25 2.57594210e-25 2.57654883e-25 2.57718459e-25
 2.57784970e-25 2.57854448e-25 2.57926927e-25 2.58002438e-25
 2.58081017e-25 2.58162698e-25 2.58247516e-25 2.58335507e-25
 2.58426708e-25 2.58521154e-25 2.58618885e-25 2.58719937e-25
 2.58824351e-25 2.58932166e-25 2.59043422e-25 2.59158161e-25
 2.59276423e-25 2.59398251e-25 2.59523689e-25 2.59652781e-25
 2.59785571e-25 2.59922105e-25 2.60062429e-25 2.60206591e-25
 2.60354638e-25 2.60506621e-25 2.60662590e-25 2.60822597e-25
 2.60986695e-25 2.61154940e-25 2.61327391e-25 2.61504110e-25
 2.61685169e-25 2.61870652e-25 2.62060668e-25 2.62255389e-25
 2.62455151e-25 2.62660835e-25 2.62875968e-25 2.63132210e-25
 2.67361986e-25 2.63549974e-25 2.63751185e-25 2.63977928e-25
 2.64213031e-25 2.64454216e-25 2.64700951e-25 2.64953096e-25
 2.65210633e-25 2.65473592e-25 2.65742024e-25 2.66015990e-25
 2.66295557e-25 2.66580797e-25 2.66871785e-25 2.67168598e-25
 2.67471314e-25 2.67780014e-25 2.68094780e-25 2.68415695e-25
 2.68742846e-25 2.69076317e-25 2.69416198e-25 2.69762578e-25
 2.70115548e-25 2.70475200e-25 2.70841630e-25 2.71214932e-25
 2.71595204e-25 2.71982544e-25 2.72377054e-25 2.72778835e-25
 2.73187990e-25 2.73604626e-25 2.74028849e-25 2.74460768e-25
 2.74900494e-25 2.75348139e-25 2.75803817e-25 2.76267645e-25
 2.76739741e-25 2.77220223e-25 2.77709215e-25 2.78206839e-25
 2.78713222e-25 2.79228491e-25 2.79752776e-25 2.80286210e-25
 2.80828927e-25 2.81381064e-25 2.81942761e-25 2.82514160e-25
 2.83095408e-25 2.83686660e-25 2.84288082e-25 2.84899874e-25
 2.85522354e-25 2.86156525e-25 2.86817414e-25 2.87476354e-25
 2.88119424e-25 2.88794384e-25 2.89481915e-25 2.90181265e-25
 2.90892439e-25 2.91615561e-25 2.92350791e-25 2.93098302e-25
 2.93858273e-25 2.94630887e-25 2.95416334e-25 2.96214804e-25
 2.97026492e-25 2.97851597e-25 2.98690318e-25 2.99542862e-25
 3.00409434e-25 3.01290248e-25 3.02185515e-25 3.03095455e-25
 3.04020288e-25 3.04960239e-25 3.05915536e-25 3.06886409e-25
 3.07873096e-25 3.08875833e-25 3.09894864e-25 3.10930435e-25
 3.11982796e-25 3.13052202e-25 3.14138909e-25 3.15243182e-25
 3.16365284e-25 3.17505488e-25 3.18664069e-25 3.19841308e-25
 3.21037494e-25 3.22252930e-25 3.23487974e-25 3.24743378e-25
 3.26088992e-25 3.27313963e-25 3.28628694e-25 3.29965495e-25
 3.31323782e-25 3.32703786e-25 3.34105815e-25 3.35530196e-25
 3.36977266e-25 3.38447438e-25 3.39940848e-25 3.41458065e-25
 3.42999378e-25 3.44565152e-25 3.46155760e-25 3.47771579e-25
 3.49412991e-25 3.51080385e-25 3.52774157e-25 3.54494706e-25
 3.56242441e-25 3.58017774e-25 3.59821125e-25 3.61652919e-25
 3.63513590e-25 3.65403575e-25 3.67323322e-25 3.69273284e-25
 3.71253920e-25 3.73265702e-25 3.75309115e-25 3.77384716e-25
 3.79494934e-25 3.81634656e-25 3.83808539e-25 3.86017256e-25
 3.88260642e-25 3.90539177e-25 3.92853388e-25 3.95203814e-25
 3.97591006e-25 4.00015524e-25 4.02477935e-25 4.04978817e-25
 4.07518756e-25 4.10098348e-25 4.12718196e-25 4.15378915e-25
 4.18081128e-25 4.20825469e-25 4.23612581e-25 4.26443117e-25
 4.29317741e-25 4.32237126e-25 4.35201958e-25 4.38212934e-25
 4.41270762e-25 4.44376173e-25 4.47530047e-25 4.50734673e-25
 4.53985097e-25 4.57288093e-25 4.60642461e-25 4.64048955e-25
 4.67508372e-25 4.71021524e-25 4.74589240e-25 4.78212361e-25
 4.81891742e-25 4.85628254e-25 4.89422779e-25 4.93276217e-25
 4.97189481e-25 5.01163499e-25 5.05199216e-25 5.09297590e-25
 5.13459599e-25 5.17686235e-25 5.21978508e-25 5.26337449e-25
 5.30764127e-25 5.35297776e-25 5.39824787e-25 5.44460943e-25
 5.49169199e-25 5.53950662e-25 5.58806484e-25 5.63737843e-25
 5.68745937e-25 5.73831984e-25 5.78997225e-25 5.84242925e-25
 5.89570370e-25 5.94980868e-25 6.00475753e-25 6.06056382e-25
 6.11724138e-25 6.17480428e-25 6.23326688e-25 6.29264385e-25
 6.35295212e-25 6.41420064e-25 6.47641025e-25 6.53959581e-25
 6.60377295e-25 6.66895798e-25 6.73516757e-25 6.80241868e-25
 6.87072865e-25 6.94011512e-25 7.01059609e-25 7.08218992e-25
 7.15491535e-25 7.22879147e-25 7.30383777e-25 7.38007413e-25
 7.45752087e-25 7.53619965e-25 7.61612875e-25 7.69733209e-25
 7.77983143e-25 7.86364901e-25 7.94880776e-25 8.03533110e-25
 8.12324296e-25 8.21256778e-25 8.30333051e-25 8.39555668e-25
 8.48927231e-25 8.58450404e-25 8.68127907e-25 8.77962520e-25
 8.87957103e-25 8.98114539e-25 9.08437733e-25 9.18929823e-25
 9.29593873e-25 9.40433052e-25 9.51450602e-25 9.62649839e-25
 9.74034150e-25 9.85607003e-25 9.97371940e-25 1.00933258e-24
 1.02149264e-24 1.03385590e-24 1.04642626e-24 1.05920758e-24
 1.07220399e-24 1.08541961e-24 1.09885866e-24 1.11252545e-24
 1.12642437e-24 1.14055994e-24 1.15493673e-24 1.16955942e-24
 1.18443279e-24 1.19956169e-24 1.21495108e-24 1.23060663e-24
 1.24653150e-24 1.26273285e-24 1.27921530e-24 1.29598419e-24
 1.31304490e-24 1.33040289e-24 1.34806364e-24 1.36603267e-24
 1.38431548e-24 1.40291761e-24 1.42184454e-24 1.44110167e-24
 1.46069434e-24 1.48062780e-24 1.50090708e-24 1.52153703e-24
 1.54252223e-24 1.56386691e-24 1.58557492e-24 1.60764960e-24
 1.63009372e-24 1.65290936e-24 1.67609757e-24 1.69965871e-24
 1.72359177e-24 1.74789441e-24 1.77256264e-24 1.79759062e-24
 1.82297029e-24 1.84869102e-24 1.87473920e-24 1.90109785e-24
 1.92774568e-24 1.95465722e-24 1.98180135e-24 2.00914091e-24
 2.03663162e-24 2.06422109e-24 2.09184764e-24 2.11943895e-24
 2.14691059e-24 2.17416437e-24 2.20108658e-24 2.22754599e-24
 2.25339177e-24 2.27845125e-24 2.30252770e-24 2.32539805e-24
 2.34681070e-24 2.36648370e-24 2.38410309e-24 2.39932241e-24
 2.41176252e-24 2.42101320e-24 2.42663609e-24 2.42816984e-24
 2.42513754e-24 2.41705687e-24 2.40345314e-24 2.38387515e-24
 2.35791361e-24 2.32522136e-24 2.28553453e-24 2.23869324e-24
 2.18466020e-24 2.12353566e-24 2.05556705e-24 1.98115277e-24
 1.90083896e-24 1.81531043e-24 1.72537672e-24 1.63195543e-24
 1.53605566e-24 1.43876450e-24 1.34123969e-24 1.24471165e-24
 1.15049665e-24 1.06002246e-24 9.74863804e-25 8.96778903e-25
 8.27725876e-25 7.69819778e-25 7.25176449e-25 6.95604485e-25
 6.82190043e-25 6.84946761e-25 7.02748240e-25 7.33608840e-25
 7.75151801e-25 8.25032522e-25 8.81193182e-25 9.41954602e-25
 1.00600691e-24 1.07235595e-24 1.14025978e-24 1.20917083e-24
 1.27868846e-24 1.34852220e-24 1.41846391e-24 1.48836712e-24
 1.55813054e-24 1.62768857e-24 1.69700058e-24 1.76604551e-24
 1.83481674e-24 1.90331845e-24 1.97156273e-24 2.03956752e-24
 2.10735488e-24 2.17494975e-24 2.24237898e-24 2.30967053e-24
 2.37685291e-24 2.44395473e-24 2.51100428e-24 2.57802931e-24]), minimum_frequency=10.0, maximum_frequency=2048.0, length=40.0, latitude=46.0, longitude=-124.99999999999999, elevation=0.0, xarm_azimuth=260.0, yarm_azimuth=349.99999999999994, xarm_tilt=0.0, yarm_tilt=0.0).
The injected SNR is (67.47060240857002+1.441520918093218e-17j) in Interferometer(name='A1', power_spectral_density=PowerSpectralDensity(frequency_array=[   5.           5.01153      5.0230867 ... 4977.0194    4988.4965
 5000.       ], psd_array=[3.99805824e-40 3.78691522e-40 3.58724926e-40 ... 1.51962966e-46
 1.52659591e-46 1.53359419e-46], asd_array=[1.9995145e-20 1.9459998e-20 1.8940035e-20 ... 1.2327326e-23 1.2355549e-23
 1.2383837e-23]), minimum_frequency=10.0, maximum_frequency=2048.0, length=4.0, latitude=19.613306027777778, longitude=77.03086102777777, elevation=440.0, xarm_azimuth=117.6157, yarm_azimuth=207.6165, xarm_tilt=0.0, yarm_tilt=0.0).
20305it [00:00, ?it/s]20305it [02:20, ?it/s, bound:1174 nc:3417 ncall:4.0e+07 eff:0.1% logz-ratio=112370.25+/-0.03 dlogz:10.173>0.01]20310it [02:20, 49.99it/s, bound:1174 nc:  1 ncall:4.0e+07 eff:0.1% logz-ratio=112371.86+/-0.31 dlogz:7.590>0.01]20316it [02:20, 55.87it/s, bound:1174 nc:  1 ncall:4.0e+07 eff:0.1% logz-ratio=112371.01+/-0.22 dlogz:8.987>0.01]20320it [02:40, 55.87it/s, bound:1175 nc:  1 ncall:4.0e+07 eff:0.1% logz-ratio=112375.72+/-0.93 dlogz:0.194>0.01]20321it [04:43, 12.22s/it, bound:1175 nc:3029 ncall:4.0e+07 eff:0.1% logz-ratio=112370.31+/-0.02 dlogz:10.081>0.01]20326it [04:43,  7.58s/it, bound:1175 nc:  1 ncall:4.0e+07 eff:0.1% logz-ratio=112372.93+/-0.37 dlogz:5.746>0.01]  20332it [04:43,  4.60s/it, bound:1175 nc:  1 ncall:4.0e+07 eff:0.1% logz-ratio=112372.00+/-0.31 dlogz:7.355>0.01]20336it [05:00,  4.60s/it, bound:1176 nc:  1 ncall:4.0e+07 eff:0.1% logz-ratio=112375.70+/-0.93 dlogz:0.192>0.01]20337it [07:02, 12.05s/it, bound:1176 nc:3471 ncall:4.0e+07 eff:0.1% logz-ratio=112370.37+/-0.03 dlogz:9.989>0.01]20339it [07:14, 11.10s/it, bound:1176 nc:3429 ncall:4.0e+07 eff:0.1% logz-ratio=112370.38+/-0.03 dlogz:9.978>0.01]20344it [07:14,  7.16s/it, bound:1176 nc:  1 ncall:4.0e+07 eff:0.1% logz-ratio=112372.96+/-0.37 dlogz:5.689>0.01] 20350it [07:14,  4.46s/it, bound:1176 nc:  1 ncall:4.0e+07 eff:0.1% logz-ratio=112371.35+/-0.25 dlogz:8.437>0.01]20352it [07:30,  4.46s/it, bound:1177 nc:  1 ncall:4.0e+07 eff:0.1% logz-ratio=112375.86+/-0.88 dlogz:0.160>0.01]20353it [09:39, 13.76s/it, bound:1177 nc:2595 ncall:4.0e+07 eff:0.1% logz-ratio=112370.43+/-0.02 dlogz:9.898>0.01]20358it [09:39,  9.14s/it, bound:1177 nc:  1 ncall:4.0e+07 eff:0.1% logz-ratio=112372.41+/-0.33 dlogz:6.660>0.01] 20365it [09:39,  5.47s/it, bound:1177 nc:  1 ncall:4.0e+07 eff:0.1% logz-ratio=112370.97+/-0.19 dlogz:9.043>0.01]20368it [09:50,  5.47s/it, bound:1178 nc:3159 ncall:4.0e+07 eff:0.1% logz-ratio=112370.49+/-0.02 dlogz:9.813>0.01]20369it [11:58, 12.67s/it, bound:1178 nc:2748 ncall:4.0e+07 eff:0.1% logz-ratio=112370.49+/-0.03 dlogz:9.807>0.01]20373it [11:58,  9.37s/it, bound:1178 nc:  1 ncall:4.0e+07 eff:0.1% logz-ratio=112371.46+/-0.25 dlogz:8.269>0.01] 20379it [11:58,  6.02s/it, bound:1178 nc:3484 ncall:4.0e+07 eff:0.1% logz-ratio=112370.53+/-0.03 dlogz:9.750>0.01]20384it [12:10,  6.02s/it, bound:1179 nc:3329 ncall:4.0e+07 eff:0.1% logz-ratio=112370.55+/-0.03 dlogz:9.721>0.01]20385it [14:18, 11.91s/it, bound:1179 nc:3344 ncall:4.0e+07 eff:0.1% logz-ratio=112370.55+/-0.03 dlogz:9.715>0.01]20389it [14:18,  9.01s/it, bound:1179 nc:  1 ncall:4.0e+07 eff:0.1% logz-ratio=112372.69+/-0.34 dlogz:6.191>0.01] 20395it [14:18,  5.92s/it, bound:1179 nc:  1 ncall:4.0e+07 eff:0.1% logz-ratio=112371.00+/-0.18 dlogz:9.009>0.01]20400it [14:30,  5.92s/it, bound:1180 nc:3555 ncall:4.0e+07 eff:0.1% logz-ratio=112370.61+/-0.02 dlogz:9.630>0.01]20401it [16:45, 12.02s/it, bound:1180 nc:3415 ncall:4.0e+07 eff:0.1% logz-ratio=112370.61+/-0.03 dlogz:9.624>0.01]20405it [16:45,  9.16s/it, bound:1180 nc:  1 ncall:4.0e+07 eff:0.1% logz-ratio=112371.39+/-0.23 dlogz:8.381>0.01] 20410it [16:45,  6.43s/it, bound:1180 nc:3069 ncall:4.0e+07 eff:0.1% logz-ratio=112370.64+/-0.03 dlogz:9.573>0.01]20415it [16:45,  4.51s/it, bound:1180 nc:  1 ncall:4.0e+07 eff:0.1% logz-ratio=112373.04+/-0.36 dlogz:5.529>0.01] 20416it [17:00,  4.51s/it, bound:1181 nc:2395 ncall:4.0e+07 eff:0.1% logz-ratio=112370.67+/-0.03 dlogz:9.540>0.01]20417it [19:12, 14.56s/it, bound:1181 nc:3173 ncall:4.0e+07 eff:0.1% logz-ratio=112370.67+/-0.03 dlogz:9.534>0.01]20418it [19:24, 14.30s/it, bound:1181 nc:2212 ncall:4.0e+07 eff:0.1% logz-ratio=112370.67+/-0.03 dlogz:9.529>0.01]20423it [19:24,  8.55s/it, bound:1181 nc:  1 ncall:4.0e+07 eff:0.1% logz-ratio=112373.18+/-0.37 dlogz:5.263>0.01] 20429it [19:24,  5.06s/it, bound:1181 nc:  1 ncall:4.0e+07 eff:0.1% logz-ratio=112371.69+/-0.26 dlogz:7.887>0.01]20432it [19:40,  5.06s/it, bound:1182 nc:  1 ncall:4.0e+07 eff:0.1% logz-ratio=112376.04+/-0.80 dlogz:0.117>0.01]20433it [21:55, 14.22s/it, bound:1182 nc:3731 ncall:4.0e+07 eff:0.1% logz-ratio=112370.73+/-0.02 dlogz:9.445>0.01]20438it [21:55,  9.48s/it, bound:1182 nc:  1 ncall:4.0e+07 eff:0.1% logz-ratio=112371.97+/-0.28 dlogz:7.408>0.01] 20444it [21:55,  6.04s/it, bound:1182 nc:  1 ncall:4.0e+07 eff:0.1% logz-ratio=112370.88+/-0.10 dlogz:9.193>0.01]20448it [22:10,  6.04s/it, bound:1183 nc:  1 ncall:4.0e+07 eff:0.1% logz-ratio=112376.02+/-0.81 dlogz:0.115>0.01]20449it [24:22, 13.11s/it, bound:1183 nc:3087 ncall:4.0e+07 eff:0.1% logz-ratio=112370.78+/-0.03 dlogz:9.358>0.01]20453it [24:23,  9.75s/it, bound:1183 nc:  1 ncall:4.0e+07 eff:0.1% logz-ratio=112372.60+/-0.33 dlogz:6.360>0.01] 20459it [24:23,  6.30s/it, bound:1183 nc:  1 ncall:4.0e+07 eff:0.1% logz-ratio=112371.24+/-0.18 dlogz:8.624>0.01]20463it [24:40,  6.30s/it, bound:1184 nc:  1 ncall:4.0e+07 eff:0.1% logz-ratio=112376.00+/-0.81 dlogz:0.115>0.01]20464it [26:50, 13.15s/it, bound:1184 nc:3278 ncall:4.0e+07 eff:0.1% logz-ratio=112370.83+/-0.03 dlogz:9.275>0.01]20469it [26:50,  9.24s/it, bound:1184 nc:  1 ncall:4.0e+07 eff:0.1% logz-ratio=112372.80+/-0.34 dlogz:6.009>0.01] 20475it [26:50,  6.12s/it, bound:1184 nc:  1 ncall:4.0e+07 eff:0.1% logz-ratio=112371.47+/-0.21 dlogz:8.249>0.01]20479it [27:10,  6.12s/it, bound:1185 nc:  1 ncall:4.0e+07 eff:0.1% logz-ratio=112376.00+/-0.81 dlogz:0.111>0.01]20480it [29:13, 12.58s/it, bound:1185 nc:2685 ncall:4.0e+07 eff:0.1% logz-ratio=112370.89+/-0.03 dlogz:9.188>0.01]20485it [29:13,  8.93s/it, bound:1185 nc:  1 ncall:4.0e+07 eff:0.1% logz-ratio=112372.79+/-0.33 dlogz:6.013>0.01] 20491it [29:13,  5.96s/it, bound:1185 nc:  1 ncall:4.0e+07 eff:0.1% logz-ratio=112371.46+/-0.20 dlogz:8.269>0.01]20495it [29:30,  5.96s/it, bound:1186 nc:  1 ncall:4.0e+07 eff:0.1% logz-ratio=112376.07+/-0.77 dlogz:0.100>0.01]20496it [31:41, 12.66s/it, bound:1186 nc:3368 ncall:4.0e+07 eff:0.1% logz-ratio=112370.94+/-0.03 dlogz:9.102>0.01]20498it [31:52, 11.70s/it, bound:1186 nc:3444 ncall:4.0e+07 eff:0.1% logz-ratio=112370.95+/-0.03 dlogz:9.091>0.01]20503it [31:53,  7.82s/it, bound:1186 nc:  1 ncall:4.0e+07 eff:0.1% logz-ratio=112373.49+/-0.38 dlogz:4.673>0.01] 20509it [31:53,  4.98s/it, bound:1186 nc:  1 ncall:4.0e+07 eff:0.1% logz-ratio=112371.98+/-0.26 dlogz:7.412>0.01]20511it [32:10,  4.98s/it, bound:1187 nc:  1 ncall:4.0e+07 eff:0.1% logz-ratio=112376.05+/-0.77 dlogz:0.100>0.01]20512it [34:25, 14.43s/it, bound:1187 nc:3697 ncall:4.0e+07 eff:0.1% logz-ratio=112371.00+/-0.03 dlogz:9.017>0.01]20517it [34:25,  9.69s/it, bound:1187 nc:  1 ncall:4.0e+07 eff:0.1% logz-ratio=112373.14+/-0.35 dlogz:5.378>0.01] 20523it [34:25,  6.20s/it, bound:1187 nc:  1 ncall:4.0e+07 eff:0.1% logz-ratio=112372.15+/-0.27 dlogz:7.144>0.01]20527it [34:40,  6.20s/it, bound:1188 nc:  1 ncall:4.0e+07 eff:0.1% logz-ratio=112376.03+/-0.78 dlogz:0.098>0.01]20528it [36:49, 12.98s/it, bound:1188 nc:3437 ncall:4.0e+07 eff:0.1% logz-ratio=112371.05+/-0.03 dlogz:8.931>0.01]20533it [36:49,  9.09s/it, bound:1188 nc:  1 ncall:4.0e+07 eff:0.1% logz-ratio=112373.72+/-0.38 dlogz:4.234>0.01] 20539it [36:49,  6.00s/it, bound:1188 nc:  1 ncall:4.0e+07 eff:0.1% logz-ratio=112372.38+/-0.29 dlogz:6.754>0.01]20543it [37:00,  6.00s/it, bound:1189 nc:  1 ncall:4.0e+07 eff:0.1% logz-ratio=112376.01+/-0.78 dlogz:0.097>0.01]20544it [39:15, 12.63s/it, bound:1189 nc:3205 ncall:4.0e+07 eff:0.1% logz-ratio=112371.10+/-0.03 dlogz:8.845>0.01]20549it [39:15,  8.96s/it, bound:1189 nc:  1 ncall:4.0e+07 eff:0.1% logz-ratio=112373.36+/-0.36 dlogz:4.937>0.01] 20555it [39:15,  5.98s/it, bound:1189 nc:  1 ncall:4.0e+07 eff:0.1% logz-ratio=112372.07+/-0.25 dlogz:7.274>0.01]20558it [39:30,  5.98s/it, bound:1190 nc:2949 ncall:4.0e+07 eff:0.1% logz-ratio=112371.15+/-0.03 dlogz:8.771>0.01]20559it [41:45, 13.61s/it, bound:1190 nc:3012 ncall:4.0e+07 eff:0.1% logz-ratio=112371.15+/-0.03 dlogz:8.765>0.01]20563it [41:45, 10.13s/it, bound:1190 nc:  1 ncall:4.0e+07 eff:0.1% logz-ratio=112373.33+/-0.35 dlogz:5.007>0.01] 20569it [41:46,  6.55s/it, bound:1190 nc:  1 ncall:4.0e+07 eff:0.1% logz-ratio=112372.03+/-0.24 dlogz:7.332>0.01]20574it [42:00,  6.55s/it, bound:1191 nc:2927 ncall:4.0e+07 eff:0.1% logz-ratio=112371.20+/-0.03 dlogz:8.686>0.01]20575it [44:19, 12.93s/it, bound:1191 nc:3111 ncall:4.0e+07 eff:0.1% logz-ratio=112371.21+/-0.03 dlogz:8.681>0.01]20576it [44:31, 12.85s/it, bound:1191 nc:3214 ncall:4.0e+07 eff:0.1% logz-ratio=112371.21+/-0.03 dlogz:8.676>0.01]20581it [44:31,  8.41s/it, bound:1191 nc:  1 ncall:4.0e+07 eff:0.1% logz-ratio=112373.38+/-0.35 dlogz:4.938>0.01] 20587it [44:31,  5.28s/it, bound:1191 nc:  1 ncall:4.1e+07 eff:0.1% logz-ratio=112371.75+/-0.19 dlogz:7.806>0.01]20590it [44:50,  5.28s/it, bound:1192 nc:3580 ncall:4.1e+07 eff:0.1% logz-ratio=112371.26+/-0.03 dlogz:8.601>0.01]20591it [47:14, 14.59s/it, bound:1192 nc:2530 ncall:4.1e+07 eff:0.1% logz-ratio=112371.26+/-0.03 dlogz:8.595>0.01]20595it [47:14, 10.62s/it, bound:1192 nc:  1 ncall:4.1e+07 eff:0.1% logz-ratio=112373.16+/-0.34 dlogz:5.341>0.01] 20601it [47:14,  6.72s/it, bound:1192 nc:  1 ncall:4.1e+07 eff:0.1% logz-ratio=112372.18+/-0.25 dlogz:7.085>0.01]20606it [47:30,  6.72s/it, bound:1193 nc:3320 ncall:4.1e+07 eff:0.1% logz-ratio=112371.31+/-0.03 dlogz:8.514>0.01]20607it [49:48, 13.21s/it, bound:1193 nc:3018 ncall:4.1e+07 eff:0.1% logz-ratio=112371.31+/-0.04 dlogz:8.508>0.01]20611it [49:48,  9.95s/it, bound:1193 nc:  1 ncall:4.1e+07 eff:0.1% logz-ratio=112371.66+/-0.16 dlogz:7.956>0.01] 20616it [49:48,  6.91s/it, bound:1193 nc:3139 ncall:4.1e+07 eff:0.1% logz-ratio=112371.35+/-0.03 dlogz:8.459>0.01]20621it [49:48,  4.81s/it, bound:1193 nc:  1 ncall:4.1e+07 eff:0.1% logz-ratio=112372.00+/-0.22 dlogz:7.377>0.01] 20622it [50:00,  4.81s/it, bound:1194 nc:3155 ncall:4.1e+07 eff:0.1% logz-ratio=112371.37+/-0.03 dlogz:8.426>0.01]20623it [52:17, 15.18s/it, bound:1194 nc:3278 ncall:4.1e+07 eff:0.1% logz-ratio=112371.37+/-0.04 dlogz:8.420>0.01]20626it [52:18, 11.53s/it, bound:1194 nc:3182 ncall:4.1e+07 eff:0.1% logz-ratio=112371.38+/-0.03 dlogz:8.404>0.01]20631it [52:18,  7.33s/it, bound:1194 nc:  1 ncall:4.1e+07 eff:0.1% logz-ratio=112372.06+/-0.22 dlogz:7.282>0.01] 20636it [52:18,  4.83s/it, bound:1194 nc:2764 ncall:4.1e+07 eff:0.1% logz-ratio=112371.42+/-0.03 dlogz:8.349>0.01]20638it [52:30,  4.83s/it, bound:1195 nc:3235 ncall:4.1e+07 eff:0.1% logz-ratio=112371.42+/-0.03 dlogz:8.338>0.01]20639it [55:02, 16.19s/it, bound:1195 nc:3327 ncall:4.1e+07 eff:0.1% logz-ratio=112371.43+/-0.04 dlogz:8.333>0.01]20640it [55:15, 15.83s/it, bound:1195 nc:3426 ncall:4.1e+07 eff:0.1% logz-ratio=112371.43+/-0.03 dlogz:8.327>0.01]20645it [55:15,  9.34s/it, bound:1195 nc:  1 ncall:4.1e+07 eff:0.1% logz-ratio=112373.54+/-0.36 dlogz:4.582>0.01] 20651it [55:15,  5.49s/it, bound:1195 nc:  1 ncall:4.1e+07 eff:0.1% logz-ratio=112372.10+/-0.22 dlogz:7.214>0.01]20654it [55:30,  5.49s/it, bound:1196 nc:3737 ncall:4.1e+07 eff:0.1% logz-ratio=112371.48+/-0.03 dlogz:8.252>0.01]20655it [57:58, 15.44s/it, bound:1196 nc:3643 ncall:4.1e+07 eff:0.1% logz-ratio=112371.48+/-0.04 dlogz:8.246>0.01]20659it [57:58, 11.01s/it, bound:1196 nc:  1 ncall:4.1e+07 eff:0.1% logz-ratio=112373.46+/-0.35 dlogz:4.738>0.01] 20665it [57:58,  6.82s/it, bound:1196 nc:  1 ncall:4.1e+07 eff:0.1% logz-ratio=112372.32+/-0.24 dlogz:6.861>0.01]20670it [58:10,  6.82s/it, bound:1197 nc:2793 ncall:4.1e+07 eff:0.1% logz-ratio=112371.53+/-0.03 dlogz:8.166>0.01]20671it [1:00:32, 13.43s/it, bound:1197 nc:3622 ncall:4.1e+07 eff:0.1% logz-ratio=112371.53+/-0.04 dlogz:8.161>0.01]20675it [1:00:32, 10.06s/it, bound:1197 nc:  1 ncall:4.1e+07 eff:0.1% logz-ratio=112373.41+/-0.34 dlogz:4.846>0.01] 20681it [1:00:32,  6.54s/it, bound:1197 nc:  1 ncall:4.1e+07 eff:0.1% logz-ratio=112372.21+/-0.22 dlogz:7.041>0.01]20686it [1:00:50,  6.54s/it, bound:1198 nc:3619 ncall:4.1e+07 eff:0.1% logz-ratio=112371.58+/-0.04 dlogz:8.083>0.01]20687it [1:03:11, 13.23s/it, bound:1198 nc:2873 ncall:4.1e+07 eff:0.1% logz-ratio=112371.59+/-0.04 dlogz:8.078>0.01]20690it [1:03:12, 10.69s/it, bound:1198 nc:3370 ncall:4.1e+07 eff:0.1% logz-ratio=112371.59+/-0.04 dlogz:8.062>0.01]20695it [1:03:12,  7.34s/it, bound:1198 nc:  1 ncall:4.1e+07 eff:0.1% logz-ratio=112372.44+/-0.24 dlogz:6.655>0.01] 20700it [1:03:12,  5.07s/it, bound:1198 nc:3570 ncall:4.1e+07 eff:0.1% logz-ratio=112371.63+/-0.04 dlogz:8.011>0.01]20702it [1:03:30,  5.07s/it, bound:1199 nc:3396 ncall:4.1e+07 eff:0.1% logz-ratio=112371.63+/-0.04 dlogz:8.001>0.01]20703it [1:05:45, 14.72s/it, bound:1199 nc:3023 ncall:4.1e+07 eff:0.1% logz-ratio=112371.64+/-0.04 dlogz:7.996>0.01]20704it [1:05:57, 14.45s/it, bound:1199 nc:3613 ncall:4.1e+07 eff:0.1% logz-ratio=112371.64+/-0.04 dlogz:7.991>0.01]20709it [1:05:57,  8.77s/it, bound:1199 nc:  1 ncall:4.1e+07 eff:0.1% logz-ratio=112374.13+/-0.40 dlogz:3.292>0.01] 20715it [1:05:57,  5.24s/it, bound:1199 nc:  1 ncall:4.1e+07 eff:0.1% logz-ratio=112372.68+/-0.26 dlogz:6.253>0.01]20718it [1:06:10,  5.24s/it, bound:1200 nc:3294 ncall:4.1e+07 eff:0.1% logz-ratio=112371.68+/-0.04 dlogz:7.919>0.01]20719it [1:08:27, 14.21s/it, bound:1200 nc:3101 ncall:4.1e+07 eff:0.1% logz-ratio=112371.69+/-0.04 dlogz:7.914>0.01]20723it [1:08:27, 10.19s/it, bound:1200 nc:  1 ncall:4.1e+07 eff:0.1% logz-ratio=112371.88+/-0.13 dlogz:7.584>0.01] 20728it [1:08:27,  6.77s/it, bound:1200 nc:2730 ncall:4.1e+07 eff:0.1% logz-ratio=112371.71+/-0.04 dlogz:7.868>0.01]20733it [1:08:28,  4.58s/it, bound:1200 nc:  1 ncall:4.1e+07 eff:0.1% logz-ratio=112372.29+/-0.21 dlogz:6.905>0.01] 20734it [1:08:40,  4.58s/it, bound:1201 nc:2822 ncall:4.1e+07 eff:0.1% logz-ratio=112371.73+/-0.04 dlogz:7.837>0.01]20735it [1:11:04, 16.07s/it, bound:1201 nc:2806 ncall:4.1e+07 eff:0.1% logz-ratio=112371.73+/-0.04 dlogz:7.832>0.01]20739it [1:11:04, 11.11s/it, bound:1201 nc:  1 ncall:4.1e+07 eff:0.1% logz-ratio=112373.45+/-0.33 dlogz:4.762>0.01] 20745it [1:11:04,  6.69s/it, bound:1201 nc:  1 ncall:4.1e+07 eff:0.1% logz-ratio=112372.50+/-0.23 dlogz:6.552>0.01]20750it [1:11:20,  6.69s/it, bound:1202 nc:3165 ncall:4.1e+07 eff:0.1% logz-ratio=112371.78+/-0.04 dlogz:7.757>0.01]20751it [1:13:31, 13.16s/it, bound:1202 nc:3417 ncall:4.1e+07 eff:0.1% logz-ratio=112371.78+/-0.04 dlogz:7.752>0.01]20752it [1:13:31, 12.12s/it, bound:1202 nc:3451 ncall:4.1e+07 eff:0.1% logz-ratio=112371.79+/-0.04 dlogz:7.747>0.01]20756it [1:13:31,  8.35s/it, bound:1202 nc:2437 ncall:4.1e+07 eff:0.1% logz-ratio=112371.80+/-0.04 dlogz:7.727>0.01]20760it [1:13:31,  5.78s/it, bound:1202 nc:3696 ncall:4.1e+07 eff:0.1% logz-ratio=112371.81+/-0.04 dlogz:7.707>0.01]20765it [1:13:31,  3.74s/it, bound:1203 nc:  1 ncall:4.1e+07 eff:0.1% logz-ratio=112371.96+/-0.11 dlogz:7.462>0.01] 20765it [1:13:50,  3.74s/it, bound:1203 nc:  1 ncall:4.1e+07 eff:0.1% logz-ratio=112375.89+/-0.79 dlogz:0.071>0.01]20766it [1:15:59, 16.97s/it, bound:1203 nc:2917 ncall:4.1e+07 eff:0.1% logz-ratio=112371.83+/-0.04 dlogz:7.677>0.01]20768it [1:16:12, 14.84s/it, bound:1203 nc:2481 ncall:4.1e+07 eff:0.1% logz-ratio=112371.83+/-0.04 dlogz:7.667>0.01]20773it [1:16:12,  8.52s/it, bound:1203 nc:  1 ncall:4.1e+07 eff:0.1% logz-ratio=112372.99+/-0.28 dlogz:5.682>0.01] 20778it [1:16:12,  5.30s/it, bound:1203 nc:2643 ncall:4.1e+07 eff:0.1% logz-ratio=112371.86+/-0.04 dlogz:7.616>0.01]20781it [1:16:30,  5.30s/it, bound:1204 nc:  1 ncall:4.1e+07 eff:0.1% logz-ratio=112375.87+/-0.80 dlogz:0.071>0.01] 20782it [1:18:47, 15.35s/it, bound:1204 nc:2193 ncall:4.1e+07 eff:0.1% logz-ratio=112371.88+/-0.04 dlogz:7.596>0.01]20787it [1:18:47,  9.98s/it, bound:1204 nc:  1 ncall:4.1e+07 eff:0.1% logz-ratio=112373.86+/-0.36 dlogz:3.930>0.01] 20793it [1:18:47,  6.24s/it, bound:1204 nc:  1 ncall:4.1e+07 eff:0.1% logz-ratio=112372.85+/-0.26 dlogz:5.995>0.01]20797it [1:19:00,  6.24s/it, bound:1205 nc:3358 ncall:4.1e+07 eff:0.1% logz-ratio=112371.92+/-0.04 dlogz:7.559>0.01]20798it [1:21:24, 14.04s/it, bound:1205 nc:3158 ncall:4.1e+07 eff:0.1% logz-ratio=112371.93+/-0.04 dlogz:7.554>0.01]20802it [1:21:25, 10.38s/it, bound:1205 nc:  1 ncall:4.1e+07 eff:0.1% logz-ratio=112372.99+/-0.27 dlogz:5.731>0.01] 20807it [1:21:25,  7.09s/it, bound:1205 nc:3437 ncall:4.1e+07 eff:0.1% logz-ratio=112371.95+/-0.04 dlogz:7.509>0.01]20812it [1:21:25,  4.88s/it, bound:1205 nc:  1 ncall:4.1e+07 eff:0.1% logz-ratio=112373.26+/-0.30 dlogz:5.212>0.01] 20813it [1:21:40,  4.88s/it, bound:1206 nc:2627 ncall:4.1e+07 eff:0.1% logz-ratio=112371.97+/-0.04 dlogz:7.479>0.01]20814it [1:23:55, 15.54s/it, bound:1206 nc:3007 ncall:4.1e+07 eff:0.1% logz-ratio=112371.97+/-0.04 dlogz:7.474>0.01]20818it [1:23:55, 10.86s/it, bound:1206 nc:  1 ncall:4.1e+07 eff:0.1% logz-ratio=112373.50+/-0.32 dlogz:4.736>0.01] 20824it [1:23:56,  6.60s/it, bound:1206 nc:  1 ncall:4.1e+07 eff:0.1% logz-ratio=112372.50+/-0.20 dlogz:6.583>0.01]20828it [1:24:10,  6.60s/it, bound:1207 nc:2356 ncall:4.1e+07 eff:0.1% logz-ratio=112372.02+/-0.04 dlogz:7.404>0.01]20829it [1:26:21, 13.75s/it, bound:1207 nc:2657 ncall:4.1e+07 eff:0.1% logz-ratio=112372.02+/-0.04 dlogz:7.399>0.01]20831it [1:26:33, 12.54s/it, bound:1207 nc:2955 ncall:4.1e+07 eff:0.1% logz-ratio=112372.03+/-0.04 dlogz:7.389>0.01]20836it [1:26:33,  8.10s/it, bound:1207 nc:  1 ncall:4.1e+07 eff:0.1% logz-ratio=112374.42+/-0.41 dlogz:2.679>0.01] 20842it [1:26:33,  5.04s/it, bound:1207 nc:  1 ncall:4.1e+07 eff:0.1% logz-ratio=112373.29+/-0.29 dlogz:5.148>0.01]20843it [1:26:50,  5.04s/it, bound:1208 nc:2751 ncall:4.1e+07 eff:0.1% logz-ratio=112372.06+/-0.04 dlogz:7.329>0.01]20844it [1:29:01, 15.58s/it, bound:1208 nc:3806 ncall:4.1e+07 eff:0.1% logz-ratio=112372.06+/-0.04 dlogz:7.324>0.01]20848it [1:29:01, 10.86s/it, bound:1208 nc:  1 ncall:4.1e+07 eff:0.1% logz-ratio=112373.84+/-0.35 dlogz:4.006>0.01] 20854it [1:29:01,  6.58s/it, bound:1208 nc:  1 ncall:4.1e+07 eff:0.1% logz-ratio=112372.80+/-0.23 dlogz:6.074>0.01]20859it [1:29:20,  6.58s/it, bound:1209 nc:3358 ncall:4.1e+07 eff:0.1% logz-ratio=112372.11+/-0.04 dlogz:7.247>0.01]20860it [1:31:27, 12.95s/it, bound:1209 nc:3224 ncall:4.1e+07 eff:0.1% logz-ratio=112372.11+/-0.05 dlogz:7.242>0.01]20864it [1:31:27,  9.65s/it, bound:1209 nc:  1 ncall:4.1e+07 eff:0.1% logz-ratio=112374.26+/-0.39 dlogz:3.023>0.01] 20870it [1:31:27,  6.24s/it, bound:1209 nc:  1 ncall:4.1e+07 eff:0.1% logz-ratio=112373.27+/-0.28 dlogz:5.170>0.01]20875it [1:31:40,  6.24s/it, bound:1210 nc:3329 ncall:4.1e+07 eff:0.1% logz-ratio=112372.16+/-0.04 dlogz:7.166>0.01]20876it [1:33:55, 12.42s/it, bound:1210 nc:3511 ncall:4.1e+07 eff:0.1% logz-ratio=112372.16+/-0.05 dlogz:7.161>0.01]20880it [1:33:55,  9.42s/it, bound:1210 nc:  1 ncall:4.1e+07 eff:0.1% logz-ratio=112373.88+/-0.35 dlogz:3.909>0.01] 20886it [1:33:55,  6.21s/it, bound:1210 nc:  1 ncall:4.1e+07 eff:0.1% logz-ratio=112372.66+/-0.19 dlogz:6.305>0.01]20891it [1:34:10,  6.21s/it, bound:1211 nc:3586 ncall:4.1e+07 eff:0.1% logz-ratio=112372.21+/-0.05 dlogz:7.085>0.01]20892it [1:36:23, 12.25s/it, bound:1211 nc:3271 ncall:4.1e+07 eff:0.1% logz-ratio=112372.21+/-0.05 dlogz:7.080>0.01]20896it [1:36:23,  9.34s/it, bound:1211 nc:  1 ncall:4.1e+07 eff:0.1% logz-ratio=112374.22+/-0.38 dlogz:3.131>0.01] 20902it [1:36:23,  6.19s/it, bound:1211 nc:  1 ncall:4.1e+07 eff:0.1% logz-ratio=112373.25+/-0.27 dlogz:5.235>0.01]20907it [1:36:40,  6.19s/it, bound:1212 nc:2686 ncall:4.2e+07 eff:0.1% logz-ratio=112372.26+/-0.05 dlogz:7.005>0.01]20908it [1:38:58, 12.56s/it, bound:1212 nc:2094 ncall:4.2e+07 eff:0.1% logz-ratio=112372.26+/-0.05 dlogz:7.000>0.01]20910it [1:39:11, 11.76s/it, bound:1212 nc:3331 ncall:4.2e+07 eff:0.1% logz-ratio=112372.27+/-0.05 dlogz:6.990>0.01]20915it [1:39:11,  7.96s/it, bound:1212 nc:  1 ncall:4.2e+07 eff:0.1% logz-ratio=112373.07+/-0.24 dlogz:6.981>0.01] 20921it [1:39:11,  5.12s/it, bound:1212 nc:3316 ncall:4.2e+07 eff:0.1% logz-ratio=112372.30+/-0.05 dlogz:8.345>0.01]20923it [1:39:30,  5.12s/it, bound:1213 nc:  1 ncall:4.2e+07 eff:0.1% logz-ratio=112376.04+/-0.89 dlogz:0.181>0.01] 20924it [1:41:52, 15.01s/it, bound:1213 nc:2944 ncall:4.2e+07 eff:0.1% logz-ratio=112372.31+/-0.04 dlogz:8.330>0.01]20929it [1:41:52, 10.12s/it, bound:1213 nc:  1 ncall:4.2e+07 eff:0.1% logz-ratio=112373.19+/-0.25 dlogz:6.746>0.01] 20935it [1:41:52,  6.50s/it, bound:1213 nc:  1 ncall:4.2e+07 eff:0.1% logz-ratio=112372.66+/-0.16 dlogz:7.733>0.01]20939it [1:42:10,  6.50s/it, bound:1214 nc:  1 ncall:4.2e+07 eff:0.1% logz-ratio=112376.01+/-0.90 dlogz:0.180>0.01]20940it [1:44:20, 13.38s/it, bound:1214 nc:2954 ncall:4.2e+07 eff:0.1% logz-ratio=112372.35+/-0.05 dlogz:8.252>0.01]20945it [1:44:20,  9.38s/it, bound:1214 nc:  1 ncall:4.2e+07 eff:0.1% logz-ratio=112374.04+/-0.35 dlogz:4.958>0.01] 20951it [1:44:20,  6.20s/it, bound:1214 nc:  1 ncall:4.2e+07 eff:0.1% logz-ratio=112373.05+/-0.23 dlogz:7.018>0.01]20955it [1:44:40,  6.20s/it, bound:1215 nc:  1 ncall:4.2e+07 eff:0.1% logz-ratio=112375.99+/-0.91 dlogz:0.178>0.01]20956it [1:46:57, 13.46s/it, bound:1215 nc:3041 ncall:4.2e+07 eff:0.1% logz-ratio=112372.40+/-0.05 dlogz:8.174>0.01]20961it [1:46:58,  9.55s/it, bound:1215 nc:  1 ncall:4.2e+07 eff:0.1% logz-ratio=112374.03+/-0.35 dlogz:4.962>0.01] 20967it [1:46:58,  6.37s/it, bound:1215 nc:  1 ncall:4.2e+07 eff:0.1% logz-ratio=112373.21+/-0.24 dlogz:6.708>0.01]20971it [1:47:10,  6.37s/it, bound:1216 nc:  1 ncall:4.2e+07 eff:0.1% logz-ratio=112375.97+/-0.91 dlogz:0.176>0.01]20972it [1:49:56, 14.72s/it, bound:1216 nc:3728 ncall:4.2e+07 eff:0.1% logz-ratio=112372.45+/-0.05 dlogz:8.096>0.01]20974it [1:50:09, 13.52s/it, bound:1216 nc:3048 ncall:4.2e+07 eff:0.1% logz-ratio=112372.45+/-0.05 dlogz:8.087>0.01]20979it [1:50:09,  9.03s/it, bound:1216 nc:  1 ncall:4.2e+07 eff:0.1% logz-ratio=112373.85+/-0.32 dlogz:5.373>0.01] 20985it [1:50:09,  5.76s/it, bound:1216 nc:3179 ncall:4.2e+07 eff:0.1% logz-ratio=112372.48+/-0.05 dlogz:8.034>0.01]20987it [1:50:20,  5.76s/it, bound:1217 nc:  1 ncall:4.2e+07 eff:0.1% logz-ratio=112375.96+/-0.92 dlogz:0.173>0.01] 20988it [1:53:37, 18.84s/it, bound:1217 nc:3173 ncall:4.2e+07 eff:0.1% logz-ratio=112372.49+/-0.05 dlogz:8.019>0.01]20993it [1:53:37, 12.65s/it, bound:1217 nc:  1 ncall:4.2e+07 eff:0.1% logz-ratio=112373.88+/-0.32 dlogz:5.328>0.01] 20999it [1:53:37,  8.09s/it, bound:1217 nc:  1 ncall:4.2e+07 eff:0.1% logz-ratio=112372.81+/-0.16 dlogz:7.466>0.01]21003it [1:53:50,  8.09s/it, bound:1218 nc:  1 ncall:4.2e+07 eff:0.1% logz-ratio=112375.97+/-0.90 dlogz:0.166>0.01]21004it [1:56:55, 17.56s/it, bound:1218 nc:2937 ncall:4.2e+07 eff:0.1% logz-ratio=112372.54+/-0.05 dlogz:7.942>0.01]21010it [1:56:55, 11.60s/it, bound:1218 nc:  1 ncall:4.2e+07 eff:0.1% logz-ratio=112373.50+/-0.27 dlogz:6.139>0.01] 21016it [1:56:55,  7.81s/it, bound:1218 nc:  1 ncall:4.2e+07 eff:0.1% logz-ratio=112372.61+/-0.08 dlogz:7.812>0.01]21019it [1:57:10,  7.81s/it, bound:1219 nc:3855 ncall:4.2e+07 eff:0.1% logz-ratio=112372.58+/-0.05 dlogz:7.870>0.01]21020it [2:00:14, 17.73s/it, bound:1219 nc:3352 ncall:4.2e+07 eff:0.1% logz-ratio=112372.58+/-0.05 dlogz:7.865>0.01]21021it [2:00:26, 17.31s/it, bound:1219 nc:3324 ncall:4.2e+07 eff:0.1% logz-ratio=112372.58+/-0.05 dlogz:7.860>0.01]21026it [2:00:26, 11.12s/it, bound:1219 nc:  1 ncall:4.2e+07 eff:0.1% logz-ratio=112373.75+/-0.30 dlogz:5.610>0.01] 21032it [2:00:26,  6.89s/it, bound:1219 nc:  1 ncall:4.2e+07 eff:0.1% logz-ratio=112372.66+/-0.08 dlogz:7.726>0.01]21034it [2:00:40,  6.89s/it, bound:1220 nc:  1 ncall:4.2e+07 eff:0.1% logz-ratio=112375.97+/-0.90 dlogz:0.156>0.01]21035it [2:03:59, 20.55s/it, bound:1220 nc:3310 ncall:4.2e+07 eff:0.1% logz-ratio=112372.62+/-0.05 dlogz:7.794>0.01]21040it [2:03:59, 13.63s/it, bound:1220 nc:  1 ncall:4.2e+07 eff:0.1% logz-ratio=112373.36+/-0.24 dlogz:6.417>0.01] 21046it [2:03:59,  8.64s/it, bound:1220 nc:3078 ncall:4.2e+07 eff:0.1% logz-ratio=112372.65+/-0.06 dlogz:7.742>0.01]21049it [2:04:10,  8.64s/it, bound:1221 nc:  1 ncall:4.2e+07 eff:0.1% logz-ratio=112375.96+/-0.90 dlogz:0.154>0.01] 21050it [2:07:36, 20.47s/it, bound:1221 nc:3734 ncall:4.2e+07 eff:0.1% logz-ratio=112372.66+/-0.05 dlogz:7.723>0.01]21053it [2:07:36, 16.04s/it, bound:1221 nc:  1 ncall:4.2e+07 eff:0.1% logz-ratio=112374.29+/-0.36 dlogz:4.380>0.01] 21059it [2:07:36,  9.91s/it, bound:1221 nc:  1 ncall:4.2e+07 eff:0.1% logz-ratio=112372.97+/-0.16 dlogz:7.163>0.01]21064it [2:07:50,  9.91s/it, bound:1222 nc:  1 ncall:4.2e+07 eff:0.1% logz-ratio=112375.95+/-0.90 dlogz:0.152>0.01]21065it [2:10:47, 17.61s/it, bound:1222 nc:3033 ncall:4.2e+07 eff:0.1% logz-ratio=112372.70+/-0.06 dlogz:7.652>0.01]21067it [2:11:01, 16.10s/it, bound:1222 nc:3330 ncall:4.2e+07 eff:0.1% logz-ratio=112372.71+/-0.06 dlogz:7.642>0.01]21072it [2:11:01, 10.64s/it, bound:1222 nc:  1 ncall:4.2e+07 eff:0.1% logz-ratio=112373.39+/-0.23 dlogz:6.362>0.01] 21078it [2:11:01,  6.73s/it, bound:1222 nc:3691 ncall:4.2e+07 eff:0.1% logz-ratio=112372.74+/-0.06 dlogz:7.591>0.01]21080it [2:11:20,  6.73s/it, bound:1223 nc:  1 ncall:4.2e+07 eff:0.1% logz-ratio=112375.93+/-0.91 dlogz:0.150>0.01] 21081it [2:14:48, 21.10s/it, bound:1223 nc:3608 ncall:4.2e+07 eff:0.1% logz-ratio=112372.75+/-0.06 dlogz:7.577>0.01]21086it [2:14:49, 14.11s/it, bound:1223 nc:  1 ncall:4.2e+07 eff:0.1% logz-ratio=112373.56+/-0.25 dlogz:6.024>0.01] 21092it [2:14:49,  9.01s/it, bound:1223 nc:2927 ncall:4.2e+07 eff:0.1% logz-ratio=112372.78+/-0.06 dlogz:7.526>0.01]21095it [2:15:00,  9.01s/it, bound:1224 nc:  1 ncall:4.2e+07 eff:0.1% logz-ratio=112375.91+/-0.92 dlogz:0.148>0.01] 21096it [2:18:43, 21.70s/it, bound:1224 nc:2528 ncall:4.2e+07 eff:0.1% logz-ratio=112372.79+/-0.06 dlogz:7.508>0.01]21099it [2:18:43, 17.03s/it, bound:1224 nc:  1 ncall:4.2e+07 eff:0.1% logz-ratio=112373.56+/-0.25 dlogz:6.013>0.01] 21104it [2:18:43, 11.26s/it, bound:1224 nc:6346 ncall:4.2e+07 eff:0.1% logz-ratio=112372.81+/-0.06 dlogz:7.471>0.01]21108it [2:18:43,  8.13s/it, bound:1224 nc:3143 ncall:4.2e+07 eff:0.1% logz-ratio=112372.82+/-0.06 dlogz:7.453>0.01]21110it [2:19:01,  8.13s/it, bound:1225 nc:  1 ncall:4.2e+07 eff:0.1% logz-ratio=112375.91+/-0.91 dlogz:0.144>0.01] 21111it [2:22:30, 23.71s/it, bound:1225 nc:2700 ncall:4.2e+07 eff:0.1% logz-ratio=112372.83+/-0.06 dlogz:7.440>0.01]21113it [2:22:51, 21.34s/it, bound:1225 nc:2058 ncall:4.2e+07 eff:0.1% logz-ratio=112372.83+/-0.06 dlogz:7.431>0.01]21117it [2:22:51, 14.10s/it, bound:1225 nc:  1 ncall:4.2e+07 eff:0.1% logz-ratio=112373.84+/-0.28 dlogz:5.430>0.01] 21121it [2:22:52,  9.50s/it, bound:1225 nc:  1 ncall:4.2e+07 eff:0.1% logz-ratio=112372.90+/-0.09 dlogz:7.291>0.01]21125it [2:22:52,  6.49s/it, bound:1225 nc:3439 ncall:4.2e+07 eff:0.1% logz-ratio=112372.86+/-0.06 dlogz:7.377>0.01]21126it [2:23:11,  6.49s/it, bound:1226 nc:3291 ncall:4.2e+07 eff:0.1% logz-ratio=112372.86+/-0.06 dlogz:7.372>0.01]21127it [2:26:24, 24.98s/it, bound:1226 nc:2740 ncall:4.2e+07 eff:0.1% logz-ratio=112372.86+/-0.06 dlogz:7.368>0.01]21128it [2:26:25, 22.08s/it, bound:1226 nc:3000 ncall:4.2e+07 eff:0.1% logz-ratio=112372.87+/-0.06 dlogz:7.364>0.01]21131it [2:26:25, 14.72s/it, bound:1226 nc:  1 ncall:4.2e+07 eff:0.1% logz-ratio=112373.16+/-0.16 dlogz:6.811>0.01] 21134it [2:26:25,  9.99s/it, bound:1226 nc:2738 ncall:4.2e+07 eff:0.1% logz-ratio=112372.88+/-0.06 dlogz:7.337>0.01]21137it [2:26:25,  6.85s/it, bound:1226 nc:  1 ncall:4.2e+07 eff:0.1% logz-ratio=112373.24+/-0.18 dlogz:6.651>0.01] 21141it [2:26:25,  4.29s/it, bound:1226 nc:  1 ncall:4.2e+07 eff:0.1% logz-ratio=112374.14+/-0.32 dlogz:4.759>0.01]21142it [2:26:41,  4.29s/it, bound:1227 nc:3118 ncall:4.2e+07 eff:0.1% logz-ratio=112372.90+/-0.06 dlogz:7.302>0.01]21143it [2:30:04, 26.53s/it, bound:1227 nc:3499 ncall:4.2e+07 eff:0.1% logz-ratio=112372.90+/-0.06 dlogz:7.297>0.01]21145it [2:30:04, 20.39s/it, bound:1227 nc:  1 ncall:4.2e+07 eff:0.1% logz-ratio=112373.78+/-0.27 dlogz:5.561>0.01] 21148it [2:30:04, 13.63s/it, bound:1227 nc:3267 ncall:4.2e+07 eff:0.0% logz-ratio=112372.92+/-0.06 dlogz:7.275>0.01]21151it [2:30:04,  9.26s/it, bound:1227 nc:  1 ncall:4.2e+07 eff:0.1% logz-ratio=112373.88+/-0.28 dlogz:5.333>0.01] 21154it [2:30:04,  6.35s/it, bound:1227 nc:3640 ncall:4.2e+07 eff:0.0% logz-ratio=112372.93+/-0.06 dlogz:7.248>0.01]21157it [2:30:04,  4.39s/it, bound:1227 nc:  1 ncall:4.2e+07 eff:0.1% logz-ratio=112373.91+/-0.28 dlogz:5.258>0.01] 21158it [2:30:21,  4.39s/it, bound:1228 nc:3037 ncall:4.2e+07 eff:0.0% logz-ratio=112372.94+/-0.06 dlogz:7.231>0.01]21159it [2:34:29, 33.53s/it, bound:1228 nc:3108 ncall:4.2e+07 eff:0.0% logz-ratio=112372.94+/-0.06 dlogz:7.226>0.01]21160it [2:34:47, 31.43s/it, bound:1228 nc:2821 ncall:4.2e+07 eff:0.0% logz-ratio=112372.94+/-0.06 dlogz:7.222>0.01]21163it [2:34:47, 19.65s/it, bound:1228 nc:  1 ncall:4.2e+07 eff:0.1% logz-ratio=112374.53+/-0.37 dlogz:3.780>0.01] 21166it [2:34:47, 12.81s/it, bound:1228 nc:3299 ncall:4.2e+07 eff:0.0% logz-ratio=112372.96+/-0.06 dlogz:7.196>0.01]21169it [2:34:48,  8.56s/it, bound:1228 nc:  1 ncall:4.2e+07 eff:0.1% logz-ratio=112373.72+/-0.25 dlogz:5.680>0.01] 21172it [2:34:48,  5.81s/it, bound:1228 nc:3582 ncall:4.2e+07 eff:0.0% logz-ratio=112372.97+/-0.06 dlogz:7.170>0.01]21174it [2:35:01,  5.81s/it, bound:1229 nc:3771 ncall:4.2e+07 eff:0.0% logz-ratio=112372.98+/-0.06 dlogz:7.161>0.01]21175it [2:39:00, 30.50s/it, bound:1229 nc:2706 ncall:4.2e+07 eff:0.0% logz-ratio=112372.98+/-0.07 dlogz:7.157>0.01]21177it [2:39:00, 23.47s/it, bound:1229 nc:  1 ncall:4.2e+07 eff:0.1% logz-ratio=112374.00+/-0.29 dlogz:5.081>0.01] 21180it [2:39:00, 15.71s/it, bound:1229 nc:2883 ncall:4.2e+07 eff:0.0% logz-ratio=112372.99+/-0.06 dlogz:7.135>0.01]21183it [2:39:00, 10.68s/it, bound:1229 nc:  1 ncall:4.2e+07 eff:0.1% logz-ratio=112373.94+/-0.28 dlogz:5.209>0.01] 21186it [2:39:01,  7.33s/it, bound:1229 nc:3578 ncall:4.2e+07 eff:0.0% logz-ratio=112373.01+/-0.06 dlogz:7.109>0.01]21189it [2:39:01,  5.07s/it, bound:1230 nc:3338 ncall:4.2e+07 eff:0.0% logz-ratio=112373.01+/-0.06 dlogz:7.096>0.01]21189it [2:39:11,  5.07s/it, bound:1230 nc:3338 ncall:4.2e+07 eff:0.0% logz-ratio=112373.01+/-0.06 dlogz:7.096>0.01]21190it [2:43:11, 36.68s/it, bound:1230 nc:3424 ncall:4.2e+07 eff:0.0% logz-ratio=112373.02+/-0.07 dlogz:7.092>0.01]21192it [2:43:12, 26.83s/it, bound:1230 nc:  1 ncall:4.2e+07 eff:0.1% logz-ratio=112373.77+/-0.25 dlogz:5.571>0.01] 21195it [2:43:12, 17.04s/it, bound:1230 nc:3163 ncall:4.2e+07 eff:0.0% logz-ratio=112373.03+/-0.06 dlogz:7.070>0.01]21198it [2:43:12, 11.21s/it, bound:1230 nc:  1 ncall:4.2e+07 eff:0.1% logz-ratio=112374.00+/-0.28 dlogz:5.068>0.01] 21202it [2:43:12,  6.79s/it, bound:1230 nc:2918 ncall:4.2e+07 eff:0.0% logz-ratio=112373.04+/-0.07 dlogz:7.040>0.01]21205it [2:43:12,  4.78s/it, bound:1231 nc:  1 ncall:4.2e+07 eff:0.1% logz-ratio=112374.14+/-0.30 dlogz:4.760>0.01] 21205it [2:43:31,  4.78s/it, bound:1231 nc:  1 ncall:4.2e+07 eff:0.1% logz-ratio=112375.97+/-0.86 dlogz:0.114>0.01]21206it [2:47:26, 35.74s/it, bound:1231 nc:2807 ncall:4.2e+07 eff:0.0% logz-ratio=112373.05+/-0.07 dlogz:7.023>0.01]21208it [2:47:48, 29.27s/it, bound:1231 nc:3389 ncall:4.2e+07 eff:0.0% logz-ratio=112373.06+/-0.07 dlogz:7.014>0.01]21211it [2:47:48, 18.77s/it, bound:1231 nc:  1 ncall:4.3e+07 eff:0.1% logz-ratio=112373.94+/-0.27 dlogz:5.215>0.01] 21214it [2:47:49, 12.41s/it, bound:1231 nc:3200 ncall:4.3e+07 eff:0.0% logz-ratio=112373.07+/-0.07 dlogz:6.989>0.01]21217it [2:47:49,  8.37s/it, bound:1231 nc:  1 ncall:4.3e+07 eff:0.1% logz-ratio=112374.15+/-0.30 dlogz:4.731>0.01] 21220it [2:47:49,  5.72s/it, bound:1231 nc:3131 ncall:4.3e+07 eff:0.0% logz-ratio=112373.08+/-0.07 dlogz:6.963>0.01]21221it [2:48:01,  5.72s/it, bound:1232 nc:  1 ncall:4.3e+07 eff:0.1% logz-ratio=112375.95+/-0.88 dlogz:0.113>0.01] 21222it [2:52:00, 33.60s/it, bound:1232 nc:2635 ncall:4.3e+07 eff:0.0% logz-ratio=112373.09+/-0.07 dlogz:6.954>0.01]21225it [2:52:00, 22.44s/it, bound:1232 nc:  1 ncall:4.3e+07 eff:0.1% logz-ratio=112374.39+/-0.34 dlogz:4.145>0.01] 21229it [2:52:00, 13.75s/it, bound:1232 nc:  1 ncall:4.3e+07 eff:0.1% logz-ratio=112373.31+/-0.14 dlogz:6.530>0.01]21233it [2:52:00,  8.86s/it, bound:1232 nc:3188 ncall:4.3e+07 eff:0.0% logz-ratio=112373.11+/-0.07 dlogz:6.908>0.01]21237it [2:52:01,  5.88s/it, bound:1233 nc:3590 ncall:4.3e+07 eff:0.0% logz-ratio=112373.12+/-0.07 dlogz:6.891>0.01]21237it [2:52:11,  5.88s/it, bound:1233 nc:  1 ncall:4.3e+07 eff:0.1% logz-ratio=112376.03+/-0.92 dlogz:0.101>0.01] 21238it [2:56:38, 35.04s/it, bound:1233 nc:2856 ncall:4.3e+07 eff:0.0% logz-ratio=112373.12+/-0.07 dlogz:6.886>0.01]21241it [2:56:38, 24.00s/it, bound:1233 nc:  1 ncall:4.3e+07 eff:0.1% logz-ratio=112374.02+/-0.27 dlogz:5.026>0.01] 21245it [2:56:38, 15.00s/it, bound:1233 nc:3552 ncall:4.3e+07 eff:0.0% logz-ratio=112373.14+/-0.07 dlogz:6.857>0.01]21249it [2:56:38,  9.77s/it, bound:1233 nc:2871 ncall:4.3e+07 eff:0.0% logz-ratio=112373.15+/-0.07 dlogz:6.840>0.01]21253it [2:56:38,  6.53s/it, bound:1234 nc:3389 ncall:4.3e+07 eff:0.0% logz-ratio=112373.16+/-0.07 dlogz:6.823>0.01]21253it [2:56:51,  6.53s/it, bound:1234 nc:  1 ncall:4.3e+07 eff:0.1% logz-ratio=112376.02+/-0.92 dlogz:0.099>0.01] 21254it [3:01:31, 36.99s/it, bound:1234 nc:3026 ncall:4.3e+07 eff:0.0% logz-ratio=112373.16+/-0.07 dlogz:6.819>0.01]21256it [3:01:51, 30.65s/it, bound:1234 nc:3464 ncall:4.3e+07 eff:0.0% logz-ratio=112373.16+/-0.07 dlogz:6.811>0.01]21261it [3:01:51, 16.74s/it, bound:1234 nc:  1 ncall:4.3e+07 eff:0.1% logz-ratio=112373.44+/-0.16 dlogz:6.258>0.01] 21265it [3:01:51, 11.03s/it, bound:1234 nc:  1 ncall:4.3e+07 eff:0.1% logz-ratio=112373.86+/-0.24 dlogz:5.374>0.01]21269it [3:01:51,  7.42s/it, bound:1235 nc:  1 ncall:4.3e+07 eff:0.1% logz-ratio=112374.26+/-0.30 dlogz:4.474>0.01]21269it [3:02:11,  7.42s/it, bound:1235 nc:  1 ncall:4.3e+07 eff:0.1% logz-ratio=112376.03+/-0.91 dlogz:0.096>0.01]21270it [3:05:56, 32.30s/it, bound:1235 nc:3158 ncall:4.3e+07 eff:0.0% logz-ratio=112373.19+/-0.07 dlogz:6.753>0.01]21273it [3:05:56, 22.30s/it, bound:1235 nc:  1 ncall:4.3e+07 eff:0.1% logz-ratio=112373.63+/-0.20 dlogz:5.878>0.01] 21277it [3:05:56, 14.03s/it, bound:1235 nc:2965 ncall:4.3e+07 eff:0.0% logz-ratio=112373.21+/-0.07 dlogz:6.724>0.01]21281it [3:05:56,  9.18s/it, bound:1235 nc:2489 ncall:4.3e+07 eff:0.0% logz-ratio=112373.22+/-0.07 dlogz:6.708>0.01]21285it [3:05:56,  6.15s/it, bound:1236 nc:2954 ncall:4.3e+07 eff:0.0% logz-ratio=112373.23+/-0.07 dlogz:6.692>0.01]21285it [3:06:11,  6.15s/it, bound:1236 nc:  1 ncall:4.3e+07 eff:0.1% logz-ratio=112376.01+/-0.92 dlogz:0.095>0.01] 21286it [3:10:04, 31.71s/it, bound:1236 nc:3622 ncall:4.3e+07 eff:0.0% logz-ratio=112373.23+/-0.07 dlogz:6.687>0.01]21289it [3:10:04, 21.83s/it, bound:1236 nc:  1 ncall:4.3e+07 eff:0.1% logz-ratio=112374.20+/-0.29 dlogz:4.620>0.01] 21293it [3:10:04, 13.70s/it, bound:1236 nc:2586 ncall:4.3e+07 eff:0.0% logz-ratio=112373.24+/-0.07 dlogz:6.659>0.01]21297it [3:10:04,  8.95s/it, bound:1236 nc:3612 ncall:4.3e+07 eff:0.0% logz-ratio=112373.25+/-0.07 dlogz:6.643>0.01]21300it [3:10:21,  8.95s/it, bound:1237 nc:  1 ncall:4.3e+07 eff:0.1% logz-ratio=112376.00+/-0.92 dlogz:0.092>0.01] 21301it [3:14:28, 27.84s/it, bound:1237 nc:3466 ncall:4.3e+07 eff:0.0% logz-ratio=112373.26+/-0.07 dlogz:6.626>0.01]21303it [3:14:52, 24.80s/it, bound:1237 nc:3763 ncall:4.3e+07 eff:0.0% logz-ratio=112373.26+/-0.07 dlogz:6.618>0.01]21307it [3:14:52, 16.04s/it, bound:1237 nc:3283 ncall:4.3e+07 eff:0.0% logz-ratio=112373.27+/-0.07 dlogz:6.601>0.01]21311it [3:14:52, 10.67s/it, bound:1237 nc:2216 ncall:4.3e+07 eff:0.0% logz-ratio=112373.28+/-0.07 dlogz:6.585>0.01]21315it [3:14:52,  7.22s/it, bound:1237 nc:3066 ncall:4.3e+07 eff:0.0% logz-ratio=112373.29+/-0.07 dlogz:6.569>0.01]21316it [3:15:11,  7.22s/it, bound:1238 nc:  1 ncall:4.3e+07 eff:0.1% logz-ratio=112376.00+/-0.91 dlogz:0.090>0.01] 21317it [3:19:07, 29.80s/it, bound:1238 nc:2795 ncall:4.3e+07 eff:0.0% logz-ratio=112373.29+/-0.07 dlogz:6.560>0.01]21320it [3:19:07, 21.25s/it, bound:1238 nc:  1 ncall:4.3e+07 eff:0.1% logz-ratio=112373.98+/-0.24 dlogz:5.119>0.01] 21324it [3:19:07, 13.74s/it, bound:1238 nc:  1 ncall:4.3e+07 eff:0.1% logz-ratio=112373.96+/-0.24 dlogz:5.165>0.01]21328it [3:19:07,  9.14s/it, bound:1238 nc:  1 ncall:4.3e+07 eff:0.1% logz-ratio=112374.21+/-0.28 dlogz:4.599>0.01]21332it [3:19:07,  6.19s/it, bound:1239 nc:  1 ncall:4.3e+07 eff:0.1% logz-ratio=112374.45+/-0.32 dlogz:4.034>0.01]21332it [3:19:21,  6.19s/it, bound:1239 nc:  1 ncall:4.3e+07 eff:0.1% logz-ratio=112376.00+/-0.91 dlogz:0.087>0.01]21333it [3:23:31, 32.85s/it, bound:1239 nc:2841 ncall:4.3e+07 eff:0.0% logz-ratio=112373.33+/-0.07 dlogz:6.495>0.01]21335it [3:23:31, 25.35s/it, bound:1239 nc:4033 ncall:4.3e+07 eff:0.0% logz-ratio=112373.33+/-0.07 dlogz:6.487>0.01]21339it [3:23:31, 15.35s/it, bound:1239 nc:3697 ncall:4.3e+07 eff:0.0% logz-ratio=112373.34+/-0.07 dlogz:6.470>0.01]21343it [3:23:31,  9.82s/it, bound:1239 nc:3227 ncall:4.3e+07 eff:0.0% logz-ratio=112373.35+/-0.08 dlogz:6.454>0.01]21347it [3:23:31,  6.49s/it, bound:1240 nc:3217 ncall:4.3e+07 eff:0.0% logz-ratio=112373.36+/-0.08 dlogz:6.438>0.01]21347it [3:23:41,  6.49s/it, bound:1240 nc:  1 ncall:4.3e+07 eff:0.1% logz-ratio=112375.99+/-0.90 dlogz:0.085>0.01] 21348it [3:27:48, 33.64s/it, bound:1240 nc:3330 ncall:4.3e+07 eff:0.0% logz-ratio=112373.36+/-0.08 dlogz:6.434>0.01]21350it [3:28:10, 28.30s/it, bound:1240 nc:3544 ncall:4.3e+07 eff:0.0% logz-ratio=112373.36+/-0.08 dlogz:6.426>0.01]21353it [3:28:10, 18.79s/it, bound:1240 nc:  1 ncall:4.3e+07 eff:0.1% logz-ratio=112373.85+/-0.21 dlogz:5.411>0.01] 21357it [3:28:10, 11.47s/it, bound:1240 nc:3170 ncall:4.3e+07 eff:0.0% logz-ratio=112373.38+/-0.08 dlogz:6.398>0.01]21361it [3:28:11,  7.38s/it, bound:1240 nc:2857 ncall:4.3e+07 eff:0.0% logz-ratio=112373.38+/-0.08 dlogz:6.382>0.01]21363it [3:28:22,  7.38s/it, bound:1241 nc:  1 ncall:4.3e+07 eff:0.1% logz-ratio=112375.99+/-0.90 dlogz:0.082>0.01] 21364it [3:32:15, 27.95s/it, bound:1241 nc:2006 ncall:4.3e+07 eff:0.0% logz-ratio=112373.39+/-0.08 dlogz:6.370>0.01]21367it [3:32:15, 20.03s/it, bound:1241 nc:  1 ncall:4.3e+07 eff:0.0% logz-ratio=112373.52+/-0.13 dlogz:6.095>0.01] 21371it [3:32:16, 13.02s/it, bound:1241 nc:3402 ncall:4.3e+07 eff:0.0% logz-ratio=112373.40+/-0.08 dlogz:6.342>0.01]21374it [3:32:16,  9.48s/it, bound:1241 nc:2778 ncall:4.3e+07 eff:0.0% logz-ratio=112373.41+/-0.08 dlogz:6.330>0.01]21377it [3:32:16,  6.83s/it, bound:1241 nc:  1 ncall:4.3e+07 eff:0.0% logz-ratio=112373.60+/-0.14 dlogz:5.943>0.01] 21378it [3:32:32,  6.83s/it, bound:1242 nc:3387 ncall:4.3e+07 eff:0.0% logz-ratio=112373.42+/-0.08 dlogz:6.315>0.01]21379it [3:36:42, 33.43s/it, bound:1242 nc:2979 ncall:4.3e+07 eff:0.0% logz-ratio=112373.42+/-0.08 dlogz:6.311>0.01]21381it [3:36:42, 25.70s/it, bound:1242 nc:  1 ncall:4.3e+07 eff:0.1% logz-ratio=112374.19+/-0.26 dlogz:4.647>0.01] 21384it [3:36:42, 17.19s/it, bound:1242 nc:3164 ncall:4.3e+07 eff:0.0% logz-ratio=112373.43+/-0.08 dlogz:6.291>0.01]21387it [3:36:42, 11.67s/it, bound:1242 nc:  1 ncall:4.3e+07 eff:0.1% logz-ratio=112374.26+/-0.27 dlogz:4.504>0.01] 21390it [3:36:42,  8.01s/it, bound:1242 nc:3586 ncall:4.3e+07 eff:0.0% logz-ratio=112373.44+/-0.08 dlogz:6.267>0.01]21393it [3:36:42,  5.54s/it, bound:1242 nc:  1 ncall:4.3e+07 eff:0.1% logz-ratio=112374.33+/-0.28 dlogz:4.335>0.01] 21394it [3:37:02,  5.54s/it, bound:1243 nc:3373 ncall:4.3e+07 eff:0.0% logz-ratio=112373.45+/-0.08 dlogz:6.252>0.01]21395it [3:40:50, 32.53s/it, bound:1243 nc:3156 ncall:4.3e+07 eff:0.0% logz-ratio=112373.45+/-0.08 dlogz:6.248>0.01]21396it [3:41:12, 30.98s/it, bound:1243 nc:3105 ncall:4.3e+07 eff:0.0% logz-ratio=112373.45+/-0.08 dlogz:6.244>0.01]21401it [3:41:12, 15.50s/it, bound:1243 nc:  1 ncall:4.3e+07 eff:0.1% logz-ratio=112373.83+/-0.19 dlogz:5.459>0.01] 21405it [3:41:12,  9.87s/it, bound:1243 nc:  1 ncall:4.3e+07 eff:0.1% logz-ratio=112374.40+/-0.29 dlogz:4.155>0.01]21409it [3:41:12,  6.51s/it, bound:1244 nc:3090 ncall:4.3e+07 eff:0.0% logz-ratio=112373.48+/-0.08 dlogz:6.193>0.01]21409it [3:41:32,  6.51s/it, bound:1244 nc:3090 ncall:4.3e+07 eff:0.0% logz-ratio=112373.48+/-0.08 dlogz:6.193>0.01]21410it [3:45:35, 34.46s/it, bound:1244 nc:3261 ncall:4.3e+07 eff:0.0% logz-ratio=112373.48+/-0.08 dlogz:6.189>0.01]21412it [3:45:35, 26.30s/it, bound:1244 nc:  1 ncall:4.3e+07 eff:0.0% logz-ratio=112373.64+/-0.14 dlogz:5.860>0.01] 21416it [3:45:35, 15.69s/it, bound:1244 nc:3206 ncall:4.3e+07 eff:0.0% logz-ratio=112373.49+/-0.08 dlogz:6.165>0.01]21420it [3:45:36,  9.96s/it, bound:1244 nc:3378 ncall:4.3e+07 eff:0.0% logz-ratio=112373.50+/-0.08 dlogz:6.150>0.01]21423it [3:45:36,  7.17s/it, bound:1244 nc:3611 ncall:4.3e+07 eff:0.0% logz-ratio=112373.50+/-0.08 dlogz:6.138>0.01]21425it [3:45:52,  7.17s/it, bound:1245 nc:2761 ncall:4.3e+07 eff:0.0% logz-ratio=112373.51+/-0.08 dlogz:6.130>0.01]21426it [3:49:52, 29.64s/it, bound:1245 nc:3212 ncall:4.3e+07 eff:0.0% logz-ratio=112373.51+/-0.08 dlogz:6.126>0.01]21428it [3:49:52, 23.29s/it, bound:1245 nc:  1 ncall:4.3e+07 eff:0.1% logz-ratio=112373.93+/-0.20 dlogz:5.230>0.01] 21431it [3:49:52, 15.97s/it, bound:1245 nc:3296 ncall:4.3e+07 eff:0.0% logz-ratio=112373.52+/-0.08 dlogz:6.107>0.01]21434it [3:49:53, 11.02s/it, bound:1245 nc:  1 ncall:4.3e+07 eff:0.1% logz-ratio=112374.51+/-0.30 dlogz:3.908>0.01] 21437it [3:49:53,  7.65s/it, bound:1245 nc:3224 ncall:4.3e+07 eff:0.0% logz-ratio=112373.53+/-0.08 dlogz:6.084>0.01]21440it [3:49:53,  5.32s/it, bound:1245 nc:  1 ncall:4.3e+07 eff:0.1% logz-ratio=112374.31+/-0.26 dlogz:4.385>0.01] 21441it [3:50:12,  5.32s/it, bound:1246 nc:3141 ncall:4.3e+07 eff:0.0% logz-ratio=112373.54+/-0.08 dlogz:6.068>0.01]21442it [3:54:21, 34.35s/it, bound:1246 nc:3631 ncall:4.3e+07 eff:0.0% logz-ratio=112373.54+/-0.08 dlogz:6.064>0.01]21443it [3:54:42, 32.47s/it, bound:1246 nc:3820 ncall:4.3e+07 eff:0.0% logz-ratio=112373.54+/-0.08 dlogz:6.061>0.01]21446it [3:54:42, 20.39s/it, bound:1246 nc:  1 ncall:4.3e+07 eff:0.0% logz-ratio=112373.66+/-0.13 dlogz:5.801>0.01] 21449it [3:54:42, 13.33s/it, bound:1246 nc:3256 ncall:4.3e+07 eff:0.0% logz-ratio=112373.55+/-0.08 dlogz:6.037>0.01]21452it [3:54:42,  8.92s/it, bound:1246 nc:  1 ncall:4.3e+07 eff:0.0% logz-ratio=112373.84+/-0.17 dlogz:5.439>0.01] 21455it [3:54:43,  6.07s/it, bound:1246 nc:3342 ncall:4.3e+07 eff:0.0% logz-ratio=112373.56+/-0.08 dlogz:6.014>0.01]21457it [3:55:02,  6.07s/it, bound:1247 nc:3346 ncall:4.3e+07 eff:0.0% logz-ratio=112373.57+/-0.08 dlogz:6.007>0.01]21458it [3:58:58, 30.95s/it, bound:1247 nc:2058 ncall:4.3e+07 eff:0.0% logz-ratio=112373.57+/-0.08 dlogz:6.003>0.01]21460it [3:58:58, 23.83s/it, bound:1247 nc:  1 ncall:4.3e+07 eff:0.1% logz-ratio=112374.15+/-0.23 dlogz:4.748>0.01] 21463it [3:58:58, 15.96s/it, bound:1247 nc:3196 ncall:4.3e+07 eff:0.0% logz-ratio=112373.58+/-0.08 dlogz:5.984>0.01]21466it [3:58:58, 10.85s/it, bound:1247 nc:  1 ncall:4.3e+07 eff:0.1% logz-ratio=112374.35+/-0.26 dlogz:4.292>0.01] 21469it [3:58:59,  7.45s/it, bound:1247 nc:3034 ncall:4.3e+07 eff:0.0% logz-ratio=112373.59+/-0.08 dlogz:5.961>0.01]21472it [3:58:59,  5.15s/it, bound:1247 nc:  1 ncall:4.3e+07 eff:0.1% logz-ratio=112374.45+/-0.28 dlogz:4.055>0.01] 21473it [3:59:12,  5.15s/it, bound:1248 nc:3426 ncall:4.3e+07 eff:0.0% logz-ratio=112373.60+/-0.08 dlogz:5.945>0.01]21474it [4:03:15, 33.24s/it, bound:1248 nc:3219 ncall:4.3e+07 eff:0.0% logz-ratio=112373.60+/-0.09 dlogz:5.941>0.01]21476it [4:03:16, 25.09s/it, bound:1248 nc:  1 ncall:4.3e+07 eff:0.1% logz-ratio=112375.18+/-0.41 dlogz:2.185>0.01] 21480it [4:03:16, 14.75s/it, bound:1248 nc:  1 ncall:4.3e+07 eff:0.1% logz-ratio=112374.19+/-0.23 dlogz:4.651>0.01]21483it [4:03:16, 10.25s/it, bound:1248 nc:2180 ncall:4.3e+07 eff:0.0% logz-ratio=112373.62+/-0.09 dlogz:5.907>0.01]21486it [4:03:16,  7.14s/it, bound:1248 nc:  1 ncall:4.3e+07 eff:0.1% logz-ratio=112374.28+/-0.25 dlogz:4.455>0.01] 21489it [4:03:16,  4.98s/it, bound:1249 nc:3433 ncall:4.3e+07 eff:0.0% logz-ratio=112373.63+/-0.09 dlogz:5.884>0.01]21489it [4:03:32,  4.98s/it, bound:1249 nc:3433 ncall:4.3e+07 eff:0.0% logz-ratio=112373.63+/-0.09 dlogz:5.884>0.01]21490it [4:07:34, 36.96s/it, bound:1249 nc:2958 ncall:4.3e+07 eff:0.0% logz-ratio=112373.63+/-0.09 dlogz:5.881>0.01]21491it [4:08:01, 35.30s/it, bound:1249 nc:3453 ncall:4.3e+07 eff:0.0% logz-ratio=112373.63+/-0.09 dlogz:5.877>0.01]21494it [4:08:01, 21.35s/it, bound:1249 nc:  1 ncall:4.3e+07 eff:0.1% logz-ratio=112374.65+/-0.31 dlogz:3.579>0.01] 21497it [4:08:01, 13.66s/it, bound:1249 nc:3243 ncall:4.3e+07 eff:0.0% logz-ratio=112373.64+/-0.09 dlogz:5.854>0.01]21500it [4:08:01,  9.02s/it, bound:1249 nc:  1 ncall:4.3e+07 eff:0.1% logz-ratio=112374.42+/-0.27 dlogz:4.126>0.01] 21503it [4:08:01,  6.08s/it, bound:1249 nc:3164 ncall:4.3e+07 eff:0.0% logz-ratio=112373.65+/-0.09 dlogz:5.831>0.01]21505it [4:08:12,  6.08s/it, bound:1250 nc:3500 ncall:4.3e+07 eff:0.0% logz-ratio=112373.66+/-0.09 dlogz:5.823>0.01]21506it [4:12:08, 30.37s/it, bound:1250 nc:3178 ncall:4.3e+07 eff:0.0% logz-ratio=112373.66+/-0.09 dlogz:5.819>0.01]21508it [4:12:08, 23.31s/it, bound:1250 nc:  1 ncall:4.3e+07 eff:0.1% logz-ratio=112374.33+/-0.25 dlogz:4.349>0.01] 21511it [4:12:08, 15.57s/it, bound:1250 nc:2928 ncall:4.3e+07 eff:0.0% logz-ratio=112373.67+/-0.09 dlogz:5.800>0.01]21514it [4:12:08, 10.56s/it, bound:1250 nc:  1 ncall:4.3e+07 eff:0.1% logz-ratio=112374.45+/-0.27 dlogz:4.075>0.01] 21517it [4:12:08,  7.24s/it, bound:1250 nc:3364 ncall:4.3e+07 eff:0.0% logz-ratio=112373.68+/-0.09 dlogz:5.777>0.01]21521it [4:12:08,  4.54s/it, bound:1251 nc:  1 ncall:4.4e+07 eff:0.1% logz-ratio=112374.44+/-0.26 dlogz:4.097>0.01] 21521it [4:12:22,  4.54s/it, bound:1251 nc:  1 ncall:4.4e+07 eff:0.1% logz-ratio=112376.03+/-0.86 dlogz:0.058>0.01]21522it [4:16:37, 35.70s/it, bound:1251 nc:2601 ncall:4.4e+07 eff:0.0% logz-ratio=112373.69+/-0.09 dlogz:5.758>0.01]21525it [4:16:37, 23.71s/it, bound:1251 nc:  1 ncall:4.4e+07 eff:0.1% logz-ratio=112374.34+/-0.24 dlogz:4.325>0.01] 21529it [4:16:37, 14.47s/it, bound:1251 nc:3594 ncall:4.4e+07 eff:0.0% logz-ratio=112373.70+/-0.09 dlogz:5.732>0.01]21533it [4:16:37,  9.30s/it, bound:1251 nc:3704 ncall:4.4e+07 eff:0.0% logz-ratio=112373.71+/-0.09 dlogz:5.716>0.01]21537it [4:16:37,  6.17s/it, bound:1252 nc:3394 ncall:4.4e+07 eff:0.0% logz-ratio=112373.71+/-0.09 dlogz:5.701>0.01]21537it [4:16:52,  6.17s/it, bound:1252 nc:  1 ncall:4.4e+07 eff:0.1% logz-ratio=112376.02+/-0.86 dlogz:0.057>0.01] 21538it [4:20:58, 33.62s/it, bound:1252 nc:3241 ncall:4.4e+07 eff:0.0% logz-ratio=112373.72+/-0.09 dlogz:5.697>0.01]21540it [4:21:22, 28.47s/it, bound:1252 nc:3668 ncall:4.4e+07 eff:0.0% logz-ratio=112373.72+/-0.09 dlogz:5.690>0.01]21543it [4:21:22, 18.93s/it, bound:1252 nc:  1 ncall:4.4e+07 eff:0.1% logz-ratio=112374.43+/-0.26 dlogz:4.111>0.01] 21547it [4:21:22, 11.57s/it, bound:1252 nc:3504 ncall:4.4e+07 eff:0.0% logz-ratio=112373.73+/-0.09 dlogz:5.663>0.01]21551it [4:21:22,  7.44s/it, bound:1252 nc:3341 ncall:4.4e+07 eff:0.0% logz-ratio=112373.74+/-0.09 dlogz:5.648>0.01]21553it [4:21:32,  7.44s/it, bound:1253 nc:  1 ncall:4.4e+07 eff:0.1% logz-ratio=112376.02+/-0.86 dlogz:0.056>0.01] 21554it [4:25:46, 29.80s/it, bound:1253 nc:3867 ncall:4.4e+07 eff:0.0% logz-ratio=112373.75+/-0.09 dlogz:5.637>0.01]21557it [4:25:47, 21.36s/it, bound:1253 nc:  1 ncall:4.4e+07 eff:0.0% logz-ratio=112373.87+/-0.13 dlogz:5.373>0.01] 21560it [4:25:47, 15.22s/it, bound:1253 nc:7169 ncall:4.4e+07 eff:0.0% logz-ratio=112373.76+/-0.09 dlogz:5.614>0.01]21563it [4:25:47, 10.79s/it, bound:1253 nc:3318 ncall:4.4e+07 eff:0.0% logz-ratio=112373.76+/-0.09 dlogz:5.603>0.01]21566it [4:25:47,  7.63s/it, bound:1253 nc:  1 ncall:4.4e+07 eff:0.1% logz-ratio=112374.61+/-0.28 dlogz:3.702>0.01] 21568it [4:26:02,  7.63s/it, bound:1254 nc:  1 ncall:4.4e+07 eff:0.1% logz-ratio=112376.02+/-0.85 dlogz:0.054>0.01]21569it [4:30:30, 33.28s/it, bound:1254 nc:3199 ncall:4.4e+07 eff:0.0% logz-ratio=112373.77+/-0.09 dlogz:5.580>0.01]21572it [4:30:30, 23.40s/it, bound:1254 nc:  1 ncall:4.4e+07 eff:0.0% logz-ratio=112374.26+/-0.21 dlogz:4.530>0.01] 21575it [4:30:30, 16.44s/it, bound:1254 nc:3330 ncall:4.4e+07 eff:0.0% logz-ratio=112373.78+/-0.09 dlogz:5.558>0.01]21578it [4:30:30, 11.54s/it, bound:1254 nc:  1 ncall:4.4e+07 eff:0.0% logz-ratio=112374.40+/-0.24 dlogz:4.196>0.01] 21581it [4:30:30,  8.10s/it, bound:1254 nc:3418 ncall:4.4e+07 eff:0.0% logz-ratio=112373.79+/-0.09 dlogz:5.535>0.01]21583it [4:30:42,  8.10s/it, bound:1255 nc:3446 ncall:4.4e+07 eff:0.0% logz-ratio=112373.80+/-0.09 dlogz:5.527>0.01]21584it [4:35:18, 34.37s/it, bound:1255 nc:2970 ncall:4.4e+07 eff:0.0% logz-ratio=112373.80+/-0.09 dlogz:5.524>0.01]21585it [4:35:38, 32.61s/it, bound:1255 nc:3359 ncall:4.4e+07 eff:0.0% logz-ratio=112373.80+/-0.09 dlogz:5.520>0.01]21590it [4:35:38, 17.26s/it, bound:1255 nc:  1 ncall:4.4e+07 eff:0.0% logz-ratio=112374.17+/-0.19 dlogz:4.716>0.01] 21594it [4:35:38, 11.22s/it, bound:1255 nc:  1 ncall:4.4e+07 eff:0.1% logz-ratio=112374.82+/-0.31 dlogz:3.194>0.01]21599it [4:35:39,  6.92s/it, bound:1256 nc:3544 ncall:4.4e+07 eff:0.0% logz-ratio=112373.83+/-0.09 dlogz:5.467>0.01]21599it [4:35:52,  6.92s/it, bound:1256 nc:3544 ncall:4.4e+07 eff:0.0% logz-ratio=112373.83+/-0.09 dlogz:5.467>0.01]21600it [4:40:09, 33.00s/it, bound:1256 nc:3533 ncall:4.4e+07 eff:0.0% logz-ratio=112373.83+/-0.10 dlogz:5.464>0.01]21602it [4:40:09, 25.74s/it, bound:1256 nc:  1 ncall:4.4e+07 eff:0.1% logz-ratio=112374.55+/-0.26 dlogz:3.856>0.01] 21606it [4:40:09, 15.80s/it, bound:1256 nc:3192 ncall:4.4e+07 eff:0.0% logz-ratio=112373.84+/-0.10 dlogz:5.441>0.01]21610it [4:40:09, 10.19s/it, bound:1256 nc:3024 ncall:4.4e+07 eff:0.0% logz-ratio=112373.84+/-0.10 dlogz:5.426>0.01]21614it [4:40:09,  6.77s/it, bound:1256 nc:3495 ncall:4.4e+07 eff:0.0% logz-ratio=112373.85+/-0.10 dlogz:5.411>0.01]21615it [4:40:23,  6.77s/it, bound:1257 nc:  1 ncall:4.4e+07 eff:0.1% logz-ratio=112375.99+/-0.85 dlogz:0.051>0.01] 21616it [4:44:59, 33.58s/it, bound:1257 nc:3103 ncall:4.4e+07 eff:0.0% logz-ratio=112373.86+/-0.10 dlogz:5.403>0.01]21619it [4:44:59, 23.73s/it, bound:1257 nc:  1 ncall:4.4e+07 eff:0.1% logz-ratio=112374.59+/-0.26 dlogz:3.753>0.01] 21623it [4:45:00, 15.23s/it, bound:1257 nc:3421 ncall:4.4e+07 eff:0.0% logz-ratio=112373.87+/-0.10 dlogz:5.377>0.01]21627it [4:45:00, 10.08s/it, bound:1257 nc:2696 ncall:4.4e+07 eff:0.0% logz-ratio=112373.88+/-0.10 dlogz:5.362>0.01]21629it [4:45:13, 10.08s/it, bound:1258 nc:3321 ncall:4.4e+07 eff:0.0% logz-ratio=112373.88+/-0.10 dlogz:5.355>0.01]21630it [4:49:40, 32.29s/it, bound:1258 nc:3957 ncall:4.4e+07 eff:0.0% logz-ratio=112373.88+/-0.10 dlogz:5.351>0.01]21631it [4:50:04, 31.32s/it, bound:1258 nc:2943 ncall:4.4e+07 eff:0.0% logz-ratio=112373.88+/-0.10 dlogz:5.347>0.01]21634it [4:50:04, 21.14s/it, bound:1258 nc:  1 ncall:4.4e+07 eff:0.0% logz-ratio=112374.48+/-0.24 dlogz:4.007>0.01] 21637it [4:50:04, 14.44s/it, bound:1258 nc:3231 ncall:4.4e+07 eff:0.0% logz-ratio=112373.89+/-0.10 dlogz:5.325>0.01]21640it [4:50:04,  9.95s/it, bound:1258 nc:  1 ncall:4.4e+07 eff:0.0% logz-ratio=112374.21+/-0.18 dlogz:4.625>0.01] 21643it [4:50:04,  6.90s/it, bound:1258 nc:3711 ncall:4.4e+07 eff:0.0% logz-ratio=112373.90+/-0.10 dlogz:5.302>0.01]21645it [4:50:23,  6.90s/it, bound:1259 nc:2668 ncall:4.4e+07 eff:0.0% logz-ratio=112373.91+/-0.10 dlogz:5.295>0.01]21646it [4:54:25, 31.36s/it, bound:1259 nc:3435 ncall:4.4e+07 eff:0.0% logz-ratio=112373.91+/-0.10 dlogz:5.291>0.01]21648it [4:54:25, 24.30s/it, bound:1259 nc:  1 ncall:4.4e+07 eff:0.0% logz-ratio=112374.55+/-0.25 dlogz:3.836>0.01] 21651it [4:54:25, 16.39s/it, bound:1259 nc:2971 ncall:4.4e+07 eff:0.0% logz-ratio=112373.92+/-0.10 dlogz:5.272>0.01]21654it [4:54:25, 11.20s/it, bound:1259 nc:  1 ncall:4.4e+07 eff:0.1% logz-ratio=112374.76+/-0.28 dlogz:3.319>0.01] 21657it [4:54:25,  7.71s/it, bound:1259 nc:3603 ncall:4.4e+07 eff:0.0% logz-ratio=112373.93+/-0.10 dlogz:5.250>0.01]21660it [4:54:26,  5.34s/it, bound:1259 nc:  1 ncall:4.4e+07 eff:0.0% logz-ratio=112374.59+/-0.25 dlogz:3.749>0.01] 21661it [4:54:43,  5.34s/it, bound:1260 nc:3790 ncall:4.4e+07 eff:0.0% logz-ratio=112373.94+/-0.10 dlogz:5.235>0.01]21662it [4:58:48, 33.98s/it, bound:1260 nc:3586 ncall:4.4e+07 eff:0.0% logz-ratio=112373.94+/-0.10 dlogz:5.231>0.01]21664it [4:58:49, 25.67s/it, bound:1260 nc:  1 ncall:4.4e+07 eff:0.0% logz-ratio=112374.13+/-0.16 dlogz:4.807>0.01] 21667it [4:58:49, 16.85s/it, bound:1260 nc:3646 ncall:4.4e+07 eff:0.0% logz-ratio=112373.95+/-0.10 dlogz:5.212>0.01]21670it [4:58:49, 11.31s/it, bound:1260 nc:  1 ncall:4.4e+07 eff:0.0% logz-ratio=112374.51+/-0.23 dlogz:3.939>0.01] 21673it [4:58:49,  7.70s/it, bound:1260 nc:3519 ncall:4.4e+07 eff:0.0% logz-ratio=112373.96+/-0.10 dlogz:5.190>0.01]21676it [4:58:49,  5.30s/it, bound:1261 nc:  1 ncall:4.4e+07 eff:0.1% logz-ratio=112374.85+/-0.29 dlogz:3.100>0.01] 21676it [4:59:03,  5.30s/it, bound:1261 nc:  1 ncall:4.4e+07 eff:0.1% logz-ratio=112375.98+/-0.84 dlogz:0.045>0.01]21677it [5:03:21, 39.95s/it, bound:1261 nc:3275 ncall:4.4e+07 eff:0.0% logz-ratio=112373.96+/-0.10 dlogz:5.175>0.01]21679it [5:03:46, 32.47s/it, bound:1261 nc:2840 ncall:4.4e+07 eff:0.0% logz-ratio=112373.97+/-0.10 dlogz:5.167>0.01]21682it [5:03:46, 20.56s/it, bound:1261 nc:  1 ncall:4.4e+07 eff:0.0% logz-ratio=112374.06+/-0.13 dlogz:4.958>0.01] 21685it [5:03:46, 13.50s/it, bound:1261 nc:3954 ncall:4.4e+07 eff:0.0% logz-ratio=112373.98+/-0.10 dlogz:5.145>0.01]21688it [5:03:46,  9.06s/it, bound:1261 nc:  1 ncall:4.4e+07 eff:0.0% logz-ratio=112374.62+/-0.25 dlogz:3.675>0.01] 21691it [5:03:46,  6.17s/it, bound:1262 nc:3397 ncall:4.4e+07 eff:0.0% logz-ratio=112373.99+/-0.10 dlogz:5.122>0.01]21691it [5:04:03,  6.17s/it, bound:1262 nc:3397 ncall:4.4e+07 eff:0.0% logz-ratio=112373.99+/-0.10 dlogz:5.122>0.01]21692it [5:08:13, 40.63s/it, bound:1262 nc:3402 ncall:4.4e+07 eff:0.0% logz-ratio=112373.99+/-0.11 dlogz:5.119>0.01]21693it [5:08:13, 34.19s/it, bound:1262 nc:3852 ncall:4.4e+07 eff:0.0% logz-ratio=112373.99+/-0.10 dlogz:5.115>0.01]21696it [5:08:13, 20.35s/it, bound:1262 nc:  1 ncall:4.4e+07 eff:0.0% logz-ratio=112374.34+/-0.19 dlogz:4.328>0.01] 21700it [5:08:13, 11.50s/it, bound:1262 nc:  1 ncall:4.4e+07 eff:0.0% logz-ratio=112374.14+/-0.14 dlogz:4.798>0.01]21703it [5:08:13,  7.85s/it, bound:1262 nc:3250 ncall:4.4e+07 eff:0.0% logz-ratio=112374.01+/-0.11 dlogz:5.078>0.01]21706it [5:08:13,  5.41s/it, bound:1262 nc:  1 ncall:4.4e+07 eff:0.0% logz-ratio=112374.77+/-0.27 dlogz:3.289>0.01] 21707it [5:08:33,  5.41s/it, bound:1263 nc:3721 ncall:4.4e+07 eff:0.0% logz-ratio=112374.02+/-0.11 dlogz:5.063>0.01]21708it [5:12:39, 34.65s/it, bound:1263 nc:3447 ncall:4.4e+07 eff:0.0% logz-ratio=112374.02+/-0.11 dlogz:5.059>0.01]21710it [5:12:39, 26.11s/it, bound:1263 nc:  1 ncall:4.4e+07 eff:0.0% logz-ratio=112374.49+/-0.22 dlogz:3.994>0.01] 21713it [5:12:39, 17.09s/it, bound:1263 nc:3046 ncall:4.4e+07 eff:0.0% logz-ratio=112374.03+/-0.11 dlogz:5.041>0.01]21716it [5:12:39, 11.45s/it, bound:1263 nc:  1 ncall:4.4e+07 eff:0.0% logz-ratio=112374.36+/-0.19 dlogz:4.297>0.01] 21719it [5:12:40,  7.79s/it, bound:1263 nc:3410 ncall:4.4e+07 eff:0.0% logz-ratio=112374.04+/-0.11 dlogz:5.019>0.01]21722it [5:12:40,  5.35s/it, bound:1263 nc:  1 ncall:4.4e+07 eff:0.1% logz-ratio=112375.12+/-0.33 dlogz:2.372>0.01] 21723it [5:12:53,  5.35s/it, bound:1264 nc:3499 ncall:4.4e+07 eff:0.0% logz-ratio=112374.04+/-0.11 dlogz:5.004>0.01]21724it [5:17:05, 34.70s/it, bound:1264 nc:3487 ncall:4.4e+07 eff:0.0% logz-ratio=112374.04+/-0.11 dlogz:5.000>0.01]21725it [5:17:28, 33.05s/it, bound:1264 nc:3544 ncall:4.4e+07 eff:0.0% logz-ratio=112374.05+/-0.11 dlogz:4.997>0.01]21728it [5:17:28, 20.60s/it, bound:1264 nc:  1 ncall:4.4e+07 eff:0.0% logz-ratio=112374.87+/-0.28 dlogz:3.054>0.01] 21731it [5:17:28, 13.40s/it, bound:1264 nc:3608 ncall:4.4e+07 eff:0.0% logz-ratio=112374.06+/-0.11 dlogz:4.975>0.01]21734it [5:17:29,  8.94s/it, bound:1264 nc:  1 ncall:4.4e+07 eff:0.1% logz-ratio=112375.18+/-0.34 dlogz:2.213>0.01] 21737it [5:17:29,  6.07s/it, bound:1264 nc:3011 ncall:4.4e+07 eff:0.0% logz-ratio=112374.07+/-0.11 dlogz:4.953>0.01]21739it [5:17:43,  6.07s/it, bound:1265 nc:3496 ncall:4.4e+07 eff:0.0% logz-ratio=112374.07+/-0.11 dlogz:4.945>0.01]21740it [5:21:47, 31.36s/it, bound:1265 nc:3475 ncall:4.4e+07 eff:0.0% logz-ratio=112374.07+/-0.11 dlogz:4.942>0.01]21744it [5:21:47, 19.60s/it, bound:1265 nc:  1 ncall:4.4e+07 eff:0.0% logz-ratio=112374.29+/-0.17 dlogz:4.443>0.01] 21748it [5:21:48, 12.77s/it, bound:1265 nc:  1 ncall:4.4e+07 eff:0.0% logz-ratio=112374.84+/-0.27 dlogz:3.123>0.01]21752it [5:21:48,  8.53s/it, bound:1265 nc:  1 ncall:4.4e+07 eff:0.1% logz-ratio=112375.12+/-0.33 dlogz:2.374>0.01]21755it [5:22:03,  8.53s/it, bound:1266 nc:3357 ncall:4.4e+07 eff:0.0% logz-ratio=112374.10+/-0.11 dlogz:4.888>0.01]21756it [5:26:09, 26.85s/it, bound:1266 nc:3224 ncall:4.4e+07 eff:0.0% logz-ratio=112374.10+/-0.11 dlogz:4.884>0.01]21760it [5:26:09, 18.39s/it, bound:1266 nc:  1 ncall:4.4e+07 eff:0.0% logz-ratio=112374.26+/-0.16 dlogz:4.514>0.01] 21764it [5:26:09, 12.69s/it, bound:1266 nc:  1 ncall:4.4e+07 eff:0.0% logz-ratio=112374.74+/-0.25 dlogz:3.386>0.01]21768it [5:26:10,  8.80s/it, bound:1266 nc:3873 ncall:4.4e+07 eff:0.0% logz-ratio=112374.12+/-0.11 dlogz:4.841>0.01]21770it [5:26:23,  8.80s/it, bound:1267 nc:3509 ncall:4.4e+07 eff:0.0% logz-ratio=112374.12+/-0.11 dlogz:4.834>0.01]21771it [5:30:20, 27.31s/it, bound:1267 nc:2722 ncall:4.4e+07 eff:0.0% logz-ratio=112374.12+/-0.11 dlogz:4.830>0.01]21772it [5:30:43, 26.89s/it, bound:1267 nc:3411 ncall:4.4e+07 eff:0.0% logz-ratio=112374.12+/-0.11 dlogz:4.827>0.01]21774it [5:30:44, 20.67s/it, bound:1267 nc:2796 ncall:4.4e+07 eff:0.0% logz-ratio=112374.13+/-0.11 dlogz:4.819>0.01]21778it [5:30:44, 12.46s/it, bound:1267 nc:3400 ncall:4.4e+07 eff:0.0% logz-ratio=112374.13+/-0.11 dlogz:4.805>0.01]21781it [5:30:44,  8.74s/it, bound:1267 nc:  1 ncall:4.4e+07 eff:0.0% logz-ratio=112374.19+/-0.13 dlogz:4.685>0.01] 21784it [5:30:44,  6.14s/it, bound:1267 nc:3602 ncall:4.4e+07 eff:0.0% logz-ratio=112374.14+/-0.11 dlogz:4.784>0.01]21785it [5:31:03,  6.14s/it, bound:1268 nc:  1 ncall:4.4e+07 eff:0.1% logz-ratio=112375.95+/-0.81 dlogz:0.038>0.01] 21786it [5:35:12, 34.45s/it, bound:1268 nc:2676 ncall:4.4e+07 eff:0.0% logz-ratio=112374.15+/-0.11 dlogz:4.776>0.01]21789it [5:35:12, 23.36s/it, bound:1268 nc:  1 ncall:4.4e+07 eff:0.0% logz-ratio=112374.47+/-0.19 dlogz:4.044>0.01] 21792it [5:35:12, 16.01s/it, bound:1268 nc:3579 ncall:4.4e+07 eff:0.0% logz-ratio=112374.16+/-0.11 dlogz:4.755>0.01]21795it [5:35:12, 11.05s/it, bound:1268 nc:  1 ncall:4.4e+07 eff:0.0% logz-ratio=112374.50+/-0.20 dlogz:3.962>0.01] 21798it [5:35:12,  7.67s/it, bound:1268 nc:2692 ncall:4.4e+07 eff:0.0% logz-ratio=112374.17+/-0.12 dlogz:4.734>0.01]21801it [5:35:12,  5.34s/it, bound:1269 nc:  1 ncall:4.4e+07 eff:0.0% logz-ratio=112374.64+/-0.22 dlogz:3.628>0.01] 21801it [5:35:23,  5.34s/it, bound:1269 nc:  1 ncall:4.4e+07 eff:0.1% logz-ratio=112375.96+/-0.81 dlogz:0.036>0.01]21802it [5:39:31, 37.56s/it, bound:1269 nc:3241 ncall:4.4e+07 eff:0.0% logz-ratio=112374.17+/-0.12 dlogz:4.720>0.01]21805it [5:39:32, 24.35s/it, bound:1269 nc:  1 ncall:4.4e+07 eff:0.0% logz-ratio=112374.36+/-0.16 dlogz:4.283>0.01] 21808it [5:39:32, 16.21s/it, bound:1269 nc:3707 ncall:4.4e+07 eff:0.0% logz-ratio=112374.18+/-0.11 dlogz:4.698>0.01]21811it [5:39:32, 10.98s/it, bound:1269 nc:  1 ncall:4.4e+07 eff:0.0% logz-ratio=112374.93+/-0.27 dlogz:2.904>0.01] 21814it [5:39:32,  7.52s/it, bound:1269 nc:3613 ncall:4.5e+07 eff:0.0% logz-ratio=112374.19+/-0.11 dlogz:4.677>0.01]21817it [5:39:32,  5.19s/it, bound:1270 nc:  1 ncall:4.5e+07 eff:0.0% logz-ratio=112374.76+/-0.24 dlogz:3.337>0.01] 21817it [5:39:43,  5.19s/it, bound:1270 nc:  1 ncall:4.5e+07 eff:0.1% logz-ratio=112376.00+/-0.85 dlogz:0.034>0.01]21818it [5:43:56, 38.56s/it, bound:1270 nc:2546 ncall:4.5e+07 eff:0.0% logz-ratio=112374.20+/-0.12 dlogz:4.663>0.01]21820it [5:44:19, 31.30s/it, bound:1270 nc:3498 ncall:4.5e+07 eff:0.0% logz-ratio=112374.20+/-0.12 dlogz:4.655>0.01]21823it [5:44:19, 19.86s/it, bound:1270 nc:  1 ncall:4.5e+07 eff:0.0% logz-ratio=112374.78+/-0.24 dlogz:3.266>0.01] 21826it [5:44:19, 13.06s/it, bound:1270 nc:3432 ncall:4.5e+07 eff:0.0% logz-ratio=112374.21+/-0.12 dlogz:4.634>0.01]21829it [5:44:19,  8.78s/it, bound:1270 nc:3547 ncall:4.5e+07 eff:0.0% logz-ratio=112374.22+/-0.12 dlogz:4.623>0.01]21832it [5:44:20,  5.98s/it, bound:1271 nc:  1 ncall:4.5e+07 eff:0.0% logz-ratio=112374.79+/-0.24 dlogz:3.252>0.01] 21832it [5:44:34,  5.98s/it, bound:1271 nc:  1 ncall:4.5e+07 eff:0.1% logz-ratio=112376.00+/-0.85 dlogz:0.033>0.01]21833it [5:48:35, 38.90s/it, bound:1271 nc:3590 ncall:4.5e+07 eff:0.0% logz-ratio=112374.22+/-0.12 dlogz:4.609>0.01]21836it [5:48:35, 24.84s/it, bound:1271 nc:  1 ncall:4.5e+07 eff:0.0% logz-ratio=112374.83+/-0.25 dlogz:3.159>0.01] 21839it [5:48:35, 16.39s/it, bound:1271 nc:2382 ncall:4.5e+07 eff:0.0% logz-ratio=112374.23+/-0.12 dlogz:4.588>0.01]21843it [5:48:35,  9.95s/it, bound:1271 nc:  1 ncall:4.5e+07 eff:0.0% logz-ratio=112374.93+/-0.27 dlogz:2.898>0.01] 21847it [5:48:35,  6.38s/it, bound:1271 nc:3741 ncall:4.5e+07 eff:0.0% logz-ratio=112374.24+/-0.12 dlogz:4.559>0.01]21848it [5:48:54,  6.38s/it, bound:1272 nc:2511 ncall:4.5e+07 eff:0.0% logz-ratio=112374.25+/-0.12 dlogz:4.556>0.01]21849it [5:52:49, 31.00s/it, bound:1272 nc:3458 ncall:4.5e+07 eff:0.0% logz-ratio=112374.25+/-0.12 dlogz:4.552>0.01]21851it [5:52:49, 24.01s/it, bound:1272 nc:  1 ncall:4.5e+07 eff:0.0% logz-ratio=112374.85+/-0.25 dlogz:3.453>0.01] 21854it [5:52:49, 16.18s/it, bound:1272 nc:2814 ncall:4.5e+07 eff:0.0% logz-ratio=112374.25+/-0.12 dlogz:4.886>0.01]21857it [5:52:49, 11.05s/it, bound:1272 nc:  1 ncall:4.5e+07 eff:0.0% logz-ratio=112374.96+/-0.27 dlogz:3.149>0.01] 21860it [5:52:49,  7.61s/it, bound:1272 nc:2968 ncall:4.5e+07 eff:0.0% logz-ratio=112374.26+/-0.12 dlogz:4.865>0.01]21863it [5:52:49,  5.27s/it, bound:1272 nc:  1 ncall:4.5e+07 eff:0.0% logz-ratio=112374.84+/-0.25 dlogz:3.459>0.01] 21864it [5:53:04,  5.27s/it, bound:1273 nc:3214 ncall:4.5e+07 eff:0.0% logz-ratio=112374.27+/-0.12 dlogz:4.850>0.01]21865it [5:57:18, 34.56s/it, bound:1273 nc:3281 ncall:4.5e+07 eff:0.0% logz-ratio=112374.27+/-0.12 dlogz:4.847>0.01]21866it [5:57:39, 32.69s/it, bound:1273 nc:3124 ncall:4.5e+07 eff:0.0% logz-ratio=112374.27+/-0.12 dlogz:4.843>0.01]21869it [5:57:39, 20.46s/it, bound:1273 nc:  1 ncall:4.5e+07 eff:0.0% logz-ratio=112374.81+/-0.24 dlogz:3.544>0.01] 21872it [5:57:39, 13.35s/it, bound:1273 nc:2818 ncall:4.5e+07 eff:0.0% logz-ratio=112374.28+/-0.12 dlogz:4.822>0.01]21875it [5:57:39,  8.92s/it, bound:1273 nc:  1 ncall:4.5e+07 eff:0.0% logz-ratio=112374.88+/-0.25 dlogz:3.369>0.01] 21878it [5:57:39,  6.06s/it, bound:1273 nc:2605 ncall:4.5e+07 eff:0.0% logz-ratio=112374.29+/-0.12 dlogz:4.801>0.01]21880it [5:57:54,  6.06s/it, bound:1274 nc:3463 ncall:4.5e+07 eff:0.0% logz-ratio=112374.29+/-0.12 dlogz:4.794>0.01]21881it [6:01:53, 30.76s/it, bound:1274 nc:3337 ncall:4.5e+07 eff:0.0% logz-ratio=112374.30+/-0.12 dlogz:4.791>0.01]21885it [6:01:53, 19.23s/it, bound:1274 nc:  1 ncall:4.5e+07 eff:0.0% logz-ratio=112374.53+/-0.18 dlogz:4.231>0.01] 21889it [6:01:53, 12.53s/it, bound:1274 nc:  1 ncall:4.5e+07 eff:0.0% logz-ratio=112374.92+/-0.25 dlogz:3.263>0.01]21893it [6:01:53,  8.37s/it, bound:1274 nc:  1 ncall:4.5e+07 eff:0.0% logz-ratio=112375.00+/-0.27 dlogz:3.028>0.01]21896it [6:02:04,  8.37s/it, bound:1275 nc:3647 ncall:4.5e+07 eff:0.0% logz-ratio=112374.32+/-0.12 dlogz:4.738>0.01]21897it [6:06:18, 27.00s/it, bound:1275 nc:3247 ncall:4.5e+07 eff:0.0% logz-ratio=112374.32+/-0.12 dlogz:4.735>0.01]21899it [6:06:18, 21.96s/it, bound:1275 nc:  1 ncall:4.5e+07 eff:0.0% logz-ratio=112374.86+/-0.24 dlogz:3.420>0.01] 21903it [6:06:18, 14.32s/it, bound:1275 nc:3611 ncall:4.5e+07 eff:0.0% logz-ratio=112374.33+/-0.12 dlogz:4.714>0.01]21907it [6:06:18,  9.58s/it, bound:1275 nc:3667 ncall:4.5e+07 eff:0.0% logz-ratio=112374.34+/-0.12 dlogz:4.700>0.01]21911it [6:06:18,  6.51s/it, bound:1275 nc:3966 ncall:4.5e+07 eff:0.0% logz-ratio=112374.34+/-0.13 dlogz:4.686>0.01]21912it [6:06:34,  6.51s/it, bound:1276 nc:3781 ncall:4.5e+07 eff:0.0% logz-ratio=112374.34+/-0.12 dlogz:4.682>0.01]21913it [6:10:33, 29.12s/it, bound:1276 nc:2625 ncall:4.5e+07 eff:0.0% logz-ratio=112374.35+/-0.13 dlogz:4.679>0.01]21914it [6:10:55, 28.27s/it, bound:1276 nc:3638 ncall:4.5e+07 eff:0.0% logz-ratio=112374.35+/-0.12 dlogz:4.675>0.01]21917it [6:10:55, 18.79s/it, bound:1276 nc:  1 ncall:4.5e+07 eff:0.0% logz-ratio=112374.95+/-0.25 dlogz:3.191>0.01] 21920it [6:10:55, 12.72s/it, bound:1276 nc:2714 ncall:4.5e+07 eff:0.0% logz-ratio=112374.36+/-0.13 dlogz:4.655>0.01]21923it [6:10:55,  8.70s/it, bound:1276 nc:  1 ncall:4.5e+07 eff:0.0% logz-ratio=112374.98+/-0.26 dlogz:3.090>0.01] 21926it [6:10:55,  6.01s/it, bound:1276 nc:3173 ncall:4.5e+07 eff:0.0% logz-ratio=112374.36+/-0.13 dlogz:4.634>0.01]21928it [6:11:14,  6.01s/it, bound:1277 nc:3614 ncall:4.5e+07 eff:0.0% logz-ratio=112374.37+/-0.13 dlogz:4.627>0.01]21929it [6:15:17, 31.01s/it, bound:1277 nc:2708 ncall:4.5e+07 eff:0.0% logz-ratio=112374.37+/-0.13 dlogz:4.624>0.01]21931it [6:15:17, 24.00s/it, bound:1277 nc:  1 ncall:4.5e+07 eff:0.0% logz-ratio=112374.83+/-0.23 dlogz:3.483>0.01] 21934it [6:15:17, 16.16s/it, bound:1277 nc:3595 ncall:4.5e+07 eff:0.0% logz-ratio=112374.38+/-0.13 dlogz:4.606>0.01]21937it [6:15:18, 11.03s/it, bound:1277 nc:  1 ncall:4.5e+07 eff:0.0% logz-ratio=112374.93+/-0.25 dlogz:3.217>0.01] 21940it [6:15:18,  7.59s/it, bound:1277 nc:2908 ncall:4.5e+07 eff:0.0% logz-ratio=112374.39+/-0.13 dlogz:4.586>0.01]21943it [6:15:18,  5.26s/it, bound:1277 nc:  1 ncall:4.5e+07 eff:0.0% logz-ratio=112374.96+/-0.25 dlogz:3.133>0.01] 21944it [6:15:34,  5.26s/it, bound:1278 nc:3435 ncall:4.5e+07 eff:0.0% logz-ratio=112374.39+/-0.13 dlogz:4.572>0.01]21945it [6:19:08, 30.21s/it, bound:1278 nc:2940 ncall:4.5e+07 eff:0.0% logz-ratio=112374.39+/-0.13 dlogz:4.569>0.01]21947it [6:19:08, 22.82s/it, bound:1278 nc:  1 ncall:4.5e+07 eff:0.0% logz-ratio=112375.09+/-0.27 dlogz:2.784>0.01] 21950it [6:19:08, 14.97s/it, bound:1278 nc:3562 ncall:4.5e+07 eff:0.0% logz-ratio=112374.40+/-0.13 dlogz:4.552>0.01]21953it [6:19:08, 10.05s/it, bound:1278 nc:  1 ncall:4.5e+07 eff:0.0% logz-ratio=112375.08+/-0.27 dlogz:2.807>0.01] 21956it [6:19:08,  6.84s/it, bound:1278 nc:3371 ncall:4.5e+07 eff:0.0% logz-ratio=112374.41+/-0.13 dlogz:4.531>0.01]21959it [6:19:08,  4.70s/it, bound:1278 nc:  1 ncall:4.5e+07 eff:0.0% logz-ratio=112375.11+/-0.27 dlogz:2.731>0.01] 21960it [6:19:24,  4.70s/it, bound:1279 nc:3640 ncall:4.5e+07 eff:0.0% logz-ratio=112374.41+/-0.13 dlogz:4.517>0.01]21961it [6:22:54, 29.57s/it, bound:1279 nc:2814 ncall:4.5e+07 eff:0.0% logz-ratio=112374.42+/-0.13 dlogz:4.514>0.01]21962it [6:23:10, 27.63s/it, bound:1279 nc:3585 ncall:4.5e+07 eff:0.0% logz-ratio=112374.42+/-0.13 dlogz:4.511>0.01]21966it [6:23:10, 15.30s/it, bound:1279 nc:3326 ncall:4.5e+07 eff:0.0% logz-ratio=112374.42+/-0.13 dlogz:4.497>0.01]21970it [6:23:10,  9.35s/it, bound:1279 nc:2690 ncall:4.5e+07 eff:0.0% logz-ratio=112374.43+/-0.13 dlogz:4.483>0.01]21974it [6:23:10,  6.02s/it, bound:1279 nc:7762 ncall:4.5e+07 eff:0.0% logz-ratio=112374.43+/-0.13 dlogz:4.470>0.01]21975it [6:23:24,  6.02s/it, bound:1280 nc:3345 ncall:4.5e+07 eff:0.0% logz-ratio=112374.44+/-0.13 dlogz:4.466>0.01]21976it [6:26:44, 26.53s/it, bound:1280 nc:4006 ncall:4.5e+07 eff:0.0% logz-ratio=112374.44+/-0.13 dlogz:4.463>0.01]21978it [6:26:44, 20.57s/it, bound:1280 nc:  1 ncall:4.5e+07 eff:0.0% logz-ratio=112374.74+/-0.20 dlogz:3.726>0.01] 21982it [6:26:44, 12.53s/it, bound:1280 nc:3008 ncall:4.5e+07 eff:0.0% logz-ratio=112374.45+/-0.13 dlogz:4.443>0.01]21986it [6:26:44,  8.05s/it, bound:1280 nc:3424 ncall:4.5e+07 eff:0.0% logz-ratio=112374.45+/-0.13 dlogz:4.429>0.01]21990it [6:26:44,  5.33s/it, bound:1280 nc:3191 ncall:4.5e+07 eff:0.0% logz-ratio=112374.46+/-0.13 dlogz:4.415>0.01]21991it [6:26:54,  5.33s/it, bound:1281 nc:2974 ncall:4.5e+07 eff:0.0% logz-ratio=112374.46+/-0.13 dlogz:4.412>0.01]21992it [6:30:22, 25.48s/it, bound:1281 nc:3441 ncall:4.5e+07 eff:0.0% logz-ratio=112374.46+/-0.13 dlogz:4.409>0.01]21996it [6:30:22, 16.37s/it, bound:1281 nc:  1 ncall:4.5e+07 eff:0.0% logz-ratio=112374.50+/-0.14 dlogz:4.319>0.01] 22000it [6:30:22, 10.85s/it, bound:1281 nc:  1 ncall:4.5e+07 eff:0.0% logz-ratio=112374.88+/-0.22 dlogz:3.364>0.01]22004it [6:30:22,  7.32s/it, bound:1281 nc:  1 ncall:4.5e+07 eff:0.0% logz-ratio=112375.38+/-0.32 dlogz:1.903>0.01]22007it [6:30:34,  7.32s/it, bound:1282 nc:3369 ncall:4.5e+07 eff:0.0% logz-ratio=112374.48+/-0.13 dlogz:4.358>0.01]22008it [6:33:54, 21.80s/it, bound:1282 nc:3270 ncall:4.5e+07 eff:0.0% logz-ratio=112374.48+/-0.14 dlogz:4.354>0.01]22009it [6:34:15, 21.80s/it, bound:1282 nc:3227 ncall:4.5e+07 eff:0.0% logz-ratio=112374.49+/-0.13 dlogz:4.351>0.01]22012it [6:34:15, 15.18s/it, bound:1282 nc:  1 ncall:4.5e+07 eff:0.0% logz-ratio=112375.20+/-0.28 dlogz:2.486>0.01] 22016it [6:34:16,  9.63s/it, bound:1282 nc:  1 ncall:4.5e+07 eff:0.0% logz-ratio=112374.50+/-0.14 dlogz:4.321>0.01]22020it [6:34:16,  6.33s/it, bound:1282 nc:3435 ncall:4.5e+07 eff:0.0% logz-ratio=112374.50+/-0.14 dlogz:4.314>0.01]22023it [6:34:34,  6.33s/it, bound:1283 nc:2611 ncall:4.5e+07 eff:0.0% logz-ratio=112374.50+/-0.14 dlogz:4.304>0.01]22024it [6:37:45, 21.47s/it, bound:1283 nc:2778 ncall:4.5e+07 eff:0.0% logz-ratio=112374.51+/-0.14 dlogz:4.300>0.01]22026it [6:37:45, 17.39s/it, bound:1283 nc:  1 ncall:4.5e+07 eff:0.0% logz-ratio=112375.21+/-0.28 dlogz:2.451>0.01] 22030it [6:37:45, 11.27s/it, bound:1283 nc:  1 ncall:4.5e+07 eff:0.0% logz-ratio=112374.52+/-0.14 dlogz:4.270>0.01]22034it [6:37:45,  7.51s/it, bound:1283 nc:2831 ncall:4.5e+07 eff:0.0% logz-ratio=112374.52+/-0.14 dlogz:4.425>0.01]22038it [6:37:45,  5.09s/it, bound:1284 nc:3693 ncall:4.5e+07 eff:0.0% logz-ratio=112374.53+/-0.14 dlogz:4.412>0.01]22038it [6:38:04,  5.09s/it, bound:1284 nc:  1 ncall:4.5e+07 eff:0.0% logz-ratio=112376.05+/-0.95 dlogz:0.046>0.01] 22039it [6:41:45, 29.39s/it, bound:1284 nc:2785 ncall:4.5e+07 eff:0.0% logz-ratio=112374.53+/-0.13 dlogz:4.693>0.01]22042it [6:41:45, 20.36s/it, bound:1284 nc:  1 ncall:4.5e+07 eff:0.0% logz-ratio=112375.04+/-0.24 dlogz:3.382>0.01] 22046it [6:41:45, 12.85s/it, bound:1284 nc:3384 ncall:4.5e+07 eff:0.0% logz-ratio=112374.54+/-0.13 dlogz:4.670>0.01]22050it [6:41:45,  8.42s/it, bound:1284 nc:3923 ncall:4.5e+07 eff:0.0% logz-ratio=112374.54+/-0.13 dlogz:4.656>0.01]22054it [6:41:45,  5.65s/it, bound:1285 nc:4012 ncall:4.5e+07 eff:0.0% logz-ratio=112374.55+/-0.14 dlogz:4.643>0.01]22054it [6:42:04,  5.65s/it, bound:1285 nc:  1 ncall:4.5e+07 eff:0.0% logz-ratio=112376.05+/-0.95 dlogz:0.045>0.01] 22055it [6:45:50, 30.81s/it, bound:1285 nc:3685 ncall:4.5e+07 eff:0.0% logz-ratio=112374.55+/-0.13 dlogz:4.639>0.01]22057it [6:46:12, 26.23s/it, bound:1285 nc:3051 ncall:4.5e+07 eff:0.0% logz-ratio=112374.55+/-0.13 dlogz:4.633>0.01]22060it [6:46:12, 17.54s/it, bound:1285 nc:  1 ncall:4.5e+07 eff:0.0% logz-ratio=112374.94+/-0.22 dlogz:3.652>0.01] 22064it [6:46:12, 10.76s/it, bound:1285 nc:3439 ncall:4.5e+07 eff:0.0% logz-ratio=112374.56+/-0.14 dlogz:4.609>0.01]22068it [6:46:12,  6.94s/it, bound:1285 nc:3062 ncall:4.5e+07 eff:0.0% logz-ratio=112374.57+/-0.14 dlogz:4.596>0.01]22070it [6:46:24,  6.94s/it, bound:1286 nc:  1 ncall:4.5e+07 eff:0.0% logz-ratio=112376.04+/-0.95 dlogz:0.044>0.01] 22071it [6:50:34, 29.12s/it, bound:1286 nc:3213 ncall:4.5e+07 eff:0.0% logz-ratio=112374.57+/-0.14 dlogz:4.586>0.01]22073it [6:50:34, 23.07s/it, bound:1286 nc:3300 ncall:4.5e+07 eff:0.0% logz-ratio=112374.57+/-0.14 dlogz:4.579>0.01]22076it [6:50:34, 15.96s/it, bound:1286 nc:  1 ncall:4.5e+07 eff:0.0% logz-ratio=112375.08+/-0.24 dlogz:3.265>0.01] 22079it [6:50:34, 11.09s/it, bound:1286 nc:3289 ncall:4.5e+07 eff:0.0% logz-ratio=112374.58+/-0.14 dlogz:4.559>0.01]22082it [6:50:34,  7.73s/it, bound:1286 nc:  1 ncall:4.5e+07 eff:0.0% logz-ratio=112375.08+/-0.24 dlogz:3.249>0.01] 22085it [6:50:34,  5.40s/it, bound:1286 nc:3212 ncall:4.5e+07 eff:0.0% logz-ratio=112374.59+/-0.14 dlogz:4.539>0.01]22086it [6:50:44,  5.40s/it, bound:1287 nc:  1 ncall:4.5e+07 eff:0.0% logz-ratio=112376.04+/-0.94 dlogz:0.042>0.01] 22087it [6:54:49, 32.73s/it, bound:1287 nc:3456 ncall:4.5e+07 eff:0.0% logz-ratio=112374.59+/-0.14 dlogz:4.533>0.01]22092it [6:54:49, 18.19s/it, bound:1287 nc:  1 ncall:4.5e+07 eff:0.0% logz-ratio=112374.84+/-0.19 dlogz:3.894>0.01] 22096it [6:54:49, 12.08s/it, bound:1287 nc:  1 ncall:4.5e+07 eff:0.0% logz-ratio=112375.32+/-0.29 dlogz:2.509>0.01]22101it [6:54:49,  7.55s/it, bound:1287 nc:2871 ncall:4.5e+07 eff:0.0% logz-ratio=112374.61+/-0.14 dlogz:4.487>0.01]22102it [6:55:05,  7.55s/it, bound:1288 nc:  1 ncall:4.5e+07 eff:0.0% logz-ratio=112376.08+/-0.95 dlogz:0.039>0.01] 22103it [6:58:12, 24.13s/it, bound:1288 nc:2987 ncall:4.5e+07 eff:0.0% logz-ratio=112374.61+/-0.14 dlogz:4.480>0.01]22105it [6:58:30, 21.03s/it, bound:1288 nc:2480 ncall:4.5e+07 eff:0.0% logz-ratio=112374.62+/-0.14 dlogz:4.474>0.01]22110it [6:58:30, 12.24s/it, bound:1288 nc:  1 ncall:4.5e+07 eff:0.0% logz-ratio=112374.88+/-0.19 dlogz:3.801>0.01] 22115it [6:58:30,  7.67s/it, bound:1288 nc:2869 ncall:4.6e+07 eff:0.0% logz-ratio=112374.63+/-0.14 dlogz:4.441>0.01]22118it [6:58:45,  7.67s/it, bound:1289 nc:  1 ncall:4.6e+07 eff:0.0% logz-ratio=112376.10+/-0.96 dlogz:0.037>0.01] 22119it [7:02:06, 21.58s/it, bound:1289 nc:3323 ncall:4.6e+07 eff:0.0% logz-ratio=112374.64+/-0.14 dlogz:4.428>0.01]22123it [7:02:07, 15.12s/it, bound:1289 nc:3516 ncall:4.6e+07 eff:0.0% logz-ratio=112374.64+/-0.14 dlogz:4.415>0.01]22128it [7:02:07,  9.86s/it, bound:1289 nc:2783 ncall:4.6e+07 eff:0.0% logz-ratio=112374.65+/-0.14 dlogz:4.398>0.01]22132it [7:02:07,  7.06s/it, bound:1289 nc:3630 ncall:4.6e+07 eff:0.0% logz-ratio=112374.65+/-0.14 dlogz:4.385>0.01]22133it [7:02:25,  7.06s/it, bound:1290 nc:  1 ncall:4.6e+07 eff:0.0% logz-ratio=112376.09+/-0.95 dlogz:0.037>0.01] 22134it [7:05:40, 23.89s/it, bound:1290 nc:3142 ncall:4.6e+07 eff:0.0% logz-ratio=112374.66+/-0.14 dlogz:4.379>0.01]22139it [7:05:40, 14.91s/it, bound:1290 nc:  1 ncall:4.6e+07 eff:0.0% logz-ratio=112374.83+/-0.18 dlogz:3.927>0.01] 22144it [7:05:40,  9.70s/it, bound:1290 nc:2906 ncall:4.6e+07 eff:0.0% logz-ratio=112374.67+/-0.14 dlogz:4.347>0.01]22148it [7:05:55,  9.70s/it, bound:1291 nc:3400 ncall:4.6e+07 eff:0.0% logz-ratio=112374.67+/-0.14 dlogz:4.334>0.01]22149it [7:09:21, 21.19s/it, bound:1291 nc:3116 ncall:4.6e+07 eff:0.0% logz-ratio=112374.67+/-0.14 dlogz:4.330>0.01]22150it [7:09:37, 20.72s/it, bound:1291 nc:3725 ncall:4.6e+07 eff:0.0% logz-ratio=112374.68+/-0.14 dlogz:4.327>0.01]22155it [7:09:37, 12.79s/it, bound:1291 nc:  1 ncall:4.6e+07 eff:0.0% logz-ratio=112374.89+/-0.18 dlogz:3.775>0.01] 22160it [7:09:37,  8.27s/it, bound:1291 nc:3131 ncall:4.6e+07 eff:0.0% logz-ratio=112374.69+/-0.14 dlogz:4.294>0.01]22164it [7:09:55,  8.27s/it, bound:1292 nc:3432 ncall:4.6e+07 eff:0.0% logz-ratio=112374.69+/-0.14 dlogz:4.282>0.01]22165it [7:13:09, 19.75s/it, bound:1292 nc:3930 ncall:4.6e+07 eff:0.0% logz-ratio=112374.70+/-0.14 dlogz:4.278>0.01]22169it [7:13:10, 14.28s/it, bound:1292 nc:  1 ncall:4.6e+07 eff:0.0% logz-ratio=112374.93+/-0.19 dlogz:3.663>0.01] 22174it [7:13:10,  9.56s/it, bound:1292 nc:3424 ncall:4.6e+07 eff:0.0% logz-ratio=112374.71+/-0.14 dlogz:4.249>0.01]22179it [7:13:10,  6.50s/it, bound:1292 nc:  1 ncall:4.6e+07 eff:0.0% logz-ratio=112374.86+/-0.17 dlogz:3.850>0.01] 22180it [7:13:25,  6.50s/it, bound:1293 nc:3519 ncall:4.6e+07 eff:0.0% logz-ratio=112374.71+/-0.14 dlogz:4.230>0.01]22181it [7:17:42, 26.57s/it, bound:1293 nc:3909 ncall:4.6e+07 eff:0.0% logz-ratio=112374.72+/-0.14 dlogz:4.227>0.01]22183it [7:17:42, 21.76s/it, bound:1293 nc:  1 ncall:4.6e+07 eff:0.0% logz-ratio=112375.23+/-0.25 dlogz:2.799>0.01] 22187it [7:17:42, 14.34s/it, bound:1293 nc:3546 ncall:4.6e+07 eff:0.0% logz-ratio=112374.72+/-0.14 dlogz:4.208>0.01]22191it [7:17:42,  9.65s/it, bound:1293 nc:3510 ncall:4.6e+07 eff:0.0% logz-ratio=112374.73+/-0.14 dlogz:4.195>0.01]22195it [7:17:42,  6.59s/it, bound:1293 nc:3630 ncall:4.6e+07 eff:0.0% logz-ratio=112374.73+/-0.14 dlogz:4.182>0.01]22196it [7:17:55,  6.59s/it, bound:1294 nc:3003 ncall:4.6e+07 eff:0.0% logz-ratio=112374.73+/-0.14 dlogz:4.179>0.01]22197it [7:21:52, 28.52s/it, bound:1294 nc:1967 ncall:4.6e+07 eff:0.0% logz-ratio=112374.74+/-0.14 dlogz:4.176>0.01]22199it [7:22:07, 24.17s/it, bound:1294 nc:2458 ncall:4.6e+07 eff:0.0% logz-ratio=112374.74+/-0.14 dlogz:4.169>0.01]22204it [7:22:07, 13.84s/it, bound:1294 nc:  1 ncall:4.6e+07 eff:0.0% logz-ratio=112374.81+/-0.16 dlogz:3.966>0.01] 22208it [7:22:07,  9.30s/it, bound:1294 nc:  1 ncall:4.6e+07 eff:0.0% logz-ratio=112375.00+/-0.20 dlogz:3.478>0.01]22212it [7:22:08,  6.34s/it, bound:1295 nc:  1 ncall:4.6e+07 eff:0.0% logz-ratio=112375.31+/-0.26 dlogz:2.557>0.01]22212it [7:22:25,  6.34s/it, bound:1295 nc:  1 ncall:4.6e+07 eff:0.0% logz-ratio=112376.13+/-0.92 dlogz:0.030>0.01]22213it [7:26:19, 31.46s/it, bound:1295 nc:3194 ncall:4.6e+07 eff:0.0% logz-ratio=112374.75+/-0.14 dlogz:4.125>0.01]22216it [7:26:19, 21.88s/it, bound:1295 nc:  1 ncall:4.6e+07 eff:0.0% logz-ratio=112375.10+/-0.21 dlogz:3.183>0.01] 22220it [7:26:20, 13.85s/it, bound:1295 nc:6684 ncall:4.6e+07 eff:0.0% logz-ratio=112374.76+/-0.14 dlogz:4.103>0.01]22224it [7:26:20,  9.09s/it, bound:1295 nc:3956 ncall:4.6e+07 eff:0.0% logz-ratio=112374.77+/-0.14 dlogz:4.090>0.01]22226it [7:26:35,  9.09s/it, bound:1295 nc:  1 ncall:4.6e+07 eff:0.0% logz-ratio=112376.13+/-0.91 dlogz:0.029>0.01] 22227it [7:30:57, 31.54s/it, bound:1296 nc:7464 ncall:4.6e+07 eff:0.0% logz-ratio=112374.77+/-0.14 dlogz:4.081>0.01]22230it [7:30:57, 22.78s/it, bound:1296 nc:2495 ncall:4.6e+07 eff:0.0% logz-ratio=112374.78+/-0.14 dlogz:4.071>0.01]22235it [7:30:57, 13.72s/it, bound:1296 nc:3896 ncall:4.6e+07 eff:0.0% logz-ratio=112374.78+/-0.14 dlogz:4.055>0.01]22239it [7:30:57,  9.43s/it, bound:1296 nc:  1 ncall:4.6e+07 eff:0.0% logz-ratio=112375.03+/-0.20 dlogz:3.396>0.01] 22241it [7:31:15,  9.43s/it, bound:1297 nc:  1 ncall:4.6e+07 eff:0.0% logz-ratio=112376.14+/-0.90 dlogz:0.028>0.01]22242it [7:36:10, 33.26s/it, bound:1297 nc:3188 ncall:4.6e+07 eff:0.0% logz-ratio=112374.79+/-0.15 dlogz:4.033>0.01]22244it [7:36:34, 29.15s/it, bound:1297 nc:3920 ncall:4.6e+07 eff:0.0% logz-ratio=112374.79+/-0.15 dlogz:4.027>0.01]22247it [7:36:34, 20.63s/it, bound:1297 nc:  1 ncall:4.6e+07 eff:0.0% logz-ratio=112374.95+/-0.18 dlogz:3.614>0.01] 22251it [7:36:34, 13.27s/it, bound:1297 nc:3833 ncall:4.6e+07 eff:0.0% logz-ratio=112374.80+/-0.15 dlogz:4.005>0.01]22255it [7:36:35,  8.79s/it, bound:1298 nc:7089 ncall:4.6e+07 eff:0.0% logz-ratio=112374.81+/-0.15 dlogz:3.992>0.01]22255it [7:36:45,  8.79s/it, bound:1298 nc:  1 ncall:4.6e+07 eff:0.0% logz-ratio=112376.13+/-0.89 dlogz:0.028>0.01] 22256it [7:41:22, 38.86s/it, bound:1298 nc:3243 ncall:4.6e+07 eff:0.0% logz-ratio=112374.81+/-0.15 dlogz:3.989>0.01]22259it [7:41:22, 26.59s/it, bound:1298 nc:  1 ncall:4.6e+07 eff:0.0% logz-ratio=112375.23+/-0.23 dlogz:2.785>0.01] 22262it [7:41:23, 18.33s/it, bound:1298 nc:3710 ncall:4.6e+07 eff:0.0% logz-ratio=112374.81+/-0.15 dlogz:3.970>0.01]22265it [7:41:23, 12.70s/it, bound:1298 nc:  1 ncall:4.6e+07 eff:0.0% logz-ratio=112375.23+/-0.23 dlogz:2.781>0.01] 22268it [7:41:23,  8.84s/it, bound:1298 nc:3150 ncall:4.6e+07 eff:0.0% logz-ratio=112374.82+/-0.15 dlogz:3.951>0.01]22271it [7:41:23,  6.16s/it, bound:1299 nc:  1 ncall:4.6e+07 eff:0.0% logz-ratio=112375.37+/-0.26 dlogz:2.371>0.01] 22271it [7:41:35,  6.16s/it, bound:1299 nc:  1 ncall:4.6e+07 eff:0.0% logz-ratio=112376.13+/-0.88 dlogz:0.027>0.01]22272it [7:46:20, 42.89s/it, bound:1299 nc:3852 ncall:4.6e+07 eff:0.0% logz-ratio=112374.83+/-0.15 dlogz:3.939>0.01]22275it [7:46:20, 27.83s/it, bound:1299 nc:  1 ncall:4.6e+07 eff:0.0% logz-ratio=112375.28+/-0.24 dlogz:2.647>0.01] 22278it [7:46:20, 18.55s/it, bound:1299 nc:4895 ncall:4.6e+07 eff:0.0% logz-ratio=112374.83+/-0.15 dlogz:3.920>0.01]22281it [7:46:20, 12.56s/it, bound:1299 nc:  1 ncall:4.6e+07 eff:0.0% logz-ratio=112375.30+/-0.24 dlogz:2.568>0.01] 22284it [7:46:20,  8.61s/it, bound:1299 nc:3827 ncall:4.6e+07 eff:0.0% logz-ratio=112374.84+/-0.15 dlogz:3.901>0.01]22286it [7:46:35,  8.61s/it, bound:1300 nc:3737 ncall:4.6e+07 eff:0.0% logz-ratio=112374.84+/-0.15 dlogz:3.895>0.01]22287it [7:50:38, 32.69s/it, bound:1300 nc:2749 ncall:4.6e+07 eff:0.0% logz-ratio=112374.84+/-0.15 dlogz:3.892>0.01]22288it [7:51:00, 31.24s/it, bound:1300 nc:3790 ncall:4.6e+07 eff:0.0% logz-ratio=112374.85+/-0.15 dlogz:3.889>0.01]22291it [7:51:00, 20.13s/it, bound:1300 nc:  1 ncall:4.6e+07 eff:0.0% logz-ratio=112375.70+/-0.35 dlogz:1.180>0.01] 22295it [7:51:00, 12.01s/it, bound:1300 nc:  1 ncall:4.6e+07 eff:0.0% logz-ratio=112375.08+/-0.20 dlogz:3.235>0.01]22299it [7:51:00,  7.62s/it, bound:1300 nc:3595 ncall:4.6e+07 eff:0.0% logz-ratio=112374.86+/-0.15 dlogz:3.854>0.01]22302it [7:51:15,  7.62s/it, bound:1301 nc:3795 ncall:4.6e+07 eff:0.0% logz-ratio=112374.86+/-0.15 dlogz:3.845>0.01]22303it [7:54:56, 25.28s/it, bound:1301 nc:3364 ncall:4.6e+07 eff:0.0% logz-ratio=112374.86+/-0.15 dlogz:3.842>0.01]22305it [7:54:56, 20.31s/it, bound:1301 nc:  1 ncall:4.6e+07 eff:0.0% logz-ratio=112375.33+/-0.25 dlogz:2.477>0.01] 22308it [7:54:56, 14.29s/it, bound:1301 nc:3669 ncall:4.6e+07 eff:0.0% logz-ratio=112374.87+/-0.15 dlogz:3.827>0.01]22311it [7:54:57, 10.05s/it, bound:1301 nc:  1 ncall:4.6e+07 eff:0.0% logz-ratio=112375.40+/-0.26 dlogz:2.234>0.01] 22314it [7:54:57,  7.06s/it, bound:1301 nc:3478 ncall:4.6e+07 eff:0.0% logz-ratio=112374.88+/-0.15 dlogz:3.808>0.01]22317it [7:54:57,  4.96s/it, bound:1302 nc:  1 ncall:4.6e+07 eff:0.0% logz-ratio=112375.39+/-0.26 dlogz:2.286>0.01] 22317it [7:55:15,  4.96s/it, bound:1302 nc:  1 ncall:4.6e+07 eff:0.0% logz-ratio=112376.13+/-0.87 dlogz:0.025>0.01]22318it [7:59:02, 34.90s/it, bound:1302 nc:3319 ncall:4.6e+07 eff:0.0% logz-ratio=112374.88+/-0.15 dlogz:3.796>0.01]22322it [7:59:02, 20.40s/it, bound:1302 nc:3049 ncall:4.6e+07 eff:0.0% logz-ratio=112374.89+/-0.15 dlogz:3.834>0.01]22326it [7:59:02, 12.81s/it, bound:1302 nc:3590 ncall:4.6e+07 eff:0.0% logz-ratio=112374.89+/-0.15 dlogz:3.822>0.01]22330it [7:59:02,  8.37s/it, bound:1302 nc:3573 ncall:4.6e+07 eff:0.0% logz-ratio=112374.89+/-0.15 dlogz:3.809>0.01]22333it [7:59:15,  8.37s/it, bound:1303 nc:  1 ncall:4.6e+07 eff:0.0% logz-ratio=112376.14+/-0.90 dlogz:0.025>0.01] 22334it [8:03:03, 25.51s/it, bound:1303 nc:3471 ncall:4.6e+07 eff:0.0% logz-ratio=112374.90+/-0.15 dlogz:3.797>0.01]22336it [8:03:20, 22.27s/it, bound:1303 nc:2914 ncall:4.6e+07 eff:0.0% logz-ratio=112374.90+/-0.15 dlogz:3.791>0.01]22339it [8:03:20, 15.80s/it, bound:1303 nc:  1 ncall:4.6e+07 eff:0.0% logz-ratio=112375.50+/-0.28 dlogz:1.932>0.01] 22343it [8:03:20, 10.17s/it, bound:1303 nc:  1 ncall:4.6e+07 eff:0.0% logz-ratio=112374.98+/-0.17 dlogz:3.576>0.01]22347it [8:03:20,  6.75s/it, bound:1303 nc:2746 ncall:4.6e+07 eff:0.0% logz-ratio=112374.91+/-0.15 dlogz:3.757>0.01]22347it [8:03:35,  6.75s/it, bound:1303 nc:  1 ncall:4.6e+07 eff:0.0% logz-ratio=112376.15+/-0.89 dlogz:0.024>0.01] 22348it [8:07:19, 31.70s/it, bound:1304 nc:7069 ncall:4.6e+07 eff:0.0% logz-ratio=112374.92+/-0.15 dlogz:3.754>0.01]22352it [8:07:19, 19.64s/it, bound:1304 nc:  1 ncall:4.6e+07 eff:0.0% logz-ratio=112374.94+/-0.16 dlogz:3.680>0.01] 22356it [8:07:19, 12.73s/it, bound:1304 nc:2931 ncall:4.6e+07 eff:0.0% logz-ratio=112374.92+/-0.16 dlogz:3.729>0.01]22360it [8:07:19,  8.48s/it, bound:1304 nc:  1 ncall:4.6e+07 eff:0.0% logz-ratio=112375.10+/-0.19 dlogz:3.238>0.01] 22362it [8:07:35,  8.48s/it, bound:1305 nc:3629 ncall:4.6e+07 eff:0.0% logz-ratio=112374.93+/-0.16 dlogz:3.711>0.01]22363it [8:11:12, 26.74s/it, bound:1305 nc:3364 ncall:4.6e+07 eff:0.0% logz-ratio=112374.93+/-0.16 dlogz:3.708>0.01]22367it [8:11:12, 17.80s/it, bound:1305 nc:  1 ncall:4.6e+07 eff:0.0% logz-ratio=112375.26+/-0.22 dlogz:2.759>0.01] 22371it [8:11:12, 12.05s/it, bound:1305 nc:  1 ncall:4.6e+07 eff:0.0% logz-ratio=112375.21+/-0.21 dlogz:2.900>0.01]22375it [8:11:12,  8.25s/it, bound:1305 nc:3363 ncall:4.6e+07 eff:0.0% logz-ratio=112374.95+/-0.16 dlogz:3.672>0.01]22378it [8:11:25,  8.25s/it, bound:1306 nc:3175 ncall:4.6e+07 eff:0.0% logz-ratio=112374.95+/-0.16 dlogz:3.662>0.01]22379it [8:15:57, 27.80s/it, bound:1306 nc:3526 ncall:4.6e+07 eff:0.0% logz-ratio=112374.95+/-0.16 dlogz:3.659>0.01]22380it [8:16:19, 27.28s/it, bound:1306 nc:3906 ncall:4.6e+07 eff:0.0% logz-ratio=112374.95+/-0.16 dlogz:3.656>0.01]22383it [8:16:20, 19.11s/it, bound:1306 nc:  1 ncall:4.6e+07 eff:0.0% logz-ratio=112375.32+/-0.23 dlogz:2.563>0.01] 22387it [8:16:20, 12.17s/it, bound:1306 nc:3369 ncall:4.6e+07 eff:0.0% logz-ratio=112374.96+/-0.16 dlogz:3.635>0.01]22391it [8:16:20,  8.02s/it, bound:1306 nc:3815 ncall:4.6e+07 eff:0.0% logz-ratio=112374.96+/-0.16 dlogz:3.623>0.01]22394it [8:16:35,  8.02s/it, bound:1307 nc:2919 ncall:4.6e+07 eff:0.0% logz-ratio=112374.97+/-0.16 dlogz:3.614>0.01]22395it [8:20:34, 26.22s/it, bound:1307 nc:3231 ncall:4.6e+07 eff:0.0% logz-ratio=112374.97+/-0.16 dlogz:3.611>0.01]22397it [8:20:34, 21.25s/it, bound:1307 nc:  1 ncall:4.6e+07 eff:0.0% logz-ratio=112375.70+/-0.32 dlogz:1.267>0.01] 22401it [8:20:34, 13.79s/it, bound:1307 nc:  1 ncall:4.7e+07 eff:0.0% logz-ratio=112375.14+/-0.19 dlogz:3.117>0.01]22405it [8:20:34,  9.19s/it, bound:1307 nc:3494 ncall:4.7e+07 eff:0.0% logz-ratio=112374.98+/-0.16 dlogz:3.581>0.01]22409it [8:20:34,  6.23s/it, bound:1307 nc:3546 ncall:4.7e+07 eff:0.0% logz-ratio=112374.98+/-0.16 dlogz:3.569>0.01]22410it [8:20:45,  6.23s/it, bound:1308 nc:2808 ncall:4.7e+07 eff:0.0% logz-ratio=112374.98+/-0.16 dlogz:3.566>0.01]22411it [8:24:33, 27.45s/it, bound:1308 nc:3302 ncall:4.7e+07 eff:0.0% logz-ratio=112374.99+/-0.16 dlogz:3.563>0.01]22414it [8:24:33, 19.59s/it, bound:1308 nc:3182 ncall:4.7e+07 eff:0.0% logz-ratio=112374.99+/-0.16 dlogz:3.554>0.01]22418it [8:24:33, 12.68s/it, bound:1308 nc:3449 ncall:4.7e+07 eff:0.0% logz-ratio=112374.99+/-0.16 dlogz:3.542>0.01]22422it [8:24:33,  8.44s/it, bound:1308 nc:3160 ncall:4.7e+07 eff:0.0% logz-ratio=112375.00+/-0.16 dlogz:3.530>0.01]22426it [8:24:33,  5.72s/it, bound:1309 nc:3786 ncall:4.7e+07 eff:0.0% logz-ratio=112375.00+/-0.16 dlogz:3.518>0.01]22426it [8:24:46,  5.72s/it, bound:1309 nc:3786 ncall:4.7e+07 eff:0.0% logz-ratio=112375.00+/-0.16 dlogz:3.518>0.01]22427it [8:28:27, 29.34s/it, bound:1309 nc:3428 ncall:4.7e+07 eff:0.0% logz-ratio=112375.00+/-0.16 dlogz:3.515>0.01]22428it [8:28:48, 28.28s/it, bound:1309 nc:3341 ncall:4.7e+07 eff:0.0% logz-ratio=112375.00+/-0.16 dlogz:3.512>0.01]22431it [8:28:48, 18.22s/it, bound:1309 nc:  1 ncall:4.7e+07 eff:0.0% logz-ratio=112375.38+/-0.23 dlogz:2.383>0.01] 22435it [8:28:48, 10.87s/it, bound:1309 nc:3650 ncall:4.7e+07 eff:0.0% logz-ratio=112375.01+/-0.16 dlogz:3.492>0.01]22439it [8:28:48,  6.90s/it, bound:1309 nc:2541 ncall:4.7e+07 eff:0.0% logz-ratio=112375.02+/-0.16 dlogz:3.480>0.01]22442it [8:29:06,  6.90s/it, bound:1310 nc:3171 ncall:4.7e+07 eff:0.0% logz-ratio=112375.02+/-0.16 dlogz:3.471>0.01]22443it [8:32:36, 24.05s/it, bound:1310 nc:3415 ncall:4.7e+07 eff:0.0% logz-ratio=112375.02+/-0.16 dlogz:3.468>0.01]22445it [8:32:36, 19.33s/it, bound:1310 nc:  1 ncall:4.7e+07 eff:0.0% logz-ratio=112375.48+/-0.25 dlogz:2.051>0.01] 22448it [8:32:36, 13.60s/it, bound:1310 nc:3460 ncall:4.7e+07 eff:0.0% logz-ratio=112375.02+/-0.16 dlogz:3.453>0.01]22451it [8:32:36,  9.56s/it, bound:1310 nc:  1 ncall:4.7e+07 eff:0.0% logz-ratio=112375.53+/-0.26 dlogz:1.903>0.01] 22454it [8:32:36,  6.72s/it, bound:1310 nc:3344 ncall:4.7e+07 eff:0.0% logz-ratio=112375.03+/-0.16 dlogz:3.435>0.01]22457it [8:32:36,  4.72s/it, bound:1310 nc:  1 ncall:4.7e+07 eff:0.0% logz-ratio=112375.53+/-0.26 dlogz:1.904>0.01] 22458it [8:32:56,  4.72s/it, bound:1311 nc:3674 ncall:4.7e+07 eff:0.0% logz-ratio=112375.03+/-0.16 dlogz:3.424>0.01]22459it [8:36:19, 28.32s/it, bound:1311 nc:2972 ncall:4.7e+07 eff:0.0% logz-ratio=112375.04+/-0.16 dlogz:3.421>0.01]22461it [8:36:19, 21.53s/it, bound:1311 nc:  1 ncall:4.7e+07 eff:0.0% logz-ratio=112375.52+/-0.26 dlogz:1.929>0.01] 22464it [8:36:19, 14.22s/it, bound:1311 nc:3497 ncall:4.7e+07 eff:0.0% logz-ratio=112375.04+/-0.16 dlogz:3.406>0.01]22467it [8:36:19,  9.58s/it, bound:1311 nc:  1 ncall:4.7e+07 eff:0.0% logz-ratio=112375.56+/-0.27 dlogz:1.799>0.01] 22470it [8:36:19,  6.54s/it, bound:1311 nc:6433 ncall:4.7e+07 eff:0.0% logz-ratio=112375.05+/-0.16 dlogz:3.389>0.01]22473it [8:36:19,  4.51s/it, bound:1312 nc:3678 ncall:4.7e+07 eff:0.0% logz-ratio=112375.05+/-0.17 dlogz:3.380>0.01]22473it [8:36:36,  4.51s/it, bound:1312 nc:3678 ncall:4.7e+07 eff:0.0% logz-ratio=112375.05+/-0.17 dlogz:3.380>0.01]22474it [8:40:02, 32.76s/it, bound:1312 nc:3515 ncall:4.7e+07 eff:0.0% logz-ratio=112375.05+/-0.17 dlogz:3.377>0.01]22475it [8:40:24, 31.16s/it, bound:1312 nc:3963 ncall:4.7e+07 eff:0.0% logz-ratio=112375.05+/-0.17 dlogz:3.374>0.01]22478it [8:40:24, 18.68s/it, bound:1312 nc:  1 ncall:4.7e+07 eff:0.0% logz-ratio=112375.54+/-0.26 dlogz:1.857>0.01] 22481it [8:40:25, 11.89s/it, bound:1312 nc:3124 ncall:4.7e+07 eff:0.0% logz-ratio=112375.06+/-0.17 dlogz:3.356>0.01]22484it [8:40:25,  7.83s/it, bound:1312 nc:  1 ncall:4.7e+07 eff:0.0% logz-ratio=112375.56+/-0.26 dlogz:1.795>0.01] 22487it [8:40:25,  5.27s/it, bound:1312 nc:3337 ncall:4.7e+07 eff:0.0% logz-ratio=112375.06+/-0.17 dlogz:3.339>0.01]22489it [8:40:36,  5.27s/it, bound:1313 nc:3186 ncall:4.7e+07 eff:0.0% logz-ratio=112375.07+/-0.17 dlogz:3.333>0.01]22490it [8:43:54, 25.86s/it, bound:1313 nc:3020 ncall:4.7e+07 eff:0.0% logz-ratio=112375.07+/-0.17 dlogz:3.330>0.01]22494it [8:43:54, 16.09s/it, bound:1313 nc:  1 ncall:4.7e+07 eff:0.0% logz-ratio=112375.30+/-0.21 dlogz:2.645>0.01] 22498it [8:43:54, 10.46s/it, bound:1313 nc:  1 ncall:4.7e+07 eff:0.0% logz-ratio=112375.69+/-0.29 dlogz:1.339>0.01]22502it [8:43:54,  6.97s/it, bound:1313 nc:3141 ncall:4.7e+07 eff:0.0% logz-ratio=112375.08+/-0.17 dlogz:3.295>0.01]22504it [8:44:06,  6.97s/it, bound:1314 nc:3153 ncall:4.7e+07 eff:0.0% logz-ratio=112375.08+/-0.17 dlogz:3.290>0.01]22505it [8:47:36, 24.60s/it, bound:1314 nc:3669 ncall:4.7e+07 eff:0.0% logz-ratio=112375.08+/-0.17 dlogz:3.287>0.01]22506it [8:47:36, 21.88s/it, bound:1314 nc:4052 ncall:4.7e+07 eff:0.0% logz-ratio=112375.08+/-0.17 dlogz:3.284>0.01]22509it [8:47:36, 14.82s/it, bound:1314 nc:  1 ncall:4.7e+07 eff:0.0% logz-ratio=112375.35+/-0.22 dlogz:2.485>0.01] 22512it [8:47:36, 10.15s/it, bound:1314 nc:3992 ncall:4.7e+07 eff:0.0% logz-ratio=112375.09+/-0.17 dlogz:3.267>0.01]22515it [8:47:37,  7.00s/it, bound:1314 nc:  1 ncall:4.7e+07 eff:0.0% logz-ratio=112375.35+/-0.21 dlogz:2.479>0.01] 22518it [8:47:37,  4.86s/it, bound:1314 nc:3675 ncall:4.7e+07 eff:0.0% logz-ratio=112375.10+/-0.17 dlogz:3.249>0.01]22520it [8:47:56,  4.86s/it, bound:1315 nc:3685 ncall:4.7e+07 eff:0.0% logz-ratio=112375.10+/-0.17 dlogz:3.244>0.01]22521it [8:51:27, 26.82s/it, bound:1315 nc:3124 ncall:4.7e+07 eff:0.0% logz-ratio=112375.10+/-0.17 dlogz:3.241>0.01]22522it [8:51:49, 26.25s/it, bound:1315 nc:3984 ncall:4.7e+07 eff:0.0% logz-ratio=112375.10+/-0.17 dlogz:3.238>0.01]22525it [8:51:49, 17.02s/it, bound:1315 nc:  1 ncall:4.7e+07 eff:0.0% logz-ratio=112375.55+/-0.25 dlogz:1.810>0.01] 22528it [8:51:50, 11.33s/it, bound:1315 nc:3548 ncall:4.7e+07 eff:0.0% logz-ratio=112375.11+/-0.17 dlogz:3.221>0.01]22531it [8:51:50,  7.68s/it, bound:1315 nc:  1 ncall:4.7e+07 eff:0.0% logz-ratio=112375.63+/-0.27 dlogz:1.533>0.01] 22535it [8:51:50,  4.76s/it, bound:1315 nc:  1 ncall:4.7e+07 eff:0.0% logz-ratio=112375.11+/-0.17 dlogz:3.195>0.01]22536it [8:52:06,  4.76s/it, bound:1316 nc:3636 ncall:4.7e+07 eff:0.0% logz-ratio=112375.11+/-0.17 dlogz:3.198>0.01]22537it [8:55:17, 25.94s/it, bound:1316 nc:3695 ncall:4.7e+07 eff:0.0% logz-ratio=112375.11+/-0.17 dlogz:3.195>0.01]22539it [8:55:17, 19.88s/it, bound:1316 nc:  1 ncall:4.7e+07 eff:0.0% logz-ratio=112375.43+/-0.23 dlogz:2.220>0.01] 22542it [8:55:17, 13.25s/it, bound:1316 nc:2797 ncall:4.7e+07 eff:0.0% logz-ratio=112375.12+/-0.17 dlogz:3.181>0.01]22545it [8:55:18,  8.98s/it, bound:1316 nc:  1 ncall:4.7e+07 eff:0.0% logz-ratio=112375.59+/-0.26 dlogz:1.654>0.01] 22548it [8:55:18,  6.15s/it, bound:1316 nc:3187 ncall:4.7e+07 eff:0.0% logz-ratio=112375.13+/-0.17 dlogz:3.164>0.01]22551it [8:55:18,  4.25s/it, bound:1316 nc:  1 ncall:4.7e+07 eff:0.0% logz-ratio=112375.60+/-0.26 dlogz:1.654>0.01] 22552it [8:55:36,  4.25s/it, bound:1317 nc:2071 ncall:4.7e+07 eff:0.0% logz-ratio=112375.13+/-0.17 dlogz:3.152>0.01]22553it [8:58:56, 28.26s/it, bound:1317 nc:3073 ncall:4.7e+07 eff:0.0% logz-ratio=112375.13+/-0.17 dlogz:3.149>0.01]22555it [8:58:57, 21.32s/it, bound:1317 nc:  1 ncall:4.7e+07 eff:0.0% logz-ratio=112375.13+/-0.17 dlogz:3.132>0.01] 22558it [8:58:57, 13.98s/it, bound:1317 nc:3266 ncall:4.7e+07 eff:0.0% logz-ratio=112375.13+/-0.17 dlogz:3.135>0.01]22561it [8:58:57,  9.37s/it, bound:1317 nc:  1 ncall:4.7e+07 eff:0.0% logz-ratio=112375.45+/-0.23 dlogz:2.135>0.01] 22564it [8:58:57,  6.38s/it, bound:1317 nc:3056 ncall:4.7e+07 eff:0.0% logz-ratio=112375.14+/-0.17 dlogz:3.118>0.01]22567it [8:58:57,  4.39s/it, bound:1317 nc:  1 ncall:4.7e+07 eff:0.0% logz-ratio=112375.47+/-0.23 dlogz:2.075>0.01] 22568it [8:59:16,  4.39s/it, bound:1318 nc:3557 ncall:4.7e+07 eff:0.0% logz-ratio=112375.14+/-0.18 dlogz:3.107>0.01]22569it [9:02:34, 28.41s/it, bound:1318 nc:3819 ncall:4.7e+07 eff:0.0% logz-ratio=112375.15+/-0.18 dlogz:3.104>0.01]22570it [9:02:57, 27.52s/it, bound:1318 nc:2935 ncall:4.7e+07 eff:0.0% logz-ratio=112375.15+/-0.18 dlogz:3.101>0.01]22573it [9:02:57, 17.16s/it, bound:1318 nc:  1 ncall:4.7e+07 eff:0.0% logz-ratio=112375.58+/-0.25 dlogz:1.695>0.01] 22576it [9:02:57, 11.16s/it, bound:1318 nc:3768 ncall:4.7e+07 eff:0.0% logz-ratio=112375.15+/-0.18 dlogz:3.085>0.01]22579it [9:02:57,  7.45s/it, bound:1318 nc:  1 ncall:4.7e+07 eff:0.0% logz-ratio=112375.58+/-0.25 dlogz:1.695>0.01] 22582it [9:02:57,  5.06s/it, bound:1318 nc:3397 ncall:4.7e+07 eff:0.0% logz-ratio=112375.16+/-0.18 dlogz:3.068>0.01]22584it [9:03:16,  5.06s/it, bound:1319 nc:3394 ncall:4.7e+07 eff:0.0% logz-ratio=112375.16+/-0.18 dlogz:3.062>0.01]22585it [9:06:31, 25.95s/it, bound:1319 nc:3689 ncall:4.7e+07 eff:0.0% logz-ratio=112375.16+/-0.18 dlogz:3.060>0.01]22589it [9:06:31, 16.22s/it, bound:1319 nc:  1 ncall:4.7e+07 eff:0.0% logz-ratio=112375.26+/-0.19 dlogz:2.755>0.01] 22593it [9:06:31, 10.57s/it, bound:1319 nc:  1 ncall:4.7e+07 eff:0.0% logz-ratio=112375.53+/-0.24 dlogz:1.897>0.01]22597it [9:06:31,  7.06s/it, bound:1319 nc:  1 ncall:4.7e+07 eff:0.0% logz-ratio=112375.96+/-0.39 dlogz:0.342>0.01]22599it [9:06:46,  7.06s/it, bound:1320 nc:  1 ncall:4.7e+07 eff:0.0% logz-ratio=112376.14+/-0.76 dlogz:0.015>0.01]22600it [9:10:06, 24.02s/it, bound:1320 nc:2908 ncall:4.7e+07 eff:0.0% logz-ratio=112375.17+/-0.18 dlogz:3.018>0.01]22603it [9:10:06, 17.47s/it, bound:1320 nc:  1 ncall:4.7e+07 eff:0.0% logz-ratio=112375.59+/-0.25 dlogz:1.663>0.01] 22607it [9:10:06, 11.51s/it, bound:1320 nc:3211 ncall:4.7e+07 eff:0.0% logz-ratio=112375.18+/-0.18 dlogz:2.999>0.01]22611it [9:10:06,  7.74s/it, bound:1320 nc:3937 ncall:4.7e+07 eff:0.0% logz-ratio=112375.18+/-0.18 dlogz:2.987>0.01]22615it [9:10:06,  5.28s/it, bound:1321 nc:3196 ncall:4.7e+07 eff:0.0% logz-ratio=112375.19+/-0.18 dlogz:2.976>0.01]22615it [9:10:26,  5.28s/it, bound:1321 nc:  1 ncall:4.7e+07 eff:0.0% logz-ratio=112376.14+/-0.75 dlogz:0.014>0.01] 22616it [9:13:50, 27.60s/it, bound:1321 nc:3473 ncall:4.7e+07 eff:0.0% logz-ratio=112375.19+/-0.18 dlogz:2.974>0.01]22618it [9:14:05, 23.12s/it, bound:1321 nc:2753 ncall:4.7e+07 eff:0.0% logz-ratio=112375.19+/-0.18 dlogz:2.968>0.01]22623it [9:14:05, 12.80s/it, bound:1321 nc:  1 ncall:4.7e+07 eff:0.0% logz-ratio=112375.36+/-0.21 dlogz:2.451>0.01] 22627it [9:14:06,  8.48s/it, bound:1321 nc:  1 ncall:4.7e+07 eff:0.0% logz-ratio=112375.65+/-0.26 dlogz:1.447>0.01]22631it [9:14:16,  8.48s/it, bound:1322 nc:  1 ncall:4.7e+07 eff:0.0% logz-ratio=112376.13+/-0.74 dlogz:0.014>0.01]22632it [9:17:58, 22.77s/it, bound:1322 nc:3216 ncall:4.7e+07 eff:0.0% logz-ratio=112375.20+/-0.18 dlogz:2.930>0.01]22635it [9:17:58, 17.22s/it, bound:1322 nc:  1 ncall:4.7e+07 eff:0.0% logz-ratio=112375.59+/-0.25 dlogz:1.662>0.01] 22639it [9:17:58, 11.77s/it, bound:1322 nc:3490 ncall:4.7e+07 eff:0.0% logz-ratio=112375.21+/-0.18 dlogz:2.911>0.01]22643it [9:17:58,  8.11s/it, bound:1322 nc:3833 ncall:4.7e+07 eff:0.0% logz-ratio=112375.21+/-0.18 dlogz:2.900>0.01]22647it [9:17:58,  5.62s/it, bound:1323 nc:3859 ncall:4.7e+07 eff:0.0% logz-ratio=112375.22+/-0.18 dlogz:2.889>0.01]22647it [9:18:16,  5.62s/it, bound:1323 nc:  1 ncall:4.7e+07 eff:0.0% logz-ratio=112376.13+/-0.74 dlogz:0.013>0.01] 22648it [9:21:49, 27.99s/it, bound:1323 nc:3570 ncall:4.7e+07 eff:0.0% logz-ratio=112375.22+/-0.18 dlogz:2.886>0.01]22651it [9:21:50, 19.65s/it, bound:1323 nc:  1 ncall:4.7e+07 eff:0.0% logz-ratio=112375.61+/-0.25 dlogz:1.613>0.01] 22655it [9:21:50, 12.54s/it, bound:1323 nc:3170 ncall:4.7e+07 eff:0.0% logz-ratio=112375.22+/-0.18 dlogz:2.867>0.01]22659it [9:21:50,  8.28s/it, bound:1323 nc:3989 ncall:4.7e+07 eff:0.0% logz-ratio=112375.23+/-0.18 dlogz:2.857>0.01]22663it [9:21:50,  5.58s/it, bound:1324 nc:3795 ncall:4.7e+07 eff:0.0% logz-ratio=112375.23+/-0.18 dlogz:2.846>0.01]22663it [9:22:06,  5.58s/it, bound:1324 nc:  1 ncall:4.7e+07 eff:0.0% logz-ratio=112376.13+/-0.73 dlogz:0.013>0.01] 22664it [9:25:22, 27.18s/it, bound:1324 nc:3518 ncall:4.7e+07 eff:0.0% logz-ratio=112375.23+/-0.18 dlogz:2.843>0.01]22666it [9:25:40, 23.00s/it, bound:1324 nc:3340 ncall:4.7e+07 eff:0.0% logz-ratio=112375.23+/-0.18 dlogz:2.838>0.01]22669it [9:25:40, 15.41s/it, bound:1324 nc:  1 ncall:4.7e+07 eff:0.0% logz-ratio=112375.64+/-0.25 dlogz:1.489>0.01] 22673it [9:25:40,  9.47s/it, bound:1324 nc:3260 ncall:4.7e+07 eff:0.0% logz-ratio=112375.24+/-0.19 dlogz:2.819>0.01]22677it [9:25:40,  6.11s/it, bound:1324 nc:2997 ncall:4.7e+07 eff:0.0% logz-ratio=112375.24+/-0.19 dlogz:2.808>0.01]22679it [9:25:56,  6.11s/it, bound:1325 nc:  1 ncall:4.7e+07 eff:0.0% logz-ratio=112376.12+/-0.72 dlogz:0.013>0.01] 22680it [9:29:17, 24.38s/it, bound:1325 nc:3745 ncall:4.7e+07 eff:0.0% logz-ratio=112375.24+/-0.19 dlogz:2.800>0.01]22683it [9:29:17, 17.50s/it, bound:1325 nc:  1 ncall:4.7e+07 eff:0.0% logz-ratio=112375.61+/-0.25 dlogz:1.603>0.01] 22687it [9:29:17, 11.38s/it, bound:1325 nc:3863 ncall:4.7e+07 eff:0.0% logz-ratio=112375.25+/-0.19 dlogz:2.781>0.01]22691it [9:29:17,  7.60s/it, bound:1325 nc:3188 ncall:4.7e+07 eff:0.0% logz-ratio=112375.25+/-0.19 dlogz:2.770>0.01]22695it [9:29:18,  5.16s/it, bound:1326 nc:3010 ncall:4.7e+07 eff:0.0% logz-ratio=112375.26+/-0.19 dlogz:2.759>0.01]22695it [9:29:36,  5.16s/it, bound:1326 nc:  1 ncall:4.7e+07 eff:0.0% logz-ratio=112376.12+/-0.71 dlogz:0.012>0.01] 22696it [9:32:53, 26.86s/it, bound:1326 nc:3129 ncall:4.7e+07 eff:0.0% logz-ratio=112375.26+/-0.19 dlogz:2.757>0.01]22699it [9:32:53, 18.63s/it, bound:1326 nc:  1 ncall:4.8e+07 eff:0.0% logz-ratio=112375.63+/-0.25 dlogz:1.543>0.01] 22703it [9:32:53, 11.77s/it, bound:1326 nc:3065 ncall:4.8e+07 eff:0.0% logz-ratio=112375.26+/-0.19 dlogz:2.738>0.01]22707it [9:32:53,  7.72s/it, bound:1326 nc:3793 ncall:4.8e+07 eff:0.0% logz-ratio=112375.27+/-0.19 dlogz:2.727>0.01]22711it [9:32:53,  5.18s/it, bound:1327 nc:3411 ncall:4.8e+07 eff:0.0% logz-ratio=112375.27+/-0.19 dlogz:2.716>0.01]22711it [9:33:06,  5.18s/it, bound:1327 nc:  1 ncall:4.8e+07 eff:0.0% logz-ratio=112376.12+/-0.70 dlogz:0.012>0.01] 22712it [9:36:24, 26.88s/it, bound:1327 nc:3419 ncall:4.8e+07 eff:0.0% logz-ratio=112375.27+/-0.19 dlogz:2.714>0.01]22714it [9:36:40, 22.51s/it, bound:1327 nc:2728 ncall:4.8e+07 eff:0.0% logz-ratio=112375.27+/-0.19 dlogz:2.708>0.01]22719it [9:36:40, 12.33s/it, bound:1327 nc:  1 ncall:4.8e+07 eff:0.0% logz-ratio=112375.40+/-0.21 dlogz:2.306>0.01] 22723it [9:36:40,  8.13s/it, bound:1327 nc:  1 ncall:4.8e+07 eff:0.0% logz-ratio=112375.56+/-0.23 dlogz:1.764>0.01]22727it [9:36:41,  5.48s/it, bound:1328 nc:  1 ncall:4.8e+07 eff:0.0% logz-ratio=112375.76+/-0.27 dlogz:1.051>0.01]22727it [9:36:56,  5.48s/it, bound:1328 nc:  1 ncall:4.8e+07 eff:0.0% logz-ratio=112376.13+/-0.70 dlogz:0.011>0.01]22728it [9:40:14, 27.25s/it, bound:1328 nc:2936 ncall:4.8e+07 eff:0.0% logz-ratio=112375.29+/-0.19 dlogz:2.671>0.01]22731it [9:40:14, 18.82s/it, bound:1328 nc:  1 ncall:4.8e+07 eff:0.0% logz-ratio=112375.67+/-0.25 dlogz:1.401>0.01] 22735it [9:40:14, 11.85s/it, bound:1328 nc:3278 ncall:4.8e+07 eff:0.0% logz-ratio=112375.29+/-0.19 dlogz:2.652>0.01]22739it [9:40:14,  7.75s/it, bound:1328 nc:3538 ncall:4.8e+07 eff:0.0% logz-ratio=112375.30+/-0.19 dlogz:2.642>0.01]22743it [9:40:14,  5.20s/it, bound:1329 nc:3469 ncall:4.8e+07 eff:0.0% logz-ratio=112375.30+/-0.19 dlogz:2.631>0.01]22743it [9:40:26,  5.20s/it, bound:1329 nc:  1 ncall:4.8e+07 eff:0.0% logz-ratio=112376.14+/-0.69 dlogz:0.011>0.01] 22744it [9:43:35, 25.88s/it, bound:1329 nc:2953 ncall:4.8e+07 eff:0.0% logz-ratio=112375.30+/-0.19 dlogz:2.628>0.01]22749it [9:43:35, 14.75s/it, bound:1329 nc:  1 ncall:4.8e+07 eff:0.0% logz-ratio=112375.39+/-0.20 dlogz:2.347>0.01] 22753it [9:43:35,  9.90s/it, bound:1329 nc:  1 ncall:4.8e+07 eff:0.0% logz-ratio=112375.56+/-0.23 dlogz:1.783>0.01]22757it [9:43:35,  6.74s/it, bound:1329 nc:  1 ncall:4.8e+07 eff:0.0% logz-ratio=112375.69+/-0.25 dlogz:1.302>0.01]22759it [9:43:46,  6.74s/it, bound:1330 nc:  1 ncall:4.8e+07 eff:0.0% logz-ratio=112376.13+/-0.68 dlogz:0.011>0.01]22760it [9:47:22, 24.27s/it, bound:1330 nc:3061 ncall:4.8e+07 eff:0.0% logz-ratio=112375.31+/-0.19 dlogz:2.586>0.01]22762it [9:47:41, 21.45s/it, bound:1330 nc:3986 ncall:4.8e+07 eff:0.0% logz-ratio=112375.32+/-0.19 dlogz:2.581>0.01]22767it [9:47:41, 12.64s/it, bound:1330 nc:  1 ncall:4.8e+07 eff:0.0% logz-ratio=112375.40+/-0.20 dlogz:2.308>0.01] 22772it [9:47:42,  7.97s/it, bound:1330 nc:3700 ncall:4.8e+07 eff:0.0% logz-ratio=112375.32+/-0.19 dlogz:2.555>0.01]22775it [9:47:56,  7.97s/it, bound:1331 nc:  1 ncall:4.8e+07 eff:0.0% logz-ratio=112376.14+/-0.67 dlogz:0.010>0.01] 22776it [9:51:15, 21.49s/it, bound:1331 nc:2997 ncall:4.8e+07 eff:0.0% logz-ratio=112375.33+/-0.19 dlogz:2.544>0.01]22779it [9:51:15, 16.30s/it, bound:1331 nc:  1 ncall:4.8e+07 eff:0.0% logz-ratio=112375.66+/-0.24 dlogz:1.445>0.01] 22783it [9:51:16, 11.17s/it, bound:1331 nc:3260 ncall:4.8e+07 eff:0.0% logz-ratio=112375.33+/-0.19 dlogz:2.526>0.01]22787it [9:51:16,  7.72s/it, bound:1331 nc:2737 ncall:4.8e+07 eff:0.0% logz-ratio=112375.34+/-0.19 dlogz:2.516>0.01]22791it [9:51:16,  5.36s/it, bound:1332 nc:3455 ncall:4.8e+07 eff:0.0% logz-ratio=112375.34+/-0.19 dlogz:2.505>0.01]22791it [9:51:26,  5.36s/it, bound:1332 nc:  1 ncall:4.8e+07 eff:0.0% logz-ratio=112376.13+/-0.67 dlogz:0.010>0.01] 22792it [9:54:55, 26.45s/it, bound:1332 nc:3153 ncall:4.8e+07 eff:0.0% logz-ratio=112375.34+/-0.19 dlogz:2.503>0.01]22795it [9:54:55, 18.59s/it, bound:1332 nc:  1 ncall:4.8e+07 eff:0.0% logz-ratio=112375.68+/-0.25 dlogz:1.367>0.01] 22799it [9:54:55, 11.88s/it, bound:1332 nc:4029 ncall:4.8e+07 eff:0.0% logz-ratio=112375.35+/-0.19 dlogz:2.485>0.01]22802it [9:54:55,  8.57s/it, bound:1332 nc:  1 ncall:4.8e+07 eff:0.0% logz-ratio=112375.72+/-0.26 dlogz:1.180>0.01] 22805it [9:54:55,  6.14s/it, bound:1332 nc:3481 ncall:4.8e+07 eff:0.0% logz-ratio=112375.35+/-0.20 dlogz:2.469>0.01]22806it [9:55:07,  6.14s/it, bound:1333 nc:  1 ncall:4.8e+07 eff:0.0% logz-ratio=112376.13+/-0.66 dlogz:0.010>0.01] 22807it [9:58:31, 27.93s/it, bound:1333 nc:3534 ncall:4.8e+07 eff:0.0% logz-ratio=112375.35+/-0.20 dlogz:2.464>0.01]22809it [9:58:54, 24.04s/it, bound:1333 nc:3495 ncall:4.8e+07 eff:0.0% logz-ratio=112375.35+/-0.20 dlogz:2.459>0.01]22812it [9:58:54, 16.02s/it, bound:1333 nc:  1 ncall:4.8e+07 eff:0.0% logz-ratio=112375.70+/-0.25 dlogz:1.268>0.01] 22815it [9:58:54, 10.86s/it, bound:1333 nc:2595 ncall:4.8e+07 eff:0.0% logz-ratio=112375.36+/-0.20 dlogz:2.443>0.01]22818it [9:58:54,  7.44s/it, bound:1333 nc:  1 ncall:4.8e+07 eff:0.0% logz-ratio=112375.72+/-0.25 dlogz:1.205>0.01] 22821it [9:58:54,  5.14s/it, bound:1333 nc:3143 ncall:4.8e+07 eff:0.0% logz-ratio=112375.36+/-0.20 dlogz:2.428>0.01]22822it [9:59:07,  5.14s/it, bound:1334 nc:  1 ncall:4.8e+07 eff:0.0% logz-ratio=112376.14+/-0.65 dlogz:0.009>0.01] 22823it [10:02:28, 28.37s/it, bound:1334 nc:3209 ncall:4.8e+07 eff:0.0% logz-ratio=112375.37+/-0.20 dlogz:2.423>0.01]22826it [10:02:28, 19.06s/it, bound:1334 nc:  1 ncall:4.8e+07 eff:0.0% logz-ratio=112375.71+/-0.25 dlogz:1.254>0.01] 22829it [10:02:28, 12.98s/it, bound:1334 nc:3448 ncall:4.8e+07 eff:0.0% logz-ratio=112375.37+/-0.20 dlogz:2.408>0.01]22832it [10:02:28,  8.92s/it, bound:1334 nc:  1 ncall:4.8e+07 eff:0.0% logz-ratio=112375.73+/-0.25 dlogz:1.145>0.01] 22835it [10:02:28,  6.18s/it, bound:1334 nc:3357 ncall:4.8e+07 eff:0.0% logz-ratio=112375.38+/-0.20 dlogz:2.392>0.01]22838it [10:02:28,  4.29s/it, bound:1335 nc:  1 ncall:4.8e+07 eff:0.0% logz-ratio=112375.74+/-0.25 dlogz:1.130>0.01] 22838it [10:02:47,  4.29s/it, bound:1335 nc:  1 ncall:4.8e+07 eff:0.0% logz-ratio=112376.13+/-0.65 dlogz:0.009>0.01]22839it [10:06:02, 30.95s/it, bound:1335 nc:3774 ncall:4.8e+07 eff:0.0% logz-ratio=112375.38+/-0.20 dlogz:2.382>0.01]22841it [10:06:02, 22.71s/it, bound:1335 nc:3829 ncall:4.8e+07 eff:0.0% logz-ratio=112375.38+/-0.20 dlogz:2.377>0.01]22844it [10:06:02, 14.46s/it, bound:1335 nc:  1 ncall:4.8e+07 eff:0.0% logz-ratio=112375.72+/-0.25 dlogz:1.184>0.01] 22847it [10:06:02,  9.53s/it, bound:1335 nc:3297 ncall:4.8e+07 eff:0.0% logz-ratio=112375.39+/-0.20 dlogz:2.362>0.01]22850it [10:06:03,  6.41s/it, bound:1335 nc:  1 ncall:4.8e+07 eff:0.0% logz-ratio=112375.73+/-0.25 dlogz:1.137>0.01] 22853it [10:06:03,  4.38s/it, bound:1335 nc:3774 ncall:4.8e+07 eff:0.0% logz-ratio=112375.39+/-0.20 dlogz:2.347>0.01]22854it [10:06:17,  4.38s/it, bound:1336 nc:  1 ncall:4.8e+07 eff:0.0% logz-ratio=112376.13+/-0.64 dlogz:0.009>0.01] 22855it [10:09:25, 26.96s/it, bound:1336 nc:3353 ncall:4.8e+07 eff:0.0% logz-ratio=112375.39+/-0.20 dlogz:2.342>0.01]22857it [10:09:40, 22.08s/it, bound:1336 nc:2547 ncall:4.8e+07 eff:0.0% logz-ratio=112375.39+/-0.20 dlogz:2.337>0.01]22862it [10:09:40, 11.68s/it, bound:1336 nc:  1 ncall:4.8e+07 eff:0.0% logz-ratio=112375.49+/-0.21 dlogz:2.003>0.01] 22867it [10:09:40,  6.99s/it, bound:1336 nc:  1 ncall:4.8e+07 eff:0.0% logz-ratio=112375.64+/-0.23 dlogz:1.481>0.01]22870it [10:09:57,  6.99s/it, bound:1337 nc:2799 ncall:4.8e+07 eff:0.0% logz-ratio=112375.40+/-0.20 dlogz:2.304>0.01]22871it [10:13:44, 24.01s/it, bound:1337 nc:3513 ncall:4.8e+07 eff:0.0% logz-ratio=112375.40+/-0.20 dlogz:2.302>0.01]22873it [10:13:44, 19.61s/it, bound:1337 nc:  1 ncall:4.8e+07 eff:0.0% logz-ratio=112375.62+/-0.23 dlogz:1.548>0.01] 22877it [10:13:45, 12.87s/it, bound:1337 nc:2110 ncall:4.8e+07 eff:0.0% logz-ratio=112375.41+/-0.20 dlogz:2.287>0.01]22881it [10:13:45,  8.64s/it, bound:1337 nc:3372 ncall:4.8e+07 eff:0.0% logz-ratio=112375.41+/-0.20 dlogz:2.277>0.01]22885it [10:13:45,  5.89s/it, bound:1337 nc:1624 ncall:4.8e+07 eff:0.0% logz-ratio=112375.41+/-0.20 dlogz:2.267>0.01]22886it [10:13:57,  5.89s/it, bound:1338 nc:3039 ncall:4.8e+07 eff:0.0% logz-ratio=112375.42+/-0.20 dlogz:2.265>0.01]22887it [10:18:11, 29.52s/it, bound:1338 nc:3471 ncall:4.8e+07 eff:0.0% logz-ratio=112375.42+/-0.20 dlogz:2.262>0.01]22889it [10:18:11, 23.33s/it, bound:1338 nc:  1 ncall:4.8e+07 eff:0.0% logz-ratio=112375.69+/-0.24 dlogz:1.324>0.01] 22892it [10:18:11, 16.10s/it, bound:1338 nc:3072 ncall:4.8e+07 eff:0.0% logz-ratio=112375.42+/-0.20 dlogz:2.250>0.01]22895it [10:18:11, 11.16s/it, bound:1338 nc:  1 ncall:4.8e+07 eff:0.0% logz-ratio=112375.70+/-0.24 dlogz:1.265>0.01] 22898it [10:18:11,  7.77s/it, bound:1338 nc:7345 ncall:4.8e+07 eff:0.0% logz-ratio=112375.42+/-0.20 dlogz:2.235>0.01]22901it [10:18:11,  5.43s/it, bound:1339 nc:3078 ncall:4.8e+07 eff:0.0% logz-ratio=112375.43+/-0.20 dlogz:2.228>0.01]22901it [10:18:27,  5.43s/it, bound:1339 nc:3078 ncall:4.8e+07 eff:0.0% logz-ratio=112375.43+/-0.20 dlogz:2.228>0.01]22902it [10:22:37, 38.31s/it, bound:1339 nc:3477 ncall:4.8e+07 eff:0.0% logz-ratio=112375.43+/-0.20 dlogz:2.225>0.01]22903it [10:23:02, 36.20s/it, bound:1339 nc:3838 ncall:4.8e+07 eff:0.0% logz-ratio=112375.43+/-0.20 dlogz:2.223>0.01]22906it [10:23:02, 21.89s/it, bound:1339 nc:  1 ncall:4.8e+07 eff:0.0% logz-ratio=112375.65+/-0.23 dlogz:1.474>0.01] 22909it [10:23:02, 14.00s/it, bound:1339 nc:3092 ncall:4.8e+07 eff:0.0% logz-ratio=112375.43+/-0.20 dlogz:2.208>0.01]22912it [10:23:02,  9.25s/it, bound:1339 nc:  1 ncall:4.8e+07 eff:0.0% logz-ratio=112375.70+/-0.24 dlogz:1.273>0.01] 22915it [10:23:02,  6.23s/it, bound:1340 nc:9754 ncall:4.8e+07 eff:0.0% logz-ratio=112375.44+/-0.20 dlogz:2.193>0.01]22915it [10:23:17,  6.23s/it, bound:1340 nc:  1 ncall:4.8e+07 eff:0.0% logz-ratio=112376.13+/-0.61 dlogz:0.008>0.01] 22916it [10:27:39, 42.78s/it, bound:1340 nc:3680 ncall:4.8e+07 eff:0.0% logz-ratio=112375.44+/-0.20 dlogz:2.191>0.01]22919it [10:27:39, 27.13s/it, bound:1340 nc:  1 ncall:4.8e+07 eff:0.0% logz-ratio=112375.70+/-0.24 dlogz:1.265>0.01] 22922it [10:27:40, 17.82s/it, bound:1340 nc:2931 ncall:4.8e+07 eff:0.0% logz-ratio=112375.44+/-0.21 dlogz:2.176>0.01]22925it [10:27:40, 11.97s/it, bound:1340 nc:  1 ncall:4.8e+07 eff:0.0% logz-ratio=112375.78+/-0.25 dlogz:0.991>0.01] 22928it [10:27:40,  8.15s/it, bound:1340 nc:3830 ncall:4.8e+07 eff:0.0% logz-ratio=112375.45+/-0.21 dlogz:2.162>0.01]22931it [10:27:40,  5.61s/it, bound:1341 nc:  1 ncall:4.8e+07 eff:0.0% logz-ratio=112375.68+/-0.24 dlogz:1.348>0.01] 22931it [10:27:57,  5.61s/it, bound:1341 nc:  1 ncall:4.8e+07 eff:0.0% logz-ratio=112376.13+/-0.61 dlogz:0.008>0.01]22932it [10:32:18, 41.06s/it, bound:1341 nc:3322 ncall:4.8e+07 eff:0.0% logz-ratio=112375.45+/-0.21 dlogz:2.152>0.01]22935it [10:32:18, 26.39s/it, bound:1341 nc:  1 ncall:4.8e+07 eff:0.0% logz-ratio=112375.59+/-0.22 dlogz:1.679>0.01] 22938it [10:32:19, 17.48s/it, bound:1341 nc:2979 ncall:4.8e+07 eff:0.0% logz-ratio=112375.45+/-0.21 dlogz:2.138>0.01]22941it [10:32:19, 11.80s/it, bound:1341 nc:3491 ncall:4.8e+07 eff:0.0% logz-ratio=112375.46+/-0.21 dlogz:2.131>0.01]22944it [10:32:19,  8.07s/it, bound:1341 nc:3574 ncall:4.8e+07 eff:0.0% logz-ratio=112375.46+/-0.21 dlogz:2.123>0.01]22947it [10:32:19,  5.56s/it, bound:1342 nc:3448 ncall:4.8e+07 eff:0.0% logz-ratio=112375.46+/-0.21 dlogz:2.116>0.01]22947it [10:32:37,  5.56s/it, bound:1342 nc:  1 ncall:4.8e+07 eff:0.0% logz-ratio=112376.13+/-0.60 dlogz:0.007>0.01] 22948it [10:36:50, 39.89s/it, bound:1342 nc:3893 ncall:4.8e+07 eff:0.0% logz-ratio=112375.46+/-0.21 dlogz:2.114>0.01]22950it [10:37:11, 31.92s/it, bound:1342 nc:2928 ncall:4.8e+07 eff:0.0% logz-ratio=112375.46+/-0.21 dlogz:2.109>0.01]22953it [10:37:11, 20.23s/it, bound:1342 nc:  1 ncall:4.8e+07 eff:0.0% logz-ratio=112375.64+/-0.23 dlogz:1.486>0.01] 22956it [10:37:11, 13.30s/it, bound:1342 nc:3551 ncall:4.8e+07 eff:0.0% logz-ratio=112375.47+/-0.21 dlogz:2.095>0.01]22959it [10:37:11,  8.93s/it, bound:1342 nc:  1 ncall:4.8e+07 eff:0.0% logz-ratio=112375.67+/-0.23 dlogz:1.375>0.01] 22962it [10:37:11,  6.09s/it, bound:1342 nc:3354 ncall:4.8e+07 eff:0.0% logz-ratio=112375.47+/-0.21 dlogz:2.080>0.01]22963it [10:37:27,  6.09s/it, bound:1343 nc:  1 ncall:4.8e+07 eff:0.0% logz-ratio=112376.13+/-0.59 dlogz:0.007>0.01] 22964it [10:41:34, 35.32s/it, bound:1343 nc:2723 ncall:4.8e+07 eff:0.0% logz-ratio=112375.47+/-0.21 dlogz:2.076>0.01]22967it [10:41:34, 23.55s/it, bound:1343 nc:  1 ncall:4.8e+07 eff:0.0% logz-ratio=112375.68+/-0.23 dlogz:1.360>0.01] 22970it [10:41:34, 15.97s/it, bound:1343 nc:3427 ncall:4.8e+07 eff:0.0% logz-ratio=112375.48+/-0.21 dlogz:2.061>0.01]22973it [10:41:34, 10.94s/it, bound:1343 nc:  1 ncall:4.8e+07 eff:0.0% logz-ratio=112375.70+/-0.24 dlogz:1.287>0.01] 22976it [10:41:34,  7.55s/it, bound:1343 nc:3616 ncall:4.8e+07 eff:0.0% logz-ratio=112375.48+/-0.21 dlogz:2.047>0.01]22979it [10:41:34,  5.24s/it, bound:1344 nc:  1 ncall:4.8e+07 eff:0.0% logz-ratio=112375.76+/-0.25 dlogz:1.062>0.01] 22979it [10:41:47,  5.24s/it, bound:1344 nc:  1 ncall:4.8e+07 eff:0.0% logz-ratio=112376.13+/-0.58 dlogz:0.007>0.01]22980it [10:45:22, 33.64s/it, bound:1344 nc:2631 ncall:4.8e+07 eff:0.0% logz-ratio=112375.48+/-0.21 dlogz:2.038>0.01]22983it [10:45:22, 21.75s/it, bound:1344 nc:  1 ncall:4.8e+07 eff:0.0% logz-ratio=112375.76+/-0.25 dlogz:1.039>0.01] 22986it [10:45:22, 14.46s/it, bound:1344 nc:2561 ncall:4.8e+07 eff:0.0% logz-ratio=112375.49+/-0.21 dlogz:2.024>0.01]22989it [10:45:22,  9.79s/it, bound:1344 nc:  1 ncall:4.8e+07 eff:0.0% logz-ratio=112375.78+/-0.25 dlogz:0.978>0.01] 22992it [10:45:22,  6.70s/it, bound:1344 nc:3444 ncall:4.8e+07 eff:0.0% logz-ratio=112375.49+/-0.21 dlogz:2.010>0.01]22995it [10:45:22,  4.62s/it, bound:1345 nc:  1 ncall:4.9e+07 eff:0.0% logz-ratio=112375.80+/-0.25 dlogz:0.903>0.01] 22995it [10:45:37,  4.62s/it, bound:1345 nc:  1 ncall:4.9e+07 eff:0.0% logz-ratio=112376.13+/-0.58 dlogz:0.007>0.01]22996it [10:49:51, 38.76s/it, bound:1345 nc:3783 ncall:4.9e+07 eff:0.0% logz-ratio=112375.50+/-0.21 dlogz:2.001>0.01]22998it [10:50:13, 31.30s/it, bound:1345 nc:3615 ncall:4.9e+07 eff:0.0% logz-ratio=112375.50+/-0.21 dlogz:1.996>0.01]23001it [10:50:14, 19.85s/it, bound:1345 nc:  1 ncall:4.9e+07 eff:0.0% logz-ratio=112375.72+/-0.24 dlogz:1.193>0.01] 23004it [10:50:14, 13.05s/it, bound:1345 nc:3285 ncall:4.9e+07 eff:0.0% logz-ratio=112375.50+/-0.21 dlogz:1.982>0.01]23007it [10:50:14,  8.76s/it, bound:1345 nc:  1 ncall:4.9e+07 eff:0.0% logz-ratio=112375.77+/-0.25 dlogz:1.038>0.01] 23010it [10:50:14,  5.97s/it, bound:1345 nc:3696 ncall:4.9e+07 eff:0.0% logz-ratio=112375.50+/-0.21 dlogz:1.968>0.01]23011it [10:50:27,  5.97s/it, bound:1346 nc:  1 ncall:4.9e+07 eff:0.0% logz-ratio=112376.13+/-0.57 dlogz:0.007>0.01] 23012it [10:54:30, 34.45s/it, bound:1346 nc:3086 ncall:4.9e+07 eff:0.0% logz-ratio=112375.51+/-0.21 dlogz:1.964>0.01]23015it [10:54:30, 22.97s/it, bound:1346 nc:  1 ncall:4.9e+07 eff:0.0% logz-ratio=112375.63+/-0.23 dlogz:1.520>0.01] 23018it [10:54:30, 15.57s/it, bound:1346 nc:3258 ncall:4.9e+07 eff:0.0% logz-ratio=112375.51+/-0.21 dlogz:1.950>0.01]23021it [10:54:30, 10.67s/it, bound:1346 nc:  1 ncall:4.9e+07 eff:0.0% logz-ratio=112375.68+/-0.23 dlogz:1.355>0.01] 23024it [10:54:30,  7.37s/it, bound:1346 nc:3843 ncall:4.9e+07 eff:0.0% logz-ratio=112375.51+/-0.21 dlogz:1.936>0.01]23027it [10:54:30,  5.12s/it, bound:1347 nc:  1 ncall:4.9e+07 eff:0.0% logz-ratio=112375.58+/-0.22 dlogz:1.718>0.01] 23027it [10:54:47,  5.12s/it, bound:1347 nc:  1 ncall:4.9e+07 eff:0.0% logz-ratio=112376.13+/-0.56 dlogz:0.006>0.01]23028it [10:58:41, 36.49s/it, bound:1347 nc:3370 ncall:4.9e+07 eff:0.0% logz-ratio=112375.52+/-0.21 dlogz:1.927>0.01]23033it [10:58:41, 19.09s/it, bound:1347 nc:  1 ncall:4.9e+07 eff:0.0% logz-ratio=112375.64+/-0.23 dlogz:1.502>0.01] 23037it [10:58:41, 12.36s/it, bound:1347 nc:  1 ncall:4.9e+07 eff:0.0% logz-ratio=112375.86+/-0.26 dlogz:0.708>0.01]23042it [10:58:41,  7.59s/it, bound:1347 nc:3192 ncall:4.9e+07 eff:0.0% logz-ratio=112375.53+/-0.21 dlogz:1.895>0.01]23043it [10:58:57,  7.59s/it, bound:1348 nc:  1 ncall:4.9e+07 eff:0.0% logz-ratio=112376.13+/-0.56 dlogz:0.006>0.01] 23044it [11:03:05, 30.07s/it, bound:1348 nc:3121 ncall:4.9e+07 eff:0.0% logz-ratio=112375.53+/-0.21 dlogz:1.891>0.01]23046it [11:03:24, 25.83s/it, bound:1348 nc:3824 ncall:4.9e+07 eff:0.0% logz-ratio=112375.53+/-0.22 dlogz:1.886>0.01]23049it [11:03:24, 17.95s/it, bound:1348 nc:  1 ncall:4.9e+07 eff:0.0% logz-ratio=112375.77+/-0.24 dlogz:1.045>0.01] 23053it [11:03:24, 11.36s/it, bound:1348 nc:3737 ncall:4.9e+07 eff:0.0% logz-ratio=112375.53+/-0.22 dlogz:1.870>0.01]23057it [11:03:24,  7.46s/it, bound:1348 nc:3589 ncall:4.9e+07 eff:0.0% logz-ratio=112375.54+/-0.22 dlogz:1.861>0.01]23058it [11:03:37,  7.46s/it, bound:1349 nc:3030 ncall:4.9e+07 eff:0.0% logz-ratio=112375.54+/-0.22 dlogz:1.859>0.01]23059it [11:07:38, 31.06s/it, bound:1349 nc:3536 ncall:4.9e+07 eff:0.0% logz-ratio=112375.54+/-0.22 dlogz:1.857>0.01]23061it [11:07:38, 24.24s/it, bound:1349 nc:  1 ncall:4.9e+07 eff:0.0% logz-ratio=112375.72+/-0.24 dlogz:1.221>0.01] 23064it [11:07:38, 16.48s/it, bound:1349 nc:3555 ncall:4.9e+07 eff:0.0% logz-ratio=112375.54+/-0.22 dlogz:1.846>0.01]23067it [11:07:39, 11.32s/it, bound:1349 nc:  1 ncall:4.9e+07 eff:0.0% logz-ratio=112375.85+/-0.26 dlogz:0.714>0.01] 23070it [11:07:39,  7.82s/it, bound:1349 nc:3473 ncall:4.9e+07 eff:0.0% logz-ratio=112375.54+/-0.22 dlogz:1.832>0.01]23073it [11:07:39,  5.43s/it, bound:1349 nc:  1 ncall:4.9e+07 eff:0.0% logz-ratio=112375.79+/-0.25 dlogz:0.950>0.01] 23074it [11:07:57,  5.43s/it, bound:1350 nc:2899 ncall:4.9e+07 eff:0.0% logz-ratio=112375.55+/-0.22 dlogz:1.823>0.01]23075it [11:11:44, 31.94s/it, bound:1350 nc:3521 ncall:4.9e+07 eff:0.0% logz-ratio=112375.55+/-0.22 dlogz:1.821>0.01]23078it [11:11:44, 21.53s/it, bound:1350 nc:2673 ncall:4.9e+07 eff:0.0% logz-ratio=112375.55+/-0.22 dlogz:1.815>0.01]23082it [11:11:44, 13.29s/it, bound:1350 nc:3895 ncall:4.9e+07 eff:0.0% logz-ratio=112375.55+/-0.22 dlogz:1.806>0.01]23086it [11:11:45,  8.60s/it, bound:1350 nc:2848 ncall:4.9e+07 eff:0.0% logz-ratio=112375.55+/-0.22 dlogz:1.797>0.01]23090it [11:11:57,  8.60s/it, bound:1351 nc:2305 ncall:4.9e+07 eff:0.0% logz-ratio=112375.56+/-0.22 dlogz:1.788>0.01]23091it [11:15:27, 22.50s/it, bound:1351 nc:2861 ncall:4.9e+07 eff:0.0% logz-ratio=112375.56+/-0.22 dlogz:1.786>0.01]23092it [11:15:47, 22.29s/it, bound:1351 nc:3616 ncall:4.9e+07 eff:0.0% logz-ratio=112375.56+/-0.22 dlogz:1.784>0.01]23095it [11:15:48, 15.63s/it, bound:1351 nc:  1 ncall:4.9e+07 eff:0.0% logz-ratio=112375.81+/-0.25 dlogz:0.881>0.01] 23099it [11:15:48,  9.97s/it, bound:1351 nc:3089 ncall:4.9e+07 eff:0.0% logz-ratio=112375.56+/-0.22 dlogz:1.768>0.01]23103it [11:15:48,  6.58s/it, bound:1351 nc:3616 ncall:4.9e+07 eff:0.0% logz-ratio=112375.57+/-0.22 dlogz:1.760>0.01]23106it [11:16:07,  6.58s/it, bound:1352 nc:3408 ncall:4.9e+07 eff:0.0% logz-ratio=112375.57+/-0.22 dlogz:1.753>0.01]23107it [11:19:37, 23.20s/it, bound:1352 nc:3011 ncall:4.9e+07 eff:0.0% logz-ratio=112375.57+/-0.22 dlogz:1.751>0.01]23109it [11:19:37, 18.81s/it, bound:1352 nc:  1 ncall:4.9e+07 eff:0.0% logz-ratio=112375.63+/-0.23 dlogz:1.520>0.01] 23112it [11:19:37, 13.38s/it, bound:1352 nc:3356 ncall:4.9e+07 eff:0.0% logz-ratio=112375.57+/-0.22 dlogz:1.740>0.01]23115it [11:19:37,  9.48s/it, bound:1352 nc:  1 ncall:4.9e+07 eff:0.0% logz-ratio=112375.83+/-0.25 dlogz:0.794>0.01] 23118it [11:19:37,  6.70s/it, bound:1352 nc:3245 ncall:4.9e+07 eff:0.0% logz-ratio=112375.57+/-0.22 dlogz:1.727>0.01]23121it [11:19:38,  4.73s/it, bound:1352 nc:  1 ncall:4.9e+07 eff:0.0% logz-ratio=112375.83+/-0.25 dlogz:0.786>0.01] 23122it [11:19:57,  4.73s/it, bound:1353 nc:3333 ncall:4.9e+07 eff:0.0% logz-ratio=112375.58+/-0.22 dlogz:1.719>0.01]23123it [11:23:17, 27.79s/it, bound:1353 nc:2971 ncall:4.9e+07 eff:0.0% logz-ratio=112375.58+/-0.22 dlogz:1.716>0.01]23125it [11:23:17, 21.15s/it, bound:1353 nc:  1 ncall:4.9e+07 eff:0.0% logz-ratio=112375.70+/-0.23 dlogz:1.296>0.01] 23128it [11:23:17, 14.00s/it, bound:1353 nc:2839 ncall:4.9e+07 eff:0.0% logz-ratio=112375.58+/-0.22 dlogz:1.706>0.01]23131it [11:23:17,  9.45s/it, bound:1353 nc:  1 ncall:4.9e+07 eff:0.0% logz-ratio=112375.84+/-0.25 dlogz:0.769>0.01] 23134it [11:23:17,  6.45s/it, bound:1353 nc:2792 ncall:4.9e+07 eff:0.0% logz-ratio=112375.58+/-0.22 dlogz:1.693>0.01]23137it [11:23:17,  4.45s/it, bound:1353 nc:  1 ncall:4.9e+07 eff:0.0% logz-ratio=112375.82+/-0.25 dlogz:0.831>0.01] 23138it [11:23:27,  4.45s/it, bound:1354 nc:3409 ncall:4.9e+07 eff:0.0% logz-ratio=112375.59+/-0.22 dlogz:1.684>0.01]23139it [11:27:36, 33.08s/it, bound:1354 nc:3955 ncall:4.9e+07 eff:0.0% logz-ratio=112375.59+/-0.22 dlogz:1.682>0.01]23140it [11:27:58, 31.59s/it, bound:1354 nc:3754 ncall:4.9e+07 eff:0.0% logz-ratio=112375.59+/-0.22 dlogz:1.680>0.01]23145it [11:27:58, 15.76s/it, bound:1354 nc:  1 ncall:4.9e+07 eff:0.0% logz-ratio=112375.62+/-0.23 dlogz:1.565>0.01] 23149it [11:27:59, 10.03s/it, bound:1354 nc:  1 ncall:4.9e+07 eff:0.0% logz-ratio=112375.67+/-0.23 dlogz:1.405>0.01]23153it [11:27:59,  6.61s/it, bound:1354 nc:  1 ncall:4.9e+07 eff:0.0% logz-ratio=112375.70+/-0.23 dlogz:1.267>0.01]23154it [11:28:18,  6.61s/it, bound:1355 nc:3419 ncall:4.9e+07 eff:0.0% logz-ratio=112375.60+/-0.22 dlogz:1.651>0.01]23155it [11:32:14, 30.36s/it, bound:1355 nc:3542 ncall:4.9e+07 eff:0.0% logz-ratio=112375.60+/-0.22 dlogz:1.649>0.01]23157it [11:32:14, 23.72s/it, bound:1355 nc:  1 ncall:4.9e+07 eff:0.0% logz-ratio=112375.83+/-0.25 dlogz:0.790>0.01] 23161it [11:32:14, 14.60s/it, bound:1355 nc:3074 ncall:4.9e+07 eff:0.0% logz-ratio=112375.60+/-0.22 dlogz:1.636>0.01]23165it [11:32:14,  9.43s/it, bound:1355 nc:2094 ncall:4.9e+07 eff:0.0% logz-ratio=112375.60+/-0.22 dlogz:1.628>0.01]23169it [11:32:14,  6.27s/it, bound:1355 nc:2922 ncall:4.9e+07 eff:0.0% logz-ratio=112375.61+/-0.22 dlogz:1.619>0.01]23170it [11:32:28,  6.27s/it, bound:1356 nc:  1 ncall:4.9e+07 eff:0.0% logz-ratio=112376.13+/-0.51 dlogz:0.005>0.01] 23171it [11:36:25, 29.32s/it, bound:1356 nc:3817 ncall:4.9e+07 eff:0.0% logz-ratio=112375.61+/-0.22 dlogz:1.615>0.01]23174it [11:36:25, 20.73s/it, bound:1356 nc:  1 ncall:4.9e+07 eff:0.0% logz-ratio=112375.81+/-0.25 dlogz:0.897>0.01] 23178it [11:36:25, 13.31s/it, bound:1356 nc:2499 ncall:4.9e+07 eff:0.0% logz-ratio=112375.61+/-0.22 dlogz:1.601>0.01]23182it [11:36:25,  8.81s/it, bound:1356 nc:3335 ncall:4.9e+07 eff:0.0% logz-ratio=112375.61+/-0.22 dlogz:1.592>0.01]23186it [11:36:25,  5.95s/it, bound:1357 nc:3305 ncall:4.9e+07 eff:0.0% logz-ratio=112375.62+/-0.22 dlogz:1.584>0.01]23186it [11:36:38,  5.95s/it, bound:1357 nc:  1 ncall:4.9e+07 eff:0.0% logz-ratio=112376.13+/-0.51 dlogz:0.005>0.01] 23187it [11:40:42, 32.08s/it, bound:1357 nc:3277 ncall:4.9e+07 eff:0.0% logz-ratio=112375.62+/-0.23 dlogz:1.582>0.01]23189it [11:41:07, 27.67s/it, bound:1357 nc:3508 ncall:4.9e+07 eff:0.0% logz-ratio=112375.62+/-0.23 dlogz:1.578>0.01]23192it [11:41:07, 18.56s/it, bound:1357 nc:  1 ncall:4.9e+07 eff:0.0% logz-ratio=112375.77+/-0.24 dlogz:1.023>0.01] 23195it [11:41:08, 12.63s/it, bound:1357 nc:3110 ncall:4.9e+07 eff:0.0% logz-ratio=112375.62+/-0.23 dlogz:1.566>0.01]23198it [11:41:08,  8.67s/it, bound:1357 nc:  1 ncall:4.9e+07 eff:0.0% logz-ratio=112375.78+/-0.24 dlogz:0.997>0.01] 23201it [11:41:08,  6.00s/it, bound:1357 nc:3107 ncall:4.9e+07 eff:0.0% logz-ratio=112375.62+/-0.23 dlogz:1.554>0.01]23202it [11:41:28,  6.00s/it, bound:1358 nc:  1 ncall:4.9e+07 eff:0.0% logz-ratio=112376.13+/-0.50 dlogz:0.004>0.01] 23203it [11:45:21, 33.43s/it, bound:1358 nc:3377 ncall:4.9e+07 eff:0.0% logz-ratio=112375.63+/-0.23 dlogz:1.550>0.01]23206it [11:45:21, 22.48s/it, bound:1358 nc:  1 ncall:4.9e+07 eff:0.0% logz-ratio=112375.72+/-0.23 dlogz:1.202>0.01] 23209it [11:45:21, 15.32s/it, bound:1358 nc:3620 ncall:4.9e+07 eff:0.0% logz-ratio=112375.63+/-0.23 dlogz:1.537>0.01]23212it [11:45:21, 10.54s/it, bound:1358 nc:  1 ncall:4.9e+07 eff:0.0% logz-ratio=112375.83+/-0.25 dlogz:0.794>0.01] 23215it [11:45:21,  7.29s/it, bound:1358 nc:3270 ncall:4.9e+07 eff:0.0% logz-ratio=112375.63+/-0.23 dlogz:1.525>0.01]23218it [11:45:21,  5.07s/it, bound:1359 nc:  1 ncall:4.9e+07 eff:0.0% logz-ratio=112375.83+/-0.25 dlogz:0.827>0.01] 23218it [11:45:38,  5.07s/it, bound:1359 nc:  1 ncall:4.9e+07 eff:0.0% logz-ratio=112376.13+/-0.50 dlogz:0.004>0.01]23219it [11:49:35, 36.70s/it, bound:1359 nc:2852 ncall:4.9e+07 eff:0.0% logz-ratio=112375.63+/-0.23 dlogz:1.517>0.01]23221it [11:49:35, 26.93s/it, bound:1359 nc:3815 ncall:4.9e+07 eff:0.0% logz-ratio=112375.64+/-0.23 dlogz:1.513>0.01]23224it [11:49:35, 17.15s/it, bound:1359 nc:3031 ncall:4.9e+07 eff:0.0% logz-ratio=112375.64+/-0.23 dlogz:1.507>0.01]23227it [11:49:35, 11.31s/it, bound:1359 nc:2923 ncall:4.9e+07 eff:0.0% logz-ratio=112375.64+/-0.23 dlogz:1.501>0.01]23230it [11:49:35,  7.61s/it, bound:1359 nc:  1 ncall:4.9e+07 eff:0.0% logz-ratio=112375.66+/-0.23 dlogz:1.429>0.01] 23233it [11:49:36,  5.20s/it, bound:1359 nc:3321 ncall:4.9e+07 eff:0.0% logz-ratio=112375.64+/-0.23 dlogz:1.489>0.01]23234it [11:49:48,  5.20s/it, bound:1360 nc:  1 ncall:4.9e+07 eff:0.0% logz-ratio=112376.13+/-0.49 dlogz:0.004>0.01] 23235it [11:53:55, 34.19s/it, bound:1360 nc:3741 ncall:4.9e+07 eff:0.0% logz-ratio=112375.64+/-0.23 dlogz:1.486>0.01]23237it [11:54:17, 28.42s/it, bound:1360 nc:3032 ncall:4.9e+07 eff:0.0% logz-ratio=112375.64+/-0.23 dlogz:1.482>0.01]23240it [11:54:17, 18.52s/it, bound:1360 nc:  1 ncall:4.9e+07 eff:0.0% logz-ratio=112376.01+/-0.29 dlogz:0.225>0.01] 23244it [11:54:17, 11.14s/it, bound:1360 nc:  1 ncall:4.9e+07 eff:0.0% logz-ratio=112375.98+/-0.28 dlogz:0.314>0.01]23248it [11:54:17,  7.10s/it, bound:1360 nc:  1 ncall:4.9e+07 eff:0.0% logz-ratio=112375.66+/-0.23 dlogz:1.420>0.01]23250it [11:54:28,  7.10s/it, bound:1361 nc:  1 ncall:4.9e+07 eff:0.0% logz-ratio=112376.13+/-0.48 dlogz:0.004>0.01]23251it [11:58:29, 28.59s/it, bound:1361 nc:2860 ncall:4.9e+07 eff:0.0% logz-ratio=112375.65+/-0.23 dlogz:1.454>0.01]23254it [11:58:29, 20.43s/it, bound:1361 nc:  1 ncall:4.9e+07 eff:0.0% logz-ratio=112375.67+/-0.23 dlogz:1.397>0.01] 23258it [11:58:29, 13.25s/it, bound:1361 nc:2679 ncall:4.9e+07 eff:0.0% logz-ratio=112375.66+/-0.23 dlogz:1.440>0.01]23261it [11:58:29,  9.63s/it, bound:1361 nc:2767 ncall:4.9e+07 eff:0.0% logz-ratio=112375.66+/-0.23 dlogz:1.435>0.01]23264it [11:58:29,  6.93s/it, bound:1361 nc:  1 ncall:4.9e+07 eff:0.0% logz-ratio=112375.68+/-0.23 dlogz:1.342>0.01] 23266it [11:58:48,  6.93s/it, bound:1362 nc:  1 ncall:4.9e+07 eff:0.0% logz-ratio=112376.12+/-0.48 dlogz:0.004>0.01]23267it [12:02:54, 30.26s/it, bound:1362 nc:3530 ncall:4.9e+07 eff:0.0% logz-ratio=112375.66+/-0.23 dlogz:1.423>0.01]23270it [12:02:54, 21.47s/it, bound:1362 nc:  1 ncall:4.9e+07 eff:0.0% logz-ratio=112375.66+/-0.23 dlogz:1.411>0.01] 23273it [12:02:54, 15.19s/it, bound:1362 nc:3172 ncall:4.9e+07 eff:0.0% logz-ratio=112375.66+/-0.23 dlogz:1.411>0.01]23276it [12:02:54, 10.72s/it, bound:1362 nc:  1 ncall:4.9e+07 eff:0.0% logz-ratio=112375.79+/-0.24 dlogz:0.970>0.01] 23279it [12:02:55,  7.55s/it, bound:1362 nc:3531 ncall:4.9e+07 eff:0.0% logz-ratio=112375.67+/-0.23 dlogz:1.400>0.01]23281it [12:03:08,  7.55s/it, bound:1363 nc:  1 ncall:4.9e+07 eff:0.0% logz-ratio=112376.12+/-0.47 dlogz:0.004>0.01] 23282it [12:06:23, 25.95s/it, bound:1363 nc:3720 ncall:4.9e+07 eff:0.0% logz-ratio=112375.67+/-0.23 dlogz:1.394>0.01]23284it [12:06:42, 22.35s/it, bound:1363 nc:2617 ncall:4.9e+07 eff:0.0% logz-ratio=112375.67+/-0.23 dlogz:1.390>0.01]23287it [12:06:42, 15.18s/it, bound:1363 nc:  1 ncall:4.9e+07 eff:0.0% logz-ratio=112375.85+/-0.25 dlogz:0.736>0.01] 23290it [12:06:42, 10.42s/it, bound:1363 nc:3438 ncall:4.9e+07 eff:0.0% logz-ratio=112375.67+/-0.23 dlogz:1.379>0.01]23293it [12:06:42,  7.20s/it, bound:1363 nc:  1 ncall:4.9e+07 eff:0.0% logz-ratio=112375.87+/-0.25 dlogz:0.655>0.01] 23296it [12:06:42,  5.00s/it, bound:1363 nc:2457 ncall:4.9e+07 eff:0.0% logz-ratio=112375.68+/-0.23 dlogz:1.368>0.01]23297it [12:06:58,  5.00s/it, bound:1364 nc:2320 ncall:4.9e+07 eff:0.0% logz-ratio=112375.68+/-0.23 dlogz:1.366>0.01]23298it [12:10:50, 31.86s/it, bound:1364 nc:3470 ncall:5.0e+07 eff:0.0% logz-ratio=112375.68+/-0.23 dlogz:1.364>0.01]23302it [12:10:50, 19.36s/it, bound:1364 nc:  1 ncall:5.0e+07 eff:0.0% logz-ratio=112375.69+/-0.23 dlogz:1.321>0.01] 23306it [12:10:50, 12.42s/it, bound:1364 nc:3590 ncall:5.0e+07 eff:0.0% logz-ratio=112375.68+/-0.23 dlogz:1.349>0.01]23311it [12:10:50,  7.57s/it, bound:1364 nc:  1 ncall:5.0e+07 eff:0.0% logz-ratio=112375.75+/-0.24 dlogz:1.114>0.01] 23312it [12:11:08,  7.57s/it, bound:1365 nc:4023 ncall:5.0e+07 eff:0.0% logz-ratio=112375.69+/-0.23 dlogz:1.338>0.01]23313it [12:15:14, 30.26s/it, bound:1365 nc:3395 ncall:5.0e+07 eff:0.0% logz-ratio=112375.69+/-0.23 dlogz:1.336>0.01]23315it [12:15:14, 24.01s/it, bound:1365 nc:  1 ncall:5.0e+07 eff:0.0% logz-ratio=112375.80+/-0.24 dlogz:0.920>0.01] 23319it [12:15:14, 15.11s/it, bound:1365 nc:3813 ncall:5.0e+07 eff:0.0% logz-ratio=112375.69+/-0.23 dlogz:1.325>0.01]23323it [12:15:14,  9.88s/it, bound:1365 nc:3730 ncall:5.0e+07 eff:0.0% logz-ratio=112375.69+/-0.24 dlogz:1.318>0.01]23326it [12:15:15,  7.22s/it, bound:1365 nc:3150 ncall:5.0e+07 eff:0.0% logz-ratio=112375.69+/-0.24 dlogz:1.312>0.01]23328it [12:15:28,  7.22s/it, bound:1366 nc:3665 ncall:5.0e+07 eff:0.0% logz-ratio=112375.69+/-0.24 dlogz:1.308>0.01]23329it [12:19:36, 29.56s/it, bound:1366 nc:3430 ncall:5.0e+07 eff:0.0% logz-ratio=112375.69+/-0.24 dlogz:1.307>0.01]23330it [12:20:01, 28.98s/it, bound:1366 nc:3937 ncall:5.0e+07 eff:0.0% logz-ratio=112375.69+/-0.24 dlogz:1.305>0.01]23333it [12:20:01, 19.30s/it, bound:1366 nc:  1 ncall:5.0e+07 eff:0.0% logz-ratio=112375.86+/-0.25 dlogz:0.708>0.01] 23336it [12:20:01, 13.07s/it, bound:1366 nc:3356 ncall:5.0e+07 eff:0.0% logz-ratio=112375.70+/-0.24 dlogz:1.294>0.01]23339it [12:20:01,  8.95s/it, bound:1366 nc:  1 ncall:5.0e+07 eff:0.0% logz-ratio=112375.87+/-0.25 dlogz:0.649>0.01] 23342it [12:20:01,  6.18s/it, bound:1366 nc:2925 ncall:5.0e+07 eff:0.0% logz-ratio=112375.70+/-0.24 dlogz:1.283>0.01]23344it [12:20:18,  6.18s/it, bound:1367 nc:2975 ncall:5.0e+07 eff:0.0% logz-ratio=112375.70+/-0.24 dlogz:1.279>0.01]23345it [12:24:09, 29.64s/it, bound:1367 nc:2014 ncall:5.0e+07 eff:0.0% logz-ratio=112375.70+/-0.24 dlogz:1.278>0.01]23348it [12:24:09, 20.60s/it, bound:1367 nc:  1 ncall:5.0e+07 eff:0.0% logz-ratio=112375.74+/-0.24 dlogz:1.144>0.01] 23351it [12:24:09, 14.36s/it, bound:1367 nc:3464 ncall:5.0e+07 eff:0.0% logz-ratio=112375.70+/-0.24 dlogz:1.267>0.01]23354it [12:24:09, 10.02s/it, bound:1367 nc:  1 ncall:5.0e+07 eff:0.0% logz-ratio=112375.86+/-0.25 dlogz:0.689>0.01] 23358it [12:24:09,  6.37s/it, bound:1367 nc:  1 ncall:5.0e+07 eff:0.0% logz-ratio=112375.81+/-0.25 dlogz:0.880>0.01]23360it [12:24:28,  6.37s/it, bound:1368 nc:  1 ncall:5.0e+07 eff:0.0% logz-ratio=112376.12+/-0.45 dlogz:0.003>0.01]23361it [12:28:40, 30.01s/it, bound:1368 nc:2633 ncall:5.0e+07 eff:0.0% logz-ratio=112375.71+/-0.24 dlogz:1.249>0.01]23364it [12:28:40, 21.41s/it, bound:1368 nc:  1 ncall:5.0e+07 eff:0.0% logz-ratio=112375.84+/-0.25 dlogz:0.776>0.01] 23368it [12:28:41, 13.86s/it, bound:1368 nc:3069 ncall:5.0e+07 eff:0.0% logz-ratio=112375.71+/-0.24 dlogz:1.236>0.01]23372it [12:28:41,  9.22s/it, bound:1368 nc:3175 ncall:5.0e+07 eff:0.0% logz-ratio=112375.72+/-0.24 dlogz:1.229>0.01]23375it [12:28:41,  6.80s/it, bound:1368 nc:3428 ncall:5.0e+07 eff:0.0% logz-ratio=112375.72+/-0.24 dlogz:1.224>0.01]23376it [12:28:58,  6.80s/it, bound:1369 nc:  1 ncall:5.0e+07 eff:0.0% logz-ratio=112376.12+/-0.44 dlogz:0.003>0.01] 23377it [12:33:11, 32.62s/it, bound:1369 nc:3561 ncall:5.0e+07 eff:0.0% logz-ratio=112375.72+/-0.24 dlogz:1.221>0.01]23379it [12:33:35, 28.01s/it, bound:1369 nc:3782 ncall:5.0e+07 eff:0.0% logz-ratio=112375.72+/-0.24 dlogz:1.217>0.01]23382it [12:33:35, 18.96s/it, bound:1369 nc:  1 ncall:5.0e+07 eff:0.0% logz-ratio=112376.03+/-0.29 dlogz:0.171>0.01] 23386it [12:33:35, 11.74s/it, bound:1369 nc:  1 ncall:5.0e+07 eff:0.0% logz-ratio=112375.80+/-0.25 dlogz:0.907>0.01]23390it [12:33:35,  7.61s/it, bound:1369 nc:6349 ncall:5.0e+07 eff:0.0% logz-ratio=112375.72+/-0.24 dlogz:1.198>0.01]23391it [12:33:48,  7.61s/it, bound:1370 nc:3374 ncall:5.0e+07 eff:0.0% logz-ratio=112375.72+/-0.24 dlogz:1.196>0.01]23392it [12:37:56, 32.30s/it, bound:1370 nc:3463 ncall:5.0e+07 eff:0.0% logz-ratio=112375.72+/-0.24 dlogz:1.195>0.01]23395it [12:37:56, 22.58s/it, bound:1370 nc:2496 ncall:5.0e+07 eff:0.0% logz-ratio=112375.73+/-0.24 dlogz:1.189>0.01]23400it [12:37:56, 13.16s/it, bound:1370 nc:  1 ncall:5.0e+07 eff:0.0% logz-ratio=112375.76+/-0.24 dlogz:1.055>0.01] 23404it [12:37:56,  8.91s/it, bound:1370 nc:  1 ncall:5.0e+07 eff:0.0% logz-ratio=112375.80+/-0.25 dlogz:0.925>0.01]23407it [12:38:08,  8.91s/it, bound:1371 nc:3145 ncall:5.0e+07 eff:0.0% logz-ratio=112375.73+/-0.24 dlogz:1.169>0.01]23408it [12:42:23, 27.15s/it, bound:1371 nc:3058 ncall:5.0e+07 eff:0.0% logz-ratio=112375.73+/-0.24 dlogz:1.167>0.01]23410it [12:42:23, 22.16s/it, bound:1371 nc:  1 ncall:5.0e+07 eff:0.0% logz-ratio=112375.91+/-0.26 dlogz:0.508>0.01] 23414it [12:42:23, 14.53s/it, bound:1371 nc:3731 ncall:5.0e+07 eff:0.0% logz-ratio=112375.74+/-0.24 dlogz:1.157>0.01]23418it [12:42:23,  9.75s/it, bound:1371 nc:2939 ncall:5.0e+07 eff:0.0% logz-ratio=112375.74+/-0.24 dlogz:1.150>0.01]23422it [12:42:23,  6.64s/it, bound:1371 nc:3172 ncall:5.0e+07 eff:0.0% logz-ratio=112375.74+/-0.24 dlogz:1.144>0.01]23423it [12:42:38,  6.64s/it, bound:1372 nc:3996 ncall:5.0e+07 eff:0.0% logz-ratio=112375.74+/-0.24 dlogz:1.142>0.01]23424it [12:46:35, 28.83s/it, bound:1372 nc:3605 ncall:5.0e+07 eff:0.0% logz-ratio=112375.74+/-0.24 dlogz:1.140>0.01]23425it [12:46:59, 28.22s/it, bound:1372 nc:2864 ncall:5.0e+07 eff:0.0% logz-ratio=112375.74+/-0.24 dlogz:1.139>0.01]23427it [12:46:59, 21.15s/it, bound:1372 nc:3449 ncall:5.0e+07 eff:0.0% logz-ratio=112375.74+/-0.24 dlogz:1.135>0.01]23430it [12:46:59, 13.76s/it, bound:1372 nc:  1 ncall:5.0e+07 eff:0.0% logz-ratio=112375.78+/-0.24 dlogz:0.996>0.01] 23433it [12:46:59,  9.19s/it, bound:1372 nc:2621 ncall:5.0e+07 eff:0.0% logz-ratio=112375.74+/-0.24 dlogz:1.125>0.01]23436it [12:46:59,  6.24s/it, bound:1372 nc:  1 ncall:5.0e+07 eff:0.0% logz-ratio=112375.77+/-0.24 dlogz:1.047>0.01] 23438it [12:47:18,  6.24s/it, bound:1373 nc:3279 ncall:5.0e+07 eff:0.0% logz-ratio=112375.75+/-0.24 dlogz:1.118>0.01]23439it [12:51:15, 31.15s/it, bound:1373 nc:3750 ncall:5.0e+07 eff:0.0% logz-ratio=112375.75+/-0.24 dlogz:1.116>0.01]23441it [12:51:15, 23.96s/it, bound:1373 nc:  1 ncall:5.0e+07 eff:0.0% logz-ratio=112376.03+/-0.28 dlogz:0.153>0.01] 23446it [12:51:15, 13.14s/it, bound:1373 nc:3751 ncall:5.0e+07 eff:0.0% logz-ratio=112375.75+/-0.24 dlogz:1.105>0.01]23451it [12:51:15,  7.99s/it, bound:1373 nc:  1 ncall:5.0e+07 eff:0.0% logz-ratio=112375.76+/-0.24 dlogz:1.065>0.01] 23454it [12:51:29,  7.99s/it, bound:1374 nc:3384 ncall:5.0e+07 eff:0.0% logz-ratio=112375.75+/-0.24 dlogz:1.092>0.01]23455it [12:55:34, 25.53s/it, bound:1374 nc:3193 ncall:5.0e+07 eff:0.0% logz-ratio=112375.75+/-0.24 dlogz:1.090>0.01]23456it [12:55:34, 23.00s/it, bound:1374 nc:3505 ncall:5.0e+07 eff:0.0% logz-ratio=112375.75+/-0.24 dlogz:1.088>0.01]23459it [12:55:34, 16.13s/it, bound:1374 nc:  1 ncall:5.0e+07 eff:0.0% logz-ratio=112375.77+/-0.24 dlogz:1.041>0.01] 23462it [12:55:34, 11.32s/it, bound:1374 nc:2417 ncall:5.0e+07 eff:0.0% logz-ratio=112375.76+/-0.24 dlogz:1.079>0.01]23465it [12:55:34,  7.94s/it, bound:1374 nc:  1 ncall:5.0e+07 eff:0.0% logz-ratio=112375.79+/-0.25 dlogz:0.973>0.01] 23468it [12:55:34,  5.58s/it, bound:1374 nc:3422 ncall:5.0e+07 eff:0.0% logz-ratio=112375.76+/-0.24 dlogz:1.069>0.01]23470it [12:55:49,  5.58s/it, bound:1375 nc:2674 ncall:5.0e+07 eff:0.0% logz-ratio=112375.76+/-0.24 dlogz:1.066>0.01]23471it [12:59:56, 30.06s/it, bound:1375 nc:3554 ncall:5.0e+07 eff:0.0% logz-ratio=112375.76+/-0.24 dlogz:1.064>0.01]23472it [13:00:18, 29.02s/it, bound:1375 nc:2993 ncall:5.0e+07 eff:0.0% logz-ratio=112375.76+/-0.24 dlogz:1.063>0.01]23475it [13:00:18, 18.91s/it, bound:1375 nc:  1 ncall:5.0e+07 eff:0.0% logz-ratio=112375.89+/-0.25 dlogz:0.588>0.01] 23478it [13:00:18, 12.64s/it, bound:1375 nc:3525 ncall:5.0e+07 eff:0.0% logz-ratio=112375.76+/-0.24 dlogz:1.053>0.01]23481it [13:00:18,  8.58s/it, bound:1375 nc:  1 ncall:5.0e+07 eff:0.0% logz-ratio=112375.91+/-0.26 dlogz:0.525>0.01] 23484it [13:00:18,  5.89s/it, bound:1375 nc:3642 ncall:5.0e+07 eff:0.0% logz-ratio=112375.77+/-0.24 dlogz:1.044>0.01]23486it [13:00:29,  5.89s/it, bound:1376 nc:3502 ncall:5.0e+07 eff:0.0% logz-ratio=112375.77+/-0.24 dlogz:1.041>0.01]23487it [13:05:00, 33.18s/it, bound:1376 nc:3770 ncall:5.0e+07 eff:0.0% logz-ratio=112375.77+/-0.24 dlogz:1.039>0.01]23490it [13:05:00, 23.00s/it, bound:1376 nc:3561 ncall:5.0e+07 eff:0.0% logz-ratio=112375.77+/-0.25 dlogz:1.034>0.01]23495it [13:05:00, 13.29s/it, bound:1376 nc:  1 ncall:5.0e+07 eff:0.0% logz-ratio=112375.78+/-0.25 dlogz:1.006>0.01] 23499it [13:05:00,  8.97s/it, bound:1376 nc:3200 ncall:5.0e+07 eff:0.0% logz-ratio=112375.77+/-0.25 dlogz:1.020>0.01]23502it [13:05:19,  8.97s/it, bound:1377 nc:3644 ncall:5.0e+07 eff:0.0% logz-ratio=112375.77+/-0.25 dlogz:1.016>0.01]23503it [13:10:16, 31.24s/it, bound:1377 nc:3008 ncall:5.0e+07 eff:0.0% logz-ratio=112375.77+/-0.25 dlogz:1.014>0.01]23504it [13:10:41, 30.55s/it, bound:1377 nc:3661 ncall:5.0e+07 eff:0.0% logz-ratio=112375.78+/-0.25 dlogz:1.013>0.01]23507it [13:10:41, 21.28s/it, bound:1377 nc:  1 ncall:5.0e+07 eff:0.0% logz-ratio=112375.94+/-0.26 dlogz:0.438>0.01] 23511it [13:10:41, 13.49s/it, bound:1377 nc:2796 ncall:5.0e+07 eff:0.0% logz-ratio=112375.78+/-0.25 dlogz:1.002>0.01]23515it [13:10:41,  8.87s/it, bound:1377 nc:3283 ncall:5.0e+07 eff:0.0% logz-ratio=112375.78+/-0.25 dlogz:0.996>0.01]23518it [13:10:59,  8.87s/it, bound:1378 nc:3594 ncall:5.0e+07 eff:0.0% logz-ratio=112375.78+/-0.25 dlogz:0.991>0.01]23519it [13:16:05, 32.61s/it, bound:1378 nc:3715 ncall:5.0e+07 eff:0.0% logz-ratio=112375.78+/-0.25 dlogz:0.990>0.01]23520it [13:16:05, 29.19s/it, bound:1378 nc:2870 ncall:5.0e+07 eff:0.0% logz-ratio=112375.78+/-0.25 dlogz:0.988>0.01]23523it [13:16:05, 20.13s/it, bound:1378 nc:  1 ncall:5.0e+07 eff:0.0% logz-ratio=112375.89+/-0.25 dlogz:0.586>0.01] 23526it [13:16:06, 13.95s/it, bound:1378 nc:3588 ncall:5.0e+07 eff:0.0% logz-ratio=112375.78+/-0.25 dlogz:0.979>0.01]23529it [13:16:06,  9.70s/it, bound:1378 nc:  1 ncall:5.0e+07 eff:0.0% logz-ratio=112375.91+/-0.26 dlogz:0.521>0.01] 23532it [13:16:06,  6.77s/it, bound:1378 nc:4125 ncall:5.0e+07 eff:0.0% logz-ratio=112375.79+/-0.25 dlogz:0.970>0.01]23533it [13:16:19,  6.77s/it, bound:1379 nc:  1 ncall:5.0e+07 eff:0.0% logz-ratio=112376.12+/-0.40 dlogz:0.002>0.01] 23534it [13:21:14, 39.79s/it, bound:1379 nc:3067 ncall:5.0e+07 eff:0.0% logz-ratio=112375.79+/-0.25 dlogz:0.967>0.01]23536it [13:21:36, 32.88s/it, bound:1379 nc:3013 ncall:5.0e+07 eff:0.0% logz-ratio=112375.79+/-0.25 dlogz:0.964>0.01]23539it [13:21:36, 21.65s/it, bound:1379 nc:  1 ncall:5.0e+07 eff:0.0% logz-ratio=112375.94+/-0.26 dlogz:0.413>0.01] 23542it [13:21:37, 14.55s/it, bound:1379 nc:3544 ncall:5.0e+07 eff:0.0% logz-ratio=112375.79+/-0.25 dlogz:0.955>0.01]23545it [13:21:37,  9.92s/it, bound:1379 nc:3692 ncall:5.0e+07 eff:0.0% logz-ratio=112375.79+/-0.25 dlogz:0.951>0.01]23548it [13:21:37,  6.83s/it, bound:1380 nc:  1 ncall:5.0e+07 eff:0.0% logz-ratio=112375.88+/-0.25 dlogz:0.637>0.01] 23548it [13:21:49,  6.83s/it, bound:1380 nc:  1 ncall:5.0e+07 eff:0.0% logz-ratio=112376.12+/-0.40 dlogz:0.002>0.01]23549it [13:26:46, 46.11s/it, bound:1380 nc:2682 ncall:5.0e+07 eff:0.0% logz-ratio=112375.79+/-0.25 dlogz:0.945>0.01]23552it [13:26:46, 29.64s/it, bound:1380 nc:  1 ncall:5.0e+07 eff:0.0% logz-ratio=112375.89+/-0.25 dlogz:0.621>0.01] 23555it [13:26:47, 19.64s/it, bound:1380 nc:3207 ncall:5.0e+07 eff:0.0% logz-ratio=112375.80+/-0.25 dlogz:0.979>0.01]23558it [13:26:47, 13.25s/it, bound:1380 nc:  1 ncall:5.0e+07 eff:0.0% logz-ratio=112375.91+/-0.26 dlogz:0.546>0.01] 23561it [13:26:47,  9.06s/it, bound:1380 nc:3705 ncall:5.0e+07 eff:0.0% logz-ratio=112375.80+/-0.25 dlogz:0.970>0.01]23564it [13:26:47,  6.24s/it, bound:1381 nc:  1 ncall:5.0e+07 eff:0.0% logz-ratio=112375.93+/-0.26 dlogz:0.468>0.01] 23564it [13:26:59,  6.24s/it, bound:1381 nc:  1 ncall:5.0e+07 eff:0.0% logz-ratio=112376.12+/-0.40 dlogz:0.002>0.01]23565it [13:31:25, 41.41s/it, bound:1381 nc:3608 ncall:5.0e+07 eff:0.0% logz-ratio=112375.80+/-0.25 dlogz:0.964>0.01]23568it [13:31:25, 26.65s/it, bound:1381 nc:  1 ncall:5.0e+07 eff:0.0% logz-ratio=112375.81+/-0.25 dlogz:0.937>0.01] 23571it [13:31:25, 17.67s/it, bound:1381 nc:3001 ncall:5.0e+07 eff:0.0% logz-ratio=112375.80+/-0.25 dlogz:0.955>0.01]23574it [13:31:25, 11.93s/it, bound:1381 nc:  1 ncall:5.0e+07 eff:0.0% logz-ratio=112375.89+/-0.26 dlogz:0.629>0.01] 23577it [13:31:25,  8.16s/it, bound:1381 nc:3401 ncall:5.0e+07 eff:0.0% logz-ratio=112375.80+/-0.25 dlogz:0.946>0.01]23580it [13:31:26,  5.63s/it, bound:1382 nc:  1 ncall:5.0e+07 eff:0.0% logz-ratio=112375.89+/-0.26 dlogz:0.629>0.01] 23580it [13:31:39,  5.63s/it, bound:1382 nc:  1 ncall:5.0e+07 eff:0.0% logz-ratio=112376.12+/-0.39 dlogz:0.002>0.01]23581it [13:35:53, 39.52s/it, bound:1382 nc:3546 ncall:5.0e+07 eff:0.0% logz-ratio=112375.81+/-0.25 dlogz:0.940>0.01]23583it [13:36:20, 32.42s/it, bound:1382 nc:3650 ncall:5.0e+07 eff:0.0% logz-ratio=112375.81+/-0.25 dlogz:0.937>0.01]23586it [13:36:20, 20.56s/it, bound:1382 nc:  1 ncall:5.0e+07 eff:0.0% logz-ratio=112375.93+/-0.26 dlogz:0.480>0.01] 23589it [13:36:20, 13.51s/it, bound:1382 nc:3165 ncall:5.0e+07 eff:0.0% logz-ratio=112375.81+/-0.25 dlogz:0.929>0.01]23592it [13:36:20,  9.07s/it, bound:1382 nc:  1 ncall:5.0e+07 eff:0.0% logz-ratio=112375.92+/-0.26 dlogz:0.523>0.01] 23595it [13:36:20,  6.18s/it, bound:1382 nc:2403 ncall:5.0e+07 eff:0.0% logz-ratio=112375.81+/-0.25 dlogz:0.920>0.01]23596it [13:36:39,  6.18s/it, bound:1383 nc:  1 ncall:5.1e+07 eff:0.0% logz-ratio=112376.12+/-0.39 dlogz:0.002>0.01] 23597it [13:41:44, 42.54s/it, bound:1383 nc:3820 ncall:5.1e+07 eff:0.0% logz-ratio=112375.81+/-0.25 dlogz:0.917>0.01]23600it [13:41:44, 28.36s/it, bound:1383 nc:  1 ncall:5.1e+07 eff:0.0% logz-ratio=112375.89+/-0.26 dlogz:0.629>0.01] 23603it [13:41:44, 19.23s/it, bound:1383 nc:3059 ncall:5.1e+07 eff:0.0% logz-ratio=112375.81+/-0.25 dlogz:0.909>0.01]23606it [13:41:44, 13.17s/it, bound:1383 nc:  1 ncall:5.1e+07 eff:0.0% logz-ratio=112375.98+/-0.26 dlogz:0.330>0.01] 23609it [13:41:44,  9.09s/it, bound:1383 nc:2776 ncall:5.1e+07 eff:0.0% logz-ratio=112375.82+/-0.25 dlogz:0.900>0.01]23612it [13:41:44,  6.31s/it, bound:1384 nc:  1 ncall:5.1e+07 eff:0.0% logz-ratio=112375.99+/-0.27 dlogz:0.301>0.01] 23612it [13:41:59,  6.31s/it, bound:1384 nc:  1 ncall:5.1e+07 eff:0.0% logz-ratio=112376.12+/-0.39 dlogz:0.002>0.01]23613it [13:47:04, 46.35s/it, bound:1384 nc:3624 ncall:5.1e+07 eff:0.0% logz-ratio=112375.82+/-0.25 dlogz:0.895>0.01]23615it [13:47:32, 37.71s/it, bound:1384 nc:3877 ncall:5.1e+07 eff:0.0% logz-ratio=112375.82+/-0.25 dlogz:0.892>0.01]23617it [13:47:33, 27.31s/it, bound:1384 nc:4042 ncall:5.1e+07 eff:0.0% logz-ratio=112375.82+/-0.25 dlogz:0.889>0.01]23620it [13:47:33, 17.16s/it, bound:1384 nc:  1 ncall:5.1e+07 eff:0.0% logz-ratio=112375.94+/-0.26 dlogz:0.441>0.01] 23623it [13:47:33, 11.22s/it, bound:1384 nc:2691 ncall:5.1e+07 eff:0.0% logz-ratio=112375.82+/-0.25 dlogz:1.179>0.01]23627it [13:47:33,  6.77s/it, bound:1384 nc:  1 ncall:5.1e+07 eff:0.0% logz-ratio=112375.84+/-0.25 dlogz:1.078>0.01] 23628it [13:47:49,  6.77s/it, bound:1385 nc:3038 ncall:5.1e+07 eff:0.0% logz-ratio=112375.82+/-0.25 dlogz:1.171>0.01]23629it [13:52:39, 39.11s/it, bound:1385 nc:3632 ncall:5.1e+07 eff:0.0% logz-ratio=112375.82+/-0.25 dlogz:1.169>0.01]23631it [13:52:39, 29.73s/it, bound:1385 nc:  1 ncall:5.1e+07 eff:0.0% logz-ratio=112375.97+/-0.26 dlogz:0.527>0.01] 23634it [13:52:39, 19.64s/it, bound:1385 nc:3065 ncall:5.1e+07 eff:0.0% logz-ratio=112375.83+/-0.25 dlogz:1.161>0.01]23637it [13:52:39, 13.23s/it, bound:1385 nc:  1 ncall:5.1e+07 eff:0.0% logz-ratio=112376.00+/-0.27 dlogz:0.385>0.01] 23640it [13:52:39,  9.03s/it, bound:1385 nc:3450 ncall:5.1e+07 eff:0.0% logz-ratio=112375.83+/-0.25 dlogz:1.151>0.01]23643it [13:52:39,  6.22s/it, bound:1385 nc:  1 ncall:5.1e+07 eff:0.0% logz-ratio=112375.96+/-0.26 dlogz:0.562>0.01] 23644it [13:52:49,  6.22s/it, bound:1386 nc:3654 ncall:5.1e+07 eff:0.0% logz-ratio=112375.83+/-0.25 dlogz:1.145>0.01]23645it [13:58:04, 42.07s/it, bound:1386 nc:3516 ncall:5.1e+07 eff:0.0% logz-ratio=112375.83+/-0.25 dlogz:1.143>0.01]23646it [13:58:31, 39.90s/it, bound:1386 nc:3020 ncall:5.1e+07 eff:0.0% logz-ratio=112375.83+/-0.25 dlogz:1.141>0.01]23649it [13:58:31, 24.90s/it, bound:1386 nc:  1 ncall:5.1e+07 eff:0.0% logz-ratio=112375.96+/-0.26 dlogz:0.552>0.01] 23652it [13:58:31, 16.20s/it, bound:1386 nc:3424 ncall:5.1e+07 eff:0.0% logz-ratio=112375.83+/-0.25 dlogz:1.132>0.01]23655it [13:58:31, 10.82s/it, bound:1386 nc:  1 ncall:5.1e+07 eff:0.0% logz-ratio=112375.98+/-0.26 dlogz:0.470>0.01] 23658it [13:58:31,  7.34s/it, bound:1386 nc:3088 ncall:5.1e+07 eff:0.0% logz-ratio=112375.83+/-0.25 dlogz:1.122>0.01]23660it [13:58:50,  7.34s/it, bound:1387 nc:3563 ncall:5.1e+07 eff:0.0% logz-ratio=112375.84+/-0.25 dlogz:1.119>0.01]23661it [14:03:18, 35.15s/it, bound:1387 nc:2149 ncall:5.1e+07 eff:0.0% logz-ratio=112375.84+/-0.25 dlogz:1.118>0.01]23663it [14:03:18, 27.04s/it, bound:1387 nc:  1 ncall:5.1e+07 eff:0.0% logz-ratio=112375.88+/-0.26 dlogz:0.935>0.01] 23666it [14:03:18, 18.11s/it, bound:1387 nc:3838 ncall:5.1e+07 eff:0.0% logz-ratio=112375.84+/-0.25 dlogz:1.110>0.01]23669it [14:03:18, 12.30s/it, bound:1387 nc:  1 ncall:5.1e+07 eff:0.0% logz-ratio=112375.93+/-0.26 dlogz:0.696>0.01] 23672it [14:03:18,  8.45s/it, bound:1387 nc:3673 ncall:5.1e+07 eff:0.0% logz-ratio=112375.84+/-0.25 dlogz:1.100>0.01]23675it [14:03:18,  5.84s/it, bound:1387 nc:  1 ncall:5.1e+07 eff:0.0% logz-ratio=112375.93+/-0.26 dlogz:0.706>0.01] 23676it [14:03:30,  5.84s/it, bound:1388 nc:3130 ncall:5.1e+07 eff:0.0% logz-ratio=112375.84+/-0.25 dlogz:1.094>0.01]23677it [14:08:35, 40.61s/it, bound:1388 nc:1967 ncall:5.1e+07 eff:0.0% logz-ratio=112375.84+/-0.25 dlogz:1.092>0.01]23678it [14:08:58, 38.12s/it, bound:1388 nc:2587 ncall:5.1e+07 eff:0.0% logz-ratio=112375.84+/-0.25 dlogz:1.091>0.01]23680it [14:08:58, 27.25s/it, bound:1388 nc:3309 ncall:5.1e+07 eff:0.0% logz-ratio=112375.84+/-0.25 dlogz:1.088>0.01]23683it [14:08:58, 16.91s/it, bound:1388 nc:  1 ncall:5.1e+07 eff:0.0% logz-ratio=112376.00+/-0.27 dlogz:0.392>0.01] 23686it [14:08:58, 10.98s/it, bound:1388 nc:2692 ncall:5.1e+07 eff:0.0% logz-ratio=112375.84+/-0.25 dlogz:1.078>0.01]23689it [14:08:58,  7.32s/it, bound:1388 nc:  1 ncall:5.1e+07 eff:0.0% logz-ratio=112376.01+/-0.27 dlogz:0.361>0.01] 23692it [14:08:59,  4.96s/it, bound:1389 nc:3402 ncall:5.1e+07 eff:0.0% logz-ratio=112375.85+/-0.25 dlogz:1.069>0.01]23692it [14:09:10,  4.96s/it, bound:1389 nc:3402 ncall:5.1e+07 eff:0.0% logz-ratio=112375.85+/-0.25 dlogz:1.069>0.01]23693it [14:14:24, 47.68s/it, bound:1389 nc:3580 ncall:5.1e+07 eff:0.0% logz-ratio=112375.85+/-0.25 dlogz:1.068>0.01]23695it [14:14:24, 34.54s/it, bound:1389 nc:  1 ncall:5.1e+07 eff:0.0% logz-ratio=112375.92+/-0.26 dlogz:0.730>0.01] 23698it [14:14:24, 21.72s/it, bound:1389 nc:3910 ncall:5.1e+07 eff:0.0% logz-ratio=112375.85+/-0.26 dlogz:1.060>0.01]23701it [14:14:24, 14.20s/it, bound:1389 nc:  1 ncall:5.1e+07 eff:0.0% logz-ratio=112375.97+/-0.26 dlogz:0.509>0.01] 23704it [14:14:24,  9.51s/it, bound:1389 nc:3949 ncall:5.1e+07 eff:0.0% logz-ratio=112375.85+/-0.26 dlogz:1.051>0.01]23707it [14:14:24,  6.46s/it, bound:1389 nc:  1 ncall:5.1e+07 eff:0.0% logz-ratio=112375.95+/-0.26 dlogz:0.615>0.01] 23708it [14:14:40,  6.46s/it, bound:1390 nc:3765 ncall:5.1e+07 eff:0.0% logz-ratio=112375.85+/-0.26 dlogz:1.045>0.01]23709it [14:19:51, 43.19s/it, bound:1390 nc:3413 ncall:5.1e+07 eff:0.0% logz-ratio=112375.85+/-0.26 dlogz:1.043>0.01]23710it [14:20:15, 40.50s/it, bound:1390 nc:3015 ncall:5.1e+07 eff:0.0% logz-ratio=112375.85+/-0.26 dlogz:1.042>0.01]23714it [14:20:15, 22.28s/it, bound:1390 nc:3405 ncall:5.1e+07 eff:0.0% logz-ratio=112375.85+/-0.26 dlogz:1.036>0.01]23718it [14:20:15, 13.57s/it, bound:1390 nc:3245 ncall:5.1e+07 eff:0.0% logz-ratio=112375.86+/-0.26 dlogz:1.030>0.01]23723it [14:20:16,  7.99s/it, bound:1390 nc:  1 ncall:5.1e+07 eff:0.0% logz-ratio=112375.92+/-0.26 dlogz:0.747>0.01] 23724it [14:20:30,  7.99s/it, bound:1391 nc:3865 ncall:5.1e+07 eff:0.0% logz-ratio=112375.86+/-0.26 dlogz:1.021>0.01]23725it [14:25:12, 34.65s/it, bound:1391 nc:3320 ncall:5.1e+07 eff:0.0% logz-ratio=112375.86+/-0.26 dlogz:1.019>0.01]23727it [14:25:12, 27.25s/it, bound:1391 nc:  1 ncall:5.1e+07 eff:0.0% logz-ratio=112375.96+/-0.26 dlogz:0.569>0.01] 23731it [14:25:12, 16.93s/it, bound:1391 nc:3186 ncall:5.1e+07 eff:0.0% logz-ratio=112375.86+/-0.26 dlogz:1.010>0.01]23735it [14:25:12, 10.99s/it, bound:1391 nc:3074 ncall:5.1e+07 eff:0.0% logz-ratio=112375.86+/-0.26 dlogz:1.004>0.01]23739it [14:25:12,  7.33s/it, bound:1391 nc:2951 ncall:5.1e+07 eff:0.0% logz-ratio=112375.86+/-0.26 dlogz:0.998>0.01]23740it [14:25:30,  7.33s/it, bound:1392 nc:3874 ncall:5.1e+07 eff:0.0% logz-ratio=112375.86+/-0.26 dlogz:0.997>0.01]23741it [14:29:50, 32.68s/it, bound:1392 nc:3147 ncall:5.1e+07 eff:0.0% logz-ratio=112375.86+/-0.26 dlogz:0.995>0.01]23743it [14:29:50, 25.64s/it, bound:1392 nc:  1 ncall:5.1e+07 eff:0.0% logz-ratio=112375.99+/-0.27 dlogz:0.442>0.01] 23746it [14:29:50, 17.54s/it, bound:1392 nc:2413 ncall:5.1e+07 eff:0.0% logz-ratio=112375.86+/-0.26 dlogz:0.988>0.01]23749it [14:29:50, 12.09s/it, bound:1392 nc:  1 ncall:5.1e+07 eff:0.0% logz-ratio=112375.92+/-0.26 dlogz:0.735>0.01] 23752it [14:29:50,  8.38s/it, bound:1392 nc:3010 ncall:5.1e+07 eff:0.0% logz-ratio=112375.87+/-0.26 dlogz:0.979>0.01]23755it [14:29:50,  5.83s/it, bound:1392 nc:  1 ncall:5.1e+07 eff:0.0% logz-ratio=112375.96+/-0.26 dlogz:0.563>0.01] 23756it [14:30:10,  5.83s/it, bound:1393 nc:3246 ncall:5.1e+07 eff:0.0% logz-ratio=112375.87+/-0.26 dlogz:0.974>0.01]23757it [14:34:48, 38.10s/it, bound:1393 nc:3690 ncall:5.1e+07 eff:0.0% logz-ratio=112375.87+/-0.26 dlogz:0.972>0.01]23758it [14:35:16, 36.59s/it, bound:1393 nc:3814 ncall:5.1e+07 eff:0.0% logz-ratio=112375.87+/-0.26 dlogz:0.971>0.01]23761it [14:35:16, 22.96s/it, bound:1393 nc:  1 ncall:5.1e+07 eff:0.0% logz-ratio=112375.96+/-0.26 dlogz:0.558>0.01] 23764it [14:35:16, 15.00s/it, bound:1393 nc:3374 ncall:5.1e+07 eff:0.0% logz-ratio=112375.87+/-0.26 dlogz:0.962>0.01]23767it [14:35:16, 10.04s/it, bound:1393 nc:  1 ncall:5.1e+07 eff:0.0% logz-ratio=112375.93+/-0.26 dlogz:0.679>0.01] 23770it [14:35:16,  6.83s/it, bound:1393 nc:2970 ncall:5.1e+07 eff:0.0% logz-ratio=112375.87+/-0.26 dlogz:0.954>0.01]23772it [14:35:30,  6.83s/it, bound:1394 nc:3211 ncall:5.1e+07 eff:0.0% logz-ratio=112375.87+/-0.26 dlogz:0.951>0.01]23773it [14:40:20, 36.61s/it, bound:1394 nc:3987 ncall:5.1e+07 eff:0.0% logz-ratio=112375.87+/-0.26 dlogz:0.949>0.01]23775it [14:40:21, 28.18s/it, bound:1394 nc:  1 ncall:5.1e+07 eff:0.0% logz-ratio=112375.97+/-0.26 dlogz:0.509>0.01] 23778it [14:40:21, 18.87s/it, bound:1394 nc:2878 ncall:5.1e+07 eff:0.0% logz-ratio=112375.87+/-0.26 dlogz:0.942>0.01]23781it [14:40:21, 12.83s/it, bound:1394 nc:  1 ncall:5.1e+07 eff:0.0% logz-ratio=112375.96+/-0.26 dlogz:0.544>0.01] 23784it [14:40:21,  8.81s/it, bound:1394 nc:2446 ncall:5.1e+07 eff:0.0% logz-ratio=112375.88+/-0.26 dlogz:0.934>0.01]23787it [14:40:21,  6.09s/it, bound:1394 nc:  1 ncall:5.1e+07 eff:0.0% logz-ratio=112375.97+/-0.26 dlogz:0.530>0.01] 23788it [14:40:40,  6.09s/it, bound:1395 nc:3864 ncall:5.1e+07 eff:0.0% logz-ratio=112375.88+/-0.26 dlogz:0.928>0.01]23789it [14:45:35, 40.50s/it, bound:1395 nc:3419 ncall:5.1e+07 eff:0.0% logz-ratio=112375.88+/-0.26 dlogz:0.927>0.01]23790it [14:46:02, 38.59s/it, bound:1395 nc:2954 ncall:5.1e+07 eff:0.0% logz-ratio=112375.88+/-0.26 dlogz:0.925>0.01]23793it [14:46:02, 24.13s/it, bound:1395 nc:  1 ncall:5.1e+07 eff:0.0% logz-ratio=112376.02+/-0.27 dlogz:0.331>0.01] 23796it [14:46:02, 15.73s/it, bound:1395 nc:3526 ncall:5.1e+07 eff:0.0% logz-ratio=112375.88+/-0.26 dlogz:0.917>0.01]23799it [14:46:02, 10.51s/it, bound:1395 nc:  1 ncall:5.1e+07 eff:0.0% logz-ratio=112375.91+/-0.26 dlogz:0.760>0.01] 23802it [14:46:03,  7.14s/it, bound:1395 nc:3222 ncall:5.1e+07 eff:0.0% logz-ratio=112375.88+/-0.26 dlogz:0.909>0.01]23803it [14:46:20,  7.14s/it, bound:1396 nc:  1 ncall:5.1e+07 eff:0.0% logz-ratio=112376.13+/-0.37 dlogz:0.002>0.01] 23804it [14:51:32, 44.16s/it, bound:1396 nc:2879 ncall:5.1e+07 eff:0.0% logz-ratio=112375.88+/-0.26 dlogz:0.906>0.01]23807it [14:51:32, 29.39s/it, bound:1396 nc:  1 ncall:5.1e+07 eff:0.0% logz-ratio=112375.97+/-0.26 dlogz:0.578>0.01] 23810it [14:51:32, 19.90s/it, bound:1396 nc:3301 ncall:5.1e+07 eff:0.0% logz-ratio=112375.88+/-0.26 dlogz:0.995>0.01]23813it [14:51:33, 13.62s/it, bound:1396 nc:  1 ncall:5.1e+07 eff:0.0% logz-ratio=112375.97+/-0.26 dlogz:0.603>0.01] 23816it [14:51:33,  9.40s/it, bound:1396 nc:3388 ncall:5.1e+07 eff:0.0% logz-ratio=112375.89+/-0.26 dlogz:0.986>0.01]23819it [14:51:33,  6.52s/it, bound:1397 nc:  1 ncall:5.1e+07 eff:0.0% logz-ratio=112375.97+/-0.26 dlogz:0.603>0.01] 23819it [14:51:50,  6.52s/it, bound:1397 nc:  1 ncall:5.1e+07 eff:0.0% logz-ratio=112376.13+/-0.37 dlogz:0.003>0.01]23820it [14:57:01, 47.69s/it, bound:1397 nc:4056 ncall:5.1e+07 eff:0.0% logz-ratio=112375.89+/-0.26 dlogz:0.980>0.01]23822it [14:57:27, 38.38s/it, bound:1397 nc:2624 ncall:5.1e+07 eff:0.0% logz-ratio=112375.89+/-0.26 dlogz:0.977>0.01]23825it [14:57:27, 24.41s/it, bound:1397 nc:  1 ncall:5.1e+07 eff:0.0% logz-ratio=112375.95+/-0.26 dlogz:0.658>0.01] 23828it [14:57:27, 16.07s/it, bound:1397 nc:3409 ncall:5.1e+07 eff:0.0% logz-ratio=112375.89+/-0.26 dlogz:0.969>0.01]23831it [14:57:28, 10.80s/it, bound:1397 nc:  1 ncall:5.1e+07 eff:0.0% logz-ratio=112375.95+/-0.26 dlogz:0.669>0.01] 23834it [14:57:28,  7.37s/it, bound:1397 nc:2897 ncall:5.1e+07 eff:0.0% logz-ratio=112375.89+/-0.26 dlogz:0.960>0.01]23835it [14:57:41,  7.37s/it, bound:1398 nc:  1 ncall:5.1e+07 eff:0.0% logz-ratio=112376.13+/-0.37 dlogz:0.003>0.01] 23836it [15:02:18, 39.50s/it, bound:1398 nc:3835 ncall:5.1e+07 eff:0.0% logz-ratio=112375.89+/-0.26 dlogz:0.958>0.01]23839it [15:02:18, 26.35s/it, bound:1398 nc:  1 ncall:5.1e+07 eff:0.0% logz-ratio=112376.00+/-0.27 dlogz:0.422>0.01] 23842it [15:02:18, 17.86s/it, bound:1398 nc:3090 ncall:5.1e+07 eff:0.0% logz-ratio=112375.89+/-0.26 dlogz:0.949>0.01]23845it [15:02:18, 12.24s/it, bound:1398 nc:  1 ncall:5.1e+07 eff:0.0% logz-ratio=112376.01+/-0.27 dlogz:0.396>0.01] 23848it [15:02:18,  8.45s/it, bound:1398 nc:3367 ncall:5.1e+07 eff:0.0% logz-ratio=112375.90+/-0.26 dlogz:0.941>0.01]23851it [15:02:19,  5.86s/it, bound:1399 nc:  1 ncall:5.1e+07 eff:0.0% logz-ratio=112376.01+/-0.27 dlogz:0.383>0.01] 23851it [15:02:31,  5.86s/it, bound:1399 nc:  1 ncall:5.1e+07 eff:0.0% logz-ratio=112376.13+/-0.37 dlogz:0.002>0.01]23852it [15:06:49, 39.60s/it, bound:1399 nc:3790 ncall:5.1e+07 eff:0.0% logz-ratio=112375.90+/-0.26 dlogz:0.935>0.01]23855it [15:06:49, 25.61s/it, bound:1399 nc:  1 ncall:5.1e+07 eff:0.0% logz-ratio=112376.12+/-0.30 dlogz:0.029>0.01] 23858it [15:06:49, 17.02s/it, bound:1399 nc:3450 ncall:5.1e+07 eff:0.0% logz-ratio=112375.90+/-0.26 dlogz:0.927>0.01]23861it [15:06:49, 11.52s/it, bound:1399 nc:  1 ncall:5.1e+07 eff:0.0% logz-ratio=112376.00+/-0.27 dlogz:0.437>0.01] 23864it [15:06:49,  7.89s/it, bound:1399 nc:3411 ncall:5.1e+07 eff:0.0% logz-ratio=112375.90+/-0.26 dlogz:0.919>0.01]23867it [15:06:49,  5.44s/it, bound:1400 nc:  1 ncall:5.1e+07 eff:0.0% logz-ratio=112376.01+/-0.27 dlogz:0.417>0.01] 23867it [15:07:01,  5.44s/it, bound:1400 nc:  1 ncall:5.1e+07 eff:0.0% logz-ratio=112376.14+/-0.37 dlogz:0.002>0.01]23868it [15:11:03, 37.50s/it, bound:1400 nc:3468 ncall:5.1e+07 eff:0.0% logz-ratio=112375.90+/-0.26 dlogz:0.913>0.01]23870it [15:11:22, 29.93s/it, bound:1400 nc:2878 ncall:5.1e+07 eff:0.0% logz-ratio=112375.90+/-0.26 dlogz:0.910>0.01]23874it [15:11:22, 16.92s/it, bound:1400 nc:3235 ncall:5.1e+07 eff:0.0% logz-ratio=112375.90+/-0.26 dlogz:0.905>0.01]23878it [15:11:22, 10.45s/it, bound:1400 nc:3400 ncall:5.1e+07 eff:0.0% logz-ratio=112375.90+/-0.26 dlogz:0.900>0.01]23882it [15:11:22,  6.76s/it, bound:1400 nc:3596 ncall:5.1e+07 eff:0.0% logz-ratio=112375.91+/-0.26 dlogz:0.894>0.01]23883it [15:11:41,  6.76s/it, bound:1401 nc:  1 ncall:5.1e+07 eff:0.0% logz-ratio=112376.14+/-0.37 dlogz:0.002>0.01] 23884it [15:15:56, 33.04s/it, bound:1401 nc:3664 ncall:5.1e+07 eff:0.0% logz-ratio=112375.91+/-0.26 dlogz:0.892>0.01]23887it [15:15:56, 23.08s/it, bound:1401 nc:  1 ncall:5.1e+07 eff:0.0% logz-ratio=112375.99+/-0.27 dlogz:0.466>0.01] 23891it [15:15:56, 14.66s/it, bound:1401 nc:3827 ncall:5.2e+07 eff:0.0% logz-ratio=112375.91+/-0.26 dlogz:0.882>0.01]23895it [15:15:56,  9.65s/it, bound:1401 nc:3404 ncall:5.2e+07 eff:0.0% logz-ratio=112375.91+/-0.26 dlogz:0.877>0.01]23899it [15:15:57,  6.49s/it, bound:1402 nc:3473 ncall:5.2e+07 eff:0.0% logz-ratio=112375.91+/-0.26 dlogz:0.872>0.01]23899it [15:16:11,  6.49s/it, bound:1402 nc:  1 ncall:5.2e+07 eff:0.0% logz-ratio=112376.14+/-0.36 dlogz:0.002>0.01] 23900it [15:20:30, 34.49s/it, bound:1402 nc:3421 ncall:5.2e+07 eff:0.0% logz-ratio=112375.91+/-0.26 dlogz:0.870>0.01]23903it [15:20:30, 23.79s/it, bound:1402 nc:  1 ncall:5.2e+07 eff:0.0% logz-ratio=112375.99+/-0.27 dlogz:0.488>0.01] 23907it [15:20:30, 14.96s/it, bound:1402 nc:3481 ncall:5.2e+07 eff:0.0% logz-ratio=112375.91+/-0.26 dlogz:0.861>0.01]23911it [15:20:30,  9.79s/it, bound:1402 nc:3705 ncall:5.2e+07 eff:0.0% logz-ratio=112375.91+/-0.26 dlogz:0.856>0.01]23914it [15:20:41,  9.79s/it, bound:1403 nc:  1 ncall:5.2e+07 eff:0.0% logz-ratio=112376.14+/-0.36 dlogz:0.002>0.01] 23915it [15:24:45, 27.64s/it, bound:1403 nc:3540 ncall:5.2e+07 eff:0.0% logz-ratio=112375.91+/-0.26 dlogz:0.851>0.01]23917it [15:25:08, 24.54s/it, bound:1403 nc:3531 ncall:5.2e+07 eff:0.0% logz-ratio=112375.91+/-0.26 dlogz:0.848>0.01]23920it [15:25:08, 17.42s/it, bound:1403 nc:  1 ncall:5.2e+07 eff:0.0% logz-ratio=112376.01+/-0.27 dlogz:0.409>0.01] 23924it [15:25:08, 11.22s/it, bound:1403 nc:3460 ncall:5.2e+07 eff:0.0% logz-ratio=112375.92+/-0.26 dlogz:0.839>0.01]23928it [15:25:08,  7.45s/it, bound:1403 nc:3431 ncall:5.2e+07 eff:0.0% logz-ratio=112375.92+/-0.26 dlogz:0.834>0.01]23930it [15:25:21,  7.45s/it, bound:1404 nc:  1 ncall:5.2e+07 eff:0.0% logz-ratio=112376.14+/-0.36 dlogz:0.002>0.01] 23931it [15:29:08, 26.68s/it, bound:1404 nc:3917 ncall:5.2e+07 eff:0.0% logz-ratio=112375.92+/-0.26 dlogz:0.830>0.01]23934it [15:29:08, 19.35s/it, bound:1404 nc:  1 ncall:5.2e+07 eff:0.0% logz-ratio=112375.99+/-0.27 dlogz:0.493>0.01] 23938it [15:29:08, 12.71s/it, bound:1404 nc:3678 ncall:5.2e+07 eff:0.0% logz-ratio=112375.92+/-0.26 dlogz:0.821>0.01]23942it [15:29:08,  8.54s/it, bound:1404 nc:2956 ncall:5.2e+07 eff:0.0% logz-ratio=112375.92+/-0.26 dlogz:0.816>0.01]23946it [15:29:08,  5.82s/it, bound:1405 nc:3361 ncall:5.2e+07 eff:0.0% logz-ratio=112375.92+/-0.26 dlogz:0.811>0.01]23946it [15:29:21,  5.82s/it, bound:1405 nc:  1 ncall:5.2e+07 eff:0.0% logz-ratio=112376.14+/-0.36 dlogz:0.002>0.01] 23947it [15:33:12, 30.17s/it, bound:1405 nc:3860 ncall:5.2e+07 eff:0.0% logz-ratio=112375.92+/-0.26 dlogz:0.810>0.01]23950it [15:33:12, 20.97s/it, bound:1405 nc:  1 ncall:5.2e+07 eff:0.0% logz-ratio=112376.03+/-0.27 dlogz:0.313>0.01] 23953it [15:33:12, 14.61s/it, bound:1405 nc:3228 ncall:5.2e+07 eff:0.0% logz-ratio=112375.92+/-0.26 dlogz:0.802>0.01]23956it [15:33:12, 10.20s/it, bound:1405 nc:  1 ncall:5.2e+07 eff:0.0% logz-ratio=112376.04+/-0.27 dlogz:0.287>0.01] 23959it [15:33:12,  7.13s/it, bound:1405 nc:3764 ncall:5.2e+07 eff:0.0% logz-ratio=112375.93+/-0.26 dlogz:0.795>0.01]23962it [15:33:12,  4.99s/it, bound:1406 nc:  1 ncall:5.2e+07 eff:0.0% logz-ratio=112376.04+/-0.27 dlogz:0.291>0.01] 23962it [15:33:31,  4.99s/it, bound:1406 nc:  1 ncall:5.2e+07 eff:0.0% logz-ratio=112376.14+/-0.35 dlogz:0.002>0.01]23963it [15:37:17, 35.15s/it, bound:1406 nc:3176 ncall:5.2e+07 eff:0.0% logz-ratio=112375.93+/-0.26 dlogz:0.790>0.01]23965it [15:37:38, 28.53s/it, bound:1406 nc:3220 ncall:5.2e+07 eff:0.0% logz-ratio=112375.93+/-0.26 dlogz:0.788>0.01]23970it [15:37:38, 14.70s/it, bound:1406 nc:  1 ncall:5.2e+07 eff:0.0% logz-ratio=112375.96+/-0.27 dlogz:0.615>0.01] 23974it [15:37:38,  9.47s/it, bound:1406 nc:  1 ncall:5.2e+07 eff:0.0% logz-ratio=112376.01+/-0.27 dlogz:0.408>0.01]23977it [15:37:51,  9.47s/it, bound:1407 nc:4094 ncall:5.2e+07 eff:0.0% logz-ratio=112375.93+/-0.26 dlogz:0.773>0.01]23978it [15:41:34, 26.16s/it, bound:1407 nc:3321 ncall:5.2e+07 eff:0.0% logz-ratio=112375.93+/-0.26 dlogz:0.772>0.01]23980it [15:41:34, 21.09s/it, bound:1407 nc:  1 ncall:5.2e+07 eff:0.0% logz-ratio=112376.02+/-0.27 dlogz:0.351>0.01] 23984it [15:41:34, 13.57s/it, bound:1407 nc:3041 ncall:5.2e+07 eff:0.0% logz-ratio=112375.93+/-0.26 dlogz:0.765>0.01]23988it [15:41:34,  9.00s/it, bound:1407 nc:3646 ncall:5.2e+07 eff:0.0% logz-ratio=112375.93+/-0.26 dlogz:0.760>0.01]23992it [15:41:34,  6.08s/it, bound:1407 nc:2317 ncall:5.2e+07 eff:0.0% logz-ratio=112375.93+/-0.27 dlogz:0.755>0.01]23993it [15:41:51,  6.08s/it, bound:1408 nc:2983 ncall:5.2e+07 eff:0.0% logz-ratio=112375.93+/-0.27 dlogz:0.754>0.01]23994it [15:45:42, 28.35s/it, bound:1408 nc:2855 ncall:5.2e+07 eff:0.0% logz-ratio=112375.93+/-0.27 dlogz:0.753>0.01]23996it [15:45:42, 22.34s/it, bound:1408 nc:  1 ncall:5.2e+07 eff:0.0% logz-ratio=112376.02+/-0.27 dlogz:0.345>0.01] 23999it [15:45:42, 15.37s/it, bound:1408 nc:3658 ncall:5.2e+07 eff:0.0% logz-ratio=112375.94+/-0.27 dlogz:0.747>0.01]24002it [15:45:43, 10.63s/it, bound:1408 nc:  1 ncall:5.2e+07 eff:0.0% logz-ratio=112376.03+/-0.27 dlogz:0.324>0.01] 24005it [15:45:43,  7.39s/it, bound:1408 nc:3139 ncall:5.2e+07 eff:0.0% logz-ratio=112375.94+/-0.27 dlogz:0.740>0.01]24008it [15:45:43,  5.15s/it, bound:1408 nc:  1 ncall:5.2e+07 eff:0.0% logz-ratio=112376.03+/-0.27 dlogz:0.308>0.01] 24008it [15:46:01,  5.15s/it, bound:1408 nc:  1 ncall:5.2e+07 eff:0.0% logz-ratio=112376.14+/-0.35 dlogz:0.002>0.01]24009it [15:49:55, 36.44s/it, bound:1409 nc:5662 ncall:5.2e+07 eff:0.0% logz-ratio=112375.94+/-0.27 dlogz:0.735>0.01]24010it [15:50:15, 33.90s/it, bound:1409 nc:3567 ncall:5.2e+07 eff:0.0% logz-ratio=112375.94+/-0.27 dlogz:0.734>0.01]24013it [15:50:15, 20.48s/it, bound:1409 nc:  1 ncall:5.2e+07 eff:0.0% logz-ratio=112375.99+/-0.27 dlogz:0.510>0.01] 24016it [15:50:15, 13.09s/it, bound:1409 nc:3710 ncall:5.2e+07 eff:0.0% logz-ratio=112375.94+/-0.27 dlogz:0.727>0.01]24021it [15:50:15,  7.05s/it, bound:1409 nc:  1 ncall:5.2e+07 eff:0.0% logz-ratio=112375.97+/-0.27 dlogz:0.602>0.01] 24023it [15:50:31,  7.05s/it, bound:1410 nc:2918 ncall:5.2e+07 eff:0.0% logz-ratio=112375.94+/-0.27 dlogz:0.719>0.01]24024it [15:55:07, 32.62s/it, bound:1410 nc:3725 ncall:5.2e+07 eff:0.0% logz-ratio=112375.94+/-0.27 dlogz:0.718>0.01]24026it [15:55:07, 25.69s/it, bound:1410 nc:  1 ncall:5.2e+07 eff:0.0% logz-ratio=112375.99+/-0.27 dlogz:0.482>0.01] 24029it [15:55:07, 17.65s/it, bound:1410 nc:3436 ncall:5.2e+07 eff:0.0% logz-ratio=112375.94+/-0.27 dlogz:0.712>0.01]24032it [15:55:07, 12.21s/it, bound:1410 nc:  1 ncall:5.2e+07 eff:0.0% logz-ratio=112376.02+/-0.27 dlogz:0.357>0.01] 24035it [15:55:07,  8.48s/it, bound:1410 nc:3352 ncall:5.2e+07 eff:0.0% logz-ratio=112375.94+/-0.27 dlogz:0.705>0.01]24038it [15:55:07,  5.91s/it, bound:1411 nc:  1 ncall:5.2e+07 eff:0.0% logz-ratio=112376.02+/-0.27 dlogz:0.368>0.01] 24038it [15:55:21,  5.91s/it, bound:1411 nc:  1 ncall:5.2e+07 eff:0.0% logz-ratio=112376.14+/-0.34 dlogz:0.002>0.01]24039it [15:59:51, 41.14s/it, bound:1411 nc:3719 ncall:5.2e+07 eff:0.0% logz-ratio=112375.95+/-0.27 dlogz:0.701>0.01]24043it [15:59:52, 23.88s/it, bound:1411 nc:3146 ncall:5.2e+07 eff:0.0% logz-ratio=112375.95+/-0.27 dlogz:0.696>0.01]24047it [15:59:52, 14.94s/it, bound:1411 nc:3161 ncall:5.2e+07 eff:0.0% logz-ratio=112375.95+/-0.27 dlogz:0.692>0.01]24052it [15:59:52,  8.96s/it, bound:1411 nc:  1 ncall:5.2e+07 eff:0.0% logz-ratio=112375.98+/-0.27 dlogz:0.544>0.01] 24053it [16:00:11,  8.96s/it, bound:1412 nc:3234 ncall:5.2e+07 eff:0.0% logz-ratio=112375.95+/-0.27 dlogz:0.685>0.01]24054it [16:04:09, 31.27s/it, bound:1412 nc:2474 ncall:5.2e+07 eff:0.0% logz-ratio=112375.95+/-0.27 dlogz:0.684>0.01]24055it [16:04:33, 30.45s/it, bound:1412 nc:2761 ncall:5.2e+07 eff:0.0% logz-ratio=112375.95+/-0.27 dlogz:0.683>0.01]24058it [16:04:33, 20.27s/it, bound:1412 nc:  1 ncall:5.2e+07 eff:0.0% logz-ratio=112376.04+/-0.27 dlogz:0.278>0.01] 24062it [16:04:34, 12.38s/it, bound:1412 nc:3755 ncall:5.2e+07 eff:0.0% logz-ratio=112375.95+/-0.27 dlogz:0.675>0.01]24066it [16:04:34,  7.97s/it, bound:1412 nc:3469 ncall:5.2e+07 eff:0.0% logz-ratio=112375.95+/-0.27 dlogz:0.671>0.01]24068it [16:04:52,  7.97s/it, bound:1413 nc:  1 ncall:5.2e+07 eff:0.0% logz-ratio=112376.14+/-0.34 dlogz:0.002>0.01] 24069it [16:09:09, 31.14s/it, bound:1413 nc:3717 ncall:5.2e+07 eff:0.0% logz-ratio=112375.95+/-0.27 dlogz:0.668>0.01]24072it [16:09:09, 22.32s/it, bound:1413 nc:  1 ncall:5.2e+07 eff:0.0% logz-ratio=112376.02+/-0.27 dlogz:0.379>0.01] 24076it [16:09:09, 14.51s/it, bound:1413 nc:3075 ncall:5.2e+07 eff:0.0% logz-ratio=112375.95+/-0.27 dlogz:0.660>0.01]24080it [16:09:09,  9.68s/it, bound:1413 nc:3367 ncall:5.2e+07 eff:0.0% logz-ratio=112375.95+/-0.27 dlogz:0.656>0.01]24084it [16:09:09,  6.57s/it, bound:1414 nc:3427 ncall:5.2e+07 eff:0.0% logz-ratio=112375.96+/-0.27 dlogz:0.651>0.01]24084it [16:09:22,  6.57s/it, bound:1414 nc:  1 ncall:5.2e+07 eff:0.0% logz-ratio=112376.14+/-0.34 dlogz:0.002>0.01] 24085it [16:14:16, 37.61s/it, bound:1414 nc:3382 ncall:5.2e+07 eff:0.0% logz-ratio=112375.96+/-0.27 dlogz:0.650>0.01]24088it [16:14:16, 26.07s/it, bound:1414 nc:  1 ncall:5.2e+07 eff:0.0% logz-ratio=112376.01+/-0.27 dlogz:0.413>0.01] 24091it [16:14:16, 18.13s/it, bound:1414 nc:3750 ncall:5.2e+07 eff:0.0% logz-ratio=112375.96+/-0.27 dlogz:0.644>0.01]24094it [16:14:16, 12.64s/it, bound:1414 nc:  1 ncall:5.2e+07 eff:0.0% logz-ratio=112376.02+/-0.27 dlogz:0.365>0.01] 24097it [16:14:16,  8.83s/it, bound:1414 nc:3723 ncall:5.2e+07 eff:0.0% logz-ratio=112375.96+/-0.27 dlogz:0.638>0.01]24100it [16:14:17,  6.18s/it, bound:1415 nc:  1 ncall:5.2e+07 eff:0.0% logz-ratio=112376.02+/-0.27 dlogz:0.349>0.01] 24100it [16:14:32,  6.18s/it, bound:1415 nc:  1 ncall:5.2e+07 eff:0.0% logz-ratio=112376.13+/-0.34 dlogz:0.001>0.01]24101it [16:18:56, 40.49s/it, bound:1415 nc:3667 ncall:5.2e+07 eff:0.0% logz-ratio=112375.96+/-0.27 dlogz:0.634>0.01]24103it [16:19:22, 33.22s/it, bound:1415 nc:3401 ncall:5.2e+07 eff:0.0% logz-ratio=112375.96+/-0.27 dlogz:0.631>0.01]24106it [16:19:22, 21.23s/it, bound:1415 nc:  1 ncall:5.2e+07 eff:0.0% logz-ratio=112376.03+/-0.27 dlogz:0.306>0.01] 24109it [16:19:22, 14.01s/it, bound:1415 nc:3633 ncall:5.2e+07 eff:0.0% logz-ratio=112375.96+/-0.27 dlogz:0.625>0.01]24112it [16:19:22,  9.44s/it, bound:1415 nc:  1 ncall:5.2e+07 eff:0.0% logz-ratio=112376.05+/-0.27 dlogz:0.254>0.01] 24115it [16:19:22,  6.44s/it, bound:1416 nc:3446 ncall:5.2e+07 eff:0.0% logz-ratio=112375.96+/-0.27 dlogz:0.619>0.01]24115it [16:19:42,  6.44s/it, bound:1416 nc:3446 ncall:5.2e+07 eff:0.0% logz-ratio=112375.96+/-0.27 dlogz:0.619>0.01]24116it [16:24:17, 44.41s/it, bound:1416 nc:3249 ncall:5.2e+07 eff:0.0% logz-ratio=112375.96+/-0.27 dlogz:0.618>0.01]24118it [16:24:17, 32.28s/it, bound:1416 nc:  1 ncall:5.2e+07 eff:0.0% logz-ratio=112375.96+/-0.27 dlogz:0.612>0.01] 24121it [16:24:17, 20.38s/it, bound:1416 nc:3116 ncall:5.2e+07 eff:0.0% logz-ratio=112375.96+/-0.27 dlogz:0.613>0.01]24124it [16:24:17, 13.35s/it, bound:1416 nc:  1 ncall:5.2e+07 eff:0.0% logz-ratio=112375.97+/-0.27 dlogz:0.583>0.01] 24127it [16:24:18,  8.96s/it, bound:1416 nc:3195 ncall:5.2e+07 eff:0.0% logz-ratio=112375.96+/-0.27 dlogz:0.607>0.01]24130it [16:24:18,  6.10s/it, bound:1416 nc:  1 ncall:5.2e+07 eff:0.0% logz-ratio=112375.97+/-0.27 dlogz:0.599>0.01] 24131it [16:24:32,  6.10s/it, bound:1417 nc:4152 ncall:5.2e+07 eff:0.0% logz-ratio=112375.97+/-0.27 dlogz:0.603>0.01]24132it [16:28:59, 37.55s/it, bound:1417 nc:2774 ncall:5.2e+07 eff:0.0% logz-ratio=112375.97+/-0.27 dlogz:0.602>0.01]24134it [16:28:59, 28.15s/it, bound:1417 nc:  1 ncall:5.2e+07 eff:0.0% logz-ratio=112376.06+/-0.27 dlogz:0.215>0.01] 24137it [16:28:59, 18.33s/it, bound:1417 nc:3978 ncall:5.2e+07 eff:0.0% logz-ratio=112375.97+/-0.27 dlogz:0.597>0.01]24140it [16:28:59, 12.24s/it, bound:1417 nc:  1 ncall:5.2e+07 eff:0.0% logz-ratio=112376.06+/-0.28 dlogz:0.196>0.01] 24143it [16:28:59,  8.31s/it, bound:1417 nc:3689 ncall:5.2e+07 eff:0.0% logz-ratio=112375.97+/-0.27 dlogz:0.591>0.01]24146it [16:28:59,  5.70s/it, bound:1417 nc:  1 ncall:5.2e+07 eff:0.0% logz-ratio=112376.06+/-0.28 dlogz:0.211>0.01] 24147it [16:29:12,  5.70s/it, bound:1418 nc:3673 ncall:5.2e+07 eff:0.0% logz-ratio=112375.97+/-0.27 dlogz:0.587>0.01]24148it [16:33:38, 36.61s/it, bound:1418 nc:3127 ncall:5.2e+07 eff:0.0% logz-ratio=112375.97+/-0.27 dlogz:0.586>0.01]24149it [16:34:02, 34.76s/it, bound:1418 nc:3436 ncall:5.2e+07 eff:0.0% logz-ratio=112375.97+/-0.27 dlogz:0.585>0.01]24152it [16:34:02, 21.65s/it, bound:1418 nc:  1 ncall:5.2e+07 eff:0.0% logz-ratio=112376.04+/-0.27 dlogz:0.265>0.01] 24155it [16:34:02, 14.08s/it, bound:1418 nc:3579 ncall:5.2e+07 eff:0.0% logz-ratio=112375.97+/-0.27 dlogz:0.579>0.01]24158it [16:34:02,  9.39s/it, bound:1418 nc:  1 ncall:5.2e+07 eff:0.0% logz-ratio=112376.03+/-0.27 dlogz:0.313>0.01] 24161it [16:34:02,  6.37s/it, bound:1418 nc:3383 ncall:5.2e+07 eff:0.0% logz-ratio=112375.97+/-0.27 dlogz:0.574>0.01]24163it [16:34:22,  6.37s/it, bound:1419 nc:2831 ncall:5.2e+07 eff:0.0% logz-ratio=112375.97+/-0.27 dlogz:0.572>0.01]24164it [16:38:44, 33.95s/it, bound:1419 nc:3465 ncall:5.2e+07 eff:0.0% logz-ratio=112375.97+/-0.27 dlogz:0.571>0.01]24166it [16:38:44, 26.11s/it, bound:1419 nc:  1 ncall:5.2e+07 eff:0.0% logz-ratio=112376.04+/-0.27 dlogz:0.273>0.01] 24169it [16:38:44, 17.48s/it, bound:1419 nc:3100 ncall:5.2e+07 eff:0.0% logz-ratio=112375.97+/-0.27 dlogz:0.566>0.01]24172it [16:38:44, 11.87s/it, bound:1419 nc:  1 ncall:5.2e+07 eff:0.0% logz-ratio=112376.06+/-0.28 dlogz:0.212>0.01] 24175it [16:38:44,  8.15s/it, bound:1419 nc:3177 ncall:5.2e+07 eff:0.0% logz-ratio=112375.97+/-0.27 dlogz:0.560>0.01]24178it [16:38:44,  5.63s/it, bound:1419 nc:  1 ncall:5.2e+07 eff:0.0% logz-ratio=112376.05+/-0.28 dlogz:0.220>0.01] 24179it [16:39:02,  5.63s/it, bound:1420 nc:3692 ncall:5.3e+07 eff:0.0% logz-ratio=112375.98+/-0.27 dlogz:0.556>0.01]24180it [16:43:48, 38.99s/it, bound:1420 nc:3266 ncall:5.3e+07 eff:0.0% logz-ratio=112375.98+/-0.27 dlogz:0.555>0.01]24182it [16:43:48, 29.42s/it, bound:1420 nc:  1 ncall:5.3e+07 eff:0.0% logz-ratio=112376.04+/-0.27 dlogz:0.273>0.01] 24185it [16:43:48, 19.29s/it, bound:1420 nc:3470 ncall:5.3e+07 eff:0.0% logz-ratio=112375.98+/-0.27 dlogz:0.551>0.01]24188it [16:43:48, 12.93s/it, bound:1420 nc:  1 ncall:5.3e+07 eff:0.0% logz-ratio=112376.05+/-0.27 dlogz:0.254>0.01] 24191it [16:43:48,  8.80s/it, bound:1420 nc:3895 ncall:5.3e+07 eff:0.0% logz-ratio=112375.98+/-0.27 dlogz:0.545>0.01]24194it [16:43:49,  6.05s/it, bound:1420 nc:  1 ncall:5.3e+07 eff:0.0% logz-ratio=112376.04+/-0.27 dlogz:0.255>0.01] 24195it [16:44:02,  6.05s/it, bound:1421 nc:2416 ncall:5.3e+07 eff:0.0% logz-ratio=112375.98+/-0.27 dlogz:0.542>0.01]24196it [16:48:31, 37.21s/it, bound:1421 nc:3443 ncall:5.3e+07 eff:0.0% logz-ratio=112375.98+/-0.27 dlogz:0.541>0.01]24197it [16:48:58, 35.69s/it, bound:1421 nc:3252 ncall:5.3e+07 eff:0.0% logz-ratio=112375.98+/-0.27 dlogz:0.540>0.01]24200it [16:48:58, 22.24s/it, bound:1421 nc:  1 ncall:5.3e+07 eff:0.0% logz-ratio=112376.02+/-0.27 dlogz:0.357>0.01] 24203it [16:48:58, 14.47s/it, bound:1421 nc:3649 ncall:5.3e+07 eff:0.0% logz-ratio=112375.98+/-0.27 dlogz:0.534>0.01]24206it [16:48:58,  9.66s/it, bound:1421 nc:  1 ncall:5.3e+07 eff:0.0% logz-ratio=112376.02+/-0.27 dlogz:0.348>0.01] 24209it [16:48:58,  6.56s/it, bound:1421 nc:3426 ncall:5.3e+07 eff:0.0% logz-ratio=112375.98+/-0.27 dlogz:0.529>0.01]24211it [16:49:12,  6.56s/it, bound:1422 nc:3161 ncall:5.3e+07 eff:0.0% logz-ratio=112375.98+/-0.27 dlogz:0.527>0.01]24212it [16:53:24, 32.44s/it, bound:1422 nc:3290 ncall:5.3e+07 eff:0.0% logz-ratio=112375.98+/-0.27 dlogz:0.526>0.01]24214it [16:53:24, 24.96s/it, bound:1422 nc:  1 ncall:5.3e+07 eff:0.0% logz-ratio=112376.03+/-0.27 dlogz:0.313>0.01] 24217it [16:53:24, 16.71s/it, bound:1422 nc:3427 ncall:5.3e+07 eff:0.0% logz-ratio=112375.98+/-0.27 dlogz:0.522>0.01]24220it [16:53:24, 11.35s/it, bound:1422 nc:  1 ncall:5.3e+07 eff:0.0% logz-ratio=112376.06+/-0.28 dlogz:0.205>0.01] 24223it [16:53:25,  7.79s/it, bound:1422 nc:2831 ncall:5.3e+07 eff:0.0% logz-ratio=112375.98+/-0.27 dlogz:0.516>0.01]24226it [16:53:25,  5.39s/it, bound:1422 nc:  1 ncall:5.3e+07 eff:0.0% logz-ratio=112376.06+/-0.28 dlogz:0.184>0.01] 24227it [16:53:42,  5.39s/it, bound:1423 nc:3562 ncall:5.3e+07 eff:0.0% logz-ratio=112375.98+/-0.27 dlogz:0.513>0.01]24228it [16:58:20, 37.85s/it, bound:1423 nc:3375 ncall:5.3e+07 eff:0.0% logz-ratio=112375.98+/-0.27 dlogz:0.512>0.01]24230it [16:58:20, 28.57s/it, bound:1423 nc:  1 ncall:5.3e+07 eff:0.0% logz-ratio=112376.04+/-0.28 dlogz:0.272>0.01] 24233it [16:58:20, 18.73s/it, bound:1423 nc:3845 ncall:5.3e+07 eff:0.0% logz-ratio=112375.99+/-0.27 dlogz:0.508>0.01]24236it [16:58:21, 12.56s/it, bound:1423 nc:  1 ncall:5.3e+07 eff:0.0% logz-ratio=112376.05+/-0.28 dlogz:0.236>0.01] 24239it [16:58:21,  8.55s/it, bound:1423 nc:3215 ncall:5.3e+07 eff:0.0% logz-ratio=112375.99+/-0.27 dlogz:0.502>0.01]24242it [16:58:21,  5.87s/it, bound:1423 nc:  1 ncall:5.3e+07 eff:0.0% logz-ratio=112376.06+/-0.28 dlogz:0.203>0.01] 24243it [16:58:32,  5.87s/it, bound:1424 nc:3361 ncall:5.3e+07 eff:0.0% logz-ratio=112375.99+/-0.27 dlogz:0.499>0.01]24244it [17:02:36, 33.84s/it, bound:1424 nc:3117 ncall:5.3e+07 eff:0.0% logz-ratio=112375.99+/-0.27 dlogz:0.498>0.01]24245it [17:03:00, 32.52s/it, bound:1424 nc:3178 ncall:5.3e+07 eff:0.0% logz-ratio=112375.99+/-0.27 dlogz:0.497>0.01]24248it [17:03:00, 20.27s/it, bound:1424 nc:  1 ncall:5.3e+07 eff:0.0% logz-ratio=112376.06+/-0.28 dlogz:0.210>0.01] 24251it [17:03:00, 13.19s/it, bound:1424 nc:3195 ncall:5.3e+07 eff:0.0% logz-ratio=112375.99+/-0.27 dlogz:0.492>0.01]24254it [17:03:00,  8.80s/it, bound:1424 nc:  1 ncall:5.3e+07 eff:0.0% logz-ratio=112376.05+/-0.28 dlogz:0.244>0.01] 24257it [17:03:00,  5.98s/it, bound:1424 nc:2702 ncall:5.3e+07 eff:0.0% logz-ratio=112375.99+/-0.27 dlogz:0.487>0.01]24259it [17:03:12,  5.98s/it, bound:1425 nc:3112 ncall:5.3e+07 eff:0.0% logz-ratio=112375.99+/-0.27 dlogz:0.485>0.01]24260it [17:07:53, 34.84s/it, bound:1425 nc:3775 ncall:5.3e+07 eff:0.0% logz-ratio=112375.99+/-0.27 dlogz:0.485>0.01]24262it [17:07:53, 26.80s/it, bound:1425 nc:  1 ncall:5.3e+07 eff:0.0% logz-ratio=112376.04+/-0.28 dlogz:0.290>0.01] 24265it [17:07:53, 17.94s/it, bound:1425 nc:3632 ncall:5.3e+07 eff:0.0% logz-ratio=112375.99+/-0.27 dlogz:0.480>0.01]24268it [17:07:53, 12.19s/it, bound:1425 nc:  1 ncall:5.3e+07 eff:0.0% logz-ratio=112376.02+/-0.28 dlogz:0.341>0.01] 24271it [17:07:53,  8.37s/it, bound:1425 nc:2970 ncall:5.3e+07 eff:0.0% logz-ratio=112375.99+/-0.27 dlogz:0.475>0.01]24274it [17:07:53,  5.79s/it, bound:1425 nc:  1 ncall:5.3e+07 eff:0.0% logz-ratio=112376.03+/-0.28 dlogz:0.298>0.01] 24275it [17:08:12,  5.79s/it, bound:1426 nc:3210 ncall:5.3e+07 eff:0.0% logz-ratio=112375.99+/-0.27 dlogz:0.472>0.01]24276it [17:12:52, 38.45s/it, bound:1426 nc:3680 ncall:5.3e+07 eff:0.0% logz-ratio=112375.99+/-0.27 dlogz:0.471>0.01]24277it [17:13:12, 35.94s/it, bound:1426 nc:3314 ncall:5.3e+07 eff:0.0% logz-ratio=112375.99+/-0.27 dlogz:0.470>0.01]24280it [17:13:12, 22.47s/it, bound:1426 nc:  1 ncall:5.3e+07 eff:0.0% logz-ratio=112376.06+/-0.28 dlogz:0.207>0.01] 24283it [17:13:12, 14.65s/it, bound:1426 nc:3270 ncall:5.3e+07 eff:0.0% logz-ratio=112376.00+/-0.27 dlogz:0.466>0.01]24286it [17:13:12,  9.79s/it, bound:1426 nc:  1 ncall:5.3e+07 eff:0.0% logz-ratio=112376.06+/-0.28 dlogz:0.209>0.01] 24289it [17:13:13,  6.65s/it, bound:1426 nc:3369 ncall:5.3e+07 eff:0.0% logz-ratio=112376.00+/-0.27 dlogz:0.461>0.01]24291it [17:13:32,  6.65s/it, bound:1427 nc:2521 ncall:5.3e+07 eff:0.0% logz-ratio=112376.00+/-0.27 dlogz:0.459>0.01]24292it [17:17:52, 33.93s/it, bound:1427 nc:3751 ncall:5.3e+07 eff:0.0% logz-ratio=112376.00+/-0.27 dlogz:0.458>0.01]24294it [17:17:52, 26.11s/it, bound:1427 nc:  1 ncall:5.3e+07 eff:0.0% logz-ratio=112376.05+/-0.28 dlogz:0.234>0.01] 24298it [17:17:52, 15.74s/it, bound:1427 nc:  1 ncall:5.3e+07 eff:0.0% logz-ratio=112376.01+/-0.28 dlogz:0.383>0.01]24301it [17:17:52, 11.05s/it, bound:1427 nc:2965 ncall:5.3e+07 eff:0.0% logz-ratio=112376.00+/-0.27 dlogz:0.451>0.01]24306it [17:17:53,  6.47s/it, bound:1427 nc:  1 ncall:5.3e+07 eff:0.0% logz-ratio=112376.01+/-0.28 dlogz:0.416>0.01] 24307it [17:18:12,  6.47s/it, bound:1428 nc:3869 ncall:5.3e+07 eff:0.0% logz-ratio=112376.00+/-0.28 dlogz:0.446>0.01]24308it [17:22:41, 32.90s/it, bound:1428 nc:2755 ncall:5.3e+07 eff:0.0% logz-ratio=112376.00+/-0.28 dlogz:0.446>0.01]24310it [17:22:41, 25.83s/it, bound:1428 nc:  1 ncall:5.3e+07 eff:0.0% logz-ratio=112376.05+/-0.28 dlogz:0.243>0.01] 24314it [17:22:41, 16.01s/it, bound:1428 nc:3600 ncall:5.3e+07 eff:0.0% logz-ratio=112376.00+/-0.28 dlogz:0.441>0.01]24318it [17:22:41, 10.38s/it, bound:1428 nc:2995 ncall:5.3e+07 eff:0.0% logz-ratio=112376.00+/-0.28 dlogz:0.438>0.01]24322it [17:22:42,  6.92s/it, bound:1428 nc:3788 ncall:5.3e+07 eff:0.0% logz-ratio=112376.00+/-0.28 dlogz:0.435>0.01]24323it [17:22:52,  6.92s/it, bound:1429 nc:2939 ncall:5.3e+07 eff:0.0% logz-ratio=112376.00+/-0.28 dlogz:0.434>0.01]24324it [17:26:39, 28.54s/it, bound:1429 nc:2571 ncall:5.3e+07 eff:0.0% logz-ratio=112376.00+/-0.28 dlogz:0.433>0.01]24325it [17:27:00, 27.56s/it, bound:1429 nc:2544 ncall:5.3e+07 eff:0.0% logz-ratio=112376.00+/-0.28 dlogz:0.433>0.01]24330it [17:27:00, 14.78s/it, bound:1429 nc:  1 ncall:5.3e+07 eff:0.0% logz-ratio=112376.01+/-0.28 dlogz:0.417>0.01] 24334it [17:27:00,  9.67s/it, bound:1429 nc:3732 ncall:5.3e+07 eff:0.0% logz-ratio=112376.00+/-0.28 dlogz:0.426>0.01]24338it [17:27:00,  6.48s/it, bound:1429 nc:3520 ncall:5.3e+07 eff:0.0% logz-ratio=112376.00+/-0.28 dlogz:0.423>0.01]24339it [17:27:13,  6.48s/it, bound:1430 nc:3527 ncall:5.3e+07 eff:0.0% logz-ratio=112376.00+/-0.28 dlogz:0.422>0.01]24340it [17:31:29, 30.93s/it, bound:1430 nc:3274 ncall:5.3e+07 eff:0.0% logz-ratio=112376.00+/-0.28 dlogz:0.421>0.01]24342it [17:31:29, 24.31s/it, bound:1430 nc:  1 ncall:5.3e+07 eff:0.0% logz-ratio=112376.04+/-0.28 dlogz:0.279>0.01] 24346it [17:31:29, 15.08s/it, bound:1430 nc:2805 ncall:5.3e+07 eff:0.0% logz-ratio=112376.01+/-0.28 dlogz:0.417>0.01]24349it [17:31:29, 10.74s/it, bound:1430 nc:3759 ncall:5.3e+07 eff:0.0% logz-ratio=112376.01+/-0.28 dlogz:0.415>0.01]24352it [17:31:29,  7.61s/it, bound:1430 nc:  1 ncall:5.3e+07 eff:0.0% logz-ratio=112376.02+/-0.28 dlogz:0.343>0.01] 24355it [17:31:30,  5.38s/it, bound:1431 nc:3100 ncall:5.3e+07 eff:0.0% logz-ratio=112376.01+/-0.28 dlogz:0.410>0.01]24355it [17:31:43,  5.38s/it, bound:1431 nc:3100 ncall:5.3e+07 eff:0.0% logz-ratio=112376.01+/-0.28 dlogz:0.410>0.01]24356it [17:36:10, 39.27s/it, bound:1431 nc:3574 ncall:5.3e+07 eff:0.0% logz-ratio=112376.01+/-0.28 dlogz:0.410>0.01]24359it [17:36:10, 25.72s/it, bound:1431 nc:  1 ncall:5.3e+07 eff:0.0% logz-ratio=112376.06+/-0.28 dlogz:0.205>0.01] 24362it [17:36:11, 17.24s/it, bound:1431 nc:3696 ncall:5.3e+07 eff:0.0% logz-ratio=112376.01+/-0.28 dlogz:0.405>0.01]24365it [17:36:11, 11.72s/it, bound:1431 nc:  1 ncall:5.3e+07 eff:0.0% logz-ratio=112376.07+/-0.28 dlogz:0.155>0.01] 24368it [17:36:11,  8.05s/it, bound:1431 nc:2930 ncall:5.3e+07 eff:0.0% logz-ratio=112376.01+/-0.28 dlogz:0.401>0.01]24371it [17:36:11,  5.57s/it, bound:1432 nc:  1 ncall:5.3e+07 eff:0.0% logz-ratio=112376.07+/-0.28 dlogz:0.164>0.01] 24371it [17:36:23,  5.57s/it, bound:1432 nc:  1 ncall:5.3e+07 eff:0.0% logz-ratio=112376.13+/-0.31 dlogz:0.001>0.01]24372it [17:40:53, 41.15s/it, bound:1432 nc:3722 ncall:5.3e+07 eff:0.0% logz-ratio=112376.01+/-0.28 dlogz:0.398>0.01]24374it [17:41:17, 33.33s/it, bound:1432 nc:3575 ncall:5.3e+07 eff:0.0% logz-ratio=112376.01+/-0.28 dlogz:0.397>0.01]24377it [17:41:17, 21.16s/it, bound:1432 nc:  1 ncall:5.3e+07 eff:0.0% logz-ratio=112376.05+/-0.28 dlogz:0.230>0.01] 24380it [17:41:18, 13.92s/it, bound:1432 nc:3886 ncall:5.3e+07 eff:0.0% logz-ratio=112376.01+/-0.28 dlogz:0.392>0.01]24383it [17:41:18,  9.36s/it, bound:1432 nc:  1 ncall:5.3e+07 eff:0.0% logz-ratio=112376.05+/-0.28 dlogz:0.218>0.01] 24386it [17:41:18,  6.38s/it, bound:1432 nc:3465 ncall:5.3e+07 eff:0.0% logz-ratio=112376.01+/-0.28 dlogz:0.388>0.01]24387it [17:41:33,  6.38s/it, bound:1433 nc:  1 ncall:5.3e+07 eff:0.0% logz-ratio=112376.13+/-0.31 dlogz:0.001>0.01] 24388it [17:45:52, 36.85s/it, bound:1433 nc:4190 ncall:5.3e+07 eff:0.0% logz-ratio=112376.01+/-0.28 dlogz:0.387>0.01]24390it [17:45:52, 27.65s/it, bound:1433 nc:3256 ncall:5.3e+07 eff:0.0% logz-ratio=112376.01+/-0.28 dlogz:0.385>0.01]24393it [17:45:52, 18.02s/it, bound:1433 nc:  1 ncall:5.3e+07 eff:0.0% logz-ratio=112376.05+/-0.28 dlogz:0.223>0.01] 24396it [17:45:52, 12.04s/it, bound:1433 nc:3154 ncall:5.3e+07 eff:0.0% logz-ratio=112376.01+/-0.28 dlogz:0.381>0.01]24399it [17:45:52,  8.17s/it, bound:1433 nc:  1 ncall:5.3e+07 eff:0.0% logz-ratio=112376.07+/-0.28 dlogz:0.159>0.01] 24402it [17:45:52,  5.61s/it, bound:1434 nc:2838 ncall:5.3e+07 eff:0.0% logz-ratio=112376.02+/-0.28 dlogz:0.377>0.01]24402it [17:46:03,  5.61s/it, bound:1434 nc:  1 ncall:5.3e+07 eff:0.0% logz-ratio=112376.13+/-0.31 dlogz:0.001>0.01] 24403it [17:50:45, 43.04s/it, bound:1434 nc:3336 ncall:5.3e+07 eff:0.0% logz-ratio=112376.02+/-0.28 dlogz:0.377>0.01]24406it [17:50:45, 27.62s/it, bound:1434 nc:  1 ncall:5.3e+07 eff:0.0% logz-ratio=112376.06+/-0.28 dlogz:0.201>0.01] 24409it [17:50:45, 18.28s/it, bound:1434 nc:3231 ncall:5.3e+07 eff:0.0% logz-ratio=112376.02+/-0.28 dlogz:0.373>0.01]24412it [17:50:45, 12.33s/it, bound:1434 nc:  1 ncall:5.3e+07 eff:0.0% logz-ratio=112376.06+/-0.28 dlogz:0.182>0.01] 24415it [17:50:45,  8.42s/it, bound:1434 nc:3052 ncall:5.3e+07 eff:0.0% logz-ratio=112376.02+/-0.28 dlogz:0.368>0.01]24418it [17:50:45,  5.80s/it, bound:1435 nc:  1 ncall:5.3e+07 eff:0.0% logz-ratio=112376.07+/-0.28 dlogz:0.174>0.01] 24418it [17:51:03,  5.80s/it, bound:1435 nc:  1 ncall:5.3e+07 eff:0.0% logz-ratio=112376.13+/-0.31 dlogz:0.001>0.01]24419it [17:55:11, 39.40s/it, bound:1435 nc:3721 ncall:5.3e+07 eff:0.0% logz-ratio=112376.02+/-0.28 dlogz:0.366>0.01]24421it [17:55:35, 32.02s/it, bound:1435 nc:3742 ncall:5.3e+07 eff:0.0% logz-ratio=112376.02+/-0.28 dlogz:0.365>0.01]24424it [17:55:35, 20.29s/it, bound:1435 nc:  1 ncall:5.3e+07 eff:0.0% logz-ratio=112376.08+/-0.28 dlogz:0.136>0.01] 24427it [17:55:35, 13.33s/it, bound:1435 nc:3549 ncall:5.3e+07 eff:0.0% logz-ratio=112376.02+/-0.28 dlogz:0.361>0.01]24430it [17:55:35,  8.95s/it, bound:1435 nc:  1 ncall:5.3e+07 eff:0.0% logz-ratio=112376.08+/-0.28 dlogz:0.139>0.01] 24433it [17:55:35,  6.10s/it, bound:1435 nc:2660 ncall:5.3e+07 eff:0.0% logz-ratio=112376.02+/-0.28 dlogz:0.357>0.01]24434it [17:55:53,  6.10s/it, bound:1436 nc:  1 ncall:5.3e+07 eff:0.0% logz-ratio=112376.13+/-0.31 dlogz:0.001>0.01] 24435it [17:59:25, 31.56s/it, bound:1436 nc:3051 ncall:5.3e+07 eff:0.0% logz-ratio=112376.02+/-0.28 dlogz:0.355>0.01]24438it [17:59:25, 21.05s/it, bound:1436 nc:3209 ncall:5.3e+07 eff:0.0% logz-ratio=112376.02+/-0.28 dlogz:0.354>0.01]24443it [17:59:26, 11.74s/it, bound:1436 nc:  1 ncall:5.3e+07 eff:0.0% logz-ratio=112376.04+/-0.28 dlogz:0.286>0.01] 24447it [17:59:26,  7.80s/it, bound:1436 nc:  1 ncall:5.3e+07 eff:0.0% logz-ratio=112376.05+/-0.28 dlogz:0.242>0.01]24449it [17:59:43,  7.80s/it, bound:1437 nc:  1 ncall:5.3e+07 eff:0.0% logz-ratio=112376.13+/-0.31 dlogz:0.001>0.01]24450it [18:04:06, 30.48s/it, bound:1437 nc:3881 ncall:5.3e+07 eff:0.0% logz-ratio=112376.02+/-0.28 dlogz:0.346>0.01]24454it [18:04:06, 20.28s/it, bound:1437 nc:3460 ncall:5.3e+07 eff:0.0% logz-ratio=112376.02+/-0.28 dlogz:0.343>0.01]24458it [18:04:06, 13.72s/it, bound:1437 nc:3581 ncall:5.3e+07 eff:0.0% logz-ratio=112376.02+/-0.28 dlogz:0.341>0.01]24462it [18:04:07,  9.39s/it, bound:1437 nc:7149 ncall:5.3e+07 eff:0.0% logz-ratio=112376.02+/-0.28 dlogz:0.338>0.01]24464it [18:04:23,  9.39s/it, bound:1438 nc:  1 ncall:5.3e+07 eff:0.0% logz-ratio=112376.13+/-0.31 dlogz:0.001>0.01] 24465it [18:09:40, 35.12s/it, bound:1438 nc:2983 ncall:5.3e+07 eff:0.0% logz-ratio=112376.02+/-0.28 dlogz:0.337>0.01]24467it [18:10:02, 30.51s/it, bound:1438 nc:3197 ncall:5.3e+07 eff:0.0% logz-ratio=112376.02+/-0.28 dlogz:0.335>0.01]24471it [18:10:03, 19.63s/it, bound:1438 nc:3666 ncall:5.3e+07 eff:0.0% logz-ratio=112376.03+/-0.28 dlogz:0.333>0.01]24475it [18:10:03, 13.01s/it, bound:1438 nc:3335 ncall:5.4e+07 eff:0.0% logz-ratio=112376.03+/-0.28 dlogz:0.331>0.01]24479it [18:10:03,  8.79s/it, bound:1438 nc:3948 ncall:5.4e+07 eff:0.0% logz-ratio=112376.03+/-0.28 dlogz:0.328>0.01]24480it [18:10:13,  8.79s/it, bound:1439 nc:  1 ncall:5.4e+07 eff:0.0% logz-ratio=112376.13+/-0.31 dlogz:0.001>0.01] 24481it [18:15:28, 37.79s/it, bound:1439 nc:3733 ncall:5.4e+07 eff:0.0% logz-ratio=112376.03+/-0.28 dlogz:0.327>0.01]24484it [18:15:28, 26.92s/it, bound:1439 nc:  1 ncall:5.4e+07 eff:0.0% logz-ratio=112376.04+/-0.28 dlogz:0.259>0.01] 24488it [18:15:28, 17.40s/it, bound:1439 nc:3821 ncall:5.4e+07 eff:0.0% logz-ratio=112376.03+/-0.28 dlogz:0.323>0.01]24492it [18:15:28, 11.57s/it, bound:1439 nc:3751 ncall:5.4e+07 eff:0.0% logz-ratio=112376.03+/-0.28 dlogz:0.320>0.01]24495it [18:15:28,  8.52s/it, bound:1439 nc:2963 ncall:5.4e+07 eff:0.0% logz-ratio=112376.03+/-0.28 dlogz:0.319>0.01]24496it [18:15:43,  8.52s/it, bound:1440 nc:  1 ncall:5.4e+07 eff:0.0% logz-ratio=112376.13+/-0.31 dlogz:0.001>0.01] 24497it [18:20:56, 39.77s/it, bound:1440 nc:3072 ncall:5.4e+07 eff:0.0% logz-ratio=112376.03+/-0.28 dlogz:0.317>0.01]24499it [18:21:23, 33.89s/it, bound:1440 nc:2630 ncall:5.4e+07 eff:0.0% logz-ratio=112376.03+/-0.28 dlogz:0.316>0.01]24502it [18:21:23, 22.93s/it, bound:1440 nc:  1 ncall:5.4e+07 eff:0.0% logz-ratio=112376.07+/-0.28 dlogz:0.147>0.01] 24505it [18:21:23, 15.69s/it, bound:1440 nc:3551 ncall:5.4e+07 eff:0.0% logz-ratio=112376.03+/-0.28 dlogz:0.313>0.01]24508it [18:21:23, 10.82s/it, bound:1440 nc:  1 ncall:5.4e+07 eff:0.0% logz-ratio=112376.08+/-0.28 dlogz:0.140>0.01] 24511it [18:21:23,  7.50s/it, bound:1440 nc:3226 ncall:5.4e+07 eff:0.0% logz-ratio=112376.03+/-0.28 dlogz:0.309>0.01]24512it [18:21:33,  7.50s/it, bound:1441 nc:  1 ncall:5.4e+07 eff:0.0% logz-ratio=112376.13+/-0.31 dlogz:0.001>0.01] 24513it [18:26:37, 41.34s/it, bound:1441 nc:3631 ncall:5.4e+07 eff:0.0% logz-ratio=112376.03+/-0.28 dlogz:0.308>0.01]24516it [18:26:37, 27.83s/it, bound:1441 nc:  1 ncall:5.4e+07 eff:0.0% logz-ratio=112376.08+/-0.28 dlogz:0.143>0.01] 24519it [18:26:37, 18.99s/it, bound:1441 nc:3548 ncall:5.4e+07 eff:0.0% logz-ratio=112376.03+/-0.28 dlogz:0.305>0.01]24522it [18:26:37, 13.06s/it, bound:1441 nc:  1 ncall:5.4e+07 eff:0.0% logz-ratio=112376.08+/-0.28 dlogz:0.140>0.01] 24525it [18:26:37,  9.04s/it, bound:1441 nc:3299 ncall:5.4e+07 eff:0.0% logz-ratio=112376.03+/-0.28 dlogz:0.302>0.01]24528it [18:26:37,  6.29s/it, bound:1442 nc:  1 ncall:5.4e+07 eff:0.0% logz-ratio=112376.07+/-0.28 dlogz:0.171>0.01] 24528it [18:26:53,  6.29s/it, bound:1442 nc:  1 ncall:5.4e+07 eff:0.0% logz-ratio=112376.13+/-0.31 dlogz:0.001>0.01]24529it [18:31:25, 42.11s/it, bound:1442 nc:2659 ncall:5.4e+07 eff:0.0% logz-ratio=112376.03+/-0.28 dlogz:0.299>0.01]24531it [18:31:51, 34.26s/it, bound:1442 nc:3382 ncall:5.4e+07 eff:0.0% logz-ratio=112376.03+/-0.28 dlogz:0.298>0.01]24534it [18:31:51, 21.82s/it, bound:1442 nc:  1 ncall:5.4e+07 eff:0.0% logz-ratio=112376.07+/-0.28 dlogz:0.153>0.01] 24537it [18:31:51, 14.37s/it, bound:1442 nc:3734 ncall:5.4e+07 eff:0.0% logz-ratio=112376.03+/-0.28 dlogz:0.295>0.01]24540it [18:31:51,  9.67s/it, bound:1442 nc:  1 ncall:5.4e+07 eff:0.0% logz-ratio=112376.08+/-0.28 dlogz:0.123>0.01] 24543it [18:31:51,  6.60s/it, bound:1442 nc:2850 ncall:5.4e+07 eff:0.0% logz-ratio=112376.04+/-0.28 dlogz:0.292>0.01]24544it [18:32:04,  6.60s/it, bound:1443 nc:  1 ncall:5.4e+07 eff:0.0% logz-ratio=112376.13+/-0.31 dlogz:0.001>0.01] 24545it [18:36:27, 37.20s/it, bound:1443 nc:3359 ncall:5.4e+07 eff:0.0% logz-ratio=112376.04+/-0.28 dlogz:0.291>0.01]24547it [18:36:34, 28.80s/it, bound:1443 nc:3111 ncall:5.4e+07 eff:0.0% logz-ratio=112376.04+/-0.28 dlogz:0.290>0.01]24549it [18:36:34, 21.24s/it, bound:1443 nc:4082 ncall:5.4e+07 eff:0.0% logz-ratio=112376.04+/-0.28 dlogz:0.288>0.01]24552it [18:36:34, 13.59s/it, bound:1443 nc:  1 ncall:5.4e+07 eff:0.0% logz-ratio=112376.08+/-0.28 dlogz:0.136>0.01] 24555it [18:36:34,  8.99s/it, bound:1443 nc:3345 ncall:5.4e+07 eff:0.0% logz-ratio=112376.04+/-0.28 dlogz:0.285>0.01]24558it [18:36:34,  6.06s/it, bound:1443 nc:  1 ncall:5.4e+07 eff:0.0% logz-ratio=112376.08+/-0.28 dlogz:0.134>0.01] 24560it [18:36:54,  6.06s/it, bound:1444 nc:  1 ncall:5.4e+07 eff:0.0% logz-ratio=112376.13+/-0.31 dlogz:0.001>0.01]24561it [18:41:09, 33.28s/it, bound:1444 nc:3297 ncall:5.4e+07 eff:0.0% logz-ratio=112376.04+/-0.28 dlogz:0.282>0.01]24564it [18:41:09, 22.89s/it, bound:1444 nc:  1 ncall:5.4e+07 eff:0.0% logz-ratio=112376.10+/-0.28 dlogz:0.074>0.01] 24568it [18:41:09, 14.35s/it, bound:1444 nc:  1 ncall:5.4e+07 eff:0.0% logz-ratio=112376.04+/-0.28 dlogz:0.271>0.01]24572it [18:41:09,  9.38s/it, bound:1444 nc:3953 ncall:5.4e+07 eff:0.0% logz-ratio=112376.04+/-0.28 dlogz:0.276>0.01]24575it [18:41:10,  6.84s/it, bound:1445 nc:  1 ncall:5.4e+07 eff:0.0% logz-ratio=112376.11+/-0.28 dlogz:0.051>0.01] 24575it [18:41:24,  6.84s/it, bound:1445 nc:  1 ncall:5.4e+07 eff:0.0% logz-ratio=112376.13+/-0.30 dlogz:0.001>0.01]24576it [18:45:27, 35.48s/it, bound:1445 nc:3024 ncall:5.4e+07 eff:0.0% logz-ratio=112376.04+/-0.28 dlogz:0.274>0.01]24578it [18:45:49, 29.47s/it, bound:1445 nc:3407 ncall:5.4e+07 eff:0.0% logz-ratio=112376.04+/-0.28 dlogz:0.273>0.01]24581it [18:45:49, 19.30s/it, bound:1445 nc:  1 ncall:5.4e+07 eff:0.0% logz-ratio=112376.09+/-0.28 dlogz:0.097>0.01] 24584it [18:45:49, 12.93s/it, bound:1445 nc:2801 ncall:5.4e+07 eff:0.0% logz-ratio=112376.04+/-0.28 dlogz:0.270>0.01]24587it [18:45:49,  8.79s/it, bound:1445 nc:  1 ncall:5.4e+07 eff:0.0% logz-ratio=112376.10+/-0.28 dlogz:0.082>0.01] 24590it [18:45:49,  6.04s/it, bound:1445 nc:2966 ncall:5.4e+07 eff:0.0% logz-ratio=112376.04+/-0.28 dlogz:0.267>0.01]24591it [18:46:04,  6.04s/it, bound:1446 nc:  1 ncall:5.4e+07 eff:0.0% logz-ratio=112376.13+/-0.30 dlogz:0.001>0.01] 24592it [18:50:22, 36.08s/it, bound:1446 nc:3639 ncall:5.4e+07 eff:0.0% logz-ratio=112376.04+/-0.28 dlogz:0.266>0.01]24595it [18:50:22, 24.17s/it, bound:1446 nc:  1 ncall:5.4e+07 eff:0.0% logz-ratio=112376.10+/-0.28 dlogz:0.064>0.01] 24598it [18:50:22, 16.43s/it, bound:1446 nc:3409 ncall:5.4e+07 eff:0.0% logz-ratio=112376.04+/-0.28 dlogz:0.263>0.01]24601it [18:50:22, 11.28s/it, bound:1446 nc:  1 ncall:5.4e+07 eff:0.0% logz-ratio=112376.09+/-0.28 dlogz:0.086>0.01] 24604it [18:50:23,  7.79s/it, bound:1446 nc:3755 ncall:5.4e+07 eff:0.0% logz-ratio=112376.04+/-0.28 dlogz:0.260>0.01]24606it [18:50:34,  7.79s/it, bound:1447 nc:2744 ncall:5.4e+07 eff:0.0% logz-ratio=112376.04+/-0.28 dlogz:0.259>0.01]24607it [18:55:01, 33.91s/it, bound:1447 nc:3155 ncall:5.4e+07 eff:0.0% logz-ratio=112376.04+/-0.28 dlogz:0.259>0.01]24609it [18:55:01, 26.25s/it, bound:1447 nc:  1 ncall:5.4e+07 eff:0.0% logz-ratio=112376.07+/-0.28 dlogz:0.184>0.01] 24612it [18:55:02, 17.70s/it, bound:1447 nc:3315 ncall:5.4e+07 eff:0.0% logz-ratio=112376.04+/-0.28 dlogz:0.298>0.01]24615it [18:55:02, 12.08s/it, bound:1447 nc:  1 ncall:5.4e+07 eff:0.0% logz-ratio=112376.08+/-0.28 dlogz:0.168>0.01] 24618it [18:55:02,  8.32s/it, bound:1447 nc:3644 ncall:5.4e+07 eff:0.0% logz-ratio=112376.05+/-0.28 dlogz:0.295>0.01]24621it [18:55:02,  5.76s/it, bound:1447 nc:  1 ncall:5.4e+07 eff:0.0% logz-ratio=112376.07+/-0.28 dlogz:0.174>0.01] 24622it [18:55:14,  5.76s/it, bound:1448 nc:3694 ncall:5.4e+07 eff:0.0% logz-ratio=112376.05+/-0.28 dlogz:0.293>0.01]24623it [18:59:39, 35.94s/it, bound:1448 nc:4105 ncall:5.4e+07 eff:0.0% logz-ratio=112376.05+/-0.28 dlogz:0.292>0.01]24624it [19:00:03, 34.22s/it, bound:1448 nc:2907 ncall:5.4e+07 eff:0.0% logz-ratio=112376.05+/-0.28 dlogz:0.292>0.01]24627it [19:00:03, 21.42s/it, bound:1448 nc:  1 ncall:5.4e+07 eff:0.0% logz-ratio=112376.09+/-0.28 dlogz:0.126>0.01] 24630it [19:00:03, 13.97s/it, bound:1448 nc:3484 ncall:5.4e+07 eff:0.0% logz-ratio=112376.05+/-0.28 dlogz:0.289>0.01]24633it [19:00:03,  9.34s/it, bound:1448 nc:  1 ncall:5.4e+07 eff:0.0% logz-ratio=112376.09+/-0.28 dlogz:0.111>0.01] 24636it [19:00:03,  6.35s/it, bound:1448 nc:3999 ncall:5.4e+07 eff:0.0% logz-ratio=112376.05+/-0.28 dlogz:0.286>0.01]24638it [19:00:14,  6.35s/it, bound:1449 nc:3326 ncall:5.4e+07 eff:0.0% logz-ratio=112376.05+/-0.28 dlogz:0.285>0.01]24639it [19:04:48, 34.30s/it, bound:1449 nc:4006 ncall:5.4e+07 eff:0.0% logz-ratio=112376.05+/-0.28 dlogz:0.284>0.01]24641it [19:04:49, 26.40s/it, bound:1449 nc:  1 ncall:5.4e+07 eff:0.0% logz-ratio=112376.11+/-0.28 dlogz:0.064>0.01] 24645it [19:04:49, 15.92s/it, bound:1449 nc:  1 ncall:5.4e+07 eff:0.0% logz-ratio=112376.05+/-0.28 dlogz:0.269>0.01]24648it [19:04:49, 11.18s/it, bound:1449 nc:3285 ncall:5.4e+07 eff:0.0% logz-ratio=112376.05+/-0.28 dlogz:0.279>0.01]24651it [19:04:49,  7.85s/it, bound:1449 nc:  1 ncall:5.4e+07 eff:0.0% logz-ratio=112376.11+/-0.29 dlogz:0.054>0.01] 24654it [19:05:04,  7.85s/it, bound:1450 nc:3532 ncall:5.4e+07 eff:0.0% logz-ratio=112376.05+/-0.28 dlogz:0.276>0.01]24655it [19:09:06, 28.31s/it, bound:1450 nc:3243 ncall:5.4e+07 eff:0.0% logz-ratio=112376.05+/-0.28 dlogz:0.276>0.01]24657it [19:09:06, 22.49s/it, bound:1450 nc:  1 ncall:5.4e+07 eff:0.0% logz-ratio=112376.09+/-0.28 dlogz:0.112>0.01] 24660it [19:09:06, 15.62s/it, bound:1450 nc:3913 ncall:5.4e+07 eff:0.0% logz-ratio=112376.05+/-0.28 dlogz:0.273>0.01]24663it [19:09:06, 10.88s/it, bound:1450 nc:  1 ncall:5.4e+07 eff:0.0% logz-ratio=112376.09+/-0.28 dlogz:0.107>0.01] 24666it [19:09:06,  7.59s/it, bound:1450 nc:3144 ncall:5.4e+07 eff:0.0% logz-ratio=112376.05+/-0.28 dlogz:0.270>0.01]24669it [19:09:06,  5.31s/it, bound:1450 nc:  1 ncall:5.4e+07 eff:0.0% logz-ratio=112376.09+/-0.28 dlogz:0.097>0.01] 24670it [19:09:24,  5.31s/it, bound:1451 nc:2596 ncall:5.4e+07 eff:0.0% logz-ratio=112376.05+/-0.28 dlogz:0.268>0.01]24671it [19:13:40, 34.64s/it, bound:1451 nc:3632 ncall:5.4e+07 eff:0.0% logz-ratio=112376.05+/-0.28 dlogz:0.268>0.01]24672it [19:14:03, 33.17s/it, bound:1451 nc:3639 ncall:5.4e+07 eff:0.0% logz-ratio=112376.05+/-0.28 dlogz:0.267>0.01]24675it [19:14:04, 20.87s/it, bound:1451 nc:  1 ncall:5.4e+07 eff:0.0% logz-ratio=112376.10+/-0.28 dlogz:0.094>0.01] 24678it [19:14:04, 13.66s/it, bound:1451 nc:3834 ncall:5.4e+07 eff:0.0% logz-ratio=112376.05+/-0.28 dlogz:0.264>0.01]24681it [19:14:04,  9.15s/it, bound:1451 nc:  1 ncall:5.4e+07 eff:0.0% logz-ratio=112376.10+/-0.28 dlogz:0.085>0.01] 24684it [19:14:04,  6.22s/it, bound:1451 nc:3026 ncall:5.4e+07 eff:0.0% logz-ratio=112376.05+/-0.28 dlogz:0.261>0.01]24686it [19:14:14,  6.22s/it, bound:1452 nc:2863 ncall:5.4e+07 eff:0.0% logz-ratio=112376.05+/-0.28 dlogz:0.260>0.01]24687it [19:18:38, 32.98s/it, bound:1452 nc:3896 ncall:5.4e+07 eff:0.0% logz-ratio=112376.05+/-0.28 dlogz:0.260>0.01]24689it [19:18:38, 25.39s/it, bound:1452 nc:  1 ncall:5.4e+07 eff:0.0% logz-ratio=112376.10+/-0.28 dlogz:0.081>0.01] 24692it [19:18:38, 17.01s/it, bound:1452 nc:3397 ncall:5.4e+07 eff:0.0% logz-ratio=112376.05+/-0.28 dlogz:0.257>0.01]24695it [19:18:38, 11.56s/it, bound:1452 nc:  1 ncall:5.4e+07 eff:0.0% logz-ratio=112376.11+/-0.29 dlogz:0.049>0.01] 24699it [19:18:38,  7.19s/it, bound:1452 nc:  1 ncall:5.4e+07 eff:0.0% logz-ratio=112376.06+/-0.28 dlogz:0.227>0.01]24702it [19:18:54,  7.19s/it, bound:1453 nc:3159 ncall:5.4e+07 eff:0.0% logz-ratio=112376.05+/-0.28 dlogz:0.253>0.01]24703it [19:22:35, 25.45s/it, bound:1453 nc:3292 ncall:5.4e+07 eff:0.0% logz-ratio=112376.05+/-0.28 dlogz:0.252>0.01]24707it [19:22:35, 16.95s/it, bound:1453 nc:  1 ncall:5.4e+07 eff:0.0% logz-ratio=112376.06+/-0.28 dlogz:0.211>0.01] 24711it [19:22:35, 11.48s/it, bound:1453 nc:  1 ncall:5.4e+07 eff:0.0% logz-ratio=112376.08+/-0.28 dlogz:0.150>0.01]24715it [19:22:35,  7.86s/it, bound:1453 nc:  1 ncall:5.4e+07 eff:0.0% logz-ratio=112376.10+/-0.28 dlogz:0.090>0.01]24718it [19:22:54,  7.86s/it, bound:1454 nc:3267 ncall:5.4e+07 eff:0.0% logz-ratio=112376.06+/-0.28 dlogz:0.245>0.01]24719it [19:26:16, 22.58s/it, bound:1454 nc:2901 ncall:5.4e+07 eff:0.0% logz-ratio=112376.06+/-0.28 dlogz:0.245>0.01]24720it [19:26:32, 21.93s/it, bound:1454 nc:3578 ncall:5.4e+07 eff:0.0% logz-ratio=112376.06+/-0.28 dlogz:0.244>0.01]24725it [19:26:32, 12.80s/it, bound:1454 nc:  1 ncall:5.4e+07 eff:0.0% logz-ratio=112376.07+/-0.28 dlogz:0.201>0.01] 24730it [19:26:32,  8.04s/it, bound:1454 nc:3210 ncall:5.4e+07 eff:0.0% logz-ratio=112376.06+/-0.28 dlogz:0.240>0.01]24734it [19:26:44,  8.04s/it, bound:1455 nc:3499 ncall:5.4e+07 eff:0.0% logz-ratio=112376.06+/-0.28 dlogz:0.238>0.01]24735it [19:30:11, 20.48s/it, bound:1455 nc:3814 ncall:5.4e+07 eff:0.0% logz-ratio=112376.06+/-0.28 dlogz:0.238>0.01]24737it [19:30:11, 17.09s/it, bound:1455 nc:  1 ncall:5.4e+07 eff:0.0% logz-ratio=112376.09+/-0.28 dlogz:0.101>0.01] 24741it [19:30:12, 11.61s/it, bound:1455 nc:2482 ncall:5.4e+07 eff:0.0% logz-ratio=112376.06+/-0.28 dlogz:0.235>0.01]24745it [19:30:12,  7.97s/it, bound:1455 nc:2864 ncall:5.4e+07 eff:0.0% logz-ratio=112376.06+/-0.28 dlogz:0.233>0.01]24749it [19:30:12,  5.51s/it, bound:1455 nc:3418 ncall:5.4e+07 eff:0.0% logz-ratio=112376.06+/-0.28 dlogz:0.231>0.01]24750it [19:30:24,  5.51s/it, bound:1456 nc:3862 ncall:5.4e+07 eff:0.0% logz-ratio=112376.06+/-0.28 dlogz:0.231>0.01]24751it [19:33:52, 24.45s/it, bound:1456 nc:3352 ncall:5.4e+07 eff:0.0% logz-ratio=112376.06+/-0.28 dlogz:0.231>0.01]24752it [19:33:52, 21.65s/it, bound:1456 nc:3379 ncall:5.4e+07 eff:0.0% logz-ratio=112376.06+/-0.28 dlogz:0.230>0.01]24755it [19:33:52, 14.53s/it, bound:1456 nc:  1 ncall:5.4e+07 eff:0.0% logz-ratio=112376.12+/-0.29 dlogz:0.028>0.01] 24760it [19:33:52,  8.15s/it, bound:1456 nc:3329 ncall:5.4e+07 eff:0.0% logz-ratio=112376.06+/-0.28 dlogz:0.227>0.01]24765it [19:33:52,  5.01s/it, bound:1456 nc:  1 ncall:5.4e+07 eff:0.0% logz-ratio=112376.07+/-0.28 dlogz:0.190>0.01] 24766it [19:34:04,  5.01s/it, bound:1457 nc:3454 ncall:5.5e+07 eff:0.0% logz-ratio=112376.06+/-0.28 dlogz:0.224>0.01]24767it [19:37:37, 24.41s/it, bound:1457 nc:3627 ncall:5.5e+07 eff:0.0% logz-ratio=112376.06+/-0.28 dlogz:0.224>0.01]24768it [19:37:57, 23.89s/it, bound:1457 nc:3410 ncall:5.5e+07 eff:0.0% logz-ratio=112376.06+/-0.28 dlogz:0.223>0.01]24773it [19:37:57, 13.16s/it, bound:1457 nc:  1 ncall:5.5e+07 eff:0.0% logz-ratio=112376.07+/-0.28 dlogz:0.186>0.01] 24778it [19:37:57,  8.03s/it, bound:1457 nc:3601 ncall:5.5e+07 eff:0.0% logz-ratio=112376.06+/-0.28 dlogz:0.219>0.01]24782it [19:38:14,  8.03s/it, bound:1458 nc:3815 ncall:5.5e+07 eff:0.0% logz-ratio=112376.06+/-0.28 dlogz:0.218>0.01]24783it [19:41:23, 19.90s/it, bound:1458 nc:3523 ncall:5.5e+07 eff:0.0% logz-ratio=112376.06+/-0.28 dlogz:0.217>0.01]24787it [19:41:23, 14.13s/it, bound:1458 nc:  1 ncall:5.5e+07 eff:0.0% logz-ratio=112376.07+/-0.28 dlogz:0.186>0.01] 24791it [19:41:23,  9.99s/it, bound:1458 nc:  1 ncall:5.5e+07 eff:0.0% logz-ratio=112376.08+/-0.29 dlogz:0.131>0.01]24795it [19:41:23,  7.05s/it, bound:1458 nc:  1 ncall:5.5e+07 eff:0.0% logz-ratio=112376.10+/-0.29 dlogz:0.077>0.01]24798it [19:41:34,  7.05s/it, bound:1459 nc:3232 ncall:5.5e+07 eff:0.0% logz-ratio=112376.06+/-0.28 dlogz:0.211>0.01]24799it [19:45:14, 22.07s/it, bound:1459 nc:3365 ncall:5.5e+07 eff:0.0% logz-ratio=112376.06+/-0.28 dlogz:0.211>0.01]24802it [19:45:14, 16.76s/it, bound:1459 nc:3446 ncall:5.5e+07 eff:0.0% logz-ratio=112376.06+/-0.28 dlogz:0.209>0.01]24806it [19:45:14, 11.49s/it, bound:1459 nc:3332 ncall:5.5e+07 eff:0.0% logz-ratio=112376.07+/-0.28 dlogz:0.208>0.01]24810it [19:45:14,  7.94s/it, bound:1459 nc:3453 ncall:5.5e+07 eff:0.0% logz-ratio=112376.07+/-0.28 dlogz:0.206>0.01]24813it [19:45:24,  7.94s/it, bound:1460 nc:  1 ncall:5.5e+07 eff:0.0% logz-ratio=112376.13+/-0.30 dlogz:0.000>0.01] 24814it [19:49:11, 23.69s/it, bound:1460 nc:4028 ncall:5.5e+07 eff:0.0% logz-ratio=112376.07+/-0.29 dlogz:0.205>0.01]24816it [19:49:29, 20.98s/it, bound:1460 nc:3495 ncall:5.5e+07 eff:0.0% logz-ratio=112376.07+/-0.29 dlogz:0.204>0.01]24821it [19:49:29, 12.78s/it, bound:1460 nc:  1 ncall:5.5e+07 eff:0.0% logz-ratio=112376.07+/-0.29 dlogz:0.170>0.01] 24825it [19:49:29,  8.84s/it, bound:1460 nc:  1 ncall:5.5e+07 eff:0.0% logz-ratio=112376.08+/-0.29 dlogz:0.135>0.01]24829it [19:49:29,  6.14s/it, bound:1461 nc:  1 ncall:5.5e+07 eff:0.0% logz-ratio=112376.09+/-0.29 dlogz:0.098>0.01]24829it [19:49:44,  6.14s/it, bound:1461 nc:  1 ncall:5.5e+07 eff:0.0% logz-ratio=112376.13+/-0.30 dlogz:0.000>0.01]24830it [19:53:14, 27.69s/it, bound:1461 nc:3305 ncall:5.5e+07 eff:0.0% logz-ratio=112376.07+/-0.29 dlogz:0.199>0.01]24833it [19:53:14, 19.48s/it, bound:1461 nc:  1 ncall:5.5e+07 eff:0.0% logz-ratio=112376.11+/-0.29 dlogz:0.058>0.01] 24837it [19:53:14, 12.45s/it, bound:1461 nc:2800 ncall:5.5e+07 eff:0.0% logz-ratio=112376.07+/-0.29 dlogz:0.196>0.01]24841it [19:53:14,  8.22s/it, bound:1461 nc:3479 ncall:5.5e+07 eff:0.0% logz-ratio=112376.07+/-0.29 dlogz:0.195>0.01]24845it [19:53:14,  5.54s/it, bound:1462 nc:3000 ncall:5.5e+07 eff:0.0% logz-ratio=112376.07+/-0.29 dlogz:0.193>0.01]24845it [19:53:24,  5.54s/it, bound:1462 nc:  1 ncall:5.5e+07 eff:0.0% logz-ratio=112376.13+/-0.30 dlogz:0.000>0.01] 24846it [19:57:19, 30.60s/it, bound:1462 nc:3580 ncall:5.5e+07 eff:0.0% logz-ratio=112376.07+/-0.29 dlogz:0.193>0.01]24851it [19:57:19, 17.52s/it, bound:1462 nc:  1 ncall:5.5e+07 eff:0.0% logz-ratio=112376.07+/-0.29 dlogz:0.182>0.01] 24855it [19:57:19, 11.77s/it, bound:1462 nc:  1 ncall:5.5e+07 eff:0.0% logz-ratio=112376.09+/-0.29 dlogz:0.125>0.01]24859it [19:57:19,  8.02s/it, bound:1462 nc:  1 ncall:5.5e+07 eff:0.0% logz-ratio=112376.10+/-0.29 dlogz:0.069>0.01]24861it [19:57:35,  8.02s/it, bound:1463 nc:  1 ncall:5.5e+07 eff:0.0% logz-ratio=112376.13+/-0.30 dlogz:0.000>0.01]24862it [20:01:34, 27.60s/it, bound:1463 nc:3505 ncall:5.5e+07 eff:0.0% logz-ratio=112376.07+/-0.29 dlogz:0.187>0.01]24864it [20:01:52, 23.98s/it, bound:1463 nc:3680 ncall:5.5e+07 eff:0.0% logz-ratio=112376.07+/-0.29 dlogz:0.186>0.01]24867it [20:01:52, 16.91s/it, bound:1463 nc:  1 ncall:5.5e+07 eff:0.0% logz-ratio=112376.10+/-0.29 dlogz:0.069>0.01] 24871it [20:01:52, 10.84s/it, bound:1463 nc:3109 ncall:5.5e+07 eff:0.0% logz-ratio=112376.07+/-0.29 dlogz:0.184>0.01]24875it [20:01:52,  7.17s/it, bound:1463 nc:5367 ncall:5.5e+07 eff:0.0% logz-ratio=112376.07+/-0.29 dlogz:0.182>0.01]24876it [20:02:05,  7.17s/it, bound:1464 nc:3951 ncall:5.5e+07 eff:0.0% logz-ratio=112376.07+/-0.29 dlogz:0.182>0.01]24877it [20:05:42, 28.23s/it, bound:1464 nc:3742 ncall:5.5e+07 eff:0.0% logz-ratio=112376.07+/-0.29 dlogz:0.182>0.01]24879it [20:05:43, 22.09s/it, bound:1464 nc:  1 ncall:5.5e+07 eff:0.0% logz-ratio=112376.10+/-0.29 dlogz:0.076>0.01] 24882it [20:05:43, 15.07s/it, bound:1464 nc:3065 ncall:5.5e+07 eff:0.0% logz-ratio=112376.07+/-0.29 dlogz:0.180>0.01]24885it [20:05:43, 10.37s/it, bound:1464 nc:  1 ncall:5.5e+07 eff:0.0% logz-ratio=112376.10+/-0.29 dlogz:0.072>0.01] 24888it [20:05:43,  7.18s/it, bound:1464 nc:2988 ncall:5.5e+07 eff:0.0% logz-ratio=112376.07+/-0.29 dlogz:0.178>0.01]24891it [20:05:43,  4.99s/it, bound:1464 nc:  1 ncall:5.5e+07 eff:0.0% logz-ratio=112376.10+/-0.29 dlogz:0.071>0.01] 24892it [20:05:55,  4.99s/it, bound:1465 nc:3364 ncall:5.5e+07 eff:0.0% logz-ratio=112376.07+/-0.29 dlogz:0.177>0.01]24893it [20:09:40, 30.63s/it, bound:1465 nc:3441 ncall:5.5e+07 eff:0.0% logz-ratio=112376.07+/-0.29 dlogz:0.176>0.01]24895it [20:09:40, 23.18s/it, bound:1465 nc:  1 ncall:5.5e+07 eff:0.0% logz-ratio=112376.13+/-0.29 dlogz:0.005>0.01] 24899it [20:09:40, 13.67s/it, bound:1465 nc:  1 ncall:5.5e+07 eff:0.0% logz-ratio=112376.09+/-0.29 dlogz:0.123>0.01]24903it [20:09:41,  8.63s/it, bound:1465 nc:3623 ncall:5.5e+07 eff:0.0% logz-ratio=112376.07+/-0.29 dlogz:0.173>0.01]24907it [20:09:41,  5.66s/it, bound:1465 nc:2979 ncall:5.5e+07 eff:0.0% logz-ratio=112376.07+/-0.29 dlogz:0.172>0.01]24908it [20:09:55,  5.66s/it, bound:1466 nc:3695 ncall:5.5e+07 eff:0.0% logz-ratio=112376.07+/-0.29 dlogz:0.171>0.01]24909it [20:13:47, 28.92s/it, bound:1466 nc:2640 ncall:5.5e+07 eff:0.0% logz-ratio=112376.07+/-0.29 dlogz:0.171>0.01]24910it [20:14:03, 27.28s/it, bound:1466 nc:3453 ncall:5.5e+07 eff:0.0% logz-ratio=112376.07+/-0.29 dlogz:0.171>0.01]24914it [20:14:03, 15.98s/it, bound:1466 nc:3325 ncall:5.5e+07 eff:0.0% logz-ratio=112376.07+/-0.29 dlogz:0.169>0.01]24919it [20:14:03,  9.19s/it, bound:1466 nc:  1 ncall:5.5e+07 eff:0.0% logz-ratio=112376.08+/-0.29 dlogz:0.151>0.01] 24923it [20:14:03,  6.19s/it, bound:1466 nc:  1 ncall:5.5e+07 eff:0.0% logz-ratio=112376.09+/-0.29 dlogz:0.124>0.01]24924it [20:14:15,  6.19s/it, bound:1467 nc:4025 ncall:5.5e+07 eff:0.0% logz-ratio=112376.08+/-0.29 dlogz:0.166>0.01]24925it [20:17:44, 25.97s/it, bound:1467 nc:2960 ncall:5.5e+07 eff:0.0% logz-ratio=112376.08+/-0.29 dlogz:0.166>0.01]24928it [20:17:44, 18.49s/it, bound:1467 nc:4019 ncall:5.5e+07 eff:0.0% logz-ratio=112376.08+/-0.29 dlogz:0.165>0.01]24932it [20:17:44, 11.94s/it, bound:1467 nc:3825 ncall:5.5e+07 eff:0.0% logz-ratio=112376.08+/-0.29 dlogz:0.164>0.01]24936it [20:17:45,  7.93s/it, bound:1467 nc:3493 ncall:5.5e+07 eff:0.0% logz-ratio=112376.08+/-0.29 dlogz:0.162>0.01]24940it [20:17:45,  5.37s/it, bound:1468 nc:3798 ncall:5.5e+07 eff:0.0% logz-ratio=112376.08+/-0.29 dlogz:0.161>0.01]24940it [20:17:55,  5.37s/it, bound:1468 nc:3798 ncall:5.5e+07 eff:0.0% logz-ratio=112376.08+/-0.29 dlogz:0.161>0.01]24941it [20:22:07, 32.09s/it, bound:1468 nc:3148 ncall:5.5e+07 eff:0.0% logz-ratio=112376.08+/-0.29 dlogz:0.174>0.01]24943it [20:22:07, 24.76s/it, bound:1468 nc:  1 ncall:5.5e+07 eff:0.0% logz-ratio=112376.11+/-0.29 dlogz:0.062>0.01] 24946it [20:22:08, 16.63s/it, bound:1468 nc:3143 ncall:5.5e+07 eff:0.0% logz-ratio=112376.08+/-0.29 dlogz:0.172>0.01]24949it [20:22:08, 11.32s/it, bound:1468 nc:  1 ncall:5.5e+07 eff:0.0% logz-ratio=112376.11+/-0.29 dlogz:0.053>0.01] 24952it [20:22:08,  7.78s/it, bound:1468 nc:3692 ncall:5.5e+07 eff:0.0% logz-ratio=112376.08+/-0.29 dlogz:0.170>0.01]24955it [20:22:08,  5.39s/it, bound:1468 nc:  1 ncall:5.5e+07 eff:0.0% logz-ratio=112376.10+/-0.29 dlogz:0.103>0.01] 24956it [20:22:25,  5.39s/it, bound:1469 nc:3388 ncall:5.5e+07 eff:0.0% logz-ratio=112376.08+/-0.29 dlogz:0.169>0.01]24957it [20:26:13, 32.04s/it, bound:1469 nc:3215 ncall:5.5e+07 eff:0.0% logz-ratio=112376.08+/-0.29 dlogz:0.168>0.01]24958it [20:26:36, 30.75s/it, bound:1469 nc:2984 ncall:5.5e+07 eff:0.0% logz-ratio=112376.08+/-0.29 dlogz:0.168>0.01]24962it [20:26:36, 17.10s/it, bound:1469 nc:3626 ncall:5.5e+07 eff:0.0% logz-ratio=112376.08+/-0.29 dlogz:0.167>0.01]24967it [20:26:36,  9.55s/it, bound:1469 nc:  1 ncall:5.5e+07 eff:0.0% logz-ratio=112376.09+/-0.29 dlogz:0.137>0.01] 24971it [20:26:36,  6.35s/it, bound:1469 nc:  1 ncall:5.5e+07 eff:0.0% logz-ratio=112376.09+/-0.29 dlogz:0.120>0.01]24972it [20:26:55,  6.35s/it, bound:1470 nc:3509 ncall:5.5e+07 eff:0.0% logz-ratio=112376.08+/-0.29 dlogz:0.164>0.01]24973it [20:30:11, 25.90s/it, bound:1470 nc:2662 ncall:5.5e+07 eff:0.0% logz-ratio=112376.08+/-0.29 dlogz:0.163>0.01]24977it [20:30:11, 16.69s/it, bound:1470 nc:  1 ncall:5.5e+07 eff:0.0% logz-ratio=112376.08+/-0.29 dlogz:0.161>0.01] 24981it [20:30:11, 11.07s/it, bound:1470 nc:3422 ncall:5.5e+07 eff:0.0% logz-ratio=112376.08+/-0.29 dlogz:0.161>0.01]24985it [20:30:11,  7.48s/it, bound:1470 nc:  1 ncall:5.5e+07 eff:0.0% logz-ratio=112376.09+/-0.29 dlogz:0.138>0.01] 24988it [20:30:25,  7.48s/it, bound:1471 nc:3335 ncall:5.5e+07 eff:0.0% logz-ratio=112376.08+/-0.29 dlogz:0.159>0.01]24989it [20:33:45, 22.06s/it, bound:1471 nc:3254 ncall:5.5e+07 eff:0.0% logz-ratio=112376.08+/-0.29 dlogz:0.158>0.01]24991it [20:33:45, 18.00s/it, bound:1471 nc:  1 ncall:5.5e+07 eff:0.0% logz-ratio=112376.10+/-0.29 dlogz:0.078>0.01] 24995it [20:33:45, 11.79s/it, bound:1471 nc:3094 ncall:5.5e+07 eff:0.0% logz-ratio=112376.08+/-0.29 dlogz:0.157>0.01]24999it [20:33:45,  7.91s/it, bound:1471 nc:3474 ncall:5.5e+07 eff:0.0% logz-ratio=112376.08+/-0.29 dlogz:0.155>0.01]25003it [20:33:46,  5.38s/it, bound:1471 nc:3582 ncall:5.5e+07 eff:0.0% logz-ratio=112376.08+/-0.29 dlogz:0.154>0.01]25004it [20:34:05,  5.38s/it, bound:1472 nc:3410 ncall:5.5e+07 eff:0.0% logz-ratio=112376.08+/-0.29 dlogz:0.154>0.01]25005it [20:37:32, 25.49s/it, bound:1472 nc:3227 ncall:5.5e+07 eff:0.0% logz-ratio=112376.08+/-0.29 dlogz:0.154>0.01]25006it [20:37:51, 24.67s/it, bound:1472 nc:3613 ncall:5.5e+07 eff:0.0% logz-ratio=112376.08+/-0.29 dlogz:0.153>0.01]25010it [20:37:51, 14.77s/it, bound:1472 nc:2699 ncall:5.5e+07 eff:0.0% logz-ratio=112376.08+/-0.29 dlogz:0.152>0.01]25015it [20:37:51,  8.61s/it, bound:1472 nc:  1 ncall:5.5e+07 eff:0.0% logz-ratio=112376.09+/-0.29 dlogz:0.134>0.01] 25019it [20:37:51,  5.84s/it, bound:1473 nc:  1 ncall:5.5e+07 eff:0.0% logz-ratio=112376.09+/-0.29 dlogz:0.139>0.01]25019it [20:38:05,  5.84s/it, bound:1473 nc:  1 ncall:5.5e+07 eff:0.0% logz-ratio=112376.13+/-0.30 dlogz:0.000>0.01]25020it [20:41:23, 27.18s/it, bound:1473 nc:3715 ncall:5.5e+07 eff:0.0% logz-ratio=112376.08+/-0.29 dlogz:0.149>0.01]25023it [20:41:23, 18.84s/it, bound:1473 nc:  1 ncall:5.5e+07 eff:0.0% logz-ratio=112376.11+/-0.29 dlogz:0.064>0.01] 25027it [20:41:23, 11.90s/it, bound:1473 nc:3082 ncall:5.5e+07 eff:0.0% logz-ratio=112376.08+/-0.29 dlogz:0.147>0.01]25031it [20:41:23,  7.80s/it, bound:1473 nc:  1 ncall:5.5e+07 eff:0.0% logz-ratio=112376.09+/-0.29 dlogz:0.123>0.01] 25035it [20:41:24,  5.23s/it, bound:1474 nc:  1 ncall:5.5e+07 eff:0.0% logz-ratio=112376.10+/-0.29 dlogz:0.100>0.01]25035it [20:41:35,  5.23s/it, bound:1474 nc:  1 ncall:5.5e+07 eff:0.0% logz-ratio=112376.13+/-0.30 dlogz:0.000>0.01]25036it [20:45:07, 28.24s/it, bound:1474 nc:4068 ncall:5.5e+07 eff:0.0% logz-ratio=112376.08+/-0.29 dlogz:0.145>0.01]25039it [20:45:07, 19.45s/it, bound:1474 nc:  1 ncall:5.5e+07 eff:0.0% logz-ratio=112376.10+/-0.29 dlogz:0.073>0.01] 25043it [20:45:07, 12.22s/it, bound:1474 nc:3510 ncall:5.5e+07 eff:0.0% logz-ratio=112376.08+/-0.29 dlogz:0.143>0.01]25047it [20:45:07,  7.99s/it, bound:1474 nc:3593 ncall:5.5e+07 eff:0.0% logz-ratio=112376.09+/-0.29 dlogz:0.142>0.01]25051it [20:45:07,  5.35s/it, bound:1475 nc:3457 ncall:5.5e+07 eff:0.0% logz-ratio=112376.09+/-0.29 dlogz:0.141>0.01]25051it [20:45:25,  5.35s/it, bound:1475 nc:  1 ncall:5.5e+07 eff:0.0% logz-ratio=112376.13+/-0.30 dlogz:0.000>0.01] 25052it [20:49:25, 32.05s/it, bound:1475 nc:3016 ncall:5.5e+07 eff:0.0% logz-ratio=112376.09+/-0.29 dlogz:0.140>0.01]25054it [20:49:48, 27.29s/it, bound:1475 nc:2666 ncall:5.5e+07 eff:0.0% logz-ratio=112376.09+/-0.29 dlogz:0.140>0.01]25058it [20:49:48, 16.42s/it, bound:1475 nc:3386 ncall:5.5e+07 eff:0.0% logz-ratio=112376.09+/-0.29 dlogz:0.139>0.01]25063it [20:49:48,  9.60s/it, bound:1475 nc:  1 ncall:5.6e+07 eff:0.0% logz-ratio=112376.09+/-0.29 dlogz:0.135>0.01] 25067it [20:49:48,  6.51s/it, bound:1476 nc:2927 ncall:5.6e+07 eff:0.0% logz-ratio=112376.09+/-0.29 dlogz:0.136>0.01]25067it [20:50:05,  6.51s/it, bound:1476 nc:  1 ncall:5.6e+07 eff:0.0% logz-ratio=112376.13+/-0.30 dlogz:0.000>0.01] 25068it [20:53:51, 30.85s/it, bound:1476 nc:3817 ncall:5.6e+07 eff:0.0% logz-ratio=112376.09+/-0.29 dlogz:0.136>0.01]25071it [20:53:51, 21.40s/it, bound:1476 nc:  1 ncall:5.6e+07 eff:0.0% logz-ratio=112376.11+/-0.29 dlogz:0.060>0.01] 25075it [20:53:51, 13.52s/it, bound:1476 nc:3642 ncall:5.6e+07 eff:0.0% logz-ratio=112376.09+/-0.29 dlogz:0.134>0.01]25079it [20:53:51,  8.87s/it, bound:1476 nc:3127 ncall:5.6e+07 eff:0.0% logz-ratio=112376.09+/-0.29 dlogz:0.133>0.01]25083it [20:53:51,  5.95s/it, bound:1477 nc:3216 ncall:5.6e+07 eff:0.0% logz-ratio=112376.09+/-0.29 dlogz:0.132>0.01]25083it [20:54:05,  5.95s/it, bound:1477 nc:  1 ncall:5.6e+07 eff:0.0% logz-ratio=112376.13+/-0.30 dlogz:0.000>0.01] 25084it [20:59:05, 38.44s/it, bound:1477 nc:3428 ncall:5.6e+07 eff:0.0% logz-ratio=112376.09+/-0.29 dlogz:0.132>0.01]25087it [20:59:05, 26.48s/it, bound:1477 nc:  1 ncall:5.6e+07 eff:0.0% logz-ratio=112376.10+/-0.29 dlogz:0.078>0.01] 25091it [20:59:05, 16.64s/it, bound:1477 nc:2958 ncall:5.6e+07 eff:0.0% logz-ratio=112376.09+/-0.29 dlogz:0.130>0.01]25095it [20:59:05, 10.88s/it, bound:1477 nc:3365 ncall:5.6e+07 eff:0.0% logz-ratio=112376.09+/-0.29 dlogz:0.129>0.01]25098it [20:59:06,  7.94s/it, bound:1477 nc:4004 ncall:5.6e+07 eff:0.0% logz-ratio=112376.09+/-0.29 dlogz:0.128>0.01]25098it [20:59:25,  7.94s/it, bound:1477 nc:4004 ncall:5.6e+07 eff:0.0% logz-ratio=112376.09+/-0.29 dlogz:0.128>0.01]25099it [21:03:29, 37.15s/it, bound:1478 nc:6934 ncall:5.6e+07 eff:0.0% logz-ratio=112376.09+/-0.29 dlogz:0.128>0.01]25100it [21:03:49, 34.73s/it, bound:1478 nc:3765 ncall:5.6e+07 eff:0.0% logz-ratio=112376.09+/-0.29 dlogz:0.128>0.01]25105it [21:03:49, 17.35s/it, bound:1478 nc:  1 ncall:5.6e+07 eff:0.0% logz-ratio=112376.09+/-0.29 dlogz:0.113>0.01] 25109it [21:03:49, 11.05s/it, bound:1478 nc:3163 ncall:5.6e+07 eff:0.0% logz-ratio=112376.09+/-0.29 dlogz:0.126>0.01]25113it [21:03:49,  7.28s/it, bound:1478 nc:  1 ncall:5.6e+07 eff:0.0% logz-ratio=112376.10+/-0.29 dlogz:0.105>0.01] 25114it [21:04:05,  7.28s/it, bound:1479 nc:1582 ncall:5.6e+07 eff:0.0% logz-ratio=112376.09+/-0.29 dlogz:0.124>0.01]25115it [21:07:41, 28.58s/it, bound:1479 nc:3889 ncall:5.6e+07 eff:0.0% logz-ratio=112376.09+/-0.29 dlogz:0.124>0.01]25117it [21:07:41, 22.33s/it, bound:1479 nc:  1 ncall:5.6e+07 eff:0.0% logz-ratio=112376.11+/-0.29 dlogz:0.054>0.01] 25121it [21:07:41, 13.74s/it, bound:1479 nc:3743 ncall:5.6e+07 eff:0.0% logz-ratio=112376.09+/-0.29 dlogz:0.123>0.01]25125it [21:07:41,  8.88s/it, bound:1479 nc:3701 ncall:5.6e+07 eff:0.0% logz-ratio=112376.09+/-0.29 dlogz:0.122>0.01]25129it [21:07:41,  5.90s/it, bound:1480 nc:3647 ncall:5.6e+07 eff:0.0% logz-ratio=112376.09+/-0.29 dlogz:0.121>0.01]25129it [21:07:55,  5.90s/it, bound:1480 nc:  1 ncall:5.6e+07 eff:0.0% logz-ratio=112376.13+/-0.30 dlogz:0.000>0.01] 25130it [21:12:40, 37.34s/it, bound:1480 nc:3377 ncall:5.6e+07 eff:0.0% logz-ratio=112376.09+/-0.29 dlogz:0.121>0.01]25133it [21:12:40, 25.59s/it, bound:1480 nc:  1 ncall:5.6e+07 eff:0.0% logz-ratio=112376.11+/-0.29 dlogz:0.070>0.01] 25136it [21:12:40, 17.67s/it, bound:1480 nc:3092 ncall:5.6e+07 eff:0.0% logz-ratio=112376.09+/-0.29 dlogz:0.119>0.01]25139it [21:12:41, 12.25s/it, bound:1480 nc:  1 ncall:5.6e+07 eff:0.0% logz-ratio=112376.10+/-0.29 dlogz:0.092>0.01] 25142it [21:12:41,  8.53s/it, bound:1480 nc:2840 ncall:5.6e+07 eff:0.0% logz-ratio=112376.09+/-0.29 dlogz:0.118>0.01]25145it [21:12:41,  5.95s/it, bound:1481 nc:  1 ncall:5.6e+07 eff:0.0% logz-ratio=112376.10+/-0.29 dlogz:0.084>0.01] 25145it [21:12:56,  5.95s/it, bound:1481 nc:  1 ncall:5.6e+07 eff:0.0% logz-ratio=112376.13+/-0.30 dlogz:0.000>0.01]25146it [21:17:31, 41.87s/it, bound:1481 nc:3222 ncall:5.6e+07 eff:0.0% logz-ratio=112376.09+/-0.29 dlogz:0.117>0.01]25148it [21:17:57, 34.12s/it, bound:1481 nc:3477 ncall:5.6e+07 eff:0.0% logz-ratio=112376.09+/-0.29 dlogz:0.116>0.01]25151it [21:17:57, 21.77s/it, bound:1481 nc:  1 ncall:5.6e+07 eff:0.0% logz-ratio=112376.11+/-0.29 dlogz:0.048>0.01] 25154it [21:17:57, 14.36s/it, bound:1481 nc:4082 ncall:5.6e+07 eff:0.0% logz-ratio=112376.09+/-0.29 dlogz:0.115>0.01]25157it [21:17:57,  9.67s/it, bound:1481 nc:  1 ncall:5.6e+07 eff:0.0% logz-ratio=112376.10+/-0.29 dlogz:0.102>0.01] 25160it [21:17:57,  6.61s/it, bound:1481 nc:2686 ncall:5.6e+07 eff:0.0% logz-ratio=112376.09+/-0.29 dlogz:0.114>0.01]25161it [21:18:16,  6.61s/it, bound:1482 nc:  1 ncall:5.6e+07 eff:0.0% logz-ratio=112376.13+/-0.30 dlogz:0.000>0.01] 25162it [21:22:22, 35.93s/it, bound:1482 nc:2970 ncall:5.6e+07 eff:0.0% logz-ratio=112376.09+/-0.29 dlogz:0.113>0.01]25165it [21:22:22, 23.98s/it, bound:1482 nc:  1 ncall:5.6e+07 eff:0.0% logz-ratio=112376.11+/-0.29 dlogz:0.052>0.01] 25168it [21:22:22, 16.26s/it, bound:1482 nc:3506 ncall:5.6e+07 eff:0.0% logz-ratio=112376.09+/-0.29 dlogz:0.112>0.01]25171it [21:22:22, 11.15s/it, bound:1482 nc:  1 ncall:5.6e+07 eff:0.0% logz-ratio=112376.11+/-0.29 dlogz:0.045>0.01] 25174it [21:22:23,  7.70s/it, bound:1482 nc:3590 ncall:5.6e+07 eff:0.0% logz-ratio=112376.09+/-0.29 dlogz:0.111>0.01]25177it [21:22:23,  5.34s/it, bound:1483 nc:  1 ncall:5.6e+07 eff:0.0% logz-ratio=112376.11+/-0.29 dlogz:0.044>0.01] 25177it [21:22:36,  5.34s/it, bound:1483 nc:  1 ncall:5.6e+07 eff:0.0% logz-ratio=112376.13+/-0.30 dlogz:0.000>0.01]25178it [21:26:02, 32.69s/it, bound:1483 nc:4066 ncall:5.6e+07 eff:0.0% logz-ratio=112376.09+/-0.29 dlogz:0.110>0.01]25181it [21:26:02, 21.14s/it, bound:1483 nc:  1 ncall:5.6e+07 eff:0.0% logz-ratio=112376.11+/-0.29 dlogz:0.053>0.01] 25184it [21:26:02, 14.06s/it, bound:1483 nc:3870 ncall:5.6e+07 eff:0.0% logz-ratio=112376.09+/-0.29 dlogz:0.109>0.01]25187it [21:26:03,  9.51s/it, bound:1483 nc:  1 ncall:5.6e+07 eff:0.0% logz-ratio=112376.11+/-0.29 dlogz:0.043>0.01] 25190it [21:26:03,  6.52s/it, bound:1483 nc:3532 ncall:5.6e+07 eff:0.0% logz-ratio=112376.09+/-0.29 dlogz:0.107>0.01]25193it [21:26:03,  4.50s/it, bound:1484 nc:  1 ncall:5.6e+07 eff:0.0% logz-ratio=112376.11+/-0.29 dlogz:0.045>0.01] 25193it [21:26:16,  4.50s/it, bound:1484 nc:  1 ncall:5.6e+07 eff:0.0% logz-ratio=112376.13+/-0.30 dlogz:0.000>0.01]25194it [21:29:31, 30.75s/it, bound:1484 nc:3505 ncall:5.6e+07 eff:0.0% logz-ratio=112376.09+/-0.29 dlogz:0.107>0.01]25196it [21:29:52, 25.35s/it, bound:1484 nc:3609 ncall:5.6e+07 eff:0.0% logz-ratio=112376.09+/-0.29 dlogz:0.106>0.01]25199it [21:29:52, 16.08s/it, bound:1484 nc:  1 ncall:5.6e+07 eff:0.0% logz-ratio=112376.11+/-0.29 dlogz:0.046>0.01] 25202it [21:29:52, 10.57s/it, bound:1484 nc:3530 ncall:5.6e+07 eff:0.0% logz-ratio=112376.10+/-0.29 dlogz:0.105>0.01]25205it [21:29:52,  7.10s/it, bound:1484 nc:  1 ncall:5.6e+07 eff:0.0% logz-ratio=112376.11+/-0.29 dlogz:0.043>0.01] 25208it [21:29:52,  4.84s/it, bound:1484 nc:3057 ncall:5.6e+07 eff:0.0% logz-ratio=112376.10+/-0.29 dlogz:0.104>0.01]25209it [21:30:06,  4.84s/it, bound:1485 nc:  1 ncall:5.6e+07 eff:0.0% logz-ratio=112376.13+/-0.30 dlogz:0.000>0.01] 25210it [21:33:46, 30.94s/it, bound:1485 nc:3682 ncall:5.6e+07 eff:0.0% logz-ratio=112376.10+/-0.29 dlogz:0.103>0.01]25212it [21:33:46, 23.21s/it, bound:1485 nc:3343 ncall:5.6e+07 eff:0.0% logz-ratio=112376.10+/-0.29 dlogz:0.103>0.01]25215it [21:33:46, 15.13s/it, bound:1485 nc:  1 ncall:5.6e+07 eff:0.0% logz-ratio=112376.10+/-0.29 dlogz:0.099>0.01] 25218it [21:33:46, 10.11s/it, bound:1485 nc:2831 ncall:5.6e+07 eff:0.0% logz-ratio=112376.10+/-0.29 dlogz:0.102>0.01]25221it [21:33:46,  6.86s/it, bound:1485 nc:  1 ncall:5.6e+07 eff:0.0% logz-ratio=112376.11+/-0.29 dlogz:0.054>0.01] 25224it [21:33:46,  4.72s/it, bound:1486 nc:3240 ncall:5.6e+07 eff:0.0% logz-ratio=112376.10+/-0.29 dlogz:0.100>0.01]25224it [21:34:06,  4.72s/it, bound:1486 nc:  1 ncall:5.6e+07 eff:0.0% logz-ratio=112376.13+/-0.30 dlogz:0.000>0.01] 25225it [21:38:22, 40.11s/it, bound:1486 nc:3898 ncall:5.6e+07 eff:0.0% logz-ratio=112376.10+/-0.29 dlogz:0.100>0.01]25230it [21:38:22, 20.77s/it, bound:1486 nc:  1 ncall:5.6e+07 eff:0.0% logz-ratio=112376.10+/-0.29 dlogz:0.094>0.01] 25234it [21:38:22, 13.40s/it, bound:1486 nc:3816 ncall:5.6e+07 eff:0.0% logz-ratio=112376.10+/-0.29 dlogz:0.099>0.01]25238it [21:38:22,  8.90s/it, bound:1486 nc:3512 ncall:5.6e+07 eff:0.0% logz-ratio=112376.10+/-0.29 dlogz:0.098>0.01]25240it [21:38:36,  8.90s/it, bound:1487 nc:  1 ncall:5.6e+07 eff:0.0% logz-ratio=112376.13+/-0.30 dlogz:0.000>0.01] 25241it [21:42:01, 25.85s/it, bound:1487 nc:2925 ncall:5.6e+07 eff:0.0% logz-ratio=112376.10+/-0.29 dlogz:0.097>0.01]25243it [21:42:22, 22.77s/it, bound:1487 nc:3108 ncall:5.6e+07 eff:0.0% logz-ratio=112376.10+/-0.29 dlogz:0.097>0.01]25246it [21:42:22, 15.91s/it, bound:1487 nc:  1 ncall:5.6e+07 eff:0.0% logz-ratio=112376.11+/-0.29 dlogz:0.042>0.01] 25250it [21:42:22, 10.12s/it, bound:1487 nc:3362 ncall:5.6e+07 eff:0.0% logz-ratio=112376.10+/-0.29 dlogz:0.095>0.01]25254it [21:42:23,  6.66s/it, bound:1487 nc:3564 ncall:5.6e+07 eff:0.0% logz-ratio=112376.10+/-0.29 dlogz:0.095>0.01]25256it [21:42:36,  6.66s/it, bound:1488 nc:  1 ncall:5.6e+07 eff:0.0% logz-ratio=112376.13+/-0.30 dlogz:0.000>0.01] 25257it [21:46:34, 27.36s/it, bound:1488 nc:2863 ncall:5.6e+07 eff:0.0% logz-ratio=112376.10+/-0.29 dlogz:0.094>0.01]25260it [21:46:34, 19.79s/it, bound:1488 nc:  1 ncall:5.6e+07 eff:0.0% logz-ratio=112376.11+/-0.29 dlogz:0.042>0.01] 25264it [21:46:34, 12.96s/it, bound:1488 nc:3645 ncall:5.6e+07 eff:0.0% logz-ratio=112376.10+/-0.29 dlogz:0.093>0.01]25268it [21:46:34,  8.69s/it, bound:1488 nc:3560 ncall:5.6e+07 eff:0.0% logz-ratio=112376.10+/-0.29 dlogz:0.092>0.01]25272it [21:46:34,  5.91s/it, bound:1489 nc:3050 ncall:5.6e+07 eff:0.0% logz-ratio=112376.10+/-0.29 dlogz:0.091>0.01]25272it [21:46:46,  5.91s/it, bound:1489 nc:  1 ncall:5.6e+07 eff:0.0% logz-ratio=112376.13+/-0.30 dlogz:0.000>0.01] 25273it [21:50:36, 30.17s/it, bound:1489 nc:3500 ncall:5.6e+07 eff:0.0% logz-ratio=112376.10+/-0.29 dlogz:0.091>0.01]25276it [21:50:36, 20.95s/it, bound:1489 nc:  1 ncall:5.6e+07 eff:0.0% logz-ratio=112376.11+/-0.29 dlogz:0.064>0.01] 25279it [21:50:36, 14.60s/it, bound:1489 nc:3484 ncall:5.6e+07 eff:0.0% logz-ratio=112376.10+/-0.29 dlogz:0.090>0.01]25282it [21:50:37, 10.19s/it, bound:1489 nc:  1 ncall:5.6e+07 eff:0.0% logz-ratio=112376.11+/-0.29 dlogz:0.046>0.01] 25285it [21:50:37,  7.12s/it, bound:1489 nc:3696 ncall:5.6e+07 eff:0.0% logz-ratio=112376.10+/-0.29 dlogz:0.089>0.01]25288it [21:50:37,  4.99s/it, bound:1490 nc:  1 ncall:5.6e+07 eff:0.0% logz-ratio=112376.11+/-0.29 dlogz:0.041>0.01] 25288it [21:50:56,  4.99s/it, bound:1490 nc:  1 ncall:5.6e+07 eff:0.0% logz-ratio=112376.13+/-0.30 dlogz:0.000>0.01]25289it [21:55:06, 38.11s/it, bound:1490 nc:3325 ncall:5.6e+07 eff:0.0% logz-ratio=112376.10+/-0.29 dlogz:0.088>0.01]25291it [21:55:22, 30.24s/it, bound:1490 nc:2759 ncall:5.6e+07 eff:0.0% logz-ratio=112376.10+/-0.29 dlogz:0.088>0.01]25294it [21:55:22, 19.33s/it, bound:1490 nc:  1 ncall:5.6e+07 eff:0.0% logz-ratio=112376.12+/-0.29 dlogz:0.035>0.01] 25297it [21:55:22, 12.76s/it, bound:1490 nc:3031 ncall:5.6e+07 eff:0.0% logz-ratio=112376.10+/-0.29 dlogz:0.087>0.01]25300it [21:55:23,  8.60s/it, bound:1490 nc:  1 ncall:5.6e+07 eff:0.0% logz-ratio=112376.12+/-0.29 dlogz:0.034>0.01] 25303it [21:55:23,  5.87s/it, bound:1490 nc:3611 ncall:5.6e+07 eff:0.0% logz-ratio=112376.10+/-0.29 dlogz:0.086>0.01]25304it [21:55:36,  5.87s/it, bound:1491 nc:  1 ncall:5.6e+07 eff:0.0% logz-ratio=112376.13+/-0.30 dlogz:0.000>0.01] 25305it [21:59:04, 30.25s/it, bound:1491 nc:3253 ncall:5.6e+07 eff:0.0% logz-ratio=112376.10+/-0.29 dlogz:0.086>0.01]25308it [21:59:04, 20.20s/it, bound:1491 nc:  1 ncall:5.6e+07 eff:0.0% logz-ratio=112376.10+/-0.29 dlogz:0.073>0.01] 25311it [21:59:04, 13.70s/it, bound:1491 nc:3713 ncall:5.6e+07 eff:0.0% logz-ratio=112376.10+/-0.29 dlogz:0.085>0.01]25314it [21:59:04,  9.40s/it, bound:1491 nc:  1 ncall:5.6e+07 eff:0.0% logz-ratio=112376.12+/-0.29 dlogz:0.036>0.01] 25317it [21:59:04,  6.49s/it, bound:1491 nc:3952 ncall:5.6e+07 eff:0.0% logz-ratio=112376.10+/-0.29 dlogz:0.084>0.01]25319it [21:59:16,  6.49s/it, bound:1492 nc:  1 ncall:5.6e+07 eff:0.0% logz-ratio=112376.13+/-0.30 dlogz:0.000>0.01] 25320it [22:02:45, 27.05s/it, bound:1492 nc:3112 ncall:5.6e+07 eff:0.0% logz-ratio=112376.10+/-0.29 dlogz:0.083>0.01]25324it [22:02:45, 17.07s/it, bound:1492 nc:3980 ncall:5.6e+07 eff:0.0% logz-ratio=112376.10+/-0.29 dlogz:0.083>0.01]25329it [22:02:45, 10.30s/it, bound:1492 nc:  1 ncall:5.6e+07 eff:0.0% logz-ratio=112376.10+/-0.29 dlogz:0.079>0.01] 25333it [22:02:45,  7.09s/it, bound:1492 nc:3232 ncall:5.6e+07 eff:0.0% logz-ratio=112376.10+/-0.29 dlogz:0.081>0.01]25335it [22:02:56,  7.09s/it, bound:1493 nc:  1 ncall:5.6e+07 eff:0.0% logz-ratio=112376.13+/-0.30 dlogz:0.000>0.01] 25336it [22:07:20, 28.32s/it, bound:1493 nc:3476 ncall:5.6e+07 eff:0.0% logz-ratio=112376.10+/-0.29 dlogz:0.081>0.01]25338it [22:07:45, 25.26s/it, bound:1493 nc:3435 ncall:5.6e+07 eff:0.0% logz-ratio=112376.10+/-0.29 dlogz:0.080>0.01]25341it [22:07:45, 17.89s/it, bound:1493 nc:  1 ncall:5.6e+07 eff:0.0% logz-ratio=112376.11+/-0.29 dlogz:0.060>0.01] 25345it [22:07:45, 11.50s/it, bound:1493 nc:2963 ncall:5.6e+07 eff:0.0% logz-ratio=112376.10+/-0.29 dlogz:0.079>0.01]25349it [22:07:46,  7.63s/it, bound:1493 nc:4157 ncall:5.6e+07 eff:0.0% logz-ratio=112376.10+/-0.29 dlogz:0.079>0.01]25351it [22:07:56,  7.63s/it, bound:1494 nc:  1 ncall:5.6e+07 eff:0.0% logz-ratio=112376.13+/-0.30 dlogz:0.000>0.01] 25352it [22:12:01, 28.21s/it, bound:1494 nc:3627 ncall:5.6e+07 eff:0.0% logz-ratio=112376.10+/-0.29 dlogz:0.078>0.01]25355it [22:12:01, 20.45s/it, bound:1494 nc:  1 ncall:5.7e+07 eff:0.0% logz-ratio=112376.11+/-0.29 dlogz:0.042>0.01] 25359it [22:12:01, 13.42s/it, bound:1494 nc:  1 ncall:5.7e+07 eff:0.0% logz-ratio=112376.10+/-0.29 dlogz:0.075>0.01]25363it [22:12:01,  9.01s/it, bound:1494 nc:3680 ncall:5.7e+07 eff:0.0% logz-ratio=112376.10+/-0.29 dlogz:0.076>0.01]25367it [22:12:01,  6.14s/it, bound:1495 nc:3609 ncall:5.7e+07 eff:0.0% logz-ratio=112376.10+/-0.29 dlogz:0.076>0.01]25367it [22:12:16,  6.14s/it, bound:1495 nc:  1 ncall:5.7e+07 eff:0.0% logz-ratio=112376.13+/-0.30 dlogz:0.000>0.01] 25368it [22:17:11, 37.33s/it, bound:1495 nc:3193 ncall:5.7e+07 eff:0.0% logz-ratio=112376.10+/-0.29 dlogz:0.076>0.01]25371it [22:17:11, 25.94s/it, bound:1495 nc:  1 ncall:5.7e+07 eff:0.0% logz-ratio=112376.11+/-0.29 dlogz:0.054>0.01] 25375it [22:17:12, 16.42s/it, bound:1495 nc:3216 ncall:5.7e+07 eff:0.0% logz-ratio=112376.10+/-0.29 dlogz:0.075>0.01]25379it [22:17:12, 10.78s/it, bound:1495 nc:3917 ncall:5.7e+07 eff:0.0% logz-ratio=112376.10+/-0.29 dlogz:0.074>0.01]25382it [22:17:12,  7.89s/it, bound:1495 nc:3932 ncall:5.7e+07 eff:0.0% logz-ratio=112376.10+/-0.29 dlogz:0.074>0.01]25383it [22:17:26,  7.89s/it, bound:1496 nc:  1 ncall:5.7e+07 eff:0.0% logz-ratio=112376.13+/-0.30 dlogz:0.000>0.01] 25384it [22:22:41, 39.94s/it, bound:1496 nc:2380 ncall:5.7e+07 eff:0.0% logz-ratio=112376.10+/-0.29 dlogz:0.073>0.01]25386it [22:23:07, 33.85s/it, bound:1496 nc:3829 ncall:5.7e+07 eff:0.0% logz-ratio=112376.10+/-0.29 dlogz:0.073>0.01]25389it [22:23:08, 22.82s/it, bound:1496 nc:  1 ncall:5.7e+07 eff:0.0% logz-ratio=112376.11+/-0.29 dlogz:0.044>0.01] 25392it [22:23:08, 15.58s/it, bound:1496 nc:3116 ncall:5.7e+07 eff:0.0% logz-ratio=112376.10+/-0.29 dlogz:0.072>0.01]25395it [22:23:08, 10.73s/it, bound:1496 nc:  1 ncall:5.7e+07 eff:0.0% logz-ratio=112376.11+/-0.29 dlogz:0.055>0.01] 25398it [22:23:08,  7.43s/it, bound:1496 nc:3236 ncall:5.7e+07 eff:0.0% logz-ratio=112376.10+/-0.29 dlogz:0.071>0.01]25399it [22:23:26,  7.43s/it, bound:1497 nc:  1 ncall:5.7e+07 eff:0.0% logz-ratio=112376.13+/-0.30 dlogz:0.000>0.01] 25400it [22:28:45, 44.04s/it, bound:1497 nc:3381 ncall:5.7e+07 eff:0.0% logz-ratio=112376.11+/-0.29 dlogz:0.071>0.01]25403it [22:28:45, 29.63s/it, bound:1497 nc:  1 ncall:5.7e+07 eff:0.0% logz-ratio=112376.11+/-0.29 dlogz:0.059>0.01] 25406it [22:28:45, 20.21s/it, bound:1497 nc:3752 ncall:5.7e+07 eff:0.0% logz-ratio=112376.11+/-0.29 dlogz:0.070>0.01]25409it [22:28:46, 13.90s/it, bound:1497 nc:  1 ncall:5.7e+07 eff:0.0% logz-ratio=112376.12+/-0.29 dlogz:0.028>0.01] 25412it [22:28:46,  9.62s/it, bound:1497 nc:3103 ncall:5.7e+07 eff:0.0% logz-ratio=112376.11+/-0.29 dlogz:0.069>0.01]25415it [22:28:46,  6.68s/it, bound:1498 nc:3293 ncall:5.7e+07 eff:0.0% logz-ratio=112376.11+/-0.29 dlogz:0.069>0.01]25415it [22:28:56,  6.68s/it, bound:1498 nc:  1 ncall:5.7e+07 eff:0.0% logz-ratio=112376.13+/-0.30 dlogz:0.000>0.01] 25416it [22:34:21, 48.54s/it, bound:1498 nc:2656 ncall:5.7e+07 eff:0.0% logz-ratio=112376.11+/-0.29 dlogz:0.069>0.01]25418it [22:34:46, 38.83s/it, bound:1498 nc:3701 ncall:5.7e+07 eff:0.0% logz-ratio=112376.11+/-0.29 dlogz:0.069>0.01]25421it [22:34:46, 24.72s/it, bound:1498 nc:  1 ncall:5.7e+07 eff:0.0% logz-ratio=112376.11+/-0.29 dlogz:0.045>0.01] 25424it [22:34:46, 16.29s/it, bound:1498 nc:2892 ncall:5.7e+07 eff:0.0% logz-ratio=112376.11+/-0.29 dlogz:0.068>0.01]25427it [22:34:46, 10.95s/it, bound:1498 nc:  1 ncall:5.7e+07 eff:0.0% logz-ratio=112376.11+/-0.29 dlogz:0.057>0.01] 25430it [22:34:46,  7.48s/it, bound:1498 nc:4014 ncall:5.7e+07 eff:0.0% logz-ratio=112376.11+/-0.29 dlogz:0.067>0.01]25431it [22:34:57,  7.48s/it, bound:1499 nc:  1 ncall:5.7e+07 eff:0.0% logz-ratio=112376.13+/-0.30 dlogz:0.000>0.01] 25432it [22:40:07, 43.08s/it, bound:1499 nc:3379 ncall:5.7e+07 eff:0.0% logz-ratio=112376.11+/-0.29 dlogz:0.067>0.01]25435it [22:40:07, 28.74s/it, bound:1499 nc:  1 ncall:5.7e+07 eff:0.0% logz-ratio=112376.11+/-0.29 dlogz:0.049>0.01] 25438it [22:40:07, 19.49s/it, bound:1499 nc:3383 ncall:5.7e+07 eff:0.0% logz-ratio=112376.11+/-0.29 dlogz:0.066>0.01]25441it [22:40:07, 13.35s/it, bound:1499 nc:  1 ncall:5.7e+07 eff:0.0% logz-ratio=112376.11+/-0.29 dlogz:0.046>0.01] 25444it [22:40:07,  9.22s/it, bound:1499 nc:3457 ncall:5.7e+07 eff:0.0% logz-ratio=112376.11+/-0.29 dlogz:0.065>0.01]25447it [22:40:07,  6.40s/it, bound:1500 nc:  1 ncall:5.7e+07 eff:0.0% logz-ratio=112376.11+/-0.29 dlogz:0.052>0.01] 25447it [22:40:27,  6.40s/it, bound:1500 nc:  1 ncall:5.7e+07 eff:0.0% logz-ratio=112376.13+/-0.30 dlogz:0.000>0.01]25448it [22:45:26, 46.33s/it, bound:1500 nc:3530 ncall:5.7e+07 eff:0.0% logz-ratio=112376.11+/-0.29 dlogz:0.065>0.01]25450it [22:45:54, 37.66s/it, bound:1500 nc:2878 ncall:5.7e+07 eff:0.0% logz-ratio=112376.11+/-0.29 dlogz:0.064>0.01]25453it [22:45:54, 23.96s/it, bound:1500 nc:  1 ncall:5.7e+07 eff:0.0% logz-ratio=112376.11+/-0.29 dlogz:0.050>0.01] 25456it [22:45:54, 15.78s/it, bound:1500 nc:2817 ncall:5.7e+07 eff:0.0% logz-ratio=112376.11+/-0.29 dlogz:0.071>0.01]25459it [22:45:55, 10.61s/it, bound:1500 nc:  1 ncall:5.7e+07 eff:0.0% logz-ratio=112376.11+/-0.29 dlogz:0.052>0.01] 25462it [22:45:55,  7.24s/it, bound:1501 nc:6310 ncall:5.7e+07 eff:0.0% logz-ratio=112376.11+/-0.29 dlogz:0.070>0.01]25462it [22:46:07,  7.24s/it, bound:1501 nc:  1 ncall:5.7e+07 eff:0.0% logz-ratio=112376.13+/-0.30 dlogz:0.000>0.01] 25463it [22:51:16, 48.71s/it, bound:1501 nc:3257 ncall:5.7e+07 eff:0.0% logz-ratio=112376.11+/-0.29 dlogz:0.070>0.01]25466it [22:51:16, 31.12s/it, bound:1501 nc:  1 ncall:5.7e+07 eff:0.0% logz-ratio=112376.11+/-0.29 dlogz:0.056>0.01] 25469it [22:51:16, 20.54s/it, bound:1501 nc:3545 ncall:5.7e+07 eff:0.0% logz-ratio=112376.11+/-0.29 dlogz:0.069>0.01]25473it [22:51:16, 12.47s/it, bound:1501 nc:2428 ncall:5.7e+07 eff:0.0% logz-ratio=112376.11+/-0.29 dlogz:0.069>0.01]25477it [22:51:17,  8.00s/it, bound:1501 nc:3291 ncall:5.7e+07 eff:0.0% logz-ratio=112376.11+/-0.29 dlogz:0.068>0.01]25478it [22:51:27,  8.00s/it, bound:1502 nc:  1 ncall:5.7e+07 eff:0.0% logz-ratio=112376.13+/-0.30 dlogz:0.000>0.01] 25479it [22:56:46, 39.98s/it, bound:1502 nc:3143 ncall:5.7e+07 eff:0.0% logz-ratio=112376.11+/-0.29 dlogz:0.068>0.01]25481it [22:57:11, 33.81s/it, bound:1502 nc:4031 ncall:5.7e+07 eff:0.0% logz-ratio=112376.11+/-0.29 dlogz:0.068>0.01]25485it [22:57:11, 20.55s/it, bound:1502 nc:3477 ncall:5.7e+07 eff:0.0% logz-ratio=112376.11+/-0.29 dlogz:0.067>0.01]25489it [22:57:11, 13.18s/it, bound:1502 nc:3444 ncall:5.7e+07 eff:0.0% logz-ratio=112376.11+/-0.29 dlogz:0.067>0.01]25493it [22:57:11,  8.72s/it, bound:1502 nc:3730 ncall:5.7e+07 eff:0.0% logz-ratio=112376.11+/-0.29 dlogz:0.066>0.01]25494it [22:57:27,  8.72s/it, bound:1503 nc:  1 ncall:5.7e+07 eff:0.0% logz-ratio=112376.13+/-0.30 dlogz:0.000>0.01] 25495it [23:02:37, 38.83s/it, bound:1503 nc:2527 ncall:5.7e+07 eff:0.0% logz-ratio=112376.11+/-0.29 dlogz:0.066>0.01]25498it [23:02:38, 27.39s/it, bound:1503 nc:  1 ncall:5.7e+07 eff:0.0% logz-ratio=112376.11+/-0.29 dlogz:0.065>0.01] 25502it [23:02:38, 17.56s/it, bound:1503 nc:6998 ncall:5.7e+07 eff:0.0% logz-ratio=112376.11+/-0.29 dlogz:0.065>0.01]25505it [23:02:38, 12.69s/it, bound:1503 nc:2663 ncall:5.7e+07 eff:0.0% logz-ratio=112376.11+/-0.29 dlogz:0.065>0.01]25508it [23:02:38,  9.09s/it, bound:1503 nc:  1 ncall:5.7e+07 eff:0.0% logz-ratio=112376.12+/-0.29 dlogz:0.032>0.01] 25509it [23:02:57,  9.09s/it, bound:1504 nc:3319 ncall:5.7e+07 eff:0.0% logz-ratio=112376.11+/-0.29 dlogz:0.064>0.01]25510it [23:08:19, 43.51s/it, bound:1504 nc:3835 ncall:5.7e+07 eff:0.0% logz-ratio=112376.11+/-0.29 dlogz:0.064>0.01]25511it [23:08:43, 40.91s/it, bound:1504 nc:3514 ncall:5.7e+07 eff:0.0% logz-ratio=112376.11+/-0.29 dlogz:0.064>0.01]25515it [23:08:43, 23.33s/it, bound:1504 nc:3549 ncall:5.7e+07 eff:0.0% logz-ratio=112376.11+/-0.29 dlogz:0.063>0.01]25519it [23:08:43, 14.46s/it, bound:1504 nc:3218 ncall:5.7e+07 eff:0.0% logz-ratio=112376.11+/-0.29 dlogz:0.063>0.01]25523it [23:08:43,  9.38s/it, bound:1504 nc:3944 ncall:5.7e+07 eff:0.0% logz-ratio=112376.11+/-0.29 dlogz:0.062>0.01]25525it [23:08:57,  9.38s/it, bound:1505 nc:3688 ncall:5.7e+07 eff:0.0% logz-ratio=112376.11+/-0.29 dlogz:0.062>0.01]25526it [23:14:10, 36.67s/it, bound:1505 nc:3370 ncall:5.7e+07 eff:0.0% logz-ratio=112376.11+/-0.29 dlogz:0.062>0.01]25528it [23:14:10, 29.09s/it, bound:1505 nc:  1 ncall:5.7e+07 eff:0.0% logz-ratio=112376.12+/-0.29 dlogz:0.043>0.01] 25531it [23:14:11, 20.17s/it, bound:1505 nc:3679 ncall:5.7e+07 eff:0.0% logz-ratio=112376.11+/-0.29 dlogz:0.061>0.01]25534it [23:14:11, 14.03s/it, bound:1505 nc:  1 ncall:5.7e+07 eff:0.0% logz-ratio=112376.12+/-0.29 dlogz:0.039>0.01] 25537it [23:14:11,  9.79s/it, bound:1505 nc:3577 ncall:5.7e+07 eff:0.0% logz-ratio=112376.11+/-0.29 dlogz:0.061>0.01]25540it [23:14:11,  6.84s/it, bound:1505 nc:  1 ncall:5.7e+07 eff:0.0% logz-ratio=112376.12+/-0.29 dlogz:0.044>0.01] 25541it [23:14:27,  6.84s/it, bound:1506 nc:3347 ncall:5.7e+07 eff:0.0% logz-ratio=112376.11+/-0.29 dlogz:0.060>0.01]25542it [23:19:42, 42.35s/it, bound:1506 nc:3012 ncall:5.7e+07 eff:0.0% logz-ratio=112376.11+/-0.29 dlogz:0.060>0.01]25543it [23:20:08, 40.01s/it, bound:1506 nc:3691 ncall:5.7e+07 eff:0.0% logz-ratio=112376.11+/-0.29 dlogz:0.060>0.01]25546it [23:20:08, 25.17s/it, bound:1506 nc:  1 ncall:5.7e+07 eff:0.0% logz-ratio=112376.12+/-0.29 dlogz:0.045>0.01] 25549it [23:20:08, 16.46s/it, bound:1506 nc:3673 ncall:5.7e+07 eff:0.0% logz-ratio=112376.11+/-0.29 dlogz:0.059>0.01]25552it [23:20:08, 11.02s/it, bound:1506 nc:  1 ncall:5.7e+07 eff:0.0% logz-ratio=112376.12+/-0.29 dlogz:0.036>0.01] 25555it [23:20:08,  7.50s/it, bound:1506 nc:3194 ncall:5.7e+07 eff:0.0% logz-ratio=112376.11+/-0.29 dlogz:0.059>0.01]25557it [23:20:27,  7.50s/it, bound:1507 nc:3778 ncall:5.7e+07 eff:0.0% logz-ratio=112376.11+/-0.29 dlogz:0.058>0.01]25558it [23:25:48, 40.75s/it, bound:1507 nc:3445 ncall:5.7e+07 eff:0.0% logz-ratio=112376.11+/-0.29 dlogz:0.058>0.01]25560it [23:25:48, 31.37s/it, bound:1507 nc:  1 ncall:5.7e+07 eff:0.0% logz-ratio=112376.12+/-0.29 dlogz:0.039>0.01] 25563it [23:25:48, 21.02s/it, bound:1507 nc:3001 ncall:5.7e+07 eff:0.0% logz-ratio=112376.11+/-0.29 dlogz:0.058>0.01]25566it [23:25:48, 14.29s/it, bound:1507 nc:  1 ncall:5.7e+07 eff:0.0% logz-ratio=112376.12+/-0.29 dlogz:0.044>0.01] 25569it [23:25:48,  9.81s/it, bound:1507 nc:3485 ncall:5.7e+07 eff:0.0% logz-ratio=112376.11+/-0.29 dlogz:0.057>0.01]25572it [23:25:48,  6.78s/it, bound:1507 nc:  1 ncall:5.7e+07 eff:0.0% logz-ratio=112376.12+/-0.29 dlogz:0.034>0.01] 25573it [23:26:07,  6.78s/it, bound:1508 nc:3174 ncall:5.7e+07 eff:0.0% logz-ratio=112376.11+/-0.29 dlogz:0.057>0.01]25574it [23:31:11, 41.95s/it, bound:1508 nc:2916 ncall:5.7e+07 eff:0.0% logz-ratio=112376.11+/-0.29 dlogz:0.056>0.01]25575it [23:31:38, 39.89s/it, bound:1508 nc:3203 ncall:5.7e+07 eff:0.0% logz-ratio=112376.11+/-0.29 dlogz:0.056>0.01]25577it [23:31:38, 28.54s/it, bound:1508 nc:3674 ncall:5.7e+07 eff:0.0% logz-ratio=112376.11+/-0.29 dlogz:0.056>0.01]25580it [23:31:38, 17.71s/it, bound:1508 nc:  1 ncall:5.7e+07 eff:0.0% logz-ratio=112376.12+/-0.29 dlogz:0.038>0.01] 25583it [23:31:38, 11.50s/it, bound:1508 nc:3517 ncall:5.7e+07 eff:0.0% logz-ratio=112376.11+/-0.29 dlogz:0.055>0.01]25586it [23:31:39,  7.67s/it, bound:1508 nc:  1 ncall:5.7e+07 eff:0.0% logz-ratio=112376.12+/-0.29 dlogz:0.037>0.01] 25589it [23:31:39,  5.20s/it, bound:1509 nc:2873 ncall:5.7e+07 eff:0.0% logz-ratio=112376.11+/-0.29 dlogz:0.055>0.01]25589it [23:31:58,  5.20s/it, bound:1509 nc:2873 ncall:5.7e+07 eff:0.0% logz-ratio=112376.11+/-0.29 dlogz:0.055>0.01]25590it [23:35:47, 37.61s/it, bound:1509 nc:2746 ncall:5.7e+07 eff:0.0% logz-ratio=112376.11+/-0.29 dlogz:0.055>0.01]25594it [23:35:47, 21.35s/it, bound:1509 nc:  1 ncall:5.7e+07 eff:0.0% logz-ratio=112376.11+/-0.29 dlogz:0.054>0.01] 25598it [23:35:47, 13.21s/it, bound:1509 nc:  1 ncall:5.7e+07 eff:0.0% logz-ratio=112376.11+/-0.29 dlogz:0.054>0.01]25602it [23:35:47,  8.55s/it, bound:1509 nc:3676 ncall:5.7e+07 eff:0.0% logz-ratio=112376.11+/-0.29 dlogz:0.053>0.01]25605it [23:35:58,  8.55s/it, bound:1510 nc:3498 ncall:5.7e+07 eff:0.0% logz-ratio=112376.11+/-0.29 dlogz:0.053>0.01]25606it [23:39:28, 24.22s/it, bound:1510 nc:3344 ncall:5.7e+07 eff:0.0% logz-ratio=112376.11+/-0.29 dlogz:0.053>0.01]25608it [23:39:28, 19.55s/it, bound:1510 nc:  1 ncall:5.7e+07 eff:0.0% logz-ratio=112376.13+/-0.29 dlogz:0.005>0.01] 25612it [23:39:28, 12.60s/it, bound:1510 nc:  1 ncall:5.7e+07 eff:0.0% logz-ratio=112376.13+/-0.29 dlogz:0.014>0.01]25616it [23:39:29,  8.37s/it, bound:1510 nc:  1 ncall:5.7e+07 eff:0.0% logz-ratio=112376.13+/-0.29 dlogz:0.007>0.01]25620it [23:39:29,  5.66s/it, bound:1510 nc:  1 ncall:5.7e+07 eff:0.0% logz-ratio=112376.11+/-0.29 dlogz:0.050>0.01]25621it [23:39:48,  5.66s/it, bound:1511 nc:3726 ncall:5.7e+07 eff:0.0% logz-ratio=112376.11+/-0.29 dlogz:0.051>0.01]25622it [23:44:10, 31.13s/it, bound:1511 nc:3429 ncall:5.7e+07 eff:0.0% logz-ratio=112376.11+/-0.29 dlogz:0.051>0.01]25623it [23:44:37, 30.63s/it, bound:1511 nc:3290 ncall:5.7e+07 eff:0.0% logz-ratio=112376.11+/-0.29 dlogz:0.051>0.01]25627it [23:44:38, 18.27s/it, bound:1511 nc:3874 ncall:5.7e+07 eff:0.0% logz-ratio=112376.11+/-0.29 dlogz:0.051>0.01]25631it [23:44:38, 11.60s/it, bound:1511 nc:3400 ncall:5.7e+07 eff:0.0% logz-ratio=112376.11+/-0.29 dlogz:0.050>0.01]25635it [23:44:38,  7.63s/it, bound:1511 nc:3342 ncall:5.7e+07 eff:0.0% logz-ratio=112376.11+/-0.29 dlogz:0.050>0.01]25637it [23:44:58,  7.63s/it, bound:1512 nc:3465 ncall:5.7e+07 eff:0.0% logz-ratio=112376.11+/-0.29 dlogz:0.050>0.01]25638it [23:50:10, 35.34s/it, bound:1512 nc:3683 ncall:5.7e+07 eff:0.0% logz-ratio=112376.11+/-0.29 dlogz:0.050>0.01]25640it [23:50:10, 28.15s/it, bound:1512 nc:  1 ncall:5.7e+07 eff:0.0% logz-ratio=112376.12+/-0.29 dlogz:0.031>0.01] 25644it [23:50:10, 17.80s/it, bound:1512 nc:3150 ncall:5.8e+07 eff:0.0% logz-ratio=112376.11+/-0.29 dlogz:0.049>0.01]25647it [23:50:10, 12.78s/it, bound:1512 nc:2825 ncall:5.8e+07 eff:0.0% logz-ratio=112376.11+/-0.29 dlogz:0.049>0.01]25650it [23:50:10,  9.11s/it, bound:1512 nc:  1 ncall:5.8e+07 eff:0.0% logz-ratio=112376.12+/-0.29 dlogz:0.034>0.01] 25653it [23:50:11,  6.47s/it, bound:1513 nc:3448 ncall:5.8e+07 eff:0.0% logz-ratio=112376.11+/-0.29 dlogz:0.048>0.01]25653it [23:50:28,  6.47s/it, bound:1513 nc:3448 ncall:5.8e+07 eff:0.0% logz-ratio=112376.11+/-0.29 dlogz:0.048>0.01]25654it [23:54:38, 38.29s/it, bound:1513 nc:3332 ncall:5.8e+07 eff:0.0% logz-ratio=112376.11+/-0.29 dlogz:0.048>0.01]25655it [23:55:03, 36.32s/it, bound:1513 nc:3746 ncall:5.8e+07 eff:0.0% logz-ratio=112376.11+/-0.29 dlogz:0.048>0.01]25658it [23:55:03, 22.22s/it, bound:1513 nc:  1 ncall:5.8e+07 eff:0.0% logz-ratio=112376.12+/-0.29 dlogz:0.032>0.01] 25661it [23:55:03, 14.31s/it, bound:1513 nc:2777 ncall:5.8e+07 eff:0.0% logz-ratio=112376.11+/-0.29 dlogz:0.047>0.01]25664it [23:55:04,  9.49s/it, bound:1513 nc:  1 ncall:5.8e+07 eff:0.0% logz-ratio=112376.12+/-0.29 dlogz:0.028>0.01] 25667it [23:55:04,  6.41s/it, bound:1513 nc:3635 ncall:5.8e+07 eff:0.0% logz-ratio=112376.11+/-0.29 dlogz:0.047>0.01]25669it [23:55:18,  6.41s/it, bound:1514 nc:3726 ncall:5.8e+07 eff:0.0% logz-ratio=112376.11+/-0.29 dlogz:0.047>0.01]