# combined A posterior from 83 runs in ., prior=uniform, excluded []; 90% CI [-8.013e-03, 7.182e-03]; 90% UL on |A| 7.659e-03
-1.000000000000000021e-02 2.388502291901024321e+01
-9.990000000000000616e-03 2.388521647780235924e+01
-9.980000000000001023e-03 2.388559913548991531e+01
-9.969999999999999696e-03 2.388617090554966182e+01
-9.960000000000000103e-03 2.388693180298238161e+01
-9.950000000000000511e-03 2.388788184430365646e+01
-9.940000000000000918e-03 2.388902104755354117e+01
-9.929999999999999591e-03 2.389034943226521079e+01
-9.919999999999999998e-03 2.389186701952316128e+01
-9.910000000000000406e-03 2.389357383190167639e+01
-9.900000000000000813e-03 2.389546989350906969e+01
-9.889999999999999486e-03 2.389755522997061377e+01
-9.879999999999999893e-03 2.389982986842760937e+01
-9.870000000000000301e-03 2.390229383754038750e+01
-9.860000000000000708e-03 2.390494716751412341e+01
-9.849999999999999381e-03 2.390778989004311228e+01
-9.839999999999999789e-03 2.391082203834714193e+01
-9.830000000000000196e-03 2.391404364719004505e+01
-9.820000000000000603e-03 2.391745475282478139e+01
-9.810000000000001011e-03 2.392105539306870199e+01
-9.799999999999999684e-03 2.392484560720881248e+01
-9.790000000000000091e-03 2.392882543609441726e+01
-9.780000000000000498e-03 2.393299492205558821e+01
-9.770000000000000906e-03 2.393735410897784632e+01
-9.759999999999999579e-03 2.394190304225421784e+01
-9.749999999999999986e-03 2.394664176877527240e+01
-9.740000000000000394e-03 2.395157033697605442e+01
-9.730000000000000801e-03 2.395668879679039520e+01
-9.719999999999999474e-03 2.396199719967438568e+01
-9.709999999999999881e-03 2.396749559859570056e+01
-9.700000000000000289e-03 2.397318404803631964e+01
-9.690000000000000696e-03 2.397906260398150735e+01
-9.679999999999999369e-03 2.398513132394126046e+01
-9.669999999999999776e-03 2.399139026691851129e+01
-9.660000000000000184e-03 2.399783949343840561e+01
-9.650000000000000591e-03 2.400447906551478638e+01
-9.640000000000000999e-03 2.401130904667915544e+01
-9.629999999999999671e-03 2.401832950195631966e+01
-9.620000000000000079e-03 2.402554049787259416e+01
-9.610000000000000486e-03 2.403294210244881768e+01
-9.600000000000000894e-03 2.404053438520411845e+01
-9.589999999999999566e-03 2.404831741717183746e+01
-9.579999999999999974e-03 2.405629127082914209e+01
-9.570000000000000381e-03 2.406445602017959118e+01
-9.560000000000000789e-03 2.407281174071110286e+01
-9.549999999999999462e-03 2.408135850937700084e+01
-9.539999999999999869e-03 2.409009640462068447e+01
-9.530000000000000276e-03 2.409902550635901264e+01
-9.520000000000000684e-03 2.410814589599985069e+01
-9.509999999999999357e-03 2.411745765640183237e+01
-9.499999999999999764e-03 2.412696087191346095e+01
-9.490000000000000172e-03 2.413665562832842681e+01
-9.480000000000000579e-03 2.414654201292164615e+01
-9.469999999999999252e-03 2.415662011442617185e+01
-9.459999999999999659e-03 2.416689002301126976e+01
-9.450000000000000067e-03 2.417735183032350932e+01
-9.440000000000000474e-03 2.418800562943701493e+01
-9.430000000000000882e-03 2.419885151489289754e+01
-9.419999999999999554e-03 2.420988958266152125e+01
-9.409999999999999962e-03 2.422111993015683140e+01
-9.400000000000000369e-03 2.423254265620929715e+01
-9.390000000000000777e-03 2.424415786110881754e+01
-9.379999999999999449e-03 2.425596564655253573e+01
-9.369999999999999857e-03 2.426796611565577066e+01
-9.360000000000000264e-03 2.428015937295452176e+01
-9.350000000000000672e-03 2.429254552441480541e+01
-9.339999999999999344e-03 2.430512467738511262e+01
-9.329999999999999752e-03 2.431789694063025564e+01
-9.320000000000000159e-03 2.433086242432217361e+01
-9.310000000000000567e-03 2.434402124001125856e+01
-9.299999999999999239e-03 2.435737350064034956e+01
-9.289999999999999647e-03 2.437091932055997034e+01
-9.280000000000000054e-03 2.438465881545068115e+01
-9.270000000000000462e-03 2.439859210242102705e+01
-9.260000000000000869e-03 2.441271929991294343e+01
-9.249999999999999542e-03 2.442704052775513190e+01
-9.239999999999999949e-03 2.444155590711788051e+01
-9.230000000000000357e-03 2.445626556052739176e+01
-9.220000000000000764e-03 2.447116961186880957e+01
-9.209999999999999437e-03 2.448626818635579738e+01
-9.199999999999999845e-03 2.450156141053321690e+01
-9.190000000000000252e-03 2.451704941230482504e+01
-9.180000000000000659e-03 2.453273232085627242e+01
-9.169999999999999332e-03 2.454861026672843849e+01
-9.159999999999999740e-03 2.456468338175265487e+01
-9.150000000000000147e-03 2.458095179907633110e+01
-9.140000000000000555e-03 2.459741565313825973e+01
-9.129999999999999227e-03 2.461407507967442498e+01
-9.119999999999999635e-03 2.463093021570412944e+01
-9.110000000000000042e-03 2.464798119952709499e+01
-9.100000000000000450e-03 2.466522817073032314e+01
-9.090000000000000857e-03 2.468267127012877893e+01
-9.079999999999999530e-03 2.470031063983778807e+01
-9.069999999999999937e-03 2.471814642320504873e+01
-9.060000000000000345e-03 2.473617876483364597e+01
-9.050000000000000752e-03 2.475440781054588157e+01
-9.039999999999999425e-03 2.477283370740042656e+01
-9.029999999999999832e-03 2.479145660370650006e+01
-9.020000000000000240e-03 2.481027664896191709e+01
-9.010000000000000647e-03 2.482929399385841052e+01
-9.000000000000001055e-03 2.484850879033916016e+01
-8.989999999999999727e-03 2.486792119148965696e+01
-8.980000000000000135e-03 2.488753135161039154e+01
-8.970000000000000542e-03 2.490733942615817043e+01
-8.959999999999999215e-03 2.492734557177622889e+01
-8.949999999999999623e-03 2.494754994626200784e+01
-8.940000000000000030e-03 2.496795270856730298e+01
-8.930000000000000437e-03 2.498855401879262317e+01
-8.920000000000000845e-03 2.500935403815721259e+01
-8.909999999999999518e-03 2.503035292903711451e+01
-8.899999999999999925e-03 2.505155085488657107e+01
-8.890000000000000333e-03 2.507294798030426364e+01
-8.880000000000000740e-03 2.509454447098565666e+01
-8.869999999999999413e-03 2.511634049371642519e+01
-8.859999999999999820e-03 2.513833621633711957e+01
-8.850000000000000228e-03 2.516053180782055421e+01
-8.840000000000000635e-03 2.518292743815196744e+01
-8.830000000000001042e-03 2.520552327839034845e+01
-8.819999999999999715e-03 2.522831950066981221e+01
-8.810000000000000123e-03 2.525131627810471002e+01
-8.800000000000000530e-03 2.527451378487939238e+01
-8.789999999999999203e-03 2.529791219620329557e+01
-8.779999999999999610e-03 2.532151168825981813e+01
-8.770000000000000018e-03 2.534531243824133284e+01
-8.760000000000000425e-03 2.536931462435689255e+01
-8.750000000000000833e-03 2.539351842575322493e+01
-8.739999999999999505e-03 2.541792402257974004e+01
-8.729999999999999913e-03 2.544253159591783131e+01
-8.720000000000000320e-03 2.546734132781390869e+01
-8.710000000000000728e-03 2.549235340123867744e+01
-8.699999999999999400e-03 2.551756800010982573e+01
-8.689999999999999808e-03 2.554298530924227251e+01
-8.680000000000000215e-03 2.556860551435608997e+01
-8.670000000000000623e-03 2.559442880209314808e+01
-8.660000000000001030e-03 2.562045535993474843e+01
-8.649999999999999703e-03 2.564668537628780243e+01
-8.640000000000000110e-03 2.567311904035832626e+01
-8.630000000000000518e-03 2.569975654226816886e+01
-8.619999999999999191e-03 2.572659807293388923e+01
-8.609999999999999598e-03 2.575364382411320818e+01
-8.600000000000000006e-03 2.578089398838577750e+01
-8.590000000000000413e-03 2.580834875913808446e+01
-8.580000000000000820e-03 2.583600833052179979e+01
-8.569999999999999493e-03 2.586387289751320395e+01
-8.559999999999999901e-03 2.589194265582432308e+01
-8.550000000000000308e-03 2.592021780194746228e+01
-8.540000000000000716e-03 2.594869853309231189e+01
-8.529999999999999388e-03 2.597738504722740061e+01
-8.519999999999999796e-03 2.600627754304049333e+01
-8.510000000000000203e-03 2.603537621990897932e+01
-8.500000000000000611e-03 2.606468127792931000e+01
-8.490000000000001018e-03 2.609419291786200645e+01
-8.479999999999999691e-03 2.612391134114606572e+01
-8.470000000000000098e-03 2.615383674989105600e+01
-8.460000000000000506e-03 2.618396934682898092e+01
-8.449999999999999178e-03 2.621430933532833407e+01
-8.439999999999999586e-03 2.624485691939623067e+01
-8.429999999999999993e-03 2.627561230363425437e+01
-8.420000000000000401e-03 2.630657569322531941e+01
-8.410000000000000808e-03 2.633774729395038250e+01
-8.399999999999999481e-03 2.636912731212872885e+01
-8.389999999999999888e-03 2.640071595467340160e+01
-8.380000000000000296e-03 2.643251342899220546e+01
-8.370000000000000703e-03 2.646451994305645883e+01
-8.359999999999999376e-03 2.649673570531204092e+01
-8.349999999999999784e-03 2.652916092474211140e+01
-8.340000000000000191e-03 2.656179581076715834e+01
-8.330000000000000598e-03 2.659464057331508613e+01
-8.320000000000001006e-03 2.662769542273901280e+01
-8.309999999999999679e-03 2.666096056985403706e+01
-8.300000000000000086e-03 2.669443622588331877e+01
-8.290000000000000493e-03 2.672812260249024874e+01
-8.279999999999999166e-03 2.676201991168616345e+01
-8.269999999999999574e-03 2.679612836589572211e+01
-8.259999999999999981e-03 2.683044817792820780e+01
-8.250000000000000389e-03 2.686497956091044159e+01
-8.240000000000000796e-03 2.689972272830324229e+01
-8.229999999999999469e-03 2.693467789392412470e+01
-8.219999999999999876e-03 2.696984527185520975e+01
-8.210000000000000284e-03 2.700522507649624870e+01
-8.200000000000000691e-03 2.704081752251808624e+01
-8.189999999999999364e-03 2.707662282484661631e+01
-8.179999999999999771e-03 2.711264119865426636e+01
-8.170000000000000179e-03 2.714887285933600936e+01
-8.160000000000000586e-03 2.718531802250214824e+01
-8.150000000000000994e-03 2.722197690396335901e+01
-8.139999999999999666e-03 2.725884971970319626e+01
-8.130000000000000074e-03 2.729593668587987310e+01
-8.120000000000000481e-03 2.733323801878143655e+01
-8.109999999999999154e-03 2.737075393485377717e+01
-8.099999999999999561e-03 2.740848465061972661e+01
-8.089999999999999969e-03 2.744643038274424640e+01
-8.080000000000000376e-03 2.748459134793608527e+01
-8.070000000000000784e-03 2.752296776297694691e+01
-8.059999999999999457e-03 2.756155984473056719e+01
-8.049999999999999864e-03 2.760036781004203732e+01
-8.040000000000000271e-03 2.763939187579028811e+01
-8.030000000000000679e-03 2.767863225886401324e+01
-8.019999999999999352e-03 2.771808917611681267e+01
-8.009999999999999759e-03 2.775776284435210428e+01
-8.000000000000000167e-03 2.779765348035365591e+01
-7.990000000000000574e-03 2.783776130078198818e+01
-7.980000000000000981e-03 2.787808652226321371e+01
-7.969999999999999654e-03 2.791862936126287309e+01
-7.960000000000000062e-03 2.795939003415897162e+01
-7.950000000000000469e-03 2.800036875715653295e+01
-7.939999999999999142e-03 2.804156574631621623e+01
-7.929999999999999549e-03 2.808298121749703569e+01
-7.919999999999999957e-03 2.812461538638497061e+01
-7.910000000000000364e-03 2.816646846842740004e+01
-7.900000000000000772e-03 2.820854067885041161e+01
-7.889999999999999444e-03 2.825083223261044907e+01
-7.879999999999999852e-03 2.829334334439067788e+01
-7.870000000000000259e-03 2.833607422860216118e+01
-7.860000000000000667e-03 2.837902509931575779e+01
-7.849999999999999339e-03 2.842219617030014689e+01
-7.839999999999999747e-03 2.846558765495664289e+01
-7.830000000000000154e-03 2.850919976631511332e+01
-7.820000000000000562e-03 2.855303271703479950e+01
-7.810000000000000102e-03 2.859708671934506796e+01
-7.799999999999999642e-03 2.864136198507524966e+01
-7.790000000000000049e-03 2.868585872558371008e+01
-7.780000000000000457e-03 2.873057715176314986e+01
-7.769999999999999997e-03 2.877551747404273641e+01
-7.759999999999999537e-03 2.882067990233301913e+01
-7.749999999999999944e-03 2.886606464600650312e+01
-7.740000000000000352e-03 2.891167191390609048e+01
-7.729999999999999892e-03 2.895750191431912057e+01
-7.719999999999999432e-03 2.900355485490509722e+01
-7.709999999999999840e-03 2.904983094275824840e+01
-7.700000000000000247e-03 2.909633038432687613e+01
-7.690000000000000654e-03 2.914305338540825119e+01
-7.680000000000000195e-03 2.919000015113859448e+01
-7.669999999999999735e-03 2.923717088596976410e+01
-7.660000000000000142e-03 2.928456579363585988e+01
-7.650000000000000550e-03 2.933218507713126044e+01
-7.640000000000000090e-03 2.938002893872700128e+01
-7.629999999999999630e-03 2.942809757988038655e+01
-7.620000000000000037e-03 2.947639120128452461e+01
-7.610000000000000445e-03 2.952491000281951727e+01
-7.599999999999999985e-03 2.957365418350159558e+01
-7.589999999999999525e-03 2.962262394151099443e+01
-7.579999999999999932e-03 2.967181947412076681e+01
-7.570000000000000340e-03 2.972124097775507323e+01
-7.559999999999999880e-03 2.977088864785363143e+01
-7.549999999999999420e-03 2.982076267894165866e+01
-7.539999999999999827e-03 2.987086326457003693e+01
-7.530000000000000235e-03 2.992119059730934083e+01
-7.520000000000000642e-03 2.997174486870141763e+01
-7.510000000000000182e-03 3.002252626926692258e+01
-7.499999999999999722e-03 3.007353498846864071e+01
-7.490000000000000130e-03 3.012477121467802732e+01
-7.480000000000000537e-03 3.017623513517239431e+01
-7.470000000000000077e-03 3.022792693611167181e+01
-7.459999999999999618e-03 3.027984680249782556e+01
-7.450000000000000025e-03 3.033199491818578863e+01
-7.440000000000000432e-03 3.038437146579272152e+01
-7.429999999999999973e-03 3.043697662675707605e+01
-7.419999999999999513e-03 3.048981058128402211e+01
-7.409999999999999920e-03 3.054287350828876413e+01
-7.400000000000000328e-03 3.059616558540376730e+01
-7.389999999999999868e-03 3.064968698897929755e+01
-7.379999999999999408e-03 3.070343789402478407e+01
-7.369999999999999815e-03 3.075741847416552943e+01
-7.360000000000000223e-03 3.081162890167088264e+01
-7.350000000000000630e-03 3.086606934743033293e+01
-7.340000000000000170e-03 3.092073998085394138e+01
-7.329999999999999710e-03 3.097564096994796401e+01
-7.320000000000000118e-03 3.103077248120981935e+01
-7.310000000000000525e-03 3.108613467967409605e+01
-7.300000000000000065e-03 3.114172772882118778e+01
-7.289999999999999605e-03 3.119755179059505323e+01
-7.280000000000000013e-03 3.125360702536992363e+01
-7.270000000000000420e-03 3.130989359194706978e+01
-7.259999999999999960e-03 3.136641164746441035e+01
-7.249999999999999500e-03 3.142316134744819678e+01
-7.239999999999999908e-03 3.148014284573849864e+01
-7.230000000000000315e-03 3.153735629448935285e+01
-7.219999999999999855e-03 3.159480184415474824e+01
-7.209999999999999395e-03 3.165247964340095876e+01
-7.199999999999999803e-03 3.171038983915872933e+01
-7.190000000000000210e-03 3.176853257657328555e+01
-7.180000000000000618e-03 3.182690799894684730e+01
-7.170000000000000158e-03 3.188551624774235194e+01
-7.159999999999999698e-03 3.194435746257108732e+01
-7.150000000000000105e-03 3.200343178114772513e+01
-7.140000000000000513e-03 3.206273933924505570e+01
-7.130000000000000053e-03 3.212228027071785874e+01
-7.119999999999999593e-03 3.218205470745050434e+01
-7.110000000000000001e-03 3.224206277929314268e+01
-7.100000000000000408e-03 3.230230461412236309e+01
-7.089999999999999948e-03 3.236278033774635077e+01
-7.079999999999999488e-03 3.242349007390517812e+01
-7.069999999999999896e-03 3.248443394422321973e+01
-7.060000000000000303e-03 3.254561206822985042e+01
-7.049999999999999843e-03 3.260702456327309307e+01
-7.039999999999999383e-03 3.266867154456067368e+01
-7.029999999999999791e-03 3.273055312505116632e+01
-7.020000000000000198e-03 3.279266941551188097e+01
-7.010000000000000606e-03 3.285502052443764143e+01
-7.000000000000000146e-03 3.291760655804936420e+01
-6.989999999999999686e-03 3.298042762025170305e+01
-6.980000000000000093e-03 3.304348381262420986e+01
-6.970000000000000501e-03 3.310677523437511383e+01
-6.960000000000000041e-03 3.317030198232691163e+01
-6.949999999999999581e-03 3.323406415088502541e+01
-6.939999999999999988e-03 3.329806183202915548e+01
-6.930000000000000396e-03 3.336229511525550606e+01
-6.919999999999999936e-03 3.342676408757753848e+01
-6.909999999999999476e-03 3.349146883345087389e+01
-6.899999999999999883e-03 3.355640943483498262e+01
-6.890000000000000291e-03 3.362158597108960834e+01
-6.879999999999999831e-03 3.368699851896033692e+01
-6.869999999999999371e-03 3.375264715256611225e+01
-6.859999999999999779e-03 3.381853194340632029e+01
-6.850000000000000186e-03 3.388465296023321827e+01
-6.840000000000000593e-03 3.395101026913765452e+01
-6.830000000000000134e-03 3.401760393344250843e+01
-6.819999999999999674e-03 3.408443401371550152e+01
-6.810000000000000081e-03 3.415150056773579479e+01
-6.800000000000000488e-03 3.421880365044886929e+01
-6.790000000000000029e-03 3.428634331394071211e+01
-6.779999999999999569e-03 3.435411960747646987e+01
-6.769999999999999976e-03 3.442213257733048692e+01
-6.760000000000000384e-03 3.449038226692642439e+01
-6.749999999999999924e-03 3.455886871667689775e+01
-6.739999999999999464e-03 3.462759196402419803e+01
-6.729999999999999871e-03 3.469655204340103438e+01
-6.720000000000000279e-03 3.476574898616745202e+01
-6.709999999999999819e-03 3.483518282066216187e+01
-6.699999999999999359e-03 3.490485357209013273e+01
-6.689999999999999766e-03 3.497476126251463313e+01
-6.680000000000000174e-03 3.504490591087933637e+01
-6.670000000000000581e-03 3.511528753294724936e+01
-6.660000000000000121e-03 3.518590614122928883e+01
-6.649999999999999661e-03 3.525676174502450522e+01
-6.640000000000000069e-03 3.532785435037090593e+01
-6.630000000000000476e-03 3.539918395998587641e+01
-6.620000000000000016e-03 3.547075057328094516e+01
-6.609999999999999556e-03 3.554255418631640140e+01
-6.599999999999999964e-03 3.561459479176393472e+01
-6.590000000000000371e-03 3.568687237889748332e+01
-6.579999999999999911e-03 3.575938693351938724e+01
-6.569999999999999452e-03 3.583213843800209020e+01
-6.559999999999999859e-03 3.590512687122459567e+01
-6.550000000000000266e-03 3.597835220852898885e+01
-6.539999999999999807e-03 3.605181442168912298e+01
-6.529999999999999347e-03 3.612551347894088138e+01
-6.519999999999999754e-03 3.619944934489184618e+01
-6.510000000000000162e-03 3.627362198047762831e+01
-6.500000000000000569e-03 3.634803134303997751e+01
-6.490000000000000109e-03 3.642267738617853468e+01
-6.479999999999999649e-03 3.649756005975876860e+01
-6.470000000000000057e-03 3.657267930994541416e+01
-6.460000000000000464e-03 3.664803507908255398e+01
-6.450000000000000004e-03 3.672362730572292833e+01
-6.439999999999999544e-03 3.679945592457012538e+01
-6.429999999999999952e-03 3.687552086649386496e+01
-6.420000000000000359e-03 3.695182205840937684e+01
-6.409999999999999899e-03 3.702835942337872410e+01
-6.399999999999999439e-03 3.710513288046711722e+01
-6.389999999999999847e-03 3.718214234477321867e+01
-6.380000000000000254e-03 3.725938772737980287e+01
-6.369999999999999794e-03 3.733686893534878237e+01
-6.359999999999999334e-03 3.741458587165489291e+01
-6.349999999999999742e-03 3.749253843519573337e+01
-6.340000000000000149e-03 3.757072652074895558e+01
-6.330000000000000557e-03 3.764915001890368274e+01
-6.320000000000000097e-03 3.772780881611369352e+01
-6.309999999999999637e-03 3.780670279459916117e+01
-6.300000000000000044e-03 3.788583183233591711e+01
-6.290000000000000452e-03 3.796519580306866004e+01
-6.279999999999999992e-03 3.804479457619083149e+01
-6.269999999999999532e-03 3.812462801681397195e+01
-6.259999999999999939e-03 3.820469598567996883e+01
-6.250000000000000347e-03 3.828499833915314099e+01
-6.239999999999999887e-03 3.836553492919737351e+01
-6.229999999999999427e-03 3.844630560332721814e+01
-6.219999999999999835e-03 3.852731020458946176e+01
-6.210000000000000242e-03 3.860854857151859676e+01
-6.199999999999999782e-03 3.869002053817796138e+01
-6.189999999999999322e-03 3.877172593401887468e+01
-6.179999999999999730e-03 3.885366458394169342e+01
-6.170000000000000137e-03 3.893583630821201069e+01
-6.159999999999999677e-03 3.901824092251151654e+01
-6.150000000000000085e-03 3.910087823779441862e+01
-6.139999999999999625e-03 3.918374806034067603e+01
-6.130000000000000032e-03 3.926685019174795599e+01
-6.120000000000000440e-03 3.935018442878963896e+01
-6.109999999999999980e-03 3.943375056348902774e+01
-6.099999999999999520e-03 3.951754838309829410e+01
-6.089999999999999927e-03 3.960157766997861728e+01
-6.079999999999999467e-03 3.968583820165748932e+01
-6.069999999999999875e-03 3.977032975077639065e+01
-6.060000000000000282e-03 3.985505208499530028e+01
-6.049999999999999822e-03 3.994000496713028525e+01
-6.040000000000000230e-03 4.002518815492015847e+01
-6.029999999999999770e-03 4.011060140115091599e+01
-6.020000000000000177e-03 4.019624445355830744e+01
-6.009999999999999717e-03 4.028211705483271743e+01
-6.000000000000000125e-03 4.036821894256253529e+01
-5.989999999999999665e-03 4.045454984921883579e+01
-5.980000000000000072e-03 4.054110950214938214e+01
-5.969999999999999613e-03 4.062789762349005684e+01
-5.960000000000000020e-03 4.071491393022365912e+01
-5.949999999999999560e-03 4.080215813407532721e+01
-5.939999999999999968e-03 4.088962994152095831e+01
-5.929999999999999508e-03 4.097732905374272150e+01
-5.919999999999999915e-03 4.106525516666373932e+01
-5.909999999999999455e-03 4.115340797081074697e+01
-5.899999999999999863e-03 4.124178715137458795e+01
-5.890000000000000270e-03 4.133039238816172656e+01
-5.879999999999999810e-03 4.141922335553606160e+01
-5.870000000000000218e-03 4.150827972243846631e+01
-5.859999999999999758e-03 4.159756115234316098e+01
-5.850000000000000165e-03 4.168706730318325526e+01
-5.839999999999999705e-03 4.177679782741355297e+01
-5.830000000000000113e-03 4.186675237191045795e+01
-5.819999999999999653e-03 4.195693057801180004e+01
-5.810000000000000060e-03 4.204733208137363931e+01
-5.799999999999999600e-03 4.213795651208202742e+01
-5.790000000000000008e-03 4.222880349454348448e+01
-5.779999999999999548e-03 4.231987264747073141e+01
-5.769999999999999955e-03 4.241116358389775343e+01
-5.759999999999999495e-03 4.250267591108680421e+01
-5.749999999999999903e-03 4.259440923055817763e+01
-5.739999999999999443e-03 4.268636313802144855e+01
-5.729999999999999850e-03 4.277853722342539555e+01
-5.720000000000000258e-03 4.287093107077522092e+01
-5.709999999999999798e-03 4.296354425831420087e+01
-5.700000000000000205e-03 4.305637635834352039e+01
-5.689999999999999745e-03 4.314942693723898515e+01
-5.680000000000000153e-03 4.324269555547824950e+01
-5.669999999999999693e-03 4.333618176753346773e+01
-5.660000000000000100e-03 4.342988512187911709e+01
-5.649999999999999641e-03 4.352380516098547503e+01
-5.640000000000000048e-03 4.361794142129529916e+01
-5.629999999999999588e-03 4.371229343316338856e+01
-5.619999999999999996e-03 4.380686072084070304e+01
-5.609999999999999536e-03 4.390164280249872064e+01
-5.599999999999999943e-03 4.399663919013207192e+01
-5.589999999999999483e-03 4.409184938960329703e+01
-5.579999999999999891e-03 4.418727290053049472e+01
-5.569999999999999431e-03 4.428290921636774158e+01
-5.559999999999999838e-03 4.437875782433587091e+01
-5.550000000000000246e-03 4.447481820534260777e+01
-5.539999999999999786e-03 4.457108983405936442e+01
-5.530000000000000193e-03 4.466757217882685183e+01
-5.519999999999999733e-03 4.476426470166175875e+01
-5.510000000000000141e-03 4.486116685822329231e+01
-5.499999999999999681e-03 4.495827809776433526e+01
-5.490000000000000088e-03 4.505559786319793147e+01
-5.479999999999999628e-03 4.515312559094935096e+01
-5.470000000000000036e-03 4.525086071103324770e+01
-5.459999999999999576e-03 4.534880264698019658e+01
-5.449999999999999983e-03 4.544695081584027463e+01
-5.439999999999999523e-03 4.554530462813286817e+01
-5.429999999999999931e-03 4.564386348784045566e+01
-5.419999999999999471e-03 4.574262679241579121e+01
-5.409999999999999878e-03 4.584159393270115856e+01
-5.399999999999999419e-03 4.594076429293841812e+01
-5.389999999999999826e-03 4.604013725076667640e+01
-5.380000000000000233e-03 4.613971217716535023e+01
-5.369999999999999774e-03 4.623948843644166118e+01
-5.360000000000000181e-03 4.633946538624751810e+01
-5.349999999999999721e-03 4.643964237748087953e+01
-5.340000000000000129e-03 4.654001875432934554e+01
-5.329999999999999669e-03 4.664059385426167381e+01
-5.320000000000000076e-03 4.674136700793741284e+01
-5.309999999999999616e-03 4.684233753923838606e+01
-5.300000000000000024e-03 4.694350476525023197e+01
-5.289999999999999564e-03 4.704486799622041104e+01
-5.279999999999999971e-03 4.714642653553467966e+01
-5.269999999999999511e-03 4.724817967974497890e+01
-5.259999999999999919e-03 4.735012671846620691e+01
-5.249999999999999459e-03 4.745226693445836474e+01
-5.239999999999999866e-03 4.755459960352368398e+01
-5.229999999999999406e-03 4.765712399454651660e+01
-5.219999999999999814e-03 4.775983936940674113e+01
-5.210000000000000221e-03 4.786274498306379144e+01
-5.199999999999999761e-03 4.796584008338889049e+01
-5.190000000000000169e-03 4.806912391135892193e+01
-5.179999999999999709e-03 4.817259570080968700e+01
-5.170000000000000116e-03 4.827625467858452168e+01
-5.159999999999999656e-03 4.838010006443217748e+01
-5.150000000000000064e-03 4.848413107101968222e+01
-5.139999999999999604e-03 4.858834690392109934e+01
-5.130000000000000011e-03 4.869274676158712367e+01
-5.119999999999999551e-03 4.879732983533985191e+01
-5.109999999999999959e-03 4.890209530932903448e+01
-5.099999999999999499e-03 4.900704236056625973e+01
-5.089999999999999906e-03 4.911217015883165260e+01
-5.079999999999999447e-03 4.921747786675331326e+01
-5.069999999999999854e-03 4.932296463974252276e+01
-5.059999999999999394e-03 4.942862962594263365e+01
-5.049999999999999802e-03 4.953447196631569227e+01
-5.040000000000000209e-03 4.964049079448534485e+01
-5.029999999999999749e-03 4.974668523686362676e+01
-5.020000000000000157e-03 4.985305441257028747e+01
-5.009999999999999697e-03 4.995959743337424186e+01
-5.000000000000000104e-03 5.006631340380835837e+01
-4.989999999999999644e-03 5.017320142098394342e+01
-4.980000000000000052e-03 5.028026057476618149e+01
-4.969999999999999592e-03 5.038748994759730238e+01
-4.959999999999999999e-03 5.049488861459909828e+01
-4.949999999999999539e-03 5.060245564344725011e+01
-4.939999999999999947e-03 5.071019009448369985e+01
-4.929999999999999487e-03 5.081809102065182771e+01
-4.919999999999999894e-03 5.092615746745448746e+01
-4.909999999999999434e-03 5.103438847294964376e+01
-4.899999999999999842e-03 5.114278306779878136e+01
-4.889999999999999382e-03 5.125134027519399638e+01
-4.879999999999999789e-03 5.136005911086642328e+01
-4.870000000000000197e-03 5.146893858309813652e+01
-4.859999999999999737e-03 5.157797769265845034e+01
-4.850000000000000144e-03 5.168717543283088389e+01
-4.839999999999999684e-03 5.179653078943223221e+01
-4.830000000000000092e-03 5.190604274075250402e+01
-4.819999999999999632e-03 5.201571025752132726e+01
-4.810000000000000039e-03 5.212553230301943330e+01
-4.799999999999999580e-03 5.223550783293672595e+01
-4.789999999999999987e-03 5.234563579547003798e+01
-4.779999999999999527e-03 5.245591513118689875e+01
-4.769999999999999934e-03 5.256634477314516829e+01
-4.759999999999999475e-03 5.267692364688269180e+01
-4.749999999999999882e-03 5.278765067026640878e+01
-4.739999999999999422e-03 5.289852475364053674e+01
-4.729999999999999830e-03 5.300954479977529132e+01
-4.719999999999999370e-03 5.312070970382139734e+01
-4.709999999999999777e-03 5.323201835331584419e+01
-4.700000000000000185e-03 5.334346962823676108e+01
-4.689999999999999725e-03 5.345506240091343386e+01
-4.680000000000000132e-03 5.356679553608197608e+01
-4.669999999999999672e-03 5.367866789087473478e+01
-4.660000000000000080e-03 5.379067831474291239e+01
-4.649999999999999620e-03 5.390282564958387468e+01
-4.640000000000000027e-03 5.401510872960944454e+01
-4.629999999999999567e-03 5.412752638141915895e+01
-4.619999999999999975e-03 5.424007742397618870e+01
-4.609999999999999515e-03 5.435276066861110422e+01
-4.599999999999999922e-03 5.446557491895811864e+01
-4.589999999999999462e-03 5.457851897108623263e+01
-4.579999999999999870e-03 5.469159161337763919e+01
-4.569999999999999410e-03 5.480479162655756653e+01
-4.559999999999999817e-03 5.491811778371242525e+01
-4.549999999999999357e-03 5.503156885026479017e+01
-4.539999999999999765e-03 5.514514358404882444e+01
-4.530000000000000172e-03 5.525884073514188088e+01
-4.519999999999999712e-03 5.537265904605654043e+01
-4.510000000000000120e-03 5.548659725160412393e+01
-4.499999999999999660e-03 5.560065407900977874e+01
-4.490000000000000067e-03 5.571482824775069531e+01
-4.479999999999999608e-03 5.582911846975442671e+01
-4.470000000000000015e-03 5.594352344921847475e+01
-4.459999999999999555e-03 5.605804188280079359e+01
-4.449999999999999963e-03 5.617267245942673526e+01
-4.439999999999999503e-03 5.628741386039467187e+01
-4.429999999999999910e-03 5.640226475941591389e+01
-4.419999999999999450e-03 5.651722382254962440e+01
-4.409999999999999858e-03 5.663228970818217789e+01
-4.399999999999999398e-03 5.674746106715507210e+01
-4.389999999999999805e-03 5.686273654264269339e+01
-4.379999999999999345e-03 5.697811477020697879e+01
-4.369999999999999753e-03 5.709359437780123159e+01
-4.360000000000000160e-03 5.720917398580357371e+01
-4.349999999999999700e-03 5.732485220697613215e+01
-4.340000000000000108e-03 5.744062764647645736e+01
-4.329999999999999648e-03 5.755649890191831730e+01
-4.320000000000000055e-03 5.767246456328287962e+01
-4.309999999999999595e-03 5.778852321304587036e+01
-4.300000000000000003e-03 5.790467342605649748e+01
-4.289999999999999543e-03 5.802091376968893854e+01
-4.279999999999999950e-03 5.813724280368862907e+01
-4.269999999999999490e-03 5.825365908033493412e+01
-4.259999999999999898e-03 5.837016114433730962e+01
-4.249999999999999438e-03 5.848674753291335549e+01
-4.239999999999999845e-03 5.860341677575824804e+01
-4.229999999999999385e-03 5.872016739506739214e+01
-4.219999999999999793e-03 5.883699790560658727e+01
-4.209999999999999333e-03 5.895390681460567350e+01
-4.199999999999999740e-03 5.907089262183583145e+01
-4.190000000000000148e-03 5.918795381964101665e+01
-4.179999999999999688e-03 5.930508889296675079e+01
-4.170000000000000095e-03 5.942229631923738964e+01
-4.159999999999999636e-03 5.953957456853354557e+01
-4.150000000000000043e-03 5.965692210351753744e+01
-4.139999999999999583e-03 5.977433737948386749e+01
-4.129999999999999991e-03 5.989181884434597691e+01
-4.119999999999999531e-03 6.000936493866738175e+01
-4.109999999999999938e-03 6.012697409565244300e+01
-4.099999999999999478e-03 6.024464474121948854e+01
-4.089999999999999886e-03 6.036237529394120571e+01
-4.079999999999999426e-03 6.048016416511866566e+01
-4.069999999999999833e-03 6.059800975877377738e+01
-4.059999999999999373e-03 6.071591047168680433e+01
-4.049999999999999781e-03 6.083386469334461566e+01
-4.039999999999999321e-03 6.095187080608604191e+01
-4.029999999999999728e-03 6.106992718498533179e+01
-4.020000000000000136e-03 6.118803219798842719e+01
-4.009999999999999676e-03 6.130618420578267802e+01
-4.000000000000000083e-03 6.142438156201088617e+01
-3.989999999999999623e-03 6.154262261313483151e+01
-3.980000000000000031e-03 6.166090569853910353e+01
-3.969999999999999571e-03 6.177922915049255437e+01
-3.959999999999999978e-03 6.189759129420085770e+01
-3.949999999999999518e-03 6.201599044787399606e+01
-3.939999999999999926e-03 6.213442492261462036e+01
-3.929999999999999466e-03 6.225289302262378754e+01
-3.919999999999999873e-03 6.237139304508659876e+01
-3.909999999999999414e-03 6.248992328022725928e+01
-3.899999999999999821e-03 6.260848201132927215e+01
-3.889999999999999361e-03 6.272706751479893938e+01
-3.879999999999999769e-03 6.284567806017962965e+01
-3.869999999999999309e-03 6.296431191011998862e+01
-3.859999999999999716e-03 6.308296732047084987e+01
-3.850000000000000124e-03 6.320164254027583439e+01
-3.839999999999999664e-03 6.332033581175105752e+01
-3.830000000000000071e-03 6.343904537044873138e+01
-3.819999999999999611e-03 6.355776944512649607e+01
-3.810000000000000019e-03 6.367650625790135166e+01
-3.799999999999999559e-03 6.379525402415530522e+01
-3.789999999999999966e-03 6.391401095272702548e+01
-3.779999999999999506e-03 6.403277524577462998e+01
-3.769999999999999914e-03 6.415154509887037193e+01
-3.759999999999999454e-03 6.427031870101984623e+01
-3.749999999999999861e-03 6.438909423483890748e+01
-3.739999999999999401e-03 6.450786987630363001e+01
-3.729999999999999809e-03 6.462664379497887523e+01
-3.719999999999999349e-03 6.474541415399912125e+01
-3.709999999999999756e-03 6.486417911016008020e+01
-3.699999999999999296e-03 6.498293681378942210e+01
-3.689999999999999704e-03 6.510168540896798106e+01
-3.680000000000000111e-03 6.522042303343461356e+01
-3.669999999999999651e-03 6.533914781868692501e+01
-3.660000000000000059e-03 6.545785788996030874e+01
-3.649999999999999599e-03 6.557655136631882442e+01
-3.640000000000000006e-03 6.569522636069477528e+01
-3.629999999999999546e-03 6.581388097982774354e+01
-3.619999999999999954e-03 6.593251332439051282e+01
-3.609999999999999494e-03 6.605112148901872615e+01
-3.599999999999999901e-03 6.616970356234092776e+01
-3.589999999999999442e-03 6.628825762696762069e+01
-3.579999999999999849e-03 6.640678175956320217e+01
-3.569999999999999389e-03 6.652527403095650982e+01
-3.559999999999999797e-03 6.664373250600276322e+01
-3.549999999999999337e-03 6.676215524381954936e+01
-3.539999999999999744e-03 6.688054029770611919e+01
-3.529999999999999284e-03 6.699888571515327840e+01
-3.519999999999999692e-03 6.711718953805552701e+01
-3.510000000000000099e-03 6.723544980256633607e+01
-3.499999999999999639e-03 6.735366453920445906e+01
-3.490000000000000047e-03 6.747183177290783362e+01
-3.479999999999999587e-03 6.758994952312630744e+01
-3.469999999999999994e-03 6.770801580373847628e+01
-3.459999999999999534e-03 6.782602862318734083e+01
-3.449999999999999942e-03 6.794398598446278470e+01
-3.439999999999999482e-03 6.806188588526590877e+01
-3.429999999999999889e-03 6.817972631791140259e+01
-3.419999999999999429e-03 6.829750526939962185e+01
-3.409999999999999837e-03 6.841522072158295487e+01
-3.399999999999999377e-03 6.853287065102206554e+01
-3.389999999999999784e-03 6.865045302918399273e+01
-3.379999999999999324e-03 6.876796582238056033e+01
-3.369999999999999732e-03 6.888540699195260686e+01
-3.359999999999999272e-03 6.900277449417372111e+01
-3.349999999999999679e-03 6.912006628037688927e+01
-3.340000000000000087e-03 6.923728029690141739e+01
-3.329999999999999627e-03 6.935441448535458164e+01
-3.320000000000000034e-03 6.947146678242955886e+01
-3.309999999999999575e-03 6.958843512006976084e+01
-3.299999999999999982e-03 6.970531742552360299e+01
-3.289999999999999522e-03 6.982211162134831284e+01
-3.279999999999999930e-03 6.993881562551695197e+01
-3.269999999999999470e-03 7.005542735137125021e+01
-3.259999999999999877e-03 7.017194470778116511e+01
-3.249999999999999417e-03 7.028836559915821169e+01
-3.239999999999999825e-03 7.040468792546479904e+01
-3.229999999999999365e-03 7.052090958233183926e+01
-3.219999999999999772e-03 7.063702846107698008e+01
-3.209999999999999312e-03 7.075304244880334181e+01
-3.199999999999999720e-03 7.086894942829377442e+01
-3.189999999999999260e-03 7.098474727829925257e+01
-3.179999999999999667e-03 7.110043387345423582e+01
-3.170000000000000075e-03 7.121600708436105265e+01
-3.159999999999999615e-03 7.133146477754520731e+01
-3.150000000000000022e-03 7.144680481580407161e+01
-3.139999999999999562e-03 7.156202505787146606e+01
-3.129999999999999970e-03 7.167712335874689700e+01
-3.119999999999999510e-03 7.179209756970556100e+01
-3.109999999999999917e-03 7.190694553825098012e+01
-3.099999999999999457e-03 7.202166510830871005e+01
-3.089999999999999865e-03 7.213625412020837757e+01
-3.079999999999999405e-03 7.225071041075580069e+01
-3.069999999999999812e-03 7.236503181326868628e+01
-3.059999999999999352e-03 7.247921615766180992e+01
-3.049999999999999760e-03 7.259326127050816524e+01
-3.039999999999999300e-03 7.270716497517074117e+01
-3.029999999999999707e-03 7.282092509166218974e+01
-3.019999999999999248e-03 7.293453943696728459e+01
-3.009999999999999655e-03 7.304800582479938953e+01
-3.000000000000000062e-03 7.316132206594498655e+01
-2.989999999999999603e-03 7.327448596826550897e+01
-2.980000000000000010e-03 7.338749533656965696e+01
-2.969999999999999550e-03 7.350034797291056066e+01
-2.959999999999999958e-03 7.361304167652130559e+01
-2.949999999999999498e-03 7.372557424390483050e+01
-2.939999999999999905e-03 7.383794346891600924e+01
-2.929999999999999445e-03 7.395014714275174583e+01
-2.919999999999999853e-03 7.406218305422288495e+01
-2.909999999999999393e-03 7.417404898952236181e+01
-2.899999999999999800e-03 7.428574273248931092e+01
-2.889999999999999340e-03 7.439726206467237546e+01
-2.879999999999999748e-03 7.450860476532550081e+01
-2.869999999999999288e-03 7.461976861143747897e+01
-2.859999999999999695e-03 7.473075137796956824e+01
-2.849999999999999235e-03 7.484155083775046080e+01
-2.839999999999999643e-03 7.495216476159582442e+01
-2.830000000000000050e-03 7.506259091842873943e+01
-2.819999999999999590e-03 7.517282707529389540e+01
-2.809999999999999998e-03 7.528287099744473210e+01
-2.799999999999999538e-03 7.539272044838787679e+01
-2.789999999999999945e-03 7.550237319000946457e+01
-2.779999999999999485e-03 7.561182698256901347e+01
-2.769999999999999893e-03 7.572107958480047785e+01
-2.759999999999999433e-03 7.583012875412602227e+01
-2.749999999999999840e-03 7.593897224636212684e+01
-2.739999999999999380e-03 7.604760781621794763e+01
-2.729999999999999788e-03 7.615603321709673423e+01
-2.719999999999999328e-03 7.626424620122443798e+01
-2.709999999999999735e-03 7.637224451974451256e+01
-2.699999999999999276e-03 7.648002592284368006e+01
-2.689999999999999683e-03 7.658758815966501743e+01
-2.679999999999999223e-03 7.669492897856011382e+01
-2.669999999999999631e-03 7.680204612705489353e+01
-2.660000000000000038e-03 7.690893735196786452e+01
-2.649999999999999578e-03 7.701560039944581604e+01
-2.639999999999999986e-03 7.712203301505206809e+01
-2.629999999999999526e-03 7.722823294385956672e+01
-2.619999999999999933e-03 7.733419793056641822e+01
-2.609999999999999473e-03 7.743992571944025372e+01
-2.599999999999999881e-03 7.754541405455721303e+01
-2.589999999999999421e-03 7.765066067968501784e+01
-2.579999999999999828e-03 7.775566333857129564e+01
-2.569999999999999368e-03 7.786041977485778887e+01
-2.559999999999999776e-03 7.796492773228148110e+01
-2.549999999999999316e-03 7.806918495455315110e+01
-2.539999999999999723e-03 7.817318918573216990e+01
-2.529999999999999263e-03 7.827693817002109711e+01
-2.519999999999999671e-03 7.838042965197708156e+01
-2.509999999999999211e-03 7.848366137668433851e+01
-2.499999999999999618e-03 7.858663108957037480e+01
-2.490000000000000026e-03 7.868933653666316275e+01
-2.479999999999999566e-03 7.879177546476472571e+01
-2.469999999999999973e-03 7.889394562132095245e+01
-2.459999999999999513e-03 7.899584475452337529e+01
-2.449999999999999921e-03 7.909747061353276365e+01
-2.439999999999999461e-03 7.919882094853298327e+01
-2.429999999999999868e-03 7.929989351064514835e+01
-2.419999999999999409e-03 7.940068605214308661e+01
-2.409999999999999816e-03 7.950119632654808299e+01
-2.399999999999999356e-03 7.960142208868309410e+01
-2.389999999999999764e-03 7.970136109472711894e+01
-2.379999999999999304e-03 7.980101110223314720e+01
-2.369999999999999711e-03 7.990036987038202199e+01
-2.359999999999999251e-03 7.999943515995137489e+01
-2.349999999999999659e-03 8.009820473340221270e+01
-2.339999999999999199e-03 8.019667635497025060e+01
-2.329999999999999606e-03 8.029484779074846301e+01
-2.319999999999999146e-03 8.039271680877881465e+01
-2.309999999999999554e-03 8.049028117912148161e+01
-2.299999999999999961e-03 8.058753867393782855e+01
-2.289999999999999501e-03 8.068448706762852396e+01
-2.279999999999999909e-03 8.078112413679320980e+01
-2.269999999999999449e-03 8.087744766042389699e+01
-2.259999999999999856e-03 8.097345541994728535e+01
-2.249999999999999396e-03 8.106914519932705332e+01
-2.239999999999999804e-03 8.116451478510158779e+01
-2.229999999999999344e-03 8.125956196650021468e+01
-2.219999999999999751e-03 8.135428453554584394e+01
-2.209999999999999291e-03 8.144868028712545538e+01
-2.199999999999999699e-03 8.154274701906533096e+01
-2.189999999999999239e-03 8.163648253215509953e+01
-2.179999999999999646e-03 8.172988463038076645e+01
-2.170000000000000054e-03 8.182295112085174082e+01
-2.159999999999998727e-03 8.191567981399235521e+01
-2.149999999999999134e-03 8.200806852359902166e+01
-2.139999999999999541e-03 8.210011506692059413e+01
-2.129999999999999949e-03 8.219181726467809312e+01
-2.120000000000000356e-03 8.228317294125712067e+01
-2.109999999999999029e-03 8.237417992475590722e+01
-2.099999999999999437e-03 8.246483604707059101e+01
-2.089999999999999844e-03 8.255513914386351360e+01
-2.080000000000000251e-03 8.264508705492507090e+01
-2.069999999999998924e-03 8.273467762393573821e+01
-2.059999999999999332e-03 8.282390869883327866e+01
-2.049999999999999739e-03 8.291277813164919053e+01
-2.040000000000000147e-03 8.300128377883430630e+01
-2.029999999999998819e-03 8.308942350109958852e+01
-2.019999999999999227e-03 8.317719516377063371e+01
-2.009999999999999634e-03 8.326459663657595911e+01
-2.000000000000000042e-03 8.335162579403520056e+01
-1.989999999999998714e-03 8.343828051530384471e+01
-1.979999999999999122e-03 8.352455868438660502e+01
-1.969999999999999529e-03 8.361045819015697589e+01
-1.959999999999999937e-03 8.369597692656650167e+01
-1.950000000000000344e-03 8.378111279252152599e+01
-1.939999999999999017e-03 8.386586369215433479e+01
-1.929999999999999424e-03 8.395022753483762301e+01
-1.919999999999999832e-03 8.403420223526076427e+01
-1.910000000000000239e-03 8.411778571356326495e+01
-1.899999999999998912e-03 8.420097589533452265e+01
-1.889999999999999319e-03 8.428377071182372049e+01
-1.879999999999999727e-03 8.436616809989649823e+01
-1.870000000000000134e-03 8.444816600215371238e+01
-1.859999999999998807e-03 8.452976236715630876e+01
-1.849999999999999215e-03 8.461095514929972694e+01
-1.839999999999999622e-03 8.469174230903365697e+01
-1.830000000000000029e-03 8.477212181292352966e+01
-1.819999999999998702e-03 8.485209163369243868e+01
-1.809999999999999110e-03 8.493164975034483177e+01
-1.799999999999999517e-03 8.501079414834840975e+01
-1.789999999999999925e-03 8.508952281939069451e+01
-1.780000000000000332e-03 8.516783376199555278e+01
-1.769999999999999005e-03 8.524572498097465711e+01
-1.759999999999999412e-03 8.532319448815098895e+01
-1.749999999999999820e-03 8.540024030192066107e+01
-1.740000000000000227e-03 8.547686044765714541e+01
-1.729999999999998900e-03 8.555305295770382656e+01
-1.719999999999999307e-03 8.562881587135130701e+01
-1.709999999999999715e-03 8.570414723509161092e+01
-1.700000000000000122e-03 8.577904510261494408e+01
-1.689999999999998795e-03 8.585350753504468457e+01
-1.679999999999999202e-03 8.592753260056275622e+01
-1.669999999999999610e-03 8.600111837511268220e+01
-1.660000000000000017e-03 8.607426294209771811e+01
-1.649999999999998690e-03 8.614696439255695282e+01
-1.639999999999999097e-03 8.621922082521410857e+01
-1.629999999999999505e-03 8.629103034665354244e+01
-1.619999999999999912e-03 8.636239107129043191e+01
-1.610000000000000320e-03 8.643330112156618839e+01
-1.599999999999998992e-03 8.650375862796224169e+01
-1.589999999999999400e-03 8.657376172907244438e+01
-1.579999999999999807e-03 8.664330857171454170e+01
-1.570000000000000215e-03 8.671239731106624049e+01
-1.559999999999998888e-03 8.678102611058437788e+01
-1.549999999999999295e-03 8.684919314231288467e+01
-1.539999999999999702e-03 8.691689658675217345e+01
-1.530000000000000110e-03 8.698413463309287863e+01
-1.519999999999998783e-03 8.705090547917822619e+01
-1.509999999999999190e-03 8.711720733181195442e+01
-1.499999999999999598e-03 8.718303840641812030e+01
-1.490000000000000005e-03 8.724839692755153919e+01
-1.479999999999998678e-03 8.731328112883431913e+01
-1.469999999999999085e-03 8.737768925287652166e+01
-1.459999999999999493e-03 8.744161955158361366e+01
-1.449999999999999900e-03 8.750507028611636429e+01
-1.440000000000000308e-03 8.756803972700436134e+01
-1.429999999999998980e-03 8.763052615421452174e+01
-1.419999999999999388e-03 8.769252785717435472e+01
-1.409999999999999795e-03 8.775404313499927866e+01
-1.400000000000000203e-03 8.781507029648066975e+01
-1.389999999999998875e-03 8.787560766011813485e+01
-1.379999999999999283e-03 8.793565355424630070e+01
-1.369999999999999690e-03 8.799520631708647045e+01
-1.360000000000000098e-03 8.805426429699301138e+01
-1.349999999999998770e-03 8.811282585219427688e+01
-1.339999999999999178e-03 8.817088935121347504e+01
-1.329999999999999585e-03 8.822845317273888099e+01
-1.319999999999999993e-03 8.828551570574381913e+01
-1.309999999999998666e-03 8.834207534957128871e+01
-1.299999999999999073e-03 8.839813051406866862e+01
-1.289999999999999480e-03 8.845367961955111014e+01
-1.279999999999999888e-03 8.850872109699075452e+01
-1.270000000000000295e-03 8.856325338795417679e+01
-1.259999999999998968e-03 8.861727494483119472e+01
-1.249999999999999375e-03 8.867078423080167227e+01
-1.239999999999999783e-03 8.872377971995804558e+01
-1.230000000000000190e-03 8.877625989736183953e+01
-1.219999999999998863e-03 8.882822325913026873e+01
-1.209999999999999271e-03 8.887966831246160382e+01
-1.199999999999999678e-03 8.893059357578152913e+01
-1.190000000000000085e-03 8.898099757869699999e+01
-1.179999999999998758e-03 8.903087886232887627e+01
-1.169999999999999166e-03 8.908023597895139289e+01
-1.159999999999999573e-03 8.912906749251115457e+01
-1.149999999999999981e-03 8.917737197845285380e+01
-1.139999999999998653e-03 8.922514802376690568e+01
-1.129999999999999061e-03 8.927239422719887330e+01
-1.119999999999999468e-03 8.931910919920510139e+01
-1.109999999999999876e-03 8.936529156210568203e+01
-1.100000000000000283e-03 8.941093995003897987e+01
-1.089999999999998956e-03 8.945605300917461022e+01
-1.079999999999999363e-03 8.950062939768753267e+01
-1.069999999999999771e-03 8.954466778580740538e+01
-1.060000000000000178e-03 8.958816685593896523e+01
-1.049999999999998851e-03 8.963112530273112100e+01
-1.039999999999999258e-03 8.967354183310460769e+01
-1.029999999999999666e-03 8.971541516629966395e+01
-1.020000000000000073e-03 8.975674403406083002e+01
-1.009999999999998746e-03 8.979752718054081129e+01
-9.999999999999991535e-04 8.983776336242308957e+01
-9.899999999999995609e-04 8.987745134907466138e+01
-9.799999999999999684e-04 8.991658992248413540e+01
-9.699999999999986411e-04 8.995517787732646298e+01
-9.599999999999990485e-04 8.999321402121164226e+01
-9.499999999999994560e-04 9.003069717444692799e+01
-9.399999999999998634e-04 9.006762617035602148e+01
-9.300000000000002709e-04 9.010399985515266508e+01
-9.199999999999989436e-04 9.013981708822313976e+01
-9.099999999999993511e-04 9.017507674190652267e+01
-8.999999999999997585e-04 9.020977770172484611e+01
-8.900000000000001660e-04 9.024391886647475758e+01
-8.799999999999988387e-04 9.027749914816455146e+01
-8.699999999999992462e-04 9.031051747214570469e+01
-8.599999999999996536e-04 9.034297277712052221e+01
-8.500000000000000611e-04 9.037486401525710278e+01
-8.399999999999987338e-04 9.040619015220626409e+01
-8.299999999999991412e-04 9.043695016715363977e+01
-8.199999999999995487e-04 9.046714305293309621e+01
-8.099999999999999561e-04 9.049676781593888109e+01
-7.999999999999986289e-04 9.052582347635602389e+01
-7.899999999999990363e-04 9.055430906807654878e+01
-7.799999999999994438e-04 9.058222363881039030e+01
-7.699999999999998512e-04 9.060956625011347398e+01
-7.600000000000002587e-04 9.063633597753359084e+01
-7.499999999999989314e-04 9.066253191044152970e+01
-7.399999999999993389e-04 9.068815315237151253e+01
-7.299999999999997463e-04 9.071319882074276109e+01
-7.200000000000001538e-04 9.073766804728134616e+01
-7.099999999999988265e-04 9.076155997764233518e+01
-6.999999999999992339e-04 9.078487377188216101e+01
-6.899999999999996414e-04 9.080760860418251923e+01
-6.800000000000000488e-04 9.082976366310492722e+01
-6.699999999999987216e-04 9.085133815139566593e+01
-6.599999999999991290e-04 9.087233128641481983e+01
-6.499999999999995365e-04 9.089274229966609653e+01
-6.399999999999999439e-04 9.091257043735373600e+01
-6.299999999999986167e-04 9.093181496008664055e+01
-6.199999999999990241e-04 9.095047514307246672e+01
-6.099999999999994316e-04 9.096855027606304134e+01
-5.999999999999998390e-04 9.098603966348527194e+01
-5.900000000000002465e-04 9.100294262438518444e+01
-5.799999999999989192e-04 9.101925849258846313e+01
-5.699999999999993266e-04 9.103498661658630908e+01
-5.599999999999997341e-04 9.105012635977232094e+01
-5.500000000000001416e-04 9.106467710028542228e+01
-5.399999999999988143e-04 9.107863823111607360e+01
-5.299999999999992217e-04 9.109200916021696059e+01
-5.199999999999996292e-04 9.110478931036969641e+01
-5.100000000000000366e-04 9.111697811950648429e+01
-4.999999999999987094e-04 9.112857504030083078e+01
-4.899999999999991168e-04 9.113957954071582890e+01
-4.799999999999995243e-04 9.114999110359850931e+01
-4.699999999999999317e-04 9.115980922703516853e+01
-4.599999999999986044e-04 9.116903342407898947e+01
-4.499999999999990119e-04 9.117766322309351779e+01
-4.399999999999994194e-04 9.118569816753583268e+01
-4.299999999999998268e-04 9.119313781614327752e+01
-4.200000000000002343e-04 9.119998174280317471e+01
-4.099999999999989070e-04 9.120622953682109824e+01
-3.999999999999993144e-04 9.121188080264914788e+01
-3.899999999999997219e-04 9.121693516021503001e+01
-3.800000000000001293e-04 9.122139224461767526e+01
-3.699999999999988021e-04 9.122525170652239979e+01
-3.599999999999992095e-04 9.122851321182905338e+01
-3.499999999999996170e-04 9.123117644198786991e+01
-3.400000000000000244e-04 9.123324109380112645e+01
-3.299999999999986972e-04 9.123470687959216718e+01
-3.199999999999991046e-04 9.123557352715083368e+01
-3.099999999999995121e-04 9.123584077975068851e+01
-2.999999999999999195e-04 9.123550839626915376e+01
-2.899999999999985922e-04 9.123457615106326557e+01
-2.799999999999989997e-04 9.123304383399501205e+01
-2.699999999999994071e-04 9.123091125064783569e+01
-2.599999999999998146e-04 9.122817822213779948e+01
-2.500000000000002220e-04 9.122484458515231154e+01
-2.399999999999988948e-04 9.122091019207611851e+01
-2.299999999999993022e-04 9.121637491085215288e+01
-2.199999999999997097e-04 9.121123862516313352e+01
-2.100000000000001171e-04 9.120550123432190048e+01
-1.999999999999987899e-04 9.119916265333746708e+01
-1.899999999999991973e-04 9.119222281284538667e+01
-1.799999999999996048e-04 9.118468165927581026e+01
-1.700000000000000122e-04 9.117653915469433912e+01
-1.599999999999986849e-04 9.116779527694772867e+01
-1.499999999999990924e-04 9.115845001957058003e+01
-1.399999999999994998e-04 9.114850339187255202e+01
-1.299999999999999073e-04 9.113795541885905038e+01
-1.199999999999985800e-04 9.112680614124950296e+01
-1.099999999999989875e-04 9.111505561565037681e+01
-9.999999999999939493e-05 9.110270391431814119e+01
-8.999999999999980238e-05 9.108975112529435592e+01
-8.000000000000020983e-05 9.107619735239507008e+01
-6.999999999999888256e-05 9.106204271516307358e+01
-5.999999999999929001e-05 9.104728734902660392e+01
-4.999999999999969746e-05 9.103193140501194591e+01
-4.000000000000010492e-05 9.101597505003509525e+01
-2.999999999999877764e-05 9.099941846676813384e+01
-1.999999999999918510e-05 9.098226185358261375e+01
-9.999999999999592548e-06 9.096450542467307798e+01
0.000000000000000000e+00 9.094614940996783048e+01
1.000000000000132727e-05 9.092719405514748132e+01
2.000000000000091982e-05 9.090763962171438095e+01
3.000000000000051237e-05 9.088748638678742964e+01
4.000000000000010492e-05 9.086673464330429795e+01
5.000000000000143219e-05 9.084538469994383547e+01
6.000000000000102474e-05 9.082343688104776902e+01
7.000000000000061728e-05 9.080089152675849107e+01
8.000000000000020983e-05 9.077774899286684729e+01
8.999999999999980238e-05 9.075400965087101213e+01
1.000000000000011297e-04 9.072967388792083909e+01
1.100000000000007222e-04 9.070474210688020378e+01
1.200000000000003147e-04 9.067921472628020751e+01
1.299999999999999073e-04 9.065309218025096527e+01
1.400000000000012346e-04 9.062637491861765682e+01
1.500000000000008271e-04 9.059906340677409275e+01
1.600000000000004197e-04 9.057115812571537106e+01
1.700000000000000122e-04 9.054265957209531734e+01
1.800000000000013395e-04 9.051356825800007755e+01
1.900000000000009320e-04 9.048388471117404208e+01
2.000000000000005246e-04 9.045360947491529657e+01
2.100000000000001171e-04 9.042274310791918879e+01
2.200000000000014444e-04 9.039128618447588792e+01
2.300000000000010369e-04 9.035923929429696955e+01
2.400000000000006295e-04 9.032660304255705341e+01
2.500000000000002220e-04 9.029337804987318350e+01
2.599999999999998146e-04 9.025956495227295306e+01
2.700000000000011419e-04 9.022516440110560154e+01
2.800000000000007344e-04 9.019017706312162375e+01
2.900000000000003270e-04 9.015460362038233200e+01
2.999999999999999195e-04 9.011844477029673328e+01
3.100000000000012468e-04 9.008170122549381631e+01
3.200000000000008393e-04 9.004437371389381894e+01
3.300000000000004319e-04 9.000646297858418166e+01
3.400000000000000244e-04 8.996796977793009376e+01
3.500000000000013517e-04 8.992889488540292575e+01
3.600000000000009442e-04 8.988923908957681874e+01
3.700000000000005368e-04 8.984900319416021830e+01
3.800000000000001293e-04 8.980818801795504669e+01
3.900000000000014566e-04 8.976679439476407651e+01
4.000000000000010492e-04 8.972482317339985514e+01
4.100000000000006417e-04 8.968227521762121057e+01
4.200000000000002343e-04 8.963915140615078769e+01
4.299999999999998268e-04 8.959545263254904057e+01
4.400000000000011541e-04 8.955117980537282563e+01
4.500000000000007466e-04 8.950633384780357460e+01
4.600000000000003392e-04 8.946091569796215026e+01
4.699999999999999317e-04 8.941492630863753277e+01
4.800000000000012590e-04 8.936836664740665981e+01
4.900000000000008515e-04 8.932123769636186239e+01
5.000000000000004441e-04 8.927354045239187030e+01
5.100000000000000366e-04 8.922527592684693332e+01
5.200000000000013639e-04 8.917644514563028224e+01
5.300000000000009565e-04 8.912704914922248634e+01
5.400000000000005490e-04 8.907708899248204659e+01
5.500000000000001416e-04 8.902656574470906037e+01
5.600000000000014688e-04 8.897548048959643552e+01
5.700000000000010614e-04 8.892383432505914698e+01
5.800000000000006539e-04 8.887162836337655847e+01
5.900000000000002465e-04 8.881886373105042765e+01
5.999999999999998390e-04 8.876554156867791789e+01
6.100000000000011663e-04 8.871166303112664764e+01
6.200000000000007588e-04 8.865722928716394335e+01
6.300000000000003514e-04 8.860224151976169082e+01
6.399999999999999439e-04 8.854670092572439444e+01
6.500000000000012712e-04 8.849060871595189326e+01
6.600000000000008638e-04 8.843396611504148552e+01
6.700000000000004563e-04 8.837677436154885413e+01
6.800000000000000488e-04 8.831903470766987141e+01
6.900000000000013761e-04 8.826074841950465100e+01
7.000000000000009687e-04 8.820191677663785867e+01
7.100000000000005612e-04 8.814254107238622282e+01
7.200000000000001538e-04 8.808262261353344513e+01
7.300000000000014810e-04 8.802216272038053546e+01
7.400000000000010736e-04 8.796116272675017456e+01
7.500000000000006661e-04 8.789962397973013708e+01
7.600000000000002587e-04 8.783754783980167247e+01
7.699999999999998512e-04 8.777493568069179730e+01
7.800000000000011785e-04 8.771178888928028528e+01
7.900000000000007710e-04 8.764810886571054027e+01
8.000000000000003636e-04 8.758389702314046588e+01
8.099999999999999561e-04 8.751915478772261281e+01
8.200000000000012834e-04 8.745388359861310335e+01
8.300000000000008760e-04 8.738808490789054417e+01
8.400000000000004685e-04 8.732176018037978338e+01
8.500000000000000611e-04 8.725491089380318499e+01
8.600000000000013883e-04 8.718753853850398627e+01
8.700000000000009809e-04 8.711964461745731114e+01
8.800000000000005734e-04 8.705123064626044993e+01
8.900000000000001660e-04 8.698229815304820534e+01
9.000000000000014932e-04 8.691284867830383121e+01
9.100000000000010858e-04 8.684288377504040568e+01
9.200000000000006783e-04 8.677240500842793836e+01
9.300000000000002709e-04 8.670141395598318468e+01
9.399999999999998634e-04 8.662991220734411968e+01
9.500000000000011907e-04 8.655790136424131731e+01
9.600000000000007833e-04 8.648538304048838654e+01
9.700000000000003758e-04 8.641235886187320148e+01
9.799999999999999684e-04 8.633883046603406797e+01
9.900000000000012956e-04 8.626479950242406858e+01
1.000000000000000888e-03 8.619026763228916366e+01
1.010000000000000481e-03 8.611523652853794886e+01
1.020000000000000073e-03 8.603970787569441825e+01
1.030000000000001401e-03 8.596368336982052938e+01
1.040000000000000993e-03 8.588716471829691557e+01
1.050000000000000586e-03 8.581015364021354230e+01
1.060000000000000178e-03 8.573265186562666429e+01
1.070000000000001505e-03 8.565466113603142162e+01
1.080000000000001098e-03 8.557618320398923117e+01
1.090000000000000691e-03 8.549721983315016871e+01
1.100000000000000283e-03 8.541777279824988511e+01
1.109999999999999876e-03 8.533784388487781314e+01
1.120000000000001203e-03 8.525743488946856985e+01
1.130000000000000795e-03 8.517654761925871298e+01
1.140000000000000388e-03 8.509518389219921630e+01
1.149999999999999981e-03 8.501334553680004547e+01
1.160000000000001308e-03 8.493103439213386707e+01
1.170000000000000900e-03 8.484825230774734450e+01
1.180000000000000493e-03 8.476500114351898674e+01
1.190000000000000085e-03 8.468128276968059254e+01
1.200000000000001413e-03 8.459709906660683032e+01
1.210000000000001005e-03 8.451245192490794977e+01
1.220000000000000598e-03 8.442734324510333010e+01
1.230000000000000190e-03 8.434177493781400869e+01
1.240000000000001518e-03 8.425574892343585987e+01
1.250000000000001110e-03 8.416926713223006118e+01
1.260000000000000703e-03 8.408233150418759294e+01
1.270000000000000295e-03 8.399494398888401747e+01
1.279999999999999888e-03 8.390710654549168623e+01
1.290000000000001215e-03 8.381882114262903372e+01
1.300000000000000808e-03 8.373008975824789957e+01
1.310000000000000400e-03 8.364091437972045640e+01
1.319999999999999993e-03 8.355129700349246491e+01
1.330000000000001320e-03 8.346123963519798394e+01
1.340000000000000913e-03 8.337074428952611527e+01
1.350000000000000505e-03 8.327981299008762051e+01
1.360000000000000098e-03 8.318844776933835305e+01
1.370000000000001425e-03 8.309665066853997928e+01
1.380000000000001018e-03 8.300442373769658388e+01
1.390000000000000610e-03 8.291176903527397712e+01
1.400000000000000203e-03 8.281868862840474321e+01
1.410000000000001530e-03 8.272518459251287481e+01
1.420000000000001122e-03 8.263125901147525099e+01
1.430000000000000715e-03 8.253691397734037594e+01
1.440000000000000308e-03 8.244215159032434315e+01
1.449999999999999900e-03 8.234697395874540859e+01
1.460000000000001227e-03 8.225138319885961380e+01
1.470000000000000820e-03 8.215538143484172906e+01
1.480000000000000412e-03 8.205897079867197874e+01
1.490000000000000005e-03 8.196215342999003894e+01
1.500000000000001332e-03 8.186493147605176546e+01
1.510000000000000925e-03 8.176730709172689160e+01
1.520000000000000517e-03 8.166928243923146624e+01
1.530000000000000110e-03 8.157085968816724630e+01
1.540000000000001437e-03 8.147204101535619714e+01
1.550000000000001030e-03 8.137282860481407454e+01
1.560000000000000622e-03 8.127322464758931631e+01
1.570000000000000215e-03 8.117323134174526444e+01
1.580000000000001542e-03 8.107285089217123186e+01
1.590000000000001135e-03 8.097208551061027038e+01
1.600000000000000727e-03 8.087093741544234149e+01
1.610000000000000320e-03 8.076940883173902819e+01
1.619999999999999912e-03 8.066750199096398433e+01
1.630000000000001240e-03 8.056521913110971411e+01
1.640000000000000832e-03 8.046256249638430802e+01
1.650000000000000425e-03 8.035953433730166751e+01
1.660000000000000017e-03 8.025613691051465537e+01
1.670000000000001344e-03 8.015237247868972759e+01
1.680000000000000937e-03 8.004824331043619168e+01
1.690000000000000530e-03 7.994375168024892275e+01
1.700000000000000122e-03 7.983889986834154229e+01
1.710000000000001449e-03 7.973369016064349069e+01
1.720000000000001042e-03 7.962812484859230722e+01
1.730000000000000634e-03 7.952220622916641446e+01
1.740000000000000227e-03 7.941593660469114013e+01
1.750000000000001554e-03 7.930931828278500006e+01
1.760000000000001147e-03 7.920235357627878159e+01
1.770000000000000739e-03 7.909504480302628338e+01
1.780000000000000332e-03 7.898739428596294943e+01
1.789999999999999925e-03 7.887940435291186247e+01
1.800000000000001252e-03 7.877107733652050570e+01
1.810000000000000844e-03 7.866241557408531548e+01
1.820000000000000437e-03 7.855342140763134751e+01
1.830000000000000029e-03 7.844409718360715544e+01
1.840000000000001357e-03 7.833444525295513472e+01
1.850000000000000949e-03 7.822446797092281656e+01
1.860000000000000542e-03 7.811416769702566398e+01
1.870000000000000134e-03 7.800354679488542331e+01
1.880000000000001462e-03 7.789260763223707329e+01
1.890000000000001054e-03 7.778135258069623603e+01
1.900000000000000647e-03 7.766978401575741486e+01
1.910000000000000239e-03 7.755790431674274998e+01
1.920000000000001567e-03 7.744571586654812734e+01
1.930000000000001159e-03 7.733322105171131966e+01
1.940000000000000752e-03 7.722042226221560668e+01
1.950000000000000344e-03 7.710732189141687343e+01
1.959999999999999937e-03 7.699392233601872704e+01
1.970000000000001264e-03 7.688022599582858163e+01
1.980000000000000857e-03 7.676623527379859979e+01
1.990000000000000449e-03 7.665195257591754796e+01
2.000000000000000042e-03 7.653738031101997308e+01
2.010000000000001369e-03 7.642252089073974730e+01
2.020000000000000961e-03 7.630737672952824369e+01
2.030000000000000554e-03 7.619195024435556718e+01
2.040000000000000147e-03 7.607624385478102624e+01
2.050000000000001474e-03 7.596025998274610913e+01
2.060000000000001066e-03 7.584400105258826841e+01
2.070000000000000659e-03 7.572746949082146273e+01
2.080000000000000251e-03 7.561066772619726351e+01
2.090000000000001579e-03 7.549359818943854350e+01
2.100000000000001171e-03 7.537626331326192997e+01
2.110000000000000764e-03 7.525866553227943712e+01
2.120000000000000356e-03 7.514080728286198507e+01
2.129999999999999949e-03 7.502269100297769455e+01
2.140000000000001276e-03 7.490431913231212491e+01
2.150000000000000869e-03 7.478569411202089157e+01
2.160000000000000461e-03 7.466681838455193088e+01
2.170000000000000054e-03 7.454769439374831563e+01
2.180000000000001381e-03 7.442832458468288337e+01
2.190000000000000974e-03 7.430871140350215853e+01
2.200000000000000566e-03 7.418885729739747603e+01
2.210000000000000159e-03 7.406876471446213372e+01
2.220000000000001486e-03 7.394843610372990383e+01
2.230000000000001079e-03 7.382787391487667605e+01
2.240000000000000671e-03 7.370708059828049841e+01
2.250000000000000264e-03 7.358605860495481465e+01
2.260000000000001591e-03 7.346481038625621807e+01
2.270000000000001183e-03 7.334333839403200272e+01
2.280000000000000776e-03 7.322164508040364694e+01
2.290000000000000369e-03 7.309973289764299409e+01
2.299999999999999961e-03 7.297760429820679917e+01
2.310000000000001288e-03 7.285526173453813215e+01
2.320000000000000881e-03 7.273270765901814627e+01
2.330000000000000474e-03 7.260994452386385944e+01
2.340000000000000066e-03 7.248697478107585823e+01
2.350000000000001393e-03 7.236380088225821794e+01
2.360000000000000986e-03 7.224042527867382546e+01
2.370000000000000578e-03 7.211685042099909992e+01
2.380000000000000171e-03 7.199307875933439504e+01
2.390000000000001498e-03 7.186911274307882991e+01
2.400000000000001091e-03 7.174495482091167275e+01
2.410000000000000683e-03 7.162060744051701988e+01
2.420000000000000276e-03 7.149607304880230174e+01
2.430000000000001603e-03 7.137135409147290943e+01
2.440000000000001196e-03 7.124645301316154189e+01
2.450000000000000788e-03 7.112137225730876366e+01
2.460000000000000381e-03 7.099611426603232189e+01
2.469999999999999973e-03 7.087068148008171420e+01
2.480000000000001301e-03 7.074507633873636792e+01
2.490000000000000893e-03 7.061930127964008364e+01
2.500000000000000486e-03 7.049335873889708637e+01
2.510000000000000078e-03 7.036725115084651350e+01
2.520000000000001406e-03 7.024098094797449221e+01
2.530000000000000998e-03 7.011455056092620453e+01
2.540000000000000591e-03 6.998796241832226883e+01
2.550000000000000183e-03 6.986121894676337263e+01
2.560000000000001510e-03 6.973432257067544526e+01
2.570000000000001103e-03 6.960727571224725807e+01
2.580000000000000696e-03 6.948008079134031334e+01
2.590000000000000288e-03 6.935274022551362805e+01
2.600000000000001615e-03 6.922525642972890125e+01
2.610000000000001208e-03 6.909763181646687258e+01
2.620000000000000800e-03 6.896986879552831340e+01
2.630000000000000393e-03 6.884196977404403128e+01
2.639999999999999986e-03 6.871393715628111920e+01
2.650000000000001313e-03 6.858577334370053791e+01
2.660000000000000905e-03 6.845748073470971917e+01
2.670000000000000498e-03 6.832906172480231533e+01
2.680000000000000090e-03 6.820051870625751178e+01
2.690000000000001418e-03 6.807185406818685180e+01
2.700000000000001010e-03 6.794307019643697743e+01
2.710000000000000603e-03 6.781416947350857072e+01
2.720000000000000195e-03 6.768515427845638044e+01
2.730000000000001523e-03 6.755602698685143537e+01
2.740000000000001115e-03 6.742678997065506508e+01
2.750000000000000708e-03 6.729744559824312944e+01
2.760000000000000300e-03 6.716799623414310361e+01
2.770000000000001628e-03 6.703844423921589168e+01
2.780000000000001220e-03 6.690879197031013348e+01
2.790000000000000813e-03 6.677904178042882677e+01
2.800000000000000405e-03 6.664919601843517682e+01
2.809999999999999998e-03 6.651925702921138850e+01
2.820000000000001325e-03 6.638922715337739078e+01
2.830000000000000918e-03 6.625910872734402801e+01
2.840000000000000510e-03 6.612890408316961555e+01
2.850000000000000103e-03 6.599861554854921053e+01
2.860000000000001430e-03 6.586824544675111781e+01
2.870000000000001023e-03 6.573779609643798949e+01
2.880000000000000615e-03 6.560726981169854355e+01
2.890000000000000208e-03 6.547666890194068401e+01
2.900000000000001535e-03 6.534599567186374713e+01
2.910000000000001127e-03 6.521525242134160294e+01
2.920000000000000720e-03 6.508444144535127407e+01
2.930000000000000313e-03 6.495356503395370851e+01
2.940000000000001640e-03 6.482262547213818493e+01
2.950000000000001232e-03 6.469162503988886215e+01
2.960000000000000825e-03 6.456056601197134626e+01
2.970000000000000417e-03 6.442945065799609949e+01
2.980000000000000010e-03 6.429828124225426222e+01
2.990000000000001337e-03 6.416706002372664841e+01
3.000000000000000930e-03 6.403578925592836413e+01
3.010000000000000522e-03 6.390447118699494666e+01
3.020000000000000115e-03 6.377310805939736582e+01
3.030000000000001442e-03 6.364170211014498335e+01
3.040000000000001035e-03 6.351025557053450399e+01
3.050000000000000627e-03 6.337877066603505938e+01
3.060000000000000220e-03 6.324724961648723820e+01
3.070000000000001547e-03 6.311569463580429584e+01
3.080000000000001140e-03 6.298410793202415192e+01
3.090000000000000732e-03 6.285249170712818056e+01
3.100000000000000325e-03 6.272084815723300011e+01
3.110000000000001652e-03 6.258917947220306388e+01
3.120000000000001245e-03 6.245748783586809338e+01
3.130000000000000837e-03 6.232577542582293972e+01
3.140000000000000430e-03 6.219404441337826484e+01
3.150000000000000022e-03 6.206229696355407555e+01
3.160000000000001349e-03 6.193053523498149815e+01
3.170000000000000942e-03 6.179876137992163621e+01
3.180000000000000535e-03 6.166697754402456155e+01
3.190000000000000127e-03 6.153518586649704503e+01
3.200000000000001454e-03 6.140338847995369775e+01
3.210000000000001047e-03 6.127158751031533512e+01
3.220000000000000639e-03 6.113978507680915442e+01
3.230000000000000232e-03 6.100798329194451952e+01
3.240000000000001559e-03 6.087618426138166683e+01
3.250000000000001152e-03 6.074439008396083750e+01
3.260000000000000744e-03 6.061260285153446858e+01
3.270000000000000337e-03 6.048082464910750389e+01
3.280000000000001664e-03 6.034905755459143961e+01
3.290000000000001257e-03 6.021730363882181791e+01
3.300000000000000849e-03 6.008556496562981408e+01
3.310000000000000442e-03 5.995384359157219478e+01
3.320000000000000034e-03 5.982214156604209165e+01
3.330000000000001362e-03 5.969046093121205132e+01
3.340000000000000954e-03 5.955880372189643168e+01
3.350000000000000547e-03 5.942717196560145965e+01
3.360000000000000139e-03 5.929556768239923770e+01
3.370000000000001467e-03 5.916399288499508202e+01
3.380000000000001059e-03 5.903244957851206465e+01
3.390000000000000652e-03 5.890093976062323833e+01
3.400000000000000244e-03 5.876946542138481533e+01
3.410000000000001572e-03 5.863802854328145742e+01
3.420000000000001164e-03 5.850663110108143172e+01
3.430000000000000757e-03 5.837527506189285020e+01
3.440000000000000349e-03 5.824396238504027679e+01
3.450000000000001676e-03 5.811269502216107696e+01
3.460000000000001269e-03 5.798147491693468680e+01
3.470000000000000862e-03 5.785030400528573580e+01
3.480000000000000454e-03 5.771918421519075793e+01
3.490000000000000047e-03 5.758811746663493381e+01
3.500000000000001374e-03 5.745710567175548533e+01
3.510000000000000966e-03 5.732615073452066667e+01
3.520000000000000559e-03 5.719525455092014710e+01
3.530000000000000152e-03 5.706441900888702889e+01
3.540000000000001479e-03 5.693364598814975608e+01
3.550000000000001071e-03 5.680293736028630036e+01
3.560000000000000664e-03 5.667229498871329696e+01
3.570000000000000256e-03 5.654172072858224141e+01
3.580000000000001584e-03 5.641121642679895132e+01
3.590000000000001176e-03 5.628078392194067447e+01
3.600000000000000769e-03 5.615042504425088055e+01
3.610000000000000361e-03 5.602014161562800609e+01
3.620000000000001689e-03 5.588993544956358051e+01
3.630000000000001281e-03 5.575980835110990341e+01
3.640000000000000874e-03 5.562976211686413563e+01
3.650000000000000466e-03 5.549979853492747139e+01
3.660000000000000059e-03 5.536991938490288589e+01
3.670000000000001386e-03 5.524012643779246901e+01
3.680000000000000979e-03 5.511042145607510889e+01
3.690000000000000571e-03 5.498080619358931642e+01
3.700000000000000164e-03 5.485128239553644391e+01
3.710000000000001491e-03 5.472185179846226788e+01
3.720000000000001084e-03 5.459251613026700056e+01
3.730000000000000676e-03 5.446327711006969707e+01
3.740000000000000269e-03 5.433413644828811329e+01
3.750000000000001596e-03 5.420509584655417967e+01
3.760000000000001188e-03 5.407615699771702111e+01
3.770000000000000781e-03 5.394732158585847515e+01
3.780000000000000374e-03 5.381859128614941312e+01
3.790000000000001701e-03 5.368996776493437295e+01
3.800000000000001293e-03 5.356145267972372181e+01
3.810000000000000886e-03 5.343304767904049157e+01
3.820000000000000479e-03 5.330475440254841146e+01
3.830000000000000071e-03 5.317657448093655148e+01
3.840000000000001398e-03 5.304850953592045215e+01
3.850000000000000991e-03 5.292056118028568079e+01
3.860000000000000583e-03 5.279273101776897192e+01
3.870000000000000176e-03 5.266502064308504316e+01
3.880000000000001503e-03 5.253743164192650994e+01
3.890000000000001096e-03 5.240996559090744000e+01
3.900000000000000688e-03 5.228262405758533760e+01
3.910000000000000281e-03 5.215540860045347671e+01
3.920000000000001608e-03 5.202832076884194379e+01
3.930000000000001201e-03 5.190136210299166208e+01
3.940000000000000793e-03 5.177453413400690607e+01
3.950000000000000386e-03 5.164783838384411752e+01
3.960000000000001713e-03 5.152127636527196586e+01
3.970000000000001306e-03 5.139484958188491248e+01
3.980000000000000898e-03 5.126855952812858419e+01
3.990000000000000491e-03 5.114240768920016222e+01
4.000000000000000083e-03 5.101639554109847552e+01
4.010000000000001411e-03 5.089052455058696012e+01
4.020000000000001003e-03 5.076479617519502341e+01
4.030000000000000596e-03 5.063921186319686996e+01
4.040000000000000188e-03 5.051377305363969583e+01
4.050000000000001515e-03 5.038848117629463275e+01
4.060000000000001108e-03 5.026333765159730405e+01
4.070000000000000701e-03 5.013834389078360232e+01
4.080000000000000293e-03 5.001350129575086356e+01
4.090000000000001620e-03 4.988881125909164638e+01
4.100000000000001213e-03 4.976427516411056473e+01
4.110000000000000805e-03 4.963989438480172112e+01
4.120000000000000398e-03 4.951567028583536967e+01
4.130000000000001725e-03 4.939160422255368132e+01
4.140000000000001318e-03 4.926769754096982012e+01
4.150000000000000910e-03 4.914395157774784195e+01
4.160000000000000503e-03 4.902036766024760084e+01
4.170000000000000095e-03 4.889694710646093512e+01
4.180000000000001423e-03 4.877369122506019039e+01
4.190000000000001015e-03 4.865060131534976762e+01
4.200000000000000608e-03 4.852767866727672441e+01
4.210000000000000200e-03 4.840492456145825173e+01
4.220000000000001528e-03 4.828234026916261001e+01
4.230000000000001120e-03 4.815992705227711213e+01
4.240000000000000713e-03 4.803768616334532737e+01
4.250000000000000305e-03 4.791561884559889251e+01
4.260000000000001633e-03 4.779372633285341010e+01
4.270000000000001225e-03 4.767200984962055799e+01
4.280000000000000818e-03 4.755047061102982298e+01
4.290000000000000410e-03 4.742910982289215838e+01
4.300000000000001737e-03 4.730792868165291054e+01
4.310000000000001330e-03 4.718692837441305699e+01
4.320000000000000923e-03 4.706611007896405852e+01
4.330000000000000515e-03 4.694547496371603756e+01
4.340000000000000108e-03 4.682502418778451414e+01
4.350000000000001435e-03 4.670475890093576510e+01
4.360000000000001028e-03 4.658468024363155280e+01
4.370000000000000620e-03 4.646478934701293184e+01
4.380000000000000213e-03 4.634508733289541027e+01
4.390000000000001540e-03 4.622557531382005180e+01
4.400000000000001132e-03 4.610625439298365080e+01
4.410000000000000725e-03 4.598712566434058857e+01
4.420000000000000318e-03 4.586819021254458306e+01
4.430000000000001645e-03 4.574944911297786376e+01
4.440000000000001237e-03 4.563090343172846985e+01
4.450000000000000830e-03 4.551255422567206921e+01
4.460000000000000422e-03 4.539440254242411044e+01
4.470000000000001750e-03 4.527644942032669206e+01
4.480000000000001342e-03 4.515869588853901462e+01
4.490000000000000935e-03 4.504114296694520192e+01
4.500000000000000527e-03 4.492379166629406484e+01
4.510000000000000120e-03 4.480664298811056767e+01
4.520000000000001447e-03 4.468969792468298152e+01
4.530000000000001040e-03 4.457295745919531527e+01
4.540000000000000632e-03 4.445642256565110984e+01
4.550000000000000225e-03 4.434009420889728403e+01
4.560000000000001552e-03 4.422397334465082963e+01
4.570000000000001145e-03 4.410806091949311991e+01
4.580000000000000737e-03 4.399235787092745653e+01
4.590000000000000330e-03 4.387686512734163102e+01
4.600000000000001657e-03 4.376158360804878811e+01
4.610000000000001250e-03 4.364651422331346708e+01
4.620000000000000842e-03 4.353165787432838130e+01
4.630000000000000435e-03 4.341701545327120471e+01
4.640000000000001762e-03 4.330258784329961230e+01
4.650000000000001354e-03 4.318837591857405300e+01
4.660000000000000947e-03 4.307438054426862806e+01
4.670000000000000540e-03 4.296060257657022419e+01
4.680000000000000132e-03 4.284704286275628959e+01
4.690000000000001459e-03 4.273370224113124749e+01
4.700000000000001052e-03 4.262058154115100450e+01
4.710000000000000644e-03 4.250768158329988466e+01
4.720000000000000237e-03 4.239500317924238004e+01
4.730000000000001564e-03 4.228254713175697077e+01
4.740000000000001157e-03 4.217031423480108288e+01
4.750000000000000749e-03 4.205830527348491898e+01
4.760000000000000342e-03 4.194652102418464068e+01
4.770000000000001669e-03 4.183496225445713179e+01
4.780000000000001262e-03 4.172362972305878515e+01
4.790000000000000854e-03 4.161252418012792731e+01
4.800000000000000447e-03 4.150164636697108023e+01
4.810000000000001774e-03 4.139099701627446137e+01
4.820000000000001367e-03 4.128057685202662697e+01
4.830000000000000959e-03 4.117038658960681374e+01
4.840000000000000552e-03 4.106042693566961077e+01
4.850000000000000144e-03 4.095069858839290333e+01
4.860000000000001472e-03 4.084120223732104193e+01
4.870000000000001064e-03 4.073193856340804331e+01
4.880000000000000657e-03 4.062290823911155968e+01
4.890000000000000249e-03 4.051411192841247555e+01
4.900000000000001577e-03 4.040555028674757665e+01
4.910000000000001169e-03 4.029722396112506289e+01
4.920000000000000762e-03 4.018913359012234565e+01
4.930000000000000354e-03 4.008127980390522538e+01
4.940000000000001681e-03 3.997366322423836493e+01
4.950000000000001274e-03 3.986628446457562802e+01
4.960000000000000867e-03 3.975914412996445435e+01
4.970000000000000459e-03 3.965224281722069577e+01
4.980000000000001786e-03 3.954558111484514882e+01
4.990000000000001379e-03 3.943915960308785174e+01
5.000000000000000971e-03 3.933297885398089733e+01
5.010000000000000564e-03 3.922703943134460047e+01
5.020000000000000157e-03 3.912134189085000457e+01
5.030000000000001484e-03 3.901588678001232324e+01
5.040000000000001076e-03 3.891067463822950145e+01
5.050000000000000669e-03 3.880570599682095434e+01
5.060000000000000261e-03 3.870098137903335100e+01
5.070000000000001589e-03 3.859650130009543290e+01
5.080000000000001181e-03 3.849226626723979194e+01
5.090000000000000774e-03 3.838827677972079044e+01
5.100000000000000366e-03 3.828453332884375016e+01
5.110000000000001694e-03 3.818103639801837090e+01
5.120000000000001286e-03 3.807778646274273626e+01
5.130000000000000879e-03 3.797478399068766919e+01
5.140000000000000471e-03 3.787202944169440144e+01
5.150000000000001799e-03 3.776952326780302371e+01
5.160000000000001391e-03 3.766726591330062490e+01
5.170000000000000984e-03 3.756525781473941805e+01
5.180000000000000576e-03 3.746349940096816766e+01
5.190000000000000169e-03 3.736199109317877287e+01
5.200000000000001496e-03 3.726073330490409319e+01
5.210000000000001089e-03 3.715972644209687559e+01
5.220000000000000681e-03 3.705897090311757580e+01
5.230000000000000274e-03 3.695846707878621373e+01
5.240000000000001601e-03 3.685821535239846725e+01
5.250000000000001193e-03 3.675821609981546345e+01
5.260000000000000786e-03 3.665846968941119144e+01
5.270000000000000379e-03 3.655897648215656659e+01
5.280000000000001706e-03 3.645973683164490353e+01
5.290000000000001298e-03 3.636075108414257784e+01
5.300000000000000891e-03 3.626201957856329017e+01
5.310000000000000484e-03 3.616354264656077788e+01
5.320000000000001811e-03 3.606532061255513355e+01
5.330000000000001403e-03 3.596735379370632302e+01
5.340000000000000996e-03 3.586964250004385946e+01
5.350000000000000588e-03 3.577218703444876269e+01
5.360000000000001916e-03 3.567498769264260972e+01
5.370000000000001508e-03 3.557804476332118782e+01
5.380000000000001101e-03 3.548135852811120117e+01
5.390000000000000693e-03 3.538492926162306418e+01
5.400000000000000286e-03 3.528875723151957544e+01
5.410000000000001613e-03 3.519284269850827940e+01
5.420000000000001206e-03 3.509718591637857088e+01
5.430000000000000798e-03 3.500178713207282755e+01
5.440000000000000391e-03 3.490664658569956202e+01
5.450000000000001718e-03 3.481176451054319898e+01
5.460000000000001311e-03 3.471714113314547490e+01
5.470000000000000903e-03 3.462277667330756969e+01
5.480000000000000496e-03 3.452867134415384243e+01
5.490000000000001823e-03 3.443482535212668694e+01
5.500000000000001416e-03 3.434123889707213095e+01
5.510000000000001008e-03 3.424791217223324935e+01
5.520000000000000601e-03 3.415484536431628015e+01
5.530000000000001928e-03 3.406203865350220639e+01
5.540000000000001520e-03 3.396949221350913461e+01
5.550000000000001113e-03 3.387720621158504741e+01
5.560000000000000706e-03 3.378518080860326478e+01
5.570000000000000298e-03 3.369341615907852372e+01
5.580000000000001625e-03 3.360191241113391669e+01
5.590000000000001218e-03 3.351066970668627221e+01
5.600000000000000810e-03 3.341968818131581997e+01
5.610000000000000403e-03 3.332896796442096843e+01
5.620000000000001730e-03 3.323850917921267722e+01
5.630000000000001323e-03 3.314831194274349713e+01
5.640000000000000915e-03 3.305837636596137941e+01
5.650000000000000508e-03 3.296870255375206682e+01
5.660000000000000100e-03 3.287929060494229105e+01
5.669999999999999693e-03 3.279014061238009248e+01
5.680000000000002755e-03 3.270125266293091215e+01
5.690000000000002348e-03 3.261262683756344671e+01
5.700000000000001940e-03 3.252426321135537535e+01
5.710000000000001533e-03 3.243616185349969783e+01
5.720000000000001125e-03 3.234832282741103171e+01
5.730000000000000718e-03 3.226074619072446836e+01
5.740000000000000310e-03 3.217343199535379483e+01
5.749999999999999903e-03 3.208638028747466109e+01
5.759999999999999495e-03 3.199959110762514669e+01
5.770000000000002557e-03 3.191306449073831430e+01
5.780000000000002150e-03 3.182680046612249924e+01
5.790000000000001742e-03 3.174079905755266751e+01
5.800000000000001335e-03 3.165506028331601840e+01
5.810000000000000928e-03 3.156958415618942126e+01
5.820000000000000520e-03 3.148437068355922008e+01
5.830000000000000113e-03 3.139941986738283930e+01
5.839999999999999705e-03 3.131473170424417418e+01
5.850000000000002767e-03 3.123030618547102577e+01
5.860000000000002360e-03 3.114614329704763662e+01
5.870000000000001952e-03 3.106224301973600177e+01
5.880000000000001545e-03 3.097860532909546549e+01
5.890000000000001137e-03 3.089523019550630067e+01
5.900000000000000730e-03 3.081211758423027547e+01
5.910000000000000323e-03 3.072926745542384097e+01
5.919999999999999915e-03 3.064667976419880446e+01
5.929999999999999508e-03 3.056435446066010542e+01
5.940000000000002570e-03 3.048229148990731474e+01
5.950000000000002162e-03 3.040049079211621574e+01
5.960000000000001755e-03 3.031895230258534468e+01
5.970000000000001347e-03 3.023767595167929656e+01
5.980000000000000940e-03 3.015666166500670897e+01
5.990000000000000532e-03 3.007590936336021414e+01
6.000000000000000125e-03 2.999541896279431441e+01
6.009999999999999717e-03 2.991519037462624198e+01
6.020000000000002779e-03 2.983522350551879754e+01
6.030000000000002372e-03 2.975551825749660040e+01
6.040000000000001965e-03 2.967607452799306600e+01
6.050000000000001557e-03 2.959689220986364333e+01
6.060000000000001150e-03 2.951797119144982062e+01
6.070000000000000742e-03 2.943931135661766163e+01
6.080000000000000335e-03 2.936091258477131660e+01
6.089999999999999927e-03 2.928277475092022542e+01
6.099999999999999520e-03 2.920489772569111153e+01
6.110000000000002582e-03 2.912728137539833639e+01
6.120000000000002174e-03 2.904992556201969123e+01
6.130000000000001767e-03 2.897283014331146234e+01
6.140000000000001359e-03 2.889599497281396978e+01
6.150000000000000952e-03 2.881941989986738761e+01
6.160000000000000545e-03 2.874310476966066830e+01
6.170000000000000137e-03 2.866704942329817740e+01
6.179999999999999730e-03 2.859125369778627856e+01
6.190000000000002792e-03 2.851571742611475102e+01
6.200000000000002384e-03 2.844044043730033167e+01
6.210000000000001977e-03 2.836542255635919574e+01
6.220000000000001569e-03 2.829066360441721883e+01
6.230000000000001162e-03 2.821616339869876455e+01
6.240000000000000754e-03 2.814192175259140782e+01
6.250000000000000347e-03 2.806793847568634348e+01
6.259999999999999939e-03 2.799421337378686303e+01
6.269999999999999532e-03 2.792074624894746648e+01
6.280000000000002594e-03 2.784753689955884681e+01
6.290000000000002187e-03 2.777458512032156435e+01
6.300000000000001779e-03 2.770189070233568174e+01
6.310000000000001372e-03 2.762945343309847956e+01
6.320000000000000964e-03 2.755727309656852952e+01
6.330000000000000557e-03 2.748534947315745924e+01
6.340000000000000149e-03 2.741368233984089642e+01
6.349999999999999742e-03 2.734227147012515147e+01
6.360000000000002804e-03 2.727111663413439047e+01
6.370000000000002396e-03 2.720021759860112454e+01
6.380000000000001989e-03 2.712957412694376558e+01
6.390000000000001582e-03 2.705918597927578872e+01
6.400000000000001174e-03 2.698905291245215921e+01
6.410000000000000767e-03 2.691917468009107495e+01
6.420000000000000359e-03 2.684955103266150900e+01
6.429999999999999952e-03 2.678018171743446985e+01
6.439999999999999544e-03 2.671106647857214966e+01
6.450000000000002606e-03 2.664220505719052667e+01
6.460000000000002199e-03 2.657359719132629294e+01
6.470000000000001791e-03 2.650524261601781006e+01
6.480000000000001384e-03 2.643714106332529568e+01
6.490000000000000976e-03 2.636929226237504409e+01
6.500000000000000569e-03 2.630169593938418160e+01
6.510000000000000162e-03 2.623435181770032898e+01
6.519999999999999754e-03 2.616725961784718280e+01
6.530000000000002816e-03 2.610041905752830260e+01
6.540000000000002409e-03 2.603382985172606467e+01
6.550000000000002001e-03 2.596749171263127565e+01
6.560000000000001594e-03 2.590140434979081974e+01
6.570000000000001186e-03 2.583556747006552712e+01
6.580000000000000779e-03 2.576998077770924311e+01
6.590000000000000371e-03 2.570464397435958048e+01
6.599999999999999964e-03 2.563955675912391996e+01
6.609999999999999556e-03 2.557471882856721379e+01
6.620000000000002618e-03 2.551012987676423549e+01
6.630000000000002211e-03 2.544578959535724394e+01
6.640000000000001804e-03 2.538169767353827311e+01
6.650000000000001396e-03 2.531785379813997849e+01
6.660000000000000989e-03 2.525425765359788599e+01
6.670000000000000581e-03 2.519090892208539145e+01
6.680000000000000174e-03 2.512780728343588166e+01
6.689999999999999766e-03 2.506495241526436857e+01
6.700000000000002828e-03 2.500234399293578136e+01
6.710000000000002421e-03 2.493998168966734141e+01
6.720000000000002013e-03 2.487786517646156881e+01
6.730000000000001606e-03 2.481599412226078982e+01
6.740000000000001198e-03 2.475436819387455856e+01
6.750000000000000791e-03 2.469298705607846500e+01
6.760000000000000384e-03 2.463185037162083191e+01
6.769999999999999976e-03 2.457095780123954754e+01
6.779999999999999569e-03 2.451030900373049803e+01
6.790000000000002631e-03 2.444990363595713845e+01
6.800000000000002223e-03 2.438974135288654210e+01
6.810000000000001816e-03 2.432982180761846536e+01
6.820000000000001408e-03 2.427014465143505006e+01
6.830000000000001001e-03 2.421070953378269408e+01
6.840000000000000593e-03 2.415151610237408519e+01
6.850000000000000186e-03 2.409256400317399738e+01
6.859999999999999779e-03 2.403385288042260015e+01
6.870000000000002841e-03 2.397538237671194139e+01
6.880000000000002433e-03 2.391715213297056053e+01
6.890000000000002026e-03 2.385916178851109493e+01
6.900000000000001618e-03 2.380141098108163078e+01
6.910000000000001211e-03 2.374389934685045489e+01
6.920000000000000803e-03 2.368662652048436712e+01
6.930000000000000396e-03 2.362959213515899748e+01
6.939999999999999988e-03 2.357279582257064021e+01
6.949999999999999581e-03 2.351623721299910486e+01
6.960000000000002643e-03 2.345991593530860797e+01
6.970000000000002235e-03 2.340383161701021209e+01
6.980000000000001828e-03 2.334798388425996052e+01
6.990000000000001421e-03 2.329237236189843685e+01
7.000000000000001013e-03 2.323699667349005082e+01
7.010000000000000606e-03 2.318185644133577838e+01
7.020000000000000198e-03 2.312695128652539012e+01
7.029999999999999791e-03 2.307228082894210885e+01
7.040000000000002853e-03 2.301784468730673083e+01
7.050000000000002445e-03 2.296364247918095458e+01
7.060000000000002038e-03 2.290967382105820249e+01
7.070000000000001630e-03 2.285593832832228145e+01
7.080000000000001223e-03 2.280243561529373864e+01
7.090000000000000815e-03 2.274916529529908260e+01
7.100000000000000408e-03 2.269612698064394962e+01
7.110000000000000001e-03 2.264332028266791852e+01
7.119999999999999593e-03 2.259074481177580296e+01
7.130000000000002655e-03 2.253840017745846680e+01
7.140000000000002248e-03 2.248628598831111702e+01
7.150000000000001840e-03 2.243440185208219617e+01
7.160000000000001433e-03 2.238274737568623252e+01
7.170000000000001025e-03 2.233132216521931923e+01
7.180000000000000618e-03 2.228012582603038183e+01
7.190000000000000210e-03 2.222915796266657651e+01
7.199999999999999803e-03 2.217841817900885104e+01
7.210000000000002865e-03 2.212790607819706779e+01
7.220000000000002457e-03 2.207762126272832148e+01
7.230000000000002050e-03 2.202756333443021219e+01
7.240000000000001643e-03 2.197773189453466358e+01
7.250000000000001235e-03 2.192812654364749747e+01
7.260000000000000828e-03 2.187874688185795691e+01
7.270000000000000420e-03 2.182959250866335310e+01
7.280000000000000013e-03 2.178066302307317770e+01
7.289999999999999605e-03 2.173195802360215367e+01
7.300000000000002667e-03 2.168347710828696862e+01
7.310000000000002260e-03 2.163521987474363328e+01
7.320000000000001852e-03 2.158718592015430104e+01
7.330000000000001445e-03 2.153937484131937552e+01
7.340000000000001038e-03 2.149178623467615168e+01
7.350000000000000630e-03 2.144441969631253997e+01
7.360000000000000223e-03 2.139727482201850250e+01
7.369999999999999815e-03 2.135035120725933666e+01
7.380000000000002877e-03 2.130364844725123419e+01
7.390000000000002470e-03 2.125716613698165958e+01
7.400000000000002062e-03 2.121090387117538967e+01
7.410000000000001655e-03 2.116486124439953542e+01
7.420000000000001247e-03 2.111903785102931863e+01
7.430000000000000840e-03 2.107343328529235293e+01
7.440000000000000432e-03 2.102804714129575459e+01
7.450000000000000025e-03 2.098287901303404368e+01
7.459999999999999618e-03 2.093792849442442972e+01
7.470000000000002680e-03 2.089319517932640125e+01
7.480000000000002272e-03 2.084867866156005434e+01
7.490000000000001865e-03 2.080437853494915501e+01
7.500000000000001457e-03 2.076029439330715931e+01
7.510000000000001050e-03 2.071642583048721065e+01
7.520000000000000642e-03 2.067277244040219486e+01
7.530000000000000235e-03 2.062933381702951152e+01
7.539999999999999827e-03 2.058610955446388857e+01
7.550000000000002889e-03 2.054309924690192801e+01
7.560000000000002482e-03 2.050030248868994676e+01
7.570000000000002074e-03 2.045771887433293656e+01
7.580000000000001667e-03 2.041534799852448145e+01
7.590000000000001260e-03 2.037318945616482679e+01
7.600000000000000852e-03 2.033124284237307933e+01
7.610000000000000445e-03 2.028950775252014438e+01
7.620000000000000037e-03 2.024798378224066298e+01
7.629999999999999630e-03 2.020667052747822368e+01
7.640000000000002692e-03 2.016556758445910447e+01
7.650000000000002284e-03 2.012467454974989778e+01
7.660000000000001877e-03 2.008399102027008709e+01
7.670000000000001469e-03 2.004351659330453472e+01
7.680000000000001062e-03 2.000325086653186801e+01
7.690000000000000654e-03 1.996319343804013613e+01
7.700000000000000247e-03 1.992334390633445906e+01
7.709999999999999840e-03 1.988370187038198367e+01
7.720000000000002902e-03 1.984426692961689653e+01
7.730000000000002494e-03 1.980503868396015221e+01
7.740000000000002087e-03 1.976601673383677138e+01
7.750000000000001679e-03 1.972720068019640038e+01
7.760000000000001272e-03 1.968859012453148338e+01
7.770000000000000864e-03 1.965018466890424165e+01
7.780000000000000457e-03 1.961198391594776780e+01
7.790000000000000049e-03 1.957398746891169594e+01
7.799999999999999642e-03 1.953619493164302412e+01
7.810000000000002704e-03 1.949860590864700782e+01
7.820000000000002296e-03 1.946122000506890970e+01
7.830000000000001889e-03 1.942403682672680176e+01
7.840000000000001482e-03 1.938705598012971976e+01
7.850000000000001074e-03 1.935027707250232964e+01
7.860000000000000667e-03 1.931369971179281819e+01
7.870000000000000259e-03 1.927732350667867323e+01
7.879999999999999852e-03 1.924114806661281207e+01
7.890000000000002914e-03 1.920517300181476372e+01
7.900000000000002506e-03 1.916939792330551384e+01
7.910000000000002099e-03 1.913382244291812384e+01
7.920000000000001691e-03 1.909844617330067962e+01
7.930000000000001284e-03 1.906326872796259053e+01
7.940000000000000877e-03 1.902828972125875850e+01
7.950000000000000469e-03 1.899350876843121583e+01
7.960000000000000062e-03 1.895892548560721025e+01
7.969999999999999654e-03 1.892453948983717638e+01
7.980000000000002716e-03 1.889035039907647473e+01
7.990000000000002309e-03 1.885635783224025275e+01
8.000000000000001901e-03 1.882256140918715204e+01
8.010000000000001494e-03 1.878896075076191963e+01
8.020000000000001086e-03 1.875555547877261020e+01
8.030000000000000679e-03 1.872234521606379332e+01
8.040000000000000271e-03 1.868932958647961229e+01
8.049999999999999864e-03 1.865650821488239330e+01
8.060000000000002926e-03 1.862388072721660492e+01
8.070000000000002519e-03 1.859144675047704354e+01
8.080000000000002111e-03 1.855920591271958386e+01
8.090000000000001704e-03 1.852715784311076419e+01
8.100000000000001296e-03 1.849530217191911419e+01
8.110000000000000889e-03 1.846363853053482629e+01
8.120000000000000481e-03 1.843216655148619409e+01
8.130000000000000074e-03 1.840088586844220586e+01
8.139999999999999666e-03 1.836979611624962772e+01
8.150000000000002728e-03 1.833889693091445494e+01
8.160000000000002321e-03 1.830818794965950502e+01
8.170000000000001913e-03 1.827766881088690454e+01
8.180000000000001506e-03 1.824733915423016839e+01
8.190000000000001099e-03 1.821719862054978023e+01
8.200000000000000691e-03 1.818724685196300683e+01
8.210000000000000284e-03 1.815748349183207111e+01
8.219999999999999876e-03 1.812790818478644894e+01
8.230000000000002938e-03 1.809852057676244286e+01
8.240000000000002531e-03 1.806932031497557389e+01
8.250000000000002123e-03 1.804030704795479778e+01
8.260000000000001716e-03 1.801148042554559581e+01
8.270000000000001308e-03 1.798284009894171120e+01
8.280000000000000901e-03 1.795438572067773819e+01
8.290000000000000493e-03 1.792611694464214267e+01
8.300000000000000086e-03 1.789803342610543879e+01
8.309999999999999679e-03 1.787013482171654033e+01
8.320000000000002741e-03 1.784242078951436383e+01
8.330000000000002333e-03 1.781489098895448819e+01
8.340000000000001926e-03 1.778754508091428832e+01
8.350000000000001518e-03 1.776038272768590076e+01
8.360000000000001111e-03 1.773340359301458236e+01
8.370000000000000703e-03 1.770660734210243703e+01
8.380000000000000296e-03 1.767999364161313380e+01
8.389999999999999888e-03 1.765356215968051856e+01
8.400000000000002950e-03 1.762731256592915230e+01
8.410000000000002543e-03 1.760124453148963752e+01
8.420000000000002136e-03 1.757535772899076321e+01
8.430000000000001728e-03 1.754965183257666439e+01
8.440000000000001321e-03 1.752412651794466214e+01
8.450000000000000913e-03 1.749878146230418352e+01
8.460000000000000506e-03 1.747361634443928580e+01
8.470000000000000098e-03 1.744863084467833758e+01
8.479999999999999691e-03 1.742382464493129746e+01
8.490000000000002753e-03 1.739919742868506347e+01
8.500000000000002345e-03 1.737474888102745041e+01
8.510000000000001938e-03 1.735047868863248510e+01
8.520000000000001530e-03 1.732638653980384547e+01
8.530000000000001123e-03 1.730247212443922322e+01
8.540000000000000716e-03 1.727873513410787254e+01
8.550000000000000308e-03 1.725517526197936746e+01
8.559999999999999901e-03 1.723179220289589253e+01
8.570000000000002963e-03 1.720858565335094426e+01
8.580000000000002555e-03 1.718555531151606175e+01
8.590000000000002148e-03 1.716270087722233129e+01
8.600000000000001740e-03 1.714002205199954076e+01
8.610000000000001333e-03 1.711751853907599497e+01
8.620000000000000925e-03 1.709519004337537496e+01
8.630000000000000518e-03 1.707303627153779857e+01
8.640000000000000110e-03 1.705105693192614780e+01
8.649999999999999703e-03 1.702925173463420094e+01
8.660000000000002765e-03 1.700762039148688842e+01
8.670000000000002358e-03 1.698616261606562361e+01
8.680000000000001950e-03 1.696487812370536474e+01
8.690000000000001543e-03 1.694376663150127271e+01
8.700000000000001135e-03 1.692282785832106384e+01
8.710000000000000728e-03 1.690206152480848800e+01
8.720000000000000320e-03 1.688146735340593807e+01
8.729999999999999913e-03 1.686104506833561700e+01
8.740000000000002975e-03 1.684079439564296266e+01
8.750000000000002567e-03 1.682071506315557130e+01
8.760000000000002160e-03 1.680080680054928166e+01
8.770000000000001752e-03 1.678106933930594735e+01
8.780000000000001345e-03 1.676150241274189412e+01
8.790000000000000938e-03 1.674210575603045115e+01
8.800000000000000530e-03 1.672287910616335083e+01
8.810000000000000123e-03 1.670382220202154855e+01
8.819999999999999715e-03 1.668493478431456722e+01
8.830000000000002777e-03 1.666621659564051328e+01
8.840000000000002370e-03 1.664766738047838857e+01
8.850000000000001962e-03 1.662928688516245757e+01
8.860000000000001555e-03 1.661107485794634187e+01
8.870000000000001147e-03 1.659303104895253966e+01
8.880000000000000740e-03 1.657515521023520577e+01
8.890000000000000333e-03 1.655744709572953965e+01
8.899999999999999925e-03 1.653990646130009168e+01
8.910000000000002987e-03 1.652253306471826733e+01
8.920000000000002580e-03 1.650532666570836327e+01
8.930000000000002172e-03 1.648828702590980910e+01
8.940000000000001765e-03 1.647141390889666113e+01
8.950000000000001357e-03 1.645470708020346251e+01
8.960000000000000950e-03 1.643816630730690420e+01
8.970000000000000542e-03 1.642179135964768122e+01
8.980000000000000135e-03 1.640558200861944016e+01
8.989999999999999727e-03 1.638953802759221645e+01
9.000000000000002789e-03 1.637365919190490260e+01
9.010000000000002382e-03 1.635794527888185357e+01
9.020000000000001975e-03 1.634239606782792720e+01
9.030000000000001567e-03 1.632701134004202004e+01
9.040000000000001160e-03 1.631179087881004364e+01
9.050000000000000752e-03 1.629673446942470250e+01
9.060000000000000345e-03 1.628184189919579694e+01
9.069999999999999937e-03 1.626711295741973373e+01
9.080000000000002999e-03 1.625254743542386038e+01
9.090000000000002592e-03 1.623814512655976827e+01
9.100000000000002184e-03 1.622390582618819366e+01
9.110000000000001777e-03 1.620982933172565765e+01
9.120000000000001369e-03 1.619591544259775162e+01
9.130000000000000962e-03 1.618216396027812465e+01
9.140000000000000555e-03 1.616857468829410394e+01
9.150000000000000147e-03 1.615514743221378069e+01
9.159999999999999740e-03 1.614188199965327897e+01
9.170000000000002802e-03 1.612877820029212472e+01
9.180000000000002394e-03 1.611583584587009454e+01
9.190000000000001987e-03 1.610305475019501742e+01
9.200000000000001579e-03 1.609043472913757356e+01
9.210000000000001172e-03 1.607797560065070996e+01
9.220000000000000764e-03 1.606567718475874074e+01
9.230000000000000357e-03 1.605353930356736214e+01
9.239999999999999949e-03 1.604156178126804733e+01
9.250000000000003011e-03 1.602974444414779498e+01
9.260000000000002604e-03 1.601808712057504991e+01
9.270000000000002197e-03 1.600658964102376913e+01
9.280000000000001789e-03 1.599525183806460937e+01
9.290000000000001382e-03 1.598407354637140365e+01
9.300000000000000974e-03 1.597305460272667510e+01
9.310000000000000567e-03 1.596219484601608407e+01
9.320000000000000159e-03 1.595149411725090616e+01
9.329999999999999752e-03 1.594095225953959272e+01
9.340000000000002814e-03 1.593056911813626897e+01
9.350000000000002406e-03 1.592034454039575309e+01
9.360000000000001999e-03 1.591027837581091298e+01
9.370000000000001592e-03 1.590037047599738429e+01
9.380000000000001184e-03 1.589062069470799976e+01
9.390000000000000777e-03 1.588102888782181132e+01
9.400000000000000369e-03 1.587159491335468608e+01
9.409999999999999962e-03 1.586231863148236165e+01
9.420000000000003024e-03 1.585319990449845129e+01
9.430000000000002616e-03 1.584423859685081304e+01
9.440000000000002209e-03 1.583543457512999630e+01
9.450000000000001801e-03 1.582678770809898161e+01
9.460000000000001394e-03 1.581829786664000892e+01
9.470000000000000986e-03 1.580996492381376584e+01
9.480000000000000579e-03 1.580178875482400080e+01
9.490000000000000172e-03 1.579376923704405300e+01
9.499999999999999764e-03 1.578590625000460612e+01
9.510000000000002826e-03 1.577819967539483414e+01
9.520000000000002419e-03 1.577064939707147495e+01
9.530000000000002011e-03 1.576325530106687545e+01
9.540000000000001604e-03 1.575601727557631193e+01
9.550000000000001196e-03 1.574893521095864912e+01
9.560000000000000789e-03 1.574200899975476808e+01
9.570000000000000381e-03 1.573523853667543904e+01
9.579999999999999974e-03 1.572862371861323361e+01
9.590000000000003036e-03 1.572216444463375140e+01
9.600000000000002628e-03 1.571586061597745321e+01
9.610000000000002221e-03 1.570971213607567130e+01
9.620000000000001814e-03 1.570371891052541891e+01
9.630000000000001406e-03 1.569788084712924459e+01
9.640000000000000999e-03 1.569219785586087745e+01
9.650000000000000591e-03 1.568666984887182991e+01
9.660000000000000184e-03 1.568129674051124667e+01
9.669999999999999776e-03 1.567607844731974964e+01
9.680000000000002838e-03 1.567101488802051357e+01
9.690000000000002431e-03 1.566610598352358430e+01
9.700000000000002023e-03 1.566135165693453324e+01
9.710000000000001616e-03 1.565675183355141264e+01
9.720000000000001208e-03 1.565230644086424583e+01
9.730000000000000801e-03 1.564801540854997874e+01
9.740000000000000394e-03 1.564387866849041764e+01
9.749999999999999986e-03 1.563989615475181871e+01
9.760000000000003048e-03 1.563606780359457105e+01
9.770000000000002641e-03 1.563239355349256599e+01
9.780000000000002233e-03 1.562887334508841519e+01
9.790000000000001826e-03 1.562550712124012087e+01
9.800000000000001418e-03 1.562229482699473770e+01
9.810000000000001011e-03 1.561923640960455906e+01
9.820000000000000603e-03 1.561633181850501728e+01
9.830000000000000196e-03 1.561358100533860238e+01
9.839999999999999789e-03 1.561098392394495171e+01
9.850000000000002850e-03 1.560854053035702016e+01
9.860000000000002443e-03 1.560625078280600952e+01
9.870000000000002036e-03 1.560411464173060381e+01
9.880000000000001628e-03 1.560213206974174227e+01
9.890000000000001221e-03 1.560030303166266386e+01
9.900000000000000813e-03 1.559862749452536335e+01
9.910000000000000406e-03 1.559710542753589024e+01
9.919999999999999998e-03 1.559573680210339042e+01
9.930000000000003060e-03 1.559452159184328579e+01
9.940000000000002653e-03 1.559345977255108906e+01
9.950000000000002245e-03 1.559255132222132190e+01
9.960000000000001838e-03 1.559179622104678842e+01
9.970000000000001431e-03 1.559119445140267324e+01
9.980000000000001023e-03 1.559074599786685411e+01
9.990000000000000616e-03 1.559045084720197849e+01
1.000000000000000021e-02 1.559030898836755874e+01
