# combined A posterior from 100 runs in ., prior=uniform, excluded []; 90% CI [-8.536e-03, 4.631e-03]; 90% UL on |A| 7.592e-03
-1.000000000000000021e-02 3.307516517640709708e+01
-9.990000000000000616e-03 3.307547865556882982e+01
-9.980000000000001023e-03 3.307608501467954198e+01
-9.969999999999999696e-03 3.307698427685065923e+01
-9.960000000000000103e-03 3.307817646772397779e+01
-9.950000000000000511e-03 3.307966161541391159e+01
-9.940000000000000918e-03 3.308143975057154762e+01
-9.929999999999999591e-03 3.308351090634494085e+01
-9.919999999999999998e-03 3.308587511838982209e+01
-9.910000000000000406e-03 3.308853242489875157e+01
-9.900000000000000813e-03 3.309148286652840198e+01
-9.889999999999999486e-03 3.309472648649567361e+01
-9.879999999999999893e-03 3.309826333050425262e+01
-9.870000000000000301e-03 3.310209344678554544e+01
-9.860000000000000708e-03 3.310621688606958202e+01
-9.849999999999999381e-03 3.311063370161962638e+01
-9.839999999999999789e-03 3.311534394918739110e+01
-9.830000000000000196e-03 3.312034768703553311e+01
-9.820000000000000603e-03 3.312564497596562774e+01
-9.810000000000001011e-03 3.313123587926656199e+01
-9.799999999999999684e-03 3.313712046271349010e+01
-9.790000000000000091e-03 3.314329879463988249e+01
-9.780000000000000498e-03 3.314977094584718742e+01
-9.770000000000000906e-03 3.315653698962347562e+01
-9.759999999999999579e-03 3.316359700180120029e+01
-9.749999999999999986e-03 3.317095106067530708e+01
-9.740000000000000394e-03 3.317859924702442953e+01
-9.730000000000000801e-03 3.318654164413196384e+01
-9.719999999999999474e-03 3.319477833780853615e+01
-9.709999999999999881e-03 3.320330941625765320e+01
-9.700000000000000289e-03 3.321213497025970440e+01
-9.690000000000000696e-03 3.322125509298969348e+01
-9.679999999999999369e-03 3.323066988013835754e+01
-9.669999999999999776e-03 3.324037942984992355e+01
-9.660000000000000184e-03 3.325038384271982039e+01
-9.650000000000000591e-03 3.326068322183370185e+01
-9.640000000000000999e-03 3.327127767268893876e+01
-9.629999999999999671e-03 3.328216730324610495e+01
-9.620000000000000079e-03 3.329335222391593874e+01
-9.610000000000000486e-03 3.330483254754211941e+01
-9.600000000000000894e-03 3.331660838935714963e+01
-9.589999999999999566e-03 3.332867986707233143e+01
-9.579999999999999974e-03 3.334104710077617995e+01
-9.570000000000000381e-03 3.335371021300479555e+01
-9.560000000000000789e-03 3.336666932861101742e+01
-9.549999999999999462e-03 3.337992457497448839e+01
-9.539999999999999869e-03 3.339347608173349613e+01
-9.530000000000000276e-03 3.340732398099443401e+01
-9.520000000000000684e-03 3.342146840718042711e+01
-9.509999999999999357e-03 3.343590949710737448e+01
-9.499999999999999764e-03 3.345064738995710485e+01
-9.490000000000000172e-03 3.346568222721409569e+01
-9.480000000000000579e-03 3.348101415274052783e+01
-9.469999999999999252e-03 3.349664331271793571e+01
-9.459999999999999659e-03 3.351256985563038171e+01
-9.450000000000000067e-03 3.352879393227571825e+01
-9.440000000000000474e-03 3.354531569578426087e+01
-9.430000000000000882e-03 3.356213530153797819e+01
-9.419999999999999554e-03 3.357925290720932310e+01
-9.409999999999999962e-03 3.359666867277131530e+01
-9.400000000000000369e-03 3.361438276040209416e+01
-9.390000000000000777e-03 3.363239533457637975e+01
-9.379999999999999449e-03 3.365070656195974408e+01
-9.369999999999999857e-03 3.366931661150134403e+01
-9.360000000000000264e-03 3.368822565429109517e+01
-9.350000000000000672e-03 3.370743386370725858e+01
-9.339999999999999344e-03 3.372694141524410583e+01
-9.329999999999999752e-03 3.374674848661102544e+01
-9.320000000000000159e-03 3.376685525769158858e+01
-9.310000000000000567e-03 3.378726191047717009e+01
-9.299999999999999239e-03 3.380796862914413481e+01
-9.289999999999999647e-03 3.382897559998109216e+01
-9.280000000000000054e-03 3.385028301138473950e+01
-9.270000000000000462e-03 3.387189105384778287e+01
-9.260000000000000869e-03 3.389379991997147101e+01
-9.249999999999999542e-03 3.391600980440085067e+01
-9.239999999999999949e-03 3.393852090385972531e+01
-9.230000000000000357e-03 3.396133341709472120e+01
-9.220000000000000764e-03 3.398444754490390096e+01
-9.209999999999999437e-03 3.400786349006268239e+01
-9.199999999999999845e-03 3.403158145738456852e+01
-9.190000000000000252e-03 3.405560165362897607e+01
-9.180000000000000659e-03 3.407992428755554926e+01
-9.169999999999999332e-03 3.410454956985632435e+01
-9.159999999999999740e-03 3.412947771314745893e+01
-9.150000000000000147e-03 3.415470893196837210e+01
-9.140000000000000555e-03 3.418024344276706472e+01
-9.129999999999999227e-03 3.420608146386555859e+01
-9.119999999999999635e-03 3.423222321547757474e+01
-9.110000000000000042e-03 3.425866891961292282e+01
-9.100000000000000450e-03 3.428541880015667687e+01
-9.090000000000000857e-03 3.431247308279825603e+01
-9.079999999999999530e-03 3.433983199502036143e+01
-9.069999999999999937e-03 3.436749576605445355e+01
-9.060000000000000345e-03 3.439546462694320894e+01
-9.050000000000000752e-03 3.442373881041327621e+01
-9.039999999999999425e-03 3.445231855096648133e+01
-9.029999999999999832e-03 3.448120408474379417e+01
-9.020000000000000240e-03 3.451039564960424144e+01
-9.010000000000000647e-03 3.453989348507431600e+01
-9.000000000000001055e-03 3.456969783229884285e+01
-8.989999999999999727e-03 3.459980893404057412e+01
-8.980000000000000135e-03 3.463022703467353836e+01
-8.970000000000000542e-03 3.466095238014467128e+01
-8.959999999999999215e-03 3.469198521798028878e+01
-8.949999999999999623e-03 3.472332579718977286e+01
-8.940000000000000030e-03 3.475497436834820064e+01
-8.930000000000000437e-03 3.478693118351321800e+01
-8.920000000000000845e-03 3.481919649618858870e+01
-8.909999999999999518e-03 3.485177056132700102e+01
-8.899999999999999925e-03 3.488465363532868224e+01
-8.890000000000000333e-03 3.491784597599414752e+01
-8.880000000000000740e-03 3.495134784249231075e+01
-8.869999999999999413e-03 3.498515949533619107e+01
-8.859999999999999820e-03 3.501928119639605796e+01
-8.850000000000000228e-03 3.505371320883868691e+01
-8.840000000000000635e-03 3.508845579708209783e+01
-8.830000000000001042e-03 3.512350922687146237e+01
-8.819999999999999715e-03 3.515887376513358475e+01
-8.810000000000000123e-03 3.519454968002015249e+01
-8.800000000000000530e-03 3.523053724086517491e+01
-8.789999999999999203e-03 3.526683671816579846e+01
-8.779999999999999610e-03 3.530344838353687464e+01
-8.770000000000000018e-03 3.534037250972725985e+01
-8.760000000000000425e-03 3.537760937053344890e+01
-8.750000000000000833e-03 3.541515924085546629e+01
-8.739999999999999505e-03 3.545302239655742937e+01
-8.729999999999999913e-03 3.549119911457110277e+01
-8.720000000000000320e-03 3.552968967273341150e+01
-8.710000000000000728e-03 3.556849434986735758e+01
-8.699999999999999400e-03 3.560761342571749566e+01
-8.689999999999999808e-03 3.564704718091330449e+01
-8.680000000000000215e-03 3.568679589692592913e+01
-8.670000000000000623e-03 3.572685985606927517e+01
-8.660000000000001030e-03 3.576723934147441497e+01
-8.649999999999999703e-03 3.580793463702915602e+01
-8.640000000000000110e-03 3.584894602739439762e+01
-8.630000000000000518e-03 3.589027379792462114e+01
-8.619999999999999191e-03 3.593191823464078993e+01
-8.609999999999999598e-03 3.597387962428260977e+01
-8.600000000000000006e-03 3.601615825413182392e+01
-8.590000000000000413e-03 3.605875441215581390e+01
-8.580000000000000820e-03 3.610166838679512580e+01
-8.569999999999999493e-03 3.614490046708622373e+01
-8.559999999999999901e-03 3.618845094255873818e+01
-8.550000000000000308e-03 3.623232010318957919e+01
-8.540000000000000716e-03 3.627650823939160318e+01
-8.529999999999999388e-03 3.632101564201442301e+01
-8.519999999999999796e-03 3.636584260223157372e+01
-8.510000000000000203e-03 3.641098941163352265e+01
-8.500000000000000611e-03 3.645645636203541784e+01
-8.490000000000001018e-03 3.650224374555096318e+01
-8.479999999999999691e-03 3.654835185456277458e+01
-8.470000000000000098e-03 3.659478098160725779e+01
-8.460000000000000506e-03 3.664153141946256653e+01
-8.449999999999999178e-03 3.668860346097022784e+01
-8.439999999999999586e-03 3.673599739912049955e+01
-8.429999999999999993e-03 3.678371352695855023e+01
-8.420000000000000401e-03 3.683175213755676936e+01
-8.410000000000000808e-03 3.688011352398262943e+01
-8.399999999999999481e-03 3.692879797929143137e+01
-8.389999999999999888e-03 3.697780579639490384e+01
-8.380000000000000296e-03 3.702713726818971196e+01
-8.370000000000000703e-03 3.707679268733497224e+01
-8.359999999999999376e-03 3.712677234637190082e+01
-8.349999999999999784e-03 3.717707653757393871e+01
-8.340000000000000191e-03 3.722770555295853256e+01
-8.330000000000000598e-03 3.727865968428417176e+01
-8.320000000000001006e-03 3.732993922292002509e+01
-8.309999999999999679e-03 3.738154445992061881e+01
-8.300000000000000086e-03 3.743347568587768137e+01
-8.290000000000000493e-03 3.748573319096038148e+01
-8.279999999999999166e-03 3.753831726479373287e+01
-8.269999999999999574e-03 3.759122819656673897e+01
-8.259999999999999981e-03 3.764446627483544461e+01
-8.250000000000000389e-03 3.769803178756007611e+01
-8.240000000000000796e-03 3.775192502204803446e+01
-8.229999999999999469e-03 3.780614626492869235e+01
-8.219999999999999876e-03 3.786069580207845320e+01
-8.210000000000000284e-03 3.791557391864004245e+01
-8.200000000000000691e-03 3.797078089890819541e+01
-8.189999999999999364e-03 3.802631702633969013e+01
-8.179999999999999771e-03 3.808218258349430130e+01
-8.170000000000000179e-03 3.813837785196871266e+01
-8.160000000000000586e-03 3.819490311244501868e+01
-8.150000000000000994e-03 3.825175864450482521e+01
-8.139999999999999666e-03 3.830894472672270012e+01
-8.130000000000000074e-03 3.836646163653807662e+01
-8.120000000000000481e-03 3.842430965021997480e+01
-8.109999999999999154e-03 3.848248904287737560e+01
-8.099999999999999561e-03 3.854100008836032032e+01
-8.089999999999999969e-03 3.859984305924788828e+01
-8.080000000000000376e-03 3.865901822678780775e+01
-8.070000000000000784e-03 3.871852586081807601e+01
-8.059999999999999457e-03 3.877836622980683501e+01
-8.049999999999999864e-03 3.883853960073395939e+01
-8.040000000000000271e-03 3.889904623907762016e+01
-8.030000000000000679e-03 3.895988640877658327e+01
-8.019999999999999352e-03 3.902106037213456347e+01
-8.009999999999999759e-03 3.908256838980600634e+01
-8.000000000000000167e-03 3.914441072078631834e+01
-7.990000000000000574e-03 3.920658762233083650e+01
-7.980000000000000981e-03 3.926909934985977202e+01
-7.969999999999999654e-03 3.933194615699429875e+01
-7.960000000000000062e-03 3.939512829546325179e+01
-7.950000000000000469e-03 3.945864601507418001e+01
-7.939999999999999142e-03 3.952249956362803118e+01
-7.929999999999999549e-03 3.958668918691656557e+01
-7.919999999999999957e-03 3.965121512866567599e+01
-7.910000000000000364e-03 3.971607763045366113e+01
-7.900000000000000772e-03 3.978127693169207646e+01
-7.889999999999999444e-03 3.984681326956137326e+01
-7.879999999999999852e-03 3.991268687899368928e+01
-7.870000000000000259e-03 3.997889799253299969e+01
-7.860000000000000667e-03 4.004544684043993641e+01
-7.849999999999999339e-03 4.011233365048087762e+01
-7.839999999999999747e-03 4.017955864798243937e+01
-7.830000000000000154e-03 4.024712205568996382e+01
-7.820000000000000562e-03 4.031502409385171148e+01
-7.810000000000000102e-03 4.038326497999190678e+01
-7.799999999999999642e-03 4.045184492905889329e+01
-7.790000000000000049e-03 4.052076415317884539e+01
-7.780000000000000457e-03 4.059002286172103879e+01
-7.769999999999999997e-03 4.065962126122534670e+01
-7.759999999999999537e-03 4.072955955535941541e+01
-7.749999999999999944e-03 4.079983794476662240e+01
-7.740000000000000352e-03 4.087045662720085204e+01
-7.729999999999999892e-03 4.094141579725572200e+01
-7.719999999999999432e-03 4.101271564648754264e+01
-7.709999999999999840e-03 4.108435636328771068e+01
-7.700000000000000247e-03 4.115633813283827891e+01
-7.690000000000000654e-03 4.122866113699705437e+01
-7.680000000000000195e-03 4.130132555438138553e+01
-7.669999999999999735e-03 4.137433156013094049e+01
-7.660000000000000142e-03 4.144767932608066019e+01
-7.650000000000000550e-03 4.152136902046142808e+01
-7.640000000000000090e-03 4.159540080798808503e+01
-7.629999999999999630e-03 4.166977484983497959e+01
-7.620000000000000037e-03 4.174449130344562775e+01
-7.610000000000000445e-03 4.181955032259494232e+01
-7.599999999999999985e-03 4.189495205724060867e+01
-7.589999999999999525e-03 4.197069665359035895e+01
-7.579999999999999932e-03 4.204678425390027741e+01
-7.570000000000000340e-03 4.212321499652504286e+01
-7.559999999999999880e-03 4.219998901576778394e+01
-7.549999999999999420e-03 4.227710644196888268e+01
-7.539999999999999827e-03 4.235456740126878827e+01
-7.530000000000000235e-03 4.243237201566289230e+01
-7.520000000000000642e-03 4.251052040292461243e+01
-7.510000000000000182e-03 4.258901267654005096e+01
-7.499999999999999722e-03 4.266784894565217456e+01
-7.490000000000000130e-03 4.274702931498045899e+01
-7.480000000000000537e-03 4.282655388475964031e+01
-7.470000000000000077e-03 4.290642275075134648e+01
-7.459999999999999618e-03 4.298663600412440644e+01
-7.450000000000000025e-03 4.306719373134171747e+01
-7.440000000000000432e-03 4.314809601424973806e+01
-7.429999999999999973e-03 4.322934292984773919e+01
-7.419999999999999513e-03 4.331093455038966766e+01
-7.409999999999999920e-03 4.339287094315720594e+01
-7.400000000000000328e-03 4.347515217056927384e+01
-7.389999999999999868e-03 4.355777828998883194e+01
-7.379999999999999408e-03 4.364074935371645836e+01
-7.369999999999999815e-03 4.372406540893724980e+01
-7.360000000000000223e-03 4.380772649765012261e+01
-7.350000000000000630e-03 4.389173265655703915e+01
-7.340000000000000170e-03 4.397608391709892572e+01
-7.329999999999999710e-03 4.406078030534733614e+01
-7.320000000000000118e-03 4.414582184185273661e+01
-7.310000000000000525e-03 4.423120854177832939e+01
-7.300000000000000065e-03 4.431694041461264533e+01
-7.289999999999999605e-03 4.440301746432631802e+01
-7.280000000000000013e-03 4.448943968913658153e+01
-7.270000000000000420e-03 4.457620708149278244e+01
-7.259999999999999960e-03 4.466331962809775291e+01
-7.249999999999999500e-03 4.475077730972656553e+01
-7.239999999999999908e-03 4.483858010119934079e+01
-7.230000000000000315e-03 4.492672797140790664e+01
-7.219999999999999855e-03 4.501522088311570258e+01
-7.209999999999999395e-03 4.510405879294574305e+01
-7.199999999999999803e-03 4.519324165138699101e+01
-7.190000000000000210e-03 4.528276940258787420e+01
-7.180000000000000618e-03 4.537264198444206897e+01
-7.170000000000000158e-03 4.546285932843812105e+01
-7.159999999999999698e-03 4.555342135957280902e+01
-7.150000000000000105e-03 4.564432799638345273e+01
-7.140000000000000513e-03 4.573557915080188252e+01
-7.130000000000000053e-03 4.582717472809865455e+01
-7.119999999999999593e-03 4.591911462687674117e+01
-7.110000000000000001e-03 4.601139873890124932e+01
-7.100000000000000408e-03 4.610402694916614763e+01
-7.089999999999999948e-03 4.619699913570530470e+01
-7.079999999999999488e-03 4.629031516959923209e+01
-7.069999999999999896e-03 4.638397491490100322e+01
-7.060000000000000303e-03 4.647797822857512529e+01
-7.049999999999999843e-03 4.657232496038892577e+01
-7.039999999999999383e-03 4.666701495289073165e+01
-7.029999999999999791e-03 4.676204804133560344e+01
-7.020000000000000198e-03 4.685742405361605734e+01
-7.010000000000000606e-03 4.695314281015821933e+01
-7.000000000000000146e-03 4.704920412395907903e+01
-6.989999999999999686e-03 4.714560780043483845e+01
-6.980000000000000093e-03 4.724235363733532722e+01
-6.970000000000000501e-03 4.733944142473075090e+01
-6.960000000000000041e-03 4.743687094499377821e+01
-6.949999999999999581e-03 4.753464197259852142e+01
-6.939999999999999988e-03 4.763275427416412811e+01
-6.930000000000000396e-03 4.773120760832352971e+01
-6.919999999999999936e-03 4.783000172575719233e+01
-6.909999999999999476e-03 4.792913636894752472e+01
-6.899999999999999883e-03 4.802861127234062621e+01
-6.890000000000000291e-03 4.812842616207314705e+01
-6.879999999999999831e-03 4.822858075602292161e+01
-6.869999999999999371e-03 4.832907476372643174e+01
-6.859999999999999779e-03 4.842990788629064980e+01
-6.850000000000000186e-03 4.853107981635709933e+01
-6.840000000000000593e-03 4.863259023795572489e+01
-6.830000000000000134e-03 4.873443882657954163e+01
-6.819999999999999674e-03 4.883662524897792423e+01
-6.810000000000000081e-03 4.893914916316794006e+01
-6.800000000000000488e-03 4.904201021836041718e+01
-6.790000000000000029e-03 4.914520805485803123e+01
-6.779999999999999569e-03 4.924874230403980135e+01
-6.769999999999999976e-03 4.935261258827343767e+01
-6.760000000000000384e-03 4.945681852082749685e+01
-6.749999999999999924e-03 4.956135970582845829e+01
-6.739999999999999464e-03 4.966623573819565962e+01
-6.729999999999999871e-03 4.977144620358765081e+01
-6.720000000000000279e-03 4.987699067827798416e+01
-6.709999999999999819e-03 4.998286872916675350e+01
-6.699999999999999359e-03 5.008907991365662582e+01
-6.689999999999999766e-03 5.019562377963956123e+01
-6.680000000000000174e-03 5.030249986537852891e+01
-6.670000000000000581e-03 5.040970769945466401e+01
-6.660000000000000121e-03 5.051724680073481011e+01
-6.649999999999999661e-03 5.062511667829652851e+01
-6.640000000000000069e-03 5.073331683133009307e+01
-6.630000000000000476e-03 5.084184674907780277e+01
-6.620000000000000016e-03 5.095070591084015632e+01
-6.609999999999999556e-03 5.105989378580031968e+01
-6.599999999999999964e-03 5.116940983305094903e+01
-6.590000000000000371e-03 5.127925350149124739e+01
-6.579999999999999911e-03 5.138942422975006252e+01
-6.569999999999999452e-03 5.149992144616459200e+01
-6.559999999999999859e-03 5.161074456869251037e+01
-6.550000000000000266e-03 5.172189300477689500e+01
-6.539999999999999807e-03 5.183336615146094317e+01
-6.529999999999999347e-03 5.194516339513325676e+01
-6.519999999999999754e-03 5.205728411159930857e+01
-6.510000000000000162e-03 5.216972766592361666e+01
-6.500000000000000569e-03 5.228249341243745363e+01
-6.490000000000000109e-03 5.239558069464641221e+01
-6.479999999999999649e-03 5.250898884513489406e+01
-6.470000000000000057e-03 5.262271718562313794e+01
-6.460000000000000464e-03 5.273676502670213750e+01
-6.450000000000000004e-03 5.285113166798397089e+01
-6.439999999999999544e-03 5.296581639791195073e+01
-6.429999999999999952e-03 5.308081849374139694e+01
-6.420000000000000359e-03 5.319613722148794466e+01
-6.409999999999999899e-03 5.331177183577347023e+01
-6.399999999999999439e-03 5.342772157995031534e+01
-6.389999999999999847e-03 5.354398568585410345e+01
-6.380000000000000254e-03 5.366056337385023056e+01
-6.369999999999999794e-03 5.377745385273846779e+01
-6.359999999999999334e-03 5.389465631970957560e+01
-6.349999999999999742e-03 5.401216996026253980e+01
-6.340000000000000149e-03 5.412999394819887300e+01
-6.330000000000000557e-03 5.424812744545447885e+01
-6.320000000000000097e-03 5.436656960214384782e+01
-6.309999999999999637e-03 5.448531955650675229e+01
-6.300000000000000044e-03 5.460437643476865333e+01
-6.290000000000000452e-03 5.472373935114958954e+01
-6.279999999999999992e-03 5.484340740775296297e+01
-6.269999999999999532e-03 5.496337969459139572e+01
-6.259999999999999939e-03 5.508365528941062195e+01
-6.250000000000000347e-03 5.520423325780726742e+01
-6.239999999999999887e-03 5.532511265293418035e+01
-6.229999999999999427e-03 5.544629251569165973e+01
-6.219999999999999835e-03 5.556777187451488231e+01
-6.210000000000000242e-03 5.568954974532439905e+01
-6.199999999999999782e-03 5.581162513157548233e+01
-6.189999999999999322e-03 5.593399702412180829e+01
-6.179999999999999730e-03 5.605666440115806637e+01
-6.170000000000000137e-03 5.617962622820156326e+01
-6.159999999999999677e-03 5.630288145803620381e+01
-6.150000000000000085e-03 5.642642903064101034e+01
-6.139999999999999625e-03 5.655026787310278280e+01
-6.130000000000000032e-03 5.667439689970609606e+01
-6.120000000000000440e-03 5.679881501173509406e+01
-6.109999999999999980e-03 5.692352109739027100e+01
-6.099999999999999520e-03 5.704851403199094761e+01
-6.089999999999999927e-03 5.717379267760950512e+01
-6.079999999999999467e-03 5.729935588323298390e+01
-6.069999999999999875e-03 5.742520248463096522e+01
-6.060000000000000282e-03 5.755133130432115962e+01
-6.049999999999999822e-03 5.767774115156186099e+01
-6.040000000000000230e-03 5.780443082220443785e+01
-6.029999999999999770e-03 5.793139909879519678e+01
-6.020000000000000177e-03 5.805864475034002226e+01
-6.009999999999999717e-03 5.818616653243420700e+01
-6.000000000000000125e-03 5.831396318714006810e+01
-5.989999999999999665e-03 5.844203344292719748e+01
-5.980000000000000072e-03 5.857037601466658572e+01
-5.969999999999999613e-03 5.869898960354900197e+01
-5.960000000000000020e-03 5.882787289704712208e+01
-5.949999999999999560e-03 5.895702456893530297e+01
-5.939999999999999968e-03 5.908644327913626881e+01
-5.929999999999999508e-03 5.921612767382946885e+01
-5.919999999999999915e-03 5.934607638524516204e+01
-5.909999999999999455e-03 5.947628803170700706e+01
-5.899999999999999863e-03 5.960676121761225232e+01
-5.890000000000000270e-03 5.973749453335844350e+01
-5.879999999999999810e-03 5.986848655533856345e+01
-5.870000000000000218e-03 5.999973584582816954e+01
-5.859999999999999758e-03 6.013124095301579075e+01
-5.850000000000000165e-03 6.026300041093912796e+01
-5.839999999999999705e-03 6.039501273952120641e+01
-5.830000000000000113e-03 6.052727644438447641e+01
-5.819999999999999653e-03 6.065979001691215444e+01
-5.810000000000000060e-03 6.079255193427688653e+01
-5.799999999999999600e-03 6.092556065924948427e+01
-5.790000000000000008e-03 6.105881464031170935e+01
-5.779999999999999548e-03 6.119231231153184325e+01
-5.769999999999999955e-03 6.132605209252698586e+01
-5.759999999999999495e-03 6.146003238854827799e+01
-5.749999999999999903e-03 6.159425159032705466e+01
-5.739999999999999443e-03 6.172870807407431926e+01
-5.729999999999999850e-03 6.186340020151691732e+01
-5.720000000000000258e-03 6.199832631975892383e+01
-5.709999999999999798e-03 6.213348476137218768e+01
-5.700000000000000205e-03 6.226887384426259331e+01
-5.689999999999999745e-03 6.240449187173453538e+01
-5.680000000000000153e-03 6.254033713237254943e+01
-5.669999999999999693e-03 6.267640790013636831e+01
-5.660000000000000100e-03 6.281270243422274291e+01
-5.649999999999999641e-03 6.294921897909130593e+01
-5.640000000000000048e-03 6.308595576445605957e+01
-5.629999999999999588e-03 6.322291100525283980e+01
-5.619999999999999996e-03 6.336008290158946465e+01
-5.609999999999999536e-03 6.349746963874343919e+01
-5.599999999999999943e-03 6.363506938721499750e+01
-5.589999999999999483e-03 6.377288030255002127e+01
-5.579999999999999891e-03 6.391090052551788858e+01
-5.569999999999999431e-03 6.404912818190686608e+01
-5.559999999999999838e-03 6.418756138260621924e+01
-5.550000000000000246e-03 6.432619822365040818e+01
-5.539999999999999786e-03 6.446503678602675791e+01
-5.530000000000000193e-03 6.460407513586008577e+01
-5.519999999999999733e-03 6.474331132425122348e+01
-5.510000000000000141e-03 6.488274338735429581e+01
-5.499999999999999681e-03 6.502236934631213217e+01
-5.490000000000000088e-03 6.516218720731406222e+01
-5.479999999999999628e-03 6.530219496146625602e+01
-5.470000000000000036e-03 6.544239058491841377e+01
-5.459999999999999576e-03 6.558277203879170258e+01
-5.449999999999999983e-03 6.572333726914051510e+01
-5.439999999999999523e-03 6.586408420701232558e+01
-5.429999999999999931e-03 6.600501076840053827e+01
-5.419999999999999471e-03 6.614611485428045512e+01
-5.409999999999999878e-03 6.628739435057919138e+01
-5.399999999999999419e-03 6.642884712810077019e+01
-5.389999999999999826e-03 6.657047104267856241e+01
-5.380000000000000233e-03 6.671226393511068409e+01
-5.369999999999999774e-03 6.685422363106530952e+01
-5.360000000000000181e-03 6.699634794122195558e+01
-5.349999999999999721e-03 6.713863466119804002e+01
-5.340000000000000129e-03 6.728108157155979541e+01
-5.329999999999999669e-03 6.742368643788405791e+01
-5.320000000000000076e-03 6.756644701064540470e+01
-5.309999999999999616e-03 6.770936102531051404e+01
-5.300000000000000024e-03 6.785242620241177747e+01
-5.289999999999999564e-03 6.799564024738313606e+01
-5.279999999999999971e-03 6.813900085066609336e+01
-5.269999999999999511e-03 6.828250568775965235e+01
-5.259999999999999919e-03 6.842615241912820068e+01
-5.249999999999999459e-03 6.856993869035856903e+01
-5.239999999999999866e-03 6.871386213201145665e+01
-5.229999999999999406e-03 6.885792035969517144e+01
-5.219999999999999814e-03 6.900211097417650308e+01
-5.210000000000000221e-03 6.914643156129348256e+01
-5.199999999999999761e-03 6.929087969193112428e+01
-5.190000000000000169e-03 6.943545292220684928e+01
-5.179999999999999709e-03 6.958014879328753466e+01
-5.170000000000000116e-03 6.972496483163318715e+01
-5.159999999999999656e-03 6.986989854876398454e+01
-5.150000000000000064e-03 7.001494744151494842e+01
-5.139999999999999604e-03 7.016010899193568662e+01
-5.130000000000000011e-03 7.030538066733764424e+01
-5.119999999999999551e-03 7.045075992029094891e+01
-5.109999999999999959e-03 7.059624418877427843e+01
-5.099999999999999499e-03 7.074183089600208518e+01
-5.089999999999999906e-03 7.088751745065322041e+01
-5.079999999999999447e-03 7.103330124678043944e+01
-5.069999999999999854e-03 7.117917966385702755e+01
-5.059999999999999394e-03 7.132515006680873171e+01
-5.049999999999999802e-03 7.147120980618099395e+01
-5.040000000000000209e-03 7.161735621790187167e+01
-5.029999999999999749e-03 7.176358662362629559e+01
-5.020000000000000157e-03 7.190989833045169632e+01
-5.009999999999999697e-03 7.205628863128229966e+01
-5.000000000000000104e-03 7.220275480460753670e+01
-4.989999999999999644e-03 7.234929411470626803e+01
-4.980000000000000052e-03 7.249590381156585295e+01
-4.969999999999999592e-03 7.264258113104044412e+01
-4.959999999999999999e-03 7.278932329483400565e+01
-4.949999999999999539e-03 7.293612751052953058e+01
-4.939999999999999947e-03 7.308299097164420743e+01
-4.929999999999999487e-03 7.322991085774431497e+01
-4.919999999999999894e-03 7.337688433439112146e+01
-4.909999999999999434e-03 7.352390855319555385e+01
-4.899999999999999842e-03 7.367098065204167767e+01
-4.889999999999999382e-03 7.381809775487717218e+01
-4.879999999999999789e-03 7.396525697191820825e+01
-4.870000000000000197e-03 7.411245539976472685e+01
-4.859999999999999737e-03 7.425969012125177926e+01
-4.850000000000000144e-03 7.440695820569737862e+01
-4.839999999999999684e-03 7.455425670887842671e+01
-4.830000000000000092e-03 7.470158267305788513e+01
-4.819999999999999632e-03 7.484893312716185676e+01
-4.810000000000000039e-03 7.499630508666940898e+01
-4.799999999999999580e-03 7.514369555383056820e+01
-4.789999999999999987e-03 7.529110151763080694e+01
-4.779999999999999527e-03 7.543851995392689957e+01
-4.769999999999999934e-03 7.558594782544780344e+01
-4.759999999999999475e-03 7.573338208187328746e+01
-4.749999999999999882e-03 7.588081965997022849e+01
-4.739999999999999422e-03 7.602825748354506175e+01
-4.729999999999999830e-03 7.617569246363885327e+01
-4.719999999999999370e-03 7.632312149844726434e+01
-4.709999999999999777e-03 7.647054147362707965e+01
-4.700000000000000185e-03 7.661794926208401080e+01
-4.689999999999999725e-03 7.676534172428667091e+01
-4.680000000000000132e-03 7.691271570815592895e+01
-4.669999999999999672e-03 7.706006804930407839e+01
-4.660000000000000080e-03 7.720739557102687911e+01
-4.649999999999999620e-03 7.735469508434874797e+01
-4.640000000000000027e-03 7.750196338820533981e+01
-4.629999999999999567e-03 7.764919726946550327e+01
-4.619999999999999975e-03 7.779639350296680789e+01
-4.609999999999999515e-03 7.794354885173821401e+01
-4.599999999999999922e-03 7.809066006687480410e+01
-4.589999999999999462e-03 7.823772388790510490e+01
-4.579999999999999870e-03 7.838473704258363739e+01
-4.569999999999999410e-03 7.853169624722607978e+01
-4.559999999999999817e-03 7.867859820657889713e+01
-4.549999999999999357e-03 7.882543961411346345e+01
-4.539999999999999765e-03 7.897221715204089776e+01
-4.530000000000000172e-03 7.911892749127800073e+01
-4.519999999999999712e-03 7.926556729179134209e+01
-4.510000000000000120e-03 7.941213320247163665e+01
-4.499999999999999660e-03 7.955862186135502157e+01
-4.490000000000000067e-03 7.970502989565677865e+01
-4.479999999999999608e-03 7.985135392188742287e+01
-4.470000000000000015e-03 7.999759054607008579e+01
-4.459999999999999555e-03 8.014373636357346697e+01
-4.449999999999999963e-03 8.028978795952257030e+01
-4.439999999999999503e-03 8.043574190861062334e+01
-4.429999999999999910e-03 8.058159477549548910e+01
-4.419999999999999450e-03 8.072734311473219293e+01
-4.409999999999999858e-03 8.087298347076949767e+01
-4.399999999999999398e-03 8.101851237838845066e+01
-4.389999999999999805e-03 8.116392636245383585e+01
-4.379999999999999345e-03 8.130922193837008649e+01
-4.369999999999999753e-03 8.145439561181525789e+01
-4.360000000000000160e-03 8.159944387924221587e+01
-4.349999999999999700e-03 8.174436322766966612e+01
-4.340000000000000108e-03 8.188915013500141526e+01
-4.329999999999999648e-03 8.203380107004166177e+01
-4.320000000000000055e-03 8.217831249266417615e+01
-4.309999999999999595e-03 8.232268085390879264e+01
-4.300000000000000003e-03 8.246690259610667795e+01
-4.289999999999999543e-03 8.261097415298364410e+01
-4.279999999999999950e-03 8.275489194980198704e+01
-4.269999999999999490e-03 8.289865240348026987e+01
-4.259999999999999898e-03 8.304225192273781886e+01
-4.249999999999999438e-03 8.318568690811774502e+01
-4.239999999999999845e-03 8.332895375234643609e+01
-4.229999999999999385e-03 8.347204884012235482e+01
-4.219999999999999793e-03 8.361496854853969296e+01
-4.209999999999999333e-03 8.375770924716850629e+01
-4.199999999999999740e-03 8.390026729793996196e+01
-4.190000000000000148e-03 8.404263905566104143e+01
-4.179999999999999688e-03 8.418482086779235374e+01
-4.170000000000000095e-03 8.432680907477971743e+01
-4.159999999999999636e-03 8.446860001023513576e+01
-4.150000000000000043e-03 8.461019000091263820e+01
-4.139999999999999583e-03 8.475157536688595883e+01
-4.129999999999999991e-03 8.489275242175195046e+01
-4.119999999999999531e-03 8.503371747278735882e+01
-4.109999999999999938e-03 8.517446682096650079e+01
-4.099999999999999478e-03 8.531499676115355157e+01
-4.089999999999999886e-03 8.545530358235937740e+01
-4.079999999999999426e-03 8.559538356770889322e+01
-4.069999999999999833e-03 8.573523299470005554e+01
-4.059999999999999373e-03 8.587484813525037453e+01
-4.049999999999999781e-03 8.601422525602696112e+01
-4.039999999999999321e-03 8.615336061833896508e+01
-4.029999999999999728e-03 8.629225047848942154e+01
-4.020000000000000136e-03 8.643089108787968655e+01
-4.009999999999999676e-03 8.656927869302103318e+01
-4.000000000000000083e-03 8.670740953591548816e+01
-3.989999999999999623e-03 8.684527985398587191e+01
-3.980000000000000031e-03 8.698288588042990455e+01
-3.969999999999999571e-03 8.712022384419586274e+01
-3.959999999999999978e-03 8.725728997022561373e+01
-3.949999999999999518e-03 8.739408047966431070e+01
-3.939999999999999926e-03 8.753059158980842369e+01
-3.929999999999999466e-03 8.766681951456058641e+01
-3.919999999999999873e-03 8.780276046431950476e+01
-3.909999999999999414e-03 8.793841064625820536e+01
-3.899999999999999821e-03 8.807376626458426472e+01
-3.889999999999999361e-03 8.820882352049102337e+01
-3.879999999999999769e-03 8.834357861235889686e+01
-3.869999999999999309e-03 8.847802773612913541e+01
-3.859999999999999716e-03 8.861216708518649909e+01
-3.850000000000000124e-03 8.874599285076020294e+01
-3.839999999999999664e-03 8.887950122182748203e+01
-3.830000000000000071e-03 8.901268838559268204e+01
-3.819999999999999611e-03 8.914555052735678942e+01
-3.810000000000000019e-03 8.927808383088760991e+01
-3.799999999999999559e-03 8.941028447849278393e+01
-3.789999999999999966e-03 8.954214865124541234e+01
-3.779999999999999506e-03 8.967367252901239283e+01
-3.769999999999999914e-03 8.980485229087003063e+01
-3.759999999999999454e-03 8.993568411501682647e+01
-3.749999999999999861e-03 9.006616417914021611e+01
-3.739999999999999401e-03 9.019628866042188520e+01
-3.729999999999999809e-03 9.032605373590689624e+01
-3.719999999999999349e-03 9.045545558243318851e+01
-3.709999999999999756e-03 9.058449037711055496e+01
-3.699999999999999296e-03 9.071315429713796163e+01
-3.689999999999999704e-03 9.084144352031022152e+01
-3.680000000000000111e-03 9.096935422493909584e+01
-3.669999999999999651e-03 9.109688259017643475e+01
-3.660000000000000059e-03 9.122402479620474480e+01
-3.649999999999999599e-03 9.135077702423626533e+01
-3.640000000000000006e-03 9.147713545693238757e+01
-3.629999999999999546e-03 9.160309627844057445e+01
-3.619999999999999954e-03 9.172865567451401603e+01
-3.609999999999999494e-03 9.185380983288210643e+01
-3.599999999999999901e-03 9.197855494324147685e+01
-3.589999999999999442e-03 9.210288719758108300e+01
-3.579999999999999849e-03 9.222680279026789663e+01
-3.569999999999999389e-03 9.235029791824806011e+01
-3.559999999999999797e-03 9.247336878122217740e+01
-3.549999999999999337e-03 9.259601158195303583e+01
-3.539999999999999744e-03 9.271822252624255611e+01
-3.529999999999999284e-03 9.283999782319799010e+01
-3.519999999999999692e-03 9.296133368549409681e+01
-3.510000000000000099e-03 9.308222632949333786e+01
-3.499999999999999639e-03 9.320267197542987958e+01
-3.490000000000000047e-03 9.332266684751965613e+01
-3.479999999999999587e-03 9.344220717435713652e+01
-3.469999999999999994e-03 9.356128918878775380e+01
-3.459999999999999534e-03 9.367990912851304586e+01
-3.449999999999999942e-03 9.379806323587317252e+01
-3.439999999999999482e-03 9.391574775817115039e+01
-3.429999999999999889e-03 9.403295894792911724e+01
-3.419999999999999429e-03 9.414969306315614972e+01
-3.409999999999999837e-03 9.426594636724195198e+01
-3.399999999999999377e-03 9.438171512939059937e+01
-3.389999999999999784e-03 9.449699562473408321e+01
-3.379999999999999324e-03 9.461178413447798619e+01
-3.369999999999999732e-03 9.472607694619244967e+01
-3.359999999999999272e-03 9.483987035396935994e+01
-3.349999999999999679e-03 9.495316065841241482e+01
-3.340000000000000087e-03 9.506594416724188079e+01
-3.329999999999999627e-03 9.517821719492889088e+01
-3.320000000000000034e-03 9.528997606362581507e+01
-3.309999999999999575e-03 9.540121710245911402e+01
-3.299999999999999982e-03 9.551193664852074505e+01
-3.289999999999999522e-03 9.562213104655003804e+01
-3.279999999999999930e-03 9.573179664943387479e+01
-3.269999999999999470e-03 9.584092981809358491e+01
-3.259999999999999877e-03 9.594952692198060618e+01
-3.249999999999999417e-03 9.605758433901770843e+01
-3.239999999999999825e-03 9.616509845598112349e+01
-3.229999999999999365e-03 9.627206566863787884e+01
-3.219999999999999772e-03 9.637848238180086469e+01
-3.209999999999999312e-03 9.648434500962400762e+01
-3.199999999999999720e-03 9.658964997593702151e+01
-3.189999999999999260e-03 9.669439371413015749e+01
-3.179999999999999667e-03 9.679857266759833578e+01
-3.170000000000000075e-03 9.690218328981228524e+01
-3.159999999999999615e-03 9.700522204455991471e+01
-3.150000000000000022e-03 9.710768540611070421e+01
-3.139999999999999562e-03 9.720956985936317096e+01
-3.129999999999999970e-03 9.731087190005308685e+01
-3.119999999999999510e-03 9.741158803508885455e+01
-3.109999999999999917e-03 9.751171478249989377e+01
-3.099999999999999457e-03 9.761124867184372533e+01
-3.089999999999999865e-03 9.771018624421465404e+01
-3.079999999999999405e-03 9.780852405265127913e+01
-3.069999999999999812e-03 9.790625866192193882e+01
-3.059999999999999352e-03 9.800338664928246146e+01
-3.049999999999999760e-03 9.809990460417763813e+01
-3.039999999999999300e-03 9.819580912864286404e+01
-3.029999999999999707e-03 9.829109683757276628e+01
-3.019999999999999248e-03 9.838576435866002612e+01
-3.009999999999999655e-03 9.847980833274132806e+01
-3.000000000000000062e-03 9.857322541402604088e+01
-2.989999999999999603e-03 9.866601227020173326e+01
-2.980000000000000010e-03 9.875816558268464007e+01
-2.969999999999999550e-03 9.884968204656131263e+01
-2.959999999999999958e-03 9.894055837125398511e+01
-2.949999999999999498e-03 9.903079128023134103e+01
-2.939999999999999905e-03 9.912037751143182618e+01
-2.929999999999999445e-03 9.920931381737770494e+01
-2.919999999999999853e-03 9.929759696551421655e+01
-2.909999999999999393e-03 9.938522373809702515e+01
-2.899999999999999800e-03 9.947219093264334333e+01
-2.889999999999999340e-03 9.955849536186308057e+01
-2.879999999999999748e-03 9.964413385420590430e+01
-2.869999999999999288e-03 9.972910325364985340e+01
-2.859999999999999695e-03 9.981340042012870128e+01
-2.849999999999999235e-03 9.989702222964204736e+01
-2.839999999999999643e-03 9.997996557438149523e+01
-2.830000000000000050e-03 1.000622273630211652e+02
-2.819999999999999590e-03 1.001438045207461016e+02
-2.809999999999999998e-03 1.002246939896498645e+02
-2.799999999999999538e-03 1.003048927286764780e+02
-2.789999999999999945e-03 1.003843977139085126e+02
-2.779999999999999485e-03 1.004632059387811580e+02
-2.769999999999999893e-03 1.005413144141697614e+02
-2.759999999999999433e-03 1.006187201685910537e+02
-2.749999999999999840e-03 1.006954202484721890e+02
-2.739999999999999380e-03 1.007714117181562870e+02
-2.729999999999999788e-03 1.008466916601471581e+02
-2.719999999999999328e-03 1.009212571753708971e+02
-2.709999999999999735e-03 1.009951053832533887e+02
-2.699999999999999276e-03 1.010682334218714402e+02
-2.689999999999999683e-03 1.011406384481029761e+02
-2.679999999999999223e-03 1.012123176380295462e+02
-2.669999999999999631e-03 1.012832681867633795e+02
-2.660000000000000038e-03 1.013534873087906334e+02
-2.649999999999999578e-03 1.014229722381646326e+02
-2.639999999999999986e-03 1.014917202285831337e+02
-2.629999999999999526e-03 1.015597285536144341e+02
-2.619999999999999933e-03 1.016269945069227134e+02
-2.609999999999999473e-03 1.016935154021865770e+02
-2.599999999999999881e-03 1.017592885735420793e+02
-2.589999999999999421e-03 1.018243113755858928e+02
-2.579999999999999828e-03 1.018885811834813495e+02
-2.569999999999999368e-03 1.019520953934632246e+02
-2.559999999999999776e-03 1.020148514224786709e+02
-2.549999999999999316e-03 1.020768467086668210e+02
-2.539999999999999723e-03 1.021380787115133160e+02
-2.529999999999999263e-03 1.021985449119283658e+02
-2.519999999999999671e-03 1.022582428123235303e+02
-2.509999999999999211e-03 1.023171699370128636e+02
-2.499999999999999618e-03 1.023753238320610706e+02
-2.490000000000000026e-03 1.024327020656362066e+02
-2.479999999999999566e-03 1.024893022281288069e+02
-2.469999999999999973e-03 1.025451219321649745e+02
-2.459999999999999513e-03 1.026001588130029774e+02
-2.449999999999999921e-03 1.026544105284216357e+02
-2.439999999999999461e-03 1.027078747590273906e+02
-2.429999999999999868e-03 1.027605492083384746e+02
-2.419999999999999409e-03 1.028124316029557406e+02
-2.409999999999999816e-03 1.028635196926093158e+02
-2.399999999999999356e-03 1.029138112504614071e+02
-2.389999999999999764e-03 1.029633040731273610e+02
-2.379999999999999304e-03 1.030119959808123866e+02
-2.369999999999999711e-03 1.030598848175229847e+02
-2.359999999999999251e-03 1.031069684510608084e+02
-2.349999999999999659e-03 1.031532447734133910e+02
-2.339999999999999199e-03 1.031987117006106445e+02
-2.329999999999999606e-03 1.032433671729253746e+02
-2.319999999999999146e-03 1.032872091551669769e+02
-2.309999999999999554e-03 1.033302356366215093e+02
-2.299999999999999961e-03 1.033724446312429137e+02
-2.289999999999999501e-03 1.034138341777781704e+02
-2.279999999999999909e-03 1.034544023399090236e+02
-2.269999999999999449e-03 1.034941472064215873e+02
-2.259999999999999856e-03 1.035330668910746681e+02
-2.249999999999999396e-03 1.035711595331315067e+02
-2.239999999999999804e-03 1.036084232971546015e+02
-2.229999999999999344e-03 1.036448563732111978e+02
-2.219999999999999751e-03 1.036804569770831108e+02
-2.209999999999999291e-03 1.037152233502044112e+02
-2.199999999999999699e-03 1.037491537598861413e+02
-2.189999999999999239e-03 1.037822464995280427e+02
-2.179999999999999646e-03 1.038144998884868784e+02
-2.170000000000000054e-03 1.038459122723676558e+02
-2.159999999999998727e-03 1.038764820230186672e+02
-2.149999999999999134e-03 1.039062075387845994e+02
-2.139999999999999541e-03 1.039350872445163105e+02
-2.129999999999999949e-03 1.039631195915847144e+02
-2.120000000000000356e-03 1.039903030580999967e+02
-2.109999999999999029e-03 1.040166361491117897e+02
-2.099999999999999437e-03 1.040421173963878942e+02
-2.089999999999999844e-03 1.040667453588242353e+02
-2.080000000000000251e-03 1.040905186224155585e+02
-2.069999999999998924e-03 1.041134358003075135e+02
-2.059999999999999332e-03 1.041354955329238692e+02
-2.049999999999999739e-03 1.041566964881989321e+02
-2.040000000000000147e-03 1.041770373612281020e+02
-2.029999999999998819e-03 1.041965168750654129e+02
-2.019999999999999227e-03 1.042151337800688538e+02
-2.009999999999999634e-03 1.042328868545528451e+02
-2.000000000000000042e-03 1.042497749044083122e+02
-1.989999999999998714e-03 1.042657967635744001e+02
-1.979999999999999122e-03 1.042809512939515599e+02
-1.969999999999999529e-03 1.042952373853425456e+02
-1.959999999999999937e-03 1.043086539558600379e+02
-1.950000000000000344e-03 1.043211999516094295e+02
-1.939999999999999017e-03 1.043328743471287083e+02
-1.929999999999999424e-03 1.043436761451153103e+02
-1.919999999999999832e-03 1.043536043768568504e+02
-1.910000000000000239e-03 1.043626581019603208e+02
-1.899999999999998912e-03 1.043708364085957214e+02
-1.889999999999999319e-03 1.043781384135717616e+02
-1.879999999999999727e-03 1.043845632622854538e+02
-1.870000000000000134e-03 1.043901101289960849e+02
-1.859999999999998807e-03 1.043947782164984233e+02
-1.849999999999999215e-03 1.043985667566425093e+02
-1.839999999999999622e-03 1.044014750100448055e+02
-1.830000000000000029e-03 1.044035022663495340e+02
-1.819999999999998702e-03 1.044046478441023851e+02
-1.809999999999999110e-03 1.044049110909252391e+02
-1.799999999999999517e-03 1.044042913835408228e+02
-1.789999999999999925e-03 1.044027881278250760e+02
-1.780000000000000332e-03 1.044004007587333973e+02
-1.769999999999999005e-03 1.043971287405631045e+02
-1.759999999999999412e-03 1.043929715668761276e+02
-1.749999999999999820e-03 1.043879287604078030e+02
-1.740000000000000227e-03 1.043819998733954435e+02
-1.729999999999998900e-03 1.043751844872996486e+02
-1.719999999999999307e-03 1.043674822131411162e+02
-1.709999999999999715e-03 1.043588926912065347e+02
-1.700000000000000122e-03 1.043494155914410868e+02
-1.689999999999998795e-03 1.043390506131448916e+02
-1.679999999999999202e-03 1.043277974851719563e+02
-1.669999999999999610e-03 1.043156559660442184e+02
-1.660000000000000017e-03 1.043026258436902225e+02
-1.649999999999998690e-03 1.042887069356681735e+02
-1.639999999999999097e-03 1.042738990892685536e+02
-1.629999999999999505e-03 1.042582021812830817e+02
-1.619999999999999912e-03 1.042416161182102883e+02
-1.610000000000000320e-03 1.042241408361809079e+02
-1.599999999999998992e-03 1.042057763009820377e+02
-1.589999999999999400e-03 1.041865225081507020e+02
-1.579999999999999807e-03 1.041663794828402700e+02
-1.570000000000000215e-03 1.041453472800288012e+02
-1.559999999999998888e-03 1.041234259841746592e+02
-1.549999999999999295e-03 1.041006157095869611e+02
-1.539999999999999702e-03 1.040769166002906729e+02
-1.530000000000000110e-03 1.040523288299492037e+02
-1.519999999999998783e-03 1.040268526019806075e+02
-1.509999999999999190e-03 1.040004881494882767e+02
-1.499999999999999598e-03 1.039732357351958996e+02
-1.490000000000000005e-03 1.039450956516348441e+02
-1.479999999999998678e-03 1.039160682208861886e+02
-1.469999999999999085e-03 1.038861537947348666e+02
-1.459999999999999493e-03 1.038553527546739588e+02
-1.449999999999999900e-03 1.038236655117420213e+02
-1.440000000000000308e-03 1.037910925066183552e+02
-1.429999999999998980e-03 1.037576342095392476e+02
-1.419999999999999388e-03 1.037232911204367127e+02
-1.409999999999999795e-03 1.036880637686152511e+02
-1.400000000000000203e-03 1.036519527130754597e+02
-1.389999999999998875e-03 1.036149585421991191e+02
-1.379999999999999283e-03 1.035770818738922543e+02
-1.369999999999999690e-03 1.035383233554787807e+02
-1.360000000000000098e-03 1.034986836636866343e+02
-1.349999999999998770e-03 1.034581635046497752e+02
-1.339999999999999178e-03 1.034167636138141688e+02
-1.329999999999999585e-03 1.033744847559185018e+02
-1.319999999999999993e-03 1.033313277249847459e+02
-1.309999999999998666e-03 1.032872933442951933e+02
-1.299999999999999073e-03 1.032423824662033383e+02
-1.289999999999999480e-03 1.031965959722774926e+02
-1.279999999999999888e-03 1.031499347731727170e+02
-1.270000000000000295e-03 1.031023998085713060e+02
-1.259999999999998968e-03 1.030539920471214685e+02
-1.249999999999999375e-03 1.030047124864271808e+02
-1.239999999999999783e-03 1.029545621529832715e+02
-1.230000000000000190e-03 1.029035421021147556e+02
-1.219999999999998863e-03 1.028516534179551911e+02
-1.209999999999999271e-03 1.027988972132422134e+02
-1.199999999999999678e-03 1.027452746294502930e+02
-1.190000000000000085e-03 1.026907868366061223e+02
-1.179999999999998758e-03 1.026354350333534171e+02
-1.169999999999999166e-03 1.025792204467064863e+02
-1.159999999999999573e-03 1.025221443320649826e+02
-1.149999999999999981e-03 1.024642079732323907e+02
-1.139999999999998653e-03 1.024054126821881709e+02
-1.129999999999999061e-03 1.023457597992075421e+02
-1.119999999999999468e-03 1.022852506924675140e+02
-1.109999999999999876e-03 1.022238867583376987e+02
-1.100000000000000283e-03 1.021616694211400187e+02
-1.089999999999998956e-03 1.020986001330810495e+02
-1.079999999999999363e-03 1.020346803739973325e+02
-1.069999999999999771e-03 1.019699116516269726e+02
-1.060000000000000178e-03 1.019042955012874074e+02
-1.049999999999998851e-03 1.018378334857608394e+02
-1.039999999999999258e-03 1.017705271953401081e+02
-1.029999999999999666e-03 1.017023782477220664e+02
-1.020000000000000073e-03 1.016333882877896855e+02
-1.009999999999998746e-03 1.015635589876468714e+02
-9.999999999999991535e-04 1.014928920465129920e+02
-9.899999999999995609e-04 1.014213891905405376e+02
-9.799999999999999684e-04 1.013490521728565170e+02
-9.699999999999986411e-04 1.012758827732503448e+02
-9.599999999999990485e-04 1.012018827983500273e+02
-9.499999999999994560e-04 1.011270540813070511e+02
-9.399999999999998634e-04 1.010513984817906987e+02
-9.300000000000002709e-04 1.009749178857451142e+02
-9.199999999999989436e-04 1.008976142055354046e+02
-9.099999999999993511e-04 1.008194893796613627e+02
-8.999999999999997585e-04 1.007405453726706099e+02
-8.900000000000001660e-04 1.006607841749044496e+02
-8.799999999999988387e-04 1.005802078028888644e+02
-8.699999999999992462e-04 1.004988182984818650e+02
-8.599999999999996536e-04 1.004166177294386273e+02
-8.500000000000000611e-04 1.003336081888766245e+02
-8.399999999999987338e-04 1.002497917952373427e+02
-8.299999999999991412e-04 1.001651706923483829e+02
-8.199999999999995487e-04 1.000797470490567491e+02
-8.099999999999999561e-04 9.999352305924826112e+01
-7.999999999999986289e-04 9.990650094167180839e+01
-7.899999999999990363e-04 9.981868293987035656e+01
-7.799999999999994438e-04 9.973007132197960800e+01
-7.699999999999998512e-04 9.964066838066752041e+01
-7.600000000000002587e-04 9.955047643294174975e+01
-7.499999999999989314e-04 9.945949782003529549e+01
-7.399999999999993389e-04 9.936773490735846792e+01
-7.299999999999997463e-04 9.927519008420625823e+01
-7.200000000000001538e-04 9.918186576379248720e+01
-7.099999999999988265e-04 9.908776438287024746e+01
-6.999999999999992339e-04 9.899288840201656114e+01
-6.899999999999996414e-04 9.889724030500262586e+01
-6.800000000000000488e-04 9.880082259891800334e+01
-6.699999999999987216e-04 9.870363781418559768e+01
-6.599999999999991290e-04 9.860568850397453389e+01
-6.499999999999995365e-04 9.850697724443760706e+01
-6.399999999999999439e-04 9.840750663439705193e+01
-6.299999999999986167e-04 9.830727929528147513e+01
-6.199999999999990241e-04 9.820629787087692364e+01
-6.099999999999994316e-04 9.810456502723904748e+01
-5.999999999999998390e-04 9.800208345259260057e+01
-5.900000000000002465e-04 9.789885585710138116e+01
-5.799999999999989192e-04 9.779488497266537195e+01
-5.699999999999993266e-04 9.769017355296691107e+01
-5.599999999999997341e-04 9.758472437312617842e+01
-5.500000000000001416e-04 9.747854022960602549e+01
-5.399999999999988143e-04 9.737162394003246391e+01
-5.299999999999992217e-04 9.726397834314666113e+01
-5.199999999999996292e-04 9.715560629849026952e+01
-5.100000000000000366e-04 9.704651068631123678e+01
-4.999999999999987094e-04 9.693669440746265309e+01
-4.899999999999991168e-04 9.682616038316248819e+01
-4.799999999999995243e-04 9.671491155482999602e+01
-4.699999999999999317e-04 9.660295088401412045e+01
-4.599999999999986044e-04 9.649028135202999579e+01
-4.499999999999990119e-04 9.637690596009390731e+01
-4.399999999999994194e-04 9.626282772883729422e+01
-4.299999999999998268e-04 9.614804969837369697e+01
-4.200000000000002343e-04 9.603257492798664430e+01
-4.099999999999989070e-04 9.591640649613373171e+01
-3.999999999999993144e-04 9.579954749992590735e+01
-3.899999999999997219e-04 9.568200105546758039e+01
-3.800000000000001293e-04 9.556377029716554716e+01
-3.699999999999988021e-04 9.544485837796857197e+01
-3.599999999999992095e-04 9.532526846890395689e+01
-3.499999999999996170e-04 9.520500375904316570e+01
-3.400000000000000244e-04 9.508406745540048632e+01
-3.299999999999986972e-04 9.496246278244186101e+01
-3.199999999999991046e-04 9.484019298233907591e+01
-3.099999999999995121e-04 9.471726131450400032e+01
-2.999999999999999195e-04 9.459367105546277799e+01
-2.899999999999985922e-04 9.446942549860030169e+01
-2.799999999999989997e-04 9.434452795426885530e+01
-2.699999999999994071e-04 9.421898174927815717e+01
-2.599999999999998146e-04 9.409279022688455996e+01
-2.500000000000002220e-04 9.396595674655384300e+01
-2.399999999999988948e-04 9.383848468381462737e+01
-2.299999999999993022e-04 9.371037743003599019e+01
-2.199999999999997097e-04 9.358163839231136194e+01
-2.100000000000001171e-04 9.345227099310741892e+01
-1.999999999999987899e-04 9.332227867035932434e+01
-1.899999999999991973e-04 9.319166487699624213e+01
-1.799999999999996048e-04 9.306043308090238497e+01
-1.700000000000000122e-04 9.292858676476551238e+01
-1.599999999999986849e-04 9.279612942581350410e+01
-1.499999999999990924e-04 9.266306457552492759e+01
-1.399999999999994998e-04 9.252939573970816411e+01
-1.299999999999999073e-04 9.239512645812573055e+01
-1.199999999999985800e-04 9.226026028428276504e+01
-1.099999999999989875e-04 9.212480078530900585e+01
-9.999999999999939493e-05 9.198875154192376158e+01
-8.999999999999980238e-05 9.185211614776694944e+01
-8.000000000000020983e-05 9.171489820976128726e+01
-6.999999999999888256e-05 9.157710134757871856e+01
-5.999999999999929001e-05 9.143872919356189755e+01
-4.999999999999969746e-05 9.129978539252476821e+01
-4.000000000000010492e-05 9.116027360149598735e+01
-2.999999999999877764e-05 9.102019748971582658e+01
-1.999999999999918510e-05 9.087956073809414193e+01
-9.999999999999592548e-06 9.073836703945997328e+01
0.000000000000000000e+00 9.059662009797271764e+01
1.000000000000132727e-05 9.045432362907139634e+01
2.000000000000091982e-05 9.031148135951460176e+01
3.000000000000051237e-05 9.016809702666461135e+01
4.000000000000010492e-05 9.002417437891226371e+01
5.000000000000143219e-05 8.987971717491535628e+01
6.000000000000102474e-05 8.973472918379121666e+01
7.000000000000061728e-05 8.958921418469908815e+01
8.000000000000020983e-05 8.944317596684672367e+01
8.999999999999980238e-05 8.929661832902759500e+01
1.000000000000011297e-04 8.914954507974360354e+01
1.100000000000007222e-04 8.900196003672218126e+01
1.200000000000003147e-04 8.885386702682023952e+01
1.299999999999999073e-04 8.870526988595199214e+01
1.400000000000012346e-04 8.855617245868847931e+01
1.500000000000008271e-04 8.840657859817034137e+01
1.600000000000004197e-04 8.825649216601468083e+01
1.700000000000000122e-04 8.810591703188018187e+01
1.800000000000013395e-04 8.795485707334944436e+01
1.900000000000009320e-04 8.780331617592055693e+01
2.000000000000005246e-04 8.765129823260294017e+01
2.100000000000001171e-04 8.749880714375413504e+01
2.200000000000014444e-04 8.734584681696101427e+01
2.300000000000010369e-04 8.719242116672177190e+01
2.400000000000006295e-04 8.703853411447097699e+01
2.500000000000002220e-04 8.688418958802910197e+01
2.599999999999998146e-04 8.672939152176600430e+01
2.700000000000011419e-04 8.657414385621935082e+01
2.800000000000007344e-04 8.641845053789677422e+01
2.900000000000003270e-04 8.626231551913228657e+01
2.999999999999999195e-04 8.610574275788827947e+01
3.100000000000012468e-04 8.594873621751871440e+01
3.200000000000008393e-04 8.579129986666941932e+01
3.300000000000004319e-04 8.563343767884174440e+01
3.400000000000000244e-04 8.547515363255173781e+01
3.500000000000013517e-04 8.531645171092793589e+01
3.600000000000009442e-04 8.515733590142791343e+01
3.700000000000005368e-04 8.499781019582174224e+01
3.800000000000001293e-04 8.483787858998567799e+01
3.900000000000014566e-04 8.467754508362403953e+01
4.000000000000010492e-04 8.451681368003077921e+01
4.100000000000006417e-04 8.435568838611553133e+01
4.200000000000002343e-04 8.419417321196335990e+01
4.299999999999998268e-04 8.403227217080359424e+01
4.400000000000011541e-04 8.386998927869585430e+01
4.500000000000007466e-04 8.370732855456054722e+01
4.600000000000003392e-04 8.354429401965609259e+01
4.699999999999999317e-04 8.338088969768153902e+01
4.800000000000012590e-04 8.321711961443584471e+01
4.900000000000008515e-04 8.305298779764034123e+01
5.000000000000004441e-04 8.288849827683159788e+01
5.100000000000000366e-04 8.272365508312725524e+01
5.200000000000013639e-04 8.255846224884703588e+01
5.300000000000009565e-04 8.239292380771740909e+01
5.400000000000005490e-04 8.222704379439419142e+01
5.500000000000001416e-04 8.206082624432967521e+01
5.600000000000014688e-04 8.189427519363961494e+01
5.700000000000010614e-04 8.172739467887241460e+01
5.800000000000006539e-04 8.156018873674241831e+01
5.900000000000002465e-04 8.139266140423472962e+01
5.999999999999998390e-04 8.122481671804688119e+01
6.100000000000011663e-04 8.105665871467606109e+01
6.200000000000007588e-04 8.088819143011730262e+01
6.300000000000003514e-04 8.071941889974270623e+01
6.399999999999999439e-04 8.055034515796982930e+01
6.500000000000012712e-04 8.038097423837585609e+01
6.600000000000008638e-04 8.021131017313366840e+01
6.700000000000004563e-04 8.004135699324064035e+01
6.800000000000000488e-04 7.987111872796201339e+01
6.900000000000013761e-04 7.970059940487301731e+01
7.000000000000009687e-04 7.952980304972729186e+01
7.100000000000005612e-04 7.935873368600488220e+01
7.200000000000001538e-04 7.918739533505423367e+01
7.300000000000014810e-04 7.901579201575009392e+01
7.400000000000010736e-04 7.884392774428886241e+01
7.500000000000006661e-04 7.867180653411448077e+01
7.600000000000002587e-04 7.849943239574585618e+01
7.699999999999998512e-04 7.832680933639990428e+01
7.800000000000011785e-04 7.815394136016469417e+01
7.900000000000007710e-04 7.798083246753475350e+01
8.000000000000003636e-04 7.780748665535357134e+01
8.099999999999999561e-04 7.763390791669353064e+01
8.200000000000012834e-04 7.746010024055111387e+01
8.300000000000008760e-04 7.728606761180381568e+01
8.400000000000004685e-04 7.711181401097782384e+01
8.500000000000000611e-04 7.693734341413092181e+01
8.600000000000013883e-04 7.676265979265276940e+01
8.700000000000009809e-04 7.658776711304034279e+01
8.800000000000005734e-04 7.641266933689213658e+01
8.900000000000001660e-04 7.623737042055876145e+01
9.000000000000014932e-04 7.606187431516872266e+01
9.100000000000010858e-04 7.588618496629017329e+01
9.200000000000006783e-04 7.571030631388867960e+01
9.300000000000002709e-04 7.553424229209518614e+01
9.399999999999998634e-04 7.535799682914732500e+01
9.500000000000011907e-04 7.518157384712077373e+01
9.600000000000007833e-04 7.500497726180807945e+01
9.700000000000003758e-04 7.482821098261059944e+01
9.799999999999999684e-04 7.465127891234588731e+01
9.900000000000012956e-04 7.447418494698874269e+01
1.000000000000000888e-03 7.429693297582862499e+01
1.010000000000000481e-03 7.411952688092843289e+01
1.020000000000000073e-03 7.394197053723276269e+01
1.030000000000001401e-03 7.376426781235487340e+01
1.040000000000000993e-03 7.358642256637803314e+01
1.050000000000000586e-03 7.340843865177532734e+01
1.060000000000000178e-03 7.323031991322551448e+01
1.070000000000001505e-03 7.305207018746351366e+01
1.080000000000001098e-03 7.287369330316938942e+01
1.090000000000000691e-03 7.269519308075429365e+01
1.100000000000000283e-03 7.251657333233414704e+01
1.109999999999999876e-03 7.233783786143528971e+01
1.120000000000001203e-03 7.215899046302740771e+01
1.130000000000000795e-03 7.198003492321940655e+01
1.140000000000000388e-03 7.180097501923630432e+01
1.149999999999999981e-03 7.162181451922863573e+01
1.160000000000001308e-03 7.144255718214027695e+01
1.170000000000000900e-03 7.126320675758569223e+01
1.180000000000000493e-03 7.108376698567930418e+01
1.190000000000000085e-03 7.090424159700359041e+01
1.200000000000001413e-03 7.072463431231142295e+01
1.210000000000001005e-03 7.054494884258885179e+01
1.220000000000000598e-03 7.036518888874000766e+01
1.230000000000000190e-03 7.018535814159112363e+01
1.240000000000001518e-03 7.000546028167867973e+01
1.250000000000001110e-03 6.982549897920672777e+01
1.260000000000000703e-03 6.964547789384954513e+01
1.270000000000000295e-03 6.946540067465519996e+01
1.279999999999999888e-03 6.928527095987107032e+01
1.290000000000001215e-03 6.910509237694022033e+01
1.300000000000000808e-03 6.892486854228535265e+01
1.310000000000000400e-03 6.874460306118925246e+01
1.319999999999999993e-03 6.856429952772697334e+01
1.330000000000001320e-03 6.838396152455841559e+01
1.340000000000000913e-03 6.820359262296388181e+01
1.350000000000000505e-03 6.802319638262689239e+01
1.360000000000000098e-03 6.784277635142763074e+01
1.370000000000001425e-03 6.766233606556571090e+01
1.380000000000001018e-03 6.748187904927405611e+01
1.390000000000000610e-03 6.730140881462814662e+01
1.400000000000000203e-03 6.712092886177762807e+01
1.410000000000001530e-03 6.694044267846203411e+01
1.420000000000001122e-03 6.675995374008769545e+01
1.430000000000000715e-03 6.657946550967787402e+01
1.440000000000000308e-03 6.639898143753659099e+01
1.449999999999999900e-03 6.621850496143260045e+01
1.460000000000001227e-03 6.603803950626985397e+01
1.470000000000000820e-03 6.585758848415545685e+01
1.480000000000000412e-03 6.567715529413027298e+01
1.490000000000000005e-03 6.549674332217526285e+01
1.500000000000001332e-03 6.531635594119113364e+01
1.510000000000000925e-03 6.513599651066704155e+01
1.520000000000000517e-03 6.495566837684904726e+01
1.530000000000000110e-03 6.477537487243768055e+01
1.540000000000001437e-03 6.459511931660611594e+01
1.550000000000001030e-03 6.441490501489666087e+01
1.560000000000000622e-03 6.423473525911869331e+01
1.570000000000000215e-03 6.405461332724080137e+01
1.580000000000001542e-03 6.387454248333502704e+01
1.590000000000001135e-03 6.369452597742785116e+01
1.600000000000000727e-03 6.351456704551571164e+01
1.610000000000000320e-03 6.333466890940729144e+01
1.619999999999999912e-03 6.315483477666151657e+01
1.630000000000001240e-03 6.297506784049062389e+01
1.640000000000000832e-03 6.279537127970034760e+01
1.650000000000000425e-03 6.261574825859887028e+01
1.660000000000000017e-03 6.243620192693565230e+01
1.670000000000001344e-03 6.225673541976671999e+01
1.680000000000000937e-03 6.207735185747041129e+01
1.690000000000000530e-03 6.189805434559379904e+01
1.700000000000000122e-03 6.171884597484206125e+01
1.710000000000001449e-03 6.153972982091040933e+01
1.720000000000001042e-03 6.136070894452134894e+01
1.730000000000000634e-03 6.118178639134278995e+01
1.740000000000000227e-03 6.100296519178635890e+01
1.750000000000001554e-03 6.082424836113757749e+01
1.760000000000001147e-03 6.064563889931147855e+01
1.770000000000000739e-03 6.046713979097344094e+01
1.780000000000000332e-03 6.028875400519872585e+01
1.789999999999999925e-03 6.011048449573595320e+01
1.800000000000001252e-03 5.993233420074827222e+01
1.810000000000000844e-03 5.975430604275615565e+01
1.820000000000000437e-03 5.957640292862529208e+01
1.830000000000000029e-03 5.939862774951774327e+01
1.840000000000001357e-03 5.922098338084074953e+01
1.850000000000000949e-03 5.904347268209583888e+01
1.860000000000000542e-03 5.886609849693837049e+01
1.870000000000000134e-03 5.868886365310605413e+01
1.880000000000001462e-03 5.851177096226906826e+01
1.890000000000001054e-03 5.833482322014192079e+01
1.900000000000000647e-03 5.815802320627596345e+01
1.910000000000000239e-03 5.798137368409994963e+01
1.920000000000001567e-03 5.780487740086152826e+01
1.930000000000001159e-03 5.762853708756347970e+01
1.940000000000000752e-03 5.745235545889175199e+01
1.950000000000000344e-03 5.727633521330452027e+01
1.959999999999999937e-03 5.710047903276304027e+01
1.970000000000001264e-03 5.692478958289162705e+01
1.980000000000000857e-03 5.674926951284155052e+01
1.990000000000000449e-03 5.657392145532825367e+01
2.000000000000000042e-03 5.639874802646308893e+01
2.010000000000001369e-03 5.622375182582517539e+01
2.020000000000000961e-03 5.604893543639840914e+01
2.030000000000000554e-03 5.587430142450077142e+01
2.040000000000000147e-03 5.569985233981657302e+01
2.050000000000001474e-03 5.552559071533080015e+01
2.060000000000001066e-03 5.535151906723693571e+01
2.070000000000000659e-03 5.517763989504136646e+01
2.080000000000000251e-03 5.500395568138202407e+01
2.090000000000001579e-03 5.483046889214998743e+01
2.100000000000001171e-03 5.465718197632061504e+01
2.110000000000000764e-03 5.448409736606090803e+01
2.120000000000000356e-03 5.431121747659768317e+01
2.129999999999999949e-03 5.413854470622745652e+01
2.140000000000001276e-03 5.396608143636041888e+01
2.150000000000000869e-03 5.379383003133802532e+01
2.160000000000000461e-03 5.362179283864479373e+01
2.170000000000000054e-03 5.344997218866717503e+01
2.180000000000001381e-03 5.327837039476657566e+01
2.190000000000000974e-03 5.310698975332750393e+01
2.200000000000000566e-03 5.293583254363716861e+01
2.210000000000000159e-03 5.276490102792688930e+01
2.220000000000001486e-03 5.259419745130006163e+01
2.230000000000001079e-03 5.242372404183497991e+01
2.240000000000000671e-03 5.225348301042517818e+01
2.250000000000000264e-03 5.208347655089296069e+01
2.260000000000001591e-03 5.191370683993054769e+01
2.270000000000001183e-03 5.174417603706660884e+01
2.280000000000000776e-03 5.157488628464898284e+01
2.290000000000000369e-03 5.140583970798059710e+01
2.299999999999999961e-03 5.123703841507783352e+01
2.310000000000001288e-03 5.106848449691930369e+01
2.320000000000000881e-03 5.090018002720753287e+01
2.330000000000000474e-03 5.073212706250241411e+01
2.340000000000000066e-03 5.056432764227249521e+01
2.350000000000001393e-03 5.039678378867698427e+01
2.360000000000000986e-03 5.022949750681264192e+01
2.370000000000000578e-03 5.006247078454985910e+01
2.380000000000000171e-03 4.989570559262255500e+01
2.390000000000001498e-03 4.972920388455617058e+01
2.400000000000001091e-03 4.956296759680661523e+01
2.410000000000000683e-03 4.939699864852676114e+01
2.420000000000000276e-03 4.923129894185086641e+01
2.430000000000001603e-03 4.906587036171409721e+01
2.440000000000001196e-03 4.890071477591857985e+01
2.450000000000000788e-03 4.873583403516045820e+01
2.460000000000000381e-03 4.857122997293874533e+01
2.469999999999999973e-03 4.840690440576982212e+01
2.480000000000001301e-03 4.824285913303129547e+01
2.490000000000000893e-03 4.807909593695760719e+01
2.500000000000000486e-03 4.791561658277867508e+01
2.510000000000000078e-03 4.775242281866673721e+01
2.520000000000001406e-03 4.758951637570447701e+01
2.530000000000000998e-03 4.742689896802479410e+01
2.540000000000000591e-03 4.726457229270438631e+01
2.550000000000000183e-03 4.710253802984021121e+01
2.560000000000001510e-03 4.694079784255878707e+01
2.570000000000001103e-03 4.677935337706648511e+01
2.580000000000000696e-03 4.661820626259405032e+01
2.590000000000000288e-03 4.645735811150455419e+01
2.600000000000001615e-03 4.629681051922410973e+01
2.610000000000001208e-03 4.613656506436412030e+01
2.620000000000000800e-03 4.597662330869330560e+01
2.630000000000000393e-03 4.581698679712985722e+01
2.639999999999999986e-03 4.565765705783628903e+01
2.650000000000001313e-03 4.549863560217137604e+01
2.660000000000000905e-03 4.533992392479909483e+01
2.670000000000000498e-03 4.518152350367077474e+01
2.680000000000000090e-03 4.502343580000388812e+01
2.690000000000001418e-03 4.486566225843856159e+01
2.700000000000001010e-03 4.470820430692288028e+01
2.710000000000000603e-03 4.455106335686532049e+01
2.720000000000000195e-03 4.439424080310116949e+01
2.730000000000001523e-03 4.423773802390379473e+01
2.740000000000001115e-03 4.408155638112742736e+01
2.750000000000000708e-03 4.392569722008864375e+01
2.760000000000000300e-03 4.377016186968819511e+01
2.770000000000001628e-03 4.361495164248458423e+01
2.780000000000001220e-03 4.346006783462919287e+01
2.790000000000000813e-03 4.330551172600612375e+01
2.800000000000000405e-03 4.315128458015957591e+01
2.809999999999999998e-03 4.299738764442224692e+01
2.820000000000001325e-03 4.284382214990365156e+01
2.830000000000000918e-03 4.269058931159430870e+01
2.840000000000000510e-03 4.253769032827810292e+01
2.850000000000000103e-03 4.238512638273240896e+01
2.860000000000001430e-03 4.223289864163255913e+01
2.870000000000001023e-03 4.208100825570384984e+01
2.880000000000000615e-03 4.192945635965503470e+01
2.890000000000000208e-03 4.177824407231651094e+01
2.900000000000001535e-03 4.162737249662581718e+01
2.910000000000001127e-03 4.147684271972569547e+01
2.920000000000000720e-03 4.132665581294889989e+01
2.930000000000000313e-03 4.117681283184710139e+01
2.940000000000001640e-03 4.102731481638156907e+01
2.950000000000001232e-03 4.087816279075590842e+01
2.960000000000000825e-03 4.072935776368920102e+01
2.970000000000000417e-03 4.058090072826277606e+01
2.980000000000000010e-03 4.043279266207981948e+01
2.990000000000001337e-03 4.028503452733161083e+01
3.000000000000000930e-03 4.013762727075209824e+01
3.010000000000000522e-03 3.999057182375932484e+01
3.020000000000000115e-03 3.984386910244123925e+01
3.030000000000001442e-03 3.969752000766099798e+01
3.040000000000001035e-03 3.955152542508729852e+01
3.050000000000000627e-03 3.940588622519214113e+01
3.060000000000000220e-03 3.926060326344899210e+01
3.070000000000001547e-03 3.911567738016573514e+01
3.080000000000001140e-03 3.897110940080378327e+01
3.090000000000000732e-03 3.882690013576434040e+01
3.100000000000000325e-03 3.868305038065818025e+01
3.110000000000001652e-03 3.853956091624481672e+01
3.120000000000001245e-03 3.839643250850998157e+01
3.130000000000000837e-03 3.825366590873446881e+01
3.140000000000000430e-03 3.811126185355655593e+01
3.150000000000000022e-03 3.796922106501116900e+01
3.160000000000001349e-03 3.782754425059987824e+01
3.170000000000000942e-03 3.768623210332038553e+01
3.180000000000000535e-03 3.754528530179747747e+01
3.190000000000000127e-03 3.740470451024044252e+01
3.200000000000001454e-03 3.726449037858336766e+01
3.210000000000001047e-03 3.712464354251627441e+01
3.220000000000000639e-03 3.698516462350906409e+01
3.230000000000000232e-03 3.684605422897892169e+01
3.240000000000001559e-03 3.670731295221801815e+01
3.250000000000001152e-03 3.656894137251779853e+01
3.260000000000000744e-03 3.643094005528815416e+01
3.270000000000000337e-03 3.629330955198381758e+01
3.280000000000001664e-03 3.615605040031366713e+01
3.290000000000001257e-03 3.601916312417685617e+01
3.300000000000000849e-03 3.588264823381221902e+01
3.310000000000000442e-03 3.574650622582419146e+01
3.320000000000000034e-03 3.561073758325442640e+01
3.330000000000001362e-03 3.547534277565965510e+01
3.340000000000000954e-03 3.534032225914737069e+01
3.350000000000000547e-03 3.520567647642647557e+01
3.360000000000000139e-03 3.507140585696627255e+01
3.370000000000001467e-03 3.493751081692918348e+01
3.380000000000001059e-03 3.480399175935605882e+01
3.390000000000000652e-03 3.467084907414021444e+01
3.400000000000000244e-03 3.453808313815888908e+01
3.410000000000001572e-03 3.440569431530185085e+01
3.420000000000001164e-03 3.427368295655177377e+01
3.430000000000000757e-03 3.414204940003357081e+01
3.440000000000000349e-03 3.401079397113006308e+01
3.450000000000001676e-03 3.387991698247554950e+01
3.460000000000001269e-03 3.374941873407790638e+01
3.470000000000000862e-03 3.361929951341868161e+01
3.480000000000000454e-03 3.348955959540229799e+01
3.490000000000000047e-03 3.336019924252253332e+01
3.500000000000001374e-03 3.323121870493061181e+01
3.510000000000000966e-03 3.310261822044901692e+01
3.520000000000000559e-03 3.297439801469355558e+01
3.530000000000000152e-03 3.284655830108436447e+01
3.540000000000001479e-03 3.271909928099785247e+01
3.550000000000001071e-03 3.259202114375953130e+01
3.560000000000000664e-03 3.246532406672738347e+01
3.570000000000000256e-03 3.233900821541373460e+01
3.580000000000001584e-03 3.221307374348887720e+01
3.590000000000001176e-03 3.208752079289769199e+01
3.600000000000000769e-03 3.196234949391183733e+01
3.610000000000000361e-03 3.183755996519692033e+01
3.620000000000001689e-03 3.171315231389440115e+01
3.630000000000001281e-03 3.158912663567284085e+01
3.640000000000000874e-03 3.146548301480839172e+01
3.650000000000000466e-03 3.134222152429725838e+01
3.660000000000000059e-03 3.121934222585735341e+01
3.670000000000001386e-03 3.109684517002006743e+01
3.680000000000000979e-03 3.097473039624984281e+01
3.690000000000000571e-03 3.085299793294181114e+01
3.700000000000000164e-03 3.073164779755745357e+01
3.710000000000001491e-03 3.061067999666149220e+01
3.720000000000001084e-03 3.049009452599610981e+01
3.730000000000000676e-03 3.036989137055170573e+01
3.740000000000000269e-03 3.025007050466191671e+01
3.750000000000001596e-03 3.013063189205707104e+01
3.760000000000001188e-03 3.001157548593009494e+01
3.770000000000000781e-03 2.989290122900433744e+01
3.780000000000000374e-03 2.977460905366255162e+01
3.790000000000001701e-03 2.965669888191612458e+01
3.800000000000001293e-03 2.953917062558499751e+01
3.810000000000000886e-03 2.942202418629952376e+01
3.820000000000000479e-03 2.930525945557737799e+01
3.830000000000000071e-03 2.918887631495010382e+01
3.840000000000001398e-03 2.907287463597946697e+01
3.850000000000000991e-03 2.895725428034587168e+01
3.860000000000000583e-03 2.884201509991517298e+01
3.870000000000000176e-03 2.872715693685789518e+01
3.880000000000001503e-03 2.861267962363240258e+01
3.890000000000001096e-03 2.849858298315485072e+01
3.900000000000000688e-03 2.838486682878937373e+01
3.910000000000000281e-03 2.827153096447208469e+01
3.920000000000001608e-03 2.815857518477130839e+01
3.930000000000001201e-03 2.804599927496100875e+01
3.940000000000000793e-03 2.793380301105280950e+01
3.950000000000000386e-03 2.782198615996660607e+01
3.960000000000001713e-03 2.771054847947517885e+01
3.970000000000001306e-03 2.759948971839494547e+01
3.980000000000000898e-03 2.748880961657238231e+01
3.990000000000000491e-03 2.737850790501249421e+01
4.000000000000000083e-03 2.726858430589122406e+01
4.010000000000001411e-03 2.715903853270358681e+01
4.020000000000001003e-03 2.704987029028231049e+01
4.030000000000000596e-03 2.694107927487135257e+01
4.040000000000000188e-03 2.683266517423589548e+01
4.050000000000001515e-03 2.672462766765903908e+01
4.060000000000001108e-03 2.661696642616108122e+01
4.070000000000000701e-03 2.650968111234003288e+01
4.080000000000000293e-03 2.640277138068436003e+01
4.090000000000001620e-03 2.629623687747030303e+01
4.100000000000001213e-03 2.619007724095960299e+01
4.110000000000000805e-03 2.608429210134649523e+01
4.120000000000000398e-03 2.597888108094240778e+01
4.130000000000001725e-03 2.587384379416814184e+01
4.140000000000001318e-03 2.576917984766946290e+01
4.150000000000000910e-03 2.566488884036877138e+01
4.160000000000000503e-03 2.556097036354043439e+01
4.170000000000000095e-03 2.545742400087576129e+01
4.180000000000001423e-03 2.535424932857829461e+01
4.190000000000001015e-03 2.525144591537374694e+01
4.200000000000000608e-03 2.514901332267848488e+01
4.210000000000000200e-03 2.504695110455490337e+01
4.220000000000001528e-03 2.494525880788067340e+01
4.230000000000001120e-03 2.484393597237005835e+01
4.240000000000000713e-03 2.474298213063003615e+01
4.250000000000000305e-03 2.464239680826847589e+01
4.260000000000001633e-03 2.454217952393983282e+01
4.270000000000001225e-03 2.444232978940803136e+01
4.280000000000000818e-03 2.434284710966882059e+01
4.290000000000000410e-03 2.424373098292740636e+01
4.300000000000001737e-03 2.414498090073875858e+01
4.310000000000001330e-03 2.404659634807904922e+01
4.320000000000000923e-03 2.394857680332567540e+01
4.330000000000000515e-03 2.385092173847656483e+01
4.340000000000000108e-03 2.375363061905643036e+01
4.350000000000001435e-03 2.365670290428369427e+01
4.360000000000001028e-03 2.356013804715311366e+01
4.370000000000000620e-03 2.346393549439789084e+01
4.380000000000000213e-03 2.336809468667599177e+01
4.390000000000001540e-03 2.327261505853514834e+01
4.400000000000001132e-03 2.317749603859756746e+01
4.410000000000000725e-03 2.308273704950149963e+01
4.420000000000000318e-03 2.298833750804427822e+01
4.430000000000001645e-03 2.289429682524139409e+01
4.440000000000001237e-03 2.280061440635054382e+01
4.450000000000000830e-03 2.270728965099977970e+01
4.460000000000000422e-03 2.261432195321759053e+01
4.470000000000001750e-03 2.252171070147260679e+01
4.480000000000001342e-03 2.242945527878898559e+01
4.490000000000000935e-03 2.233755506281212888e+01
4.500000000000000527e-03 2.224600942581604812e+01
4.510000000000000120e-03 2.215481773480636818e+01
4.520000000000001447e-03 2.206397935161846391e+01
4.530000000000001040e-03 2.197349363291089830e+01
4.540000000000000632e-03 2.188335993027731519e+01
4.550000000000000225e-03 2.179357759029626962e+01
4.560000000000001552e-03 2.170414595459599738e+01
4.570000000000001145e-03 2.161506435992262354e+01
4.580000000000000737e-03 2.152633213819462554e+01
4.590000000000000330e-03 2.143794861655236517e+01
4.600000000000001657e-03 2.134991311747209863e+01
4.610000000000001250e-03 2.126222495876611518e+01
4.620000000000000842e-03 2.117488345366959734e+01
4.630000000000000435e-03 2.108788791092554149e+01
4.640000000000001762e-03 2.100123763482103811e+01
4.650000000000001354e-03 2.091493192525022593e+01
4.660000000000000947e-03 2.082897007776265497e+01
4.670000000000000540e-03 2.074335138365193387e+01
4.680000000000000132e-03 2.065807513001992035e+01
4.690000000000001459e-03 2.057314059980086185e+01
4.700000000000001052e-03 2.048854707186187696e+01
4.710000000000000644e-03 2.040429382101525846e+01
4.720000000000000237e-03 2.032038011811020439e+01
4.730000000000001564e-03 2.023680523012129129e+01
4.740000000000001157e-03 2.015356842013053296e+01
4.750000000000000749e-03 2.007066894746630936e+01
4.760000000000000342e-03 1.998810606768666176e+01
4.770000000000001669e-03 1.990587903271130799e+01
4.780000000000001262e-03 1.982398709081525112e+01
4.790000000000000854e-03 1.974242948672361919e+01
4.800000000000000447e-03 1.966120546168073346e+01
4.810000000000001774e-03 1.958031425344853815e+01
4.820000000000001367e-03 1.949975509643924099e+01
4.830000000000000959e-03 1.941952722169902046e+01
4.840000000000000552e-03 1.933962985702520143e+01
4.850000000000000144e-03 1.926006222697658643e+01
4.860000000000001472e-03 1.918082355298056996e+01
4.870000000000001064e-03 1.910191305331718326e+01
4.880000000000000657e-03 1.902332994323219850e+01
4.890000000000000249e-03 1.894507343498393936e+01
4.900000000000001577e-03 1.886714273786539309e+01
4.910000000000001169e-03 1.878953705828450182e+01
4.920000000000000762e-03 1.871225559983828646e+01
4.930000000000000354e-03 1.863529756330143528e+01
4.940000000000001681e-03 1.855866214676182580e+01
4.950000000000001274e-03 1.848234854559933282e+01
4.960000000000000867e-03 1.840635595258652657e+01
4.970000000000000459e-03 1.833068355792331872e+01
4.980000000000001786e-03 1.825533054929256238e+01
4.990000000000001379e-03 1.818029611190906891e+01
5.000000000000000971e-03 1.810557942857362690e+01
5.010000000000000564e-03 1.803117967973279079e+01
5.020000000000000157e-03 1.795709604349844213e+01
5.030000000000001484e-03 1.788332769573795389e+01
5.040000000000001076e-03 1.780987381010749004e+01
5.050000000000000669e-03 1.773673355809851770e+01
5.060000000000000261e-03 1.766390610910122660e+01
5.070000000000001589e-03 1.759139063040737838e+01
5.080000000000001181e-03 1.751918628735936778e+01
5.090000000000000774e-03 1.744729224327349471e+01
5.100000000000000366e-03 1.737570765959216601e+01
5.110000000000001694e-03 1.730443169586214935e+01
5.120000000000001286e-03 1.723346350984265385e+01
5.130000000000000879e-03 1.716280225749062183e+01
5.140000000000000471e-03 1.709244709306390675e+01
5.150000000000001799e-03 1.702239716913188161e+01
5.160000000000001391e-03 1.695265163663287211e+01
5.170000000000000984e-03 1.688320964493110310e+01
5.180000000000000576e-03 1.681407034184155691e+01
5.190000000000000169e-03 1.674523287369125768e+01
5.200000000000001496e-03 1.667669638537990551e+01
5.210000000000001089e-03 1.660846002037284563e+01
5.220000000000000681e-03 1.654052292080598718e+01
5.230000000000000274e-03 1.647288422751594084e+01
5.240000000000001601e-03 1.640554308002082706e+01
5.250000000000001193e-03 1.633849861667510694e+01
5.260000000000000786e-03 1.627174997462162764e+01
5.270000000000000379e-03 1.620529628987556237e+01
5.280000000000001706e-03 1.613913669735382328e+01
5.290000000000001298e-03 1.607327033094114199e+01
5.300000000000000891e-03 1.600769632350248273e+01
5.310000000000000484e-03 1.594241380694852062e+01
5.320000000000001811e-03 1.587742191224790389e+01
5.330000000000001403e-03 1.581271976951189906e+01
5.340000000000000996e-03 1.574830650799443710e+01
5.350000000000000588e-03 1.568418125615711212e+01
5.360000000000001916e-03 1.562034314171022054e+01
5.370000000000001508e-03 1.555679129163849339e+01
5.380000000000001101e-03 1.549352483225156796e+01
5.390000000000000693e-03 1.543054288922693473e+01
5.400000000000000286e-03 1.536784458762981487e+01
5.410000000000001613e-03 1.530542905198803538e+01
5.420000000000001206e-03 1.524329540629302926e+01
5.430000000000000798e-03 1.518144277404803866e+01
5.440000000000000391e-03 1.511987027834764419e+01
5.450000000000001718e-03 1.505857704184731638e+01
5.460000000000001311e-03 1.499756218684087727e+01
5.470000000000000903e-03 1.493682483531304150e+01
5.480000000000000496e-03 1.487636410893202665e+01
5.490000000000001823e-03 1.481617912912054358e+01
5.500000000000001416e-03 1.475626901708118588e+01
5.510000000000001008e-03 1.469663289384521754e+01
5.520000000000000601e-03 1.463726988026256493e+01
5.530000000000001928e-03 1.457817909710699489e+01
5.540000000000001520e-03 1.451935966506380460e+01
5.550000000000001113e-03 1.446081070477429797e+01
5.560000000000000706e-03 1.440253133687239639e+01
5.570000000000000298e-03 1.434452068202010366e+01
5.580000000000001625e-03 1.428677786094841373e+01
5.590000000000001218e-03 1.422930199447915101e+01
5.600000000000000810e-03 1.417209220356779120e+01
5.610000000000000403e-03 1.411514760932012535e+01
5.620000000000001730e-03 1.405846733304822926e+01
5.630000000000001323e-03 1.400205049629136234e+01
5.640000000000000915e-03 1.394589622085516822e+01
5.650000000000000508e-03 1.389000362881962047e+01
5.660000000000000100e-03 1.383437184260864683e+01
5.669999999999999693e-03 1.377899998499827561e+01
5.680000000000002755e-03 1.372388717914770950e+01
5.690000000000002348e-03 1.366903254862625161e+01
5.700000000000001940e-03 1.361443521748033270e+01
5.710000000000001533e-03 1.356009431019997002e+01
5.720000000000001125e-03 1.350600895181239736e+01
5.730000000000000718e-03 1.345217826787606263e+01
5.740000000000000310e-03 1.339860138451026295e+01
5.749999999999999903e-03 1.334527742845029685e+01
5.759999999999999495e-03 1.329220552703452363e+01
5.770000000000002557e-03 1.323938480828547526e+01
5.780000000000002150e-03 1.318681440088529477e+01
5.790000000000001742e-03 1.313449343424101734e+01
5.800000000000001335e-03 1.308242103850484561e+01
5.810000000000000928e-03 1.303059634458177563e+01
5.820000000000000520e-03 1.297901848418687898e+01
5.830000000000000113e-03 1.292768658984651253e+01
5.839999999999999705e-03 1.287659979495039231e+01
5.850000000000002767e-03 1.282575723374961818e+01
5.860000000000002360e-03 1.277515804141176758e+01
5.870000000000001952e-03 1.272480135401429280e+01
5.880000000000001545e-03 1.267468630860331125e+01
5.890000000000001137e-03 1.262481204319394124e+01
5.900000000000000730e-03 1.257517769682747932e+01
5.910000000000000323e-03 1.252578240953928379e+01
5.919999999999999915e-03 1.247662532244834033e+01
5.929999999999999508e-03 1.242770557774331941e+01
5.940000000000002570e-03 1.237902231870520886e+01
5.950000000000002162e-03 1.233057468976127247e+01
5.960000000000001755e-03 1.228236183646476398e+01
5.970000000000001347e-03 1.223438290557071895e+01
5.980000000000000940e-03 1.218663704500497857e+01
5.990000000000000532e-03 1.213912340392327849e+01
6.000000000000000125e-03 1.209184113272593919e+01
6.009999999999999717e-03 1.204478938307664748e+01
6.020000000000002779e-03 1.199796730791695865e+01
6.030000000000002372e-03 1.195137406151680359e+01
6.040000000000001965e-03 1.190500879944624124e+01
6.050000000000001557e-03 1.185887067865062328e+01
6.060000000000001150e-03 1.181295885744437868e+01
6.070000000000000742e-03 1.176727249552393850e+01
6.080000000000000335e-03 1.172181075400459882e+01
6.089999999999999927e-03 1.167657279544087423e+01
6.099999999999999520e-03 1.163155778383272576e+01
6.110000000000002582e-03 1.158676488465891907e+01
6.120000000000002174e-03 1.154219326490261821e+01
6.130000000000001767e-03 1.149784209303284044e+01
6.140000000000001359e-03 1.145371053908293391e+01
6.150000000000000952e-03 1.140979777460423783e+01
6.160000000000000545e-03 1.136610297275025694e+01
6.170000000000000137e-03 1.132262530823747149e+01
6.179999999999999730e-03 1.127936395740086262e+01
6.190000000000002792e-03 1.123631809819984717e+01
6.200000000000002384e-03 1.119348691023062159e+01
6.210000000000001977e-03 1.115086957475491403e+01
6.220000000000001569e-03 1.110846527470239486e+01
6.230000000000001162e-03 1.106627319471344606e+01
6.240000000000000754e-03 1.102429252111726399e+01
6.250000000000000347e-03 1.098252244198865313e+01
6.259999999999999939e-03 1.094096214713528603e+01
6.269999999999999532e-03 1.089961082813377047e+01
6.280000000000002594e-03 1.085846767833234949e+01
6.290000000000002187e-03 1.081753189286106043e+01
6.300000000000001779e-03 1.077680266867615622e+01
6.310000000000001372e-03 1.073627920454141815e+01
6.320000000000000964e-03 1.069596070106839392e+01
6.330000000000000557e-03 1.065584636071047520e+01
6.340000000000000149e-03 1.061593538780428680e+01
6.349999999999999742e-03 1.057622698854839349e+01
6.360000000000002804e-03 1.053672037104128734e+01
6.370000000000002396e-03 1.049741474531271024e+01
6.380000000000001989e-03 1.045830932328720309e+01
6.390000000000001582e-03 1.041940331884514848e+01
6.400000000000001174e-03 1.038069594780821880e+01
6.410000000000000767e-03 1.034218642796581378e+01
6.420000000000000359e-03 1.030387397908990899e+01
6.429999999999999952e-03 1.026575782292691663e+01
6.439999999999999544e-03 1.022783718323982605e+01
6.450000000000002606e-03 1.019011128580027759e+01
6.460000000000002199e-03 1.015257935841150072e+01
6.470000000000001791e-03 1.011524063090494963e+01
6.480000000000001384e-03 1.007809433517091868e+01
6.490000000000000976e-03 1.004113970517085974e+01
6.500000000000000569e-03 1.000437597691824898e+01
6.510000000000000162e-03 9.967802388527362112e+00
6.519999999999999754e-03 9.931418180206868840e+00
6.530000000000002816e-03 9.895222594271643857e+00
6.540000000000002409e-03 9.859214875151012691e+00
6.550000000000002001e-03 9.823394269401925172e+00
6.560000000000001594e-03 9.787760025728564628e+00
6.570000000000001186e-03 9.752311394975546222e+00
6.580000000000000779e-03 9.717047630146717907e+00
6.590000000000000371e-03 9.681967986417566507e+00
6.599999999999999964e-03 9.647071721139168332e+00
6.609999999999999556e-03 9.612358093851389285e+00
6.620000000000002618e-03 9.577826366295854044e+00
6.630000000000002211e-03 9.543475802402626940e+00
6.640000000000001804e-03 9.509305668342632245e+00
6.650000000000001396e-03 9.475315232484719630e+00
6.660000000000000989e-03 9.441503765447071927e+00
6.670000000000000581e-03 9.407870540080157440e+00
6.680000000000000174e-03 9.374414831487912991e+00
6.689999999999999766e-03 9.341135917023002833e+00
6.700000000000002828e-03 9.308033076313952492e+00
6.710000000000002421e-03 9.275105591247443826e+00
6.720000000000002013e-03 9.242352746008245745e+00
6.730000000000001606e-03 9.209773827051860096e+00
6.740000000000001198e-03 9.177368123141366851e+00
6.750000000000000791e-03 9.145134925324782671e+00
6.760000000000000384e-03 9.113073526982308437e+00
6.769999999999999976e-03 9.081183223781730263e+00
6.779999999999999569e-03 9.049463313738682402e+00
6.790000000000002631e-03 9.017913097182335136e+00
6.800000000000002223e-03 8.986531876781576500e+00
6.810000000000001816e-03 8.955318957540599811e+00
6.820000000000001408e-03 8.924273646818933869e+00
6.830000000000001001e-03 8.893395254327781885e+00
6.840000000000000593e-03 8.862683092129966411e+00
6.850000000000000186e-03 8.832136474662434011e+00
6.859999999999999779e-03 8.801754718722772708e+00
6.870000000000002841e-03 8.771537143489389621e+00
6.880000000000002433e-03 8.741483070516403941e+00
6.890000000000002026e-03 8.711591823751909658e+00
6.900000000000001618e-03 8.681862729525226641e+00
6.910000000000001211e-03 8.652295116558004651e+00
6.920000000000000803e-03 8.622888315980953067e+00
6.930000000000000396e-03 8.593641661327238168e+00
6.939999999999999988e-03 8.564554488529877219e+00
6.949999999999999581e-03 8.535626135944877291e+00
6.960000000000002643e-03 8.506855944340005138e+00
6.970000000000002235e-03 8.478243256903523317e+00
6.980000000000001828e-03 8.449787419245966547e+00
6.990000000000001421e-03 8.421487779408092678e+00
7.000000000000001013e-03 8.393343687864312841e+00
7.010000000000000606e-03 8.365354497523171062e+00
7.020000000000000198e-03 8.337519563732026739e+00
7.029999999999999791e-03 8.309838244275470132e+00
7.040000000000002853e-03 8.282309899391117725e+00
7.050000000000002445e-03 8.254933891752228803e+00
7.060000000000002038e-03 8.227709586497342187e+00
7.070000000000001630e-03 8.200636351201056939e+00
7.080000000000001223e-03 8.173713555914059015e+00
7.090000000000000815e-03 8.146940573129613838e+00
7.100000000000000408e-03 8.120316777811130038e+00
7.110000000000000001e-03 8.093841547376333878e+00
7.119999999999999593e-03 8.067514261712885215e+00
7.130000000000002655e-03 8.041334303181729481e+00
7.140000000000002248e-03 8.015301056602568863e+00
7.150000000000001840e-03 7.989413909271785741e+00
7.160000000000001433e-03 7.963672250954622278e+00
7.170000000000001025e-03 7.938075473899531609e+00
7.180000000000000618e-03 7.912622972822072498e+00
7.190000000000000210e-03 7.887314144914593150e+00
7.199999999999999803e-03 7.862148389857451569e+00
7.210000000000002865e-03 7.837125109802325795e+00
7.220000000000002457e-03 7.812243709387752588e+00
7.230000000000002050e-03 7.787503595725528527e+00
7.240000000000001643e-03 7.762904178421707435e+00
7.250000000000001235e-03 7.738444869554902183e+00
7.260000000000000828e-03 7.714125083700969832e+00
7.270000000000000420e-03 7.689944237912568425e+00
7.280000000000000013e-03 7.665901751722982382e+00
7.289999999999999605e-03 7.641997047163707535e+00
7.300000000000002667e-03 7.618229548746986879e+00
7.310000000000002260e-03 7.594598683470179523e+00
7.320000000000001852e-03 7.571103880821686616e+00
7.330000000000001445e-03 7.547744572774245597e+00
7.340000000000001038e-03 7.524520193786409905e+00
7.350000000000000630e-03 7.501430180806028858e+00
7.360000000000000223e-03 7.478473973265105101e+00
7.369999999999999815e-03 7.455651013092440493e+00
7.380000000000002877e-03 7.432960744687119536e+00
7.390000000000002470e-03 7.410402614947981803e+00
7.400000000000002062e-03 7.387976073247463304e+00
7.410000000000001655e-03 7.365680571455237136e+00
7.420000000000001247e-03 7.343515563915837596e+00
7.430000000000000840e-03 7.321480507462399423e+00
7.440000000000000432e-03 7.299574861402674308e+00
7.450000000000000025e-03 7.277798087541619054e+00
7.459999999999999618e-03 7.256149650151522579e+00
7.470000000000002680e-03 7.234629015984940459e+00
7.480000000000002272e-03 7.213235654284848586e+00
7.490000000000001865e-03 7.191969036761821421e+00
7.500000000000001457e-03 7.170828637600883404e+00
7.510000000000001050e-03 7.149813933474641559e+00
7.520000000000000642e-03 7.128924403518022146e+00
7.530000000000000235e-03 7.108159529341328664e+00
7.539999999999999827e-03 7.087518795030097962e+00
7.550000000000002889e-03 7.067001687128400711e+00
7.560000000000002482e-03 7.046607694663189925e+00
7.570000000000002074e-03 7.026336309120225110e+00
7.580000000000001667e-03 7.006187024442212419e+00
7.590000000000001260e-03 6.986159337047942230e+00
7.600000000000000852e-03 6.966252745808237279e+00
7.610000000000000445e-03 6.946466752055002303e+00
7.620000000000000037e-03 6.926800859574269609e+00
7.629999999999999630e-03 6.907254574615774523e+00
7.640000000000002692e-03 6.887827405870551978e+00
7.650000000000002284e-03 6.868518864486315323e+00
7.660000000000001877e-03 6.849328464057555799e+00
7.670000000000001469e-03 6.830255720628154670e+00
7.680000000000001062e-03 6.811300152682615128e+00
7.690000000000000654e-03 6.792461281144709595e+00
7.700000000000000247e-03 6.773738629381815812e+00
7.709999999999999840e-03 6.755131723195268556e+00
7.720000000000002902e-03 6.736640090823430072e+00
7.730000000000002494e-03 6.718263262933916735e+00
7.740000000000002087e-03 6.700000772621572231e+00
7.750000000000001679e-03 6.681852155410953564e+00
7.760000000000001272e-03 6.663816949249585342e+00
7.770000000000000864e-03 6.645894694503505562e+00
7.780000000000000457e-03 6.628084933962209213e+00
7.790000000000000049e-03 6.610387212822383063e+00
7.799999999999999642e-03 6.592801078702168915e+00
7.810000000000002704e-03 6.575326081621461149e+00
7.820000000000002296e-03 6.557961774012271761e+00
7.830000000000001889e-03 6.540707710707993172e+00
7.840000000000001482e-03 6.523563448942784504e+00
7.850000000000001074e-03 6.506528548348263108e+00
7.860000000000000667e-03 6.489602570954605021e+00
7.870000000000000259e-03 6.472785081172773403e+00
7.879999999999999852e-03 6.456075645813622366e+00
7.890000000000002914e-03 6.439473834068932590e+00
7.900000000000002506e-03 6.422979217510165206e+00
7.910000000000002099e-03 6.406591370088971615e+00
7.920000000000001691e-03 6.390309868128898785e+00
7.930000000000001284e-03 6.374134290333789643e+00
7.940000000000000877e-03 6.358064217766347781e+00
7.950000000000000469e-03 6.342099233864423979e+00
7.960000000000000062e-03 6.326238924418138510e+00
7.969999999999999654e-03 6.310482877579191019e+00
7.980000000000002716e-03 6.294830683857417064e+00
7.990000000000002309e-03 6.279281936109107676e+00
8.000000000000001901e-03 6.263836229543219503e+00
8.010000000000001494e-03 6.248493161707878052e+00
8.020000000000001086e-03 6.233252332495418102e+00
8.030000000000000679e-03 6.218113344133484155e+00
8.040000000000000271e-03 6.203075801186054505e+00
8.049999999999999864e-03 6.188139310542758231e+00
8.060000000000002926e-03 6.173303481424412986e+00
8.070000000000002519e-03 6.158567925368090279e+00
8.080000000000002111e-03 6.143932256233981093e+00
8.090000000000001704e-03 6.129396090196387092e+00
8.100000000000001296e-03 6.114959045739998267e+00
8.110000000000000889e-03 6.100620743657855449e+00
8.120000000000000481e-03 6.086380807048245245e+00
8.130000000000000074e-03 6.072238861303265622e+00
8.139999999999999666e-03 6.058194534119863306e+00
8.150000000000002728e-03 6.044247455482810061e+00
8.160000000000002321e-03 6.030397257660525590e+00
8.170000000000001913e-03 6.016643575217633710e+00
8.180000000000001506e-03 6.002986044984971237e+00
8.190000000000001099e-03 5.989424306085074257e+00
8.200000000000000691e-03 5.975957999901203799e+00
8.210000000000000284e-03 5.962586770093826871e+00
8.219999999999999876e-03 5.949310262578923592e+00
8.230000000000002938e-03 5.936128125545998557e+00
8.240000000000002531e-03 5.923040009429993979e+00
8.250000000000002123e-03 5.910045566928841865e+00
8.260000000000001716e-03 5.897144452982186813e+00
8.270000000000001308e-03 5.884336324778398186e+00
8.280000000000000901e-03 5.871620841746749697e+00
8.290000000000000493e-03 5.858997665550621292e+00
8.300000000000000086e-03 5.846466460092023532e+00
8.309999999999999679e-03 5.834026891500088574e+00
8.320000000000002741e-03 5.821678628126905508e+00
8.330000000000002333e-03 5.809421340547319623e+00
8.340000000000001926e-03 5.797254701552404299e+00
8.350000000000001518e-03 5.785178386149197216e+00
8.360000000000001111e-03 5.773192071551186189e+00
8.370000000000000703e-03 5.761295437176717549e+00
8.380000000000000296e-03 5.749488164644413146e+00
8.389999999999999888e-03 5.737769937776737272e+00
8.400000000000002950e-03 5.726140442576124201e+00
8.410000000000002543e-03 5.714599367248426987e+00
8.420000000000002136e-03 5.703146402172539098e+00
8.430000000000001728e-03 5.691781239915295387e+00
8.440000000000001321e-03 5.680503575215134049e+00
8.450000000000000913e-03 5.669313104990068020e+00
8.460000000000000506e-03 5.658209528318804082e+00
8.470000000000000098e-03 5.647192546450608752e+00
8.479999999999999691e-03 5.636261862790324706e+00
8.490000000000002753e-03 5.625417182904928204e+00
8.500000000000002345e-03 5.614658214508265743e+00
8.510000000000001938e-03 5.603984667467242886e+00
8.520000000000001530e-03 5.593396253791361517e+00
8.530000000000001123e-03 5.582892687628358885e+00
8.540000000000000716e-03 5.572473685269016208e+00
8.550000000000000308e-03 5.562138965124690415e+00
8.559999999999999901e-03 5.551888247746368243e+00
8.570000000000002963e-03 5.541721255805672541e+00
8.580000000000002555e-03 5.531637714093950109e+00
8.590000000000002148e-03 5.521637349517863669e+00
8.600000000000001740e-03 5.511719891099995827e+00
8.610000000000001333e-03 5.501885069965028130e+00
8.620000000000000925e-03 5.492132619351596468e+00
8.630000000000000518e-03 5.482462274591281215e+00
8.640000000000000110e-03 5.472873773112018725e+00
8.649999999999999703e-03 5.463366854441750853e+00
8.660000000000002765e-03 5.453941260186886630e+00
8.670000000000002358e-03 5.444596734049001796e+00
8.680000000000001950e-03 5.435333021803021580e+00
8.690000000000001543e-03 5.426149871304882133e+00
8.700000000000001135e-03 5.417047032478445878e+00
8.710000000000000728e-03 5.408024257326175643e+00
8.720000000000000320e-03 5.399081299904987752e+00
8.729999999999999913e-03 5.390217916343050142e+00
8.740000000000002975e-03 5.381433864819681112e+00
8.750000000000002567e-03 5.372728905571657165e+00
8.760000000000002160e-03 5.364102800884800182e+00
8.770000000000001752e-03 5.355555315089562285e+00
8.780000000000001345e-03 5.347086214561477036e+00
8.790000000000000938e-03 5.338695267714902215e+00
8.800000000000000530e-03 5.330382244996180852e+00
8.810000000000000123e-03 5.322146918887112221e+00
8.819999999999999715e-03 5.313989063896285003e+00
8.830000000000002777e-03 5.305908456550149310e+00
8.840000000000002370e-03 5.297904875404322311e+00
8.850000000000001962e-03 5.289978101025887725e+00
8.860000000000001555e-03 5.282127915994142775e+00
8.870000000000001147e-03 5.274354104902811535e+00
8.880000000000000740e-03 5.266656454345437055e+00
8.890000000000000333e-03 5.259034752921810885e+00
8.899999999999999925e-03 5.251488791226992525e+00
8.910000000000002987e-03 5.244018361852033294e+00
8.920000000000002580e-03 5.236623259380496442e+00
8.930000000000002172e-03 5.229303280386465858e+00
8.940000000000001765e-03 5.222058223419785428e+00
8.950000000000001357e-03 5.214887889021038170e+00
8.960000000000000950e-03 5.207792079701155430e+00
8.970000000000000542e-03 5.200770599947473372e+00
8.980000000000000135e-03 5.193823256222342977e+00
8.989999999999999727e-03 5.186949856947282278e+00
9.000000000000002789e-03 5.180150212513143337e+00
9.010000000000002382e-03 5.173424135267534751e+00
9.020000000000001975e-03 5.166771439519654230e+00
9.030000000000001567e-03 5.160191941528924353e+00
9.040000000000001160e-03 5.153685459508356104e+00
9.050000000000000752e-03 5.147251813613812566e+00
9.060000000000000345e-03 5.140890825949415266e+00
9.069999999999999937e-03 5.134602320556256316e+00
9.080000000000002999e-03 5.128386123417205233e+00
9.090000000000002592e-03 5.122242062446534128e+00
9.100000000000002184e-03 5.116169967491516424e+00
9.110000000000001777e-03 5.110169670324128610e+00
9.120000000000001369e-03 5.104241004648173430e+00
9.130000000000000962e-03 5.098383806079384684e+00
9.140000000000000555e-03 5.092597912162717400e+00
9.150000000000000147e-03 5.086883162352191512e+00
9.159999999999999740e-03 5.081239398014856690e+00
9.170000000000002802e-03 5.075666462431515313e+00
9.180000000000002394e-03 5.070164200788238595e+00
9.190000000000001987e-03 5.064732460173373418e+00
9.200000000000001579e-03 5.059371089577159530e+00
9.210000000000001172e-03 5.054079939888177719e+00
9.220000000000000764e-03 5.048858863890384185e+00
9.230000000000000357e-03 5.043707716257286755e+00
9.239999999999999949e-03 5.038626353560185400e+00
9.250000000000003011e-03 5.033614634247744135e+00
9.260000000000002604e-03 5.028672418657406773e+00
9.270000000000002197e-03 5.023799569004743226e+00
9.280000000000001789e-03 5.018995949395116618e+00
9.290000000000001382e-03 5.014261425791948668e+00
9.300000000000000974e-03 5.009595866042963586e+00
9.310000000000000567e-03 5.004999139867875257e+00
9.320000000000000159e-03 5.000471118846997243e+00
9.329999999999999752e-03 4.996011676436027393e+00
9.340000000000002814e-03 4.991620687945291124e+00
9.350000000000002406e-03 4.987298030547724359e+00
9.360000000000001999e-03 4.983043583276325350e+00
9.370000000000001592e-03 4.978857227018794518e+00
9.380000000000001184e-03 4.974738844512481606e+00
9.390000000000000777e-03 4.970688320356024370e+00
9.400000000000000369e-03 4.966705540979717171e+00
9.409999999999999962e-03 4.962790394674688521e+00
9.420000000000003024e-03 4.958942771567828700e+00
9.430000000000002616e-03 4.955162563632041994e+00
9.440000000000002209e-03 4.951449664674776763e+00
9.450000000000001801e-03 4.947803970341516866e+00
9.460000000000001394e-03 4.944225378116449576e+00
9.470000000000000986e-03 4.940713787314146899e+00
9.480000000000000579e-03 4.937269099076614154e+00
9.490000000000000172e-03 4.933891216376244948e+00
9.499999999999999764e-03 4.930580044014002183e+00
9.510000000000002826e-03 4.927335488610050440e+00
9.520000000000002419e-03 4.924157458611499116e+00
9.530000000000002011e-03 4.921045864281941462e+00
9.540000000000001604e-03 4.918000617708084832e+00
9.550000000000001196e-03 4.915021632785696148e+00
9.560000000000000789e-03 4.912108825232397002e+00
9.570000000000000381e-03 4.909262112570571546e+00
9.579999999999999974e-03 4.906481414142124464e+00
9.590000000000003036e-03 4.903766651086962192e+00
9.600000000000002628e-03 4.901117746365291516e+00
9.610000000000002221e-03 4.898534624730010556e+00
9.620000000000001814e-03 4.896017212742604485e+00
9.630000000000001406e-03 4.893565438770370868e+00
9.640000000000000999e-03 4.891179232973641433e+00
9.650000000000000591e-03 4.888858527317238689e+00
9.660000000000000184e-03 4.886603255559116121e+00
9.669999999999999776e-03 4.884413353255153467e+00
9.680000000000002838e-03 4.882288757752557551e+00
9.690000000000002431e-03 4.880229408191349094e+00
9.700000000000002023e-03 4.878235245503619311e+00
9.710000000000001616e-03 4.876306212413085817e+00
9.720000000000001208e-03 4.874442253425228522e+00
9.730000000000000801e-03 4.872643314836306416e+00
9.740000000000000394e-03 4.870909344729058787e+00
9.749999999999999986e-03 4.869240292966769523e+00
9.760000000000003048e-03 4.867636111196210535e+00
9.770000000000002641e-03 4.866096752846440054e+00
9.780000000000002233e-03 4.864622173127607141e+00
9.790000000000001826e-03 4.863212329022585934e+00
9.800000000000001418e-03 4.861867179303511755e+00
9.810000000000001011e-03 4.860586684505461719e+00
9.820000000000000603e-03 4.859370806949924848e+00
9.830000000000000196e-03 4.858219510725706236e+00
9.839999999999999789e-03 4.857132761700239776e+00
9.850000000000002850e-03 4.856110527509933661e+00
9.860000000000002443e-03 4.855152777560451050e+00
9.870000000000002036e-03 4.854259483035575862e+00
9.880000000000001628e-03 4.853430616879303550e+00
9.890000000000001221e-03 4.852666153809145122e+00
9.900000000000000813e-03 4.851966070308455947e+00
9.910000000000000406e-03 4.851330344630103042e+00
9.919999999999999998e-03 4.850758956787715626e+00
9.930000000000003060e-03 4.850251888569302672e+00
9.940000000000002653e-03 4.849809123515023579e+00
9.950000000000002245e-03 4.849430646939367762e+00
9.960000000000001838e-03 4.849116445912819096e+00
9.970000000000001431e-03 4.848866509271091196e+00
9.980000000000001023e-03 4.848680827612533939e+00
9.990000000000000616e-03 4.848559393296643094e+00
1.000000000000000021e-02 4.848502200438454146e+00
