CE40 ASD: /home/pratyusava.baral/Modified_Dispersion/asd/CE40km_1p5MW_aLIGO_coat_strain.txt
CE20 ASD: /home/pratyusava.baral/Modified_Dispersion/asd/CE20km_1p5MW_aLIGO_coat_strain.txt
The injected SNR is (1115.9125718930115-4.1463700596079976e-16j) in Interferometer(name='CE40', power_spectral_density=PowerSpectralDensity(frequency_array=[   5.            5.03469316    5.06962704    5.10480331    5.14022366
    5.17588978    5.21180337    5.24796615    5.28437986    5.32104622
    5.357967      5.39514396    5.43257887    5.47027354    5.50822975
    5.54644932    5.58493409    5.62368589    5.66270658    5.70199801
    5.74156207    5.78140066    5.82151566    5.86190902    5.90258264
    5.94353849    5.98477851    6.02630468    6.06811899    6.11022343
    6.15262002    6.19531078    6.23829776    6.28158301    6.3251686
    6.36905662    6.41324915    6.45774833    6.50255626    6.5476751
    6.59310701    6.63885415    6.68491871    6.7313029     6.77800893
    6.82503903    6.87239546    6.92008048    6.96809637    7.01644542
    7.06512995    7.11415229    7.16351477    7.21321976    7.26326963
    7.31366678    7.36441362    7.41551257    7.46696608    7.51877661
    7.57094663    7.62347864    7.67637514    7.72963868    7.7832718
    7.83727705    7.89165703    7.94641433    8.00155157    8.05707139
    8.11297644    8.16926939    8.22595294    8.28302979    8.34050269
    8.39837436    8.45664759    8.51532515    8.57440985    8.63390452
    8.693812      8.75413516    8.81487688    8.87604006    8.93762763
    8.99964253    9.06208774    9.12496622    9.188281      9.2520351
    9.31623156    9.38087346    9.44596388    9.51150594    9.57750278
    9.64395754    9.71087341    9.77825358    9.84610128    9.91441975
    9.98321225   10.05248208   10.12223255   10.19246699   10.26318876
   10.33440125   10.40610785   10.478312     10.55101714   10.62422676
   10.69794436   10.77217345   10.84691759   10.92218036   10.99796534
   11.07427617   11.15111649   11.22848998   11.30640033   11.38485128
   11.46384656   11.54338997   11.6234853    11.70413638   11.78534707
   11.86712125   11.94946283   12.03237575   12.11586397   12.19993149
   12.28458231   12.3698205    12.45565013   12.5420753    12.62910013
   12.71672881   12.8049655    12.89381444   12.98327986   13.07336606
   13.16407733   13.25541801   13.34739247   13.44000511   13.53326035
   13.62716266   13.72171652   13.81692645   13.91279701   14.00933278
   14.10653838   14.20441845   14.30297768   14.40222077   14.50215247
   14.60277756   14.70410085   14.80612719   14.90886145   15.01230855
   15.11647342   15.22136106   15.32697648   15.43332472   15.54041087
   15.64824005   15.75681742   15.86614817   15.97623753   16.08709075
   16.19871315   16.31111005   16.42428683   16.5382489    16.65300172
   16.76855076   16.88490155   17.00205966   17.12003069   17.23882027
   17.35843409   17.47887787   17.60015736   17.72227837   17.84524673
   17.96906832   18.09374906   18.21929492   18.34571189   18.47300603
   18.60118341   18.73025016   18.86021247   18.99107653   19.12284861
   19.25553501   19.38914207   19.52367618   19.65914378   19.79555133
   19.93290537   20.07121245   20.2104792    20.35071227   20.49191836
   20.63410423   20.77727667   20.92144254   21.06660872   21.21278215
   21.35996983   21.50817879   21.65741612   21.80768895   21.95900446
   22.1113699    22.26479255   22.41927974   22.57483886   22.73147735
   22.88920269   23.04802243   23.20794417   23.36897554   23.53112425
   23.69439805   23.85880474   24.0243522    24.19104832   24.35890109
   24.52791853   24.69810872   24.86947979   25.04203995   25.21579744
   25.39076056   25.56693769   25.74433725   25.92296772   26.10283764
   26.28395561   26.46633029   26.6499704    26.83488473   27.0210821
   27.20857143   27.39736168   27.58746188   27.77888111   27.97162853
   28.16571335   28.36114486   28.55793239   28.75608536   28.95561324
   29.15652557   29.35883195   29.56254207   29.76766565   29.97421252
   30.18219253   30.39161564   30.60249186   30.81483128   31.02864403
   31.24394036   31.46073055   31.67902496   31.89883404   32.1201683
   32.34303831   32.56745473   32.7934283    33.02096981   33.25009015
   33.48080027   33.71311121   33.94703406   34.18258002   34.41976035
   34.65858638   34.89906954   35.14122132   35.38505331   35.63057715
   35.87780459   36.12674746   36.37741765   36.62982714   36.88398801
   37.13991241   37.39761258   37.65710083   37.91838957   38.18149131
   38.4464186    38.71318413   38.98180065   39.252281     39.52463811
   39.79888501   40.07503481   40.35310071   40.633096     40.91503408
   41.19892842   41.4847926    41.77264029   42.06248525   42.35434133
   42.6482225    42.9441428    43.24211638   43.54215749   43.84428047
   44.14849978   44.45482995   44.76328563   45.07388157   45.38663263
   45.70155374   46.01865998   46.33796651   46.65948858   46.98324157
   47.30924097   47.63750236   47.96804144   48.300874     48.63601596
   48.97348335   49.31329231   49.65545907   50.           50.34693157
   50.69627038   51.04803312   51.4022366    51.75889778   52.1180337
   52.47966153   52.84379856   53.2104622    53.57966999   53.95143958
   54.32578873   54.70273536   55.08229748   55.46449324   55.84934092
   56.23685892   56.62706576   57.0199801    57.41562073   57.81400656
   58.21515665   58.61909016   59.02582643   59.43538489   59.84778512
   60.26304684   60.68118992   61.10223433   61.52620022   61.95310785
   62.38297763   62.81583012   63.25168602   63.69056616   64.13249153
   64.57748325   65.02556261   65.47675102   65.93107007   66.38854147
   66.84918709   67.31302896   67.78008927   68.25039033   68.72395463
   69.20080483   69.68096371   70.16445424   70.65129953   71.14152286
   71.63514767   72.13219756   72.6326963    73.13666781   73.6441362
   74.15512572   74.66966081   75.18776606   75.70946627   76.23478635
   76.76375144   77.29638682   77.83271796   78.37277051   78.91657028
   79.46414328   80.01551569   80.57071386   81.12976435   81.69269389
   82.25952939   82.83029795   83.40502686   83.9837436    84.56647585
   85.15325146   85.74409849   86.33904519   86.93812001   87.54135159
   88.14876876   88.76040059   89.3762763    89.99642534   90.62087737
   91.24966224   91.88281002   92.52035098   93.1623156    93.80873457
   94.45963881   95.11505943   95.77502778   96.4395754    97.10873407
   97.78253579   98.46101277   99.14419746   99.83212251  100.52482081
  101.2223255   101.92466991  102.63188764  103.34401248  104.0610785
  104.78311997  105.51017143  106.24226762  106.97944357  107.7217345
  108.46917592  109.22180356  109.9796534   110.74276169  111.5111649
  112.28489978  113.06400332  113.84851277  114.63846564  115.43389971
  116.234853    117.04136381  117.8534707   118.6712125   119.49462831
  120.3237575   121.15863971  121.99931486  122.84582315  123.69820504
  124.5565013   125.42075296  126.29100135  127.16728807  128.04965501
  128.93814438  129.83279865  130.73366059  131.64077328  132.5541801
  133.4739247   134.40005108  135.3326035   136.27162656  137.21716516
  138.1692645   139.12797011  140.09332782  141.0653838   142.04418451
  143.02977676  144.02220767  145.02152469  146.02777561  147.04100853
  148.0612719   149.0886145   150.12308545  151.16473422  152.2136106
  153.26976475  154.33324717  155.40410869  156.48240053  157.56817424
  158.66148174  159.76237529  160.87090753  161.98713148  163.11110049
  164.2428683   165.38248904  166.53001718  167.6855076   168.84901554
  170.02059664  171.2003069   172.38820274  173.58434095  174.78877872
  176.00157364  177.2227837   178.45246728  179.69068319  180.93749062
  182.19294919  183.45711892  184.73006026  186.01183407  187.30250164
  188.60212467  189.91076531  191.22848612  192.55535012  193.89142073
  195.23676184  196.59143779  197.95551332  199.32905368  200.71212452
  202.10479199  203.50712266  204.91918359  206.34104229  207.77276674
  209.2144254   210.66608719  212.12782154  213.59969832  215.08178791
  216.57416117  218.07688946  219.59004463  221.11369903  222.6479255
  224.1927974   225.7483886   227.31477348  228.89202692  230.48022434
  232.07944168  233.6897554   235.31124249  236.94398049  238.58804745
  240.24352198  241.91048325  243.58901094  245.27918532  246.98108719
  248.69479794  250.42039949  252.15797436  253.90760562  255.66937692
  257.44337251  259.22967719  261.02837639  262.8395561   264.66330292
  266.49970404  268.34884728  270.21082104  272.08571434  273.97361685
  275.87461881  277.78881112  279.71628531  281.65713353  283.61144858
  285.57932391  287.56085359  289.55613238  291.56525568  293.58831954
  295.62542069  297.67665654  299.74212516  301.8219253   303.91615641
  306.02491862  308.14831276  310.28644034  312.4394036   314.60730548
  316.79024963  318.98834043  321.20168297  323.43038308  325.67454731
  327.93428298  330.20969812  332.50090152  334.80800274  337.13111209
  339.47034063  341.82580023  344.19760348  346.58586381  348.99069539
  351.41221322  353.85053306  356.30577151  358.77804595  361.26747459
  363.77417646  366.29827141  368.83988013  371.39912413  373.97612578
  376.5710083   379.18389575  381.81491306  384.46418604  387.13184134
  389.81800652  392.52281001  395.24638113  397.98885012  400.75034808
  403.53100706  406.33096     409.15034079  411.98928423  414.84792604
  417.72640292  420.62485249  423.54341333  426.48222499  429.44142798
  432.42116379  435.42157488  438.44280473  441.48499777  444.54829948
  447.6328563   450.73881573  453.86632626  457.01553744  460.18659983
  463.37966506  466.59488579  469.83241575  473.09240974  476.37502362
  479.68041435  483.00873998  486.36015962  489.73483353  493.13292307
  496.55459069  500.          503.46931574  506.96270378  510.48033115
  514.02236605  517.58897782  521.18033699  524.79661528  528.43798559
  532.10462203  535.79669991  539.51439576  543.25788733  547.0273536
  550.82297482  554.64493245  558.49340923  562.36858918  566.27065758
  570.19980099  574.15620727  578.1400656   582.15156646  586.19090164
  590.25826428  594.35384886  598.47785118  602.63046844  606.81189917
  611.02234332  615.26200218  619.53107847  623.82977632  628.15830124
  632.5168602   636.90566159  641.32491526  645.77483251  650.25562609
  654.76751024  659.3107007   663.88541468  668.49187091  673.13028965
  677.80089266  682.50390327  687.23954634  692.00804829  696.80963711
  701.64454239  706.5129953   711.41522861  716.3514767   721.32197561
  726.32696297  731.3666781   736.44136195  741.55125717  746.69660806
  751.87766065  757.09466265  762.34786351  767.63751439  772.96386821
  778.32717964  783.7277051   789.16570283  794.64143281  800.15515687
  805.70713863  811.29764354  816.9269389   822.59529388  828.30297947
  834.0502686   839.83743605  845.66475851  851.53251463  857.44098494
  863.39045194  869.38120011  875.41351587  881.48768764  887.60400586
  893.76276295  899.96425339  906.20877369  912.49662241  918.82810019
  925.20350977  931.62315597  938.08734572  944.5963881   951.15059433
  957.75027779  964.39575401  971.08734074  977.82535793  984.61012774
  991.44197456  998.32122505 1005.24820813 1012.22325499 1019.24669913
 1026.31887635 1033.44012481 1040.61078499 1047.83119974 1055.10171428
 1062.42267625 1069.79443567 1077.21734502 1084.69175919 1092.21803557
 1099.79653402 1107.42761686 1115.11164898 1122.84899777 1130.64003317
 1138.48512769 1146.38465643 1154.33899709 1162.34852999 1170.41363809
 1178.534707   1186.71212501 1194.94628312 1203.23757501 1211.58639712
 1219.99314863 1228.45823149 1236.98205044 1245.56501303 1254.20752964
 1262.91001348 1271.67288065 1280.49655013 1289.3814438  1298.32798647
 1307.3366059  1316.40773282 1325.54180095 1334.73924702 1344.00051077
 1353.32603502 1362.71626564 1372.17165161 1381.69264503 1391.2797011
 1400.93327823 1410.65383797 1420.44184509 1430.29776759 1440.2220767
 1450.21524693 1460.27775609 1470.41008529 1480.61271899 1490.88614501
 1501.23085454 1511.6473422  1522.13610603 1532.69764753 1543.33247167
 1554.04108693 1564.82400534 1575.68174243 1586.61481737 1597.62375288
 1608.70907534 1619.87131476 1631.11100486 1642.42868302 1653.82489037
 1665.30017181 1676.855076   1688.49015541 1700.20596635 1712.00306899
 1723.88202737 1735.84340946 1747.88778718 1760.0157364  1772.22783699
 1784.52467284 1796.9068319  1809.37490621 1821.92949188 1834.5711892
 1847.3006026  1860.11834071 1873.02501637 1886.02124671 1899.1076531
 1912.28486123 1925.55350116 1938.91420729 1952.36761844 1965.91437785
 1979.55513323 1993.29053679 2007.12124525 2021.0479199  2035.07122661
 2049.19183588 2063.41042285 2077.72766736 2092.14425395 2106.66087192
 2121.27821536 2135.99698315 2150.81787905 2165.74161169 2180.7688946
 2195.9004463  2211.13699025 2226.47925497 2241.92797401 2257.48388602
 2273.14773477 2288.92026919 2304.80224341 2320.79441681 2336.897554
 2353.11242492 2369.43980486 2385.88047447 2402.43521983 2419.10483246
 2435.8901094  2452.79185318 2469.81087194 2486.9479794  2504.20399492
 2521.57974359 2539.07605616 2556.69376921 2574.43372507 2592.29677195
 2610.28376392 2628.39556101 2646.63302918 2664.99704042 2683.48847277
 2702.10821035 2720.85714343 2739.73616845 2758.74618806 2777.8881112
 2797.16285308 2816.5713353  2836.11448582 2855.79323906 2875.60853592
 2895.56132382 2915.65255676 2935.88319537 2956.25420692 2976.76656541
 2997.42125159 3018.21925304 3039.16156415 3060.24918624 3081.48312757
 3102.86440339 3124.394036   3146.07305481 3167.90249633 3189.8834043
 3212.0168297  3234.30383077 3256.74547314 3279.34282979 3302.09698117
 3325.00901522 3348.08002743 3371.31112089 3394.70340635 3418.25800226
 3441.97603482 3465.85863808 3489.90695392 3514.12213215 3538.50533059
 3563.05771506 3587.78045947 3612.67474589 3637.7417646  3662.98271411
 3688.39880126 3713.99124128 3739.76125781 3765.71008299 3791.8389575
 3818.14913064 3844.64186038 3871.31841341 3898.1800652  3925.2281001
 3952.46381135 3979.88850116 4007.50348078 4035.31007057 4063.30960005
 4091.50340793 4119.89284226 4148.47926042 4177.26402919 4206.24852487
 4235.43413328 4264.82224987 4294.41427977 4324.21163787 4354.21574885
 4384.42804729 4414.84997775 4445.48299476 4476.328563   4507.38815726
 4538.66326261 4570.15537438 4601.86599831 4633.79665057 4665.94885787
 4698.32415748 4730.92409736 4763.75023621 4796.80414355 4830.08739976
 4863.60159623 4897.34833535 4931.32923066 4965.54590687 5000.        ], psd_array=[5.32629213e-47 4.98494505e-47 4.67102962e-47 4.38182875e-47
 4.11493640e-47 3.86821884e-47 3.63978103e-47 3.42793735e-47
 3.23118611e-47 3.04818732e-47 2.87774334e-47 2.71878196e-47
 2.57034160e-47 2.43155847e-47 2.30165519e-47 2.17993094e-47
 2.06575280e-47 1.95854809e-47 1.85779774e-47 1.76303042e-47
 1.67381732e-47 1.58976766e-47 1.51052467e-47 1.43576201e-47
 1.36443291e-47 1.29638983e-47 1.23217106e-47 1.17152860e-47
 1.11423378e-47 1.06007541e-47 1.00885821e-47 9.60401309e-48
 9.14536995e-48 8.71109552e-48 8.29974217e-48 7.90996257e-48
 7.54050119e-48 7.19018692e-48 6.85792614e-48 6.54269663e-48
 6.24354203e-48 5.95956668e-48 5.68596030e-48 5.42614842e-48
 5.17947575e-48 4.94522695e-48 4.72272945e-48 4.51135058e-48
 4.31049484e-48 4.11960141e-48 3.93814184e-48 3.76561798e-48
 3.60155999e-48 3.44552457e-48 3.29709329e-48 3.15587105e-48
 3.02148462e-48 2.89358137e-48 2.77182797e-48 2.65590929e-48
 2.54552730e-48 2.44040008e-48 2.34026087e-48 2.24485723e-48
 2.15395019e-48 2.06731348e-48 1.98473286e-48 1.90600537e-48
 1.83093878e-48 1.75935093e-48 1.69106922e-48 1.62593004e-48
 1.56377833e-48 1.50446705e-48 1.44785679e-48 1.39381535e-48
 1.34221735e-48 1.29294382e-48 1.24588193e-48 1.20092459e-48
 1.15797021e-48 1.11692235e-48 1.07768946e-48 1.04018466e-48
 1.00432543e-48 9.70033422e-49 9.37234242e-49 9.05857215e-49
 8.75835211e-49 8.47104450e-49 8.19604334e-49 7.93277272e-49
 7.68068533e-49 7.43926089e-49 7.20800480e-49 6.98644683e-49
 6.77413979e-49 6.57065840e-49 6.37559817e-49 6.18857428e-49
 6.00922064e-49 5.84157813e-49 5.68187966e-49 5.52837045e-49
 5.38078349e-49 5.23886410e-49 5.10236931e-49 4.97106731e-49
 4.84473688e-49 4.72316688e-49 4.60615579e-49 4.49351122e-49
 4.38504948e-49 4.28059516e-49 4.17998074e-49 4.08304622e-49
 3.98963872e-49 3.89961221e-49 3.81282714e-49 3.72915013e-49
 3.64845372e-49 3.57061605e-49 3.49552061e-49 3.42305602e-49
 3.35311575e-49 3.28559790e-49 3.22040502e-49 3.15744388e-49
 3.09662526e-49 3.03786380e-49 2.98107780e-49 2.92618908e-49
 2.87312277e-49 2.82180722e-49 2.77217379e-49 2.72415679e-49
 2.67769327e-49 2.63272297e-49 2.58918812e-49 2.54703340e-49
 2.50620581e-49 2.46665454e-49 2.42833089e-49 2.39118821e-49
 2.35518174e-49 2.32026859e-49 2.28640765e-49 2.25355945e-49
 2.22168619e-49 2.19075157e-49 2.16072079e-49 2.13156046e-49
 2.10323853e-49 2.07572427e-49 2.04898816e-49 2.02300189e-49
 1.99773827e-49 1.97317119e-49 1.94927562e-49 1.92602747e-49
 1.90340365e-49 1.88138196e-49 1.85994109e-49 1.83906056e-49
 1.81872069e-49 1.79890258e-49 1.77958807e-49 1.76075970e-49
 1.74240069e-49 1.72449490e-49 1.70702685e-49 1.68998161e-49
 1.67334485e-49 1.65710280e-49 1.64124218e-49 1.62575026e-49
 1.61061475e-49 1.59582387e-49 1.58136626e-49 1.56723098e-49
 1.55340753e-49 1.53988579e-49 1.52665601e-49 1.51370882e-49
 1.50103519e-49 1.48862643e-49 1.47647416e-49 1.46457032e-49
 1.45290715e-49 1.44147716e-49 1.43027316e-49 1.41928819e-49
 1.40851558e-49 1.39794886e-49 1.38758183e-49 1.37740849e-49
 1.36742308e-49 1.35762002e-49 1.34799395e-49 1.33853969e-49
 1.32925225e-49 1.32012681e-49 1.31115873e-49 1.30234352e-49
 1.29367687e-49 1.28515459e-49 1.27677266e-49 1.26852720e-49
 1.26041445e-49 1.25243078e-49 1.24457271e-49 1.23683685e-49
 1.22921993e-49 1.22171882e-49 1.21433046e-49 1.20705191e-49
 1.19988033e-49 1.19281298e-49 1.18584719e-49 1.17898041e-49
 1.17221015e-49 1.16553402e-49 1.15894969e-49 1.15245492e-49
 1.14604755e-49 1.13972547e-49 1.13348665e-49 1.12732913e-49
 1.12125100e-49 1.11525043e-49 1.10932563e-49 1.10347488e-49
 1.09769651e-49 1.09198890e-49 1.08635048e-49 1.08077973e-49
 1.07527519e-49 1.06983543e-49 1.06445906e-49 1.05914475e-49
 1.05389121e-49 1.04869716e-49 1.04356140e-49 1.03848273e-49
 1.03346002e-49 1.02849214e-49 1.02357802e-49 1.01871660e-49
 1.01390688e-49 1.00914785e-49 1.00443856e-49 9.99778087e-50
 9.95165514e-50 9.90599964e-50 9.86080585e-50 9.81606546e-50
 9.77177039e-50 9.72791282e-50 9.68448512e-50 9.64147986e-50
 9.59888984e-50 9.55670805e-50 9.51492767e-50 9.47354204e-50
 9.43254472e-50 9.39192941e-50 9.35168998e-50 9.31182048e-50
 9.27231510e-50 9.23316817e-50 9.19437419e-50 9.15592779e-50
 9.11782374e-50 9.08005693e-50 9.04262238e-50 9.00551526e-50
 8.96873082e-50 8.93226446e-50 8.89611167e-50 8.86026805e-50
 8.82472933e-50 8.78949131e-50 8.75454990e-50 8.71990113e-50
 8.68554108e-50 8.65146595e-50 8.61767203e-50 8.58415567e-50
 8.55091331e-50 8.51794150e-50 8.48523682e-50 8.45279596e-50
 8.42061566e-50 8.38869276e-50 8.35702413e-50 8.32560673e-50
 8.29443759e-50 8.26351378e-50 8.23283245e-50 8.20239081e-50
 8.17218610e-50 8.14221566e-50 8.11247684e-50 8.08296707e-50
 8.05368382e-50 8.02462461e-50 7.99578702e-50 7.96716866e-50
 7.93876720e-50 7.91058035e-50 7.88260585e-50 7.85484149e-50
 7.82728512e-50 7.79993461e-50 7.77278786e-50 7.74584283e-50
 7.71909750e-50 7.69254990e-50 7.66619808e-50 7.64004013e-50
 7.61407418e-50 7.58829839e-50 7.56271093e-50 7.53731003e-50
 7.51209393e-50 7.48706092e-50 7.46220929e-50 7.43753738e-50
 7.41304355e-50 7.38872618e-50 7.36458368e-50 7.34061450e-50
 7.31681709e-50 7.29318994e-50 7.26973155e-50 7.24644045e-50
 7.22331521e-50 7.20035438e-50 7.17755658e-50 7.15492041e-50
 7.13244452e-50 7.11012756e-50 7.08796820e-50 7.06596515e-50
 7.04411711e-50 7.02242282e-50 7.00088103e-50 6.97949051e-50
 6.95825004e-50 6.93715842e-50 6.91621448e-50 6.89541703e-50
 6.87476495e-50 6.85425708e-50 6.83389232e-50 6.81366955e-50
 6.79358768e-50 6.77364565e-50 6.75384238e-50 6.73417683e-50
 6.71464797e-50 6.69525477e-50 6.67599622e-50 6.65687134e-50
 6.63787913e-50 6.61901863e-50 6.60028888e-50 6.58168893e-50
 6.56321784e-50 6.54487470e-50 6.52665859e-50 6.50856862e-50
 6.49060388e-50 6.47276351e-50 6.45504663e-50 6.43745239e-50
 6.41997993e-50 6.40262844e-50 6.38539706e-50 6.36828500e-50
 6.35129143e-50 6.33441557e-50 6.31765663e-50 6.30101382e-50
 6.28448638e-50 6.26807354e-50 6.25177455e-50 6.23558868e-50
 6.21951518e-50 6.20355334e-50 6.18770243e-50 6.17196175e-50
 6.15633059e-50 6.14080827e-50 6.12539410e-50 6.11008740e-50
 6.09488751e-50 6.07979377e-50 6.06480552e-50 6.04992213e-50
 6.03514295e-50 6.02046736e-50 6.00589473e-50 5.99142445e-50
 5.97705591e-50 5.96278852e-50 5.94862168e-50 5.93455481e-50
 5.92058732e-50 5.90671865e-50 5.89294824e-50 5.87927552e-50
 5.86569995e-50 5.85222098e-50 5.83883807e-50 5.82555070e-50
 5.81235835e-50 5.79926049e-50 5.78625661e-50 5.77334622e-50
 5.76052882e-50 5.74780390e-50 5.73517100e-50 5.72262963e-50
 5.71017933e-50 5.69781962e-50 5.68555004e-50 5.67337015e-50
 5.66127951e-50 5.64927765e-50 5.63736417e-50 5.62553862e-50
 5.61380059e-50 5.60214965e-50 5.59058541e-50 5.57910745e-50
 5.56771539e-50 5.55640882e-50 5.54518737e-50 5.53405065e-50
 5.52299829e-50 5.51202993e-50 5.50114520e-50 5.49034374e-50
 5.47962522e-50 5.46898928e-50 5.45843559e-50 5.44796382e-50
 5.43757364e-50 5.42726473e-50 5.41703678e-50 5.40688949e-50
 5.39682254e-50 5.38683565e-50 5.37692852e-50 5.36710088e-50
 5.35735244e-50 5.34768293e-50 5.33809209e-50 5.32857967e-50
 5.31914539e-50 5.30978903e-50 5.30051033e-50 5.29130907e-50
 5.28218501e-50 5.27313794e-50 5.26416763e-50 5.25527388e-50
 5.24645648e-50 5.23771524e-50 5.22904997e-50 5.22046048e-50
 5.21194660e-50 5.20350815e-50 5.19514498e-50 5.18685692e-50
 5.17864383e-50 5.17050557e-50 5.16244199e-50 5.15445297e-50
 5.14653840e-50 5.13869815e-50 5.13093213e-50 5.12324023e-50
 5.11562238e-50 5.10807849e-50 5.10060849e-50 5.09321232e-50
 5.08588994e-50 5.07864131e-50 5.07146640e-50 5.06436520e-50
 5.05733771e-50 5.05038395e-50 5.04350396e-50 5.03669778e-50
 5.02996549e-50 5.02330720e-50 5.01672303e-50 5.01021316e-50
 5.00377780e-50 4.99741721e-50 4.99113172e-50 4.98492173e-50
 4.97878778e-50 4.97273050e-50 4.96675073e-50 4.96084954e-50
 4.95502835e-50 4.94928904e-50 4.94363416e-50 4.93806727e-50
 4.93259345e-50 4.92722020e-50 4.92195895e-50 4.91682793e-50
 4.91185771e-50 4.90710301e-50 4.90267005e-50 4.89878875e-50
 4.89603848e-50 4.89626008e-50 4.90824887e-50 5.04899758e-50
 5.48514267e-50 4.90529405e-50 4.87417105e-50 4.86319881e-50
 4.85629918e-50 4.85077637e-50 4.84587496e-50 4.84131740e-50
 4.83698273e-50 4.83281159e-50 4.82877225e-50 4.82484658e-50
 4.82102370e-50 4.81729685e-50 4.81366167e-50 4.81011535e-50
 4.80665604e-50 4.80328252e-50 4.79999404e-50 4.79679014e-50
 4.79367058e-50 4.79063531e-50 4.78768438e-50 4.78481796e-50
 4.78203626e-50 4.77933959e-50 4.77672829e-50 4.77420273e-50
 4.77176335e-50 4.76941059e-50 4.76714493e-50 4.76496689e-50
 4.76287700e-50 4.76087580e-50 4.75896388e-50 4.75714183e-50
 4.75541027e-50 4.75376983e-50 4.75222116e-50 4.75076495e-50
 4.74940189e-50 4.74813267e-50 4.74695805e-50 4.74587875e-50
 4.74489556e-50 4.74400926e-50 4.74322066e-50 4.74253057e-50
 4.74193985e-50 4.74144937e-50 4.74105999e-50 4.74077265e-50
 4.74058825e-50 4.74050774e-50 4.74053211e-50 4.74066233e-50
 4.74089942e-50 4.74124441e-50 4.74169837e-50 4.74226238e-50
 4.74293754e-50 4.74372497e-50 4.74462584e-50 4.74564132e-50
 4.74677262e-50 4.74802097e-50 4.74938762e-50 4.75087386e-50
 4.75248100e-50 4.75421038e-50 4.75606336e-50 4.75804134e-50
 4.76014575e-50 4.76237805e-50 4.76473972e-50 4.76723229e-50
 4.76985730e-50 4.77261635e-50 4.77551105e-50 4.77854307e-50
 4.78171409e-50 4.78502584e-50 4.78848011e-50 4.79207871e-50
 4.79582350e-50 4.79971640e-50 4.80375938e-50 4.80795448e-50
 4.81230382e-50 4.81680964e-50 4.82147433e-50 4.82630051e-50
 4.83129117e-50 4.83645002e-50 4.84178216e-50 4.84729591e-50
 4.85300814e-50 4.85896454e-50 4.86535003e-50 4.87383051e-50
 5.09314082e-50 4.88559951e-50 4.89097082e-50 4.89761520e-50
 4.90462727e-50 4.91188620e-50 4.91936324e-50 4.92705027e-50
 4.93494566e-50 4.94305021e-50 4.95136586e-50 4.95989511e-50
 4.96864081e-50 4.97760601e-50 4.98679392e-50 4.99620787e-50
 5.00585131e-50 5.01572775e-50 5.02584084e-50 5.03619429e-50
 5.04679189e-50 5.05763753e-50 5.06873517e-50 5.08008889e-50
 5.09170282e-50 5.10358120e-50 5.11572836e-50 5.12814872e-50
 5.14084680e-50 5.15382720e-50 5.16709465e-50 5.18065395e-50
 5.19451002e-50 5.20866788e-50 5.22313268e-50 5.23790964e-50
 5.25300413e-50 5.26842162e-50 5.28416769e-50 5.30024808e-50
 5.31666860e-50 5.33343523e-50 5.35055407e-50 5.36803135e-50
 5.38587344e-50 5.40408686e-50 5.42267826e-50 5.44165446e-50
 5.46102243e-50 5.48078934e-50 5.50096250e-50 5.52154949e-50
 5.54255813e-50 5.56399668e-50 5.58587418e-50 5.60820161e-50
 5.63099672e-50 5.65431677e-50 5.67902372e-50 5.70347545e-50
 5.72686444e-50 5.75193823e-50 5.77758645e-50 5.80376580e-50
 5.83047647e-50 5.85772577e-50 5.88552299e-50 5.91387826e-50
 5.94280218e-50 5.97230572e-50 6.00240016e-50 6.03309705e-50
 6.06440826e-50 6.09634591e-50 6.12892243e-50 6.16215055e-50
 6.19604328e-50 6.23061395e-50 6.26587620e-50 6.30184399e-50
 6.33853162e-50 6.37595371e-50 6.41412524e-50 6.45306155e-50
 6.49277833e-50 6.53329165e-50 6.57461797e-50 6.61677414e-50
 6.65977741e-50 6.70364546e-50 6.74839639e-50 6.79404874e-50
 6.84062151e-50 6.88813418e-50 6.93660674e-50 6.98605975e-50
 7.03651449e-50 7.08799348e-50 7.14052287e-50 7.19415486e-50
 7.25344823e-50 7.30465658e-50 7.36150361e-50 7.41958027e-50
 7.47885290e-50 7.53934138e-50 7.60107095e-50 7.66406845e-50
 7.72836170e-50 7.79398409e-50 7.86095051e-50 7.92930557e-50
 7.99907538e-50 8.07029158e-50 8.14298667e-50 8.21719395e-50
 8.29294759e-50 8.37028260e-50 8.44923491e-50 8.52984135e-50
 8.61213972e-50 8.69616875e-50 8.78196822e-50 8.86957888e-50
 8.95904257e-50 9.05040222e-50 9.14370186e-50 9.23898670e-50
 9.33630318e-50 9.43569916e-50 9.53722440e-50 9.64093460e-50
 9.74702867e-50 9.85513382e-50 9.96561851e-50 1.00785515e-49
 1.01939375e-49 1.03118318e-49 1.04322937e-49 1.05553846e-49
 1.06811678e-49 1.08097083e-49 1.09410728e-49 1.10753299e-49
 1.12125499e-49 1.13528052e-49 1.14961700e-49 1.16427206e-49
 1.17925352e-49 1.19456943e-49 1.21022806e-49 1.22623790e-49
 1.24260767e-49 1.25934633e-49 1.27646309e-49 1.29396743e-49
 1.31186909e-49 1.33017818e-49 1.34890632e-49 1.36807805e-49
 1.38765274e-49 1.40769573e-49 1.42820065e-49 1.44917897e-49
 1.47064275e-49 1.49260442e-49 1.51507680e-49 1.53807304e-49
 1.56160668e-49 1.58569164e-49 1.61034225e-49 1.63557322e-49
 1.66139972e-49 1.68783733e-49 1.71490207e-49 1.74261045e-49
 1.77097943e-49 1.80002648e-49 1.82976957e-49 1.86022723e-49
 1.89141879e-49 1.92377246e-49 1.95608061e-49 1.98959173e-49
 2.02391864e-49 2.05908301e-49 2.09510744e-49 2.13201524e-49
 2.16983040e-49 2.20857767e-49 2.24828251e-49 2.28897114e-49
 2.33067060e-49 2.37340870e-49 2.41721414e-49 2.46211646e-49
 2.50814612e-49 2.55533448e-49 2.60371390e-49 2.65331780e-49
 2.70418314e-49 2.75633745e-49 2.80982409e-49 2.86467960e-49
 2.92094228e-49 2.97865213e-49 3.03785042e-49 3.09857975e-49
 3.16088404e-49 3.22480862e-49 3.29040024e-49 3.35770716e-49
 3.42677917e-49 3.49766766e-49 3.57042567e-49 3.64510799e-49
 3.72177117e-49 3.80047503e-49 3.88127555e-49 3.96423854e-49
 4.04942790e-49 4.13690969e-49 4.22675248e-49 4.31902715e-49
 4.41380694e-49 4.51116755e-49 4.61118719e-49 4.71394674e-49
 4.81952978e-49 4.92802274e-49 5.03951500e-49 5.15409899e-49
 5.27187060e-49 5.39292836e-49 5.51737337e-49 5.64531335e-49
 5.77685707e-49 5.91211781e-49 6.05121280e-49 6.19426340e-49
 6.34139522e-49 6.49273830e-49 6.64842727e-49 6.80860152e-49
 6.97340540e-49 7.14298839e-49 7.31750602e-49 7.49711633e-49
 7.68198725e-49 7.87229048e-49 8.06820393e-49 8.26991203e-49
 8.47760581e-49 8.69148310e-49 8.91174878e-49 9.13861500e-49
 9.37230139e-49 9.61303535e-49 9.86105228e-49 1.01166118e-48
 1.03799171e-48 1.06512775e-48 1.09309461e-48 1.12192012e-48
 1.15163301e-48 1.18226294e-48 1.21384051e-48 1.24639723e-48
 1.27996555e-48 1.31457884e-48 1.35027139e-48 1.38707828e-48
 1.42503548e-48 1.46417978e-48 1.50454857e-48 1.54617991e-48
 1.58911229e-48 1.63338457e-48 1.67903576e-48 1.72610477e-48
 1.77463020e-48 1.82465012e-48 1.87620084e-48 1.92931819e-48
 1.98403521e-48 2.04038233e-48 2.09838643e-48 2.15806989e-48
 2.21944951e-48 2.28253518e-48 2.34732841e-48 2.41382078e-48
 2.48199048e-48 2.55180272e-48 2.62320413e-48 2.69612087e-48
 2.77045466e-48 2.84607851e-48 2.92283183e-48 3.00051495e-48
 3.07888289e-48 3.15763840e-48 3.23642454e-48 3.31481634e-48
 3.39231203e-48 3.46832396e-48 3.54216952e-48 3.61306234e-48
 3.68010465e-48 3.74228145e-48 3.79845685e-48 3.84737667e-48
 3.88767388e-48 3.91788366e-48 3.93646690e-48 3.94184484e-48
 3.93244608e-48 3.90676682e-48 3.86344350e-48 3.80133653e-48
 3.71962052e-48 3.61787540e-48 3.49617062e-48 3.35513296e-48
 3.19598852e-48 3.02057069e-48 2.83128770e-48 2.63105038e-48
 2.42316059e-48 2.21117173e-48 1.99873222e-48 1.78942677e-48
 1.58662971e-48 1.39338234e-48 1.21230213e-48 1.04552799e-48
 8.94699743e-49 7.60968664e-49 6.45032112e-49 5.47185025e-49
 4.67381156e-49 4.05297719e-49 3.60398962e-49 3.31994399e-49
 3.19290501e-49 3.21434288e-49 3.37548885e-49 3.66761386e-49
 4.08223993e-49 4.61129105e-49 5.24719592e-49 5.98295117e-49
 6.81215358e-49 7.72900927e-49 8.72832384e-49 9.80548526e-49
 1.09564321e-48 1.21776217e-48 1.34659941e-48 1.48189408e-48
 1.62342381e-48 1.77100725e-48 1.92449461e-48 2.08376756e-48
 2.24873572e-48 2.41933392e-48 2.59551970e-48 2.77727117e-48
 2.96458481e-48 3.15747366e-48 3.35596563e-48 3.56010190e-48
 3.76993551e-48 3.98553007e-48 4.20695853e-48 4.43430203e-48], asd_array=[7.29814506e-24 7.06041433e-24 6.83449312e-24 6.61953831e-24
 6.41477700e-24 6.21950065e-24 6.03305978e-24 5.85485897e-24
 5.68435230e-24 5.52103914e-24 5.36446022e-24 5.21419405e-24
 5.06985365e-24 4.93108352e-24 4.79755687e-24 4.66897306e-24
 4.54505533e-24 4.42554865e-24 4.31021779e-24 4.19884557e-24
 4.09123125e-24 3.98718906e-24 3.88654688e-24 3.78914504e-24
 3.69382310e-24 3.60054139e-24 3.51022942e-24 3.42275999e-24
 3.33801404e-24 3.25587993e-24 3.17625284e-24 3.09903422e-24
 3.02413127e-24 2.95145651e-24 2.88092731e-24 2.81246557e-24
 2.74599730e-24 2.68145239e-24 2.61876424e-24 2.55786955e-24
 2.49870807e-24 2.44122237e-24 2.38452517e-24 2.32940946e-24
 2.27584616e-24 2.22378662e-24 2.17318417e-24 2.12399402e-24
 2.07617312e-24 2.02968012e-24 1.98447520e-24 1.94052003e-24
 1.89777765e-24 1.85621243e-24 1.81578999e-24 1.77647714e-24
 1.73824182e-24 1.70105302e-24 1.66488077e-24 1.62969607e-24
 1.59547087e-24 1.56217799e-24 1.52979112e-24 1.49828476e-24
 1.46763421e-24 1.43781553e-24 1.40880547e-24 1.38058153e-24
 1.35312186e-24 1.32640527e-24 1.30041117e-24 1.27511962e-24
 1.25051123e-24 1.22656718e-24 1.20326921e-24 1.18059957e-24
 1.15854104e-24 1.13707688e-24 1.11619081e-24 1.09586705e-24
 1.07609024e-24 1.05684547e-24 1.03811823e-24 1.01989444e-24
 1.00216038e-24 9.84902748e-25 9.68108590e-25 9.51765315e-25
 9.35860679e-25 9.20382774e-25 9.05320017e-25 8.90661143e-25
 8.76395192e-25 8.62511501e-25 8.48999694e-25 8.35849677e-25
 8.23051626e-25 8.10595978e-25 7.98473429e-25 7.86674919e-25
 7.75191630e-25 7.64302174e-25 7.53782440e-25 7.43530124e-25
 7.33538239e-25 7.23799979e-25 7.14308709e-25 7.05057963e-25
 6.96041441e-25 6.87253002e-25 6.78686658e-25 6.70336574e-25
 6.62197061e-25 6.54262574e-25 6.46527706e-25 6.38987184e-25
 6.31635870e-25 6.24468751e-25 6.17480942e-25 6.10667678e-25
 6.04024314e-25 5.97546320e-25 5.91229280e-25 5.85068887e-25
 5.79060942e-25 5.73201352e-25 5.67486125e-25 5.61911370e-25
 5.56473293e-25 5.51168196e-25 5.45992473e-25 5.40942611e-25
 5.36015184e-25 5.31206854e-25 5.26514368e-25 5.21934554e-25
 5.17464325e-25 5.13100669e-25 5.08840655e-25 5.04681425e-25
 5.00620196e-25 4.96654260e-25 4.92780975e-25 4.88997772e-25
 4.85302147e-25 4.81691664e-25 4.78163952e-25 4.74716700e-25
 4.71347663e-25 4.68054652e-25 4.64835540e-25 4.61688256e-25
 4.58610786e-25 4.55601171e-25 4.52657504e-25 4.49777933e-25
 4.46960654e-25 4.44203917e-25 4.41506015e-25 4.38865295e-25
 4.36280145e-25 4.33749002e-25 4.31270343e-25 4.28842694e-25
 4.26464616e-25 4.24134717e-25 4.21851641e-25 4.19614072e-25
 4.17420733e-25 4.15270382e-25 4.13161814e-25 4.11093859e-25
 4.09065380e-25 4.07075275e-25 4.05122473e-25 4.03205935e-25
 4.01324651e-25 3.99477643e-25 3.97663961e-25 3.95882682e-25
 3.94132913e-25 3.92413786e-25 3.90724457e-25 3.89064111e-25
 3.87431954e-25 3.85827219e-25 3.84249158e-25 3.82697049e-25
 3.81170191e-25 3.79667902e-25 3.78189524e-25 3.76734415e-25
 3.75301955e-25 3.73891543e-25 3.72502594e-25 3.71134544e-25
 3.69786842e-25 3.68458956e-25 3.67150372e-25 3.65860587e-25
 3.64589118e-25 3.63335494e-25 3.62099259e-25 3.60879969e-25
 3.59677198e-25 3.58490529e-25 3.57319558e-25 3.56163895e-25
 3.55023161e-25 3.53896988e-25 3.52785021e-25 3.51686913e-25
 3.50602329e-25 3.49530946e-25 3.48472446e-25 3.47426526e-25
 3.46392888e-25 3.45371246e-25 3.44361321e-25 3.43362842e-25
 3.42375547e-25 3.41399182e-25 3.40433501e-25 3.39478265e-25
 3.38533240e-25 3.37598203e-25 3.36672934e-25 3.35757223e-25
 3.34850862e-25 3.33953654e-25 3.33065404e-25 3.32185924e-25
 3.31315033e-25 3.30452553e-25 3.29598313e-25 3.28752146e-25
 3.27913890e-25 3.27083388e-25 3.26260488e-25 3.25445042e-25
 3.24636906e-25 3.23835940e-25 3.23042009e-25 3.22254982e-25
 3.21474730e-25 3.20701129e-25 3.19934059e-25 3.19173402e-25
 3.18419044e-25 3.17670875e-25 3.16928788e-25 3.16192677e-25
 3.15462440e-25 3.14737981e-25 3.14019201e-25 3.13306008e-25
 3.12598311e-25 3.11896021e-25 3.11199054e-25 3.10507325e-25
 3.09820752e-25 3.09139258e-25 3.08462764e-25 3.07791196e-25
 3.07124482e-25 3.06462549e-25 3.05805330e-25 3.05152757e-25
 3.04504763e-25 3.03861287e-25 3.03222265e-25 3.02587637e-25
 3.01957344e-25 3.01331328e-25 3.00709534e-25 3.00091907e-25
 2.99478394e-25 2.98868942e-25 2.98263502e-25 2.97662024e-25
 2.97064460e-25 2.96470763e-25 2.95880887e-25 2.95294787e-25
 2.94712421e-25 2.94133744e-25 2.93558717e-25 2.92987298e-25
 2.92419447e-25 2.91855127e-25 2.91294298e-25 2.90736925e-25
 2.90182971e-25 2.89632401e-25 2.89085180e-25 2.88541275e-25
 2.88000653e-25 2.87463281e-25 2.86929128e-25 2.86398164e-25
 2.85870357e-25 2.85345679e-25 2.84824101e-25 2.84305594e-25
 2.83790130e-25 2.83277684e-25 2.82768227e-25 2.82261734e-25
 2.81758180e-25 2.81257539e-25 2.80759788e-25 2.80264901e-25
 2.79772857e-25 2.79283630e-25 2.78797200e-25 2.78313543e-25
 2.77832639e-25 2.77354465e-25 2.76879000e-25 2.76406225e-25
 2.75936119e-25 2.75468662e-25 2.75003835e-25 2.74541618e-25
 2.74081994e-25 2.73624943e-25 2.73170447e-25 2.72718488e-25
 2.72269050e-25 2.71822114e-25 2.71377665e-25 2.70935684e-25
 2.70496157e-25 2.70059066e-25 2.69624397e-25 2.69192133e-25
 2.68762259e-25 2.68334761e-25 2.67909622e-25 2.67486830e-25
 2.67066369e-25 2.66648224e-25 2.66232383e-25 2.65818832e-25
 2.65407557e-25 2.64998544e-25 2.64591781e-25 2.64187254e-25
 2.63784951e-25 2.63384860e-25 2.62986967e-25 2.62591261e-25
 2.62197730e-25 2.61806361e-25 2.61417144e-25 2.61030066e-25
 2.60645117e-25 2.60262284e-25 2.59881557e-25 2.59502925e-25
 2.59126378e-25 2.58751904e-25 2.58379493e-25 2.58009134e-25
 2.57640818e-25 2.57274535e-25 2.56910274e-25 2.56548025e-25
 2.56187780e-25 2.55829527e-25 2.55473259e-25 2.55118965e-25
 2.54766636e-25 2.54416263e-25 2.54067838e-25 2.53721351e-25
 2.53376793e-25 2.53034157e-25 2.52693432e-25 2.52354612e-25
 2.52017687e-25 2.51682649e-25 2.51349490e-25 2.51018203e-25
 2.50688779e-25 2.50361210e-25 2.50035489e-25 2.49711607e-25
 2.49389558e-25 2.49069335e-25 2.48750928e-25 2.48434332e-25
 2.48119540e-25 2.47806543e-25 2.47495335e-25 2.47185910e-25
 2.46878260e-25 2.46572378e-25 2.46268259e-25 2.45965895e-25
 2.45665279e-25 2.45366407e-25 2.45069270e-25 2.44773864e-25
 2.44480181e-25 2.44188217e-25 2.43897964e-25 2.43609417e-25
 2.43322570e-25 2.43037418e-25 2.42753954e-25 2.42472174e-25
 2.42192071e-25 2.41913641e-25 2.41636878e-25 2.41361776e-25
 2.41088331e-25 2.40816538e-25 2.40546391e-25 2.40277885e-25
 2.40011017e-25 2.39745780e-25 2.39482171e-25 2.39220184e-25
 2.38959815e-25 2.38701060e-25 2.38443915e-25 2.38188374e-25
 2.37934434e-25 2.37682091e-25 2.37431341e-25 2.37182179e-25
 2.36934602e-25 2.36688607e-25 2.36444188e-25 2.36201343e-25
 2.35960068e-25 2.35720360e-25 2.35482215e-25 2.35245630e-25
 2.35010602e-25 2.34777127e-25 2.34545202e-25 2.34314825e-25
 2.34085993e-25 2.33858703e-25 2.33632951e-25 2.33408736e-25
 2.33186055e-25 2.32964906e-25 2.32745285e-25 2.32527192e-25
 2.32310623e-25 2.32095576e-25 2.31882050e-25 2.31670043e-25
 2.31459552e-25 2.31250577e-25 2.31043115e-25 2.30837165e-25
 2.30632725e-25 2.30429795e-25 2.30228372e-25 2.30028456e-25
 2.29830046e-25 2.29633141e-25 2.29437739e-25 2.29243841e-25
 2.29051446e-25 2.28860552e-25 2.28671161e-25 2.28483270e-25
 2.28296881e-25 2.28111993e-25 2.27928607e-25 2.27746722e-25
 2.27566338e-25 2.27387457e-25 2.27210079e-25 2.27034204e-25
 2.26859833e-25 2.26686968e-25 2.26515609e-25 2.26345758e-25
 2.26177417e-25 2.26010586e-25 2.25845268e-25 2.25681464e-25
 2.25519178e-25 2.25358410e-25 2.25199165e-25 2.25041445e-25
 2.24885253e-25 2.24730593e-25 2.24577469e-25 2.24425885e-25
 2.24275846e-25 2.24127357e-25 2.23980424e-25 2.23835055e-25
 2.23691256e-25 2.23549037e-25 2.23408409e-25 2.23269383e-25
 2.23131974e-25 2.22996199e-25 2.22862081e-25 2.22729647e-25
 2.22598930e-25 2.22469976e-25 2.22342847e-25 2.22217625e-25
 2.22094427e-25 2.21973426e-25 2.21854884e-25 2.21739215e-25
 2.21627113e-25 2.21519819e-25 2.21419738e-25 2.21332075e-25
 2.21269936e-25 2.21274944e-25 2.21545681e-25 2.24699746e-25
 2.34203814e-25 2.21478984e-25 2.20775249e-25 2.20526615e-25
 2.20370124e-25 2.20244781e-25 2.20133481e-25 2.20029939e-25
 2.19931415e-25 2.19836566e-25 2.19744676e-25 2.19655334e-25
 2.19568297e-25 2.19483413e-25 2.19400585e-25 2.19319752e-25
 2.19240873e-25 2.19163923e-25 2.19088887e-25 2.19015756e-25
 2.18944527e-25 2.18875200e-25 2.18807778e-25 2.18742267e-25
 2.18678674e-25 2.18617007e-25 2.18557276e-25 2.18499490e-25
 2.18443662e-25 2.18389803e-25 2.18337925e-25 2.18288041e-25
 2.18240166e-25 2.18194312e-25 2.18150496e-25 2.18108730e-25
 2.18069032e-25 2.18031416e-25 2.17995898e-25 2.17962496e-25
 2.17931225e-25 2.17902104e-25 2.17875149e-25 2.17850379e-25
 2.17827812e-25 2.17807467e-25 2.17789363e-25 2.17773519e-25
 2.17759956e-25 2.17748694e-25 2.17739753e-25 2.17733154e-25
 2.17728920e-25 2.17727071e-25 2.17727630e-25 2.17730621e-25
 2.17736065e-25 2.17743988e-25 2.17754412e-25 2.17767362e-25
 2.17782863e-25 2.17800941e-25 2.17821621e-25 2.17844929e-25
 2.17870894e-25 2.17899540e-25 2.17930898e-25 2.17964994e-25
 2.18001858e-25 2.18041518e-25 2.18084006e-25 2.18129350e-25
 2.18177583e-25 2.18228734e-25 2.18282838e-25 2.18339925e-25
 2.18400030e-25 2.18463186e-25 2.18529427e-25 2.18598789e-25
 2.18671308e-25 2.18747019e-25 2.18825961e-25 2.18908171e-25
 2.18993687e-25 2.19082551e-25 2.19174802e-25 2.19270483e-25
 2.19369638e-25 2.19472314e-25 2.19578558e-25 2.19688427e-25
 2.19801983e-25 2.19919304e-25 2.20040500e-25 2.20165754e-25
 2.20295441e-25 2.20430591e-25 2.20575385e-25 2.20767536e-25
 2.25679880e-25 2.21033923e-25 2.21155394e-25 2.21305562e-25
 2.21463931e-25 2.21627756e-25 2.21796376e-25 2.21969599e-25
 2.22147376e-25 2.22329715e-25 2.22516648e-25 2.22708220e-25
 2.22904482e-25 2.23105491e-25 2.23311306e-25 2.23521987e-25
 2.23737599e-25 2.23958205e-25 2.24183872e-25 2.24414667e-25
 2.24650660e-25 2.24891919e-25 2.25138517e-25 2.25390525e-25
 2.25648018e-25 2.25911071e-25 2.26179760e-25 2.26454161e-25
 2.26734356e-25 2.27020422e-25 2.27312442e-25 2.27610499e-25
 2.27914677e-25 2.28225062e-25 2.28541740e-25 2.28864799e-25
 2.29194331e-25 2.29530425e-25 2.29873176e-25 2.30222676e-25
 2.30579023e-25 2.30942314e-25 2.31312647e-25 2.31690124e-25
 2.32074847e-25 2.32466919e-25 2.32866448e-25 2.33273540e-25
 2.33688306e-25 2.34110857e-25 2.34541308e-25 2.34979775e-25
 2.35426382e-25 2.35881256e-25 2.36344541e-25 2.36816419e-25
 2.37297213e-25 2.37788073e-25 2.38307023e-25 2.38819502e-25
 2.39308680e-25 2.39831988e-25 2.40366105e-25 2.40910062e-25
 2.41463796e-25 2.42027390e-25 2.42600968e-25 2.43184668e-25
 2.43778633e-25 2.44383013e-25 2.44997962e-25 2.45623636e-25
 2.46260193e-25 2.46907795e-25 2.47566606e-25 2.48236793e-25
 2.48918526e-25 2.49611978e-25 2.50317323e-25 2.51034739e-25
 2.51764406e-25 2.52506509e-25 2.53261234e-25 2.54028769e-25
 2.54809308e-25 2.55603045e-25 2.56410179e-25 2.57230911e-25
 2.58065445e-25 2.58913991e-25 2.59776758e-25 2.60653961e-25
 2.61545818e-25 2.62452552e-25 2.63374386e-25 2.64311554e-25
 2.65264293e-25 2.66232858e-25 2.67217568e-25 2.68219217e-25
 2.69322265e-25 2.70271282e-25 2.71320910e-25 2.72389065e-25
 2.73474915e-25 2.74578611e-25 2.75700398e-25 2.76840540e-25
 2.77999311e-25 2.79177078e-25 2.80373867e-25 2.81590227e-25
 2.82826367e-25 2.84082586e-25 2.85359189e-25 2.86656484e-25
 2.87974783e-25 2.89314407e-25 2.90675677e-25 2.92058921e-25
 2.93464473e-25 2.94892671e-25 2.96343858e-25 2.97818382e-25
 2.99316598e-25 3.00838864e-25 3.02385546e-25 3.03957015e-25
 3.05553648e-25 3.07175832e-25 3.08823969e-25 3.10498544e-25
 3.12202317e-25 3.13928874e-25 3.15683679e-25 3.17467344e-25
 3.19279463e-25 3.21120410e-25 3.22990614e-25 3.24890513e-25
 3.26820559e-25 3.28781208e-25 3.30772925e-25 3.32796182e-25
 3.34851459e-25 3.36939241e-25 3.39060025e-25 3.41214311e-25
 3.43402609e-25 3.45625438e-25 3.47883323e-25 3.50176798e-25
 3.52506407e-25 3.54872700e-25 3.57276237e-25 3.59717588e-25
 3.62197334e-25 3.64716079e-25 3.67274600e-25 3.69875391e-25
 3.72512113e-25 3.75192714e-25 3.77915420e-25 3.80680833e-25
 3.83489602e-25 3.86342390e-25 3.89239875e-25 3.92182743e-25
 3.95171694e-25 3.98207438e-25 4.01290698e-25 4.04422208e-25
 4.07602714e-25 4.10832975e-25 4.14113761e-25 4.17445859e-25
 4.20830064e-25 4.24267189e-25 4.27758058e-25 4.31303516e-25
 4.34904448e-25 4.38608305e-25 4.42276001e-25 4.46048397e-25
 4.49879833e-25 4.53771199e-25 4.57723436e-25 4.61737505e-25
 4.65814384e-25 4.69955070e-25 4.74160575e-25 4.78431933e-25
 4.82770193e-25 4.87176426e-25 4.91651721e-25 4.96197185e-25
 5.00813949e-25 5.05503163e-25 5.10266000e-25 5.15103660e-25
 5.20017609e-25 5.25008329e-25 5.30077739e-25 5.35227017e-25
 5.40457425e-25 5.45770293e-25 5.51166982e-25 5.56648880e-25
 5.62217400e-25 5.67873984e-25 5.73620104e-25 5.79457260e-25
 5.85386980e-25 5.91410827e-25 5.97530390e-25 6.03747297e-25
 6.10063207e-25 6.16479929e-25 6.22998840e-25 6.29621993e-25
 6.36351153e-25 6.43188129e-25 6.50134792e-25 6.57193058e-25
 6.64364881e-25 6.71652257e-25 6.79057228e-25 6.86581877e-25
 6.94228333e-25 7.01998771e-25 7.09895415e-25 7.17920538e-25
 7.26076484e-25 7.34365601e-25 7.42790238e-25 7.51353003e-25
 7.60056384e-25 7.68902972e-25 7.77895417e-25 7.87036428e-25
 7.96328777e-25 8.05775297e-25 8.15378885e-25 8.25142504e-25
 8.35069183e-25 8.45162019e-25 8.55424223e-25 8.65858899e-25
 8.76469466e-25 8.87259290e-25 8.98231815e-25 9.09390567e-25
 9.20739149e-25 9.32281240e-25 9.44020592e-25 9.55961035e-25
 9.68106471e-25 9.80460879e-25 9.93028312e-25 1.00581369e-24
 1.01881878e-24 1.03205026e-24 1.04551165e-24 1.05920731e-24
 1.07314165e-24 1.08731915e-24 1.10174430e-24 1.11642162e-24
 1.13135562e-24 1.14655084e-24 1.16201179e-24 1.17774287e-24
 1.19374850e-24 1.21003296e-24 1.22660041e-24 1.24345483e-24
 1.26059997e-24 1.27803935e-24 1.29577612e-24 1.31381307e-24
 1.33215247e-24 1.35079611e-24 1.36974481e-24 1.38899899e-24
 1.40855785e-24 1.42841952e-24 1.44858083e-24 1.46903706e-24
 1.48978170e-24 1.51080614e-24 1.53209935e-24 1.55364757e-24
 1.57543343e-24 1.59743630e-24 1.61963086e-24 1.64198687e-24
 1.66446828e-24 1.68703246e-24 1.70962915e-24 1.73219945e-24
 1.75467458e-24 1.77697451e-24 1.79900654e-24 1.82066371e-24
 1.84182302e-24 1.86234367e-24 1.88206523e-24 1.90080571e-24
 1.91835988e-24 1.93449773e-24 1.94896302e-24 1.96147309e-24
 1.97171851e-24 1.97936446e-24 1.98405315e-24 1.98540798e-24
 1.98303961e-24 1.97655428e-24 1.96556442e-24 1.94970165e-24
 1.92863177e-24 1.90207135e-24 1.86980497e-24 1.83170220e-24
 1.78773279e-24 1.73797891e-24 1.68264307e-24 1.62205129e-24
 1.55665044e-24 1.48700092e-24 1.41376526e-24 1.33769457e-24
 1.25961491e-24 1.18041617e-24 1.10104593e-24 1.02251063e-24
 9.45885692e-25 8.72335179e-25 8.03138912e-25 7.39719558e-25
 6.83652804e-25 6.36629970e-25 6.00332376e-25 5.76189552e-25
 5.65057963e-25 5.66951751e-25 5.80989574e-25 6.05608277e-25
 6.38924090e-25 6.79064875e-25 7.24375312e-25 7.73495389e-25
 8.25357715e-25 8.79147841e-25 9.34254989e-25 9.90226502e-25
 1.04672977e-24 1.10352262e-24 1.16043070e-24 1.21733072e-24
 1.27413650e-24 1.33079196e-24 1.38726155e-24 1.44352609e-24
 1.49957851e-24 1.55542082e-24 1.61106167e-24 1.66651468e-24
 1.72179697e-24 1.77692815e-24 1.83192948e-24 1.88682323e-24
 1.94163218e-24 1.99637924e-24 2.05108716e-24 2.10577825e-24]), minimum_frequency=5.0, maximum_frequency=2048.0, length=40.0, latitude=46.0, longitude=-124.99999999999999, elevation=0.0, xarm_azimuth=260.0, yarm_azimuth=349.99999999999994, xarm_tilt=0.0, yarm_tilt=0.0).
The injected SNR is (46.540667826193335-5.687577986651988e-18j) in Interferometer(name='A1', power_spectral_density=PowerSpectralDensity(frequency_array=[   5.           5.01153      5.0230867 ... 4977.0194    4988.4965
 5000.       ], psd_array=[3.99805824e-40 3.78691522e-40 3.58724926e-40 ... 1.51962966e-46
 1.52659591e-46 1.53359419e-46], asd_array=[1.9995145e-20 1.9459998e-20 1.8940035e-20 ... 1.2327326e-23 1.2355549e-23
 1.2383837e-23]), minimum_frequency=5.0, maximum_frequency=2048.0, length=4.0, latitude=19.613306027777778, longitude=77.03086102777777, elevation=440.0, xarm_azimuth=117.6157, yarm_azimuth=207.6165, xarm_tilt=0.0, yarm_tilt=0.0).
The injected SNR is (438.98738767111786-2.2639552379178217e-18j) in Interferometer(name='CE20', power_spectral_density=PowerSpectralDensity(frequency_array=[   5.            5.03469316    5.06962704    5.10480331    5.14022366
    5.17588978    5.21180337    5.24796615    5.28437986    5.32104622
    5.357967      5.39514396    5.43257887    5.47027354    5.50822975
    5.54644932    5.58493409    5.62368589    5.66270658    5.70199801
    5.74156207    5.78140066    5.82151566    5.86190902    5.90258264
    5.94353849    5.98477851    6.02630468    6.06811899    6.11022343
    6.15262002    6.19531078    6.23829776    6.28158301    6.3251686
    6.36905662    6.41324915    6.45774833    6.50255626    6.5476751
    6.59310701    6.63885415    6.68491871    6.7313029     6.77800893
    6.82503903    6.87239546    6.92008048    6.96809637    7.01644542
    7.06512995    7.11415229    7.16351477    7.21321976    7.26326963
    7.31366678    7.36441362    7.41551257    7.46696608    7.51877661
    7.57094663    7.62347864    7.67637514    7.72963868    7.7832718
    7.83727705    7.89165703    7.94641433    8.00155157    8.05707139
    8.11297644    8.16926939    8.22595294    8.28302979    8.34050269
    8.39837436    8.45664759    8.51532515    8.57440985    8.63390452
    8.693812      8.75413516    8.81487688    8.87604006    8.93762763
    8.99964253    9.06208774    9.12496622    9.188281      9.2520351
    9.31623156    9.38087346    9.44596388    9.51150594    9.57750278
    9.64395754    9.71087341    9.77825358    9.84610128    9.91441975
    9.98321225   10.05248208   10.12223255   10.19246699   10.26318876
   10.33440125   10.40610785   10.478312     10.55101714   10.62422676
   10.69794436   10.77217345   10.84691759   10.92218036   10.99796534
   11.07427617   11.15111649   11.22848998   11.30640033   11.38485128
   11.46384656   11.54338997   11.6234853    11.70413638   11.78534707
   11.86712125   11.94946283   12.03237575   12.11586397   12.19993149
   12.28458231   12.3698205    12.45565013   12.5420753    12.62910013
   12.71672881   12.8049655    12.89381444   12.98327986   13.07336606
   13.16407733   13.25541801   13.34739247   13.44000511   13.53326035
   13.62716266   13.72171652   13.81692645   13.91279701   14.00933278
   14.10653838   14.20441845   14.30297768   14.40222077   14.50215247
   14.60277756   14.70410085   14.80612719   14.90886145   15.01230855
   15.11647342   15.22136106   15.32697648   15.43332472   15.54041087
   15.64824005   15.75681742   15.86614817   15.97623753   16.08709075
   16.19871315   16.31111005   16.42428683   16.5382489    16.65300172
   16.76855076   16.88490155   17.00205966   17.12003069   17.23882027
   17.35843409   17.47887787   17.60015736   17.72227837   17.84524673
   17.96906832   18.09374906   18.21929492   18.34571189   18.47300603
   18.60118341   18.73025016   18.86021247   18.99107653   19.12284861
   19.25553501   19.38914207   19.52367618   19.65914378   19.79555133
   19.93290537   20.07121245   20.2104792    20.35071227   20.49191836
   20.63410423   20.77727667   20.92144254   21.06660872   21.21278215
   21.35996983   21.50817879   21.65741612   21.80768895   21.95900446
   22.1113699    22.26479255   22.41927974   22.57483886   22.73147735
   22.88920269   23.04802243   23.20794417   23.36897554   23.53112425
   23.69439805   23.85880474   24.0243522    24.19104832   24.35890109
   24.52791853   24.69810872   24.86947979   25.04203995   25.21579744
   25.39076056   25.56693769   25.74433725   25.92296772   26.10283764
   26.28395561   26.46633029   26.6499704    26.83488473   27.0210821
   27.20857143   27.39736168   27.58746188   27.77888111   27.97162853
   28.16571335   28.36114486   28.55793239   28.75608536   28.95561324
   29.15652557   29.35883195   29.56254207   29.76766565   29.97421252
   30.18219253   30.39161564   30.60249186   30.81483128   31.02864403
   31.24394036   31.46073055   31.67902496   31.89883404   32.1201683
   32.34303831   32.56745473   32.7934283    33.02096981   33.25009015
   33.48080027   33.71311121   33.94703406   34.18258002   34.41976035
   34.65858638   34.89906954   35.14122132   35.38505331   35.63057715
   35.87780459   36.12674746   36.37741765   36.62982714   36.88398801
   37.13991241   37.39761258   37.65710083   37.91838957   38.18149131
   38.4464186    38.71318413   38.98180065   39.252281     39.52463811
   39.79888501   40.07503481   40.35310071   40.633096     40.91503408
   41.19892842   41.4847926    41.77264029   42.06248525   42.35434133
   42.6482225    42.9441428    43.24211638   43.54215749   43.84428047
   44.14849978   44.45482995   44.76328563   45.07388157   45.38663263
   45.70155374   46.01865998   46.33796651   46.65948858   46.98324157
   47.30924097   47.63750236   47.96804144   48.300874     48.63601596
   48.97348335   49.31329231   49.65545907   50.           50.34693157
   50.69627038   51.04803312   51.4022366    51.75889778   52.1180337
   52.47966153   52.84379856   53.2104622    53.57966999   53.95143958
   54.32578873   54.70273536   55.08229748   55.46449324   55.84934092
   56.23685892   56.62706576   57.0199801    57.41562073   57.81400656
   58.21515665   58.61909016   59.02582643   59.43538489   59.84778512
   60.26304684   60.68118992   61.10223433   61.52620022   61.95310785
   62.38297763   62.81583012   63.25168602   63.69056616   64.13249153
   64.57748325   65.02556261   65.47675102   65.93107007   66.38854147
   66.84918709   67.31302896   67.78008927   68.25039033   68.72395463
   69.20080483   69.68096371   70.16445424   70.65129953   71.14152286
   71.63514767   72.13219756   72.6326963    73.13666781   73.6441362
   74.15512572   74.66966081   75.18776606   75.70946627   76.23478635
   76.76375144   77.29638682   77.83271796   78.37277051   78.91657028
   79.46414328   80.01551569   80.57071386   81.12976435   81.69269389
   82.25952939   82.83029795   83.40502686   83.9837436    84.56647585
   85.15325146   85.74409849   86.33904519   86.93812001   87.54135159
   88.14876876   88.76040059   89.3762763    89.99642534   90.62087737
   91.24966224   91.88281002   92.52035098   93.1623156    93.80873457
   94.45963881   95.11505943   95.77502778   96.4395754    97.10873407
   97.78253579   98.46101277   99.14419746   99.83212251  100.52482081
  101.2223255   101.92466991  102.63188764  103.34401248  104.0610785
  104.78311997  105.51017143  106.24226762  106.97944357  107.7217345
  108.46917592  109.22180356  109.9796534   110.74276169  111.5111649
  112.28489978  113.06400332  113.84851277  114.63846564  115.43389971
  116.234853    117.04136381  117.8534707   118.6712125   119.49462831
  120.3237575   121.15863971  121.99931486  122.84582315  123.69820504
  124.5565013   125.42075296  126.29100135  127.16728807  128.04965501
  128.93814438  129.83279865  130.73366059  131.64077328  132.5541801
  133.4739247   134.40005108  135.3326035   136.27162656  137.21716516
  138.1692645   139.12797011  140.09332782  141.0653838   142.04418451
  143.02977676  144.02220767  145.02152469  146.02777561  147.04100853
  148.0612719   149.0886145   150.12308545  151.16473422  152.2136106
  153.26976475  154.33324717  155.40410869  156.48240053  157.56817424
  158.66148174  159.76237529  160.87090753  161.98713148  163.11110049
  164.2428683   165.38248904  166.53001718  167.6855076   168.84901554
  170.02059664  171.2003069   172.38820274  173.58434095  174.78877872
  176.00157364  177.2227837   178.45246728  179.69068319  180.93749062
  182.19294919  183.45711892  184.73006026  186.01183407  187.30250164
  188.60212467  189.91076531  191.22848612  192.55535012  193.89142073
  195.23676184  196.59143779  197.95551332  199.32905368  200.71212452
  202.10479199  203.50712266  204.91918359  206.34104229  207.77276674
  209.2144254   210.66608719  212.12782154  213.59969832  215.08178791
  216.57416117  218.07688946  219.59004463  221.11369903  222.6479255
  224.1927974   225.7483886   227.31477348  228.89202692  230.48022434
  232.07944168  233.6897554   235.31124249  236.94398049  238.58804745
  240.24352198  241.91048325  243.58901094  245.27918532  246.98108719
  248.69479794  250.42039949  252.15797436  253.90760562  255.66937692
  257.44337251  259.22967719  261.02837639  262.8395561   264.66330292
  266.49970404  268.34884728  270.21082104  272.08571434  273.97361685
  275.87461881  277.78881112  279.71628531  281.65713353  283.61144858
  285.57932391  287.56085359  289.55613238  291.56525568  293.58831954
  295.62542069  297.67665654  299.74212516  301.8219253   303.91615641
  306.02491862  308.14831276  310.28644034  312.4394036   314.60730548
  316.79024963  318.98834043  321.20168297  323.43038308  325.67454731
  327.93428298  330.20969812  332.50090152  334.80800274  337.13111209
  339.47034063  341.82580023  344.19760348  346.58586381  348.99069539
  351.41221322  353.85053306  356.30577151  358.77804595  361.26747459
  363.77417646  366.29827141  368.83988013  371.39912413  373.97612578
  376.5710083   379.18389575  381.81491306  384.46418604  387.13184134
  389.81800652  392.52281001  395.24638113  397.98885012  400.75034808
  403.53100706  406.33096     409.15034079  411.98928423  414.84792604
  417.72640292  420.62485249  423.54341333  426.48222499  429.44142798
  432.42116379  435.42157488  438.44280473  441.48499777  444.54829948
  447.6328563   450.73881573  453.86632626  457.01553744  460.18659983
  463.37966506  466.59488579  469.83241575  473.09240974  476.37502362
  479.68041435  483.00873998  486.36015962  489.73483353  493.13292307
  496.55459069  500.          503.46931574  506.96270378  510.48033115
  514.02236605  517.58897782  521.18033699  524.79661528  528.43798559
  532.10462203  535.79669991  539.51439576  543.25788733  547.0273536
  550.82297482  554.64493245  558.49340923  562.36858918  566.27065758
  570.19980099  574.15620727  578.1400656   582.15156646  586.19090164
  590.25826428  594.35384886  598.47785118  602.63046844  606.81189917
  611.02234332  615.26200218  619.53107847  623.82977632  628.15830124
  632.5168602   636.90566159  641.32491526  645.77483251  650.25562609
  654.76751024  659.3107007   663.88541468  668.49187091  673.13028965
  677.80089266  682.50390327  687.23954634  692.00804829  696.80963711
  701.64454239  706.5129953   711.41522861  716.3514767   721.32197561
  726.32696297  731.3666781   736.44136195  741.55125717  746.69660806
  751.87766065  757.09466265  762.34786351  767.63751439  772.96386821
  778.32717964  783.7277051   789.16570283  794.64143281  800.15515687
  805.70713863  811.29764354  816.9269389   822.59529388  828.30297947
  834.0502686   839.83743605  845.66475851  851.53251463  857.44098494
  863.39045194  869.38120011  875.41351587  881.48768764  887.60400586
  893.76276295  899.96425339  906.20877369  912.49662241  918.82810019
  925.20350977  931.62315597  938.08734572  944.5963881   951.15059433
  957.75027779  964.39575401  971.08734074  977.82535793  984.61012774
  991.44197456  998.32122505 1005.24820813 1012.22325499 1019.24669913
 1026.31887635 1033.44012481 1040.61078499 1047.83119974 1055.10171428
 1062.42267625 1069.79443567 1077.21734502 1084.69175919 1092.21803557
 1099.79653402 1107.42761686 1115.11164898 1122.84899777 1130.64003317
 1138.48512769 1146.38465643 1154.33899709 1162.34852999 1170.41363809
 1178.534707   1186.71212501 1194.94628312 1203.23757501 1211.58639712
 1219.99314863 1228.45823149 1236.98205044 1245.56501303 1254.20752964
 1262.91001348 1271.67288065 1280.49655013 1289.3814438  1298.32798647
 1307.3366059  1316.40773282 1325.54180095 1334.73924702 1344.00051077
 1353.32603502 1362.71626564 1372.17165161 1381.69264503 1391.2797011
 1400.93327823 1410.65383797 1420.44184509 1430.29776759 1440.2220767
 1450.21524693 1460.27775609 1470.41008529 1480.61271899 1490.88614501
 1501.23085454 1511.6473422  1522.13610603 1532.69764753 1543.33247167
 1554.04108693 1564.82400534 1575.68174243 1586.61481737 1597.62375288
 1608.70907534 1619.87131476 1631.11100486 1642.42868302 1653.82489037
 1665.30017181 1676.855076   1688.49015541 1700.20596635 1712.00306899
 1723.88202737 1735.84340946 1747.88778718 1760.0157364  1772.22783699
 1784.52467284 1796.9068319  1809.37490621 1821.92949188 1834.5711892
 1847.3006026  1860.11834071 1873.02501637 1886.02124671 1899.1076531
 1912.28486123 1925.55350116 1938.91420729 1952.36761844 1965.91437785
 1979.55513323 1993.29053679 2007.12124525 2021.0479199  2035.07122661
 2049.19183588 2063.41042285 2077.72766736 2092.14425395 2106.66087192
 2121.27821536 2135.99698315 2150.81787905 2165.74161169 2180.7688946
 2195.9004463  2211.13699025 2226.47925497 2241.92797401 2257.48388602
 2273.14773477 2288.92026919 2304.80224341 2320.79441681 2336.897554
 2353.11242492 2369.43980486 2385.88047447 2402.43521983 2419.10483246
 2435.8901094  2452.79185318 2469.81087194 2486.9479794  2504.20399492
 2521.57974359 2539.07605616 2556.69376921 2574.43372507 2592.29677195
 2610.28376392 2628.39556101 2646.63302918 2664.99704042 2683.48847277
 2702.10821035 2720.85714343 2739.73616845 2758.74618806 2777.8881112
 2797.16285308 2816.5713353  2836.11448582 2855.79323906 2875.60853592
 2895.56132382 2915.65255676 2935.88319537 2956.25420692 2976.76656541
 2997.42125159 3018.21925304 3039.16156415 3060.24918624 3081.48312757
 3102.86440339 3124.394036   3146.07305481 3167.90249633 3189.8834043
 3212.0168297  3234.30383077 3256.74547314 3279.34282979 3302.09698117
 3325.00901522 3348.08002743 3371.31112089 3394.70340635 3418.25800226
 3441.97603482 3465.85863808 3489.90695392 3514.12213215 3538.50533059
 3563.05771506 3587.78045947 3612.67474589 3637.7417646  3662.98271411
 3688.39880126 3713.99124128 3739.76125781 3765.71008299 3791.8389575
 3818.14913064 3844.64186038 3871.31841341 3898.1800652  3925.2281001
 3952.46381135 3979.88850116 4007.50348078 4035.31007057 4063.30960005
 4091.50340793 4119.89284226 4148.47926042 4177.26402919 4206.24852487
 4235.43413328 4264.82224987 4294.41427977 4324.21163787 4354.21574885
 4384.42804729 4414.84997775 4445.48299476 4476.328563   4507.38815726
 4538.66326261 4570.15537438 4601.86599831 4633.79665057 4665.94885787
 4698.32415748 4730.92409736 4763.75023621 4796.80414355 4830.08739976
 4863.60159623 4897.34833535 4931.32923066 4965.54590687 5000.        ], psd_array=[2.10299107e-46 1.96837741e-46 1.84459711e-46 1.73057372e-46
 1.62535442e-46 1.52809456e-46 1.43804429e-46 1.35453690e-46
 1.27697868e-46 1.20484006e-46 1.13764794e-46 1.07497892e-46
 1.01645346e-46 9.61730740e-47 9.10504157e-47 8.62497410e-47
 8.17461054e-47 7.75169472e-47 7.35418232e-47 6.98021755e-47
 6.62811268e-47 6.29632999e-47 5.98346593e-47 5.68823705e-47
 5.40647644e-47 5.13761284e-47 4.88381672e-47 4.64411231e-47
 4.41759989e-47 4.20344868e-47 4.00089039e-47 3.80921359e-47
 3.62775856e-47 3.45591277e-47 3.29310676e-47 3.13881052e-47
 2.99253013e-47 2.85380482e-47 2.72220430e-47 2.59732631e-47
 2.47879449e-47 2.36625631e-47 2.25779299e-47 2.15477968e-47
 2.05695888e-47 1.96404873e-47 1.87578417e-47 1.79191585e-47
 1.71220901e-47 1.63644251e-47 1.56440795e-47 1.49590885e-47
 1.43075985e-47 1.36878602e-47 1.30982223e-47 1.25371250e-47
 1.20030949e-47 1.14947394e-47 1.10107421e-47 1.05498579e-47
 1.01109093e-47 9.69278226e-48 9.29442239e-48 8.91483167e-48
 8.55306523e-48 8.20822832e-48 7.87947347e-48 7.56599790e-48
 7.26704097e-48 6.98188191e-48 6.70983758e-48 6.45026043e-48
 6.20253654e-48 5.96608380e-48 5.74035018e-48 5.52481212e-48
 5.31897300e-48 5.12236164e-48 4.93453101e-48 4.75505690e-48
 4.58353673e-48 4.41958835e-48 4.26284903e-48 4.11297439e-48
 3.96963741e-48 3.83252756e-48 3.70134993e-48 3.57582438e-48
 3.45568479e-48 3.34067832e-48 3.23056473e-48 3.12511571e-48
 3.02411424e-48 2.92735407e-48 2.83463910e-48 2.74578286e-48
 2.66060808e-48 2.57894612e-48 2.50063659e-48 2.42552693e-48
 2.35347196e-48 2.28608924e-48 2.22187310e-48 2.16012273e-48
 2.10073239e-48 2.04360120e-48 1.98863292e-48 1.93573571e-48
 1.88482194e-48 1.83580798e-48 1.78861398e-48 1.74316371e-48
 1.69938440e-48 1.65720653e-48 1.61656373e-48 1.57739257e-48
 1.53963246e-48 1.50322552e-48 1.46811641e-48 1.43425225e-48
 1.40158250e-48 1.37005881e-48 1.33963498e-48 1.31026681e-48
 1.28191200e-48 1.25453014e-48 1.22808251e-48 1.20253210e-48
 1.17784346e-48 1.15398268e-48 1.13091728e-48 1.10861617e-48
 1.08704960e-48 1.06618903e-48 1.04600716e-48 1.02647784e-48
 1.00757598e-48 9.89277575e-49 9.71559599e-49 9.54399988e-49
 9.37777588e-49 9.21672120e-49 9.06064137e-49 8.90934989e-49
 8.76266788e-49 8.62042376e-49 8.48245290e-49 8.34859737e-49
 8.21870557e-49 8.09263203e-49 7.97023713e-49 7.85138680e-49
 7.73595235e-49 7.62381019e-49 7.51484165e-49 7.40893276e-49
 7.30597401e-49 7.20586023e-49 7.10849037e-49 7.01376732e-49
 6.92159776e-49 6.83189201e-49 6.74456387e-49 6.65953047e-49
 6.57671212e-49 6.49603222e-49 6.41741711e-49 6.34079593e-49
 6.26610054e-49 6.19326540e-49 6.12222743e-49 6.05292597e-49
 5.98530263e-49 5.91930124e-49 5.85486773e-49 5.79195006e-49
 5.73049812e-49 5.67046369e-49 5.61180034e-49 5.55446336e-49
 5.49840968e-49 5.44359785e-49 5.38998793e-49 5.33754143e-49
 5.28622131e-49 5.23599184e-49 5.18681863e-49 5.13866853e-49
 5.09150957e-49 5.04531096e-49 5.00004302e-49 4.95567713e-49
 4.91218570e-49 4.86954213e-49 4.82772077e-49 4.78669689e-49
 4.74644662e-49 4.70694695e-49 4.66817569e-49 4.63011142e-49
 4.59273348e-49 4.55602192e-49 4.51995751e-49 4.48452167e-49
 4.44969649e-49 4.41546465e-49 4.38180946e-49 4.34871478e-49
 4.31616505e-49 4.28414523e-49 4.25264078e-49 4.22163769e-49
 4.19112239e-49 4.16108179e-49 4.13150325e-49 4.10237453e-49
 4.07368383e-49 4.04541972e-49 4.01757117e-49 3.99012751e-49
 3.96307841e-49 3.93641390e-49 3.91012434e-49 3.88420040e-49
 3.85863305e-49 3.83341355e-49 3.80853346e-49 3.78398461e-49
 3.75975909e-49 3.73584923e-49 3.71224763e-49 3.68894712e-49
 3.66594074e-49 3.64322178e-49 3.62078371e-49 3.59862022e-49
 3.57672521e-49 3.55509275e-49 3.53371710e-49 3.51259271e-49
 3.49171417e-49 3.47107627e-49 3.45067394e-49 3.43050227e-49
 3.41055649e-49 3.39083199e-49 3.37132428e-49 3.35202902e-49
 3.33294199e-49 3.31405909e-49 3.29537634e-49 3.27688990e-49
 3.25859601e-49 3.24049105e-49 3.22257146e-49 3.20483384e-49
 3.18727483e-49 3.16989121e-49 3.15267982e-49 3.13563760e-49
 3.11876159e-49 3.10204889e-49 3.08549668e-49 3.06910224e-49
 3.05286290e-49 3.03677608e-49 3.02083925e-49 3.00504997e-49
 2.98940584e-49 2.97390455e-49 2.95854384e-49 2.94332149e-49
 2.92823538e-49 2.91328339e-49 2.89846350e-49 2.88377373e-49
 2.86921213e-49 2.85477682e-49 2.84046596e-49 2.82627776e-49
 2.81221047e-49 2.79826237e-49 2.78443181e-49 2.77071715e-49
 2.75711681e-49 2.74362924e-49 2.73025293e-49 2.71698639e-49
 2.70382819e-49 2.69077691e-49 2.67783117e-49 2.66498963e-49
 2.65225097e-49 2.63961391e-49 2.62707717e-49 2.61463954e-49
 2.60229980e-49 2.59005678e-49 2.57790931e-49 2.56585629e-49
 2.55389658e-49 2.54202913e-49 2.53025285e-49 2.51856672e-49
 2.50696972e-49 2.49546085e-49 2.48403913e-49 2.47270361e-49
 2.46145335e-49 2.45028742e-49 2.43920492e-49 2.42820497e-49
 2.41728670e-49 2.40644925e-49 2.39569179e-49 2.38501350e-49
 2.37441358e-49 2.36389122e-49 2.35344565e-49 2.34307611e-49
 2.33278186e-49 2.32256214e-49 2.31241624e-49 2.30234344e-49
 2.29234306e-49 2.28241439e-49 2.27255676e-49 2.26276951e-49
 2.25305198e-49 2.24340353e-49 2.23382352e-49 2.22431134e-49
 2.21486637e-49 2.20548801e-49 2.19617565e-49 2.18692873e-49
 2.17774665e-49 2.16862886e-49 2.15957480e-49 2.15058391e-49
 2.14165565e-49 2.13278950e-49 2.12398491e-49 2.11524138e-49
 2.10655839e-49 2.09793544e-49 2.08937202e-49 2.08086766e-49
 2.07242187e-49 2.06403417e-49 2.05570408e-49 2.04743116e-49
 2.03921493e-49 2.03105495e-49 2.02295077e-49 2.01490195e-49
 2.00690806e-49 1.99896867e-49 1.99108336e-49 1.98325171e-49
 1.97547330e-49 1.96774773e-49 1.96007460e-49 1.95245352e-49
 1.94488408e-49 1.93736590e-49 1.92989860e-49 1.92248180e-49
 1.91511513e-49 1.90779822e-49 1.90053071e-49 1.89331222e-49
 1.88614242e-49 1.87902093e-49 1.87194743e-49 1.86492156e-49
 1.85794299e-49 1.85101137e-49 1.84412638e-49 1.83728769e-49
 1.83049497e-49 1.82374790e-49 1.81704616e-49 1.81038945e-49
 1.80377744e-49 1.79720984e-49 1.79068634e-49 1.78420663e-49
 1.77777042e-49 1.77137743e-49 1.76502734e-49 1.75871989e-49
 1.75245478e-49 1.74623173e-49 1.74005047e-49 1.73391072e-49
 1.72781220e-49 1.72175465e-49 1.71573780e-49 1.70976138e-49
 1.70382514e-49 1.69792882e-49 1.69207215e-49 1.68625490e-49
 1.68047680e-49 1.67473760e-49 1.66903708e-49 1.66337497e-49
 1.65775104e-49 1.65216506e-49 1.64661679e-49 1.64110599e-49
 1.63563244e-49 1.63019591e-49 1.62479617e-49 1.61943300e-49
 1.61410618e-49 1.60881549e-49 1.60356072e-49 1.59834164e-49
 1.59315806e-49 1.58800976e-49 1.58289653e-49 1.57781817e-49
 1.57277448e-49 1.56776525e-49 1.56279029e-49 1.55784940e-49
 1.55294238e-49 1.54806906e-49 1.54322923e-49 1.53842270e-49
 1.53364930e-49 1.52890884e-49 1.52420113e-49 1.51952600e-49
 1.51488328e-49 1.51027277e-49 1.50569432e-49 1.50114774e-49
 1.49663288e-49 1.49214956e-49 1.48769761e-49 1.48327688e-49
 1.47888719e-49 1.47452840e-49 1.47020034e-49 1.46590286e-49
 1.46163580e-49 1.45739901e-49 1.45319234e-49 1.44901564e-49
 1.44486877e-49 1.44075158e-49 1.43666392e-49 1.43260566e-49
 1.42857666e-49 1.42457678e-49 1.42060589e-49 1.41666385e-49
 1.41275052e-49 1.40886579e-49 1.40500952e-49 1.40118159e-49
 1.39738187e-49 1.39361024e-49 1.38986658e-49 1.38615077e-49
 1.38246270e-49 1.37880225e-49 1.37516930e-49 1.37156376e-49
 1.36798550e-49 1.36443443e-49 1.36091043e-49 1.35741341e-49
 1.35394326e-49 1.35049989e-49 1.34708320e-49 1.34369309e-49
 1.34032948e-49 1.33699228e-49 1.33368139e-49 1.33039673e-49
 1.32713823e-49 1.32390580e-49 1.32069936e-49 1.31751885e-49
 1.31436419e-49 1.31123532e-49 1.30813217e-49 1.30505469e-49
 1.30200282e-49 1.29897652e-49 1.29597574e-49 1.29300045e-49
 1.29005062e-49 1.28712622e-49 1.28422727e-49 1.28135375e-49
 1.27850570e-49 1.27568315e-49 1.27288617e-49 1.27011485e-49
 1.26736935e-49 1.26464985e-49 1.26195660e-49 1.25928998e-49
 1.25665047e-49 1.25403874e-49 1.25145573e-49 1.24890280e-49
 1.24638188e-49 1.24389587e-49 1.24144924e-49 1.23904916e-49
 1.23670771e-49 1.23444654e-49 1.23230782e-49 1.23038286e-49
 1.22890191e-49 1.22859669e-49 1.23296354e-49 1.28850973e-49
 1.46145872e-49 1.23055125e-49 1.21775673e-49 1.21296553e-49
 1.20978668e-49 1.20714855e-49 1.20475079e-49 1.20248298e-49
 1.20029692e-49 1.19816893e-49 1.19608628e-49 1.19404165e-49
 1.19203060e-49 1.19005033e-49 1.18809899e-49 1.18617533e-49
 1.18427849e-49 1.18240787e-49 1.18056304e-49 1.17874368e-49
 1.17694957e-49 1.17518055e-49 1.17343650e-49 1.17171735e-49
 1.17002304e-49 1.16835354e-49 1.16670884e-49 1.16508894e-49
 1.16349385e-49 1.16192360e-49 1.16037822e-49 1.15885774e-49
 1.15736222e-49 1.15589170e-49 1.15444623e-49 1.15302589e-49
 1.15163073e-49 1.15026083e-49 1.14891626e-49 1.14759710e-49
 1.14630342e-49 1.14503533e-49 1.14379291e-49 1.14257624e-49
 1.14138543e-49 1.14022059e-49 1.13908180e-49 1.13796919e-49
 1.13688286e-49 1.13582293e-49 1.13478952e-49 1.13378274e-49
 1.13280273e-49 1.13184962e-49 1.13092354e-49 1.13002462e-49
 1.12915300e-49 1.12830884e-49 1.12749228e-49 1.12670346e-49
 1.12594256e-49 1.12520972e-49 1.12450512e-49 1.12382892e-49
 1.12318128e-49 1.12256240e-49 1.12197245e-49 1.12141162e-49
 1.12088008e-49 1.12037805e-49 1.11990571e-49 1.11946327e-49
 1.11905094e-49 1.11866893e-49 1.11831745e-49 1.11799674e-49
 1.11770700e-49 1.11744849e-49 1.11722143e-49 1.11702608e-49
 1.11686267e-49 1.11673147e-49 1.11663274e-49 1.11656675e-49
 1.11653379e-49 1.11653414e-49 1.11656811e-49 1.11663602e-49
 1.11673821e-49 1.11687506e-49 1.11704700e-49 1.11725453e-49
 1.11749829e-49 1.11777920e-49 1.11809868e-49 1.11845942e-49
 1.11886743e-49 1.11933996e-49 1.11994856e-49 1.12134260e-49
 1.20494615e-49 1.12200582e-49 1.12208720e-49 1.12263057e-49
 1.12328212e-49 1.12399403e-49 1.12475437e-49 1.12555926e-49
 1.12640730e-49 1.12729805e-49 1.12823148e-49 1.12920779e-49
 1.13022725e-49 1.13129023e-49 1.13239713e-49 1.13354838e-49
 1.13474443e-49 1.13598575e-49 1.13727281e-49 1.13860612e-49
 1.13998618e-49 1.14141351e-49 1.14288865e-49 1.14441212e-49
 1.14598448e-49 1.14760629e-49 1.14927812e-49 1.15100056e-49
 1.15277419e-49 1.15459961e-49 1.15647745e-49 1.15840831e-49
 1.16039285e-49 1.16243170e-49 1.16452552e-49 1.16667499e-49
 1.16888077e-49 1.17114358e-49 1.17346410e-49 1.17584306e-49
 1.17828119e-49 1.18077923e-49 1.18333794e-49 1.18595809e-49
 1.18864046e-49 1.19138585e-49 1.19419509e-49 1.19706898e-49
 1.20000840e-49 1.20301420e-49 1.20608729e-49 1.20922861e-49
 1.21243914e-49 1.21571999e-49 1.21907251e-49 1.22249873e-49
 1.22600320e-49 1.22960534e-49 1.23362877e-49 1.23744985e-49
 1.24076201e-49 1.24460066e-49 1.24854369e-49 1.25257217e-49
 1.25668353e-49 1.26087783e-49 1.26515580e-49 1.26951842e-49
 1.27396680e-49 1.27850208e-49 1.28312545e-49 1.28783815e-49
 1.29264143e-49 1.29753657e-49 1.30252488e-49 1.30760768e-49
 1.31278634e-49 1.31806223e-49 1.32343675e-49 1.32891134e-49
 1.33448745e-49 1.34016656e-49 1.34595018e-49 1.35183984e-49
 1.35783711e-49 1.36394358e-49 1.37016086e-49 1.37649060e-49
 1.38293449e-49 1.38949422e-49 1.39617155e-49 1.40296824e-49
 1.40988610e-49 1.41692698e-49 1.42409278e-49 1.43138546e-49
 1.43880710e-49 1.44636007e-49 1.45404790e-49 1.46188340e-49
 1.47150825e-49 1.47794680e-49 1.48615364e-49 1.49452807e-49
 1.50305098e-49 1.51172245e-49 1.52054429e-49 1.52951869e-49
 1.53864799e-49 1.54793503e-49 1.55738101e-49 1.56698974e-49
 1.57676338e-49 1.58670455e-49 1.59681596e-49 1.60710032e-49
 1.61756043e-49 1.62819912e-49 1.63901929e-49 1.65002389e-49
 1.66121592e-49 1.67259844e-49 1.68417458e-49 1.69594751e-49
 1.70792047e-49 1.72009678e-49 1.73247980e-49 1.74507299e-49
 1.75787987e-49 1.77090411e-49 1.78414969e-49 1.79762222e-49
 1.81137580e-49 1.82526907e-49 1.83941335e-49 1.85381700e-49
 1.86846633e-49 1.88336434e-49 1.89851501e-49 1.91392262e-49
 1.92959154e-49 1.94552627e-49 1.96173138e-49 1.97821155e-49
 1.99497155e-49 2.01201626e-49 2.02935063e-49 2.04697974e-49
 2.06490875e-49 2.08314295e-49 2.10168771e-49 2.12054852e-49
 2.13973099e-49 2.15924085e-49 2.17908394e-49 2.19926624e-49
 2.21979391e-49 2.24067354e-49 2.26191573e-49 2.28357120e-49
 2.30548363e-49 2.32783127e-49 2.35056460e-49 2.37368960e-49
 2.39721329e-49 2.42114295e-49 2.44548602e-49 2.47025014e-49
 2.49544309e-49 2.52107281e-49 2.54714745e-49 2.57367529e-49
 2.60066481e-49 2.62812467e-49 2.65606371e-49 2.68449097e-49
 2.71341569e-49 2.74284731e-49 2.77279548e-49 2.80327016e-49
 2.83428227e-49 2.86702759e-49 2.89795459e-49 2.93063588e-49
 2.96389722e-49 2.99774883e-49 3.03220207e-49 3.06726863e-49
 3.10296046e-49 3.13928982e-49 3.17626922e-49 3.21391146e-49
 3.25222962e-49 3.29123708e-49 3.33094753e-49 3.37137496e-49
 3.41253369e-49 3.45443835e-49 3.49710396e-49 3.54054602e-49
 3.58478706e-49 3.62982244e-49 3.67568646e-49 3.72239300e-49
 3.76995786e-49 3.81839847e-49 3.86773277e-49 3.91797914e-49
 3.96915637e-49 4.02128371e-49 4.07438083e-49 4.12846791e-49
 4.18356557e-49 4.23969493e-49 4.29687760e-49 4.35513574e-49
 4.41449210e-49 4.47497321e-49 4.53659287e-49 4.59938366e-49
 4.66336957e-49 4.72857527e-49 4.79502681e-49 4.86275091e-49
 4.93177495e-49 5.00212696e-49 5.07383568e-49 5.14693053e-49
 5.22144164e-49 5.29739990e-49 5.37483695e-49 5.45378525e-49
 5.53427863e-49 5.61635041e-49 5.70003317e-49 5.78536640e-49
 5.87238533e-49 5.96112742e-49 6.05163113e-49 6.14393588e-49
 6.23808208e-49 6.33411114e-49 6.43206553e-49 6.53198877e-49
 6.63392552e-49 6.73792156e-49 6.84402510e-49 6.95228038e-49
 7.06274001e-49 7.17545416e-49 7.29047441e-49 7.40785396e-49
 7.52764737e-49 7.64991063e-49 7.77470117e-49 7.90207788e-49
 8.03210121e-49 8.16483315e-49 8.30033740e-49 8.43870163e-49
 8.57992500e-49 8.72414414e-49 8.87140703e-49 9.02178597e-49
 9.17535523e-49 9.33219104e-49 9.49237165e-49 9.65597737e-49
 9.82309064e-49 9.99379612e-49 1.01681810e-48 1.03463337e-48
 1.05283461e-48 1.07143127e-48 1.09043298e-48 1.10984966e-48
 1.12969149e-48 1.14996892e-48 1.17069271e-48 1.19187389e-48
 1.21352379e-48 1.23565421e-48 1.25827664e-48 1.28140382e-48
 1.30504825e-48 1.32922288e-48 1.35394104e-48 1.37921643e-48
 1.40506312e-48 1.43149557e-48 1.45852865e-48 1.48617781e-48
 1.51445821e-48 1.54338654e-48 1.57297920e-48 1.60325326e-48
 1.63422626e-48 1.66591621e-48 1.69834165e-48 1.73152166e-48
 1.76547583e-48 1.80022430e-48 1.83578780e-48 1.87218768e-48
 1.90944584e-48 1.94758483e-48 1.98662787e-48 2.02659881e-48
 2.06752221e-48 2.10942336e-48 2.15232811e-48 2.19626333e-48
 2.24125651e-48 2.28733593e-48 2.33453073e-48 2.38287089e-48
 2.43238726e-48 2.48311160e-48 2.53507657e-48 2.58831581e-48
 2.64286396e-48 2.69875664e-48 2.75603054e-48 2.81472343e-48
 2.87487418e-48 2.93652283e-48 2.99971053e-48 3.06447974e-48
 3.13087413e-48 3.19893866e-48 3.26871960e-48 3.34026461e-48
 3.41362277e-48 3.48884458e-48 3.56598202e-48 3.64508865e-48
 3.72621957e-48 3.80943150e-48 3.89478283e-48 3.98233367e-48
 4.07214585e-48 4.16428301e-48 4.25881064e-48 4.35579612e-48
 4.45530874e-48 4.55741977e-48 4.66220249e-48 4.76973222e-48
 4.88008639e-48 4.99334456e-48 5.10958841e-48 5.22890183e-48
 5.35137092e-48 5.47708398e-48 5.60613151e-48 5.73860632e-48
 5.87460338e-48 6.01421989e-48 6.15755518e-48 6.30471131e-48
 6.45579005e-48 6.61089861e-48 6.77014372e-48 6.93363439e-48
 7.10148115e-48 7.27379587e-48 7.45069136e-48 7.63228131e-48
 7.81867970e-48 8.01000045e-48 8.20635691e-48 8.40786123e-48
 8.61462367e-48 8.82675177e-48 9.04434940e-48 9.26751560e-48], asd_array=[1.45016932e-23 1.40298874e-23 1.35815946e-23 1.31551272e-23
 1.27489389e-23 1.23616122e-23 1.19918484e-23 1.16384574e-23
 1.13003481e-23 1.09765207e-23 1.06660580e-23 1.03681190e-23
 1.00819317e-23 9.80678714e-24 9.54203415e-24 9.28707387e-24
 9.04135528e-24 8.80437091e-24 8.57565293e-24 8.35476962e-24
 8.14132218e-24 7.93494171e-24 7.73528663e-24 7.54204021e-24
 7.35287457e-24 7.16771431e-24 6.98843095e-24 6.81477241e-24
 6.64650276e-24 6.48340087e-24 6.32525920e-24 6.17188269e-24
 6.02308772e-24 5.87870119e-24 5.73855972e-24 5.60250883e-24
 5.47040230e-24 5.34210148e-24 5.21747477e-24 5.09639707e-24
 4.97874933e-24 4.86441806e-24 4.75162392e-24 4.64196045e-24
 4.53537086e-24 4.43175893e-24 4.33103241e-24 4.23310271e-24
 4.13788473e-24 4.04529666e-24 3.95525973e-24 3.86769809e-24
 3.78253863e-24 3.69971083e-24 3.61914662e-24 3.54078028e-24
 3.46454830e-24 3.39038928e-24 3.31824382e-24 3.24805448e-24
 3.17976561e-24 3.11332335e-24 3.04867551e-24 2.98577154e-24
 2.92456240e-24 2.86500058e-24 2.80703998e-24 2.75063591e-24
 2.69574498e-24 2.64232510e-24 2.59033542e-24 2.53973629e-24
 2.49048922e-24 2.44255682e-24 2.39590279e-24 2.35049189e-24
 2.30628988e-24 2.26326349e-24 2.22138043e-24 2.18060930e-24
 2.14091960e-24 2.10228170e-24 2.06466681e-24 2.02804694e-24
 1.99239489e-24 1.95768423e-24 1.92388927e-24 1.89098503e-24
 1.85894723e-24 1.82775226e-24 1.79737718e-24 1.76779968e-24
 1.73899806e-24 1.71095122e-24 1.68363865e-24 1.65704039e-24
 1.63113705e-24 1.60590975e-24 1.58134013e-24 1.55741033e-24
 1.53410298e-24 1.51198189e-24 1.49059488e-24 1.46973560e-24
 1.44939035e-24 1.42954580e-24 1.41018897e-24 1.39130719e-24
 1.37288818e-24 1.35491992e-24 1.33739073e-24 1.32028925e-24
 1.30360439e-24 1.28732534e-24 1.27144159e-24 1.25594290e-24
 1.24081927e-24 1.22606098e-24 1.21165854e-24 1.19760271e-24
 1.18388450e-24 1.17049512e-24 1.15742602e-24 1.14466886e-24
 1.13221553e-24 1.12005810e-24 1.10818884e-24 1.09660024e-24
 1.08528497e-24 1.07423586e-24 1.06344594e-24 1.05290844e-24
 1.04261671e-24 1.03256430e-24 1.02274492e-24 1.01315243e-24
 1.00378084e-24 9.94624339e-25 9.85677229e-25 9.76933973e-25
 9.68389172e-25 9.60037562e-25 9.51874013e-25 9.43893526e-25
 9.36091228e-25 9.28462372e-25 9.21002329e-25 9.13706592e-25
 9.06570768e-25 8.99590575e-25 8.92761845e-25 8.86080515e-25
 8.79542628e-25 8.73144329e-25 8.66881864e-25 8.60751576e-25
 8.54749906e-25 8.48873385e-25 8.43118637e-25 8.37482377e-25
 8.31961403e-25 8.26552601e-25 8.21252938e-25 8.16059463e-25
 8.10969304e-25 8.05979666e-25 8.01087830e-25 7.96291149e-25
 7.91587048e-25 7.86973023e-25 7.82446639e-25 7.78005525e-25
 7.73647376e-25 7.69369953e-25 7.65171074e-25 7.61048622e-25
 7.57000536e-25 7.53024813e-25 7.49119506e-25 7.45282722e-25
 7.41512622e-25 7.37807417e-25 7.34165371e-25 7.30584795e-25
 7.27064049e-25 7.23601537e-25 7.20195712e-25 7.16845069e-25
 7.13548146e-25 7.10303524e-25 7.07109823e-25 7.03965704e-25
 7.00869866e-25 6.97821047e-25 6.94818017e-25 6.91859587e-25
 6.88944600e-25 6.86071932e-25 6.83240492e-25 6.80449221e-25
 6.77697091e-25 6.74983105e-25 6.72306292e-25 6.69665713e-25
 6.67060453e-25 6.64489627e-25 6.61952374e-25 6.59447859e-25
 6.56975270e-25 6.54533821e-25 6.52122748e-25 6.49741309e-25
 6.47388785e-25 6.45064477e-25 6.42767707e-25 6.40497817e-25
 6.38254168e-25 6.36036141e-25 6.33843133e-25 6.31674561e-25
 6.29529857e-25 6.27408472e-25 6.25309871e-25 6.23233536e-25
 6.21178963e-25 6.19145665e-25 6.17133167e-25 6.15141009e-25
 6.13168744e-25 6.11215938e-25 6.09282171e-25 6.07367032e-25
 6.05470127e-25 6.03591068e-25 6.01729483e-25 5.99885008e-25
 5.98057289e-25 5.96245985e-25 5.94450764e-25 5.92671301e-25
 5.90907283e-25 5.89158406e-25 5.87424373e-25 5.85704897e-25
 5.83999699e-25 5.82308508e-25 5.80631060e-25 5.78967099e-25
 5.77316377e-25 5.75678650e-25 5.74053686e-25 5.72441255e-25
 5.70841135e-25 5.69253111e-25 5.67676974e-25 5.66112519e-25
 5.64559548e-25 5.63017869e-25 5.61487294e-25 5.59967642e-25
 5.58458735e-25 5.56960402e-25 5.55472473e-25 5.53994787e-25
 5.52527185e-25 5.51069513e-25 5.49621620e-25 5.48183361e-25
 5.46754592e-25 5.45335177e-25 5.43924980e-25 5.42523870e-25
 5.41131719e-25 5.39748403e-25 5.38373802e-25 5.37007796e-25
 5.35650271e-25 5.34301116e-25 5.32960220e-25 5.31627479e-25
 5.30302788e-25 5.28986046e-25 5.27677156e-25 5.26376021e-25
 5.25082547e-25 5.23796644e-25 5.22518222e-25 5.21247196e-25
 5.19983479e-25 5.18726991e-25 5.17477649e-25 5.16235376e-25
 5.15000095e-25 5.13771730e-25 5.12550210e-25 5.11335461e-25
 5.10127415e-25 5.08926004e-25 5.07731161e-25 5.06542820e-25
 5.05360919e-25 5.04185395e-25 5.03016188e-25 5.01853238e-25
 5.00696487e-25 4.99545879e-25 4.98401358e-25 4.97262869e-25
 4.96130360e-25 4.95003779e-25 4.93883075e-25 4.92768198e-25
 4.91659099e-25 4.90555731e-25 4.89458047e-25 4.88366001e-25
 4.87279548e-25 4.86198644e-25 4.85123247e-25 4.84053315e-25
 4.82988805e-25 4.81929677e-25 4.80875892e-25 4.79827411e-25
 4.78784195e-25 4.77746207e-25 4.76713411e-25 4.75685769e-25
 4.74663247e-25 4.73645809e-25 4.72633423e-25 4.71626053e-25
 4.70623668e-25 4.69626235e-25 4.68633722e-25 4.67646098e-25
 4.66663332e-25 4.65685394e-25 4.64712255e-25 4.63743885e-25
 4.62780256e-25 4.61821340e-25 4.60867108e-25 4.59917534e-25
 4.58972591e-25 4.58032252e-25 4.57096491e-25 4.56165284e-25
 4.55238604e-25 4.54316428e-25 4.53398730e-25 4.52485487e-25
 4.51576674e-25 4.50672270e-25 4.49772250e-25 4.48876592e-25
 4.47985275e-25 4.47098275e-25 4.46215571e-25 4.45337143e-25
 4.44462968e-25 4.43593027e-25 4.42727298e-25 4.41865762e-25
 4.41008399e-25 4.40155189e-25 4.39306112e-25 4.38461150e-25
 4.37620284e-25 4.36783496e-25 4.35950766e-25 4.35122077e-25
 4.34297411e-25 4.33476751e-25 4.32660078e-25 4.31847376e-25
 4.31038628e-25 4.30233817e-25 4.29432926e-25 4.28635940e-25
 4.27842841e-25 4.27053615e-25 4.26268245e-25 4.25486715e-25
 4.24709011e-25 4.23935118e-25 4.23165019e-25 4.22398701e-25
 4.21636149e-25 4.20877349e-25 4.20122285e-25 4.19370944e-25
 4.18623313e-25 4.17879377e-25 4.17139122e-25 4.16402536e-25
 4.15669605e-25 4.14940315e-25 4.14214654e-25 4.13492610e-25
 4.12774169e-25 4.12059318e-25 4.11348046e-25 4.10640341e-25
 4.09936190e-25 4.09235581e-25 4.08538502e-25 4.07844942e-25
 4.07154890e-25 4.06468334e-25 4.05785262e-25 4.05105664e-25
 4.04429529e-25 4.03756846e-25 4.03087605e-25 4.02421794e-25
 4.01759403e-25 4.01100423e-25 4.00444842e-25 3.99792652e-25
 3.99143841e-25 3.98498401e-25 3.97856322e-25 3.97217594e-25
 3.96582208e-25 3.95950154e-25 3.95321424e-25 3.94696009e-25
 3.94073900e-25 3.93455087e-25 3.92839563e-25 3.92227320e-25
 3.91618348e-25 3.91012639e-25 3.90410186e-25 3.89810980e-25
 3.89215015e-25 3.88622281e-25 3.88032772e-25 3.87446479e-25
 3.86863397e-25 3.86283517e-25 3.85706833e-25 3.85133337e-25
 3.84563024e-25 3.83995885e-25 3.83431916e-25 3.82871109e-25
 3.82313458e-25 3.81758956e-25 3.81207599e-25 3.80659381e-25
 3.80114294e-25 3.79572335e-25 3.79033497e-25 3.78497776e-25
 3.77965166e-25 3.77435661e-25 3.76909258e-25 3.76385952e-25
 3.75865737e-25 3.75348610e-25 3.74834566e-25 3.74323602e-25
 3.73815712e-25 3.73310894e-25 3.72809144e-25 3.72310458e-25
 3.71814833e-25 3.71322265e-25 3.70832752e-25 3.70346292e-25
 3.69862880e-25 3.69382515e-25 3.68905195e-25 3.68430917e-25
 3.67959680e-25 3.67491481e-25 3.67026320e-25 3.66564195e-25
 3.66105105e-25 3.65649050e-25 3.65196028e-25 3.64746039e-25
 3.64299084e-25 3.63855163e-25 3.63414276e-25 3.62976425e-25
 3.62541610e-25 3.62109834e-25 3.61681099e-25 3.61255407e-25
 3.60832762e-25 3.60413169e-25 3.59996631e-25 3.59583154e-25
 3.59172746e-25 3.58765414e-25 3.58361168e-25 3.57960019e-25
 3.57561980e-25 3.57167068e-25 3.56775303e-25 3.56386708e-25
 3.56001313e-25 3.55619157e-25 3.55240286e-25 3.54864760e-25
 3.54492661e-25 3.54124093e-25 3.53759202e-25 3.53398189e-25
 3.53041340e-25 3.52689079e-25 3.52342055e-25 3.52001301e-25
 3.51668552e-25 3.51346914e-25 3.51042422e-25 3.50768138e-25
 3.50556972e-25 3.50513436e-25 3.51135806e-25 3.58958178e-25
 3.82290299e-25 3.50792139e-25 3.48963713e-25 3.48276547e-25
 3.47819878e-25 3.47440434e-25 3.47095202e-25 3.46768363e-25
 3.46453016e-25 3.46145769e-25 3.45844804e-25 3.45549078e-25
 3.45257962e-25 3.44971061e-25 3.44688118e-25 3.44408961e-25
 3.44133476e-25 3.43861582e-25 3.43593225e-25 3.43328368e-25
 3.43066986e-25 3.42809065e-25 3.42554595e-25 3.42303571e-25
 3.42055995e-25 3.41811869e-25 3.41571199e-25 3.41333991e-25
 3.41100257e-25 3.40870005e-25 3.40643247e-25 3.40419997e-25
 3.40200267e-25 3.39984073e-25 3.39771428e-25 3.39562349e-25
 3.39356852e-25 3.39154954e-25 3.38956672e-25 3.38762025e-25
 3.38571030e-25 3.38383707e-25 3.38200075e-25 3.38020153e-25
 3.37843963e-25 3.37671525e-25 3.37502860e-25 3.37337990e-25
 3.37176936e-25 3.37019722e-25 3.36866371e-25 3.36716905e-25
 3.36571350e-25 3.36429728e-25 3.36292066e-25 3.36158388e-25
 3.36028719e-25 3.35903087e-25 3.35781518e-25 3.35664038e-25
 3.35550676e-25 3.35441459e-25 3.35336416e-25 3.35235576e-25
 3.35138969e-25 3.35046624e-25 3.34958572e-25 3.34874845e-25
 3.34795472e-25 3.34720488e-25 3.34649923e-25 3.34583812e-25
 3.34522188e-25 3.34465085e-25 3.34412538e-25 3.34364582e-25
 3.34321253e-25 3.34282589e-25 3.34248625e-25 3.34219400e-25
 3.34194953e-25 3.34175324e-25 3.34160551e-25 3.34150678e-25
 3.34145745e-25 3.34145798e-25 3.34150880e-25 3.34161042e-25
 3.34176332e-25 3.34196808e-25 3.34222531e-25 3.34253576e-25
 3.34290038e-25 3.34332050e-25 3.34379825e-25 3.34433763e-25
 3.34494758e-25 3.34565384e-25 3.34656326e-25 3.34864539e-25
 3.47123342e-25 3.34963553e-25 3.34975701e-25 3.35056797e-25
 3.35154013e-25 3.35260202e-25 3.35373579e-25 3.35493556e-25
 3.35619919e-25 3.35752595e-25 3.35891572e-25 3.36036871e-25
 3.36188526e-25 3.36346582e-25 3.36511090e-25 3.36682103e-25
 3.36859679e-25 3.37043876e-25 3.37234757e-25 3.37432381e-25
 3.37636814e-25 3.37848119e-25 3.38066361e-25 3.38291608e-25
 3.38523925e-25 3.38763382e-25 3.39010048e-25 3.39263991e-25
 3.39525284e-25 3.39793998e-25 3.40070205e-25 3.40353979e-25
 3.40645395e-25 3.40944526e-25 3.41251450e-25 3.41566243e-25
 3.41888984e-25 3.42219750e-25 3.42558622e-25 3.42905681e-25
 3.43261007e-25 3.43624683e-25 3.43996794e-25 3.44377422e-25
 3.44766655e-25 3.45164577e-25 3.45571278e-25 3.45986847e-25
 3.46411374e-25 3.46844951e-25 3.47287675e-25 3.47739645e-25
 3.48200968e-25 3.48671764e-25 3.49152189e-25 3.49642493e-25
 3.50143285e-25 3.50657289e-25 3.51230518e-25 3.51774053e-25
 3.52244519e-25 3.52788983e-25 3.53347378e-25 3.53916963e-25
 3.54497324e-25 3.55088415e-25 3.55690286e-25 3.56303021e-25
 3.56926715e-25 3.57561474e-25 3.58207406e-25 3.58864620e-25
 3.59533230e-25 3.60213350e-25 3.60905095e-25 3.61608584e-25
 3.62323935e-25 3.63051267e-25 3.63790702e-25 3.64542362e-25
 3.65306371e-25 3.66082854e-25 3.66871936e-25 3.67673747e-25
 3.68488414e-25 3.69316068e-25 3.70156840e-25 3.71010863e-25
 3.71878272e-25 3.72759202e-25 3.73653790e-25 3.74562176e-25
 3.75484500e-25 3.76420906e-25 3.77371539e-25 3.78336552e-25
 3.79316109e-25 3.80310409e-25 3.81319801e-25 3.82345838e-25
 3.83602431e-25 3.84440737e-25 3.85506634e-25 3.86591266e-25
 3.87692014e-25 3.88808751e-25 3.89941571e-25 3.91090615e-25
 3.92256038e-25 3.93438055e-25 3.94636669e-25 3.95852212e-25
 3.97084799e-25 3.98334602e-25 3.99601797e-25 4.00886558e-25
 4.02189064e-25 4.03509495e-25 4.04848032e-25 4.06204861e-25
 4.07580166e-25 4.08974136e-25 4.10386961e-25 4.11818832e-25
 4.13269944e-25 4.14740494e-25 4.16230681e-25 4.17740707e-25
 4.19270780e-25 4.20821115e-25 4.22391961e-25 4.23983752e-25
 4.25602608e-25 4.27231679e-25 4.28883825e-25 4.30559752e-25
 4.32257601e-25 4.33977457e-25 4.35719521e-25 4.37484014e-25
 4.39271163e-25 4.41081202e-25 4.42914369e-25 4.44770902e-25
 4.46651044e-25 4.48555042e-25 4.50483144e-25 4.52435602e-25
 4.54412671e-25 4.56414609e-25 4.58441677e-25 4.60494139e-25
 4.62572264e-25 4.64676323e-25 4.66806591e-25 4.68963350e-25
 4.71146889e-25 4.73357533e-25 4.75596018e-25 4.77867262e-25
 4.80154520e-25 4.82476038e-25 4.84826216e-25 4.87205254e-25
 4.89613449e-25 4.92051110e-25 4.94518556e-25 4.97016110e-25
 4.99544101e-25 5.02102859e-25 5.04692723e-25 5.07314034e-25
 5.09967137e-25 5.12652384e-25 5.15370130e-25 5.18120736e-25
 5.20904568e-25 5.23721998e-25 5.26573402e-25 5.29459174e-25
 5.32379777e-25 5.35446318e-25 5.38326535e-25 5.41353478e-25
 5.44416864e-25 5.47517017e-25 5.50654345e-25 5.53829272e-25
 5.57042230e-25 5.60293657e-25 5.63583997e-25 5.66913702e-25
 5.70283229e-25 5.73693043e-25 5.77143616e-25 5.80635425e-25
 5.84168956e-25 5.87744702e-25 5.91363167e-25 5.95024875e-25
 5.98730912e-25 6.02480077e-25 6.06274398e-25 6.10114170e-25
 6.13999825e-25 6.17931911e-25 6.21910988e-25 6.25937628e-25
 6.30012410e-25 6.34135924e-25 6.38308768e-25 6.42531549e-25
 6.46804883e-25 6.51129398e-25 6.55505729e-25 6.59934522e-25
 6.64416443e-25 6.68952405e-25 6.73542343e-25 6.78187560e-25
 6.82888686e-25 6.87646368e-25 6.92461321e-25 6.97334275e-25
 7.02265972e-25 7.07257164e-25 7.12308619e-25 7.17421112e-25
 7.22595436e-25 7.27832391e-25 7.33132795e-25 7.38497478e-25
 7.43927324e-25 7.49423139e-25 7.54985640e-25 7.60615961e-25
 7.66314904e-25 7.72083378e-25 7.77922306e-25 7.83832628e-25
 7.89815300e-25 7.95871292e-25 8.02001591e-25 8.08207200e-25
 8.14489135e-25 8.20848437e-25 8.27286232e-25 8.33803357e-25
 8.40401095e-25 8.47080525e-25 8.53842750e-25 8.60688908e-25
 8.67620157e-25 8.74637675e-25 8.81742659e-25 8.88936324e-25
 8.96219906e-25 9.03594663e-25 9.11061875e-25 9.18624060e-25
 9.26278846e-25 9.34031271e-25 9.41881470e-25 9.49830825e-25
 9.57880746e-25 9.66032662e-25 9.74288030e-25 9.82648328e-25
 9.91115061e-25 9.99689758e-25 1.00837399e-24 1.01716929e-24
 1.02607729e-24 1.03509964e-24 1.04423799e-24 1.05349402e-24
 1.06286946e-24 1.07236604e-24 1.08198554e-24 1.09172977e-24
 1.10160056e-24 1.11159984e-24 1.12172931e-24 1.13199109e-24
 1.14238708e-24 1.15291928e-24 1.16358972e-24 1.17440045e-24
 1.18535358e-24 1.19645124e-24 1.20769559e-24 1.21908893e-24
 1.23063326e-24 1.24233109e-24 1.25418468e-24 1.26619638e-24
 1.27836859e-24 1.29070376e-24 1.30320438e-24 1.31587296e-24
 1.32871210e-24 1.34172438e-24 1.35491247e-24 1.36827909e-24
 1.38182699e-24 1.39555897e-24 1.40947787e-24 1.42358660e-24
 1.43788811e-24 1.45238540e-24 1.46708149e-24 1.48197953e-24
 1.49708267e-24 1.51239410e-24 1.52791712e-24 1.54365504e-24
 1.55961125e-24 1.57578920e-24 1.59219238e-24 1.60882436e-24
 1.62568876e-24 1.64278929e-24 1.66012968e-24 1.67771375e-24
 1.69554539e-24 1.71362856e-24 1.73196724e-24 1.75056555e-24
 1.76942763e-24 1.78855770e-24 1.80796007e-24 1.82763908e-24
 1.84759919e-24 1.86784490e-24 1.88838079e-24 1.90921153e-24
 1.93034183e-24 1.95177650e-24 1.97352042e-24 1.99557853e-24
 2.01795586e-24 2.04065749e-24 2.06368860e-24 2.08705441e-24
 2.11076023e-24 2.13481141e-24 2.15921339e-24 2.18397166e-24
 2.20909176e-24 2.23457928e-24 2.26043987e-24 2.28667922e-24
 2.31330303e-24 2.34031707e-24 2.36772708e-24 2.39553884e-24
 2.42375811e-24 2.45239065e-24 2.48144216e-24 2.51091842e-24
 2.54082468e-24 2.57116678e-24 2.60194998e-24 2.63317952e-24
 2.66486044e-24 2.69699757e-24 2.72959546e-24 2.76265838e-24
 2.79619021e-24 2.83019442e-24 2.86467396e-24 2.89963122e-24
 2.93506792e-24 2.97098498e-24 3.00738248e-24 3.04425945e-24]), minimum_frequency=5.0, maximum_frequency=2048.0, length=20.0, latitude=29.0, longitude=-94.0, elevation=0.0, xarm_azimuth=200.0, yarm_azimuth=290.0, xarm_tilt=0.0, yarm_tilt=0.0).
15683it [00:00, ?it/s]15683it [00:50, ?it/s, bound:3433 nc:2229 ncall:1.7e+07 eff:0.1% logz-ratio=719233.84+/-0.14 dlogz:523.248>0.01]15687it [01:41, 12.72s/it, bound:3434 nc:2470 ncall:1.7e+07 eff:0.1% logz-ratio=719234.88+/-0.19 dlogz:522.086>0.01]15691it [02:35, 13.28s/it, bound:3435 nc:2474 ncall:1.7e+07 eff:0.1% logz-ratio=719235.73+/-0.16 dlogz:521.278>0.01]15695it [03:37, 14.27s/it, bound:3436 nc:2857 ncall:1.7e+07 eff:0.1% logz-ratio=719236.88+/-0.18 dlogz:520.167>0.01]15699it [04:32, 14.09s/it, bound:3437 nc:2591 ncall:1.7e+07 eff:0.1% logz-ratio=719237.74+/-0.15 dlogz:519.189>0.01]15703it [05:28, 14.05s/it, bound:3438 nc:2456 ncall:1.7e+07 eff:0.1% logz-ratio=719238.78+/-0.18 dlogz:518.256>0.01]15704it [05:38, 13.57s/it, bound:3438 nc:2019 ncall:1.7e+07 eff:0.1% logz-ratio=719239.06+/-0.13 dlogz:517.938>0.01]15707it [06:34, 15.23s/it, bound:3439 nc:2151 ncall:1.7e+07 eff:0.1% logz-ratio=719239.66+/-0.15 dlogz:517.228>0.01]15711it [07:27, 14.44s/it, bound:3440 nc:1886 ncall:1.7e+07 eff:0.1% logz-ratio=719241.19+/-0.22 dlogz:516.078>0.01]15715it [08:28, 14.71s/it, bound:3441 nc:2747 ncall:1.7e+07 eff:0.1% logz-ratio=719242.67+/-0.18 dlogz:514.327>0.01]15719it [09:24, 14.48s/it, bound:3442 nc:2568 ncall:1.7e+07 eff:0.1% logz-ratio=719244.55+/-0.21 dlogz:512.680>0.01]15723it [10:31, 15.25s/it, bound:3443 nc:2705 ncall:1.7e+07 eff:0.1% logz-ratio=719245.88+/-0.17 dlogz:511.068>0.01]15727it [11:29, 15.03s/it, bound:3444 nc:2671 ncall:1.7e+07 eff:0.1% logz-ratio=719246.83+/-0.16 dlogz:510.073>0.01]15729it [11:29, 12.27s/it, bound:3444 nc:  1 ncall:1.7e+07 eff:0.1% logz-ratio=719559.66+/-0.30 dlogz:194.160>0.01] 15730it [11:40, 12.27s/it, bound:3445 nc:2758 ncall:1.7e+07 eff:0.1% logz-ratio=719247.56+/-0.12 dlogz:509.355>0.01]15731it [12:29, 15.91s/it, bound:3445 nc:2521 ncall:1.7e+07 eff:0.1% logz-ratio=719247.78+/-0.16 dlogz:509.107>0.01]15735it [13:34, 16.02s/it, bound:3446 nc:2822 ncall:1.7e+07 eff:0.1% logz-ratio=719248.97+/-0.19 dlogz:508.116>0.01]15739it [14:41, 16.31s/it, bound:3447 nc:2816 ncall:1.7e+07 eff:0.1% logz-ratio=719250.51+/-0.19 dlogz:506.431>0.01]15743it [15:44, 16.12s/it, bound:3448 nc:2697 ncall:1.7e+07 eff:0.1% logz-ratio=719251.47+/-0.17 dlogz:505.440>0.01]15744it [15:54, 15.44s/it, bound:3448 nc:2082 ncall:1.7e+07 eff:0.1% logz-ratio=719251.72+/-0.13 dlogz:505.171>0.01]15747it [16:49, 16.35s/it, bound:3449 nc:1688 ncall:1.7e+07 eff:0.1% logz-ratio=719252.66+/-0.18 dlogz:504.258>0.01]15751it [17:50, 15.96s/it, bound:3450 nc:2840 ncall:1.7e+07 eff:0.1% logz-ratio=719253.86+/-0.18 dlogz:503.088>0.01]15755it [18:47, 15.37s/it, bound:3451 nc:2577 ncall:1.7e+07 eff:0.1% logz-ratio=719254.94+/-0.17 dlogz:501.993>0.01]15759it [19:50, 15.50s/it, bound:3452 nc:2823 ncall:1.7e+07 eff:0.1% logz-ratio=719256.14+/-0.17 dlogz:500.711>0.01]15762it [19:50, 11.44s/it, bound:3453 nc:1414 ncall:1.7e+07 eff:0.1% logz-ratio=719256.76+/-0.12 dlogz:500.052>0.01]15762it [20:10, 11.44s/it, bound:3453 nc:1414 ncall:1.7e+07 eff:0.1% logz-ratio=719256.76+/-0.12 dlogz:500.052>0.01]15763it [20:51, 16.93s/it, bound:3453 nc:2707 ncall:1.7e+07 eff:0.1% logz-ratio=719256.99+/-0.16 dlogz:499.841>0.01]15765it [20:51, 12.86s/it, bound:3453 nc:  1 ncall:1.7e+07 eff:0.1% logz-ratio=719307.79+/-0.27 dlogz:448.473>0.01] 15766it [21:10, 12.86s/it, bound:3454 nc:2196 ncall:1.7e+07 eff:0.1% logz-ratio=719257.80+/-0.15 dlogz:499.181>0.01]15767it [21:46, 16.53s/it, bound:3454 nc:2573 ncall:1.7e+07 eff:0.1% logz-ratio=719259.53+/-0.26 dlogz:498.790>0.01]15771it [22:49, 16.23s/it, bound:3455 nc:2669 ncall:1.7e+07 eff:0.1% logz-ratio=719262.04+/-0.21 dlogz:494.939>0.01]15775it [23:48, 15.71s/it, bound:3456 nc:2195 ncall:1.7e+07 eff:0.1% logz-ratio=719263.21+/-0.18 dlogz:493.651>0.01]15779it [24:48, 15.40s/it, bound:3457 nc:2551 ncall:1.7e+07 eff:0.1% logz-ratio=719264.43+/-0.18 dlogz:493.355>0.01]15781it [24:48, 12.34s/it, bound:3457 nc:  1 ncall:1.7e+07 eff:0.1% logz-ratio=719494.63+/-0.28 dlogz:261.024>0.01] 15782it [25:00, 12.34s/it, bound:3458 nc:2138 ncall:1.7e+07 eff:0.1% logz-ratio=719265.25+/-0.14 dlogz:492.576>0.01]15783it [25:47, 16.14s/it, bound:3458 nc:2625 ncall:1.7e+07 eff:0.1% logz-ratio=719265.61+/-0.19 dlogz:492.266>0.01]15787it [26:45, 15.57s/it, bound:3459 nc:2125 ncall:1.7e+07 eff:0.1% logz-ratio=719267.05+/-0.20 dlogz:490.950>0.01]15788it [27:01, 15.60s/it, bound:3459 nc:2410 ncall:1.7e+07 eff:0.1% logz-ratio=719267.58+/-0.17 dlogz:490.451>0.01]15791it [28:00, 16.95s/it, bound:3460 nc:2705 ncall:1.7e+07 eff:0.1% logz-ratio=719268.47+/-0.17 dlogz:489.261>0.01]15793it [28:00, 12.79s/it, bound:3460 nc:  1 ncall:1.7e+07 eff:0.1% logz-ratio=719431.11+/-0.27 dlogz:325.126>0.01] 15794it [28:20, 12.79s/it, bound:3461 nc:2047 ncall:1.7e+07 eff:0.1% logz-ratio=719269.40+/-0.14 dlogz:488.424>0.01]15795it [28:51, 16.07s/it, bound:3461 nc:2095 ncall:1.7e+07 eff:0.1% logz-ratio=719269.67+/-0.18 dlogz:488.089>0.01]15799it [29:49, 15.42s/it, bound:3462 nc:2062 ncall:1.7e+07 eff:0.1% logz-ratio=719271.68+/-0.22 dlogz:486.397>0.01]15803it [30:47, 15.08s/it, bound:3463 nc:2282 ncall:1.7e+07 eff:0.1% logz-ratio=719273.26+/-0.15 dlogz:484.572>0.01]15807it [31:46, 14.95s/it, bound:3464 nc:2096 ncall:1.7e+07 eff:0.1% logz-ratio=719274.39+/-0.12 dlogz:483.328>0.01]15811it [32:43, 14.77s/it, bound:3465 nc:2301 ncall:1.7e+07 eff:0.1% logz-ratio=719275.30+/-0.16 dlogz:482.382>0.01]15815it [33:42, 14.77s/it, bound:3466 nc:2757 ncall:1.7e+07 eff:0.1% logz-ratio=719276.03+/-0.14 dlogz:481.573>0.01]15819it [34:42, 14.80s/it, bound:3467 nc:2106 ncall:1.7e+07 eff:0.1% logz-ratio=719276.83+/-0.16 dlogz:480.849>0.01]15823it [35:34, 14.25s/it, bound:3468 nc:2601 ncall:1.7e+07 eff:0.1% logz-ratio=719277.73+/-0.16 dlogz:479.934>0.01]15827it [36:36, 14.60s/it, bound:3469 nc:2018 ncall:1.7e+07 eff:0.1% logz-ratio=719278.72+/-0.17 dlogz:478.945>0.01]15829it [36:36, 11.98s/it, bound:3469 nc:  1 ncall:1.7e+07 eff:0.1% logz-ratio=719528.83+/-0.30 dlogz:226.361>0.01] 15830it [36:50, 11.98s/it, bound:3470 nc:2725 ncall:1.7e+07 eff:0.1% logz-ratio=719279.64+/-0.15 dlogz:478.168>0.01]15831it [37:37, 15.83s/it, bound:3470 nc:2792 ncall:1.7e+07 eff:0.1% logz-ratio=719280.10+/-0.20 dlogz:477.775>0.01]15832it [37:54, 15.92s/it, bound:3470 nc:2514 ncall:1.7e+07 eff:0.1% logz-ratio=719280.57+/-0.16 dlogz:477.316>0.01]15835it [39:04, 18.53s/it, bound:3471 nc:2988 ncall:1.7e+07 eff:0.1% logz-ratio=719281.90+/-0.20 dlogz:475.860>0.01]15839it [40:09, 17.66s/it, bound:3472 nc:2324 ncall:1.7e+07 eff:0.1% logz-ratio=719282.94+/-0.16 dlogz:474.672>0.01]15843it [41:16, 17.32s/it, bound:3473 nc:2561 ncall:1.7e+07 eff:0.1% logz-ratio=719283.58+/-0.13 dlogz:473.951>0.01]15845it [41:16, 13.75s/it, bound:3473 nc:  1 ncall:1.7e+07 eff:0.1% logz-ratio=719631.55+/-0.25 dlogz:122.391>0.01] 15846it [41:30, 13.75s/it, bound:3474 nc:2731 ncall:1.7e+07 eff:0.1% logz-ratio=719284.01+/-0.10 dlogz:473.530>0.01]15847it [42:19, 17.72s/it, bound:3474 nc:2896 ncall:1.7e+07 eff:0.1% logz-ratio=719284.18+/-0.14 dlogz:473.377>0.01]15851it [43:12, 16.03s/it, bound:3475 nc:2796 ncall:1.7e+07 eff:0.1% logz-ratio=719285.40+/-0.20 dlogz:472.722>0.01]15855it [44:14, 15.81s/it, bound:3476 nc:2634 ncall:1.7e+07 eff:0.1% logz-ratio=719287.20+/-0.14 dlogz:470.487>0.01]15859it [45:07, 14.92s/it, bound:3477 nc:2580 ncall:1.7e+07 eff:0.1% logz-ratio=719288.15+/-0.12 dlogz:469.439>0.01]15863it [46:03, 14.61s/it, bound:3478 nc:2715 ncall:1.7e+07 eff:0.1% logz-ratio=719289.72+/-0.14 dlogz:467.979>0.01]15867it [47:10, 15.35s/it, bound:3479 nc:2799 ncall:1.7e+07 eff:0.1% logz-ratio=719290.92+/-0.13 dlogz:466.695>0.01]15871it [48:04, 14.71s/it, bound:3480 nc:2964 ncall:1.7e+07 eff:0.1% logz-ratio=719291.75+/-0.13 dlogz:465.843>0.01]15873it [48:16, 13.18s/it, bound:3480 nc:1821 ncall:1.7e+07 eff:0.1% logz-ratio=719292.37+/-0.13 dlogz:465.254>0.01]15875it [49:15, 16.53s/it, bound:3481 nc:2806 ncall:1.7e+07 eff:0.1% logz-ratio=719293.21+/-0.16 dlogz:464.560>0.01]15879it [50:20, 16.42s/it, bound:3482 nc:2829 ncall:1.7e+07 eff:0.1% logz-ratio=719294.45+/-0.14 dlogz:463.178>0.01]15883it [51:12, 15.22s/it, bound:3483 nc:2212 ncall:1.7e+07 eff:0.1% logz-ratio=719295.67+/-0.14 dlogz:461.964>0.01]15887it [52:06, 14.66s/it, bound:3484 nc:2604 ncall:1.7e+07 eff:0.1% logz-ratio=719297.03+/-0.19 dlogz:460.586>0.01]15891it [53:05, 14.68s/it, bound:3485 nc:2640 ncall:1.7e+07 eff:0.1% logz-ratio=719298.13+/-0.18 dlogz:459.454>0.01]15895it [54:08, 15.01s/it, bound:3486 nc:2501 ncall:1.7e+07 eff:0.1% logz-ratio=719299.32+/-0.19 dlogz:458.393>0.01]15899it [55:09, 15.09s/it, bound:3487 nc:2818 ncall:1.7e+07 eff:0.1% logz-ratio=719300.78+/-0.19 dlogz:456.789>0.01]15903it [56:03, 14.66s/it, bound:3488 nc:2989 ncall:1.7e+07 eff:0.1% logz-ratio=719301.94+/-0.18 dlogz:455.610>0.01]15907it [56:59, 14.46s/it, bound:3489 nc:2524 ncall:1.7e+07 eff:0.1% logz-ratio=719303.09+/-0.19 dlogz:454.592>0.01]15911it [58:01, 14.75s/it, bound:3490 nc:2819 ncall:1.7e+07 eff:0.1% logz-ratio=719304.46+/-0.18 dlogz:453.091>0.01]15913it [58:01, 12.13s/it, bound:3490 nc:  1 ncall:1.7e+07 eff:0.1% logz-ratio=719429.51+/-0.27 dlogz:326.770>0.01] 15914it [58:20, 12.13s/it, bound:3491 nc:2355 ncall:1.7e+07 eff:0.1% logz-ratio=719305.12+/-0.12 dlogz:452.363>0.01]15915it [58:59, 15.56s/it, bound:3491 nc:2103 ncall:1.7e+07 eff:0.1% logz-ratio=719305.38+/-0.17 dlogz:452.127>0.01]15916it [59:13, 15.34s/it, bound:3491 nc:2343 ncall:1.7e+07 eff:0.1% logz-ratio=719305.61+/-0.12 dlogz:451.867>0.01]15919it [1:00:10, 16.57s/it, bound:3492 nc:2771 ncall:1.7e+07 eff:0.1% logz-ratio=719306.23+/-0.16 dlogz:451.244>0.01]15923it [1:01:11, 16.04s/it, bound:3493 nc:2711 ncall:1.7e+07 eff:0.1% logz-ratio=719307.43+/-0.18 dlogz:450.107>0.01]15925it [1:01:11, 12.48s/it, bound:3493 nc:  1 ncall:1.7e+07 eff:0.1% logz-ratio=719374.12+/-0.27 dlogz:382.575>0.01] 15926it [1:01:30, 12.48s/it, bound:3494 nc:2737 ncall:1.7e+07 eff:0.1% logz-ratio=719308.19+/-0.12 dlogz:449.253>0.01]15927it [1:02:09, 16.47s/it, bound:3494 nc:2568 ncall:1.7e+07 eff:0.1% logz-ratio=719308.40+/-0.16 dlogz:449.037>0.01]15931it [1:03:11, 16.07s/it, bound:3495 nc:2628 ncall:1.7e+07 eff:0.1% logz-ratio=719309.12+/-0.14 dlogz:448.256>0.01]15935it [1:04:09, 15.52s/it, bound:3496 nc:2379 ncall:1.7e+07 eff:0.1% logz-ratio=719309.77+/-0.14 dlogz:447.608>0.01]15939it [1:05:08, 15.22s/it, bound:3497 nc:1976 ncall:1.7e+07 eff:0.1% logz-ratio=719310.50+/-0.15 dlogz:446.906>0.01]15943it [1:06:04, 14.83s/it, bound:3498 nc:2521 ncall:1.7e+07 eff:0.1% logz-ratio=719311.63+/-0.17 dlogz:445.791>0.01]15947it [1:06:56, 14.26s/it, bound:3499 nc:2269 ncall:1.7e+07 eff:0.1% logz-ratio=719312.49+/-0.15 dlogz:444.885>0.01]15951it [1:07:44, 13.53s/it, bound:3500 nc:2380 ncall:1.7e+07 eff:0.1% logz-ratio=719313.28+/-0.16 dlogz:444.120>0.01]15955it [1:08:41, 13.78s/it, bound:3501 nc:1990 ncall:1.7e+07 eff:0.1% logz-ratio=719314.18+/-0.16 dlogz:443.192>0.01]15959it [1:09:33, 13.55s/it, bound:3502 nc:2200 ncall:1.7e+07 eff:0.1% logz-ratio=719315.21+/-0.18 dlogz:442.254>0.01]15960it [1:09:46, 13.47s/it, bound:3502 nc:2438 ncall:1.7e+07 eff:0.1% logz-ratio=719315.55+/-0.14 dlogz:441.952>0.01]15963it [1:10:39, 14.69s/it, bound:3503 nc:2085 ncall:1.7e+07 eff:0.1% logz-ratio=719316.39+/-0.17 dlogz:441.000>0.01]15967it [1:11:32, 14.18s/it, bound:3504 nc:1996 ncall:1.7e+07 eff:0.1% logz-ratio=719317.43+/-0.18 dlogz:440.004>0.01]15971it [1:12:27, 14.08s/it, bound:3505 nc:2475 ncall:1.7e+07 eff:0.1% logz-ratio=719318.74+/-0.19 dlogz:438.760>0.01]15975it [1:13:20, 13.80s/it, bound:3506 nc:2125 ncall:1.7e+07 eff:0.1% logz-ratio=719321.12+/-0.22 dlogz:436.463>0.01]15979it [1:14:10, 13.37s/it, bound:3507 nc:1804 ncall:1.7e+07 eff:0.1% logz-ratio=719322.47+/-0.19 dlogz:434.983>0.01]15983it [1:15:00, 13.10s/it, bound:3508 nc:2431 ncall:1.7e+07 eff:0.1% logz-ratio=719323.79+/-0.13 dlogz:433.600>0.01]15987it [1:15:45, 12.50s/it, bound:3509 nc:1954 ncall:1.7e+07 eff:0.1% logz-ratio=719324.91+/-0.13 dlogz:432.454>0.01]15991it [1:16:39, 12.87s/it, bound:3510 nc:2336 ncall:1.7e+07 eff:0.1% logz-ratio=719325.73+/-0.11 dlogz:431.550>0.01]15995it [1:17:28, 12.62s/it, bound:3511 nc:2253 ncall:1.7e+07 eff:0.1% logz-ratio=719326.54+/-0.12 dlogz:430.793>0.01]15999it [1:18:14, 12.27s/it, bound:3512 nc:2138 ncall:1.8e+07 eff:0.1% logz-ratio=719327.44+/-0.12 dlogz:429.882>0.01]16003it [1:19:05, 12.45s/it, bound:3513 nc:2458 ncall:1.8e+07 eff:0.1% logz-ratio=719328.57+/-0.20 dlogz:428.750>0.01]16007it [1:20:00, 12.85s/it, bound:3514 nc:2761 ncall:1.8e+07 eff:0.1% logz-ratio=719329.60+/-0.17 dlogz:427.717>0.01]16008it [1:20:13, 12.85s/it, bound:3514 nc:2602 ncall:1.8e+07 eff:0.1% logz-ratio=719329.87+/-0.13 dlogz:427.466>0.01]16011it [1:21:14, 15.06s/it, bound:3515 nc:2535 ncall:1.8e+07 eff:0.1% logz-ratio=719330.58+/-0.16 dlogz:523.329>0.01]16013it [1:21:14, 11.78s/it, bound:3515 nc:  1 ncall:1.8e+07 eff:0.1% logz-ratio=719737.64+/-0.47 dlogz:111.191>0.01] 16014it [1:21:30, 11.78s/it, bound:3516 nc:2082 ncall:1.8e+07 eff:0.1% logz-ratio=719331.34+/-0.14 dlogz:522.614>0.01]16015it [1:22:14, 16.11s/it, bound:3516 nc:2667 ncall:1.8e+07 eff:0.1% logz-ratio=719331.62+/-0.18 dlogz:522.320>0.01]16019it [1:23:16, 15.81s/it, bound:3517 nc:2610 ncall:1.8e+07 eff:0.1% logz-ratio=719332.60+/-0.16 dlogz:521.273>0.01]16021it [1:23:16, 12.28s/it, bound:3517 nc:  1 ncall:1.8e+07 eff:0.1% logz-ratio=719636.90+/-0.28 dlogz:213.751>0.01] 16022it [1:23:30, 12.28s/it, bound:3518 nc:2618 ncall:1.8e+07 eff:0.1% logz-ratio=719333.17+/-0.11 dlogz:520.674>0.01]16023it [1:24:10, 15.89s/it, bound:3518 nc:2398 ncall:1.8e+07 eff:0.1% logz-ratio=719333.35+/-0.15 dlogz:520.480>0.01]16027it [1:25:00, 14.46s/it, bound:3519 nc:2137 ncall:1.8e+07 eff:0.1% logz-ratio=719334.34+/-0.17 dlogz:519.553>0.01]16031it [1:25:52, 13.96s/it, bound:3520 nc:2310 ncall:1.8e+07 eff:0.1% logz-ratio=719335.47+/-0.18 dlogz:518.496>0.01]16033it [1:25:52, 11.06s/it, bound:3520 nc:  1 ncall:1.8e+07 eff:0.1% logz-ratio=719406.60+/-0.27 dlogz:446.496>0.01] 16034it [1:26:10, 11.06s/it, bound:3521 nc:2255 ncall:1.8e+07 eff:0.1% logz-ratio=719336.33+/-0.12 dlogz:517.534>0.01]16035it [1:26:48, 14.93s/it, bound:3521 nc:2504 ncall:1.8e+07 eff:0.1% logz-ratio=719336.53+/-0.16 dlogz:517.290>0.01]16039it [1:27:45, 14.66s/it, bound:3522 nc:2536 ncall:1.8e+07 eff:0.1% logz-ratio=719337.25+/-0.15 dlogz:516.570>0.01]16043it [1:28:35, 13.87s/it, bound:3523 nc:2074 ncall:1.8e+07 eff:0.1% logz-ratio=719338.21+/-0.17 dlogz:515.682>0.01]16045it [1:28:35, 11.03s/it, bound:3523 nc:  1 ncall:1.8e+07 eff:0.1% logz-ratio=719406.59+/-0.27 dlogz:446.513>0.01] 16046it [1:28:50, 11.03s/it, bound:3524 nc:2240 ncall:1.8e+07 eff:0.1% logz-ratio=719338.87+/-0.11 dlogz:514.911>0.01]16047it [1:29:28, 14.59s/it, bound:3524 nc:2275 ncall:1.8e+07 eff:0.1% logz-ratio=719339.03+/-0.14 dlogz:514.727>0.01]16051it [1:30:12, 13.13s/it, bound:3525 nc:1558 ncall:1.8e+07 eff:0.1% logz-ratio=719339.72+/-0.15 dlogz:514.073>0.01]16053it [1:30:19, 10.99s/it, bound:3525 nc:2358 ncall:1.8e+07 eff:0.1% logz-ratio=719340.17+/-0.12 dlogz:513.645>0.01]16054it [1:30:30, 10.99s/it, bound:3526 nc:  1 ncall:1.8e+07 eff:0.1% logz-ratio=719846.67+/-0.71 dlogz:1.099>0.01]   16055it [1:31:15, 15.04s/it, bound:3526 nc:2319 ncall:1.8e+07 eff:0.1% logz-ratio=719340.55+/-0.11 dlogz:513.210>0.01]16059it [1:32:07, 14.29s/it, bound:3527 nc:1845 ncall:1.8e+07 eff:0.1% logz-ratio=719341.37+/-0.11 dlogz:512.403>0.01]16062it [1:32:07,  9.97s/it, bound:3528 nc:  1 ncall:1.8e+07 eff:0.1% logz-ratio=719658.41+/-0.29 dlogz:191.887>0.01] 16062it [1:32:20,  9.97s/it, bound:3528 nc:  1 ncall:1.8e+07 eff:0.1% logz-ratio=719846.66+/-0.71 dlogz:1.099>0.01]  16063it [1:33:06, 16.11s/it, bound:3528 nc:2241 ncall:1.8e+07 eff:0.1% logz-ratio=719342.13+/-0.12 dlogz:511.653>0.01]16067it [1:34:04, 15.47s/it, bound:3529 nc:2411 ncall:1.8e+07 eff:0.1% logz-ratio=719342.85+/-0.12 dlogz:510.918>0.01]16070it [1:34:05, 10.69s/it, bound:3530 nc:  1 ncall:1.8e+07 eff:0.1% logz-ratio=719511.18+/-0.27 dlogz:340.972>0.01] 16070it [1:34:20, 10.69s/it, bound:3530 nc:  1 ncall:1.8e+07 eff:0.1% logz-ratio=719846.64+/-0.71 dlogz:1.099>0.01]  16071it [1:34:57, 16.08s/it, bound:3530 nc:2230 ncall:1.8e+07 eff:0.1% logz-ratio=719343.97+/-0.13 dlogz:509.832>0.01]16075it [1:35:51, 14.96s/it, bound:3531 nc:2617 ncall:1.8e+07 eff:0.1% logz-ratio=719345.02+/-0.13 dlogz:508.766>0.01]16079it [1:36:45, 14.39s/it, bound:3532 nc:2451 ncall:1.8e+07 eff:0.1% logz-ratio=719345.91+/-0.13 dlogz:507.913>0.01]16083it [1:37:33, 13.62s/it, bound:3533 nc:2258 ncall:1.8e+07 eff:0.1% logz-ratio=719347.06+/-0.12 dlogz:506.706>0.01]16087it [1:38:28, 13.62s/it, bound:3534 nc:2387 ncall:1.8e+07 eff:0.1% logz-ratio=719348.14+/-0.13 dlogz:505.661>0.01]16091it [1:39:19, 13.37s/it, bound:3535 nc:2431 ncall:1.8e+07 eff:0.1% logz-ratio=719349.76+/-0.15 dlogz:504.101>0.01]16095it [1:40:07, 12.89s/it, bound:3536 nc:2331 ncall:1.8e+07 eff:0.1% logz-ratio=719351.16+/-0.13 dlogz:502.609>0.01]16099it [1:41:03, 13.22s/it, bound:3537 nc:2420 ncall:1.8e+07 eff:0.1% logz-ratio=719352.42+/-0.14 dlogz:501.394>0.01]16101it [1:41:15, 11.98s/it, bound:3537 nc:2511 ncall:1.8e+07 eff:0.1% logz-ratio=719353.48+/-0.17 dlogz:500.545>0.01]16103it [1:42:09, 15.09s/it, bound:3538 nc:2566 ncall:1.8e+07 eff:0.1% logz-ratio=719354.14+/-0.13 dlogz:499.633>0.01]16107it [1:43:03, 14.41s/it, bound:3539 nc:1523 ncall:1.8e+07 eff:0.1% logz-ratio=719355.46+/-0.14 dlogz:498.350>0.01]16111it [1:43:45, 13.14s/it, bound:3540 nc:1668 ncall:1.8e+07 eff:0.1% logz-ratio=719356.43+/-0.12 dlogz:497.279>0.01]16115it [1:44:38, 13.11s/it, bound:3541 nc:1762 ncall:1.8e+07 eff:0.1% logz-ratio=719357.13+/-0.14 dlogz:496.481>0.01]16119it [1:45:35, 13.53s/it, bound:3542 nc:2518 ncall:1.8e+07 eff:0.1% logz-ratio=719357.86+/-0.11 dlogz:495.775>0.01]16123it [1:46:30, 13.59s/it, bound:3543 nc:2215 ncall:1.8e+07 eff:0.1% logz-ratio=719358.74+/-0.14 dlogz:494.995>0.01]16127it [1:47:27, 13.80s/it, bound:3544 nc:2294 ncall:1.8e+07 eff:0.1% logz-ratio=719359.99+/-0.13 dlogz:493.724>0.01]16131it [1:48:24, 13.92s/it, bound:3545 nc:2384 ncall:1.8e+07 eff:0.1% logz-ratio=719360.83+/-0.11 dlogz:492.782>0.01]16135it [1:49:13, 13.37s/it, bound:3546 nc:2076 ncall:1.8e+07 eff:0.1% logz-ratio=719361.78+/-0.20 dlogz:491.917>0.01]16139it [1:50:03, 13.11s/it, bound:3547 nc:1938 ncall:1.8e+07 eff:0.1% logz-ratio=719362.85+/-0.12 dlogz:490.790>0.01]16143it [1:50:50, 12.73s/it, bound:3548 nc:1793 ncall:1.8e+07 eff:0.1% logz-ratio=719363.60+/-0.11 dlogz:490.008>0.01]16147it [1:51:39, 12.59s/it, bound:3549 nc:2319 ncall:1.8e+07 eff:0.1% logz-ratio=719364.82+/-0.14 dlogz:488.903>0.01]16149it [1:51:52, 11.50s/it, bound:3549 nc:2250 ncall:1.8e+07 eff:0.1% logz-ratio=719365.37+/-0.13 dlogz:488.265>0.01]16151it [1:52:36, 13.60s/it, bound:3550 nc:2315 ncall:1.8e+07 eff:0.1% logz-ratio=719365.87+/-0.13 dlogz:487.783>0.01]16155it [1:53:26, 13.24s/it, bound:3551 nc:2396 ncall:1.8e+07 eff:0.1% logz-ratio=719367.25+/-0.22 dlogz:486.531>0.01]16159it [1:54:18, 13.18s/it, bound:3552 nc:2129 ncall:1.8e+07 eff:0.1% logz-ratio=719368.38+/-0.18 dlogz:485.261>0.01]16163it [1:55:06, 12.75s/it, bound:3553 nc:1851 ncall:1.8e+07 eff:0.1% logz-ratio=719369.34+/-0.18 dlogz:484.371>0.01]16167it [1:55:56, 12.69s/it, bound:3554 nc:2502 ncall:1.8e+07 eff:0.1% logz-ratio=719371.20+/-0.21 dlogz:482.691>0.01]16171it [1:56:48, 12.78s/it, bound:3555 nc:1866 ncall:1.8e+07 eff:0.1% logz-ratio=719372.78+/-0.18 dlogz:480.851>0.01]16175it [1:57:42, 13.02s/it, bound:3556 nc:2216 ncall:1.8e+07 eff:0.1% logz-ratio=719373.88+/-0.17 dlogz:479.716>0.01]16179it [1:58:36, 13.11s/it, bound:3557 nc:2640 ncall:1.8e+07 eff:0.1% logz-ratio=719374.72+/-0.15 dlogz:478.815>0.01]16183it [1:59:29, 13.17s/it, bound:3558 nc:2517 ncall:1.8e+07 eff:0.1% logz-ratio=719376.30+/-0.21 dlogz:477.400>0.01]16187it [2:00:23, 13.26s/it, bound:3559 nc:2034 ncall:1.8e+07 eff:0.1% logz-ratio=719377.40+/-0.17 dlogz:476.164>0.01]16191it [2:01:17, 13.38s/it, bound:3560 nc:1877 ncall:1.8e+07 eff:0.1% logz-ratio=719378.46+/-0.17 dlogz:475.088>0.01]16193it [2:01:17, 11.01s/it, bound:3560 nc:  1 ncall:1.8e+07 eff:0.1% logz-ratio=719442.83+/-0.27 dlogz:409.985>0.01] 16194it [2:01:30, 11.01s/it, bound:3561 nc:2025 ncall:1.8e+07 eff:0.1% logz-ratio=719379.07+/-0.11 dlogz:474.421>0.01]16195it [2:02:12, 14.30s/it, bound:3561 nc:2361 ncall:1.8e+07 eff:0.1% logz-ratio=719379.30+/-0.16 dlogz:474.231>0.01]16196it [2:02:27, 14.40s/it, bound:3561 nc:2137 ncall:1.8e+07 eff:0.1% logz-ratio=719379.54+/-0.12 dlogz:473.999>0.01]16199it [2:03:17, 15.20s/it, bound:3562 nc:2169 ncall:1.8e+07 eff:0.1% logz-ratio=719380.20+/-0.12 dlogz:473.321>0.01]16203it [2:04:09, 14.27s/it, bound:3563 nc:1621 ncall:1.8e+07 eff:0.1% logz-ratio=719381.90+/-0.18 dlogz:471.960>0.01]16207it [2:05:03, 14.00s/it, bound:3564 nc:2279 ncall:1.8e+07 eff:0.1% logz-ratio=719383.40+/-0.18 dlogz:470.150>0.01]16211it [2:05:53, 13.48s/it, bound:3565 nc:2046 ncall:1.8e+07 eff:0.1% logz-ratio=719384.50+/-0.18 dlogz:469.141>0.01]16215it [2:06:39, 12.86s/it, bound:3566 nc:2531 ncall:1.8e+07 eff:0.1% logz-ratio=719385.97+/-0.19 dlogz:467.715>0.01]16219it [2:07:30, 12.83s/it, bound:3567 nc:2130 ncall:1.8e+07 eff:0.1% logz-ratio=719387.36+/-0.18 dlogz:466.202>0.01]16223it [2:08:05, 11.57s/it, bound:3568 nc:2143 ncall:1.8e+07 eff:0.1% logz-ratio=719388.76+/-0.20 dlogz:464.914>0.01]16227it [2:08:53, 11.69s/it, bound:3569 nc:2319 ncall:1.8e+07 eff:0.1% logz-ratio=719390.16+/-0.13 dlogz:463.328>0.01]16231it [2:09:55, 12.82s/it, bound:3570 nc:2128 ncall:1.8e+07 eff:0.1% logz-ratio=719390.96+/-0.10 dlogz:462.435>0.01]16235it [2:10:57, 13.69s/it, bound:3571 nc:2869 ncall:1.8e+07 eff:0.1% logz-ratio=719391.54+/-0.10 dlogz:461.845>0.01]16238it [2:10:57, 10.33s/it, bound:3572 nc:  1 ncall:1.8e+07 eff:0.1% logz-ratio=719659.06+/-0.27 dlogz:191.159>0.01] 16238it [2:11:10, 10.33s/it, bound:3572 nc:  1 ncall:1.8e+07 eff:0.1% logz-ratio=719846.30+/-0.73 dlogz:1.099>0.01]  16239it [2:11:54, 15.23s/it, bound:3572 nc:2343 ncall:1.8e+07 eff:0.1% logz-ratio=719392.23+/-0.10 dlogz:461.146>0.01]16242it [2:11:55, 10.52s/it, bound:3573 nc:  1 ncall:1.8e+07 eff:0.1% logz-ratio=719509.37+/-0.28 dlogz:342.863>0.01] 16242it [2:12:10, 10.52s/it, bound:3573 nc:  1 ncall:1.8e+07 eff:0.1% logz-ratio=719846.30+/-0.73 dlogz:1.099>0.01]  16243it [2:12:50, 16.35s/it, bound:3573 nc:2278 ncall:1.8e+07 eff:0.1% logz-ratio=719392.91+/-0.10 dlogz:460.461>0.01]16245it [2:13:09, 14.40s/it, bound:3573 nc:2437 ncall:1.8e+07 eff:0.1% logz-ratio=719393.26+/-0.11 dlogz:460.118>0.01]16247it [2:14:07, 18.44s/it, bound:3574 nc:2662 ncall:1.8e+07 eff:0.1% logz-ratio=719393.69+/-0.13 dlogz:459.748>0.01]16250it [2:14:07, 11.58s/it, bound:3575 nc:  1 ncall:1.8e+07 eff:0.1% logz-ratio=719546.40+/-0.28 dlogz:305.385>0.01] 16250it [2:14:20, 11.58s/it, bound:3575 nc:  1 ncall:1.8e+07 eff:0.1% logz-ratio=719846.28+/-0.77 dlogz:1.099>0.01]  16251it [2:15:08, 19.08s/it, bound:3575 nc:2769 ncall:1.8e+07 eff:0.1% logz-ratio=719394.72+/-0.13 dlogz:458.721>0.01]16254it [2:15:08, 11.60s/it, bound:3576 nc:  1 ncall:1.8e+07 eff:0.1% logz-ratio=719727.83+/-0.40 dlogz:121.337>0.01] 16254it [2:15:20, 11.60s/it, bound:3576 nc:  1 ncall:1.8e+07 eff:0.1% logz-ratio=719846.27+/-0.77 dlogz:1.099>0.01]  16255it [2:16:07, 19.12s/it, bound:3576 nc:2228 ncall:1.8e+07 eff:0.1% logz-ratio=719395.60+/-0.12 dlogz:457.797>0.01]16258it [2:16:07, 11.43s/it, bound:3577 nc:  1 ncall:1.8e+07 eff:0.1% logz-ratio=719528.66+/-0.28 dlogz:323.325>0.01] 16258it [2:16:20, 11.43s/it, bound:3577 nc:  1 ncall:1.8e+07 eff:0.1% logz-ratio=719846.26+/-0.77 dlogz:1.099>0.01]  16259it [2:17:06, 18.94s/it, bound:3577 nc:2168 ncall:1.8e+07 eff:0.1% logz-ratio=719396.51+/-0.13 dlogz:456.945>0.01]16262it [2:17:06, 11.22s/it, bound:3578 nc:  1 ncall:1.8e+07 eff:0.1% logz-ratio=719687.63+/-0.37 dlogz:162.268>0.01] 16262it [2:17:20, 11.22s/it, bound:3578 nc:  1 ncall:1.8e+07 eff:0.1% logz-ratio=719846.26+/-0.77 dlogz:1.099>0.01]  16263it [2:18:08, 19.47s/it, bound:3578 nc:2906 ncall:1.8e+07 eff:0.1% logz-ratio=719398.28+/-0.14 dlogz:455.184>0.01]16266it [2:18:08, 11.49s/it, bound:3579 nc:  1 ncall:1.8e+07 eff:0.1% logz-ratio=719521.05+/-0.28 dlogz:331.038>0.01] 16266it [2:18:20, 11.49s/it, bound:3579 nc:  1 ncall:1.8e+07 eff:0.1% logz-ratio=719846.25+/-0.77 dlogz:1.099>0.01]  16267it [2:19:03, 18.61s/it, bound:3579 nc:2547 ncall:1.8e+07 eff:0.1% logz-ratio=719399.67+/-0.13 dlogz:453.764>0.01]16270it [2:19:03, 10.95s/it, bound:3580 nc:  1 ncall:1.8e+07 eff:0.1% logz-ratio=719573.74+/-0.30 dlogz:277.610>0.01] 16270it [2:19:20, 10.95s/it, bound:3580 nc:  1 ncall:1.8e+07 eff:0.1% logz-ratio=719846.24+/-0.77 dlogz:1.099>0.01]  16271it [2:20:03, 18.97s/it, bound:3580 nc:2755 ncall:1.8e+07 eff:0.1% logz-ratio=719400.69+/-0.13 dlogz:452.703>0.01]16275it [2:21:04, 17.18s/it, bound:3581 nc:2049 ncall:1.8e+07 eff:0.1% logz-ratio=719401.60+/-0.12 dlogz:451.764>0.01]16279it [2:22:04, 16.30s/it, bound:3582 nc:2813 ncall:1.8e+07 eff:0.1% logz-ratio=719402.58+/-0.12 dlogz:450.788>0.01]16282it [2:22:04, 11.34s/it, bound:3583 nc:  1 ncall:1.8e+07 eff:0.1% logz-ratio=719690.63+/-0.27 dlogz:159.117>0.01] 16282it [2:22:20, 11.34s/it, bound:3583 nc:  1 ncall:1.8e+07 eff:0.1% logz-ratio=719846.22+/-0.77 dlogz:1.099>0.01]  16283it [2:23:04, 17.58s/it, bound:3583 nc:2666 ncall:1.8e+07 eff:0.1% logz-ratio=719403.40+/-0.11 dlogz:449.902>0.01]16285it [2:23:13, 13.99s/it, bound:3583 nc:2717 ncall:1.8e+07 eff:0.1% logz-ratio=719403.71+/-0.10 dlogz:449.558>0.01]16286it [2:23:30, 13.99s/it, bound:3584 nc:  1 ncall:1.8e+07 eff:0.1% logz-ratio=719846.21+/-0.77 dlogz:1.099>0.01]   16287it [2:24:09, 17.88s/it, bound:3584 nc:2597 ncall:1.8e+07 eff:0.1% logz-ratio=719404.02+/-0.10 dlogz:449.260>0.01]16291it [2:25:05, 16.24s/it, bound:3585 nc:2248 ncall:1.8e+07 eff:0.1% logz-ratio=719404.60+/-0.09 dlogz:448.635>0.01]16294it [2:25:06, 11.05s/it, bound:3586 nc:  1 ncall:1.8e+07 eff:0.1% logz-ratio=719532.54+/-0.28 dlogz:319.399>0.01] 16294it [2:25:20, 11.05s/it, bound:3586 nc:  1 ncall:1.8e+07 eff:0.1% logz-ratio=719846.19+/-0.78 dlogz:1.099>0.01]  16295it [2:26:00, 16.83s/it, bound:3586 nc:1869 ncall:1.8e+07 eff:0.1% logz-ratio=719405.39+/-0.14 dlogz:448.038>0.01]16298it [2:26:00, 10.75s/it, bound:3587 nc:  1 ncall:1.8e+07 eff:0.1% logz-ratio=719729.11+/-0.24 dlogz:119.963>0.01] 16298it [2:26:20, 10.75s/it, bound:3587 nc:  1 ncall:1.8e+07 eff:0.1% logz-ratio=719846.18+/-0.78 dlogz:1.099>0.01]  16299it [2:27:05, 18.61s/it, bound:3587 nc:2774 ncall:1.8e+07 eff:0.1% logz-ratio=719406.53+/-0.13 dlogz:446.823>0.01]16303it [2:28:18, 18.44s/it, bound:3588 nc:2721 ncall:1.8e+07 eff:0.1% logz-ratio=719407.54+/-0.12 dlogz:445.766>0.01]16306it [2:28:18, 12.40s/it, bound:3589 nc:  1 ncall:1.8e+07 eff:0.1% logz-ratio=719532.51+/-0.28 dlogz:319.424>0.01] 16306it [2:28:30, 12.40s/it, bound:3589 nc:  1 ncall:1.8e+07 eff:0.1% logz-ratio=719846.17+/-0.78 dlogz:1.099>0.01]  16307it [2:29:25, 19.82s/it, bound:3589 nc:2612 ncall:1.8e+07 eff:0.1% logz-ratio=719408.42+/-0.12 dlogz:444.901>0.01]16310it [2:29:25, 12.56s/it, bound:3590 nc:  1 ncall:1.8e+07 eff:0.1% logz-ratio=719497.15+/-0.27 dlogz:355.165>0.01] 16310it [2:29:40, 12.56s/it, bound:3590 nc:  1 ncall:1.8e+07 eff:0.1% logz-ratio=719846.16+/-0.78 dlogz:1.099>0.01]  16311it [2:30:26, 19.70s/it, bound:3590 nc:2327 ncall:1.8e+07 eff:0.1% logz-ratio=719409.14+/-0.10 dlogz:444.084>0.01]16315it [2:31:25, 17.41s/it, bound:3591 nc:1669 ncall:1.8e+07 eff:0.1% logz-ratio=719409.86+/-0.11 dlogz:443.380>0.01]16318it [2:31:25, 11.68s/it, bound:3592 nc:  1 ncall:1.8e+07 eff:0.1% logz-ratio=719543.10+/-0.28 dlogz:308.743>0.01] 16318it [2:31:40, 11.68s/it, bound:3592 nc:  1 ncall:1.8e+07 eff:0.1% logz-ratio=719846.14+/-0.78 dlogz:1.099>0.01]  16319it [2:32:33, 19.36s/it, bound:3592 nc:2687 ncall:1.8e+07 eff:0.1% logz-ratio=719410.56+/-0.12 dlogz:442.693>0.01]16322it [2:32:33, 12.25s/it, bound:3593 nc:  1 ncall:1.8e+07 eff:0.1% logz-ratio=719522.62+/-0.27 dlogz:329.448>0.01] 16322it [2:32:50, 12.25s/it, bound:3593 nc:  1 ncall:1.8e+07 eff:0.1% logz-ratio=719846.14+/-0.78 dlogz:1.099>0.01]  16323it [2:33:39, 20.28s/it, bound:3593 nc:3103 ncall:1.8e+07 eff:0.1% logz-ratio=719411.50+/-0.11 dlogz:441.745>0.01]16325it [2:33:48, 15.50s/it, bound:3593 nc:2500 ncall:1.8e+07 eff:0.1% logz-ratio=719411.85+/-0.11 dlogz:441.366>0.01]16326it [2:34:00, 15.50s/it, bound:3594 nc:  1 ncall:1.8e+07 eff:0.1% logz-ratio=719846.13+/-0.78 dlogz:1.099>0.01]   16327it [2:34:53, 20.59s/it, bound:3594 nc:2558 ncall:1.8e+07 eff:0.1% logz-ratio=719412.39+/-0.14 dlogz:440.941>0.01]16330it [2:34:53, 12.56s/it, bound:3595 nc:  1 ncall:1.8e+07 eff:0.1% logz-ratio=719583.66+/-0.29 dlogz:267.617>0.01] 16330it [2:35:10, 12.56s/it, bound:3595 nc:  1 ncall:1.8e+07 eff:0.1% logz-ratio=719846.12+/-0.78 dlogz:1.099>0.01]  16331it [2:35:55, 20.32s/it, bound:3595 nc:2748 ncall:1.8e+07 eff:0.1% logz-ratio=719413.68+/-0.13 dlogz:439.608>0.01]16335it [2:37:01, 18.57s/it, bound:3596 nc:3066 ncall:1.8e+07 eff:0.1% logz-ratio=719414.62+/-0.11 dlogz:438.582>0.01]16339it [2:38:06, 17.65s/it, bound:3597 nc:2939 ncall:1.8e+07 eff:0.1% logz-ratio=719415.46+/-0.13 dlogz:437.832>0.01]16342it [2:38:07, 12.33s/it, bound:3598 nc:  1 ncall:1.8e+07 eff:0.1% logz-ratio=719636.70+/-0.28 dlogz:213.958>0.01] 16342it [2:38:20, 12.33s/it, bound:3598 nc:  1 ncall:1.8e+07 eff:0.1% logz-ratio=719846.10+/-0.62 dlogz:1.099>0.01]  16343it [2:39:07, 18.35s/it, bound:3598 nc:2555 ncall:1.8e+07 eff:0.1% logz-ratio=719416.51+/-0.13 dlogz:436.771>0.01]16346it [2:39:07, 11.94s/it, bound:3599 nc:  1 ncall:1.8e+07 eff:0.1% logz-ratio=719680.20+/-0.28 dlogz:169.800>0.01] 16346it [2:39:20, 11.94s/it, bound:3599 nc:  1 ncall:1.8e+07 eff:0.1% logz-ratio=719846.09+/-0.62 dlogz:1.099>0.01]  16347it [2:40:12, 19.59s/it, bound:3599 nc:2699 ncall:1.8e+07 eff:0.1% logz-ratio=719417.27+/-0.10 dlogz:435.883>0.01]16350it [2:40:12, 12.17s/it, bound:3600 nc:  1 ncall:1.8e+07 eff:0.1% logz-ratio=719586.67+/-0.27 dlogz:264.570>0.01] 16350it [2:40:30, 12.17s/it, bound:3600 nc:  1 ncall:1.8e+07 eff:0.1% logz-ratio=719846.08+/-0.62 dlogz:1.099>0.01]  16351it [2:41:08, 18.76s/it, bound:3600 nc:2353 ncall:1.8e+07 eff:0.1% logz-ratio=719417.82+/-0.09 dlogz:435.301>0.01]16354it [2:41:08, 11.34s/it, bound:3601 nc:  1 ncall:1.8e+07 eff:0.1% logz-ratio=719524.52+/-0.27 dlogz:327.517>0.01] 16354it [2:41:20, 11.34s/it, bound:3601 nc:  1 ncall:1.8e+07 eff:0.1% logz-ratio=719846.07+/-0.62 dlogz:1.099>0.01]  16355it [2:42:04, 18.52s/it, bound:3601 nc:2470 ncall:1.8e+07 eff:0.1% logz-ratio=719418.73+/-0.13 dlogz:434.534>0.01]16358it [2:42:04, 11.03s/it, bound:3602 nc:  1 ncall:1.8e+07 eff:0.1% logz-ratio=719511.85+/-0.27 dlogz:340.329>0.01] 16358it [2:42:20, 11.03s/it, bound:3602 nc:  1 ncall:1.8e+07 eff:0.1% logz-ratio=719846.06+/-0.62 dlogz:1.099>0.01]  16359it [2:43:11, 19.93s/it, bound:3602 nc:2536 ncall:1.8e+07 eff:0.1% logz-ratio=719420.19+/-0.14 dlogz:433.099>0.01]16362it [2:43:11, 11.79s/it, bound:3603 nc:  1 ncall:1.8e+07 eff:0.1% logz-ratio=719509.65+/-0.28 dlogz:342.562>0.01] 16362it [2:43:30, 11.79s/it, bound:3603 nc:  1 ncall:1.8e+07 eff:0.1% logz-ratio=719846.06+/-0.62 dlogz:1.099>0.01]  16363it [2:44:10, 19.48s/it, bound:3603 nc:2331 ncall:1.8e+07 eff:0.1% logz-ratio=719421.52+/-0.14 dlogz:431.764>0.01]16365it [2:44:28, 16.26s/it, bound:3603 nc:2622 ncall:1.8e+07 eff:0.1% logz-ratio=719422.42+/-0.18 dlogz:431.107>0.01]16367it [2:45:31, 20.91s/it, bound:3604 nc:2832 ncall:1.8e+07 eff:0.1% logz-ratio=719423.66+/-0.18 dlogz:429.851>0.01]16370it [2:45:31, 12.54s/it, bound:3605 nc:  1 ncall:1.8e+07 eff:0.1% logz-ratio=719559.23+/-0.27 dlogz:292.336>0.01] 16370it [2:45:50, 12.54s/it, bound:3605 nc:  1 ncall:1.8e+07 eff:0.1% logz-ratio=719846.04+/-0.62 dlogz:1.099>0.01]  16371it [2:46:36, 20.94s/it, bound:3605 nc:2552 ncall:1.8e+07 eff:0.1% logz-ratio=719424.84+/-0.13 dlogz:428.356>0.01]16375it [2:47:43, 18.99s/it, bound:3606 nc:2830 ncall:1.8e+07 eff:0.1% logz-ratio=719425.78+/-0.13 dlogz:427.417>0.01]16379it [2:48:45, 17.54s/it, bound:3607 nc:2192 ncall:1.8e+07 eff:0.1% logz-ratio=719426.73+/-0.13 dlogz:426.448>0.01]16382it [2:48:45, 12.24s/it, bound:3608 nc:  1 ncall:1.8e+07 eff:0.1% logz-ratio=719574.50+/-0.29 dlogz:276.842>0.01] 16382it [2:49:00, 12.24s/it, bound:3608 nc:  1 ncall:1.8e+07 eff:0.1% logz-ratio=719846.02+/-0.63 dlogz:1.099>0.01]  16383it [2:49:53, 19.31s/it, bound:3608 nc:2794 ncall:1.8e+07 eff:0.1% logz-ratio=719427.51+/-0.11 dlogz:425.593>0.01]16387it [2:51:00, 18.25s/it, bound:3609 nc:2943 ncall:1.8e+07 eff:0.1% logz-ratio=719428.22+/-0.10 dlogz:424.849>0.01]16391it [2:52:05, 17.50s/it, bound:3610 nc:2793 ncall:1.8e+07 eff:0.1% logz-ratio=719428.79+/-0.10 dlogz:424.253>0.01]16395it [2:53:11, 17.13s/it, bound:3611 nc:2260 ncall:1.8e+07 eff:0.1% logz-ratio=719429.35+/-0.10 dlogz:423.711>0.01]16398it [2:53:11, 12.48s/it, bound:3612 nc:  1 ncall:1.8e+07 eff:0.1% logz-ratio=719519.83+/-0.27 dlogz:332.234>0.01] 16398it [2:53:30, 12.48s/it, bound:3612 nc:  1 ncall:1.8e+07 eff:0.1% logz-ratio=719845.98+/-0.63 dlogz:1.099>0.01]  16399it [2:54:06, 17.35s/it, bound:3612 nc:2995 ncall:1.8e+07 eff:0.1% logz-ratio=719430.19+/-0.13 dlogz:422.968>0.01]16403it [2:54:45, 14.34s/it, bound:3613 nc:2540 ncall:1.8e+07 eff:0.1% logz-ratio=719431.24+/-0.13 dlogz:421.889>0.01]16405it [2:54:57, 12.45s/it, bound:3613 nc:2769 ncall:1.8e+07 eff:0.1% logz-ratio=719431.72+/-0.12 dlogz:421.400>0.01]16407it [2:55:40, 14.64s/it, bound:3614 nc:3079 ncall:1.8e+07 eff:0.1% logz-ratio=719432.31+/-0.14 dlogz:420.880>0.01]16411it [2:56:23, 13.11s/it, bound:3615 nc:2497 ncall:1.8e+07 eff:0.1% logz-ratio=719433.54+/-0.15 dlogz:419.715>0.01]16415it [2:57:04, 11.99s/it, bound:3616 nc:2650 ncall:1.8e+07 eff:0.1% logz-ratio=719434.78+/-0.12 dlogz:418.305>0.01]16419it [2:57:46, 11.51s/it, bound:3617 nc:2983 ncall:1.9e+07 eff:0.1% logz-ratio=719435.49+/-0.11 dlogz:417.558>0.01]16423it [2:58:28, 11.16s/it, bound:3618 nc:3001 ncall:1.9e+07 eff:0.1% logz-ratio=719436.32+/-0.11 dlogz:416.714>0.01]16427it [2:59:10, 10.97s/it, bound:3619 nc:2233 ncall:1.9e+07 eff:0.1% logz-ratio=719437.29+/-0.13 dlogz:415.820>0.01]16431it [2:59:57, 11.26s/it, bound:3620 nc:3380 ncall:1.9e+07 eff:0.1% logz-ratio=719439.05+/-0.19 dlogz:414.431>0.01]16435it [3:00:44, 11.40s/it, bound:3621 nc:2619 ncall:1.9e+07 eff:0.1% logz-ratio=719440.70+/-0.15 dlogz:412.462>0.01]16439it [3:01:28, 11.22s/it, bound:3622 nc:2950 ncall:1.9e+07 eff:0.1% logz-ratio=719441.66+/-0.12 dlogz:411.384>0.01]16443it [3:02:09, 10.95s/it, bound:3623 nc:2951 ncall:1.9e+07 eff:0.1% logz-ratio=719442.36+/-0.10 dlogz:410.603>0.01]16447it [3:02:56, 11.19s/it, bound:3624 nc:2769 ncall:1.9e+07 eff:0.1% logz-ratio=719443.00+/-0.11 dlogz:409.968>0.01]16451it [3:03:35, 10.79s/it, bound:3625 nc:2753 ncall:1.9e+07 eff:0.1% logz-ratio=719443.60+/-0.10 dlogz:409.335>0.01]16455it [3:04:19, 10.81s/it, bound:3626 nc:2456 ncall:1.9e+07 eff:0.1% logz-ratio=719444.28+/-0.12 dlogz:408.723>0.01]16459it [3:05:05, 11.02s/it, bound:3627 nc:3254 ncall:1.9e+07 eff:0.1% logz-ratio=719445.04+/-0.11 dlogz:407.908>0.01]16461it [3:05:10,  9.50s/it, bound:3627 nc:3255 ncall:1.9e+07 eff:0.1% logz-ratio=719445.39+/-0.11 dlogz:407.556>0.01]16462it [3:05:20,  9.50s/it, bound:3628 nc:  1 ncall:1.9e+07 eff:0.1% logz-ratio=719845.86+/-0.63 dlogz:1.099>0.01]   16463it [3:05:52, 11.86s/it, bound:3628 nc:2823 ncall:1.9e+07 eff:0.1% logz-ratio=719445.81+/-0.12 dlogz:407.179>0.01]16467it [3:06:36, 11.53s/it, bound:3629 nc:3165 ncall:1.9e+07 eff:0.1% logz-ratio=719446.78+/-0.13 dlogz:406.231>0.01]16471it [3:07:16, 11.05s/it, bound:3630 nc:2726 ncall:1.9e+07 eff:0.1% logz-ratio=719447.74+/-0.13 dlogz:405.284>0.01]16475it [3:08:03, 11.29s/it, bound:3631 nc:2985 ncall:1.9e+07 eff:0.1% logz-ratio=719448.62+/-0.13 dlogz:404.368>0.01]16479it [3:08:49, 11.30s/it, bound:3632 nc:2826 ncall:1.9e+07 eff:0.1% logz-ratio=719449.70+/-0.12 dlogz:403.254>0.01]16483it [3:09:33, 11.21s/it, bound:3633 nc:2864 ncall:1.9e+07 eff:0.1% logz-ratio=719450.50+/-0.12 dlogz:402.426>0.01]16487it [3:10:13, 10.87s/it, bound:3634 nc:2608 ncall:1.9e+07 eff:0.1% logz-ratio=719451.40+/-0.12 dlogz:401.554>0.01]16491it [3:10:58, 10.97s/it, bound:3635 nc:3094 ncall:1.9e+07 eff:0.1% logz-ratio=719452.81+/-0.14 dlogz:400.189>0.01]16495it [3:11:44, 11.09s/it, bound:3636 nc:3048 ncall:1.9e+07 eff:0.1% logz-ratio=719453.60+/-0.11 dlogz:399.270>0.01]16499it [3:12:27, 11.01s/it, bound:3637 nc:2867 ncall:1.9e+07 eff:0.1% logz-ratio=719454.58+/-0.14 dlogz:398.408>0.01]16503it [3:13:15, 11.31s/it, bound:3638 nc:3085 ncall:1.9e+07 eff:0.1% logz-ratio=719456.02+/-0.16 dlogz:397.105>0.01]16507it [3:13:59, 11.25s/it, bound:3639 nc:3123 ncall:1.9e+07 eff:0.1% logz-ratio=719457.24+/-0.13 dlogz:395.705>0.01]16511it [3:14:40, 10.89s/it, bound:3640 nc:2506 ncall:1.9e+07 eff:0.1% logz-ratio=719458.26+/-0.11 dlogz:394.607>0.01]16515it [3:15:25, 11.02s/it, bound:3641 nc:2358 ncall:1.9e+07 eff:0.1% logz-ratio=719459.11+/-0.13 dlogz:393.807>0.01]16517it [3:15:36, 10.09s/it, bound:3641 nc:2635 ncall:1.9e+07 eff:0.1% logz-ratio=719459.61+/-0.12 dlogz:393.289>0.01]16519it [3:16:21, 12.57s/it, bound:3642 nc:2770 ncall:1.9e+07 eff:0.1% logz-ratio=719460.13+/-0.13 dlogz:392.784>0.01]16523it [3:17:06, 12.04s/it, bound:3643 nc:3144 ncall:1.9e+07 eff:0.1% logz-ratio=719460.88+/-0.11 dlogz:391.938>0.01]16527it [3:17:47, 11.45s/it, bound:3644 nc:2943 ncall:1.9e+07 eff:0.1% logz-ratio=719461.46+/-0.10 dlogz:391.324>0.01]16531it [3:18:30, 11.19s/it, bound:3645 nc:3045 ncall:1.9e+07 eff:0.1% logz-ratio=719462.16+/-0.11 dlogz:390.651>0.01]16535it [3:19:13, 11.10s/it, bound:3646 nc:2963 ncall:1.9e+07 eff:0.1% logz-ratio=719462.98+/-0.13 dlogz:389.895>0.01]16539it [3:19:54, 10.81s/it, bound:3647 nc:2937 ncall:1.9e+07 eff:0.1% logz-ratio=719464.25+/-0.13 dlogz:388.603>0.01]16543it [3:20:34, 10.58s/it, bound:3648 nc:2831 ncall:1.9e+07 eff:0.1% logz-ratio=719464.98+/-0.10 dlogz:387.782>0.01]16547it [3:21:20, 10.82s/it, bound:3649 nc:3152 ncall:1.9e+07 eff:0.1% logz-ratio=719465.88+/-0.14 dlogz:387.023>0.01]16551it [3:22:06, 11.03s/it, bound:3650 nc:2943 ncall:1.9e+07 eff:0.1% logz-ratio=719466.76+/-0.11 dlogz:386.005>0.01]16555it [3:22:48, 10.93s/it, bound:3651 nc:2752 ncall:1.9e+07 eff:0.1% logz-ratio=719467.41+/-0.11 dlogz:385.338>0.01]16559it [3:23:31, 10.87s/it, bound:3652 nc:2384 ncall:1.9e+07 eff:0.1% logz-ratio=719468.43+/-0.12 dlogz:384.355>0.01]16563it [3:24:20, 11.28s/it, bound:3653 nc:3114 ncall:1.9e+07 eff:0.1% logz-ratio=719469.04+/-0.10 dlogz:383.662>0.01]16567it [3:25:05, 11.28s/it, bound:3654 nc:3027 ncall:1.9e+07 eff:0.1% logz-ratio=719469.88+/-0.12 dlogz:473.290>0.01]16571it [3:25:47, 11.03s/it, bound:3655 nc:2388 ncall:1.9e+07 eff:0.1% logz-ratio=719470.60+/-0.11 dlogz:472.537>0.01]16573it [3:25:59, 10.10s/it, bound:3655 nc:3005 ncall:1.9e+07 eff:0.1% logz-ratio=719471.02+/-0.12 dlogz:472.123>0.01]16575it [3:26:48, 12.99s/it, bound:3656 nc:3080 ncall:1.9e+07 eff:0.1% logz-ratio=719471.44+/-0.12 dlogz:471.716>0.01]16579it [3:27:33, 12.40s/it, bound:3657 nc:3063 ncall:1.9e+07 eff:0.1% logz-ratio=719472.42+/-0.13 dlogz:470.758>0.01]16583it [3:28:18, 11.97s/it, bound:3658 nc:3216 ncall:1.9e+07 eff:0.1% logz-ratio=719473.21+/-0.11 dlogz:469.885>0.01]16587it [3:29:03, 11.77s/it, bound:3659 nc:3243 ncall:1.9e+07 eff:0.1% logz-ratio=719473.92+/-0.11 dlogz:469.179>0.01]16591it [3:29:46, 11.47s/it, bound:3660 nc:3027 ncall:1.9e+07 eff:0.1% logz-ratio=719474.67+/-0.13 dlogz:468.481>0.01]16595it [3:30:31, 11.36s/it, bound:3661 nc:2658 ncall:1.9e+07 eff:0.1% logz-ratio=719475.67+/-0.12 dlogz:467.448>0.01]16599it [3:31:16, 11.33s/it, bound:3662 nc:2986 ncall:1.9e+07 eff:0.1% logz-ratio=719476.63+/-0.12 dlogz:466.483>0.01]16603it [3:32:01, 11.29s/it, bound:3663 nc:3021 ncall:1.9e+07 eff:0.1% logz-ratio=719477.87+/-0.13 dlogz:465.267>0.01]16607it [3:32:47, 11.37s/it, bound:3664 nc:2802 ncall:1.9e+07 eff:0.1% logz-ratio=719478.78+/-0.13 dlogz:464.358>0.01]16611it [3:33:27, 10.97s/it, bound:3665 nc:2597 ncall:1.9e+07 eff:0.1% logz-ratio=719479.71+/-0.11 dlogz:463.357>0.01]16615it [3:34:15, 11.24s/it, bound:3666 nc:3422 ncall:1.9e+07 eff:0.1% logz-ratio=719480.46+/-0.13 dlogz:462.643>0.01]16619it [3:34:59, 11.23s/it, bound:3667 nc:2893 ncall:1.9e+07 eff:0.1% logz-ratio=719481.74+/-0.14 dlogz:461.406>0.01]16623it [3:35:44, 11.21s/it, bound:3668 nc:3165 ncall:1.9e+07 eff:0.1% logz-ratio=719482.79+/-0.13 dlogz:460.329>0.01]16627it [3:36:32, 11.45s/it, bound:3669 nc:2768 ncall:1.9e+07 eff:0.1% logz-ratio=719483.84+/-0.13 dlogz:459.240>0.01]16629it [3:36:44, 10.46s/it, bound:3669 nc:3161 ncall:1.9e+07 eff:0.1% logz-ratio=719484.29+/-0.12 dlogz:458.748>0.01]16631it [3:37:29, 12.86s/it, bound:3670 nc:2445 ncall:1.9e+07 eff:0.1% logz-ratio=719484.62+/-0.10 dlogz:458.358>0.01]16635it [3:38:12, 12.16s/it, bound:3671 nc:2923 ncall:1.9e+07 eff:0.1% logz-ratio=719485.25+/-0.11 dlogz:457.767>0.01]16639it [3:39:00, 12.08s/it, bound:3672 nc:3055 ncall:1.9e+07 eff:0.1% logz-ratio=719485.90+/-0.10 dlogz:457.063>0.01]16643it [3:39:48, 12.02s/it, bound:3673 nc:2991 ncall:1.9e+07 eff:0.1% logz-ratio=719486.44+/-0.09 dlogz:456.494>0.01]16647it [3:40:31, 11.66s/it, bound:3674 nc:3069 ncall:1.9e+07 eff:0.1% logz-ratio=719487.17+/-0.12 dlogz:455.853>0.01]16651it [3:41:17, 11.62s/it, bound:3675 nc:2890 ncall:1.9e+07 eff:0.1% logz-ratio=719488.66+/-0.15 dlogz:454.507>0.01]16655it [3:42:03, 11.53s/it, bound:3676 nc:3244 ncall:1.9e+07 eff:0.1% logz-ratio=719490.13+/-0.17 dlogz:453.104>0.01]16659it [3:42:42, 11.04s/it, bound:3677 nc:2715 ncall:1.9e+07 eff:0.1% logz-ratio=719491.54+/-0.14 dlogz:451.511>0.01]16663it [3:43:30, 11.27s/it, bound:3678 nc:2590 ncall:1.9e+07 eff:0.1% logz-ratio=719492.74+/-0.16 dlogz:450.445>0.01]16667it [3:44:16, 11.37s/it, bound:3679 nc:3226 ncall:1.9e+07 eff:0.1% logz-ratio=719494.11+/-0.13 dlogz:448.908>0.01]16671it [3:45:05, 11.63s/it, bound:3680 nc:2340 ncall:1.9e+07 eff:0.1% logz-ratio=719495.16+/-0.12 dlogz:447.802>0.01]16675it [3:45:47, 11.27s/it, bound:3681 nc:2964 ncall:1.9e+07 eff:0.1% logz-ratio=719495.76+/-0.09 dlogz:447.102>0.01]16679it [3:46:33, 11.34s/it, bound:3682 nc:3243 ncall:1.9e+07 eff:0.1% logz-ratio=719496.27+/-0.10 dlogz:446.608>0.01]16683it [3:47:20, 11.52s/it, bound:3683 nc:3396 ncall:1.9e+07 eff:0.1% logz-ratio=719497.15+/-0.15 dlogz:445.927>0.01]16685it [3:47:29, 10.25s/it, bound:3683 nc:3167 ncall:1.9e+07 eff:0.1% logz-ratio=719497.78+/-0.14 dlogz:445.225>0.01]16686it [3:47:40, 10.25s/it, bound:3684 nc:  1 ncall:1.9e+07 eff:0.1% logz-ratio=719935.80+/-0.47 dlogz:1.099>0.01]   16687it [3:48:16, 12.91s/it, bound:3684 nc:2693 ncall:1.9e+07 eff:0.1% logz-ratio=719498.33+/-0.13 dlogz:444.653>0.01]16691it [3:49:04, 12.57s/it, bound:3685 nc:2796 ncall:1.9e+07 eff:0.1% logz-ratio=719499.29+/-0.12 dlogz:443.624>0.01]16695it [3:49:52, 12.37s/it, bound:3686 nc:3434 ncall:1.9e+07 eff:0.1% logz-ratio=719500.01+/-0.10 dlogz:442.842>0.01]16699it [3:50:38, 12.08s/it, bound:3687 nc:2500 ncall:1.9e+07 eff:0.1% logz-ratio=719500.60+/-0.10 dlogz:442.228>0.01]16703it [3:51:22, 11.77s/it, bound:3688 nc:3225 ncall:1.9e+07 eff:0.1% logz-ratio=719501.15+/-0.10 dlogz:441.667>0.01]16707it [3:52:04, 11.36s/it, bound:3689 nc:2476 ncall:1.9e+07 eff:0.1% logz-ratio=719501.65+/-0.10 dlogz:441.159>0.01]16711it [3:52:50, 11.43s/it, bound:3690 nc:3080 ncall:1.9e+07 eff:0.1% logz-ratio=719502.23+/-0.09 dlogz:440.570>0.01]16715it [3:53:34, 11.29s/it, bound:3691 nc:2445 ncall:1.9e+07 eff:0.1% logz-ratio=719502.89+/-0.11 dlogz:439.941>0.01]16719it [3:54:21, 11.41s/it, bound:3692 nc:3350 ncall:1.9e+07 eff:0.1% logz-ratio=719503.56+/-0.10 dlogz:439.236>0.01]16723it [3:55:01, 10.98s/it, bound:3693 nc:2729 ncall:1.9e+07 eff:0.1% logz-ratio=719504.12+/-0.10 dlogz:438.666>0.01]16727it [3:55:44, 10.89s/it, bound:3694 nc:3004 ncall:1.9e+07 eff:0.1% logz-ratio=719504.87+/-0.13 dlogz:438.033>0.01]16731it [3:56:24, 10.66s/it, bound:3695 nc:2601 ncall:1.9e+07 eff:0.1% logz-ratio=719506.01+/-0.14 dlogz:436.905>0.01]16735it [3:57:06, 10.61s/it, bound:3696 nc:2588 ncall:1.9e+07 eff:0.1% logz-ratio=719507.22+/-0.13 dlogz:435.680>0.01]16739it [3:57:48, 10.58s/it, bound:3697 nc:2863 ncall:1.9e+07 eff:0.1% logz-ratio=719508.21+/-0.12 dlogz:434.613>0.01]16741it [3:57:53,  9.15s/it, bound:3697 nc:1868 ncall:1.9e+07 eff:0.1% logz-ratio=719508.56+/-0.11 dlogz:434.218>0.01]16742it [3:58:10,  9.15s/it, bound:3698 nc:  1 ncall:1.9e+07 eff:0.1% logz-ratio=719935.69+/-0.48 dlogz:1.099>0.01]   16743it [3:58:37, 11.75s/it, bound:3698 nc:3031 ncall:1.9e+07 eff:0.1% logz-ratio=719509.08+/-0.13 dlogz:433.796>0.01]16747it [3:59:21, 11.41s/it, bound:3699 nc:2732 ncall:1.9e+07 eff:0.1% logz-ratio=719510.00+/-0.12 dlogz:432.807>0.01]16751it [4:00:03, 11.17s/it, bound:3700 nc:2729 ncall:1.9e+07 eff:0.1% logz-ratio=719510.70+/-0.12 dlogz:432.104>0.01]16755it [4:00:48, 11.14s/it, bound:3701 nc:3053 ncall:1.9e+07 eff:0.1% logz-ratio=719511.72+/-0.14 dlogz:431.173>0.01]16759it [4:01:33, 11.16s/it, bound:3702 nc:2690 ncall:1.9e+07 eff:0.1% logz-ratio=719513.08+/-0.14 dlogz:429.769>0.01]16763it [4:02:17, 11.13s/it, bound:3703 nc:2958 ncall:1.9e+07 eff:0.1% logz-ratio=719513.92+/-0.12 dlogz:428.860>0.01]16767it [4:02:59, 10.93s/it, bound:3704 nc:2616 ncall:2.0e+07 eff:0.1% logz-ratio=719514.57+/-0.10 dlogz:428.126>0.01]16771it [4:03:50, 11.50s/it, bound:3705 nc:2968 ncall:2.0e+07 eff:0.1% logz-ratio=719515.15+/-0.10 dlogz:427.541>0.01]16775it [4:04:42, 11.98s/it, bound:3706 nc:2992 ncall:2.0e+07 eff:0.1% logz-ratio=719515.69+/-0.09 dlogz:426.972>0.01]16779it [4:05:22, 11.34s/it, bound:3707 nc:2517 ncall:2.0e+07 eff:0.1% logz-ratio=719516.28+/-0.11 dlogz:426.430>0.01]16783it [4:06:08, 11.38s/it, bound:3708 nc:2742 ncall:2.0e+07 eff:0.1% logz-ratio=719517.16+/-0.12 dlogz:425.585>0.01]16787it [4:06:52, 11.30s/it, bound:3709 nc:2780 ncall:2.0e+07 eff:0.1% logz-ratio=719517.92+/-0.11 dlogz:424.760>0.01]16791it [4:07:32, 10.93s/it, bound:3710 nc:2788 ncall:2.0e+07 eff:0.1% logz-ratio=719518.49+/-0.09 dlogz:424.140>0.01]16795it [4:08:15, 10.85s/it, bound:3711 nc:2996 ncall:2.0e+07 eff:0.1% logz-ratio=719519.08+/-0.11 dlogz:423.587>0.01]16797it [4:08:27,  9.97s/it, bound:3711 nc:3008 ncall:2.0e+07 eff:0.1% logz-ratio=719519.48+/-0.12 dlogz:423.216>0.01]16799it [4:09:10, 12.27s/it, bound:3712 nc:2225 ncall:2.0e+07 eff:0.1% logz-ratio=719519.83+/-0.11 dlogz:422.824>0.01]16803it [4:09:53, 11.75s/it, bound:3713 nc:2610 ncall:2.0e+07 eff:0.1% logz-ratio=719520.61+/-0.12 dlogz:422.079>0.01]16807it [4:10:39, 11.66s/it, bound:3714 nc:2879 ncall:2.0e+07 eff:0.1% logz-ratio=719521.36+/-0.11 dlogz:421.282>0.01]16811it [4:11:21, 11.31s/it, bound:3715 nc:2951 ncall:2.0e+07 eff:0.1% logz-ratio=719522.01+/-0.12 dlogz:420.667>0.01]16815it [4:12:05, 11.21s/it, bound:3716 nc:2704 ncall:2.0e+07 eff:0.1% logz-ratio=719522.90+/-0.12 dlogz:419.787>0.01]16819it [4:12:49, 11.11s/it, bound:3717 nc:3125 ncall:2.0e+07 eff:0.1% logz-ratio=719523.69+/-0.11 dlogz:418.930>0.01]16823it [4:13:34, 11.13s/it, bound:3718 nc:3179 ncall:2.0e+07 eff:0.1% logz-ratio=719524.32+/-0.11 dlogz:418.285>0.01]16827it [4:14:19, 11.20s/it, bound:3719 nc:3247 ncall:2.0e+07 eff:0.1% logz-ratio=719525.02+/-0.11 dlogz:417.598>0.01]16831it [4:15:02, 11.03s/it, bound:3720 nc:2685 ncall:2.0e+07 eff:0.1% logz-ratio=719525.68+/-0.11 dlogz:416.921>0.01]16835it [4:15:46, 11.03s/it, bound:3721 nc:3164 ncall:2.0e+07 eff:0.1% logz-ratio=719526.77+/-0.18 dlogz:416.202>0.01]16839it [4:16:32, 11.19s/it, bound:3722 nc:3072 ncall:2.0e+07 eff:0.1% logz-ratio=719528.34+/-0.13 dlogz:414.317>0.01]16843it [4:17:12, 10.85s/it, bound:3723 nc:2845 ncall:2.0e+07 eff:0.1% logz-ratio=719529.29+/-0.12 dlogz:413.313>0.01]16847it [4:17:55, 10.84s/it, bound:3724 nc:3043 ncall:2.0e+07 eff:0.1% logz-ratio=719530.12+/-0.12 dlogz:412.500>0.01]16851it [4:18:37, 10.68s/it, bound:3725 nc:2651 ncall:2.0e+07 eff:0.1% logz-ratio=719531.04+/-0.12 dlogz:411.557>0.01]16853it [4:18:42,  9.23s/it, bound:3725 nc:2943 ncall:2.0e+07 eff:0.1% logz-ratio=719531.39+/-0.11 dlogz:411.150>0.01]16855it [4:19:24, 11.60s/it, bound:3726 nc:2723 ncall:2.0e+07 eff:0.1% logz-ratio=719531.74+/-0.11 dlogz:410.829>0.01]16859it [4:20:09, 11.47s/it, bound:3727 nc:3233 ncall:2.0e+07 eff:0.1% logz-ratio=719532.79+/-0.14 dlogz:409.895>0.01]16863it [4:20:52, 11.30s/it, bound:3728 nc:3078 ncall:2.0e+07 eff:0.1% logz-ratio=719534.11+/-0.16 dlogz:408.657>0.01]16867it [4:21:37, 11.28s/it, bound:3729 nc:3081 ncall:2.0e+07 eff:0.1% logz-ratio=719535.22+/-0.12 dlogz:407.360>0.01]16871it [4:22:16, 10.75s/it, bound:3730 nc:2737 ncall:2.0e+07 eff:0.1% logz-ratio=719535.91+/-0.10 dlogz:406.587>0.01]16875it [4:22:54, 10.35s/it, bound:3731 nc:2435 ncall:2.0e+07 eff:0.1% logz-ratio=719536.43+/-0.10 dlogz:406.050>0.01]16879it [4:23:42, 10.91s/it, bound:3732 nc:3350 ncall:2.0e+07 eff:0.1% logz-ratio=719537.32+/-0.13 dlogz:405.255>0.01]16883it [4:24:27, 11.02s/it, bound:3733 nc:2798 ncall:2.0e+07 eff:0.1% logz-ratio=719538.16+/-0.12 dlogz:404.358>0.01]16887it [4:25:13, 11.16s/it, bound:3734 nc:2869 ncall:2.0e+07 eff:0.1% logz-ratio=719538.89+/-0.10 dlogz:403.579>0.01]16891it [4:25:59, 11.21s/it, bound:3735 nc:2642 ncall:2.0e+07 eff:0.1% logz-ratio=719539.44+/-0.09 dlogz:402.995>0.01]16895it [4:26:44, 11.24s/it, bound:3736 nc:2621 ncall:2.0e+07 eff:0.1% logz-ratio=719539.93+/-0.09 dlogz:402.484>0.01]16899it [4:27:29, 11.28s/it, bound:3737 nc:3076 ncall:2.0e+07 eff:0.1% logz-ratio=719540.32+/-0.08 dlogz:402.060>0.01]16903it [4:28:15, 11.33s/it, bound:3738 nc:2755 ncall:2.0e+07 eff:0.1% logz-ratio=719540.71+/-0.09 dlogz:401.682>0.01]16907it [4:29:17, 12.58s/it, bound:3739 nc:2838 ncall:2.0e+07 eff:0.1% logz-ratio=719541.23+/-0.10 dlogz:401.184>0.01]16909it [4:29:22, 10.83s/it, bound:3739 nc:3181 ncall:2.0e+07 eff:0.1% logz-ratio=719541.54+/-0.11 dlogz:400.889>0.01]16911it [4:30:08, 13.20s/it, bound:3740 nc:2617 ncall:2.0e+07 eff:0.1% logz-ratio=719541.90+/-0.11 dlogz:400.549>0.01]16915it [4:31:13, 14.31s/it, bound:3741 nc:3285 ncall:2.0e+07 eff:0.1% logz-ratio=719542.57+/-0.10 dlogz:399.840>0.01]16918it [4:31:13, 10.29s/it, bound:3742 nc:  1 ncall:2.0e+07 eff:0.1% logz-ratio=719640.58+/-0.28 dlogz:300.492>0.01] 16918it [4:31:30, 10.29s/it, bound:3742 nc:  1 ncall:2.0e+07 eff:0.1% logz-ratio=719935.34+/-0.62 dlogz:1.099>0.01]  16919it [4:32:07, 15.53s/it, bound:3742 nc:3179 ncall:2.0e+07 eff:0.1% logz-ratio=719543.10+/-0.09 dlogz:399.271>0.01]16923it [4:33:08, 15.41s/it, bound:3743 nc:2936 ncall:2.0e+07 eff:0.1% logz-ratio=719543.64+/-0.11 dlogz:398.782>0.01]16927it [4:34:13, 15.66s/it, bound:3744 nc:2896 ncall:2.0e+07 eff:0.1% logz-ratio=719544.24+/-0.10 dlogz:398.133>0.01]16931it [4:35:19, 15.97s/it, bound:3745 nc:2767 ncall:2.0e+07 eff:0.1% logz-ratio=719544.83+/-0.11 dlogz:397.567>0.01]16935it [4:36:27, 16.34s/it, bound:3746 nc:3138 ncall:2.0e+07 eff:0.1% logz-ratio=719545.79+/-0.13 dlogz:396.663>0.01]16939it [4:37:12, 14.69s/it, bound:3747 nc:2816 ncall:2.0e+07 eff:0.1% logz-ratio=719546.72+/-0.12 dlogz:395.700>0.01]16943it [4:38:10, 14.60s/it, bound:3748 nc:3233 ncall:2.0e+07 eff:0.1% logz-ratio=719547.45+/-0.12 dlogz:394.976>0.01]16947it [4:39:15, 15.11s/it, bound:3749 nc:3281 ncall:2.0e+07 eff:0.1% logz-ratio=719548.31+/-0.11 dlogz:394.068>0.01]16951it [4:39:58, 13.81s/it, bound:3750 nc:3071 ncall:2.0e+07 eff:0.1% logz-ratio=719549.16+/-0.11 dlogz:393.211>0.01]16953it [4:40:10, 12.39s/it, bound:3750 nc:2799 ncall:2.0e+07 eff:0.1% logz-ratio=719549.52+/-0.11 dlogz:392.836>0.01]16955it [4:40:50, 13.92s/it, bound:3751 nc:2478 ncall:2.0e+07 eff:0.1% logz-ratio=719549.92+/-0.12 dlogz:392.459>0.01]16959it [4:41:34, 12.84s/it, bound:3752 nc:3087 ncall:2.0e+07 eff:0.1% logz-ratio=719550.73+/-0.11 dlogz:391.607>0.01]16963it [4:42:20, 12.43s/it, bound:3753 nc:3014 ncall:2.0e+07 eff:0.1% logz-ratio=719551.27+/-0.09 dlogz:391.012>0.01]16967it [4:43:09, 12.37s/it, bound:3754 nc:3391 ncall:2.0e+07 eff:0.1% logz-ratio=719551.74+/-0.10 dlogz:390.545>0.01]16971it [4:43:56, 12.17s/it, bound:3755 nc:2465 ncall:2.0e+07 eff:0.1% logz-ratio=719552.21+/-0.09 dlogz:390.042>0.01]16975it [4:44:41, 11.87s/it, bound:3756 nc:3129 ncall:2.0e+07 eff:0.1% logz-ratio=719552.64+/-0.09 dlogz:389.623>0.01]16979it [4:45:32, 12.12s/it, bound:3757 nc:2913 ncall:2.0e+07 eff:0.1% logz-ratio=719553.19+/-0.11 dlogz:389.103>0.01]16983it [4:46:20, 12.14s/it, bound:3758 nc:3390 ncall:2.0e+07 eff:0.1% logz-ratio=719554.10+/-0.12 dlogz:388.225>0.01]16987it [4:47:10, 12.20s/it, bound:3759 nc:3443 ncall:2.0e+07 eff:0.1% logz-ratio=719554.75+/-0.10 dlogz:387.527>0.01]16991it [4:47:55, 11.89s/it, bound:3760 nc:3116 ncall:2.0e+07 eff:0.1% logz-ratio=719555.43+/-0.11 dlogz:386.844>0.01]16995it [4:48:44, 12.02s/it, bound:3761 nc:3257 ncall:2.0e+07 eff:0.1% logz-ratio=719556.00+/-0.09 dlogz:386.227>0.01]16999it [4:49:25, 11.53s/it, bound:3762 nc:2847 ncall:2.0e+07 eff:0.1% logz-ratio=719556.49+/-0.09 dlogz:385.714>0.01]17003it [4:50:13, 11.64s/it, bound:3763 nc:3319 ncall:2.0e+07 eff:0.1% logz-ratio=719556.93+/-0.08 dlogz:385.258>0.01]17005it [4:50:26, 10.69s/it, bound:3763 nc:3072 ncall:2.0e+07 eff:0.1% logz-ratio=719557.16+/-0.09 dlogz:385.045>0.01]17007it [4:51:21, 14.14s/it, bound:3764 nc:2779 ncall:2.0e+07 eff:0.1% logz-ratio=719557.43+/-0.10 dlogz:384.774>0.01]17011it [4:52:12, 13.60s/it, bound:3765 nc:3063 ncall:2.0e+07 eff:0.1% logz-ratio=719557.94+/-0.09 dlogz:384.251>0.01]17015it [4:53:14, 14.28s/it, bound:3766 nc:3307 ncall:2.0e+07 eff:0.1% logz-ratio=719558.49+/-0.10 dlogz:383.705>0.01]17019it [4:54:14, 14.49s/it, bound:3767 nc:3323 ncall:2.0e+07 eff:0.1% logz-ratio=719559.19+/-0.11 dlogz:383.053>0.01]17023it [4:55:11, 14.40s/it, bound:3768 nc:2542 ncall:2.0e+07 eff:0.1% logz-ratio=719560.03+/-0.12 dlogz:382.217>0.01]17027it [4:55:59, 13.67s/it, bound:3769 nc:2503 ncall:2.0e+07 eff:0.1% logz-ratio=719560.86+/-0.12 dlogz:381.406>0.01]17031it [4:56:59, 14.06s/it, bound:3770 nc:3355 ncall:2.0e+07 eff:0.1% logz-ratio=719561.68+/-0.12 dlogz:380.543>0.01]17034it [4:58:01, 15.72s/it, bound:3771 nc:6393 ncall:2.0e+07 eff:0.1% logz-ratio=719562.22+/-0.15 dlogz:379.969>0.01]17038it [4:58:58, 15.25s/it, bound:3772 nc:2970 ncall:2.0e+07 eff:0.1% logz-ratio=719563.05+/-0.15 dlogz:379.140>0.01]17042it [5:00:02, 15.49s/it, bound:3773 nc:3353 ncall:2.0e+07 eff:0.1% logz-ratio=719563.73+/-0.14 dlogz:378.419>0.01]17046it [5:00:59, 15.12s/it, bound:3774 nc:2494 ncall:2.0e+07 eff:0.1% logz-ratio=719564.35+/-0.14 dlogz:377.796>0.01]17047it [5:01:09, 14.64s/it, bound:3774 nc:3021 ncall:2.0e+07 eff:0.1% logz-ratio=719564.48+/-0.10 dlogz:377.648>0.01]17050it [5:02:10, 16.28s/it, bound:3775 nc:2588 ncall:2.0e+07 eff:0.1% logz-ratio=719564.89+/-0.13 dlogz:377.241>0.01]17054it [5:03:13, 16.14s/it, bound:3776 nc:3065 ncall:2.0e+07 eff:0.1% logz-ratio=719565.40+/-0.13 dlogz:376.700>0.01]17058it [5:04:10, 15.43s/it, bound:3777 nc:2833 ncall:2.0e+07 eff:0.1% logz-ratio=719565.91+/-0.14 dlogz:376.223>0.01]17062it [5:05:08, 15.14s/it, bound:3778 nc:2662 ncall:2.0e+07 eff:0.1% logz-ratio=719566.53+/-0.14 dlogz:375.588>0.01]17066it [5:06:06, 14.92s/it, bound:3779 nc:2480 ncall:2.0e+07 eff:0.1% logz-ratio=719567.11+/-0.13 dlogz:374.979>0.01]17070it [5:07:07, 15.03s/it, bound:3780 nc:3438 ncall:2.0e+07 eff:0.1% logz-ratio=719567.59+/-0.12 dlogz:374.470>0.01]17074it [5:08:09, 15.21s/it, bound:3781 nc:3193 ncall:2.0e+07 eff:0.1% logz-ratio=719568.04+/-0.12 dlogz:374.013>0.01]17078it [5:09:05, 14.81s/it, bound:3782 nc:2884 ncall:2.0e+07 eff:0.1% logz-ratio=719568.51+/-0.13 dlogz:373.555>0.01]17082it [5:10:03, 14.75s/it, bound:3783 nc:2690 ncall:2.0e+07 eff:0.1% logz-ratio=719569.08+/-0.14 dlogz:373.013>0.01]17086it [5:10:56, 14.29s/it, bound:3784 nc:2770 ncall:2.0e+07 eff:0.1% logz-ratio=719570.16+/-0.17 dlogz:372.010>0.01]17090it [5:11:48, 13.89s/it, bound:3785 nc:3103 ncall:2.0e+07 eff:0.1% logz-ratio=719571.00+/-0.16 dlogz:371.113>0.01]17091it [5:11:57, 13.47s/it, bound:3785 nc:2693 ncall:2.0e+07 eff:0.1% logz-ratio=719571.19+/-0.11 dlogz:370.911>0.01]17094it [5:12:55, 15.13s/it, bound:3786 nc:2922 ncall:2.0e+07 eff:0.1% logz-ratio=719571.75+/-0.15 dlogz:370.344>0.01]17098it [5:13:41, 13.84s/it, bound:3787 nc:3181 ncall:2.0e+07 eff:0.1% logz-ratio=719572.40+/-0.14 dlogz:369.669>0.01]17102it [5:14:27, 13.06s/it, bound:3788 nc:3107 ncall:2.1e+07 eff:0.1% logz-ratio=719573.04+/-0.14 dlogz:368.988>0.01]17106it [5:15:15, 12.74s/it, bound:3789 nc:3006 ncall:2.1e+07 eff:0.1% logz-ratio=719573.69+/-0.15 dlogz:368.411>0.01]17110it [5:16:00, 12.26s/it, bound:3790 nc:3151 ncall:2.1e+07 eff:0.1% logz-ratio=719574.43+/-0.14 dlogz:367.587>0.01]17114it [5:16:45, 11.96s/it, bound:3791 nc:3140 ncall:2.1e+07 eff:0.1% logz-ratio=719574.92+/-0.12 dlogz:367.047>0.01]17118it [5:17:33, 11.91s/it, bound:3792 nc:3350 ncall:2.1e+07 eff:0.1% logz-ratio=719575.68+/-0.18 dlogz:366.477>0.01]17122it [5:18:22, 12.00s/it, bound:3793 nc:3184 ncall:2.1e+07 eff:0.1% logz-ratio=719576.46+/-0.15 dlogz:365.545>0.01]17126it [5:19:07, 11.82s/it, bound:3794 nc:2940 ncall:2.1e+07 eff:0.1% logz-ratio=719577.21+/-0.15 dlogz:364.810>0.01]17130it [5:19:55, 11.83s/it, bound:3795 nc:3340 ncall:2.1e+07 eff:0.1% logz-ratio=719577.89+/-0.15 dlogz:364.110>0.01]17134it [5:20:39, 11.64s/it, bound:3796 nc:3126 ncall:2.1e+07 eff:0.1% logz-ratio=719578.56+/-0.14 dlogz:363.401>0.01]17138it [5:21:27, 11.69s/it, bound:3797 nc:3299 ncall:2.1e+07 eff:0.1% logz-ratio=719579.39+/-0.16 dlogz:362.632>0.01]17142it [5:22:13, 11.68s/it, bound:3798 nc:2872 ncall:2.1e+07 eff:0.1% logz-ratio=719580.10+/-0.15 dlogz:361.888>0.01]17143it [5:22:25, 11.72s/it, bound:3798 nc:3270 ncall:2.1e+07 eff:0.1% logz-ratio=719580.26+/-0.11 dlogz:361.704>0.01]17146it [5:23:10, 12.66s/it, bound:3799 nc:3118 ncall:2.1e+07 eff:0.1% logz-ratio=719581.02+/-0.18 dlogz:361.018>0.01]17150it [5:23:58, 12.38s/it, bound:3800 nc:3238 ncall:2.1e+07 eff:0.1% logz-ratio=719581.92+/-0.16 dlogz:360.043>0.01]17154it [5:24:42, 11.99s/it, bound:3801 nc:3068 ncall:2.1e+07 eff:0.1% logz-ratio=719582.84+/-0.17 dlogz:359.184>0.01]17158it [5:25:28, 11.78s/it, bound:3802 nc:3200 ncall:2.1e+07 eff:0.1% logz-ratio=719583.66+/-0.16 dlogz:358.305>0.01]17162it [5:26:14, 11.71s/it, bound:3803 nc:2662 ncall:2.1e+07 eff:0.1% logz-ratio=719584.39+/-0.15 dlogz:357.545>0.01]17166it [5:27:03, 11.90s/it, bound:3804 nc:3355 ncall:2.1e+07 eff:0.1% logz-ratio=719584.93+/-0.13 dlogz:356.950>0.01]17170it [5:27:56, 12.31s/it, bound:3805 nc:3483 ncall:2.1e+07 eff:0.1% logz-ratio=719585.40+/-0.13 dlogz:356.469>0.01]17174it [5:28:45, 12.29s/it, bound:3806 nc:3360 ncall:2.1e+07 eff:0.1% logz-ratio=719585.91+/-0.13 dlogz:355.963>0.01]17178it [5:29:30, 11.97s/it, bound:3807 nc:2432 ncall:2.1e+07 eff:0.1% logz-ratio=719586.36+/-0.12 dlogz:355.475>0.01]17182it [5:30:20, 12.10s/it, bound:3808 nc:3561 ncall:2.1e+07 eff:0.1% logz-ratio=719586.79+/-0.12 dlogz:355.043>0.01]17186it [5:31:05, 11.87s/it, bound:3809 nc:3195 ncall:2.1e+07 eff:0.1% logz-ratio=719587.16+/-0.11 dlogz:354.656>0.01]17190it [5:31:52, 11.80s/it, bound:3810 nc:3027 ncall:2.1e+07 eff:0.1% logz-ratio=719587.67+/-0.13 dlogz:354.174>0.01]17194it [5:32:41, 11.95s/it, bound:3811 nc:2936 ncall:2.1e+07 eff:0.1% logz-ratio=719588.45+/-0.16 dlogz:353.434>0.01]17195it [5:32:46, 11.28s/it, bound:3811 nc:3000 ncall:2.1e+07 eff:0.1% logz-ratio=719588.64+/-0.11 dlogz:353.247>0.01]17198it [5:33:33, 12.57s/it, bound:3812 nc:2954 ncall:2.1e+07 eff:0.1% logz-ratio=719589.14+/-0.14 dlogz:352.705>0.01]17202it [5:34:22, 12.42s/it, bound:3813 nc:3043 ncall:2.1e+07 eff:0.1% logz-ratio=719589.67+/-0.13 dlogz:352.152>0.01]17206it [5:35:07, 12.09s/it, bound:3814 nc:2589 ncall:2.1e+07 eff:0.1% logz-ratio=719590.61+/-0.17 dlogz:351.314>0.01]17210it [5:35:56, 12.14s/it, bound:3815 nc:3487 ncall:2.1e+07 eff:0.1% logz-ratio=719591.29+/-0.14 dlogz:350.524>0.01]17214it [5:36:41, 11.86s/it, bound:3816 nc:3207 ncall:2.1e+07 eff:0.1% logz-ratio=719591.80+/-0.13 dlogz:349.985>0.01]17218it [5:37:25, 11.57s/it, bound:3817 nc:2951 ncall:2.1e+07 eff:0.1% logz-ratio=719592.27+/-0.13 dlogz:349.504>0.01]17222it [5:38:15, 11.86s/it, bound:3818 nc:3294 ncall:2.1e+07 eff:0.1% logz-ratio=719592.75+/-0.13 dlogz:349.030>0.01]17226it [5:38:58, 11.48s/it, bound:3819 nc:2440 ncall:2.1e+07 eff:0.1% logz-ratio=719593.29+/-0.14 dlogz:348.515>0.01]17230it [5:39:42, 11.37s/it, bound:3820 nc:3182 ncall:2.1e+07 eff:0.1% logz-ratio=719593.96+/-0.15 dlogz:347.853>0.01]17234it [5:40:30, 11.53s/it, bound:3821 nc:3365 ncall:2.1e+07 eff:0.1% logz-ratio=719594.92+/-0.17 dlogz:346.961>0.01]17238it [5:41:16, 11.54s/it, bound:3822 nc:2804 ncall:2.1e+07 eff:0.1% logz-ratio=719596.27+/-0.19 dlogz:345.628>0.01]17242it [5:42:02, 11.55s/it, bound:3823 nc:3020 ncall:2.1e+07 eff:0.1% logz-ratio=719597.40+/-0.18 dlogz:344.466>0.01]17246it [5:42:50, 11.66s/it, bound:3824 nc:2876 ncall:2.1e+07 eff:0.1% logz-ratio=719598.14+/-0.14 dlogz:343.605>0.01]17247it [5:43:02, 11.70s/it, bound:3824 nc:3092 ncall:2.1e+07 eff:0.1% logz-ratio=719598.28+/-0.10 dlogz:343.453>0.01]17250it [5:43:53, 13.22s/it, bound:3825 nc:3100 ncall:2.1e+07 eff:0.1% logz-ratio=719598.69+/-0.13 dlogz:343.035>0.01]17254it [5:44:42, 12.94s/it, bound:3826 nc:3003 ncall:2.1e+07 eff:0.1% logz-ratio=719599.16+/-0.12 dlogz:342.533>0.01]17258it [5:45:35, 12.98s/it, bound:3827 nc:3392 ncall:2.1e+07 eff:0.1% logz-ratio=719599.64+/-0.13 dlogz:342.045>0.01]17262it [5:46:20, 12.41s/it, bound:3828 nc:3044 ncall:2.1e+07 eff:0.1% logz-ratio=719600.12+/-0.13 dlogz:341.573>0.01]17266it [5:47:08, 12.31s/it, bound:3829 nc:3354 ncall:2.1e+07 eff:0.1% logz-ratio=719600.74+/-0.15 dlogz:341.031>0.01]17268it [5:47:08, 10.04s/it, bound:3829 nc:  1 ncall:2.1e+07 eff:0.1% logz-ratio=719733.29+/-0.31 dlogz:206.278>0.01] 17269it [5:47:20, 10.04s/it, bound:3830 nc:2990 ncall:2.1e+07 eff:0.1% logz-ratio=719601.48+/-0.12 dlogz:340.293>0.01]17270it [5:47:59, 13.23s/it, bound:3830 nc:3325 ncall:2.1e+07 eff:0.1% logz-ratio=719601.68+/-0.16 dlogz:340.073>0.01]17274it [5:48:53, 13.36s/it, bound:3831 nc:3190 ncall:2.1e+07 eff:0.1% logz-ratio=719602.29+/-0.14 dlogz:339.388>0.01]17278it [5:49:43, 13.07s/it, bound:3832 nc:3540 ncall:2.1e+07 eff:0.1% logz-ratio=719602.84+/-0.14 dlogz:338.834>0.01]17282it [5:50:29, 12.55s/it, bound:3833 nc:3106 ncall:2.1e+07 eff:0.1% logz-ratio=719603.41+/-0.14 dlogz:338.279>0.01]17286it [5:51:20, 12.62s/it, bound:3834 nc:3584 ncall:2.1e+07 eff:0.1% logz-ratio=719604.13+/-0.14 dlogz:337.538>0.01]17290it [5:52:09, 12.52s/it, bound:3835 nc:2930 ncall:2.1e+07 eff:0.1% logz-ratio=719604.81+/-0.15 dlogz:336.871>0.01]17294it [5:52:59, 12.52s/it, bound:3836 nc:3050 ncall:2.1e+07 eff:0.1% logz-ratio=719605.77+/-0.17 dlogz:335.943>0.01]17295it [5:53:05, 11.79s/it, bound:3836 nc:2983 ncall:2.1e+07 eff:0.1% logz-ratio=719605.98+/-0.12 dlogz:335.729>0.01]17298it [5:53:51, 12.91s/it, bound:3837 nc:3184 ncall:2.1e+07 eff:0.1% logz-ratio=719606.59+/-0.16 dlogz:335.081>0.01]17302it [5:54:40, 12.64s/it, bound:3838 nc:3347 ncall:2.1e+07 eff:0.1% logz-ratio=719607.27+/-0.15 dlogz:334.400>0.01]17306it [5:55:29, 12.55s/it, bound:3839 nc:3484 ncall:2.1e+07 eff:0.1% logz-ratio=719607.98+/-0.15 dlogz:333.653>0.01]17310it [5:56:13, 12.02s/it, bound:3840 nc:3052 ncall:2.1e+07 eff:0.1% logz-ratio=719608.75+/-0.16 dlogz:332.908>0.01]17314it [5:56:58, 11.76s/it, bound:3841 nc:3120 ncall:2.1e+07 eff:0.1% logz-ratio=719609.47+/-0.16 dlogz:332.211>0.01]17318it [5:57:45, 11.76s/it, bound:3842 nc:2535 ncall:2.1e+07 eff:0.1% logz-ratio=719610.22+/-0.15 dlogz:331.396>0.01]17322it [5:58:36, 12.03s/it, bound:3843 nc:2121 ncall:2.1e+07 eff:0.1% logz-ratio=719611.06+/-0.17 dlogz:330.616>0.01]17326it [5:59:24, 12.04s/it, bound:3844 nc:1750 ncall:2.1e+07 eff:0.1% logz-ratio=719611.88+/-0.16 dlogz:329.765>0.01]17330it [6:00:11, 11.97s/it, bound:3845 nc:3174 ncall:2.1e+07 eff:0.1% logz-ratio=719612.61+/-0.15 dlogz:328.979>0.01]17334it [6:01:01, 12.10s/it, bound:3846 nc:3113 ncall:2.1e+07 eff:0.1% logz-ratio=719613.11+/-0.13 dlogz:328.424>0.01]17338it [6:01:50, 12.16s/it, bound:3847 nc:3014 ncall:2.1e+07 eff:0.1% logz-ratio=719613.71+/-0.15 dlogz:327.903>0.01]17342it [6:02:33, 11.76s/it, bound:3848 nc:3057 ncall:2.1e+07 eff:0.1% logz-ratio=719614.45+/-0.15 dlogz:327.114>0.01]17346it [6:03:21, 11.85s/it, bound:3849 nc:3416 ncall:2.1e+07 eff:0.1% logz-ratio=719615.10+/-0.14 dlogz:326.447>0.01]17347it [6:03:34, 11.87s/it, bound:3849 nc:3289 ncall:2.1e+07 eff:0.1% logz-ratio=719615.25+/-0.10 dlogz:326.294>0.01]17350it [6:04:21, 13.05s/it, bound:3850 nc:3389 ncall:2.1e+07 eff:0.1% logz-ratio=719615.70+/-0.14 dlogz:325.852>0.01]17354it [6:05:04, 12.24s/it, bound:3851 nc:3060 ncall:2.1e+07 eff:0.1% logz-ratio=719616.47+/-0.15 dlogz:325.098>0.01]17358it [6:05:53, 12.17s/it, bound:3852 nc:2533 ncall:2.1e+07 eff:0.1% logz-ratio=719617.31+/-0.16 dlogz:324.264>0.01]17362it [6:06:40, 12.06s/it, bound:3853 nc:3381 ncall:2.1e+07 eff:0.1% logz-ratio=719618.02+/-0.15 dlogz:323.540>0.01]17366it [6:07:31, 12.25s/it, bound:3854 nc:3192 ncall:2.1e+07 eff:0.1% logz-ratio=719618.64+/-0.13 dlogz:322.841>0.01]17370it [6:08:16, 12.01s/it, bound:3855 nc:2749 ncall:2.1e+07 eff:0.1% logz-ratio=719619.08+/-0.12 dlogz:322.387>0.01]17374it [6:09:08, 12.29s/it, bound:3856 nc:2911 ncall:2.1e+07 eff:0.1% logz-ratio=719619.55+/-0.12 dlogz:321.896>0.01]17378it [6:09:56, 12.19s/it, bound:3857 nc:2036 ncall:2.1e+07 eff:0.1% logz-ratio=719620.03+/-0.13 dlogz:321.425>0.01]17382it [6:10:47, 12.36s/it, bound:3858 nc:3483 ncall:2.1e+07 eff:0.1% logz-ratio=719620.65+/-0.15 dlogz:320.865>0.01]17386it [6:11:31, 11.96s/it, bound:3859 nc:3053 ncall:2.1e+07 eff:0.1% logz-ratio=719621.41+/-0.15 dlogz:320.085>0.01]17390it [6:12:18, 11.88s/it, bound:3860 nc:3109 ncall:2.1e+07 eff:0.1% logz-ratio=719622.08+/-0.15 dlogz:319.412>0.01]17394it [6:13:11, 12.26s/it, bound:3861 nc:3182 ncall:2.1e+07 eff:0.1% logz-ratio=719622.89+/-0.17 dlogz:318.644>0.01]17398it [6:14:01, 12.37s/it, bound:3862 nc:3542 ncall:2.1e+07 eff:0.1% logz-ratio=719623.67+/-0.15 dlogz:317.799>0.01]17399it [6:14:13, 12.35s/it, bound:3862 nc:3294 ncall:2.1e+07 eff:0.1% logz-ratio=719623.82+/-0.10 dlogz:317.622>0.01]17402it [6:15:02, 13.50s/it, bound:3863 nc:3420 ncall:2.1e+07 eff:0.1% logz-ratio=719624.19+/-0.13 dlogz:317.210>0.01]17406it [6:15:49, 12.87s/it, bound:3864 nc:3241 ncall:2.1e+07 eff:0.1% logz-ratio=719624.72+/-0.13 dlogz:316.682>0.01]17410it [6:16:39, 12.74s/it, bound:3865 nc:3103 ncall:2.1e+07 eff:0.1% logz-ratio=719625.21+/-0.13 dlogz:316.206>0.01]17414it [6:17:30, 12.78s/it, bound:3866 nc:3232 ncall:2.1e+07 eff:0.1% logz-ratio=719625.78+/-0.13 dlogz:315.606>0.01]17418it [6:18:15, 12.29s/it, bound:3867 nc:2593 ncall:2.1e+07 eff:0.1% logz-ratio=719626.40+/-0.15 dlogz:315.041>0.01]17422it [6:19:01, 12.04s/it, bound:3868 nc:2887 ncall:2.1e+07 eff:0.1% logz-ratio=719627.09+/-0.14 dlogz:314.295>0.01]17426it [6:19:51, 12.14s/it, bound:3869 nc:3158 ncall:2.1e+07 eff:0.1% logz-ratio=719627.58+/-0.13 dlogz:313.787>0.01]17430it [6:20:41, 12.25s/it, bound:3870 nc:3434 ncall:2.2e+07 eff:0.1% logz-ratio=719628.20+/-0.15 dlogz:313.200>0.01]17434it [6:21:30, 12.27s/it, bound:3871 nc:3004 ncall:2.2e+07 eff:0.1% logz-ratio=719628.76+/-0.13 dlogz:312.585>0.01]17438it [6:22:20, 12.37s/it, bound:3872 nc:3518 ncall:2.2e+07 eff:0.1% logz-ratio=719629.22+/-0.13 dlogz:312.112>0.01]17442it [6:23:10, 12.42s/it, bound:3873 nc:3457 ncall:2.2e+07 eff:0.1% logz-ratio=719629.80+/-0.14 dlogz:311.571>0.01]17446it [6:23:58, 12.24s/it, bound:3874 nc:3292 ncall:2.2e+07 eff:0.1% logz-ratio=719630.33+/-0.13 dlogz:310.983>0.01]17450it [6:24:47, 12.26s/it, bound:3875 nc:2872 ncall:2.2e+07 eff:0.1% logz-ratio=719630.75+/-0.12 dlogz:310.543>0.01]17451it [6:24:52, 11.58s/it, bound:3875 nc:3108 ncall:2.2e+07 eff:0.1% logz-ratio=719630.86+/-0.09 dlogz:310.435>0.01]17454it [6:25:43, 13.16s/it, bound:3876 nc:2937 ncall:2.2e+07 eff:0.1% logz-ratio=719631.22+/-0.13 dlogz:310.092>0.01]17458it [6:26:40, 13.53s/it, bound:3877 nc:3074 ncall:2.2e+07 eff:0.1% logz-ratio=719631.85+/-0.15 dlogz:309.521>0.01]17462it [6:27:38, 13.87s/it, bound:3878 nc:2835 ncall:2.2e+07 eff:0.1% logz-ratio=719632.71+/-0.17 dlogz:308.716>0.01]17466it [6:28:41, 14.45s/it, bound:3879 nc:3203 ncall:2.2e+07 eff:0.1% logz-ratio=719633.42+/-0.15 dlogz:307.883>0.01]17470it [6:29:44, 14.88s/it, bound:3880 nc:3372 ncall:2.2e+07 eff:0.1% logz-ratio=719633.95+/-0.13 dlogz:307.330>0.01]17474it [6:30:44, 14.94s/it, bound:3881 nc:3069 ncall:2.2e+07 eff:0.1% logz-ratio=719634.57+/-0.14 dlogz:306.740>0.01]17478it [6:31:47, 15.15s/it, bound:3882 nc:3292 ncall:2.2e+07 eff:0.1% logz-ratio=719635.22+/-0.15 dlogz:306.077>0.01]17482it [6:32:49, 15.28s/it, bound:3883 nc:2809 ncall:2.2e+07 eff:0.1% logz-ratio=719635.96+/-0.15 dlogz:305.338>0.01]17486it [6:33:43, 14.77s/it, bound:3884 nc:3373 ncall:2.2e+07 eff:0.1% logz-ratio=719636.65+/-0.15 dlogz:304.646>0.01]17490it [6:34:26, 13.56s/it, bound:3885 nc:3010 ncall:2.2e+07 eff:0.1% logz-ratio=719637.37+/-0.15 dlogz:303.896>0.01]17494it [6:35:17, 13.29s/it, bound:3886 nc:3085 ncall:2.2e+07 eff:0.1% logz-ratio=719637.96+/-0.14 dlogz:303.293>0.01]17495it [6:35:29, 13.18s/it, bound:3886 nc:3162 ncall:2.2e+07 eff:0.1% logz-ratio=719638.10+/-0.10 dlogz:303.142>0.01]17498it [6:36:21, 14.38s/it, bound:3887 nc:2891 ncall:2.2e+07 eff:0.1% logz-ratio=719638.51+/-0.13 dlogz:302.713>0.01]17502it [6:37:08, 13.41s/it, bound:3888 nc:2611 ncall:2.2e+07 eff:0.1% logz-ratio=719639.00+/-0.13 dlogz:302.215>0.01]17506it [6:37:55, 12.91s/it, bound:3889 nc:2735 ncall:2.2e+07 eff:0.1% logz-ratio=719639.75+/-0.15 dlogz:301.494>0.01]17510it [6:38:39, 12.24s/it, bound:3890 nc:2301 ncall:2.2e+07 eff:0.1% logz-ratio=719640.31+/-0.13 dlogz:300.893>0.01]17514it [6:39:28, 12.26s/it, bound:3891 nc:3529 ncall:2.2e+07 eff:0.1% logz-ratio=719640.75+/-0.12 dlogz:300.412>0.01]17518it [6:40:19, 12.43s/it, bound:3892 nc:2913 ncall:2.2e+07 eff:0.1% logz-ratio=719641.20+/-0.13 dlogz:299.980>0.01]17522it [6:41:09, 12.43s/it, bound:3893 nc:3138 ncall:2.2e+07 eff:0.1% logz-ratio=719641.70+/-0.13 dlogz:299.480>0.01]17526it [6:41:56, 12.23s/it, bound:3894 nc:2873 ncall:2.2e+07 eff:0.1% logz-ratio=719642.18+/-0.13 dlogz:298.973>0.01]17530it [6:42:45, 12.21s/it, bound:3895 nc:3373 ncall:2.2e+07 eff:0.1% logz-ratio=719642.57+/-0.11 dlogz:298.550>0.01]17534it [6:43:36, 12.43s/it, bound:3896 nc:3163 ncall:2.2e+07 eff:0.1% logz-ratio=719642.94+/-0.11 dlogz:298.180>0.01]17538it [6:44:23, 12.22s/it, bound:3897 nc:2366 ncall:2.2e+07 eff:0.1% logz-ratio=719643.44+/-0.13 dlogz:297.707>0.01]17542it [6:45:12, 12.20s/it, bound:3898 nc:3005 ncall:2.2e+07 eff:0.1% logz-ratio=719643.96+/-0.13 dlogz:297.176>0.01]17546it [6:46:00, 12.14s/it, bound:3899 nc:3279 ncall:2.2e+07 eff:0.1% logz-ratio=719644.50+/-0.14 dlogz:296.636>0.01]17547it [6:46:12, 12.17s/it, bound:3899 nc:3000 ncall:2.2e+07 eff:0.1% logz-ratio=719644.63+/-0.10 dlogz:296.492>0.01]17550it [6:47:02, 13.41s/it, bound:3900 nc:3018 ncall:2.2e+07 eff:0.1% logz-ratio=719644.99+/-0.13 dlogz:296.119>0.01]17554it [6:47:52, 13.14s/it, bound:3901 nc:3559 ncall:2.2e+07 eff:0.1% logz-ratio=719645.41+/-0.12 dlogz:295.674>0.01]17558it [6:48:43, 13.02s/it, bound:3902 nc:3279 ncall:2.2e+07 eff:0.1% logz-ratio=719645.83+/-0.12 dlogz:295.263>0.01]17562it [6:49:32, 12.71s/it, bound:3903 nc:3115 ncall:2.2e+07 eff:0.1% logz-ratio=719646.49+/-0.16 dlogz:294.698>0.01]17566it [6:50:21, 12.55s/it, bound:3904 nc:3415 ncall:2.2e+07 eff:0.1% logz-ratio=719647.24+/-0.15 dlogz:293.879>0.01]17570it [6:51:09, 12.39s/it, bound:3905 nc:3378 ncall:2.2e+07 eff:0.1% logz-ratio=719647.82+/-0.14 dlogz:293.257>0.01]17574it [6:51:58, 12.37s/it, bound:3906 nc:3471 ncall:2.2e+07 eff:0.1% logz-ratio=719648.31+/-0.13 dlogz:292.748>0.01]17578it [6:52:47, 12.33s/it, bound:3907 nc:3039 ncall:2.2e+07 eff:0.1% logz-ratio=719648.83+/-0.14 dlogz:292.254>0.01]17582it [6:53:37, 12.35s/it, bound:3908 nc:3280 ncall:2.2e+07 eff:0.1% logz-ratio=719649.44+/-0.14 dlogz:291.624>0.01]17586it [6:54:27, 12.45s/it, bound:3909 nc:3197 ncall:2.2e+07 eff:0.1% logz-ratio=719649.95+/-0.13 dlogz:291.081>0.01]17590it [6:55:13, 12.15s/it, bound:3910 nc:3148 ncall:2.2e+07 eff:0.1% logz-ratio=719650.49+/-0.13 dlogz:290.548>0.01]17594it [6:56:04, 12.33s/it, bound:3911 nc:2224 ncall:2.2e+07 eff:0.1% logz-ratio=719651.03+/-0.14 dlogz:290.007>0.01]17598it [6:56:59, 12.74s/it, bound:3912 nc:3248 ncall:2.2e+07 eff:0.1% logz-ratio=719651.58+/-0.14 dlogz:289.446>0.01]17599it [6:57:12, 12.77s/it, bound:3912 nc:3510 ncall:2.2e+07 eff:0.1% logz-ratio=719651.71+/-0.10 dlogz:289.309>0.01]17602it [6:58:21, 15.75s/it, bound:3913 nc:3165 ncall:2.2e+07 eff:0.1% logz-ratio=719652.24+/-0.15 dlogz:288.821>0.01]17606it [6:59:18, 15.21s/it, bound:3914 nc:1942 ncall:2.2e+07 eff:0.1% logz-ratio=719652.95+/-0.16 dlogz:288.143>0.01]17610it [7:00:27, 15.94s/it, bound:3915 nc:3324 ncall:2.2e+07 eff:0.1% logz-ratio=719653.71+/-0.14 dlogz:287.308>0.01]17614it [7:01:19, 14.96s/it, bound:3916 nc:3500 ncall:2.2e+07 eff:0.1% logz-ratio=719654.19+/-0.12 dlogz:286.784>0.01]17618it [7:02:09, 14.17s/it, bound:3917 nc:3468 ncall:2.2e+07 eff:0.1% logz-ratio=719654.61+/-0.12 dlogz:286.346>0.01]17622it [7:03:01, 13.80s/it, bound:3918 nc:2838 ncall:2.2e+07 eff:0.1% logz-ratio=719655.03+/-0.12 dlogz:285.930>0.01]17626it [7:04:03, 14.38s/it, bound:3919 nc:3193 ncall:2.2e+07 eff:0.1% logz-ratio=719655.57+/-0.13 dlogz:285.404>0.01]17630it [7:05:06, 14.74s/it, bound:3920 nc:3594 ncall:2.2e+07 eff:0.1% logz-ratio=719656.28+/-0.16 dlogz:284.758>0.01]17634it [7:06:02, 14.53s/it, bound:3921 nc:3537 ncall:2.2e+07 eff:0.1% logz-ratio=719656.97+/-0.15 dlogz:284.009>0.01]17638it [7:06:53, 14.03s/it, bound:3922 nc:3198 ncall:2.2e+07 eff:0.1% logz-ratio=719657.56+/-0.13 dlogz:283.383>0.01]17642it [7:07:57, 14.62s/it, bound:3923 nc:3358 ncall:2.2e+07 eff:0.1% logz-ratio=719658.02+/-0.12 dlogz:282.889>0.01]17643it [7:08:10, 14.42s/it, bound:3923 nc:3427 ncall:2.2e+07 eff:0.1% logz-ratio=719658.14+/-0.09 dlogz:282.780>0.01]17646it [7:09:12, 16.23s/it, bound:3924 nc:3506 ncall:2.2e+07 eff:0.1% logz-ratio=719658.46+/-0.12 dlogz:282.436>0.01]17650it [7:10:10, 15.61s/it, bound:3925 nc:2882 ncall:2.2e+07 eff:0.1% logz-ratio=719658.84+/-0.11 dlogz:282.037>0.01]17654it [7:11:05, 15.00s/it, bound:3926 nc:3452 ncall:2.2e+07 eff:0.1% logz-ratio=719659.19+/-0.11 dlogz:281.688>0.01]17658it [7:12:03, 14.83s/it, bound:3927 nc:3580 ncall:2.2e+07 eff:0.1% logz-ratio=719659.63+/-0.12 dlogz:281.243>0.01]17662it [7:12:58, 14.47s/it, bound:3928 nc:3653 ncall:2.2e+07 eff:0.1% logz-ratio=719660.07+/-0.13 dlogz:280.812>0.01]17666it [7:13:52, 14.17s/it, bound:3929 nc:3343 ncall:2.2e+07 eff:0.1% logz-ratio=719660.59+/-0.13 dlogz:280.312>0.01]17670it [7:14:47, 14.07s/it, bound:3930 nc:3568 ncall:2.2e+07 eff:0.1% logz-ratio=719661.22+/-0.15 dlogz:279.687>0.01]17674it [7:15:44, 14.10s/it, bound:3931 nc:3405 ncall:2.2e+07 eff:0.1% logz-ratio=719661.79+/-0.13 dlogz:279.071>0.01]17678it [7:16:41, 14.16s/it, bound:3932 nc:3645 ncall:2.2e+07 eff:0.1% logz-ratio=719662.26+/-0.13 dlogz:278.610>0.01]17682it [7:17:44, 14.66s/it, bound:3933 nc:3077 ncall:2.2e+07 eff:0.1% logz-ratio=719662.96+/-0.15 dlogz:277.949>0.01]17686it [7:18:37, 14.26s/it, bound:3934 nc:3033 ncall:2.2e+07 eff:0.1% logz-ratio=719663.81+/-0.17 dlogz:277.128>0.01]17687it [7:18:47, 13.83s/it, bound:3934 nc:3066 ncall:2.2e+07 eff:0.1% logz-ratio=719664.00+/-0.12 dlogz:276.903>0.01]17690it [7:19:42, 15.12s/it, bound:3935 nc:3092 ncall:2.2e+07 eff:0.1% logz-ratio=719664.44+/-0.14 dlogz:276.402>0.01]17694it [7:20:44, 15.26s/it, bound:3936 nc:3408 ncall:2.2e+07 eff:0.1% logz-ratio=719664.93+/-0.13 dlogz:275.876>0.01]17698it [7:21:40, 14.85s/it, bound:3937 nc:3521 ncall:2.2e+07 eff:0.1% logz-ratio=719665.39+/-0.13 dlogz:275.443>0.01]17702it [7:22:36, 14.53s/it, bound:3938 nc:3254 ncall:2.2e+07 eff:0.1% logz-ratio=719665.90+/-0.13 dlogz:274.893>0.01]17706it [7:23:36, 14.68s/it, bound:3939 nc:3240 ncall:2.2e+07 eff:0.1% logz-ratio=719666.48+/-0.14 dlogz:274.336>0.01]17710it [7:24:32, 14.54s/it, bound:3940 nc:3324 ncall:2.2e+07 eff:0.1% logz-ratio=719667.00+/-0.13 dlogz:273.806>0.01]17714it [7:25:30, 14.46s/it, bound:3941 nc:3606 ncall:2.2e+07 eff:0.1% logz-ratio=719667.73+/-0.17 dlogz:273.162>0.01]17718it [7:26:32, 14.80s/it, bound:3942 nc:3210 ncall:2.2e+07 eff:0.1% logz-ratio=719668.49+/-0.16 dlogz:272.350>0.01]17722it [7:27:32, 14.84s/it, bound:3943 nc:3402 ncall:2.2e+07 eff:0.1% logz-ratio=719669.14+/-0.14 dlogz:271.654>0.01]17726it [7:28:24, 14.34s/it, bound:3944 nc:2877 ncall:2.2e+07 eff:0.1% logz-ratio=719669.79+/-0.15 dlogz:271.025>0.01]17730it [7:29:21, 14.28s/it, bound:3945 nc:3135 ncall:2.2e+07 eff:0.1% logz-ratio=719670.42+/-0.14 dlogz:270.357>0.01]17731it [7:29:34, 14.13s/it, bound:3945 nc:2886 ncall:2.2e+07 eff:0.1% logz-ratio=719670.57+/-0.10 dlogz:270.207>0.01]17734it [7:30:26, 15.14s/it, bound:3946 nc:3109 ncall:2.2e+07 eff:0.1% logz-ratio=719670.97+/-0.13 dlogz:269.775>0.01]17738it [7:31:20, 14.49s/it, bound:3947 nc:3288 ncall:2.2e+07 eff:0.1% logz-ratio=719671.53+/-0.14 dlogz:273.736>0.01]17742it [7:32:15, 14.25s/it, bound:3948 nc:3481 ncall:2.3e+07 eff:0.1% logz-ratio=719672.21+/-0.15 dlogz:273.074>0.01]17746it [7:33:08, 13.96s/it, bound:3949 nc:2595 ncall:2.3e+07 eff:0.1% logz-ratio=719672.82+/-0.14 dlogz:272.440>0.01]17750it [7:33:56, 13.35s/it, bound:3950 nc:2955 ncall:2.3e+07 eff:0.1% logz-ratio=719673.54+/-0.16 dlogz:271.782>0.01]17754it [7:34:48, 13.22s/it, bound:3951 nc:2795 ncall:2.3e+07 eff:0.1% logz-ratio=719674.26+/-0.15 dlogz:271.003>0.01]17758it [7:35:42, 13.26s/it, bound:3952 nc:2880 ncall:2.3e+07 eff:0.1% logz-ratio=719674.82+/-0.13 dlogz:270.385>0.01]17762it [7:36:34, 13.17s/it, bound:3953 nc:2859 ncall:2.3e+07 eff:0.1% logz-ratio=719675.28+/-0.13 dlogz:269.907>0.01]17766it [7:37:27, 13.21s/it, bound:3954 nc:2722 ncall:2.3e+07 eff:0.1% logz-ratio=719675.71+/-0.12 dlogz:269.480>0.01]17770it [7:38:24, 13.58s/it, bound:3955 nc:3536 ncall:2.3e+07 eff:0.1% logz-ratio=719676.25+/-0.13 dlogz:268.934>0.01]17774it [7:39:18, 13.53s/it, bound:3956 nc:2761 ncall:2.3e+07 eff:0.1% logz-ratio=719676.73+/-0.13 dlogz:268.456>0.01]17778it [7:40:14, 13.70s/it, bound:3957 nc:3343 ncall:2.3e+07 eff:0.1% logz-ratio=719677.21+/-0.13 dlogz:267.947>0.01]17779it [7:40:24, 13.32s/it, bound:3957 nc:3186 ncall:2.3e+07 eff:0.1% logz-ratio=719677.32+/-0.09 dlogz:267.832>0.01]17782it [7:41:20, 14.87s/it, bound:3958 nc:3457 ncall:2.3e+07 eff:0.1% logz-ratio=719677.60+/-0.11 dlogz:267.521>0.01]17786it [7:42:19, 14.78s/it, bound:3959 nc:3606 ncall:2.3e+07 eff:0.1% logz-ratio=719678.01+/-0.12 dlogz:267.131>0.01]17790it [7:43:22, 15.11s/it, bound:3960 nc:3614 ncall:2.3e+07 eff:0.1% logz-ratio=719678.49+/-0.13 dlogz:266.660>0.01]17794it [7:44:19, 14.86s/it, bound:3961 nc:3484 ncall:2.3e+07 eff:0.1% logz-ratio=719678.96+/-0.12 dlogz:266.167>0.01]17798it [7:45:18, 14.84s/it, bound:3962 nc:3446 ncall:2.3e+07 eff:0.1% logz-ratio=719679.55+/-0.15 dlogz:265.617>0.01]17802it [7:46:15, 14.68s/it, bound:3963 nc:2648 ncall:2.3e+07 eff:0.1% logz-ratio=719680.12+/-0.14 dlogz:265.029>0.01]17806it [7:47:18, 14.99s/it, bound:3964 nc:3457 ncall:2.3e+07 eff:0.1% logz-ratio=719680.68+/-0.13 dlogz:264.434>0.01]17810it [7:48:16, 14.80s/it, bound:3965 nc:2730 ncall:2.3e+07 eff:0.1% logz-ratio=719681.09+/-0.12 dlogz:264.005>0.01]17814it [7:49:09, 14.38s/it, bound:3966 nc:3615 ncall:2.3e+07 eff:0.1% logz-ratio=719681.59+/-0.13 dlogz:263.517>0.01]17818it [7:50:12, 14.78s/it, bound:3967 nc:3517 ncall:2.3e+07 eff:0.1% logz-ratio=719682.17+/-0.14 dlogz:262.949>0.01]17822it [7:51:12, 14.81s/it, bound:3968 nc:3648 ncall:2.3e+07 eff:0.1% logz-ratio=719682.75+/-0.14 dlogz:262.348>0.01]17823it [7:51:22, 14.38s/it, bound:3968 nc:3060 ncall:2.3e+07 eff:0.1% logz-ratio=719682.89+/-0.10 dlogz:262.205>0.01]17826it [7:52:21, 15.97s/it, bound:3969 nc:3308 ncall:2.3e+07 eff:0.1% logz-ratio=719683.29+/-0.13 dlogz:261.788>0.01]17830it [7:53:21, 15.61s/it, bound:3970 nc:2795 ncall:2.3e+07 eff:0.1% logz-ratio=719683.73+/-0.12 dlogz:261.313>0.01]17834it [7:54:21, 15.42s/it, bound:3971 nc:3403 ncall:2.3e+07 eff:0.1% logz-ratio=719684.22+/-0.13 dlogz:260.839>0.01]17838it [7:55:22, 15.32s/it, bound:3972 nc:3099 ncall:2.3e+07 eff:0.1% logz-ratio=719684.83+/-0.14 dlogz:260.241>0.01]17842it [7:56:26, 15.55s/it, bound:3973 nc:2995 ncall:2.3e+07 eff:0.1% logz-ratio=719685.37+/-0.14 dlogz:259.684>0.01]17846it [7:57:22, 15.06s/it, bound:3974 nc:3346 ncall:2.3e+07 eff:0.1% logz-ratio=719685.87+/-0.13 dlogz:259.159>0.01]17850it [7:58:21, 14.97s/it, bound:3975 nc:2989 ncall:2.3e+07 eff:0.1% logz-ratio=719686.34+/-0.13 dlogz:258.678>0.01]17854it [7:59:19, 14.85s/it, bound:3976 nc:3657 ncall:2.3e+07 eff:0.1% logz-ratio=719686.87+/-0.14 dlogz:258.161>0.01]17858it [8:00:17, 14.72s/it, bound:3977 nc:3249 ncall:2.3e+07 eff:0.1% logz-ratio=719687.38+/-0.13 dlogz:257.623>0.01]17862it [8:01:19, 14.96s/it, bound:3978 nc:3337 ncall:2.3e+07 eff:0.1% logz-ratio=719687.81+/-0.13 dlogz:257.175>0.01]17863it [8:01:29, 14.44s/it, bound:3978 nc:3321 ncall:2.3e+07 eff:0.1% logz-ratio=719687.92+/-0.09 dlogz:257.063>0.01]17866it [8:02:30, 16.22s/it, bound:3979 nc:3480 ncall:2.3e+07 eff:0.1% logz-ratio=719688.23+/-0.12 dlogz:256.747>0.01]17870it [8:03:26, 15.40s/it, bound:3980 nc:3501 ncall:2.3e+07 eff:0.1% logz-ratio=719688.63+/-0.12 dlogz:256.341>0.01]17874it [8:04:17, 14.51s/it, bound:3981 nc:3040 ncall:2.3e+07 eff:0.1% logz-ratio=719689.09+/-0.13 dlogz:255.894>0.01]17878it [8:05:14, 14.43s/it, bound:3982 nc:2869 ncall:2.3e+07 eff:0.1% logz-ratio=719689.60+/-0.13 dlogz:255.383>0.01]17882it [8:06:16, 14.75s/it, bound:3983 nc:3516 ncall:2.3e+07 eff:0.1% logz-ratio=719690.28+/-0.16 dlogz:254.753>0.01]17886it [8:07:06, 14.05s/it, bound:3984 nc:3106 ncall:2.3e+07 eff:0.1% logz-ratio=719691.04+/-0.16 dlogz:253.985>0.01]17890it [8:07:54, 13.45s/it, bound:3985 nc:3235 ncall:2.3e+07 eff:0.1% logz-ratio=719691.81+/-0.16 dlogz:253.197>0.01]17894it [8:08:41, 12.92s/it, bound:3986 nc:3230 ncall:2.3e+07 eff:0.1% logz-ratio=719692.43+/-0.14 dlogz:252.528>0.01]17898it [8:09:29, 12.65s/it, bound:3987 nc:3068 ncall:2.3e+07 eff:0.1% logz-ratio=719693.16+/-0.16 dlogz:251.827>0.01]17901it [8:09:29,  9.55s/it, bound:3988 nc:2989 ncall:2.3e+07 eff:0.1% logz-ratio=719693.58+/-0.10 dlogz:251.349>0.01]17901it [8:09:40,  9.55s/it, bound:3988 nc:2989 ncall:2.3e+07 eff:0.1% logz-ratio=719693.58+/-0.10 dlogz:251.349>0.01]17902it [8:10:23, 14.15s/it, bound:3988 nc:3386 ncall:2.3e+07 eff:0.1% logz-ratio=719693.70+/-0.13 dlogz:251.220>0.01]17906it [8:11:20, 14.25s/it, bound:3989 nc:3073 ncall:2.3e+07 eff:0.1% logz-ratio=719694.20+/-0.13 dlogz:250.704>0.01]17910it [8:12:12, 13.80s/it, bound:3990 nc:3406 ncall:2.3e+07 eff:0.1% logz-ratio=719694.68+/-0.13 dlogz:250.227>0.01]17911it [8:12:22, 13.33s/it, bound:3990 nc:3634 ncall:2.3e+07 eff:0.1% logz-ratio=719694.80+/-0.09 dlogz:250.103>0.01]17914it [8:13:15, 14.74s/it, bound:3991 nc:3116 ncall:2.3e+07 eff:0.1% logz-ratio=719695.12+/-0.12 dlogz:249.759>0.01]17918it [8:14:11, 14.43s/it, bound:3992 nc:3474 ncall:2.3e+07 eff:0.1% logz-ratio=719695.58+/-0.12 dlogz:249.294>0.01]17922it [8:15:09, 14.51s/it, bound:3993 nc:3648 ncall:2.3e+07 eff:0.1% logz-ratio=719696.16+/-0.15 dlogz:248.780>0.01]17926it [8:16:05, 14.31s/it, bound:3994 nc:3498 ncall:2.3e+07 eff:0.1% logz-ratio=719696.80+/-0.14 dlogz:248.098>0.01]17930it [8:17:05, 14.54s/it, bound:3995 nc:3358 ncall:2.3e+07 eff:0.1% logz-ratio=719697.30+/-0.13 dlogz:247.558>0.01]17934it [8:18:04, 14.64s/it, bound:3996 nc:3045 ncall:2.3e+07 eff:0.1% logz-ratio=719697.79+/-0.13 dlogz:247.070>0.01]17938it [8:18:58, 14.26s/it, bound:3997 nc:3463 ncall:2.3e+07 eff:0.1% logz-ratio=719698.24+/-0.12 dlogz:246.599>0.01]17942it [8:19:54, 14.18s/it, bound:3998 nc:3651 ncall:2.3e+07 eff:0.1% logz-ratio=719698.67+/-0.12 dlogz:246.160>0.01]17946it [8:20:53, 14.35s/it, bound:3999 nc:2895 ncall:2.3e+07 eff:0.1% logz-ratio=719699.15+/-0.13 dlogz:245.680>0.01]17948it [8:20:53, 11.79s/it, bound:3999 nc:  1 ncall:2.3e+07 eff:0.1% logz-ratio=719758.54+/-0.28 dlogz:185.093>0.01] 17949it [8:21:10, 11.79s/it, bound:4000 nc:3684 ncall:2.3e+07 eff:0.1% logz-ratio=719699.49+/-0.09 dlogz:245.321>0.01]17950it [8:21:42, 14.37s/it, bound:4000 nc:3074 ncall:2.3e+07 eff:0.1% logz-ratio=719699.60+/-0.12 dlogz:245.211>0.01]17954it [8:22:34, 13.82s/it, bound:4001 nc:3337 ncall:2.3e+07 eff:0.1% logz-ratio=719700.02+/-0.12 dlogz:244.768>0.01]17955it [8:22:43, 13.30s/it, bound:4001 nc:3520 ncall:2.3e+07 eff:0.1% logz-ratio=719700.13+/-0.09 dlogz:244.669>0.01]17958it [8:23:30, 14.12s/it, bound:4002 nc:2900 ncall:2.3e+07 eff:0.1% logz-ratio=719700.48+/-0.13 dlogz:244.325>0.01]17962it [8:24:21, 13.57s/it, bound:4003 nc:3132 ncall:2.3e+07 eff:0.1% logz-ratio=719700.92+/-0.12 dlogz:243.865>0.01]17966it [8:25:10, 13.09s/it, bound:4004 nc:3432 ncall:2.3e+07 eff:0.1% logz-ratio=719701.32+/-0.12 dlogz:243.446>0.01]17970it [8:26:01, 12.94s/it, bound:4005 nc:2735 ncall:2.3e+07 eff:0.1% logz-ratio=719701.67+/-0.11 dlogz:243.067>0.01]17974it [8:26:51, 12.85s/it, bound:4006 nc:3322 ncall:2.3e+07 eff:0.1% logz-ratio=719701.99+/-0.11 dlogz:242.751>0.01]17978it [8:27:46, 13.14s/it, bound:4007 nc:3525 ncall:2.3e+07 eff:0.1% logz-ratio=719702.37+/-0.12 dlogz:242.367>0.01]17982it [8:28:36, 12.93s/it, bound:4008 nc:3323 ncall:2.3e+07 eff:0.1% logz-ratio=719702.73+/-0.11 dlogz:242.011>0.01]17986it [8:29:32, 13.26s/it, bound:4009 nc:3607 ncall:2.3e+07 eff:0.1% logz-ratio=719703.16+/-0.12 dlogz:241.566>0.01]17990it [8:30:26, 13.30s/it, bound:4010 nc:3620 ncall:2.3e+07 eff:0.1% logz-ratio=719703.55+/-0.12 dlogz:241.185>0.01]17994it [8:31:15, 13.00s/it, bound:4011 nc:3503 ncall:2.3e+07 eff:0.1% logz-ratio=719704.11+/-0.14 dlogz:240.637>0.01]17998it [8:32:04, 12.79s/it, bound:4012 nc:3435 ncall:2.3e+07 eff:0.1% logz-ratio=719704.61+/-0.13 dlogz:240.108>0.01]18002it [8:32:55, 12.76s/it, bound:4013 nc:3455 ncall:2.3e+07 eff:0.1% logz-ratio=719705.05+/-0.12 dlogz:239.647>0.01]18003it [8:33:04, 12.44s/it, bound:4013 nc:3245 ncall:2.3e+07 eff:0.1% logz-ratio=719705.15+/-0.08 dlogz:239.542>0.01]18006it [8:33:56, 13.81s/it, bound:4014 nc:3041 ncall:2.3e+07 eff:0.1% logz-ratio=719705.43+/-0.11 dlogz:239.250>0.01]18010it [8:34:43, 13.12s/it, bound:4015 nc:3400 ncall:2.3e+07 eff:0.1% logz-ratio=719705.83+/-0.12 dlogz:238.860>0.01]18014it [8:35:39, 13.40s/it, bound:4016 nc:3059 ncall:2.3e+07 eff:0.1% logz-ratio=719706.20+/-0.11 dlogz:238.465>0.01]18018it [8:36:32, 13.34s/it, bound:4017 nc:3092 ncall:2.3e+07 eff:0.1% logz-ratio=719706.64+/-0.13 dlogz:238.048>0.01]18022it [8:37:24, 13.21s/it, bound:4018 nc:3535 ncall:2.3e+07 eff:0.1% logz-ratio=719707.09+/-0.13 dlogz:237.587>0.01]18026it [8:38:26, 13.98s/it, bound:4019 nc:3177 ncall:2.3e+07 eff:0.1% logz-ratio=719707.61+/-0.13 dlogz:237.068>0.01]18030it [8:39:25, 14.18s/it, bound:4020 nc:3144 ncall:2.3e+07 eff:0.1% logz-ratio=719708.10+/-0.13 dlogz:236.557>0.01]18034it [8:40:28, 14.65s/it, bound:4021 nc:3436 ncall:2.3e+07 eff:0.1% logz-ratio=719708.53+/-0.12 dlogz:236.104>0.01]18038it [8:41:29, 14.86s/it, bound:4022 nc:3747 ncall:2.3e+07 eff:0.1% logz-ratio=719708.96+/-0.13 dlogz:235.696>0.01]18042it [8:42:31, 15.07s/it, bound:4023 nc:3650 ncall:2.3e+07 eff:0.1% logz-ratio=719709.42+/-0.12 dlogz:235.196>0.01]18046it [8:43:33, 15.18s/it, bound:4024 nc:3121 ncall:2.3e+07 eff:0.1% logz-ratio=719709.89+/-0.13 dlogz:234.735>0.01]18047it [8:43:43, 14.66s/it, bound:4024 nc:2715 ncall:2.3e+07 eff:0.1% logz-ratio=719710.00+/-0.09 dlogz:234.618>0.01]18050it [8:44:34, 15.33s/it, bound:4025 nc:2814 ncall:2.4e+07 eff:0.1% logz-ratio=719710.33+/-0.13 dlogz:234.286>0.01]18054it [8:45:32, 15.05s/it, bound:4026 nc:2776 ncall:2.4e+07 eff:0.1% logz-ratio=719710.89+/-0.14 dlogz:233.747>0.01]18058it [8:46:32, 15.00s/it, bound:4027 nc:3488 ncall:2.4e+07 eff:0.1% logz-ratio=719711.58+/-0.16 dlogz:233.128>0.01]18062it [8:47:28, 14.68s/it, bound:4028 nc:3216 ncall:2.4e+07 eff:0.1% logz-ratio=719712.50+/-0.16 dlogz:232.173>0.01]18066it [8:48:22, 14.31s/it, bound:4029 nc:2592 ncall:2.4e+07 eff:0.1% logz-ratio=719713.18+/-0.15 dlogz:231.442>0.01]18070it [8:49:27, 14.93s/it, bound:4030 nc:2806 ncall:2.4e+07 eff:0.1% logz-ratio=719713.78+/-0.14 dlogz:230.844>0.01]18074it [8:50:26, 14.89s/it, bound:4031 nc:3382 ncall:2.4e+07 eff:0.1% logz-ratio=719714.40+/-0.14 dlogz:230.187>0.01]18078it [8:51:26, 14.96s/it, bound:4032 nc:2807 ncall:2.4e+07 eff:0.1% logz-ratio=719714.94+/-0.14 dlogz:229.646>0.01]18082it [8:52:31, 15.30s/it, bound:4033 nc:3510 ncall:2.4e+07 eff:0.1% logz-ratio=719715.49+/-0.13 dlogz:229.078>0.01]18086it [8:53:38, 15.79s/it, bound:4034 nc:3466 ncall:2.4e+07 eff:0.1% logz-ratio=719715.98+/-0.13 dlogz:228.584>0.01]18087it [8:53:48, 15.21s/it, bound:4034 nc:3501 ncall:2.4e+07 eff:0.1% logz-ratio=719716.14+/-0.11 dlogz:228.450>0.01]18090it [8:54:45, 16.33s/it, bound:4035 nc:2536 ncall:2.4e+07 eff:0.1% logz-ratio=719716.62+/-0.15 dlogz:227.960>0.01]18094it [8:55:45, 15.83s/it, bound:4036 nc:3486 ncall:2.4e+07 eff:0.1% logz-ratio=719717.24+/-0.14 dlogz:227.325>0.01]18098it [8:56:39, 15.06s/it, bound:4037 nc:3212 ncall:2.4e+07 eff:0.1% logz-ratio=719717.89+/-0.15 dlogz:226.695>0.01]18102it [8:57:48, 15.73s/it, bound:4038 nc:3422 ncall:2.4e+07 eff:0.1% logz-ratio=719718.70+/-0.17 dlogz:225.907>0.01]18106it [8:58:48, 15.51s/it, bound:4039 nc:2804 ncall:2.4e+07 eff:0.1% logz-ratio=719719.33+/-0.14 dlogz:225.206>0.01]18108it [8:58:48, 12.64s/it, bound:4039 nc:  1 ncall:2.4e+07 eff:0.1% logz-ratio=719848.43+/-0.30 dlogz:93.236>0.01]  18110it [8:59:43, 15.77s/it, bound:4040 nc:3469 ncall:2.4e+07 eff:0.1% logz-ratio=719719.90+/-0.14 dlogz:224.638>0.01]18114it [9:00:35, 14.77s/it, bound:4041 nc:2875 ncall:2.4e+07 eff:0.1% logz-ratio=719720.46+/-0.14 dlogz:224.041>0.01]18118it [9:01:31, 14.44s/it, bound:4042 nc:2806 ncall:2.4e+07 eff:0.1% logz-ratio=719720.92+/-0.12 dlogz:223.553>0.01]18122it [9:02:32, 14.74s/it, bound:4043 nc:2858 ncall:2.4e+07 eff:0.1% logz-ratio=719721.27+/-0.11 dlogz:223.173>0.01]18126it [9:03:36, 15.13s/it, bound:4044 nc:3727 ncall:2.4e+07 eff:0.1% logz-ratio=719721.58+/-0.10 dlogz:222.845>0.01]18130it [9:04:30, 14.59s/it, bound:4045 nc:3458 ncall:2.4e+07 eff:0.1% logz-ratio=719721.85+/-0.10 dlogz:222.560>0.01]18131it [9:04:39, 14.11s/it, bound:4045 nc:2890 ncall:2.4e+07 eff:0.1% logz-ratio=719721.92+/-0.07 dlogz:222.491>0.01]18134it [9:05:44, 16.32s/it, bound:4046 nc:3491 ncall:2.4e+07 eff:0.1% logz-ratio=719722.18+/-0.11 dlogz:222.245>0.01]18138it [9:06:48, 16.27s/it, bound:4047 nc:3516 ncall:2.4e+07 eff:0.1% logz-ratio=719722.52+/-0.11 dlogz:221.888>0.01]18142it [9:07:46, 15.63s/it, bound:4048 nc:3189 ncall:2.4e+07 eff:0.1% logz-ratio=719723.02+/-0.14 dlogz:221.448>0.01]18146it [9:08:46, 15.42s/it, bound:4049 nc:3599 ncall:2.4e+07 eff:0.1% logz-ratio=719723.65+/-0.14 dlogz:220.800>0.01]18150it [9:09:43, 15.04s/it, bound:4050 nc:3010 ncall:2.4e+07 eff:0.1% logz-ratio=719724.11+/-0.12 dlogz:220.293>0.01]18154it [9:10:36, 14.46s/it, bound:4051 nc:2996 ncall:2.4e+07 eff:0.1% logz-ratio=719724.55+/-0.13 dlogz:219.883>0.01]18158it [9:11:37, 14.73s/it, bound:4052 nc:3671 ncall:2.4e+07 eff:0.1% logz-ratio=719725.08+/-0.13 dlogz:219.322>0.01]18162it [9:12:29, 14.19s/it, bound:4053 nc:3533 ncall:2.4e+07 eff:0.1% logz-ratio=719725.61+/-0.13 dlogz:218.791>0.01]18166it [9:13:18, 13.59s/it, bound:4054 nc:3081 ncall:2.4e+07 eff:0.1% logz-ratio=719726.08+/-0.13 dlogz:218.314>0.01]18170it [9:14:05, 13.03s/it, bound:4055 nc:3335 ncall:2.4e+07 eff:0.1% logz-ratio=719726.53+/-0.12 dlogz:217.846>0.01]18174it [9:14:54, 12.85s/it, bound:4056 nc:3241 ncall:2.4e+07 eff:0.1% logz-ratio=719727.07+/-0.14 dlogz:217.327>0.01]18175it [9:15:04, 12.55s/it, bound:4056 nc:3331 ncall:2.4e+07 eff:0.1% logz-ratio=719727.20+/-0.10 dlogz:217.184>0.01]18178it [9:15:54, 13.75s/it, bound:4057 nc:3542 ncall:2.4e+07 eff:0.1% logz-ratio=719727.56+/-0.13 dlogz:216.806>0.01]18182it [9:16:49, 13.75s/it, bound:4058 nc:3487 ncall:2.4e+07 eff:0.1% logz-ratio=719728.02+/-0.13 dlogz:216.340>0.01]18186it [9:17:54, 14.63s/it, bound:4059 nc:3432 ncall:2.4e+07 eff:0.1% logz-ratio=719728.64+/-0.16 dlogz:215.782>0.01]18190it [9:18:58, 15.02s/it, bound:4060 nc:2582 ncall:2.4e+07 eff:0.1% logz-ratio=719729.34+/-0.16 dlogz:215.083>0.01]18194it [9:19:54, 14.70s/it, bound:4061 nc:3144 ncall:2.4e+07 eff:0.1% logz-ratio=719730.02+/-0.15 dlogz:214.342>0.01]18198it [9:20:52, 14.64s/it, bound:4062 nc:3350 ncall:2.4e+07 eff:0.1% logz-ratio=719730.55+/-0.13 dlogz:213.779>0.01]18202it [9:21:50, 14.58s/it, bound:4063 nc:3388 ncall:2.4e+07 eff:0.1% logz-ratio=719731.01+/-0.13 dlogz:213.305>0.01]18206it [9:22:58, 15.34s/it, bound:4064 nc:3405 ncall:2.4e+07 eff:0.1% logz-ratio=719731.55+/-0.14 dlogz:212.779>0.01]18210it [9:23:59, 15.33s/it, bound:4065 nc:3398 ncall:2.4e+07 eff:0.1% logz-ratio=719732.04+/-0.13 dlogz:212.254>0.01]18214it [9:25:01, 15.39s/it, bound:4066 nc:3118 ncall:2.4e+07 eff:0.1% logz-ratio=719732.47+/-0.12 dlogz:211.811>0.01]18215it [9:25:11, 14.88s/it, bound:4066 nc:2798 ncall:2.4e+07 eff:0.1% logz-ratio=719732.58+/-0.09 dlogz:211.702>0.01]18218it [9:26:07, 15.99s/it, bound:4067 nc:2887 ncall:2.4e+07 eff:0.1% logz-ratio=719732.98+/-0.14 dlogz:211.330>0.01]18222it [9:27:08, 15.70s/it, bound:4068 nc:3248 ncall:2.4e+07 eff:0.1% logz-ratio=719733.71+/-0.16 dlogz:210.637>0.01]18226it [9:28:08, 15.48s/it, bound:4069 nc:3386 ncall:2.4e+07 eff:0.1% logz-ratio=719734.31+/-0.14 dlogz:209.968>0.01]18230it [9:29:18, 16.10s/it, bound:4070 nc:3397 ncall:2.4e+07 eff:0.1% logz-ratio=719734.76+/-0.12 dlogz:209.485>0.01]18234it [9:30:14, 15.48s/it, bound:4071 nc:3269 ncall:2.4e+07 eff:0.1% logz-ratio=719735.19+/-0.13 dlogz:209.051>0.01]18238it [9:31:17, 15.52s/it, bound:4072 nc:3513 ncall:2.4e+07 eff:0.1% logz-ratio=719735.63+/-0.12 dlogz:208.601>0.01]18242it [9:32:20, 15.61s/it, bound:4073 nc:2708 ncall:2.4e+07 eff:0.1% logz-ratio=719736.10+/-0.13 dlogz:208.137>0.01]18246it [9:33:18, 15.28s/it, bound:4074 nc:3022 ncall:2.4e+07 eff:0.1% logz-ratio=719736.58+/-0.13 dlogz:207.636>0.01]18250it [9:34:24, 15.61s/it, bound:4075 nc:3570 ncall:2.4e+07 eff:0.1% logz-ratio=719737.02+/-0.13 dlogz:207.204>0.01]18254it [9:35:30, 15.87s/it, bound:4076 nc:3548 ncall:2.4e+07 eff:0.1% logz-ratio=719737.56+/-0.14 dlogz:206.668>0.01]18255it [9:35:40, 15.34s/it, bound:4076 nc:3611 ncall:2.4e+07 eff:0.1% logz-ratio=719737.68+/-0.10 dlogz:206.536>0.01]18258it [9:36:47, 17.42s/it, bound:4077 nc:3383 ncall:2.4e+07 eff:0.1% logz-ratio=719738.01+/-0.12 dlogz:206.187>0.01]18262it [9:37:48, 16.61s/it, bound:4078 nc:3040 ncall:2.4e+07 eff:0.1% logz-ratio=719738.45+/-0.12 dlogz:205.738>0.01]18266it [9:38:53, 16.49s/it, bound:4079 nc:3304 ncall:2.4e+07 eff:0.1% logz-ratio=719738.85+/-0.12 dlogz:205.318>0.01]18270it [9:40:01, 16.69s/it, bound:4080 nc:3572 ncall:2.4e+07 eff:0.1% logz-ratio=719739.24+/-0.12 dlogz:204.923>0.01]18274it [9:41:02, 16.17s/it, bound:4081 nc:3240 ncall:2.4e+07 eff:0.1% logz-ratio=719739.66+/-0.12 dlogz:204.494>0.01]18278it [9:42:00, 15.69s/it, bound:4082 nc:3150 ncall:2.4e+07 eff:0.1% logz-ratio=719740.11+/-0.13 dlogz:204.065>0.01]18282it [9:43:03, 15.67s/it, bound:4083 nc:3081 ncall:2.4e+07 eff:0.1% logz-ratio=719740.64+/-0.14 dlogz:203.542>0.01]18286it [9:44:06, 15.74s/it, bound:4084 nc:3429 ncall:2.4e+07 eff:0.1% logz-ratio=719741.11+/-0.13 dlogz:203.031>0.01]18290it [9:45:06, 15.54s/it, bound:4085 nc:3089 ncall:2.4e+07 eff:0.1% logz-ratio=719741.56+/-0.13 dlogz:202.575>0.01]18294it [9:45:59, 14.78s/it, bound:4086 nc:3316 ncall:2.4e+07 eff:0.1% logz-ratio=719741.98+/-0.12 dlogz:202.134>0.01]18295it [9:46:08, 14.28s/it, bound:4086 nc:3102 ncall:2.4e+07 eff:0.1% logz-ratio=719742.08+/-0.09 dlogz:202.037>0.01]18298it [9:47:00, 15.18s/it, bound:4087 nc:3608 ncall:2.4e+07 eff:0.1% logz-ratio=719742.41+/-0.12 dlogz:201.703>0.01]18302it [9:47:48, 14.06s/it, bound:4088 nc:3326 ncall:2.4e+07 eff:0.1% logz-ratio=719742.89+/-0.13 dlogz:201.234>0.01]18306it [9:48:41, 13.77s/it, bound:4089 nc:3654 ncall:2.4e+07 eff:0.1% logz-ratio=719743.45+/-0.14 dlogz:200.687>0.01]18310it [9:49:34, 13.61s/it, bound:4090 nc:3240 ncall:2.4e+07 eff:0.1% logz-ratio=719743.96+/-0.13 dlogz:200.139>0.01]18314it [9:50:22, 13.09s/it, bound:4091 nc:3148 ncall:2.4e+07 eff:0.1% logz-ratio=719744.39+/-0.12 dlogz:199.685>0.01]18318it [9:51:14, 13.06s/it, bound:4092 nc:3261 ncall:2.4e+07 eff:0.1% logz-ratio=719744.76+/-0.11 dlogz:199.296>0.01]18322it [9:52:09, 13.23s/it, bound:4093 nc:3860 ncall:2.4e+07 eff:0.1% logz-ratio=719745.13+/-0.11 dlogz:198.922>0.01]18326it [9:53:00, 13.10s/it, bound:4094 nc:3450 ncall:2.4e+07 eff:0.1% logz-ratio=719745.50+/-0.12 dlogz:198.550>0.01]18330it [9:53:50, 12.95s/it, bound:4095 nc:2996 ncall:2.4e+07 eff:0.1% logz-ratio=719745.91+/-0.12 dlogz:198.129>0.01]18334it [9:54:43, 13.01s/it, bound:4096 nc:3135 ncall:2.4e+07 eff:0.1% logz-ratio=719746.30+/-0.12 dlogz:197.744>0.01]18338it [9:55:37, 13.14s/it, bound:4097 nc:3265 ncall:2.4e+07 eff:0.1% logz-ratio=719746.71+/-0.12 dlogz:197.317>0.01]18342it [9:56:25, 12.82s/it, bound:4098 nc:3034 ncall:2.4e+07 eff:0.1% logz-ratio=719747.12+/-0.13 dlogz:196.908>0.01]18343it [9:56:35, 12.53s/it, bound:4098 nc:6099 ncall:2.4e+07 eff:0.1% logz-ratio=719747.24+/-0.09 dlogz:196.794>0.01]18345it [9:57:26, 15.41s/it, bound:4099 nc:3493 ncall:2.4e+07 eff:0.1% logz-ratio=719747.49+/-0.13 dlogz:196.554>0.01]18349it [9:58:20, 14.62s/it, bound:4100 nc:3271 ncall:2.4e+07 eff:0.1% logz-ratio=719748.02+/-0.13 dlogz:196.005>0.01]18353it [9:59:08, 13.70s/it, bound:4101 nc:2684 ncall:2.4e+07 eff:0.1% logz-ratio=719748.43+/-0.12 dlogz:195.562>0.01]18357it [9:59:59, 13.39s/it, bound:4102 nc:3495 ncall:2.4e+07 eff:0.1% logz-ratio=719748.81+/-0.12 dlogz:195.183>0.01]18361it [10:00:46, 12.89s/it, bound:4103 nc:3248 ncall:2.5e+07 eff:0.1% logz-ratio=719749.18+/-0.11 dlogz:194.793>0.01]18365it [10:01:35, 12.69s/it, bound:4104 nc:3034 ncall:2.5e+07 eff:0.1% logz-ratio=719749.53+/-0.12 dlogz:194.431>0.01]18369it [10:02:27, 12.71s/it, bound:4105 nc:3573 ncall:2.5e+07 eff:0.1% logz-ratio=719749.88+/-0.11 dlogz:194.064>0.01]18373it [10:03:18, 12.76s/it, bound:4106 nc:3125 ncall:2.5e+07 eff:0.1% logz-ratio=719750.30+/-0.12 dlogz:193.658>0.01]18377it [10:04:11, 12.91s/it, bound:4107 nc:3774 ncall:2.5e+07 eff:0.1% logz-ratio=719750.73+/-0.13 dlogz:193.246>0.01]18380it [10:05:01, 13.81s/it, bound:4108 nc:2849 ncall:2.5e+07 eff:0.1% logz-ratio=719751.14+/-0.14 dlogz:192.842>0.01]18384it [10:05:48, 13.17s/it, bound:4109 nc:2962 ncall:2.5e+07 eff:0.1% logz-ratio=719751.64+/-0.13 dlogz:192.316>0.01]18388it [10:06:37, 12.90s/it, bound:4110 nc:2993 ncall:2.5e+07 eff:0.1% logz-ratio=719752.09+/-0.13 dlogz:191.842>0.01]18389it [10:06:47, 12.59s/it, bound:4110 nc:3249 ncall:2.5e+07 eff:0.1% logz-ratio=719752.19+/-0.09 dlogz:191.735>0.01]18392it [10:07:39, 14.02s/it, bound:4111 nc:3104 ncall:2.5e+07 eff:0.1% logz-ratio=719752.44+/-0.11 dlogz:191.458>0.01]18396it [10:08:32, 13.74s/it, bound:4112 nc:3176 ncall:2.5e+07 eff:0.1% logz-ratio=719752.81+/-0.11 dlogz:191.095>0.01]18400it [10:09:21, 13.26s/it, bound:4113 nc:3386 ncall:2.5e+07 eff:0.1% logz-ratio=719753.19+/-0.12 dlogz:190.710>0.01]18404it [10:10:17, 13.44s/it, bound:4114 nc:3300 ncall:2.5e+07 eff:0.1% logz-ratio=719753.63+/-0.12 dlogz:190.269>0.01]18408it [10:11:21, 14.28s/it, bound:4115 nc:3435 ncall:2.5e+07 eff:0.1% logz-ratio=719754.06+/-0.13 dlogz:189.852>0.01]18412it [10:12:36, 15.67s/it, bound:4116 nc:3242 ncall:2.5e+07 eff:0.1% logz-ratio=719754.47+/-0.12 dlogz:189.401>0.01]18416it [10:13:43, 16.04s/it, bound:4117 nc:3403 ncall:2.5e+07 eff:0.1% logz-ratio=719754.94+/-0.14 dlogz:188.972>0.01]18420it [10:14:43, 15.72s/it, bound:4118 nc:3737 ncall:2.5e+07 eff:0.1% logz-ratio=719755.53+/-0.14 dlogz:188.383>0.01]18424it [10:15:41, 15.34s/it, bound:4119 nc:2677 ncall:2.5e+07 eff:0.1% logz-ratio=719756.08+/-0.13 dlogz:187.795>0.01]18428it [10:16:47, 15.66s/it, bound:4120 nc:3051 ncall:2.5e+07 eff:0.1% logz-ratio=719756.51+/-0.12 dlogz:187.335>0.01]18429it [10:16:58, 15.20s/it, bound:4120 nc:2478 ncall:2.5e+07 eff:0.1% logz-ratio=719756.62+/-0.09 dlogz:187.230>0.01]18432it [10:18:04, 17.26s/it, bound:4121 nc:3441 ncall:2.5e+07 eff:0.1% logz-ratio=719756.91+/-0.12 dlogz:186.920>0.01]18436it [10:18:59, 16.03s/it, bound:4122 nc:3120 ncall:2.5e+07 eff:0.1% logz-ratio=719757.29+/-0.12 dlogz:186.530>0.01]18440it [10:19:58, 15.59s/it, bound:4123 nc:2988 ncall:2.5e+07 eff:0.1% logz-ratio=719757.66+/-0.11 dlogz:186.153>0.01]18444it [10:20:54, 15.05s/it, bound:4124 nc:3261 ncall:2.5e+07 eff:0.1% logz-ratio=719758.00+/-0.11 dlogz:185.796>0.01]18448it [10:22:01, 15.55s/it, bound:4125 nc:3197 ncall:2.5e+07 eff:0.1% logz-ratio=719758.33+/-0.11 dlogz:194.769>0.01]18452it [10:23:08, 15.94s/it, bound:4126 nc:3664 ncall:2.5e+07 eff:0.1% logz-ratio=719758.67+/-0.11 dlogz:194.427>0.01]18456it [10:24:08, 15.68s/it, bound:4127 nc:3514 ncall:2.5e+07 eff:0.1% logz-ratio=719759.03+/-0.11 dlogz:194.060>0.01]18460it [10:25:11, 15.71s/it, bound:4128 nc:3365 ncall:2.5e+07 eff:0.1% logz-ratio=719759.40+/-0.12 dlogz:193.699>0.01]18463it [10:26:15, 17.06s/it, bound:4129 nc:3508 ncall:2.5e+07 eff:0.1% logz-ratio=719759.75+/-0.09 dlogz:193.350>0.01]18467it [10:27:17, 16.56s/it, bound:4130 nc:3402 ncall:2.5e+07 eff:0.1% logz-ratio=719760.19+/-0.10 dlogz:192.906>0.01]18469it [10:27:27, 14.45s/it, bound:4130 nc:2929 ncall:2.5e+07 eff:0.1% logz-ratio=719760.44+/-0.10 dlogz:192.658>0.01]18471it [10:28:31, 18.15s/it, bound:4131 nc:3456 ncall:2.5e+07 eff:0.1% logz-ratio=719760.68+/-0.09 dlogz:192.404>0.01]18475it [10:29:35, 17.29s/it, bound:4132 nc:3220 ncall:2.5e+07 eff:0.1% logz-ratio=719761.06+/-0.08 dlogz:191.987>0.01]18479it [10:30:39, 16.83s/it, bound:4133 nc:3182 ncall:2.5e+07 eff:0.1% logz-ratio=719761.40+/-0.08 dlogz:191.638>0.01]18483it [10:31:53, 17.43s/it, bound:4134 nc:3572 ncall:2.5e+07 eff:0.1% logz-ratio=719761.80+/-0.09 dlogz:191.246>0.01]18487it [10:32:58, 17.00s/it, bound:4135 nc:3301 ncall:2.5e+07 eff:0.1% logz-ratio=719762.19+/-0.08 dlogz:190.845>0.01]18491it [10:34:05, 16.98s/it, bound:4136 nc:3569 ncall:2.5e+07 eff:0.1% logz-ratio=719762.60+/-0.09 dlogz:190.437>0.01]18495it [10:35:11, 16.79s/it, bound:4137 nc:3369 ncall:2.5e+07 eff:0.1% logz-ratio=719763.01+/-0.09 dlogz:190.019>0.01]18499it [10:36:10, 16.16s/it, bound:4138 nc:2796 ncall:2.5e+07 eff:0.1% logz-ratio=719763.42+/-0.08 dlogz:189.589>0.01]18503it [10:37:17, 16.38s/it, bound:4139 nc:3666 ncall:2.5e+07 eff:0.1% logz-ratio=719763.82+/-0.09 dlogz:189.198>0.01]18507it [10:38:20, 16.16s/it, bound:4140 nc:3192 ncall:2.5e+07 eff:0.1% logz-ratio=719764.27+/-0.09 dlogz:188.737>0.01]18509it [10:38:30, 14.22s/it, bound:4140 nc:2967 ncall:2.5e+07 eff:0.1% logz-ratio=719764.46+/-0.09 dlogz:188.530>0.01]18511it [10:39:36, 17.95s/it, bound:4141 nc:3143 ncall:2.5e+07 eff:0.1% logz-ratio=719764.65+/-0.09 dlogz:188.333>0.01]18515it [10:40:42, 17.45s/it, bound:4142 nc:3150 ncall:2.5e+07 eff:0.1% logz-ratio=719765.04+/-0.09 dlogz:187.942>0.01]18519it [10:41:44, 16.81s/it, bound:4143 nc:3010 ncall:2.5e+07 eff:0.1% logz-ratio=719765.44+/-0.09 dlogz:187.529>0.01]18523it [10:42:45, 16.23s/it, bound:4144 nc:2981 ncall:2.5e+07 eff:0.1% logz-ratio=719765.80+/-0.08 dlogz:187.151>0.01]18527it [10:43:46, 15.98s/it, bound:4145 nc:3382 ncall:2.5e+07 eff:0.1% logz-ratio=719766.10+/-0.07 dlogz:186.832>0.01]18531it [10:44:51, 16.01s/it, bound:4146 nc:3520 ncall:2.5e+07 eff:0.1% logz-ratio=719766.40+/-0.08 dlogz:186.534>0.01]18535it [10:45:50, 15.68s/it, bound:4147 nc:3266 ncall:2.5e+07 eff:0.1% logz-ratio=719766.88+/-0.10 dlogz:186.101>0.01]18539it [10:46:51, 15.52s/it, bound:4148 nc:2639 ncall:2.5e+07 eff:0.1% logz-ratio=719767.67+/-0.13 dlogz:185.378>0.01]18543it [10:47:56, 15.70s/it, bound:4149 nc:3615 ncall:2.5e+07 eff:0.1% logz-ratio=719768.41+/-0.11 dlogz:184.567>0.01]18547it [10:49:02, 16.00s/it, bound:4150 nc:3564 ncall:2.5e+07 eff:0.1% logz-ratio=719768.93+/-0.09 dlogz:184.011>0.01]18549it [10:49:13, 14.09s/it, bound:4150 nc:3460 ncall:2.5e+07 eff:0.1% logz-ratio=719769.18+/-0.10 dlogz:183.766>0.01]18551it [10:50:14, 17.48s/it, bound:4151 nc:3697 ncall:2.5e+07 eff:0.1% logz-ratio=719769.42+/-0.09 dlogz:183.503>0.01]18555it [10:51:20, 17.04s/it, bound:4152 nc:3376 ncall:2.5e+07 eff:0.1% logz-ratio=719769.82+/-0.08 dlogz:183.073>0.01]18559it [10:52:28, 17.02s/it, bound:4153 nc:3240 ncall:2.5e+07 eff:0.1% logz-ratio=719770.12+/-0.07 dlogz:182.741>0.01]18563it [10:53:27, 16.29s/it, bound:4154 nc:3382 ncall:2.5e+07 eff:0.1% logz-ratio=719770.40+/-0.07 dlogz:182.454>0.01]18567it [10:54:28, 15.97s/it, bound:4155 nc:3229 ncall:2.5e+07 eff:0.1% logz-ratio=719770.71+/-0.08 dlogz:182.154>0.01]18571it [10:55:40, 16.64s/it, bound:4156 nc:3429 ncall:2.5e+07 eff:0.1% logz-ratio=719771.06+/-0.08 dlogz:181.798>0.01]18575it [10:56:47, 16.63s/it, bound:4157 nc:2820 ncall:2.5e+07 eff:0.1% logz-ratio=719771.45+/-0.09 dlogz:181.417>0.01]18579it [10:57:47, 16.16s/it, bound:4158 nc:2988 ncall:2.5e+07 eff:0.1% logz-ratio=719771.90+/-0.09 dlogz:180.969>0.01]18583it [10:59:00, 16.79s/it, bound:4159 nc:3191 ncall:2.5e+07 eff:0.1% logz-ratio=719772.31+/-0.09 dlogz:180.541>0.01]18587it [11:00:08, 16.87s/it, bound:4160 nc:3217 ncall:2.5e+07 eff:0.1% logz-ratio=719772.73+/-0.09 dlogz:180.116>0.01]18589it [11:00:20, 14.89s/it, bound:4160 nc:2833 ncall:2.5e+07 eff:0.1% logz-ratio=719772.96+/-0.09 dlogz:179.890>0.01]18591it [11:01:42, 20.19s/it, bound:4161 nc:3054 ncall:2.5e+07 eff:0.1% logz-ratio=719773.17+/-0.09 dlogz:179.661>0.01]18595it [11:03:10, 20.87s/it, bound:4162 nc:3352 ncall:2.5e+07 eff:0.1% logz-ratio=719773.63+/-0.10 dlogz:179.217>0.01]18599it [11:04:32, 20.75s/it, bound:4163 nc:3147 ncall:2.5e+07 eff:0.1% logz-ratio=719774.24+/-0.11 dlogz:178.628>0.01]18603it [11:05:40, 19.47s/it, bound:4164 nc:3458 ncall:2.5e+07 eff:0.1% logz-ratio=719774.80+/-0.10 dlogz:178.036>0.01]18607it [11:06:37, 17.84s/it, bound:4165 nc:3258 ncall:2.5e+07 eff:0.1% logz-ratio=719775.32+/-0.09 dlogz:177.494>0.01]18611it [11:07:47, 17.76s/it, bound:4166 nc:3159 ncall:2.5e+07 eff:0.1% logz-ratio=719775.73+/-0.08 dlogz:177.055>0.01]18615it [11:08:54, 17.42s/it, bound:4167 nc:3686 ncall:2.5e+07 eff:0.1% logz-ratio=719776.04+/-0.07 dlogz:176.718>0.01]18619it [11:09:50, 16.36s/it, bound:4168 nc:3437 ncall:2.5e+07 eff:0.1% logz-ratio=719776.32+/-0.07 dlogz:176.427>0.01]18623it [11:10:37, 14.97s/it, bound:4169 nc:3270 ncall:2.5e+07 eff:0.1% logz-ratio=719776.61+/-0.08 dlogz:176.136>0.01]18625it [11:10:47, 13.16s/it, bound:4169 nc:3246 ncall:2.5e+07 eff:0.1% logz-ratio=719776.78+/-0.08 dlogz:175.968>0.01]18627it [11:11:38, 15.70s/it, bound:4170 nc:3583 ncall:2.5e+07 eff:0.1% logz-ratio=719776.95+/-0.08 dlogz:175.793>0.01]18631it [11:12:26, 14.38s/it, bound:4171 nc:3242 ncall:2.5e+07 eff:0.1% logz-ratio=719777.29+/-0.08 dlogz:175.442>0.01]18635it [11:13:19, 13.96s/it, bound:4172 nc:3552 ncall:2.5e+07 eff:0.1% logz-ratio=719777.60+/-0.08 dlogz:175.126>0.01]18639it [11:14:09, 13.51s/it, bound:4173 nc:3366 ncall:2.5e+07 eff:0.1% logz-ratio=719777.90+/-0.07 dlogz:174.810>0.01]18643it [11:15:00, 13.23s/it, bound:4174 nc:2838 ncall:2.5e+07 eff:0.1% logz-ratio=719778.17+/-0.07 dlogz:176.507>0.01]18647it [11:15:52, 13.18s/it, bound:4175 nc:3275 ncall:2.5e+07 eff:0.1% logz-ratio=719778.45+/-0.07 dlogz:176.224>0.01]18651it [11:16:43, 13.04s/it, bound:4176 nc:3327 ncall:2.5e+07 eff:0.1% logz-ratio=719778.71+/-0.07 dlogz:175.953>0.01]18655it [11:17:36, 13.12s/it, bound:4177 nc:3696 ncall:2.5e+07 eff:0.1% logz-ratio=719778.97+/-0.07 dlogz:175.680>0.01]18659it [11:18:21, 12.51s/it, bound:4178 nc:2595 ncall:2.5e+07 eff:0.1% logz-ratio=719779.28+/-0.08 dlogz:175.381>0.01]18663it [11:19:13, 12.68s/it, bound:4179 nc:3542 ncall:2.5e+07 eff:0.1% logz-ratio=719779.61+/-0.08 dlogz:175.049>0.01]18667it [11:20:00, 12.40s/it, bound:4180 nc:2972 ncall:2.6e+07 eff:0.1% logz-ratio=719779.95+/-0.08 dlogz:174.698>0.01]18671it [11:20:48, 12.27s/it, bound:4181 nc:2831 ncall:2.6e+07 eff:0.1% logz-ratio=719780.23+/-0.07 dlogz:174.391>0.01]18673it [11:20:58, 10.95s/it, bound:4181 nc:2818 ncall:2.6e+07 eff:0.1% logz-ratio=719780.37+/-0.07 dlogz:174.254>0.01]18675it [11:21:45, 13.47s/it, bound:4182 nc:2833 ncall:2.6e+07 eff:0.1% logz-ratio=719780.52+/-0.08 dlogz:174.112>0.01]18679it [11:22:35, 13.17s/it, bound:4183 nc:3598 ncall:2.6e+07 eff:0.1% logz-ratio=719780.92+/-0.09 dlogz:173.729>0.01]18683it [11:23:22, 12.66s/it, bound:4184 nc:3120 ncall:2.6e+07 eff:0.1% logz-ratio=719781.41+/-0.09 dlogz:173.232>0.01]18687it [11:24:15, 12.85s/it, bound:4185 nc:3252 ncall:2.6e+07 eff:0.1% logz-ratio=719781.80+/-0.08 dlogz:172.815>0.01]18691it [11:25:19, 13.89s/it, bound:4186 nc:3469 ncall:2.6e+07 eff:0.1% logz-ratio=719782.13+/-0.08 dlogz:172.469>0.01]18695it [11:26:35, 15.51s/it, bound:4187 nc:3483 ncall:2.6e+07 eff:0.1% logz-ratio=719782.45+/-0.08 dlogz:172.139>0.01]18699it [11:27:44, 16.03s/it, bound:4188 nc:3158 ncall:2.6e+07 eff:0.1% logz-ratio=719782.81+/-0.09 dlogz:171.786>0.01]18703it [11:28:55, 16.52s/it, bound:4189 nc:2973 ncall:2.6e+07 eff:0.1% logz-ratio=719783.24+/-0.09 dlogz:171.364>0.01]18707it [11:30:04, 16.76s/it, bound:4190 nc:3487 ncall:2.6e+07 eff:0.1% logz-ratio=719783.63+/-0.08 dlogz:170.947>0.01]18711it [11:31:09, 16.58s/it, bound:4191 nc:3362 ncall:2.6e+07 eff:0.1% logz-ratio=719783.98+/-0.08 dlogz:170.581>0.01]18713it [11:31:19, 14.56s/it, bound:4191 nc:3413 ncall:2.6e+07 eff:0.1% logz-ratio=719784.15+/-0.08 dlogz:170.408>0.01]18715it [11:32:23, 18.05s/it, bound:4192 nc:2341 ncall:2.6e+07 eff:0.1% logz-ratio=719784.32+/-0.08 dlogz:170.239>0.01]18719it [11:33:34, 17.99s/it, bound:4193 nc:3267 ncall:2.6e+07 eff:0.1% logz-ratio=719784.64+/-0.08 dlogz:169.900>0.01]18723it [11:34:45, 17.87s/it, bound:4194 nc:3682 ncall:2.6e+07 eff:0.1% logz-ratio=719784.98+/-0.09 dlogz:169.569>0.01]18727it [11:36:10, 18.97s/it, bound:4195 nc:3132 ncall:2.6e+07 eff:0.1% logz-ratio=719785.33+/-0.08 dlogz:169.202>0.01]18731it [11:37:26, 19.05s/it, bound:4196 nc:3536 ncall:2.6e+07 eff:0.1% logz-ratio=719785.69+/-0.08 dlogz:168.839>0.01]18735it [11:38:38, 18.70s/it, bound:4197 nc:3414 ncall:2.6e+07 eff:0.1% logz-ratio=719786.03+/-0.08 dlogz:168.478>0.01]18739it [11:39:48, 18.30s/it, bound:4198 nc:3506 ncall:2.6e+07 eff:0.1% logz-ratio=719786.37+/-0.08 dlogz:168.132>0.01]18743it [11:41:03, 18.46s/it, bound:4199 nc:3703 ncall:2.6e+07 eff:0.1% logz-ratio=719786.67+/-0.07 dlogz:167.815>0.01]18747it [11:42:08, 17.80s/it, bound:4200 nc:3205 ncall:2.6e+07 eff:0.1% logz-ratio=719786.92+/-0.07 dlogz:167.546>0.01]18749it [11:42:19, 15.56s/it, bound:4200 nc:3151 ncall:2.6e+07 eff:0.1% logz-ratio=719787.05+/-0.07 dlogz:167.415>0.01]18751it [11:43:23, 18.91s/it, bound:4201 nc:3612 ncall:2.6e+07 eff:0.1% logz-ratio=719787.16+/-0.07 dlogz:167.291>0.01]18755it [11:44:13, 16.60s/it, bound:4202 nc:2753 ncall:2.6e+07 eff:0.1% logz-ratio=719787.43+/-0.07 dlogz:167.031>0.01]18759it [11:45:02, 15.09s/it, bound:4203 nc:3450 ncall:2.6e+07 eff:0.1% logz-ratio=719787.68+/-0.07 dlogz:166.761>0.01]18763it [11:45:51, 14.16s/it, bound:4204 nc:2428 ncall:2.6e+07 eff:0.1% logz-ratio=719787.99+/-0.08 dlogz:166.466>0.01]18767it [11:46:45, 13.91s/it, bound:4205 nc:2998 ncall:2.6e+07 eff:0.1% logz-ratio=719788.29+/-0.08 dlogz:166.147>0.01]18771it [11:47:35, 13.49s/it, bound:4206 nc:3295 ncall:2.6e+07 eff:0.1% logz-ratio=719788.62+/-0.08 dlogz:165.817>0.01]18775it [11:48:26, 13.22s/it, bound:4207 nc:2952 ncall:2.6e+07 eff:0.1% logz-ratio=719788.94+/-0.08 dlogz:165.485>0.01]18779it [11:49:14, 12.84s/it, bound:4208 nc:2985 ncall:2.6e+07 eff:0.1% logz-ratio=719789.29+/-0.08 dlogz:165.143>0.01]18783it [11:50:05, 12.88s/it, bound:4209 nc:3160 ncall:2.6e+07 eff:0.1% logz-ratio=719789.68+/-0.09 dlogz:164.755>0.01]18787it [11:50:57, 12.85s/it, bound:4210 nc:2505 ncall:2.6e+07 eff:0.1% logz-ratio=719790.06+/-0.08 dlogz:164.352>0.01]18791it [11:51:49, 12.90s/it, bound:4211 nc:3323 ncall:2.6e+07 eff:0.1% logz-ratio=719790.40+/-0.08 dlogz:163.992>0.01]18795it [11:52:41, 12.94s/it, bound:4212 nc:3457 ncall:2.6e+07 eff:0.1% logz-ratio=719790.72+/-0.08 dlogz:163.670>0.01]18797it [11:52:51, 11.53s/it, bound:4213 nc:3157 ncall:2.6e+07 eff:0.1% logz-ratio=719790.88+/-0.08 dlogz:163.503>0.01]18798it [11:53:43, 16.13s/it, bound:4213 nc:3349 ncall:2.6e+07 eff:0.1% logz-ratio=719790.97+/-0.11 dlogz:163.420>0.01]18802it [11:54:32, 14.61s/it, bound:4214 nc:3006 ncall:2.6e+07 eff:0.1% logz-ratio=719791.35+/-0.12 dlogz:163.032>0.01]18806it [11:55:24, 13.99s/it, bound:4215 nc:3190 ncall:2.6e+07 eff:0.1% logz-ratio=719791.71+/-0.11 dlogz:162.656>0.01]18810it [11:56:13, 13.42s/it, bound:4216 nc:2942 ncall:2.6e+07 eff:0.1% logz-ratio=719792.02+/-0.11 dlogz:162.329>0.01]18813it [11:57:02, 14.22s/it, bound:4217 nc:3460 ncall:2.6e+07 eff:0.1% logz-ratio=719792.26+/-0.11 dlogz:162.087>0.01]18817it [11:57:52, 13.58s/it, bound:4218 nc:3454 ncall:2.6e+07 eff:0.1% logz-ratio=719792.58+/-0.11 dlogz:161.775>0.01]18821it [11:58:44, 13.41s/it, bound:4219 nc:3332 ncall:2.6e+07 eff:0.1% logz-ratio=719792.99+/-0.12 dlogz:161.371>0.01]18825it [11:59:37, 13.42s/it, bound:4220 nc:3274 ncall:2.6e+07 eff:0.1% logz-ratio=719793.39+/-0.12 dlogz:160.967>0.01]18829it [12:00:30, 13.36s/it, bound:4221 nc:3493 ncall:2.6e+07 eff:0.1% logz-ratio=719793.86+/-0.13 dlogz:160.509>0.01]18833it [12:01:20, 13.09s/it, bound:4222 nc:3298 ncall:2.6e+07 eff:0.1% logz-ratio=719794.47+/-0.15 dlogz:159.912>0.01]18837it [12:02:14, 13.21s/it, bound:4223 nc:2976 ncall:2.6e+07 eff:0.1% logz-ratio=719794.99+/-0.13 dlogz:159.344>0.01]18841it [12:03:03, 12.89s/it, bound:4224 nc:3331 ncall:2.6e+07 eff:0.1% logz-ratio=719795.44+/-0.13 dlogz:158.897>0.01]18842it [12:03:13, 12.62s/it, bound:4224 nc:2864 ncall:2.6e+07 eff:0.1% logz-ratio=719795.56+/-0.10 dlogz:158.774>0.01]18845it [12:04:03, 13.77s/it, bound:4225 nc:3391 ncall:2.6e+07 eff:0.1% logz-ratio=719795.93+/-0.13 dlogz:158.396>0.01]18849it [12:04:55, 13.56s/it, bound:4226 nc:3045 ncall:2.6e+07 eff:0.1% logz-ratio=719796.35+/-0.12 dlogz:157.945>0.01]18853it [12:05:48, 13.45s/it, bound:4227 nc:3462 ncall:2.6e+07 eff:0.1% logz-ratio=719796.69+/-0.11 dlogz:157.586>0.01]18857it [12:06:39, 13.19s/it, bound:4228 nc:3405 ncall:2.6e+07 eff:0.1% logz-ratio=719797.04+/-0.11 dlogz:157.233>0.01]18861it [12:07:28, 12.90s/it, bound:4229 nc:3248 ncall:2.6e+07 eff:0.1% logz-ratio=719797.35+/-0.11 dlogz:156.903>0.01]18865it [12:08:20, 12.92s/it, bound:4230 nc:3036 ncall:2.6e+07 eff:0.1% logz-ratio=719797.68+/-0.11 dlogz:156.571>0.01]18869it [12:09:16, 13.27s/it, bound:4231 nc:3752 ncall:2.6e+07 eff:0.1% logz-ratio=719797.99+/-0.11 dlogz:156.493>0.01]18873it [12:10:16, 13.80s/it, bound:4232 nc:3075 ncall:2.6e+07 eff:0.1% logz-ratio=719798.30+/-0.11 dlogz:156.180>0.01]18877it [12:11:26, 14.93s/it, bound:4233 nc:3638 ncall:2.6e+07 eff:0.1% logz-ratio=719798.66+/-0.12 dlogz:155.826>0.01]18881it [12:12:37, 15.76s/it, bound:4234 nc:3842 ncall:2.6e+07 eff:0.1% logz-ratio=719799.07+/-0.13 dlogz:155.430>0.01]18885it [12:13:46, 16.24s/it, bound:4235 nc:3498 ncall:2.6e+07 eff:0.1% logz-ratio=719799.50+/-0.13 dlogz:154.988>0.01]18886it [12:13:56, 15.63s/it, bound:4235 nc:3540 ncall:2.6e+07 eff:0.1% logz-ratio=719799.61+/-0.09 dlogz:154.876>0.01]18889it [12:14:48, 16.10s/it, bound:4236 nc:3657 ncall:2.6e+07 eff:0.1% logz-ratio=719799.99+/-0.14 dlogz:154.510>0.01]18893it [12:15:40, 15.02s/it, bound:4237 nc:3415 ncall:2.6e+07 eff:0.1% logz-ratio=719800.43+/-0.13 dlogz:154.035>0.01]18897it [12:16:30, 14.13s/it, bound:4238 nc:3424 ncall:2.6e+07 eff:0.1% logz-ratio=719800.81+/-0.12 dlogz:153.633>0.01]18901it [12:17:21, 13.67s/it, bound:4239 nc:2813 ncall:2.6e+07 eff:0.1% logz-ratio=719801.20+/-0.12 dlogz:153.251>0.01]18905it [12:18:15, 13.67s/it, bound:4240 nc:2972 ncall:2.6e+07 eff:0.1% logz-ratio=719801.60+/-0.12 dlogz:152.835>0.01]18909it [12:19:02, 13.07s/it, bound:4241 nc:3256 ncall:2.6e+07 eff:0.1% logz-ratio=719802.02+/-0.13 dlogz:152.423>0.01]18913it [12:19:53, 12.94s/it, bound:4242 nc:2967 ncall:2.6e+07 eff:0.1% logz-ratio=719802.39+/-0.11 dlogz:152.018>0.01]18917it [12:20:43, 12.84s/it, bound:4243 nc:3266 ncall:2.6e+07 eff:0.1% logz-ratio=719802.76+/-0.12 dlogz:171.667>0.01]18921it [12:21:31, 12.55s/it, bound:4244 nc:2633 ncall:2.6e+07 eff:0.1% logz-ratio=719803.09+/-0.11 dlogz:171.307>0.01]18925it [12:22:23, 12.66s/it, bound:4245 nc:3497 ncall:2.6e+07 eff:0.1% logz-ratio=719803.42+/-0.11 dlogz:170.980>0.01]18929it [12:23:19, 13.09s/it, bound:4246 nc:3524 ncall:2.6e+07 eff:0.1% logz-ratio=719803.77+/-0.12 dlogz:170.636>0.01]18933it [12:24:07, 12.73s/it, bound:4247 nc:3299 ncall:2.6e+07 eff:0.1% logz-ratio=719804.08+/-0.10 dlogz:170.292>0.01]18934it [12:24:12, 12.04s/it, bound:4247 nc:3074 ncall:2.6e+07 eff:0.1% logz-ratio=719804.14+/-0.07 dlogz:170.220>0.01]18937it [12:25:00, 13.23s/it, bound:4248 nc:3375 ncall:2.6e+07 eff:0.1% logz-ratio=719804.33+/-0.10 dlogz:170.024>0.01]18941it [12:25:52, 13.09s/it, bound:4249 nc:3479 ncall:2.6e+07 eff:0.1% logz-ratio=719804.58+/-0.10 dlogz:169.769>0.01]18945it [12:26:42, 12.93s/it, bound:4250 nc:2986 ncall:2.6e+07 eff:0.1% logz-ratio=719804.83+/-0.10 dlogz:169.509>0.01]18949it [12:27:34, 12.90s/it, bound:4251 nc:3231 ncall:2.6e+07 eff:0.1% logz-ratio=719805.15+/-0.11 dlogz:169.203>0.01]18953it [12:28:22, 12.63s/it, bound:4252 nc:3195 ncall:2.6e+07 eff:0.1% logz-ratio=719805.46+/-0.10 dlogz:168.878>0.01]18957it [12:29:13, 12.69s/it, bound:4253 nc:3029 ncall:2.6e+07 eff:0.1% logz-ratio=719805.80+/-0.11 dlogz:168.540>0.01]18961it [12:30:07, 12.91s/it, bound:4254 nc:3181 ncall:2.6e+07 eff:0.1% logz-ratio=719806.14+/-0.11 dlogz:168.182>0.01]18965it [12:31:00, 13.06s/it, bound:4255 nc:3330 ncall:2.6e+07 eff:0.1% logz-ratio=719806.46+/-0.11 dlogz:167.861>0.01]18969it [12:31:49, 12.78s/it, bound:4256 nc:2922 ncall:2.7e+07 eff:0.1% logz-ratio=719806.77+/-0.11 dlogz:167.532>0.01]18973it [12:32:39, 12.71s/it, bound:4257 nc:2895 ncall:2.7e+07 eff:0.1% logz-ratio=719807.06+/-0.10 dlogz:167.223>0.01]18977it [12:33:29, 12.61s/it, bound:4258 nc:3355 ncall:2.7e+07 eff:0.1% logz-ratio=719807.32+/-0.10 dlogz:166.955>0.01]18981it [12:34:26, 13.12s/it, bound:4259 nc:3144 ncall:2.7e+07 eff:0.1% logz-ratio=719807.58+/-0.10 dlogz:166.692>0.01]18982it [12:34:39, 13.15s/it, bound:4259 nc:3292 ncall:2.7e+07 eff:0.1% logz-ratio=719807.66+/-0.08 dlogz:166.622>0.01]18985it [12:35:47, 15.96s/it, bound:4260 nc:2825 ncall:2.7e+07 eff:0.1% logz-ratio=719807.89+/-0.11 dlogz:166.379>0.01]18989it [12:36:58, 16.57s/it, bound:4261 nc:3460 ncall:2.7e+07 eff:0.1% logz-ratio=719808.20+/-0.11 dlogz:166.071>0.01]18993it [12:38:04, 16.51s/it, bound:4262 nc:3595 ncall:2.7e+07 eff:0.1% logz-ratio=719808.53+/-0.11 dlogz:165.736>0.01]18997it [12:38:57, 15.45s/it, bound:4263 nc:3818 ncall:2.7e+07 eff:0.1% logz-ratio=719808.90+/-0.11 dlogz:165.356>0.01]19001it [12:39:46, 14.45s/it, bound:4264 nc:3008 ncall:2.7e+07 eff:0.1% logz-ratio=719809.22+/-0.11 dlogz:165.024>0.01]19005it [12:40:34, 13.67s/it, bound:4265 nc:3328 ncall:2.7e+07 eff:0.1% logz-ratio=719809.51+/-0.10 dlogz:164.719>0.01]19009it [12:41:23, 13.25s/it, bound:4266 nc:2967 ncall:2.7e+07 eff:0.1% logz-ratio=719809.77+/-0.10 dlogz:164.443>0.01]19013it [12:42:10, 12.80s/it, bound:4267 nc:3030 ncall:2.7e+07 eff:0.1% logz-ratio=719810.06+/-0.10 dlogz:164.153>0.01]19017it [12:43:02, 12.89s/it, bound:4268 nc:3434 ncall:2.7e+07 eff:0.1% logz-ratio=719810.34+/-0.10 dlogz:163.861>0.01]19021it [12:44:00, 13.35s/it, bound:4269 nc:3228 ncall:2.7e+07 eff:0.1% logz-ratio=719810.65+/-0.11 dlogz:163.554>0.01]19025it [12:45:04, 14.16s/it, bound:4270 nc:3360 ncall:2.7e+07 eff:0.1% logz-ratio=719810.97+/-0.11 dlogz:163.227>0.01]19026it [12:45:18, 14.14s/it, bound:4270 nc:3039 ncall:2.7e+07 eff:0.1% logz-ratio=719811.04+/-0.08 dlogz:163.145>0.01]19029it [12:46:17, 15.73s/it, bound:4271 nc:3464 ncall:2.7e+07 eff:0.1% logz-ratio=719811.29+/-0.11 dlogz:162.897>0.01]19033it [12:47:18, 15.57s/it, bound:4272 nc:3499 ncall:2.7e+07 eff:0.1% logz-ratio=719811.58+/-0.10 dlogz:172.852>0.01]19037it [12:48:26, 16.09s/it, bound:4273 nc:3313 ncall:2.7e+07 eff:0.1% logz-ratio=719811.89+/-0.11 dlogz:172.557>0.01]19041it [12:49:33, 16.30s/it, bound:4274 nc:3318 ncall:2.7e+07 eff:0.1% logz-ratio=719812.26+/-0.12 dlogz:172.193>0.01]19045it [12:50:41, 16.53s/it, bound:4275 nc:3300 ncall:2.7e+07 eff:0.1% logz-ratio=719812.68+/-0.12 dlogz:171.759>0.01]19049it [12:51:44, 16.28s/it, bound:4276 nc:3114 ncall:2.7e+07 eff:0.1% logz-ratio=719813.09+/-0.12 dlogz:171.344>0.01]19053it [12:52:45, 15.96s/it, bound:4277 nc:3491 ncall:2.7e+07 eff:0.1% logz-ratio=719813.52+/-0.12 dlogz:170.912>0.01]19057it [12:53:50, 16.01s/it, bound:4278 nc:3082 ncall:2.7e+07 eff:0.1% logz-ratio=719813.86+/-0.11 dlogz:170.532>0.01]19061it [12:54:57, 16.24s/it, bound:4279 nc:3425 ncall:2.7e+07 eff:0.1% logz-ratio=719814.15+/-0.10 dlogz:170.226>0.01]19065it [12:56:06, 16.60s/it, bound:4280 nc:2929 ncall:2.7e+07 eff:0.1% logz-ratio=719814.43+/-0.11 dlogz:169.945>0.01]19066it [12:56:17, 16.02s/it, bound:4280 nc:3095 ncall:2.7e+07 eff:0.1% logz-ratio=719814.50+/-0.08 dlogz:169.867>0.01]19069it [12:57:22, 17.65s/it, bound:4281 nc:3419 ncall:2.7e+07 eff:0.1% logz-ratio=719814.72+/-0.11 dlogz:169.647>0.01]19073it [12:58:22, 16.77s/it, bound:4282 nc:3258 ncall:2.7e+07 eff:0.1% logz-ratio=719815.03+/-0.11 dlogz:169.336>0.01]19077it [12:59:19, 15.90s/it, bound:4283 nc:2928 ncall:2.7e+07 eff:0.1% logz-ratio=719815.36+/-0.11 dlogz:169.001>0.01]19081it [13:00:29, 16.40s/it, bound:4284 nc:3191 ncall:2.7e+07 eff:0.1% logz-ratio=719815.70+/-0.11 dlogz:168.661>0.01]19085it [13:01:43, 17.05s/it, bound:4285 nc:3074 ncall:2.7e+07 eff:0.1% logz-ratio=719816.02+/-0.11 dlogz:168.318>0.01]19089it [13:02:50, 16.96s/it, bound:4286 nc:3057 ncall:2.7e+07 eff:0.1% logz-ratio=719816.35+/-0.11 dlogz:167.981>0.01]19093it [13:04:15, 18.33s/it, bound:4287 nc:3429 ncall:2.7e+07 eff:0.1% logz-ratio=719816.65+/-0.11 dlogz:167.673>0.01]19097it [13:05:33, 18.63s/it, bound:4288 nc:3430 ncall:2.7e+07 eff:0.1% logz-ratio=719816.96+/-0.11 dlogz:167.368>0.01]19101it [13:06:40, 18.08s/it, bound:4289 nc:3564 ncall:2.7e+07 eff:0.1% logz-ratio=719817.29+/-0.11 dlogz:167.030>0.01]19102it [13:06:50, 17.32s/it, bound:4289 nc:2816 ncall:2.7e+07 eff:0.1% logz-ratio=719817.37+/-0.08 dlogz:166.942>0.01]19105it [13:07:42, 17.26s/it, bound:4290 nc:2994 ncall:2.7e+07 eff:0.1% logz-ratio=719817.60+/-0.11 dlogz:166.695>0.01]19109it [13:08:33, 15.67s/it, bound:4291 nc:3295 ncall:2.7e+07 eff:0.1% logz-ratio=719817.88+/-0.11 dlogz:166.405>0.01]19113it [13:09:23, 14.62s/it, bound:4292 nc:2616 ncall:2.7e+07 eff:0.1% logz-ratio=719818.18+/-0.11 dlogz:166.098>0.01]19117it [13:10:18, 14.30s/it, bound:4293 nc:3125 ncall:2.7e+07 eff:0.1% logz-ratio=719818.55+/-0.12 dlogz:165.754>0.01]19121it [13:11:15, 14.33s/it, bound:4294 nc:2416 ncall:2.7e+07 eff:0.1% logz-ratio=719818.93+/-0.12 dlogz:165.344>0.01]19125it [13:12:14, 14.40s/it, bound:4295 nc:3544 ncall:2.7e+07 eff:0.1% logz-ratio=719819.24+/-0.11 dlogz:165.014>0.01]19129it [13:13:23, 15.32s/it, bound:4296 nc:3256 ncall:2.7e+07 eff:0.1% logz-ratio=719819.60+/-0.11 dlogz:164.665>0.01]19133it [13:14:22, 15.10s/it, bound:4297 nc:3098 ncall:2.7e+07 eff:0.1% logz-ratio=719819.98+/-0.12 dlogz:164.275>0.01]19137it [13:15:32, 15.86s/it, bound:4298 nc:3357 ncall:2.7e+07 eff:0.1% logz-ratio=719820.30+/-0.11 dlogz:163.933>0.01]19141it [13:16:32, 15.57s/it, bound:4299 nc:3585 ncall:2.7e+07 eff:0.1% logz-ratio=719820.55+/-0.10 dlogz:163.658>0.01]19145it [13:17:36, 15.74s/it, bound:4300 nc:3673 ncall:2.7e+07 eff:0.1% logz-ratio=719820.80+/-0.10 dlogz:163.401>0.01]19146it [13:17:46, 15.17s/it, bound:4300 nc:2320 ncall:2.7e+07 eff:0.1% logz-ratio=719820.86+/-0.07 dlogz:163.339>0.01]19149it [13:18:38, 15.84s/it, bound:4301 nc:3611 ncall:2.7e+07 eff:0.1% logz-ratio=719821.03+/-0.09 dlogz:163.155>0.01]19153it [13:19:30, 14.81s/it, bound:4302 nc:3576 ncall:2.7e+07 eff:0.1% logz-ratio=719821.31+/-0.10 dlogz:162.881>0.01]19157it [13:20:23, 14.25s/it, bound:4303 nc:2959 ncall:2.7e+07 eff:0.1% logz-ratio=719821.58+/-0.10 dlogz:162.606>0.01]19161it [13:21:15, 13.89s/it, bound:4304 nc:2924 ncall:2.7e+07 eff:0.1% logz-ratio=719821.83+/-0.10 dlogz:162.338>0.01]19165it [13:22:15, 14.19s/it, bound:4305 nc:2815 ncall:2.7e+07 eff:0.1% logz-ratio=719822.06+/-0.09 dlogz:162.098>0.01]19169it [13:23:15, 14.45s/it, bound:4306 nc:3671 ncall:2.7e+07 eff:0.1% logz-ratio=719822.29+/-0.09 dlogz:161.863>0.01]19173it [13:24:27, 15.53s/it, bound:4307 nc:3277 ncall:2.7e+07 eff:0.1% logz-ratio=719822.53+/-0.10 dlogz:161.619>0.01]19177it [13:25:34, 15.93s/it, bound:4308 nc:3676 ncall:2.7e+07 eff:0.1% logz-ratio=719822.79+/-0.10 dlogz:161.365>0.01]19181it [13:26:43, 16.33s/it, bound:4309 nc:3181 ncall:2.7e+07 eff:0.1% logz-ratio=719823.12+/-0.11 dlogz:161.026>0.01]19185it [13:27:42, 15.85s/it, bound:4310 nc:3206 ncall:2.7e+07 eff:0.1% logz-ratio=719823.40+/-0.10 dlogz:160.730>0.01]19186it [13:27:53, 15.36s/it, bound:4310 nc:3058 ncall:2.7e+07 eff:0.1% logz-ratio=719823.46+/-0.07 dlogz:160.661>0.01]19189it [13:28:56, 17.01s/it, bound:4311 nc:3378 ncall:2.7e+07 eff:0.1% logz-ratio=719823.65+/-0.10 dlogz:160.465>0.01]19193it [13:29:48, 15.62s/it, bound:4312 nc:3284 ncall:2.7e+07 eff:0.1% logz-ratio=719823.91+/-0.10 dlogz:160.196>0.01]19197it [13:30:43, 14.93s/it, bound:4313 nc:2841 ncall:2.7e+07 eff:0.1% logz-ratio=719824.18+/-0.10 dlogz:159.935>0.01]19201it [13:31:33, 14.17s/it, bound:4314 nc:3321 ncall:2.7e+07 eff:0.1% logz-ratio=719824.50+/-0.11 dlogz:159.610>0.01]19205it [13:32:27, 13.99s/it, bound:4315 nc:3757 ncall:2.7e+07 eff:0.1% logz-ratio=719824.83+/-0.11 dlogz:159.281>0.01]19209it [13:33:27, 14.27s/it, bound:4316 nc:3414 ncall:2.7e+07 eff:0.1% logz-ratio=719825.22+/-0.13 dlogz:158.895>0.01]19213it [13:34:14, 13.52s/it, bound:4317 nc:3395 ncall:2.7e+07 eff:0.1% logz-ratio=719825.58+/-0.11 dlogz:158.508>0.01]19217it [13:35:03, 13.14s/it, bound:4318 nc:3088 ncall:2.7e+07 eff:0.1% logz-ratio=719825.91+/-0.12 dlogz:158.173>0.01]19221it [13:35:52, 12.82s/it, bound:4319 nc:3329 ncall:2.7e+07 eff:0.1% logz-ratio=719826.24+/-0.11 dlogz:157.829>0.01]19225it [13:36:42, 12.77s/it, bound:4320 nc:3623 ncall:2.7e+07 eff:0.1% logz-ratio=719826.57+/-0.11 dlogz:157.488>0.01]19229it [13:37:33, 12.73s/it, bound:4321 nc:3382 ncall:2.7e+07 eff:0.1% logz-ratio=719826.94+/-0.12 dlogz:157.124>0.01]19233it [13:38:23, 12.66s/it, bound:4322 nc:3261 ncall:2.7e+07 eff:0.1% logz-ratio=719827.32+/-0.12 dlogz:156.746>0.01]19234it [13:38:33, 12.38s/it, bound:4322 nc:3485 ncall:2.7e+07 eff:0.1% logz-ratio=719827.41+/-0.09 dlogz:156.647>0.01]19237it [13:39:26, 13.92s/it, bound:4323 nc:3371 ncall:2.7e+07 eff:0.1% logz-ratio=719827.66+/-0.11 dlogz:156.377>0.01]19241it [13:40:18, 13.62s/it, bound:4324 nc:3630 ncall:2.7e+07 eff:0.1% logz-ratio=719827.96+/-0.11 dlogz:156.069>0.01]19245it [13:41:06, 13.09s/it, bound:4325 nc:3430 ncall:2.7e+07 eff:0.1% logz-ratio=719828.27+/-0.11 dlogz:155.748>0.01]19249it [13:41:57, 12.98s/it, bound:4326 nc:3610 ncall:2.7e+07 eff:0.1% logz-ratio=719828.56+/-0.11 dlogz:155.453>0.01]19252it [13:42:50, 14.19s/it, bound:4327 nc:6409 ncall:2.7e+07 eff:0.1% logz-ratio=719828.79+/-0.08 dlogz:155.211>0.01]19256it [13:43:40, 13.65s/it, bound:4328 nc:2685 ncall:2.7e+07 eff:0.1% logz-ratio=719829.13+/-0.12 dlogz:154.875>0.01]19260it [13:44:29, 13.16s/it, bound:4329 nc:3121 ncall:2.7e+07 eff:0.1% logz-ratio=719829.46+/-0.11 dlogz:154.527>0.01]19264it [13:45:17, 12.80s/it, bound:4330 nc:3302 ncall:2.7e+07 eff:0.1% logz-ratio=719829.84+/-0.12 dlogz:154.167>0.01]19268it [13:46:00, 12.18s/it, bound:4331 nc:2935 ncall:2.7e+07 eff:0.1% logz-ratio=719830.22+/-0.12 dlogz:153.768>0.01]19272it [13:46:46, 11.97s/it, bound:4332 nc:3101 ncall:2.7e+07 eff:0.1% logz-ratio=719830.57+/-0.12 dlogz:153.399>0.01]19276it [13:47:34, 12.01s/it, bound:4333 nc:3259 ncall:2.8e+07 eff:0.1% logz-ratio=719830.89+/-0.11 dlogz:153.064>0.01]19280it [13:48:24, 12.14s/it, bound:4334 nc:3513 ncall:2.8e+07 eff:0.1% logz-ratio=719831.17+/-0.10 dlogz:152.765>0.01]19284it [13:49:12, 12.06s/it, bound:4335 nc:3387 ncall:2.8e+07 eff:0.1% logz-ratio=719831.45+/-0.10 dlogz:152.488>0.01]19285it [13:49:22, 11.85s/it, bound:4335 nc:2873 ncall:2.8e+07 eff:0.1% logz-ratio=719831.52+/-0.07 dlogz:152.416>0.01]19288it [13:50:08, 12.89s/it, bound:4336 nc:2638 ncall:2.8e+07 eff:0.1% logz-ratio=719831.74+/-0.11 dlogz:152.187>0.01]19292it [13:50:54, 12.39s/it, bound:4337 nc:3288 ncall:2.8e+07 eff:0.1% logz-ratio=719832.09+/-0.12 dlogz:151.844>0.01]19296it [13:51:45, 12.54s/it, bound:4338 nc:3504 ncall:2.8e+07 eff:0.1% logz-ratio=719832.41+/-0.11 dlogz:151.505>0.01]19300it [13:52:34, 12.44s/it, bound:4339 nc:3509 ncall:2.8e+07 eff:0.1% logz-ratio=719832.67+/-0.10 dlogz:151.227>0.01]19304it [13:53:24, 12.47s/it, bound:4340 nc:3578 ncall:2.8e+07 eff:0.1% logz-ratio=719832.90+/-0.09 dlogz:150.979>0.01]19308it [13:54:16, 12.66s/it, bound:4341 nc:3373 ncall:2.8e+07 eff:0.1% logz-ratio=719833.11+/-0.09 dlogz:150.754>0.01]19312it [13:55:08, 12.70s/it, bound:4342 nc:3142 ncall:2.8e+07 eff:0.1% logz-ratio=719833.32+/-0.09 dlogz:150.541>0.01]19316it [13:56:01, 12.87s/it, bound:4343 nc:3620 ncall:2.8e+07 eff:0.1% logz-ratio=719833.51+/-0.09 dlogz:150.337>0.01]19319it [13:56:48, 13.58s/it, bound:4344 nc:7142 ncall:2.8e+07 eff:0.1% logz-ratio=719833.66+/-0.06 dlogz:150.181>0.01]19323it [13:57:37, 13.17s/it, bound:4345 nc:3017 ncall:2.8e+07 eff:0.1% logz-ratio=719833.86+/-0.09 dlogz:149.977>0.01]19327it [13:58:27, 12.93s/it, bound:4346 nc:3563 ncall:2.8e+07 eff:0.1% logz-ratio=719834.08+/-0.09 dlogz:149.753>0.01]19331it [13:59:16, 12.73s/it, bound:4347 nc:3311 ncall:2.8e+07 eff:0.1% logz-ratio=719834.30+/-0.09 dlogz:149.529>0.01]19335it [14:00:01, 12.25s/it, bound:4348 nc:3160 ncall:2.8e+07 eff:0.1% logz-ratio=719834.55+/-0.10 dlogz:149.276>0.01]19336it [14:00:11, 12.03s/it, bound:4348 nc:3004 ncall:2.8e+07 eff:0.1% logz-ratio=719834.62+/-0.07 dlogz:149.208>0.01]19339it [14:01:01, 13.46s/it, bound:4349 nc:3624 ncall:2.8e+07 eff:0.1% logz-ratio=719834.81+/-0.10 dlogz:149.010>0.01]19343it [14:01:51, 13.10s/it, bound:4350 nc:3374 ncall:2.8e+07 eff:0.1% logz-ratio=719835.09+/-0.10 dlogz:148.729>0.01]19347it [14:02:44, 13.13s/it, bound:4351 nc:3121 ncall:2.8e+07 eff:0.1% logz-ratio=719835.41+/-0.11 dlogz:148.404>0.01]19351it [14:03:36, 13.10s/it, bound:4352 nc:3103 ncall:2.8e+07 eff:0.1% logz-ratio=719835.73+/-0.11 dlogz:148.076>0.01]19354it [14:04:28, 14.22s/it, bound:4353 nc:3387 ncall:2.8e+07 eff:0.1% logz-ratio=719835.96+/-0.08 dlogz:147.839>0.01]19358it [14:05:18, 13.68s/it, bound:4354 nc:3108 ncall:2.8e+07 eff:0.1% logz-ratio=719836.26+/-0.07 dlogz:147.524>0.01]19362it [14:06:10, 13.39s/it, bound:4355 nc:3178 ncall:2.8e+07 eff:0.1% logz-ratio=719836.52+/-0.07 dlogz:147.251>0.01]19366it [14:07:01, 13.24s/it, bound:4356 nc:3408 ncall:2.8e+07 eff:0.1% logz-ratio=719836.79+/-0.08 dlogz:146.977>0.01]19370it [14:07:53, 13.14s/it, bound:4357 nc:3676 ncall:2.8e+07 eff:0.1% logz-ratio=719837.05+/-0.07 dlogz:146.701>0.01]19374it [14:08:47, 13.29s/it, bound:4358 nc:3912 ncall:2.8e+07 eff:0.1% logz-ratio=719837.33+/-0.08 dlogz:146.423>0.01]19378it [14:09:41, 13.33s/it, bound:4359 nc:3630 ncall:2.8e+07 eff:0.1% logz-ratio=719837.62+/-0.08 dlogz:146.128>0.01]19382it [14:10:27, 12.78s/it, bound:4360 nc:2931 ncall:2.8e+07 eff:0.1% logz-ratio=719837.88+/-0.07 dlogz:145.852>0.01]19384it [14:10:37, 11.39s/it, bound:4360 nc:3281 ncall:2.8e+07 eff:0.1% logz-ratio=719838.02+/-0.07 dlogz:145.717>0.01]19386it [14:11:22, 13.63s/it, bound:4361 nc:3156 ncall:2.8e+07 eff:0.1% logz-ratio=719838.15+/-0.07 dlogz:145.578>0.01]19390it [14:12:12, 13.27s/it, bound:4362 nc:3617 ncall:2.8e+07 eff:0.1% logz-ratio=719838.40+/-0.07 dlogz:145.313>0.01]19394it [14:13:02, 12.95s/it, bound:4363 nc:2691 ncall:2.8e+07 eff:0.1% logz-ratio=719838.65+/-0.07 dlogz:145.057>0.01]19398it [14:13:55, 13.05s/it, bound:4364 nc:3363 ncall:2.8e+07 eff:0.1% logz-ratio=719839.01+/-0.09 dlogz:144.717>0.01]19402it [14:14:54, 13.62s/it, bound:4365 nc:3097 ncall:2.8e+07 eff:0.1% logz-ratio=719839.37+/-0.08 dlogz:144.348>0.01]19406it [14:15:59, 14.44s/it, bound:4366 nc:3047 ncall:2.8e+07 eff:0.1% logz-ratio=719839.73+/-0.08 dlogz:143.973>0.01]19410it [14:16:56, 14.35s/it, bound:4367 nc:3708 ncall:2.8e+07 eff:0.1% logz-ratio=719840.08+/-0.08 dlogz:143.614>0.01]19414it [14:17:59, 14.78s/it, bound:4368 nc:3360 ncall:2.8e+07 eff:0.1% logz-ratio=719840.40+/-0.08 dlogz:143.278>0.01]19418it [14:19:04, 15.27s/it, bound:4369 nc:3648 ncall:2.8e+07 eff:0.1% logz-ratio=719840.72+/-0.08 dlogz:142.960>0.01]19422it [14:20:06, 15.31s/it, bound:4370 nc:3190 ncall:2.8e+07 eff:0.1% logz-ratio=719841.03+/-0.08 dlogz:142.638>0.01]19426it [14:21:09, 15.45s/it, bound:4371 nc:3106 ncall:2.8e+07 eff:0.1% logz-ratio=719841.36+/-0.08 dlogz:142.302>0.01]19428it [14:21:20, 13.66s/it, bound:4371 nc:3374 ncall:2.8e+07 eff:0.1% logz-ratio=719841.53+/-0.08 dlogz:142.129>0.01]19430it [14:22:24, 17.37s/it, bound:4372 nc:3027 ncall:2.8e+07 eff:0.1% logz-ratio=719841.70+/-0.08 dlogz:141.953>0.01]19434it [14:23:35, 17.56s/it, bound:4373 nc:3430 ncall:2.8e+07 eff:0.1% logz-ratio=719841.99+/-0.07 dlogz:141.643>0.01]19438it [14:24:40, 17.12s/it, bound:4374 nc:3298 ncall:2.8e+07 eff:0.1% logz-ratio=719842.26+/-0.08 dlogz:141.372>0.01]19442it [14:25:43, 16.60s/it, bound:4375 nc:2924 ncall:2.8e+07 eff:0.1% logz-ratio=719842.58+/-0.08 dlogz:141.041>0.01]19446it [14:26:57, 17.24s/it, bound:4376 nc:3517 ncall:2.8e+07 eff:0.1% logz-ratio=719842.91+/-0.08 dlogz:140.716>0.01]19450it [14:27:56, 16.49s/it, bound:4377 nc:3731 ncall:2.8e+07 eff:0.1% logz-ratio=719843.23+/-0.08 dlogz:140.375>0.01]19454it [14:28:51, 15.64s/it, bound:4378 nc:3752 ncall:2.8e+07 eff:0.1% logz-ratio=719843.54+/-0.08 dlogz:140.073>0.01]19458it [14:29:41, 14.66s/it, bound:4379 nc:2995 ncall:2.8e+07 eff:0.1% logz-ratio=719843.88+/-0.08 dlogz:139.723>0.01]19462it [14:30:34, 14.19s/it, bound:4380 nc:3739 ncall:2.8e+07 eff:0.1% logz-ratio=719844.22+/-0.08 dlogz:139.369>0.01]19466it [14:31:21, 13.51s/it, bound:4381 nc:3103 ncall:2.8e+07 eff:0.1% logz-ratio=719844.52+/-0.08 dlogz:139.056>0.01]19468it [14:31:28, 11.66s/it, bound:4381 nc:3392 ncall:2.8e+07 eff:0.1% logz-ratio=719844.66+/-0.07 dlogz:138.906>0.01]19470it [14:32:18, 14.39s/it, bound:4382 nc:3607 ncall:2.8e+07 eff:0.1% logz-ratio=719844.81+/-0.08 dlogz:138.759>0.01]19474it [14:33:09, 13.83s/it, bound:4383 nc:3291 ncall:2.8e+07 eff:0.1% logz-ratio=719845.08+/-0.07 dlogz:138.466>0.01]19478it [14:34:04, 13.75s/it, bound:4384 nc:3341 ncall:2.8e+07 eff:0.1% logz-ratio=719845.33+/-0.07 dlogz:138.204>0.01]19482it [14:34:54, 13.38s/it, bound:4385 nc:3193 ncall:2.8e+07 eff:0.1% logz-ratio=719845.58+/-0.07 dlogz:137.949>0.01]19486it [14:35:45, 13.17s/it, bound:4386 nc:3649 ncall:2.8e+07 eff:0.1% logz-ratio=719845.82+/-0.07 dlogz:137.703>0.01]19490it [14:36:37, 13.13s/it, bound:4387 nc:3662 ncall:2.8e+07 eff:0.1% logz-ratio=719846.06+/-0.07 dlogz:137.447>0.01]19494it [14:37:27, 12.92s/it, bound:4388 nc:2840 ncall:2.8e+07 eff:0.1% logz-ratio=719846.29+/-0.07 dlogz:137.209>0.01]19498it [14:38:20, 13.02s/it, bound:4389 nc:3173 ncall:2.8e+07 eff:0.1% logz-ratio=719846.53+/-0.07 dlogz:136.968>0.01]19502it [14:39:10, 12.88s/it, bound:4390 nc:3550 ncall:2.8e+07 eff:0.1% logz-ratio=719846.75+/-0.07 dlogz:136.730>0.01]19506it [14:40:02, 12.86s/it, bound:4391 nc:3172 ncall:2.8e+07 eff:0.1% logz-ratio=719847.04+/-0.08 dlogz:136.467>0.01]19510it [14:40:52, 12.82s/it, bound:4392 nc:3413 ncall:2.8e+07 eff:0.1% logz-ratio=719847.37+/-0.08 dlogz:136.119>0.01]19514it [14:41:44, 12.82s/it, bound:4393 nc:3316 ncall:2.8e+07 eff:0.1% logz-ratio=719847.68+/-0.08 dlogz:135.802>0.01]19516it [14:41:54, 11.44s/it, bound:4393 nc:3091 ncall:2.8e+07 eff:0.1% logz-ratio=719847.85+/-0.08 dlogz:135.635>0.01]19518it [14:42:45, 14.31s/it, bound:4394 nc:3713 ncall:2.8e+07 eff:0.1% logz-ratio=719848.00+/-0.08 dlogz:135.469>0.01]19522it [14:43:36, 13.72s/it, bound:4395 nc:3570 ncall:2.8e+07 eff:0.1% logz-ratio=719848.28+/-0.07 dlogz:135.173>0.01]19526it [14:44:41, 14.62s/it, bound:4396 nc:3602 ncall:2.8e+07 eff:0.1% logz-ratio=719848.59+/-0.08 dlogz:134.858>0.01]19530it [14:46:11, 17.18s/it, bound:4397 nc:3762 ncall:2.8e+07 eff:0.1% logz-ratio=719848.86+/-0.07 dlogz:134.574>0.01]19533it [14:46:11, 12.71s/it, bound:4398 nc:  1 ncall:2.8e+07 eff:0.1% logz-ratio=719946.61+/-0.34 dlogz:32.617>0.01]  19534it [14:47:42, 21.33s/it, bound:4398 nc:3381 ncall:2.8e+07 eff:0.1% logz-ratio=719849.10+/-0.07 dlogz:134.321>0.01]19538it [14:49:00, 20.69s/it, bound:4399 nc:3619 ncall:2.8e+07 eff:0.1% logz-ratio=719849.35+/-0.08 dlogz:134.081>0.01]19542it [14:50:18, 20.20s/it, bound:4400 nc:3235 ncall:2.8e+07 eff:0.1% logz-ratio=719849.62+/-0.07 dlogz:133.792>0.01]19545it [14:50:18, 14.63s/it, bound:4401 nc:  1 ncall:2.8e+07 eff:0.1% logz-ratio=719910.45+/-0.31 dlogz:70.701>0.01]  19545it [14:50:31, 14.63s/it, bound:4401 nc:  1 ncall:2.8e+07 eff:0.1% logz-ratio=719976.46+/-0.62 dlogz:1.082>0.01] 19546it [14:51:34, 21.79s/it, bound:4401 nc:3318 ncall:2.8e+07 eff:0.1% logz-ratio=719849.86+/-0.07 dlogz:133.538>0.01]19550it [14:52:40, 19.70s/it, bound:4402 nc:3231 ncall:2.8e+07 eff:0.1% logz-ratio=719850.11+/-0.07 dlogz:133.282>0.01]19552it [14:52:50, 16.44s/it, bound:4402 nc:3200 ncall:2.8e+07 eff:0.1% logz-ratio=719850.23+/-0.07 dlogz:133.154>0.01]19553it [14:53:01, 16.44s/it, bound:4403 nc:  1 ncall:2.8e+07 eff:0.1% logz-ratio=719976.44+/-0.62 dlogz:1.082>0.01]   19554it [14:53:52, 19.95s/it, bound:4403 nc:3385 ncall:2.8e+07 eff:0.1% logz-ratio=719850.35+/-0.07 dlogz:133.033>0.01]19558it [14:54:59, 18.65s/it, bound:4404 nc:3015 ncall:2.8e+07 eff:0.1% logz-ratio=719850.61+/-0.07 dlogz:132.768>0.01]19562it [14:56:03, 17.61s/it, bound:4405 nc:3306 ncall:2.8e+07 eff:0.1% logz-ratio=719850.86+/-0.07 dlogz:132.513>0.01]19566it [14:57:07, 17.10s/it, bound:4406 nc:3573 ncall:2.8e+07 eff:0.1% logz-ratio=719851.10+/-0.07 dlogz:132.263>0.01]19570it [14:58:10, 16.66s/it, bound:4407 nc:2493 ncall:2.8e+07 eff:0.1% logz-ratio=719851.37+/-0.07 dlogz:131.988>0.01]19574it [14:59:09, 16.05s/it, bound:4408 nc:2855 ncall:2.8e+07 eff:0.1% logz-ratio=719851.63+/-0.07 dlogz:131.720>0.01]19578it [15:00:16, 16.25s/it, bound:4409 nc:3487 ncall:2.9e+07 eff:0.1% logz-ratio=719851.89+/-0.07 dlogz:131.448>0.01]19582it [15:01:19, 16.09s/it, bound:4410 nc:3519 ncall:2.9e+07 eff:0.1% logz-ratio=719852.16+/-0.07 dlogz:131.177>0.01]19586it [15:02:12, 15.24s/it, bound:4411 nc:3142 ncall:2.9e+07 eff:0.1% logz-ratio=719852.48+/-0.08 dlogz:130.864>0.01]19590it [15:03:17, 15.50s/it, bound:4412 nc:3120 ncall:2.9e+07 eff:0.1% logz-ratio=719852.87+/-0.09 dlogz:130.478>0.01]19592it [15:03:28, 13.71s/it, bound:4412 nc:3247 ncall:2.9e+07 eff:0.1% logz-ratio=719853.05+/-0.08 dlogz:130.283>0.01]19594it [15:04:29, 17.22s/it, bound:4413 nc:3697 ncall:2.9e+07 eff:0.1% logz-ratio=719853.22+/-0.08 dlogz:130.108>0.01]19598it [15:05:37, 17.08s/it, bound:4414 nc:3385 ncall:2.9e+07 eff:0.1% logz-ratio=719853.54+/-0.08 dlogz:129.768>0.01]19602it [15:06:47, 17.22s/it, bound:4415 nc:3125 ncall:2.9e+07 eff:0.1% logz-ratio=719853.84+/-0.08 dlogz:129.464>0.01]19606it [15:07:44, 16.29s/it, bound:4416 nc:3452 ncall:2.9e+07 eff:0.1% logz-ratio=719854.15+/-0.08 dlogz:129.145>0.01]19610it [15:08:44, 15.89s/it, bound:4417 nc:3104 ncall:2.9e+07 eff:0.1% logz-ratio=719854.43+/-0.08 dlogz:128.853>0.01]19614it [15:09:47, 15.83s/it, bound:4418 nc:2645 ncall:2.9e+07 eff:0.1% logz-ratio=719854.76+/-0.08 dlogz:128.528>0.01]19618it [15:10:50, 15.74s/it, bound:4419 nc:2720 ncall:2.9e+07 eff:0.1% logz-ratio=719855.05+/-0.07 dlogz:128.215>0.01]19622it [15:11:58, 16.14s/it, bound:4420 nc:3815 ncall:2.9e+07 eff:0.1% logz-ratio=719855.30+/-0.07 dlogz:127.949>0.01]19626it [15:13:07, 16.52s/it, bound:4421 nc:3618 ncall:2.9e+07 eff:0.1% logz-ratio=719855.59+/-0.08 dlogz:127.671>0.01]19630it [15:14:11, 16.38s/it, bound:4422 nc:3250 ncall:2.9e+07 eff:0.1% logz-ratio=719855.88+/-0.07 dlogz:127.358>0.01]19632it [15:14:22, 14.45s/it, bound:4422 nc:3435 ncall:2.9e+07 eff:0.1% logz-ratio=719856.01+/-0.07 dlogz:127.223>0.01]19634it [15:15:15, 16.87s/it, bound:4423 nc:3224 ncall:2.9e+07 eff:0.1% logz-ratio=719856.14+/-0.07 dlogz:127.096>0.01]19638it [15:16:07, 15.39s/it, bound:4424 nc:3379 ncall:2.9e+07 eff:0.1% logz-ratio=719856.43+/-0.08 dlogz:126.792>0.01]19642it [15:16:59, 14.60s/it, bound:4425 nc:3584 ncall:2.9e+07 eff:0.1% logz-ratio=719856.78+/-0.09 dlogz:126.465>0.01]19646it [15:18:01, 14.91s/it, bound:4426 nc:3341 ncall:2.9e+07 eff:0.1% logz-ratio=719857.13+/-0.08 dlogz:126.091>0.01]19650it [15:19:11, 15.74s/it, bound:4427 nc:3578 ncall:2.9e+07 eff:0.1% logz-ratio=719857.51+/-0.09 dlogz:125.720>0.01]19654it [15:20:12, 15.57s/it, bound:4428 nc:3133 ncall:2.9e+07 eff:0.1% logz-ratio=719857.87+/-0.08 dlogz:125.337>0.01]19658it [15:21:16, 15.71s/it, bound:4429 nc:3542 ncall:2.9e+07 eff:0.1% logz-ratio=719858.24+/-0.09 dlogz:124.973>0.01]19662it [15:22:24, 16.10s/it, bound:4430 nc:3108 ncall:2.9e+07 eff:0.1% logz-ratio=719858.60+/-0.08 dlogz:124.595>0.01]19666it [15:23:31, 16.27s/it, bound:4431 nc:3669 ncall:2.9e+07 eff:0.1% logz-ratio=719858.92+/-0.08 dlogz:124.255>0.01]19670it [15:24:29, 15.78s/it, bound:4432 nc:3764 ncall:2.9e+07 eff:0.1% logz-ratio=719859.24+/-0.08 dlogz:123.940>0.01]19672it [15:24:41, 13.98s/it, bound:4432 nc:3401 ncall:2.9e+07 eff:0.1% logz-ratio=719859.40+/-0.08 dlogz:123.768>0.01]19674it [15:25:47, 17.87s/it, bound:4433 nc:3209 ncall:2.9e+07 eff:0.1% logz-ratio=719859.55+/-0.08 dlogz:123.609>0.01]19678it [15:26:53, 17.40s/it, bound:4434 nc:3638 ncall:2.9e+07 eff:0.1% logz-ratio=719859.87+/-0.08 dlogz:123.288>0.01]19682it [15:28:00, 17.18s/it, bound:4435 nc:3566 ncall:2.9e+07 eff:0.1% logz-ratio=719860.20+/-0.08 dlogz:122.948>0.01]19686it [15:29:04, 16.76s/it, bound:4436 nc:2975 ncall:2.9e+07 eff:0.1% logz-ratio=719860.53+/-0.08 dlogz:122.607>0.01]19690it [15:30:07, 16.42s/it, bound:4437 nc:3631 ncall:2.9e+07 eff:0.1% logz-ratio=719860.82+/-0.07 dlogz:122.302>0.01]19694it [15:31:15, 16.59s/it, bound:4438 nc:3143 ncall:2.9e+07 eff:0.1% logz-ratio=719861.14+/-0.08 dlogz:121.989>0.01]19698it [15:32:20, 16.52s/it, bound:4439 nc:3751 ncall:2.9e+07 eff:0.1% logz-ratio=719861.45+/-0.08 dlogz:121.662>0.01]19702it [15:33:35, 17.18s/it, bound:4440 nc:3261 ncall:2.9e+07 eff:0.1% logz-ratio=719861.75+/-0.08 dlogz:121.346>0.01]19706it [15:34:37, 16.66s/it, bound:4441 nc:3105 ncall:2.9e+07 eff:0.1% logz-ratio=719862.03+/-0.07 dlogz:121.060>0.01]19708it [15:34:48, 14.68s/it, bound:4441 nc:3130 ncall:2.9e+07 eff:0.1% logz-ratio=719862.15+/-0.07 dlogz:120.926>0.01]19710it [15:35:52, 18.26s/it, bound:4442 nc:3506 ncall:2.9e+07 eff:0.1% logz-ratio=719862.28+/-0.07 dlogz:120.794>0.01]19714it [15:36:58, 17.62s/it, bound:4443 nc:3668 ncall:2.9e+07 eff:0.1% logz-ratio=719862.57+/-0.08 dlogz:120.514>0.01]19718it [15:38:00, 16.83s/it, bound:4444 nc:3619 ncall:2.9e+07 eff:0.1% logz-ratio=719862.85+/-0.07 dlogz:120.216>0.01]19722it [15:38:54, 15.72s/it, bound:4445 nc:3492 ncall:2.9e+07 eff:0.1% logz-ratio=719863.12+/-0.07 dlogz:119.936>0.01]19726it [15:39:50, 15.22s/it, bound:4446 nc:3515 ncall:2.9e+07 eff:0.1% logz-ratio=719863.35+/-0.07 dlogz:119.687>0.01]19730it [15:40:55, 15.50s/it, bound:4447 nc:3230 ncall:2.9e+07 eff:0.1% logz-ratio=719863.55+/-0.06 dlogz:119.466>0.01]19734it [15:42:05, 16.12s/it, bound:4448 nc:3060 ncall:2.9e+07 eff:0.1% logz-ratio=719863.74+/-0.06 dlogz:119.274>0.01]19738it [15:42:59, 15.36s/it, bound:4449 nc:2778 ncall:2.9e+07 eff:0.1% logz-ratio=719863.91+/-0.06 dlogz:119.088>0.01]19742it [15:44:08, 15.94s/it, bound:4450 nc:3802 ncall:2.9e+07 eff:0.1% logz-ratio=719864.10+/-0.06 dlogz:118.894>0.01]19746it [15:45:14, 16.07s/it, bound:4451 nc:3474 ncall:2.9e+07 eff:0.1% logz-ratio=719864.29+/-0.06 dlogz:118.702>0.01]19748it [15:45:25, 14.21s/it, bound:4451 nc:3432 ncall:2.9e+07 eff:0.1% logz-ratio=719864.39+/-0.06 dlogz:118.599>0.01]19750it [15:46:38, 18.71s/it, bound:4452 nc:3308 ncall:2.9e+07 eff:0.1% logz-ratio=719864.49+/-0.06 dlogz:118.493>0.01]19754it [15:47:39, 17.42s/it, bound:4453 nc:3454 ncall:2.9e+07 eff:0.1% logz-ratio=719864.68+/-0.06 dlogz:118.295>0.01]19758it [15:48:40, 16.70s/it, bound:4454 nc:2867 ncall:2.9e+07 eff:0.1% logz-ratio=719864.89+/-0.07 dlogz:127.902>0.01]19762it [15:49:51, 17.09s/it, bound:4455 nc:3342 ncall:2.9e+07 eff:0.1% logz-ratio=719865.12+/-0.07 dlogz:127.670>0.01]19766it [15:51:00, 17.15s/it, bound:4456 nc:3724 ncall:2.9e+07 eff:0.1% logz-ratio=719865.35+/-0.07 dlogz:127.432>0.01]19770it [15:52:08, 17.04s/it, bound:4457 nc:3607 ncall:2.9e+07 eff:0.1% logz-ratio=719865.56+/-0.06 dlogz:127.207>0.01]19774it [15:53:04, 16.09s/it, bound:4458 nc:3107 ncall:2.9e+07 eff:0.1% logz-ratio=719865.78+/-0.07 dlogz:126.978>0.01]19778it [15:53:57, 15.29s/it, bound:4459 nc:3717 ncall:2.9e+07 eff:0.1% logz-ratio=719866.00+/-0.07 dlogz:126.749>0.01]19782it [15:54:45, 14.25s/it, bound:4460 nc:3209 ncall:2.9e+07 eff:0.1% logz-ratio=719866.20+/-0.06 dlogz:126.538>0.01]19786it [15:55:35, 13.68s/it, bound:4461 nc:3470 ncall:2.9e+07 eff:0.1% logz-ratio=719866.38+/-0.06 dlogz:126.349>0.01]19788it [15:55:45, 12.15s/it, bound:4461 nc:3423 ncall:2.9e+07 eff:0.1% logz-ratio=719866.48+/-0.07 dlogz:126.250>0.01]19790it [15:56:39, 15.20s/it, bound:4462 nc:3524 ncall:2.9e+07 eff:0.1% logz-ratio=719866.58+/-0.06 dlogz:126.143>0.01]19794it [15:57:38, 15.06s/it, bound:4463 nc:3735 ncall:2.9e+07 eff:0.1% logz-ratio=719866.79+/-0.07 dlogz:125.930>0.01]19798it [15:58:33, 14.59s/it, bound:4464 nc:3384 ncall:2.9e+07 eff:0.1% logz-ratio=719867.07+/-0.08 dlogz:125.666>0.01]19802it [15:59:18, 13.49s/it, bound:4465 nc:3108 ncall:2.9e+07 eff:0.1% logz-ratio=719867.38+/-0.08 dlogz:125.344>0.01]19806it [16:00:12, 13.49s/it, bound:4466 nc:3411 ncall:2.9e+07 eff:0.1% logz-ratio=719867.76+/-0.09 dlogz:124.967>0.01]19810it [16:01:04, 13.36s/it, bound:4467 nc:2440 ncall:2.9e+07 eff:0.1% logz-ratio=719868.11+/-0.08 dlogz:124.612>0.01]19814it [16:01:57, 13.30s/it, bound:4468 nc:2948 ncall:2.9e+07 eff:0.1% logz-ratio=719868.41+/-0.08 dlogz:124.285>0.01]19818it [16:02:51, 13.34s/it, bound:4469 nc:3553 ncall:2.9e+07 eff:0.1% logz-ratio=719868.67+/-0.07 dlogz:124.012>0.01]19822it [16:03:45, 13.39s/it, bound:4470 nc:3557 ncall:2.9e+07 eff:0.1% logz-ratio=719868.92+/-0.07 dlogz:123.749>0.01]19826it [16:04:40, 13.54s/it, bound:4471 nc:3798 ncall:2.9e+07 eff:0.1% logz-ratio=719869.15+/-0.07 dlogz:123.506>0.01]19830it [16:05:36, 13.64s/it, bound:4472 nc:3513 ncall:2.9e+07 eff:0.1% logz-ratio=719869.40+/-0.07 dlogz:123.257>0.01]19834it [16:06:28, 13.44s/it, bound:4473 nc:3656 ncall:2.9e+07 eff:0.1% logz-ratio=719869.64+/-0.07 dlogz:123.004>0.01]19836it [16:06:38, 11.97s/it, bound:4473 nc:3546 ncall:2.9e+07 eff:0.1% logz-ratio=719869.76+/-0.07 dlogz:122.882>0.01]19838it [16:07:33, 15.13s/it, bound:4474 nc:3796 ncall:2.9e+07 eff:0.1% logz-ratio=719869.89+/-0.07 dlogz:122.751>0.01]19842it [16:08:28, 14.64s/it, bound:4475 nc:3583 ncall:2.9e+07 eff:0.1% logz-ratio=719870.10+/-0.07 dlogz:122.517>0.01]19846it [16:09:20, 14.03s/it, bound:4476 nc:3367 ncall:2.9e+07 eff:0.1% logz-ratio=719870.31+/-0.06 dlogz:122.303>0.01]19850it [16:10:15, 13.93s/it, bound:4477 nc:3766 ncall:2.9e+07 eff:0.1% logz-ratio=719870.49+/-0.06 dlogz:122.105>0.01]19854it [16:11:10, 13.89s/it, bound:4478 nc:3406 ncall:2.9e+07 eff:0.1% logz-ratio=719870.67+/-0.06 dlogz:121.920>0.01]19858it [16:12:01, 13.55s/it, bound:4479 nc:3343 ncall:2.9e+07 eff:0.1% logz-ratio=719870.86+/-0.06 dlogz:121.722>0.01]19862it [16:12:56, 13.56s/it, bound:4480 nc:3883 ncall:2.9e+07 eff:0.1% logz-ratio=719871.07+/-0.06 dlogz:121.513>0.01]19866it [16:13:50, 13.58s/it, bound:4481 nc:3825 ncall:2.9e+07 eff:0.1% logz-ratio=719871.26+/-0.06 dlogz:121.311>0.01]19870it [16:14:40, 13.23s/it, bound:4482 nc:3353 ncall:2.9e+07 eff:0.1% logz-ratio=719871.44+/-0.06 dlogz:121.122>0.01]19874it [16:15:32, 13.19s/it, bound:4483 nc:3493 ncall:3.0e+07 eff:0.1% logz-ratio=719871.65+/-0.07 dlogz:120.910>0.01]19878it [16:16:28, 13.43s/it, bound:4484 nc:3811 ncall:3.0e+07 eff:0.1% logz-ratio=719871.87+/-0.07 dlogz:120.682>0.01]19882it [16:17:28, 13.92s/it, bound:4485 nc:3625 ncall:3.0e+07 eff:0.1% logz-ratio=719872.07+/-0.06 dlogz:120.464>0.01]19884it [16:17:39, 12.38s/it, bound:4485 nc:2896 ncall:3.0e+07 eff:0.1% logz-ratio=719872.17+/-0.06 dlogz:120.364>0.01]19886it [16:18:39, 15.97s/it, bound:4486 nc:3794 ncall:3.0e+07 eff:0.1% logz-ratio=719872.28+/-0.07 dlogz:120.260>0.01]19890it [16:19:53, 16.91s/it, bound:4487 nc:3357 ncall:3.0e+07 eff:0.1% logz-ratio=719872.52+/-0.07 dlogz:120.016>0.01]19894it [16:21:01, 16.92s/it, bound:4488 nc:3296 ncall:3.0e+07 eff:0.1% logz-ratio=719872.74+/-0.07 dlogz:119.778>0.01]19898it [16:22:11, 17.13s/it, bound:4489 nc:3865 ncall:3.0e+07 eff:0.1% logz-ratio=719872.95+/-0.06 dlogz:119.558>0.01]19902it [16:23:19, 17.06s/it, bound:4490 nc:3730 ncall:3.0e+07 eff:0.1% logz-ratio=719873.15+/-0.06 dlogz:119.345>0.01]19906it [16:24:23, 16.72s/it, bound:4491 nc:3330 ncall:3.0e+07 eff:0.1% logz-ratio=719873.35+/-0.06 dlogz:119.142>0.01]19910it [16:25:20, 15.97s/it, bound:4492 nc:3220 ncall:3.0e+07 eff:0.1% logz-ratio=719873.54+/-0.06 dlogz:118.942>0.01]19914it [16:26:26, 16.12s/it, bound:4493 nc:3619 ncall:3.0e+07 eff:0.1% logz-ratio=719873.74+/-0.06 dlogz:118.733>0.01]19918it [16:27:43, 17.10s/it, bound:4494 nc:3628 ncall:3.0e+07 eff:0.1% logz-ratio=719873.92+/-0.06 dlogz:118.541>0.01]19920it [16:27:54, 15.03s/it, bound:4494 nc:3501 ncall:3.0e+07 eff:0.1% logz-ratio=719874.02+/-0.06 dlogz:118.444>0.01]19922it [16:29:08, 19.44s/it, bound:4495 nc:3879 ncall:3.0e+07 eff:0.1% logz-ratio=719874.12+/-0.06 dlogz:118.342>0.01]19926it [16:30:19, 18.83s/it, bound:4496 nc:3762 ncall:3.0e+07 eff:0.1% logz-ratio=719874.30+/-0.06 dlogz:118.145>0.01]19930it [16:31:33, 18.71s/it, bound:4497 nc:3763 ncall:3.0e+07 eff:0.1% logz-ratio=719874.51+/-0.07 dlogz:117.941>0.01]19934it [16:32:52, 19.06s/it, bound:4498 nc:3586 ncall:3.0e+07 eff:0.1% logz-ratio=719874.73+/-0.07 dlogz:117.708>0.01]19938it [16:33:50, 17.65s/it, bound:4499 nc:2994 ncall:3.0e+07 eff:0.1% logz-ratio=719874.96+/-0.07 dlogz:117.472>0.01]19942it [16:35:21, 19.22s/it, bound:4500 nc:3918 ncall:3.0e+07 eff:0.1% logz-ratio=719875.18+/-0.07 dlogz:117.246>0.01]19946it [16:36:40, 19.42s/it, bound:4501 nc:3191 ncall:3.0e+07 eff:0.1% logz-ratio=719875.39+/-0.06 dlogz:117.022>0.01]19950it [16:37:52, 18.98s/it, bound:4502 nc:3453 ncall:3.0e+07 eff:0.1% logz-ratio=719875.59+/-0.06 dlogz:116.809>0.01]19952it [16:38:03, 16.51s/it, bound:4502 nc:3158 ncall:3.0e+07 eff:0.1% logz-ratio=719875.69+/-0.06 dlogz:116.708>0.01]19954it [16:39:12, 20.22s/it, bound:4503 nc:3158 ncall:3.0e+07 eff:0.1% logz-ratio=719875.80+/-0.07 dlogz:116.603>0.01]19958it [16:40:21, 19.10s/it, bound:4504 nc:3867 ncall:3.0e+07 eff:0.1% logz-ratio=719876.00+/-0.06 dlogz:116.385>0.01]19962it [16:41:34, 18.83s/it, bound:4505 nc:3161 ncall:3.0e+07 eff:0.1% logz-ratio=719876.20+/-0.06 dlogz:116.181>0.01]19966it [16:42:48, 18.70s/it, bound:4506 nc:3658 ncall:3.0e+07 eff:0.1% logz-ratio=719876.41+/-0.07 dlogz:115.960>0.01]19970it [16:43:59, 18.44s/it, bound:4507 nc:2837 ncall:3.0e+07 eff:0.1% logz-ratio=719876.61+/-0.06 dlogz:115.748>0.01]19974it [16:45:12, 18.38s/it, bound:4508 nc:4016 ncall:3.0e+07 eff:0.1% logz-ratio=719876.81+/-0.06 dlogz:115.544>0.01]19978it [16:46:09, 17.08s/it, bound:4509 nc:3446 ncall:3.0e+07 eff:0.1% logz-ratio=719877.03+/-0.10 dlogz:115.324>0.01]19982it [16:47:07, 16.30s/it, bound:4510 nc:3168 ncall:3.0e+07 eff:0.1% logz-ratio=719877.28+/-0.10 dlogz:115.075>0.01]19985it [16:47:07, 12.28s/it, bound:4511 nc:  1 ncall:3.0e+07 eff:0.1% logz-ratio=719903.21+/-0.30 dlogz:88.122>0.01]  19985it [16:47:21, 12.28s/it, bound:4511 nc:  1 ncall:3.0e+07 eff:0.1% logz-ratio=719985.37+/-0.71 dlogz:1.099>0.01] 19986it [16:48:02, 16.76s/it, bound:4511 nc:2975 ncall:3.0e+07 eff:0.1% logz-ratio=719877.51+/-0.07 dlogz:114.832>0.01]19988it [16:48:13, 14.10s/it, bound:4511 nc:3372 ncall:3.0e+07 eff:0.1% logz-ratio=719877.62+/-0.07 dlogz:114.716>0.01]19990it [16:49:07, 17.32s/it, bound:4512 nc:3413 ncall:3.0e+07 eff:0.1% logz-ratio=719877.75+/-0.07 dlogz:114.588>0.01]19994it [16:50:05, 16.11s/it, bound:4513 nc:3290 ncall:3.0e+07 eff:0.1% logz-ratio=719878.03+/-0.07 dlogz:114.306>0.01]19998it [16:51:10, 16.22s/it, bound:4514 nc:3594 ncall:3.0e+07 eff:0.1% logz-ratio=719878.28+/-0.07 dlogz:114.035>0.01]20002it [16:52:25, 17.09s/it, bound:4515 nc:3718 ncall:3.0e+07 eff:0.1% logz-ratio=719878.52+/-0.07 dlogz:113.788>0.01]20006it [16:53:35, 17.20s/it, bound:4516 nc:2949 ncall:3.0e+07 eff:0.1% logz-ratio=719878.73+/-0.07 dlogz:113.565>0.01]20010it [16:54:43, 17.18s/it, bound:4517 nc:2781 ncall:3.0e+07 eff:0.1% logz-ratio=719878.94+/-0.07 dlogz:113.340>0.01]20014it [16:55:34, 15.73s/it, bound:4518 nc:3230 ncall:3.0e+07 eff:0.1% logz-ratio=719879.17+/-0.07 dlogz:113.113>0.01]20018it [16:56:27, 14.99s/it, bound:4519 nc:3232 ncall:3.0e+07 eff:0.1% logz-ratio=719879.37+/-0.06 dlogz:112.895>0.01]20022it [16:57:18, 14.30s/it, bound:4520 nc:3296 ncall:3.0e+07 eff:0.1% logz-ratio=719879.59+/-0.07 dlogz:112.682>0.01]20026it [16:58:13, 14.13s/it, bound:4521 nc:3802 ncall:3.0e+07 eff:0.1% logz-ratio=719879.84+/-0.07 dlogz:112.425>0.01]20028it [16:58:23, 12.54s/it, bound:4521 nc:3449 ncall:3.0e+07 eff:0.1% logz-ratio=719879.97+/-0.07 dlogz:112.297>0.01]20030it [16:59:20, 15.72s/it, bound:4522 nc:3938 ncall:3.0e+07 eff:0.1% logz-ratio=719880.09+/-0.07 dlogz:112.165>0.01]20034it [17:00:12, 14.73s/it, bound:4523 nc:2844 ncall:3.0e+07 eff:0.1% logz-ratio=719880.33+/-0.10 dlogz:111.920>0.01]20038it [17:01:09, 14.54s/it, bound:4524 nc:3673 ncall:3.0e+07 eff:0.1% logz-ratio=719880.57+/-0.10 dlogz:111.669>0.01]20042it [17:02:00, 13.99s/it, bound:4525 nc:3479 ncall:3.0e+07 eff:0.1% logz-ratio=719880.82+/-0.10 dlogz:111.413>0.01]20046it [17:02:51, 13.58s/it, bound:4526 nc:3403 ncall:3.0e+07 eff:0.1% logz-ratio=719881.07+/-0.10 dlogz:111.160>0.01]20050it [17:03:43, 13.43s/it, bound:4527 nc:3730 ncall:3.0e+07 eff:0.1% logz-ratio=719881.38+/-0.11 dlogz:110.855>0.01]20054it [17:04:45, 14.07s/it, bound:4528 nc:3351 ncall:3.0e+07 eff:0.1% logz-ratio=719881.65+/-0.10 dlogz:110.559>0.01]20058it [17:05:56, 15.15s/it, bound:4529 nc:3478 ncall:3.0e+07 eff:0.1% logz-ratio=719881.90+/-0.10 dlogz:110.299>0.01]20062it [17:07:09, 16.13s/it, bound:4530 nc:2569 ncall:3.0e+07 eff:0.1% logz-ratio=719882.12+/-0.09 dlogz:110.068>0.01]20065it [17:07:09, 12.17s/it, bound:4531 nc:  1 ncall:3.0e+07 eff:0.1% logz-ratio=719942.86+/-0.36 dlogz:46.225>0.01]  20065it [17:07:21, 12.17s/it, bound:4531 nc:  1 ncall:3.0e+07 eff:0.1% logz-ratio=719985.21+/-0.72 dlogz:1.099>0.01] 20066it [17:08:06, 16.84s/it, bound:4531 nc:3557 ncall:3.0e+07 eff:0.1% logz-ratio=719882.35+/-0.07 dlogz:109.834>0.01]20070it [17:09:00, 15.55s/it, bound:4532 nc:3287 ncall:3.0e+07 eff:0.1% logz-ratio=719882.61+/-0.07 dlogz:109.568>0.01]20072it [17:09:10, 13.35s/it, bound:4532 nc:3820 ncall:3.0e+07 eff:0.1% logz-ratio=719882.73+/-0.07 dlogz:109.438>0.01]20074it [17:10:05, 16.67s/it, bound:4533 nc:3734 ncall:3.0e+07 eff:0.1% logz-ratio=719882.85+/-0.07 dlogz:109.310>0.01]20078it [17:10:55, 15.03s/it, bound:4534 nc:3494 ncall:3.0e+07 eff:0.1% logz-ratio=719883.07+/-0.06 dlogz:109.079>0.01]20082it [17:11:51, 14.58s/it, bound:4535 nc:3951 ncall:3.0e+07 eff:0.1% logz-ratio=719883.27+/-0.06 dlogz:108.866>0.01]20086it [17:12:45, 14.26s/it, bound:4536 nc:3123 ncall:3.0e+07 eff:0.1% logz-ratio=719883.47+/-0.09 dlogz:108.661>0.01]20090it [17:13:38, 13.90s/it, bound:4537 nc:3760 ncall:3.0e+07 eff:0.1% logz-ratio=719883.66+/-0.09 dlogz:108.457>0.01]20094it [17:14:28, 13.50s/it, bound:4538 nc:3581 ncall:3.0e+07 eff:0.1% logz-ratio=719883.85+/-0.09 dlogz:108.264>0.01]20098it [17:15:24, 13.59s/it, bound:4539 nc:3632 ncall:3.0e+07 eff:0.1% logz-ratio=719884.02+/-0.09 dlogz:108.080>0.01]20101it [17:15:24, 10.18s/it, bound:4540 nc:  1 ncall:3.0e+07 eff:0.1% logz-ratio=719944.26+/-0.34 dlogz:44.752>0.01]  20101it [17:15:41, 10.18s/it, bound:4540 nc:  1 ncall:3.0e+07 eff:0.1% logz-ratio=719985.14+/-0.74 dlogz:1.099>0.01] 20102it [17:16:16, 14.70s/it, bound:4540 nc:3556 ncall:3.0e+07 eff:0.1% logz-ratio=719884.23+/-0.07 dlogz:107.875>0.01]20106it [17:17:09, 14.19s/it, bound:4541 nc:3389 ncall:3.0e+07 eff:0.1% logz-ratio=719884.43+/-0.06 dlogz:107.657>0.01]20110it [17:18:04, 14.03s/it, bound:4542 nc:3264 ncall:3.0e+07 eff:0.1% logz-ratio=719884.63+/-0.06 dlogz:107.453>0.01]20114it [17:18:59, 13.92s/it, bound:4543 nc:3535 ncall:3.0e+07 eff:0.1% logz-ratio=719884.80+/-0.06 dlogz:107.272>0.01]20118it [17:19:51, 13.64s/it, bound:4544 nc:3246 ncall:3.0e+07 eff:0.1% logz-ratio=719884.96+/-0.06 dlogz:107.097>0.01]20120it [17:20:02, 12.04s/it, bound:4544 nc:3561 ncall:3.0e+07 eff:0.1% logz-ratio=719885.05+/-0.06 dlogz:107.007>0.01]20122it [17:21:02, 15.90s/it, bound:4545 nc:3221 ncall:3.0e+07 eff:0.1% logz-ratio=719885.14+/-0.06 dlogz:106.916>0.01]20126it [17:22:01, 15.48s/it, bound:4546 nc:3477 ncall:3.0e+07 eff:0.1% logz-ratio=719885.30+/-0.06 dlogz:106.745>0.01]20130it [17:23:05, 15.60s/it, bound:4547 nc:3357 ncall:3.0e+07 eff:0.1% logz-ratio=719885.46+/-0.06 dlogz:106.573>0.01]20134it [17:24:02, 15.21s/it, bound:4548 nc:2898 ncall:3.0e+07 eff:0.1% logz-ratio=719885.63+/-0.06 dlogz:106.393>0.01]20138it [17:25:08, 15.57s/it, bound:4549 nc:3905 ncall:3.0e+07 eff:0.1% logz-ratio=719885.79+/-0.06 dlogz:106.223>0.01]20142it [17:26:10, 15.60s/it, bound:4550 nc:3822 ncall:3.0e+07 eff:0.1% logz-ratio=719885.95+/-0.06 dlogz:106.058>0.01]20146it [17:27:04, 14.95s/it, bound:4551 nc:3256 ncall:3.0e+07 eff:0.1% logz-ratio=719886.10+/-0.05 dlogz:105.899>0.01]20150it [17:28:04, 14.90s/it, bound:4552 nc:2838 ncall:3.0e+07 eff:0.1% logz-ratio=719886.24+/-0.06 dlogz:105.745>0.01]20154it [17:29:01, 14.77s/it, bound:4553 nc:3466 ncall:3.0e+07 eff:0.1% logz-ratio=719886.39+/-0.06 dlogz:105.592>0.01]20158it [17:30:00, 14.70s/it, bound:4554 nc:3425 ncall:3.0e+07 eff:0.1% logz-ratio=719886.54+/-0.06 dlogz:105.434>0.01]20160it [17:30:11, 13.08s/it, bound:4554 nc:3660 ncall:3.1e+07 eff:0.1% logz-ratio=719886.62+/-0.06 dlogz:105.355>0.01]20162it [17:31:09, 16.35s/it, bound:4555 nc:3589 ncall:3.1e+07 eff:0.1% logz-ratio=719886.69+/-0.05 dlogz:105.277>0.01]20166it [17:32:12, 16.07s/it, bound:4556 nc:3411 ncall:3.1e+07 eff:0.1% logz-ratio=719886.84+/-0.06 dlogz:105.124>0.01]20169it [17:33:18, 17.74s/it, bound:4557 nc:6524 ncall:3.1e+07 eff:0.1% logz-ratio=719886.96+/-0.08 dlogz:105.000>0.01]20173it [17:34:24, 17.37s/it, bound:4558 nc:3545 ncall:3.1e+07 eff:0.1% logz-ratio=719887.13+/-0.09 dlogz:104.823>0.01]20176it [17:35:41, 19.63s/it, bound:4559 nc:6902 ncall:3.1e+07 eff:0.1% logz-ratio=719887.28+/-0.07 dlogz:104.674>0.01]20177it [17:35:41, 17.40s/it, bound:4559 nc:3499 ncall:3.1e+07 eff:0.1% logz-ratio=719887.33+/-0.06 dlogz:104.621>0.01]20179it [17:36:01, 17.40s/it, bound:4560 nc:3159 ncall:3.1e+07 eff:0.1% logz-ratio=719887.43+/-0.07 dlogz:104.515>0.01]20180it [17:36:53, 19.52s/it, bound:4560 nc:3879 ncall:3.1e+07 eff:0.1% logz-ratio=719887.48+/-0.09 dlogz:104.461>0.01]20184it [17:37:55, 17.96s/it, bound:4561 nc:3711 ncall:3.1e+07 eff:0.1% logz-ratio=719887.68+/-0.09 dlogz:104.254>0.01]20188it [17:39:02, 17.52s/it, bound:4562 nc:3606 ncall:3.1e+07 eff:0.1% logz-ratio=719887.86+/-0.08 dlogz:104.062>0.01]20191it [17:39:02, 12.70s/it, bound:4563 nc:3313 ncall:3.1e+07 eff:0.1% logz-ratio=719887.99+/-0.06 dlogz:103.921>0.01]20191it [17:39:21, 12.70s/it, bound:4563 nc:3313 ncall:3.1e+07 eff:0.1% logz-ratio=719887.99+/-0.06 dlogz:103.921>0.01]20192it [17:40:11, 19.22s/it, bound:4563 nc:3492 ncall:3.1e+07 eff:0.1% logz-ratio=719888.04+/-0.08 dlogz:103.875>0.01]20193it [17:40:22, 18.10s/it, bound:4563 nc:3815 ncall:3.1e+07 eff:0.1% logz-ratio=719888.08+/-0.06 dlogz:103.829>0.01]20196it [17:41:29, 19.73s/it, bound:4564 nc:3751 ncall:3.1e+07 eff:0.1% logz-ratio=719888.20+/-0.08 dlogz:103.700>0.01]20199it [17:41:29, 12.81s/it, bound:4565 nc:  1 ncall:3.1e+07 eff:0.1% logz-ratio=719927.59+/-0.31 dlogz:62.338>0.01]  20199it [17:41:41, 12.81s/it, bound:4565 nc:  1 ncall:3.1e+07 eff:0.1% logz-ratio=719984.94+/-0.77 dlogz:1.099>0.01] 20200it [17:42:36, 20.55s/it, bound:4565 nc:3308 ncall:3.1e+07 eff:0.1% logz-ratio=719888.37+/-0.06 dlogz:103.527>0.01]20204it [17:43:43, 18.78s/it, bound:4566 nc:3603 ncall:3.1e+07 eff:0.1% logz-ratio=719888.55+/-0.06 dlogz:103.337>0.01]20208it [17:44:37, 16.73s/it, bound:4567 nc:3863 ncall:3.1e+07 eff:0.1% logz-ratio=719888.74+/-0.06 dlogz:103.143>0.01]20212it [17:45:29, 15.39s/it, bound:4568 nc:2857 ncall:3.1e+07 eff:0.1% logz-ratio=719888.92+/-0.06 dlogz:102.961>0.01]20216it [17:46:21, 14.63s/it, bound:4569 nc:3213 ncall:3.1e+07 eff:0.1% logz-ratio=719889.15+/-0.07 dlogz:102.737>0.01]20220it [17:47:14, 14.14s/it, bound:4570 nc:3631 ncall:3.1e+07 eff:0.1% logz-ratio=719889.39+/-0.07 dlogz:102.478>0.01]20224it [17:48:12, 14.26s/it, bound:4571 nc:3349 ncall:3.1e+07 eff:0.1% logz-ratio=719889.63+/-0.07 dlogz:102.239>0.01]20228it [17:49:11, 14.41s/it, bound:4572 nc:3160 ncall:3.1e+07 eff:0.1% logz-ratio=719889.86+/-0.07 dlogz:101.992>0.01]20232it [17:50:05, 14.17s/it, bound:4573 nc:2734 ncall:3.1e+07 eff:0.1% logz-ratio=719890.08+/-0.07 dlogz:101.763>0.01]20236it [17:51:09, 14.68s/it, bound:4574 nc:3688 ncall:3.1e+07 eff:0.1% logz-ratio=719890.29+/-0.07 dlogz:101.545>0.01]20238it [17:51:20, 13.01s/it, bound:4574 nc:3236 ncall:3.1e+07 eff:0.1% logz-ratio=719890.39+/-0.06 dlogz:101.438>0.01]20240it [17:52:22, 16.69s/it, bound:4575 nc:3661 ncall:3.1e+07 eff:0.1% logz-ratio=719890.48+/-0.06 dlogz:101.336>0.01]20244it [17:53:25, 16.37s/it, bound:4576 nc:3692 ncall:3.1e+07 eff:0.1% logz-ratio=719890.66+/-0.06 dlogz:101.147>0.01]20248it [17:54:26, 15.96s/it, bound:4577 nc:3731 ncall:3.1e+07 eff:0.1% logz-ratio=719890.83+/-0.06 dlogz:100.969>0.01]20252it [17:55:29, 15.91s/it, bound:4578 nc:3582 ncall:3.1e+07 eff:0.1% logz-ratio=719891.01+/-0.06 dlogz:100.785>0.01]20256it [17:56:33, 15.93s/it, bound:4579 nc:3575 ncall:3.1e+07 eff:0.1% logz-ratio=719891.25+/-0.07 dlogz:100.552>0.01]20260it [17:57:30, 15.46s/it, bound:4580 nc:3192 ncall:3.1e+07 eff:0.1% logz-ratio=719891.50+/-0.07 dlogz:100.300>0.01]20264it [17:58:29, 15.20s/it, bound:4581 nc:2992 ncall:3.1e+07 eff:0.1% logz-ratio=719891.73+/-0.07 dlogz:100.049>0.01]20268it [17:59:37, 15.74s/it, bound:4582 nc:3738 ncall:3.1e+07 eff:0.1% logz-ratio=719891.96+/-0.07 dlogz:99.813>0.01] 20272it [18:00:40, 15.77s/it, bound:4583 nc:3811 ncall:3.1e+07 eff:0.1% logz-ratio=719892.18+/-0.07 dlogz:99.582>0.01]20276it [18:01:42, 15.71s/it, bound:4584 nc:3581 ncall:3.1e+07 eff:0.1% logz-ratio=719892.41+/-0.07 dlogz:99.351>0.01]20278it [18:01:53, 13.86s/it, bound:4584 nc:3770 ncall:3.1e+07 eff:0.1% logz-ratio=719892.52+/-0.07 dlogz:99.235>0.01]20280it [18:03:01, 17.98s/it, bound:4585 nc:3758 ncall:3.1e+07 eff:0.1% logz-ratio=719892.62+/-0.07 dlogz:99.123>0.01]20284it [18:04:07, 17.35s/it, bound:4586 nc:3140 ncall:3.1e+07 eff:0.1% logz-ratio=719892.83+/-0.09 dlogz:98.907>0.01]20287it [18:04:07, 12.47s/it, bound:4587 nc:  1 ncall:3.1e+07 eff:0.1% logz-ratio=719946.09+/-0.32 dlogz:42.832>0.01] 20287it [18:04:21, 12.47s/it, bound:4587 nc:  1 ncall:3.1e+07 eff:0.1% logz-ratio=719984.77+/-0.84 dlogz:1.099>0.01] 20288it [18:05:12, 18.71s/it, bound:4587 nc:3407 ncall:3.1e+07 eff:0.1% logz-ratio=719893.03+/-0.06 dlogz:98.700>0.01]20292it [18:06:08, 16.80s/it, bound:4588 nc:3246 ncall:3.1e+07 eff:0.1% logz-ratio=719893.27+/-0.07 dlogz:98.463>0.01]20296it [18:07:04, 15.83s/it, bound:4589 nc:3428 ncall:3.1e+07 eff:0.1% logz-ratio=719893.53+/-0.08 dlogz:98.200>0.01]20300it [18:08:03, 15.46s/it, bound:4590 nc:3124 ncall:3.1e+07 eff:0.1% logz-ratio=719893.78+/-0.07 dlogz:97.935>0.01]20303it [18:08:03, 11.31s/it, bound:4591 nc:  1 ncall:3.1e+07 eff:0.1% logz-ratio=719920.05+/-0.30 dlogz:70.419>0.01] 20303it [18:08:21, 11.31s/it, bound:4591 nc:  1 ncall:3.1e+07 eff:0.1% logz-ratio=719984.74+/-0.84 dlogz:1.099>0.01] 20304it [18:09:03, 16.82s/it, bound:4591 nc:3555 ncall:3.1e+07 eff:0.1% logz-ratio=719894.02+/-0.07 dlogz:97.687>0.01]20308it [18:10:14, 17.13s/it, bound:4592 nc:2810 ncall:3.1e+07 eff:0.1% logz-ratio=719894.23+/-0.07 dlogz:97.455>0.01]20312it [18:11:23, 17.18s/it, bound:4593 nc:3792 ncall:3.1e+07 eff:0.1% logz-ratio=719894.52+/-0.08 dlogz:97.184>0.01]20315it [18:12:27, 18.38s/it, bound:4594 nc:3418 ncall:3.1e+07 eff:0.1% logz-ratio=719894.75+/-0.08 dlogz:96.947>0.01]20317it [18:12:39, 15.72s/it, bound:4594 nc:2910 ncall:3.1e+07 eff:0.1% logz-ratio=719894.90+/-0.08 dlogz:96.793>0.01]20319it [18:13:49, 20.20s/it, bound:4595 nc:3338 ncall:3.1e+07 eff:0.1% logz-ratio=719895.03+/-0.07 dlogz:96.655>0.01]20323it [18:14:47, 17.92s/it, bound:4596 nc:3421 ncall:3.1e+07 eff:0.1% logz-ratio=719895.30+/-0.07 dlogz:96.374>0.01]20327it [18:15:43, 16.49s/it, bound:4597 nc:3261 ncall:3.1e+07 eff:0.1% logz-ratio=719895.55+/-0.07 dlogz:96.109>0.01]20331it [18:16:45, 16.23s/it, bound:4598 nc:3576 ncall:3.1e+07 eff:0.1% logz-ratio=719895.76+/-0.07 dlogz:95.883>0.01]20335it [18:17:39, 15.26s/it, bound:4599 nc:3364 ncall:3.1e+07 eff:0.1% logz-ratio=719895.95+/-0.06 dlogz:95.678>0.01]20339it [18:18:32, 14.67s/it, bound:4600 nc:3311 ncall:3.1e+07 eff:0.1% logz-ratio=719896.14+/-0.07 dlogz:95.485>0.01]20343it [18:19:19, 13.74s/it, bound:4601 nc:3162 ncall:3.1e+07 eff:0.1% logz-ratio=719896.36+/-0.07 dlogz:95.263>0.01]20347it [18:20:16, 13.89s/it, bound:4602 nc:2596 ncall:3.1e+07 eff:0.1% logz-ratio=719896.59+/-0.07 dlogz:95.028>0.01]20351it [18:21:15, 14.18s/it, bound:4603 nc:3210 ncall:3.1e+07 eff:0.1% logz-ratio=719896.79+/-0.06 dlogz:94.810>0.01]20355it [18:22:28, 15.40s/it, bound:4604 nc:3781 ncall:3.1e+07 eff:0.1% logz-ratio=719896.98+/-0.06 dlogz:94.609>0.01]20359it [18:23:39, 16.08s/it, bound:4605 nc:3466 ncall:3.1e+07 eff:0.1% logz-ratio=719897.16+/-0.06 dlogz:94.420>0.01]20361it [18:23:50, 14.21s/it, bound:4605 nc:3600 ncall:3.1e+07 eff:0.1% logz-ratio=719897.26+/-0.06 dlogz:94.320>0.01]20363it [18:24:48, 17.28s/it, bound:4606 nc:3345 ncall:3.1e+07 eff:0.1% logz-ratio=719897.35+/-0.06 dlogz:94.226>0.01]20367it [18:25:45, 16.10s/it, bound:4607 nc:3696 ncall:3.1e+07 eff:0.1% logz-ratio=719897.53+/-0.06 dlogz:94.038>0.01]20371it [18:26:48, 15.97s/it, bound:4608 nc:3334 ncall:3.1e+07 eff:0.1% logz-ratio=719897.70+/-0.06 dlogz:93.854>0.01]20375it [18:27:53, 16.06s/it, bound:4609 nc:3499 ncall:3.1e+07 eff:0.1% logz-ratio=719897.89+/-0.06 dlogz:93.657>0.01]20379it [18:29:05, 16.69s/it, bound:4610 nc:3618 ncall:3.1e+07 eff:0.1% logz-ratio=719898.07+/-0.06 dlogz:93.469>0.01]20383it [18:30:12, 16.77s/it, bound:4611 nc:3821 ncall:3.1e+07 eff:0.1% logz-ratio=719898.27+/-0.06 dlogz:93.272>0.01]20387it [18:31:20, 16.81s/it, bound:4612 nc:3524 ncall:3.1e+07 eff:0.1% logz-ratio=719898.45+/-0.06 dlogz:93.074>0.01]20391it [18:32:29, 16.91s/it, bound:4613 nc:3556 ncall:3.1e+07 eff:0.1% logz-ratio=719898.62+/-0.06 dlogz:92.891>0.01]20395it [18:33:39, 17.08s/it, bound:4614 nc:3262 ncall:3.1e+07 eff:0.1% logz-ratio=719898.82+/-0.07 dlogz:92.701>0.01]20399it [18:34:44, 16.88s/it, bound:4615 nc:3365 ncall:3.1e+07 eff:0.1% logz-ratio=719899.02+/-0.06 dlogz:92.486>0.01]20401it [18:35:17, 16.77s/it, bound:4615 nc:3539 ncall:3.1e+07 eff:0.1% logz-ratio=719899.11+/-0.06 dlogz:92.389>0.01]20403it [18:36:19, 19.71s/it, bound:4616 nc:3692 ncall:3.1e+07 eff:0.1% logz-ratio=719899.20+/-0.06 dlogz:92.290>0.01]20404it [18:36:22, 17.58s/it, bound:4616 nc:3613 ncall:3.1e+07 eff:0.1% logz-ratio=719899.25+/-0.09 dlogz:92.241>0.01]20406it [18:36:22, 12.92s/it, bound:4617 nc:  1 ncall:3.1e+07 eff:0.1% logz-ratio=719915.10+/-0.30 dlogz:75.693>0.01] 20406it [18:36:42, 12.92s/it, bound:4617 nc:  1 ncall:3.1e+07 eff:0.1% logz-ratio=719984.53+/-0.87 dlogz:1.099>0.01] 20407it [18:37:53, 25.31s/it, bound:4617 nc:2950 ncall:3.1e+07 eff:0.1% logz-ratio=719899.39+/-0.06 dlogz:92.095>0.01]20410it [18:37:53, 15.05s/it, bound:4618 nc:  1 ncall:3.1e+07 eff:0.1% logz-ratio=719920.79+/-0.30 dlogz:69.602>0.01] 20410it [18:38:12, 15.05s/it, bound:4618 nc:  1 ncall:3.1e+07 eff:0.1% logz-ratio=719984.52+/-0.87 dlogz:1.099>0.01] 20411it [18:39:06, 24.44s/it, bound:4618 nc:3155 ncall:3.1e+07 eff:0.1% logz-ratio=719899.60+/-0.06 dlogz:91.886>0.01]20413it [18:39:06, 16.75s/it, bound:4618 nc:2878 ncall:3.1e+07 eff:0.1% logz-ratio=719899.69+/-0.06 dlogz:91.785>0.01]20414it [18:39:22, 16.75s/it, bound:4619 nc:  1 ncall:3.1e+07 eff:0.1% logz-ratio=719984.51+/-0.87 dlogz:1.099>0.01]  20415it [18:40:28, 24.21s/it, bound:4619 nc:3581 ncall:3.1e+07 eff:0.1% logz-ratio=719899.78+/-0.06 dlogz:91.687>0.01]20419it [18:41:42, 21.51s/it, bound:4620 nc:3146 ncall:3.1e+07 eff:0.1% logz-ratio=719899.97+/-0.06 dlogz:91.493>0.01]20422it [18:41:42, 14.31s/it, bound:4621 nc:  1 ncall:3.1e+07 eff:0.1% logz-ratio=719963.49+/-0.55 dlogz:23.898>0.01] 20422it [18:41:52, 14.31s/it, bound:4621 nc:  1 ncall:3.1e+07 eff:0.1% logz-ratio=719984.50+/-0.87 dlogz:1.099>0.01] 20423it [18:42:50, 21.80s/it, bound:4621 nc:2833 ncall:3.1e+07 eff:0.1% logz-ratio=719900.15+/-0.06 dlogz:91.301>0.01]20427it [18:44:05, 20.42s/it, bound:4622 nc:3518 ncall:3.1e+07 eff:0.1% logz-ratio=719900.32+/-0.06 dlogz:91.121>0.01]20431it [18:45:10, 18.83s/it, bound:4623 nc:2588 ncall:3.1e+07 eff:0.1% logz-ratio=719900.48+/-0.06 dlogz:90.953>0.01]20435it [18:46:00, 16.60s/it, bound:4624 nc:3409 ncall:3.1e+07 eff:0.1% logz-ratio=719900.69+/-0.07 dlogz:90.754>0.01]20437it [18:46:12, 14.43s/it, bound:4624 nc:3551 ncall:3.1e+07 eff:0.1% logz-ratio=719900.79+/-0.07 dlogz:90.640>0.01]20439it [18:47:19, 18.66s/it, bound:4625 nc:3948 ncall:3.1e+07 eff:0.1% logz-ratio=719900.89+/-0.06 dlogz:90.536>0.01]20443it [18:48:22, 17.50s/it, bound:4626 nc:3798 ncall:3.1e+07 eff:0.1% logz-ratio=719901.10+/-0.09 dlogz:90.325>0.01]20447it [18:49:28, 17.21s/it, bound:4627 nc:3289 ncall:3.2e+07 eff:0.1% logz-ratio=719901.30+/-0.09 dlogz:90.111>0.01]20451it [18:50:27, 16.31s/it, bound:4628 nc:3669 ncall:3.2e+07 eff:0.1% logz-ratio=719901.49+/-0.09 dlogz:89.908>0.01]20455it [18:51:26, 15.86s/it, bound:4629 nc:3377 ncall:3.2e+07 eff:0.1% logz-ratio=719901.68+/-0.09 dlogz:89.709>0.01]20459it [18:52:25, 15.47s/it, bound:4630 nc:3165 ncall:3.2e+07 eff:0.1% logz-ratio=719901.87+/-0.09 dlogz:89.520>0.01]20462it [18:53:21, 16.32s/it, bound:4631 nc:6544 ncall:3.2e+07 eff:0.1% logz-ratio=719902.02+/-0.06 dlogz:89.364>0.01]20466it [18:54:25, 16.17s/it, bound:4632 nc:3144 ncall:3.2e+07 eff:0.1% logz-ratio=719902.21+/-0.09 dlogz:89.163>0.01]20470it [18:55:26, 15.91s/it, bound:4633 nc:3272 ncall:3.2e+07 eff:0.1% logz-ratio=719902.39+/-0.09 dlogz:88.967>0.01]20474it [18:56:29, 15.87s/it, bound:4634 nc:3293 ncall:3.2e+07 eff:0.1% logz-ratio=719902.57+/-0.08 dlogz:88.780>0.01]20475it [18:56:40, 15.35s/it, bound:4634 nc:3161 ncall:3.2e+07 eff:0.1% logz-ratio=719902.61+/-0.06 dlogz:88.735>0.01]20478it [18:57:48, 17.54s/it, bound:4635 nc:3658 ncall:3.2e+07 eff:0.1% logz-ratio=719902.74+/-0.08 dlogz:88.598>0.01]20482it [18:58:56, 17.36s/it, bound:4636 nc:3844 ncall:3.2e+07 eff:0.1% logz-ratio=719902.91+/-0.08 dlogz:88.423>0.01]20486it [18:59:52, 16.25s/it, bound:4637 nc:3158 ncall:3.2e+07 eff:0.1% logz-ratio=719903.07+/-0.08 dlogz:88.256>0.01]20490it [19:01:00, 16.44s/it, bound:4638 nc:3839 ncall:3.2e+07 eff:0.1% logz-ratio=719903.24+/-0.09 dlogz:88.081>0.01]20494it [19:02:10, 16.79s/it, bound:4639 nc:3468 ncall:3.2e+07 eff:0.1% logz-ratio=719903.42+/-0.08 dlogz:87.887>0.01]20498it [19:03:17, 16.79s/it, bound:4640 nc:3851 ncall:3.2e+07 eff:0.1% logz-ratio=719903.60+/-0.09 dlogz:87.706>0.01]20502it [19:04:20, 16.49s/it, bound:4641 nc:3813 ncall:3.2e+07 eff:0.1% logz-ratio=719903.80+/-0.09 dlogz:87.500>0.01]20506it [19:05:20, 16.01s/it, bound:4642 nc:3394 ncall:3.2e+07 eff:0.1% logz-ratio=719903.97+/-0.08 dlogz:87.310>0.01]20510it [19:06:22, 15.86s/it, bound:4643 nc:3795 ncall:3.2e+07 eff:0.1% logz-ratio=719904.13+/-0.08 dlogz:87.140>0.01]20514it [19:07:14, 15.02s/it, bound:4644 nc:3429 ncall:3.2e+07 eff:0.1% logz-ratio=719904.30+/-0.08 dlogz:86.968>0.01]20515it [19:07:26, 14.70s/it, bound:4644 nc:3505 ncall:3.2e+07 eff:0.1% logz-ratio=719904.34+/-0.06 dlogz:86.924>0.01]20518it [19:08:17, 15.39s/it, bound:4645 nc:3392 ncall:3.2e+07 eff:0.1% logz-ratio=719904.47+/-0.08 dlogz:86.792>0.01]20521it [19:09:10, 16.04s/it, bound:4646 nc:3392 ncall:3.2e+07 eff:0.1% logz-ratio=719904.61+/-0.09 dlogz:86.649>0.01]20525it [19:10:06, 15.31s/it, bound:4647 nc:3843 ncall:3.2e+07 eff:0.1% logz-ratio=719904.78+/-0.08 dlogz:86.464>0.01]20529it [19:11:09, 15.47s/it, bound:4648 nc:3983 ncall:3.2e+07 eff:0.1% logz-ratio=719904.95+/-0.08 dlogz:86.289>0.01]20533it [19:12:00, 14.57s/it, bound:4649 nc:3535 ncall:3.2e+07 eff:0.1% logz-ratio=719905.14+/-0.09 dlogz:86.090>0.01]20537it [19:12:55, 14.28s/it, bound:4650 nc:3882 ncall:3.2e+07 eff:0.1% logz-ratio=719905.33+/-0.09 dlogz:85.897>0.01]20541it [19:13:47, 13.90s/it, bound:4651 nc:3589 ncall:3.2e+07 eff:0.1% logz-ratio=719905.52+/-0.09 dlogz:85.706>0.01]20545it [19:14:43, 13.90s/it, bound:4652 nc:3451 ncall:3.2e+07 eff:0.1% logz-ratio=719905.72+/-0.09 dlogz:85.501>0.01]20549it [19:15:35, 13.64s/it, bound:4653 nc:3147 ncall:3.2e+07 eff:0.1% logz-ratio=719905.94+/-0.09 dlogz:85.268>0.01]20553it [19:16:30, 13.72s/it, bound:4654 nc:3624 ncall:3.2e+07 eff:0.1% logz-ratio=719906.15+/-0.09 dlogz:85.048>0.01]20557it [19:17:22, 13.49s/it, bound:4655 nc:3222 ncall:3.2e+07 eff:0.1% logz-ratio=719906.38+/-0.10 dlogz:84.823>0.01]20558it [19:17:33, 13.18s/it, bound:4655 nc:3644 ncall:3.2e+07 eff:0.1% logz-ratio=719906.43+/-0.07 dlogz:84.763>0.01]20561it [19:18:26, 14.55s/it, bound:4656 nc:2906 ncall:3.2e+07 eff:0.1% logz-ratio=719906.62+/-0.10 dlogz:84.576>0.01]20565it [19:19:18, 13.96s/it, bound:4657 nc:3685 ncall:3.2e+07 eff:0.1% logz-ratio=719906.86+/-0.10 dlogz:84.323>0.01]20569it [19:20:09, 13.55s/it, bound:4658 nc:3553 ncall:3.2e+07 eff:0.1% logz-ratio=719907.10+/-0.10 dlogz:84.079>0.01]20573it [19:21:00, 13.35s/it, bound:4659 nc:3458 ncall:3.2e+07 eff:0.1% logz-ratio=719907.32+/-0.10 dlogz:83.840>0.01]20577it [19:21:55, 13.47s/it, bound:4660 nc:3985 ncall:3.2e+07 eff:0.1% logz-ratio=719907.54+/-0.09 dlogz:83.616>0.01]20581it [19:22:50, 13.54s/it, bound:4661 nc:3023 ncall:3.2e+07 eff:0.1% logz-ratio=719907.73+/-0.09 dlogz:83.413>0.01]20585it [19:23:46, 13.66s/it, bound:4662 nc:3949 ncall:3.2e+07 eff:0.1% logz-ratio=719907.93+/-0.09 dlogz:83.209>0.01]20589it [19:24:41, 13.70s/it, bound:4663 nc:3520 ncall:3.2e+07 eff:0.1% logz-ratio=719908.15+/-0.09 dlogz:82.980>0.01]20592it [19:24:41, 10.33s/it, bound:4664 nc:  1 ncall:3.2e+07 eff:0.1% logz-ratio=719944.43+/-0.31 dlogz:44.536>0.01] 20592it [19:24:52, 10.33s/it, bound:4664 nc:  1 ncall:3.2e+07 eff:0.1% logz-ratio=719984.16+/-1.04 dlogz:1.099>0.01] 20593it [19:25:36, 15.00s/it, bound:4664 nc:3479 ncall:3.2e+07 eff:0.1% logz-ratio=719908.35+/-0.06 dlogz:82.766>0.01]20597it [19:26:32, 14.61s/it, bound:4665 nc:3947 ncall:3.2e+07 eff:0.1% logz-ratio=719908.57+/-0.07 dlogz:82.547>0.01]20601it [19:27:26, 14.29s/it, bound:4666 nc:2842 ncall:3.2e+07 eff:0.1% logz-ratio=719908.77+/-0.09 dlogz:82.332>0.01]20605it [19:28:18, 13.83s/it, bound:4667 nc:3471 ncall:3.2e+07 eff:0.1% logz-ratio=719908.96+/-0.06 dlogz:82.130>0.01]20607it [19:28:28, 12.17s/it, bound:4667 nc:3683 ncall:3.2e+07 eff:0.1% logz-ratio=719909.05+/-0.06 dlogz:82.035>0.01]20609it [19:29:21, 15.25s/it, bound:4668 nc:3710 ncall:3.2e+07 eff:0.1% logz-ratio=719909.13+/-0.06 dlogz:81.946>0.01]20613it [19:30:13, 14.38s/it, bound:4669 nc:3042 ncall:3.2e+07 eff:0.1% logz-ratio=719909.30+/-0.06 dlogz:81.772>0.01]20617it [19:31:08, 14.10s/it, bound:4670 nc:3806 ncall:3.2e+07 eff:0.1% logz-ratio=719909.46+/-0.06 dlogz:90.226>0.01]20621it [19:31:58, 13.59s/it, bound:4671 nc:3114 ncall:3.2e+07 eff:0.1% logz-ratio=719909.63+/-0.06 dlogz:90.051>0.01]20625it [19:32:45, 13.01s/it, bound:4672 nc:3345 ncall:3.2e+07 eff:0.1% logz-ratio=719909.78+/-0.06 dlogz:89.890>0.01]20629it [19:33:38, 13.10s/it, bound:4673 nc:3287 ncall:3.2e+07 eff:0.1% logz-ratio=719909.93+/-0.06 dlogz:89.728>0.01]20633it [19:34:30, 13.02s/it, bound:4674 nc:3200 ncall:3.2e+07 eff:0.1% logz-ratio=719910.10+/-0.06 dlogz:89.563>0.01]20637it [19:35:18, 12.76s/it, bound:4675 nc:3049 ncall:3.2e+07 eff:0.1% logz-ratio=719910.28+/-0.06 dlogz:89.372>0.01]20641it [19:36:10, 12.79s/it, bound:4676 nc:3162 ncall:3.2e+07 eff:0.1% logz-ratio=719910.47+/-0.06 dlogz:89.171>0.01]20645it [19:36:59, 12.63s/it, bound:4677 nc:2620 ncall:3.2e+07 eff:0.1% logz-ratio=719910.65+/-0.06 dlogz:88.983>0.01]20649it [19:37:43, 12.16s/it, bound:4678 nc:2791 ncall:3.2e+07 eff:0.1% logz-ratio=719910.82+/-0.06 dlogz:88.804>0.01]20653it [19:38:31, 12.10s/it, bound:4679 nc:3069 ncall:3.2e+07 eff:0.1% logz-ratio=719910.99+/-0.06 dlogz:88.624>0.01]20655it [19:38:41, 10.88s/it, bound:4679 nc:3207 ncall:3.2e+07 eff:0.1% logz-ratio=719911.08+/-0.06 dlogz:88.533>0.01]20657it [19:39:30, 13.60s/it, bound:4680 nc:3471 ncall:3.2e+07 eff:0.1% logz-ratio=719911.18+/-0.06 dlogz:88.438>0.01]20661it [19:40:19, 13.08s/it, bound:4681 nc:3116 ncall:3.2e+07 eff:0.1% logz-ratio=719911.37+/-0.06 dlogz:88.237>0.01]20665it [19:41:10, 12.99s/it, bound:4682 nc:3513 ncall:3.2e+07 eff:0.1% logz-ratio=719911.55+/-0.06 dlogz:88.044>0.01]20669it [19:42:02, 12.98s/it, bound:4683 nc:3700 ncall:3.2e+07 eff:0.1% logz-ratio=719911.73+/-0.06 dlogz:87.854>0.01]20673it [19:42:58, 13.29s/it, bound:4684 nc:3190 ncall:3.2e+07 eff:0.1% logz-ratio=719911.90+/-0.06 dlogz:87.681>0.01]20677it [19:43:48, 13.10s/it, bound:4685 nc:3619 ncall:3.2e+07 eff:0.1% logz-ratio=719912.06+/-0.06 dlogz:87.509>0.01]20681it [19:44:38, 12.86s/it, bound:4686 nc:3183 ncall:3.2e+07 eff:0.1% logz-ratio=719912.22+/-0.06 dlogz:87.339>0.01]20685it [19:45:20, 12.20s/it, bound:4687 nc:2996 ncall:3.2e+07 eff:0.1% logz-ratio=719912.40+/-0.06 dlogz:87.158>0.01]20689it [19:46:10, 12.28s/it, bound:4688 nc:3116 ncall:3.2e+07 eff:0.1% logz-ratio=719912.60+/-0.07 dlogz:86.957>0.01]20693it [19:47:02, 12.49s/it, bound:4689 nc:3601 ncall:3.2e+07 eff:0.1% logz-ratio=719912.79+/-0.07 dlogz:86.754>0.01]20697it [19:47:57, 12.85s/it, bound:4690 nc:2899 ncall:3.2e+07 eff:0.1% logz-ratio=719913.00+/-0.07 dlogz:86.535>0.01]20701it [19:48:52, 13.11s/it, bound:4691 nc:3579 ncall:3.2e+07 eff:0.1% logz-ratio=719913.20+/-0.06 dlogz:86.328>0.01]20703it [19:49:02, 11.72s/it, bound:4691 nc:3094 ncall:3.2e+07 eff:0.1% logz-ratio=719913.29+/-0.06 dlogz:86.228>0.01]20705it [19:49:53, 14.45s/it, bound:4692 nc:3221 ncall:3.2e+07 eff:0.1% logz-ratio=719913.39+/-0.06 dlogz:86.129>0.01]20709it [19:50:44, 13.84s/it, bound:4693 nc:3128 ncall:3.2e+07 eff:0.1% logz-ratio=719913.58+/-0.06 dlogz:85.926>0.01]20713it [19:51:36, 13.51s/it, bound:4694 nc:3685 ncall:3.2e+07 eff:0.1% logz-ratio=719913.77+/-0.06 dlogz:85.735>0.01]20717it [19:52:35, 13.94s/it, bound:4695 nc:3304 ncall:3.2e+07 eff:0.1% logz-ratio=719913.95+/-0.06 dlogz:85.541>0.01]20721it [19:53:40, 14.71s/it, bound:4696 nc:3358 ncall:3.2e+07 eff:0.1% logz-ratio=719914.13+/-0.06 dlogz:85.357>0.01]20725it [19:54:38, 14.63s/it, bound:4697 nc:3260 ncall:3.2e+07 eff:0.1% logz-ratio=719914.31+/-0.06 dlogz:85.169>0.01]20729it [19:55:40, 14.86s/it, bound:4698 nc:3268 ncall:3.2e+07 eff:0.1% logz-ratio=719914.50+/-0.07 dlogz:84.972>0.01]20733it [19:56:43, 15.20s/it, bound:4699 nc:3195 ncall:3.2e+07 eff:0.1% logz-ratio=719914.72+/-0.07 dlogz:84.750>0.01]20737it [19:57:55, 16.02s/it, bound:4700 nc:3472 ncall:3.2e+07 eff:0.1% logz-ratio=719914.91+/-0.07 dlogz:84.546>0.01]20741it [19:59:05, 16.49s/it, bound:4701 nc:3556 ncall:3.3e+07 eff:0.1% logz-ratio=719915.12+/-0.07 dlogz:84.332>0.01]20743it [19:59:22, 15.06s/it, bound:4701 nc:2907 ncall:3.3e+07 eff:0.1% logz-ratio=719915.21+/-0.06 dlogz:84.228>0.01]20745it [20:00:36, 19.47s/it, bound:4702 nc:3524 ncall:3.3e+07 eff:0.1% logz-ratio=719915.31+/-0.06 dlogz:84.129>0.01]20749it [20:01:44, 18.58s/it, bound:4703 nc:3060 ncall:3.3e+07 eff:0.1% logz-ratio=719915.48+/-0.06 dlogz:83.948>0.01]20753it [20:02:48, 17.71s/it, bound:4704 nc:3297 ncall:3.3e+07 eff:0.1% logz-ratio=719915.63+/-0.06 dlogz:83.784>0.01]20757it [20:03:41, 16.19s/it, bound:4705 nc:2748 ncall:3.3e+07 eff:0.1% logz-ratio=719915.78+/-0.06 dlogz:83.622>0.01]20761it [20:04:38, 15.64s/it, bound:4706 nc:2836 ncall:3.3e+07 eff:0.1% logz-ratio=719915.93+/-0.06 dlogz:83.463>0.01]20765it [20:05:46, 16.01s/it, bound:4707 nc:3155 ncall:3.3e+07 eff:0.1% logz-ratio=719916.09+/-0.06 dlogz:83.302>0.01]20769it [20:06:44, 15.53s/it, bound:4708 nc:2995 ncall:3.3e+07 eff:0.1% logz-ratio=719916.25+/-0.06 dlogz:83.130>0.01]20773it [20:07:42, 15.24s/it, bound:4709 nc:3171 ncall:3.3e+07 eff:0.1% logz-ratio=719916.40+/-0.05 dlogz:82.973>0.01]20777it [20:08:38, 14.84s/it, bound:4710 nc:3059 ncall:3.3e+07 eff:0.1% logz-ratio=719916.53+/-0.05 dlogz:82.830>0.01]20781it [20:09:32, 14.48s/it, bound:4711 nc:2872 ncall:3.3e+07 eff:0.1% logz-ratio=719916.66+/-0.05 dlogz:82.692>0.01]20783it [20:09:43, 12.85s/it, bound:4711 nc:3274 ncall:3.3e+07 eff:0.1% logz-ratio=719916.73+/-0.05 dlogz:82.619>0.01]20785it [20:10:30, 15.04s/it, bound:4712 nc:3074 ncall:3.3e+07 eff:0.1% logz-ratio=719916.80+/-0.05 dlogz:82.547>0.01]20789it [20:11:33, 15.26s/it, bound:4713 nc:3299 ncall:3.3e+07 eff:0.1% logz-ratio=719916.93+/-0.05 dlogz:82.403>0.01]20793it [20:12:29, 14.88s/it, bound:4714 nc:2941 ncall:3.3e+07 eff:0.1% logz-ratio=719917.06+/-0.05 dlogz:82.270>0.01]20797it [20:13:18, 14.02s/it, bound:4715 nc:3080 ncall:3.3e+07 eff:0.1% logz-ratio=719917.18+/-0.05 dlogz:82.139>0.01]20801it [20:14:06, 13.36s/it, bound:4716 nc:3264 ncall:3.3e+07 eff:0.1% logz-ratio=719917.30+/-0.05 dlogz:82.012>0.01]20805it [20:14:53, 12.84s/it, bound:4717 nc:2699 ncall:3.3e+07 eff:0.1% logz-ratio=719917.41+/-0.05 dlogz:81.889>0.01]20809it [20:15:50, 13.28s/it, bound:4718 nc:3163 ncall:3.3e+07 eff:0.1% logz-ratio=719917.53+/-0.05 dlogz:81.760>0.01]20813it [20:16:56, 14.25s/it, bound:4719 nc:3179 ncall:3.3e+07 eff:0.1% logz-ratio=719917.66+/-0.05 dlogz:81.624>0.01]20817it [20:17:56, 14.45s/it, bound:4720 nc:2755 ncall:3.3e+07 eff:0.1% logz-ratio=719917.78+/-0.05 dlogz:81.493>0.01]20821it [20:18:43, 13.68s/it, bound:4721 nc:2961 ncall:3.3e+07 eff:0.1% logz-ratio=719917.91+/-0.05 dlogz:81.362>0.01]20824it [20:18:43, 10.33s/it, bound:4722 nc:  1 ncall:3.3e+07 eff:0.1% logz-ratio=719960.95+/-0.33 dlogz:35.430>0.01] 20824it [20:19:02, 10.33s/it, bound:4722 nc:  1 ncall:3.3e+07 eff:0.1% logz-ratio=719992.32+/-1.00 dlogz:1.098>0.01] 20825it [20:19:40, 15.21s/it, bound:4722 nc:3360 ncall:3.3e+07 eff:0.1% logz-ratio=719918.03+/-0.05 dlogz:81.231>0.01]20827it [20:19:51, 12.98s/it, bound:4722 nc:3069 ncall:3.3e+07 eff:0.1% logz-ratio=719918.09+/-0.05 dlogz:81.168>0.01]20829it [20:20:42, 16.10s/it, bound:4723 nc:3399 ncall:3.3e+07 eff:0.1% logz-ratio=719918.15+/-0.05 dlogz:81.105>0.01]20833it [20:21:31, 14.47s/it, bound:4724 nc:3256 ncall:3.3e+07 eff:0.1% logz-ratio=719918.26+/-0.05 dlogz:80.982>0.01]20837it [20:22:18, 13.44s/it, bound:4725 nc:3047 ncall:3.3e+07 eff:0.1% logz-ratio=719918.38+/-0.05 dlogz:80.858>0.01]20841it [20:23:08, 13.11s/it, bound:4726 nc:3395 ncall:3.3e+07 eff:0.1% logz-ratio=719918.50+/-0.05 dlogz:80.732>0.01]20845it [20:23:56, 12.76s/it, bound:4727 nc:3226 ncall:3.3e+07 eff:0.1% logz-ratio=719918.62+/-0.05 dlogz:80.606>0.01]20849it [20:24:49, 12.88s/it, bound:4728 nc:2673 ncall:3.3e+07 eff:0.1% logz-ratio=719918.74+/-0.05 dlogz:80.472>0.01]20853it [20:25:31, 12.19s/it, bound:4729 nc:2899 ncall:3.3e+07 eff:0.1% logz-ratio=719918.86+/-0.05 dlogz:80.341>0.01]20857it [20:26:17, 11.97s/it, bound:4730 nc:2770 ncall:3.3e+07 eff:0.1% logz-ratio=719918.98+/-0.05 dlogz:80.213>0.01]20861it [20:27:04, 11.84s/it, bound:4731 nc:2583 ncall:3.3e+07 eff:0.1% logz-ratio=719919.10+/-0.05 dlogz:80.091>0.01]20865it [20:27:51, 11.88s/it, bound:4732 nc:2761 ncall:3.3e+07 eff:0.1% logz-ratio=719919.21+/-0.05 dlogz:79.974>0.01]20869it [20:28:40, 11.95s/it, bound:4733 nc:3359 ncall:3.3e+07 eff:0.1% logz-ratio=719919.32+/-0.05 dlogz:79.851>0.01]20873it [20:29:27, 11.90s/it, bound:4734 nc:3074 ncall:3.3e+07 eff:0.1% logz-ratio=719919.43+/-0.05 dlogz:79.728>0.01]20877it [20:30:12, 11.67s/it, bound:4735 nc:3042 ncall:3.3e+07 eff:0.1% logz-ratio=719919.55+/-0.05 dlogz:79.603>0.01]20879it [20:30:22, 10.57s/it, bound:4735 nc:2774 ncall:3.3e+07 eff:0.1% logz-ratio=719919.61+/-0.05 dlogz:79.539>0.01]20881it [20:31:10, 13.23s/it, bound:4736 nc:3244 ncall:3.3e+07 eff:0.1% logz-ratio=719919.68+/-0.05 dlogz:79.474>0.01]20885it [20:31:56, 12.58s/it, bound:4737 nc:2739 ncall:3.3e+07 eff:0.1% logz-ratio=719919.80+/-0.05 dlogz:79.343>0.01]20889it [20:32:45, 12.45s/it, bound:4738 nc:3111 ncall:3.3e+07 eff:0.1% logz-ratio=719919.93+/-0.05 dlogz:79.209>0.01]20893it [20:33:40, 12.94s/it, bound:4739 nc:3481 ncall:3.3e+07 eff:0.1% logz-ratio=719920.05+/-0.05 dlogz:79.079>0.01]20897it [20:34:32, 12.95s/it, bound:4740 nc:3020 ncall:3.3e+07 eff:0.1% logz-ratio=719920.17+/-0.05 dlogz:78.947>0.01]20901it [20:35:21, 12.71s/it, bound:4741 nc:2917 ncall:3.3e+07 eff:0.1% logz-ratio=719920.30+/-0.05 dlogz:78.814>0.01]20905it [20:36:13, 12.78s/it, bound:4742 nc:2885 ncall:3.3e+07 eff:0.1% logz-ratio=719920.41+/-0.05 dlogz:78.686>0.01]20909it [20:37:02, 12.60s/it, bound:4743 nc:2979 ncall:3.3e+07 eff:0.1% logz-ratio=719920.53+/-0.05 dlogz:78.560>0.01]20913it [20:37:48, 12.34s/it, bound:4744 nc:3012 ncall:3.3e+07 eff:0.1% logz-ratio=719920.65+/-0.05 dlogz:78.436>0.01]20917it [20:38:32, 11.90s/it, bound:4745 nc:2860 ncall:3.3e+07 eff:0.1% logz-ratio=719920.77+/-0.05 dlogz:78.308>0.01]20921it [20:39:17, 11.71s/it, bound:4746 nc:2883 ncall:3.3e+07 eff:0.1% logz-ratio=719920.89+/-0.05 dlogz:78.181>0.01]20925it [20:40:13, 12.37s/it, bound:4747 nc:3269 ncall:3.3e+07 eff:0.1% logz-ratio=719921.01+/-0.05 dlogz:78.047>0.01]20929it [20:41:10, 12.93s/it, bound:4748 nc:2839 ncall:3.3e+07 eff:0.1% logz-ratio=719921.14+/-0.05 dlogz:77.914>0.01]20931it [20:41:21, 11.68s/it, bound:4748 nc:2609 ncall:3.3e+07 eff:0.1% logz-ratio=719921.21+/-0.05 dlogz:77.845>0.01]20933it [20:42:09, 14.11s/it, bound:4749 nc:2941 ncall:3.3e+07 eff:0.1% logz-ratio=719921.27+/-0.05 dlogz:77.778>0.01]20937it [20:43:07, 14.24s/it, bound:4750 nc:2835 ncall:3.3e+07 eff:0.1% logz-ratio=719921.40+/-0.05 dlogz:77.638>0.01]20941it [20:43:57, 13.64s/it, bound:4751 nc:2966 ncall:3.3e+07 eff:0.1% logz-ratio=719921.53+/-0.05 dlogz:77.499>0.01]20945it [20:45:01, 14.46s/it, bound:4752 nc:3628 ncall:3.3e+07 eff:0.1% logz-ratio=719921.66+/-0.05 dlogz:77.361>0.01]20949it [20:46:12, 15.53s/it, bound:4753 nc:3467 ncall:3.3e+07 eff:0.1% logz-ratio=719921.80+/-0.05 dlogz:77.218>0.01]20953it [20:47:24, 16.25s/it, bound:4754 nc:3473 ncall:3.3e+07 eff:0.1% logz-ratio=719921.95+/-0.06 dlogz:77.068>0.01]20957it [20:48:40, 17.12s/it, bound:4755 nc:3785 ncall:3.3e+07 eff:0.1% logz-ratio=719922.11+/-0.06 dlogz:76.898>0.01]20961it [20:49:48, 17.13s/it, bound:4756 nc:3413 ncall:3.3e+07 eff:0.1% logz-ratio=719922.26+/-0.06 dlogz:76.736>0.01]20965it [20:50:54, 16.93s/it, bound:4757 nc:3326 ncall:3.3e+07 eff:0.1% logz-ratio=719922.42+/-0.06 dlogz:76.575>0.01]20969it [20:52:02, 16.90s/it, bound:4758 nc:3660 ncall:3.3e+07 eff:0.1% logz-ratio=719922.57+/-0.06 dlogz:76.407>0.01]20971it [20:52:14, 14.95s/it, bound:4758 nc:3722 ncall:3.3e+07 eff:0.1% logz-ratio=719922.65+/-0.06 dlogz:76.326>0.01]20973it [20:53:20, 18.60s/it, bound:4759 nc:3554 ncall:3.3e+07 eff:0.1% logz-ratio=719922.72+/-0.06 dlogz:76.247>0.01]20977it [20:54:24, 17.71s/it, bound:4760 nc:2860 ncall:3.3e+07 eff:0.1% logz-ratio=719922.87+/-0.06 dlogz:76.091>0.01]20981it [20:55:24, 16.74s/it, bound:4761 nc:3048 ncall:3.3e+07 eff:0.1% logz-ratio=719923.02+/-0.06 dlogz:75.931>0.01]20985it [20:56:25, 16.27s/it, bound:4762 nc:3511 ncall:3.3e+07 eff:0.1% logz-ratio=719923.17+/-0.06 dlogz:75.780>0.01]20989it [20:57:35, 16.63s/it, bound:4763 nc:3816 ncall:3.3e+07 eff:0.1% logz-ratio=719923.31+/-0.06 dlogz:75.628>0.01]20993it [20:58:50, 17.36s/it, bound:4764 nc:3377 ncall:3.3e+07 eff:0.1% logz-ratio=719923.46+/-0.06 dlogz:75.472>0.01]20997it [21:00:08, 17.96s/it, bound:4765 nc:3613 ncall:3.3e+07 eff:0.1% logz-ratio=719923.62+/-0.06 dlogz:75.303>0.01]21001it [21:01:30, 18.78s/it, bound:4766 nc:3818 ncall:3.3e+07 eff:0.1% logz-ratio=719923.79+/-0.06 dlogz:75.133>0.01]21005it [21:02:51, 19.18s/it, bound:4767 nc:3645 ncall:3.3e+07 eff:0.1% logz-ratio=719923.94+/-0.06 dlogz:74.968>0.01]21007it [21:03:02, 16.82s/it, bound:4767 nc:3691 ncall:3.3e+07 eff:0.1% logz-ratio=719924.02+/-0.06 dlogz:74.885>0.01]21009it [21:04:20, 21.25s/it, bound:4768 nc:3469 ncall:3.3e+07 eff:0.1% logz-ratio=719924.09+/-0.06 dlogz:74.807>0.01]21013it [21:05:32, 20.06s/it, bound:4769 nc:3680 ncall:3.3e+07 eff:0.1% logz-ratio=719924.24+/-0.06 dlogz:74.652>0.01]21015it [21:21:23, 114.75s/it, bound:4769 nc:3577 ncall:3.3e+07 eff:0.1% logz-ratio=719924.31+/-0.06 dlogz:74.574>0.01]21017it [21:22:25, 95.66s/it, bound:4770 nc:3473 ncall:3.3e+07 eff:0.1% logz-ratio=719924.39+/-0.06 dlogz:74.496>0.01] 21021it [21:23:25, 63.70s/it, bound:4771 nc:3067 ncall:3.3e+07 eff:0.1% logz-ratio=719924.53+/-0.05 dlogz:74.344>0.01]21025it [21:24:21, 45.75s/it, bound:4772 nc:3353 ncall:3.3e+07 eff:0.1% logz-ratio=719924.66+/-0.05 dlogz:74.201>0.01]21027it [21:24:21, 36.40s/it, bound:4772 nc:2961 ncall:3.3e+07 eff:0.1% logz-ratio=719924.73+/-0.05 dlogz:74.133>0.01]21028it [21:24:32, 36.40s/it, bound:4773 nc:  1 ncall:3.3e+07 eff:0.1% logz-ratio=719991.91+/-1.14 dlogz:1.098>0.01]  21029it [21:25:25, 35.38s/it, bound:4773 nc:3484 ncall:3.3e+07 eff:0.1% logz-ratio=719924.79+/-0.05 dlogz:74.065>0.01]21033it [21:26:23, 27.18s/it, bound:4774 nc:3283 ncall:3.3e+07 eff:0.1% logz-ratio=719924.93+/-0.05 dlogz:73.921>0.01]21037it [21:27:21, 22.59s/it, bound:4775 nc:2974 ncall:3.3e+07 eff:0.1% logz-ratio=719925.06+/-0.05 dlogz:73.778>0.01]21041it [21:28:37, 21.44s/it, bound:4776 nc:3626 ncall:3.3e+07 eff:0.1% logz-ratio=719925.20+/-0.05 dlogz:73.637>0.01]21045it [21:29:51, 20.48s/it, bound:4777 nc:3197 ncall:3.3e+07 eff:0.1% logz-ratio=719925.33+/-0.05 dlogz:73.494>0.01]21049it [21:31:08, 20.04s/it, bound:4778 nc:3799 ncall:3.3e+07 eff:0.1% logz-ratio=719925.46+/-0.05 dlogz:73.354>0.01]21053it [21:32:26, 19.93s/it, bound:4779 nc:3330 ncall:3.3e+07 eff:0.1% logz-ratio=719925.59+/-0.05 dlogz:73.219>0.01]21055it [21:32:38, 17.35s/it, bound:4779 nc:3314 ncall:3.4e+07 eff:0.1% logz-ratio=719925.65+/-0.05 dlogz:73.151>0.01]21057it [21:33:52, 21.39s/it, bound:4780 nc:3643 ncall:3.4e+07 eff:0.1% logz-ratio=719925.71+/-0.05 dlogz:73.084>0.01]21061it [21:35:01, 19.89s/it, bound:4781 nc:3105 ncall:3.4e+07 eff:0.1% logz-ratio=719925.84+/-0.05 dlogz:72.950>0.01]21065it [21:36:14, 19.30s/it, bound:4782 nc:3531 ncall:3.4e+07 eff:0.1% logz-ratio=719925.97+/-0.05 dlogz:72.812>0.01]21069it [21:37:22, 18.56s/it, bound:4783 nc:3318 ncall:3.4e+07 eff:0.1% logz-ratio=719926.10+/-0.05 dlogz:72.679>0.01]21073it [21:38:22, 17.38s/it, bound:4784 nc:3301 ncall:3.4e+07 eff:0.1% logz-ratio=719926.24+/-0.06 dlogz:72.533>0.01]21077it [21:39:30, 17.28s/it, bound:4785 nc:3354 ncall:3.4e+07 eff:0.1% logz-ratio=719926.39+/-0.06 dlogz:72.376>0.01]21081it [21:40:44, 17.67s/it, bound:4786 nc:3036 ncall:3.4e+07 eff:0.1% logz-ratio=719926.54+/-0.06 dlogz:72.217>0.01]21085it [21:41:44, 16.86s/it, bound:4787 nc:2980 ncall:3.4e+07 eff:0.1% logz-ratio=719926.68+/-0.06 dlogz:72.064>0.01]21089it [21:42:47, 16.47s/it, bound:4788 nc:3187 ncall:3.4e+07 eff:0.1% logz-ratio=719926.82+/-0.05 dlogz:71.915>0.01]21091it [21:42:58, 14.50s/it, bound:4788 nc:3228 ncall:3.4e+07 eff:0.1% logz-ratio=719926.89+/-0.05 dlogz:71.843>0.01]21093it [21:44:01, 17.97s/it, bound:4789 nc:3305 ncall:3.4e+07 eff:0.1% logz-ratio=719926.95+/-0.05 dlogz:71.774>0.01]21097it [21:44:59, 16.76s/it, bound:4790 nc:3040 ncall:3.4e+07 eff:0.1% logz-ratio=719927.08+/-0.05 dlogz:71.641>0.01]21101it [21:46:09, 16.97s/it, bound:4791 nc:3318 ncall:3.4e+07 eff:0.1% logz-ratio=719927.20+/-0.05 dlogz:71.512>0.01]21104it [21:46:09, 12.40s/it, bound:4792 nc:  1 ncall:3.4e+07 eff:0.1% logz-ratio=719964.47+/-0.34 dlogz:31.454>0.01] 21104it [21:46:22, 12.40s/it, bound:4792 nc:  1 ncall:3.4e+07 eff:0.1% logz-ratio=719991.76+/-1.15 dlogz:1.098>0.01] 21105it [21:47:08, 17.70s/it, bound:4792 nc:3151 ncall:3.4e+07 eff:0.1% logz-ratio=719927.31+/-0.05 dlogz:71.388>0.01]21109it [21:48:06, 16.41s/it, bound:4793 nc:3352 ncall:3.4e+07 eff:0.1% logz-ratio=719927.43+/-0.05 dlogz:71.266>0.01]21113it [21:49:04, 15.72s/it, bound:4794 nc:2939 ncall:3.4e+07 eff:0.1% logz-ratio=719927.54+/-0.05 dlogz:71.142>0.01]21117it [21:49:58, 15.03s/it, bound:4795 nc:3061 ncall:3.4e+07 eff:0.1% logz-ratio=719927.67+/-0.05 dlogz:71.009>0.01]21121it [21:50:54, 14.70s/it, bound:4796 nc:2736 ncall:3.4e+07 eff:0.1% logz-ratio=719927.80+/-0.05 dlogz:70.874>0.01]21125it [21:51:49, 14.38s/it, bound:4797 nc:3457 ncall:3.4e+07 eff:0.1% logz-ratio=719927.92+/-0.05 dlogz:70.745>0.01]21129it [21:52:48, 14.46s/it, bound:4798 nc:3151 ncall:3.4e+07 eff:0.1% logz-ratio=719928.04+/-0.05 dlogz:70.617>0.01]21133it [21:53:50, 14.84s/it, bound:4799 nc:3496 ncall:3.4e+07 eff:0.1% logz-ratio=719928.15+/-0.05 dlogz:70.494>0.01]21135it [21:54:02, 13.17s/it, bound:4799 nc:3141 ncall:3.4e+07 eff:0.1% logz-ratio=719928.20+/-0.05 dlogz:70.435>0.01]21137it [21:55:01, 16.53s/it, bound:4800 nc:3195 ncall:3.4e+07 eff:0.1% logz-ratio=719928.26+/-0.05 dlogz:70.376>0.01]21141it [21:56:03, 16.21s/it, bound:4801 nc:3508 ncall:3.4e+07 eff:0.1% logz-ratio=719928.37+/-0.05 dlogz:70.260>0.01]21145it [21:57:12, 16.56s/it, bound:4802 nc:3427 ncall:3.4e+07 eff:0.1% logz-ratio=719928.51+/-0.06 dlogz:70.124>0.01]21149it [21:58:18, 16.54s/it, bound:4803 nc:2772 ncall:3.4e+07 eff:0.1% logz-ratio=719928.66+/-0.06 dlogz:69.957>0.01]21153it [21:59:31, 17.02s/it, bound:4804 nc:3253 ncall:3.4e+07 eff:0.1% logz-ratio=719928.82+/-0.06 dlogz:69.798>0.01]21157it [22:00:51, 17.97s/it, bound:4805 nc:3757 ncall:3.4e+07 eff:0.1% logz-ratio=719928.97+/-0.06 dlogz:69.633>0.01]21161it [22:02:05, 18.17s/it, bound:4806 nc:3871 ncall:3.4e+07 eff:0.1% logz-ratio=719929.12+/-0.06 dlogz:69.479>0.01]21165it [22:03:14, 17.89s/it, bound:4807 nc:3780 ncall:3.4e+07 eff:0.1% logz-ratio=719929.25+/-0.05 dlogz:69.334>0.01]21169it [22:04:21, 17.54s/it, bound:4808 nc:3523 ncall:3.4e+07 eff:0.1% logz-ratio=719929.39+/-0.05 dlogz:69.191>0.01]21171it [22:04:33, 15.44s/it, bound:4808 nc:3321 ncall:3.4e+07 eff:0.1% logz-ratio=719929.45+/-0.05 dlogz:69.122>0.01]21173it [22:05:34, 18.57s/it, bound:4809 nc:3017 ncall:3.4e+07 eff:0.1% logz-ratio=719929.52+/-0.06 dlogz:69.052>0.01]21177it [22:06:40, 17.76s/it, bound:4810 nc:2847 ncall:3.4e+07 eff:0.1% logz-ratio=719929.68+/-0.06 dlogz:68.887>0.01]21181it [22:07:45, 17.22s/it, bound:4811 nc:2980 ncall:3.4e+07 eff:0.1% logz-ratio=719929.85+/-0.06 dlogz:68.709>0.01]21185it [22:08:53, 17.20s/it, bound:4812 nc:3335 ncall:3.4e+07 eff:0.1% logz-ratio=719930.03+/-0.06 dlogz:68.524>0.01]21189it [22:09:56, 16.71s/it, bound:4813 nc:2787 ncall:3.4e+07 eff:0.1% logz-ratio=719930.19+/-0.06 dlogz:68.352>0.01]21192it [22:09:56, 12.45s/it, bound:4814 nc:  1 ncall:3.4e+07 eff:0.1% logz-ratio=719940.48+/-0.31 dlogz:57.440>0.01] 21192it [22:10:12, 12.45s/it, bound:4814 nc:  1 ncall:3.4e+07 eff:0.1% logz-ratio=719991.59+/-1.16 dlogz:1.098>0.01] 21193it [22:11:01, 18.20s/it, bound:4814 nc:3160 ncall:3.4e+07 eff:0.1% logz-ratio=719930.34+/-0.06 dlogz:68.189>0.01]21197it [22:12:07, 17.48s/it, bound:4815 nc:2961 ncall:3.4e+07 eff:0.1% logz-ratio=719930.48+/-0.05 dlogz:68.038>0.01]21201it [22:13:14, 17.25s/it, bound:4816 nc:3299 ncall:3.4e+07 eff:0.1% logz-ratio=719930.62+/-0.06 dlogz:67.894>0.01]21203it [22:13:14, 13.80s/it, bound:4816 nc:3652 ncall:3.4e+07 eff:0.1% logz-ratio=719930.69+/-0.06 dlogz:67.819>0.01]21204it [22:13:32, 13.80s/it, bound:4817 nc:  1 ncall:3.4e+07 eff:0.1% logz-ratio=719991.56+/-1.17 dlogz:1.098>0.01]  21205it [22:14:23, 18.39s/it, bound:4817 nc:3203 ncall:3.4e+07 eff:0.1% logz-ratio=719930.76+/-0.05 dlogz:67.747>0.01]21209it [22:15:33, 18.00s/it, bound:4818 nc:3313 ncall:3.4e+07 eff:0.1% logz-ratio=719930.89+/-0.05 dlogz:67.609>0.01]21211it [22:15:44, 15.33s/it, bound:4818 nc:3357 ncall:3.4e+07 eff:0.1% logz-ratio=719930.95+/-0.05 dlogz:67.541>0.01]21213it [22:16:56, 20.21s/it, bound:4819 nc:3094 ncall:3.4e+07 eff:0.1% logz-ratio=719931.02+/-0.05 dlogz:67.473>0.01]21217it [22:17:58, 18.29s/it, bound:4820 nc:2977 ncall:3.4e+07 eff:0.1% logz-ratio=719931.15+/-0.05 dlogz:67.330>0.01]21221it [22:19:07, 17.97s/it, bound:4821 nc:3672 ncall:3.4e+07 eff:0.1% logz-ratio=719931.28+/-0.05 dlogz:67.189>0.01]21225it [22:20:24, 18.36s/it, bound:4822 nc:3240 ncall:3.4e+07 eff:0.1% logz-ratio=719931.41+/-0.05 dlogz:67.054>0.01]21229it [22:21:34, 18.13s/it, bound:4823 nc:3573 ncall:3.4e+07 eff:0.1% logz-ratio=719931.55+/-0.06 dlogz:66.908>0.01]21233it [22:22:42, 17.75s/it, bound:4824 nc:3394 ncall:3.4e+07 eff:0.1% logz-ratio=719931.69+/-0.05 dlogz:66.763>0.01]21237it [22:23:51, 17.59s/it, bound:4825 nc:3145 ncall:3.4e+07 eff:0.1% logz-ratio=719931.81+/-0.05 dlogz:66.627>0.01]21241it [22:24:58, 17.30s/it, bound:4826 nc:3108 ncall:3.4e+07 eff:0.1% logz-ratio=719931.94+/-0.05 dlogz:66.494>0.01]21245it [22:26:02, 16.89s/it, bound:4827 nc:3180 ncall:3.4e+07 eff:0.1% logz-ratio=719932.07+/-0.05 dlogz:66.354>0.01]21247it [22:26:13, 14.88s/it, bound:4827 nc:3579 ncall:3.4e+07 eff:0.1% logz-ratio=719932.14+/-0.05 dlogz:66.285>0.01]21249it [22:27:29, 19.60s/it, bound:4828 nc:3638 ncall:3.4e+07 eff:0.1% logz-ratio=719932.21+/-0.06 dlogz:66.212>0.01]21253it [22:28:51, 19.98s/it, bound:4829 nc:3330 ncall:3.4e+07 eff:0.1% logz-ratio=719932.36+/-0.06 dlogz:66.054>0.01]21257it [22:30:12, 19.99s/it, bound:4830 nc:3873 ncall:3.4e+07 eff:0.1% logz-ratio=719932.50+/-0.08 dlogz:65.902>0.01]21259it [22:30:12, 16.05s/it, bound:4830 nc:  1 ncall:3.4e+07 eff:0.1% logz-ratio=719949.16+/-0.31 dlogz:48.142>0.01] 21260it [22:30:23, 16.05s/it, bound:4831 nc:3856 ncall:3.4e+07 eff:0.1% logz-ratio=719932.61+/-0.06 dlogz:65.789>0.01]21261it [22:31:25, 20.65s/it, bound:4831 nc:3279 ncall:3.4e+07 eff:0.1% logz-ratio=719932.64+/-0.08 dlogz:65.752>0.01]21265it [22:32:37, 19.55s/it, bound:4832 nc:3932 ncall:3.4e+07 eff:0.1% logz-ratio=719932.79+/-0.08 dlogz:65.599>0.01]21268it [22:32:37, 13.84s/it, bound:4833 nc:3566 ncall:3.4e+07 eff:0.1% logz-ratio=719932.90+/-0.06 dlogz:65.484>0.01]21268it [22:32:53, 13.84s/it, bound:4833 nc:3566 ncall:3.4e+07 eff:0.1% logz-ratio=719932.90+/-0.06 dlogz:65.484>0.01]21269it [22:33:58, 22.09s/it, bound:4833 nc:3768 ncall:3.4e+07 eff:0.1% logz-ratio=719932.93+/-0.08 dlogz:65.447>0.01]21272it [22:33:58, 14.50s/it, bound:4834 nc:  1 ncall:3.4e+07 eff:0.1% logz-ratio=719954.67+/-0.31 dlogz:42.273>0.01] 21272it [22:34:13, 14.50s/it, bound:4834 nc:  1 ncall:3.4e+07 eff:0.1% logz-ratio=719991.43+/-1.17 dlogz:1.098>0.01] 21273it [22:35:17, 23.61s/it, bound:4834 nc:3244 ncall:3.4e+07 eff:0.1% logz-ratio=719933.07+/-0.06 dlogz:65.300>0.01]21277it [22:36:34, 21.68s/it, bound:4835 nc:3820 ncall:3.4e+07 eff:0.1% logz-ratio=719933.22+/-0.06 dlogz:65.148>0.01]21279it [22:36:46, 17.84s/it, bound:4835 nc:3188 ncall:3.4e+07 eff:0.1% logz-ratio=719933.28+/-0.05 dlogz:65.074>0.01]21281it [22:38:00, 22.69s/it, bound:4836 nc:3630 ncall:3.4e+07 eff:0.1% logz-ratio=719933.35+/-0.05 dlogz:65.003>0.01]21285it [22:39:11, 20.65s/it, bound:4837 nc:3324 ncall:3.4e+07 eff:0.1% logz-ratio=719933.49+/-0.05 dlogz:64.858>0.01]21289it [22:40:25, 19.84s/it, bound:4838 nc:2999 ncall:3.4e+07 eff:0.1% logz-ratio=719933.61+/-0.05 dlogz:64.723>0.01]21293it [22:41:37, 19.18s/it, bound:4839 nc:3295 ncall:3.4e+07 eff:0.1% logz-ratio=719933.74+/-0.05 dlogz:64.586>0.01]21297it [22:42:50, 18.91s/it, bound:4840 nc:2836 ncall:3.4e+07 eff:0.1% logz-ratio=719933.88+/-0.06 dlogz:64.440>0.01]21300it [22:44:06, 20.55s/it, bound:4841 nc:7474 ncall:3.4e+07 eff:0.1% logz-ratio=719933.99+/-0.08 dlogz:64.329>0.01]21304it [22:45:22, 20.04s/it, bound:4842 nc:3573 ncall:3.4e+07 eff:0.1% logz-ratio=719934.14+/-0.08 dlogz:64.171>0.01]21308it [22:46:33, 19.31s/it, bound:4843 nc:3918 ncall:3.4e+07 eff:0.1% logz-ratio=719934.30+/-0.08 dlogz:64.011>0.01]21312it [22:47:43, 18.78s/it, bound:4844 nc:3547 ncall:3.4e+07 eff:0.1% logz-ratio=719934.45+/-0.08 dlogz:63.846>0.01]21313it [22:47:55, 18.03s/it, bound:4844 nc:3869 ncall:3.4e+07 eff:0.1% logz-ratio=719934.49+/-0.06 dlogz:63.805>0.01]21316it [22:49:12, 20.32s/it, bound:4845 nc:3668 ncall:3.4e+07 eff:0.1% logz-ratio=719934.61+/-0.08 dlogz:63.678>0.01]21319it [22:49:12, 14.20s/it, bound:4846 nc:  1 ncall:3.4e+07 eff:0.1% logz-ratio=719951.06+/-0.31 dlogz:46.138>0.01] 21319it [22:49:23, 14.20s/it, bound:4846 nc:  1 ncall:3.4e+07 eff:0.1% logz-ratio=719991.33+/-1.18 dlogz:1.098>0.01] 21320it [22:50:21, 21.16s/it, bound:4846 nc:3157 ncall:3.4e+07 eff:0.1% logz-ratio=719934.77+/-0.06 dlogz:63.509>0.01]21324it [22:51:31, 19.54s/it, bound:4847 nc:3528 ncall:3.4e+07 eff:0.1% logz-ratio=719934.92+/-0.06 dlogz:63.350>0.01]21328it [22:52:49, 19.54s/it, bound:4848 nc:3720 ncall:3.4e+07 eff:0.1% logz-ratio=719935.06+/-0.06 dlogz:63.197>0.01]21332it [22:54:01, 19.07s/it, bound:4849 nc:3089 ncall:3.4e+07 eff:0.1% logz-ratio=719935.20+/-0.05 dlogz:63.052>0.01]21336it [22:55:16, 18.94s/it, bound:4850 nc:3890 ncall:3.4e+07 eff:0.1% logz-ratio=719935.33+/-0.05 dlogz:62.911>0.01]21340it [22:56:23, 18.25s/it, bound:4851 nc:2910 ncall:3.4e+07 eff:0.1% logz-ratio=719935.46+/-0.05 dlogz:62.774>0.01]21344it [22:57:31, 17.86s/it, bound:4852 nc:3672 ncall:3.4e+07 eff:0.1% logz-ratio=719935.59+/-0.05 dlogz:62.635>0.01]21348it [22:58:43, 17.88s/it, bound:4853 nc:3633 ncall:3.4e+07 eff:0.1% logz-ratio=719935.72+/-0.05 dlogz:62.501>0.01]21350it [22:58:55, 15.74s/it, bound:4853 nc:3595 ncall:3.5e+07 eff:0.1% logz-ratio=719935.77+/-0.05 dlogz:62.437>0.01]21352it [22:59:55, 18.68s/it, bound:4854 nc:3040 ncall:3.5e+07 eff:0.1% logz-ratio=719935.83+/-0.05 dlogz:62.375>0.01]21356it [23:00:59, 17.66s/it, bound:4855 nc:3451 ncall:3.5e+07 eff:0.1% logz-ratio=719935.94+/-0.05 dlogz:62.255>0.01]21360it [23:02:03, 17.10s/it, bound:4856 nc:3323 ncall:3.5e+07 eff:0.1% logz-ratio=719936.05+/-0.05 dlogz:62.139>0.01]21364it [23:03:01, 16.19s/it, bound:4857 nc:2958 ncall:3.5e+07 eff:0.1% logz-ratio=719936.15+/-0.05 dlogz:62.029>0.01]21368it [23:04:03, 15.99s/it, bound:4858 nc:2885 ncall:3.5e+07 eff:0.1% logz-ratio=719936.26+/-0.05 dlogz:61.911>0.01]21372it [23:05:00, 15.43s/it, bound:4859 nc:2783 ncall:3.5e+07 eff:0.1% logz-ratio=719936.37+/-0.05 dlogz:61.794>0.01]21376it [23:05:50, 14.57s/it, bound:4860 nc:2915 ncall:3.5e+07 eff:0.1% logz-ratio=719936.48+/-0.05 dlogz:61.675>0.01]21380it [23:06:40, 13.93s/it, bound:4861 nc:2684 ncall:3.5e+07 eff:0.1% logz-ratio=719936.60+/-0.05 dlogz:61.548>0.01]21384it [23:07:36, 13.94s/it, bound:4862 nc:2769 ncall:3.5e+07 eff:0.1% logz-ratio=719936.73+/-0.05 dlogz:61.414>0.01]21388it [23:08:32, 13.92s/it, bound:4863 nc:3096 ncall:3.5e+07 eff:0.1% logz-ratio=719936.88+/-0.06 dlogz:61.265>0.01]21392it [23:09:27, 13.93s/it, bound:4864 nc:2984 ncall:3.5e+07 eff:0.1% logz-ratio=719937.04+/-0.06 dlogz:61.100>0.01]21394it [23:09:39, 12.46s/it, bound:4864 nc:2694 ncall:3.5e+07 eff:0.1% logz-ratio=719937.12+/-0.06 dlogz:61.013>0.01]21396it [23:10:29, 15.00s/it, bound:4865 nc:2903 ncall:3.5e+07 eff:0.1% logz-ratio=719937.21+/-0.07 dlogz:62.439>0.01]21400it [23:11:20, 14.23s/it, bound:4866 nc:3190 ncall:3.5e+07 eff:0.1% logz-ratio=719937.40+/-0.06 dlogz:62.241>0.01]21404it [23:12:28, 15.15s/it, bound:4867 nc:3771 ncall:3.5e+07 eff:0.1% logz-ratio=719937.57+/-0.06 dlogz:62.059>0.01]21408it [23:13:27, 15.06s/it, bound:4868 nc:2950 ncall:3.5e+07 eff:0.1% logz-ratio=719937.74+/-0.06 dlogz:61.886>0.01]21412it [23:14:29, 15.16s/it, bound:4869 nc:3409 ncall:3.5e+07 eff:0.1% logz-ratio=719937.89+/-0.06 dlogz:61.718>0.01]21416it [23:15:33, 15.42s/it, bound:4870 nc:3153 ncall:3.5e+07 eff:0.1% logz-ratio=719938.03+/-0.06 dlogz:61.566>0.01]21420it [23:16:43, 16.07s/it, bound:4871 nc:3497 ncall:3.5e+07 eff:0.1% logz-ratio=719938.18+/-0.06 dlogz:61.413>0.01]21424it [23:17:49, 16.23s/it, bound:4872 nc:3510 ncall:3.5e+07 eff:0.1% logz-ratio=719938.33+/-0.06 dlogz:61.259>0.01]21427it [23:17:49, 12.22s/it, bound:4873 nc:  1 ncall:3.5e+07 eff:0.1% logz-ratio=719954.91+/-0.31 dlogz:43.564>0.01] 21427it [23:18:03, 12.22s/it, bound:4873 nc:  1 ncall:3.5e+07 eff:0.1% logz-ratio=719993.00+/-0.67 dlogz:0.871>0.01] 21428it [23:18:55, 17.81s/it, bound:4873 nc:3116 ncall:3.5e+07 eff:0.1% logz-ratio=719938.48+/-0.06 dlogz:61.103>0.01]21432it [23:19:52, 16.51s/it, bound:4874 nc:3043 ncall:3.5e+07 eff:0.1% logz-ratio=719938.63+/-0.06 dlogz:60.940>0.01]21434it [23:20:03, 14.20s/it, bound:4874 nc:3001 ncall:3.5e+07 eff:0.1% logz-ratio=719938.70+/-0.06 dlogz:60.861>0.01]21436it [23:20:59, 17.37s/it, bound:4875 nc:2808 ncall:3.5e+07 eff:0.1% logz-ratio=719938.78+/-0.06 dlogz:60.781>0.01]21440it [23:22:12, 17.77s/it, bound:4876 nc:3744 ncall:3.5e+07 eff:0.1% logz-ratio=719938.93+/-0.06 dlogz:60.621>0.01]21444it [23:23:23, 17.73s/it, bound:4877 nc:3885 ncall:3.5e+07 eff:0.1% logz-ratio=719939.08+/-0.06 dlogz:60.466>0.01]21448it [23:24:35, 17.83s/it, bound:4878 nc:3515 ncall:3.5e+07 eff:0.1% logz-ratio=719939.22+/-0.06 dlogz:60.314>0.01]21452it [23:25:49, 18.03s/it, bound:4879 nc:3512 ncall:3.5e+07 eff:0.1% logz-ratio=719939.37+/-0.06 dlogz:60.155>0.01]21456it [23:27:01, 18.01s/it, bound:4880 nc:2975 ncall:3.5e+07 eff:0.1% logz-ratio=719939.52+/-0.06 dlogz:60.002>0.01]21460it [23:28:18, 18.43s/it, bound:4881 nc:3559 ncall:3.5e+07 eff:0.1% logz-ratio=719939.66+/-0.06 dlogz:59.851>0.01]21464it [23:29:32, 18.47s/it, bound:4882 nc:3365 ncall:3.5e+07 eff:0.1% logz-ratio=719939.80+/-0.05 dlogz:59.706>0.01]21468it [23:30:47, 18.49s/it, bound:4883 nc:3476 ncall:3.5e+07 eff:0.1% logz-ratio=719939.93+/-0.06 dlogz:59.565>0.01]21470it [23:30:58, 16.20s/it, bound:4883 nc:3354 ncall:3.5e+07 eff:0.1% logz-ratio=719940.00+/-0.06 dlogz:59.489>0.01]21472it [23:32:05, 19.72s/it, bound:4884 nc:3108 ncall:3.5e+07 eff:0.1% logz-ratio=719940.08+/-0.06 dlogz:59.411>0.01]21476it [23:33:13, 18.71s/it, bound:4885 nc:3249 ncall:3.5e+07 eff:0.1% logz-ratio=719940.23+/-0.06 dlogz:59.254>0.01]21480it [23:34:17, 17.80s/it, bound:4886 nc:3102 ncall:3.5e+07 eff:0.1% logz-ratio=719940.37+/-0.06 dlogz:59.097>0.01]21484it [23:35:19, 17.02s/it, bound:4887 nc:2733 ncall:3.5e+07 eff:0.1% logz-ratio=719940.51+/-0.05 dlogz:58.951>0.01]21488it [23:36:17, 16.25s/it, bound:4888 nc:3006 ncall:3.5e+07 eff:0.1% logz-ratio=719940.64+/-0.05 dlogz:58.816>0.01]21492it [23:37:15, 15.69s/it, bound:4889 nc:2793 ncall:3.5e+07 eff:0.1% logz-ratio=719940.77+/-0.05 dlogz:58.677>0.01]21496it [23:38:08, 14.94s/it, bound:4890 nc:2462 ncall:3.5e+07 eff:0.1% logz-ratio=719940.89+/-0.05 dlogz:58.547>0.01]21500it [23:39:07, 14.89s/it, bound:4891 nc:2868 ncall:3.5e+07 eff:0.1% logz-ratio=719941.00+/-0.05 dlogz:61.094>0.01]21504it [23:39:58, 14.19s/it, bound:4892 nc:2708 ncall:3.5e+07 eff:0.1% logz-ratio=719941.11+/-0.05 dlogz:60.975>0.01]21507it [23:40:50, 15.02s/it, bound:4893 nc:5223 ncall:3.5e+07 eff:0.1% logz-ratio=719941.19+/-0.07 dlogz:60.891>0.01]21511it [23:41:52, 15.17s/it, bound:4894 nc:2866 ncall:3.5e+07 eff:0.1% logz-ratio=719941.30+/-0.07 dlogz:60.774>0.01]21512it [23:42:06, 15.06s/it, bound:4894 nc:3148 ncall:3.5e+07 eff:0.1% logz-ratio=719941.33+/-0.05 dlogz:60.745>0.01]21515it [23:43:00, 15.95s/it, bound:4895 nc:2985 ncall:3.5e+07 eff:0.1% logz-ratio=719941.43+/-0.07 dlogz:60.646>0.01]21519it [23:43:52, 14.86s/it, bound:4896 nc:2985 ncall:3.5e+07 eff:0.1% logz-ratio=719941.55+/-0.07 dlogz:60.510>0.01]21523it [23:44:53, 14.94s/it, bound:4897 nc:3162 ncall:3.5e+07 eff:0.1% logz-ratio=719941.68+/-0.08 dlogz:60.373>0.01]21526it [23:45:53, 16.37s/it, bound:4898 nc:6074 ncall:3.5e+07 eff:0.1% logz-ratio=719941.79+/-0.05 dlogz:60.264>0.01]21530it [23:46:54, 15.99s/it, bound:4899 nc:2919 ncall:3.5e+07 eff:0.1% logz-ratio=719941.92+/-0.08 dlogz:60.120>0.01]21534it [23:47:49, 15.23s/it, bound:4900 nc:2972 ncall:3.5e+07 eff:0.1% logz-ratio=719942.06+/-0.08 dlogz:59.978>0.01]21538it [23:49:04, 16.32s/it, bound:4901 nc:3920 ncall:3.5e+07 eff:0.1% logz-ratio=719942.18+/-0.07 dlogz:59.843>0.01]21541it [23:49:04, 12.18s/it, bound:4902 nc:  1 ncall:3.5e+07 eff:0.1% logz-ratio=719957.01+/-0.31 dlogz:43.940>0.01] 21541it [23:49:23, 12.18s/it, bound:4902 nc:  1 ncall:3.5e+07 eff:0.1% logz-ratio=719995.23+/-0.78 dlogz:0.997>0.01] 21542it [23:50:24, 19.48s/it, bound:4902 nc:4016 ncall:3.5e+07 eff:0.1% logz-ratio=719942.31+/-0.05 dlogz:59.711>0.01]21545it [23:50:24, 13.33s/it, bound:4903 nc:  1 ncall:3.5e+07 eff:0.1% logz-ratio=719962.13+/-0.32 dlogz:38.371>0.01] 21545it [23:50:43, 13.33s/it, bound:4903 nc:  1 ncall:3.5e+07 eff:0.1% logz-ratio=719995.22+/-0.78 dlogz:0.997>0.01] 21546it [23:51:26, 19.75s/it, bound:4903 nc:3949 ncall:3.5e+07 eff:0.1% logz-ratio=719942.44+/-0.05 dlogz:59.574>0.01]21550it [23:52:32, 18.37s/it, bound:4904 nc:3694 ncall:3.5e+07 eff:0.1% logz-ratio=719942.57+/-0.08 dlogz:59.431>0.01]21551it [23:52:44, 17.45s/it, bound:4904 nc:3523 ncall:3.5e+07 eff:0.1% logz-ratio=719942.60+/-0.05 dlogz:59.396>0.01]21554it [23:53:49, 19.07s/it, bound:4905 nc:3495 ncall:3.5e+07 eff:0.1% logz-ratio=719942.70+/-0.05 dlogz:59.295>0.01]21558it [23:54:59, 18.44s/it, bound:4906 nc:3426 ncall:3.5e+07 eff:0.1% logz-ratio=719942.83+/-0.05 dlogz:59.161>0.01]21562it [23:56:09, 18.03s/it, bound:4907 nc:3143 ncall:3.5e+07 eff:0.1% logz-ratio=719942.96+/-0.05 dlogz:59.021>0.01]21566it [23:57:13, 17.33s/it, bound:4908 nc:3794 ncall:3.5e+07 eff:0.1% logz-ratio=719943.09+/-0.05 dlogz:58.878>0.01]21570it [23:58:10, 16.34s/it, bound:4909 nc:2596 ncall:3.5e+07 eff:0.1% logz-ratio=719943.22+/-0.05 dlogz:58.740>0.01]