CE40 ASD: /home/pratyusava.baral/Modified_Dispersion/asd/CE40km_1p5MW_aLIGO_coat_strain.txt
CE20 ASD: /home/pratyusava.baral/Modified_Dispersion/asd/CE20km_1p5MW_aLIGO_coat_strain.txt
The injected SNR is (1100.1814876214291+3.1340362014487057e-16j) in Interferometer(name='CE40', power_spectral_density=PowerSpectralDensity(frequency_array=[   5.            5.03469316    5.06962704    5.10480331    5.14022366
    5.17588978    5.21180337    5.24796615    5.28437986    5.32104622
    5.357967      5.39514396    5.43257887    5.47027354    5.50822975
    5.54644932    5.58493409    5.62368589    5.66270658    5.70199801
    5.74156207    5.78140066    5.82151566    5.86190902    5.90258264
    5.94353849    5.98477851    6.02630468    6.06811899    6.11022343
    6.15262002    6.19531078    6.23829776    6.28158301    6.3251686
    6.36905662    6.41324915    6.45774833    6.50255626    6.5476751
    6.59310701    6.63885415    6.68491871    6.7313029     6.77800893
    6.82503903    6.87239546    6.92008048    6.96809637    7.01644542
    7.06512995    7.11415229    7.16351477    7.21321976    7.26326963
    7.31366678    7.36441362    7.41551257    7.46696608    7.51877661
    7.57094663    7.62347864    7.67637514    7.72963868    7.7832718
    7.83727705    7.89165703    7.94641433    8.00155157    8.05707139
    8.11297644    8.16926939    8.22595294    8.28302979    8.34050269
    8.39837436    8.45664759    8.51532515    8.57440985    8.63390452
    8.693812      8.75413516    8.81487688    8.87604006    8.93762763
    8.99964253    9.06208774    9.12496622    9.188281      9.2520351
    9.31623156    9.38087346    9.44596388    9.51150594    9.57750278
    9.64395754    9.71087341    9.77825358    9.84610128    9.91441975
    9.98321225   10.05248208   10.12223255   10.19246699   10.26318876
   10.33440125   10.40610785   10.478312     10.55101714   10.62422676
   10.69794436   10.77217345   10.84691759   10.92218036   10.99796534
   11.07427617   11.15111649   11.22848998   11.30640033   11.38485128
   11.46384656   11.54338997   11.6234853    11.70413638   11.78534707
   11.86712125   11.94946283   12.03237575   12.11586397   12.19993149
   12.28458231   12.3698205    12.45565013   12.5420753    12.62910013
   12.71672881   12.8049655    12.89381444   12.98327986   13.07336606
   13.16407733   13.25541801   13.34739247   13.44000511   13.53326035
   13.62716266   13.72171652   13.81692645   13.91279701   14.00933278
   14.10653838   14.20441845   14.30297768   14.40222077   14.50215247
   14.60277756   14.70410085   14.80612719   14.90886145   15.01230855
   15.11647342   15.22136106   15.32697648   15.43332472   15.54041087
   15.64824005   15.75681742   15.86614817   15.97623753   16.08709075
   16.19871315   16.31111005   16.42428683   16.5382489    16.65300172
   16.76855076   16.88490155   17.00205966   17.12003069   17.23882027
   17.35843409   17.47887787   17.60015736   17.72227837   17.84524673
   17.96906832   18.09374906   18.21929492   18.34571189   18.47300603
   18.60118341   18.73025016   18.86021247   18.99107653   19.12284861
   19.25553501   19.38914207   19.52367618   19.65914378   19.79555133
   19.93290537   20.07121245   20.2104792    20.35071227   20.49191836
   20.63410423   20.77727667   20.92144254   21.06660872   21.21278215
   21.35996983   21.50817879   21.65741612   21.80768895   21.95900446
   22.1113699    22.26479255   22.41927974   22.57483886   22.73147735
   22.88920269   23.04802243   23.20794417   23.36897554   23.53112425
   23.69439805   23.85880474   24.0243522    24.19104832   24.35890109
   24.52791853   24.69810872   24.86947979   25.04203995   25.21579744
   25.39076056   25.56693769   25.74433725   25.92296772   26.10283764
   26.28395561   26.46633029   26.6499704    26.83488473   27.0210821
   27.20857143   27.39736168   27.58746188   27.77888111   27.97162853
   28.16571335   28.36114486   28.55793239   28.75608536   28.95561324
   29.15652557   29.35883195   29.56254207   29.76766565   29.97421252
   30.18219253   30.39161564   30.60249186   30.81483128   31.02864403
   31.24394036   31.46073055   31.67902496   31.89883404   32.1201683
   32.34303831   32.56745473   32.7934283    33.02096981   33.25009015
   33.48080027   33.71311121   33.94703406   34.18258002   34.41976035
   34.65858638   34.89906954   35.14122132   35.38505331   35.63057715
   35.87780459   36.12674746   36.37741765   36.62982714   36.88398801
   37.13991241   37.39761258   37.65710083   37.91838957   38.18149131
   38.4464186    38.71318413   38.98180065   39.252281     39.52463811
   39.79888501   40.07503481   40.35310071   40.633096     40.91503408
   41.19892842   41.4847926    41.77264029   42.06248525   42.35434133
   42.6482225    42.9441428    43.24211638   43.54215749   43.84428047
   44.14849978   44.45482995   44.76328563   45.07388157   45.38663263
   45.70155374   46.01865998   46.33796651   46.65948858   46.98324157
   47.30924097   47.63750236   47.96804144   48.300874     48.63601596
   48.97348335   49.31329231   49.65545907   50.           50.34693157
   50.69627038   51.04803312   51.4022366    51.75889778   52.1180337
   52.47966153   52.84379856   53.2104622    53.57966999   53.95143958
   54.32578873   54.70273536   55.08229748   55.46449324   55.84934092
   56.23685892   56.62706576   57.0199801    57.41562073   57.81400656
   58.21515665   58.61909016   59.02582643   59.43538489   59.84778512
   60.26304684   60.68118992   61.10223433   61.52620022   61.95310785
   62.38297763   62.81583012   63.25168602   63.69056616   64.13249153
   64.57748325   65.02556261   65.47675102   65.93107007   66.38854147
   66.84918709   67.31302896   67.78008927   68.25039033   68.72395463
   69.20080483   69.68096371   70.16445424   70.65129953   71.14152286
   71.63514767   72.13219756   72.6326963    73.13666781   73.6441362
   74.15512572   74.66966081   75.18776606   75.70946627   76.23478635
   76.76375144   77.29638682   77.83271796   78.37277051   78.91657028
   79.46414328   80.01551569   80.57071386   81.12976435   81.69269389
   82.25952939   82.83029795   83.40502686   83.9837436    84.56647585
   85.15325146   85.74409849   86.33904519   86.93812001   87.54135159
   88.14876876   88.76040059   89.3762763    89.99642534   90.62087737
   91.24966224   91.88281002   92.52035098   93.1623156    93.80873457
   94.45963881   95.11505943   95.77502778   96.4395754    97.10873407
   97.78253579   98.46101277   99.14419746   99.83212251  100.52482081
  101.2223255   101.92466991  102.63188764  103.34401248  104.0610785
  104.78311997  105.51017143  106.24226762  106.97944357  107.7217345
  108.46917592  109.22180356  109.9796534   110.74276169  111.5111649
  112.28489978  113.06400332  113.84851277  114.63846564  115.43389971
  116.234853    117.04136381  117.8534707   118.6712125   119.49462831
  120.3237575   121.15863971  121.99931486  122.84582315  123.69820504
  124.5565013   125.42075296  126.29100135  127.16728807  128.04965501
  128.93814438  129.83279865  130.73366059  131.64077328  132.5541801
  133.4739247   134.40005108  135.3326035   136.27162656  137.21716516
  138.1692645   139.12797011  140.09332782  141.0653838   142.04418451
  143.02977676  144.02220767  145.02152469  146.02777561  147.04100853
  148.0612719   149.0886145   150.12308545  151.16473422  152.2136106
  153.26976475  154.33324717  155.40410869  156.48240053  157.56817424
  158.66148174  159.76237529  160.87090753  161.98713148  163.11110049
  164.2428683   165.38248904  166.53001718  167.6855076   168.84901554
  170.02059664  171.2003069   172.38820274  173.58434095  174.78877872
  176.00157364  177.2227837   178.45246728  179.69068319  180.93749062
  182.19294919  183.45711892  184.73006026  186.01183407  187.30250164
  188.60212467  189.91076531  191.22848612  192.55535012  193.89142073
  195.23676184  196.59143779  197.95551332  199.32905368  200.71212452
  202.10479199  203.50712266  204.91918359  206.34104229  207.77276674
  209.2144254   210.66608719  212.12782154  213.59969832  215.08178791
  216.57416117  218.07688946  219.59004463  221.11369903  222.6479255
  224.1927974   225.7483886   227.31477348  228.89202692  230.48022434
  232.07944168  233.6897554   235.31124249  236.94398049  238.58804745
  240.24352198  241.91048325  243.58901094  245.27918532  246.98108719
  248.69479794  250.42039949  252.15797436  253.90760562  255.66937692
  257.44337251  259.22967719  261.02837639  262.8395561   264.66330292
  266.49970404  268.34884728  270.21082104  272.08571434  273.97361685
  275.87461881  277.78881112  279.71628531  281.65713353  283.61144858
  285.57932391  287.56085359  289.55613238  291.56525568  293.58831954
  295.62542069  297.67665654  299.74212516  301.8219253   303.91615641
  306.02491862  308.14831276  310.28644034  312.4394036   314.60730548
  316.79024963  318.98834043  321.20168297  323.43038308  325.67454731
  327.93428298  330.20969812  332.50090152  334.80800274  337.13111209
  339.47034063  341.82580023  344.19760348  346.58586381  348.99069539
  351.41221322  353.85053306  356.30577151  358.77804595  361.26747459
  363.77417646  366.29827141  368.83988013  371.39912413  373.97612578
  376.5710083   379.18389575  381.81491306  384.46418604  387.13184134
  389.81800652  392.52281001  395.24638113  397.98885012  400.75034808
  403.53100706  406.33096     409.15034079  411.98928423  414.84792604
  417.72640292  420.62485249  423.54341333  426.48222499  429.44142798
  432.42116379  435.42157488  438.44280473  441.48499777  444.54829948
  447.6328563   450.73881573  453.86632626  457.01553744  460.18659983
  463.37966506  466.59488579  469.83241575  473.09240974  476.37502362
  479.68041435  483.00873998  486.36015962  489.73483353  493.13292307
  496.55459069  500.          503.46931574  506.96270378  510.48033115
  514.02236605  517.58897782  521.18033699  524.79661528  528.43798559
  532.10462203  535.79669991  539.51439576  543.25788733  547.0273536
  550.82297482  554.64493245  558.49340923  562.36858918  566.27065758
  570.19980099  574.15620727  578.1400656   582.15156646  586.19090164
  590.25826428  594.35384886  598.47785118  602.63046844  606.81189917
  611.02234332  615.26200218  619.53107847  623.82977632  628.15830124
  632.5168602   636.90566159  641.32491526  645.77483251  650.25562609
  654.76751024  659.3107007   663.88541468  668.49187091  673.13028965
  677.80089266  682.50390327  687.23954634  692.00804829  696.80963711
  701.64454239  706.5129953   711.41522861  716.3514767   721.32197561
  726.32696297  731.3666781   736.44136195  741.55125717  746.69660806
  751.87766065  757.09466265  762.34786351  767.63751439  772.96386821
  778.32717964  783.7277051   789.16570283  794.64143281  800.15515687
  805.70713863  811.29764354  816.9269389   822.59529388  828.30297947
  834.0502686   839.83743605  845.66475851  851.53251463  857.44098494
  863.39045194  869.38120011  875.41351587  881.48768764  887.60400586
  893.76276295  899.96425339  906.20877369  912.49662241  918.82810019
  925.20350977  931.62315597  938.08734572  944.5963881   951.15059433
  957.75027779  964.39575401  971.08734074  977.82535793  984.61012774
  991.44197456  998.32122505 1005.24820813 1012.22325499 1019.24669913
 1026.31887635 1033.44012481 1040.61078499 1047.83119974 1055.10171428
 1062.42267625 1069.79443567 1077.21734502 1084.69175919 1092.21803557
 1099.79653402 1107.42761686 1115.11164898 1122.84899777 1130.64003317
 1138.48512769 1146.38465643 1154.33899709 1162.34852999 1170.41363809
 1178.534707   1186.71212501 1194.94628312 1203.23757501 1211.58639712
 1219.99314863 1228.45823149 1236.98205044 1245.56501303 1254.20752964
 1262.91001348 1271.67288065 1280.49655013 1289.3814438  1298.32798647
 1307.3366059  1316.40773282 1325.54180095 1334.73924702 1344.00051077
 1353.32603502 1362.71626564 1372.17165161 1381.69264503 1391.2797011
 1400.93327823 1410.65383797 1420.44184509 1430.29776759 1440.2220767
 1450.21524693 1460.27775609 1470.41008529 1480.61271899 1490.88614501
 1501.23085454 1511.6473422  1522.13610603 1532.69764753 1543.33247167
 1554.04108693 1564.82400534 1575.68174243 1586.61481737 1597.62375288
 1608.70907534 1619.87131476 1631.11100486 1642.42868302 1653.82489037
 1665.30017181 1676.855076   1688.49015541 1700.20596635 1712.00306899
 1723.88202737 1735.84340946 1747.88778718 1760.0157364  1772.22783699
 1784.52467284 1796.9068319  1809.37490621 1821.92949188 1834.5711892
 1847.3006026  1860.11834071 1873.02501637 1886.02124671 1899.1076531
 1912.28486123 1925.55350116 1938.91420729 1952.36761844 1965.91437785
 1979.55513323 1993.29053679 2007.12124525 2021.0479199  2035.07122661
 2049.19183588 2063.41042285 2077.72766736 2092.14425395 2106.66087192
 2121.27821536 2135.99698315 2150.81787905 2165.74161169 2180.7688946
 2195.9004463  2211.13699025 2226.47925497 2241.92797401 2257.48388602
 2273.14773477 2288.92026919 2304.80224341 2320.79441681 2336.897554
 2353.11242492 2369.43980486 2385.88047447 2402.43521983 2419.10483246
 2435.8901094  2452.79185318 2469.81087194 2486.9479794  2504.20399492
 2521.57974359 2539.07605616 2556.69376921 2574.43372507 2592.29677195
 2610.28376392 2628.39556101 2646.63302918 2664.99704042 2683.48847277
 2702.10821035 2720.85714343 2739.73616845 2758.74618806 2777.8881112
 2797.16285308 2816.5713353  2836.11448582 2855.79323906 2875.60853592
 2895.56132382 2915.65255676 2935.88319537 2956.25420692 2976.76656541
 2997.42125159 3018.21925304 3039.16156415 3060.24918624 3081.48312757
 3102.86440339 3124.394036   3146.07305481 3167.90249633 3189.8834043
 3212.0168297  3234.30383077 3256.74547314 3279.34282979 3302.09698117
 3325.00901522 3348.08002743 3371.31112089 3394.70340635 3418.25800226
 3441.97603482 3465.85863808 3489.90695392 3514.12213215 3538.50533059
 3563.05771506 3587.78045947 3612.67474589 3637.7417646  3662.98271411
 3688.39880126 3713.99124128 3739.76125781 3765.71008299 3791.8389575
 3818.14913064 3844.64186038 3871.31841341 3898.1800652  3925.2281001
 3952.46381135 3979.88850116 4007.50348078 4035.31007057 4063.30960005
 4091.50340793 4119.89284226 4148.47926042 4177.26402919 4206.24852487
 4235.43413328 4264.82224987 4294.41427977 4324.21163787 4354.21574885
 4384.42804729 4414.84997775 4445.48299476 4476.328563   4507.38815726
 4538.66326261 4570.15537438 4601.86599831 4633.79665057 4665.94885787
 4698.32415748 4730.92409736 4763.75023621 4796.80414355 4830.08739976
 4863.60159623 4897.34833535 4931.32923066 4965.54590687 5000.        ], psd_array=[5.32629213e-47 4.98494505e-47 4.67102962e-47 4.38182875e-47
 4.11493640e-47 3.86821884e-47 3.63978103e-47 3.42793735e-47
 3.23118611e-47 3.04818732e-47 2.87774334e-47 2.71878196e-47
 2.57034160e-47 2.43155847e-47 2.30165519e-47 2.17993094e-47
 2.06575280e-47 1.95854809e-47 1.85779774e-47 1.76303042e-47
 1.67381732e-47 1.58976766e-47 1.51052467e-47 1.43576201e-47
 1.36443291e-47 1.29638983e-47 1.23217106e-47 1.17152860e-47
 1.11423378e-47 1.06007541e-47 1.00885821e-47 9.60401309e-48
 9.14536995e-48 8.71109552e-48 8.29974217e-48 7.90996257e-48
 7.54050119e-48 7.19018692e-48 6.85792614e-48 6.54269663e-48
 6.24354203e-48 5.95956668e-48 5.68596030e-48 5.42614842e-48
 5.17947575e-48 4.94522695e-48 4.72272945e-48 4.51135058e-48
 4.31049484e-48 4.11960141e-48 3.93814184e-48 3.76561798e-48
 3.60155999e-48 3.44552457e-48 3.29709329e-48 3.15587105e-48
 3.02148462e-48 2.89358137e-48 2.77182797e-48 2.65590929e-48
 2.54552730e-48 2.44040008e-48 2.34026087e-48 2.24485723e-48
 2.15395019e-48 2.06731348e-48 1.98473286e-48 1.90600537e-48
 1.83093878e-48 1.75935093e-48 1.69106922e-48 1.62593004e-48
 1.56377833e-48 1.50446705e-48 1.44785679e-48 1.39381535e-48
 1.34221735e-48 1.29294382e-48 1.24588193e-48 1.20092459e-48
 1.15797021e-48 1.11692235e-48 1.07768946e-48 1.04018466e-48
 1.00432543e-48 9.70033422e-49 9.37234242e-49 9.05857215e-49
 8.75835211e-49 8.47104450e-49 8.19604334e-49 7.93277272e-49
 7.68068533e-49 7.43926089e-49 7.20800480e-49 6.98644683e-49
 6.77413979e-49 6.57065840e-49 6.37559817e-49 6.18857428e-49
 6.00922064e-49 5.84157813e-49 5.68187966e-49 5.52837045e-49
 5.38078349e-49 5.23886410e-49 5.10236931e-49 4.97106731e-49
 4.84473688e-49 4.72316688e-49 4.60615579e-49 4.49351122e-49
 4.38504948e-49 4.28059516e-49 4.17998074e-49 4.08304622e-49
 3.98963872e-49 3.89961221e-49 3.81282714e-49 3.72915013e-49
 3.64845372e-49 3.57061605e-49 3.49552061e-49 3.42305602e-49
 3.35311575e-49 3.28559790e-49 3.22040502e-49 3.15744388e-49
 3.09662526e-49 3.03786380e-49 2.98107780e-49 2.92618908e-49
 2.87312277e-49 2.82180722e-49 2.77217379e-49 2.72415679e-49
 2.67769327e-49 2.63272297e-49 2.58918812e-49 2.54703340e-49
 2.50620581e-49 2.46665454e-49 2.42833089e-49 2.39118821e-49
 2.35518174e-49 2.32026859e-49 2.28640765e-49 2.25355945e-49
 2.22168619e-49 2.19075157e-49 2.16072079e-49 2.13156046e-49
 2.10323853e-49 2.07572427e-49 2.04898816e-49 2.02300189e-49
 1.99773827e-49 1.97317119e-49 1.94927562e-49 1.92602747e-49
 1.90340365e-49 1.88138196e-49 1.85994109e-49 1.83906056e-49
 1.81872069e-49 1.79890258e-49 1.77958807e-49 1.76075970e-49
 1.74240069e-49 1.72449490e-49 1.70702685e-49 1.68998161e-49
 1.67334485e-49 1.65710280e-49 1.64124218e-49 1.62575026e-49
 1.61061475e-49 1.59582387e-49 1.58136626e-49 1.56723098e-49
 1.55340753e-49 1.53988579e-49 1.52665601e-49 1.51370882e-49
 1.50103519e-49 1.48862643e-49 1.47647416e-49 1.46457032e-49
 1.45290715e-49 1.44147716e-49 1.43027316e-49 1.41928819e-49
 1.40851558e-49 1.39794886e-49 1.38758183e-49 1.37740849e-49
 1.36742308e-49 1.35762002e-49 1.34799395e-49 1.33853969e-49
 1.32925225e-49 1.32012681e-49 1.31115873e-49 1.30234352e-49
 1.29367687e-49 1.28515459e-49 1.27677266e-49 1.26852720e-49
 1.26041445e-49 1.25243078e-49 1.24457271e-49 1.23683685e-49
 1.22921993e-49 1.22171882e-49 1.21433046e-49 1.20705191e-49
 1.19988033e-49 1.19281298e-49 1.18584719e-49 1.17898041e-49
 1.17221015e-49 1.16553402e-49 1.15894969e-49 1.15245492e-49
 1.14604755e-49 1.13972547e-49 1.13348665e-49 1.12732913e-49
 1.12125100e-49 1.11525043e-49 1.10932563e-49 1.10347488e-49
 1.09769651e-49 1.09198890e-49 1.08635048e-49 1.08077973e-49
 1.07527519e-49 1.06983543e-49 1.06445906e-49 1.05914475e-49
 1.05389121e-49 1.04869716e-49 1.04356140e-49 1.03848273e-49
 1.03346002e-49 1.02849214e-49 1.02357802e-49 1.01871660e-49
 1.01390688e-49 1.00914785e-49 1.00443856e-49 9.99778087e-50
 9.95165514e-50 9.90599964e-50 9.86080585e-50 9.81606546e-50
 9.77177039e-50 9.72791282e-50 9.68448512e-50 9.64147986e-50
 9.59888984e-50 9.55670805e-50 9.51492767e-50 9.47354204e-50
 9.43254472e-50 9.39192941e-50 9.35168998e-50 9.31182048e-50
 9.27231510e-50 9.23316817e-50 9.19437419e-50 9.15592779e-50
 9.11782374e-50 9.08005693e-50 9.04262238e-50 9.00551526e-50
 8.96873082e-50 8.93226446e-50 8.89611167e-50 8.86026805e-50
 8.82472933e-50 8.78949131e-50 8.75454990e-50 8.71990113e-50
 8.68554108e-50 8.65146595e-50 8.61767203e-50 8.58415567e-50
 8.55091331e-50 8.51794150e-50 8.48523682e-50 8.45279596e-50
 8.42061566e-50 8.38869276e-50 8.35702413e-50 8.32560673e-50
 8.29443759e-50 8.26351378e-50 8.23283245e-50 8.20239081e-50
 8.17218610e-50 8.14221566e-50 8.11247684e-50 8.08296707e-50
 8.05368382e-50 8.02462461e-50 7.99578702e-50 7.96716866e-50
 7.93876720e-50 7.91058035e-50 7.88260585e-50 7.85484149e-50
 7.82728512e-50 7.79993461e-50 7.77278786e-50 7.74584283e-50
 7.71909750e-50 7.69254990e-50 7.66619808e-50 7.64004013e-50
 7.61407418e-50 7.58829839e-50 7.56271093e-50 7.53731003e-50
 7.51209393e-50 7.48706092e-50 7.46220929e-50 7.43753738e-50
 7.41304355e-50 7.38872618e-50 7.36458368e-50 7.34061450e-50
 7.31681709e-50 7.29318994e-50 7.26973155e-50 7.24644045e-50
 7.22331521e-50 7.20035438e-50 7.17755658e-50 7.15492041e-50
 7.13244452e-50 7.11012756e-50 7.08796820e-50 7.06596515e-50
 7.04411711e-50 7.02242282e-50 7.00088103e-50 6.97949051e-50
 6.95825004e-50 6.93715842e-50 6.91621448e-50 6.89541703e-50
 6.87476495e-50 6.85425708e-50 6.83389232e-50 6.81366955e-50
 6.79358768e-50 6.77364565e-50 6.75384238e-50 6.73417683e-50
 6.71464797e-50 6.69525477e-50 6.67599622e-50 6.65687134e-50
 6.63787913e-50 6.61901863e-50 6.60028888e-50 6.58168893e-50
 6.56321784e-50 6.54487470e-50 6.52665859e-50 6.50856862e-50
 6.49060388e-50 6.47276351e-50 6.45504663e-50 6.43745239e-50
 6.41997993e-50 6.40262844e-50 6.38539706e-50 6.36828500e-50
 6.35129143e-50 6.33441557e-50 6.31765663e-50 6.30101382e-50
 6.28448638e-50 6.26807354e-50 6.25177455e-50 6.23558868e-50
 6.21951518e-50 6.20355334e-50 6.18770243e-50 6.17196175e-50
 6.15633059e-50 6.14080827e-50 6.12539410e-50 6.11008740e-50
 6.09488751e-50 6.07979377e-50 6.06480552e-50 6.04992213e-50
 6.03514295e-50 6.02046736e-50 6.00589473e-50 5.99142445e-50
 5.97705591e-50 5.96278852e-50 5.94862168e-50 5.93455481e-50
 5.92058732e-50 5.90671865e-50 5.89294824e-50 5.87927552e-50
 5.86569995e-50 5.85222098e-50 5.83883807e-50 5.82555070e-50
 5.81235835e-50 5.79926049e-50 5.78625661e-50 5.77334622e-50
 5.76052882e-50 5.74780390e-50 5.73517100e-50 5.72262963e-50
 5.71017933e-50 5.69781962e-50 5.68555004e-50 5.67337015e-50
 5.66127951e-50 5.64927765e-50 5.63736417e-50 5.62553862e-50
 5.61380059e-50 5.60214965e-50 5.59058541e-50 5.57910745e-50
 5.56771539e-50 5.55640882e-50 5.54518737e-50 5.53405065e-50
 5.52299829e-50 5.51202993e-50 5.50114520e-50 5.49034374e-50
 5.47962522e-50 5.46898928e-50 5.45843559e-50 5.44796382e-50
 5.43757364e-50 5.42726473e-50 5.41703678e-50 5.40688949e-50
 5.39682254e-50 5.38683565e-50 5.37692852e-50 5.36710088e-50
 5.35735244e-50 5.34768293e-50 5.33809209e-50 5.32857967e-50
 5.31914539e-50 5.30978903e-50 5.30051033e-50 5.29130907e-50
 5.28218501e-50 5.27313794e-50 5.26416763e-50 5.25527388e-50
 5.24645648e-50 5.23771524e-50 5.22904997e-50 5.22046048e-50
 5.21194660e-50 5.20350815e-50 5.19514498e-50 5.18685692e-50
 5.17864383e-50 5.17050557e-50 5.16244199e-50 5.15445297e-50
 5.14653840e-50 5.13869815e-50 5.13093213e-50 5.12324023e-50
 5.11562238e-50 5.10807849e-50 5.10060849e-50 5.09321232e-50
 5.08588994e-50 5.07864131e-50 5.07146640e-50 5.06436520e-50
 5.05733771e-50 5.05038395e-50 5.04350396e-50 5.03669778e-50
 5.02996549e-50 5.02330720e-50 5.01672303e-50 5.01021316e-50
 5.00377780e-50 4.99741721e-50 4.99113172e-50 4.98492173e-50
 4.97878778e-50 4.97273050e-50 4.96675073e-50 4.96084954e-50
 4.95502835e-50 4.94928904e-50 4.94363416e-50 4.93806727e-50
 4.93259345e-50 4.92722020e-50 4.92195895e-50 4.91682793e-50
 4.91185771e-50 4.90710301e-50 4.90267005e-50 4.89878875e-50
 4.89603848e-50 4.89626008e-50 4.90824887e-50 5.04899758e-50
 5.48514267e-50 4.90529405e-50 4.87417105e-50 4.86319881e-50
 4.85629918e-50 4.85077637e-50 4.84587496e-50 4.84131740e-50
 4.83698273e-50 4.83281159e-50 4.82877225e-50 4.82484658e-50
 4.82102370e-50 4.81729685e-50 4.81366167e-50 4.81011535e-50
 4.80665604e-50 4.80328252e-50 4.79999404e-50 4.79679014e-50
 4.79367058e-50 4.79063531e-50 4.78768438e-50 4.78481796e-50
 4.78203626e-50 4.77933959e-50 4.77672829e-50 4.77420273e-50
 4.77176335e-50 4.76941059e-50 4.76714493e-50 4.76496689e-50
 4.76287700e-50 4.76087580e-50 4.75896388e-50 4.75714183e-50
 4.75541027e-50 4.75376983e-50 4.75222116e-50 4.75076495e-50
 4.74940189e-50 4.74813267e-50 4.74695805e-50 4.74587875e-50
 4.74489556e-50 4.74400926e-50 4.74322066e-50 4.74253057e-50
 4.74193985e-50 4.74144937e-50 4.74105999e-50 4.74077265e-50
 4.74058825e-50 4.74050774e-50 4.74053211e-50 4.74066233e-50
 4.74089942e-50 4.74124441e-50 4.74169837e-50 4.74226238e-50
 4.74293754e-50 4.74372497e-50 4.74462584e-50 4.74564132e-50
 4.74677262e-50 4.74802097e-50 4.74938762e-50 4.75087386e-50
 4.75248100e-50 4.75421038e-50 4.75606336e-50 4.75804134e-50
 4.76014575e-50 4.76237805e-50 4.76473972e-50 4.76723229e-50
 4.76985730e-50 4.77261635e-50 4.77551105e-50 4.77854307e-50
 4.78171409e-50 4.78502584e-50 4.78848011e-50 4.79207871e-50
 4.79582350e-50 4.79971640e-50 4.80375938e-50 4.80795448e-50
 4.81230382e-50 4.81680964e-50 4.82147433e-50 4.82630051e-50
 4.83129117e-50 4.83645002e-50 4.84178216e-50 4.84729591e-50
 4.85300814e-50 4.85896454e-50 4.86535003e-50 4.87383051e-50
 5.09314082e-50 4.88559951e-50 4.89097082e-50 4.89761520e-50
 4.90462727e-50 4.91188620e-50 4.91936324e-50 4.92705027e-50
 4.93494566e-50 4.94305021e-50 4.95136586e-50 4.95989511e-50
 4.96864081e-50 4.97760601e-50 4.98679392e-50 4.99620787e-50
 5.00585131e-50 5.01572775e-50 5.02584084e-50 5.03619429e-50
 5.04679189e-50 5.05763753e-50 5.06873517e-50 5.08008889e-50
 5.09170282e-50 5.10358120e-50 5.11572836e-50 5.12814872e-50
 5.14084680e-50 5.15382720e-50 5.16709465e-50 5.18065395e-50
 5.19451002e-50 5.20866788e-50 5.22313268e-50 5.23790964e-50
 5.25300413e-50 5.26842162e-50 5.28416769e-50 5.30024808e-50
 5.31666860e-50 5.33343523e-50 5.35055407e-50 5.36803135e-50
 5.38587344e-50 5.40408686e-50 5.42267826e-50 5.44165446e-50
 5.46102243e-50 5.48078934e-50 5.50096250e-50 5.52154949e-50
 5.54255813e-50 5.56399668e-50 5.58587418e-50 5.60820161e-50
 5.63099672e-50 5.65431677e-50 5.67902372e-50 5.70347545e-50
 5.72686444e-50 5.75193823e-50 5.77758645e-50 5.80376580e-50
 5.83047647e-50 5.85772577e-50 5.88552299e-50 5.91387826e-50
 5.94280218e-50 5.97230572e-50 6.00240016e-50 6.03309705e-50
 6.06440826e-50 6.09634591e-50 6.12892243e-50 6.16215055e-50
 6.19604328e-50 6.23061395e-50 6.26587620e-50 6.30184399e-50
 6.33853162e-50 6.37595371e-50 6.41412524e-50 6.45306155e-50
 6.49277833e-50 6.53329165e-50 6.57461797e-50 6.61677414e-50
 6.65977741e-50 6.70364546e-50 6.74839639e-50 6.79404874e-50
 6.84062151e-50 6.88813418e-50 6.93660674e-50 6.98605975e-50
 7.03651449e-50 7.08799348e-50 7.14052287e-50 7.19415486e-50
 7.25344823e-50 7.30465658e-50 7.36150361e-50 7.41958027e-50
 7.47885290e-50 7.53934138e-50 7.60107095e-50 7.66406845e-50
 7.72836170e-50 7.79398409e-50 7.86095051e-50 7.92930557e-50
 7.99907538e-50 8.07029158e-50 8.14298667e-50 8.21719395e-50
 8.29294759e-50 8.37028260e-50 8.44923491e-50 8.52984135e-50
 8.61213972e-50 8.69616875e-50 8.78196822e-50 8.86957888e-50
 8.95904257e-50 9.05040222e-50 9.14370186e-50 9.23898670e-50
 9.33630318e-50 9.43569916e-50 9.53722440e-50 9.64093460e-50
 9.74702867e-50 9.85513382e-50 9.96561851e-50 1.00785515e-49
 1.01939375e-49 1.03118318e-49 1.04322937e-49 1.05553846e-49
 1.06811678e-49 1.08097083e-49 1.09410728e-49 1.10753299e-49
 1.12125499e-49 1.13528052e-49 1.14961700e-49 1.16427206e-49
 1.17925352e-49 1.19456943e-49 1.21022806e-49 1.22623790e-49
 1.24260767e-49 1.25934633e-49 1.27646309e-49 1.29396743e-49
 1.31186909e-49 1.33017818e-49 1.34890632e-49 1.36807805e-49
 1.38765274e-49 1.40769573e-49 1.42820065e-49 1.44917897e-49
 1.47064275e-49 1.49260442e-49 1.51507680e-49 1.53807304e-49
 1.56160668e-49 1.58569164e-49 1.61034225e-49 1.63557322e-49
 1.66139972e-49 1.68783733e-49 1.71490207e-49 1.74261045e-49
 1.77097943e-49 1.80002648e-49 1.82976957e-49 1.86022723e-49
 1.89141879e-49 1.92377246e-49 1.95608061e-49 1.98959173e-49
 2.02391864e-49 2.05908301e-49 2.09510744e-49 2.13201524e-49
 2.16983040e-49 2.20857767e-49 2.24828251e-49 2.28897114e-49
 2.33067060e-49 2.37340870e-49 2.41721414e-49 2.46211646e-49
 2.50814612e-49 2.55533448e-49 2.60371390e-49 2.65331780e-49
 2.70418314e-49 2.75633745e-49 2.80982409e-49 2.86467960e-49
 2.92094228e-49 2.97865213e-49 3.03785042e-49 3.09857975e-49
 3.16088404e-49 3.22480862e-49 3.29040024e-49 3.35770716e-49
 3.42677917e-49 3.49766766e-49 3.57042567e-49 3.64510799e-49
 3.72177117e-49 3.80047503e-49 3.88127555e-49 3.96423854e-49
 4.04942790e-49 4.13690969e-49 4.22675248e-49 4.31902715e-49
 4.41380694e-49 4.51116755e-49 4.61118719e-49 4.71394674e-49
 4.81952978e-49 4.92802274e-49 5.03951500e-49 5.15409899e-49
 5.27187060e-49 5.39292836e-49 5.51737337e-49 5.64531335e-49
 5.77685707e-49 5.91211781e-49 6.05121280e-49 6.19426340e-49
 6.34139522e-49 6.49273830e-49 6.64842727e-49 6.80860152e-49
 6.97340540e-49 7.14298839e-49 7.31750602e-49 7.49711633e-49
 7.68198725e-49 7.87229048e-49 8.06820393e-49 8.26991203e-49
 8.47760581e-49 8.69148310e-49 8.91174878e-49 9.13861500e-49
 9.37230139e-49 9.61303535e-49 9.86105228e-49 1.01166118e-48
 1.03799171e-48 1.06512775e-48 1.09309461e-48 1.12192012e-48
 1.15163301e-48 1.18226294e-48 1.21384051e-48 1.24639723e-48
 1.27996555e-48 1.31457884e-48 1.35027139e-48 1.38707828e-48
 1.42503548e-48 1.46417978e-48 1.50454857e-48 1.54617991e-48
 1.58911229e-48 1.63338457e-48 1.67903576e-48 1.72610477e-48
 1.77463020e-48 1.82465012e-48 1.87620084e-48 1.92931819e-48
 1.98403521e-48 2.04038233e-48 2.09838643e-48 2.15806989e-48
 2.21944951e-48 2.28253518e-48 2.34732841e-48 2.41382078e-48
 2.48199048e-48 2.55180272e-48 2.62320413e-48 2.69612087e-48
 2.77045466e-48 2.84607851e-48 2.92283183e-48 3.00051495e-48
 3.07888289e-48 3.15763840e-48 3.23642454e-48 3.31481634e-48
 3.39231203e-48 3.46832396e-48 3.54216952e-48 3.61306234e-48
 3.68010465e-48 3.74228145e-48 3.79845685e-48 3.84737667e-48
 3.88767388e-48 3.91788366e-48 3.93646690e-48 3.94184484e-48
 3.93244608e-48 3.90676682e-48 3.86344350e-48 3.80133653e-48
 3.71962052e-48 3.61787540e-48 3.49617062e-48 3.35513296e-48
 3.19598852e-48 3.02057069e-48 2.83128770e-48 2.63105038e-48
 2.42316059e-48 2.21117173e-48 1.99873222e-48 1.78942677e-48
 1.58662971e-48 1.39338234e-48 1.21230213e-48 1.04552799e-48
 8.94699743e-49 7.60968664e-49 6.45032112e-49 5.47185025e-49
 4.67381156e-49 4.05297719e-49 3.60398962e-49 3.31994399e-49
 3.19290501e-49 3.21434288e-49 3.37548885e-49 3.66761386e-49
 4.08223993e-49 4.61129105e-49 5.24719592e-49 5.98295117e-49
 6.81215358e-49 7.72900927e-49 8.72832384e-49 9.80548526e-49
 1.09564321e-48 1.21776217e-48 1.34659941e-48 1.48189408e-48
 1.62342381e-48 1.77100725e-48 1.92449461e-48 2.08376756e-48
 2.24873572e-48 2.41933392e-48 2.59551970e-48 2.77727117e-48
 2.96458481e-48 3.15747366e-48 3.35596563e-48 3.56010190e-48
 3.76993551e-48 3.98553007e-48 4.20695853e-48 4.43430203e-48], asd_array=[7.29814506e-24 7.06041433e-24 6.83449312e-24 6.61953831e-24
 6.41477700e-24 6.21950065e-24 6.03305978e-24 5.85485897e-24
 5.68435230e-24 5.52103914e-24 5.36446022e-24 5.21419405e-24
 5.06985365e-24 4.93108352e-24 4.79755687e-24 4.66897306e-24
 4.54505533e-24 4.42554865e-24 4.31021779e-24 4.19884557e-24
 4.09123125e-24 3.98718906e-24 3.88654688e-24 3.78914504e-24
 3.69382310e-24 3.60054139e-24 3.51022942e-24 3.42275999e-24
 3.33801404e-24 3.25587993e-24 3.17625284e-24 3.09903422e-24
 3.02413127e-24 2.95145651e-24 2.88092731e-24 2.81246557e-24
 2.74599730e-24 2.68145239e-24 2.61876424e-24 2.55786955e-24
 2.49870807e-24 2.44122237e-24 2.38452517e-24 2.32940946e-24
 2.27584616e-24 2.22378662e-24 2.17318417e-24 2.12399402e-24
 2.07617312e-24 2.02968012e-24 1.98447520e-24 1.94052003e-24
 1.89777765e-24 1.85621243e-24 1.81578999e-24 1.77647714e-24
 1.73824182e-24 1.70105302e-24 1.66488077e-24 1.62969607e-24
 1.59547087e-24 1.56217799e-24 1.52979112e-24 1.49828476e-24
 1.46763421e-24 1.43781553e-24 1.40880547e-24 1.38058153e-24
 1.35312186e-24 1.32640527e-24 1.30041117e-24 1.27511962e-24
 1.25051123e-24 1.22656718e-24 1.20326921e-24 1.18059957e-24
 1.15854104e-24 1.13707688e-24 1.11619081e-24 1.09586705e-24
 1.07609024e-24 1.05684547e-24 1.03811823e-24 1.01989444e-24
 1.00216038e-24 9.84902748e-25 9.68108590e-25 9.51765315e-25
 9.35860679e-25 9.20382774e-25 9.05320017e-25 8.90661143e-25
 8.76395192e-25 8.62511501e-25 8.48999694e-25 8.35849677e-25
 8.23051626e-25 8.10595978e-25 7.98473429e-25 7.86674919e-25
 7.75191630e-25 7.64302174e-25 7.53782440e-25 7.43530124e-25
 7.33538239e-25 7.23799979e-25 7.14308709e-25 7.05057963e-25
 6.96041441e-25 6.87253002e-25 6.78686658e-25 6.70336574e-25
 6.62197061e-25 6.54262574e-25 6.46527706e-25 6.38987184e-25
 6.31635870e-25 6.24468751e-25 6.17480942e-25 6.10667678e-25
 6.04024314e-25 5.97546320e-25 5.91229280e-25 5.85068887e-25
 5.79060942e-25 5.73201352e-25 5.67486125e-25 5.61911370e-25
 5.56473293e-25 5.51168196e-25 5.45992473e-25 5.40942611e-25
 5.36015184e-25 5.31206854e-25 5.26514368e-25 5.21934554e-25
 5.17464325e-25 5.13100669e-25 5.08840655e-25 5.04681425e-25
 5.00620196e-25 4.96654260e-25 4.92780975e-25 4.88997772e-25
 4.85302147e-25 4.81691664e-25 4.78163952e-25 4.74716700e-25
 4.71347663e-25 4.68054652e-25 4.64835540e-25 4.61688256e-25
 4.58610786e-25 4.55601171e-25 4.52657504e-25 4.49777933e-25
 4.46960654e-25 4.44203917e-25 4.41506015e-25 4.38865295e-25
 4.36280145e-25 4.33749002e-25 4.31270343e-25 4.28842694e-25
 4.26464616e-25 4.24134717e-25 4.21851641e-25 4.19614072e-25
 4.17420733e-25 4.15270382e-25 4.13161814e-25 4.11093859e-25
 4.09065380e-25 4.07075275e-25 4.05122473e-25 4.03205935e-25
 4.01324651e-25 3.99477643e-25 3.97663961e-25 3.95882682e-25
 3.94132913e-25 3.92413786e-25 3.90724457e-25 3.89064111e-25
 3.87431954e-25 3.85827219e-25 3.84249158e-25 3.82697049e-25
 3.81170191e-25 3.79667902e-25 3.78189524e-25 3.76734415e-25
 3.75301955e-25 3.73891543e-25 3.72502594e-25 3.71134544e-25
 3.69786842e-25 3.68458956e-25 3.67150372e-25 3.65860587e-25
 3.64589118e-25 3.63335494e-25 3.62099259e-25 3.60879969e-25
 3.59677198e-25 3.58490529e-25 3.57319558e-25 3.56163895e-25
 3.55023161e-25 3.53896988e-25 3.52785021e-25 3.51686913e-25
 3.50602329e-25 3.49530946e-25 3.48472446e-25 3.47426526e-25
 3.46392888e-25 3.45371246e-25 3.44361321e-25 3.43362842e-25
 3.42375547e-25 3.41399182e-25 3.40433501e-25 3.39478265e-25
 3.38533240e-25 3.37598203e-25 3.36672934e-25 3.35757223e-25
 3.34850862e-25 3.33953654e-25 3.33065404e-25 3.32185924e-25
 3.31315033e-25 3.30452553e-25 3.29598313e-25 3.28752146e-25
 3.27913890e-25 3.27083388e-25 3.26260488e-25 3.25445042e-25
 3.24636906e-25 3.23835940e-25 3.23042009e-25 3.22254982e-25
 3.21474730e-25 3.20701129e-25 3.19934059e-25 3.19173402e-25
 3.18419044e-25 3.17670875e-25 3.16928788e-25 3.16192677e-25
 3.15462440e-25 3.14737981e-25 3.14019201e-25 3.13306008e-25
 3.12598311e-25 3.11896021e-25 3.11199054e-25 3.10507325e-25
 3.09820752e-25 3.09139258e-25 3.08462764e-25 3.07791196e-25
 3.07124482e-25 3.06462549e-25 3.05805330e-25 3.05152757e-25
 3.04504763e-25 3.03861287e-25 3.03222265e-25 3.02587637e-25
 3.01957344e-25 3.01331328e-25 3.00709534e-25 3.00091907e-25
 2.99478394e-25 2.98868942e-25 2.98263502e-25 2.97662024e-25
 2.97064460e-25 2.96470763e-25 2.95880887e-25 2.95294787e-25
 2.94712421e-25 2.94133744e-25 2.93558717e-25 2.92987298e-25
 2.92419447e-25 2.91855127e-25 2.91294298e-25 2.90736925e-25
 2.90182971e-25 2.89632401e-25 2.89085180e-25 2.88541275e-25
 2.88000653e-25 2.87463281e-25 2.86929128e-25 2.86398164e-25
 2.85870357e-25 2.85345679e-25 2.84824101e-25 2.84305594e-25
 2.83790130e-25 2.83277684e-25 2.82768227e-25 2.82261734e-25
 2.81758180e-25 2.81257539e-25 2.80759788e-25 2.80264901e-25
 2.79772857e-25 2.79283630e-25 2.78797200e-25 2.78313543e-25
 2.77832639e-25 2.77354465e-25 2.76879000e-25 2.76406225e-25
 2.75936119e-25 2.75468662e-25 2.75003835e-25 2.74541618e-25
 2.74081994e-25 2.73624943e-25 2.73170447e-25 2.72718488e-25
 2.72269050e-25 2.71822114e-25 2.71377665e-25 2.70935684e-25
 2.70496157e-25 2.70059066e-25 2.69624397e-25 2.69192133e-25
 2.68762259e-25 2.68334761e-25 2.67909622e-25 2.67486830e-25
 2.67066369e-25 2.66648224e-25 2.66232383e-25 2.65818832e-25
 2.65407557e-25 2.64998544e-25 2.64591781e-25 2.64187254e-25
 2.63784951e-25 2.63384860e-25 2.62986967e-25 2.62591261e-25
 2.62197730e-25 2.61806361e-25 2.61417144e-25 2.61030066e-25
 2.60645117e-25 2.60262284e-25 2.59881557e-25 2.59502925e-25
 2.59126378e-25 2.58751904e-25 2.58379493e-25 2.58009134e-25
 2.57640818e-25 2.57274535e-25 2.56910274e-25 2.56548025e-25
 2.56187780e-25 2.55829527e-25 2.55473259e-25 2.55118965e-25
 2.54766636e-25 2.54416263e-25 2.54067838e-25 2.53721351e-25
 2.53376793e-25 2.53034157e-25 2.52693432e-25 2.52354612e-25
 2.52017687e-25 2.51682649e-25 2.51349490e-25 2.51018203e-25
 2.50688779e-25 2.50361210e-25 2.50035489e-25 2.49711607e-25
 2.49389558e-25 2.49069335e-25 2.48750928e-25 2.48434332e-25
 2.48119540e-25 2.47806543e-25 2.47495335e-25 2.47185910e-25
 2.46878260e-25 2.46572378e-25 2.46268259e-25 2.45965895e-25
 2.45665279e-25 2.45366407e-25 2.45069270e-25 2.44773864e-25
 2.44480181e-25 2.44188217e-25 2.43897964e-25 2.43609417e-25
 2.43322570e-25 2.43037418e-25 2.42753954e-25 2.42472174e-25
 2.42192071e-25 2.41913641e-25 2.41636878e-25 2.41361776e-25
 2.41088331e-25 2.40816538e-25 2.40546391e-25 2.40277885e-25
 2.40011017e-25 2.39745780e-25 2.39482171e-25 2.39220184e-25
 2.38959815e-25 2.38701060e-25 2.38443915e-25 2.38188374e-25
 2.37934434e-25 2.37682091e-25 2.37431341e-25 2.37182179e-25
 2.36934602e-25 2.36688607e-25 2.36444188e-25 2.36201343e-25
 2.35960068e-25 2.35720360e-25 2.35482215e-25 2.35245630e-25
 2.35010602e-25 2.34777127e-25 2.34545202e-25 2.34314825e-25
 2.34085993e-25 2.33858703e-25 2.33632951e-25 2.33408736e-25
 2.33186055e-25 2.32964906e-25 2.32745285e-25 2.32527192e-25
 2.32310623e-25 2.32095576e-25 2.31882050e-25 2.31670043e-25
 2.31459552e-25 2.31250577e-25 2.31043115e-25 2.30837165e-25
 2.30632725e-25 2.30429795e-25 2.30228372e-25 2.30028456e-25
 2.29830046e-25 2.29633141e-25 2.29437739e-25 2.29243841e-25
 2.29051446e-25 2.28860552e-25 2.28671161e-25 2.28483270e-25
 2.28296881e-25 2.28111993e-25 2.27928607e-25 2.27746722e-25
 2.27566338e-25 2.27387457e-25 2.27210079e-25 2.27034204e-25
 2.26859833e-25 2.26686968e-25 2.26515609e-25 2.26345758e-25
 2.26177417e-25 2.26010586e-25 2.25845268e-25 2.25681464e-25
 2.25519178e-25 2.25358410e-25 2.25199165e-25 2.25041445e-25
 2.24885253e-25 2.24730593e-25 2.24577469e-25 2.24425885e-25
 2.24275846e-25 2.24127357e-25 2.23980424e-25 2.23835055e-25
 2.23691256e-25 2.23549037e-25 2.23408409e-25 2.23269383e-25
 2.23131974e-25 2.22996199e-25 2.22862081e-25 2.22729647e-25
 2.22598930e-25 2.22469976e-25 2.22342847e-25 2.22217625e-25
 2.22094427e-25 2.21973426e-25 2.21854884e-25 2.21739215e-25
 2.21627113e-25 2.21519819e-25 2.21419738e-25 2.21332075e-25
 2.21269936e-25 2.21274944e-25 2.21545681e-25 2.24699746e-25
 2.34203814e-25 2.21478984e-25 2.20775249e-25 2.20526615e-25
 2.20370124e-25 2.20244781e-25 2.20133481e-25 2.20029939e-25
 2.19931415e-25 2.19836566e-25 2.19744676e-25 2.19655334e-25
 2.19568297e-25 2.19483413e-25 2.19400585e-25 2.19319752e-25
 2.19240873e-25 2.19163923e-25 2.19088887e-25 2.19015756e-25
 2.18944527e-25 2.18875200e-25 2.18807778e-25 2.18742267e-25
 2.18678674e-25 2.18617007e-25 2.18557276e-25 2.18499490e-25
 2.18443662e-25 2.18389803e-25 2.18337925e-25 2.18288041e-25
 2.18240166e-25 2.18194312e-25 2.18150496e-25 2.18108730e-25
 2.18069032e-25 2.18031416e-25 2.17995898e-25 2.17962496e-25
 2.17931225e-25 2.17902104e-25 2.17875149e-25 2.17850379e-25
 2.17827812e-25 2.17807467e-25 2.17789363e-25 2.17773519e-25
 2.17759956e-25 2.17748694e-25 2.17739753e-25 2.17733154e-25
 2.17728920e-25 2.17727071e-25 2.17727630e-25 2.17730621e-25
 2.17736065e-25 2.17743988e-25 2.17754412e-25 2.17767362e-25
 2.17782863e-25 2.17800941e-25 2.17821621e-25 2.17844929e-25
 2.17870894e-25 2.17899540e-25 2.17930898e-25 2.17964994e-25
 2.18001858e-25 2.18041518e-25 2.18084006e-25 2.18129350e-25
 2.18177583e-25 2.18228734e-25 2.18282838e-25 2.18339925e-25
 2.18400030e-25 2.18463186e-25 2.18529427e-25 2.18598789e-25
 2.18671308e-25 2.18747019e-25 2.18825961e-25 2.18908171e-25
 2.18993687e-25 2.19082551e-25 2.19174802e-25 2.19270483e-25
 2.19369638e-25 2.19472314e-25 2.19578558e-25 2.19688427e-25
 2.19801983e-25 2.19919304e-25 2.20040500e-25 2.20165754e-25
 2.20295441e-25 2.20430591e-25 2.20575385e-25 2.20767536e-25
 2.25679880e-25 2.21033923e-25 2.21155394e-25 2.21305562e-25
 2.21463931e-25 2.21627756e-25 2.21796376e-25 2.21969599e-25
 2.22147376e-25 2.22329715e-25 2.22516648e-25 2.22708220e-25
 2.22904482e-25 2.23105491e-25 2.23311306e-25 2.23521987e-25
 2.23737599e-25 2.23958205e-25 2.24183872e-25 2.24414667e-25
 2.24650660e-25 2.24891919e-25 2.25138517e-25 2.25390525e-25
 2.25648018e-25 2.25911071e-25 2.26179760e-25 2.26454161e-25
 2.26734356e-25 2.27020422e-25 2.27312442e-25 2.27610499e-25
 2.27914677e-25 2.28225062e-25 2.28541740e-25 2.28864799e-25
 2.29194331e-25 2.29530425e-25 2.29873176e-25 2.30222676e-25
 2.30579023e-25 2.30942314e-25 2.31312647e-25 2.31690124e-25
 2.32074847e-25 2.32466919e-25 2.32866448e-25 2.33273540e-25
 2.33688306e-25 2.34110857e-25 2.34541308e-25 2.34979775e-25
 2.35426382e-25 2.35881256e-25 2.36344541e-25 2.36816419e-25
 2.37297213e-25 2.37788073e-25 2.38307023e-25 2.38819502e-25
 2.39308680e-25 2.39831988e-25 2.40366105e-25 2.40910062e-25
 2.41463796e-25 2.42027390e-25 2.42600968e-25 2.43184668e-25
 2.43778633e-25 2.44383013e-25 2.44997962e-25 2.45623636e-25
 2.46260193e-25 2.46907795e-25 2.47566606e-25 2.48236793e-25
 2.48918526e-25 2.49611978e-25 2.50317323e-25 2.51034739e-25
 2.51764406e-25 2.52506509e-25 2.53261234e-25 2.54028769e-25
 2.54809308e-25 2.55603045e-25 2.56410179e-25 2.57230911e-25
 2.58065445e-25 2.58913991e-25 2.59776758e-25 2.60653961e-25
 2.61545818e-25 2.62452552e-25 2.63374386e-25 2.64311554e-25
 2.65264293e-25 2.66232858e-25 2.67217568e-25 2.68219217e-25
 2.69322265e-25 2.70271282e-25 2.71320910e-25 2.72389065e-25
 2.73474915e-25 2.74578611e-25 2.75700398e-25 2.76840540e-25
 2.77999311e-25 2.79177078e-25 2.80373867e-25 2.81590227e-25
 2.82826367e-25 2.84082586e-25 2.85359189e-25 2.86656484e-25
 2.87974783e-25 2.89314407e-25 2.90675677e-25 2.92058921e-25
 2.93464473e-25 2.94892671e-25 2.96343858e-25 2.97818382e-25
 2.99316598e-25 3.00838864e-25 3.02385546e-25 3.03957015e-25
 3.05553648e-25 3.07175832e-25 3.08823969e-25 3.10498544e-25
 3.12202317e-25 3.13928874e-25 3.15683679e-25 3.17467344e-25
 3.19279463e-25 3.21120410e-25 3.22990614e-25 3.24890513e-25
 3.26820559e-25 3.28781208e-25 3.30772925e-25 3.32796182e-25
 3.34851459e-25 3.36939241e-25 3.39060025e-25 3.41214311e-25
 3.43402609e-25 3.45625438e-25 3.47883323e-25 3.50176798e-25
 3.52506407e-25 3.54872700e-25 3.57276237e-25 3.59717588e-25
 3.62197334e-25 3.64716079e-25 3.67274600e-25 3.69875391e-25
 3.72512113e-25 3.75192714e-25 3.77915420e-25 3.80680833e-25
 3.83489602e-25 3.86342390e-25 3.89239875e-25 3.92182743e-25
 3.95171694e-25 3.98207438e-25 4.01290698e-25 4.04422208e-25
 4.07602714e-25 4.10832975e-25 4.14113761e-25 4.17445859e-25
 4.20830064e-25 4.24267189e-25 4.27758058e-25 4.31303516e-25
 4.34904448e-25 4.38608305e-25 4.42276001e-25 4.46048397e-25
 4.49879833e-25 4.53771199e-25 4.57723436e-25 4.61737505e-25
 4.65814384e-25 4.69955070e-25 4.74160575e-25 4.78431933e-25
 4.82770193e-25 4.87176426e-25 4.91651721e-25 4.96197185e-25
 5.00813949e-25 5.05503163e-25 5.10266000e-25 5.15103660e-25
 5.20017609e-25 5.25008329e-25 5.30077739e-25 5.35227017e-25
 5.40457425e-25 5.45770293e-25 5.51166982e-25 5.56648880e-25
 5.62217400e-25 5.67873984e-25 5.73620104e-25 5.79457260e-25
 5.85386980e-25 5.91410827e-25 5.97530390e-25 6.03747297e-25
 6.10063207e-25 6.16479929e-25 6.22998840e-25 6.29621993e-25
 6.36351153e-25 6.43188129e-25 6.50134792e-25 6.57193058e-25
 6.64364881e-25 6.71652257e-25 6.79057228e-25 6.86581877e-25
 6.94228333e-25 7.01998771e-25 7.09895415e-25 7.17920538e-25
 7.26076484e-25 7.34365601e-25 7.42790238e-25 7.51353003e-25
 7.60056384e-25 7.68902972e-25 7.77895417e-25 7.87036428e-25
 7.96328777e-25 8.05775297e-25 8.15378885e-25 8.25142504e-25
 8.35069183e-25 8.45162019e-25 8.55424223e-25 8.65858899e-25
 8.76469466e-25 8.87259290e-25 8.98231815e-25 9.09390567e-25
 9.20739149e-25 9.32281240e-25 9.44020592e-25 9.55961035e-25
 9.68106471e-25 9.80460879e-25 9.93028312e-25 1.00581369e-24
 1.01881878e-24 1.03205026e-24 1.04551165e-24 1.05920731e-24
 1.07314165e-24 1.08731915e-24 1.10174430e-24 1.11642162e-24
 1.13135562e-24 1.14655084e-24 1.16201179e-24 1.17774287e-24
 1.19374850e-24 1.21003296e-24 1.22660041e-24 1.24345483e-24
 1.26059997e-24 1.27803935e-24 1.29577612e-24 1.31381307e-24
 1.33215247e-24 1.35079611e-24 1.36974481e-24 1.38899899e-24
 1.40855785e-24 1.42841952e-24 1.44858083e-24 1.46903706e-24
 1.48978170e-24 1.51080614e-24 1.53209935e-24 1.55364757e-24
 1.57543343e-24 1.59743630e-24 1.61963086e-24 1.64198687e-24
 1.66446828e-24 1.68703246e-24 1.70962915e-24 1.73219945e-24
 1.75467458e-24 1.77697451e-24 1.79900654e-24 1.82066371e-24
 1.84182302e-24 1.86234367e-24 1.88206523e-24 1.90080571e-24
 1.91835988e-24 1.93449773e-24 1.94896302e-24 1.96147309e-24
 1.97171851e-24 1.97936446e-24 1.98405315e-24 1.98540798e-24
 1.98303961e-24 1.97655428e-24 1.96556442e-24 1.94970165e-24
 1.92863177e-24 1.90207135e-24 1.86980497e-24 1.83170220e-24
 1.78773279e-24 1.73797891e-24 1.68264307e-24 1.62205129e-24
 1.55665044e-24 1.48700092e-24 1.41376526e-24 1.33769457e-24
 1.25961491e-24 1.18041617e-24 1.10104593e-24 1.02251063e-24
 9.45885692e-25 8.72335179e-25 8.03138912e-25 7.39719558e-25
 6.83652804e-25 6.36629970e-25 6.00332376e-25 5.76189552e-25
 5.65057963e-25 5.66951751e-25 5.80989574e-25 6.05608277e-25
 6.38924090e-25 6.79064875e-25 7.24375312e-25 7.73495389e-25
 8.25357715e-25 8.79147841e-25 9.34254989e-25 9.90226502e-25
 1.04672977e-24 1.10352262e-24 1.16043070e-24 1.21733072e-24
 1.27413650e-24 1.33079196e-24 1.38726155e-24 1.44352609e-24
 1.49957851e-24 1.55542082e-24 1.61106167e-24 1.66651468e-24
 1.72179697e-24 1.77692815e-24 1.83192948e-24 1.88682323e-24
 1.94163218e-24 1.99637924e-24 2.05108716e-24 2.10577825e-24]), minimum_frequency=5.0, maximum_frequency=2048.0, length=40.0, latitude=46.0, longitude=-124.99999999999999, elevation=0.0, xarm_azimuth=260.0, yarm_azimuth=349.99999999999994, xarm_tilt=0.0, yarm_tilt=0.0).
The injected SNR is (132.5873734902664+8.310085280223425e-18j) in Interferometer(name='A1', power_spectral_density=PowerSpectralDensity(frequency_array=[   5.           5.01153      5.0230867 ... 4977.0194    4988.4965
 5000.       ], psd_array=[3.99805824e-40 3.78691522e-40 3.58724926e-40 ... 1.51962966e-46
 1.52659591e-46 1.53359419e-46], asd_array=[1.9995145e-20 1.9459998e-20 1.8940035e-20 ... 1.2327326e-23 1.2355549e-23
 1.2383837e-23]), minimum_frequency=5.0, maximum_frequency=2048.0, length=4.0, latitude=19.613306027777778, longitude=77.03086102777777, elevation=440.0, xarm_azimuth=117.6157, yarm_azimuth=207.6165, xarm_tilt=0.0, yarm_tilt=0.0).
The injected SNR is (1008.3701639300024+1.5835123764606066e-17j) in Interferometer(name='CE20', power_spectral_density=PowerSpectralDensity(frequency_array=[   5.            5.03469316    5.06962704    5.10480331    5.14022366
    5.17588978    5.21180337    5.24796615    5.28437986    5.32104622
    5.357967      5.39514396    5.43257887    5.47027354    5.50822975
    5.54644932    5.58493409    5.62368589    5.66270658    5.70199801
    5.74156207    5.78140066    5.82151566    5.86190902    5.90258264
    5.94353849    5.98477851    6.02630468    6.06811899    6.11022343
    6.15262002    6.19531078    6.23829776    6.28158301    6.3251686
    6.36905662    6.41324915    6.45774833    6.50255626    6.5476751
    6.59310701    6.63885415    6.68491871    6.7313029     6.77800893
    6.82503903    6.87239546    6.92008048    6.96809637    7.01644542
    7.06512995    7.11415229    7.16351477    7.21321976    7.26326963
    7.31366678    7.36441362    7.41551257    7.46696608    7.51877661
    7.57094663    7.62347864    7.67637514    7.72963868    7.7832718
    7.83727705    7.89165703    7.94641433    8.00155157    8.05707139
    8.11297644    8.16926939    8.22595294    8.28302979    8.34050269
    8.39837436    8.45664759    8.51532515    8.57440985    8.63390452
    8.693812      8.75413516    8.81487688    8.87604006    8.93762763
    8.99964253    9.06208774    9.12496622    9.188281      9.2520351
    9.31623156    9.38087346    9.44596388    9.51150594    9.57750278
    9.64395754    9.71087341    9.77825358    9.84610128    9.91441975
    9.98321225   10.05248208   10.12223255   10.19246699   10.26318876
   10.33440125   10.40610785   10.478312     10.55101714   10.62422676
   10.69794436   10.77217345   10.84691759   10.92218036   10.99796534
   11.07427617   11.15111649   11.22848998   11.30640033   11.38485128
   11.46384656   11.54338997   11.6234853    11.70413638   11.78534707
   11.86712125   11.94946283   12.03237575   12.11586397   12.19993149
   12.28458231   12.3698205    12.45565013   12.5420753    12.62910013
   12.71672881   12.8049655    12.89381444   12.98327986   13.07336606
   13.16407733   13.25541801   13.34739247   13.44000511   13.53326035
   13.62716266   13.72171652   13.81692645   13.91279701   14.00933278
   14.10653838   14.20441845   14.30297768   14.40222077   14.50215247
   14.60277756   14.70410085   14.80612719   14.90886145   15.01230855
   15.11647342   15.22136106   15.32697648   15.43332472   15.54041087
   15.64824005   15.75681742   15.86614817   15.97623753   16.08709075
   16.19871315   16.31111005   16.42428683   16.5382489    16.65300172
   16.76855076   16.88490155   17.00205966   17.12003069   17.23882027
   17.35843409   17.47887787   17.60015736   17.72227837   17.84524673
   17.96906832   18.09374906   18.21929492   18.34571189   18.47300603
   18.60118341   18.73025016   18.86021247   18.99107653   19.12284861
   19.25553501   19.38914207   19.52367618   19.65914378   19.79555133
   19.93290537   20.07121245   20.2104792    20.35071227   20.49191836
   20.63410423   20.77727667   20.92144254   21.06660872   21.21278215
   21.35996983   21.50817879   21.65741612   21.80768895   21.95900446
   22.1113699    22.26479255   22.41927974   22.57483886   22.73147735
   22.88920269   23.04802243   23.20794417   23.36897554   23.53112425
   23.69439805   23.85880474   24.0243522    24.19104832   24.35890109
   24.52791853   24.69810872   24.86947979   25.04203995   25.21579744
   25.39076056   25.56693769   25.74433725   25.92296772   26.10283764
   26.28395561   26.46633029   26.6499704    26.83488473   27.0210821
   27.20857143   27.39736168   27.58746188   27.77888111   27.97162853
   28.16571335   28.36114486   28.55793239   28.75608536   28.95561324
   29.15652557   29.35883195   29.56254207   29.76766565   29.97421252
   30.18219253   30.39161564   30.60249186   30.81483128   31.02864403
   31.24394036   31.46073055   31.67902496   31.89883404   32.1201683
   32.34303831   32.56745473   32.7934283    33.02096981   33.25009015
   33.48080027   33.71311121   33.94703406   34.18258002   34.41976035
   34.65858638   34.89906954   35.14122132   35.38505331   35.63057715
   35.87780459   36.12674746   36.37741765   36.62982714   36.88398801
   37.13991241   37.39761258   37.65710083   37.91838957   38.18149131
   38.4464186    38.71318413   38.98180065   39.252281     39.52463811
   39.79888501   40.07503481   40.35310071   40.633096     40.91503408
   41.19892842   41.4847926    41.77264029   42.06248525   42.35434133
   42.6482225    42.9441428    43.24211638   43.54215749   43.84428047
   44.14849978   44.45482995   44.76328563   45.07388157   45.38663263
   45.70155374   46.01865998   46.33796651   46.65948858   46.98324157
   47.30924097   47.63750236   47.96804144   48.300874     48.63601596
   48.97348335   49.31329231   49.65545907   50.           50.34693157
   50.69627038   51.04803312   51.4022366    51.75889778   52.1180337
   52.47966153   52.84379856   53.2104622    53.57966999   53.95143958
   54.32578873   54.70273536   55.08229748   55.46449324   55.84934092
   56.23685892   56.62706576   57.0199801    57.41562073   57.81400656
   58.21515665   58.61909016   59.02582643   59.43538489   59.84778512
   60.26304684   60.68118992   61.10223433   61.52620022   61.95310785
   62.38297763   62.81583012   63.25168602   63.69056616   64.13249153
   64.57748325   65.02556261   65.47675102   65.93107007   66.38854147
   66.84918709   67.31302896   67.78008927   68.25039033   68.72395463
   69.20080483   69.68096371   70.16445424   70.65129953   71.14152286
   71.63514767   72.13219756   72.6326963    73.13666781   73.6441362
   74.15512572   74.66966081   75.18776606   75.70946627   76.23478635
   76.76375144   77.29638682   77.83271796   78.37277051   78.91657028
   79.46414328   80.01551569   80.57071386   81.12976435   81.69269389
   82.25952939   82.83029795   83.40502686   83.9837436    84.56647585
   85.15325146   85.74409849   86.33904519   86.93812001   87.54135159
   88.14876876   88.76040059   89.3762763    89.99642534   90.62087737
   91.24966224   91.88281002   92.52035098   93.1623156    93.80873457
   94.45963881   95.11505943   95.77502778   96.4395754    97.10873407
   97.78253579   98.46101277   99.14419746   99.83212251  100.52482081
  101.2223255   101.92466991  102.63188764  103.34401248  104.0610785
  104.78311997  105.51017143  106.24226762  106.97944357  107.7217345
  108.46917592  109.22180356  109.9796534   110.74276169  111.5111649
  112.28489978  113.06400332  113.84851277  114.63846564  115.43389971
  116.234853    117.04136381  117.8534707   118.6712125   119.49462831
  120.3237575   121.15863971  121.99931486  122.84582315  123.69820504
  124.5565013   125.42075296  126.29100135  127.16728807  128.04965501
  128.93814438  129.83279865  130.73366059  131.64077328  132.5541801
  133.4739247   134.40005108  135.3326035   136.27162656  137.21716516
  138.1692645   139.12797011  140.09332782  141.0653838   142.04418451
  143.02977676  144.02220767  145.02152469  146.02777561  147.04100853
  148.0612719   149.0886145   150.12308545  151.16473422  152.2136106
  153.26976475  154.33324717  155.40410869  156.48240053  157.56817424
  158.66148174  159.76237529  160.87090753  161.98713148  163.11110049
  164.2428683   165.38248904  166.53001718  167.6855076   168.84901554
  170.02059664  171.2003069   172.38820274  173.58434095  174.78877872
  176.00157364  177.2227837   178.45246728  179.69068319  180.93749062
  182.19294919  183.45711892  184.73006026  186.01183407  187.30250164
  188.60212467  189.91076531  191.22848612  192.55535012  193.89142073
  195.23676184  196.59143779  197.95551332  199.32905368  200.71212452
  202.10479199  203.50712266  204.91918359  206.34104229  207.77276674
  209.2144254   210.66608719  212.12782154  213.59969832  215.08178791
  216.57416117  218.07688946  219.59004463  221.11369903  222.6479255
  224.1927974   225.7483886   227.31477348  228.89202692  230.48022434
  232.07944168  233.6897554   235.31124249  236.94398049  238.58804745
  240.24352198  241.91048325  243.58901094  245.27918532  246.98108719
  248.69479794  250.42039949  252.15797436  253.90760562  255.66937692
  257.44337251  259.22967719  261.02837639  262.8395561   264.66330292
  266.49970404  268.34884728  270.21082104  272.08571434  273.97361685
  275.87461881  277.78881112  279.71628531  281.65713353  283.61144858
  285.57932391  287.56085359  289.55613238  291.56525568  293.58831954
  295.62542069  297.67665654  299.74212516  301.8219253   303.91615641
  306.02491862  308.14831276  310.28644034  312.4394036   314.60730548
  316.79024963  318.98834043  321.20168297  323.43038308  325.67454731
  327.93428298  330.20969812  332.50090152  334.80800274  337.13111209
  339.47034063  341.82580023  344.19760348  346.58586381  348.99069539
  351.41221322  353.85053306  356.30577151  358.77804595  361.26747459
  363.77417646  366.29827141  368.83988013  371.39912413  373.97612578
  376.5710083   379.18389575  381.81491306  384.46418604  387.13184134
  389.81800652  392.52281001  395.24638113  397.98885012  400.75034808
  403.53100706  406.33096     409.15034079  411.98928423  414.84792604
  417.72640292  420.62485249  423.54341333  426.48222499  429.44142798
  432.42116379  435.42157488  438.44280473  441.48499777  444.54829948
  447.6328563   450.73881573  453.86632626  457.01553744  460.18659983
  463.37966506  466.59488579  469.83241575  473.09240974  476.37502362
  479.68041435  483.00873998  486.36015962  489.73483353  493.13292307
  496.55459069  500.          503.46931574  506.96270378  510.48033115
  514.02236605  517.58897782  521.18033699  524.79661528  528.43798559
  532.10462203  535.79669991  539.51439576  543.25788733  547.0273536
  550.82297482  554.64493245  558.49340923  562.36858918  566.27065758
  570.19980099  574.15620727  578.1400656   582.15156646  586.19090164
  590.25826428  594.35384886  598.47785118  602.63046844  606.81189917
  611.02234332  615.26200218  619.53107847  623.82977632  628.15830124
  632.5168602   636.90566159  641.32491526  645.77483251  650.25562609
  654.76751024  659.3107007   663.88541468  668.49187091  673.13028965
  677.80089266  682.50390327  687.23954634  692.00804829  696.80963711
  701.64454239  706.5129953   711.41522861  716.3514767   721.32197561
  726.32696297  731.3666781   736.44136195  741.55125717  746.69660806
  751.87766065  757.09466265  762.34786351  767.63751439  772.96386821
  778.32717964  783.7277051   789.16570283  794.64143281  800.15515687
  805.70713863  811.29764354  816.9269389   822.59529388  828.30297947
  834.0502686   839.83743605  845.66475851  851.53251463  857.44098494
  863.39045194  869.38120011  875.41351587  881.48768764  887.60400586
  893.76276295  899.96425339  906.20877369  912.49662241  918.82810019
  925.20350977  931.62315597  938.08734572  944.5963881   951.15059433
  957.75027779  964.39575401  971.08734074  977.82535793  984.61012774
  991.44197456  998.32122505 1005.24820813 1012.22325499 1019.24669913
 1026.31887635 1033.44012481 1040.61078499 1047.83119974 1055.10171428
 1062.42267625 1069.79443567 1077.21734502 1084.69175919 1092.21803557
 1099.79653402 1107.42761686 1115.11164898 1122.84899777 1130.64003317
 1138.48512769 1146.38465643 1154.33899709 1162.34852999 1170.41363809
 1178.534707   1186.71212501 1194.94628312 1203.23757501 1211.58639712
 1219.99314863 1228.45823149 1236.98205044 1245.56501303 1254.20752964
 1262.91001348 1271.67288065 1280.49655013 1289.3814438  1298.32798647
 1307.3366059  1316.40773282 1325.54180095 1334.73924702 1344.00051077
 1353.32603502 1362.71626564 1372.17165161 1381.69264503 1391.2797011
 1400.93327823 1410.65383797 1420.44184509 1430.29776759 1440.2220767
 1450.21524693 1460.27775609 1470.41008529 1480.61271899 1490.88614501
 1501.23085454 1511.6473422  1522.13610603 1532.69764753 1543.33247167
 1554.04108693 1564.82400534 1575.68174243 1586.61481737 1597.62375288
 1608.70907534 1619.87131476 1631.11100486 1642.42868302 1653.82489037
 1665.30017181 1676.855076   1688.49015541 1700.20596635 1712.00306899
 1723.88202737 1735.84340946 1747.88778718 1760.0157364  1772.22783699
 1784.52467284 1796.9068319  1809.37490621 1821.92949188 1834.5711892
 1847.3006026  1860.11834071 1873.02501637 1886.02124671 1899.1076531
 1912.28486123 1925.55350116 1938.91420729 1952.36761844 1965.91437785
 1979.55513323 1993.29053679 2007.12124525 2021.0479199  2035.07122661
 2049.19183588 2063.41042285 2077.72766736 2092.14425395 2106.66087192
 2121.27821536 2135.99698315 2150.81787905 2165.74161169 2180.7688946
 2195.9004463  2211.13699025 2226.47925497 2241.92797401 2257.48388602
 2273.14773477 2288.92026919 2304.80224341 2320.79441681 2336.897554
 2353.11242492 2369.43980486 2385.88047447 2402.43521983 2419.10483246
 2435.8901094  2452.79185318 2469.81087194 2486.9479794  2504.20399492
 2521.57974359 2539.07605616 2556.69376921 2574.43372507 2592.29677195
 2610.28376392 2628.39556101 2646.63302918 2664.99704042 2683.48847277
 2702.10821035 2720.85714343 2739.73616845 2758.74618806 2777.8881112
 2797.16285308 2816.5713353  2836.11448582 2855.79323906 2875.60853592
 2895.56132382 2915.65255676 2935.88319537 2956.25420692 2976.76656541
 2997.42125159 3018.21925304 3039.16156415 3060.24918624 3081.48312757
 3102.86440339 3124.394036   3146.07305481 3167.90249633 3189.8834043
 3212.0168297  3234.30383077 3256.74547314 3279.34282979 3302.09698117
 3325.00901522 3348.08002743 3371.31112089 3394.70340635 3418.25800226
 3441.97603482 3465.85863808 3489.90695392 3514.12213215 3538.50533059
 3563.05771506 3587.78045947 3612.67474589 3637.7417646  3662.98271411
 3688.39880126 3713.99124128 3739.76125781 3765.71008299 3791.8389575
 3818.14913064 3844.64186038 3871.31841341 3898.1800652  3925.2281001
 3952.46381135 3979.88850116 4007.50348078 4035.31007057 4063.30960005
 4091.50340793 4119.89284226 4148.47926042 4177.26402919 4206.24852487
 4235.43413328 4264.82224987 4294.41427977 4324.21163787 4354.21574885
 4384.42804729 4414.84997775 4445.48299476 4476.328563   4507.38815726
 4538.66326261 4570.15537438 4601.86599831 4633.79665057 4665.94885787
 4698.32415748 4730.92409736 4763.75023621 4796.80414355 4830.08739976
 4863.60159623 4897.34833535 4931.32923066 4965.54590687 5000.        ], psd_array=[2.10299107e-46 1.96837741e-46 1.84459711e-46 1.73057372e-46
 1.62535442e-46 1.52809456e-46 1.43804429e-46 1.35453690e-46
 1.27697868e-46 1.20484006e-46 1.13764794e-46 1.07497892e-46
 1.01645346e-46 9.61730740e-47 9.10504157e-47 8.62497410e-47
 8.17461054e-47 7.75169472e-47 7.35418232e-47 6.98021755e-47
 6.62811268e-47 6.29632999e-47 5.98346593e-47 5.68823705e-47
 5.40647644e-47 5.13761284e-47 4.88381672e-47 4.64411231e-47
 4.41759989e-47 4.20344868e-47 4.00089039e-47 3.80921359e-47
 3.62775856e-47 3.45591277e-47 3.29310676e-47 3.13881052e-47
 2.99253013e-47 2.85380482e-47 2.72220430e-47 2.59732631e-47
 2.47879449e-47 2.36625631e-47 2.25779299e-47 2.15477968e-47
 2.05695888e-47 1.96404873e-47 1.87578417e-47 1.79191585e-47
 1.71220901e-47 1.63644251e-47 1.56440795e-47 1.49590885e-47
 1.43075985e-47 1.36878602e-47 1.30982223e-47 1.25371250e-47
 1.20030949e-47 1.14947394e-47 1.10107421e-47 1.05498579e-47
 1.01109093e-47 9.69278226e-48 9.29442239e-48 8.91483167e-48
 8.55306523e-48 8.20822832e-48 7.87947347e-48 7.56599790e-48
 7.26704097e-48 6.98188191e-48 6.70983758e-48 6.45026043e-48
 6.20253654e-48 5.96608380e-48 5.74035018e-48 5.52481212e-48
 5.31897300e-48 5.12236164e-48 4.93453101e-48 4.75505690e-48
 4.58353673e-48 4.41958835e-48 4.26284903e-48 4.11297439e-48
 3.96963741e-48 3.83252756e-48 3.70134993e-48 3.57582438e-48
 3.45568479e-48 3.34067832e-48 3.23056473e-48 3.12511571e-48
 3.02411424e-48 2.92735407e-48 2.83463910e-48 2.74578286e-48
 2.66060808e-48 2.57894612e-48 2.50063659e-48 2.42552693e-48
 2.35347196e-48 2.28608924e-48 2.22187310e-48 2.16012273e-48
 2.10073239e-48 2.04360120e-48 1.98863292e-48 1.93573571e-48
 1.88482194e-48 1.83580798e-48 1.78861398e-48 1.74316371e-48
 1.69938440e-48 1.65720653e-48 1.61656373e-48 1.57739257e-48
 1.53963246e-48 1.50322552e-48 1.46811641e-48 1.43425225e-48
 1.40158250e-48 1.37005881e-48 1.33963498e-48 1.31026681e-48
 1.28191200e-48 1.25453014e-48 1.22808251e-48 1.20253210e-48
 1.17784346e-48 1.15398268e-48 1.13091728e-48 1.10861617e-48
 1.08704960e-48 1.06618903e-48 1.04600716e-48 1.02647784e-48
 1.00757598e-48 9.89277575e-49 9.71559599e-49 9.54399988e-49
 9.37777588e-49 9.21672120e-49 9.06064137e-49 8.90934989e-49
 8.76266788e-49 8.62042376e-49 8.48245290e-49 8.34859737e-49
 8.21870557e-49 8.09263203e-49 7.97023713e-49 7.85138680e-49
 7.73595235e-49 7.62381019e-49 7.51484165e-49 7.40893276e-49
 7.30597401e-49 7.20586023e-49 7.10849037e-49 7.01376732e-49
 6.92159776e-49 6.83189201e-49 6.74456387e-49 6.65953047e-49
 6.57671212e-49 6.49603222e-49 6.41741711e-49 6.34079593e-49
 6.26610054e-49 6.19326540e-49 6.12222743e-49 6.05292597e-49
 5.98530263e-49 5.91930124e-49 5.85486773e-49 5.79195006e-49
 5.73049812e-49 5.67046369e-49 5.61180034e-49 5.55446336e-49
 5.49840968e-49 5.44359785e-49 5.38998793e-49 5.33754143e-49
 5.28622131e-49 5.23599184e-49 5.18681863e-49 5.13866853e-49
 5.09150957e-49 5.04531096e-49 5.00004302e-49 4.95567713e-49
 4.91218570e-49 4.86954213e-49 4.82772077e-49 4.78669689e-49
 4.74644662e-49 4.70694695e-49 4.66817569e-49 4.63011142e-49
 4.59273348e-49 4.55602192e-49 4.51995751e-49 4.48452167e-49
 4.44969649e-49 4.41546465e-49 4.38180946e-49 4.34871478e-49
 4.31616505e-49 4.28414523e-49 4.25264078e-49 4.22163769e-49
 4.19112239e-49 4.16108179e-49 4.13150325e-49 4.10237453e-49
 4.07368383e-49 4.04541972e-49 4.01757117e-49 3.99012751e-49
 3.96307841e-49 3.93641390e-49 3.91012434e-49 3.88420040e-49
 3.85863305e-49 3.83341355e-49 3.80853346e-49 3.78398461e-49
 3.75975909e-49 3.73584923e-49 3.71224763e-49 3.68894712e-49
 3.66594074e-49 3.64322178e-49 3.62078371e-49 3.59862022e-49
 3.57672521e-49 3.55509275e-49 3.53371710e-49 3.51259271e-49
 3.49171417e-49 3.47107627e-49 3.45067394e-49 3.43050227e-49
 3.41055649e-49 3.39083199e-49 3.37132428e-49 3.35202902e-49
 3.33294199e-49 3.31405909e-49 3.29537634e-49 3.27688990e-49
 3.25859601e-49 3.24049105e-49 3.22257146e-49 3.20483384e-49
 3.18727483e-49 3.16989121e-49 3.15267982e-49 3.13563760e-49
 3.11876159e-49 3.10204889e-49 3.08549668e-49 3.06910224e-49
 3.05286290e-49 3.03677608e-49 3.02083925e-49 3.00504997e-49
 2.98940584e-49 2.97390455e-49 2.95854384e-49 2.94332149e-49
 2.92823538e-49 2.91328339e-49 2.89846350e-49 2.88377373e-49
 2.86921213e-49 2.85477682e-49 2.84046596e-49 2.82627776e-49
 2.81221047e-49 2.79826237e-49 2.78443181e-49 2.77071715e-49
 2.75711681e-49 2.74362924e-49 2.73025293e-49 2.71698639e-49
 2.70382819e-49 2.69077691e-49 2.67783117e-49 2.66498963e-49
 2.65225097e-49 2.63961391e-49 2.62707717e-49 2.61463954e-49
 2.60229980e-49 2.59005678e-49 2.57790931e-49 2.56585629e-49
 2.55389658e-49 2.54202913e-49 2.53025285e-49 2.51856672e-49
 2.50696972e-49 2.49546085e-49 2.48403913e-49 2.47270361e-49
 2.46145335e-49 2.45028742e-49 2.43920492e-49 2.42820497e-49
 2.41728670e-49 2.40644925e-49 2.39569179e-49 2.38501350e-49
 2.37441358e-49 2.36389122e-49 2.35344565e-49 2.34307611e-49
 2.33278186e-49 2.32256214e-49 2.31241624e-49 2.30234344e-49
 2.29234306e-49 2.28241439e-49 2.27255676e-49 2.26276951e-49
 2.25305198e-49 2.24340353e-49 2.23382352e-49 2.22431134e-49
 2.21486637e-49 2.20548801e-49 2.19617565e-49 2.18692873e-49
 2.17774665e-49 2.16862886e-49 2.15957480e-49 2.15058391e-49
 2.14165565e-49 2.13278950e-49 2.12398491e-49 2.11524138e-49
 2.10655839e-49 2.09793544e-49 2.08937202e-49 2.08086766e-49
 2.07242187e-49 2.06403417e-49 2.05570408e-49 2.04743116e-49
 2.03921493e-49 2.03105495e-49 2.02295077e-49 2.01490195e-49
 2.00690806e-49 1.99896867e-49 1.99108336e-49 1.98325171e-49
 1.97547330e-49 1.96774773e-49 1.96007460e-49 1.95245352e-49
 1.94488408e-49 1.93736590e-49 1.92989860e-49 1.92248180e-49
 1.91511513e-49 1.90779822e-49 1.90053071e-49 1.89331222e-49
 1.88614242e-49 1.87902093e-49 1.87194743e-49 1.86492156e-49
 1.85794299e-49 1.85101137e-49 1.84412638e-49 1.83728769e-49
 1.83049497e-49 1.82374790e-49 1.81704616e-49 1.81038945e-49
 1.80377744e-49 1.79720984e-49 1.79068634e-49 1.78420663e-49
 1.77777042e-49 1.77137743e-49 1.76502734e-49 1.75871989e-49
 1.75245478e-49 1.74623173e-49 1.74005047e-49 1.73391072e-49
 1.72781220e-49 1.72175465e-49 1.71573780e-49 1.70976138e-49
 1.70382514e-49 1.69792882e-49 1.69207215e-49 1.68625490e-49
 1.68047680e-49 1.67473760e-49 1.66903708e-49 1.66337497e-49
 1.65775104e-49 1.65216506e-49 1.64661679e-49 1.64110599e-49
 1.63563244e-49 1.63019591e-49 1.62479617e-49 1.61943300e-49
 1.61410618e-49 1.60881549e-49 1.60356072e-49 1.59834164e-49
 1.59315806e-49 1.58800976e-49 1.58289653e-49 1.57781817e-49
 1.57277448e-49 1.56776525e-49 1.56279029e-49 1.55784940e-49
 1.55294238e-49 1.54806906e-49 1.54322923e-49 1.53842270e-49
 1.53364930e-49 1.52890884e-49 1.52420113e-49 1.51952600e-49
 1.51488328e-49 1.51027277e-49 1.50569432e-49 1.50114774e-49
 1.49663288e-49 1.49214956e-49 1.48769761e-49 1.48327688e-49
 1.47888719e-49 1.47452840e-49 1.47020034e-49 1.46590286e-49
 1.46163580e-49 1.45739901e-49 1.45319234e-49 1.44901564e-49
 1.44486877e-49 1.44075158e-49 1.43666392e-49 1.43260566e-49
 1.42857666e-49 1.42457678e-49 1.42060589e-49 1.41666385e-49
 1.41275052e-49 1.40886579e-49 1.40500952e-49 1.40118159e-49
 1.39738187e-49 1.39361024e-49 1.38986658e-49 1.38615077e-49
 1.38246270e-49 1.37880225e-49 1.37516930e-49 1.37156376e-49
 1.36798550e-49 1.36443443e-49 1.36091043e-49 1.35741341e-49
 1.35394326e-49 1.35049989e-49 1.34708320e-49 1.34369309e-49
 1.34032948e-49 1.33699228e-49 1.33368139e-49 1.33039673e-49
 1.32713823e-49 1.32390580e-49 1.32069936e-49 1.31751885e-49
 1.31436419e-49 1.31123532e-49 1.30813217e-49 1.30505469e-49
 1.30200282e-49 1.29897652e-49 1.29597574e-49 1.29300045e-49
 1.29005062e-49 1.28712622e-49 1.28422727e-49 1.28135375e-49
 1.27850570e-49 1.27568315e-49 1.27288617e-49 1.27011485e-49
 1.26736935e-49 1.26464985e-49 1.26195660e-49 1.25928998e-49
 1.25665047e-49 1.25403874e-49 1.25145573e-49 1.24890280e-49
 1.24638188e-49 1.24389587e-49 1.24144924e-49 1.23904916e-49
 1.23670771e-49 1.23444654e-49 1.23230782e-49 1.23038286e-49
 1.22890191e-49 1.22859669e-49 1.23296354e-49 1.28850973e-49
 1.46145872e-49 1.23055125e-49 1.21775673e-49 1.21296553e-49
 1.20978668e-49 1.20714855e-49 1.20475079e-49 1.20248298e-49
 1.20029692e-49 1.19816893e-49 1.19608628e-49 1.19404165e-49
 1.19203060e-49 1.19005033e-49 1.18809899e-49 1.18617533e-49
 1.18427849e-49 1.18240787e-49 1.18056304e-49 1.17874368e-49
 1.17694957e-49 1.17518055e-49 1.17343650e-49 1.17171735e-49
 1.17002304e-49 1.16835354e-49 1.16670884e-49 1.16508894e-49
 1.16349385e-49 1.16192360e-49 1.16037822e-49 1.15885774e-49
 1.15736222e-49 1.15589170e-49 1.15444623e-49 1.15302589e-49
 1.15163073e-49 1.15026083e-49 1.14891626e-49 1.14759710e-49
 1.14630342e-49 1.14503533e-49 1.14379291e-49 1.14257624e-49
 1.14138543e-49 1.14022059e-49 1.13908180e-49 1.13796919e-49
 1.13688286e-49 1.13582293e-49 1.13478952e-49 1.13378274e-49
 1.13280273e-49 1.13184962e-49 1.13092354e-49 1.13002462e-49
 1.12915300e-49 1.12830884e-49 1.12749228e-49 1.12670346e-49
 1.12594256e-49 1.12520972e-49 1.12450512e-49 1.12382892e-49
 1.12318128e-49 1.12256240e-49 1.12197245e-49 1.12141162e-49
 1.12088008e-49 1.12037805e-49 1.11990571e-49 1.11946327e-49
 1.11905094e-49 1.11866893e-49 1.11831745e-49 1.11799674e-49
 1.11770700e-49 1.11744849e-49 1.11722143e-49 1.11702608e-49
 1.11686267e-49 1.11673147e-49 1.11663274e-49 1.11656675e-49
 1.11653379e-49 1.11653414e-49 1.11656811e-49 1.11663602e-49
 1.11673821e-49 1.11687506e-49 1.11704700e-49 1.11725453e-49
 1.11749829e-49 1.11777920e-49 1.11809868e-49 1.11845942e-49
 1.11886743e-49 1.11933996e-49 1.11994856e-49 1.12134260e-49
 1.20494615e-49 1.12200582e-49 1.12208720e-49 1.12263057e-49
 1.12328212e-49 1.12399403e-49 1.12475437e-49 1.12555926e-49
 1.12640730e-49 1.12729805e-49 1.12823148e-49 1.12920779e-49
 1.13022725e-49 1.13129023e-49 1.13239713e-49 1.13354838e-49
 1.13474443e-49 1.13598575e-49 1.13727281e-49 1.13860612e-49
 1.13998618e-49 1.14141351e-49 1.14288865e-49 1.14441212e-49
 1.14598448e-49 1.14760629e-49 1.14927812e-49 1.15100056e-49
 1.15277419e-49 1.15459961e-49 1.15647745e-49 1.15840831e-49
 1.16039285e-49 1.16243170e-49 1.16452552e-49 1.16667499e-49
 1.16888077e-49 1.17114358e-49 1.17346410e-49 1.17584306e-49
 1.17828119e-49 1.18077923e-49 1.18333794e-49 1.18595809e-49
 1.18864046e-49 1.19138585e-49 1.19419509e-49 1.19706898e-49
 1.20000840e-49 1.20301420e-49 1.20608729e-49 1.20922861e-49
 1.21243914e-49 1.21571999e-49 1.21907251e-49 1.22249873e-49
 1.22600320e-49 1.22960534e-49 1.23362877e-49 1.23744985e-49
 1.24076201e-49 1.24460066e-49 1.24854369e-49 1.25257217e-49
 1.25668353e-49 1.26087783e-49 1.26515580e-49 1.26951842e-49
 1.27396680e-49 1.27850208e-49 1.28312545e-49 1.28783815e-49
 1.29264143e-49 1.29753657e-49 1.30252488e-49 1.30760768e-49
 1.31278634e-49 1.31806223e-49 1.32343675e-49 1.32891134e-49
 1.33448745e-49 1.34016656e-49 1.34595018e-49 1.35183984e-49
 1.35783711e-49 1.36394358e-49 1.37016086e-49 1.37649060e-49
 1.38293449e-49 1.38949422e-49 1.39617155e-49 1.40296824e-49
 1.40988610e-49 1.41692698e-49 1.42409278e-49 1.43138546e-49
 1.43880710e-49 1.44636007e-49 1.45404790e-49 1.46188340e-49
 1.47150825e-49 1.47794680e-49 1.48615364e-49 1.49452807e-49
 1.50305098e-49 1.51172245e-49 1.52054429e-49 1.52951869e-49
 1.53864799e-49 1.54793503e-49 1.55738101e-49 1.56698974e-49
 1.57676338e-49 1.58670455e-49 1.59681596e-49 1.60710032e-49
 1.61756043e-49 1.62819912e-49 1.63901929e-49 1.65002389e-49
 1.66121592e-49 1.67259844e-49 1.68417458e-49 1.69594751e-49
 1.70792047e-49 1.72009678e-49 1.73247980e-49 1.74507299e-49
 1.75787987e-49 1.77090411e-49 1.78414969e-49 1.79762222e-49
 1.81137580e-49 1.82526907e-49 1.83941335e-49 1.85381700e-49
 1.86846633e-49 1.88336434e-49 1.89851501e-49 1.91392262e-49
 1.92959154e-49 1.94552627e-49 1.96173138e-49 1.97821155e-49
 1.99497155e-49 2.01201626e-49 2.02935063e-49 2.04697974e-49
 2.06490875e-49 2.08314295e-49 2.10168771e-49 2.12054852e-49
 2.13973099e-49 2.15924085e-49 2.17908394e-49 2.19926624e-49
 2.21979391e-49 2.24067354e-49 2.26191573e-49 2.28357120e-49
 2.30548363e-49 2.32783127e-49 2.35056460e-49 2.37368960e-49
 2.39721329e-49 2.42114295e-49 2.44548602e-49 2.47025014e-49
 2.49544309e-49 2.52107281e-49 2.54714745e-49 2.57367529e-49
 2.60066481e-49 2.62812467e-49 2.65606371e-49 2.68449097e-49
 2.71341569e-49 2.74284731e-49 2.77279548e-49 2.80327016e-49
 2.83428227e-49 2.86702759e-49 2.89795459e-49 2.93063588e-49
 2.96389722e-49 2.99774883e-49 3.03220207e-49 3.06726863e-49
 3.10296046e-49 3.13928982e-49 3.17626922e-49 3.21391146e-49
 3.25222962e-49 3.29123708e-49 3.33094753e-49 3.37137496e-49
 3.41253369e-49 3.45443835e-49 3.49710396e-49 3.54054602e-49
 3.58478706e-49 3.62982244e-49 3.67568646e-49 3.72239300e-49
 3.76995786e-49 3.81839847e-49 3.86773277e-49 3.91797914e-49
 3.96915637e-49 4.02128371e-49 4.07438083e-49 4.12846791e-49
 4.18356557e-49 4.23969493e-49 4.29687760e-49 4.35513574e-49
 4.41449210e-49 4.47497321e-49 4.53659287e-49 4.59938366e-49
 4.66336957e-49 4.72857527e-49 4.79502681e-49 4.86275091e-49
 4.93177495e-49 5.00212696e-49 5.07383568e-49 5.14693053e-49
 5.22144164e-49 5.29739990e-49 5.37483695e-49 5.45378525e-49
 5.53427863e-49 5.61635041e-49 5.70003317e-49 5.78536640e-49
 5.87238533e-49 5.96112742e-49 6.05163113e-49 6.14393588e-49
 6.23808208e-49 6.33411114e-49 6.43206553e-49 6.53198877e-49
 6.63392552e-49 6.73792156e-49 6.84402510e-49 6.95228038e-49
 7.06274001e-49 7.17545416e-49 7.29047441e-49 7.40785396e-49
 7.52764737e-49 7.64991063e-49 7.77470117e-49 7.90207788e-49
 8.03210121e-49 8.16483315e-49 8.30033740e-49 8.43870163e-49
 8.57992500e-49 8.72414414e-49 8.87140703e-49 9.02178597e-49
 9.17535523e-49 9.33219104e-49 9.49237165e-49 9.65597737e-49
 9.82309064e-49 9.99379612e-49 1.01681810e-48 1.03463337e-48
 1.05283461e-48 1.07143127e-48 1.09043298e-48 1.10984966e-48
 1.12969149e-48 1.14996892e-48 1.17069271e-48 1.19187389e-48
 1.21352379e-48 1.23565421e-48 1.25827664e-48 1.28140382e-48
 1.30504825e-48 1.32922288e-48 1.35394104e-48 1.37921643e-48
 1.40506312e-48 1.43149557e-48 1.45852865e-48 1.48617781e-48
 1.51445821e-48 1.54338654e-48 1.57297920e-48 1.60325326e-48
 1.63422626e-48 1.66591621e-48 1.69834165e-48 1.73152166e-48
 1.76547583e-48 1.80022430e-48 1.83578780e-48 1.87218768e-48
 1.90944584e-48 1.94758483e-48 1.98662787e-48 2.02659881e-48
 2.06752221e-48 2.10942336e-48 2.15232811e-48 2.19626333e-48
 2.24125651e-48 2.28733593e-48 2.33453073e-48 2.38287089e-48
 2.43238726e-48 2.48311160e-48 2.53507657e-48 2.58831581e-48
 2.64286396e-48 2.69875664e-48 2.75603054e-48 2.81472343e-48
 2.87487418e-48 2.93652283e-48 2.99971053e-48 3.06447974e-48
 3.13087413e-48 3.19893866e-48 3.26871960e-48 3.34026461e-48
 3.41362277e-48 3.48884458e-48 3.56598202e-48 3.64508865e-48
 3.72621957e-48 3.80943150e-48 3.89478283e-48 3.98233367e-48
 4.07214585e-48 4.16428301e-48 4.25881064e-48 4.35579612e-48
 4.45530874e-48 4.55741977e-48 4.66220249e-48 4.76973222e-48
 4.88008639e-48 4.99334456e-48 5.10958841e-48 5.22890183e-48
 5.35137092e-48 5.47708398e-48 5.60613151e-48 5.73860632e-48
 5.87460338e-48 6.01421989e-48 6.15755518e-48 6.30471131e-48
 6.45579005e-48 6.61089861e-48 6.77014372e-48 6.93363439e-48
 7.10148115e-48 7.27379587e-48 7.45069136e-48 7.63228131e-48
 7.81867970e-48 8.01000045e-48 8.20635691e-48 8.40786123e-48
 8.61462367e-48 8.82675177e-48 9.04434940e-48 9.26751560e-48], asd_array=[1.45016932e-23 1.40298874e-23 1.35815946e-23 1.31551272e-23
 1.27489389e-23 1.23616122e-23 1.19918484e-23 1.16384574e-23
 1.13003481e-23 1.09765207e-23 1.06660580e-23 1.03681190e-23
 1.00819317e-23 9.80678714e-24 9.54203415e-24 9.28707387e-24
 9.04135528e-24 8.80437091e-24 8.57565293e-24 8.35476962e-24
 8.14132218e-24 7.93494171e-24 7.73528663e-24 7.54204021e-24
 7.35287457e-24 7.16771431e-24 6.98843095e-24 6.81477241e-24
 6.64650276e-24 6.48340087e-24 6.32525920e-24 6.17188269e-24
 6.02308772e-24 5.87870119e-24 5.73855972e-24 5.60250883e-24
 5.47040230e-24 5.34210148e-24 5.21747477e-24 5.09639707e-24
 4.97874933e-24 4.86441806e-24 4.75162392e-24 4.64196045e-24
 4.53537086e-24 4.43175893e-24 4.33103241e-24 4.23310271e-24
 4.13788473e-24 4.04529666e-24 3.95525973e-24 3.86769809e-24
 3.78253863e-24 3.69971083e-24 3.61914662e-24 3.54078028e-24
 3.46454830e-24 3.39038928e-24 3.31824382e-24 3.24805448e-24
 3.17976561e-24 3.11332335e-24 3.04867551e-24 2.98577154e-24
 2.92456240e-24 2.86500058e-24 2.80703998e-24 2.75063591e-24
 2.69574498e-24 2.64232510e-24 2.59033542e-24 2.53973629e-24
 2.49048922e-24 2.44255682e-24 2.39590279e-24 2.35049189e-24
 2.30628988e-24 2.26326349e-24 2.22138043e-24 2.18060930e-24
 2.14091960e-24 2.10228170e-24 2.06466681e-24 2.02804694e-24
 1.99239489e-24 1.95768423e-24 1.92388927e-24 1.89098503e-24
 1.85894723e-24 1.82775226e-24 1.79737718e-24 1.76779968e-24
 1.73899806e-24 1.71095122e-24 1.68363865e-24 1.65704039e-24
 1.63113705e-24 1.60590975e-24 1.58134013e-24 1.55741033e-24
 1.53410298e-24 1.51198189e-24 1.49059488e-24 1.46973560e-24
 1.44939035e-24 1.42954580e-24 1.41018897e-24 1.39130719e-24
 1.37288818e-24 1.35491992e-24 1.33739073e-24 1.32028925e-24
 1.30360439e-24 1.28732534e-24 1.27144159e-24 1.25594290e-24
 1.24081927e-24 1.22606098e-24 1.21165854e-24 1.19760271e-24
 1.18388450e-24 1.17049512e-24 1.15742602e-24 1.14466886e-24
 1.13221553e-24 1.12005810e-24 1.10818884e-24 1.09660024e-24
 1.08528497e-24 1.07423586e-24 1.06344594e-24 1.05290844e-24
 1.04261671e-24 1.03256430e-24 1.02274492e-24 1.01315243e-24
 1.00378084e-24 9.94624339e-25 9.85677229e-25 9.76933973e-25
 9.68389172e-25 9.60037562e-25 9.51874013e-25 9.43893526e-25
 9.36091228e-25 9.28462372e-25 9.21002329e-25 9.13706592e-25
 9.06570768e-25 8.99590575e-25 8.92761845e-25 8.86080515e-25
 8.79542628e-25 8.73144329e-25 8.66881864e-25 8.60751576e-25
 8.54749906e-25 8.48873385e-25 8.43118637e-25 8.37482377e-25
 8.31961403e-25 8.26552601e-25 8.21252938e-25 8.16059463e-25
 8.10969304e-25 8.05979666e-25 8.01087830e-25 7.96291149e-25
 7.91587048e-25 7.86973023e-25 7.82446639e-25 7.78005525e-25
 7.73647376e-25 7.69369953e-25 7.65171074e-25 7.61048622e-25
 7.57000536e-25 7.53024813e-25 7.49119506e-25 7.45282722e-25
 7.41512622e-25 7.37807417e-25 7.34165371e-25 7.30584795e-25
 7.27064049e-25 7.23601537e-25 7.20195712e-25 7.16845069e-25
 7.13548146e-25 7.10303524e-25 7.07109823e-25 7.03965704e-25
 7.00869866e-25 6.97821047e-25 6.94818017e-25 6.91859587e-25
 6.88944600e-25 6.86071932e-25 6.83240492e-25 6.80449221e-25
 6.77697091e-25 6.74983105e-25 6.72306292e-25 6.69665713e-25
 6.67060453e-25 6.64489627e-25 6.61952374e-25 6.59447859e-25
 6.56975270e-25 6.54533821e-25 6.52122748e-25 6.49741309e-25
 6.47388785e-25 6.45064477e-25 6.42767707e-25 6.40497817e-25
 6.38254168e-25 6.36036141e-25 6.33843133e-25 6.31674561e-25
 6.29529857e-25 6.27408472e-25 6.25309871e-25 6.23233536e-25
 6.21178963e-25 6.19145665e-25 6.17133167e-25 6.15141009e-25
 6.13168744e-25 6.11215938e-25 6.09282171e-25 6.07367032e-25
 6.05470127e-25 6.03591068e-25 6.01729483e-25 5.99885008e-25
 5.98057289e-25 5.96245985e-25 5.94450764e-25 5.92671301e-25
 5.90907283e-25 5.89158406e-25 5.87424373e-25 5.85704897e-25
 5.83999699e-25 5.82308508e-25 5.80631060e-25 5.78967099e-25
 5.77316377e-25 5.75678650e-25 5.74053686e-25 5.72441255e-25
 5.70841135e-25 5.69253111e-25 5.67676974e-25 5.66112519e-25
 5.64559548e-25 5.63017869e-25 5.61487294e-25 5.59967642e-25
 5.58458735e-25 5.56960402e-25 5.55472473e-25 5.53994787e-25
 5.52527185e-25 5.51069513e-25 5.49621620e-25 5.48183361e-25
 5.46754592e-25 5.45335177e-25 5.43924980e-25 5.42523870e-25
 5.41131719e-25 5.39748403e-25 5.38373802e-25 5.37007796e-25
 5.35650271e-25 5.34301116e-25 5.32960220e-25 5.31627479e-25
 5.30302788e-25 5.28986046e-25 5.27677156e-25 5.26376021e-25
 5.25082547e-25 5.23796644e-25 5.22518222e-25 5.21247196e-25
 5.19983479e-25 5.18726991e-25 5.17477649e-25 5.16235376e-25
 5.15000095e-25 5.13771730e-25 5.12550210e-25 5.11335461e-25
 5.10127415e-25 5.08926004e-25 5.07731161e-25 5.06542820e-25
 5.05360919e-25 5.04185395e-25 5.03016188e-25 5.01853238e-25
 5.00696487e-25 4.99545879e-25 4.98401358e-25 4.97262869e-25
 4.96130360e-25 4.95003779e-25 4.93883075e-25 4.92768198e-25
 4.91659099e-25 4.90555731e-25 4.89458047e-25 4.88366001e-25
 4.87279548e-25 4.86198644e-25 4.85123247e-25 4.84053315e-25
 4.82988805e-25 4.81929677e-25 4.80875892e-25 4.79827411e-25
 4.78784195e-25 4.77746207e-25 4.76713411e-25 4.75685769e-25
 4.74663247e-25 4.73645809e-25 4.72633423e-25 4.71626053e-25
 4.70623668e-25 4.69626235e-25 4.68633722e-25 4.67646098e-25
 4.66663332e-25 4.65685394e-25 4.64712255e-25 4.63743885e-25
 4.62780256e-25 4.61821340e-25 4.60867108e-25 4.59917534e-25
 4.58972591e-25 4.58032252e-25 4.57096491e-25 4.56165284e-25
 4.55238604e-25 4.54316428e-25 4.53398730e-25 4.52485487e-25
 4.51576674e-25 4.50672270e-25 4.49772250e-25 4.48876592e-25
 4.47985275e-25 4.47098275e-25 4.46215571e-25 4.45337143e-25
 4.44462968e-25 4.43593027e-25 4.42727298e-25 4.41865762e-25
 4.41008399e-25 4.40155189e-25 4.39306112e-25 4.38461150e-25
 4.37620284e-25 4.36783496e-25 4.35950766e-25 4.35122077e-25
 4.34297411e-25 4.33476751e-25 4.32660078e-25 4.31847376e-25
 4.31038628e-25 4.30233817e-25 4.29432926e-25 4.28635940e-25
 4.27842841e-25 4.27053615e-25 4.26268245e-25 4.25486715e-25
 4.24709011e-25 4.23935118e-25 4.23165019e-25 4.22398701e-25
 4.21636149e-25 4.20877349e-25 4.20122285e-25 4.19370944e-25
 4.18623313e-25 4.17879377e-25 4.17139122e-25 4.16402536e-25
 4.15669605e-25 4.14940315e-25 4.14214654e-25 4.13492610e-25
 4.12774169e-25 4.12059318e-25 4.11348046e-25 4.10640341e-25
 4.09936190e-25 4.09235581e-25 4.08538502e-25 4.07844942e-25
 4.07154890e-25 4.06468334e-25 4.05785262e-25 4.05105664e-25
 4.04429529e-25 4.03756846e-25 4.03087605e-25 4.02421794e-25
 4.01759403e-25 4.01100423e-25 4.00444842e-25 3.99792652e-25
 3.99143841e-25 3.98498401e-25 3.97856322e-25 3.97217594e-25
 3.96582208e-25 3.95950154e-25 3.95321424e-25 3.94696009e-25
 3.94073900e-25 3.93455087e-25 3.92839563e-25 3.92227320e-25
 3.91618348e-25 3.91012639e-25 3.90410186e-25 3.89810980e-25
 3.89215015e-25 3.88622281e-25 3.88032772e-25 3.87446479e-25
 3.86863397e-25 3.86283517e-25 3.85706833e-25 3.85133337e-25
 3.84563024e-25 3.83995885e-25 3.83431916e-25 3.82871109e-25
 3.82313458e-25 3.81758956e-25 3.81207599e-25 3.80659381e-25
 3.80114294e-25 3.79572335e-25 3.79033497e-25 3.78497776e-25
 3.77965166e-25 3.77435661e-25 3.76909258e-25 3.76385952e-25
 3.75865737e-25 3.75348610e-25 3.74834566e-25 3.74323602e-25
 3.73815712e-25 3.73310894e-25 3.72809144e-25 3.72310458e-25
 3.71814833e-25 3.71322265e-25 3.70832752e-25 3.70346292e-25
 3.69862880e-25 3.69382515e-25 3.68905195e-25 3.68430917e-25
 3.67959680e-25 3.67491481e-25 3.67026320e-25 3.66564195e-25
 3.66105105e-25 3.65649050e-25 3.65196028e-25 3.64746039e-25
 3.64299084e-25 3.63855163e-25 3.63414276e-25 3.62976425e-25
 3.62541610e-25 3.62109834e-25 3.61681099e-25 3.61255407e-25
 3.60832762e-25 3.60413169e-25 3.59996631e-25 3.59583154e-25
 3.59172746e-25 3.58765414e-25 3.58361168e-25 3.57960019e-25
 3.57561980e-25 3.57167068e-25 3.56775303e-25 3.56386708e-25
 3.56001313e-25 3.55619157e-25 3.55240286e-25 3.54864760e-25
 3.54492661e-25 3.54124093e-25 3.53759202e-25 3.53398189e-25
 3.53041340e-25 3.52689079e-25 3.52342055e-25 3.52001301e-25
 3.51668552e-25 3.51346914e-25 3.51042422e-25 3.50768138e-25
 3.50556972e-25 3.50513436e-25 3.51135806e-25 3.58958178e-25
 3.82290299e-25 3.50792139e-25 3.48963713e-25 3.48276547e-25
 3.47819878e-25 3.47440434e-25 3.47095202e-25 3.46768363e-25
 3.46453016e-25 3.46145769e-25 3.45844804e-25 3.45549078e-25
 3.45257962e-25 3.44971061e-25 3.44688118e-25 3.44408961e-25
 3.44133476e-25 3.43861582e-25 3.43593225e-25 3.43328368e-25
 3.43066986e-25 3.42809065e-25 3.42554595e-25 3.42303571e-25
 3.42055995e-25 3.41811869e-25 3.41571199e-25 3.41333991e-25
 3.41100257e-25 3.40870005e-25 3.40643247e-25 3.40419997e-25
 3.40200267e-25 3.39984073e-25 3.39771428e-25 3.39562349e-25
 3.39356852e-25 3.39154954e-25 3.38956672e-25 3.38762025e-25
 3.38571030e-25 3.38383707e-25 3.38200075e-25 3.38020153e-25
 3.37843963e-25 3.37671525e-25 3.37502860e-25 3.37337990e-25
 3.37176936e-25 3.37019722e-25 3.36866371e-25 3.36716905e-25
 3.36571350e-25 3.36429728e-25 3.36292066e-25 3.36158388e-25
 3.36028719e-25 3.35903087e-25 3.35781518e-25 3.35664038e-25
 3.35550676e-25 3.35441459e-25 3.35336416e-25 3.35235576e-25
 3.35138969e-25 3.35046624e-25 3.34958572e-25 3.34874845e-25
 3.34795472e-25 3.34720488e-25 3.34649923e-25 3.34583812e-25
 3.34522188e-25 3.34465085e-25 3.34412538e-25 3.34364582e-25
 3.34321253e-25 3.34282589e-25 3.34248625e-25 3.34219400e-25
 3.34194953e-25 3.34175324e-25 3.34160551e-25 3.34150678e-25
 3.34145745e-25 3.34145798e-25 3.34150880e-25 3.34161042e-25
 3.34176332e-25 3.34196808e-25 3.34222531e-25 3.34253576e-25
 3.34290038e-25 3.34332050e-25 3.34379825e-25 3.34433763e-25
 3.34494758e-25 3.34565384e-25 3.34656326e-25 3.34864539e-25
 3.47123342e-25 3.34963553e-25 3.34975701e-25 3.35056797e-25
 3.35154013e-25 3.35260202e-25 3.35373579e-25 3.35493556e-25
 3.35619919e-25 3.35752595e-25 3.35891572e-25 3.36036871e-25
 3.36188526e-25 3.36346582e-25 3.36511090e-25 3.36682103e-25
 3.36859679e-25 3.37043876e-25 3.37234757e-25 3.37432381e-25
 3.37636814e-25 3.37848119e-25 3.38066361e-25 3.38291608e-25
 3.38523925e-25 3.38763382e-25 3.39010048e-25 3.39263991e-25
 3.39525284e-25 3.39793998e-25 3.40070205e-25 3.40353979e-25
 3.40645395e-25 3.40944526e-25 3.41251450e-25 3.41566243e-25
 3.41888984e-25 3.42219750e-25 3.42558622e-25 3.42905681e-25
 3.43261007e-25 3.43624683e-25 3.43996794e-25 3.44377422e-25
 3.44766655e-25 3.45164577e-25 3.45571278e-25 3.45986847e-25
 3.46411374e-25 3.46844951e-25 3.47287675e-25 3.47739645e-25
 3.48200968e-25 3.48671764e-25 3.49152189e-25 3.49642493e-25
 3.50143285e-25 3.50657289e-25 3.51230518e-25 3.51774053e-25
 3.52244519e-25 3.52788983e-25 3.53347378e-25 3.53916963e-25
 3.54497324e-25 3.55088415e-25 3.55690286e-25 3.56303021e-25
 3.56926715e-25 3.57561474e-25 3.58207406e-25 3.58864620e-25
 3.59533230e-25 3.60213350e-25 3.60905095e-25 3.61608584e-25
 3.62323935e-25 3.63051267e-25 3.63790702e-25 3.64542362e-25
 3.65306371e-25 3.66082854e-25 3.66871936e-25 3.67673747e-25
 3.68488414e-25 3.69316068e-25 3.70156840e-25 3.71010863e-25
 3.71878272e-25 3.72759202e-25 3.73653790e-25 3.74562176e-25
 3.75484500e-25 3.76420906e-25 3.77371539e-25 3.78336552e-25
 3.79316109e-25 3.80310409e-25 3.81319801e-25 3.82345838e-25
 3.83602431e-25 3.84440737e-25 3.85506634e-25 3.86591266e-25
 3.87692014e-25 3.88808751e-25 3.89941571e-25 3.91090615e-25
 3.92256038e-25 3.93438055e-25 3.94636669e-25 3.95852212e-25
 3.97084799e-25 3.98334602e-25 3.99601797e-25 4.00886558e-25
 4.02189064e-25 4.03509495e-25 4.04848032e-25 4.06204861e-25
 4.07580166e-25 4.08974136e-25 4.10386961e-25 4.11818832e-25
 4.13269944e-25 4.14740494e-25 4.16230681e-25 4.17740707e-25
 4.19270780e-25 4.20821115e-25 4.22391961e-25 4.23983752e-25
 4.25602608e-25 4.27231679e-25 4.28883825e-25 4.30559752e-25
 4.32257601e-25 4.33977457e-25 4.35719521e-25 4.37484014e-25
 4.39271163e-25 4.41081202e-25 4.42914369e-25 4.44770902e-25
 4.46651044e-25 4.48555042e-25 4.50483144e-25 4.52435602e-25
 4.54412671e-25 4.56414609e-25 4.58441677e-25 4.60494139e-25
 4.62572264e-25 4.64676323e-25 4.66806591e-25 4.68963350e-25
 4.71146889e-25 4.73357533e-25 4.75596018e-25 4.77867262e-25
 4.80154520e-25 4.82476038e-25 4.84826216e-25 4.87205254e-25
 4.89613449e-25 4.92051110e-25 4.94518556e-25 4.97016110e-25
 4.99544101e-25 5.02102859e-25 5.04692723e-25 5.07314034e-25
 5.09967137e-25 5.12652384e-25 5.15370130e-25 5.18120736e-25
 5.20904568e-25 5.23721998e-25 5.26573402e-25 5.29459174e-25
 5.32379777e-25 5.35446318e-25 5.38326535e-25 5.41353478e-25
 5.44416864e-25 5.47517017e-25 5.50654345e-25 5.53829272e-25
 5.57042230e-25 5.60293657e-25 5.63583997e-25 5.66913702e-25
 5.70283229e-25 5.73693043e-25 5.77143616e-25 5.80635425e-25
 5.84168956e-25 5.87744702e-25 5.91363167e-25 5.95024875e-25
 5.98730912e-25 6.02480077e-25 6.06274398e-25 6.10114170e-25
 6.13999825e-25 6.17931911e-25 6.21910988e-25 6.25937628e-25
 6.30012410e-25 6.34135924e-25 6.38308768e-25 6.42531549e-25
 6.46804883e-25 6.51129398e-25 6.55505729e-25 6.59934522e-25
 6.64416443e-25 6.68952405e-25 6.73542343e-25 6.78187560e-25
 6.82888686e-25 6.87646368e-25 6.92461321e-25 6.97334275e-25
 7.02265972e-25 7.07257164e-25 7.12308619e-25 7.17421112e-25
 7.22595436e-25 7.27832391e-25 7.33132795e-25 7.38497478e-25
 7.43927324e-25 7.49423139e-25 7.54985640e-25 7.60615961e-25
 7.66314904e-25 7.72083378e-25 7.77922306e-25 7.83832628e-25
 7.89815300e-25 7.95871292e-25 8.02001591e-25 8.08207200e-25
 8.14489135e-25 8.20848437e-25 8.27286232e-25 8.33803357e-25
 8.40401095e-25 8.47080525e-25 8.53842750e-25 8.60688908e-25
 8.67620157e-25 8.74637675e-25 8.81742659e-25 8.88936324e-25
 8.96219906e-25 9.03594663e-25 9.11061875e-25 9.18624060e-25
 9.26278846e-25 9.34031271e-25 9.41881470e-25 9.49830825e-25
 9.57880746e-25 9.66032662e-25 9.74288030e-25 9.82648328e-25
 9.91115061e-25 9.99689758e-25 1.00837399e-24 1.01716929e-24
 1.02607729e-24 1.03509964e-24 1.04423799e-24 1.05349402e-24
 1.06286946e-24 1.07236604e-24 1.08198554e-24 1.09172977e-24
 1.10160056e-24 1.11159984e-24 1.12172931e-24 1.13199109e-24
 1.14238708e-24 1.15291928e-24 1.16358972e-24 1.17440045e-24
 1.18535358e-24 1.19645124e-24 1.20769559e-24 1.21908893e-24
 1.23063326e-24 1.24233109e-24 1.25418468e-24 1.26619638e-24
 1.27836859e-24 1.29070376e-24 1.30320438e-24 1.31587296e-24
 1.32871210e-24 1.34172438e-24 1.35491247e-24 1.36827909e-24
 1.38182699e-24 1.39555897e-24 1.40947787e-24 1.42358660e-24
 1.43788811e-24 1.45238540e-24 1.46708149e-24 1.48197953e-24
 1.49708267e-24 1.51239410e-24 1.52791712e-24 1.54365504e-24
 1.55961125e-24 1.57578920e-24 1.59219238e-24 1.60882436e-24
 1.62568876e-24 1.64278929e-24 1.66012968e-24 1.67771375e-24
 1.69554539e-24 1.71362856e-24 1.73196724e-24 1.75056555e-24
 1.76942763e-24 1.78855770e-24 1.80796007e-24 1.82763908e-24
 1.84759919e-24 1.86784490e-24 1.88838079e-24 1.90921153e-24
 1.93034183e-24 1.95177650e-24 1.97352042e-24 1.99557853e-24
 2.01795586e-24 2.04065749e-24 2.06368860e-24 2.08705441e-24
 2.11076023e-24 2.13481141e-24 2.15921339e-24 2.18397166e-24
 2.20909176e-24 2.23457928e-24 2.26043987e-24 2.28667922e-24
 2.31330303e-24 2.34031707e-24 2.36772708e-24 2.39553884e-24
 2.42375811e-24 2.45239065e-24 2.48144216e-24 2.51091842e-24
 2.54082468e-24 2.57116678e-24 2.60194998e-24 2.63317952e-24
 2.66486044e-24 2.69699757e-24 2.72959546e-24 2.76265838e-24
 2.79619021e-24 2.83019442e-24 2.86467396e-24 2.89963122e-24
 2.93506792e-24 2.97098498e-24 3.00738248e-24 3.04425945e-24]), minimum_frequency=5.0, maximum_frequency=2048.0, length=20.0, latitude=29.0, longitude=-94.0, elevation=0.0, xarm_azimuth=200.0, yarm_azimuth=290.0, xarm_tilt=0.0, yarm_tilt=0.0).
15005it [00:00, ?it/s]15005it [00:51, ?it/s, bound:3253 nc:2140 ncall:1.4e+07 eff:0.1% logz-ratio=1121159.41+/-0.18 dlogz:899.865>0.01]15009it [01:50, 14.75s/it, bound:3254 nc:2609 ncall:1.4e+07 eff:0.1% logz-ratio=1121160.50+/-0.11 dlogz:898.648>0.01]15013it [02:30, 11.95s/it, bound:3255 nc:1538 ncall:1.4e+07 eff:0.1% logz-ratio=1121161.86+/-0.16 dlogz:897.555>0.01]15017it [03:11, 11.24s/it, bound:3256 nc:1566 ncall:1.4e+07 eff:0.1% logz-ratio=1121164.84+/-0.23 dlogz:894.637>0.01]15021it [04:03, 11.93s/it, bound:3257 nc:2352 ncall:1.4e+07 eff:0.1% logz-ratio=1121167.48+/-0.25 dlogz:892.433>0.01]15025it [04:50, 11.88s/it, bound:3258 nc:1790 ncall:1.4e+07 eff:0.1% logz-ratio=1121170.87+/-0.23 dlogz:888.636>0.01]15029it [05:43, 12.29s/it, bound:3259 nc:2615 ncall:1.4e+07 eff:0.1% logz-ratio=1121173.08+/-0.19 dlogz:886.156>0.01]15030it [05:56, 12.37s/it, bound:3259 nc:2205 ncall:1.4e+07 eff:0.1% logz-ratio=1121173.37+/-0.13 dlogz:885.814>0.01]15033it [06:49, 14.05s/it, bound:3260 nc:2371 ncall:1.4e+07 eff:0.1% logz-ratio=1121174.19+/-0.17 dlogz:884.950>0.01]15037it [07:43, 13.90s/it, bound:3261 nc:2276 ncall:1.4e+07 eff:0.1% logz-ratio=1121175.14+/-0.16 dlogz:883.974>0.01]15041it [08:43, 14.22s/it, bound:3262 nc:2048 ncall:1.4e+07 eff:0.1% logz-ratio=1121176.46+/-0.19 dlogz:882.832>0.01]15045it [09:34, 13.77s/it, bound:3263 nc:2283 ncall:1.4e+07 eff:0.1% logz-ratio=1121178.57+/-0.22 dlogz:880.897>0.01]15049it [10:35, 14.28s/it, bound:3264 nc:2095 ncall:1.4e+07 eff:0.1% logz-ratio=1121180.56+/-0.20 dlogz:878.743>0.01]15053it [11:26, 13.75s/it, bound:3265 nc:1883 ncall:1.4e+07 eff:0.1% logz-ratio=1121183.16+/-0.24 dlogz:876.554>0.01]15057it [12:20, 13.68s/it, bound:3266 nc:956 ncall:1.4e+07 eff:0.1% logz-ratio=1121185.34+/-0.21 dlogz:873.960>0.01] 15061it [13:22, 14.27s/it, bound:3267 nc:1942 ncall:1.4e+07 eff:0.1% logz-ratio=1121186.65+/-0.13 dlogz:872.486>0.01]15065it [14:12, 13.67s/it, bound:3268 nc:2323 ncall:1.4e+07 eff:0.1% logz-ratio=1121189.83+/-0.17 dlogz:869.536>0.01]15069it [15:10, 13.94s/it, bound:3269 nc:2613 ncall:1.4e+07 eff:0.1% logz-ratio=1121191.83+/-0.23 dlogz:867.462>0.01]15073it [16:05, 13.91s/it, bound:3270 nc:1954 ncall:1.4e+07 eff:0.1% logz-ratio=1121193.57+/-0.21 dlogz:865.733>0.01]15074it [16:15, 13.52s/it, bound:3270 nc:1753 ncall:1.4e+07 eff:0.1% logz-ratio=1121194.27+/-0.19 dlogz:865.239>0.01]15077it [17:10, 14.98s/it, bound:3271 nc:2101 ncall:1.4e+07 eff:0.1% logz-ratio=1121196.05+/-0.22 dlogz:863.328>0.01]15081it [18:08, 14.79s/it, bound:3272 nc:2113 ncall:1.4e+07 eff:0.1% logz-ratio=1121197.56+/-0.18 dlogz:861.534>0.01]15085it [19:05, 14.59s/it, bound:3273 nc:2488 ncall:1.4e+07 eff:0.1% logz-ratio=1121199.46+/-0.20 dlogz:859.742>0.01]15089it [19:53, 13.71s/it, bound:3274 nc:1974 ncall:1.4e+07 eff:0.1% logz-ratio=1121202.61+/-0.24 dlogz:857.002>0.01]15093it [20:56, 14.37s/it, bound:3275 nc:2267 ncall:1.4e+07 eff:0.1% logz-ratio=1121205.05+/-0.22 dlogz:854.270>0.01]15097it [21:46, 13.78s/it, bound:3276 nc:1511 ncall:1.4e+07 eff:0.1% logz-ratio=1121207.03+/-0.21 dlogz:852.216>0.01]15100it [21:46, 10.33s/it, bound:3277 nc:2266 ncall:1.4e+07 eff:0.1% logz-ratio=1121209.32+/-0.20 dlogz:850.285>0.01]15100it [22:00, 10.33s/it, bound:3277 nc:2266 ncall:1.4e+07 eff:0.1% logz-ratio=1121209.32+/-0.20 dlogz:850.285>0.01]15101it [22:37, 14.72s/it, bound:3277 nc:2621 ncall:1.4e+07 eff:0.1% logz-ratio=1121210.28+/-0.24 dlogz:849.439>0.01]15105it [23:38, 14.93s/it, bound:3278 nc:1934 ncall:1.4e+07 eff:0.1% logz-ratio=1121213.33+/-0.24 dlogz:846.352>0.01]15107it [23:39, 11.76s/it, bound:3278 nc:  1 ncall:1.4e+07 eff:0.1% logz-ratio=1121463.53+/-0.28 dlogz:594.143>0.01] 15108it [23:50, 11.76s/it, bound:3279 nc:2014 ncall:1.4e+07 eff:0.1% logz-ratio=1121215.76+/-0.20 dlogz:843.859>0.01]15109it [24:37, 15.89s/it, bound:3279 nc:1271 ncall:1.4e+07 eff:0.1% logz-ratio=1121217.30+/-0.26 dlogz:842.984>0.01]15113it [25:39, 15.66s/it, bound:3280 nc:1957 ncall:1.4e+07 eff:0.1% logz-ratio=1121219.93+/-0.15 dlogz:839.199>0.01]15116it [25:39, 10.97s/it, bound:3281 nc:  1 ncall:1.4e+07 eff:0.1% logz-ratio=1121590.44+/-0.27 dlogz:466.643>0.01] 15116it [25:50, 10.97s/it, bound:3281 nc:  1 ncall:1.4e+07 eff:0.1% logz-ratio=1122051.81+/-0.37 dlogz:1.099>0.01]  15117it [26:32, 16.31s/it, bound:3281 nc:2258 ncall:1.4e+07 eff:0.1% logz-ratio=1121221.13+/-0.15 dlogz:838.000>0.01]15119it [26:48, 14.04s/it, bound:3281 nc:2156 ncall:1.4e+07 eff:0.1% logz-ratio=1121223.27+/-0.24 dlogz:837.059>0.01]15121it [27:47, 18.32s/it, bound:3282 nc:1219 ncall:1.4e+07 eff:0.1% logz-ratio=1121225.12+/-0.19 dlogz:834.295>0.01]15125it [28:35, 15.56s/it, bound:3283 nc:1627 ncall:1.4e+07 eff:0.1% logz-ratio=1121227.62+/-0.24 dlogz:831.963>0.01]15129it [29:22, 14.05s/it, bound:3284 nc:1621 ncall:1.4e+07 eff:0.1% logz-ratio=1121230.24+/-0.24 dlogz:829.013>0.01]15132it [29:22,  9.96s/it, bound:3285 nc:  1 ncall:1.4e+07 eff:0.1% logz-ratio=1121315.62+/-0.27 dlogz:742.750>0.01] 15132it [29:40,  9.96s/it, bound:3285 nc:  1 ncall:1.4e+07 eff:0.1% logz-ratio=1122051.78+/-0.37 dlogz:1.099>0.01]  15133it [30:28, 16.82s/it, bound:3285 nc:2286 ncall:1.4e+07 eff:0.1% logz-ratio=1121233.35+/-0.21 dlogz:826.244>0.01]15136it [30:28, 11.05s/it, bound:3286 nc:  1 ncall:1.4e+07 eff:0.1% logz-ratio=1121349.60+/-0.27 dlogz:708.569>0.01] 15136it [30:40, 11.05s/it, bound:3286 nc:  1 ncall:1.4e+07 eff:0.1% logz-ratio=1122051.77+/-0.37 dlogz:1.099>0.01]  15137it [31:22, 17.08s/it, bound:3286 nc:2408 ncall:1.4e+07 eff:0.1% logz-ratio=1121237.30+/-0.20 dlogz:822.169>0.01]15141it [32:24, 16.33s/it, bound:3287 nc:2428 ncall:1.4e+07 eff:0.1% logz-ratio=1121239.37+/-0.15 dlogz:819.716>0.01]15145it [33:14, 14.91s/it, bound:3288 nc:2116 ncall:1.4e+07 eff:0.1% logz-ratio=1121240.39+/-0.12 dlogz:818.516>0.01]15149it [34:13, 14.80s/it, bound:3289 nc:2079 ncall:1.4e+07 eff:0.1% logz-ratio=1121242.65+/-0.17 dlogz:816.570>0.01]15152it [34:13, 10.71s/it, bound:3290 nc:  1 ncall:1.4e+07 eff:0.1% logz-ratio=1121681.08+/-0.27 dlogz:375.321>0.01] 15152it [34:30, 10.71s/it, bound:3290 nc:  1 ncall:1.4e+07 eff:0.1% logz-ratio=1122051.74+/-0.36 dlogz:1.099>0.01]  15153it [35:09, 15.96s/it, bound:3290 nc:1488 ncall:1.4e+07 eff:0.1% logz-ratio=1121244.24+/-0.15 dlogz:814.778>0.01]15157it [36:16, 16.31s/it, bound:3291 nc:2037 ncall:1.4e+07 eff:0.1% logz-ratio=1121245.47+/-0.16 dlogz:813.410>0.01]15159it [36:16, 12.70s/it, bound:3291 nc:  1 ncall:1.4e+07 eff:0.1% logz-ratio=1121415.23+/-0.26 dlogz:642.671>0.01] 15160it [36:30, 12.70s/it, bound:3292 nc:2730 ncall:1.4e+07 eff:0.1% logz-ratio=1121247.24+/-0.18 dlogz:812.000>0.01]15161it [36:57, 14.59s/it, bound:3292 nc:1655 ncall:1.4e+07 eff:0.1% logz-ratio=1121247.66+/-0.21 dlogz:811.392>0.01]15162it [37:13, 14.81s/it, bound:3292 nc:1651 ncall:1.4e+07 eff:0.1% logz-ratio=1121248.02+/-0.14 dlogz:810.971>0.01]15165it [37:57, 14.71s/it, bound:3293 nc:1518 ncall:1.4e+07 eff:0.1% logz-ratio=1121248.99+/-0.15 dlogz:810.006>0.01]15169it [39:02, 15.31s/it, bound:3294 nc:2948 ncall:1.4e+07 eff:0.1% logz-ratio=1121250.63+/-0.20 dlogz:808.480>0.01]15173it [39:55, 14.54s/it, bound:3295 nc:2414 ncall:1.4e+07 eff:0.1% logz-ratio=1121253.88+/-0.18 dlogz:805.315>0.01]15177it [40:46, 13.93s/it, bound:3296 nc:1470 ncall:1.4e+07 eff:0.1% logz-ratio=1121255.56+/-0.22 dlogz:803.366>0.01]15181it [41:46, 14.27s/it, bound:3297 nc:1770 ncall:1.5e+07 eff:0.1% logz-ratio=1121256.90+/-0.19 dlogz:802.126>0.01]15185it [42:46, 14.57s/it, bound:3298 nc:1932 ncall:1.5e+07 eff:0.1% logz-ratio=1121259.50+/-0.17 dlogz:799.616>0.01]15189it [43:38, 14.00s/it, bound:3299 nc:1245 ncall:1.5e+07 eff:0.1% logz-ratio=1121260.97+/-0.14 dlogz:797.936>0.01]15193it [44:28, 13.57s/it, bound:3300 nc:2052 ncall:1.5e+07 eff:0.1% logz-ratio=1121263.75+/-0.23 dlogz:795.444>0.01]15197it [45:19, 13.35s/it, bound:3301 nc:1901 ncall:1.5e+07 eff:0.1% logz-ratio=1121267.18+/-0.25 dlogz:792.343>0.01]15201it [46:06, 12.81s/it, bound:3302 nc:1933 ncall:1.5e+07 eff:0.1% logz-ratio=1121269.37+/-0.15 dlogz:789.596>0.01]15205it [46:54, 12.57s/it, bound:3303 nc:1902 ncall:1.5e+07 eff:0.1% logz-ratio=1121271.11+/-0.22 dlogz:787.803>0.01]15209it [47:47, 12.78s/it, bound:3304 nc:2628 ncall:1.5e+07 eff:0.1% logz-ratio=1121273.06+/-0.21 dlogz:787.117>0.01]15210it [47:57, 12.49s/it, bound:3304 nc:1091 ncall:1.5e+07 eff:0.1% logz-ratio=1121273.54+/-0.16 dlogz:786.601>0.01]15212it [48:10, 12.49s/it, bound:3305 nc:  1 ncall:1.5e+07 eff:0.1% logz-ratio=1122053.25+/-nan dlogz:0.794>0.01]    15213it [48:47, 13.76s/it, bound:3305 nc:2223 ncall:1.5e+07 eff:0.1% logz-ratio=1121274.62+/-0.13 dlogz:785.337>0.01]15217it [49:43, 13.84s/it, bound:3306 nc:2443 ncall:1.5e+07 eff:0.1% logz-ratio=1121276.56+/-0.16 dlogz:783.564>0.01]15221it [50:38, 13.82s/it, bound:3307 nc:2066 ncall:1.5e+07 eff:0.1% logz-ratio=1121277.87+/-0.13 dlogz:782.058>0.01]15225it [51:29, 13.49s/it, bound:3308 nc:2417 ncall:1.5e+07 eff:0.1% logz-ratio=1121278.97+/-0.11 dlogz:780.870>0.01]15229it [52:25, 13.61s/it, bound:3309 nc:1448 ncall:1.5e+07 eff:0.1% logz-ratio=1121280.31+/-0.15 dlogz:779.722>0.01]15233it [53:12, 13.03s/it, bound:3310 nc:2048 ncall:1.5e+07 eff:0.1% logz-ratio=1121281.58+/-0.18 dlogz:778.323>0.01]15237it [54:09, 13.44s/it, bound:3311 nc:1716 ncall:1.5e+07 eff:0.1% logz-ratio=1121282.84+/-0.17 dlogz:777.072>0.01]15241it [55:02, 13.35s/it, bound:3312 nc:2074 ncall:1.5e+07 eff:0.1% logz-ratio=1121284.14+/-0.12 dlogz:775.717>0.01]15245it [55:53, 13.21s/it, bound:3313 nc:1812 ncall:1.5e+07 eff:0.1% logz-ratio=1121286.38+/-0.20 dlogz:773.589>0.01]15249it [56:43, 12.93s/it, bound:3314 nc:1536 ncall:1.5e+07 eff:0.1% logz-ratio=1121290.82+/-0.26 dlogz:769.844>0.01]15253it [57:42, 13.48s/it, bound:3315 nc:1978 ncall:1.5e+07 eff:0.1% logz-ratio=1121295.28+/-0.21 dlogz:764.773>0.01]15257it [58:36, 13.51s/it, bound:3316 nc:2048 ncall:1.5e+07 eff:0.1% logz-ratio=1121299.22+/-0.25 dlogz:761.222>0.01]15258it [58:46, 13.15s/it, bound:3316 nc:2396 ncall:1.5e+07 eff:0.1% logz-ratio=1121299.87+/-0.18 dlogz:760.349>0.01]15260it [59:00, 13.15s/it, bound:3317 nc:2253 ncall:1.5e+07 eff:0.1% logz-ratio=1121300.78+/-0.16 dlogz:759.220>0.01]15261it [59:33, 13.92s/it, bound:3317 nc:1871 ncall:1.5e+07 eff:0.1% logz-ratio=1121301.25+/-0.20 dlogz:758.780>0.01]15265it [1:00:22, 13.28s/it, bound:3318 nc:1810 ncall:1.5e+07 eff:0.1% logz-ratio=1121302.77+/-0.18 dlogz:757.063>0.01]15269it [1:01:11, 12.98s/it, bound:3319 nc:1741 ncall:1.5e+07 eff:0.1% logz-ratio=1121306.12+/-0.26 dlogz:755.007>0.01]15273it [1:02:01, 12.82s/it, bound:3320 nc:2100 ncall:1.5e+07 eff:0.1% logz-ratio=1121308.47+/-0.20 dlogz:751.459>0.01]15277it [1:02:52, 12.80s/it, bound:3321 nc:2095 ncall:1.5e+07 eff:0.1% logz-ratio=1121310.33+/-0.19 dlogz:749.582>0.01]15281it [1:03:49, 13.25s/it, bound:3322 nc:2357 ncall:1.5e+07 eff:0.1% logz-ratio=1121311.71+/-0.17 dlogz:748.045>0.01]15285it [1:04:41, 13.14s/it, bound:3323 nc:1669 ncall:1.5e+07 eff:0.1% logz-ratio=1121312.97+/-0.16 dlogz:747.015>0.01]15289it [1:05:35, 13.28s/it, bound:3324 nc:1299 ncall:1.5e+07 eff:0.1% logz-ratio=1121315.64+/-0.17 dlogz:744.405>0.01]15293it [1:06:27, 13.23s/it, bound:3325 nc:2495 ncall:1.5e+07 eff:0.1% logz-ratio=1121316.94+/-0.12 dlogz:742.804>0.01]15297it [1:07:21, 13.31s/it, bound:3326 nc:1631 ncall:1.5e+07 eff:0.1% logz-ratio=1121318.47+/-0.23 dlogz:741.510>0.01]15301it [1:08:19, 13.63s/it, bound:3327 nc:2604 ncall:1.5e+07 eff:0.1% logz-ratio=1121320.57+/-0.21 dlogz:739.340>0.01]15305it [1:09:18, 13.99s/it, bound:3328 nc:2451 ncall:1.5e+07 eff:0.1% logz-ratio=1121321.70+/-0.16 dlogz:737.993>0.01]15306it [1:09:28, 13.58s/it, bound:3328 nc:2405 ncall:1.5e+07 eff:0.1% logz-ratio=1121321.88+/-0.11 dlogz:737.774>0.01]15309it [1:10:17, 14.34s/it, bound:3329 nc:2210 ncall:1.5e+07 eff:0.1% logz-ratio=1121322.45+/-0.15 dlogz:737.224>0.01]15313it [1:11:10, 13.97s/it, bound:3330 nc:2033 ncall:1.5e+07 eff:0.1% logz-ratio=1121323.53+/-0.18 dlogz:736.340>0.01]15317it [1:11:58, 13.31s/it, bound:3331 nc:2481 ncall:1.5e+07 eff:0.1% logz-ratio=1121325.65+/-0.16 dlogz:734.225>0.01]15321it [1:12:59, 13.95s/it, bound:3332 nc:2435 ncall:1.5e+07 eff:0.1% logz-ratio=1121326.89+/-0.20 dlogz:732.833>0.01]15325it [1:13:47, 13.37s/it, bound:3333 nc:1300 ncall:1.5e+07 eff:0.1% logz-ratio=1121328.32+/-0.19 dlogz:731.418>0.01]15329it [1:14:42, 13.45s/it, bound:3334 nc:1758 ncall:1.5e+07 eff:0.1% logz-ratio=1121329.63+/-0.19 dlogz:730.147>0.01]15333it [1:15:28, 12.85s/it, bound:3335 nc:2395 ncall:1.5e+07 eff:0.1% logz-ratio=1121330.89+/-0.18 dlogz:728.856>0.01]15337it [1:16:15, 12.55s/it, bound:3336 nc:2166 ncall:1.5e+07 eff:0.1% logz-ratio=1121333.68+/-0.17 dlogz:726.299>0.01]15341it [1:17:10, 12.88s/it, bound:3337 nc:2386 ncall:1.5e+07 eff:0.1% logz-ratio=1121335.05+/-0.21 dlogz:724.611>0.01]15345it [1:17:55, 12.36s/it, bound:3338 nc:1710 ncall:1.5e+07 eff:0.1% logz-ratio=1121335.80+/-0.14 dlogz:723.741>0.01]15349it [1:18:40, 12.06s/it, bound:3339 nc:1871 ncall:1.5e+07 eff:0.1% logz-ratio=1121336.40+/-0.10 dlogz:723.159>0.01]15353it [1:19:27, 11.97s/it, bound:3340 nc:2366 ncall:1.5e+07 eff:0.1% logz-ratio=1121338.18+/-0.20 dlogz:721.566>0.01]15354it [1:19:37, 11.76s/it, bound:3340 nc:1696 ncall:1.5e+07 eff:0.1% logz-ratio=1121338.48+/-0.13 dlogz:721.195>0.01]15357it [1:20:25, 12.98s/it, bound:3341 nc:1704 ncall:1.5e+07 eff:0.1% logz-ratio=1121339.99+/-0.19 dlogz:720.096>0.01]15361it [1:21:13, 12.69s/it, bound:3342 nc:1570 ncall:1.5e+07 eff:0.1% logz-ratio=1121341.78+/-0.19 dlogz:717.966>0.01]15364it [1:22:06, 14.07s/it, bound:3343 nc:1879 ncall:1.5e+07 eff:0.1% logz-ratio=1121343.20+/-0.18 dlogz:716.774>0.01]15368it [1:22:56, 13.53s/it, bound:3344 nc:2346 ncall:1.5e+07 eff:0.1% logz-ratio=1121344.75+/-0.13 dlogz:714.867>0.01]15372it [1:23:44, 12.98s/it, bound:3345 nc:1593 ncall:1.5e+07 eff:0.1% logz-ratio=1121345.90+/-0.15 dlogz:713.803>0.01]15376it [1:24:37, 13.08s/it, bound:3346 nc:2517 ncall:1.5e+07 eff:0.1% logz-ratio=1121348.08+/-0.21 dlogz:711.650>0.01]15380it [1:25:22, 12.47s/it, bound:3347 nc:1827 ncall:1.5e+07 eff:0.1% logz-ratio=1121350.03+/-0.19 dlogz:709.969>0.01]15384it [1:26:19, 13.06s/it, bound:3348 nc:1997 ncall:1.5e+07 eff:0.1% logz-ratio=1121352.46+/-0.24 dlogz:707.790>0.01]15388it [1:27:13, 13.16s/it, bound:3349 nc:2085 ncall:1.5e+07 eff:0.1% logz-ratio=1121355.10+/-0.22 dlogz:704.836>0.01]15392it [1:28:09, 13.41s/it, bound:3350 nc:2289 ncall:1.5e+07 eff:0.1% logz-ratio=1121356.52+/-0.18 dlogz:703.087>0.01]15396it [1:29:03, 13.46s/it, bound:3351 nc:1938 ncall:1.5e+07 eff:0.1% logz-ratio=1121358.12+/-0.21 dlogz:701.681>0.01]15400it [1:29:52, 13.13s/it, bound:3352 nc:1804 ncall:1.5e+07 eff:0.1% logz-ratio=1121359.83+/-0.14 dlogz:699.762>0.01]15402it [1:30:02, 11.68s/it, bound:3352 nc:1993 ncall:1.5e+07 eff:0.1% logz-ratio=1121360.36+/-0.12 dlogz:699.177>0.01]15404it [1:30:59, 15.08s/it, bound:3353 nc:2361 ncall:1.5e+07 eff:0.1% logz-ratio=1121361.48+/-0.20 dlogz:698.594>0.01]15406it [1:31:00, 11.73s/it, bound:3353 nc:1725 ncall:1.5e+07 eff:0.1% logz-ratio=1121363.65+/-0.22 dlogz:696.674>0.01]15408it [1:31:56, 15.79s/it, bound:3354 nc:2124 ncall:1.5e+07 eff:0.1% logz-ratio=1121365.48+/-0.19 dlogz:694.522>0.01]15412it [1:32:42, 14.01s/it, bound:3355 nc:1261 ncall:1.5e+07 eff:0.1% logz-ratio=1121367.42+/-0.16 dlogz:692.260>0.01]15416it [1:33:32, 13.42s/it, bound:3356 nc:2058 ncall:1.5e+07 eff:0.1% logz-ratio=1121369.58+/-0.21 dlogz:690.089>0.01]15420it [1:34:29, 13.75s/it, bound:3357 nc:1750 ncall:1.5e+07 eff:0.1% logz-ratio=1121371.05+/-0.19 dlogz:688.566>0.01]15424it [1:35:12, 12.74s/it, bound:3358 nc:1720 ncall:1.5e+07 eff:0.1% logz-ratio=1121373.37+/-0.22 dlogz:686.570>0.01]15428it [1:35:57, 12.28s/it, bound:3359 nc:2215 ncall:1.5e+07 eff:0.1% logz-ratio=1121375.56+/-0.22 dlogz:684.339>0.01]15432it [1:36:45, 12.15s/it, bound:3360 nc:1876 ncall:1.5e+07 eff:0.1% logz-ratio=1121377.60+/-0.17 dlogz:682.171>0.01]15436it [1:37:37, 12.45s/it, bound:3361 nc:1306 ncall:1.5e+07 eff:0.1% logz-ratio=1121380.53+/-0.21 dlogz:679.696>0.01]15440it [1:38:29, 12.60s/it, bound:3362 nc:2458 ncall:1.5e+07 eff:0.1% logz-ratio=1121383.18+/-0.17 dlogz:676.550>0.01]15444it [1:39:17, 12.41s/it, bound:3363 nc:1976 ncall:1.5e+07 eff:0.1% logz-ratio=1121386.19+/-0.17 dlogz:673.569>0.01]15448it [1:39:57, 11.69s/it, bound:3364 nc:1253 ncall:1.5e+07 eff:0.1% logz-ratio=1121388.36+/-0.15 dlogz:671.204>0.01]15452it [1:40:40, 11.41s/it, bound:3365 nc:1863 ncall:1.5e+07 eff:0.1% logz-ratio=1121390.27+/-0.21 dlogz:669.462>0.01]15453it [1:40:50, 11.25s/it, bound:3365 nc:2149 ncall:1.5e+07 eff:0.1% logz-ratio=1121390.80+/-0.17 dlogz:668.904>0.01]15456it [1:41:41, 12.99s/it, bound:3366 nc:2024 ncall:1.5e+07 eff:0.1% logz-ratio=1121392.07+/-0.20 dlogz:667.633>0.01]15460it [1:42:27, 12.46s/it, bound:3367 nc:2323 ncall:1.5e+07 eff:0.1% logz-ratio=1121394.00+/-0.16 dlogz:665.578>0.01]15464it [1:43:12, 11.99s/it, bound:3368 nc:1402 ncall:1.5e+07 eff:0.1% logz-ratio=1121395.25+/-0.20 dlogz:664.253>0.01]15468it [1:44:09, 12.77s/it, bound:3369 nc:2206 ncall:1.5e+07 eff:0.1% logz-ratio=1121396.86+/-0.18 dlogz:662.867>0.01]15472it [1:44:59, 12.70s/it, bound:3370 nc:1665 ncall:1.5e+07 eff:0.1% logz-ratio=1121398.74+/-0.19 dlogz:661.127>0.01]15476it [1:45:47, 12.48s/it, bound:3371 nc:2029 ncall:1.5e+07 eff:0.1% logz-ratio=1121400.62+/-0.20 dlogz:658.958>0.01]15480it [1:46:39, 12.63s/it, bound:3372 nc:2122 ncall:1.5e+07 eff:0.1% logz-ratio=1121402.39+/-0.19 dlogz:657.126>0.01]15484it [1:47:42, 13.56s/it, bound:3373 nc:1947 ncall:1.5e+07 eff:0.1% logz-ratio=1121404.93+/-0.19 dlogz:654.894>0.01]15488it [1:48:38, 13.70s/it, bound:3374 nc:2102 ncall:1.5e+07 eff:0.1% logz-ratio=1121407.01+/-0.16 dlogz:652.527>0.01]15492it [1:49:38, 14.06s/it, bound:3375 nc:2041 ncall:1.5e+07 eff:0.1% logz-ratio=1121408.79+/-0.23 dlogz:650.751>0.01]15496it [1:50:31, 13.82s/it, bound:3376 nc:1313 ncall:1.5e+07 eff:0.1% logz-ratio=1121410.89+/-0.19 dlogz:648.498>0.01]15500it [1:51:22, 13.49s/it, bound:3377 nc:2363 ncall:1.5e+07 eff:0.1% logz-ratio=1121412.01+/-0.18 dlogz:647.406>0.01]15501it [1:51:32, 13.16s/it, bound:3377 nc:1881 ncall:1.5e+07 eff:0.1% logz-ratio=1121412.34+/-0.14 dlogz:647.076>0.01]15504it [1:52:17, 13.77s/it, bound:3378 nc:1402 ncall:1.5e+07 eff:0.1% logz-ratio=1121413.20+/-0.14 dlogz:646.182>0.01]15508it [1:53:10, 13.51s/it, bound:3379 nc:2329 ncall:1.5e+07 eff:0.1% logz-ratio=1121414.42+/-0.18 dlogz:644.920>0.01]15512it [1:53:58, 13.03s/it, bound:3380 nc:1692 ncall:1.5e+07 eff:0.1% logz-ratio=1121415.58+/-0.18 dlogz:643.796>0.01]15516it [1:54:44, 12.56s/it, bound:3381 nc:1898 ncall:1.5e+07 eff:0.1% logz-ratio=1121417.28+/-0.19 dlogz:642.470>0.01]15520it [1:55:37, 12.74s/it, bound:3382 nc:2374 ncall:1.5e+07 eff:0.1% logz-ratio=1121420.24+/-0.25 dlogz:639.554>0.01]15524it [1:56:33, 13.12s/it, bound:3383 nc:2127 ncall:1.5e+07 eff:0.1% logz-ratio=1121422.54+/-0.21 dlogz:636.954>0.01]15528it [1:57:19, 12.68s/it, bound:3384 nc:1522 ncall:1.5e+07 eff:0.1% logz-ratio=1121424.27+/-0.20 dlogz:635.168>0.01]15532it [1:58:10, 12.63s/it, bound:3385 nc:1818 ncall:1.5e+07 eff:0.1% logz-ratio=1121425.91+/-0.14 dlogz:633.453>0.01]15536it [1:58:53, 12.08s/it, bound:3386 nc:1624 ncall:1.5e+07 eff:0.1% logz-ratio=1121428.30+/-0.20 dlogz:631.534>0.01]15540it [1:59:35, 11.64s/it, bound:3387 nc:1550 ncall:1.5e+07 eff:0.1% logz-ratio=1121429.93+/-0.18 dlogz:629.386>0.01]15544it [2:00:35, 12.61s/it, bound:3388 nc:2498 ncall:1.5e+07 eff:0.1% logz-ratio=1121431.10+/-0.20 dlogz:628.226>0.01]15548it [2:01:26, 12.66s/it, bound:3389 nc:2578 ncall:1.5e+07 eff:0.1% logz-ratio=1121433.69+/-0.24 dlogz:626.069>0.01]15552it [2:02:21, 13.00s/it, bound:3390 nc:2089 ncall:1.5e+07 eff:0.1% logz-ratio=1121435.86+/-0.22 dlogz:623.750>0.01]15553it [2:02:31, 12.73s/it, bound:3390 nc:2123 ncall:1.5e+07 eff:0.1% logz-ratio=1121436.58+/-0.19 dlogz:623.118>0.01]15556it [2:03:22, 13.98s/it, bound:3391 nc:2383 ncall:1.5e+07 eff:0.1% logz-ratio=1121439.28+/-0.25 dlogz:620.503>0.01]15560it [2:04:17, 13.88s/it, bound:3392 nc:2380 ncall:1.5e+07 eff:0.1% logz-ratio=1121441.41+/-0.16 dlogz:617.999>0.01]15564it [2:05:12, 13.80s/it, bound:3393 nc:2604 ncall:1.5e+07 eff:0.1% logz-ratio=1121443.31+/-0.16 dlogz:616.095>0.01]15568it [2:06:00, 13.29s/it, bound:3394 nc:2211 ncall:1.5e+07 eff:0.1% logz-ratio=1121444.87+/-0.14 dlogz:614.426>0.01]15572it [2:06:44, 12.49s/it, bound:3395 nc:2188 ncall:1.5e+07 eff:0.1% logz-ratio=1121446.14+/-0.13 dlogz:613.087>0.01]15576it [2:07:28, 12.08s/it, bound:3396 nc:2420 ncall:1.5e+07 eff:0.1% logz-ratio=1121447.30+/-0.14 dlogz:638.591>0.01]15580it [2:08:23, 12.58s/it, bound:3397 nc:2978 ncall:1.5e+07 eff:0.1% logz-ratio=1121448.75+/-0.13 dlogz:637.059>0.01]15584it [2:09:17, 12.82s/it, bound:3398 nc:1456 ncall:1.5e+07 eff:0.1% logz-ratio=1121450.19+/-0.15 dlogz:635.730>0.01]15588it [2:10:03, 12.45s/it, bound:3399 nc:1957 ncall:1.5e+07 eff:0.1% logz-ratio=1121451.55+/-0.13 dlogz:634.242>0.01]15592it [2:10:47, 11.99s/it, bound:3400 nc:1826 ncall:1.5e+07 eff:0.1% logz-ratio=1121452.66+/-0.13 dlogz:633.127>0.01]15596it [2:11:41, 12.47s/it, bound:3401 nc:2133 ncall:1.5e+07 eff:0.1% logz-ratio=1121454.05+/-0.20 dlogz:631.815>0.01]15600it [2:12:38, 13.00s/it, bound:3402 nc:1672 ncall:1.5e+07 eff:0.1% logz-ratio=1121454.94+/-0.15 dlogz:665.777>0.01]15601it [2:12:48, 12.72s/it, bound:3402 nc:1987 ncall:1.5e+07 eff:0.1% logz-ratio=1121455.11+/-0.11 dlogz:665.602>0.01]15604it [2:13:40, 14.12s/it, bound:3403 nc:2619 ncall:1.5e+07 eff:0.1% logz-ratio=1121455.77+/-0.16 dlogz:664.993>0.01]15608it [2:14:33, 13.75s/it, bound:3404 nc:1676 ncall:1.5e+07 eff:0.1% logz-ratio=1121457.02+/-0.14 dlogz:663.811>0.01]15612it [2:15:19, 13.04s/it, bound:3405 nc:1858 ncall:1.5e+07 eff:0.1% logz-ratio=1121458.17+/-0.16 dlogz:662.573>0.01]15616it [2:16:07, 12.64s/it, bound:3406 nc:2009 ncall:1.5e+07 eff:0.1% logz-ratio=1121459.65+/-0.20 dlogz:661.259>0.01]15620it [2:17:02, 13.03s/it, bound:3407 nc:1971 ncall:1.5e+07 eff:0.1% logz-ratio=1121461.44+/-0.21 dlogz:659.520>0.01]15624it [2:17:42, 12.05s/it, bound:3408 nc:1656 ncall:1.5e+07 eff:0.1% logz-ratio=1121463.54+/-0.23 dlogz:657.569>0.01]15628it [2:18:26, 11.72s/it, bound:3409 nc:2517 ncall:1.5e+07 eff:0.1% logz-ratio=1121465.22+/-0.16 dlogz:655.683>0.01]15632it [2:19:10, 11.54s/it, bound:3410 nc:2059 ncall:1.5e+07 eff:0.1% logz-ratio=1121466.54+/-0.21 dlogz:654.255>0.01]15636it [2:20:04, 12.13s/it, bound:3411 nc:2716 ncall:1.5e+07 eff:0.1% logz-ratio=1121468.11+/-0.19 dlogz:652.649>0.01]15640it [2:20:56, 12.38s/it, bound:3412 nc:1731 ncall:1.5e+07 eff:0.1% logz-ratio=1121469.25+/-0.18 dlogz:651.485>0.01]15642it [2:20:56, 10.19s/it, bound:3412 nc:  1 ncall:1.5e+07 eff:0.1% logz-ratio=1121977.10+/-0.24 dlogz:139.534>0.01] 15644it [2:21:45, 13.11s/it, bound:3413 nc:1952 ncall:1.5e+07 eff:0.1% logz-ratio=1121470.49+/-0.18 dlogz:650.244>0.01]15648it [2:22:45, 13.74s/it, bound:3414 nc:1984 ncall:1.5e+07 eff:0.1% logz-ratio=1121471.42+/-0.15 dlogz:649.227>0.01]15649it [2:23:07, 14.74s/it, bound:3414 nc:2222 ncall:1.5e+07 eff:0.1% logz-ratio=1121471.62+/-0.11 dlogz:731.604>0.01]15652it [2:24:12, 17.01s/it, bound:3415 nc:2369 ncall:1.5e+07 eff:0.1% logz-ratio=1121472.35+/-0.16 dlogz:730.898>0.01]15654it [2:24:12, 12.94s/it, bound:3415 nc:  1 ncall:1.5e+07 eff:0.1% logz-ratio=1121941.14+/-0.35 dlogz:258.698>0.01] 15655it [2:24:30, 12.94s/it, bound:3416 nc:2285 ncall:1.5e+07 eff:0.1% logz-ratio=1121473.44+/-0.15 dlogz:729.931>0.01]15656it [2:25:17, 17.96s/it, bound:3416 nc:2247 ncall:1.5e+07 eff:0.1% logz-ratio=1121473.79+/-0.19 dlogz:729.566>0.01]15660it [2:26:35, 18.65s/it, bound:3417 nc:2771 ncall:1.5e+07 eff:0.1% logz-ratio=1121475.50+/-0.15 dlogz:727.856>0.01]15663it [2:26:35, 12.86s/it, bound:3418 nc:  1 ncall:1.5e+07 eff:0.1% logz-ratio=1121660.51+/-0.27 dlogz:541.441>0.01] 15663it [2:26:50, 12.86s/it, bound:3418 nc:  1 ncall:1.5e+07 eff:0.1% logz-ratio=1122196.08+/-0.45 dlogz:1.099>0.01]  15664it [2:27:31, 18.37s/it, bound:3418 nc:2286 ncall:1.5e+07 eff:0.1% logz-ratio=1121477.57+/-0.16 dlogz:725.841>0.01]15667it [2:27:31, 11.84s/it, bound:3419 nc:  1 ncall:1.5e+07 eff:0.1% logz-ratio=1121941.11+/-0.35 dlogz:258.698>0.01] 15667it [2:27:50, 11.84s/it, bound:3419 nc:  1 ncall:1.5e+07 eff:0.1% logz-ratio=1122196.07+/-0.45 dlogz:1.099>0.01]  15668it [2:28:30, 18.60s/it, bound:3419 nc:2172 ncall:1.5e+07 eff:0.1% logz-ratio=1121479.87+/-0.19 dlogz:723.773>0.01]15672it [2:29:37, 17.75s/it, bound:3420 nc:2370 ncall:1.6e+07 eff:0.1% logz-ratio=1121481.95+/-0.17 dlogz:721.526>0.01]15675it [2:29:37, 11.96s/it, bound:3421 nc:  1 ncall:1.6e+07 eff:0.1% logz-ratio=1121958.91+/-0.30 dlogz:240.669>0.01] 15675it [2:29:50, 11.96s/it, bound:3421 nc:  1 ncall:1.6e+07 eff:0.1% logz-ratio=1122196.06+/-0.46 dlogz:1.099>0.01]  15676it [2:30:29, 17.45s/it, bound:3421 nc:1738 ncall:1.6e+07 eff:0.1% logz-ratio=1121483.72+/-0.17 dlogz:719.779>0.01]15680it [2:31:33, 16.76s/it, bound:3422 nc:2424 ncall:1.6e+07 eff:0.1% logz-ratio=1121486.90+/-0.26 dlogz:716.595>0.01]15684it [2:32:28, 15.59s/it, bound:3423 nc:2199 ncall:1.6e+07 eff:0.1% logz-ratio=1121488.52+/-0.20 dlogz:714.824>0.01]15688it [2:33:26, 15.21s/it, bound:3424 nc:2943 ncall:1.6e+07 eff:0.1% logz-ratio=1121489.85+/-0.17 dlogz:713.342>0.01]15689it [2:33:32, 14.20s/it, bound:3424 nc:1607 ncall:1.6e+07 eff:0.1% logz-ratio=1121490.09+/-0.12 dlogz:713.090>0.01]15691it [2:33:50, 14.20s/it, bound:3425 nc:  1 ncall:1.6e+07 eff:0.1% logz-ratio=1122196.02+/-0.46 dlogz:1.099>0.01]   15692it [2:34:39, 16.88s/it, bound:3425 nc:2781 ncall:1.6e+07 eff:0.1% logz-ratio=1121491.33+/-0.16 dlogz:712.073>0.01]15696it [2:35:39, 16.12s/it, bound:3426 nc:2284 ncall:1.6e+07 eff:0.1% logz-ratio=1121492.48+/-0.12 dlogz:710.701>0.01]15700it [2:36:45, 16.27s/it, bound:3427 nc:2430 ncall:1.6e+07 eff:0.1% logz-ratio=1121493.74+/-0.15 dlogz:709.557>0.01]15704it [2:37:52, 16.42s/it, bound:3428 nc:1885 ncall:1.6e+07 eff:0.1% logz-ratio=1121494.74+/-0.11 dlogz:708.370>0.01]15708it [2:38:57, 16.39s/it, bound:3429 nc:2289 ncall:1.6e+07 eff:0.1% logz-ratio=1121495.50+/-0.12 dlogz:707.618>0.01]15711it [2:38:57, 12.18s/it, bound:3430 nc:  1 ncall:1.6e+07 eff:0.1% logz-ratio=1121788.33+/-0.28 dlogz:412.555>0.01] 15711it [2:39:10, 12.18s/it, bound:3430 nc:  1 ncall:1.6e+07 eff:0.1% logz-ratio=1122195.98+/-0.46 dlogz:1.099>0.01]  15712it [2:40:03, 18.02s/it, bound:3430 nc:2224 ncall:1.6e+07 eff:0.1% logz-ratio=1121496.62+/-0.14 dlogz:706.579>0.01]15715it [2:40:03, 12.28s/it, bound:3431 nc:  1 ncall:1.6e+07 eff:0.1% logz-ratio=1121778.14+/-0.28 dlogz:422.845>0.01] 15715it [2:40:20, 12.28s/it, bound:3431 nc:  1 ncall:1.6e+07 eff:0.1% logz-ratio=1122195.98+/-0.46 dlogz:1.099>0.01]  15716it [2:41:03, 18.56s/it, bound:3431 nc:1837 ncall:1.6e+07 eff:0.1% logz-ratio=1121498.06+/-0.18 dlogz:705.389>0.01]15720it [2:42:01, 16.77s/it, bound:3432 nc:1694 ncall:1.6e+07 eff:0.1% logz-ratio=1121499.78+/-0.15 dlogz:703.476>0.01]15724it [2:42:52, 15.33s/it, bound:3433 nc:2044 ncall:1.6e+07 eff:0.1% logz-ratio=1121501.13+/-0.19 dlogz:702.165>0.01]15727it [2:42:53, 10.90s/it, bound:3434 nc:  1 ncall:1.6e+07 eff:0.1% logz-ratio=1121758.46+/-0.27 dlogz:442.769>0.01] 15727it [2:43:10, 10.90s/it, bound:3434 nc:  1 ncall:1.6e+07 eff:0.1% logz-ratio=1122195.95+/-0.46 dlogz:1.099>0.01]  15728it [2:43:44, 15.82s/it, bound:3434 nc:1111 ncall:1.6e+07 eff:0.1% logz-ratio=1121503.53+/-0.19 dlogz:700.037>0.01]15731it [2:43:58, 12.02s/it, bound:3435 nc:1779 ncall:1.6e+07 eff:0.1% logz-ratio=1121505.33+/-0.18 dlogz:698.106>0.01]15732it [2:45:05, 19.65s/it, bound:3435 nc:1977 ncall:1.6e+07 eff:0.1% logz-ratio=1121505.80+/-0.22 dlogz:697.528>0.01]15736it [2:46:20, 19.31s/it, bound:3436 nc:1528 ncall:1.6e+07 eff:0.1% logz-ratio=1121507.23+/-0.20 dlogz:696.094>0.01]15740it [2:47:25, 18.06s/it, bound:3437 nc:1982 ncall:1.6e+07 eff:0.1% logz-ratio=1121509.10+/-0.14 dlogz:694.091>0.01]15744it [2:48:16, 16.23s/it, bound:3438 nc:1941 ncall:1.6e+07 eff:0.1% logz-ratio=1121510.30+/-0.13 dlogz:692.816>0.01]15748it [2:49:10, 15.32s/it, bound:3439 nc:1931 ncall:1.6e+07 eff:0.1% logz-ratio=1121511.85+/-0.22 dlogz:691.311>0.01]15752it [2:50:02, 14.56s/it, bound:3440 nc:2017 ncall:1.6e+07 eff:0.1% logz-ratio=1121513.19+/-0.18 dlogz:689.909>0.01]15756it [2:50:51, 13.77s/it, bound:3441 nc:1872 ncall:1.6e+07 eff:0.1% logz-ratio=1121515.22+/-0.23 dlogz:688.234>0.01]15760it [2:51:39, 13.22s/it, bound:3442 nc:2365 ncall:1.6e+07 eff:0.1% logz-ratio=1121516.81+/-0.19 dlogz:686.368>0.01]15764it [2:52:34, 13.44s/it, bound:3443 nc:2634 ncall:1.6e+07 eff:0.1% logz-ratio=1121518.66+/-0.20 dlogz:684.515>0.01]15768it [2:53:27, 13.38s/it, bound:3444 nc:2149 ncall:1.6e+07 eff:0.1% logz-ratio=1121520.11+/-0.19 dlogz:683.079>0.01]15772it [2:54:20, 13.29s/it, bound:3445 nc:1662 ncall:1.6e+07 eff:0.1% logz-ratio=1121521.57+/-0.15 dlogz:681.593>0.01]15774it [2:54:30, 11.83s/it, bound:3445 nc:2412 ncall:1.6e+07 eff:0.1% logz-ratio=1121522.34+/-0.16 dlogz:680.885>0.01]15776it [2:55:21, 14.65s/it, bound:3446 nc:2292 ncall:1.6e+07 eff:0.1% logz-ratio=1121523.55+/-0.18 dlogz:679.779>0.01]15780it [2:56:13, 14.05s/it, bound:3447 nc:2033 ncall:1.6e+07 eff:0.1% logz-ratio=1121525.34+/-0.15 dlogz:677.796>0.01]15784it [2:57:04, 13.59s/it, bound:3448 nc:2252 ncall:1.6e+07 eff:0.1% logz-ratio=1121527.14+/-0.15 dlogz:675.975>0.01]15788it [2:57:59, 13.63s/it, bound:3449 nc:2278 ncall:1.6e+07 eff:0.1% logz-ratio=1121528.76+/-0.14 dlogz:674.327>0.01]15792it [2:58:48, 13.14s/it, bound:3450 nc:2190 ncall:1.6e+07 eff:0.1% logz-ratio=1121530.30+/-0.15 dlogz:672.835>0.01]15796it [2:59:48, 13.77s/it, bound:3451 nc:2246 ncall:1.6e+07 eff:0.1% logz-ratio=1121532.06+/-0.16 dlogz:671.104>0.01]15800it [3:00:39, 13.42s/it, bound:3452 nc:1693 ncall:1.6e+07 eff:0.1% logz-ratio=1121533.93+/-0.17 dlogz:669.309>0.01]15804it [3:01:34, 13.58s/it, bound:3453 nc:1908 ncall:1.6e+07 eff:0.1% logz-ratio=1121535.27+/-0.21 dlogz:667.726>0.01]15808it [3:02:25, 13.29s/it, bound:3454 nc:2360 ncall:1.6e+07 eff:0.1% logz-ratio=1121536.88+/-0.20 dlogz:666.199>0.01]15812it [3:03:09, 12.63s/it, bound:3455 nc:2018 ncall:1.6e+07 eff:0.1% logz-ratio=1121538.19+/-0.18 dlogz:664.814>0.01]15816it [3:04:01, 12.72s/it, bound:3456 nc:2166 ncall:1.6e+07 eff:0.1% logz-ratio=1121540.36+/-0.22 dlogz:662.782>0.01]15819it [3:04:54, 13.91s/it, bound:3457 nc:4206 ncall:1.6e+07 eff:0.1% logz-ratio=1121542.38+/-0.18 dlogz:660.909>0.01]15820it [3:05:04, 13.52s/it, bound:3457 nc:1850 ncall:1.6e+07 eff:0.1% logz-ratio=1121542.86+/-0.17 dlogz:660.300>0.01]15823it [3:06:02, 15.27s/it, bound:3458 nc:2469 ncall:1.6e+07 eff:0.1% logz-ratio=1121544.25+/-0.22 dlogz:659.200>0.01]15827it [3:06:49, 14.02s/it, bound:3459 nc:2056 ncall:1.6e+07 eff:0.1% logz-ratio=1121546.15+/-0.19 dlogz:656.914>0.01]15831it [3:07:43, 13.82s/it, bound:3460 nc:2364 ncall:1.6e+07 eff:0.1% logz-ratio=1121547.52+/-0.17 dlogz:655.393>0.01]15835it [3:08:38, 13.82s/it, bound:3461 nc:1725 ncall:1.6e+07 eff:0.1% logz-ratio=1121548.33+/-0.15 dlogz:654.512>0.01]15839it [3:09:41, 14.44s/it, bound:3462 nc:2543 ncall:1.6e+07 eff:0.1% logz-ratio=1121549.91+/-0.17 dlogz:653.233>0.01]15843it [3:10:37, 14.26s/it, bound:3463 nc:1595 ncall:1.6e+07 eff:0.1% logz-ratio=1121551.36+/-0.21 dlogz:651.576>0.01]15847it [3:11:45, 15.11s/it, bound:3464 nc:2750 ncall:1.6e+07 eff:0.1% logz-ratio=1121552.73+/-0.20 dlogz:650.358>0.01]15850it [3:11:45, 11.35s/it, bound:3465 nc:2631 ncall:1.6e+07 eff:0.1% logz-ratio=1121554.68+/-0.19 dlogz:648.636>0.01]15850it [3:12:00, 11.35s/it, bound:3465 nc:2631 ncall:1.6e+07 eff:0.1% logz-ratio=1121554.68+/-0.19 dlogz:648.636>0.01]15851it [3:12:41, 16.12s/it, bound:3465 nc:2140 ncall:1.6e+07 eff:0.1% logz-ratio=1121555.11+/-0.22 dlogz:647.939>0.01]15853it [3:12:41, 12.38s/it, bound:3465 nc:  1 ncall:1.6e+07 eff:0.1% logz-ratio=1121919.19+/-0.29 dlogz:280.889>0.01] 15854it [3:13:00, 12.38s/it, bound:3466 nc:1600 ncall:1.6e+07 eff:0.1% logz-ratio=1121555.96+/-0.12 dlogz:646.883>0.01]15855it [3:13:32, 15.63s/it, bound:3466 nc:2429 ncall:1.6e+07 eff:0.1% logz-ratio=1121556.15+/-0.16 dlogz:646.653>0.01]15859it [3:14:09, 12.99s/it, bound:3467 nc:2337 ncall:1.6e+07 eff:0.1% logz-ratio=1121556.98+/-0.16 dlogz:645.827>0.01]15863it [3:14:46, 11.56s/it, bound:3468 nc:1892 ncall:1.6e+07 eff:0.1% logz-ratio=1121557.84+/-0.14 dlogz:645.069>0.01]15867it [3:15:26, 11.00s/it, bound:3469 nc:2040 ncall:1.6e+07 eff:0.1% logz-ratio=1121559.53+/-0.15 dlogz:643.423>0.01]15869it [3:15:37,  9.97s/it, bound:3469 nc:2715 ncall:1.6e+07 eff:0.1% logz-ratio=1121560.28+/-0.15 dlogz:642.694>0.01]15871it [3:16:18, 12.31s/it, bound:3470 nc:2804 ncall:1.6e+07 eff:0.1% logz-ratio=1121561.05+/-0.15 dlogz:641.883>0.01]15875it [3:16:56, 11.20s/it, bound:3471 nc:1871 ncall:1.6e+07 eff:0.1% logz-ratio=1121562.42+/-0.15 dlogz:640.528>0.01]15879it [3:17:34, 10.57s/it, bound:3472 nc:1405 ncall:1.6e+07 eff:0.1% logz-ratio=1121563.83+/-0.13 dlogz:639.004>0.01]15883it [3:18:02,  9.41s/it, bound:3473 nc:1887 ncall:1.6e+07 eff:0.1% logz-ratio=1121564.81+/-0.17 dlogz:637.993>0.01]15887it [3:18:34,  8.96s/it, bound:3474 nc:1502 ncall:1.6e+07 eff:0.1% logz-ratio=1121565.73+/-0.12 dlogz:637.037>0.01]15891it [3:19:05,  8.52s/it, bound:3475 nc:1863 ncall:1.6e+07 eff:0.1% logz-ratio=1121566.56+/-0.16 dlogz:636.186>0.01]15895it [3:19:35,  8.24s/it, bound:3476 nc:1970 ncall:1.6e+07 eff:0.1% logz-ratio=1121567.58+/-0.18 dlogz:635.254>0.01]15899it [3:20:10,  8.36s/it, bound:3477 nc:1775 ncall:1.6e+07 eff:0.1% logz-ratio=1121568.71+/-0.20 dlogz:634.083>0.01]15903it [3:20:44,  8.41s/it, bound:3478 nc:1933 ncall:1.6e+07 eff:0.1% logz-ratio=1121569.65+/-0.16 dlogz:633.121>0.01]15907it [3:21:15,  8.24s/it, bound:3479 nc:1548 ncall:1.6e+07 eff:0.1% logz-ratio=1121570.72+/-0.18 dlogz:632.144>0.01]15911it [3:21:50,  8.41s/it, bound:3480 nc:2378 ncall:1.6e+07 eff:0.1% logz-ratio=1121572.08+/-0.14 dlogz:630.729>0.01]15915it [3:22:27,  8.63s/it, bound:3481 nc:2196 ncall:1.6e+07 eff:0.1% logz-ratio=1121573.05+/-0.12 dlogz:629.658>0.01]15919it [3:23:06,  8.99s/it, bound:3482 nc:2498 ncall:1.6e+07 eff:0.1% logz-ratio=1121573.78+/-0.10 dlogz:628.851>0.01]15923it [3:23:44,  9.09s/it, bound:3483 nc:2589 ncall:1.6e+07 eff:0.1% logz-ratio=1121574.34+/-0.09 dlogz:628.267>0.01]15927it [3:24:25,  9.50s/it, bound:3484 nc:1971 ncall:1.6e+07 eff:0.1% logz-ratio=1121575.45+/-0.21 dlogz:627.374>0.01]15931it [3:25:06,  9.70s/it, bound:3485 nc:2671 ncall:1.6e+07 eff:0.1% logz-ratio=1121576.99+/-0.19 dlogz:625.786>0.01]15935it [3:25:40,  9.31s/it, bound:3486 nc:2273 ncall:1.6e+07 eff:0.1% logz-ratio=1121578.46+/-0.20 dlogz:624.335>0.01]15936it [3:25:49,  9.28s/it, bound:3486 nc:2100 ncall:1.6e+07 eff:0.1% logz-ratio=1121578.74+/-0.13 dlogz:623.985>0.01]15938it [3:26:00,  9.28s/it, bound:3487 nc:2063 ncall:1.6e+07 eff:0.1% logz-ratio=1121579.23+/-0.12 dlogz:623.449>0.01]15939it [3:26:24, 10.05s/it, bound:3487 nc:1983 ncall:1.6e+07 eff:0.1% logz-ratio=1121579.43+/-0.16 dlogz:623.210>0.01]15943it [3:27:07, 10.25s/it, bound:3488 nc:2329 ncall:1.6e+07 eff:0.1% logz-ratio=1121580.88+/-0.19 dlogz:621.897>0.01]15947it [3:27:43,  9.83s/it, bound:3489 nc:2256 ncall:1.6e+07 eff:0.1% logz-ratio=1121581.90+/-0.16 dlogz:620.729>0.01]15951it [3:28:18,  9.51s/it, bound:3490 nc:1967 ncall:1.6e+07 eff:0.1% logz-ratio=1121583.87+/-0.24 dlogz:619.210>0.01]15955it [3:28:54,  9.31s/it, bound:3491 nc:2385 ncall:1.6e+07 eff:0.1% logz-ratio=1121585.53+/-0.15 dlogz:617.231>0.01]15959it [3:29:30,  9.26s/it, bound:3492 nc:1982 ncall:1.6e+07 eff:0.1% logz-ratio=1121586.64+/-0.11 dlogz:615.964>0.01]15963it [3:30:06,  9.15s/it, bound:3493 nc:2419 ncall:1.6e+07 eff:0.1% logz-ratio=1121587.45+/-0.11 dlogz:615.137>0.01]15967it [3:30:46,  9.40s/it, bound:3494 nc:1557 ncall:1.6e+07 eff:0.1% logz-ratio=1121588.39+/-0.20 dlogz:614.279>0.01]15971it [3:31:26,  9.60s/it, bound:3495 nc:2750 ncall:1.6e+07 eff:0.1% logz-ratio=1121589.80+/-0.20 dlogz:613.030>0.01]15975it [3:32:02,  9.43s/it, bound:3496 nc:2204 ncall:1.6e+07 eff:0.1% logz-ratio=1121591.51+/-0.20 dlogz:611.189>0.01]15979it [3:32:48, 10.04s/it, bound:3497 nc:1825 ncall:1.6e+07 eff:0.1% logz-ratio=1121592.80+/-0.19 dlogz:609.882>0.01]15983it [3:33:27,  9.97s/it, bound:3498 nc:2120 ncall:1.6e+07 eff:0.1% logz-ratio=1121594.02+/-0.19 dlogz:608.695>0.01]15987it [3:34:02,  9.58s/it, bound:3499 nc:1826 ncall:1.6e+07 eff:0.1% logz-ratio=1121595.27+/-0.18 dlogz:607.348>0.01]15991it [3:34:32,  8.95s/it, bound:3500 nc:2000 ncall:1.6e+07 eff:0.1% logz-ratio=1121596.28+/-0.17 dlogz:606.311>0.01]15995it [3:35:12,  9.27s/it, bound:3501 nc:1800 ncall:1.6e+07 eff:0.1% logz-ratio=1121597.23+/-0.13 dlogz:605.386>0.01]15999it [3:35:45,  8.96s/it, bound:3502 nc:1994 ncall:1.6e+07 eff:0.1% logz-ratio=1121598.43+/-0.13 dlogz:604.137>0.01]16001it [3:35:57,  8.41s/it, bound:3502 nc:2219 ncall:1.6e+07 eff:0.1% logz-ratio=1121598.83+/-0.11 dlogz:603.675>0.01]16003it [3:36:36, 10.67s/it, bound:3503 nc:2207 ncall:1.6e+07 eff:0.1% logz-ratio=1121599.45+/-0.14 dlogz:603.206>0.01]16007it [3:37:12, 10.05s/it, bound:3504 nc:2285 ncall:1.6e+07 eff:0.1% logz-ratio=1121600.85+/-0.16 dlogz:601.873>0.01]16011it [3:37:47,  9.58s/it, bound:3505 nc:1518 ncall:1.6e+07 eff:0.1% logz-ratio=1121602.95+/-0.17 dlogz:599.838>0.01]16015it [3:38:22,  9.38s/it, bound:3506 nc:2218 ncall:1.6e+07 eff:0.1% logz-ratio=1121604.51+/-0.16 dlogz:598.236>0.01]16019it [3:38:54,  8.89s/it, bound:3507 nc:2012 ncall:1.6e+07 eff:0.1% logz-ratio=1121605.69+/-0.13 dlogz:596.846>0.01]16023it [3:39:32,  9.12s/it, bound:3508 nc:2675 ncall:1.6e+07 eff:0.1% logz-ratio=1121606.74+/-0.14 dlogz:595.840>0.01]16027it [3:40:08,  9.04s/it, bound:3509 nc:2223 ncall:1.6e+07 eff:0.1% logz-ratio=1121608.07+/-0.21 dlogz:594.569>0.01]16031it [3:40:41,  8.80s/it, bound:3510 nc:1769 ncall:1.6e+07 eff:0.1% logz-ratio=1121609.36+/-0.18 dlogz:593.149>0.01]16035it [3:41:16,  8.84s/it, bound:3511 nc:2077 ncall:1.6e+07 eff:0.1% logz-ratio=1121610.18+/-0.15 dlogz:592.252>0.01]16039it [3:41:54,  9.04s/it, bound:3512 nc:2558 ncall:1.6e+07 eff:0.1% logz-ratio=1121610.85+/-0.14 dlogz:591.554>0.01]16043it [3:42:33,  9.21s/it, bound:3513 nc:2197 ncall:1.6e+07 eff:0.1% logz-ratio=1121611.66+/-0.16 dlogz:590.821>0.01]16047it [3:43:07,  9.03s/it, bound:3514 nc:2334 ncall:1.6e+07 eff:0.1% logz-ratio=1121613.01+/-0.19 dlogz:589.556>0.01]16051it [3:43:46,  9.25s/it, bound:3515 nc:2621 ncall:1.6e+07 eff:0.1% logz-ratio=1121614.74+/-0.22 dlogz:588.073>0.01]16055it [3:44:24,  9.31s/it, bound:3516 nc:2336 ncall:1.6e+07 eff:0.1% logz-ratio=1121616.60+/-0.19 dlogz:585.929>0.01]16059it [3:45:00,  9.19s/it, bound:3517 nc:2393 ncall:1.6e+07 eff:0.1% logz-ratio=1121617.78+/-0.17 dlogz:584.682>0.01]16063it [3:45:37,  9.25s/it, bound:3518 nc:1726 ncall:1.6e+07 eff:0.1% logz-ratio=1121618.83+/-0.17 dlogz:583.636>0.01]16067it [3:46:07,  8.71s/it, bound:3519 nc:1494 ncall:1.6e+07 eff:0.1% logz-ratio=1121619.83+/-0.17 dlogz:582.631>0.01]16069it [3:46:12,  7.63s/it, bound:3519 nc:1850 ncall:1.6e+07 eff:0.1% logz-ratio=1121620.38+/-0.13 dlogz:582.066>0.01]16070it [3:46:30,  7.63s/it, bound:3520 nc:  1 ncall:1.6e+07 eff:0.1% logz-ratio=1122195.27+/-0.58 dlogz:1.099>0.01]   16071it [3:46:51,  9.99s/it, bound:3520 nc:2317 ncall:1.6e+07 eff:0.1% logz-ratio=1121620.93+/-0.13 dlogz:581.512>0.01]16075it [3:47:29,  9.82s/it, bound:3521 nc:2502 ncall:1.6e+07 eff:0.1% logz-ratio=1121622.08+/-0.13 dlogz:580.362>0.01]16079it [3:48:07,  9.71s/it, bound:3522 nc:1621 ncall:1.6e+07 eff:0.1% logz-ratio=1121622.94+/-0.12 dlogz:579.443>0.01]16083it [3:48:47,  9.78s/it, bound:3523 nc:1701 ncall:1.6e+07 eff:0.1% logz-ratio=1121624.11+/-0.14 dlogz:578.340>0.01]16087it [3:49:23,  9.53s/it, bound:3524 nc:2041 ncall:1.6e+07 eff:0.1% logz-ratio=1121625.45+/-0.14 dlogz:576.993>0.01]16091it [3:50:01,  9.57s/it, bound:3525 nc:2326 ncall:1.6e+07 eff:0.1% logz-ratio=1121626.51+/-0.13 dlogz:575.911>0.01]16095it [3:50:40,  9.59s/it, bound:3526 nc:2355 ncall:1.6e+07 eff:0.1% logz-ratio=1121627.48+/-0.11 dlogz:574.849>0.01]16099it [3:51:18,  9.52s/it, bound:3527 nc:1980 ncall:1.6e+07 eff:0.1% logz-ratio=1121628.77+/-0.14 dlogz:573.671>0.01]16103it [3:51:44,  8.67s/it, bound:3528 nc:1722 ncall:1.6e+07 eff:0.1% logz-ratio=1121629.63+/-0.11 dlogz:572.676>0.01]16107it [3:52:24,  9.06s/it, bound:3529 nc:2357 ncall:1.6e+07 eff:0.1% logz-ratio=1121630.54+/-0.17 dlogz:571.822>0.01]16111it [3:52:56,  8.72s/it, bound:3530 nc:2140 ncall:1.6e+07 eff:0.1% logz-ratio=1121631.59+/-0.17 dlogz:570.747>0.01]16115it [3:53:35,  9.07s/it, bound:3531 nc:1753 ncall:1.6e+07 eff:0.1% logz-ratio=1121632.30+/-0.14 dlogz:569.946>0.01]16119it [3:54:10,  8.94s/it, bound:3532 nc:2344 ncall:1.6e+07 eff:0.1% logz-ratio=1121633.29+/-0.13 dlogz:569.035>0.01]16123it [3:54:38,  8.39s/it, bound:3533 nc:1753 ncall:1.6e+07 eff:0.1% logz-ratio=1121634.80+/-0.22 dlogz:567.661>0.01]16127it [3:55:13,  8.50s/it, bound:3534 nc:2343 ncall:1.6e+07 eff:0.1% logz-ratio=1121636.26+/-0.18 dlogz:566.077>0.01]16131it [3:55:54,  8.97s/it, bound:3535 nc:2092 ncall:1.6e+07 eff:0.1% logz-ratio=1121637.91+/-0.18 dlogz:564.729>0.01]16135it [3:56:26,  8.71s/it, bound:3536 nc:1891 ncall:1.6e+07 eff:0.1% logz-ratio=1121639.97+/-0.15 dlogz:562.474>0.01]16137it [3:56:38,  8.22s/it, bound:3536 nc:2047 ncall:1.6e+07 eff:0.1% logz-ratio=1121640.60+/-0.14 dlogz:561.755>0.01]16139it [3:57:18, 10.55s/it, bound:3537 nc:2705 ncall:1.7e+07 eff:0.1% logz-ratio=1121641.08+/-0.12 dlogz:561.184>0.01]16143it [3:57:58, 10.37s/it, bound:3538 nc:2712 ncall:1.7e+07 eff:0.1% logz-ratio=1121642.44+/-0.14 dlogz:559.923>0.01]16147it [3:58:35, 10.03s/it, bound:3539 nc:1923 ncall:1.7e+07 eff:0.1% logz-ratio=1121643.43+/-0.12 dlogz:558.813>0.01]16151it [3:59:08,  9.44s/it, bound:3540 nc:1891 ncall:1.7e+07 eff:0.1% logz-ratio=1121644.94+/-0.15 dlogz:557.438>0.01]16154it [3:59:46, 10.28s/it, bound:3541 nc:4351 ncall:1.7e+07 eff:0.1% logz-ratio=1121646.06+/-0.20 dlogz:556.370>0.01]16158it [4:00:27, 10.26s/it, bound:3542 nc:2768 ncall:1.7e+07 eff:0.1% logz-ratio=1121648.69+/-0.21 dlogz:553.767>0.01]16162it [4:01:01,  9.67s/it, bound:3543 nc:2081 ncall:1.7e+07 eff:0.1% logz-ratio=1121650.40+/-0.20 dlogz:551.923>0.01]16166it [4:01:37,  9.49s/it, bound:3544 nc:1882 ncall:1.7e+07 eff:0.1% logz-ratio=1121651.56+/-0.18 dlogz:550.782>0.01]16170it [4:02:08,  8.94s/it, bound:3545 nc:2027 ncall:1.7e+07 eff:0.1% logz-ratio=1121653.22+/-0.15 dlogz:549.145>0.01]16174it [4:02:46,  9.07s/it, bound:3546 nc:1991 ncall:1.7e+07 eff:0.1% logz-ratio=1121654.94+/-0.16 dlogz:547.481>0.01]16178it [4:03:21,  9.02s/it, bound:3547 nc:1898 ncall:1.7e+07 eff:0.1% logz-ratio=1121657.72+/-0.23 dlogz:544.734>0.01]16182it [4:04:02,  9.41s/it, bound:3548 nc:2425 ncall:1.7e+07 eff:0.1% logz-ratio=1121658.83+/-0.16 dlogz:543.332>0.01]16186it [4:04:50, 10.16s/it, bound:3549 nc:2489 ncall:1.7e+07 eff:0.1% logz-ratio=1121659.54+/-0.15 dlogz:542.585>0.01]16190it [4:05:34, 10.40s/it, bound:3550 nc:2356 ncall:1.7e+07 eff:0.1% logz-ratio=1121660.83+/-0.20 dlogz:541.507>0.01]16194it [4:06:19, 10.64s/it, bound:3551 nc:2640 ncall:1.7e+07 eff:0.1% logz-ratio=1121662.35+/-0.21 dlogz:540.022>0.01]16198it [4:06:59, 10.48s/it, bound:3552 nc:2080 ncall:1.7e+07 eff:0.1% logz-ratio=1121663.60+/-0.18 dlogz:538.652>0.01]16199it [4:07:05, 10.05s/it, bound:3552 nc:2031 ncall:1.7e+07 eff:0.1% logz-ratio=1121663.91+/-0.14 dlogz:538.324>0.01]16202it [4:07:43, 10.84s/it, bound:3553 nc:2025 ncall:1.7e+07 eff:0.1% logz-ratio=1121664.83+/-0.18 dlogz:537.386>0.01]16206it [4:08:29, 11.08s/it, bound:3554 nc:2127 ncall:1.7e+07 eff:0.1% logz-ratio=1121665.79+/-0.16 dlogz:536.351>0.01]16210it [4:09:03, 10.22s/it, bound:3555 nc:2123 ncall:1.7e+07 eff:0.1% logz-ratio=1121666.63+/-0.15 dlogz:535.452>0.01]16214it [4:09:44, 10.17s/it, bound:3556 nc:2291 ncall:1.7e+07 eff:0.1% logz-ratio=1121667.78+/-0.14 dlogz:534.417>0.01]16218it [4:10:32, 10.78s/it, bound:3557 nc:2105 ncall:1.7e+07 eff:0.1% logz-ratio=1121668.64+/-0.12 dlogz:533.458>0.01]16222it [4:11:24, 11.49s/it, bound:3558 nc:1698 ncall:1.7e+07 eff:0.1% logz-ratio=1121670.15+/-0.16 dlogz:532.161>0.01]16226it [4:12:34, 13.34s/it, bound:3559 nc:2895 ncall:1.7e+07 eff:0.1% logz-ratio=1121671.51+/-0.13 dlogz:530.618>0.01]16230it [4:13:34, 13.86s/it, bound:3560 nc:2440 ncall:1.7e+07 eff:0.1% logz-ratio=1121673.06+/-0.14 dlogz:529.118>0.01]16234it [4:14:31, 13.99s/it, bound:3561 nc:2293 ncall:1.7e+07 eff:0.1% logz-ratio=1121674.69+/-0.13 dlogz:527.427>0.01]16237it [4:14:32, 10.56s/it, bound:3562 nc:  1 ncall:1.7e+07 eff:0.1% logz-ratio=1121951.68+/-0.29 dlogz:247.752>0.01] 16237it [4:14:50, 10.56s/it, bound:3562 nc:  1 ncall:1.7e+07 eff:0.1% logz-ratio=1122194.93+/-0.56 dlogz:1.099>0.01]  16238it [4:15:27, 15.25s/it, bound:3562 nc:2238 ncall:1.7e+07 eff:0.1% logz-ratio=1121675.95+/-0.16 dlogz:526.323>0.01]16242it [4:16:23, 14.75s/it, bound:3563 nc:1951 ncall:1.7e+07 eff:0.1% logz-ratio=1121677.20+/-0.21 dlogz:524.940>0.01]16246it [4:17:19, 14.53s/it, bound:3564 nc:2569 ncall:1.7e+07 eff:0.1% logz-ratio=1121678.37+/-0.18 dlogz:523.716>0.01]16247it [4:17:38, 15.03s/it, bound:3564 nc:2570 ncall:1.7e+07 eff:0.1% logz-ratio=1121678.58+/-0.12 dlogz:523.456>0.01]16250it [4:18:36, 16.41s/it, bound:3565 nc:2275 ncall:1.7e+07 eff:0.1% logz-ratio=1121679.34+/-0.18 dlogz:522.827>0.01]16254it [4:19:33, 15.56s/it, bound:3566 nc:2765 ncall:1.7e+07 eff:0.1% logz-ratio=1121681.12+/-0.20 dlogz:521.061>0.01]16258it [4:20:35, 15.58s/it, bound:3567 nc:2092 ncall:1.7e+07 eff:0.1% logz-ratio=1121682.14+/-0.17 dlogz:519.935>0.01]16262it [4:21:26, 14.64s/it, bound:3568 nc:1386 ncall:1.7e+07 eff:0.1% logz-ratio=1121683.30+/-0.19 dlogz:518.891>0.01]16266it [4:22:28, 14.88s/it, bound:3569 nc:2670 ncall:1.7e+07 eff:0.1% logz-ratio=1121685.01+/-0.21 dlogz:517.228>0.01]16270it [4:23:16, 13.95s/it, bound:3570 nc:1390 ncall:1.7e+07 eff:0.1% logz-ratio=1121686.68+/-0.20 dlogz:515.560>0.01]16274it [4:24:09, 13.73s/it, bound:3571 nc:2428 ncall:1.7e+07 eff:0.1% logz-ratio=1121689.61+/-0.24 dlogz:512.877>0.01]16278it [4:25:06, 13.88s/it, bound:3572 nc:2364 ncall:1.7e+07 eff:0.1% logz-ratio=1121691.47+/-0.21 dlogz:510.741>0.01]16282it [4:26:04, 14.12s/it, bound:3573 nc:2315 ncall:1.7e+07 eff:0.1% logz-ratio=1121692.73+/-0.17 dlogz:509.241>0.01]16286it [4:27:08, 14.66s/it, bound:3574 nc:2743 ncall:1.7e+07 eff:0.1% logz-ratio=1121693.73+/-0.17 dlogz:508.256>0.01]16289it [4:27:08, 11.07s/it, bound:3575 nc:1927 ncall:1.7e+07 eff:0.1% logz-ratio=1121694.80+/-0.16 dlogz:507.344>0.01]16289it [4:27:20, 11.07s/it, bound:3575 nc:1927 ncall:1.7e+07 eff:0.1% logz-ratio=1121694.80+/-0.16 dlogz:507.344>0.01]16290it [4:28:05, 15.94s/it, bound:3575 nc:2205 ncall:1.7e+07 eff:0.1% logz-ratio=1121695.10+/-0.19 dlogz:506.939>0.01]16291it [4:28:20, 15.82s/it, bound:3575 nc:1902 ncall:1.7e+07 eff:0.1% logz-ratio=1121695.49+/-0.15 dlogz:506.633>0.01]16294it [4:29:24, 17.73s/it, bound:3576 nc:1675 ncall:1.7e+07 eff:0.1% logz-ratio=1121696.44+/-0.18 dlogz:505.542>0.01]16296it [4:29:24, 13.23s/it, bound:3576 nc:  1 ncall:1.7e+07 eff:0.1% logz-ratio=1121838.62+/-0.28 dlogz:361.908>0.01] 16297it [4:29:40, 13.23s/it, bound:3577 nc:2413 ncall:1.7e+07 eff:0.1% logz-ratio=1121697.14+/-0.13 dlogz:504.832>0.01]16298it [4:30:32, 18.80s/it, bound:3577 nc:2580 ncall:1.7e+07 eff:0.1% logz-ratio=1121697.35+/-0.16 dlogz:504.582>0.01]16300it [4:30:32, 13.63s/it, bound:3577 nc:  1 ncall:1.7e+07 eff:0.1% logz-ratio=1121775.69+/-0.28 dlogz:425.375>0.01] 16301it [4:30:50, 13.63s/it, bound:3578 nc:1528 ncall:1.7e+07 eff:0.1% logz-ratio=1121698.12+/-0.15 dlogz:503.971>0.01]16302it [4:31:58, 21.93s/it, bound:3578 nc:2880 ncall:1.7e+07 eff:0.1% logz-ratio=1121698.51+/-0.20 dlogz:503.595>0.01]16304it [4:31:58, 15.64s/it, bound:3578 nc:  1 ncall:1.7e+07 eff:0.1% logz-ratio=1121819.84+/-0.28 dlogz:408.349>0.01] 16305it [4:32:10, 15.64s/it, bound:3579 nc:2731 ncall:1.7e+07 eff:0.1% logz-ratio=1121699.35+/-0.14 dlogz:530.164>0.01]16306it [4:33:09, 21.42s/it, bound:3579 nc:2104 ncall:1.7e+07 eff:0.1% logz-ratio=1121699.62+/-0.18 dlogz:529.874>0.01]16309it [4:33:10, 13.20s/it, bound:3580 nc:  1 ncall:1.7e+07 eff:0.1% logz-ratio=1121853.76+/-0.28 dlogz:374.215>0.01] 16309it [4:33:20, 13.20s/it, bound:3580 nc:  1 ncall:1.7e+07 eff:0.1% logz-ratio=1122222.30+/-0.49 dlogz:1.099>0.01]  16310it [4:34:34, 24.28s/it, bound:3580 nc:2935 ncall:1.7e+07 eff:0.1% logz-ratio=1121700.47+/-0.11 dlogz:528.924>0.01]16314it [4:35:48, 21.51s/it, bound:3581 nc:2666 ncall:1.7e+07 eff:0.1% logz-ratio=1121701.42+/-0.20 dlogz:528.030>0.01]16316it [4:35:48, 16.12s/it, bound:3581 nc:  1 ncall:1.7e+07 eff:0.1% logz-ratio=1121898.56+/-0.28 dlogz:329.015>0.01] 16317it [4:36:00, 16.12s/it, bound:3582 nc:2404 ncall:1.7e+07 eff:0.1% logz-ratio=1121702.18+/-0.13 dlogz:527.273>0.01]16318it [4:36:43, 19.10s/it, bound:3582 nc:1580 ncall:1.7e+07 eff:0.1% logz-ratio=1121702.71+/-0.20 dlogz:527.013>0.01]16321it [4:36:43, 12.21s/it, bound:3583 nc:  1 ncall:1.7e+07 eff:0.1% logz-ratio=1121892.31+/-0.29 dlogz:335.325>0.01] 16321it [4:37:00, 12.21s/it, bound:3583 nc:  1 ncall:1.7e+07 eff:0.1% logz-ratio=1122222.28+/-0.50 dlogz:1.099>0.01]  16322it [4:37:41, 19.01s/it, bound:3583 nc:1980 ncall:1.7e+07 eff:0.1% logz-ratio=1121704.58+/-0.15 dlogz:525.003>0.01]16326it [4:38:43, 17.39s/it, bound:3584 nc:2258 ncall:1.7e+07 eff:0.1% logz-ratio=1121705.81+/-0.17 dlogz:523.632>0.01]16327it [4:39:05, 18.03s/it, bound:3584 nc:1946 ncall:1.7e+07 eff:0.1% logz-ratio=1121706.06+/-0.13 dlogz:523.371>0.01]16330it [4:40:10, 19.36s/it, bound:3585 nc:2373 ncall:1.7e+07 eff:0.1% logz-ratio=1121706.72+/-0.16 dlogz:522.666>0.01]16332it [4:40:10, 14.27s/it, bound:3585 nc:  1 ncall:1.7e+07 eff:0.1% logz-ratio=1121896.38+/-0.28 dlogz:331.210>0.01] 16333it [4:40:20, 14.27s/it, bound:3586 nc:2092 ncall:1.7e+07 eff:0.1% logz-ratio=1121707.71+/-0.15 dlogz:521.834>0.01]16334it [4:41:06, 18.04s/it, bound:3586 nc:1686 ncall:1.7e+07 eff:0.1% logz-ratio=1121708.01+/-0.19 dlogz:521.450>0.01]16336it [4:41:06, 12.99s/it, bound:3586 nc:  1 ncall:1.7e+07 eff:0.1% logz-ratio=1121930.39+/-0.27 dlogz:296.845>0.01] 16337it [4:41:20, 12.99s/it, bound:3587 nc:1512 ncall:1.7e+07 eff:0.1% logz-ratio=1121709.76+/-0.18 dlogz:519.965>0.01]16338it [4:42:35, 22.03s/it, bound:3587 nc:2525 ncall:1.7e+07 eff:0.1% logz-ratio=1121710.16+/-0.21 dlogz:519.392>0.01]16340it [4:42:35, 15.65s/it, bound:3587 nc:  1 ncall:1.7e+07 eff:0.1% logz-ratio=1121905.02+/-0.29 dlogz:322.498>0.01] 16341it [4:42:50, 15.65s/it, bound:3588 nc:2683 ncall:1.7e+07 eff:0.1% logz-ratio=1121711.03+/-0.13 dlogz:518.371>0.01]16342it [4:43:50, 21.98s/it, bound:3588 nc:2626 ncall:1.7e+07 eff:0.1% logz-ratio=1121711.25+/-0.17 dlogz:518.123>0.01]16344it [4:43:50, 15.51s/it, bound:3588 nc:  1 ncall:1.7e+07 eff:0.1% logz-ratio=1121887.87+/-0.28 dlogz:339.781>0.01] 16345it [4:44:00, 15.51s/it, bound:3589 nc:1745 ncall:1.7e+07 eff:0.1% logz-ratio=1121711.94+/-0.12 dlogz:517.435>0.01]16346it [4:45:10, 22.82s/it, bound:3589 nc:2724 ncall:1.7e+07 eff:0.1% logz-ratio=1121712.15+/-0.16 dlogz:517.198>0.01]16348it [4:45:10, 16.05s/it, bound:3589 nc:  1 ncall:1.7e+07 eff:0.1% logz-ratio=1121895.37+/-0.29 dlogz:332.219>0.01] 16349it [4:45:30, 16.05s/it, bound:3590 nc:2113 ncall:1.7e+07 eff:0.1% logz-ratio=1121712.84+/-0.12 dlogz:516.532>0.01]16350it [4:46:33, 23.61s/it, bound:3590 nc:2910 ncall:1.7e+07 eff:0.1% logz-ratio=1121713.04+/-0.16 dlogz:516.294>0.01]16352it [4:46:33, 16.57s/it, bound:3590 nc:  1 ncall:1.7e+07 eff:0.1% logz-ratio=1121796.30+/-0.28 dlogz:432.119>0.01] 16353it [4:46:50, 16.57s/it, bound:3591 nc:1471 ncall:1.7e+07 eff:0.1% logz-ratio=1121713.66+/-0.12 dlogz:515.703>0.01]16354it [4:47:51, 23.20s/it, bound:3591 nc:2188 ncall:1.7e+07 eff:0.1% logz-ratio=1121713.89+/-0.16 dlogz:515.463>0.01]16357it [4:47:51, 14.15s/it, bound:3592 nc:  1 ncall:1.7e+07 eff:0.1% logz-ratio=1121764.96+/-0.27 dlogz:463.716>0.01] 16357it [4:48:10, 14.15s/it, bound:3592 nc:  1 ncall:1.7e+07 eff:0.1% logz-ratio=1122222.21+/-0.48 dlogz:1.099>0.01]  16358it [4:49:10, 24.29s/it, bound:3592 nc:2577 ncall:1.7e+07 eff:0.1% logz-ratio=1121714.60+/-0.10 dlogz:514.679>0.01]16360it [4:49:34, 20.45s/it, bound:3592 nc:2001 ncall:1.7e+07 eff:0.1% logz-ratio=1121714.93+/-0.11 dlogz:514.352>0.01]16362it [4:50:41, 24.49s/it, bound:3593 nc:1932 ncall:1.7e+07 eff:0.1% logz-ratio=1121715.39+/-0.18 dlogz:513.999>0.01]16364it [4:50:41, 17.04s/it, bound:3593 nc:  1 ncall:1.7e+07 eff:0.1% logz-ratio=1121865.36+/-0.28 dlogz:362.503>0.01] 16365it [4:51:00, 17.04s/it, bound:3594 nc:2305 ncall:1.7e+07 eff:0.1% logz-ratio=1121716.16+/-0.13 dlogz:513.185>0.01]16366it [4:52:08, 25.09s/it, bound:3594 nc:2145 ncall:1.7e+07 eff:0.1% logz-ratio=1121716.50+/-0.18 dlogz:512.941>0.01]16368it [4:52:08, 17.52s/it, bound:3594 nc:  1 ncall:1.7e+07 eff:0.1% logz-ratio=1121894.75+/-0.27 dlogz:332.846>0.01] 16369it [4:52:20, 17.52s/it, bound:3595 nc:2264 ncall:1.7e+07 eff:0.1% logz-ratio=1121717.79+/-0.15 dlogz:511.671>0.01]16370it [4:53:31, 24.67s/it, bound:3595 nc:2348 ncall:1.7e+07 eff:0.1% logz-ratio=1121718.11+/-0.19 dlogz:511.307>0.01]16374it [4:54:44, 21.74s/it, bound:3596 nc:1604 ncall:1.7e+07 eff:0.1% logz-ratio=1121719.34+/-0.18 dlogz:510.086>0.01]16376it [4:54:44, 16.35s/it, bound:3596 nc:  1 ncall:1.7e+07 eff:0.1% logz-ratio=1121898.80+/-0.27 dlogz:328.744>0.01] 16377it [4:55:00, 16.35s/it, bound:3597 nc:2424 ncall:1.7e+07 eff:0.1% logz-ratio=1121720.35+/-0.13 dlogz:508.986>0.01]16378it [4:56:00, 22.07s/it, bound:3597 nc:1732 ncall:1.7e+07 eff:0.1% logz-ratio=1121720.56+/-0.17 dlogz:508.725>0.01]16382it [4:57:23, 21.45s/it, bound:3598 nc:2295 ncall:1.7e+07 eff:0.1% logz-ratio=1121721.41+/-0.16 dlogz:507.876>0.01]16385it [4:57:23, 14.72s/it, bound:3599 nc:  1 ncall:1.7e+07 eff:0.1% logz-ratio=1121756.53+/-0.27 dlogz:472.270>0.01] 16385it [4:57:40, 14.72s/it, bound:3599 nc:  1 ncall:1.7e+07 eff:0.1% logz-ratio=1122222.15+/-0.48 dlogz:1.099>0.01]  16386it [4:58:39, 22.66s/it, bound:3599 nc:2014 ncall:1.7e+07 eff:0.1% logz-ratio=1121722.33+/-0.13 dlogz:506.988>0.01]16389it [4:58:39, 14.55s/it, bound:3600 nc:  1 ncall:1.7e+07 eff:0.1% logz-ratio=1121808.04+/-0.27 dlogz:420.315>0.01] 16389it [4:58:50, 14.55s/it, bound:3600 nc:  1 ncall:1.7e+07 eff:0.1% logz-ratio=1122222.14+/-0.48 dlogz:1.099>0.01]  16390it [4:59:55, 23.56s/it, bound:3600 nc:2107 ncall:1.7e+07 eff:0.1% logz-ratio=1121724.09+/-0.18 dlogz:505.537>0.01]16392it [5:00:19, 20.14s/it, bound:3600 nc:1639 ncall:1.7e+07 eff:0.1% logz-ratio=1121724.80+/-0.14 dlogz:504.563>0.01]16394it [5:01:40, 26.18s/it, bound:3601 nc:2351 ncall:1.7e+07 eff:0.1% logz-ratio=1121725.91+/-0.18 dlogz:503.689>0.01]16398it [5:02:59, 23.28s/it, bound:3602 nc:2368 ncall:1.7e+07 eff:0.1% logz-ratio=1121727.41+/-0.22 dlogz:501.928>0.01]16401it [5:03:00, 15.62s/it, bound:3603 nc:  1 ncall:1.7e+07 eff:0.1% logz-ratio=1121799.60+/-0.28 dlogz:428.818>0.01] 16401it [5:03:10, 15.62s/it, bound:3603 nc:  1 ncall:1.7e+07 eff:0.1% logz-ratio=1122222.12+/-0.48 dlogz:1.099>0.01]  16402it [5:04:11, 23.23s/it, bound:3603 nc:2146 ncall:1.7e+07 eff:0.1% logz-ratio=1121728.50+/-0.14 dlogz:500.842>0.01]16406it [5:05:23, 20.94s/it, bound:3604 nc:2512 ncall:1.7e+07 eff:0.1% logz-ratio=1121729.83+/-0.19 dlogz:499.516>0.01]16408it [5:05:23, 15.97s/it, bound:3604 nc:  1 ncall:1.7e+07 eff:0.1% logz-ratio=1121898.31+/-0.27 dlogz:329.215>0.01] 16409it [5:05:40, 15.97s/it, bound:3605 nc:1723 ncall:1.7e+07 eff:0.1% logz-ratio=1121730.61+/-0.12 dlogz:498.619>0.01]16410it [5:06:34, 20.88s/it, bound:3605 nc:1415 ncall:1.7e+07 eff:0.1% logz-ratio=1121730.85+/-0.16 dlogz:498.405>0.01]16413it [5:06:34, 13.55s/it, bound:3606 nc:  1 ncall:1.7e+07 eff:0.1% logz-ratio=1121772.10+/-0.27 dlogz:456.533>0.01] 16413it [5:06:50, 13.55s/it, bound:3606 nc:  1 ncall:1.7e+07 eff:0.1% logz-ratio=1122222.10+/-0.48 dlogz:1.099>0.01]  16414it [5:07:44, 21.65s/it, bound:3606 nc:2489 ncall:1.7e+07 eff:0.1% logz-ratio=1121732.74+/-0.15 dlogz:496.643>0.01]16417it [5:07:44, 13.42s/it, bound:3607 nc:  1 ncall:1.7e+07 eff:0.1% logz-ratio=1121880.59+/-0.27 dlogz:347.106>0.01] 16417it [5:08:00, 13.42s/it, bound:3607 nc:  1 ncall:1.7e+07 eff:0.1% logz-ratio=1122222.09+/-0.48 dlogz:1.099>0.01]  16418it [5:09:08, 24.29s/it, bound:3607 nc:2093 ncall:1.7e+07 eff:0.1% logz-ratio=1121733.81+/-0.13 dlogz:495.435>0.01]16421it [5:09:09, 14.66s/it, bound:3608 nc:  1 ncall:1.7e+07 eff:0.1% logz-ratio=1121848.99+/-0.28 dlogz:379.042>0.01] 16421it [5:09:20, 14.66s/it, bound:3608 nc:  1 ncall:1.7e+07 eff:0.1% logz-ratio=1122222.08+/-0.48 dlogz:1.099>0.01]  16422it [5:10:30, 25.29s/it, bound:3608 nc:2209 ncall:1.7e+07 eff:0.1% logz-ratio=1121734.71+/-0.12 dlogz:494.505>0.01]16424it [5:10:47, 20.03s/it, bound:3608 nc:2178 ncall:1.7e+07 eff:0.1% logz-ratio=1121735.25+/-0.13 dlogz:494.002>0.01]16426it [5:11:57, 24.70s/it, bound:3609 nc:2540 ncall:1.7e+07 eff:0.1% logz-ratio=1121735.75+/-0.13 dlogz:493.492>0.01]16430it [5:13:03, 20.87s/it, bound:3610 nc:2100 ncall:1.7e+07 eff:0.1% logz-ratio=1121736.97+/-0.14 dlogz:492.297>0.01]16434it [5:14:21, 20.29s/it, bound:3611 nc:2650 ncall:1.7e+07 eff:0.1% logz-ratio=1121738.48+/-0.23 dlogz:490.856>0.01]16436it [5:14:21, 15.78s/it, bound:3611 nc:  1 ncall:1.7e+07 eff:0.1% logz-ratio=1121851.12+/-0.27 dlogz:376.885>0.01] 16437it [5:14:40, 15.78s/it, bound:3612 nc:1458 ncall:1.7e+07 eff:0.1% logz-ratio=1121740.07+/-0.16 dlogz:489.335>0.01]16438it [5:15:32, 20.47s/it, bound:3612 nc:1887 ncall:1.7e+07 eff:0.1% logz-ratio=1121740.43+/-0.20 dlogz:488.890>0.01]16441it [5:15:32, 13.51s/it, bound:3613 nc:  1 ncall:1.7e+07 eff:0.1% logz-ratio=1121908.43+/-0.27 dlogz:319.007>0.01] 16441it [5:15:50, 13.51s/it, bound:3613 nc:  1 ncall:1.7e+07 eff:0.1% logz-ratio=1122222.04+/-0.46 dlogz:1.099>0.01]  16442it [5:16:32, 20.02s/it, bound:3613 nc:1701 ncall:1.7e+07 eff:0.1% logz-ratio=1121742.19+/-0.15 dlogz:487.118>0.01]16446it [5:17:35, 18.18s/it, bound:3614 nc:1528 ncall:1.7e+07 eff:0.1% logz-ratio=1121743.23+/-0.20 dlogz:485.931>0.01]16449it [5:17:35, 12.33s/it, bound:3615 nc:  1 ncall:1.7e+07 eff:0.1% logz-ratio=1121869.69+/-0.28 dlogz:358.150>0.01] 16449it [5:17:50, 12.33s/it, bound:3615 nc:  1 ncall:1.7e+07 eff:0.1% logz-ratio=1122222.02+/-0.46 dlogz:1.099>0.01]  16450it [5:18:41, 19.42s/it, bound:3615 nc:1973 ncall:1.7e+07 eff:0.1% logz-ratio=1121744.01+/-0.10 dlogz:485.085>0.01]16453it [5:18:41, 12.38s/it, bound:3616 nc:  1 ncall:1.7e+07 eff:0.1% logz-ratio=1121899.51+/-0.28 dlogz:328.017>0.01] 16453it [5:19:00, 12.38s/it, bound:3616 nc:  1 ncall:1.7e+07 eff:0.1% logz-ratio=1122222.02+/-0.46 dlogz:1.099>0.01]  16454it [5:19:52, 21.04s/it, bound:3616 nc:2219 ncall:1.7e+07 eff:0.1% logz-ratio=1121744.64+/-0.10 dlogz:484.446>0.01]16457it [5:19:52, 12.91s/it, bound:3617 nc:  1 ncall:1.7e+07 eff:0.1% logz-ratio=1121894.10+/-0.28 dlogz:333.509>0.01] 16457it [5:20:10, 12.91s/it, bound:3617 nc:  1 ncall:1.7e+07 eff:0.1% logz-ratio=1122222.01+/-0.46 dlogz:1.099>0.01]  16458it [5:20:59, 21.22s/it, bound:3617 nc:1457 ncall:1.7e+07 eff:0.1% logz-ratio=1121745.49+/-0.12 dlogz:483.640>0.01]16461it [5:21:23, 15.99s/it, bound:3618 nc:2347 ncall:1.7e+07 eff:0.1% logz-ratio=1121746.12+/-0.12 dlogz:482.998>0.01]16462it [5:22:33, 24.62s/it, bound:3618 nc:2371 ncall:1.7e+07 eff:0.1% logz-ratio=1121746.33+/-0.16 dlogz:482.789>0.01]16464it [5:22:33, 16.91s/it, bound:3618 nc:  1 ncall:1.7e+07 eff:0.1% logz-ratio=1121905.16+/-0.28 dlogz:322.348>0.01] 16465it [5:22:50, 16.91s/it, bound:3619 nc:2035 ncall:1.7e+07 eff:0.1% logz-ratio=1121746.93+/-0.11 dlogz:482.157>0.01]16466it [5:23:50, 23.55s/it, bound:3619 nc:2509 ncall:1.7e+07 eff:0.1% logz-ratio=1121747.10+/-0.15 dlogz:481.969>0.01]16468it [5:23:50, 16.35s/it, bound:3619 nc:  1 ncall:1.7e+07 eff:0.1% logz-ratio=1121910.43+/-0.28 dlogz:317.000>0.01] 16469it [5:24:00, 16.35s/it, bound:3620 nc:2668 ncall:1.7e+07 eff:0.1% logz-ratio=1121747.75+/-0.12 dlogz:481.357>0.01]16470it [5:25:02, 22.31s/it, bound:3620 nc:2084 ncall:1.7e+07 eff:0.1% logz-ratio=1121747.95+/-0.16 dlogz:481.141>0.01]16472it [5:25:02, 15.56s/it, bound:3620 nc:  1 ncall:1.7e+07 eff:0.1% logz-ratio=1121920.72+/-0.28 dlogz:306.594>0.01] 16473it [5:25:20, 15.56s/it, bound:3621 nc:2092 ncall:1.7e+07 eff:0.1% logz-ratio=1121748.69+/-0.14 dlogz:480.493>0.01]16474it [5:26:28, 23.84s/it, bound:3621 nc:2893 ncall:1.7e+07 eff:0.1% logz-ratio=1121748.94+/-0.18 dlogz:480.199>0.01]16476it [5:26:28, 16.67s/it, bound:3621 nc:  1 ncall:1.7e+07 eff:0.1% logz-ratio=1121789.91+/-0.27 dlogz:438.608>0.01] 16477it [5:26:40, 16.67s/it, bound:3622 nc:1964 ncall:1.7e+07 eff:0.1% logz-ratio=1121749.59+/-0.12 dlogz:479.517>0.01]16478it [5:27:45, 23.29s/it, bound:3622 nc:2577 ncall:1.7e+07 eff:0.1% logz-ratio=1121749.83+/-0.17 dlogz:479.287>0.01]16480it [5:27:45, 16.30s/it, bound:3622 nc:  1 ncall:1.7e+07 eff:0.1% logz-ratio=1121832.15+/-0.28 dlogz:396.014>0.01] 16481it [5:28:00, 16.30s/it, bound:3623 nc:2268 ncall:1.7e+07 eff:0.1% logz-ratio=1121750.54+/-0.12 dlogz:478.567>0.01]16482it [5:29:02, 22.97s/it, bound:3623 nc:2130 ncall:1.7e+07 eff:0.1% logz-ratio=1121750.73+/-0.16 dlogz:478.332>0.01]16486it [5:30:19, 21.19s/it, bound:3624 nc:1691 ncall:1.7e+07 eff:0.1% logz-ratio=1121751.47+/-0.15 dlogz:477.596>0.01]16490it [5:31:29, 19.72s/it, bound:3625 nc:2135 ncall:1.7e+07 eff:0.1% logz-ratio=1121752.54+/-0.14 dlogz:476.614>0.01]16493it [5:31:50, 15.98s/it, bound:3626 nc:2012 ncall:1.7e+07 eff:0.1% logz-ratio=1121753.22+/-0.11 dlogz:475.817>0.01]16494it [5:32:56, 22.10s/it, bound:3626 nc:1656 ncall:1.7e+07 eff:0.1% logz-ratio=1121753.40+/-0.15 dlogz:475.622>0.01]16497it [5:32:56, 14.42s/it, bound:3627 nc:  1 ncall:1.7e+07 eff:0.1% logz-ratio=1121998.08+/-0.29 dlogz:228.230>0.01] 16497it [5:33:11, 14.42s/it, bound:3627 nc:  1 ncall:1.7e+07 eff:0.1% logz-ratio=1122221.93+/-0.48 dlogz:1.099>0.01]  16498it [5:34:17, 23.96s/it, bound:3627 nc:1459 ncall:1.7e+07 eff:0.1% logz-ratio=1121753.98+/-0.09 dlogz:474.986>0.01]16501it [5:34:17, 14.90s/it, bound:3628 nc:  1 ncall:1.7e+07 eff:0.1% logz-ratio=1121894.48+/-0.28 dlogz:333.152>0.01] 16501it [5:34:31, 14.90s/it, bound:3628 nc:  1 ncall:1.7e+07 eff:0.1% logz-ratio=1122221.92+/-0.48 dlogz:1.099>0.01]  16502it [5:35:28, 23.37s/it, bound:3628 nc:2305 ncall:1.7e+07 eff:0.1% logz-ratio=1121754.55+/-0.10 dlogz:474.441>0.01]16506it [5:36:31, 19.83s/it, bound:3629 nc:1938 ncall:1.7e+07 eff:0.1% logz-ratio=1121755.36+/-0.19 dlogz:473.738>0.01]16508it [5:36:31, 14.89s/it, bound:3629 nc:  1 ncall:1.7e+07 eff:0.1% logz-ratio=1121933.34+/-0.28 dlogz:293.793>0.01] 16509it [5:36:51, 14.89s/it, bound:3630 nc:1952 ncall:1.7e+07 eff:0.1% logz-ratio=1121756.06+/-0.12 dlogz:472.991>0.01]16510it [5:37:52, 21.60s/it, bound:3630 nc:2760 ncall:1.7e+07 eff:0.1% logz-ratio=1121756.27+/-0.16 dlogz:472.757>0.01]16512it [5:37:52, 15.72s/it, bound:3630 nc:  1 ncall:1.7e+07 eff:0.1% logz-ratio=1121931.75+/-0.28 dlogz:295.402>0.01] 16513it [5:38:11, 15.72s/it, bound:3631 nc:2486 ncall:1.7e+07 eff:0.1% logz-ratio=1121756.95+/-0.12 dlogz:472.080>0.01]16514it [5:39:16, 23.14s/it, bound:3631 nc:2813 ncall:1.7e+07 eff:0.1% logz-ratio=1121757.16+/-0.16 dlogz:471.853>0.01]16517it [5:39:16, 14.46s/it, bound:3632 nc:2293 ncall:1.7e+07 eff:0.1% logz-ratio=1121757.67+/-0.10 dlogz:471.279>0.01]16517it [5:39:31, 14.46s/it, bound:3632 nc:2293 ncall:1.7e+07 eff:0.1% logz-ratio=1121757.67+/-0.10 dlogz:471.279>0.01]16518it [5:40:41, 25.14s/it, bound:3632 nc:2734 ncall:1.7e+07 eff:0.1% logz-ratio=1121757.81+/-0.14 dlogz:471.127>0.01]16520it [5:40:41, 17.55s/it, bound:3632 nc:  1 ncall:1.7e+07 eff:0.1% logz-ratio=1121918.19+/-0.28 dlogz:309.176>0.01] 16521it [5:41:01, 17.55s/it, bound:3633 nc:2366 ncall:1.7e+07 eff:0.1% logz-ratio=1121758.25+/-0.10 dlogz:470.683>0.01]16522it [5:41:51, 22.82s/it, bound:3633 nc:2170 ncall:1.7e+07 eff:0.1% logz-ratio=1121758.39+/-0.13 dlogz:470.539>0.01]16523it [5:42:15, 22.95s/it, bound:3633 nc:2079 ncall:1.7e+07 eff:0.1% logz-ratio=1121758.51+/-0.09 dlogz:470.401>0.01]16526it [5:43:41, 25.40s/it, bound:3634 nc:1705 ncall:1.7e+07 eff:0.1% logz-ratio=1121758.90+/-0.13 dlogz:470.028>0.01]16528it [5:43:41, 18.01s/it, bound:3634 nc:  1 ncall:1.7e+07 eff:0.1% logz-ratio=1121816.96+/-0.28 dlogz:411.346>0.01] 16529it [5:44:01, 18.01s/it, bound:3635 nc:2244 ncall:1.7e+07 eff:0.1% logz-ratio=1121759.37+/-0.10 dlogz:469.557>0.01]16530it [5:45:02, 24.66s/it, bound:3635 nc:1345 ncall:1.7e+07 eff:0.1% logz-ratio=1121759.55+/-0.14 dlogz:469.400>0.01]16533it [5:45:02, 15.14s/it, bound:3636 nc:  1 ncall:1.7e+07 eff:0.1% logz-ratio=1121862.52+/-0.28 dlogz:365.409>0.01] 16533it [5:45:21, 15.14s/it, bound:3636 nc:  1 ncall:1.7e+07 eff:0.1% logz-ratio=1122221.86+/-0.48 dlogz:1.099>0.01]  16534it [5:46:14, 23.99s/it, bound:3636 nc:2395 ncall:1.7e+07 eff:0.1% logz-ratio=1121760.22+/-0.10 dlogz:468.707>0.01]16537it [5:46:14, 14.41s/it, bound:3637 nc:  1 ncall:1.7e+07 eff:0.1% logz-ratio=1121847.11+/-0.28 dlogz:380.973>0.01] 16537it [5:46:31, 14.41s/it, bound:3637 nc:  1 ncall:1.7e+07 eff:0.1% logz-ratio=1122221.85+/-0.48 dlogz:1.099>0.01]  16538it [5:47:41, 25.99s/it, bound:3637 nc:2929 ncall:1.7e+07 eff:0.1% logz-ratio=1121760.90+/-0.10 dlogz:468.016>0.01]16541it [5:47:41, 15.43s/it, bound:3638 nc:  1 ncall:1.7e+07 eff:0.1% logz-ratio=1121918.42+/-0.28 dlogz:308.971>0.01] 16541it [5:48:01, 15.43s/it, bound:3638 nc:  1 ncall:1.7e+07 eff:0.1% logz-ratio=1122221.84+/-0.48 dlogz:1.099>0.01]  16542it [5:49:04, 26.33s/it, bound:3638 nc:2972 ncall:1.7e+07 eff:0.1% logz-ratio=1121761.60+/-0.11 dlogz:467.337>0.01]16546it [5:50:17, 22.51s/it, bound:3639 nc:2174 ncall:1.7e+07 eff:0.1% logz-ratio=1121762.40+/-0.13 dlogz:466.613>0.01]16550it [5:51:35, 21.24s/it, bound:3640 nc:1820 ncall:1.7e+07 eff:0.1% logz-ratio=1121763.40+/-0.12 dlogz:465.569>0.01]16554it [5:52:46, 19.97s/it, bound:3641 nc:2160 ncall:1.7e+07 eff:0.1% logz-ratio=1121764.19+/-0.18 dlogz:464.728>0.01]16555it [5:53:02, 19.46s/it, bound:3641 nc:2024 ncall:1.7e+07 eff:0.1% logz-ratio=1121764.37+/-0.11 dlogz:464.537>0.01]16558it [5:54:14, 20.99s/it, bound:3642 nc:2719 ncall:1.7e+07 eff:0.1% logz-ratio=1121764.87+/-0.14 dlogz:464.013>0.01]16562it [5:55:26, 19.88s/it, bound:3643 nc:2048 ncall:1.7e+07 eff:0.1% logz-ratio=1121765.62+/-0.15 dlogz:463.282>0.01]16564it [5:55:26, 15.58s/it, bound:3643 nc:  1 ncall:1.7e+07 eff:0.1% logz-ratio=1121931.68+/-0.28 dlogz:295.446>0.01] 16565it [5:55:41, 15.58s/it, bound:3644 nc:2072 ncall:1.7e+07 eff:0.1% logz-ratio=1121766.22+/-0.11 dlogz:462.674>0.01]16566it [5:56:28, 19.19s/it, bound:3644 nc:1585 ncall:1.7e+07 eff:0.1% logz-ratio=1121766.39+/-0.15 dlogz:462.483>0.01]16569it [5:56:28, 12.75s/it, bound:3645 nc:  1 ncall:1.7e+07 eff:0.1% logz-ratio=1121918.33+/-0.28 dlogz:309.036>0.01] 16569it [5:56:41, 12.75s/it, bound:3645 nc:  1 ncall:1.7e+07 eff:0.1% logz-ratio=1122221.78+/-0.48 dlogz:1.099>0.01]  16570it [5:57:31, 19.69s/it, bound:3645 nc:1416 ncall:1.7e+07 eff:0.1% logz-ratio=1121767.07+/-0.12 dlogz:461.826>0.01]16574it [5:58:49, 19.62s/it, bound:3646 nc:1407 ncall:1.7e+07 eff:0.1% logz-ratio=1121767.83+/-0.16 dlogz:461.094>0.01]16576it [5:58:49, 14.93s/it, bound:3646 nc:  1 ncall:1.7e+07 eff:0.1% logz-ratio=1121920.55+/-0.27 dlogz:306.784>0.01] 16576it [5:59:01, 14.93s/it, bound:3646 nc:  1 ncall:1.7e+07 eff:0.1% logz-ratio=1122221.77+/-0.49 dlogz:1.099>0.01]  16577it [6:00:13, 24.90s/it, bound:3647 nc:5498 ncall:1.7e+07 eff:0.1% logz-ratio=1121768.66+/-0.13 dlogz:460.290>0.01]16581it [6:01:21, 21.31s/it, bound:3648 nc:2569 ncall:1.7e+07 eff:0.1% logz-ratio=1121769.74+/-0.17 dlogz:459.171>0.01]16583it [6:01:21, 16.10s/it, bound:3648 nc:  1 ncall:1.7e+07 eff:0.1% logz-ratio=1121929.37+/-0.27 dlogz:297.816>0.01] 16584it [6:01:31, 16.10s/it, bound:3649 nc:1127 ncall:1.7e+07 eff:0.1% logz-ratio=1121770.42+/-0.11 dlogz:458.436>0.01]16585it [6:02:32, 21.20s/it, bound:3649 nc:2440 ncall:1.7e+07 eff:0.1% logz-ratio=1121770.63+/-0.15 dlogz:458.239>0.01]16589it [6:03:50, 20.50s/it, bound:3650 nc:2998 ncall:1.7e+07 eff:0.1% logz-ratio=1121771.80+/-0.14 dlogz:457.173>0.01]16591it [6:04:08, 17.77s/it, bound:3650 nc:2650 ncall:1.7e+07 eff:0.1% logz-ratio=1121772.33+/-0.13 dlogz:456.564>0.01]16593it [6:05:21, 22.49s/it, bound:3651 nc:2126 ncall:1.7e+07 eff:0.1% logz-ratio=1121773.04+/-0.16 dlogz:456.041>0.01]16596it [6:05:21, 14.66s/it, bound:3652 nc:  1 ncall:1.7e+07 eff:0.1% logz-ratio=1121923.41+/-0.28 dlogz:303.860>0.01] 16596it [6:05:41, 14.66s/it, bound:3652 nc:  1 ncall:1.7e+07 eff:0.1% logz-ratio=1122221.73+/-0.49 dlogz:1.099>0.01]  16597it [6:06:20, 20.94s/it, bound:3652 nc:1642 ncall:1.8e+07 eff:0.1% logz-ratio=1121774.56+/-0.15 dlogz:454.443>0.01]16600it [6:06:20, 13.01s/it, bound:3653 nc:  1 ncall:1.8e+07 eff:0.1% logz-ratio=1121928.49+/-0.28 dlogz:298.704>0.01] 16600it [6:06:31, 13.01s/it, bound:3653 nc:  1 ncall:1.8e+07 eff:0.1% logz-ratio=1122221.72+/-0.49 dlogz:1.099>0.01]  16601it [6:07:19, 19.96s/it, bound:3653 nc:2168 ncall:1.8e+07 eff:0.1% logz-ratio=1121775.89+/-0.13 dlogz:453.005>0.01]16605it [6:08:29, 18.83s/it, bound:3654 nc:2285 ncall:1.8e+07 eff:0.1% logz-ratio=1121776.83+/-0.13 dlogz:452.065>0.01]16609it [6:09:28, 17.18s/it, bound:3655 nc:2571 ncall:1.8e+07 eff:0.1% logz-ratio=1121777.91+/-0.13 dlogz:450.973>0.01]16613it [6:10:28, 16.42s/it, bound:3656 nc:2046 ncall:1.8e+07 eff:0.1% logz-ratio=1121778.98+/-0.13 dlogz:449.874>0.01]16616it [6:10:28, 11.82s/it, bound:3657 nc:  1 ncall:1.8e+07 eff:0.1% logz-ratio=1121922.85+/-0.28 dlogz:304.421>0.01] 16616it [6:10:41, 11.82s/it, bound:3657 nc:  1 ncall:1.8e+07 eff:0.1% logz-ratio=1122221.69+/-0.49 dlogz:1.099>0.01]  16617it [6:11:38, 18.69s/it, bound:3657 nc:2143 ncall:1.8e+07 eff:0.1% logz-ratio=1121780.11+/-0.14 dlogz:448.795>0.01]16621it [6:12:39, 17.26s/it, bound:3658 nc:2347 ncall:1.8e+07 eff:0.1% logz-ratio=1121781.24+/-0.15 dlogz:447.692>0.01]16625it [6:13:51, 17.59s/it, bound:3659 nc:2516 ncall:1.8e+07 eff:0.1% logz-ratio=1121782.86+/-0.17 dlogz:446.202>0.01]16628it [6:13:52, 12.66s/it, bound:3660 nc:  1 ncall:1.8e+07 eff:0.1% logz-ratio=1121928.03+/-0.28 dlogz:299.150>0.01] 16628it [6:14:11, 12.66s/it, bound:3660 nc:  1 ncall:1.8e+07 eff:0.1% logz-ratio=1122221.67+/-0.49 dlogz:1.099>0.01]  16629it [6:15:02, 19.47s/it, bound:3660 nc:2550 ncall:1.8e+07 eff:0.1% logz-ratio=1121784.11+/-0.13 dlogz:444.749>0.01]16631it [6:15:21, 16.91s/it, bound:3660 nc:2422 ncall:1.8e+07 eff:0.1% logz-ratio=1121784.82+/-0.17 dlogz:444.204>0.01]16633it [6:16:35, 22.25s/it, bound:3661 nc:2667 ncall:1.8e+07 eff:0.1% logz-ratio=1121785.67+/-0.15 dlogz:443.258>0.01]16637it [6:17:53, 21.11s/it, bound:3662 nc:2115 ncall:1.8e+07 eff:0.1% logz-ratio=1121786.86+/-0.12 dlogz:441.928>0.01]16641it [6:19:06, 20.03s/it, bound:3663 nc:2272 ncall:1.8e+07 eff:0.1% logz-ratio=1121787.65+/-0.15 dlogz:441.097>0.01]16643it [6:19:06, 15.76s/it, bound:3663 nc:  1 ncall:1.8e+07 eff:0.1% logz-ratio=1121954.73+/-0.29 dlogz:272.031>0.01] 16644it [6:19:21, 15.76s/it, bound:3664 nc:2289 ncall:1.8e+07 eff:0.1% logz-ratio=1121788.22+/-0.11 dlogz:440.498>0.01]16645it [6:20:05, 18.89s/it, bound:3664 nc:2106 ncall:1.8e+07 eff:0.1% logz-ratio=1121788.41+/-0.15 dlogz:440.327>0.01]16648it [6:20:05, 12.59s/it, bound:3665 nc:  1 ncall:1.8e+07 eff:0.1% logz-ratio=1121934.48+/-0.28 dlogz:292.583>0.01] 16648it [6:20:21, 12.59s/it, bound:3665 nc:  1 ncall:1.8e+07 eff:0.1% logz-ratio=1122221.63+/-0.52 dlogz:1.099>0.01]  16649it [6:21:14, 20.33s/it, bound:3665 nc:2204 ncall:1.8e+07 eff:0.1% logz-ratio=1121789.20+/-0.11 dlogz:439.516>0.01]16653it [6:22:21, 18.75s/it, bound:3666 nc:1971 ncall:1.8e+07 eff:0.1% logz-ratio=1121790.22+/-0.12 dlogz:438.513>0.01]16656it [6:22:21, 12.76s/it, bound:3667 nc:  1 ncall:1.8e+07 eff:0.1% logz-ratio=1121930.57+/-0.27 dlogz:296.561>0.01] 16656it [6:22:31, 12.76s/it, bound:3667 nc:  1 ncall:1.8e+07 eff:0.1% logz-ratio=1122221.61+/-0.52 dlogz:1.099>0.01]  16657it [6:23:28, 19.93s/it, bound:3667 nc:2115 ncall:1.8e+07 eff:0.1% logz-ratio=1121791.08+/-0.12 dlogz:437.636>0.01]16660it [6:23:28, 12.73s/it, bound:3668 nc:  1 ncall:1.8e+07 eff:0.1% logz-ratio=1121934.04+/-0.28 dlogz:293.029>0.01] 16660it [6:23:41, 12.73s/it, bound:3668 nc:  1 ncall:1.8e+07 eff:0.1% logz-ratio=1122221.60+/-0.52 dlogz:1.099>0.01]  16661it [6:24:40, 21.46s/it, bound:3668 nc:2506 ncall:1.8e+07 eff:0.1% logz-ratio=1121791.87+/-0.12 dlogz:436.850>0.01]16665it [6:25:42, 18.74s/it, bound:3669 nc:2217 ncall:1.8e+07 eff:0.1% logz-ratio=1121792.64+/-0.10 dlogz:436.021>0.01]16667it [6:26:01, 16.43s/it, bound:3669 nc:2086 ncall:1.8e+07 eff:0.1% logz-ratio=1121793.05+/-0.13 dlogz:435.691>0.01]16669it [6:27:02, 20.13s/it, bound:3670 nc:1903 ncall:1.8e+07 eff:0.1% logz-ratio=1121793.53+/-0.12 dlogz:435.187>0.01]16673it [6:28:08, 18.56s/it, bound:3671 nc:2537 ncall:1.8e+07 eff:0.1% logz-ratio=1121794.30+/-0.11 dlogz:434.376>0.01]16677it [6:29:22, 18.60s/it, bound:3672 nc:1915 ncall:1.8e+07 eff:0.1% logz-ratio=1121795.08+/-0.13 dlogz:433.641>0.01]16680it [6:29:23, 13.25s/it, bound:3673 nc:  1 ncall:1.8e+07 eff:0.1% logz-ratio=1121927.39+/-0.28 dlogz:299.813>0.01] 16680it [6:29:41, 13.25s/it, bound:3673 nc:  1 ncall:1.8e+07 eff:0.1% logz-ratio=1122221.56+/-0.52 dlogz:1.099>0.01]  16681it [6:30:38, 20.78s/it, bound:3673 nc:2795 ncall:1.8e+07 eff:0.1% logz-ratio=1121795.98+/-0.12 dlogz:432.719>0.01]16685it [6:31:46, 19.21s/it, bound:3674 nc:2718 ncall:1.8e+07 eff:0.1% logz-ratio=1121797.23+/-0.15 dlogz:431.596>0.01]16689it [6:32:53, 18.27s/it, bound:3675 nc:2221 ncall:1.8e+07 eff:0.1% logz-ratio=1121798.55+/-0.21 dlogz:430.153>0.01]16691it [6:32:53, 14.47s/it, bound:3675 nc:  1 ncall:1.8e+07 eff:0.1% logz-ratio=1121932.43+/-0.28 dlogz:294.667>0.01] 16692it [6:33:11, 14.47s/it, bound:3676 nc:2005 ncall:1.8e+07 eff:0.1% logz-ratio=1121799.35+/-0.14 dlogz:429.406>0.01]16693it [6:34:04, 19.36s/it, bound:3676 nc:2846 ncall:1.8e+07 eff:0.1% logz-ratio=1121799.62+/-0.18 dlogz:429.097>0.01]16697it [6:35:11, 18.26s/it, bound:3677 nc:2301 ncall:1.8e+07 eff:0.1% logz-ratio=1121800.42+/-0.11 dlogz:428.197>0.01]16700it [6:35:11, 12.83s/it, bound:3678 nc:  1 ncall:1.8e+07 eff:0.1% logz-ratio=1121931.50+/-0.27 dlogz:295.610>0.01] 16700it [6:35:21, 12.83s/it, bound:3678 nc:  1 ncall:1.8e+07 eff:0.1% logz-ratio=1122221.52+/-0.52 dlogz:1.099>0.01]  16701it [6:36:10, 18.65s/it, bound:3678 nc:1944 ncall:1.8e+07 eff:0.1% logz-ratio=1121801.02+/-0.10 dlogz:427.550>0.01]16703it [6:36:26, 15.84s/it, bound:3678 nc:1358 ncall:1.8e+07 eff:0.1% logz-ratio=1121801.39+/-0.12 dlogz:427.271>0.01]16705it [6:37:35, 20.91s/it, bound:3679 nc:2125 ncall:1.8e+07 eff:0.1% logz-ratio=1121802.33+/-0.23 dlogz:426.606>0.01]16709it [6:38:47, 19.65s/it, bound:3680 nc:1726 ncall:1.8e+07 eff:0.1% logz-ratio=1121803.51+/-0.16 dlogz:425.116>0.01]16712it [6:38:47, 13.39s/it, bound:3681 nc:  1 ncall:1.8e+07 eff:0.1% logz-ratio=1121936.91+/-0.28 dlogz:290.103>0.01] 16712it [6:39:01, 13.39s/it, bound:3681 nc:  1 ncall:1.8e+07 eff:0.1% logz-ratio=1122221.50+/-0.52 dlogz:1.099>0.01]  16713it [6:39:48, 19.67s/it, bound:3681 nc:2244 ncall:1.8e+07 eff:0.1% logz-ratio=1121804.31+/-0.11 dlogz:424.287>0.01]16716it [6:39:48, 12.58s/it, bound:3682 nc:  1 ncall:1.8e+07 eff:0.1% logz-ratio=1121946.38+/-0.29 dlogz:280.493>0.01] 16716it [6:40:01, 12.58s/it, bound:3682 nc:  1 ncall:1.8e+07 eff:0.1% logz-ratio=1122221.49+/-0.52 dlogz:1.099>0.01]  16717it [6:40:58, 20.94s/it, bound:3682 nc:2043 ncall:1.8e+07 eff:0.1% logz-ratio=1121805.07+/-0.11 dlogz:423.496>0.01]16720it [6:40:58, 12.87s/it, bound:3683 nc:  1 ncall:1.8e+07 eff:0.1% logz-ratio=1121940.22+/-0.28 dlogz:286.731>0.01] 16720it [6:41:11, 12.87s/it, bound:3683 nc:  1 ncall:1.8e+07 eff:0.1% logz-ratio=1122221.48+/-0.52 dlogz:1.099>0.01]  16721it [6:42:09, 21.97s/it, bound:3683 nc:2034 ncall:1.8e+07 eff:0.1% logz-ratio=1121805.75+/-0.12 dlogz:422.851>0.01]16725it [6:43:11, 18.93s/it, bound:3684 nc:1803 ncall:1.8e+07 eff:0.1% logz-ratio=1121806.86+/-0.13 dlogz:421.789>0.01]16729it [6:44:15, 17.67s/it, bound:3685 nc:2163 ncall:1.8e+07 eff:0.1% logz-ratio=1121807.81+/-0.13 dlogz:420.806>0.01]16732it [6:44:15, 12.36s/it, bound:3686 nc:  1 ncall:1.8e+07 eff:0.1% logz-ratio=1121937.31+/-0.28 dlogz:289.705>0.01] 16732it [6:44:31, 12.36s/it, bound:3686 nc:  1 ncall:1.8e+07 eff:0.1% logz-ratio=1122221.46+/-0.52 dlogz:1.099>0.01]  16733it [6:45:32, 20.55s/it, bound:3686 nc:2953 ncall:1.8e+07 eff:0.1% logz-ratio=1121808.58+/-0.10 dlogz:419.940>0.01]16737it [6:46:49, 19.96s/it, bound:3687 nc:2065 ncall:1.8e+07 eff:0.1% logz-ratio=1121809.21+/-0.12 dlogz:419.355>0.01]16739it [6:47:09, 17.71s/it, bound:3687 nc:1878 ncall:1.8e+07 eff:0.1% logz-ratio=1121809.67+/-0.12 dlogz:418.919>0.01]16741it [6:48:30, 23.35s/it, bound:3688 nc:2431 ncall:1.8e+07 eff:0.1% logz-ratio=1121810.11+/-0.12 dlogz:418.459>0.01]16744it [6:48:31, 15.28s/it, bound:3689 nc:  1 ncall:1.8e+07 eff:0.1% logz-ratio=1121939.64+/-0.28 dlogz:287.326>0.01] 16744it [6:48:41, 15.28s/it, bound:3689 nc:  1 ncall:1.8e+07 eff:0.1% logz-ratio=1122221.43+/-0.52 dlogz:1.099>0.01]  16745it [6:49:51, 24.48s/it, bound:3689 nc:2119 ncall:1.8e+07 eff:0.1% logz-ratio=1121810.85+/-0.10 dlogz:417.654>0.01]16749it [6:51:00, 21.22s/it, bound:3690 nc:2586 ncall:1.8e+07 eff:0.1% logz-ratio=1121811.51+/-0.12 dlogz:417.051>0.01]16752it [6:51:00, 14.36s/it, bound:3691 nc:  1 ncall:1.8e+07 eff:0.1% logz-ratio=1121951.98+/-0.28 dlogz:274.872>0.01] 16752it [6:51:11, 14.36s/it, bound:3691 nc:  1 ncall:1.8e+07 eff:0.1% logz-ratio=1122221.42+/-0.52 dlogz:1.099>0.01]  16753it [6:52:09, 21.71s/it, bound:3691 nc:2194 ncall:1.8e+07 eff:0.1% logz-ratio=1121812.50+/-0.12 dlogz:416.052>0.01]16756it [6:52:09, 13.82s/it, bound:3692 nc:  1 ncall:1.8e+07 eff:0.1% logz-ratio=1121950.64+/-0.29 dlogz:276.236>0.01] 16756it [6:52:21, 13.82s/it, bound:3692 nc:  1 ncall:1.8e+07 eff:0.1% logz-ratio=1122221.41+/-0.52 dlogz:1.099>0.01]  16757it [6:53:26, 23.06s/it, bound:3692 nc:1919 ncall:1.8e+07 eff:0.1% logz-ratio=1121813.22+/-0.11 dlogz:415.279>0.01]16760it [6:53:26, 14.13s/it, bound:3693 nc:  1 ncall:1.8e+07 eff:0.1% logz-ratio=1121950.63+/-0.29 dlogz:276.236>0.01] 16760it [6:53:41, 14.13s/it, bound:3693 nc:  1 ncall:1.8e+07 eff:0.1% logz-ratio=1122221.40+/-0.52 dlogz:1.099>0.01]  16761it [6:54:35, 22.76s/it, bound:3693 nc:2368 ncall:1.8e+07 eff:0.1% logz-ratio=1121813.98+/-0.11 dlogz:414.509>0.01]16765it [6:55:43, 20.06s/it, bound:3694 nc:1486 ncall:1.8e+07 eff:0.1% logz-ratio=1121814.72+/-0.12 dlogz:413.810>0.01]16769it [6:57:02, 19.89s/it, bound:3695 nc:1956 ncall:1.8e+07 eff:0.1% logz-ratio=1121815.52+/-0.15 dlogz:412.956>0.01]16770it [6:57:17, 19.29s/it, bound:3695 nc:2576 ncall:1.8e+07 eff:0.1% logz-ratio=1121815.72+/-0.12 dlogz:412.772>0.01]16773it [6:58:29, 20.99s/it, bound:3696 nc:1575 ncall:1.8e+07 eff:0.1% logz-ratio=1121816.42+/-0.17 dlogz:412.104>0.01]16776it [6:58:29, 14.00s/it, bound:3697 nc:  1 ncall:1.8e+07 eff:0.1% logz-ratio=1121949.08+/-0.29 dlogz:277.799>0.01] 16776it [6:58:41, 14.00s/it, bound:3697 nc:  1 ncall:1.8e+07 eff:0.1% logz-ratio=1122221.37+/-0.53 dlogz:1.099>0.01]  16777it [6:59:37, 21.41s/it, bound:3697 nc:2159 ncall:1.8e+07 eff:0.1% logz-ratio=1121817.58+/-0.13 dlogz:410.972>0.01]16780it [6:59:38, 13.50s/it, bound:3698 nc:  1 ncall:1.8e+07 eff:0.1% logz-ratio=1121940.11+/-0.28 dlogz:286.845>0.01] 16780it [6:59:51, 13.50s/it, bound:3698 nc:  1 ncall:1.8e+07 eff:0.1% logz-ratio=1122221.36+/-0.53 dlogz:1.099>0.01]  16781it [7:00:44, 21.40s/it, bound:3698 nc:1860 ncall:1.8e+07 eff:0.1% logz-ratio=1121818.59+/-0.14 dlogz:409.980>0.01]16785it [7:01:58, 20.09s/it, bound:3699 nc:1400 ncall:1.8e+07 eff:0.1% logz-ratio=1121819.38+/-0.11 dlogz:409.055>0.01]16789it [7:03:06, 18.82s/it, bound:3700 nc:2416 ncall:1.8e+07 eff:0.1% logz-ratio=1121820.04+/-0.15 dlogz:408.406>0.01]16791it [7:03:06, 14.67s/it, bound:3700 nc:  1 ncall:1.8e+07 eff:0.1% logz-ratio=1121960.17+/-0.30 dlogz:266.568>0.01] 16792it [7:03:21, 14.67s/it, bound:3701 nc:1870 ncall:1.8e+07 eff:0.1% logz-ratio=1121820.58+/-0.11 dlogz:407.861>0.01]16793it [7:04:10, 18.88s/it, bound:3701 nc:1590 ncall:1.8e+07 eff:0.1% logz-ratio=1121820.76+/-0.15 dlogz:407.670>0.01]16797it [7:05:16, 17.94s/it, bound:3702 nc:1927 ncall:1.8e+07 eff:0.1% logz-ratio=1121821.44+/-0.12 dlogz:407.010>0.01]16801it [7:06:13, 16.51s/it, bound:3703 nc:1702 ncall:1.8e+07 eff:0.1% logz-ratio=1121822.47+/-0.12 dlogz:405.977>0.01]16805it [7:07:18, 16.47s/it, bound:3704 nc:2682 ncall:1.8e+07 eff:0.1% logz-ratio=1121823.20+/-0.15 dlogz:405.194>0.01]16806it [7:07:41, 17.18s/it, bound:3704 nc:857 ncall:1.8e+07 eff:0.1% logz-ratio=1121823.36+/-0.10 dlogz:405.024>0.01] 16809it [7:08:48, 18.79s/it, bound:3705 nc:2390 ncall:1.8e+07 eff:0.1% logz-ratio=1121823.84+/-0.10 dlogz:404.532>0.01]16812it [7:08:48, 12.91s/it, bound:3706 nc:  1 ncall:1.8e+07 eff:0.1% logz-ratio=1121955.56+/-0.28 dlogz:271.235>0.01] 16812it [7:09:01, 12.91s/it, bound:3706 nc:  1 ncall:1.8e+07 eff:0.1% logz-ratio=1122221.30+/-0.51 dlogz:1.099>0.01]  16813it [7:10:09, 21.81s/it, bound:3706 nc:2127 ncall:1.8e+07 eff:0.1% logz-ratio=1121824.55+/-0.11 dlogz:403.842>0.01]16816it [7:10:10, 14.03s/it, bound:3707 nc:  1 ncall:1.8e+07 eff:0.1% logz-ratio=1121951.32+/-0.29 dlogz:275.549>0.01] 16816it [7:10:21, 14.03s/it, bound:3707 nc:  1 ncall:1.8e+07 eff:0.1% logz-ratio=1122221.29+/-0.51 dlogz:1.099>0.01]  16817it [7:11:27, 23.21s/it, bound:3707 nc:2104 ncall:1.8e+07 eff:0.1% logz-ratio=1121825.37+/-0.12 dlogz:403.062>0.01]16820it [7:11:27, 14.31s/it, bound:3708 nc:  1 ncall:1.8e+07 eff:0.1% logz-ratio=1121956.27+/-0.28 dlogz:270.518>0.01] 16820it [7:11:41, 14.31s/it, bound:3708 nc:  1 ncall:1.8e+07 eff:0.1% logz-ratio=1122221.28+/-0.51 dlogz:1.099>0.01]  16821it [7:12:42, 23.79s/it, bound:3708 nc:2363 ncall:1.8e+07 eff:0.1% logz-ratio=1121826.38+/-0.12 dlogz:402.032>0.01]16824it [7:12:43, 14.32s/it, bound:3709 nc:  1 ncall:1.8e+07 eff:0.1% logz-ratio=1121952.57+/-0.28 dlogz:274.280>0.01] 16824it [7:13:01, 14.32s/it, bound:3709 nc:  1 ncall:1.8e+07 eff:0.1% logz-ratio=1122221.27+/-0.51 dlogz:1.099>0.01]  16825it [7:13:37, 20.72s/it, bound:3709 nc:1646 ncall:1.8e+07 eff:0.1% logz-ratio=1121827.14+/-0.11 dlogz:401.210>0.01]16829it [7:14:52, 19.81s/it, bound:3710 nc:2738 ncall:1.8e+07 eff:0.1% logz-ratio=1121827.87+/-0.16 dlogz:400.530>0.01]16831it [7:14:52, 14.79s/it, bound:3710 nc:  1 ncall:1.8e+07 eff:0.1% logz-ratio=1121931.44+/-0.27 dlogz:295.698>0.01] 16832it [7:15:11, 14.79s/it, bound:3711 nc:2523 ncall:1.8e+07 eff:0.1% logz-ratio=1121828.61+/-0.13 dlogz:399.818>0.01]16833it [7:16:07, 20.75s/it, bound:3711 nc:1607 ncall:1.8e+07 eff:0.1% logz-ratio=1121828.90+/-0.18 dlogz:399.554>0.01]16835it [7:16:07, 15.04s/it, bound:3711 nc:  1 ncall:1.8e+07 eff:0.1% logz-ratio=1121962.31+/-0.28 dlogz:264.428>0.01] 16836it [7:16:21, 15.04s/it, bound:3712 nc:1982 ncall:1.8e+07 eff:0.1% logz-ratio=1121829.81+/-0.14 dlogz:398.663>0.01]16837it [7:17:20, 21.08s/it, bound:3712 nc:2134 ncall:1.8e+07 eff:0.1% logz-ratio=1121830.13+/-0.19 dlogz:398.353>0.01]16839it [7:17:20, 15.03s/it, bound:3712 nc:  1 ncall:1.8e+07 eff:0.1% logz-ratio=1121977.79+/-0.29 dlogz:248.709>0.01] 16840it [7:17:31, 15.03s/it, bound:3713 nc:2693 ncall:1.8e+07 eff:0.1% logz-ratio=1121831.36+/-0.16 dlogz:397.183>0.01]16841it [7:18:24, 20.05s/it, bound:3713 nc:1472 ncall:1.8e+07 eff:0.1% logz-ratio=1121831.65+/-0.19 dlogz:396.792>0.01]16842it [7:18:35, 18.46s/it, bound:3713 nc:2335 ncall:1.8e+07 eff:0.1% logz-ratio=1121831.89+/-0.12 dlogz:396.498>0.01]16845it [7:19:40, 19.77s/it, bound:3714 nc:2350 ncall:1.8e+07 eff:0.1% logz-ratio=1121832.67+/-0.18 dlogz:395.746>0.01]16849it [7:20:44, 18.08s/it, bound:3715 nc:1979 ncall:1.8e+07 eff:0.1% logz-ratio=1121833.41+/-0.10 dlogz:394.879>0.01]16852it [7:20:44, 12.23s/it, bound:3716 nc:  1 ncall:1.8e+07 eff:0.1% logz-ratio=1121963.85+/-0.28 dlogz:262.849>0.01] 16852it [7:21:01, 12.23s/it, bound:3716 nc:  1 ncall:1.8e+07 eff:0.1% logz-ratio=1122221.22+/-0.61 dlogz:1.099>0.01]  16853it [7:22:01, 20.91s/it, bound:3716 nc:2090 ncall:1.8e+07 eff:0.1% logz-ratio=1121833.99+/-0.11 dlogz:394.310>0.01]16856it [7:22:01, 13.31s/it, bound:3717 nc:  1 ncall:1.8e+07 eff:0.1% logz-ratio=1121954.36+/-0.28 dlogz:272.451>0.01] 16856it [7:22:11, 13.31s/it, bound:3717 nc:  1 ncall:1.8e+07 eff:0.1% logz-ratio=1122221.21+/-0.61 dlogz:1.099>0.01]  16857it [7:23:16, 22.41s/it, bound:3717 nc:1554 ncall:1.8e+07 eff:0.1% logz-ratio=1121834.98+/-0.12 dlogz:393.367>0.01]16861it [7:24:30, 20.59s/it, bound:3718 nc:2171 ncall:1.8e+07 eff:0.1% logz-ratio=1121835.74+/-0.11 dlogz:392.553>0.01]16865it [7:25:40, 19.45s/it, bound:3719 nc:1853 ncall:1.8e+07 eff:0.1% logz-ratio=1121836.44+/-0.11 dlogz:391.862>0.01]16869it [7:27:02, 19.83s/it, bound:3720 nc:2882 ncall:1.8e+07 eff:0.1% logz-ratio=1121837.17+/-0.11 dlogz:391.124>0.01]16872it [7:27:03, 14.31s/it, bound:3721 nc:  1 ncall:1.8e+07 eff:0.1% logz-ratio=1121959.76+/-0.28 dlogz:266.984>0.01] 16872it [7:27:21, 14.31s/it, bound:3721 nc:  1 ncall:1.8e+07 eff:0.1% logz-ratio=1122221.18+/-0.61 dlogz:1.099>0.01]  16873it [7:28:07, 20.19s/it, bound:3721 nc:2139 ncall:1.8e+07 eff:0.1% logz-ratio=1121837.75+/-0.09 dlogz:390.464>0.01]16876it [7:28:07, 13.45s/it, bound:3722 nc:  1 ncall:1.8e+07 eff:0.1% logz-ratio=1121964.38+/-0.28 dlogz:262.297>0.01] 16876it [7:28:21, 13.45s/it, bound:3722 nc:  1 ncall:1.8e+07 eff:0.1% logz-ratio=1122221.17+/-0.61 dlogz:1.099>0.01]  16877it [7:29:20, 21.57s/it, bound:3722 nc:2202 ncall:1.8e+07 eff:0.1% logz-ratio=1121838.86+/-0.14 dlogz:389.539>0.01]16879it [7:29:35, 17.65s/it, bound:3722 nc:2139 ncall:1.8e+07 eff:0.1% logz-ratio=1121839.34+/-0.12 dlogz:388.957>0.01]16881it [7:30:31, 20.66s/it, bound:3723 nc:1917 ncall:1.8e+07 eff:0.1% logz-ratio=1121839.97+/-0.15 dlogz:388.439>0.01]16885it [7:31:44, 19.56s/it, bound:3724 nc:1808 ncall:1.8e+07 eff:0.1% logz-ratio=1121841.90+/-0.25 dlogz:386.774>0.01]16887it [7:31:44, 14.81s/it, bound:3724 nc:  1 ncall:1.8e+07 eff:0.1% logz-ratio=1121966.59+/-0.28 dlogz:260.056>0.01] 16888it [7:32:01, 14.81s/it, bound:3725 nc:1659 ncall:1.8e+07 eff:0.1% logz-ratio=1121843.06+/-0.15 dlogz:385.362>0.01]16889it [7:32:51, 19.61s/it, bound:3725 nc:2526 ncall:1.8e+07 eff:0.1% logz-ratio=1121843.42+/-0.20 dlogz:384.991>0.01]16893it [7:34:06, 19.28s/it, bound:3726 nc:2758 ncall:1.8e+07 eff:0.1% logz-ratio=1121844.75+/-0.19 dlogz:383.592>0.01]16897it [7:35:26, 19.56s/it, bound:3727 nc:2544 ncall:1.8e+07 eff:0.1% logz-ratio=1121845.82+/-0.18 dlogz:382.536>0.01]16899it [7:35:26, 15.41s/it, bound:3727 nc:  1 ncall:1.8e+07 eff:0.1% logz-ratio=1121968.41+/-0.28 dlogz:258.180>0.01] 16900it [7:35:41, 15.41s/it, bound:3728 nc:2645 ncall:1.8e+07 eff:0.1% logz-ratio=1121846.65+/-0.13 dlogz:381.633>0.01]16901it [7:36:39, 20.22s/it, bound:3728 nc:2301 ncall:1.8e+07 eff:0.1% logz-ratio=1121846.89+/-0.17 dlogz:381.379>0.01]16903it [7:36:39, 15.19s/it, bound:3728 nc:  1 ncall:1.8e+07 eff:0.1% logz-ratio=1121964.32+/-0.28 dlogz:262.337>0.01] 16904it [7:36:51, 15.19s/it, bound:3729 nc:2296 ncall:1.8e+07 eff:0.1% logz-ratio=1121847.58+/-0.12 dlogz:380.649>0.01]16905it [7:37:51, 20.64s/it, bound:3729 nc:2007 ncall:1.8e+07 eff:0.1% logz-ratio=1121847.75+/-0.15 dlogz:380.448>0.01]16907it [7:37:51, 15.02s/it, bound:3729 nc:  1 ncall:1.8e+07 eff:0.1% logz-ratio=1121964.32+/-0.28 dlogz:262.342>0.01] 16908it [7:38:01, 15.02s/it, bound:3730 nc:2473 ncall:1.8e+07 eff:0.1% logz-ratio=1121848.24+/-0.11 dlogz:379.937>0.01]16909it [7:38:59, 20.35s/it, bound:3730 nc:1651 ncall:1.8e+07 eff:0.1% logz-ratio=1121848.39+/-0.14 dlogz:379.772>0.01]16911it [7:38:59, 14.54s/it, bound:3730 nc:  1 ncall:1.8e+07 eff:0.1% logz-ratio=1121959.91+/-0.28 dlogz:266.824>0.01] 16912it [7:39:11, 14.54s/it, bound:3731 nc:2210 ncall:1.8e+07 eff:0.1% logz-ratio=1121848.80+/-0.10 dlogz:379.347>0.01]16913it [7:40:11, 20.72s/it, bound:3731 nc:1783 ncall:1.8e+07 eff:0.1% logz-ratio=1121848.92+/-0.13 dlogz:379.212>0.01]16914it [7:40:33, 21.06s/it, bound:3731 nc:2642 ncall:1.8e+07 eff:0.1% logz-ratio=1121849.04+/-0.09 dlogz:379.086>0.01]16917it [7:41:51, 23.09s/it, bound:3732 nc:2539 ncall:1.8e+07 eff:0.1% logz-ratio=1121849.48+/-0.14 dlogz:378.696>0.01]16919it [7:41:51, 16.46s/it, bound:3732 nc:  1 ncall:1.8e+07 eff:0.1% logz-ratio=1121969.08+/-0.28 dlogz:257.513>0.01] 16920it [7:42:01, 16.46s/it, bound:3733 nc:2072 ncall:1.8e+07 eff:0.1% logz-ratio=1121850.12+/-0.12 dlogz:378.103>0.01]16921it [7:43:01, 21.87s/it, bound:3733 nc:1912 ncall:1.8e+07 eff:0.1% logz-ratio=1121850.34+/-0.17 dlogz:377.869>0.01]16925it [7:44:15, 20.33s/it, bound:3734 nc:2402 ncall:1.8e+07 eff:0.1% logz-ratio=1121851.02+/-0.14 dlogz:377.112>0.01]16927it [7:44:15, 15.37s/it, bound:3734 nc:  1 ncall:1.8e+07 eff:0.1% logz-ratio=1121964.28+/-0.28 dlogz:262.388>0.01] 16928it [7:44:31, 15.37s/it, bound:3735 nc:1883 ncall:1.8e+07 eff:0.1% logz-ratio=1121851.81+/-0.14 dlogz:376.469>0.01]16929it [7:45:27, 20.73s/it, bound:3735 nc:2037 ncall:1.8e+07 eff:0.1% logz-ratio=1121852.06+/-0.18 dlogz:376.168>0.01]16931it [7:45:27, 15.14s/it, bound:3735 nc:  1 ncall:1.8e+07 eff:0.1% logz-ratio=1121967.37+/-0.28 dlogz:259.266>0.01] 16932it [7:45:41, 15.14s/it, bound:3736 nc:1706 ncall:1.8e+07 eff:0.1% logz-ratio=1121852.91+/-0.14 dlogz:375.377>0.01]16933it [7:46:53, 22.89s/it, bound:3736 nc:1821 ncall:1.8e+07 eff:0.1% logz-ratio=1121853.20+/-0.19 dlogz:375.062>0.01]16936it [7:46:53, 14.35s/it, bound:3737 nc:  1 ncall:1.8e+07 eff:0.1% logz-ratio=1121965.61+/-0.28 dlogz:261.057>0.01] 16936it [7:47:11, 14.35s/it, bound:3737 nc:  1 ncall:1.8e+07 eff:0.1% logz-ratio=1122221.05+/-0.61 dlogz:1.099>0.01]  16937it [7:47:57, 21.80s/it, bound:3737 nc:2422 ncall:1.8e+07 eff:0.1% logz-ratio=1121854.14+/-0.13 dlogz:374.049>0.01]16941it [7:49:08, 19.96s/it, bound:3738 nc:2580 ncall:1.8e+07 eff:0.1% logz-ratio=1121855.19+/-0.19 dlogz:373.101>0.01]16943it [7:49:08, 15.01s/it, bound:3738 nc:  1 ncall:1.8e+07 eff:0.1% logz-ratio=1121970.13+/-0.28 dlogz:256.453>0.01] 16944it [7:49:21, 15.01s/it, bound:3739 nc:1812 ncall:1.8e+07 eff:0.1% logz-ratio=1121856.25+/-0.15 dlogz:372.064>0.01]16945it [7:50:16, 20.00s/it, bound:3739 nc:1995 ncall:1.8e+07 eff:0.1% logz-ratio=1121856.53+/-0.19 dlogz:371.695>0.01]16949it [7:51:22, 18.48s/it, bound:3740 nc:2335 ncall:1.8e+07 eff:0.1% logz-ratio=1121857.36+/-0.16 dlogz:370.777>0.01]16950it [7:51:37, 18.01s/it, bound:3740 nc:2015 ncall:1.8e+07 eff:0.1% logz-ratio=1121857.56+/-0.11 dlogz:370.571>0.01]16953it [7:52:56, 20.96s/it, bound:3741 nc:2839 ncall:1.8e+07 eff:0.1% logz-ratio=1121858.07+/-0.11 dlogz:370.030>0.01]16957it [7:53:57, 18.69s/it, bound:3742 nc:2015 ncall:1.8e+07 eff:0.1% logz-ratio=1121858.71+/-0.10 dlogz:369.368>0.01]16961it [7:55:18, 19.21s/it, bound:3743 nc:2703 ncall:1.8e+07 eff:0.1% logz-ratio=1121859.35+/-0.10 dlogz:368.717>0.01]16965it [7:56:23, 18.23s/it, bound:3744 nc:2134 ncall:1.8e+07 eff:0.1% logz-ratio=1121859.87+/-0.09 dlogz:368.160>0.01]16969it [7:57:27, 17.46s/it, bound:3745 nc:2118 ncall:1.8e+07 eff:0.1% logz-ratio=1121860.58+/-0.11 dlogz:367.505>0.01]16972it [7:57:27, 12.91s/it, bound:3746 nc:  1 ncall:1.8e+07 eff:0.1% logz-ratio=1121969.17+/-0.27 dlogz:257.428>0.01] 16972it [7:57:41, 12.91s/it, bound:3746 nc:  1 ncall:1.8e+07 eff:0.1% logz-ratio=1122220.98+/-0.62 dlogz:1.099>0.01]  16973it [7:58:41, 19.65s/it, bound:3746 nc:2646 ncall:1.8e+07 eff:0.1% logz-ratio=1121861.67+/-0.15 dlogz:366.556>0.01]16976it [7:58:41, 13.34s/it, bound:3747 nc:  1 ncall:1.8e+07 eff:0.1% logz-ratio=1121968.16+/-0.28 dlogz:258.469>0.01] 16976it [7:58:51, 13.34s/it, bound:3747 nc:  1 ncall:1.8e+07 eff:0.1% logz-ratio=1122220.97+/-0.62 dlogz:1.099>0.01]  16977it [7:59:54, 21.33s/it, bound:3747 nc:1729 ncall:1.8e+07 eff:0.1% logz-ratio=1121862.55+/-0.12 dlogz:365.523>0.01]16980it [7:59:54, 13.60s/it, bound:3748 nc:  1 ncall:1.8e+07 eff:0.1% logz-ratio=1121970.53+/-0.28 dlogz:256.056>0.01] 16980it [8:00:11, 13.60s/it, bound:3748 nc:  1 ncall:1.8e+07 eff:0.1% logz-ratio=1122220.96+/-0.62 dlogz:1.099>0.01]  16981it [8:00:46, 19.21s/it, bound:3748 nc:1949 ncall:1.8e+07 eff:0.1% logz-ratio=1121863.40+/-0.12 dlogz:364.672>0.01]16985it [8:01:53, 18.05s/it, bound:3749 nc:1519 ncall:1.8e+07 eff:0.1% logz-ratio=1121864.18+/-0.18 dlogz:363.864>0.01]16986it [8:02:13, 18.37s/it, bound:3749 nc:1784 ncall:1.8e+07 eff:0.1% logz-ratio=1121864.37+/-0.11 dlogz:363.686>0.01]16988it [8:03:29, 23.98s/it, bound:3750 nc:2064 ncall:1.8e+07 eff:0.1% logz-ratio=1121864.76+/-0.11 dlogz:363.282>0.01]16991it [8:03:29, 14.88s/it, bound:3751 nc:  1 ncall:1.8e+07 eff:0.1% logz-ratio=1121973.41+/-0.28 dlogz:253.151>0.01] 16991it [8:03:41, 14.88s/it, bound:3751 nc:  1 ncall:1.8e+07 eff:0.1% logz-ratio=1122220.94+/-0.62 dlogz:1.099>0.01]  16992it [8:04:24, 21.06s/it, bound:3751 nc:1729 ncall:1.8e+07 eff:0.1% logz-ratio=1121865.43+/-0.11 dlogz:362.587>0.01]16996it [8:05:30, 18.88s/it, bound:3752 nc:2305 ncall:1.8e+07 eff:0.1% logz-ratio=1121866.08+/-0.15 dlogz:361.935>0.01]17000it [8:06:44, 18.72s/it, bound:3753 nc:1848 ncall:1.8e+07 eff:0.1% logz-ratio=1121867.27+/-0.20 dlogz:360.941>0.01]17002it [8:06:44, 14.57s/it, bound:3753 nc:  1 ncall:1.8e+07 eff:0.1% logz-ratio=1121994.38+/-0.30 dlogz:231.927>0.01] 17003it [8:07:01, 14.57s/it, bound:3754 nc:2843 ncall:1.8e+07 eff:0.1% logz-ratio=1121868.09+/-0.13 dlogz:359.983>0.01]17004it [8:07:56, 19.77s/it, bound:3754 nc:2481 ncall:1.8e+07 eff:0.1% logz-ratio=1121868.29+/-0.16 dlogz:359.740>0.01]17006it [8:07:56, 14.72s/it, bound:3754 nc:  1 ncall:1.8e+07 eff:0.1% logz-ratio=1121985.13+/-0.29 dlogz:241.272>0.01] 17007it [8:08:11, 14.72s/it, bound:3755 nc:2615 ncall:1.8e+07 eff:0.1% logz-ratio=1121868.84+/-0.10 dlogz:359.143>0.01]17008it [8:09:12, 20.94s/it, bound:3755 nc:1861 ncall:1.8e+07 eff:0.1% logz-ratio=1121868.98+/-0.14 dlogz:358.982>0.01]17010it [8:09:12, 15.16s/it, bound:3755 nc:  1 ncall:1.8e+07 eff:0.1% logz-ratio=1121989.32+/-0.29 dlogz:237.046>0.01] 17011it [8:09:31, 15.16s/it, bound:3756 nc:2369 ncall:1.8e+07 eff:0.1% logz-ratio=1121869.37+/-0.09 dlogz:358.558>0.01]17012it [8:10:25, 21.24s/it, bound:3756 nc:2096 ncall:1.8e+07 eff:0.1% logz-ratio=1121869.53+/-0.13 dlogz:358.436>0.01]17016it [8:11:45, 20.67s/it, bound:3757 nc:2840 ncall:1.8e+07 eff:0.1% logz-ratio=1121870.28+/-0.15 dlogz:357.713>0.01]17018it [8:11:45, 15.68s/it, bound:3757 nc:  1 ncall:1.8e+07 eff:0.1% logz-ratio=1121981.13+/-0.28 dlogz:245.329>0.01] 17019it [8:12:01, 15.68s/it, bound:3758 nc:2503 ncall:1.8e+07 eff:0.1% logz-ratio=1121870.89+/-0.12 dlogz:357.112>0.01]17020it [8:13:02, 21.47s/it, bound:3758 nc:2755 ncall:1.8e+07 eff:0.1% logz-ratio=1121871.10+/-0.16 dlogz:356.907>0.01]17021it [8:13:23, 21.35s/it, bound:3758 nc:2637 ncall:1.8e+07 eff:0.1% logz-ratio=1121871.38+/-0.14 dlogz:356.693>0.01]17024it [8:14:28, 21.52s/it, bound:3759 nc:1654 ncall:1.8e+07 eff:0.1% logz-ratio=1121872.47+/-0.20 dlogz:355.653>0.01]17026it [8:14:28, 15.60s/it, bound:3759 nc:  1 ncall:1.8e+07 eff:0.1% logz-ratio=1121992.95+/-0.29 dlogz:233.366>0.01] 17027it [8:14:41, 15.60s/it, bound:3760 nc:2409 ncall:1.8e+07 eff:0.1% logz-ratio=1121873.20+/-0.12 dlogz:354.790>0.01]17028it [8:15:40, 21.37s/it, bound:3760 nc:2690 ncall:1.8e+07 eff:0.1% logz-ratio=1121873.40+/-0.16 dlogz:354.583>0.01]17031it [8:15:40, 13.33s/it, bound:3761 nc:  1 ncall:1.8e+07 eff:0.1% logz-ratio=1121898.31+/-0.27 dlogz:329.243>0.01] 17031it [8:15:51, 13.33s/it, bound:3761 nc:  1 ncall:1.8e+07 eff:0.1% logz-ratio=1122220.86+/-0.62 dlogz:1.099>0.01]  17032it [8:16:56, 22.81s/it, bound:3761 nc:2489 ncall:1.8e+07 eff:0.1% logz-ratio=1121874.06+/-0.10 dlogz:353.850>0.01]17035it [8:16:56, 13.82s/it, bound:3762 nc:  1 ncall:1.8e+07 eff:0.1% logz-ratio=1121989.27+/-0.29 dlogz:237.111>0.01] 17035it [8:17:11, 13.82s/it, bound:3762 nc:  1 ncall:1.8e+07 eff:0.1% logz-ratio=1122220.85+/-0.62 dlogz:1.099>0.01]  17036it [8:18:26, 25.88s/it, bound:3762 nc:2963 ncall:1.8e+07 eff:0.1% logz-ratio=1121874.82+/-0.12 dlogz:353.164>0.01]17039it [8:18:26, 15.44s/it, bound:3763 nc:  1 ncall:1.8e+07 eff:0.1% logz-ratio=1121955.60+/-0.28 dlogz:271.282>0.01] 17039it [8:18:41, 15.44s/it, bound:3763 nc:  1 ncall:1.8e+07 eff:0.1% logz-ratio=1122220.84+/-0.63 dlogz:1.099>0.01]  17040it [8:19:56, 27.44s/it, bound:3763 nc:1754 ncall:1.8e+07 eff:0.1% logz-ratio=1121875.84+/-0.13 dlogz:352.154>0.01]17043it [8:19:56, 16.23s/it, bound:3764 nc:  1 ncall:1.8e+07 eff:0.1% logz-ratio=1121960.69+/-0.28 dlogz:266.125>0.01] 17043it [8:20:11, 16.23s/it, bound:3764 nc:  1 ncall:1.8e+07 eff:0.1% logz-ratio=1122220.84+/-0.63 dlogz:1.099>0.01]  17044it [8:21:21, 27.50s/it, bound:3764 nc:2052 ncall:1.8e+07 eff:0.1% logz-ratio=1121877.10+/-0.15 dlogz:351.005>0.01]17048it [8:22:40, 23.77s/it, bound:3765 nc:1572 ncall:1.9e+07 eff:0.1% logz-ratio=1121878.16+/-0.12 dlogz:349.776>0.01]17051it [8:22:40, 15.68s/it, bound:3766 nc:  1 ncall:1.9e+07 eff:0.1% logz-ratio=1121968.28+/-0.28 dlogz:258.405>0.01] 17051it [8:22:51, 15.68s/it, bound:3766 nc:  1 ncall:1.9e+07 eff:0.1% logz-ratio=1122220.82+/-0.63 dlogz:1.099>0.01]  17052it [8:23:55, 23.94s/it, bound:3766 nc:2110 ncall:1.9e+07 eff:0.1% logz-ratio=1121878.88+/-0.12 dlogz:349.052>0.01]17054it [8:24:15, 19.87s/it, bound:3766 nc:2551 ncall:1.9e+07 eff:0.1% logz-ratio=1121879.25+/-0.11 dlogz:348.648>0.01]17056it [8:25:29, 24.85s/it, bound:3767 nc:2673 ncall:1.9e+07 eff:0.1% logz-ratio=1121879.64+/-0.12 dlogz:348.277>0.01]17059it [8:25:29, 15.35s/it, bound:3768 nc:  1 ncall:1.9e+07 eff:0.1% logz-ratio=1121986.63+/-0.29 dlogz:239.784>0.01] 17059it [8:25:41, 15.35s/it, bound:3768 nc:  1 ncall:1.9e+07 eff:0.1% logz-ratio=1122220.80+/-0.63 dlogz:1.099>0.01]  17060it [8:26:37, 23.45s/it, bound:3768 nc:1634 ncall:1.9e+07 eff:0.1% logz-ratio=1121880.45+/-0.12 dlogz:347.461>0.01]17064it [8:27:58, 22.02s/it, bound:3769 nc:2145 ncall:1.9e+07 eff:0.1% logz-ratio=1121881.04+/-0.13 dlogz:346.794>0.01]17066it [8:27:58, 16.51s/it, bound:3769 nc:  1 ncall:1.9e+07 eff:0.1% logz-ratio=1122002.93+/-0.29 dlogz:223.299>0.01] 17067it [8:28:11, 16.51s/it, bound:3770 nc:3243 ncall:1.9e+07 eff:0.1% logz-ratio=1121881.58+/-0.12 dlogz:346.333>0.01]17068it [8:29:15, 22.20s/it, bound:3770 nc:2042 ncall:1.9e+07 eff:0.1% logz-ratio=1121881.77+/-0.16 dlogz:346.119>0.01]17072it [8:30:36, 21.37s/it, bound:3771 nc:2596 ncall:1.9e+07 eff:0.1% logz-ratio=1121882.95+/-0.19 dlogz:345.106>0.01]17076it [8:31:54, 20.72s/it, bound:3772 nc:1841 ncall:1.9e+07 eff:0.1% logz-ratio=1121884.17+/-0.18 dlogz:343.764>0.01]17078it [8:31:54, 16.30s/it, bound:3772 nc:  1 ncall:1.9e+07 eff:0.1% logz-ratio=1121995.11+/-0.29 dlogz:231.213>0.01] 17079it [8:32:11, 16.30s/it, bound:3773 nc:2345 ncall:1.9e+07 eff:0.1% logz-ratio=1121884.80+/-0.12 dlogz:343.067>0.01]17080it [8:33:08, 21.12s/it, bound:3773 nc:2299 ncall:1.9e+07 eff:0.1% logz-ratio=1121885.00+/-0.16 dlogz:342.870>0.01]17084it [8:34:13, 19.18s/it, bound:3774 nc:2449 ncall:1.9e+07 eff:0.1% logz-ratio=1121885.65+/-0.14 dlogz:342.169>0.01]17085it [8:34:33, 19.21s/it, bound:3774 nc:2379 ncall:1.9e+07 eff:0.1% logz-ratio=1121885.81+/-0.11 dlogz:342.016>0.01]17088it [8:35:45, 20.92s/it, bound:3775 nc:1450 ncall:1.9e+07 eff:0.1% logz-ratio=1121886.44+/-0.17 dlogz:341.451>0.01]17091it [8:35:45, 13.97s/it, bound:3776 nc:  1 ncall:1.9e+07 eff:0.1% logz-ratio=1121986.58+/-0.29 dlogz:239.854>0.01] 17091it [8:36:01, 13.97s/it, bound:3776 nc:  1 ncall:1.9e+07 eff:0.1% logz-ratio=1122220.74+/-0.58 dlogz:1.099>0.01]  17092it [8:37:00, 22.24s/it, bound:3776 nc:1825 ncall:1.9e+07 eff:0.1% logz-ratio=1121887.21+/-0.11 dlogz:340.629>0.01]17095it [8:37:00, 14.03s/it, bound:3777 nc:  1 ncall:1.9e+07 eff:0.1% logz-ratio=1121996.98+/-0.28 dlogz:229.332>0.01] 17095it [8:37:11, 14.03s/it, bound:3777 nc:  1 ncall:1.9e+07 eff:0.1% logz-ratio=1122220.73+/-0.58 dlogz:1.099>0.01]  17096it [8:38:15, 23.27s/it, bound:3777 nc:1189 ncall:1.9e+07 eff:0.1% logz-ratio=1121888.06+/-0.12 dlogz:339.773>0.01]17100it [8:39:28, 20.87s/it, bound:3778 nc:2312 ncall:1.9e+07 eff:0.1% logz-ratio=1121888.81+/-0.15 dlogz:339.004>0.01]17102it [8:39:28, 15.72s/it, bound:3778 nc:  1 ncall:1.9e+07 eff:0.1% logz-ratio=1121999.34+/-0.28 dlogz:226.942>0.01] 17103it [8:39:41, 15.72s/it, bound:3779 nc:2602 ncall:1.9e+07 eff:0.1% logz-ratio=1121889.40+/-0.12 dlogz:338.451>0.01]17104it [8:40:37, 20.70s/it, bound:3779 nc:2487 ncall:1.9e+07 eff:0.1% logz-ratio=1121889.68+/-0.17 dlogz:338.230>0.01]17106it [8:40:38, 15.08s/it, bound:3779 nc:  1 ncall:1.9e+07 eff:0.1% logz-ratio=1121996.34+/-0.28 dlogz:229.987>0.01] 17107it [8:40:51, 15.08s/it, bound:3780 nc:2252 ncall:1.9e+07 eff:0.1% logz-ratio=1121890.90+/-0.15 dlogz:337.081>0.01]17108it [8:41:47, 20.65s/it, bound:3780 nc:2324 ncall:1.9e+07 eff:0.1% logz-ratio=1121891.23+/-0.20 dlogz:336.716>0.01]17109it [8:41:48, 17.26s/it, bound:3780 nc:2540 ncall:1.9e+07 eff:0.1% logz-ratio=1121891.51+/-0.14 dlogz:336.382>0.01]17111it [8:42:01, 17.26s/it, bound:3781 nc:2099 ncall:1.9e+07 eff:0.1% logz-ratio=1121891.96+/-0.12 dlogz:335.856>0.01]17112it [8:43:13, 21.89s/it, bound:3781 nc:2831 ncall:1.9e+07 eff:0.1% logz-ratio=1121892.15+/-0.16 dlogz:335.651>0.01]17114it [8:43:13, 15.69s/it, bound:3781 nc:  1 ncall:1.9e+07 eff:0.1% logz-ratio=1121982.23+/-0.28 dlogz:244.298>0.01] 17115it [8:43:31, 15.69s/it, bound:3782 nc:2808 ncall:1.9e+07 eff:0.1% logz-ratio=1121892.66+/-0.11 dlogz:335.103>0.01]17116it [8:44:31, 22.46s/it, bound:3782 nc:2127 ncall:1.9e+07 eff:0.1% logz-ratio=1121892.83+/-0.14 dlogz:334.938>0.01]17117it [8:44:55, 22.72s/it, bound:3782 nc:2862 ncall:1.9e+07 eff:0.1% logz-ratio=1121893.01+/-0.11 dlogz:334.772>0.01]17120it [8:46:23, 25.46s/it, bound:3783 nc:3193 ncall:1.9e+07 eff:0.1% logz-ratio=1121893.64+/-0.16 dlogz:334.145>0.01]17124it [8:47:30, 21.58s/it, bound:3784 nc:1969 ncall:1.9e+07 eff:0.1% logz-ratio=1121894.50+/-0.17 dlogz:333.308>0.01]17126it [8:47:30, 16.38s/it, bound:3784 nc:  1 ncall:1.9e+07 eff:0.1% logz-ratio=1121989.13+/-0.29 dlogz:237.312>0.01] 17127it [8:47:41, 16.38s/it, bound:3785 nc:2166 ncall:1.9e+07 eff:0.1% logz-ratio=1121895.12+/-0.12 dlogz:332.670>0.01]17128it [8:48:53, 22.82s/it, bound:3785 nc:2785 ncall:1.9e+07 eff:0.1% logz-ratio=1121895.33+/-0.16 dlogz:332.458>0.01]17132it [8:50:06, 20.92s/it, bound:3786 nc:2475 ncall:1.9e+07 eff:0.1% logz-ratio=1121895.98+/-0.14 dlogz:331.736>0.01]17134it [8:50:06, 16.08s/it, bound:3786 nc:  1 ncall:1.9e+07 eff:0.1% logz-ratio=1121952.29+/-0.28 dlogz:274.641>0.01] 17135it [8:50:21, 16.08s/it, bound:3787 nc:1457 ncall:1.9e+07 eff:0.1% logz-ratio=1121896.35+/-0.09 dlogz:331.336>0.01]17136it [8:51:19, 21.06s/it, bound:3787 nc:2428 ncall:1.9e+07 eff:0.1% logz-ratio=1121896.49+/-0.13 dlogz:331.212>0.01]17138it [8:51:19, 15.55s/it, bound:3787 nc:  1 ncall:1.9e+07 eff:0.1% logz-ratio=1121983.16+/-0.28 dlogz:243.335>0.01] 17139it [8:51:31, 15.55s/it, bound:3788 nc:2337 ncall:1.9e+07 eff:0.1% logz-ratio=1121896.97+/-0.11 dlogz:330.773>0.01]17140it [8:52:32, 21.25s/it, bound:3788 nc:2478 ncall:1.9e+07 eff:0.1% logz-ratio=1121897.16+/-0.15 dlogz:330.582>0.01]17142it [8:52:32, 15.31s/it, bound:3788 nc:  1 ncall:1.9e+07 eff:0.1% logz-ratio=1122006.77+/-0.29 dlogz:219.422>0.01] 17143it [8:52:51, 15.31s/it, bound:3789 nc:1968 ncall:1.9e+07 eff:0.1% logz-ratio=1121897.69+/-0.11 dlogz:330.025>0.01]17144it [8:53:43, 21.13s/it, bound:3789 nc:2647 ncall:1.9e+07 eff:0.1% logz-ratio=1121897.85+/-0.15 dlogz:329.860>0.01]17148it [8:55:03, 20.65s/it, bound:3790 nc:2566 ncall:1.9e+07 eff:0.1% logz-ratio=1121898.39+/-0.13 dlogz:329.260>0.01]17149it [8:55:24, 20.72s/it, bound:3790 nc:2126 ncall:1.9e+07 eff:0.1% logz-ratio=1121898.51+/-0.09 dlogz:329.144>0.01]17152it [8:56:24, 20.34s/it, bound:3791 nc:2103 ncall:1.9e+07 eff:0.1% logz-ratio=1121898.93+/-0.14 dlogz:328.752>0.01]17155it [8:56:24, 13.29s/it, bound:3792 nc:  1 ncall:1.9e+07 eff:0.1% logz-ratio=1122019.30+/-0.29 dlogz:206.770>0.01] 17155it [8:56:42, 13.29s/it, bound:3792 nc:  1 ncall:1.9e+07 eff:0.1% logz-ratio=1122220.61+/-0.60 dlogz:1.099>0.01]  17156it [8:57:41, 22.35s/it, bound:3792 nc:2506 ncall:1.9e+07 eff:0.1% logz-ratio=1121899.48+/-0.10 dlogz:328.179>0.01]17160it [8:58:49, 20.02s/it, bound:3793 nc:2062 ncall:1.9e+07 eff:0.1% logz-ratio=1121899.99+/-0.09 dlogz:327.649>0.01]17163it [8:58:49, 13.54s/it, bound:3794 nc:  1 ncall:1.9e+07 eff:0.1% logz-ratio=1122010.23+/-0.29 dlogz:215.938>0.01] 17163it [8:59:02, 13.54s/it, bound:3794 nc:  1 ncall:1.9e+07 eff:0.1% logz-ratio=1122220.60+/-0.60 dlogz:1.099>0.01]  17164it [9:00:12, 22.75s/it, bound:3794 nc:2385 ncall:1.9e+07 eff:0.1% logz-ratio=1121900.90+/-0.14 dlogz:326.888>0.01]17167it [9:00:12, 14.48s/it, bound:3795 nc:  1 ncall:1.9e+07 eff:0.1% logz-ratio=1122006.72+/-0.29 dlogz:219.489>0.01] 17167it [9:00:32, 14.48s/it, bound:3795 nc:  1 ncall:1.9e+07 eff:0.1% logz-ratio=1122220.59+/-0.60 dlogz:1.099>0.01]  17168it [9:01:22, 22.64s/it, bound:3795 nc:2690 ncall:1.9e+07 eff:0.1% logz-ratio=1121901.94+/-0.12 dlogz:325.789>0.01]17172it [9:02:24, 19.44s/it, bound:3796 nc:1772 ncall:1.9e+07 eff:0.1% logz-ratio=1121902.99+/-0.14 dlogz:324.786>0.01]17176it [9:03:35, 18.73s/it, bound:3797 nc:2456 ncall:1.9e+07 eff:0.1% logz-ratio=1121904.34+/-0.13 dlogz:323.406>0.01]17180it [9:04:49, 18.66s/it, bound:3798 nc:2803 ncall:1.9e+07 eff:0.1% logz-ratio=1121905.19+/-0.12 dlogz:322.477>0.01]17183it [9:06:00, 20.04s/it, bound:3799 nc:2618 ncall:1.9e+07 eff:0.1% logz-ratio=1121905.93+/-0.15 dlogz:321.864>0.01]17185it [9:06:23, 18.28s/it, bound:3799 nc:2124 ncall:1.9e+07 eff:0.1% logz-ratio=1121906.51+/-0.13 dlogz:321.210>0.01]17187it [9:07:33, 22.13s/it, bound:3800 nc:1911 ncall:1.9e+07 eff:0.1% logz-ratio=1121906.98+/-0.13 dlogz:320.723>0.01]17191it [9:08:44, 20.39s/it, bound:3801 nc:2548 ncall:1.9e+07 eff:0.1% logz-ratio=1121907.81+/-0.12 dlogz:319.840>0.01]17195it [9:09:57, 19.61s/it, bound:3802 nc:2300 ncall:1.9e+07 eff:0.1% logz-ratio=1121908.61+/-0.11 dlogz:319.001>0.01]17199it [9:11:05, 18.72s/it, bound:3803 nc:2636 ncall:1.9e+07 eff:0.1% logz-ratio=1121909.79+/-0.14 dlogz:317.956>0.01]17203it [9:12:09, 17.85s/it, bound:3804 nc:1650 ncall:1.9e+07 eff:0.1% logz-ratio=1121910.73+/-0.12 dlogz:316.908>0.01]17207it [9:13:29, 18.54s/it, bound:3805 nc:2230 ncall:1.9e+07 eff:0.1% logz-ratio=1121911.34+/-0.16 dlogz:316.221>0.01]17209it [9:13:30, 15.11s/it, bound:3805 nc:  1 ncall:1.9e+07 eff:0.1% logz-ratio=1122020.90+/-0.29 dlogz:205.138>0.01] 17210it [9:13:42, 15.11s/it, bound:3806 nc:2120 ncall:1.9e+07 eff:0.1% logz-ratio=1121911.74+/-0.09 dlogz:315.797>0.01]17211it [9:14:47, 20.10s/it, bound:3806 nc:1547 ncall:1.9e+07 eff:0.1% logz-ratio=1121911.86+/-0.13 dlogz:315.675>0.01]17215it [9:16:04, 19.70s/it, bound:3807 nc:2352 ncall:1.9e+07 eff:0.1% logz-ratio=1121912.43+/-0.10 dlogz:315.127>0.01]17218it [9:16:04, 14.07s/it, bound:3808 nc:  1 ncall:1.9e+07 eff:0.1% logz-ratio=1122022.73+/-0.29 dlogz:203.282>0.01] 17218it [9:16:22, 14.07s/it, bound:3808 nc:  1 ncall:1.9e+07 eff:0.1% logz-ratio=1122220.49+/-0.60 dlogz:1.099>0.01]  17219it [9:17:23, 21.92s/it, bound:3808 nc:2714 ncall:1.9e+07 eff:0.1% logz-ratio=1121913.05+/-0.11 dlogz:314.510>0.01]17221it [9:17:40, 18.48s/it, bound:3808 nc:2979 ncall:1.9e+07 eff:0.1% logz-ratio=1121913.45+/-0.13 dlogz:314.179>0.01]17223it [9:18:50, 22.89s/it, bound:3809 nc:2146 ncall:1.9e+07 eff:0.1% logz-ratio=1121914.04+/-0.14 dlogz:313.625>0.01]17227it [9:20:01, 20.66s/it, bound:3810 nc:2172 ncall:1.9e+07 eff:0.1% logz-ratio=1121915.27+/-0.13 dlogz:312.385>0.01]17230it [9:20:01, 14.12s/it, bound:3811 nc:  1 ncall:1.9e+07 eff:0.1% logz-ratio=1122034.51+/-0.29 dlogz:191.293>0.01] 17230it [9:20:12, 14.12s/it, bound:3811 nc:  1 ncall:1.9e+07 eff:0.1% logz-ratio=1122220.46+/-0.60 dlogz:1.099>0.01]  17231it [9:21:38, 25.01s/it, bound:3811 nc:2562 ncall:1.9e+07 eff:0.1% logz-ratio=1121916.17+/-0.12 dlogz:311.405>0.01]17234it [9:21:38, 16.03s/it, bound:3812 nc:  1 ncall:1.9e+07 eff:0.1% logz-ratio=1121934.07+/-0.28 dlogz:293.039>0.01] 17234it [9:21:52, 16.03s/it, bound:3812 nc:  1 ncall:1.9e+07 eff:0.1% logz-ratio=1122220.45+/-0.60 dlogz:1.099>0.01]  17235it [9:22:51, 24.30s/it, bound:3812 nc:2381 ncall:1.9e+07 eff:0.1% logz-ratio=1121916.94+/-0.12 dlogz:310.633>0.01]17239it [9:24:08, 22.02s/it, bound:3813 nc:2256 ncall:1.9e+07 eff:0.1% logz-ratio=1121917.55+/-0.16 dlogz:309.944>0.01]17243it [9:25:24, 20.84s/it, bound:3814 nc:2611 ncall:1.9e+07 eff:0.1% logz-ratio=1121918.01+/-0.12 dlogz:309.440>0.01]17245it [9:25:24, 16.27s/it, bound:3814 nc:  1 ncall:1.9e+07 eff:0.1% logz-ratio=1121949.50+/-0.28 dlogz:277.464>0.01] 17246it [9:25:42, 16.27s/it, bound:3815 nc:2750 ncall:1.9e+07 eff:0.1% logz-ratio=1121918.31+/-0.09 dlogz:309.139>0.01]17247it [9:26:38, 21.15s/it, bound:3815 nc:1916 ncall:1.9e+07 eff:0.1% logz-ratio=1121918.42+/-0.12 dlogz:309.033>0.01]17251it [9:27:56, 20.51s/it, bound:3816 nc:2333 ncall:1.9e+07 eff:0.1% logz-ratio=1121918.84+/-0.12 dlogz:308.592>0.01]17252it [9:28:13, 20.10s/it, bound:3816 nc:2697 ncall:1.9e+07 eff:0.1% logz-ratio=1121918.94+/-0.08 dlogz:308.489>0.01]17255it [9:29:33, 22.41s/it, bound:3817 nc:1827 ncall:1.9e+07 eff:0.1% logz-ratio=1121919.31+/-0.13 dlogz:308.157>0.01]17259it [9:30:48, 20.89s/it, bound:3818 nc:1915 ncall:1.9e+07 eff:0.1% logz-ratio=1121919.98+/-0.15 dlogz:307.526>0.01]17263it [9:32:09, 20.66s/it, bound:3819 nc:2487 ncall:1.9e+07 eff:0.1% logz-ratio=1121920.65+/-0.14 dlogz:306.805>0.01]17267it [9:33:32, 20.67s/it, bound:3820 nc:2916 ncall:1.9e+07 eff:0.1% logz-ratio=1121921.30+/-0.15 dlogz:306.177>0.01]17269it [9:33:32, 16.62s/it, bound:3820 nc:  1 ncall:1.9e+07 eff:0.1% logz-ratio=1122024.68+/-0.29 dlogz:201.302>0.01] 17270it [9:33:42, 16.62s/it, bound:3821 nc:2826 ncall:1.9e+07 eff:0.1% logz-ratio=1121921.82+/-0.11 dlogz:305.657>0.01]17271it [9:34:42, 20.74s/it, bound:3821 nc:2228 ncall:1.9e+07 eff:0.1% logz-ratio=1121922.01+/-0.15 dlogz:305.470>0.01]17273it [9:34:43, 15.81s/it, bound:3821 nc:  1 ncall:1.9e+07 eff:0.1% logz-ratio=1122031.54+/-0.28 dlogz:194.318>0.01] 17274it [9:35:02, 15.81s/it, bound:3822 nc:2455 ncall:1.9e+07 eff:0.1% logz-ratio=1121922.44+/-0.10 dlogz:304.973>0.01]17275it [9:35:47, 20.03s/it, bound:3822 nc:2313 ncall:1.9e+07 eff:0.1% logz-ratio=1121922.59+/-0.14 dlogz:304.840>0.01]17277it [9:35:47, 14.71s/it, bound:3822 nc:  1 ncall:1.9e+07 eff:0.1% logz-ratio=1122025.16+/-0.29 dlogz:200.825>0.01] 17278it [9:36:02, 14.71s/it, bound:3823 nc:1537 ncall:1.9e+07 eff:0.1% logz-ratio=1121923.04+/-0.10 dlogz:304.384>0.01]17279it [9:37:02, 20.87s/it, bound:3823 nc:2555 ncall:1.9e+07 eff:0.1% logz-ratio=1121923.17+/-0.14 dlogz:304.240>0.01]17281it [9:37:02, 14.99s/it, bound:3823 nc:  1 ncall:1.9e+07 eff:0.1% logz-ratio=1122027.29+/-0.29 dlogz:198.672>0.01] 17282it [9:37:22, 14.99s/it, bound:3824 nc:1905 ncall:1.9e+07 eff:0.1% logz-ratio=1121923.58+/-0.10 dlogz:303.832>0.01]17283it [9:38:10, 20.43s/it, bound:3824 nc:2364 ncall:1.9e+07 eff:0.1% logz-ratio=1121923.71+/-0.13 dlogz:303.691>0.01]17284it [9:38:25, 19.62s/it, bound:3824 nc:2462 ncall:1.9e+07 eff:0.1% logz-ratio=1121923.86+/-0.10 dlogz:303.553>0.01]17287it [9:39:45, 22.60s/it, bound:3825 nc:2851 ncall:1.9e+07 eff:0.1% logz-ratio=1121924.38+/-0.15 dlogz:303.084>0.01]17289it [9:39:45, 16.13s/it, bound:3825 nc:  1 ncall:1.9e+07 eff:0.1% logz-ratio=1122028.88+/-0.29 dlogz:197.047>0.01] 17290it [9:40:02, 16.13s/it, bound:3826 nc:2892 ncall:1.9e+07 eff:0.1% logz-ratio=1121925.00+/-0.12 dlogz:302.444>0.01]17291it [9:41:06, 23.12s/it, bound:3826 nc:2124 ncall:1.9e+07 eff:0.1% logz-ratio=1121925.18+/-0.15 dlogz:302.250>0.01]17293it [9:41:06, 16.35s/it, bound:3826 nc:  1 ncall:1.9e+07 eff:0.1% logz-ratio=1122022.66+/-0.28 dlogz:203.349>0.01] 17294it [9:41:22, 16.35s/it, bound:3827 nc:1988 ncall:1.9e+07 eff:0.1% logz-ratio=1121925.76+/-0.12 dlogz:301.690>0.01]17295it [9:42:19, 22.35s/it, bound:3827 nc:2420 ncall:1.9e+07 eff:0.1% logz-ratio=1121925.95+/-0.16 dlogz:301.487>0.01]17297it [9:42:19, 15.74s/it, bound:3827 nc:  1 ncall:1.9e+07 eff:0.1% logz-ratio=1122026.59+/-0.29 dlogz:199.375>0.01] 17298it [9:42:32, 15.74s/it, bound:3828 nc:2334 ncall:1.9e+07 eff:0.1% logz-ratio=1121926.43+/-0.10 dlogz:300.955>0.01]17299it [9:43:37, 22.60s/it, bound:3828 nc:3041 ncall:1.9e+07 eff:0.1% logz-ratio=1121926.59+/-0.14 dlogz:300.805>0.01]17303it [9:44:48, 20.39s/it, bound:3829 nc:2094 ncall:1.9e+07 eff:0.1% logz-ratio=1121927.25+/-0.15 dlogz:300.178>0.01]17305it [9:44:48, 15.36s/it, bound:3829 nc:  1 ncall:1.9e+07 eff:0.1% logz-ratio=1122022.04+/-0.28 dlogz:203.976>0.01] 17306it [9:45:02, 15.36s/it, bound:3830 nc:2232 ncall:1.9e+07 eff:0.1% logz-ratio=1121927.85+/-0.11 dlogz:299.557>0.01]17307it [9:46:00, 20.73s/it, bound:3830 nc:2498 ncall:1.9e+07 eff:0.1% logz-ratio=1121928.02+/-0.15 dlogz:299.366>0.01]17310it [9:46:00, 13.31s/it, bound:3831 nc:2070 ncall:1.9e+07 eff:0.1% logz-ratio=1121928.46+/-0.10 dlogz:298.900>0.01]17310it [9:46:12, 13.31s/it, bound:3831 nc:2070 ncall:1.9e+07 eff:0.1% logz-ratio=1121928.46+/-0.10 dlogz:298.900>0.01]17311it [9:47:25, 23.73s/it, bound:3831 nc:2155 ncall:1.9e+07 eff:0.1% logz-ratio=1121928.60+/-0.14 dlogz:298.750>0.01]17313it [9:47:25, 16.76s/it, bound:3831 nc:  1 ncall:1.9e+07 eff:0.1% logz-ratio=1122030.65+/-0.28 dlogz:195.235>0.01] 17314it [9:47:42, 16.76s/it, bound:3832 nc:2669 ncall:1.9e+07 eff:0.1% logz-ratio=1121928.98+/-0.09 dlogz:298.345>0.01]17315it [9:48:29, 21.27s/it, bound:3832 nc:2215 ncall:1.9e+07 eff:0.1% logz-ratio=1121929.08+/-0.12 dlogz:298.228>0.01]17316it [9:48:36, 18.77s/it, bound:3832 nc:1124 ncall:1.9e+07 eff:0.1% logz-ratio=1121929.18+/-0.08 dlogz:298.120>0.01]17318it [9:48:52, 18.77s/it, bound:3833 nc:  1 ncall:1.9e+07 eff:0.1% logz-ratio=1122220.29+/-0.65 dlogz:1.099>0.01]   17319it [9:49:42, 20.14s/it, bound:3833 nc:2378 ncall:1.9e+07 eff:0.1% logz-ratio=1121929.45+/-0.08 dlogz:297.831>0.01]17322it [9:49:42, 12.51s/it, bound:3834 nc:  1 ncall:1.9e+07 eff:0.1% logz-ratio=1122032.25+/-0.28 dlogz:193.624>0.01] 17322it [9:50:02, 12.51s/it, bound:3834 nc:  1 ncall:1.9e+07 eff:0.1% logz-ratio=1122220.28+/-0.65 dlogz:1.099>0.01]  17323it [9:50:55, 21.78s/it, bound:3834 nc:2092 ncall:1.9e+07 eff:0.1% logz-ratio=1121929.78+/-0.08 dlogz:297.489>0.01]17326it [9:50:55, 13.17s/it, bound:3835 nc:  1 ncall:1.9e+07 eff:0.1% logz-ratio=1122029.88+/-0.28 dlogz:196.063>0.01] 17326it [9:51:12, 13.17s/it, bound:3835 nc:  1 ncall:1.9e+07 eff:0.1% logz-ratio=1122220.27+/-0.65 dlogz:1.099>0.01]  17327it [9:52:07, 22.49s/it, bound:3835 nc:2495 ncall:1.9e+07 eff:0.1% logz-ratio=1121930.29+/-0.10 dlogz:297.026>0.01]17331it [9:53:13, 19.66s/it, bound:3836 nc:2205 ncall:1.9e+07 eff:0.1% logz-ratio=1121930.81+/-0.09 dlogz:296.487>0.01]17335it [9:54:26, 19.07s/it, bound:3837 nc:2093 ncall:1.9e+07 eff:0.1% logz-ratio=1121931.28+/-0.09 dlogz:295.998>0.01]17338it [9:54:26, 13.32s/it, bound:3838 nc:  1 ncall:1.9e+07 eff:0.1% logz-ratio=1122034.94+/-0.29 dlogz:190.910>0.01] 17338it [9:54:42, 13.32s/it, bound:3838 nc:  1 ncall:1.9e+07 eff:0.1% logz-ratio=1122220.25+/-0.65 dlogz:1.099>0.01]  17339it [9:55:35, 20.36s/it, bound:3838 nc:2604 ncall:1.9e+07 eff:0.1% logz-ratio=1121931.79+/-0.09 dlogz:295.488>0.01]17343it [9:56:54, 20.04s/it, bound:3839 nc:2120 ncall:1.9e+07 eff:0.1% logz-ratio=1121932.30+/-0.10 dlogz:294.988>0.01]17347it [9:58:11, 19.77s/it, bound:3840 nc:2458 ncall:1.9e+07 eff:0.1% logz-ratio=1121932.87+/-0.10 dlogz:294.402>0.01]17351it [9:59:25, 19.33s/it, bound:3841 nc:1937 ncall:1.9e+07 eff:0.1% logz-ratio=1121933.43+/-0.10 dlogz:293.852>0.01]17353it [9:59:48, 17.82s/it, bound:3841 nc:2860 ncall:1.9e+07 eff:0.1% logz-ratio=1121933.72+/-0.10 dlogz:293.550>0.01]17355it [10:01:02, 22.07s/it, bound:3842 nc:2106 ncall:1.9e+07 eff:0.1% logz-ratio=1121934.01+/-0.10 dlogz:293.260>0.01]17359it [10:02:22, 21.18s/it, bound:3843 nc:2264 ncall:1.9e+07 eff:0.1% logz-ratio=1121934.55+/-0.10 dlogz:292.697>0.01]17363it [10:03:34, 20.05s/it, bound:3844 nc:2416 ncall:1.9e+07 eff:0.1% logz-ratio=1121935.14+/-0.11 dlogz:292.148>0.01]17366it [10:03:34, 14.52s/it, bound:3845 nc:  1 ncall:1.9e+07 eff:0.1% logz-ratio=1122046.31+/-0.28 dlogz:179.390>0.01] 17366it [10:03:52, 14.52s/it, bound:3845 nc:  1 ncall:1.9e+07 eff:0.1% logz-ratio=1122220.19+/-0.66 dlogz:1.099>0.01]  17367it [10:04:41, 20.67s/it, bound:3845 nc:2242 ncall:1.9e+07 eff:0.1% logz-ratio=1121935.80+/-0.11 dlogz:291.457>0.01]17371it [10:05:55, 19.76s/it, bound:3846 nc:2577 ncall:1.9e+07 eff:0.1% logz-ratio=1121936.55+/-0.12 dlogz:290.732>0.01]17374it [10:05:55, 13.85s/it, bound:3847 nc:  1 ncall:1.9e+07 eff:0.1% logz-ratio=1122048.23+/-0.28 dlogz:177.426>0.01] 17374it [10:06:12, 13.85s/it, bound:3847 nc:  1 ncall:1.9e+07 eff:0.1% logz-ratio=1122220.18+/-0.66 dlogz:1.099>0.01]  17375it [10:07:03, 20.68s/it, bound:3847 nc:1828 ncall:1.9e+07 eff:0.1% logz-ratio=1121937.19+/-0.10 dlogz:290.050>0.01]17378it [10:07:03, 13.49s/it, bound:3848 nc:  1 ncall:1.9e+07 eff:0.1% logz-ratio=1122038.02+/-0.29 dlogz:187.819>0.01] 17378it [10:07:22, 13.49s/it, bound:3848 nc:  1 ncall:1.9e+07 eff:0.1% logz-ratio=1122220.17+/-0.66 dlogz:1.099>0.01]  17379it [10:08:17, 22.05s/it, bound:3848 nc:2385 ncall:1.9e+07 eff:0.1% logz-ratio=1121937.94+/-0.13 dlogz:289.374>0.01]17382it [10:08:17, 13.70s/it, bound:3849 nc:  1 ncall:1.9e+07 eff:0.1% logz-ratio=1122052.32+/-0.29 dlogz:173.262>0.01] 17382it [10:08:32, 13.70s/it, bound:3849 nc:  1 ncall:1.9e+07 eff:0.1% logz-ratio=1122220.16+/-0.66 dlogz:1.099>0.01]  17383it [10:09:32, 23.07s/it, bound:3849 nc:2383 ncall:1.9e+07 eff:0.1% logz-ratio=1121938.91+/-0.13 dlogz:288.412>0.01]17387it [10:10:47, 21.02s/it, bound:3850 nc:1815 ncall:1.9e+07 eff:0.1% logz-ratio=1121939.83+/-0.13 dlogz:287.491>0.01]17389it [10:11:11, 18.80s/it, bound:3850 nc:2428 ncall:1.9e+07 eff:0.1% logz-ratio=1121940.21+/-0.11 dlogz:287.022>0.01]17391it [10:12:25, 23.60s/it, bound:3851 nc:2749 ncall:1.9e+07 eff:0.1% logz-ratio=1121940.55+/-0.11 dlogz:286.672>0.01]17394it [10:12:25, 15.11s/it, bound:3852 nc:  1 ncall:1.9e+07 eff:0.1% logz-ratio=1122043.83+/-0.28 dlogz:181.951>0.01] 17394it [10:12:42, 15.11s/it, bound:3852 nc:  1 ncall:1.9e+07 eff:0.1% logz-ratio=1122220.14+/-0.66 dlogz:1.099>0.01]  17395it [10:13:29, 22.21s/it, bound:3852 nc:2484 ncall:1.9e+07 eff:0.1% logz-ratio=1121941.17+/-0.11 dlogz:286.051>0.01]17399it [10:14:33, 19.35s/it, bound:3853 nc:2379 ncall:1.9e+07 eff:0.1% logz-ratio=1121941.86+/-0.11 dlogz:285.358>0.01]17402it [10:14:33, 13.02s/it, bound:3854 nc:  1 ncall:1.9e+07 eff:0.1% logz-ratio=1122012.94+/-0.28 dlogz:213.245>0.01] 17402it [10:14:52, 13.02s/it, bound:3854 nc:  1 ncall:1.9e+07 eff:0.1% logz-ratio=1122220.30+/-nan dlogz:0.980>0.01]   17403it [10:15:48, 21.45s/it, bound:3854 nc:2940 ncall:1.9e+07 eff:0.1% logz-ratio=1121942.66+/-0.12 dlogz:284.566>0.01]17406it [10:15:48, 13.59s/it, bound:3855 nc:  1 ncall:1.9e+07 eff:0.1% logz-ratio=1122134.26+/-0.28 dlogz:89.683>0.01]  17406it [10:16:02, 13.59s/it, bound:3855 nc:  1 ncall:1.9e+07 eff:0.1% logz-ratio=1122220.30+/-nan dlogz:0.980>0.01]  17407it [10:17:02, 22.60s/it, bound:3855 nc:2041 ncall:1.9e+07 eff:0.1% logz-ratio=1121943.51+/-0.13 dlogz:283.746>0.01]17410it [10:17:03, 13.82s/it, bound:3856 nc:  1 ncall:1.9e+07 eff:0.1% logz-ratio=1122075.31+/-0.30 dlogz:149.895>0.01] 17410it [10:17:22, 13.82s/it, bound:3856 nc:  1 ncall:1.9e+07 eff:0.1% logz-ratio=1122220.29+/-nan dlogz:0.980>0.01]   17411it [10:18:21, 23.86s/it, bound:3856 nc:2511 ncall:1.9e+07 eff:0.1% logz-ratio=1121944.63+/-0.13 dlogz:282.635>0.01]17415it [10:19:26, 20.38s/it, bound:3857 nc:1802 ncall:1.9e+07 eff:0.1% logz-ratio=1121945.86+/-0.13 dlogz:281.394>0.01]17418it [10:19:27, 13.55s/it, bound:3858 nc:  1 ncall:1.9e+07 eff:0.1% logz-ratio=1122045.64+/-0.28 dlogz:180.087>0.01] 17418it [10:19:42, 13.55s/it, bound:3858 nc:  1 ncall:1.9e+07 eff:0.1% logz-ratio=1122220.27+/-nan dlogz:0.980>0.01]   17419it [10:20:29, 20.25s/it, bound:3858 nc:1915 ncall:1.9e+07 eff:0.1% logz-ratio=1121946.87+/-0.15 dlogz:280.449>0.01]17422it [10:20:29, 12.74s/it, bound:3859 nc:  1 ncall:1.9e+07 eff:0.1% logz-ratio=1122046.03+/-0.28 dlogz:179.674>0.01] 17422it [10:20:42, 12.74s/it, bound:3859 nc:  1 ncall:1.9e+07 eff:0.1% logz-ratio=1122220.26+/-nan dlogz:0.980>0.01]   17423it [10:21:36, 20.91s/it, bound:3859 nc:2424 ncall:1.9e+07 eff:0.1% logz-ratio=1121948.07+/-0.14 dlogz:279.220>0.01]17425it [10:21:52, 17.03s/it, bound:3859 nc:2291 ncall:1.9e+07 eff:0.1% logz-ratio=1121948.65+/-0.13 dlogz:278.593>0.01]17427it [10:22:53, 21.15s/it, bound:3860 nc:2145 ncall:1.9e+07 eff:0.1% logz-ratio=1121949.06+/-0.11 dlogz:278.115>0.01]17430it [10:22:54, 12.88s/it, bound:3861 nc:  1 ncall:1.9e+07 eff:0.1% logz-ratio=1122044.49+/-0.28 dlogz:181.254>0.01] 17430it [10:23:12, 12.88s/it, bound:3861 nc:  1 ncall:1.9e+07 eff:0.1% logz-ratio=1122220.25+/-nan dlogz:0.980>0.01]   17431it [10:24:03, 21.69s/it, bound:3861 nc:2468 ncall:1.9e+07 eff:0.1% logz-ratio=1121949.65+/-0.10 dlogz:277.458>0.01]17434it [10:24:03, 12.98s/it, bound:3862 nc:  1 ncall:1.9e+07 eff:0.1% logz-ratio=1122048.46+/-0.28 dlogz:177.177>0.01] 17434it [10:24:22, 12.98s/it, bound:3862 nc:  1 ncall:1.9e+07 eff:0.1% logz-ratio=1122220.24+/-nan dlogz:0.980>0.01]   17435it [10:25:26, 24.30s/it, bound:3862 nc:2399 ncall:1.9e+07 eff:0.1% logz-ratio=1121950.19+/-0.10 dlogz:276.903>0.01]17439it [10:26:44, 22.01s/it, bound:3863 nc:2784 ncall:1.9e+07 eff:0.1% logz-ratio=1121950.70+/-0.10 dlogz:276.408>0.01]17442it [10:26:44, 14.55s/it, bound:3864 nc:  1 ncall:1.9e+07 eff:0.1% logz-ratio=1122050.46+/-0.28 dlogz:175.135>0.01] 17442it [10:27:02, 14.55s/it, bound:3864 nc:  1 ncall:1.9e+07 eff:0.1% logz-ratio=1122220.22+/-nan dlogz:0.980>0.01]   17443it [10:27:53, 22.16s/it, bound:3864 nc:2497 ncall:1.9e+07 eff:0.1% logz-ratio=1121951.45+/-0.11 dlogz:275.667>0.01]17447it [10:29:16, 21.46s/it, bound:3865 nc:2263 ncall:1.9e+07 eff:0.1% logz-ratio=1121952.01+/-0.10 dlogz:275.082>0.01]17451it [10:30:36, 20.92s/it, bound:3866 nc:1984 ncall:1.9e+07 eff:0.1% logz-ratio=1121952.63+/-0.10 dlogz:274.453>0.01]17454it [10:30:36, 14.79s/it, bound:3867 nc:  1 ncall:1.9e+07 eff:0.1% logz-ratio=1122045.97+/-0.28 dlogz:179.731>0.01] 17454it [10:30:52, 14.79s/it, bound:3867 nc:  1 ncall:1.9e+07 eff:0.1% logz-ratio=1122220.20+/-nan dlogz:0.980>0.01]   17455it [10:31:46, 21.49s/it, bound:3867 nc:2553 ncall:1.9e+07 eff:0.1% logz-ratio=1121953.23+/-0.11 dlogz:273.867>0.01]17458it [10:31:46, 14.10s/it, bound:3868 nc:  1 ncall:1.9e+07 eff:0.1% logz-ratio=1122048.02+/-0.28 dlogz:177.641>0.01] 17458it [10:32:02, 14.10s/it, bound:3868 nc:  1 ncall:1.9e+07 eff:0.1% logz-ratio=1122220.19+/-nan dlogz:0.980>0.01]   17459it [10:32:57, 22.17s/it, bound:3868 nc:2473 ncall:1.9e+07 eff:0.1% logz-ratio=1121954.22+/-0.13 dlogz:272.947>0.01]17461it [10:33:11, 17.89s/it, bound:3868 nc:2552 ncall:1.9e+07 eff:0.1% logz-ratio=1121954.65+/-0.12 dlogz:272.459>0.01]17463it [10:34:21, 22.86s/it, bound:3869 nc:2335 ncall:1.9e+07 eff:0.1% logz-ratio=1121954.97+/-0.10 dlogz:272.091>0.01]17467it [10:35:32, 20.48s/it, bound:3870 nc:2691 ncall:1.9e+07 eff:0.1% logz-ratio=1121955.58+/-0.11 dlogz:271.475>0.01]17471it [10:36:43, 19.39s/it, bound:3871 nc:2590 ncall:1.9e+07 eff:0.1% logz-ratio=1121956.26+/-0.11 dlogz:270.820>0.01]17474it [10:36:43, 13.65s/it, bound:3872 nc:  1 ncall:1.9e+07 eff:0.1% logz-ratio=1122048.87+/-0.28 dlogz:176.777>0.01] 17474it [10:37:02, 13.65s/it, bound:3872 nc:  1 ncall:1.9e+07 eff:0.1% logz-ratio=1122220.16+/-nan dlogz:0.980>0.01]   17475it [10:37:56, 21.04s/it, bound:3872 nc:2389 ncall:1.9e+07 eff:0.1% logz-ratio=1121956.88+/-0.10 dlogz:270.138>0.01]17478it [10:37:56, 13.76s/it, bound:3873 nc:  1 ncall:2.0e+07 eff:0.1% logz-ratio=1122049.19+/-0.28 dlogz:176.444>0.01] 17478it [10:38:12, 13.76s/it, bound:3873 nc:  1 ncall:2.0e+07 eff:0.1% logz-ratio=1122220.15+/-nan dlogz:0.980>0.01]   17479it [10:39:15, 22.94s/it, bound:3873 nc:1998 ncall:2.0e+07 eff:0.1% logz-ratio=1121957.33+/-0.09 dlogz:269.649>0.01]17482it [10:39:15, 14.29s/it, bound:3874 nc:  1 ncall:2.0e+07 eff:0.1% logz-ratio=1122050.25+/-0.28 dlogz:175.369>0.01] 17482it [10:39:32, 14.29s/it, bound:3874 nc:  1 ncall:2.0e+07 eff:0.1% logz-ratio=1122220.14+/-nan dlogz:0.980>0.01]   17483it [10:40:26, 22.97s/it, bound:3874 nc:2581 ncall:2.0e+07 eff:0.1% logz-ratio=1121957.80+/-0.10 dlogz:269.200>0.01]17487it [10:41:35, 20.23s/it, bound:3875 nc:2636 ncall:2.0e+07 eff:0.1% logz-ratio=1121958.61+/-0.12 dlogz:268.463>0.01]17491it [10:42:46, 19.30s/it, bound:3876 nc:2008 ncall:2.0e+07 eff:0.1% logz-ratio=1121959.31+/-0.11 dlogz:267.698>0.01]17494it [10:42:46, 13.53s/it, bound:3877 nc:  1 ncall:2.0e+07 eff:0.1% logz-ratio=1122005.24+/-0.28 dlogz:221.020>0.01] 17494it [10:43:02, 13.53s/it, bound:3877 nc:  1 ncall:2.0e+07 eff:0.1% logz-ratio=1122220.12+/-nan dlogz:0.980>0.01]   17495it [10:43:59, 20.96s/it, bound:3877 nc:2344 ncall:2.0e+07 eff:0.1% logz-ratio=1121959.92+/-0.11 dlogz:267.086>0.01]17497it [10:44:18, 17.89s/it, bound:3877 nc:2630 ncall:2.0e+07 eff:0.1% logz-ratio=1121960.31+/-0.12 dlogz:266.741>0.01]17499it [10:45:38, 23.99s/it, bound:3878 nc:2862 ncall:2.0e+07 eff:0.1% logz-ratio=1121960.74+/-0.12 dlogz:266.306>0.01]17502it [10:45:39, 15.14s/it, bound:3879 nc:  1 ncall:2.0e+07 eff:0.1% logz-ratio=1122046.49+/-0.28 dlogz:179.215>0.01] 17502it [10:45:52, 15.14s/it, bound:3879 nc:  1 ncall:2.0e+07 eff:0.1% logz-ratio=1122220.10+/-nan dlogz:0.980>0.01]   17503it [10:46:51, 23.75s/it, bound:3879 nc:1289 ncall:2.0e+07 eff:0.1% logz-ratio=1121961.49+/-0.11 dlogz:265.513>0.01]17507it [10:48:14, 22.35s/it, bound:3880 nc:1919 ncall:2.0e+07 eff:0.1% logz-ratio=1121962.23+/-0.15 dlogz:264.764>0.01]17509it [10:48:14, 16.83s/it, bound:3880 nc:  1 ncall:2.0e+07 eff:0.1% logz-ratio=1122030.87+/-0.28 dlogz:195.040>0.01] 17510it [10:48:32, 16.83s/it, bound:3881 nc:3101 ncall:2.0e+07 eff:0.1% logz-ratio=1121962.70+/-0.10 dlogz:264.265>0.01]17511it [10:49:33, 22.77s/it, bound:3881 nc:3062 ncall:2.0e+07 eff:0.1% logz-ratio=1121962.84+/-0.14 dlogz:264.110>0.01]17515it [10:50:51, 21.32s/it, bound:3882 nc:2309 ncall:2.0e+07 eff:0.1% logz-ratio=1121963.42+/-0.10 dlogz:263.521>0.01]17519it [10:52:17, 21.41s/it, bound:3883 nc:2317 ncall:2.0e+07 eff:0.1% logz-ratio=1121963.91+/-0.09 dlogz:263.013>0.01]17523it [10:53:41, 21.28s/it, bound:3884 nc:2536 ncall:2.0e+07 eff:0.1% logz-ratio=1121964.51+/-0.11 dlogz:262.437>0.01]17526it [10:53:41, 15.47s/it, bound:3885 nc:  1 ncall:2.0e+07 eff:0.1% logz-ratio=1122051.18+/-0.28 dlogz:174.440>0.01] 17526it [10:53:52, 15.47s/it, bound:3885 nc:  1 ncall:2.0e+07 eff:0.1% logz-ratio=1122220.06+/-nan dlogz:0.980>0.01]   17527it [10:54:50, 21.61s/it, bound:3885 nc:2067 ncall:2.0e+07 eff:0.1% logz-ratio=1121965.28+/-0.11 dlogz:261.668>0.01]17529it [10:55:03, 17.88s/it, bound:3885 nc:2480 ncall:2.0e+07 eff:0.1% logz-ratio=1121965.58+/-0.10 dlogz:261.339>0.01]17531it [10:56:10, 22.00s/it, bound:3886 nc:2009 ncall:2.0e+07 eff:0.1% logz-ratio=1121965.85+/-0.10 dlogz:261.049>0.01]17535it [10:57:21, 20.19s/it, bound:3887 nc:2569 ncall:2.0e+07 eff:0.1% logz-ratio=1121966.27+/-0.08 dlogz:260.590>0.01]17538it [10:57:22, 13.86s/it, bound:3888 nc:  1 ncall:2.0e+07 eff:0.1% logz-ratio=1122059.00+/-0.29 dlogz:166.473>0.01] 17538it [10:57:32, 13.86s/it, bound:3888 nc:  1 ncall:2.0e+07 eff:0.1% logz-ratio=1122220.03+/-nan dlogz:0.980>0.01]   17539it [10:58:34, 21.45s/it, bound:3888 nc:2444 ncall:2.0e+07 eff:0.1% logz-ratio=1121966.68+/-0.09 dlogz:260.182>0.01]17542it [10:58:34, 13.78s/it, bound:3889 nc:  1 ncall:2.0e+07 eff:0.1% logz-ratio=1122059.59+/-0.29 dlogz:165.872>0.01] 17542it [10:58:52, 13.78s/it, bound:3889 nc:  1 ncall:2.0e+07 eff:0.1% logz-ratio=1122220.02+/-nan dlogz:0.980>0.01]   17543it [10:59:47, 22.39s/it, bound:3889 nc:2622 ncall:2.0e+07 eff:0.1% logz-ratio=1121967.12+/-0.09 dlogz:259.732>0.01]17546it [10:59:47, 13.80s/it, bound:3890 nc:  1 ncall:2.0e+07 eff:0.1% logz-ratio=1122057.71+/-0.29 dlogz:167.774>0.01] 17546it [11:00:02, 13.80s/it, bound:3890 nc:  1 ncall:2.0e+07 eff:0.1% logz-ratio=1122220.02+/-nan dlogz:0.980>0.01]   17547it [11:01:13, 24.92s/it, bound:3890 nc:3035 ncall:2.0e+07 eff:0.1% logz-ratio=1121967.56+/-0.09 dlogz:259.282>0.01]17550it [11:01:13, 15.00s/it, bound:3891 nc:  1 ncall:2.0e+07 eff:0.1% logz-ratio=1122058.38+/-0.29 dlogz:167.095>0.01] 17550it [11:01:32, 15.00s/it, bound:3891 nc:  1 ncall:2.0e+07 eff:0.1% logz-ratio=1122220.01+/-nan dlogz:0.980>0.01]   17551it [11:02:34, 25.55s/it, bound:3891 nc:1665 ncall:2.0e+07 eff:0.1% logz-ratio=1121967.94+/-0.08 dlogz:258.890>0.01]17554it [11:02:34, 15.19s/it, bound:3892 nc:  1 ncall:2.0e+07 eff:0.1% logz-ratio=1122061.94+/-0.28 dlogz:163.464>0.01] 17554it [11:02:52, 15.19s/it, bound:3892 nc:  1 ncall:2.0e+07 eff:0.1% logz-ratio=1122220.00+/-nan dlogz:0.980>0.01]   17555it [11:03:44, 24.11s/it, bound:3892 nc:1963 ncall:2.0e+07 eff:0.1% logz-ratio=1121968.31+/-0.08 dlogz:258.502>0.01]17559it [11:05:01, 21.73s/it, bound:3893 nc:2788 ncall:2.0e+07 eff:0.1% logz-ratio=1121968.68+/-0.08 dlogz:258.124>0.01]17561it [11:05:19, 18.56s/it, bound:3893 nc:2792 ncall:2.0e+07 eff:0.1% logz-ratio=1121968.86+/-0.08 dlogz:257.940>0.01]17563it [11:06:39, 24.30s/it, bound:3894 nc:2274 ncall:2.0e+07 eff:0.1% logz-ratio=1121969.04+/-0.08 dlogz:257.761>0.01]17566it [11:06:40, 15.46s/it, bound:3895 nc:  1 ncall:2.0e+07 eff:0.1% logz-ratio=1122058.35+/-0.29 dlogz:167.116>0.01] 17566it [11:06:52, 15.46s/it, bound:3895 nc:  1 ncall:2.0e+07 eff:0.1% logz-ratio=1122219.98+/-nan dlogz:0.980>0.01]   17567it [11:07:49, 23.48s/it, bound:3895 nc:1838 ncall:2.0e+07 eff:0.1% logz-ratio=1121969.60+/-0.11 dlogz:257.268>0.01]17569it [11:07:50, 16.55s/it, bound:3895 nc:2437 ncall:2.0e+07 eff:0.1% logz-ratio=1121969.90+/-0.10 dlogz:256.942>0.01]17570it [11:08:02, 16.55s/it, bound:3896 nc:  1 ncall:2.0e+07 eff:0.1% logz-ratio=1122219.97+/-nan dlogz:0.980>0.01]    17571it [11:09:05, 22.83s/it, bound:3896 nc:2380 ncall:2.0e+07 eff:0.1% logz-ratio=1121970.24+/-0.11 dlogz:256.632>0.01]17574it [11:09:05, 13.95s/it, bound:3897 nc:  1 ncall:2.0e+07 eff:0.1% logz-ratio=1122057.06+/-0.28 dlogz:168.405>0.01] 17574it [11:09:22, 13.95s/it, bound:3897 nc:  1 ncall:2.0e+07 eff:0.1% logz-ratio=1122219.96+/-nan dlogz:0.980>0.01]   17575it [11:10:17, 23.06s/it, bound:3897 nc:2557 ncall:2.0e+07 eff:0.1% logz-ratio=1121970.88+/-0.10 dlogz:255.952>0.01]17578it [11:10:17, 13.82s/it, bound:3898 nc:  1 ncall:2.0e+07 eff:0.1% logz-ratio=1122061.28+/-0.29 dlogz:164.118>0.01] 17578it [11:10:32, 13.82s/it, bound:3898 nc:  1 ncall:2.0e+07 eff:0.1% logz-ratio=1122219.95+/-nan dlogz:0.980>0.01]   17579it [11:11:31, 23.44s/it, bound:3898 nc:2317 ncall:2.0e+07 eff:0.1% logz-ratio=1121971.41+/-0.10 dlogz:255.397>0.01]17583it [11:12:51, 21.75s/it, bound:3899 nc:2927 ncall:2.0e+07 eff:0.1% logz-ratio=1121971.86+/-0.09 dlogz:254.912>0.01]17586it [11:12:51, 14.39s/it, bound:3900 nc:  1 ncall:2.0e+07 eff:0.1% logz-ratio=1122058.31+/-0.29 dlogz:167.134>0.01] 17586it [11:13:02, 14.39s/it, bound:3900 nc:  1 ncall:2.0e+07 eff:0.1% logz-ratio=1122219.94+/-0.08 dlogz:0.980>0.01]  17587it [11:14:10, 23.37s/it, bound:3900 nc:2640 ncall:2.0e+07 eff:0.1% logz-ratio=1121972.46+/-0.11 dlogz:254.359>0.01]17590it [11:14:10, 14.66s/it, bound:3901 nc:  1 ncall:2.0e+07 eff:0.1% logz-ratio=1122059.49+/-0.29 dlogz:165.935>0.01] 17590it [11:14:22, 14.66s/it, bound:3901 nc:  1 ncall:2.0e+07 eff:0.1% logz-ratio=1122219.93+/-0.08 dlogz:0.980>0.01]  17591it [11:15:37, 25.56s/it, bound:3901 nc:3152 ncall:2.0e+07 eff:0.1% logz-ratio=1121972.98+/-0.09 dlogz:253.799>0.01]17593it [11:15:55, 20.67s/it, bound:3901 nc:2898 ncall:2.0e+07 eff:0.1% logz-ratio=1121973.25+/-0.10 dlogz:253.548>0.01]17595it [11:17:04, 24.74s/it, bound:3902 nc:2553 ncall:2.0e+07 eff:0.1% logz-ratio=1121973.53+/-0.10 dlogz:253.251>0.01]17598it [11:17:04, 15.06s/it, bound:3903 nc:  1 ncall:2.0e+07 eff:0.1% logz-ratio=1122062.95+/-0.28 dlogz:162.408>0.01] 17598it [11:17:22, 15.06s/it, bound:3903 nc:  1 ncall:2.0e+07 eff:0.1% logz-ratio=1122219.91+/-0.08 dlogz:0.980>0.01]  17599it [11:18:20, 24.68s/it, bound:3903 nc:1929 ncall:2.0e+07 eff:0.1% logz-ratio=1121974.13+/-0.11 dlogz:252.665>0.01]17602it [11:18:20, 14.75s/it, bound:3904 nc:  1 ncall:2.0e+07 eff:0.1% logz-ratio=1122061.24+/-0.29 dlogz:164.146>0.01] 17602it [11:18:32, 14.75s/it, bound:3904 nc:  1 ncall:2.0e+07 eff:0.1% logz-ratio=1122219.90+/-0.08 dlogz:0.980>0.01]  17603it [11:19:40, 25.26s/it, bound:3904 nc:2746 ncall:2.0e+07 eff:0.1% logz-ratio=1121974.92+/-0.12 dlogz:251.910>0.01]17606it [11:19:40, 14.97s/it, bound:3905 nc:  1 ncall:2.0e+07 eff:0.1% logz-ratio=1122062.59+/-0.28 dlogz:162.773>0.01] 17606it [11:19:52, 14.97s/it, bound:3905 nc:  1 ncall:2.0e+07 eff:0.1% logz-ratio=1122219.90+/-0.09 dlogz:0.980>0.01]  17607it [11:21:10, 27.15s/it, bound:3905 nc:2450 ncall:2.0e+07 eff:0.1% logz-ratio=1121975.66+/-0.11 dlogz:251.136>0.01]17610it [11:21:10, 16.01s/it, bound:3906 nc:  1 ncall:2.0e+07 eff:0.1% logz-ratio=1122064.93+/-0.29 dlogz:160.386>0.01] 17610it [11:21:22, 16.01s/it, bound:3906 nc:  1 ncall:2.0e+07 eff:0.1% logz-ratio=1122219.89+/-0.09 dlogz:0.980>0.01]  17611it [11:22:38, 27.81s/it, bound:3906 nc:2189 ncall:2.0e+07 eff:0.1% logz-ratio=1121976.30+/-0.10 dlogz:250.464>0.01]17615it [11:24:04, 24.65s/it, bound:3907 nc:2407 ncall:2.0e+07 eff:0.1% logz-ratio=1121976.93+/-0.11 dlogz:249.848>0.01]17618it [11:24:04, 16.26s/it, bound:3908 nc:  1 ncall:2.0e+07 eff:0.1% logz-ratio=1122062.57+/-0.28 dlogz:162.778>0.01] 17618it [11:24:22, 16.26s/it, bound:3908 nc:  1 ncall:2.0e+07 eff:0.1% logz-ratio=1122219.87+/-0.09 dlogz:0.980>0.01]  17619it [11:25:28, 25.70s/it, bound:3908 nc:1754 ncall:2.0e+07 eff:0.1% logz-ratio=1121977.58+/-0.10 dlogz:249.163>0.01]17622it [11:25:28, 16.09s/it, bound:3909 nc:  1 ncall:2.0e+07 eff:0.1% logz-ratio=1122043.04+/-0.28 dlogz:182.688>0.01] 17622it [11:25:42, 16.09s/it, bound:3909 nc:  1 ncall:2.0e+07 eff:0.1% logz-ratio=1122219.86+/-0.09 dlogz:0.980>0.01]  17623it [11:26:56, 27.05s/it, bound:3909 nc:3159 ncall:2.0e+07 eff:0.1% logz-ratio=1121978.13+/-0.10 dlogz:248.592>0.01]17625it [11:27:10, 21.04s/it, bound:3909 nc:2444 ncall:2.0e+07 eff:0.1% logz-ratio=1121978.38+/-0.10 dlogz:248.331>0.01]17627it [11:28:28, 26.44s/it, bound:3910 nc:2179 ncall:2.0e+07 eff:0.1% logz-ratio=1121978.65+/-0.10 dlogz:248.074>0.01]17630it [11:28:28, 16.08s/it, bound:3911 nc:  1 ncall:2.0e+07 eff:0.1% logz-ratio=1122064.45+/-0.29 dlogz:160.851>0.01] 17630it [11:28:42, 16.08s/it, bound:3911 nc:  1 ncall:2.0e+07 eff:0.1% logz-ratio=1122219.85+/-0.13 dlogz:0.980>0.01]  17631it [11:29:46, 25.68s/it, bound:3911 nc:2486 ncall:2.0e+07 eff:0.1% logz-ratio=1121979.27+/-0.10 dlogz:247.449>0.01]17633it [11:29:46, 17.76s/it, bound:3911 nc:2119 ncall:2.0e+07 eff:0.1% logz-ratio=1121979.55+/-0.10 dlogz:247.160>0.01]17634it [11:30:02, 17.76s/it, bound:3912 nc:  1 ncall:2.0e+07 eff:0.1% logz-ratio=1122219.84+/-0.13 dlogz:0.980>0.01]   17635it [11:31:00, 23.67s/it, bound:3912 nc:2136 ncall:2.0e+07 eff:0.1% logz-ratio=1121979.93+/-0.12 dlogz:246.844>0.01]17638it [11:31:00, 14.29s/it, bound:3913 nc:  1 ncall:2.0e+07 eff:0.1% logz-ratio=1122059.85+/-0.29 dlogz:165.531>0.01] 17638it [11:31:12, 14.29s/it, bound:3913 nc:  1 ncall:2.0e+07 eff:0.1% logz-ratio=1122219.83+/-0.13 dlogz:0.980>0.01]  17639it [11:32:22, 25.10s/it, bound:3913 nc:2137 ncall:2.0e+07 eff:0.1% logz-ratio=1121980.69+/-0.11 dlogz:246.036>0.01]17642it [11:32:22, 14.95s/it, bound:3914 nc:  1 ncall:2.0e+07 eff:0.1% logz-ratio=1122036.30+/-0.29 dlogz:189.475>0.01] 17642it [11:32:42, 14.95s/it, bound:3914 nc:  1 ncall:2.0e+07 eff:0.1% logz-ratio=1122219.82+/-0.13 dlogz:0.980>0.01]  17643it [11:33:39, 24.91s/it, bound:3914 nc:1917 ncall:2.0e+07 eff:0.1% logz-ratio=1121981.26+/-0.10 dlogz:245.417>0.01]17647it [11:35:01, 22.81s/it, bound:3915 nc:2645 ncall:2.0e+07 eff:0.1% logz-ratio=1121981.73+/-0.09 dlogz:244.934>0.01]17650it [11:35:01, 15.07s/it, bound:3916 nc:  1 ncall:2.0e+07 eff:0.1% logz-ratio=1122054.21+/-0.28 dlogz:171.269>0.01] 17650it [11:35:12, 15.07s/it, bound:3916 nc:  1 ncall:2.0e+07 eff:0.1% logz-ratio=1122219.81+/-0.13 dlogz:0.980>0.01]  17651it [11:36:20, 23.98s/it, bound:3916 nc:2241 ncall:2.0e+07 eff:0.1% logz-ratio=1121982.18+/-0.09 dlogz:244.462>0.01]17655it [11:37:39, 22.11s/it, bound:3917 nc:2157 ncall:2.0e+07 eff:0.1% logz-ratio=1121982.58+/-0.08 dlogz:244.042>0.01]17657it [11:37:55, 18.74s/it, bound:3917 nc:2671 ncall:2.0e+07 eff:0.1% logz-ratio=1121982.78+/-0.09 dlogz:243.847>0.01]17659it [11:39:21, 24.89s/it, bound:3918 nc:2627 ncall:2.0e+07 eff:0.1% logz-ratio=1121982.97+/-0.08 dlogz:243.639>0.01]17662it [11:39:21, 16.09s/it, bound:3919 nc:  1 ncall:2.0e+07 eff:0.1% logz-ratio=1122046.18+/-0.28 dlogz:179.462>0.01] 17662it [11:39:32, 16.09s/it, bound:3919 nc:  1 ncall:2.0e+07 eff:0.1% logz-ratio=1122219.78+/-0.13 dlogz:0.980>0.01]  17663it [11:40:48, 26.35s/it, bound:3919 nc:2897 ncall:2.0e+07 eff:0.1% logz-ratio=1121983.31+/-0.08 dlogz:243.273>0.01]17666it [11:40:48, 16.29s/it, bound:3920 nc:  1 ncall:2.0e+07 eff:0.1% logz-ratio=1122064.40+/-0.29 dlogz:160.916>0.01] 17666it [11:41:02, 16.29s/it, bound:3920 nc:  1 ncall:2.0e+07 eff:0.1% logz-ratio=1122219.78+/-0.14 dlogz:0.980>0.01]  17667it [11:42:01, 24.90s/it, bound:3920 nc:2088 ncall:2.0e+07 eff:0.1% logz-ratio=1121983.66+/-0.08 dlogz:242.933>0.01]17671it [11:43:20, 22.53s/it, bound:3921 nc:2085 ncall:2.0e+07 eff:0.1% logz-ratio=1121984.13+/-0.11 dlogz:242.519>0.01]17674it [11:43:20, 15.02s/it, bound:3922 nc:  1 ncall:2.0e+07 eff:0.1% logz-ratio=1122051.88+/-0.28 dlogz:173.650>0.01] 17674it [11:43:32, 15.02s/it, bound:3922 nc:  1 ncall:2.0e+07 eff:0.1% logz-ratio=1122219.76+/-0.15 dlogz:0.980>0.01]  17675it [11:44:36, 23.41s/it, bound:3922 nc:2769 ncall:2.0e+07 eff:0.1% logz-ratio=1121984.81+/-0.11 dlogz:241.861>0.01]17678it [11:44:36, 14.75s/it, bound:3923 nc:  1 ncall:2.0e+07 eff:0.1% logz-ratio=1122065.66+/-0.29 dlogz:159.628>0.01] 17678it [11:44:52, 14.75s/it, bound:3923 nc:  1 ncall:2.0e+07 eff:0.1% logz-ratio=1122219.75+/-0.15 dlogz:0.980>0.01]  17679it [11:46:01, 25.21s/it, bound:3923 nc:2095 ncall:2.0e+07 eff:0.1% logz-ratio=1121985.53+/-0.11 dlogz:241.135>0.01]17682it [11:46:01, 15.36s/it, bound:3924 nc:  1 ncall:2.0e+07 eff:0.1% logz-ratio=1122048.46+/-0.28 dlogz:177.126>0.01] 17682it [11:46:12, 15.36s/it, bound:3924 nc:  1 ncall:2.0e+07 eff:0.1% logz-ratio=1122219.74+/-0.15 dlogz:0.980>0.01]  17683it [11:47:17, 24.93s/it, bound:3924 nc:2137 ncall:2.0e+07 eff:0.1% logz-ratio=1121986.22+/-0.11 dlogz:240.424>0.01]17687it [11:48:25, 21.15s/it, bound:3925 nc:2019 ncall:2.0e+07 eff:0.1% logz-ratio=1121987.03+/-0.11 dlogz:239.616>0.01]17689it [11:48:42, 17.94s/it, bound:3925 nc:1955 ncall:2.0e+07 eff:0.1% logz-ratio=1121987.40+/-0.11 dlogz:239.246>0.01]17691it [11:49:55, 22.82s/it, bound:3926 nc:1035 ncall:2.0e+07 eff:0.1% logz-ratio=1121987.78+/-0.12 dlogz:238.868>0.01]17695it [11:51:11, 21.26s/it, bound:3927 nc:2780 ncall:2.0e+07 eff:0.1% logz-ratio=1121988.39+/-0.14 dlogz:238.193>0.01]17699it [11:52:25, 20.13s/it, bound:3928 nc:2594 ncall:2.0e+07 eff:0.1% logz-ratio=1121988.85+/-0.12 dlogz:237.694>0.01]17701it [11:52:25, 15.83s/it, bound:3928 nc:  1 ncall:2.0e+07 eff:0.1% logz-ratio=1122070.60+/-0.29 dlogz:154.581>0.01] 17702it [11:52:42, 15.83s/it, bound:3929 nc:2386 ncall:2.0e+07 eff:0.1% logz-ratio=1121989.14+/-0.08 dlogz:237.376>0.01]17703it [11:53:41, 21.08s/it, bound:3929 nc:2645 ncall:2.0e+07 eff:0.1% logz-ratio=1121989.23+/-0.11 dlogz:237.285>0.01]17705it [11:53:41, 15.81s/it, bound:3929 nc:  1 ncall:2.0e+07 eff:0.1% logz-ratio=1122063.56+/-0.29 dlogz:161.737>0.01] 17706it [11:53:52, 15.81s/it, bound:3930 nc:2145 ncall:2.0e+07 eff:0.1% logz-ratio=1121989.48+/-0.08 dlogz:237.034>0.01]17707it [11:54:56, 21.53s/it, bound:3930 nc:2597 ncall:2.0e+07 eff:0.1% logz-ratio=1121989.57+/-0.11 dlogz:236.945>0.01]17709it [11:54:56, 15.65s/it, bound:3930 nc:  1 ncall:2.0e+07 eff:0.1% logz-ratio=1122071.53+/-0.29 dlogz:153.631>0.01] 17710it [11:55:12, 15.65s/it, bound:3931 nc:2622 ncall:2.0e+07 eff:0.1% logz-ratio=1121989.87+/-0.09 dlogz:236.650>0.01]17711it [11:56:22, 23.31s/it, bound:3931 nc:2255 ncall:2.0e+07 eff:0.1% logz-ratio=1121989.98+/-0.12 dlogz:236.544>0.01]17715it [11:57:33, 20.86s/it, bound:3932 nc:1994 ncall:2.0e+07 eff:0.1% logz-ratio=1121990.40+/-0.12 dlogz:236.112>0.01]17719it [11:58:38, 19.08s/it, bound:3933 nc:2166 ncall:2.0e+07 eff:0.1% logz-ratio=1121990.78+/-0.12 dlogz:235.718>0.01]17720it [11:58:54, 18.62s/it, bound:3933 nc:1584 ncall:2.0e+07 eff:0.1% logz-ratio=1121990.89+/-0.09 dlogz:235.616>0.01]17723it [12:00:20, 22.12s/it, bound:3934 nc:2744 ncall:2.0e+07 eff:0.1% logz-ratio=1121991.25+/-0.13 dlogz:235.276>0.01]17725it [12:00:20, 16.68s/it, bound:3934 nc:  1 ncall:2.0e+07 eff:0.1% logz-ratio=1122070.93+/-0.29 dlogz:154.253>0.01] 17726it [12:00:32, 16.68s/it, bound:3935 nc:2245 ncall:2.0e+07 eff:0.1% logz-ratio=1121991.65+/-0.09 dlogz:234.859>0.01]17727it [12:01:41, 22.85s/it, bound:3935 nc:2496 ncall:2.0e+07 eff:0.1% logz-ratio=1121991.78+/-0.13 dlogz:234.733>0.01]17731it [12:02:59, 21.39s/it, bound:3936 nc:2679 ncall:2.0e+07 eff:0.1% logz-ratio=1121992.27+/-0.13 dlogz:234.223>0.01]17733it [12:02:59, 16.40s/it, bound:3936 nc:  1 ncall:2.0e+07 eff:0.1% logz-ratio=1122073.14+/-0.29 dlogz:151.999>0.01] 17734it [12:03:12, 16.40s/it, bound:3937 nc:2722 ncall:2.0e+07 eff:0.1% logz-ratio=1121992.65+/-0.10 dlogz:233.858>0.01]17735it [12:04:19, 22.35s/it, bound:3937 nc:2764 ncall:2.0e+07 eff:0.1% logz-ratio=1121992.79+/-0.14 dlogz:233.717>0.01]17737it [12:04:19, 16.48s/it, bound:3937 nc:  1 ncall:2.0e+07 eff:0.1% logz-ratio=1122075.63+/-0.29 dlogz:149.472>0.01] 17738it [12:04:32, 16.48s/it, bound:3938 nc:2489 ncall:2.0e+07 eff:0.1% logz-ratio=1121993.20+/-0.10 dlogz:233.293>0.01]17739it [12:05:56, 25.21s/it, bound:3938 nc:2264 ncall:2.0e+07 eff:0.1% logz-ratio=1121993.34+/-0.14 dlogz:233.161>0.01]17741it [12:05:56, 18.14s/it, bound:3938 nc:  1 ncall:2.0e+07 eff:0.1% logz-ratio=1122056.73+/-0.28 dlogz:168.682>0.01] 17742it [12:06:12, 18.14s/it, bound:3939 nc:2515 ncall:2.0e+07 eff:0.1% logz-ratio=1121993.79+/-0.10 dlogz:232.703>0.01]17743it [12:07:16, 24.38s/it, bound:3939 nc:2089 ncall:2.0e+07 eff:0.1% logz-ratio=1121993.93+/-0.14 dlogz:232.560>0.01]17746it [12:07:16, 15.12s/it, bound:3940 nc:  1 ncall:2.0e+07 eff:0.1% logz-ratio=1122074.91+/-0.29 dlogz:150.190>0.01] 17746it [12:07:32, 15.12s/it, bound:3940 nc:  1 ncall:2.0e+07 eff:0.1% logz-ratio=1122219.62+/-0.16 dlogz:0.980>0.01]  17747it [12:08:27, 23.68s/it, bound:3940 nc:2265 ncall:2.0e+07 eff:0.1% logz-ratio=1121994.50+/-0.10 dlogz:231.977>0.01]17750it [12:08:27, 14.30s/it, bound:3941 nc:  1 ncall:2.0e+07 eff:0.1% logz-ratio=1122015.78+/-0.28 dlogz:210.248>0.01] 17750it [12:08:42, 14.30s/it, bound:3941 nc:  1 ncall:2.0e+07 eff:0.1% logz-ratio=1122219.61+/-0.18 dlogz:0.980>0.01]  17751it [12:09:50, 25.10s/it, bound:3941 nc:2519 ncall:2.0e+07 eff:0.1% logz-ratio=1121995.05+/-0.10 dlogz:231.421>0.01]17753it [12:10:10, 20.47s/it, bound:3941 nc:2810 ncall:2.0e+07 eff:0.1% logz-ratio=1121995.31+/-0.09 dlogz:231.143>0.01]17755it [12:11:32, 26.73s/it, bound:3942 nc:2400 ncall:2.0e+07 eff:0.1% logz-ratio=1121995.55+/-0.09 dlogz:230.896>0.01]17758it [12:11:32, 16.11s/it, bound:3943 nc:  1 ncall:2.0e+07 eff:0.1% logz-ratio=1122053.91+/-0.28 dlogz:171.552>0.01] 17758it [12:11:42, 16.11s/it, bound:3943 nc:  1 ncall:2.0e+07 eff:0.1% logz-ratio=1122219.59+/-0.18 dlogz:0.980>0.01]  17759it [12:13:10, 29.17s/it, bound:3943 nc:3032 ncall:2.0e+07 eff:0.1% logz-ratio=1121995.97+/-0.09 dlogz:230.448>0.01]17762it [12:13:10, 17.35s/it, bound:3944 nc:  1 ncall:2.0e+07 eff:0.1% logz-ratio=1122075.58+/-0.29 dlogz:149.520>0.01] 17762it [12:13:22, 17.35s/it, bound:3944 nc:  1 ncall:2.0e+07 eff:0.1% logz-ratio=1122219.58+/-0.18 dlogz:0.980>0.01]  17763it [12:14:18, 25.63s/it, bound:3944 nc:2357 ncall:2.0e+07 eff:0.1% logz-ratio=1121996.36+/-0.08 dlogz:230.041>0.01]17765it [12:15:41, 30.62s/it, bound:3945 nc:7037 ncall:2.0e+07 eff:0.1% logz-ratio=1121996.61+/-0.10 dlogz:229.825>0.01]17767it [12:15:41, 21.11s/it, bound:3945 nc:  1 ncall:2.0e+07 eff:0.1% logz-ratio=1122060.27+/-0.29 dlogz:165.070>0.01] 17768it [12:15:52, 21.11s/it, bound:3946 nc:1523 ncall:2.0e+07 eff:0.1% logz-ratio=1121996.95+/-0.09 dlogz:229.459>0.01]17769it [12:16:54, 25.76s/it, bound:3946 nc:2470 ncall:2.0e+07 eff:0.1% logz-ratio=1121997.06+/-0.12 dlogz:229.344>0.01]17772it [12:16:54, 15.54s/it, bound:3947 nc:2355 ncall:2.0e+07 eff:0.1% logz-ratio=1121997.43+/-0.09 dlogz:228.985>0.01]17772it [12:17:12, 15.54s/it, bound:3947 nc:2355 ncall:2.0e+07 eff:0.1% logz-ratio=1121997.43+/-0.09 dlogz:228.985>0.01]17773it [12:18:06, 24.52s/it, bound:3947 nc:1900 ncall:2.0e+07 eff:0.1% logz-ratio=1121997.54+/-0.13 dlogz:228.861>0.01]17775it [12:18:06, 16.87s/it, bound:3947 nc:  1 ncall:2.0e+07 eff:0.1% logz-ratio=1122081.48+/-0.29 dlogz:143.547>0.01] 17776it [12:18:22, 16.87s/it, bound:3948 nc:2492 ncall:2.0e+07 eff:0.1% logz-ratio=1121997.88+/-0.09 dlogz:228.524>0.01]17777it [12:19:37, 25.67s/it, bound:3948 nc:2249 ncall:2.0e+07 eff:0.1% logz-ratio=1121998.01+/-0.13 dlogz:228.402>0.01]17779it [12:19:37, 17.83s/it, bound:3948 nc:  1 ncall:2.0e+07 eff:0.1% logz-ratio=1122070.88+/-0.29 dlogz:154.294>0.01] 17780it [12:19:52, 17.83s/it, bound:3949 nc:1663 ncall:2.0e+07 eff:0.1% logz-ratio=1121998.35+/-0.09 dlogz:228.032>0.01]17781it [12:21:02, 25.30s/it, bound:3949 nc:2347 ncall:2.0e+07 eff:0.1% logz-ratio=1121998.45+/-0.12 dlogz:227.922>0.01]17782it [12:21:20, 24.14s/it, bound:3949 nc:2407 ncall:2.0e+07 eff:0.1% logz-ratio=1121998.55+/-0.08 dlogz:227.818>0.01]17785it [12:22:36, 24.60s/it, bound:3950 nc:2577 ncall:2.0e+07 eff:0.1% logz-ratio=1121998.81+/-0.11 dlogz:227.536>0.01]17789it [12:23:39, 20.57s/it, bound:3951 nc:2087 ncall:2.0e+07 eff:0.1% logz-ratio=1121999.15+/-0.11 dlogz:227.197>0.01]17791it [12:23:39, 15.56s/it, bound:3951 nc:  1 ncall:2.0e+07 eff:0.1% logz-ratio=1122043.89+/-0.28 dlogz:181.749>0.01] 17792it [12:23:52, 15.56s/it, bound:3952 nc:1722 ncall:2.0e+07 eff:0.1% logz-ratio=1121999.53+/-0.11 dlogz:226.899>0.01]17793it [12:25:04, 22.51s/it, bound:3952 nc:2488 ncall:2.0e+07 eff:0.1% logz-ratio=1121999.73+/-0.16 dlogz:226.720>0.01]17797it [12:26:26, 21.68s/it, bound:3953 nc:2672 ncall:2.0e+07 eff:0.1% logz-ratio=1122000.43+/-0.15 dlogz:225.986>0.01]17799it [12:26:26, 16.64s/it, bound:3953 nc:  1 ncall:2.0e+07 eff:0.1% logz-ratio=1122041.56+/-0.28 dlogz:184.117>0.01] 17800it [12:26:42, 16.64s/it, bound:3954 nc:2855 ncall:2.0e+07 eff:0.1% logz-ratio=1122001.02+/-0.12 dlogz:225.423>0.01]17801it [12:27:38, 21.49s/it, bound:3954 nc:2233 ncall:2.0e+07 eff:0.1% logz-ratio=1122001.22+/-0.16 dlogz:225.212>0.01]17803it [12:27:38, 15.85s/it, bound:3954 nc:  1 ncall:2.0e+07 eff:0.1% logz-ratio=1122040.98+/-0.28 dlogz:184.705>0.01] 17804it [12:27:52, 15.85s/it, bound:3955 nc:2496 ncall:2.0e+07 eff:0.1% logz-ratio=1122001.69+/-0.10 dlogz:224.684>0.01]17805it [12:29:04, 23.19s/it, bound:3955 nc:1984 ncall:2.0e+07 eff:0.1% logz-ratio=1122001.85+/-0.14 dlogz:224.533>0.01]17807it [12:29:04, 16.69s/it, bound:3955 nc:  1 ncall:2.0e+07 eff:0.1% logz-ratio=1122067.69+/-0.29 dlogz:157.559>0.01] 17807it [12:29:22, 16.69s/it, bound:3955 nc:  1 ncall:2.0e+07 eff:0.1% logz-ratio=1122219.49+/-0.20 dlogz:0.980>0.01]  17808it [12:30:34, 28.92s/it, bound:3956 nc:4834 ncall:2.0e+07 eff:0.1% logz-ratio=1122002.27+/-0.10 dlogz:224.076>0.01]17810it [12:30:34, 19.59s/it, bound:3956 nc:  1 ncall:2.0e+07 eff:0.1% logz-ratio=1122070.00+/-0.29 dlogz:155.207>0.01] 17811it [12:30:52, 19.59s/it, bound:3957 nc:2813 ncall:2.0e+07 eff:0.1% logz-ratio=1122002.63+/-0.10 dlogz:223.711>0.01]17812it [12:31:55, 26.29s/it, bound:3957 nc:2951 ncall:2.0e+07 eff:0.1% logz-ratio=1122002.76+/-0.13 dlogz:223.584>0.01]17813it [12:32:13, 24.67s/it, bound:3957 nc:2796 ncall:2.0e+07 eff:0.1% logz-ratio=1122002.87+/-0.09 dlogz:223.454>0.01]17816it [12:33:40, 26.56s/it, bound:3958 nc:2516 ncall:2.0e+07 eff:0.1% logz-ratio=1122003.24+/-0.13 dlogz:258.108>0.01]17820it [12:34:58, 23.37s/it, bound:3959 nc:2419 ncall:2.0e+07 eff:0.1% logz-ratio=1122003.78+/-0.13 dlogz:257.535>0.01]17822it [12:34:58, 17.64s/it, bound:3959 nc:  1 ncall:2.0e+07 eff:0.1% logz-ratio=1122078.76+/-0.29 dlogz:181.336>0.01] 17823it [12:35:12, 17.64s/it, bound:3960 nc:2280 ncall:2.0e+07 eff:0.1% logz-ratio=1122004.20+/-0.11 dlogz:257.146>0.01]17824it [12:36:17, 23.28s/it, bound:3960 nc:2311 ncall:2.0e+07 eff:0.1% logz-ratio=1122004.38+/-0.15 dlogz:256.986>0.01]17827it [12:36:17, 14.96s/it, bound:3961 nc:2950 ncall:2.0e+07 eff:0.1% logz-ratio=1122004.86+/-0.11 dlogz:256.483>0.01]17827it [12:36:32, 14.96s/it, bound:3961 nc:2950 ncall:2.0e+07 eff:0.1% logz-ratio=1122004.86+/-0.11 dlogz:256.483>0.01]17828it [12:37:46, 25.79s/it, bound:3961 nc:2687 ncall:2.0e+07 eff:0.1% logz-ratio=1122005.02+/-0.15 dlogz:256.318>0.01]17830it [12:37:46, 18.23s/it, bound:3961 nc:  1 ncall:2.0e+07 eff:0.1% logz-ratio=1122087.00+/-0.29 dlogz:172.982>0.01] 17831it [12:38:02, 18.23s/it, bound:3962 nc:3134 ncall:2.0e+07 eff:0.1% logz-ratio=1122005.45+/-0.10 dlogz:255.853>0.01]17832it [12:39:00, 23.78s/it, bound:3962 nc:2621 ncall:2.0e+07 eff:0.1% logz-ratio=1122005.58+/-0.13 dlogz:255.717>0.01]17834it [12:39:00, 16.73s/it, bound:3962 nc:  1 ncall:2.0e+07 eff:0.1% logz-ratio=1122095.38+/-0.29 dlogz:164.486>0.01] 17835it [12:39:12, 16.73s/it, bound:3963 nc:2316 ncall:2.0e+07 eff:0.1% logz-ratio=1122005.95+/-0.10 dlogz:255.340>0.01]17836it [12:40:15, 22.83s/it, bound:3963 nc:2117 ncall:2.0e+07 eff:0.1% logz-ratio=1122006.10+/-0.14 dlogz:255.208>0.01]17838it [12:40:15, 16.03s/it, bound:3963 nc:  1 ncall:2.0e+07 eff:0.1% logz-ratio=1122087.00+/-0.29 dlogz:173.000>0.01] 17839it [12:40:32, 16.03s/it, bound:3964 nc:2470 ncall:2.0e+07 eff:0.1% logz-ratio=1122006.62+/-0.12 dlogz:254.723>0.01]17840it [12:41:34, 23.05s/it, bound:3964 nc:2716 ncall:2.0e+07 eff:0.1% logz-ratio=1122006.79+/-0.15 dlogz:254.531>0.01]17842it [12:41:34, 16.17s/it, bound:3964 nc:  1 ncall:2.0e+07 eff:0.1% logz-ratio=1122082.97+/-0.28 dlogz:177.074>0.01] 17843it [12:41:52, 16.17s/it, bound:3965 nc:2232 ncall:2.0e+07 eff:0.1% logz-ratio=1122007.28+/-0.11 dlogz:254.040>0.01]17844it [12:42:57, 23.67s/it, bound:3965 nc:2871 ncall:2.0e+07 eff:0.1% logz-ratio=1122007.43+/-0.15 dlogz:253.867>0.01]17845it [12:43:16, 22.88s/it, bound:3965 nc:1534 ncall:2.0e+07 eff:0.1% logz-ratio=1122007.58+/-0.10 dlogz:253.713>0.01]17848it [12:44:37, 24.68s/it, bound:3966 nc:2826 ncall:2.0e+07 eff:0.1% logz-ratio=1122007.98+/-0.13 dlogz:253.276>0.01]17850it [12:44:37, 17.52s/it, bound:3966 nc:  1 ncall:2.0e+07 eff:0.1% logz-ratio=1122087.32+/-0.29 dlogz:172.656>0.01] 17851it [12:44:52, 17.52s/it, bound:3967 nc:2409 ncall:2.0e+07 eff:0.1% logz-ratio=1122008.33+/-0.09 dlogz:252.920>0.01]17852it [12:45:53, 23.55s/it, bound:3967 nc:2586 ncall:2.0e+07 eff:0.1% logz-ratio=1122008.45+/-0.13 dlogz:252.798>0.01]17856it [12:47:08, 21.39s/it, bound:3968 nc:2631 ncall:2.0e+07 eff:0.1% logz-ratio=1122008.90+/-0.13 dlogz:252.339>0.01]17860it [12:48:28, 20.84s/it, bound:3969 nc:1838 ncall:2.0e+07 eff:0.1% logz-ratio=1122009.37+/-0.09 dlogz:251.860>0.01]17863it [12:48:29, 14.66s/it, bound:3970 nc:  1 ncall:2.0e+07 eff:0.1% logz-ratio=1122088.63+/-0.29 dlogz:171.322>0.01] 17863it [12:48:42, 14.66s/it, bound:3970 nc:  1 ncall:2.0e+07 eff:0.1% logz-ratio=1122254.20+/-0.63 dlogz:1.099>0.01]  17864it [12:49:41, 21.81s/it, bound:3970 nc:2234 ncall:2.0e+07 eff:0.1% logz-ratio=1122009.86+/-0.09 dlogz:251.358>0.01]17868it [12:51:11, 22.12s/it, bound:3971 nc:2369 ncall:2.0e+07 eff:0.1% logz-ratio=1122010.30+/-0.09 dlogz:250.904>0.01]17871it [12:51:11, 15.32s/it, bound:3972 nc:  1 ncall:2.0e+07 eff:0.1% logz-ratio=1122081.02+/-0.29 dlogz:179.050>0.01] 17871it [12:51:22, 15.32s/it, bound:3972 nc:  1 ncall:2.0e+07 eff:0.1% logz-ratio=1122254.18+/-0.63 dlogz:1.099>0.01]  17872it [12:52:33, 23.79s/it, bound:3972 nc:2841 ncall:2.0e+07 eff:0.1% logz-ratio=1122010.73+/-0.09 dlogz:250.468>0.01]17875it [12:52:33, 15.39s/it, bound:3973 nc:  1 ncall:2.0e+07 eff:0.1% logz-ratio=1122087.59+/-0.29 dlogz:172.384>0.01] 17875it [12:52:52, 15.39s/it, bound:3973 nc:  1 ncall:2.0e+07 eff:0.1% logz-ratio=1122254.17+/-0.63 dlogz:1.099>0.01]  17876it [12:54:03, 26.14s/it, bound:3973 nc:2704 ncall:2.0e+07 eff:0.1% logz-ratio=1122011.11+/-0.08 dlogz:250.063>0.01]17878it [12:54:26, 21.82s/it, bound:3973 nc:2579 ncall:2.0e+07 eff:0.1% logz-ratio=1122011.29+/-0.08 dlogz:249.882>0.01]17880it [12:55:54, 28.48s/it, bound:3974 nc:2420 ncall:2.0e+07 eff:0.1% logz-ratio=1122011.47+/-0.08 dlogz:249.696>0.01]17883it [12:55:54, 17.48s/it, bound:3975 nc:  1 ncall:2.0e+07 eff:0.1% logz-ratio=1122080.68+/-0.29 dlogz:179.392>0.01] 17883it [12:56:12, 17.48s/it, bound:3975 nc:  1 ncall:2.0e+07 eff:0.1% logz-ratio=1122254.16+/-0.63 dlogz:1.099>0.01]  17884it [12:57:22, 28.30s/it, bound:3975 nc:2652 ncall:2.0e+07 eff:0.1% logz-ratio=1122011.99+/-0.10 dlogz:249.215>0.01]17886it [12:57:22, 19.61s/it, bound:3976 nc:  1 ncall:2.1e+07 eff:0.1% logz-ratio=1122054.24+/-0.28 dlogz:206.212>0.01] 17886it [12:57:32, 19.61s/it, bound:3976 nc:  1 ncall:2.1e+07 eff:0.1% logz-ratio=1122254.15+/-0.63 dlogz:1.099>0.01]  17887it [12:58:45, 31.09s/it, bound:3976 nc:1986 ncall:2.1e+07 eff:0.1% logz-ratio=1122012.40+/-0.10 dlogz:248.798>0.01]17890it [12:58:45, 17.56s/it, bound:3977 nc:  1 ncall:2.1e+07 eff:0.1% logz-ratio=1122090.04+/-0.29 dlogz:169.915>0.01] 17890it [12:59:02, 17.56s/it, bound:3977 nc:  1 ncall:2.1e+07 eff:0.1% logz-ratio=1122254.14+/-0.63 dlogz:1.099>0.01]  17891it [12:59:53, 26.21s/it, bound:3977 nc:2455 ncall:2.1e+07 eff:0.1% logz-ratio=1122013.12+/-0.11 dlogz:248.109>0.01]17894it [12:59:53, 15.11s/it, bound:3978 nc:  1 ncall:2.1e+07 eff:0.1% logz-ratio=1122053.75+/-0.28 dlogz:206.715>0.01] 17894it [13:00:12, 15.11s/it, bound:3978 nc:  1 ncall:2.1e+07 eff:0.1% logz-ratio=1122254.14+/-0.63 dlogz:1.099>0.01]  17895it [13:01:10, 25.46s/it, bound:3978 nc:2640 ncall:2.1e+07 eff:0.1% logz-ratio=1122013.72+/-0.10 dlogz:247.463>0.01]17898it [13:01:10, 14.82s/it, bound:3979 nc:  1 ncall:2.1e+07 eff:0.1% logz-ratio=1122078.50+/-0.29 dlogz:181.627>0.01] 17898it [13:01:22, 14.82s/it, bound:3979 nc:  1 ncall:2.1e+07 eff:0.1% logz-ratio=1122254.13+/-0.63 dlogz:1.099>0.01]  17899it [13:02:28, 25.25s/it, bound:3979 nc:2674 ncall:2.1e+07 eff:0.1% logz-ratio=1122014.37+/-0.11 dlogz:246.821>0.01]17902it [13:02:28, 14.76s/it, bound:3980 nc:  1 ncall:2.1e+07 eff:0.1% logz-ratio=1122090.43+/-0.29 dlogz:169.503>0.01] 17902it [13:02:42, 14.76s/it, bound:3980 nc:  1 ncall:2.1e+07 eff:0.1% logz-ratio=1122254.12+/-0.64 dlogz:1.099>0.01]  17903it [13:03:33, 23.16s/it, bound:3980 nc:2021 ncall:2.1e+07 eff:0.1% logz-ratio=1122014.90+/-0.09 dlogz:246.252>0.01]17907it [13:05:04, 22.98s/it, bound:3981 nc:1588 ncall:2.1e+07 eff:0.1% logz-ratio=1122015.36+/-0.15 dlogz:245.779>0.01]17908it [13:05:16, 21.35s/it, bound:3981 nc:3146 ncall:2.1e+07 eff:0.1% logz-ratio=1122015.47+/-0.09 dlogz:245.659>0.01]17911it [13:06:39, 23.81s/it, bound:3982 nc:3113 ncall:2.1e+07 eff:0.1% logz-ratio=1122015.77+/-0.12 dlogz:245.337>0.01]17915it [13:07:47, 20.90s/it, bound:3983 nc:2390 ncall:2.1e+07 eff:0.1% logz-ratio=1122016.18+/-0.13 dlogz:244.956>0.01]17917it [13:07:47, 16.05s/it, bound:3983 nc:  1 ncall:2.1e+07 eff:0.1% logz-ratio=1122094.36+/-0.29 dlogz:165.491>0.01] 17918it [13:08:02, 16.05s/it, bound:3984 nc:2352 ncall:2.1e+07 eff:0.1% logz-ratio=1122016.64+/-0.12 dlogz:244.545>0.01]17919it [13:09:05, 21.68s/it, bound:3984 nc:2613 ncall:2.1e+07 eff:0.1% logz-ratio=1122016.88+/-0.16 dlogz:244.356>0.01]17921it [13:09:05, 15.99s/it, bound:3984 nc:  1 ncall:2.1e+07 eff:0.1% logz-ratio=1122059.44+/-0.28 dlogz:200.932>0.01] 17922it [13:09:22, 15.99s/it, bound:3985 nc:2367 ncall:2.1e+07 eff:0.1% logz-ratio=1122017.59+/-0.12 dlogz:243.623>0.01]17923it [13:10:21, 22.01s/it, bound:3985 nc:2078 ncall:2.1e+07 eff:0.1% logz-ratio=1122017.87+/-0.18 dlogz:243.402>0.01]17926it [13:10:21, 13.90s/it, bound:3986 nc:2473 ncall:2.1e+07 eff:0.1% logz-ratio=1122018.70+/-0.13 dlogz:242.507>0.01]17926it [13:10:32, 13.90s/it, bound:3986 nc:2473 ncall:2.1e+07 eff:0.1% logz-ratio=1122018.70+/-0.13 dlogz:242.507>0.01]17927it [13:11:44, 24.32s/it, bound:3986 nc:2264 ncall:2.1e+07 eff:0.1% logz-ratio=1122018.90+/-0.17 dlogz:242.279>0.01]17929it [13:11:45, 17.05s/it, bound:3986 nc:  1 ncall:2.1e+07 eff:0.1% logz-ratio=1122101.95+/-0.28 dlogz:157.736>0.01] 17930it [13:12:02, 17.05s/it, bound:3987 nc:2921 ncall:2.1e+07 eff:0.1% logz-ratio=1122019.43+/-0.11 dlogz:241.709>0.01]17931it [13:13:07, 24.25s/it, bound:3987 nc:2546 ncall:2.1e+07 eff:0.1% logz-ratio=1122019.59+/-0.15 dlogz:241.544>0.01]17933it [13:13:07, 17.00s/it, bound:3987 nc:  1 ncall:2.1e+07 eff:0.1% logz-ratio=1122068.93+/-0.28 dlogz:191.301>0.01] 17934it [13:13:22, 17.00s/it, bound:3988 nc:2825 ncall:2.1e+07 eff:0.1% logz-ratio=1122020.03+/-0.10 dlogz:241.069>0.01]17935it [13:14:22, 23.24s/it, bound:3988 nc:2234 ncall:2.1e+07 eff:0.1% logz-ratio=1122020.17+/-0.14 dlogz:240.931>0.01]17939it [13:15:35, 20.94s/it, bound:3989 nc:2027 ncall:2.1e+07 eff:0.1% logz-ratio=1122020.72+/-0.14 dlogz:240.370>0.01]17940it [13:16:01, 21.55s/it, bound:3989 nc:1834 ncall:2.1e+07 eff:0.1% logz-ratio=1122020.84+/-0.09 dlogz:240.235>0.01]17943it [13:17:31, 24.78s/it, bound:3990 nc:2364 ncall:2.1e+07 eff:0.1% logz-ratio=1122021.20+/-0.13 dlogz:239.872>0.01]17945it [13:17:31, 18.24s/it, bound:3990 nc:  1 ncall:2.1e+07 eff:0.1% logz-ratio=1122042.84+/-0.28 dlogz:217.815>0.01] 17946it [13:17:43, 18.24s/it, bound:3991 nc:2779 ncall:2.1e+07 eff:0.1% logz-ratio=1122021.51+/-0.09 dlogz:239.531>0.01]17947it [13:18:48, 23.74s/it, bound:3991 nc:2492 ncall:2.1e+07 eff:0.1% logz-ratio=1122021.61+/-0.12 dlogz:239.428>0.01]17949it [13:18:48, 17.07s/it, bound:3991 nc:  1 ncall:2.1e+07 eff:0.1% logz-ratio=1122098.82+/-0.28 dlogz:160.957>0.01] 17950it [13:19:03, 17.07s/it, bound:3992 nc:2624 ncall:2.1e+07 eff:0.1% logz-ratio=1122021.96+/-0.09 dlogz:239.088>0.01]17951it [13:20:04, 23.11s/it, bound:3992 nc:1909 ncall:2.1e+07 eff:0.1% logz-ratio=1122022.06+/-0.12 dlogz:238.974>0.01]17953it [13:20:04, 16.41s/it, bound:3992 nc:  1 ncall:2.1e+07 eff:0.1% logz-ratio=1122096.59+/-0.28 dlogz:163.225>0.01] 17954it [13:20:23, 16.41s/it, bound:3993 nc:2637 ncall:2.1e+07 eff:0.1% logz-ratio=1122022.46+/-0.11 dlogz:238.626>0.01]17955it [13:21:18, 22.38s/it, bound:3993 nc:2550 ncall:2.1e+07 eff:0.1% logz-ratio=1122022.61+/-0.14 dlogz:238.462>0.01]17957it [13:21:18, 15.78s/it, bound:3993 nc:  1 ncall:2.1e+07 eff:0.1% logz-ratio=1122088.55+/-0.29 dlogz:171.396>0.01] 17958it [13:21:33, 15.78s/it, bound:3994 nc:2067 ncall:2.1e+07 eff:0.1% logz-ratio=1122022.99+/-0.09 dlogz:238.052>0.01]17959it [13:22:24, 20.97s/it, bound:3994 nc:2306 ncall:2.1e+07 eff:0.1% logz-ratio=1122023.11+/-0.13 dlogz:237.929>0.01]17961it [13:22:24, 14.74s/it, bound:3994 nc:  1 ncall:2.1e+07 eff:0.1% logz-ratio=1122096.03+/-0.28 dlogz:163.799>0.01] 17962it [13:22:43, 14.74s/it, bound:3995 nc:2266 ncall:2.1e+07 eff:0.1% logz-ratio=1122023.44+/-0.09 dlogz:237.575>0.01]17963it [13:23:42, 21.96s/it, bound:3995 nc:2517 ncall:2.1e+07 eff:0.1% logz-ratio=1122023.58+/-0.13 dlogz:237.467>0.01]17966it [13:23:42, 13.41s/it, bound:3996 nc:2531 ncall:2.1e+07 eff:0.1% logz-ratio=1122023.99+/-0.10 dlogz:237.042>0.01]17966it [13:23:53, 13.41s/it, bound:3996 nc:2531 ncall:2.1e+07 eff:0.1% logz-ratio=1122023.99+/-0.10 dlogz:237.042>0.01]17967it [13:25:06, 24.33s/it, bound:3996 nc:2386 ncall:2.1e+07 eff:0.1% logz-ratio=1122024.11+/-0.13 dlogz:236.912>0.01]17969it [13:25:06, 16.82s/it, bound:3996 nc:  1 ncall:2.1e+07 eff:0.1% logz-ratio=1122099.14+/-0.29 dlogz:160.642>0.01] 17970it [13:25:23, 16.82s/it, bound:3997 nc:2861 ncall:2.1e+07 eff:0.1% logz-ratio=1122024.54+/-0.11 dlogz:236.506>0.01]17971it [13:26:17, 22.64s/it, bound:3997 nc:2156 ncall:2.1e+07 eff:0.1% logz-ratio=1122024.70+/-0.15 dlogz:236.349>0.01]17972it [13:26:37, 22.05s/it, bound:3997 nc:2430 ncall:2.1e+07 eff:0.1% logz-ratio=1122024.84+/-0.10 dlogz:236.190>0.01]17975it [13:27:48, 22.75s/it, bound:3998 nc:2413 ncall:2.1e+07 eff:0.1% logz-ratio=1122025.25+/-0.14 dlogz:235.776>0.01]17977it [13:27:48, 16.10s/it, bound:3998 nc:  1 ncall:2.1e+07 eff:0.1% logz-ratio=1122101.23+/-0.28 dlogz:158.505>0.01] 17978it [13:28:03, 16.10s/it, bound:3999 nc:2337 ncall:2.1e+07 eff:0.1% logz-ratio=1122025.75+/-0.11 dlogz:235.289>0.01]17979it [13:28:59, 21.82s/it, bound:3999 nc:2430 ncall:2.1e+07 eff:0.1% logz-ratio=1122025.89+/-0.14 dlogz:235.125>0.01]17982it [13:28:59, 13.38s/it, bound:4000 nc:1832 ncall:2.1e+07 eff:0.1% logz-ratio=1122026.31+/-0.10 dlogz:234.708>0.01]17982it [13:29:13, 13.38s/it, bound:4000 nc:1832 ncall:2.1e+07 eff:0.1% logz-ratio=1122026.31+/-0.10 dlogz:234.708>0.01]17983it [13:30:12, 22.76s/it, bound:4000 nc:2545 ncall:2.1e+07 eff:0.1% logz-ratio=1122026.45+/-0.14 dlogz:234.562>0.01]17987it [13:31:38, 22.13s/it, bound:4001 nc:2549 ncall:2.1e+07 eff:0.1% logz-ratio=1122027.05+/-0.14 dlogz:233.963>0.01]17989it [13:31:38, 16.57s/it, bound:4001 nc:  1 ncall:2.1e+07 eff:0.1% logz-ratio=1122067.36+/-0.28 dlogz:192.903>0.01] 17990it [13:31:53, 16.57s/it, bound:4002 nc:2917 ncall:2.1e+07 eff:0.1% logz-ratio=1122027.42+/-0.09 dlogz:233.546>0.01]17991it [13:32:59, 22.83s/it, bound:4002 nc:2451 ncall:2.1e+07 eff:0.1% logz-ratio=1122027.53+/-0.12 dlogz:233.432>0.01]17993it [13:32:59, 16.59s/it, bound:4002 nc:  1 ncall:2.1e+07 eff:0.1% logz-ratio=1122102.29+/-0.29 dlogz:157.406>0.01] 17994it [13:33:13, 16.59s/it, bound:4003 nc:2795 ncall:2.1e+07 eff:0.1% logz-ratio=1122027.87+/-0.09 dlogz:233.092>0.01]17995it [13:34:13, 22.42s/it, bound:4003 nc:2339 ncall:2.1e+07 eff:0.1% logz-ratio=1122027.98+/-0.12 dlogz:232.980>0.01]17997it [13:34:13, 16.00s/it, bound:4003 nc:  1 ncall:2.1e+07 eff:0.1% logz-ratio=1122096.26+/-0.29 dlogz:163.569>0.01] 17998it [13:34:33, 16.00s/it, bound:4004 nc:2574 ncall:2.1e+07 eff:0.1% logz-ratio=1122028.37+/-0.10 dlogz:232.598>0.01]17999it [13:35:37, 23.44s/it, bound:4004 nc:2298 ncall:2.1e+07 eff:0.1% logz-ratio=1122028.50+/-0.13 dlogz:232.465>0.01]18001it [13:35:37, 16.58s/it, bound:4004 nc:  1 ncall:2.1e+07 eff:0.1% logz-ratio=1122071.32+/-0.29 dlogz:188.883>0.01] 18002it [13:35:53, 16.58s/it, bound:4005 nc:2916 ncall:2.1e+07 eff:0.1% logz-ratio=1122028.89+/-0.10 dlogz:232.080>0.01]18003it [13:36:49, 22.35s/it, bound:4005 nc:2520 ncall:2.1e+07 eff:0.1% logz-ratio=1122029.02+/-0.14 dlogz:231.943>0.01]18004it [13:37:04, 21.14s/it, bound:4005 nc:2608 ncall:2.1e+07 eff:0.1% logz-ratio=1122029.16+/-0.10 dlogz:231.803>0.01]18007it [13:38:23, 23.34s/it, bound:4006 nc:2735 ncall:2.1e+07 eff:0.1% logz-ratio=1122029.53+/-0.13 dlogz:231.417>0.01]18011it [13:39:51, 22.73s/it, bound:4007 nc:2727 ncall:2.1e+07 eff:0.1% logz-ratio=1122029.96+/-0.12 dlogz:230.955>0.01]18013it [13:39:51, 17.23s/it, bound:4007 nc:  1 ncall:2.1e+07 eff:0.1% logz-ratio=1122106.27+/-0.29 dlogz:153.326>0.01] 18014it [13:40:03, 17.23s/it, bound:4008 nc:2552 ncall:2.1e+07 eff:0.1% logz-ratio=1122030.31+/-0.10 dlogz:230.629>0.01]18015it [13:41:09, 22.81s/it, bound:4008 nc:2446 ncall:2.1e+07 eff:0.1% logz-ratio=1122030.45+/-0.14 dlogz:230.492>0.01]18017it [13:41:09, 16.69s/it, bound:4008 nc:  1 ncall:2.1e+07 eff:0.1% logz-ratio=1122072.62+/-0.29 dlogz:187.557>0.01] 18018it [13:41:23, 16.69s/it, bound:4009 nc:2574 ncall:2.1e+07 eff:0.1% logz-ratio=1122030.84+/-0.10 dlogz:230.101>0.01]18019it [13:42:36, 24.05s/it, bound:4009 nc:2190 ncall:2.1e+07 eff:0.1% logz-ratio=1122030.99+/-0.14 dlogz:229.954>0.01]18023it [13:43:41, 20.66s/it, bound:4010 nc:2307 ncall:2.1e+07 eff:0.1% logz-ratio=1122031.56+/-0.14 dlogz:229.377>0.01]18027it [13:44:52, 19.52s/it, bound:4011 nc:2242 ncall:2.1e+07 eff:0.1% logz-ratio=1122032.12+/-0.14 dlogz:228.805>0.01]18029it [13:44:52, 15.30s/it, bound:4011 nc:  1 ncall:2.1e+07 eff:0.1% logz-ratio=1122074.22+/-0.28 dlogz:185.923>0.01] 18030it [13:45:03, 15.30s/it, bound:4012 nc:1880 ncall:2.1e+07 eff:0.1% logz-ratio=1122032.56+/-0.11 dlogz:228.372>0.01]18031it [13:46:13, 21.19s/it, bound:4012 nc:2318 ncall:2.1e+07 eff:0.1% logz-ratio=1122032.69+/-0.14 dlogz:228.217>0.01]18033it [13:46:13, 15.86s/it, bound:4012 nc:  1 ncall:2.1e+07 eff:0.1% logz-ratio=1122090.85+/-0.28 dlogz:169.042>0.01] 18034it [13:46:23, 15.86s/it, bound:4013 nc:2808 ncall:2.1e+07 eff:0.1% logz-ratio=1122033.11+/-0.10 dlogz:227.809>0.01]18035it [13:47:32, 22.11s/it, bound:4013 nc:2640 ncall:2.1e+07 eff:0.1% logz-ratio=1122033.24+/-0.14 dlogz:227.659>0.01]18036it [13:47:46, 20.91s/it, bound:4013 nc:1360 ncall:2.1e+07 eff:0.1% logz-ratio=1122033.38+/-0.10 dlogz:227.519>0.01]18039it [13:49:00, 22.48s/it, bound:4014 nc:1744 ncall:2.1e+07 eff:0.1% logz-ratio=1122033.81+/-0.14 dlogz:227.083>0.01]18041it [13:49:01, 16.23s/it, bound:4014 nc:  1 ncall:2.1e+07 eff:0.1% logz-ratio=1122103.86+/-0.29 dlogz:155.782>0.01] 18042it [13:49:13, 16.23s/it, bound:4015 nc:2277 ncall:2.1e+07 eff:0.1% logz-ratio=1122034.31+/-0.11 dlogz:226.614>0.01]18043it [13:50:11, 21.61s/it, bound:4015 nc:2304 ncall:2.1e+07 eff:0.1% logz-ratio=1122034.47+/-0.15 dlogz:226.444>0.01]18045it [13:50:11, 15.38s/it, bound:4015 nc:  1 ncall:2.1e+07 eff:0.1% logz-ratio=1122108.78+/-0.28 dlogz:150.738>0.01] 18046it [13:50:23, 15.38s/it, bound:4016 nc:2386 ncall:2.1e+07 eff:0.1% logz-ratio=1122034.91+/-0.10 dlogz:225.983>0.01]18047it [13:51:29, 22.25s/it, bound:4016 nc:2689 ncall:2.1e+07 eff:0.1% logz-ratio=1122035.06+/-0.14 dlogz:225.830>0.01]18049it [13:51:29, 15.71s/it, bound:4016 nc:  1 ncall:2.1e+07 eff:0.1% logz-ratio=1122102.80+/-0.29 dlogz:156.857>0.01] 18050it [13:51:43, 15.71s/it, bound:4017 nc:2118 ncall:2.1e+07 eff:0.1% logz-ratio=1122035.50+/-0.11 dlogz:225.386>0.01]18051it [13:52:47, 22.60s/it, bound:4017 nc:2612 ncall:2.1e+07 eff:0.1% logz-ratio=1122035.64+/-0.14 dlogz:225.229>0.01]18055it [13:54:05, 21.19s/it, bound:4018 nc:2241 ncall:2.1e+07 eff:0.1% logz-ratio=1122036.20+/-0.14 dlogz:224.664>0.01]18057it [13:54:05, 15.97s/it, bound:4018 nc:  1 ncall:2.1e+07 eff:0.1% logz-ratio=1122106.74+/-0.29 dlogz:152.825>0.01] 18058it [13:54:23, 15.97s/it, bound:4019 nc:2832 ncall:2.1e+07 eff:0.1% logz-ratio=1122036.61+/-0.10 dlogz:224.252>0.01]18059it [13:55:34, 23.37s/it, bound:4019 nc:3078 ncall:2.1e+07 eff:0.1% logz-ratio=1122036.79+/-0.15 dlogz:224.106>0.01]18061it [13:55:34, 17.04s/it, bound:4019 nc:  1 ncall:2.1e+07 eff:0.1% logz-ratio=1122103.82+/-0.29 dlogz:155.799>0.01] 18062it [13:55:53, 17.04s/it, bound:4020 nc:2385 ncall:2.1e+07 eff:0.1% logz-ratio=1122037.33+/-0.11 dlogz:223.538>0.01]18063it [13:56:58, 23.99s/it, bound:4020 nc:3120 ncall:2.1e+07 eff:0.1% logz-ratio=1122037.47+/-0.14 dlogz:223.381>0.01]18067it [13:58:18, 22.22s/it, bound:4021 nc:2784 ncall:2.1e+07 eff:0.1% logz-ratio=1122037.95+/-0.13 dlogz:222.865>0.01]18068it [13:58:33, 21.27s/it, bound:4021 nc:2245 ncall:2.1e+07 eff:0.1% logz-ratio=1122038.09+/-0.10 dlogz:222.749>0.01]18071it [13:59:57, 23.77s/it, bound:4022 nc:1715 ncall:2.1e+07 eff:0.1% logz-ratio=1122038.56+/-0.15 dlogz:222.291>0.01]18073it [13:59:57, 17.59s/it, bound:4022 nc:  1 ncall:2.1e+07 eff:0.1% logz-ratio=1122103.12+/-0.29 dlogz:156.518>0.01] 18074it [14:00:13, 17.59s/it, bound:4023 nc:2142 ncall:2.1e+07 eff:0.1% logz-ratio=1122039.00+/-0.11 dlogz:221.846>0.01]18075it [14:01:24, 24.58s/it, bound:4023 nc:3018 ncall:2.1e+07 eff:0.1% logz-ratio=1122039.18+/-0.15 dlogz:221.686>0.01]18077it [14:01:24, 17.73s/it, bound:4023 nc:  1 ncall:2.1e+07 eff:0.1% logz-ratio=1122109.78+/-0.28 dlogz:149.706>0.01] 18078it [14:01:43, 17.73s/it, bound:4024 nc:2666 ncall:2.1e+07 eff:0.1% logz-ratio=1122039.66+/-0.11 dlogz:221.167>0.01]18079it [14:02:51, 25.06s/it, bound:4024 nc:3064 ncall:2.1e+07 eff:0.1% logz-ratio=1122039.81+/-0.14 dlogz:221.014>0.01]18083it [14:04:12, 22.98s/it, bound:4025 nc:2400 ncall:2.1e+07 eff:0.1% logz-ratio=1122040.42+/-0.15 dlogz:220.418>0.01]18087it [14:05:42, 22.75s/it, bound:4026 nc:2178 ncall:2.1e+07 eff:0.1% logz-ratio=1122041.15+/-0.16 dlogz:219.696>0.01]18089it [14:05:42, 17.80s/it, bound:4026 nc:  1 ncall:2.1e+07 eff:0.1% logz-ratio=1122105.07+/-0.29 dlogz:154.518>0.01] 18090it [14:05:53, 17.80s/it, bound:4027 nc:2166 ncall:2.1e+07 eff:0.1% logz-ratio=1122041.67+/-0.11 dlogz:219.152>0.01]18091it [14:07:02, 23.04s/it, bound:4027 nc:2755 ncall:2.1e+07 eff:0.1% logz-ratio=1122041.83+/-0.15 dlogz:218.987>0.01]18093it [14:07:02, 17.22s/it, bound:4027 nc:  1 ncall:2.1e+07 eff:0.1% logz-ratio=1122082.08+/-0.28 dlogz:177.957>0.01] 18094it [14:07:13, 17.22s/it, bound:4028 nc:2457 ncall:2.1e+07 eff:0.1% logz-ratio=1122042.29+/-0.11 dlogz:218.525>0.01]18095it [14:08:25, 23.65s/it, bound:4028 nc:2561 ncall:2.1e+07 eff:0.1% logz-ratio=1122042.43+/-0.15 dlogz:218.359>0.01]18096it [14:08:45, 23.11s/it, bound:4028 nc:3049 ncall:2.1e+07 eff:0.1% logz-ratio=1122042.56+/-0.10 dlogz:218.210>0.01]18099it [14:10:01, 24.00s/it, bound:4029 nc:2231 ncall:2.1e+07 eff:0.1% logz-ratio=1122042.94+/-0.13 dlogz:217.829>0.01]18101it [14:10:01, 17.32s/it, bound:4029 nc:  1 ncall:2.1e+07 eff:0.1% logz-ratio=1122105.05+/-0.29 dlogz:154.516>0.01] 18102it [14:10:13, 17.32s/it, bound:4030 nc:2201 ncall:2.1e+07 eff:0.1% logz-ratio=1122043.31+/-0.09 dlogz:217.433>0.01]18103it [14:11:25, 24.29s/it, bound:4030 nc:2968 ncall:2.1e+07 eff:0.1% logz-ratio=1122043.41+/-0.12 dlogz:217.321>0.01]18105it [14:11:25, 17.28s/it, bound:4030 nc:  1 ncall:2.1e+07 eff:0.1% logz-ratio=1122083.85+/-0.28 dlogz:176.168>0.01] 18106it [14:11:43, 17.28s/it, bound:4031 nc:2508 ncall:2.1e+07 eff:0.1% logz-ratio=1122043.78+/-0.10 dlogz:216.986>0.01]18107it [14:12:52, 25.04s/it, bound:4031 nc:2290 ncall:2.1e+07 eff:0.1% logz-ratio=1122043.93+/-0.14 dlogz:216.840>0.01]18108it [14:12:53, 20.77s/it, bound:4031 nc:2617 ncall:2.1e+07 eff:0.1% logz-ratio=1122044.07+/-0.10 dlogz:216.685>0.01]18110it [14:13:03, 20.77s/it, bound:4032 nc:3032 ncall:2.1e+07 eff:0.1% logz-ratio=1122044.32+/-0.09 dlogz:216.418>0.01]18111it [14:14:08, 22.58s/it, bound:4032 nc:2273 ncall:2.1e+07 eff:0.1% logz-ratio=1122044.44+/-0.13 dlogz:216.295>0.01]18113it [14:14:08, 16.09s/it, bound:4032 nc:  1 ncall:2.1e+07 eff:0.1% logz-ratio=1122081.55+/-0.28 dlogz:178.514>0.01] 18114it [14:14:23, 16.09s/it, bound:4033 nc:2155 ncall:2.1e+07 eff:0.1% logz-ratio=1122044.83+/-0.10 dlogz:215.915>0.01]18115it [14:15:31, 23.50s/it, bound:4033 nc:2855 ncall:2.1e+07 eff:0.1% logz-ratio=1122044.97+/-0.14 dlogz:215.778>0.01]18117it [14:15:31, 16.60s/it, bound:4033 nc:  1 ncall:2.1e+07 eff:0.1% logz-ratio=1122111.59+/-0.28 dlogz:147.813>0.01] 18118it [14:15:43, 16.60s/it, bound:4034 nc:2606 ncall:2.1e+07 eff:0.1% logz-ratio=1122045.44+/-0.12 dlogz:215.350>0.01]18119it [14:16:48, 23.11s/it, bound:4034 nc:2202 ncall:2.1e+07 eff:0.1% logz-ratio=1122045.65+/-0.16 dlogz:215.160>0.01]18123it [14:18:06, 21.45s/it, bound:4035 nc:2331 ncall:2.1e+07 eff:0.1% logz-ratio=1122046.42+/-0.16 dlogz:214.383>0.01]18125it [14:18:06, 16.17s/it, bound:4035 nc:  1 ncall:2.1e+07 eff:0.1% logz-ratio=1122085.34+/-0.28 dlogz:174.644>0.01] 18126it [14:18:23, 16.17s/it, bound:4036 nc:1646 ncall:2.1e+07 eff:0.1% logz-ratio=1122047.04+/-0.12 dlogz:213.725>0.01]18127it [14:19:27, 22.50s/it, bound:4036 nc:1798 ncall:2.1e+07 eff:0.1% logz-ratio=1122047.21+/-0.15 dlogz:213.538>0.01]18129it [14:19:45, 18.78s/it, bound:4036 nc:3033 ncall:2.1e+07 eff:0.1% logz-ratio=1122047.52+/-0.11 dlogz:213.210>0.01]18131it [14:21:09, 25.33s/it, bound:4037 nc:2903 ncall:2.1e+07 eff:0.1% logz-ratio=1122047.78+/-0.10 dlogz:212.913>0.01]18134it [14:21:09, 15.86s/it, bound:4038 nc:  1 ncall:2.1e+07 eff:0.1% logz-ratio=1122112.63+/-0.28 dlogz:146.725>0.01] 18134it [14:21:23, 15.86s/it, bound:4038 nc:  1 ncall:2.1e+07 eff:0.1% logz-ratio=1122253.66+/-0.64 dlogz:1.099>0.01]  18135it [14:22:35, 26.41s/it, bound:4038 nc:2803 ncall:2.1e+07 eff:0.1% logz-ratio=1122048.40+/-0.11 dlogz:212.327>0.01]18138it [14:22:35, 16.04s/it, bound:4039 nc:  1 ncall:2.1e+07 eff:0.1% logz-ratio=1122111.99+/-0.28 dlogz:147.406>0.01] 18138it [14:22:53, 16.04s/it, bound:4039 nc:  1 ncall:2.1e+07 eff:0.1% logz-ratio=1122253.65+/-0.67 dlogz:1.099>0.01]  18139it [14:23:55, 26.17s/it, bound:4039 nc:2872 ncall:2.1e+07 eff:0.1% logz-ratio=1122048.97+/-0.10 dlogz:211.728>0.01]18142it [14:23:55, 15.63s/it, bound:4040 nc:  1 ncall:2.1e+07 eff:0.1% logz-ratio=1122108.30+/-0.29 dlogz:151.217>0.01] 18142it [14:24:13, 15.63s/it, bound:4040 nc:  1 ncall:2.1e+07 eff:0.1% logz-ratio=1122253.64+/-0.67 dlogz:1.099>0.01]  18143it [14:25:06, 24.57s/it, bound:4040 nc:2450 ncall:2.1e+07 eff:0.1% logz-ratio=1122049.45+/-0.09 dlogz:211.218>0.01]18146it [14:25:07, 14.55s/it, bound:4041 nc:  1 ncall:2.1e+07 eff:0.1% logz-ratio=1122110.91+/-0.28 dlogz:148.538>0.01] 18146it [14:25:23, 14.55s/it, bound:4041 nc:  1 ncall:2.1e+07 eff:0.1% logz-ratio=1122253.63+/-0.67 dlogz:1.099>0.01]  18147it [14:26:22, 24.40s/it, bound:4041 nc:2381 ncall:2.1e+07 eff:0.1% logz-ratio=1122049.89+/-0.09 dlogz:210.767>0.01]18150it [14:26:22, 14.38s/it, bound:4042 nc:  1 ncall:2.1e+07 eff:0.1% logz-ratio=1122107.89+/-0.29 dlogz:151.638>0.01] 18150it [14:26:33, 14.38s/it, bound:4042 nc:  1 ncall:2.1e+07 eff:0.1% logz-ratio=1122253.62+/-0.67 dlogz:1.099>0.01]  18151it [14:27:41, 24.99s/it, bound:4042 nc:2729 ncall:2.1e+07 eff:0.1% logz-ratio=1122050.35+/-0.10 dlogz:210.305>0.01]18154it [14:27:41, 14.70s/it, bound:4043 nc:  1 ncall:2.1e+07 eff:0.1% logz-ratio=1122085.44+/-0.28 dlogz:174.542>0.01] 18154it [14:27:53, 14.70s/it, bound:4043 nc:  1 ncall:2.1e+07 eff:0.1% logz-ratio=1122253.62+/-0.67 dlogz:1.099>0.01]  18155it [14:28:57, 24.81s/it, bound:4043 nc:2656 ncall:2.1e+07 eff:0.1% logz-ratio=1122050.87+/-0.09 dlogz:209.768>0.01]18158it [14:28:57, 14.58s/it, bound:4044 nc:  1 ncall:2.1e+07 eff:0.1% logz-ratio=1122109.65+/-0.29 dlogz:149.823>0.01] 18158it [14:29:13, 14.58s/it, bound:4044 nc:  1 ncall:2.1e+07 eff:0.1% logz-ratio=1122253.61+/-0.67 dlogz:1.099>0.01]  18159it [14:30:20, 25.70s/it, bound:4044 nc:2889 ncall:2.1e+07 eff:0.1% logz-ratio=1122051.26+/-0.08 dlogz:209.343>0.01]18161it [14:30:38, 20.39s/it, bound:4044 nc:2363 ncall:2.1e+07 eff:0.1% logz-ratio=1122051.42+/-0.08 dlogz:209.167>0.01]18163it [14:31:47, 24.90s/it, bound:4045 nc:2465 ncall:2.1e+07 eff:0.1% logz-ratio=1122051.57+/-0.07 dlogz:209.012>0.01]18166it [14:31:47, 14.91s/it, bound:4046 nc:  1 ncall:2.1e+07 eff:0.1% logz-ratio=1122086.91+/-0.28 dlogz:173.040>0.01] 18166it [14:32:03, 14.91s/it, bound:4046 nc:  1 ncall:2.1e+07 eff:0.1% logz-ratio=1122253.59+/-0.67 dlogz:1.099>0.01]  18167it [14:33:13, 26.19s/it, bound:4046 nc:2230 ncall:2.1e+07 eff:0.1% logz-ratio=1122051.92+/-0.09 dlogz:208.687>0.01]18170it [14:33:13, 15.53s/it, bound:4047 nc:  1 ncall:2.1e+07 eff:0.1% logz-ratio=1122106.78+/-0.29 dlogz:152.750>0.01] 18170it [14:33:23, 15.53s/it, bound:4047 nc:  1 ncall:2.1e+07 eff:0.1% logz-ratio=1122253.58+/-0.67 dlogz:1.099>0.01]  18171it [14:34:38, 26.84s/it, bound:4047 nc:2896 ncall:2.1e+07 eff:0.1% logz-ratio=1122052.33+/-0.09 dlogz:208.266>0.01]18174it [14:34:38, 15.83s/it, bound:4048 nc:  1 ncall:2.1e+07 eff:0.1% logz-ratio=1122113.52+/-0.29 dlogz:145.813>0.01] 18174it [14:34:53, 15.83s/it, bound:4048 nc:  1 ncall:2.1e+07 eff:0.1% logz-ratio=1122253.58+/-0.67 dlogz:1.099>0.01]  18175it [14:35:52, 25.31s/it, bound:4048 nc:2413 ncall:2.1e+07 eff:0.1% logz-ratio=1122052.77+/-0.09 dlogz:207.835>0.01]18178it [14:35:52, 14.89s/it, bound:4049 nc:  1 ncall:2.1e+07 eff:0.1% logz-ratio=1122097.07+/-0.28 dlogz:198.179>0.01] 18178it [14:36:03, 14.89s/it, bound:4049 nc:  1 ncall:2.1e+07 eff:0.1% logz-ratio=1122289.05+/-0.59 dlogz:1.099>0.01]  18179it [14:37:13, 25.72s/it, bound:4049 nc:2684 ncall:2.1e+07 eff:0.1% logz-ratio=1122053.18+/-0.09 dlogz:242.884>0.01]18182it [14:37:13, 15.12s/it, bound:4050 nc:  1 ncall:2.1e+07 eff:0.1% logz-ratio=1122066.52+/-0.28 dlogz:229.248>0.01] 18182it [14:37:23, 15.12s/it, bound:4050 nc:  1 ncall:2.1e+07 eff:0.1% logz-ratio=1122289.04+/-0.60 dlogz:1.099>0.01]  18183it [14:38:34, 26.02s/it, bound:4050 nc:2747 ncall:2.1e+07 eff:0.1% logz-ratio=1122053.64+/-0.09 dlogz:242.439>0.01]18186it [14:38:34, 15.28s/it, bound:4051 nc:  1 ncall:2.1e+07 eff:0.1% logz-ratio=1122090.29+/-0.28 dlogz:205.069>0.01] 18186it [14:38:53, 15.28s/it, bound:4051 nc:  1 ncall:2.1e+07 eff:0.1% logz-ratio=1122289.04+/-0.60 dlogz:1.099>0.01]  18187it [14:39:53, 25.75s/it, bound:4051 nc:2274 ncall:2.1e+07 eff:0.1% logz-ratio=1122054.05+/-0.09 dlogz:241.999>0.01]18191it [14:41:06, 22.07s/it, bound:4052 nc:1949 ncall:2.1e+07 eff:0.1% logz-ratio=1122054.52+/-0.10 dlogz:241.545>0.01]18193it [14:41:31, 19.58s/it, bound:4052 nc:2521 ncall:2.1e+07 eff:0.1% logz-ratio=1122054.82+/-0.10 dlogz:241.263>0.01]18195it [14:42:56, 25.81s/it, bound:4053 nc:2080 ncall:2.1e+07 eff:0.1% logz-ratio=1122055.10+/-0.10 dlogz:240.965>0.01]18198it [14:42:56, 16.40s/it, bound:4054 nc:  1 ncall:2.1e+07 eff:0.1% logz-ratio=1122114.29+/-0.29 dlogz:180.509>0.01] 18198it [14:43:13, 16.40s/it, bound:4054 nc:  1 ncall:2.1e+07 eff:0.1% logz-ratio=1122289.01+/-0.60 dlogz:1.099>0.01]  18199it [14:44:21, 26.55s/it, bound:4054 nc:2945 ncall:2.1e+07 eff:0.1% logz-ratio=1122055.72+/-0.11 dlogz:240.354>0.01]18202it [14:44:21, 16.25s/it, bound:4055 nc:  1 ncall:2.1e+07 eff:0.1% logz-ratio=1122117.21+/-0.29 dlogz:177.536>0.01] 18202it [14:44:33, 16.25s/it, bound:4055 nc:  1 ncall:2.1e+07 eff:0.1% logz-ratio=1122289.00+/-0.60 dlogz:1.099>0.01]  18203it [14:45:47, 27.09s/it, bound:4055 nc:3000 ncall:2.1e+07 eff:0.1% logz-ratio=1122056.24+/-0.09 dlogz:239.787>0.01]18206it [14:45:47, 16.25s/it, bound:4056 nc:  1 ncall:2.1e+07 eff:0.1% logz-ratio=1122090.83+/-0.28 dlogz:204.535>0.01] 18206it [14:46:03, 16.25s/it, bound:4056 nc:  1 ncall:2.1e+07 eff:0.1% logz-ratio=1122289.00+/-0.60 dlogz:1.099>0.01]  18207it [14:47:14, 27.61s/it, bound:4056 nc:2987 ncall:2.1e+07 eff:0.1% logz-ratio=1122056.68+/-0.09 dlogz:239.341>0.01]18211it [14:48:44, 25.10s/it, bound:4057 nc:1981 ncall:2.1e+07 eff:0.1% logz-ratio=1122057.29+/-0.12 dlogz:238.809>0.01]18214it [14:48:44, 16.61s/it, bound:4058 nc:  1 ncall:2.1e+07 eff:0.1% logz-ratio=1122088.51+/-0.28 dlogz:206.893>0.01] 18214it [14:49:03, 16.61s/it, bound:4058 nc:  1 ncall:2.1e+07 eff:0.1% logz-ratio=1122288.98+/-0.60 dlogz:1.099>0.01]  18215it [14:50:13, 26.69s/it, bound:4058 nc:2624 ncall:2.1e+07 eff:0.1% logz-ratio=1122058.04+/-0.11 dlogz:238.005>0.01]18219it [14:51:35, 23.98s/it, bound:4059 nc:1853 ncall:2.1e+07 eff:0.1% logz-ratio=1122058.78+/-0.12 dlogz:237.297>0.01]18221it [14:51:56, 20.67s/it, bound:4059 nc:2742 ncall:2.1e+07 eff:0.1% logz-ratio=1122059.10+/-0.11 dlogz:236.931>0.01]18223it [14:53:12, 25.15s/it, bound:4060 nc:2682 ncall:2.1e+07 eff:0.1% logz-ratio=1122059.47+/-0.12 dlogz:236.589>0.01]18227it [14:54:28, 22.57s/it, bound:4061 nc:2611 ncall:2.1e+07 eff:0.1% logz-ratio=1122060.17+/-0.11 dlogz:235.864>0.01]18231it [14:55:52, 21.98s/it, bound:4062 nc:2825 ncall:2.1e+07 eff:0.1% logz-ratio=1122060.70+/-0.10 dlogz:235.283>0.01]18234it [14:55:52, 15.67s/it, bound:4063 nc:  1 ncall:2.1e+07 eff:0.1% logz-ratio=1122109.84+/-0.28 dlogz:185.126>0.01] 18234it [14:56:03, 15.67s/it, bound:4063 nc:  1 ncall:2.1e+07 eff:0.1% logz-ratio=1122288.94+/-0.67 dlogz:1.099>0.01]  18235it [14:57:08, 22.93s/it, bound:4063 nc:2682 ncall:2.1e+07 eff:0.1% logz-ratio=1122061.19+/-0.09 dlogz:234.779>0.01]18238it [14:57:08, 15.14s/it, bound:4064 nc:  1 ncall:2.1e+07 eff:0.1% logz-ratio=1122118.18+/-0.29 dlogz:176.566>0.01] 18238it [14:57:23, 15.14s/it, bound:4064 nc:  1 ncall:2.1e+07 eff:0.1% logz-ratio=1122288.93+/-0.67 dlogz:1.099>0.01]  18239it [14:58:38, 25.54s/it, bound:4064 nc:2341 ncall:2.1e+07 eff:0.1% logz-ratio=1122061.62+/-0.09 dlogz:234.337>0.01]18242it [14:58:38, 16.00s/it, bound:4065 nc:  1 ncall:2.1e+07 eff:0.1% logz-ratio=1122096.50+/-0.28 dlogz:198.771>0.01] 18242it [14:58:53, 16.00s/it, bound:4065 nc:  1 ncall:2.1e+07 eff:0.1% logz-ratio=1122288.92+/-0.67 dlogz:1.099>0.01]  18243it [15:00:03, 26.34s/it, bound:4065 nc:2883 ncall:2.1e+07 eff:0.1% logz-ratio=1122062.15+/-0.10 dlogz:233.825>0.01]18246it [15:00:03, 16.00s/it, bound:4066 nc:  1 ncall:2.1e+07 eff:0.1% logz-ratio=1122118.59+/-0.29 dlogz:176.152>0.01] 18246it [15:00:13, 16.00s/it, bound:4066 nc:  1 ncall:2.1e+07 eff:0.1% logz-ratio=1122288.92+/-0.67 dlogz:1.099>0.01]  18247it [15:01:24, 26.28s/it, bound:4066 nc:2898 ncall:2.1e+07 eff:0.1% logz-ratio=1122062.76+/-0.11 dlogz:233.233>0.01]18250it [15:01:24, 15.69s/it, bound:4067 nc:  1 ncall:2.1e+07 eff:0.1% logz-ratio=1122119.69+/-0.29 dlogz:175.035>0.01] 18250it [15:01:43, 15.69s/it, bound:4067 nc:  1 ncall:2.1e+07 eff:0.1% logz-ratio=1122288.91+/-0.67 dlogz:1.099>0.01]  18251it [15:02:53, 27.53s/it, bound:4067 nc:1958 ncall:2.1e+07 eff:0.1% logz-ratio=1122063.43+/-0.11 dlogz:232.559>0.01]18253it [15:03:19, 22.86s/it, bound:4067 nc:2330 ncall:2.1e+07 eff:0.1% logz-ratio=1122063.75+/-0.11 dlogz:232.231>0.01]18255it [15:04:32, 27.17s/it, bound:4068 nc:2368 ncall:2.1e+07 eff:0.1% logz-ratio=1122064.11+/-0.12 dlogz:231.885>0.01]18259it [15:05:53, 23.84s/it, bound:4069 nc:2851 ncall:2.1e+07 eff:0.1% logz-ratio=1122064.73+/-0.10 dlogz:231.209>0.01]18262it [15:05:53, 15.87s/it, bound:4070 nc:  1 ncall:2.1e+07 eff:0.1% logz-ratio=1122199.85+/-0.33 dlogz:92.362>0.01]  18262it [15:06:03, 15.87s/it, bound:4070 nc:  1 ncall:2.1e+07 eff:0.1% logz-ratio=1122288.88+/-0.67 dlogz:1.099>0.01] 18263it [15:07:20, 25.64s/it, bound:4070 nc:2881 ncall:2.1e+07 eff:0.1% logz-ratio=1122065.37+/-0.11 dlogz:230.572>0.01]18267it [15:08:46, 23.87s/it, bound:4071 nc:2413 ncall:2.1e+07 eff:0.1% logz-ratio=1122065.96+/-0.10 dlogz:229.957>0.01]18271it [15:10:05, 22.28s/it, bound:4072 nc:2273 ncall:2.1e+07 eff:0.1% logz-ratio=1122066.59+/-0.10 dlogz:229.323>0.01]18274it [15:10:05, 15.77s/it, bound:4073 nc:  1 ncall:2.1e+07 eff:0.1% logz-ratio=1122121.22+/-0.29 dlogz:173.453>0.01] 18274it [15:10:23, 15.77s/it, bound:4073 nc:  1 ncall:2.1e+07 eff:0.1% logz-ratio=1122288.86+/-0.67 dlogz:1.099>0.01]  18275it [15:11:32, 24.43s/it, bound:4073 nc:2693 ncall:2.1e+07 eff:0.1% logz-ratio=1122067.10+/-0.09 dlogz:228.789>0.01]18278it [15:11:32, 16.04s/it, bound:4074 nc:  1 ncall:2.1e+07 eff:0.1% logz-ratio=1122121.35+/-0.28 dlogz:173.315>0.01] 18278it [15:11:43, 16.04s/it, bound:4074 nc:  1 ncall:2.1e+07 eff:0.1% logz-ratio=1122288.85+/-0.67 dlogz:1.099>0.01]  18279it [15:13:02, 26.53s/it, bound:4074 nc:2342 ncall:2.1e+07 eff:0.1% logz-ratio=1122067.58+/-0.09 dlogz:228.302>0.01]18282it [15:13:02, 16.56s/it, bound:4075 nc:  1 ncall:2.1e+07 eff:0.1% logz-ratio=1122099.70+/-0.28 dlogz:195.487>0.01] 18282it [15:13:13, 16.56s/it, bound:4075 nc:  1 ncall:2.1e+07 eff:0.1% logz-ratio=1122288.84+/-0.67 dlogz:1.099>0.01]  18283it [15:14:22, 26.17s/it, bound:4075 nc:2583 ncall:2.1e+07 eff:0.1% logz-ratio=1122068.12+/-0.10 dlogz:227.775>0.01]18285it [15:14:41, 21.12s/it, bound:4075 nc:2881 ncall:2.1e+07 eff:0.1% logz-ratio=1122068.39+/-0.10 dlogz:227.486>0.01]18287it [15:15:57, 26.24s/it, bound:4076 nc:2850 ncall:2.1e+07 eff:0.1% logz-ratio=1122068.62+/-0.09 dlogz:227.237>0.01]18291it [15:17:29, 24.68s/it, bound:4077 nc:2410 ncall:2.1e+07 eff:0.1% logz-ratio=1122069.08+/-0.15 dlogz:226.777>0.01]18293it [15:17:29, 18.56s/it, bound:4077 nc:  1 ncall:2.1e+07 eff:0.1% logz-ratio=1122110.66+/-0.28 dlogz:184.286>0.01] 18294it [15:17:43, 18.56s/it, bound:4078 nc:3168 ncall:2.1e+07 eff:0.1% logz-ratio=1122069.41+/-0.09 dlogz:226.428>0.01]18295it [15:18:50, 24.29s/it, bound:4078 nc:2180 ncall:2.1e+07 eff:0.1% logz-ratio=1122069.54+/-0.13 dlogz:226.315>0.01]18297it [15:18:50, 17.69s/it, bound:4078 nc:  1 ncall:2.1e+07 eff:0.1% logz-ratio=1122122.81+/-0.28 dlogz:171.794>0.01] 18298it [15:19:03, 17.69s/it, bound:4079 nc:2800 ncall:2.2e+07 eff:0.1% logz-ratio=1122070.15+/-0.13 dlogz:225.795>0.01]18299it [15:20:13, 24.36s/it, bound:4079 nc:2874 ncall:2.2e+07 eff:0.1% logz-ratio=1122070.34+/-0.17 dlogz:225.574>0.01]18301it [15:20:13, 17.41s/it, bound:4079 nc:  1 ncall:2.2e+07 eff:0.1% logz-ratio=1122110.80+/-0.28 dlogz:184.133>0.01] 18302it [15:20:33, 17.41s/it, bound:4080 nc:2151 ncall:2.2e+07 eff:0.1% logz-ratio=1122070.87+/-0.11 dlogz:225.016>0.01]18303it [15:21:34, 24.04s/it, bound:4080 nc:2658 ncall:2.2e+07 eff:0.1% logz-ratio=1122071.04+/-0.15 dlogz:224.841>0.01]18307it [15:23:05, 23.55s/it, bound:4081 nc:2574 ncall:2.2e+07 eff:0.1% logz-ratio=1122071.63+/-0.14 dlogz:224.201>0.01]18309it [15:23:06, 17.80s/it, bound:4081 nc:  1 ncall:2.2e+07 eff:0.1% logz-ratio=1122124.51+/-0.29 dlogz:170.046>0.01] 18310it [15:23:23, 17.80s/it, bound:4082 nc:3227 ncall:2.2e+07 eff:0.1% logz-ratio=1122072.02+/-0.10 dlogz:223.811>0.01]18311it [15:24:30, 24.06s/it, bound:4082 nc:2770 ncall:2.2e+07 eff:0.1% logz-ratio=1122072.15+/-0.13 dlogz:223.675>0.01]18313it [15:24:30, 17.58s/it, bound:4082 nc:  1 ncall:2.2e+07 eff:0.1% logz-ratio=1122108.75+/-0.29 dlogz:186.246>0.01] 18314it [15:24:43, 17.58s/it, bound:4083 nc:1990 ncall:2.2e+07 eff:0.1% logz-ratio=1122072.65+/-0.11 dlogz:223.223>0.01]18315it [15:25:43, 22.94s/it, bound:4083 nc:2550 ncall:2.2e+07 eff:0.1% logz-ratio=1122072.82+/-0.15 dlogz:223.041>0.01]18316it [15:25:56, 21.19s/it, bound:4083 nc:2382 ncall:2.2e+07 eff:0.1% logz-ratio=1122072.97+/-0.11 dlogz:222.871>0.01]18319it [15:27:20, 24.02s/it, bound:4084 nc:3013 ncall:2.2e+07 eff:0.1% logz-ratio=1122073.39+/-0.14 dlogz:222.418>0.01]18323it [15:28:47, 23.05s/it, bound:4085 nc:2900 ncall:2.2e+07 eff:0.1% logz-ratio=1122073.82+/-0.12 dlogz:221.947>0.01]18325it [15:28:47, 17.54s/it, bound:4085 nc:  1 ncall:2.2e+07 eff:0.1% logz-ratio=1122123.95+/-0.29 dlogz:170.624>0.01] 18326it [15:29:03, 17.54s/it, bound:4086 nc:3082 ncall:2.2e+07 eff:0.1% logz-ratio=1122074.15+/-0.09 dlogz:221.635>0.01]18327it [15:30:02, 22.55s/it, bound:4086 nc:2716 ncall:2.2e+07 eff:0.1% logz-ratio=1122074.25+/-0.12 dlogz:221.519>0.01]18329it [15:30:02, 16.54s/it, bound:4086 nc:  1 ncall:2.2e+07 eff:0.1% logz-ratio=1122145.18+/-0.29 dlogz:148.770>0.01] 18330it [15:30:13, 16.54s/it, bound:4087 nc:2047 ncall:2.2e+07 eff:0.1% logz-ratio=1122074.53+/-0.08 dlogz:221.224>0.01]18331it [15:31:29, 24.08s/it, bound:4087 nc:2781 ncall:2.2e+07 eff:0.1% logz-ratio=1122074.63+/-0.12 dlogz:221.131>0.01]18333it [15:31:29, 17.28s/it, bound:4087 nc:  1 ncall:2.2e+07 eff:0.1% logz-ratio=1122102.00+/-0.28 dlogz:193.131>0.01] 18334it [15:31:43, 17.28s/it, bound:4088 nc:3037 ncall:2.2e+07 eff:0.1% logz-ratio=1122074.96+/-0.10 dlogz:220.812>0.01]18335it [15:32:45, 23.14s/it, bound:4088 nc:2455 ncall:2.2e+07 eff:0.1% logz-ratio=1122075.10+/-0.13 dlogz:220.686>0.01]18337it [15:32:45, 16.41s/it, bound:4088 nc:  1 ncall:2.2e+07 eff:0.1% logz-ratio=1122104.72+/-0.29 dlogz:190.364>0.01] 18338it [15:33:03, 16.41s/it, bound:4089 nc:2560 ncall:2.2e+07 eff:0.1% logz-ratio=1122075.44+/-0.09 dlogz:220.313>0.01]18339it [15:34:14, 24.63s/it, bound:4089 nc:2450 ncall:2.2e+07 eff:0.1% logz-ratio=1122075.54+/-0.12 dlogz:220.203>0.01]18343it [15:35:34, 22.55s/it, bound:4090 nc:2325 ncall:2.2e+07 eff:0.1% logz-ratio=1122075.88+/-0.11 dlogz:219.833>0.01]18345it [15:35:34, 17.02s/it, bound:4090 nc:  1 ncall:2.2e+07 eff:0.1% logz-ratio=1122128.29+/-0.29 dlogz:166.199>0.01] 18346it [15:35:53, 17.02s/it, bound:4091 nc:2467 ncall:2.2e+07 eff:0.1% logz-ratio=1122076.18+/-0.09 dlogz:219.557>0.01]18347it [15:36:52, 22.79s/it, bound:4091 nc:2601 ncall:2.2e+07 eff:0.1% logz-ratio=1122076.33+/-0.13 dlogz:219.441>0.01]18348it [15:37:13, 22.45s/it, bound:4091 nc:2652 ncall:2.2e+07 eff:0.1% logz-ratio=1122076.48+/-0.11 dlogz:219.297>0.01]18351it [15:38:31, 23.93s/it, bound:4092 nc:2338 ncall:2.2e+07 eff:0.1% logz-ratio=1122076.85+/-0.13 dlogz:218.878>0.01]18353it [15:38:31, 17.32s/it, bound:4092 nc:  1 ncall:2.2e+07 eff:0.1% logz-ratio=1122148.44+/-0.29 dlogz:145.405>0.01] 18354it [15:38:43, 17.32s/it, bound:4093 nc:2468 ncall:2.2e+07 eff:0.1% logz-ratio=1122077.19+/-0.10 dlogz:218.552>0.01]18355it [15:40:00, 25.02s/it, bound:4093 nc:3147 ncall:2.2e+07 eff:0.1% logz-ratio=1122077.37+/-0.15 dlogz:218.421>0.01]18357it [15:40:01, 17.83s/it, bound:4093 nc:  1 ncall:2.2e+07 eff:0.1% logz-ratio=1122132.66+/-0.29 dlogz:161.708>0.01] 18358it [15:40:13, 17.83s/it, bound:4094 nc:2688 ncall:2.2e+07 eff:0.1% logz-ratio=1122078.13+/-0.14 dlogz:217.758>0.01]18359it [15:41:21, 24.36s/it, bound:4094 nc:2809 ncall:2.2e+07 eff:0.1% logz-ratio=1122078.35+/-0.18 dlogz:217.475>0.01]18361it [15:41:21, 17.21s/it, bound:4094 nc:  1 ncall:2.2e+07 eff:0.1% logz-ratio=1122133.30+/-0.29 dlogz:161.035>0.01] 18362it [15:41:33, 17.21s/it, bound:4095 nc:2444 ncall:2.2e+07 eff:0.1% logz-ratio=1122078.89+/-0.11 dlogz:216.867>0.01]18363it [15:42:42, 24.10s/it, bound:4095 nc:2277 ncall:2.2e+07 eff:0.1% logz-ratio=1122079.05+/-0.15 dlogz:216.700>0.01]18367it [15:44:18, 23.99s/it, bound:4096 nc:3194 ncall:2.2e+07 eff:0.1% logz-ratio=1122079.56+/-0.13 dlogz:216.138>0.01]18369it [15:44:18, 18.09s/it, bound:4096 nc:  1 ncall:2.2e+07 eff:0.1% logz-ratio=1122120.69+/-0.29 dlogz:174.006>0.01] 18370it [15:44:33, 18.09s/it, bound:4097 nc:2180 ncall:2.2e+07 eff:0.1% logz-ratio=1122079.86+/-0.09 dlogz:215.818>0.01]18371it [15:45:42, 24.38s/it, bound:4097 nc:2792 ncall:2.2e+07 eff:0.1% logz-ratio=1122079.97+/-0.12 dlogz:215.717>0.01]18373it [15:45:42, 17.78s/it, bound:4097 nc:  1 ncall:2.2e+07 eff:0.1% logz-ratio=1122133.29+/-0.29 dlogz:161.045>0.01] 18374it [15:45:53, 17.78s/it, bound:4098 nc:2708 ncall:2.2e+07 eff:0.1% logz-ratio=1122080.29+/-0.09 dlogz:215.382>0.01]18375it [15:46:59, 23.60s/it, bound:4098 nc:2173 ncall:2.2e+07 eff:0.1% logz-ratio=1122080.39+/-0.12 dlogz:215.279>0.01]18376it [15:47:25, 23.92s/it, bound:4098 nc:2272 ncall:2.2e+07 eff:0.1% logz-ratio=1122080.49+/-0.09 dlogz:215.177>0.01]18379it [15:48:43, 24.83s/it, bound:4099 nc:2370 ncall:2.2e+07 eff:0.1% logz-ratio=1122080.74+/-0.11 dlogz:214.901>0.01]18383it [15:50:03, 22.62s/it, bound:4100 nc:2507 ncall:2.2e+07 eff:0.1% logz-ratio=1122081.11+/-0.12 dlogz:214.540>0.01]18385it [15:50:03, 17.20s/it, bound:4100 nc:  1 ncall:2.2e+07 eff:0.1% logz-ratio=1122115.11+/-0.29 dlogz:179.713>0.01] 18386it [15:50:13, 17.20s/it, bound:4101 nc:2560 ncall:2.2e+07 eff:0.1% logz-ratio=1122081.42+/-0.09 dlogz:214.235>0.01]18387it [15:51:23, 23.06s/it, bound:4101 nc:2198 ncall:2.2e+07 eff:0.1% logz-ratio=1122081.53+/-0.12 dlogz:221.507>0.01]18391it [15:52:28, 20.14s/it, bound:4102 nc:2216 ncall:2.2e+07 eff:0.1% logz-ratio=1122082.05+/-0.13 dlogz:221.000>0.01]18395it [15:53:33, 18.73s/it, bound:4103 nc:2358 ncall:2.2e+07 eff:0.1% logz-ratio=1122082.52+/-0.13 dlogz:220.512>0.01]18397it [15:53:33, 14.78s/it, bound:4103 nc:  1 ncall:2.2e+07 eff:0.1% logz-ratio=1122134.35+/-0.29 dlogz:167.331>0.01] 18398it [15:53:53, 14.78s/it, bound:4104 nc:1825 ncall:2.2e+07 eff:0.1% logz-ratio=1122082.86+/-0.09 dlogz:220.155>0.01]18399it [15:54:53, 20.64s/it, bound:4104 nc:2822 ncall:2.2e+07 eff:0.1% logz-ratio=1122082.97+/-0.13 dlogz:220.041>0.01]18401it [15:54:53, 15.51s/it, bound:4104 nc:  1 ncall:2.2e+07 eff:0.1% logz-ratio=1122134.14+/-0.29 dlogz:167.547>0.01] 18402it [15:55:13, 15.51s/it, bound:4105 nc:2389 ncall:2.2e+07 eff:0.1% logz-ratio=1122083.30+/-0.09 dlogz:219.709>0.01]18403it [15:56:14, 22.07s/it, bound:4105 nc:2766 ncall:2.2e+07 eff:0.1% logz-ratio=1122083.42+/-0.13 dlogz:219.594>0.01]18407it [15:57:29, 20.59s/it, bound:4106 nc:2156 ncall:2.2e+07 eff:0.1% logz-ratio=1122083.85+/-0.12 dlogz:219.143>0.01]18408it [15:57:46, 20.18s/it, bound:4106 nc:2586 ncall:2.2e+07 eff:0.1% logz-ratio=1122083.96+/-0.09 dlogz:219.033>0.01]18411it [15:59:09, 22.89s/it, bound:4107 nc:2154 ncall:2.2e+07 eff:0.1% logz-ratio=1122084.29+/-0.13 dlogz:218.693>0.01]18413it [15:59:09, 17.03s/it, bound:4107 nc:  1 ncall:2.2e+07 eff:0.1% logz-ratio=1122125.76+/-0.29 dlogz:176.151>0.01] 18414it [15:59:23, 17.03s/it, bound:4108 nc:2860 ncall:2.2e+07 eff:0.1% logz-ratio=1122084.58+/-0.08 dlogz:218.383>0.01]18415it [16:00:27, 22.92s/it, bound:4108 nc:2267 ncall:2.2e+07 eff:0.1% logz-ratio=1122084.67+/-0.12 dlogz:218.288>0.01]18419it [16:01:39, 20.70s/it, bound:4109 nc:2326 ncall:2.2e+07 eff:0.1% logz-ratio=1122085.04+/-0.12 dlogz:217.912>0.01]18423it [16:02:53, 19.91s/it, bound:4110 nc:2569 ncall:2.2e+07 eff:0.1% logz-ratio=1122085.40+/-0.11 dlogz:217.541>0.01]18427it [16:04:00, 18.74s/it, bound:4111 nc:1805 ncall:2.2e+07 eff:0.1% logz-ratio=1122085.70+/-0.10 dlogz:217.216>0.01]18431it [16:05:23, 19.43s/it, bound:4112 nc:2823 ncall:2.2e+07 eff:0.1% logz-ratio=1122086.01+/-0.08 dlogz:216.910>0.01]18435it [16:06:45, 19.83s/it, bound:4113 nc:2588 ncall:2.2e+07 eff:0.1% logz-ratio=1122086.31+/-0.08 dlogz:216.604>0.01]18439it [16:08:06, 19.90s/it, bound:4114 nc:2047 ncall:2.2e+07 eff:0.1% logz-ratio=1122086.63+/-0.08 dlogz:216.276>0.01]18441it [16:08:27, 18.23s/it, bound:4114 nc:2330 ncall:2.2e+07 eff:0.1% logz-ratio=1122086.79+/-0.08 dlogz:216.106>0.01]18443it [16:09:48, 22.86s/it, bound:4115 nc:1345 ncall:2.2e+07 eff:0.1% logz-ratio=1122086.97+/-0.08 dlogz:215.935>0.01]18447it [16:10:58, 20.87s/it, bound:4116 nc:2291 ncall:2.2e+07 eff:0.1% logz-ratio=1122087.34+/-0.12 dlogz:215.564>0.01]18451it [16:12:24, 21.03s/it, bound:4117 nc:1858 ncall:2.2e+07 eff:0.1% logz-ratio=1122087.72+/-0.12 dlogz:215.174>0.01]18453it [16:12:24, 16.85s/it, bound:4117 nc:  1 ncall:2.2e+07 eff:0.1% logz-ratio=1122126.98+/-0.29 dlogz:174.926>0.01] 18454it [16:12:43, 16.85s/it, bound:4118 nc:2487 ncall:2.2e+07 eff:0.1% logz-ratio=1122088.06+/-0.09 dlogz:214.850>0.01]18455it [16:13:31, 20.58s/it, bound:4118 nc:2377 ncall:2.2e+07 eff:0.1% logz-ratio=1122088.17+/-0.13 dlogz:214.736>0.01]18458it [16:13:31, 13.97s/it, bound:4119 nc:1973 ncall:2.2e+07 eff:0.1% logz-ratio=1122088.57+/-0.10 dlogz:214.348>0.01]18458it [16:13:43, 13.97s/it, bound:4119 nc:1973 ncall:2.2e+07 eff:0.1% logz-ratio=1122088.57+/-0.10 dlogz:214.348>0.01]18459it [16:14:46, 22.01s/it, bound:4119 nc:2430 ncall:2.2e+07 eff:0.1% logz-ratio=1122088.72+/-0.14 dlogz:214.217>0.01]18463it [16:16:09, 21.45s/it, bound:4120 nc:2522 ncall:2.2e+07 eff:0.1% logz-ratio=1122089.34+/-0.14 dlogz:213.579>0.01]18467it [16:17:24, 20.42s/it, bound:4121 nc:2020 ncall:2.2e+07 eff:0.1% logz-ratio=1122089.93+/-0.14 dlogz:212.964>0.01]18470it [16:17:24, 14.51s/it, bound:4122 nc:2005 ncall:2.2e+07 eff:0.1% logz-ratio=1122090.25+/-0.09 dlogz:212.610>0.01]18470it [16:17:43, 14.51s/it, bound:4122 nc:2005 ncall:2.2e+07 eff:0.1% logz-ratio=1122090.25+/-0.09 dlogz:212.610>0.01]18471it [16:18:26, 20.35s/it, bound:4122 nc:2054 ncall:2.2e+07 eff:0.1% logz-ratio=1122090.34+/-0.12 dlogz:212.509>0.01]18472it [16:18:47, 20.34s/it, bound:4122 nc:1919 ncall:2.2e+07 eff:0.1% logz-ratio=1122090.43+/-0.08 dlogz:212.412>0.01]18475it [16:20:10, 23.25s/it, bound:4123 nc:2769 ncall:2.2e+07 eff:0.1% logz-ratio=1122090.69+/-0.08 dlogz:212.146>0.01]18478it [16:20:10, 14.98s/it, bound:4124 nc:  1 ncall:2.2e+07 eff:0.1% logz-ratio=1122132.11+/-0.29 dlogz:169.671>0.01] 18478it [16:20:23, 14.98s/it, bound:4124 nc:  1 ncall:2.2e+07 eff:0.1% logz-ratio=1122295.83+/-0.61 dlogz:1.098>0.01]  18479it [16:21:42, 26.09s/it, bound:4124 nc:2371 ncall:2.2e+07 eff:0.1% logz-ratio=1122090.99+/-0.08 dlogz:211.825>0.01]18482it [16:21:42, 16.10s/it, bound:4125 nc:  1 ncall:2.2e+07 eff:0.1% logz-ratio=1122124.36+/-0.29 dlogz:177.613>0.01] 18482it [16:21:53, 16.10s/it, bound:4125 nc:  1 ncall:2.2e+07 eff:0.1% logz-ratio=1122295.83+/-0.61 dlogz:1.098>0.01]  18483it [16:23:09, 27.02s/it, bound:4125 nc:2678 ncall:2.2e+07 eff:0.1% logz-ratio=1122091.30+/-0.08 dlogz:211.512>0.01]18486it [16:23:09, 16.27s/it, bound:4126 nc:  1 ncall:2.2e+07 eff:0.1% logz-ratio=1122129.93+/-0.29 dlogz:171.901>0.01] 18486it [16:23:23, 16.27s/it, bound:4126 nc:  1 ncall:2.2e+07 eff:0.1% logz-ratio=1122295.82+/-0.61 dlogz:1.098>0.01]  18487it [16:24:30, 26.55s/it, bound:4126 nc:2459 ncall:2.2e+07 eff:0.1% logz-ratio=1122091.64+/-0.09 dlogz:211.187>0.01]18491it [16:26:06, 25.42s/it, bound:4127 nc:2882 ncall:2.2e+07 eff:0.1% logz-ratio=1122092.09+/-0.09 dlogz:210.741>0.01]18494it [16:26:06, 16.84s/it, bound:4128 nc:  1 ncall:2.2e+07 eff:0.1% logz-ratio=1122133.22+/-0.29 dlogz:168.529>0.01] 18494it [16:26:23, 16.84s/it, bound:4128 nc:  1 ncall:2.2e+07 eff:0.1% logz-ratio=1122295.80+/-0.61 dlogz:1.098>0.01]  18495it [16:27:33, 26.55s/it, bound:4128 nc:2551 ncall:2.2e+07 eff:0.1% logz-ratio=1122092.50+/-0.09 dlogz:210.315>0.01]18498it [16:27:33, 16.67s/it, bound:4129 nc:  1 ncall:2.2e+07 eff:0.1% logz-ratio=1122151.31+/-0.29 dlogz:149.860>0.01] 18498it [16:27:53, 16.67s/it, bound:4129 nc:  1 ncall:2.2e+07 eff:0.1% logz-ratio=1122295.79+/-0.61 dlogz:1.098>0.01]  18499it [16:29:14, 29.26s/it, bound:4129 nc:2077 ncall:2.2e+07 eff:0.1% logz-ratio=1122092.95+/-0.09 dlogz:209.859>0.01]18501it [16:29:32, 23.25s/it, bound:4129 nc:3371 ncall:2.2e+07 eff:0.1% logz-ratio=1122093.16+/-0.09 dlogz:209.648>0.01]18503it [16:30:52, 28.23s/it, bound:4130 nc:2696 ncall:2.2e+07 eff:0.1% logz-ratio=1122093.38+/-0.09 dlogz:209.423>0.01]18506it [16:30:52, 17.18s/it, bound:4131 nc:  1 ncall:2.2e+07 eff:0.1% logz-ratio=1122126.64+/-0.29 dlogz:175.286>0.01] 18506it [16:31:03, 17.18s/it, bound:4131 nc:  1 ncall:2.2e+07 eff:0.1% logz-ratio=1122295.78+/-0.62 dlogz:1.098>0.01]  18507it [16:32:20, 28.39s/it, bound:4131 nc:2323 ncall:2.2e+07 eff:0.1% logz-ratio=1122093.81+/-0.10 dlogz:209.002>0.01]18510it [16:32:20, 16.97s/it, bound:4132 nc:  1 ncall:2.2e+07 eff:0.1% logz-ratio=1122127.10+/-0.29 dlogz:174.822>0.01] 18510it [16:32:33, 16.97s/it, bound:4132 nc:  1 ncall:2.2e+07 eff:0.1% logz-ratio=1122295.77+/-0.62 dlogz:1.098>0.01]  18511it [16:33:44, 27.67s/it, bound:4132 nc:2484 ncall:2.2e+07 eff:0.1% logz-ratio=1122094.33+/-0.10 dlogz:208.467>0.01]18515it [16:35:10, 24.77s/it, bound:4133 nc:2501 ncall:2.2e+07 eff:0.1% logz-ratio=1122094.77+/-0.09 dlogz:208.002>0.01]18518it [16:35:10, 16.38s/it, bound:4134 nc:  1 ncall:2.2e+07 eff:0.1% logz-ratio=1122128.77+/-0.29 dlogz:173.110>0.01] 18518it [16:35:23, 16.38s/it, bound:4134 nc:  1 ncall:2.2e+07 eff:0.1% logz-ratio=1122295.75+/-0.62 dlogz:1.098>0.01]  18519it [16:36:39, 26.46s/it, bound:4134 nc:2952 ncall:2.2e+07 eff:0.1% logz-ratio=1122095.10+/-0.08 dlogz:207.640>0.01]18522it [16:36:39, 16.59s/it, bound:4135 nc:  1 ncall:2.2e+07 eff:0.1% logz-ratio=1122133.64+/-0.29 dlogz:168.096>0.01] 18522it [16:36:53, 16.59s/it, bound:4135 nc:  1 ncall:2.2e+07 eff:0.1% logz-ratio=1122295.75+/-0.66 dlogz:1.098>0.01]  18523it [16:38:02, 26.57s/it, bound:4135 nc:2392 ncall:2.2e+07 eff:0.1% logz-ratio=1122095.37+/-0.07 dlogz:207.349>0.01]18526it [16:38:02, 16.14s/it, bound:4136 nc:  1 ncall:2.2e+07 eff:0.1% logz-ratio=1122121.64+/-0.29 dlogz:180.422>0.01] 18526it [16:38:13, 16.14s/it, bound:4136 nc:  1 ncall:2.2e+07 eff:0.1% logz-ratio=1122295.74+/-0.66 dlogz:1.098>0.01]  18527it [16:39:16, 25.17s/it, bound:4136 nc:2014 ncall:2.2e+07 eff:0.1% logz-ratio=1122095.71+/-0.09 dlogz:207.034>0.01]18530it [16:40:47, 27.30s/it, bound:4137 nc:5241 ncall:2.2e+07 eff:0.1% logz-ratio=1122096.06+/-0.13 dlogz:206.701>0.01]18531it [16:41:07, 26.17s/it, bound:4137 nc:1514 ncall:2.2e+07 eff:0.1% logz-ratio=1122096.16+/-0.09 dlogz:206.584>0.01]18534it [16:42:30, 26.68s/it, bound:4138 nc:2144 ncall:2.2e+07 eff:0.1% logz-ratio=1122096.45+/-0.12 dlogz:206.270>0.01]18538it [16:43:42, 22.97s/it, bound:4139 nc:2169 ncall:2.2e+07 eff:0.1% logz-ratio=1122096.78+/-0.11 dlogz:205.926>0.01]18540it [16:43:42, 17.52s/it, bound:4139 nc:  1 ncall:2.2e+07 eff:0.1% logz-ratio=1122137.75+/-0.29 dlogz:163.844>0.01] 18541it [16:43:53, 17.52s/it, bound:4140 nc:2423 ncall:2.2e+07 eff:0.1% logz-ratio=1122097.01+/-0.08 dlogz:205.689>0.01]18542it [16:45:13, 24.52s/it, bound:4140 nc:2004 ncall:2.2e+07 eff:0.1% logz-ratio=1122097.10+/-0.11 dlogz:205.605>0.01]18544it [16:45:13, 18.00s/it, bound:4140 nc:  1 ncall:2.2e+07 eff:0.1% logz-ratio=1122120.69+/-0.29 dlogz:181.406>0.01] 18545it [16:45:23, 18.00s/it, bound:4141 nc:2527 ncall:2.2e+07 eff:0.1% logz-ratio=1122097.35+/-0.08 dlogz:205.344>0.01]18546it [16:46:38, 24.72s/it, bound:4141 nc:3092 ncall:2.2e+07 eff:0.1% logz-ratio=1122097.44+/-0.11 dlogz:205.257>0.01]18550it [16:47:56, 22.50s/it, bound:4142 nc:2200 ncall:2.2e+07 eff:0.1% logz-ratio=1122097.78+/-0.11 dlogz:204.901>0.01]18554it [16:49:21, 22.01s/it, bound:4143 nc:3157 ncall:2.2e+07 eff:0.1% logz-ratio=1122098.11+/-0.11 dlogz:204.568>0.01]18558it [16:50:44, 21.57s/it, bound:4144 nc:3055 ncall:2.2e+07 eff:0.1% logz-ratio=1122098.54+/-0.13 dlogz:204.157>0.01]18560it [16:50:44, 17.21s/it, bound:4144 nc:  1 ncall:2.2e+07 eff:0.1% logz-ratio=1122124.84+/-0.29 dlogz:177.134>0.01] 18561it [16:51:03, 17.21s/it, bound:4145 nc:2023 ncall:2.2e+07 eff:0.1% logz-ratio=1122098.83+/-0.08 dlogz:203.844>0.01]18562it [16:52:13, 23.25s/it, bound:4145 nc:3025 ncall:2.2e+07 eff:0.1% logz-ratio=1122098.93+/-0.12 dlogz:203.752>0.01]18563it [16:52:32, 22.73s/it, bound:4145 nc:3105 ncall:2.2e+07 eff:0.1% logz-ratio=1122099.04+/-0.09 dlogz:203.647>0.01]18566it [16:53:50, 23.92s/it, bound:4146 nc:2351 ncall:2.2e+07 eff:0.1% logz-ratio=1122099.38+/-0.12 dlogz:203.292>0.01]18569it [16:53:50, 15.64s/it, bound:4147 nc:2334 ncall:2.2e+07 eff:0.1% logz-ratio=1122099.66+/-0.08 dlogz:202.997>0.01]18569it [16:54:03, 15.64s/it, bound:4147 nc:2334 ncall:2.2e+07 eff:0.1% logz-ratio=1122099.66+/-0.08 dlogz:202.997>0.01]18570it [16:55:16, 25.59s/it, bound:4147 nc:2877 ncall:2.2e+07 eff:0.1% logz-ratio=1122099.75+/-0.12 dlogz:202.905>0.01]18573it [16:55:16, 15.93s/it, bound:4148 nc:3168 ncall:2.2e+07 eff:0.1% logz-ratio=1122100.01+/-0.08 dlogz:202.630>0.01]18573it [16:55:33, 15.93s/it, bound:4148 nc:3168 ncall:2.2e+07 eff:0.1% logz-ratio=1122100.01+/-0.08 dlogz:202.630>0.01]18574it [16:56:43, 26.85s/it, bound:4148 nc:2247 ncall:2.2e+07 eff:0.1% logz-ratio=1122100.11+/-0.11 dlogz:202.539>0.01]18576it [16:56:44, 18.71s/it, bound:4148 nc:  1 ncall:2.2e+07 eff:0.1% logz-ratio=1122134.66+/-0.29 dlogz:167.045>0.01] 18577it [16:57:03, 18.71s/it, bound:4149 nc:2131 ncall:2.2e+07 eff:0.1% logz-ratio=1122100.38+/-0.08 dlogz:202.261>0.01]18578it [16:58:04, 25.26s/it, bound:4149 nc:2759 ncall:2.2e+07 eff:0.1% logz-ratio=1122100.47+/-0.12 dlogz:202.166>0.01]18580it [16:58:04, 17.66s/it, bound:4149 nc:  1 ncall:2.2e+07 eff:0.1% logz-ratio=1122147.30+/-0.29 dlogz:154.030>0.01] 18581it [16:58:23, 17.66s/it, bound:4150 nc:2862 ncall:2.2e+07 eff:0.1% logz-ratio=1122100.71+/-0.08 dlogz:201.908>0.01]18582it [16:59:23, 24.14s/it, bound:4150 nc:2587 ncall:2.2e+07 eff:0.1% logz-ratio=1122100.79+/-0.11 dlogz:201.830>0.01]18584it [16:59:23, 16.89s/it, bound:4150 nc:  1 ncall:2.2e+07 eff:0.1% logz-ratio=1122147.29+/-0.29 dlogz:154.037>0.01] 18585it [16:59:33, 16.89s/it, bound:4151 nc:2552 ncall:2.2e+07 eff:0.1% logz-ratio=1122101.07+/-0.08 dlogz:201.557>0.01]18586it [17:00:32, 22.19s/it, bound:4151 nc:2306 ncall:2.2e+07 eff:0.1% logz-ratio=1122101.16+/-0.12 dlogz:201.462>0.01]18589it [17:00:32, 13.51s/it, bound:4152 nc:2482 ncall:2.2e+07 eff:0.1% logz-ratio=1122101.43+/-0.08 dlogz:201.178>0.01]18589it [17:00:43, 13.51s/it, bound:4152 nc:2482 ncall:2.2e+07 eff:0.1% logz-ratio=1122101.43+/-0.08 dlogz:201.178>0.01]18590it [17:01:55, 24.44s/it, bound:4152 nc:2731 ncall:2.2e+07 eff:0.1% logz-ratio=1122101.52+/-0.11 dlogz:201.090>0.01]18592it [17:01:55, 16.88s/it, bound:4152 nc:  1 ncall:2.2e+07 eff:0.1% logz-ratio=1122148.57+/-0.29 dlogz:152.709>0.01] 18593it [17:02:13, 16.88s/it, bound:4153 nc:2901 ncall:2.2e+07 eff:0.1% logz-ratio=1122101.77+/-0.08 dlogz:200.823>0.01]18594it [17:03:18, 24.40s/it, bound:4153 nc:2235 ncall:2.2e+07 eff:0.1% logz-ratio=1122101.85+/-0.11 dlogz:200.740>0.01]18595it [17:03:31, 22.32s/it, bound:4153 nc:2956 ncall:2.2e+07 eff:0.1% logz-ratio=1122101.94+/-0.08 dlogz:200.657>0.01]18598it [17:04:57, 25.16s/it, bound:4154 nc:3111 ncall:2.2e+07 eff:0.1% logz-ratio=1122102.20+/-0.11 dlogz:200.396>0.01]18600it [17:04:57, 17.80s/it, bound:4154 nc:  1 ncall:2.2e+07 eff:0.1% logz-ratio=1122145.80+/-0.29 dlogz:155.581>0.01] 18601it [17:05:13, 17.80s/it, bound:4155 nc:1729 ncall:2.2e+07 eff:0.1% logz-ratio=1122102.44+/-0.08 dlogz:200.136>0.01]18602it [17:06:16, 24.10s/it, bound:4155 nc:2599 ncall:2.2e+07 eff:0.1% logz-ratio=1122102.52+/-0.11 dlogz:200.054>0.01]18604it [17:06:16, 16.97s/it, bound:4155 nc:  1 ncall:2.2e+07 eff:0.1% logz-ratio=1122148.78+/-0.29 dlogz:152.488>0.01] 18605it [17:06:33, 16.97s/it, bound:4156 nc:2606 ncall:2.2e+07 eff:0.1% logz-ratio=1122102.77+/-0.08 dlogz:199.804>0.01]18606it [17:07:44, 25.11s/it, bound:4156 nc:3366 ncall:2.2e+07 eff:0.1% logz-ratio=1122102.86+/-0.11 dlogz:199.718>0.01]18610it [17:09:16, 24.11s/it, bound:4157 nc:1760 ncall:2.2e+07 eff:0.1% logz-ratio=1122103.25+/-0.12 dlogz:199.339>0.01]18614it [17:10:49, 23.79s/it, bound:4158 nc:2254 ncall:2.2e+07 eff:0.1% logz-ratio=1122103.64+/-0.12 dlogz:198.922>0.01]18616it [17:10:49, 18.55s/it, bound:4158 nc:  1 ncall:2.2e+07 eff:0.1% logz-ratio=1122146.99+/-0.29 dlogz:154.360>0.01] 18617it [17:11:03, 18.55s/it, bound:4159 nc:2389 ncall:2.2e+07 eff:0.1% logz-ratio=1122103.90+/-0.08 dlogz:198.649>0.01]18618it [17:12:23, 25.30s/it, bound:4159 nc:3169 ncall:2.2e+07 eff:0.1% logz-ratio=1122103.99+/-0.11 dlogz:198.564>0.01]18622it [17:13:45, 23.38s/it, bound:4160 nc:2811 ncall:2.2e+07 eff:0.1% logz-ratio=1122104.35+/-0.11 dlogz:198.194>0.01]18623it [17:13:58, 22.00s/it, bound:4160 nc:2786 ncall:2.2e+07 eff:0.1% logz-ratio=1122104.48+/-0.10 dlogz:198.100>0.01]18626it [17:15:09, 22.57s/it, bound:4161 nc:2596 ncall:2.2e+07 eff:0.1% logz-ratio=1122104.88+/-0.14 dlogz:197.689>0.01]18630it [17:16:29, 21.56s/it, bound:4162 nc:2809 ncall:2.2e+07 eff:0.1% logz-ratio=1122105.32+/-0.12 dlogz:197.226>0.01]18634it [17:18:00, 22.02s/it, bound:4163 nc:3434 ncall:2.2e+07 eff:0.1% logz-ratio=1122105.79+/-0.13 dlogz:196.758>0.01]18638it [17:19:15, 20.87s/it, bound:4164 nc:2715 ncall:2.2e+07 eff:0.1% logz-ratio=1122106.22+/-0.13 dlogz:196.314>0.01]18642it [17:20:34, 20.49s/it, bound:4165 nc:2625 ncall:2.2e+07 eff:0.1% logz-ratio=1122106.66+/-0.13 dlogz:195.879>0.01]18644it [17:20:34, 16.61s/it, bound:4165 nc:  1 ncall:2.2e+07 eff:0.1% logz-ratio=1122148.50+/-0.29 dlogz:152.798>0.01] 18645it [17:20:53, 16.61s/it, bound:4166 nc:2405 ncall:2.2e+07 eff:0.1% logz-ratio=1122107.03+/-0.09 dlogz:195.495>0.01]18646it [17:21:44, 20.55s/it, bound:4166 nc:2370 ncall:2.2e+07 eff:0.1% logz-ratio=1122107.15+/-0.13 dlogz:195.377>0.01]18650it [17:23:02, 20.13s/it, bound:4167 nc:2255 ncall:2.2e+07 eff:0.1% logz-ratio=1122107.54+/-0.12 dlogz:194.952>0.01]18652it [17:23:02, 15.85s/it, bound:4167 nc:  1 ncall:2.2e+07 eff:0.1% logz-ratio=1122162.94+/-0.30 dlogz:137.964>0.01] 18653it [17:23:13, 15.85s/it, bound:4168 nc:3059 ncall:2.2e+07 eff:0.1% logz-ratio=1122107.82+/-0.08 dlogz:194.672>0.01]18654it [17:24:18, 21.11s/it, bound:4168 nc:2446 ncall:2.2e+07 eff:0.1% logz-ratio=1122107.91+/-0.12 dlogz:194.577>0.01]18655it [17:24:38, 20.86s/it, bound:4168 nc:2853 ncall:2.2e+07 eff:0.1% logz-ratio=1122108.01+/-0.09 dlogz:194.483>0.01]18658it [17:26:01, 23.47s/it, bound:4169 nc:2511 ncall:2.2e+07 eff:0.1% logz-ratio=1122108.39+/-0.13 dlogz:194.119>0.01]18660it [17:26:01, 17.25s/it, bound:4169 nc:  1 ncall:2.2e+07 eff:0.1% logz-ratio=1122148.70+/-0.29 dlogz:152.601>0.01] 18661it [17:26:13, 17.25s/it, bound:4170 nc:3041 ncall:2.2e+07 eff:0.1% logz-ratio=1122108.76+/-0.09 dlogz:193.738>0.01]18662it [17:27:33, 25.18s/it, bound:4170 nc:3407 ncall:2.2e+07 eff:0.1% logz-ratio=1122108.86+/-0.13 dlogz:193.622>0.01]18664it [17:27:33, 18.09s/it, bound:4170 nc:  1 ncall:2.2e+07 eff:0.1% logz-ratio=1122163.36+/-0.30 dlogz:137.524>0.01] 18665it [17:27:43, 18.09s/it, bound:4171 nc:3176 ncall:2.2e+07 eff:0.1% logz-ratio=1122109.15+/-0.08 dlogz:193.310>0.01]18666it [17:28:55, 24.56s/it, bound:4171 nc:2968 ncall:2.2e+07 eff:0.1% logz-ratio=1122109.24+/-0.11 dlogz:193.216>0.01]18668it [17:28:55, 17.43s/it, bound:4171 nc:  1 ncall:2.2e+07 eff:0.1% logz-ratio=1122164.09+/-0.29 dlogz:136.768>0.01] 18669it [17:29:13, 17.43s/it, bound:4172 nc:1768 ncall:2.2e+07 eff:0.1% logz-ratio=1122109.48+/-0.08 dlogz:192.961>0.01]18670it [17:30:15, 24.07s/it, bound:4172 nc:2828 ncall:2.2e+07 eff:0.1% logz-ratio=1122109.55+/-0.10 dlogz:192.884>0.01]18674it [17:31:30, 21.65s/it, bound:4173 nc:2384 ncall:2.2e+07 eff:0.1% logz-ratio=1122109.81+/-0.10 dlogz:192.607>0.01]18678it [17:33:00, 21.96s/it, bound:4174 nc:3302 ncall:2.2e+07 eff:0.1% logz-ratio=1122110.06+/-0.10 dlogz:192.347>0.01]18682it [17:34:24, 21.66s/it, bound:4175 nc:3139 ncall:2.2e+07 eff:0.1% logz-ratio=1122110.32+/-0.10 dlogz:192.087>0.01]18684it [17:34:24, 17.23s/it, bound:4175 nc:  1 ncall:2.2e+07 eff:0.1% logz-ratio=1122160.16+/-0.30 dlogz:140.784>0.01] 18685it [17:34:43, 17.23s/it, bound:4176 nc:2318 ncall:2.2e+07 eff:0.1% logz-ratio=1122110.52+/-0.07 dlogz:191.880>0.01]18686it [17:35:48, 22.87s/it, bound:4176 nc:2777 ncall:2.2e+07 eff:0.1% logz-ratio=1122110.58+/-0.10 dlogz:191.814>0.01]18687it [17:36:05, 21.94s/it, bound:4176 nc:3199 ncall:2.2e+07 eff:0.1% logz-ratio=1122110.66+/-0.08 dlogz:191.742>0.01]18690it [17:37:28, 24.10s/it, bound:4177 nc:2696 ncall:2.2e+07 eff:0.1% logz-ratio=1122110.87+/-0.10 dlogz:191.521>0.01]18692it [17:37:28, 17.79s/it, bound:4177 nc:  1 ncall:2.2e+07 eff:0.1% logz-ratio=1122175.77+/-0.30 dlogz:124.709>0.01] 18693it [17:37:43, 17.79s/it, bound:4178 nc:2438 ncall:2.2e+07 eff:0.1% logz-ratio=1122111.05+/-0.07 dlogz:191.325>0.01]18694it [17:38:56, 24.88s/it, bound:4178 nc:2932 ncall:2.3e+07 eff:0.1% logz-ratio=1122111.10+/-0.09 dlogz:191.265>0.01]18696it [17:38:56, 17.92s/it, bound:4178 nc:  1 ncall:2.3e+07 eff:0.1% logz-ratio=1122147.60+/-0.29 dlogz:153.731>0.01] 18697it [17:39:13, 17.92s/it, bound:4179 nc:1782 ncall:2.3e+07 eff:0.1% logz-ratio=1122111.29+/-0.07 dlogz:191.086>0.01]18698it [17:40:13, 23.89s/it, bound:4179 nc:3020 ncall:2.3e+07 eff:0.1% logz-ratio=1122111.35+/-0.10 dlogz:191.018>0.01]18700it [17:40:13, 16.97s/it, bound:4179 nc:  1 ncall:2.3e+07 eff:0.1% logz-ratio=1122180.08+/-0.30 dlogz:120.251>0.01] 18701it [17:40:23, 16.97s/it, bound:4180 nc:2582 ncall:2.3e+07 eff:0.1% logz-ratio=1122111.53+/-0.07 dlogz:190.828>0.01]18702it [17:41:31, 23.34s/it, bound:4180 nc:2827 ncall:2.3e+07 eff:0.1% logz-ratio=1122111.59+/-0.09 dlogz:190.766>0.01]18706it [17:43:06, 23.52s/it, bound:4181 nc:2287 ncall:2.3e+07 eff:0.1% logz-ratio=1122111.88+/-0.11 dlogz:190.492>0.01]18708it [17:43:06, 17.75s/it, bound:4181 nc:  1 ncall:2.3e+07 eff:0.1% logz-ratio=1122164.22+/-0.29 dlogz:136.626>0.01] 18709it [17:43:23, 17.75s/it, bound:4182 nc:3438 ncall:2.3e+07 eff:0.1% logz-ratio=1122112.09+/-0.07 dlogz:190.263>0.01]18710it [17:44:22, 23.02s/it, bound:4182 nc:2684 ncall:2.3e+07 eff:0.1% logz-ratio=1122112.17+/-0.10 dlogz:190.189>0.01]18712it [17:44:22, 16.81s/it, bound:4182 nc:  1 ncall:2.3e+07 eff:0.1% logz-ratio=1122190.28+/-0.31 dlogz:109.709>0.01] 18713it [17:44:33, 16.81s/it, bound:4183 nc:2277 ncall:2.3e+07 eff:0.1% logz-ratio=1122112.41+/-0.08 dlogz:189.946>0.01]18714it [17:45:34, 22.24s/it, bound:4183 nc:2310 ncall:2.3e+07 eff:0.1% logz-ratio=1122112.50+/-0.11 dlogz:189.860>0.01]18718it [17:46:51, 20.82s/it, bound:4184 nc:2810 ncall:2.3e+07 eff:0.1% logz-ratio=1122112.92+/-0.13 dlogz:189.462>0.01]18719it [17:47:09, 20.55s/it, bound:4184 nc:2114 ncall:2.3e+07 eff:0.1% logz-ratio=1122113.03+/-0.09 dlogz:189.345>0.01]18722it [17:48:37, 23.78s/it, bound:4185 nc:3095 ncall:2.3e+07 eff:0.1% logz-ratio=1122113.40+/-0.13 dlogz:188.983>0.01]18724it [17:48:37, 17.60s/it, bound:4185 nc:  1 ncall:2.3e+07 eff:0.1% logz-ratio=1122150.50+/-0.29 dlogz:150.723>0.01] 18725it [17:48:54, 17.60s/it, bound:4186 nc:3020 ncall:2.3e+07 eff:0.1% logz-ratio=1122113.72+/-0.09 dlogz:188.633>0.01]18726it [17:49:56, 23.55s/it, bound:4186 nc:2985 ncall:2.3e+07 eff:0.1% logz-ratio=1122113.82+/-0.12 dlogz:188.528>0.01]18728it [17:49:57, 16.99s/it, bound:4186 nc:  1 ncall:2.3e+07 eff:0.1% logz-ratio=1122164.37+/-0.29 dlogz:136.464>0.01] 18729it [17:50:14, 16.99s/it, bound:4187 nc:2726 ncall:2.3e+07 eff:0.1% logz-ratio=1122114.09+/-0.08 dlogz:188.238>0.01]18730it [17:51:16, 23.53s/it, bound:4187 nc:1875 ncall:2.3e+07 eff:0.1% logz-ratio=1122114.18+/-0.11 dlogz:188.150>0.01]18732it [17:51:17, 16.74s/it, bound:4187 nc:  1 ncall:2.3e+07 eff:0.1% logz-ratio=1122159.48+/-0.29 dlogz:141.498>0.01] 18733it [17:51:34, 16.74s/it, bound:4188 nc:3071 ncall:2.3e+07 eff:0.1% logz-ratio=1122114.45+/-0.08 dlogz:187.877>0.01]18734it [17:52:29, 22.40s/it, bound:4188 nc:2487 ncall:2.3e+07 eff:0.1% logz-ratio=1122114.53+/-0.11 dlogz:187.786>0.01]18736it [17:52:29, 15.81s/it, bound:4188 nc:  1 ncall:2.3e+07 eff:0.1% logz-ratio=1122153.52+/-0.29 dlogz:147.620>0.01] 18737it [17:52:44, 15.81s/it, bound:4189 nc:2282 ncall:2.3e+07 eff:0.1% logz-ratio=1122114.78+/-0.08 dlogz:187.524>0.01]18738it [17:53:52, 23.44s/it, bound:4189 nc:3202 ncall:2.3e+07 eff:0.1% logz-ratio=1122114.86+/-0.11 dlogz:187.442>0.01]18740it [17:53:52, 16.48s/it, bound:4189 nc:  1 ncall:2.3e+07 eff:0.1% logz-ratio=1122180.54+/-0.30 dlogz:119.780>0.01] 18741it [17:54:04, 16.48s/it, bound:4190 nc:2492 ncall:2.3e+07 eff:0.1% logz-ratio=1122115.07+/-0.07 dlogz:187.216>0.01]18742it [17:55:15, 23.89s/it, bound:4190 nc:2062 ncall:2.3e+07 eff:0.1% logz-ratio=1122115.15+/-0.11 dlogz:187.143>0.01]18744it [17:55:15, 16.77s/it, bound:4190 nc:  1 ncall:2.3e+07 eff:0.1% logz-ratio=1122159.94+/-0.29 dlogz:141.020>0.01] 18745it [17:55:34, 16.77s/it, bound:4191 nc:2086 ncall:2.3e+07 eff:0.1% logz-ratio=1122115.42+/-0.09 dlogz:186.887>0.01]18746it [17:56:36, 23.89s/it, bound:4191 nc:2944 ncall:2.3e+07 eff:0.1% logz-ratio=1122115.52+/-0.12 dlogz:186.787>0.01]18748it [17:56:36, 16.75s/it, bound:4191 nc:  1 ncall:2.3e+07 eff:0.1% logz-ratio=1122161.89+/-0.30 dlogz:139.030>0.01] 18749it [17:56:54, 16.75s/it, bound:4192 nc:2941 ncall:2.3e+07 eff:0.1% logz-ratio=1122115.81+/-0.09 dlogz:186.495>0.01]18750it [17:58:00, 24.38s/it, bound:4192 nc:2674 ncall:2.3e+07 eff:0.1% logz-ratio=1122115.90+/-0.12 dlogz:186.393>0.01]18751it [17:58:17, 23.04s/it, bound:4192 nc:2703 ncall:2.3e+07 eff:0.1% logz-ratio=1122115.99+/-0.08 dlogz:186.295>0.01]18754it [17:59:37, 24.50s/it, bound:4193 nc:2711 ncall:2.3e+07 eff:0.1% logz-ratio=1122116.24+/-0.11 dlogz:186.035>0.01]18756it [17:59:37, 17.39s/it, bound:4193 nc:  1 ncall:2.3e+07 eff:0.1% logz-ratio=1122162.56+/-0.30 dlogz:138.360>0.01] 18757it [17:59:54, 17.39s/it, bound:4194 nc:2913 ncall:2.3e+07 eff:0.1% logz-ratio=1122116.52+/-0.09 dlogz:185.768>0.01]18758it [18:00:50, 23.10s/it, bound:4194 nc:2653 ncall:2.3e+07 eff:0.1% logz-ratio=1122116.61+/-0.12 dlogz:185.668>0.01]18760it [18:00:50, 16.29s/it, bound:4194 nc:  1 ncall:2.3e+07 eff:0.1% logz-ratio=1122162.26+/-0.30 dlogz:138.669>0.01] 18761it [18:01:04, 16.29s/it, bound:4195 nc:2068 ncall:2.3e+07 eff:0.1% logz-ratio=1122116.87+/-0.08 dlogz:185.396>0.01]18762it [18:02:09, 23.09s/it, bound:4195 nc:2760 ncall:2.3e+07 eff:0.1% logz-ratio=1122116.96+/-0.11 dlogz:185.304>0.01]18764it [18:02:09, 16.23s/it, bound:4195 nc:  1 ncall:2.3e+07 eff:0.1% logz-ratio=1122166.16+/-0.29 dlogz:134.610>0.01] 18765it [18:02:24, 16.23s/it, bound:4196 nc:3043 ncall:2.3e+07 eff:0.1% logz-ratio=1122117.22+/-0.08 dlogz:185.042>0.01]18766it [18:03:33, 23.96s/it, bound:4196 nc:3125 ncall:2.3e+07 eff:0.1% logz-ratio=1122117.31+/-0.11 dlogz:184.951>0.01]18768it [18:03:33, 16.81s/it, bound:4196 nc:  1 ncall:2.3e+07 eff:0.1% logz-ratio=1122153.03+/-0.29 dlogz:148.145>0.01] 18769it [18:03:44, 16.81s/it, bound:4197 nc:2371 ncall:2.3e+07 eff:0.1% logz-ratio=1122117.58+/-0.08 dlogz:184.674>0.01]18770it [18:04:50, 23.25s/it, bound:4197 nc:2338 ncall:2.3e+07 eff:0.1% logz-ratio=1122117.67+/-0.11 dlogz:184.583>0.01]18772it [18:04:50, 16.30s/it, bound:4197 nc:  1 ncall:2.3e+07 eff:0.1% logz-ratio=1122151.98+/-0.29 dlogz:149.227>0.01] 18773it [18:05:04, 16.30s/it, bound:4198 nc:2648 ncall:2.3e+07 eff:0.1% logz-ratio=1122117.98+/-0.09 dlogz:184.278>0.01]18774it [18:06:15, 24.20s/it, bound:4198 nc:2605 ncall:2.3e+07 eff:0.1% logz-ratio=1122118.08+/-0.12 dlogz:184.171>0.01]18776it [18:06:15, 16.96s/it, bound:4198 nc:  1 ncall:2.3e+07 eff:0.1% logz-ratio=1122160.10+/-0.29 dlogz:140.886>0.01] 18777it [18:06:34, 16.96s/it, bound:4199 nc:2658 ncall:2.3e+07 eff:0.1% logz-ratio=1122118.37+/-0.09 dlogz:183.878>0.01]18778it [18:07:23, 22.04s/it, bound:4199 nc:2365 ncall:2.3e+07 eff:0.1% logz-ratio=1122118.46+/-0.12 dlogz:183.776>0.01]18780it [18:07:23, 15.45s/it, bound:4199 nc:  1 ncall:2.3e+07 eff:0.1% logz-ratio=1122168.59+/-0.30 dlogz:132.130>0.01] 18781it [18:07:34, 15.45s/it, bound:4200 nc:1984 ncall:2.3e+07 eff:0.1% logz-ratio=1122118.80+/-0.09 dlogz:183.457>0.01]18782it [18:08:52, 24.16s/it, bound:4200 nc:3151 ncall:2.3e+07 eff:0.1% logz-ratio=1122118.91+/-0.13 dlogz:183.338>0.01]18783it [18:09:12, 23.30s/it, bound:4200 nc:2643 ncall:2.3e+07 eff:0.1% logz-ratio=1122119.01+/-0.09 dlogz:183.227>0.01]18786it [18:10:32, 24.82s/it, bound:4201 nc:2881 ncall:2.3e+07 eff:0.1% logz-ratio=1122119.35+/-0.13 dlogz:182.889>0.01]18788it [18:10:32, 17.62s/it, bound:4201 nc:  1 ncall:2.3e+07 eff:0.1% logz-ratio=1122163.20+/-0.30 dlogz:137.706>0.01] 18789it [18:10:44, 17.62s/it, bound:4202 nc:2870 ncall:2.3e+07 eff:0.1% logz-ratio=1122119.65+/-0.08 dlogz:182.566>0.01]18790it [18:11:53, 24.30s/it, bound:4202 nc:2624 ncall:2.3e+07 eff:0.1% logz-ratio=1122119.73+/-0.11 dlogz:182.474>0.01]18792it [18:11:53, 17.13s/it, bound:4202 nc:  1 ncall:2.3e+07 eff:0.1% logz-ratio=1122166.01+/-0.29 dlogz:134.790>0.01] 18793it [18:12:04, 17.13s/it, bound:4203 nc:1714 ncall:2.3e+07 eff:0.1% logz-ratio=1122119.97+/-0.08 dlogz:182.221>0.01]18794it [18:13:18, 24.59s/it, bound:4203 nc:3026 ncall:2.3e+07 eff:0.1% logz-ratio=1122120.05+/-0.11 dlogz:182.141>0.01]18796it [18:13:18, 17.28s/it, bound:4203 nc:  1 ncall:2.3e+07 eff:0.1% logz-ratio=1122160.88+/-0.29 dlogz:140.086>0.01] 18797it [18:13:34, 17.28s/it, bound:4204 nc:2593 ncall:2.3e+07 eff:0.1% logz-ratio=1122120.27+/-0.08 dlogz:181.907>0.01]18798it [18:14:42, 24.72s/it, bound:4204 nc:2862 ncall:2.3e+07 eff:0.1% logz-ratio=1122120.35+/-0.10 dlogz:181.831>0.01]18800it [18:14:42, 17.34s/it, bound:4204 nc:  1 ncall:2.3e+07 eff:0.1% logz-ratio=1122178.11+/-0.30 dlogz:122.353>0.01] 18801it [18:14:54, 17.34s/it, bound:4205 nc:2843 ncall:2.3e+07 eff:0.1% logz-ratio=1122120.55+/-0.08 dlogz:181.620>0.01]18802it [18:16:09, 25.10s/it, bound:4205 nc:2991 ncall:2.3e+07 eff:0.1% logz-ratio=1122120.63+/-0.11 dlogz:181.543>0.01]18804it [18:16:09, 17.60s/it, bound:4205 nc:  1 ncall:2.3e+07 eff:0.1% logz-ratio=1122160.61+/-0.29 dlogz:140.356>0.01] 18805it [18:16:24, 17.60s/it, bound:4206 nc:3084 ncall:2.3e+07 eff:0.1% logz-ratio=1122120.86+/-0.08 dlogz:181.306>0.01]18806it [18:17:29, 24.30s/it, bound:4206 nc:2265 ncall:2.3e+07 eff:0.1% logz-ratio=1122120.93+/-0.10 dlogz:181.230>0.01]18808it [18:17:29, 17.03s/it, bound:4206 nc:  1 ncall:2.3e+07 eff:0.1% logz-ratio=1122180.90+/-0.30 dlogz:119.465>0.01] 18809it [18:17:44, 17.03s/it, bound:4207 nc:1702 ncall:2.3e+07 eff:0.1% logz-ratio=1122121.14+/-0.07 dlogz:181.013>0.01]18810it [18:18:59, 25.43s/it, bound:4207 nc:2406 ncall:2.3e+07 eff:0.1% logz-ratio=1122121.21+/-0.10 dlogz:180.940>0.01]18812it [18:18:59, 17.82s/it, bound:4207 nc:  1 ncall:2.3e+07 eff:0.1% logz-ratio=1122151.27+/-0.29 dlogz:149.955>0.01] 18813it [18:19:14, 17.82s/it, bound:4208 nc:2223 ncall:2.3e+07 eff:0.1% logz-ratio=1122121.45+/-0.08 dlogz:180.707>0.01]18814it [18:20:35, 26.84s/it, bound:4208 nc:3123 ncall:2.3e+07 eff:0.1% logz-ratio=1122121.52+/-0.11 dlogz:180.626>0.01]18815it [18:20:51, 24.99s/it, bound:4208 nc:2808 ncall:2.3e+07 eff:0.1% logz-ratio=1122121.60+/-0.08 dlogz:180.548>0.01]18818it [18:22:21, 27.10s/it, bound:4209 nc:2628 ncall:2.3e+07 eff:0.1% logz-ratio=1122121.81+/-0.10 dlogz:180.320>0.01]18822it [18:23:51, 25.04s/it, bound:4210 nc:1930 ncall:2.3e+07 eff:0.1% logz-ratio=1122122.07+/-0.10 dlogz:180.046>0.01]18826it [18:25:14, 23.38s/it, bound:4211 nc:2732 ncall:2.3e+07 eff:0.1% logz-ratio=1122122.30+/-0.09 dlogz:179.803>0.01]18828it [18:25:14, 18.28s/it, bound:4211 nc:  1 ncall:2.3e+07 eff:0.1% logz-ratio=1122171.23+/-0.31 dlogz:129.478>0.01] 18829it [18:25:34, 18.28s/it, bound:4212 nc:1992 ncall:2.3e+07 eff:0.1% logz-ratio=1122122.46+/-0.06 dlogz:179.638>0.01]18830it [18:26:53, 25.71s/it, bound:4212 nc:3198 ncall:2.3e+07 eff:0.1% logz-ratio=1122122.51+/-0.09 dlogz:179.582>0.01]18832it [18:26:53, 19.20s/it, bound:4212 nc:  1 ncall:2.3e+07 eff:0.1% logz-ratio=1122147.11+/-0.29 dlogz:154.252>0.01] 18833it [18:27:04, 19.20s/it, bound:4213 nc:2963 ncall:2.3e+07 eff:0.1% logz-ratio=1122122.67+/-0.06 dlogz:179.415>0.01]18834it [18:28:28, 26.73s/it, bound:4213 nc:2949 ncall:2.3e+07 eff:0.1% logz-ratio=1122122.73+/-0.09 dlogz:179.360>0.01]18838it [18:29:47, 23.67s/it, bound:4214 nc:2433 ncall:2.3e+07 eff:0.1% logz-ratio=1122122.95+/-0.09 dlogz:179.134>0.01]18840it [18:29:47, 18.10s/it, bound:4214 nc:  1 ncall:2.3e+07 eff:0.1% logz-ratio=1122158.88+/-0.29 dlogz:142.152>0.01] 18841it [18:30:04, 18.10s/it, bound:4215 nc:2635 ncall:2.3e+07 eff:0.1% logz-ratio=1122123.12+/-0.07 dlogz:178.959>0.01]18842it [18:31:17, 24.88s/it, bound:4215 nc:2912 ncall:2.3e+07 eff:0.1% logz-ratio=1122123.17+/-0.09 dlogz:178.901>0.01]18843it [18:31:34, 23.66s/it, bound:4215 nc:2771 ncall:2.3e+07 eff:0.1% logz-ratio=1122123.22+/-0.06 dlogz:178.845>0.01]18846it [18:33:06, 26.43s/it, bound:4216 nc:3025 ncall:2.3e+07 eff:0.1% logz-ratio=1122123.39+/-0.09 dlogz:178.678>0.01]18848it [18:33:06, 19.22s/it, bound:4216 nc:  1 ncall:2.3e+07 eff:0.1% logz-ratio=1122139.68+/-0.29 dlogz:161.889>0.01] 18849it [18:33:24, 19.22s/it, bound:4217 nc:2626 ncall:2.3e+07 eff:0.1% logz-ratio=1122123.56+/-0.07 dlogz:178.503>0.01]18850it [18:34:20, 24.27s/it, bound:4217 nc:2573 ncall:2.3e+07 eff:0.1% logz-ratio=1122123.62+/-0.10 dlogz:178.441>0.01]18852it [18:34:21, 17.33s/it, bound:4217 nc:  1 ncall:2.3e+07 eff:0.1% logz-ratio=1122166.54+/-0.29 dlogz:134.252>0.01] 18853it [18:34:34, 17.33s/it, bound:4218 nc:1755 ncall:2.3e+07 eff:0.1% logz-ratio=1122123.79+/-0.06 dlogz:178.261>0.01]18854it [18:35:46, 24.74s/it, bound:4218 nc:2691 ncall:2.3e+07 eff:0.1% logz-ratio=1122123.84+/-0.09 dlogz:178.205>0.01]18855it [18:45:16, 118.32s/it, bound:4218 nc:3131 ncall:2.3e+07 eff:0.1% logz-ratio=1122123.91+/-0.07 dlogz:178.147>0.01]18857it [18:46:30, 91.55s/it, bound:4219 nc:2746 ncall:2.3e+07 eff:0.1% logz-ratio=1122124.03+/-0.07 dlogz:178.020>0.01] 18860it [18:46:30, 53.70s/it, bound:4220 nc:  1 ncall:2.3e+07 eff:0.1% logz-ratio=1122166.08+/-0.29 dlogz:134.730>0.01] 18860it [18:46:44, 53.70s/it, bound:4220 nc:  1 ncall:2.3e+07 eff:0.1% logz-ratio=1122295.07+/-0.68 dlogz:1.098>0.01]  18861it [18:47:58, 59.34s/it, bound:4220 nc:2979 ncall:2.3e+07 eff:0.1% logz-ratio=1122124.26+/-0.06 dlogz:177.774>0.01]18865it [18:49:13, 39.62s/it, bound:4221 nc:2872 ncall:2.3e+07 eff:0.1% logz-ratio=1122124.55+/-0.08 dlogz:177.504>0.01]18869it [18:50:39, 32.29s/it, bound:4222 nc:3247 ncall:2.3e+07 eff:0.1% logz-ratio=1122124.89+/-0.08 dlogz:177.157>0.01]18873it [18:51:49, 26.79s/it, bound:4223 nc:2332 ncall:2.3e+07 eff:0.1% logz-ratio=1122125.22+/-0.08 dlogz:176.822>0.01]18877it [18:53:15, 25.00s/it, bound:4224 nc:3178 ncall:2.3e+07 eff:0.1% logz-ratio=1122125.59+/-0.09 dlogz:176.460>0.01]18881it [18:54:42, 23.92s/it, bound:4225 nc:1993 ncall:2.3e+07 eff:0.1% logz-ratio=1122125.98+/-0.08 dlogz:176.050>0.01]18884it [18:54:42, 17.68s/it, bound:4226 nc:  1 ncall:2.3e+07 eff:0.1% logz-ratio=1122163.32+/-0.29 dlogz:137.591>0.01] 18884it [18:54:54, 17.68s/it, bound:4226 nc:  1 ncall:2.3e+07 eff:0.1% logz-ratio=1122295.02+/-0.69 dlogz:1.098>0.01]  18885it [18:56:13, 25.71s/it, bound:4226 nc:2689 ncall:2.3e+07 eff:0.1% logz-ratio=1122126.34+/-0.08 dlogz:175.677>0.01]18887it [18:56:30, 21.64s/it, bound:4226 nc:2913 ncall:2.3e+07 eff:0.1% logz-ratio=1122126.50+/-0.08 dlogz:175.503>0.01]18889it [18:57:58, 27.29s/it, bound:4227 nc:3176 ncall:2.3e+07 eff:0.1% logz-ratio=1122126.66+/-0.08 dlogz:175.344>0.01]18892it [18:57:58, 17.65s/it, bound:4228 nc:  1 ncall:2.3e+07 eff:0.1% logz-ratio=1122150.66+/-0.29 dlogz:150.588>0.01] 18892it [18:58:14, 17.65s/it, bound:4228 nc:  1 ncall:2.3e+07 eff:0.1% logz-ratio=1122295.01+/-0.69 dlogz:1.098>0.01]  18893it [18:59:19, 26.89s/it, bound:4228 nc:2898 ncall:2.3e+07 eff:0.1% logz-ratio=1122127.00+/-0.08 dlogz:174.997>0.01]18897it [19:00:42, 24.07s/it, bound:4229 nc:2687 ncall:2.3e+07 eff:0.1% logz-ratio=1122127.31+/-0.08 dlogz:174.671>0.01]18900it [19:00:42, 16.23s/it, bound:4230 nc:  1 ncall:2.3e+07 eff:0.1% logz-ratio=1122166.27+/-0.29 dlogz:134.516>0.01] 18900it [19:00:54, 16.23s/it, bound:4230 nc:  1 ncall:2.3e+07 eff:0.1% logz-ratio=1122294.99+/-0.69 dlogz:1.098>0.01]  18901it [19:01:57, 24.09s/it, bound:4230 nc:2634 ncall:2.3e+07 eff:0.1% logz-ratio=1122127.61+/-0.07 dlogz:174.362>0.01]18904it [19:01:57, 15.30s/it, bound:4231 nc:  1 ncall:2.3e+07 eff:0.1% logz-ratio=1122164.63+/-0.29 dlogz:136.235>0.01] 18904it [19:02:14, 15.30s/it, bound:4231 nc:  1 ncall:2.3e+07 eff:0.1% logz-ratio=1122294.98+/-0.69 dlogz:1.098>0.01]  18905it [19:03:18, 25.01s/it, bound:4231 nc:2848 ncall:2.3e+07 eff:0.1% logz-ratio=1122127.90+/-0.08 dlogz:174.063>0.01]18908it [19:03:18, 15.31s/it, bound:4232 nc:  1 ncall:2.3e+07 eff:0.1% logz-ratio=1122165.29+/-0.29 dlogz:135.551>0.01] 18908it [19:03:34, 15.31s/it, bound:4232 nc:  1 ncall:2.3e+07 eff:0.1% logz-ratio=1122294.98+/-0.69 dlogz:1.098>0.01]  18909it [19:04:38, 25.46s/it, bound:4232 nc:2908 ncall:2.3e+07 eff:0.1% logz-ratio=1122128.18+/-0.07 dlogz:173.763>0.01]18913it [19:05:59, 23.03s/it, bound:4233 nc:2896 ncall:2.3e+07 eff:0.1% logz-ratio=1122128.42+/-0.07 dlogz:173.512>0.01]18916it [19:05:59, 15.31s/it, bound:4234 nc:  1 ncall:2.3e+07 eff:0.1% logz-ratio=1122163.64+/-0.29 dlogz:137.257>0.01] 18916it [19:06:14, 15.31s/it, bound:4234 nc:  1 ncall:2.3e+07 eff:0.1% logz-ratio=1122294.96+/-0.69 dlogz:1.098>0.01]  18917it [19:07:11, 23.01s/it, bound:4234 nc:2621 ncall:2.3e+07 eff:0.1% logz-ratio=1122128.71+/-0.08 dlogz:173.233>0.01]18919it [19:07:26, 18.74s/it, bound:4234 nc:2341 ncall:2.3e+07 eff:0.1% logz-ratio=1122128.87+/-0.08 dlogz:173.071>0.01]18921it [19:08:47, 24.90s/it, bound:4235 nc:2679 ncall:2.3e+07 eff:0.1% logz-ratio=1122129.01+/-0.07 dlogz:172.919>0.01]18924it [19:08:47, 15.42s/it, bound:4236 nc:  1 ncall:2.3e+07 eff:0.1% logz-ratio=1122162.84+/-0.29 dlogz:138.074>0.01] 18924it [19:09:04, 15.42s/it, bound:4236 nc:  1 ncall:2.3e+07 eff:0.1% logz-ratio=1122294.94+/-0.69 dlogz:1.098>0.01]  18925it [19:10:07, 25.31s/it, bound:4236 nc:2300 ncall:2.3e+07 eff:0.1% logz-ratio=1122129.31+/-0.08 dlogz:172.625>0.01]18929it [19:11:18, 21.82s/it, bound:4237 nc:2584 ncall:2.3e+07 eff:0.1% logz-ratio=1122129.61+/-0.07 dlogz:172.310>0.01]18932it [19:11:18, 14.55s/it, bound:4238 nc:  1 ncall:2.3e+07 eff:0.1% logz-ratio=1122166.30+/-0.29 dlogz:134.481>0.01] 18932it [19:11:34, 14.55s/it, bound:4238 nc:  1 ncall:2.3e+07 eff:0.1% logz-ratio=1122294.93+/-0.69 dlogz:1.098>0.01]  18933it [19:12:25, 21.78s/it, bound:4238 nc:1608 ncall:2.3e+07 eff:0.1% logz-ratio=1122129.93+/-0.08 dlogz:171.983>0.01]18937it [19:13:39, 20.31s/it, bound:4239 nc:2646 ncall:2.3e+07 eff:0.1% logz-ratio=1122130.25+/-0.08 dlogz:171.659>0.01]18940it [19:13:39, 13.82s/it, bound:4240 nc:  1 ncall:2.3e+07 eff:0.1% logz-ratio=1122161.47+/-0.29 dlogz:139.467>0.01] 18940it [19:13:54, 13.82s/it, bound:4240 nc:  1 ncall:2.3e+07 eff:0.1% logz-ratio=1122294.91+/-0.69 dlogz:1.098>0.01]  18941it [19:14:53, 21.75s/it, bound:4240 nc:2354 ncall:2.3e+07 eff:0.1% logz-ratio=1122130.55+/-0.08 dlogz:171.350>0.01]18944it [19:14:53, 13.90s/it, bound:4241 nc:  1 ncall:2.3e+07 eff:0.1% logz-ratio=1122165.77+/-0.29 dlogz:135.022>0.01] 18944it [19:15:04, 13.90s/it, bound:4241 nc:  1 ncall:2.3e+07 eff:0.1% logz-ratio=1122294.90+/-0.69 dlogz:1.098>0.01]  18945it [19:16:03, 22.09s/it, bound:4241 nc:2510 ncall:2.3e+07 eff:0.1% logz-ratio=1122130.88+/-0.08 dlogz:171.008>0.01]18948it [19:16:03, 13.57s/it, bound:4242 nc:  1 ncall:2.3e+07 eff:0.1% logz-ratio=1122163.95+/-0.29 dlogz:136.903>0.01] 18948it [19:16:14, 13.57s/it, bound:4242 nc:  1 ncall:2.3e+07 eff:0.1% logz-ratio=1122294.90+/-0.69 dlogz:1.098>0.01]  18949it [19:17:08, 21.55s/it, bound:4242 nc:2099 ncall:2.3e+07 eff:0.1% logz-ratio=1122131.18+/-0.08 dlogz:170.695>0.01]18952it [19:17:08, 12.95s/it, bound:4243 nc:  1 ncall:2.3e+07 eff:0.1% logz-ratio=1122157.57+/-0.29 dlogz:143.447>0.01] 18952it [19:17:24, 12.95s/it, bound:4243 nc:  1 ncall:2.3e+07 eff:0.1% logz-ratio=1122294.89+/-0.70 dlogz:1.098>0.01]  18953it [19:18:19, 22.24s/it, bound:4243 nc:2503 ncall:2.3e+07 eff:0.1% logz-ratio=1122131.46+/-0.08 dlogz:170.407>0.01]18955it [19:18:39, 18.42s/it, bound:4243 nc:2100 ncall:2.3e+07 eff:0.1% logz-ratio=1122131.61+/-0.08 dlogz:170.255>0.01]18957it [19:19:52, 23.97s/it, bound:4244 nc:2321 ncall:2.3e+07 eff:0.1% logz-ratio=1122131.76+/-0.08 dlogz:170.100>0.01]18960it [19:19:52, 14.43s/it, bound:4245 nc:  1 ncall:2.3e+07 eff:0.1% logz-ratio=1122167.72+/-0.29 dlogz:132.982>0.01] 18960it [19:20:04, 14.43s/it, bound:4245 nc:  1 ncall:2.3e+07 eff:0.1% logz-ratio=1122294.87+/-0.69 dlogz:1.098>0.01]  18961it [19:21:06, 23.94s/it, bound:4245 nc:2290 ncall:2.3e+07 eff:0.1% logz-ratio=1122132.05+/-0.07 dlogz:169.798>0.01]18965it [19:22:15, 20.70s/it, bound:4246 nc:2440 ncall:2.3e+07 eff:0.1% logz-ratio=1122132.32+/-0.12 dlogz:169.519>0.01]18967it [19:22:15, 15.45s/it, bound:4246 nc:  1 ncall:2.3e+07 eff:0.1% logz-ratio=1122173.82+/-0.29 dlogz:126.728>0.01] 18968it [19:22:34, 15.45s/it, bound:4247 nc:1663 ncall:2.3e+07 eff:0.1% logz-ratio=1122132.51+/-0.07 dlogz:169.319>0.01]18969it [19:23:26, 20.77s/it, bound:4247 nc:1773 ncall:2.3e+07 eff:0.1% logz-ratio=1122132.57+/-0.10 dlogz:169.253>0.01]18972it [19:23:26, 13.23s/it, bound:4248 nc:  1 ncall:2.3e+07 eff:0.1% logz-ratio=1122162.50+/-0.29 dlogz:138.399>0.01] 18972it [19:23:44, 13.23s/it, bound:4248 nc:  1 ncall:2.3e+07 eff:0.1% logz-ratio=1122294.85+/-0.69 dlogz:1.098>0.01]  18973it [19:24:45, 22.98s/it, bound:4248 nc:2395 ncall:2.3e+07 eff:0.1% logz-ratio=1122132.82+/-0.07 dlogz:168.997>0.01]18976it [19:24:45, 14.09s/it, bound:4249 nc:  1 ncall:2.3e+07 eff:0.1% logz-ratio=1122163.22+/-0.29 dlogz:137.657>0.01] 18976it [19:25:04, 14.09s/it, bound:4249 nc:  1 ncall:2.3e+07 eff:0.1% logz-ratio=1122294.84+/-0.70 dlogz:1.098>0.01]  18977it [19:26:00, 23.64s/it, bound:4249 nc:1685 ncall:2.3e+07 eff:0.1% logz-ratio=1122133.08+/-0.07 dlogz:168.729>0.01]18981it [19:27:11, 20.77s/it, bound:4250 nc:2492 ncall:2.3e+07 eff:0.1% logz-ratio=1122133.32+/-0.07 dlogz:168.486>0.01]18984it [19:27:11, 13.82s/it, bound:4251 nc:  1 ncall:2.3e+07 eff:0.1% logz-ratio=1122171.49+/-0.30 dlogz:129.159>0.01] 18984it [19:27:24, 13.82s/it, bound:4251 nc:  1 ncall:2.3e+07 eff:0.1% logz-ratio=1122294.82+/-0.70 dlogz:1.098>0.01]  18985it [19:28:16, 20.85s/it, bound:4251 nc:2344 ncall:2.3e+07 eff:0.1% logz-ratio=1122133.56+/-0.07 dlogz:168.230>0.01]18989it [19:29:25, 19.32s/it, bound:4252 nc:2024 ncall:2.3e+07 eff:0.1% logz-ratio=1122133.82+/-0.07 dlogz:167.968>0.01]18991it [19:29:40, 16.53s/it, bound:4252 nc:2490 ncall:2.3e+07 eff:0.1% logz-ratio=1122133.96+/-0.07 dlogz:167.825>0.01]18993it [19:30:54, 21.71s/it, bound:4253 nc:2254 ncall:2.3e+07 eff:0.1% logz-ratio=1122134.12+/-0.08 dlogz:167.678>0.01]18996it [19:30:54, 14.06s/it, bound:4254 nc:  1 ncall:2.3e+07 eff:0.1% logz-ratio=1122165.42+/-0.29 dlogz:135.387>0.01] 18996it [19:31:14, 14.06s/it, bound:4254 nc:  1 ncall:2.3e+07 eff:0.1% logz-ratio=1122294.80+/-0.70 dlogz:1.098>0.01]  18997it [19:32:01, 21.69s/it, bound:4254 nc:1921 ncall:2.3e+07 eff:0.1% logz-ratio=1122134.43+/-0.08 dlogz:167.348>0.01]19000it [19:32:01, 13.43s/it, bound:4255 nc:  1 ncall:2.3e+07 eff:0.1% logz-ratio=1122173.49+/-0.29 dlogz:127.088>0.01] 19000it [19:32:14, 13.43s/it, bound:4255 nc:  1 ncall:2.3e+07 eff:0.1% logz-ratio=1122294.79+/-0.70 dlogz:1.098>0.01]  19001it [19:33:22, 23.69s/it, bound:4255 nc:2240 ncall:2.3e+07 eff:0.1% logz-ratio=1122134.71+/-0.07 dlogz:167.059>0.01]19005it [19:34:34, 21.08s/it, bound:4256 nc:2278 ncall:2.3e+07 eff:0.1% logz-ratio=1122134.96+/-0.07 dlogz:166.790>0.01]19008it [19:34:34, 14.06s/it, bound:4257 nc:  1 ncall:2.3e+07 eff:0.1% logz-ratio=1122171.56+/-0.30 dlogz:129.093>0.01] 19008it [19:34:54, 14.06s/it, bound:4257 nc:  1 ncall:2.3e+07 eff:0.1% logz-ratio=1122294.78+/-0.69 dlogz:1.098>0.01]  19009it [19:35:47, 22.13s/it, bound:4257 nc:2486 ncall:2.3e+07 eff:0.1% logz-ratio=1122135.21+/-0.07 dlogz:166.539>0.01]19012it [19:35:47, 13.95s/it, bound:4258 nc:  1 ncall:2.3e+07 eff:0.1% logz-ratio=1122169.81+/-0.30 dlogz:130.865>0.01] 19012it [19:36:04, 13.95s/it, bound:4258 nc:  1 ncall:2.3e+07 eff:0.1% logz-ratio=1122294.77+/-0.69 dlogz:1.098>0.01]  19013it [19:37:02, 23.13s/it, bound:4258 nc:2662 ncall:2.3e+07 eff:0.1% logz-ratio=1122135.51+/-0.08 dlogz:166.250>0.01]19017it [19:38:17, 21.08s/it, bound:4259 nc:2340 ncall:2.3e+07 eff:0.1% logz-ratio=1122135.82+/-0.08 dlogz:165.923>0.01]19020it [19:38:17, 14.12s/it, bound:4260 nc:  1 ncall:2.3e+07 eff:0.1% logz-ratio=1122169.38+/-0.30 dlogz:131.300>0.01] 19020it [19:38:34, 14.12s/it, bound:4260 nc:  1 ncall:2.3e+07 eff:0.1% logz-ratio=1122294.75+/-0.69 dlogz:1.098>0.01]  19021it [19:39:35, 22.75s/it, bound:4260 nc:2712 ncall:2.3e+07 eff:0.1% logz-ratio=1122136.11+/-0.07 dlogz:165.617>0.01]19023it [19:39:49, 18.35s/it, bound:4260 nc:2485 ncall:2.3e+07 eff:0.1% logz-ratio=1122136.25+/-0.07 dlogz:165.475>0.01]19025it [19:40:59, 23.10s/it, bound:4261 nc:1990 ncall:2.3e+07 eff:0.1% logz-ratio=1122136.38+/-0.07 dlogz:165.338>0.01]19028it [19:40:59, 14.34s/it, bound:4262 nc:  1 ncall:2.3e+07 eff:0.1% logz-ratio=1122172.67+/-0.29 dlogz:127.948>0.01] 19028it [19:41:14, 14.34s/it, bound:4262 nc:  1 ncall:2.3e+07 eff:0.1% logz-ratio=1122294.74+/-0.69 dlogz:1.098>0.01]  19029it [19:42:15, 23.80s/it, bound:4262 nc:2275 ncall:2.3e+07 eff:0.1% logz-ratio=1122136.62+/-0.07 dlogz:165.084>0.01]19032it [19:42:15, 14.38s/it, bound:4263 nc:  1 ncall:2.3e+07 eff:0.1% logz-ratio=1122173.05+/-0.29 dlogz:127.547>0.01] 19032it [19:42:34, 14.38s/it, bound:4263 nc:  1 ncall:2.3e+07 eff:0.1% logz-ratio=1122294.73+/-0.69 dlogz:1.098>0.01]  19033it [19:43:29, 23.81s/it, bound:4263 nc:2728 ncall:2.3e+07 eff:0.1% logz-ratio=1122136.87+/-0.07 dlogz:164.823>0.01]19036it [19:43:29, 14.18s/it, bound:4264 nc:  1 ncall:2.3e+07 eff:0.1% logz-ratio=1122173.58+/-0.29 dlogz:126.999>0.01] 19036it [19:43:44, 14.18s/it, bound:4264 nc:  1 ncall:2.3e+07 eff:0.1% logz-ratio=1122294.72+/-0.69 dlogz:1.098>0.01]  19037it [19:44:31, 21.86s/it, bound:4264 nc:1903 ncall:2.3e+07 eff:0.1% logz-ratio=1122137.10+/-0.07 dlogz:164.584>0.01]19041it [19:45:31, 18.58s/it, bound:4265 nc:1899 ncall:2.3e+07 eff:0.1% logz-ratio=1122137.32+/-0.11 dlogz:164.351>0.01]19043it [19:45:31, 13.85s/it, bound:4266 nc:  1 ncall:2.3e+07 eff:0.1% logz-ratio=1122177.22+/-0.30 dlogz:123.270>0.01] 19043it [19:45:44, 13.85s/it, bound:4266 nc:  1 ncall:2.3e+07 eff:0.1% logz-ratio=1122294.71+/-0.69 dlogz:1.098>0.01]  19044it [19:46:30, 20.87s/it, bound:4266 nc:1818 ncall:2.3e+07 eff:0.1% logz-ratio=1122137.48+/-0.07 dlogz:164.186>0.01]19048it [19:47:39, 19.14s/it, bound:4267 nc:1553 ncall:2.3e+07 eff:0.1% logz-ratio=1122137.69+/-0.06 dlogz:163.971>0.01]19051it [19:47:39, 12.75s/it, bound:4268 nc:  1 ncall:2.3e+07 eff:0.1% logz-ratio=1122176.78+/-0.29 dlogz:123.718>0.01] 19051it [19:47:54, 12.75s/it, bound:4268 nc:  1 ncall:2.3e+07 eff:0.1% logz-ratio=1122294.69+/-0.69 dlogz:1.098>0.01]  19052it [19:48:35, 18.63s/it, bound:4268 nc:2141 ncall:2.3e+07 eff:0.1% logz-ratio=1122137.92+/-0.07 dlogz:163.747>0.01]19056it [19:49:35, 17.02s/it, bound:4269 nc:2001 ncall:2.3e+07 eff:0.1% logz-ratio=1122138.19+/-0.12 dlogz:163.465>0.01]19058it [19:49:35, 12.97s/it, bound:4269 nc:  1 ncall:2.3e+07 eff:0.1% logz-ratio=1122177.46+/-0.29 dlogz:123.017>0.01] 19059it [19:49:54, 12.97s/it, bound:4270 nc:1899 ncall:2.3e+07 eff:0.1% logz-ratio=1122138.38+/-0.07 dlogz:163.274>0.01]19060it [19:50:43, 18.39s/it, bound:4270 nc:2144 ncall:2.3e+07 eff:0.1% logz-ratio=1122138.46+/-0.10 dlogz:163.201>0.01]19061it [19:51:03, 18.60s/it, bound:4270 nc:2505 ncall:2.3e+07 eff:0.1% logz-ratio=1122138.53+/-0.08 dlogz:163.125>0.01]19064it [19:52:10, 20.03s/it, bound:4271 nc:2238 ncall:2.3e+07 eff:0.1% logz-ratio=1122138.75+/-0.11 dlogz:162.897>0.01]19066it [19:52:10, 14.54s/it, bound:4272 nc:  1 ncall:2.3e+07 eff:0.1% logz-ratio=1122169.13+/-0.29 dlogz:131.573>0.01] 19066it [19:52:24, 14.54s/it, bound:4272 nc:  1 ncall:2.3e+07 eff:0.1% logz-ratio=1122294.66+/-0.69 dlogz:1.098>0.01]  19067it [19:53:31, 25.46s/it, bound:4272 nc:2897 ncall:2.3e+07 eff:0.1% logz-ratio=1122138.97+/-0.08 dlogz:162.670>0.01]19071it [19:54:56, 23.41s/it, bound:4273 nc:2781 ncall:2.3e+07 eff:0.1% logz-ratio=1122139.23+/-0.07 dlogz:162.385>0.01]19074it [19:54:56, 15.43s/it, bound:4274 nc:  1 ncall:2.3e+07 eff:0.1% logz-ratio=1122169.82+/-0.29 dlogz:130.853>0.01] 19074it [19:55:14, 15.43s/it, bound:4274 nc:  1 ncall:2.3e+07 eff:0.1% logz-ratio=1122294.64+/-0.69 dlogz:1.098>0.01]  19075it [19:56:13, 24.08s/it, bound:4274 nc:2633 ncall:2.3e+07 eff:0.1% logz-ratio=1122139.62+/-0.09 dlogz:162.021>0.01]19078it [19:56:13, 15.07s/it, bound:4275 nc:  1 ncall:2.3e+07 eff:0.1% logz-ratio=1122173.54+/-0.29 dlogz:127.032>0.01] 19078it [19:56:24, 15.07s/it, bound:4275 nc:  1 ncall:2.3e+07 eff:0.1% logz-ratio=1122294.64+/-0.69 dlogz:1.098>0.01]  19079it [19:57:29, 24.34s/it, bound:4275 nc:2551 ncall:2.3e+07 eff:0.1% logz-ratio=1122139.99+/-0.08 dlogz:161.638>0.01]19082it [19:57:30, 14.77s/it, bound:4276 nc:  1 ncall:2.3e+07 eff:0.1% logz-ratio=1122174.39+/-0.29 dlogz:126.159>0.01] 19082it [19:57:44, 14.77s/it, bound:4276 nc:  1 ncall:2.3e+07 eff:0.1% logz-ratio=1122294.63+/-0.69 dlogz:1.098>0.01]  19083it [19:58:52, 25.45s/it, bound:4276 nc:2486 ncall:2.3e+07 eff:0.1% logz-ratio=1122140.30+/-0.08 dlogz:161.314>0.01]19086it [19:58:52, 15.19s/it, bound:4277 nc:  1 ncall:2.3e+07 eff:0.1% logz-ratio=1122173.93+/-0.29 dlogz:126.616>0.01] 19086it [19:59:04, 15.19s/it, bound:4277 nc:  1 ncall:2.3e+07 eff:0.1% logz-ratio=1122294.62+/-0.69 dlogz:1.098>0.01]  19087it [20:00:10, 25.36s/it, bound:4277 nc:2623 ncall:2.3e+07 eff:0.1% logz-ratio=1122140.57+/-0.07 dlogz:161.026>0.01]19090it [20:00:10, 15.01s/it, bound:4278 nc:  1 ncall:2.3e+07 eff:0.1% logz-ratio=1122193.01+/-0.29 dlogz:106.842>0.01] 19090it [20:00:24, 15.01s/it, bound:4278 nc:  1 ncall:2.3e+07 eff:0.1% logz-ratio=1122294.61+/-0.69 dlogz:1.098>0.01]  19091it [20:01:26, 24.91s/it, bound:4278 nc:2721 ncall:2.3e+07 eff:0.1% logz-ratio=1122140.84+/-0.07 dlogz:160.749>0.01]19093it [20:01:46, 20.19s/it, bound:4278 nc:1700 ncall:2.3e+07 eff:0.1% logz-ratio=1122140.98+/-0.07 dlogz:160.610>0.01]19095it [20:03:10, 26.94s/it, bound:4279 nc:2657 ncall:2.4e+07 eff:0.1% logz-ratio=1122141.13+/-0.08 dlogz:160.462>0.01]19098it [20:03:10, 16.16s/it, bound:4280 nc:  1 ncall:2.4e+07 eff:0.1% logz-ratio=1122173.13+/-0.29 dlogz:127.449>0.01] 19098it [20:03:24, 16.16s/it, bound:4280 nc:  1 ncall:2.4e+07 eff:0.1% logz-ratio=1122294.60+/-0.69 dlogz:1.098>0.01]  19099it [20:04:18, 24.53s/it, bound:4280 nc:2220 ncall:2.4e+07 eff:0.1% logz-ratio=1122141.50+/-0.08 dlogz:160.093>0.01]19101it [20:04:19, 16.84s/it, bound:4281 nc:  1 ncall:2.4e+07 eff:0.1% logz-ratio=1122164.89+/-0.29 dlogz:135.925>0.01] 19101it [20:04:34, 16.84s/it, bound:4281 nc:  1 ncall:2.4e+07 eff:0.1% logz-ratio=1122294.59+/-0.69 dlogz:1.098>0.01]  19102it [20:05:31, 26.94s/it, bound:4281 nc:2228 ncall:2.4e+07 eff:0.1% logz-ratio=1122141.76+/-0.08 dlogz:159.825>0.01]19106it [20:06:39, 21.90s/it, bound:4282 nc:1634 ncall:2.4e+07 eff:0.1% logz-ratio=1122142.11+/-0.09 dlogz:159.473>0.01]19109it [20:06:39, 14.16s/it, bound:4283 nc:  1 ncall:2.4e+07 eff:0.1% logz-ratio=1122177.04+/-0.29 dlogz:123.408>0.01] 19109it [20:06:54, 14.16s/it, bound:4283 nc:  1 ncall:2.4e+07 eff:0.1% logz-ratio=1122294.57+/-0.70 dlogz:1.098>0.01]  19110it [20:08:02, 24.09s/it, bound:4283 nc:2588 ncall:2.4e+07 eff:0.1% logz-ratio=1122142.46+/-0.08 dlogz:159.103>0.01]19113it [20:08:02, 14.90s/it, bound:4284 nc:  1 ncall:2.4e+07 eff:0.1% logz-ratio=1122180.21+/-0.29 dlogz:120.143>0.01] 19113it [20:08:14, 14.90s/it, bound:4284 nc:  1 ncall:2.4e+07 eff:0.1% logz-ratio=1122294.57+/-0.70 dlogz:1.098>0.01]  19114it [20:09:07, 22.67s/it, bound:4284 nc:2170 ncall:2.4e+07 eff:0.1% logz-ratio=1122142.82+/-0.08 dlogz:158.744>0.01]19118it [20:10:07, 19.08s/it, bound:4285 nc:1957 ncall:2.4e+07 eff:0.1% logz-ratio=1122143.13+/-0.08 dlogz:158.406>0.01]19122it [20:11:11, 17.79s/it, bound:4286 nc:2250 ncall:2.4e+07 eff:0.1% logz-ratio=1122143.41+/-0.10 dlogz:158.116>0.01]19126it [20:12:20, 17.62s/it, bound:4287 nc:2327 ncall:2.4e+07 eff:0.1% logz-ratio=1122143.67+/-0.10 dlogz:157.843>0.01]19127it [20:12:41, 17.94s/it, bound:4287 nc:2478 ncall:2.4e+07 eff:0.1% logz-ratio=1122143.74+/-0.07 dlogz:157.777>0.01]19130it [20:13:53, 20.04s/it, bound:4288 nc:2273 ncall:2.4e+07 eff:0.1% logz-ratio=1122143.97+/-0.11 dlogz:157.548>0.01]19132it [20:13:54, 15.25s/it, bound:4288 nc:  1 ncall:2.4e+07 eff:0.1% logz-ratio=1122178.05+/-0.30 dlogz:122.404>0.01] 19133it [20:14:04, 15.25s/it, bound:4289 nc:1568 ncall:2.4e+07 eff:0.1% logz-ratio=1122144.18+/-0.08 dlogz:157.331>0.01]19134it [20:14:57, 19.47s/it, bound:4289 nc:1933 ncall:2.4e+07 eff:0.1% logz-ratio=1122144.26+/-0.11 dlogz:157.250>0.01]19138it [20:16:05, 18.37s/it, bound:4290 nc:2383 ncall:2.4e+07 eff:0.1% logz-ratio=1122144.55+/-0.07 dlogz:156.947>0.01]19142it [20:16:54, 16.12s/it, bound:4291 nc:1747 ncall:2.4e+07 eff:0.1% logz-ratio=1122144.79+/-0.07 dlogz:156.689>0.01]19146it [20:18:05, 16.68s/it, bound:4292 nc:2209 ncall:2.4e+07 eff:0.1% logz-ratio=1122145.02+/-0.10 dlogz:156.453>0.01]19149it [20:18:05, 12.15s/it, bound:4293 nc:  1 ncall:2.4e+07 eff:0.1% logz-ratio=1122178.60+/-0.30 dlogz:121.845>0.01] 19149it [20:18:24, 12.15s/it, bound:4293 nc:  1 ncall:2.4e+07 eff:0.1% logz-ratio=1122294.49+/-0.75 dlogz:1.098>0.01]  19150it [20:19:21, 19.44s/it, bound:4293 nc:1896 ncall:2.4e+07 eff:0.1% logz-ratio=1122145.29+/-0.07 dlogz:156.172>0.01]19153it [20:19:21, 13.04s/it, bound:4294 nc:  1 ncall:2.4e+07 eff:0.1% logz-ratio=1122173.14+/-0.29 dlogz:127.459>0.01] 19153it [20:19:34, 13.04s/it, bound:4294 nc:  1 ncall:2.4e+07 eff:0.1% logz-ratio=1122294.49+/-0.75 dlogz:1.098>0.01]  19154it [20:20:41, 22.12s/it, bound:4294 nc:1666 ncall:2.4e+07 eff:0.1% logz-ratio=1122145.53+/-0.07 dlogz:155.916>0.01]19157it [20:20:41, 14.00s/it, bound:4295 nc:  1 ncall:2.4e+07 eff:0.1% logz-ratio=1122180.16+/-0.30 dlogz:120.226>0.01] 19157it [20:20:54, 14.00s/it, bound:4295 nc:  1 ncall:2.4e+07 eff:0.1% logz-ratio=1122294.48+/-0.75 dlogz:1.098>0.01]  19158it [20:21:55, 22.93s/it, bound:4295 nc:2010 ncall:2.4e+07 eff:0.1% logz-ratio=1122145.76+/-0.07 dlogz:155.684>0.01]19162it [20:23:13, 21.34s/it, bound:4296 nc:2710 ncall:2.4e+07 eff:0.1% logz-ratio=1122145.98+/-0.07 dlogz:155.455>0.01]19164it [20:23:33, 18.55s/it, bound:4296 nc:2726 ncall:2.4e+07 eff:0.1% logz-ratio=1122146.09+/-0.07 dlogz:155.335>0.01]19166it [20:24:51, 23.86s/it, bound:4297 nc:2320 ncall:2.4e+07 eff:0.1% logz-ratio=1122146.19+/-0.06 dlogz:155.225>0.01]19170it [20:26:10, 22.16s/it, bound:4298 nc:2475 ncall:2.4e+07 eff:0.1% logz-ratio=1122146.38+/-0.06 dlogz:155.029>0.01]19174it [20:27:32, 21.54s/it, bound:4299 nc:2154 ncall:2.4e+07 eff:0.1% logz-ratio=1122146.57+/-0.06 dlogz:154.831>0.01]19177it [20:27:32, 15.33s/it, bound:4300 nc:  1 ncall:2.4e+07 eff:0.1% logz-ratio=1122180.80+/-0.29 dlogz:119.572>0.01] 19177it [20:27:44, 15.33s/it, bound:4300 nc:  1 ncall:2.4e+07 eff:0.1% logz-ratio=1122294.44+/-0.69 dlogz:1.098>0.01]  19178it [20:28:49, 22.78s/it, bound:4300 nc:1866 ncall:2.4e+07 eff:0.1% logz-ratio=1122146.76+/-0.06 dlogz:154.632>0.01]19181it [20:28:49, 15.02s/it, bound:4301 nc:  1 ncall:2.4e+07 eff:0.1% logz-ratio=1122182.52+/-0.29 dlogz:117.790>0.01] 19181it [20:29:04, 15.02s/it, bound:4301 nc:  1 ncall:2.4e+07 eff:0.1% logz-ratio=1122294.43+/-0.69 dlogz:1.098>0.01]  19182it [20:30:00, 22.84s/it, bound:4301 nc:2536 ncall:2.4e+07 eff:0.1% logz-ratio=1122146.95+/-0.06 dlogz:154.435>0.01]19186it [20:30:59, 19.18s/it, bound:4302 nc:2236 ncall:2.4e+07 eff:0.1% logz-ratio=1122147.14+/-0.06 dlogz:154.240>0.01]19190it [20:32:19, 19.50s/it, bound:4303 nc:2415 ncall:2.4e+07 eff:0.1% logz-ratio=1122147.33+/-0.10 dlogz:154.044>0.01]19194it [20:33:34, 19.29s/it, bound:4304 nc:2075 ncall:2.4e+07 eff:0.1% logz-ratio=1122147.51+/-0.08 dlogz:153.844>0.01]19195it [20:33:54, 19.31s/it, bound:4304 nc:2673 ncall:2.4e+07 eff:0.1% logz-ratio=1122147.56+/-0.06 dlogz:153.797>0.01]19198it [20:35:14, 21.74s/it, bound:4305 nc:2818 ncall:2.4e+07 eff:0.1% logz-ratio=1122147.70+/-0.09 dlogz:153.659>0.01]19200it [20:35:14, 16.60s/it, bound:4305 nc:  1 ncall:2.4e+07 eff:0.1% logz-ratio=1122187.57+/-0.30 dlogz:112.580>0.01] 19201it [20:35:34, 16.60s/it, bound:4306 nc:2524 ncall:2.4e+07 eff:0.1% logz-ratio=1122147.87+/-0.07 dlogz:153.486>0.01]19202it [20:36:31, 22.08s/it, bound:4306 nc:2480 ncall:2.4e+07 eff:0.1% logz-ratio=1122147.93+/-0.09 dlogz:153.427>0.01]19205it [20:36:31, 14.33s/it, bound:4307 nc:2683 ncall:2.4e+07 eff:0.1% logz-ratio=1122148.09+/-0.07 dlogz:153.259>0.01]19205it [20:36:44, 14.33s/it, bound:4307 nc:2683 ncall:2.4e+07 eff:0.1% logz-ratio=1122148.09+/-0.07 dlogz:153.259>0.01]19206it [20:37:50, 23.66s/it, bound:4307 nc:2383 ncall:2.4e+07 eff:0.1% logz-ratio=1122148.17+/-0.10 dlogz:153.195>0.01]19208it [20:37:50, 16.80s/it, bound:4307 nc:  1 ncall:2.4e+07 eff:0.1% logz-ratio=1122183.15+/-0.29 dlogz:117.148>0.01] 19209it [20:38:04, 16.80s/it, bound:4308 nc:2723 ncall:2.4e+07 eff:0.1% logz-ratio=1122148.37+/-0.07 dlogz:152.983>0.01]19210it [20:39:00, 22.03s/it, bound:4308 nc:1830 ncall:2.4e+07 eff:0.1% logz-ratio=1122148.44+/-0.10 dlogz:152.915>0.01]19212it [20:39:00, 15.54s/it, bound:4308 nc:  1 ncall:2.4e+07 eff:0.1% logz-ratio=1122183.66+/-0.29 dlogz:116.615>0.01] 19213it [20:39:14, 15.54s/it, bound:4309 nc:2492 ncall:2.4e+07 eff:0.1% logz-ratio=1122148.66+/-0.08 dlogz:152.692>0.01]19214it [20:40:17, 22.40s/it, bound:4309 nc:2337 ncall:2.4e+07 eff:0.1% logz-ratio=1122148.73+/-0.11 dlogz:152.615>0.01]19218it [20:41:30, 20.53s/it, bound:4310 nc:2124 ncall:2.4e+07 eff:0.1% logz-ratio=1122149.00+/-0.10 dlogz:152.332>0.01]19220it [20:41:30, 15.47s/it, bound:4310 nc:  1 ncall:2.4e+07 eff:0.1% logz-ratio=1122221.37+/-0.30 dlogz:77.408>0.01]  19221it [20:41:44, 15.47s/it, bound:4311 nc:1959 ncall:2.4e+07 eff:0.1% logz-ratio=1122149.19+/-0.07 dlogz:152.130>0.01]19222it [20:42:43, 20.83s/it, bound:4311 nc:1918 ncall:2.4e+07 eff:0.1% logz-ratio=1122149.25+/-0.10 dlogz:152.066>0.01]19224it [20:42:43, 15.19s/it, bound:4311 nc:  1 ncall:2.4e+07 eff:0.1% logz-ratio=1122183.33+/-0.29 dlogz:116.983>0.01] 19225it [20:42:54, 15.19s/it, bound:4312 nc:2490 ncall:2.4e+07 eff:0.1% logz-ratio=1122149.43+/-0.07 dlogz:151.880>0.01]19226it [20:43:56, 21.23s/it, bound:4312 nc:2106 ncall:2.4e+07 eff:0.1% logz-ratio=1122149.49+/-0.10 dlogz:151.820>0.01]19227it [20:44:11, 20.16s/it, bound:4312 nc:2546 ncall:2.4e+07 eff:0.1% logz-ratio=1122149.55+/-0.07 dlogz:151.758>0.01]19230it [20:45:23, 21.78s/it, bound:4313 nc:1988 ncall:2.4e+07 eff:0.1% logz-ratio=1122149.71+/-0.09 dlogz:151.586>0.01]19232it [20:45:23, 15.61s/it, bound:4313 nc:  1 ncall:2.4e+07 eff:0.1% logz-ratio=1122187.25+/-0.30 dlogz:112.927>0.01] 19233it [20:45:34, 15.61s/it, bound:4314 nc:2320 ncall:2.4e+07 eff:0.1% logz-ratio=1122149.86+/-0.06 dlogz:151.430>0.01]19234it [20:46:32, 21.06s/it, bound:4314 nc:2364 ncall:2.4e+07 eff:0.1% logz-ratio=1122149.91+/-0.09 dlogz:151.378>0.01]19236it [20:46:32, 14.93s/it, bound:4314 nc:  1 ncall:2.4e+07 eff:0.1% logz-ratio=1122184.17+/-0.29 dlogz:116.105>0.01] 19237it [20:46:44, 14.93s/it, bound:4315 nc:2472 ncall:2.4e+07 eff:0.1% logz-ratio=1122150.10+/-0.07 dlogz:151.195>0.01]19238it [20:47:44, 21.11s/it, bound:4315 nc:2136 ncall:2.4e+07 eff:0.1% logz-ratio=1122150.17+/-0.10 dlogz:151.125>0.01]19240it [20:47:44, 14.88s/it, bound:4315 nc:  1 ncall:2.4e+07 eff:0.1% logz-ratio=1122186.84+/-0.30 dlogz:113.352>0.01] 19241it [20:48:04, 14.88s/it, bound:4316 nc:2416 ncall:2.4e+07 eff:0.1% logz-ratio=1122150.37+/-0.07 dlogz:150.918>0.01]19242it [20:48:43, 19.17s/it, bound:4316 nc:1867 ncall:2.4e+07 eff:0.1% logz-ratio=1122150.43+/-0.10 dlogz:150.848>0.01]19246it [20:49:52, 18.31s/it, bound:4317 nc:2133 ncall:2.4e+07 eff:0.1% logz-ratio=1122150.68+/-0.10 dlogz:150.592>0.01]19248it [20:49:52, 13.80s/it, bound:4317 nc:  1 ncall:2.4e+07 eff:0.1% logz-ratio=1122192.16+/-0.29 dlogz:107.847>0.01] 19249it [20:50:04, 13.80s/it, bound:4318 nc:2503 ncall:2.4e+07 eff:0.1% logz-ratio=1122150.87+/-0.07 dlogz:150.403>0.01]19250it [20:50:50, 17.71s/it, bound:4318 nc:1638 ncall:2.4e+07 eff:0.1% logz-ratio=1122150.94+/-0.10 dlogz:150.333>0.01]19254it [20:51:50, 16.56s/it, bound:4319 nc:1596 ncall:2.4e+07 eff:0.1% logz-ratio=1122151.21+/-0.10 dlogz:150.059>0.01]19258it [20:52:49, 15.92s/it, bound:4320 nc:2133 ncall:2.4e+07 eff:0.1% logz-ratio=1122151.54+/-0.14 dlogz:149.736>0.01]19260it [20:52:50, 12.54s/it, bound:4320 nc:  1 ncall:2.4e+07 eff:0.1% logz-ratio=1122179.27+/-0.29 dlogz:121.166>0.01] 19261it [20:53:04, 12.54s/it, bound:4321 nc:2068 ncall:2.4e+07 eff:0.1% logz-ratio=1122151.81+/-0.08 dlogz:149.454>0.01]19262it [20:53:57, 17.48s/it, bound:4321 nc:2231 ncall:2.4e+07 eff:0.1% logz-ratio=1122151.90+/-0.11 dlogz:149.367>0.01]19264it [20:53:57, 13.12s/it, bound:4321 nc:  1 ncall:2.4e+07 eff:0.1% logz-ratio=1122189.93+/-0.30 dlogz:110.179>0.01] 19265it [20:54:14, 13.12s/it, bound:4322 nc:1976 ncall:2.4e+07 eff:0.1% logz-ratio=1122152.18+/-0.08 dlogz:149.081>0.01]19266it [20:55:03, 18.30s/it, bound:4322 nc:2420 ncall:2.4e+07 eff:0.1% logz-ratio=1122152.29+/-0.12 dlogz:148.988>0.01]19267it [20:55:18, 17.90s/it, bound:4322 nc:1541 ncall:2.4e+07 eff:0.1% logz-ratio=1122152.40+/-0.10 dlogz:148.882>0.01]19270it [20:56:20, 18.98s/it, bound:4323 nc:1831 ncall:2.4e+07 eff:0.1% logz-ratio=1122152.72+/-0.09 dlogz:148.547>0.01]19274it [20:57:30, 18.29s/it, bound:4324 nc:1409 ncall:2.4e+07 eff:0.1% logz-ratio=1122153.24+/-0.17 dlogz:148.042>0.01]19276it [20:57:30, 13.97s/it, bound:4324 nc:  1 ncall:2.4e+07 eff:0.1% logz-ratio=1122184.85+/-0.29 dlogz:115.382>0.01] 19277it [20:57:44, 13.97s/it, bound:4325 nc:2528 ncall:2.4e+07 eff:0.1% logz-ratio=1122153.60+/-0.10 dlogz:147.671>0.01]19278it [20:58:29, 17.87s/it, bound:4325 nc:1938 ncall:2.4e+07 eff:0.1% logz-ratio=1122153.71+/-0.13 dlogz:147.551>0.01]19280it [20:58:29, 13.14s/it, bound:4325 nc:  1 ncall:2.4e+07 eff:0.1% logz-ratio=1122191.11+/-0.29 dlogz:108.951>0.01] 19281it [20:58:44, 13.14s/it, bound:4326 nc:2041 ncall:2.4e+07 eff:0.1% logz-ratio=1122154.04+/-0.09 dlogz:147.206>0.01]19282it [20:59:34, 18.54s/it, bound:4326 nc:2178 ncall:2.4e+07 eff:0.1% logz-ratio=1122154.13+/-0.12 dlogz:147.102>0.01]19284it [20:59:34, 13.33s/it, bound:4326 nc:  1 ncall:2.4e+07 eff:0.1% logz-ratio=1122186.29+/-0.30 dlogz:113.903>0.01] 19285it [20:59:54, 13.33s/it, bound:4327 nc:1755 ncall:2.4e+07 eff:0.1% logz-ratio=1122154.40+/-0.08 dlogz:146.818>0.01]19286it [21:00:46, 19.75s/it, bound:4327 nc:2417 ncall:2.4e+07 eff:0.1% logz-ratio=1122154.50+/-0.12 dlogz:146.729>0.01]19288it [21:00:46, 14.02s/it, bound:4327 nc:  1 ncall:2.4e+07 eff:0.1% logz-ratio=1122192.22+/-0.29 dlogz:107.786>0.01] 19289it [21:01:04, 14.02s/it, bound:4328 nc:1944 ncall:2.4e+07 eff:0.1% logz-ratio=1122154.80+/-0.09 dlogz:146.421>0.01]19290it [21:01:49, 19.12s/it, bound:4328 nc:2018 ncall:2.4e+07 eff:0.1% logz-ratio=1122154.88+/-0.12 dlogz:146.325>0.01]19292it [21:01:49, 13.48s/it, bound:4328 nc:  1 ncall:2.4e+07 eff:0.1% logz-ratio=1122183.64+/-0.29 dlogz:116.637>0.01] 19293it [21:02:04, 13.48s/it, bound:4329 nc:2170 ncall:2.4e+07 eff:0.1% logz-ratio=1122155.12+/-0.08 dlogz:146.071>0.01]19294it [21:02:51, 18.76s/it, bound:4329 nc:2072 ncall:2.4e+07 eff:0.1% logz-ratio=1122155.19+/-0.11 dlogz:145.995>0.01]19296it [21:02:51, 13.19s/it, bound:4329 nc:  1 ncall:2.4e+07 eff:0.1% logz-ratio=1122189.40+/-0.30 dlogz:110.715>0.01] 19297it [21:03:04, 13.19s/it, bound:4330 nc:2276 ncall:2.4e+07 eff:0.1% logz-ratio=1122155.40+/-0.07 dlogz:145.776>0.01]19298it [21:03:59, 19.33s/it, bound:4330 nc:2241 ncall:2.4e+07 eff:0.1% logz-ratio=1122155.47+/-0.10 dlogz:145.707>0.01]19300it [21:03:59, 13.57s/it, bound:4330 nc:  1 ncall:2.4e+07 eff:0.1% logz-ratio=1122183.87+/-0.29 dlogz:116.404>0.01] 19301it [21:04:14, 13.57s/it, bound:4331 nc:2298 ncall:2.4e+07 eff:0.1% logz-ratio=1122155.68+/-0.08 dlogz:145.492>0.01]19302it [21:05:05, 19.31s/it, bound:4331 nc:1667 ncall:2.4e+07 eff:0.1% logz-ratio=1122155.75+/-0.10 dlogz:145.418>0.01]19303it [21:11:31, 83.89s/it, bound:4331 nc:2199 ncall:2.4e+07 eff:0.1% logz-ratio=1122155.81+/-0.07 dlogz:145.348>0.01]19306it [21:12:37, 57.37s/it, bound:4332 nc:2375 ncall:2.4e+07 eff:0.1% logz-ratio=1122156.00+/-0.10 dlogz:145.148>0.01]19308it [21:12:37, 40.71s/it, bound:4332 nc:  1 ncall:2.4e+07 eff:0.1% logz-ratio=1122191.16+/-0.29 dlogz:108.893>0.01] 19309it [21:12:54, 40.71s/it, bound:4333 nc:2203 ncall:2.4e+07 eff:0.1% logz-ratio=1122156.18+/-0.07 dlogz:144.960>0.01]19310it [21:13:43, 38.35s/it, bound:4333 nc:2315 ncall:2.4e+07 eff:0.1% logz-ratio=1122156.23+/-0.09 dlogz:144.903>0.01]19313it [21:13:43, 23.56s/it, bound:4334 nc:  1 ncall:2.4e+07 eff:0.1% logz-ratio=1122190.66+/-0.30 dlogz:109.424>0.01] 19313it [21:13:54, 23.56s/it, bound:4334 nc:  1 ncall:2.4e+07 eff:0.1% logz-ratio=1122294.17+/-0.69 dlogz:1.098>0.01]  19314it [21:14:51, 30.54s/it, bound:4334 nc:1930 ncall:2.4e+07 eff:0.1% logz-ratio=1122156.45+/-0.07 dlogz:144.677>0.01]19317it [21:14:51, 18.35s/it, bound:4335 nc:  1 ncall:2.4e+07 eff:0.1% logz-ratio=1122190.20+/-0.30 dlogz:109.902>0.01] 19317it [21:15:04, 18.35s/it, bound:4335 nc:  1 ncall:2.4e+07 eff:0.1% logz-ratio=1122294.16+/-0.69 dlogz:1.098>0.01]  19318it [21:15:56, 25.75s/it, bound:4335 nc:1706 ncall:2.4e+07 eff:0.1% logz-ratio=1122156.66+/-0.06 dlogz:144.458>0.01]19322it [21:16:56, 20.61s/it, bound:4336 nc:1639 ncall:2.4e+07 eff:0.1% logz-ratio=1122156.88+/-0.07 dlogz:144.235>0.01]19326it [21:18:06, 19.38s/it, bound:4337 nc:2480 ncall:2.4e+07 eff:0.1% logz-ratio=1122157.11+/-0.10 dlogz:144.003>0.01]19328it [21:18:06, 15.04s/it, bound:4337 nc:  1 ncall:2.4e+07 eff:0.1% logz-ratio=1122194.29+/-0.30 dlogz:105.621>0.01] 19329it [21:18:24, 15.04s/it, bound:4338 nc:2006 ncall:2.4e+07 eff:0.1% logz-ratio=1122157.31+/-0.07 dlogz:143.800>0.01]19330it [21:19:19, 20.22s/it, bound:4338 nc:2208 ncall:2.4e+07 eff:0.1% logz-ratio=1122157.38+/-0.10 dlogz:143.730>0.01]19331it [21:19:19, 17.27s/it, bound:4338 nc:2705 ncall:2.4e+07 eff:0.1% logz-ratio=1122157.44+/-0.07 dlogz:143.664>0.01]19333it [21:19:34, 17.27s/it, bound:4339 nc:2321 ncall:2.4e+07 eff:0.1% logz-ratio=1122157.57+/-0.07 dlogz:143.539>0.01]19334it [21:20:17, 18.07s/it, bound:4339 nc:2100 ncall:2.4e+07 eff:0.1% logz-ratio=1122157.65+/-0.11 dlogz:143.467>0.01]19338it [21:21:24, 17.50s/it, bound:4340 nc:1678 ncall:2.4e+07 eff:0.1% logz-ratio=1122157.98+/-0.11 dlogz:143.131>0.01]19340it [21:21:42, 15.46s/it, bound:4340 nc:1582 ncall:2.4e+07 eff:0.1% logz-ratio=1122158.13+/-0.08 dlogz:142.970>0.01]19342it [21:22:57, 21.04s/it, bound:4341 nc:2397 ncall:2.4e+07 eff:0.1% logz-ratio=1122158.26+/-0.12 dlogz:142.825>0.01]19344it [21:22:57, 15.52s/it, bound:4341 nc:  1 ncall:2.4e+07 eff:0.1% logz-ratio=1122191.43+/-0.29 dlogz:108.611>0.01] 19345it [21:23:14, 15.52s/it, bound:4342 nc:2717 ncall:2.4e+07 eff:0.1% logz-ratio=1122158.45+/-0.07 dlogz:142.628>0.01]19346it [21:24:02, 20.08s/it, bound:4342 nc:2278 ncall:2.4e+07 eff:0.1% logz-ratio=1122158.51+/-0.10 dlogz:142.563>0.01]19348it [21:24:02, 14.46s/it, bound:4342 nc:  1 ncall:2.4e+07 eff:0.1% logz-ratio=1122181.78+/-0.29 dlogz:118.569>0.01] 19349it [21:24:14, 14.46s/it, bound:4343 nc:2272 ncall:2.4e+07 eff:0.1% logz-ratio=1122158.69+/-0.07 dlogz:142.373>0.01]19350it [21:25:23, 21.97s/it, bound:4343 nc:2500 ncall:2.4e+07 eff:0.1% logz-ratio=1122158.75+/-0.10 dlogz:142.310>0.01]19354it [21:26:54, 22.28s/it, bound:4344 nc:3213 ncall:2.4e+07 eff:0.1% logz-ratio=1122159.00+/-0.10 dlogz:142.056>0.01]19356it [21:26:54, 16.87s/it, bound:4344 nc:  1 ncall:2.4e+07 eff:0.1% logz-ratio=1122181.79+/-0.29 dlogz:118.560>0.01] 19357it [21:27:04, 16.87s/it, bound:4345 nc:2222 ncall:2.4e+07 eff:0.1% logz-ratio=1122159.19+/-0.07 dlogz:141.869>0.01]19358it [21:28:23, 24.02s/it, bound:4345 nc:2856 ncall:2.4e+07 eff:0.1% logz-ratio=1122159.25+/-0.10 dlogz:141.801>0.01]19360it [21:28:23, 17.57s/it, bound:4345 nc:  1 ncall:2.4e+07 eff:0.1% logz-ratio=1122192.72+/-0.29 dlogz:107.257>0.01] 19361it [21:28:34, 17.57s/it, bound:4346 nc:3168 ncall:2.4e+07 eff:0.1% logz-ratio=1122159.46+/-0.07 dlogz:141.589>0.01]19362it [21:29:47, 24.26s/it, bound:4346 nc:1945 ncall:2.4e+07 eff:0.1% logz-ratio=1122159.52+/-0.10 dlogz:141.521>0.01]19364it [21:29:47, 17.38s/it, bound:4346 nc:  1 ncall:2.4e+07 eff:0.1% logz-ratio=1122192.94+/-0.29 dlogz:107.024>0.01] 19365it [21:30:04, 17.38s/it, bound:4347 nc:2821 ncall:2.4e+07 eff:0.1% logz-ratio=1122159.72+/-0.07 dlogz:141.318>0.01]19366it [21:30:57, 22.43s/it, bound:4347 nc:2423 ncall:2.4e+07 eff:0.1% logz-ratio=1122159.79+/-0.10 dlogz:141.250>0.01]19368it [21:30:57, 15.89s/it, bound:4347 nc:  1 ncall:2.4e+07 eff:0.1% logz-ratio=1122192.70+/-0.29 dlogz:107.259>0.01] 19369it [21:31:14, 15.89s/it, bound:4348 nc:2444 ncall:2.4e+07 eff:0.1% logz-ratio=1122159.98+/-0.07 dlogz:141.047>0.01]19370it [21:32:15, 22.79s/it, bound:4348 nc:2823 ncall:2.4e+07 eff:0.1% logz-ratio=1122160.05+/-0.10 dlogz:140.980>0.01]19371it [21:32:36, 22.47s/it, bound:4348 nc:2605 ncall:2.4e+07 eff:0.1% logz-ratio=1122160.11+/-0.07 dlogz:140.914>0.01]19374it [21:33:51, 23.55s/it, bound:4349 nc:2492 ncall:2.4e+07 eff:0.1% logz-ratio=1122160.31+/-0.10 dlogz:140.713>0.01]19378it [21:35:05, 21.24s/it, bound:4350 nc:2487 ncall:2.4e+07 eff:0.1% logz-ratio=1122160.60+/-0.10 dlogz:140.417>0.01]19380it [21:35:05, 16.10s/it, bound:4350 nc:  1 ncall:2.4e+07 eff:0.1% logz-ratio=1122194.53+/-0.29 dlogz:105.371>0.01] 19381it [21:35:24, 16.10s/it, bound:4351 nc:2362 ncall:2.4e+07 eff:0.1% logz-ratio=1122160.82+/-0.08 dlogz:140.198>0.01]19382it [21:36:11, 20.42s/it, bound:4351 nc:2235 ncall:2.4e+07 eff:0.1% logz-ratio=1122160.90+/-0.11 dlogz:140.118>0.01]19384it [21:36:11, 14.94s/it, bound:4351 nc:  1 ncall:2.4e+07 eff:0.1% logz-ratio=1122199.46+/-0.30 dlogz:100.277>0.01] 19385it [21:36:24, 14.94s/it, bound:4352 nc:2315 ncall:2.4e+07 eff:0.1% logz-ratio=1122161.15+/-0.08 dlogz:139.867>0.01]19386it [21:37:38, 22.85s/it, bound:4352 nc:2711 ncall:2.4e+07 eff:0.1% logz-ratio=1122161.23+/-0.11 dlogz:139.781>0.01]19388it [21:37:38, 16.38s/it, bound:4352 nc:  1 ncall:2.4e+07 eff:0.1% logz-ratio=1122194.07+/-0.29 dlogz:105.838>0.01] 19389it [21:37:54, 16.38s/it, bound:4353 nc:2238 ncall:2.4e+07 eff:0.1% logz-ratio=1122161.48+/-0.08 dlogz:139.528>0.01]19390it [21:39:03, 23.94s/it, bound:4353 nc:2995 ncall:2.4e+07 eff:0.1% logz-ratio=1122161.55+/-0.11 dlogz:139.445>0.01]19392it [21:39:03, 16.97s/it, bound:4353 nc:  1 ncall:2.4e+07 eff:0.1% logz-ratio=1122191.97+/-0.29 dlogz:108.030>0.01] 19393it [21:39:14, 16.97s/it, bound:4354 nc:2717 ncall:2.4e+07 eff:0.1% logz-ratio=1122161.77+/-0.08 dlogz:139.215>0.01]19394it [21:40:28, 24.52s/it, bound:4354 nc:2525 ncall:2.4e+07 eff:0.1% logz-ratio=1122161.84+/-0.10 dlogz:139.142>0.01]19396it [21:40:28, 17.28s/it, bound:4354 nc:  1 ncall:2.4e+07 eff:0.1% logz-ratio=1122197.56+/-0.30 dlogz:102.242>0.01] 19397it [21:40:44, 17.28s/it, bound:4355 nc:2920 ncall:2.4e+07 eff:0.1% logz-ratio=1122162.07+/-0.08 dlogz:138.913>0.01]19398it [21:42:00, 25.75s/it, bound:4355 nc:3247 ncall:2.4e+07 eff:0.1% logz-ratio=1122162.15+/-0.11 dlogz:138.832>0.01]19400it [21:42:00, 18.09s/it, bound:4355 nc:  1 ncall:2.4e+07 eff:0.1% logz-ratio=1122235.69+/-0.40 dlogz:62.522>0.01]  19401it [21:42:14, 18.09s/it, bound:4356 nc:3002 ncall:2.4e+07 eff:0.1% logz-ratio=1122162.39+/-0.08 dlogz:138.588>0.01]19402it [21:43:23, 25.02s/it, bound:4356 nc:2811 ncall:2.4e+07 eff:0.1% logz-ratio=1122162.47+/-0.11 dlogz:138.505>0.01]19403it [21:43:38, 23.27s/it, bound:4356 nc:2271 ncall:2.4e+07 eff:0.1% logz-ratio=1122162.55+/-0.08 dlogz:138.425>0.01]19406it [21:44:58, 24.72s/it, bound:4357 nc:2408 ncall:2.4e+07 eff:0.1% logz-ratio=1122162.76+/-0.10 dlogz:138.201>0.01]19408it [21:44:58, 17.55s/it, bound:4357 nc:  1 ncall:2.4e+07 eff:0.1% logz-ratio=1122186.58+/-0.29 dlogz:113.589>0.01] 19409it [21:45:14, 17.55s/it, bound:4358 nc:2224 ncall:2.4e+07 eff:0.1% logz-ratio=1122162.96+/-0.07 dlogz:137.992>0.01]19410it [21:46:17, 24.09s/it, bound:4358 nc:2204 ncall:2.4e+07 eff:0.1% logz-ratio=1122163.02+/-0.10 dlogz:137.923>0.01]19412it [21:46:18, 16.99s/it, bound:4358 nc:  1 ncall:2.4e+07 eff:0.1% logz-ratio=1122199.89+/-0.30 dlogz:99.829>0.01]  19413it [21:46:34, 16.99s/it, bound:4359 nc:2847 ncall:2.4e+07 eff:0.1% logz-ratio=1122163.21+/-0.07 dlogz:137.728>0.01]19414it [21:47:32, 22.97s/it, bound:4359 nc:2571 ncall:2.4e+07 eff:0.1% logz-ratio=1122163.27+/-0.10 dlogz:137.667>0.01]19418it [21:48:45, 20.87s/it, bound:4360 nc:2724 ncall:2.4e+07 eff:0.1% logz-ratio=1122163.51+/-0.10 dlogz:137.420>0.01]19420it [21:48:46, 15.73s/it, bound:4360 nc:  1 ncall:2.4e+07 eff:0.1% logz-ratio=1122220.70+/-0.30 dlogz:78.106>0.01]  19421it [21:49:04, 15.73s/it, bound:4361 nc:2718 ncall:2.4e+07 eff:0.1% logz-ratio=1122163.70+/-0.07 dlogz:137.225>0.01]19422it [21:49:55, 20.68s/it, bound:4361 nc:2424 ncall:2.4e+07 eff:0.1% logz-ratio=1122163.76+/-0.10 dlogz:137.162>0.01]19426it [21:51:07, 19.54s/it, bound:4362 nc:2605 ncall:2.4e+07 eff:0.1% logz-ratio=1122164.00+/-0.10 dlogz:136.910>0.01]19430it [21:52:07, 17.84s/it, bound:4363 nc:2218 ncall:2.4e+07 eff:0.1% logz-ratio=1122164.24+/-0.09 dlogz:136.657>0.01]19433it [21:52:07, 12.70s/it, bound:4364 nc:1939 ncall:2.4e+07 eff:0.1% logz-ratio=1122164.42+/-0.07 dlogz:136.477>0.01]19433it [21:52:24, 12.70s/it, bound:4364 nc:1939 ncall:2.4e+07 eff:0.1% logz-ratio=1122164.42+/-0.07 dlogz:136.477>0.01]19434it [21:53:14, 19.20s/it, bound:4364 nc:2128 ncall:2.4e+07 eff:0.1% logz-ratio=1122164.47+/-0.09 dlogz:136.417>0.01]19436it [21:53:14, 14.28s/it, bound:4364 nc:  1 ncall:2.4e+07 eff:0.1% logz-ratio=1122198.79+/-0.30 dlogz:100.967>0.01] 19437it [21:53:24, 14.28s/it, bound:4365 nc:1638 ncall:2.4e+07 eff:0.1% logz-ratio=1122164.63+/-0.06 dlogz:136.250>0.01]19438it [21:54:19, 19.13s/it, bound:4365 nc:2187 ncall:2.4e+07 eff:0.1% logz-ratio=1122164.68+/-0.09 dlogz:136.196>0.01]19439it [21:54:37, 18.96s/it, bound:4365 nc:2321 ncall:2.4e+07 eff:0.1% logz-ratio=1122164.74+/-0.07 dlogz:136.140>0.01]19442it [21:55:43, 20.26s/it, bound:4366 nc:1811 ncall:2.4e+07 eff:0.1% logz-ratio=1122164.91+/-0.09 dlogz:135.961>0.01]19445it [21:56:58, 22.02s/it, bound:4367 nc:4807 ncall:2.4e+07 eff:0.1% logz-ratio=1122165.06+/-0.11 dlogz:135.797>0.01]19447it [21:56:58, 16.31s/it, bound:4367 nc:  1 ncall:2.4e+07 eff:0.1% logz-ratio=1122199.82+/-0.30 dlogz:99.908>0.01]  19448it [21:57:14, 16.31s/it, bound:4368 nc:2343 ncall:2.4e+07 eff:0.1% logz-ratio=1122165.23+/-0.07 dlogz:135.635>0.01]19449it [21:58:02, 20.55s/it, bound:4368 nc:2179 ncall:2.4e+07 eff:0.1% logz-ratio=1122165.29+/-0.10 dlogz:135.573>0.01]19451it [21:58:02, 14.83s/it, bound:4368 nc:  1 ncall:2.4e+07 eff:0.1% logz-ratio=1122193.15+/-0.29 dlogz:106.794>0.01] 19452it [21:58:14, 14.83s/it, bound:4369 nc:2129 ncall:2.4e+07 eff:0.1% logz-ratio=1122165.45+/-0.06 dlogz:135.401>0.01]19453it [21:59:19, 21.60s/it, bound:4369 nc:2566 ncall:2.4e+07 eff:0.1% logz-ratio=1122165.50+/-0.09 dlogz:135.347>0.01]19455it [21:59:20, 15.36s/it, bound:4369 nc:  1 ncall:2.4e+07 eff:0.1% logz-ratio=1122213.92+/-0.30 dlogz:85.301>0.01]  19456it [21:59:34, 15.36s/it, bound:4370 nc:2466 ncall:2.4e+07 eff:0.1% logz-ratio=1122165.65+/-0.06 dlogz:135.191>0.01]19457it [22:00:33, 21.55s/it, bound:4370 nc:2380 ncall:2.4e+07 eff:0.1% logz-ratio=1122165.70+/-0.09 dlogz:135.140>0.01]19459it [22:00:33, 15.22s/it, bound:4370 nc:  1 ncall:2.4e+07 eff:0.1% logz-ratio=1122207.57+/-0.30 dlogz:91.858>0.01]  19460it [22:00:44, 15.22s/it, bound:4371 nc:2118 ncall:2.4e+07 eff:0.1% logz-ratio=1122165.83+/-0.06 dlogz:134.994>0.01]19461it [22:01:48, 21.83s/it, bound:4371 nc:1991 ncall:2.4e+07 eff:0.1% logz-ratio=1122165.88+/-0.08 dlogz:134.947>0.01]19465it [22:02:56, 19.60s/it, bound:4372 nc:1241 ncall:2.4e+07 eff:0.1% logz-ratio=1122166.08+/-0.09 dlogz:134.751>0.01]19469it [22:04:08, 18.96s/it, bound:4373 nc:2115 ncall:2.4e+07 eff:0.1% logz-ratio=1122166.30+/-0.09 dlogz:134.522>0.01]19473it [22:05:23, 18.95s/it, bound:4374 nc:2140 ncall:2.4e+07 eff:0.1% logz-ratio=1122166.51+/-0.09 dlogz:134.300>0.01]19474it [22:05:39, 18.56s/it, bound:4374 nc:2730 ncall:2.4e+07 eff:0.1% logz-ratio=1122166.57+/-0.07 dlogz:134.243>0.01]19477it [22:06:52, 20.53s/it, bound:4375 nc:2590 ncall:2.4e+07 eff:0.1% logz-ratio=1122166.75+/-0.10 dlogz:134.060>0.01]19479it [22:06:53, 15.65s/it, bound:4375 nc:  1 ncall:2.4e+07 eff:0.1% logz-ratio=1122196.73+/-0.30 dlogz:103.109>0.01] 19480it [22:07:04, 15.65s/it, bound:4376 nc:1384 ncall:2.4e+07 eff:0.1% logz-ratio=1122166.96+/-0.08 dlogz:133.865>0.01]19481it [22:08:05, 20.87s/it, bound:4376 nc:2289 ncall:2.4e+07 eff:0.1% logz-ratio=1122167.04+/-0.11 dlogz:133.781>0.01]19484it [22:08:05, 13.52s/it, bound:4377 nc:  1 ncall:2.4e+07 eff:0.1% logz-ratio=1122201.15+/-0.30 dlogz:98.548>0.01]  19484it [22:08:24, 13.52s/it, bound:4377 nc:  1 ncall:2.4e+07 eff:0.1% logz-ratio=1122293.82+/-0.75 dlogz:1.098>0.01] 19485it [22:09:18, 22.11s/it, bound:4377 nc:2576 ncall:2.4e+07 eff:0.1% logz-ratio=1122167.38+/-0.09 dlogz:133.454>0.01]19489it [22:10:38, 21.15s/it, bound:4378 nc:2614 ncall:2.4e+07 eff:0.1% logz-ratio=1122167.75+/-0.08 dlogz:133.064>0.01]19493it [22:12:06, 21.47s/it, bound:4379 nc:2921 ncall:2.4e+07 eff:0.1% logz-ratio=1122168.08+/-0.09 dlogz:132.727>0.01]19496it [22:12:06, 15.13s/it, bound:4380 nc:  1 ncall:2.4e+07 eff:0.1% logz-ratio=1122188.08+/-0.30 dlogz:112.043>0.01] 19496it [22:12:24, 15.13s/it, bound:4380 nc:  1 ncall:2.4e+07 eff:0.1% logz-ratio=1122293.80+/-0.75 dlogz:1.098>0.01]  19497it [22:13:26, 23.18s/it, bound:4380 nc:2648 ncall:2.4e+07 eff:0.1% logz-ratio=1122168.43+/-0.08 dlogz:132.363>0.01]19500it [22:13:27, 15.17s/it, bound:4381 nc:  1 ncall:2.4e+07 eff:0.1% logz-ratio=1122181.89+/-0.29 dlogz:118.430>0.01] 19500it [22:13:44, 15.17s/it, bound:4381 nc:  1 ncall:2.4e+07 eff:0.1% logz-ratio=1122293.79+/-0.75 dlogz:1.098>0.01]  19501it [22:14:55, 25.59s/it, bound:4381 nc:2370 ncall:2.4e+07 eff:0.1% logz-ratio=1122168.73+/-0.08 dlogz:132.045>0.01]19505it [22:16:14, 22.88s/it, bound:4382 nc:2171 ncall:2.4e+07 eff:0.1% logz-ratio=1122169.04+/-0.08 dlogz:131.730>0.01]19507it [22:16:34, 19.80s/it, bound:4382 nc:2357 ncall:2.4e+07 eff:0.1% logz-ratio=1122169.19+/-0.08 dlogz:131.575>0.01]19509it [22:17:43, 23.62s/it, bound:4383 nc:2305 ncall:2.4e+07 eff:0.1% logz-ratio=1122169.32+/-0.07 dlogz:131.431>0.01]19512it [22:17:43, 15.25s/it, bound:4384 nc:  1 ncall:2.4e+07 eff:0.1% logz-ratio=1122203.00+/-0.29 dlogz:96.598>0.01]  19512it [22:17:54, 15.25s/it, bound:4384 nc:  1 ncall:2.4e+07 eff:0.1% logz-ratio=1122293.77+/-0.75 dlogz:1.098>0.01] 19513it [22:19:01, 24.29s/it, bound:4384 nc:1788 ncall:2.4e+07 eff:0.1% logz-ratio=1122169.57+/-0.07 dlogz:131.170>0.01]19516it [22:19:01, 15.01s/it, bound:4385 nc:  1 ncall:2.4e+07 eff:0.1% logz-ratio=1122209.71+/-0.30 dlogz:89.628>0.01]  19516it [22:19:14, 15.01s/it, bound:4385 nc:  1 ncall:2.4e+07 eff:0.1% logz-ratio=1122293.76+/-0.75 dlogz:1.098>0.01] 19517it [22:20:20, 24.86s/it, bound:4385 nc:2240 ncall:2.4e+07 eff:0.1% logz-ratio=1122169.89+/-0.09 dlogz:130.876>0.01]19521it [22:21:36, 22.10s/it, bound:4386 nc:2921 ncall:2.4e+07 eff:0.1% logz-ratio=1122170.24+/-0.08 dlogz:130.502>0.01]19524it [22:21:36, 14.72s/it, bound:4387 nc:  1 ncall:2.5e+07 eff:0.1% logz-ratio=1122197.36+/-0.30 dlogz:102.450>0.01] 19524it [22:21:54, 14.72s/it, bound:4387 nc:  1 ncall:2.5e+07 eff:0.1% logz-ratio=1122293.74+/-0.75 dlogz:1.098>0.01]  19525it [22:22:48, 22.64s/it, bound:4387 nc:2381 ncall:2.5e+07 eff:0.1% logz-ratio=1122170.55+/-0.08 dlogz:130.181>0.01]19528it [22:22:49, 14.27s/it, bound:4388 nc:  1 ncall:2.5e+07 eff:0.1% logz-ratio=1122200.77+/-0.30 dlogz:98.926>0.01]  19528it [22:23:04, 14.27s/it, bound:4388 nc:  1 ncall:2.5e+07 eff:0.1% logz-ratio=1122293.74+/-0.75 dlogz:1.098>0.01] 19529it [22:24:07, 23.96s/it, bound:4388 nc:2095 ncall:2.5e+07 eff:0.1% logz-ratio=1122170.93+/-0.09 dlogz:129.808>0.01]19532it [22:24:08, 14.60s/it, bound:4389 nc:  1 ncall:2.5e+07 eff:0.1% logz-ratio=1122193.12+/-0.29 dlogz:106.807>0.01] 19532it [22:24:24, 14.60s/it, bound:4389 nc:  1 ncall:2.5e+07 eff:0.1% logz-ratio=1122293.73+/-0.75 dlogz:1.098>0.01]  19533it [22:25:26, 24.61s/it, bound:4389 nc:2460 ncall:2.5e+07 eff:0.1% logz-ratio=1122171.25+/-0.08 dlogz:129.464>0.01]19536it [22:25:26, 14.72s/it, bound:4390 nc:  1 ncall:2.5e+07 eff:0.1% logz-ratio=1122199.69+/-0.30 dlogz:100.038>0.01] 19536it [22:25:44, 14.72s/it, bound:4390 nc:  1 ncall:2.5e+07 eff:0.1% logz-ratio=1122293.72+/-0.76 dlogz:1.098>0.01]  19537it [22:26:41, 24.38s/it, bound:4390 nc:1674 ncall:2.5e+07 eff:0.1% logz-ratio=1122171.58+/-0.08 dlogz:129.137>0.01]19539it [22:26:59, 19.53s/it, bound:4390 nc:2792 ncall:2.5e+07 eff:0.1% logz-ratio=1122171.74+/-0.08 dlogz:128.965>0.01]19541it [22:28:15, 25.34s/it, bound:4391 nc:2588 ncall:2.5e+07 eff:0.1% logz-ratio=1122171.89+/-0.08 dlogz:128.803>0.01]19544it [22:28:15, 15.24s/it, bound:4392 nc:  1 ncall:2.5e+07 eff:0.1% logz-ratio=1122205.50+/-0.30 dlogz:97.153>0.01]  19544it [22:28:35, 15.24s/it, bound:4392 nc:  1 ncall:2.5e+07 eff:0.1% logz-ratio=1122296.94+/-0.46 dlogz:1.045>0.01] 19545it [22:29:33, 25.14s/it, bound:4392 nc:2506 ncall:2.5e+07 eff:0.1% logz-ratio=1122172.17+/-0.07 dlogz:131.665>0.01]19549it [22:30:52, 22.60s/it, bound:4393 nc:2156 ncall:2.5e+07 eff:0.1% logz-ratio=1122172.43+/-0.07 dlogz:131.392>0.01]19552it [22:30:52, 14.97s/it, bound:4394 nc:  1 ncall:2.5e+07 eff:0.1% logz-ratio=1122203.55+/-0.29 dlogz:99.154>0.01]  19552it [22:31:05, 14.97s/it, bound:4394 nc:  1 ncall:2.5e+07 eff:0.1% logz-ratio=1122296.93+/-0.47 dlogz:1.045>0.01] 19553it [22:32:07, 23.28s/it, bound:4394 nc:1761 ncall:2.5e+07 eff:0.1% logz-ratio=1122172.70+/-0.07 dlogz:131.118>0.01]19556it [22:32:07, 14.61s/it, bound:4395 nc:  1 ncall:2.5e+07 eff:0.1% logz-ratio=1122188.75+/-0.29 dlogz:114.479>0.01] 19556it [22:32:25, 14.61s/it, bound:4395 nc:  1 ncall:2.5e+07 eff:0.1% logz-ratio=1122296.92+/-0.47 dlogz:1.045>0.01]  19557it [22:33:34, 25.61s/it, bound:4395 nc:2188 ncall:2.5e+07 eff:0.1% logz-ratio=1122173.00+/-0.08 dlogz:130.824>0.01]19560it [22:33:35, 15.57s/it, bound:4396 nc:  1 ncall:2.5e+07 eff:0.1% logz-ratio=1122202.80+/-0.29 dlogz:99.944>0.01]  19560it [22:33:55, 15.57s/it, bound:4396 nc:  1 ncall:2.5e+07 eff:0.1% logz-ratio=1122296.91+/-0.47 dlogz:1.045>0.01] 19561it [22:34:58, 26.32s/it, bound:4396 nc:2641 ncall:2.5e+07 eff:0.1% logz-ratio=1122173.30+/-0.08 dlogz:130.515>0.01]19564it [22:34:59, 15.73s/it, bound:4397 nc:  1 ncall:2.5e+07 eff:0.1% logz-ratio=1122194.11+/-0.29 dlogz:108.931>0.01] 19564it [22:35:15, 15.73s/it, bound:4397 nc:  1 ncall:2.5e+07 eff:0.1% logz-ratio=1122296.90+/-0.47 dlogz:1.045>0.01]  19565it [22:36:18, 26.00s/it, bound:4397 nc:2725 ncall:2.5e+07 eff:0.1% logz-ratio=1122173.58+/-0.07 dlogz:130.215>0.01]19568it [22:36:18, 15.40s/it, bound:4398 nc:  1 ncall:2.5e+07 eff:0.1% logz-ratio=1122209.07+/-0.30 dlogz:93.407>0.01]  19568it [22:36:35, 15.40s/it, bound:4398 nc:  1 ncall:2.5e+07 eff:0.1% logz-ratio=1122296.89+/-0.47 dlogz:1.045>0.01] 19569it [22:37:39, 26.08s/it, bound:4398 nc:2311 ncall:2.5e+07 eff:0.1% logz-ratio=1122173.87+/-0.08 dlogz:129.924>0.01]19571it [22:37:57, 20.60s/it, bound:4399 nc:5425 ncall:2.5e+07 eff:0.1% logz-ratio=1122174.03+/-0.08 dlogz:129.770>0.01]19572it [22:39:22, 32.54s/it, bound:4399 nc:2958 ncall:2.5e+07 eff:0.1% logz-ratio=1122174.11+/-0.08 dlogz:129.687>0.01]19575it [22:39:22, 18.17s/it, bound:4400 nc:  1 ncall:2.5e+07 eff:0.1% logz-ratio=1122193.85+/-0.29 dlogz:109.206>0.01] 19575it [22:39:35, 18.17s/it, bound:4400 nc:  1 ncall:2.5e+07 eff:0.1% logz-ratio=1122296.88+/-0.47 dlogz:1.045>0.01]  19576it [22:40:47, 29.77s/it, bound:4400 nc:2880 ncall:2.5e+07 eff:0.1% logz-ratio=1122174.51+/-0.08 dlogz:129.287>0.01]19579it [22:40:47, 17.07s/it, bound:4401 nc:  1 ncall:2.5e+07 eff:0.1% logz-ratio=1122201.37+/-0.30 dlogz:101.449>0.01] 19579it [22:41:05, 17.07s/it, bound:4401 nc:  1 ncall:2.5e+07 eff:0.1% logz-ratio=1122296.87+/-0.47 dlogz:1.045>0.01]  19580it [22:42:05, 27.32s/it, bound:4401 nc:2231 ncall:2.5e+07 eff:0.1% logz-ratio=1122174.86+/-0.08 dlogz:128.927>0.01]19584it [22:43:13, 22.26s/it, bound:4402 nc:2185 ncall:2.5e+07 eff:0.1% logz-ratio=1122175.19+/-0.08 dlogz:128.588>0.01]19587it [22:43:13, 14.59s/it, bound:4403 nc:  1 ncall:2.5e+07 eff:0.1% logz-ratio=1122195.53+/-0.30 dlogz:107.477>0.01] 19587it [22:43:25, 14.59s/it, bound:4403 nc:  1 ncall:2.5e+07 eff:0.1% logz-ratio=1122296.86+/-0.47 dlogz:1.045>0.01]  19588it [22:44:20, 21.95s/it, bound:4403 nc:2412 ncall:2.5e+07 eff:0.1% logz-ratio=1122175.50+/-0.08 dlogz:128.260>0.01]19592it [22:45:25, 19.49s/it, bound:4404 nc:2147 ncall:2.5e+07 eff:0.1% logz-ratio=1122175.78+/-0.07 dlogz:127.961>0.01]19595it [22:45:26, 13.20s/it, bound:4405 nc:  1 ncall:2.5e+07 eff:0.1% logz-ratio=1122202.71+/-0.29 dlogz:100.029>0.01] 19595it [22:45:45, 13.20s/it, bound:4405 nc:  1 ncall:2.5e+07 eff:0.1% logz-ratio=1122296.84+/-0.47 dlogz:1.045>0.01]  19596it [22:46:27, 19.61s/it, bound:4405 nc:2198 ncall:2.5e+07 eff:0.1% logz-ratio=1122176.03+/-0.07 dlogz:127.702>0.01]19599it [22:46:27, 12.48s/it, bound:4406 nc:  1 ncall:2.5e+07 eff:0.1% logz-ratio=1122203.33+/-0.29 dlogz:99.385>0.01]  19599it [22:46:45, 12.48s/it, bound:4406 nc:  1 ncall:2.5e+07 eff:0.1% logz-ratio=1122296.83+/-0.47 dlogz:1.045>0.01] 19600it [22:47:35, 20.75s/it, bound:4406 nc:1987 ncall:2.5e+07 eff:0.1% logz-ratio=1122176.28+/-0.08 dlogz:127.452>0.01]19603it [22:47:35, 12.72s/it, bound:4407 nc:  1 ncall:2.5e+07 eff:0.1% logz-ratio=1122203.93+/-0.29 dlogz:98.742>0.01]  19603it [22:47:55, 12.72s/it, bound:4407 nc:  1 ncall:2.5e+07 eff:0.1% logz-ratio=1122296.82+/-0.48 dlogz:1.045>0.01] 19604it [22:48:46, 21.76s/it, bound:4407 nc:2543 ncall:2.5e+07 eff:0.1% logz-ratio=1122176.55+/-0.07 dlogz:127.169>0.01]19606it [22:49:02, 17.51s/it, bound:4407 nc:2467 ncall:2.5e+07 eff:0.1% logz-ratio=1122176.67+/-0.07 dlogz:127.040>0.01]19608it [22:50:04, 21.68s/it, bound:4408 nc:2230 ncall:2.5e+07 eff:0.1% logz-ratio=1122176.78+/-0.07 dlogz:126.920>0.01]19612it [22:51:16, 19.93s/it, bound:4409 nc:2290 ncall:2.5e+07 eff:0.1% logz-ratio=1122177.01+/-0.07 dlogz:126.688>0.01]19616it [22:52:30, 19.34s/it, bound:4410 nc:1987 ncall:2.5e+07 eff:0.1% logz-ratio=1122177.26+/-0.07 dlogz:126.436>0.01]19619it [22:52:30, 13.55s/it, bound:4411 nc:  1 ncall:2.5e+07 eff:0.1% logz-ratio=1122207.88+/-0.30 dlogz:94.654>0.01]  19619it [22:52:45, 13.55s/it, bound:4411 nc:  1 ncall:2.5e+07 eff:0.1% logz-ratio=1122296.79+/-0.48 dlogz:1.045>0.01] 19620it [22:53:36, 20.16s/it, bound:4411 nc:2278 ncall:2.5e+07 eff:0.1% logz-ratio=1122177.52+/-0.07 dlogz:126.164>0.01]19624it [22:54:52, 19.60s/it, bound:4412 nc:2413 ncall:2.5e+07 eff:0.1% logz-ratio=1122177.76+/-0.07 dlogz:125.917>0.01]19627it [22:54:52, 13.56s/it, bound:4413 nc:  1 ncall:2.5e+07 eff:0.1% logz-ratio=1122209.80+/-0.30 dlogz:92.648>0.01]  19627it [22:55:05, 13.56s/it, bound:4413 nc:  1 ncall:2.5e+07 eff:0.1% logz-ratio=1122296.78+/-0.56 dlogz:1.045>0.01] 19628it [22:56:06, 21.35s/it, bound:4413 nc:2528 ncall:2.5e+07 eff:0.1% logz-ratio=1122177.99+/-0.07 dlogz:125.673>0.01]19631it [22:56:06, 13.79s/it, bound:4414 nc:  1 ncall:2.5e+07 eff:0.1% logz-ratio=1122209.34+/-0.30 dlogz:93.116>0.01]  19631it [22:56:25, 13.79s/it, bound:4414 nc:  1 ncall:2.5e+07 eff:0.1% logz-ratio=1122296.77+/-0.56 dlogz:1.045>0.01] 19632it [22:57:26, 23.30s/it, bound:4414 nc:2830 ncall:2.5e+07 eff:0.1% logz-ratio=1122178.21+/-0.07 dlogz:125.442>0.01]19635it [22:57:26, 14.41s/it, bound:4415 nc:  1 ncall:2.5e+07 eff:0.1% logz-ratio=1122208.93+/-0.30 dlogz:93.537>0.01]  19635it [22:57:45, 14.41s/it, bound:4415 nc:  1 ncall:2.5e+07 eff:0.1% logz-ratio=1122296.76+/-0.56 dlogz:1.045>0.01] 19636it [22:58:39, 23.49s/it, bound:4415 nc:2573 ncall:2.5e+07 eff:0.1% logz-ratio=1122178.44+/-0.07 dlogz:125.207>0.01]19640it [22:59:51, 20.89s/it, bound:4416 nc:2553 ncall:2.5e+07 eff:0.1% logz-ratio=1122178.70+/-0.07 dlogz:124.945>0.01]19642it [23:00:04, 17.29s/it, bound:4416 nc:2222 ncall:2.5e+07 eff:0.1% logz-ratio=1122178.82+/-0.07 dlogz:124.818>0.01]19644it [23:01:26, 23.54s/it, bound:4417 nc:2561 ncall:2.5e+07 eff:0.1% logz-ratio=1122178.94+/-0.07 dlogz:124.691>0.01]19647it [23:01:26, 15.05s/it, bound:4418 nc:  1 ncall:2.5e+07 eff:0.1% logz-ratio=1122206.75+/-0.30 dlogz:99.327>0.01]  19647it [23:01:45, 15.05s/it, bound:4418 nc:  1 ncall:2.5e+07 eff:0.1% logz-ratio=1122300.20+/-0.58 dlogz:1.058>0.01] 19648it [23:02:43, 24.04s/it, bound:4418 nc:2592 ncall:2.5e+07 eff:0.1% logz-ratio=1122179.17+/-0.07 dlogz:127.934>0.01]19652it [23:03:52, 20.94s/it, bound:4419 nc:2480 ncall:2.5e+07 eff:0.1% logz-ratio=1122179.39+/-0.07 dlogz:127.701>0.01]19655it [23:03:52, 14.08s/it, bound:4420 nc:  1 ncall:2.5e+07 eff:0.1% logz-ratio=1122207.48+/-0.30 dlogz:98.561>0.01]  19655it [23:04:05, 14.08s/it, bound:4420 nc:  1 ncall:2.5e+07 eff:0.1% logz-ratio=1122300.19+/-0.58 dlogz:1.058>0.01] 19656it [23:04:57, 20.99s/it, bound:4420 nc:1888 ncall:2.5e+07 eff:0.1% logz-ratio=1122179.60+/-0.06 dlogz:127.486>0.01]19659it [23:04:57, 13.30s/it, bound:4421 nc:  1 ncall:2.5e+07 eff:0.1% logz-ratio=1122245.22+/-0.33 dlogz:59.305>0.01]  19659it [23:05:15, 13.30s/it, bound:4421 nc:  1 ncall:2.5e+07 eff:0.1% logz-ratio=1122300.18+/-0.59 dlogz:1.058>0.01] 19660it [23:06:04, 21.30s/it, bound:4421 nc:2263 ncall:2.5e+07 eff:0.1% logz-ratio=1122179.82+/-0.07 dlogz:127.266>0.01]19664it [23:07:07, 18.72s/it, bound:4422 nc:1946 ncall:2.5e+07 eff:0.1% logz-ratio=1122180.04+/-0.07 dlogz:127.029>0.01]19667it [23:07:07, 12.56s/it, bound:4423 nc:  1 ncall:2.5e+07 eff:0.1% logz-ratio=1122234.74+/-0.32 dlogz:70.192>0.01]  19667it [23:07:25, 12.56s/it, bound:4423 nc:  1 ncall:2.5e+07 eff:0.1% logz-ratio=1122300.16+/-0.59 dlogz:1.058>0.01] 19668it [23:08:13, 19.78s/it, bound:4423 nc:2040 ncall:2.5e+07 eff:0.1% logz-ratio=1122180.26+/-0.06 dlogz:126.800>0.01]19672it [23:09:23, 18.84s/it, bound:4424 nc:2543 ncall:2.5e+07 eff:0.1% logz-ratio=1122180.46+/-0.06 dlogz:126.589>0.01]19676it [23:10:30, 18.02s/it, bound:4425 nc:2230 ncall:2.5e+07 eff:0.1% logz-ratio=1122180.64+/-0.06 dlogz:126.393>0.01]19678it [23:10:48, 16.04s/it, bound:4425 nc:2284 ncall:2.5e+07 eff:0.1% logz-ratio=1122180.73+/-0.06 dlogz:126.303>0.01]19680it [23:12:02, 21.03s/it, bound:4426 nc:2669 ncall:2.5e+07 eff:0.1% logz-ratio=1122180.83+/-0.06 dlogz:126.210>0.01]19684it [23:13:09, 19.33s/it, bound:4427 nc:2258 ncall:2.5e+07 eff:0.1% logz-ratio=1122181.03+/-0.06 dlogz:125.997>0.01]19687it [23:13:09, 13.52s/it, bound:4428 nc:  1 ncall:2.5e+07 eff:0.1% logz-ratio=1122210.48+/-0.30 dlogz:95.430>0.01]  19687it [23:13:25, 13.52s/it, bound:4428 nc:  1 ncall:2.5e+07 eff:0.1% logz-ratio=1122300.12+/-0.60 dlogz:1.058>0.01] 19688it [23:14:21, 20.76s/it, bound:4428 nc:2343 ncall:2.5e+07 eff:0.1% logz-ratio=1122181.24+/-0.06 dlogz:125.780>0.01]19691it [23:14:21, 13.52s/it, bound:4429 nc:  1 ncall:2.5e+07 eff:0.1% logz-ratio=1122211.47+/-0.30 dlogz:94.407>0.01]  19691it [23:14:35, 13.52s/it, bound:4429 nc:  1 ncall:2.5e+07 eff:0.1% logz-ratio=1122300.11+/-0.60 dlogz:1.058>0.01] 19692it [23:15:22, 20.26s/it, bound:4429 nc:1978 ncall:2.5e+07 eff:0.1% logz-ratio=1122181.44+/-0.06 dlogz:125.574>0.01]19696it [23:16:23, 18.09s/it, bound:4430 nc:2174 ncall:2.5e+07 eff:0.1% logz-ratio=1122181.63+/-0.06 dlogz:125.369>0.01]19699it [23:16:23, 12.23s/it, bound:4431 nc:  1 ncall:2.5e+07 eff:0.1% logz-ratio=1122203.24+/-0.30 dlogz:103.002>0.01] 19699it [23:16:35, 12.23s/it, bound:4431 nc:  1 ncall:2.5e+07 eff:0.1% logz-ratio=1122300.10+/-0.60 dlogz:1.058>0.01]  19700it [23:17:27, 19.09s/it, bound:4431 nc:2137 ncall:2.5e+07 eff:0.1% logz-ratio=1122181.81+/-0.06 dlogz:125.178>0.01]19703it [23:17:27, 12.14s/it, bound:4432 nc:  1 ncall:2.5e+07 eff:0.1% logz-ratio=1122196.72+/-0.30 dlogz:109.748>0.01] 19703it [23:17:45, 12.14s/it, bound:4432 nc:  1 ncall:2.5e+07 eff:0.1% logz-ratio=1122300.09+/-0.60 dlogz:1.058>0.01]  19704it [23:18:34, 20.25s/it, bound:4432 nc:2138 ncall:2.5e+07 eff:0.1% logz-ratio=1122182.01+/-0.07 dlogz:124.981>0.01]19707it [23:18:34, 12.40s/it, bound:4433 nc:  1 ncall:2.5e+07 eff:0.1% logz-ratio=1122212.21+/-0.30 dlogz:93.635>0.01]  19707it [23:18:45, 12.40s/it, bound:4433 nc:  1 ncall:2.5e+07 eff:0.1% logz-ratio=1122300.08+/-0.60 dlogz:1.058>0.01] 19708it [23:19:39, 20.64s/it, bound:4433 nc:1532 ncall:2.5e+07 eff:0.1% logz-ratio=1122182.25+/-0.07 dlogz:124.736>0.01]19712it [23:20:38, 17.83s/it, bound:4434 nc:2148 ncall:2.5e+07 eff:0.1% logz-ratio=1122182.51+/-0.10 dlogz:124.476>0.01]19715it [23:20:38, 11.86s/it, bound:4435 nc:  1 ncall:2.5e+07 eff:0.1% logz-ratio=1122199.43+/-0.30 dlogz:106.971>0.01] 19715it [23:20:55, 11.86s/it, bound:4435 nc:  1 ncall:2.5e+07 eff:0.1% logz-ratio=1122300.07+/-0.60 dlogz:1.058>0.01]  19716it [23:21:42, 19.06s/it, bound:4435 nc:2103 ncall:2.5e+07 eff:0.1% logz-ratio=1122182.76+/-0.07 dlogz:124.211>0.01]19718it [23:22:01, 16.26s/it, bound:4435 nc:2243 ncall:2.5e+07 eff:0.1% logz-ratio=1122182.88+/-0.07 dlogz:124.085>0.01]19720it [23:23:05, 20.88s/it, bound:4436 nc:1884 ncall:2.5e+07 eff:0.1% logz-ratio=1122183.00+/-0.07 dlogz:123.963>0.01]19723it [23:23:05, 12.93s/it, bound:4437 nc:  1 ncall:2.5e+07 eff:0.1% logz-ratio=1122212.03+/-0.30 dlogz:93.831>0.01]  19723it [23:23:25, 12.93s/it, bound:4437 nc:  1 ncall:2.5e+07 eff:0.1% logz-ratio=1122300.05+/-0.61 dlogz:1.058>0.01] 19724it [23:24:10, 20.96s/it, bound:4437 nc:1795 ncall:2.5e+07 eff:0.1% logz-ratio=1122183.21+/-0.06 dlogz:123.737>0.01]19727it [23:24:11, 12.65s/it, bound:4438 nc:  1 ncall:2.5e+07 eff:0.1% logz-ratio=1122211.46+/-0.30 dlogz:94.419>0.01]  19727it [23:24:25, 12.65s/it, bound:4438 nc:  1 ncall:2.5e+07 eff:0.1% logz-ratio=1122300.04+/-0.61 dlogz:1.058>0.01] 19728it [23:25:07, 19.66s/it, bound:4438 nc:1865 ncall:2.5e+07 eff:0.1% logz-ratio=1122183.42+/-0.06 dlogz:123.521>0.01]19731it [23:25:07, 11.70s/it, bound:4439 nc:  1 ncall:2.5e+07 eff:0.1% logz-ratio=1122213.74+/-0.30 dlogz:92.055>0.01]  19731it [23:25:25, 11.70s/it, bound:4439 nc:  1 ncall:2.5e+07 eff:0.1% logz-ratio=1122300.03+/-0.61 dlogz:1.058>0.01] 19732it [23:26:03, 18.77s/it, bound:4439 nc:2025 ncall:2.5e+07 eff:0.1% logz-ratio=1122183.62+/-0.06 dlogz:123.316>0.01]19736it [23:27:00, 16.63s/it, bound:4440 nc:1902 ncall:2.5e+07 eff:0.1% logz-ratio=1122183.82+/-0.11 dlogz:125.601>0.01]19739it [23:27:00, 10.99s/it, bound:4441 nc:  1 ncall:2.5e+07 eff:0.1% logz-ratio=1122208.77+/-0.30 dlogz:99.743>0.01]  19739it [23:27:15, 10.99s/it, bound:4441 nc:  1 ncall:2.5e+07 eff:0.1% logz-ratio=1122302.61+/-0.39 dlogz:0.997>0.01] 19740it [23:27:56, 17.23s/it, bound:4441 nc:2006 ncall:2.5e+07 eff:0.1% logz-ratio=1122184.02+/-0.06 dlogz:125.394>0.01]19744it [23:28:52, 15.76s/it, bound:4442 nc:2006 ncall:2.5e+07 eff:0.1% logz-ratio=1122184.21+/-0.09 dlogz:125.191>0.01]19747it [23:28:52, 10.70s/it, bound:4443 nc:  1 ncall:2.5e+07 eff:0.1% logz-ratio=1122208.75+/-0.30 dlogz:99.771>0.01]  19747it [23:29:05, 10.70s/it, bound:4443 nc:  1 ncall:2.5e+07 eff:0.1% logz-ratio=1122302.59+/-0.39 dlogz:0.997>0.01] 19748it [23:29:51, 17.14s/it, bound:4443 nc:2158 ncall:2.5e+07 eff:0.1% logz-ratio=1122184.41+/-0.06 dlogz:124.987>0.01]19752it [23:30:50, 16.10s/it, bound:4444 nc:2188 ncall:2.5e+07 eff:0.1% logz-ratio=1122184.62+/-0.11 dlogz:124.767>0.01]19754it [23:30:50, 12.32s/it, bound:4444 nc:  1 ncall:2.5e+07 eff:0.1% logz-ratio=1122215.64+/-0.30 dlogz:92.593>0.01]  19755it [23:31:05, 12.32s/it, bound:4445 nc:2080 ncall:2.5e+07 eff:0.1% logz-ratio=1122184.77+/-0.06 dlogz:124.611>0.01]19756it [23:31:48, 16.52s/it, bound:4445 nc:1579 ncall:2.5e+07 eff:0.1% logz-ratio=1122184.82+/-0.09 dlogz:124.562>0.01]19759it [23:31:48, 10.74s/it, bound:4446 nc:  1 ncall:2.5e+07 eff:0.1% logz-ratio=1122215.79+/-0.30 dlogz:92.437>0.01]  19759it [23:32:05, 10.74s/it, bound:4446 nc:  1 ncall:2.5e+07 eff:0.1% logz-ratio=1122302.57+/-0.39 dlogz:0.997>0.01] 19760it [23:32:48, 17.76s/it, bound:4446 nc:1880 ncall:2.5e+07 eff:0.1% logz-ratio=1122185.03+/-0.07 dlogz:124.357>0.01]19762it [23:33:10, 15.77s/it, bound:4446 nc:2035 ncall:2.5e+07 eff:0.1% logz-ratio=1122185.14+/-0.07 dlogz:124.235>0.01]19764it [23:34:06, 19.43s/it, bound:4447 nc:2081 ncall:2.5e+07 eff:0.1% logz-ratio=1122185.26+/-0.07 dlogz:124.117>0.01]19767it [23:34:06, 11.95s/it, bound:4448 nc:  1 ncall:2.5e+07 eff:0.1% logz-ratio=1122200.24+/-0.29 dlogz:108.640>0.01] 19767it [23:34:25, 11.95s/it, bound:4448 nc:  1 ncall:2.5e+07 eff:0.1% logz-ratio=1122302.55+/-0.39 dlogz:0.997>0.01]  19768it [23:35:04, 19.01s/it, bound:4448 nc:1703 ncall:2.5e+07 eff:0.1% logz-ratio=1122185.48+/-0.07 dlogz:123.883>0.01]19771it [23:36:00, 18.95s/it, bound:4449 nc:3606 ncall:2.5e+07 eff:0.1% logz-ratio=1122185.70+/-0.11 dlogz:123.680>0.01]19773it [23:36:00, 13.74s/it, bound:4449 nc:  1 ncall:2.5e+07 eff:0.1% logz-ratio=1122216.35+/-0.30 dlogz:91.843>0.01]  19774it [23:36:15, 13.74s/it, bound:4450 nc:1603 ncall:2.5e+07 eff:0.1% logz-ratio=1122185.98+/-0.09 dlogz:123.407>0.01]19775it [23:37:00, 18.30s/it, bound:4450 nc:1843 ncall:2.5e+07 eff:0.1% logz-ratio=1122186.08+/-0.12 dlogz:123.313>0.01]19778it [23:37:00, 11.41s/it, bound:4451 nc:  1 ncall:2.5e+07 eff:0.1% logz-ratio=1122214.98+/-0.30 dlogz:93.284>0.01]  19778it [23:37:15, 11.41s/it, bound:4451 nc:  1 ncall:2.5e+07 eff:0.1% logz-ratio=1122302.53+/-0.39 dlogz:0.997>0.01] 19779it [23:37:49, 17.17s/it, bound:4451 nc:1775 ncall:2.5e+07 eff:0.1% logz-ratio=1122186.43+/-0.08 dlogz:122.945>0.01]19783it [23:39:01, 17.55s/it, bound:4452 nc:2526 ncall:2.5e+07 eff:0.1% logz-ratio=1122186.75+/-0.11 dlogz:122.602>0.01]19785it [23:39:02, 13.19s/it, bound:4452 nc:  1 ncall:2.5e+07 eff:0.1% logz-ratio=1122215.78+/-0.30 dlogz:92.458>0.01]  19786it [23:39:15, 13.19s/it, bound:4453 nc:2489 ncall:2.5e+07 eff:0.1% logz-ratio=1122186.97+/-0.08 dlogz:122.372>0.01]19787it [23:40:13, 19.06s/it, bound:4453 nc:2523 ncall:2.5e+07 eff:0.1% logz-ratio=1122187.05+/-0.11 dlogz:122.298>0.01]19789it [23:40:13, 13.87s/it, bound:4453 nc:  1 ncall:2.5e+07 eff:0.1% logz-ratio=1122215.23+/-0.29 dlogz:93.037>0.01]  19790it [23:40:25, 13.87s/it, bound:4454 nc:2543 ncall:2.5e+07 eff:0.1% logz-ratio=1122187.28+/-0.08 dlogz:122.063>0.01]19791it [23:41:22, 19.72s/it, bound:4454 nc:2369 ncall:2.5e+07 eff:0.1% logz-ratio=1122187.37+/-0.11 dlogz:121.986>0.01]19793it [23:41:22, 14.10s/it, bound:4454 nc:  1 ncall:2.5e+07 eff:0.1% logz-ratio=1122211.49+/-0.30 dlogz:96.926>0.01]  19794it [23:41:35, 14.10s/it, bound:4455 nc:2429 ncall:2.5e+07 eff:0.1% logz-ratio=1122187.66+/-0.09 dlogz:121.690>0.01]19795it [23:42:43, 21.73s/it, bound:4455 nc:2756 ncall:2.5e+07 eff:0.1% logz-ratio=1122187.75+/-0.12 dlogz:121.593>0.01]19797it [23:42:43, 15.38s/it, bound:4455 nc:  1 ncall:2.5e+07 eff:0.1% logz-ratio=1122214.86+/-0.30 dlogz:93.437>0.01]  19798it [23:42:55, 15.38s/it, bound:4456 nc:2304 ncall:2.5e+07 eff:0.1% logz-ratio=1122188.01+/-0.08 dlogz:121.322>0.01]19799it [23:43:58, 21.88s/it, bound:4456 nc:2365 ncall:2.5e+07 eff:0.1% logz-ratio=1122188.10+/-0.12 dlogz:121.232>0.01]19800it [23:44:20, 21.95s/it, bound:4456 nc:2375 ncall:2.5e+07 eff:0.1% logz-ratio=1122188.19+/-0.08 dlogz:121.141>0.01]19803it [23:45:46, 24.73s/it, bound:4457 nc:2919 ncall:2.5e+07 eff:0.1% logz-ratio=1122188.41+/-0.11 dlogz:120.900>0.01]19807it [23:47:18, 23.96s/it, bound:4458 nc:2740 ncall:2.5e+07 eff:0.1% logz-ratio=1122188.69+/-0.10 dlogz:120.614>0.01]19809it [23:47:18, 18.16s/it, bound:4458 nc:  1 ncall:2.5e+07 eff:0.1% logz-ratio=1122207.32+/-0.29 dlogz:101.281>0.01] 19810it [23:47:35, 18.16s/it, bound:4459 nc:3034 ncall:2.5e+07 eff:0.1% logz-ratio=1122188.92+/-0.08 dlogz:120.387>0.01]19811it [23:48:38, 23.79s/it, bound:4459 nc:2620 ncall:2.5e+07 eff:0.1% logz-ratio=1122189.02+/-0.12 dlogz:120.299>0.01]19813it [23:48:38, 17.41s/it, bound:4459 nc:  1 ncall:2.5e+07 eff:0.1% logz-ratio=1122194.61+/-0.29 dlogz:114.436>0.01] 19814it [23:48:55, 17.41s/it, bound:4460 nc:2498 ncall:2.5e+07 eff:0.1% logz-ratio=1122189.27+/-0.08 dlogz:120.027>0.01]19815it [23:50:01, 24.10s/it, bound:4460 nc:2609 ncall:2.5e+07 eff:0.1% logz-ratio=1122189.35+/-0.11 dlogz:119.941>0.01]19818it [23:50:01, 15.13s/it, bound:4461 nc:2674 ncall:2.5e+07 eff:0.1% logz-ratio=1122189.61+/-0.08 dlogz:119.683>0.01]19818it [23:50:15, 15.13s/it, bound:4461 nc:2674 ncall:2.5e+07 eff:0.1% logz-ratio=1122189.61+/-0.08 dlogz:119.683>0.01]19819it [23:51:25, 25.42s/it, bound:4461 nc:2013 ncall:2.5e+07 eff:0.1% logz-ratio=1122189.69+/-0.11 dlogz:119.597>0.01]19821it [23:51:25, 17.78s/it, bound:4461 nc:  1 ncall:2.5e+07 eff:0.1% logz-ratio=1122213.63+/-0.30 dlogz:94.728>0.01]  19822it [23:51:35, 17.78s/it, bound:4462 nc:2657 ncall:2.5e+07 eff:0.1% logz-ratio=1122189.92+/-0.08 dlogz:119.358>0.01]19823it [23:52:56, 26.13s/it, bound:4462 nc:2981 ncall:2.5e+07 eff:0.1% logz-ratio=1122189.99+/-0.11 dlogz:119.281>0.01]19825it [23:52:56, 18.30s/it, bound:4462 nc:  1 ncall:2.5e+07 eff:0.1% logz-ratio=1122214.97+/-0.30 dlogz:93.334>0.01]  19826it [23:53:15, 18.30s/it, bound:4463 nc:3066 ncall:2.5e+07 eff:0.1% logz-ratio=1122190.21+/-0.08 dlogz:119.054>0.01]19827it [23:54:21, 25.61s/it, bound:4463 nc:3021 ncall:2.5e+07 eff:0.1% logz-ratio=1122190.28+/-0.10 dlogz:118.982>0.01]19828it [23:54:38, 24.15s/it, bound:4463 nc:2510 ncall:2.5e+07 eff:0.1% logz-ratio=1122190.34+/-0.07 dlogz:118.912>0.01]19831it [23:55:56, 24.88s/it, bound:4464 nc:2632 ncall:2.5e+07 eff:0.1% logz-ratio=1122190.54+/-0.10 dlogz:118.710>0.01]19835it [23:57:10, 21.99s/it, bound:4465 nc:2661 ncall:2.5e+07 eff:0.1% logz-ratio=1122190.79+/-0.10 dlogz:118.449>0.01]19837it [23:57:10, 16.65s/it, bound:4465 nc:  1 ncall:2.5e+07 eff:0.1% logz-ratio=1122220.92+/-0.30 dlogz:87.079>0.01]  19838it [23:57:25, 16.65s/it, bound:4466 nc:2212 ncall:2.5e+07 eff:0.1% logz-ratio=1122190.97+/-0.07 dlogz:118.255>0.01]19839it [23:58:28, 22.45s/it, bound:4466 nc:2710 ncall:2.5e+07 eff:0.1% logz-ratio=1122191.03+/-0.10 dlogz:118.193>0.01]19841it [23:58:28, 16.41s/it, bound:4466 nc:  1 ncall:2.5e+07 eff:0.1% logz-ratio=1122215.19+/-0.30 dlogz:93.097>0.01]  19842it [23:58:45, 16.41s/it, bound:4467 nc:2475 ncall:2.5e+07 eff:0.1% logz-ratio=1122191.21+/-0.07 dlogz:118.013>0.01]