The injected SNR is (849.5832977062895-8.538468996416165e-17j) in Interferometer(name='CE40', power_spectral_density=PowerSpectralDensity(frequency_array=[   5.            5.03469316    5.06962704    5.10480331    5.14022366
    5.17588978    5.21180337    5.24796615    5.28437986    5.32104622
    5.357967      5.39514396    5.43257887    5.47027354    5.50822975
    5.54644932    5.58493409    5.62368589    5.66270658    5.70199801
    5.74156207    5.78140066    5.82151566    5.86190902    5.90258264
    5.94353849    5.98477851    6.02630468    6.06811899    6.11022343
    6.15262002    6.19531078    6.23829776    6.28158301    6.3251686
    6.36905662    6.41324915    6.45774833    6.50255626    6.5476751
    6.59310701    6.63885415    6.68491871    6.7313029     6.77800893
    6.82503903    6.87239546    6.92008048    6.96809637    7.01644542
    7.06512995    7.11415229    7.16351477    7.21321976    7.26326963
    7.31366678    7.36441362    7.41551257    7.46696608    7.51877661
    7.57094663    7.62347864    7.67637514    7.72963868    7.7832718
    7.83727705    7.89165703    7.94641433    8.00155157    8.05707139
    8.11297644    8.16926939    8.22595294    8.28302979    8.34050269
    8.39837436    8.45664759    8.51532515    8.57440985    8.63390452
    8.693812      8.75413516    8.81487688    8.87604006    8.93762763
    8.99964253    9.06208774    9.12496622    9.188281      9.2520351
    9.31623156    9.38087346    9.44596388    9.51150594    9.57750278
    9.64395754    9.71087341    9.77825358    9.84610128    9.91441975
    9.98321225   10.05248208   10.12223255   10.19246699   10.26318876
   10.33440125   10.40610785   10.478312     10.55101714   10.62422676
   10.69794436   10.77217345   10.84691759   10.92218036   10.99796534
   11.07427617   11.15111649   11.22848998   11.30640033   11.38485128
   11.46384656   11.54338997   11.6234853    11.70413638   11.78534707
   11.86712125   11.94946283   12.03237575   12.11586397   12.19993149
   12.28458231   12.3698205    12.45565013   12.5420753    12.62910013
   12.71672881   12.8049655    12.89381444   12.98327986   13.07336606
   13.16407733   13.25541801   13.34739247   13.44000511   13.53326035
   13.62716266   13.72171652   13.81692645   13.91279701   14.00933278
   14.10653838   14.20441845   14.30297768   14.40222077   14.50215247
   14.60277756   14.70410085   14.80612719   14.90886145   15.01230855
   15.11647342   15.22136106   15.32697648   15.43332472   15.54041087
   15.64824005   15.75681742   15.86614817   15.97623753   16.08709075
   16.19871315   16.31111005   16.42428683   16.5382489    16.65300172
   16.76855076   16.88490155   17.00205966   17.12003069   17.23882027
   17.35843409   17.47887787   17.60015736   17.72227837   17.84524673
   17.96906832   18.09374906   18.21929492   18.34571189   18.47300603
   18.60118341   18.73025016   18.86021247   18.99107653   19.12284861
   19.25553501   19.38914207   19.52367618   19.65914378   19.79555133
   19.93290537   20.07121245   20.2104792    20.35071227   20.49191836
   20.63410423   20.77727667   20.92144254   21.06660872   21.21278215
   21.35996983   21.50817879   21.65741612   21.80768895   21.95900446
   22.1113699    22.26479255   22.41927974   22.57483886   22.73147735
   22.88920269   23.04802243   23.20794417   23.36897554   23.53112425
   23.69439805   23.85880474   24.0243522    24.19104832   24.35890109
   24.52791853   24.69810872   24.86947979   25.04203995   25.21579744
   25.39076056   25.56693769   25.74433725   25.92296772   26.10283764
   26.28395561   26.46633029   26.6499704    26.83488473   27.0210821
   27.20857143   27.39736168   27.58746188   27.77888111   27.97162853
   28.16571335   28.36114486   28.55793239   28.75608536   28.95561324
   29.15652557   29.35883195   29.56254207   29.76766565   29.97421252
   30.18219253   30.39161564   30.60249186   30.81483128   31.02864403
   31.24394036   31.46073055   31.67902496   31.89883404   32.1201683
   32.34303831   32.56745473   32.7934283    33.02096981   33.25009015
   33.48080027   33.71311121   33.94703406   34.18258002   34.41976035
   34.65858638   34.89906954   35.14122132   35.38505331   35.63057715
   35.87780459   36.12674746   36.37741765   36.62982714   36.88398801
   37.13991241   37.39761258   37.65710083   37.91838957   38.18149131
   38.4464186    38.71318413   38.98180065   39.252281     39.52463811
   39.79888501   40.07503481   40.35310071   40.633096     40.91503408
   41.19892842   41.4847926    41.77264029   42.06248525   42.35434133
   42.6482225    42.9441428    43.24211638   43.54215749   43.84428047
   44.14849978   44.45482995   44.76328563   45.07388157   45.38663263
   45.70155374   46.01865998   46.33796651   46.65948858   46.98324157
   47.30924097   47.63750236   47.96804144   48.300874     48.63601596
   48.97348335   49.31329231   49.65545907   50.           50.34693157
   50.69627038   51.04803312   51.4022366    51.75889778   52.1180337
   52.47966153   52.84379856   53.2104622    53.57966999   53.95143958
   54.32578873   54.70273536   55.08229748   55.46449324   55.84934092
   56.23685892   56.62706576   57.0199801    57.41562073   57.81400656
   58.21515665   58.61909016   59.02582643   59.43538489   59.84778512
   60.26304684   60.68118992   61.10223433   61.52620022   61.95310785
   62.38297763   62.81583012   63.25168602   63.69056616   64.13249153
   64.57748325   65.02556261   65.47675102   65.93107007   66.38854147
   66.84918709   67.31302896   67.78008927   68.25039033   68.72395463
   69.20080483   69.68096371   70.16445424   70.65129953   71.14152286
   71.63514767   72.13219756   72.6326963    73.13666781   73.6441362
   74.15512572   74.66966081   75.18776606   75.70946627   76.23478635
   76.76375144   77.29638682   77.83271796   78.37277051   78.91657028
   79.46414328   80.01551569   80.57071386   81.12976435   81.69269389
   82.25952939   82.83029795   83.40502686   83.9837436    84.56647585
   85.15325146   85.74409849   86.33904519   86.93812001   87.54135159
   88.14876876   88.76040059   89.3762763    89.99642534   90.62087737
   91.24966224   91.88281002   92.52035098   93.1623156    93.80873457
   94.45963881   95.11505943   95.77502778   96.4395754    97.10873407
   97.78253579   98.46101277   99.14419746   99.83212251  100.52482081
  101.2223255   101.92466991  102.63188764  103.34401248  104.0610785
  104.78311997  105.51017143  106.24226762  106.97944357  107.7217345
  108.46917592  109.22180356  109.9796534   110.74276169  111.5111649
  112.28489978  113.06400332  113.84851277  114.63846564  115.43389971
  116.234853    117.04136381  117.8534707   118.6712125   119.49462831
  120.3237575   121.15863971  121.99931486  122.84582315  123.69820504
  124.5565013   125.42075296  126.29100135  127.16728807  128.04965501
  128.93814438  129.83279865  130.73366059  131.64077328  132.5541801
  133.4739247   134.40005108  135.3326035   136.27162656  137.21716516
  138.1692645   139.12797011  140.09332782  141.0653838   142.04418451
  143.02977676  144.02220767  145.02152469  146.02777561  147.04100853
  148.0612719   149.0886145   150.12308545  151.16473422  152.2136106
  153.26976475  154.33324717  155.40410869  156.48240053  157.56817424
  158.66148174  159.76237529  160.87090753  161.98713148  163.11110049
  164.2428683   165.38248904  166.53001718  167.6855076   168.84901554
  170.02059664  171.2003069   172.38820274  173.58434095  174.78877872
  176.00157364  177.2227837   178.45246728  179.69068319  180.93749062
  182.19294919  183.45711892  184.73006026  186.01183407  187.30250164
  188.60212467  189.91076531  191.22848612  192.55535012  193.89142073
  195.23676184  196.59143779  197.95551332  199.32905368  200.71212452
  202.10479199  203.50712266  204.91918359  206.34104229  207.77276674
  209.2144254   210.66608719  212.12782154  213.59969832  215.08178791
  216.57416117  218.07688946  219.59004463  221.11369903  222.6479255
  224.1927974   225.7483886   227.31477348  228.89202692  230.48022434
  232.07944168  233.6897554   235.31124249  236.94398049  238.58804745
  240.24352198  241.91048325  243.58901094  245.27918532  246.98108719
  248.69479794  250.42039949  252.15797436  253.90760562  255.66937692
  257.44337251  259.22967719  261.02837639  262.8395561   264.66330292
  266.49970404  268.34884728  270.21082104  272.08571434  273.97361685
  275.87461881  277.78881112  279.71628531  281.65713353  283.61144858
  285.57932391  287.56085359  289.55613238  291.56525568  293.58831954
  295.62542069  297.67665654  299.74212516  301.8219253   303.91615641
  306.02491862  308.14831276  310.28644034  312.4394036   314.60730548
  316.79024963  318.98834043  321.20168297  323.43038308  325.67454731
  327.93428298  330.20969812  332.50090152  334.80800274  337.13111209
  339.47034063  341.82580023  344.19760348  346.58586381  348.99069539
  351.41221322  353.85053306  356.30577151  358.77804595  361.26747459
  363.77417646  366.29827141  368.83988013  371.39912413  373.97612578
  376.5710083   379.18389575  381.81491306  384.46418604  387.13184134
  389.81800652  392.52281001  395.24638113  397.98885012  400.75034808
  403.53100706  406.33096     409.15034079  411.98928423  414.84792604
  417.72640292  420.62485249  423.54341333  426.48222499  429.44142798
  432.42116379  435.42157488  438.44280473  441.48499777  444.54829948
  447.6328563   450.73881573  453.86632626  457.01553744  460.18659983
  463.37966506  466.59488579  469.83241575  473.09240974  476.37502362
  479.68041435  483.00873998  486.36015962  489.73483353  493.13292307
  496.55459069  500.          503.46931574  506.96270378  510.48033115
  514.02236605  517.58897782  521.18033699  524.79661528  528.43798559
  532.10462203  535.79669991  539.51439576  543.25788733  547.0273536
  550.82297482  554.64493245  558.49340923  562.36858918  566.27065758
  570.19980099  574.15620727  578.1400656   582.15156646  586.19090164
  590.25826428  594.35384886  598.47785118  602.63046844  606.81189917
  611.02234332  615.26200218  619.53107847  623.82977632  628.15830124
  632.5168602   636.90566159  641.32491526  645.77483251  650.25562609
  654.76751024  659.3107007   663.88541468  668.49187091  673.13028965
  677.80089266  682.50390327  687.23954634  692.00804829  696.80963711
  701.64454239  706.5129953   711.41522861  716.3514767   721.32197561
  726.32696297  731.3666781   736.44136195  741.55125717  746.69660806
  751.87766065  757.09466265  762.34786351  767.63751439  772.96386821
  778.32717964  783.7277051   789.16570283  794.64143281  800.15515687
  805.70713863  811.29764354  816.9269389   822.59529388  828.30297947
  834.0502686   839.83743605  845.66475851  851.53251463  857.44098494
  863.39045194  869.38120011  875.41351587  881.48768764  887.60400586
  893.76276295  899.96425339  906.20877369  912.49662241  918.82810019
  925.20350977  931.62315597  938.08734572  944.5963881   951.15059433
  957.75027779  964.39575401  971.08734074  977.82535793  984.61012774
  991.44197456  998.32122505 1005.24820813 1012.22325499 1019.24669913
 1026.31887635 1033.44012481 1040.61078499 1047.83119974 1055.10171428
 1062.42267625 1069.79443567 1077.21734502 1084.69175919 1092.21803557
 1099.79653402 1107.42761686 1115.11164898 1122.84899777 1130.64003317
 1138.48512769 1146.38465643 1154.33899709 1162.34852999 1170.41363809
 1178.534707   1186.71212501 1194.94628312 1203.23757501 1211.58639712
 1219.99314863 1228.45823149 1236.98205044 1245.56501303 1254.20752964
 1262.91001348 1271.67288065 1280.49655013 1289.3814438  1298.32798647
 1307.3366059  1316.40773282 1325.54180095 1334.73924702 1344.00051077
 1353.32603502 1362.71626564 1372.17165161 1381.69264503 1391.2797011
 1400.93327823 1410.65383797 1420.44184509 1430.29776759 1440.2220767
 1450.21524693 1460.27775609 1470.41008529 1480.61271899 1490.88614501
 1501.23085454 1511.6473422  1522.13610603 1532.69764753 1543.33247167
 1554.04108693 1564.82400534 1575.68174243 1586.61481737 1597.62375288
 1608.70907534 1619.87131476 1631.11100486 1642.42868302 1653.82489037
 1665.30017181 1676.855076   1688.49015541 1700.20596635 1712.00306899
 1723.88202737 1735.84340946 1747.88778718 1760.0157364  1772.22783699
 1784.52467284 1796.9068319  1809.37490621 1821.92949188 1834.5711892
 1847.3006026  1860.11834071 1873.02501637 1886.02124671 1899.1076531
 1912.28486123 1925.55350116 1938.91420729 1952.36761844 1965.91437785
 1979.55513323 1993.29053679 2007.12124525 2021.0479199  2035.07122661
 2049.19183588 2063.41042285 2077.72766736 2092.14425395 2106.66087192
 2121.27821536 2135.99698315 2150.81787905 2165.74161169 2180.7688946
 2195.9004463  2211.13699025 2226.47925497 2241.92797401 2257.48388602
 2273.14773477 2288.92026919 2304.80224341 2320.79441681 2336.897554
 2353.11242492 2369.43980486 2385.88047447 2402.43521983 2419.10483246
 2435.8901094  2452.79185318 2469.81087194 2486.9479794  2504.20399492
 2521.57974359 2539.07605616 2556.69376921 2574.43372507 2592.29677195
 2610.28376392 2628.39556101 2646.63302918 2664.99704042 2683.48847277
 2702.10821035 2720.85714343 2739.73616845 2758.74618806 2777.8881112
 2797.16285308 2816.5713353  2836.11448582 2855.79323906 2875.60853592
 2895.56132382 2915.65255676 2935.88319537 2956.25420692 2976.76656541
 2997.42125159 3018.21925304 3039.16156415 3060.24918624 3081.48312757
 3102.86440339 3124.394036   3146.07305481 3167.90249633 3189.8834043
 3212.0168297  3234.30383077 3256.74547314 3279.34282979 3302.09698117
 3325.00901522 3348.08002743 3371.31112089 3394.70340635 3418.25800226
 3441.97603482 3465.85863808 3489.90695392 3514.12213215 3538.50533059
 3563.05771506 3587.78045947 3612.67474589 3637.7417646  3662.98271411
 3688.39880126 3713.99124128 3739.76125781 3765.71008299 3791.8389575
 3818.14913064 3844.64186038 3871.31841341 3898.1800652  3925.2281001
 3952.46381135 3979.88850116 4007.50348078 4035.31007057 4063.30960005
 4091.50340793 4119.89284226 4148.47926042 4177.26402919 4206.24852487
 4235.43413328 4264.82224987 4294.41427977 4324.21163787 4354.21574885
 4384.42804729 4414.84997775 4445.48299476 4476.328563   4507.38815726
 4538.66326261 4570.15537438 4601.86599831 4633.79665057 4665.94885787
 4698.32415748 4730.92409736 4763.75023621 4796.80414355 4830.08739976
 4863.60159623 4897.34833535 4931.32923066 4965.54590687 5000.        ], psd_array=[5.32629213e-47 4.98494505e-47 4.67102962e-47 4.38182875e-47
 4.11493640e-47 3.86821884e-47 3.63978103e-47 3.42793735e-47
 3.23118611e-47 3.04818732e-47 2.87774334e-47 2.71878196e-47
 2.57034160e-47 2.43155847e-47 2.30165519e-47 2.17993094e-47
 2.06575280e-47 1.95854809e-47 1.85779774e-47 1.76303042e-47
 1.67381732e-47 1.58976766e-47 1.51052467e-47 1.43576201e-47
 1.36443291e-47 1.29638983e-47 1.23217106e-47 1.17152860e-47
 1.11423378e-47 1.06007541e-47 1.00885821e-47 9.60401309e-48
 9.14536995e-48 8.71109552e-48 8.29974217e-48 7.90996257e-48
 7.54050119e-48 7.19018692e-48 6.85792614e-48 6.54269663e-48
 6.24354203e-48 5.95956668e-48 5.68596030e-48 5.42614842e-48
 5.17947575e-48 4.94522695e-48 4.72272945e-48 4.51135058e-48
 4.31049484e-48 4.11960141e-48 3.93814184e-48 3.76561798e-48
 3.60155999e-48 3.44552457e-48 3.29709329e-48 3.15587105e-48
 3.02148462e-48 2.89358137e-48 2.77182797e-48 2.65590929e-48
 2.54552730e-48 2.44040008e-48 2.34026087e-48 2.24485723e-48
 2.15395019e-48 2.06731348e-48 1.98473286e-48 1.90600537e-48
 1.83093878e-48 1.75935093e-48 1.69106922e-48 1.62593004e-48
 1.56377833e-48 1.50446705e-48 1.44785679e-48 1.39381535e-48
 1.34221735e-48 1.29294382e-48 1.24588193e-48 1.20092459e-48
 1.15797021e-48 1.11692235e-48 1.07768946e-48 1.04018466e-48
 1.00432543e-48 9.70033422e-49 9.37234242e-49 9.05857215e-49
 8.75835211e-49 8.47104450e-49 8.19604334e-49 7.93277272e-49
 7.68068533e-49 7.43926089e-49 7.20800480e-49 6.98644683e-49
 6.77413979e-49 6.57065840e-49 6.37559817e-49 6.18857428e-49
 6.00922064e-49 5.84157813e-49 5.68187966e-49 5.52837045e-49
 5.38078349e-49 5.23886410e-49 5.10236931e-49 4.97106731e-49
 4.84473688e-49 4.72316688e-49 4.60615579e-49 4.49351122e-49
 4.38504948e-49 4.28059516e-49 4.17998074e-49 4.08304622e-49
 3.98963872e-49 3.89961221e-49 3.81282714e-49 3.72915013e-49
 3.64845372e-49 3.57061605e-49 3.49552061e-49 3.42305602e-49
 3.35311575e-49 3.28559790e-49 3.22040502e-49 3.15744388e-49
 3.09662526e-49 3.03786380e-49 2.98107780e-49 2.92618908e-49
 2.87312277e-49 2.82180722e-49 2.77217379e-49 2.72415679e-49
 2.67769327e-49 2.63272297e-49 2.58918812e-49 2.54703340e-49
 2.50620581e-49 2.46665454e-49 2.42833089e-49 2.39118821e-49
 2.35518174e-49 2.32026859e-49 2.28640765e-49 2.25355945e-49
 2.22168619e-49 2.19075157e-49 2.16072079e-49 2.13156046e-49
 2.10323853e-49 2.07572427e-49 2.04898816e-49 2.02300189e-49
 1.99773827e-49 1.97317119e-49 1.94927562e-49 1.92602747e-49
 1.90340365e-49 1.88138196e-49 1.85994109e-49 1.83906056e-49
 1.81872069e-49 1.79890258e-49 1.77958807e-49 1.76075970e-49
 1.74240069e-49 1.72449490e-49 1.70702685e-49 1.68998161e-49
 1.67334485e-49 1.65710280e-49 1.64124218e-49 1.62575026e-49
 1.61061475e-49 1.59582387e-49 1.58136626e-49 1.56723098e-49
 1.55340753e-49 1.53988579e-49 1.52665601e-49 1.51370882e-49
 1.50103519e-49 1.48862643e-49 1.47647416e-49 1.46457032e-49
 1.45290715e-49 1.44147716e-49 1.43027316e-49 1.41928819e-49
 1.40851558e-49 1.39794886e-49 1.38758183e-49 1.37740849e-49
 1.36742308e-49 1.35762002e-49 1.34799395e-49 1.33853969e-49
 1.32925225e-49 1.32012681e-49 1.31115873e-49 1.30234352e-49
 1.29367687e-49 1.28515459e-49 1.27677266e-49 1.26852720e-49
 1.26041445e-49 1.25243078e-49 1.24457271e-49 1.23683685e-49
 1.22921993e-49 1.22171882e-49 1.21433046e-49 1.20705191e-49
 1.19988033e-49 1.19281298e-49 1.18584719e-49 1.17898041e-49
 1.17221015e-49 1.16553402e-49 1.15894969e-49 1.15245492e-49
 1.14604755e-49 1.13972547e-49 1.13348665e-49 1.12732913e-49
 1.12125100e-49 1.11525043e-49 1.10932563e-49 1.10347488e-49
 1.09769651e-49 1.09198890e-49 1.08635048e-49 1.08077973e-49
 1.07527519e-49 1.06983543e-49 1.06445906e-49 1.05914475e-49
 1.05389121e-49 1.04869716e-49 1.04356140e-49 1.03848273e-49
 1.03346002e-49 1.02849214e-49 1.02357802e-49 1.01871660e-49
 1.01390688e-49 1.00914785e-49 1.00443856e-49 9.99778087e-50
 9.95165514e-50 9.90599964e-50 9.86080585e-50 9.81606546e-50
 9.77177039e-50 9.72791282e-50 9.68448512e-50 9.64147986e-50
 9.59888984e-50 9.55670805e-50 9.51492767e-50 9.47354204e-50
 9.43254472e-50 9.39192941e-50 9.35168998e-50 9.31182048e-50
 9.27231510e-50 9.23316817e-50 9.19437419e-50 9.15592779e-50
 9.11782374e-50 9.08005693e-50 9.04262238e-50 9.00551526e-50
 8.96873082e-50 8.93226446e-50 8.89611167e-50 8.86026805e-50
 8.82472933e-50 8.78949131e-50 8.75454990e-50 8.71990113e-50
 8.68554108e-50 8.65146595e-50 8.61767203e-50 8.58415567e-50
 8.55091331e-50 8.51794150e-50 8.48523682e-50 8.45279596e-50
 8.42061566e-50 8.38869276e-50 8.35702413e-50 8.32560673e-50
 8.29443759e-50 8.26351378e-50 8.23283245e-50 8.20239081e-50
 8.17218610e-50 8.14221566e-50 8.11247684e-50 8.08296707e-50
 8.05368382e-50 8.02462461e-50 7.99578702e-50 7.96716866e-50
 7.93876720e-50 7.91058035e-50 7.88260585e-50 7.85484149e-50
 7.82728512e-50 7.79993461e-50 7.77278786e-50 7.74584283e-50
 7.71909750e-50 7.69254990e-50 7.66619808e-50 7.64004013e-50
 7.61407418e-50 7.58829839e-50 7.56271093e-50 7.53731003e-50
 7.51209393e-50 7.48706092e-50 7.46220929e-50 7.43753738e-50
 7.41304355e-50 7.38872618e-50 7.36458368e-50 7.34061450e-50
 7.31681709e-50 7.29318994e-50 7.26973155e-50 7.24644045e-50
 7.22331521e-50 7.20035438e-50 7.17755658e-50 7.15492041e-50
 7.13244452e-50 7.11012756e-50 7.08796820e-50 7.06596515e-50
 7.04411711e-50 7.02242282e-50 7.00088103e-50 6.97949051e-50
 6.95825004e-50 6.93715842e-50 6.91621448e-50 6.89541703e-50
 6.87476495e-50 6.85425708e-50 6.83389232e-50 6.81366955e-50
 6.79358768e-50 6.77364565e-50 6.75384238e-50 6.73417683e-50
 6.71464797e-50 6.69525477e-50 6.67599622e-50 6.65687134e-50
 6.63787913e-50 6.61901863e-50 6.60028888e-50 6.58168893e-50
 6.56321784e-50 6.54487470e-50 6.52665859e-50 6.50856862e-50
 6.49060388e-50 6.47276351e-50 6.45504663e-50 6.43745239e-50
 6.41997993e-50 6.40262844e-50 6.38539706e-50 6.36828500e-50
 6.35129143e-50 6.33441557e-50 6.31765663e-50 6.30101382e-50
 6.28448638e-50 6.26807354e-50 6.25177455e-50 6.23558868e-50
 6.21951518e-50 6.20355334e-50 6.18770243e-50 6.17196175e-50
 6.15633059e-50 6.14080827e-50 6.12539410e-50 6.11008740e-50
 6.09488751e-50 6.07979377e-50 6.06480552e-50 6.04992213e-50
 6.03514295e-50 6.02046736e-50 6.00589473e-50 5.99142445e-50
 5.97705591e-50 5.96278852e-50 5.94862168e-50 5.93455481e-50
 5.92058732e-50 5.90671865e-50 5.89294824e-50 5.87927552e-50
 5.86569995e-50 5.85222098e-50 5.83883807e-50 5.82555070e-50
 5.81235835e-50 5.79926049e-50 5.78625661e-50 5.77334622e-50
 5.76052882e-50 5.74780390e-50 5.73517100e-50 5.72262963e-50
 5.71017933e-50 5.69781962e-50 5.68555004e-50 5.67337015e-50
 5.66127951e-50 5.64927765e-50 5.63736417e-50 5.62553862e-50
 5.61380059e-50 5.60214965e-50 5.59058541e-50 5.57910745e-50
 5.56771539e-50 5.55640882e-50 5.54518737e-50 5.53405065e-50
 5.52299829e-50 5.51202993e-50 5.50114520e-50 5.49034374e-50
 5.47962522e-50 5.46898928e-50 5.45843559e-50 5.44796382e-50
 5.43757364e-50 5.42726473e-50 5.41703678e-50 5.40688949e-50
 5.39682254e-50 5.38683565e-50 5.37692852e-50 5.36710088e-50
 5.35735244e-50 5.34768293e-50 5.33809209e-50 5.32857967e-50
 5.31914539e-50 5.30978903e-50 5.30051033e-50 5.29130907e-50
 5.28218501e-50 5.27313794e-50 5.26416763e-50 5.25527388e-50
 5.24645648e-50 5.23771524e-50 5.22904997e-50 5.22046048e-50
 5.21194660e-50 5.20350815e-50 5.19514498e-50 5.18685692e-50
 5.17864383e-50 5.17050557e-50 5.16244199e-50 5.15445297e-50
 5.14653840e-50 5.13869815e-50 5.13093213e-50 5.12324023e-50
 5.11562238e-50 5.10807849e-50 5.10060849e-50 5.09321232e-50
 5.08588994e-50 5.07864131e-50 5.07146640e-50 5.06436520e-50
 5.05733771e-50 5.05038395e-50 5.04350396e-50 5.03669778e-50
 5.02996549e-50 5.02330720e-50 5.01672303e-50 5.01021316e-50
 5.00377780e-50 4.99741721e-50 4.99113172e-50 4.98492173e-50
 4.97878778e-50 4.97273050e-50 4.96675073e-50 4.96084954e-50
 4.95502835e-50 4.94928904e-50 4.94363416e-50 4.93806727e-50
 4.93259345e-50 4.92722020e-50 4.92195895e-50 4.91682793e-50
 4.91185771e-50 4.90710301e-50 4.90267005e-50 4.89878875e-50
 4.89603848e-50 4.89626008e-50 4.90824887e-50 5.04899758e-50
 5.48514267e-50 4.90529405e-50 4.87417105e-50 4.86319881e-50
 4.85629918e-50 4.85077637e-50 4.84587496e-50 4.84131740e-50
 4.83698273e-50 4.83281159e-50 4.82877225e-50 4.82484658e-50
 4.82102370e-50 4.81729685e-50 4.81366167e-50 4.81011535e-50
 4.80665604e-50 4.80328252e-50 4.79999404e-50 4.79679014e-50
 4.79367058e-50 4.79063531e-50 4.78768438e-50 4.78481796e-50
 4.78203626e-50 4.77933959e-50 4.77672829e-50 4.77420273e-50
 4.77176335e-50 4.76941059e-50 4.76714493e-50 4.76496689e-50
 4.76287700e-50 4.76087580e-50 4.75896388e-50 4.75714183e-50
 4.75541027e-50 4.75376983e-50 4.75222116e-50 4.75076495e-50
 4.74940189e-50 4.74813267e-50 4.74695805e-50 4.74587875e-50
 4.74489556e-50 4.74400926e-50 4.74322066e-50 4.74253057e-50
 4.74193985e-50 4.74144937e-50 4.74105999e-50 4.74077265e-50
 4.74058825e-50 4.74050774e-50 4.74053211e-50 4.74066233e-50
 4.74089942e-50 4.74124441e-50 4.74169837e-50 4.74226238e-50
 4.74293754e-50 4.74372497e-50 4.74462584e-50 4.74564132e-50
 4.74677262e-50 4.74802097e-50 4.74938762e-50 4.75087386e-50
 4.75248100e-50 4.75421038e-50 4.75606336e-50 4.75804134e-50
 4.76014575e-50 4.76237805e-50 4.76473972e-50 4.76723229e-50
 4.76985730e-50 4.77261635e-50 4.77551105e-50 4.77854307e-50
 4.78171409e-50 4.78502584e-50 4.78848011e-50 4.79207871e-50
 4.79582350e-50 4.79971640e-50 4.80375938e-50 4.80795448e-50
 4.81230382e-50 4.81680964e-50 4.82147433e-50 4.82630051e-50
 4.83129117e-50 4.83645002e-50 4.84178216e-50 4.84729591e-50
 4.85300814e-50 4.85896454e-50 4.86535003e-50 4.87383051e-50
 5.09314082e-50 4.88559951e-50 4.89097082e-50 4.89761520e-50
 4.90462727e-50 4.91188620e-50 4.91936324e-50 4.92705027e-50
 4.93494566e-50 4.94305021e-50 4.95136586e-50 4.95989511e-50
 4.96864081e-50 4.97760601e-50 4.98679392e-50 4.99620787e-50
 5.00585131e-50 5.01572775e-50 5.02584084e-50 5.03619429e-50
 5.04679189e-50 5.05763753e-50 5.06873517e-50 5.08008889e-50
 5.09170282e-50 5.10358120e-50 5.11572836e-50 5.12814872e-50
 5.14084680e-50 5.15382720e-50 5.16709465e-50 5.18065395e-50
 5.19451002e-50 5.20866788e-50 5.22313268e-50 5.23790964e-50
 5.25300413e-50 5.26842162e-50 5.28416769e-50 5.30024808e-50
 5.31666860e-50 5.33343523e-50 5.35055407e-50 5.36803135e-50
 5.38587344e-50 5.40408686e-50 5.42267826e-50 5.44165446e-50
 5.46102243e-50 5.48078934e-50 5.50096250e-50 5.52154949e-50
 5.54255813e-50 5.56399668e-50 5.58587418e-50 5.60820161e-50
 5.63099672e-50 5.65431677e-50 5.67902372e-50 5.70347545e-50
 5.72686444e-50 5.75193823e-50 5.77758645e-50 5.80376580e-50
 5.83047647e-50 5.85772577e-50 5.88552299e-50 5.91387826e-50
 5.94280218e-50 5.97230572e-50 6.00240016e-50 6.03309705e-50
 6.06440826e-50 6.09634591e-50 6.12892243e-50 6.16215055e-50
 6.19604328e-50 6.23061395e-50 6.26587620e-50 6.30184399e-50
 6.33853162e-50 6.37595371e-50 6.41412524e-50 6.45306155e-50
 6.49277833e-50 6.53329165e-50 6.57461797e-50 6.61677414e-50
 6.65977741e-50 6.70364546e-50 6.74839639e-50 6.79404874e-50
 6.84062151e-50 6.88813418e-50 6.93660674e-50 6.98605975e-50
 7.03651449e-50 7.08799348e-50 7.14052287e-50 7.19415486e-50
 7.25344823e-50 7.30465658e-50 7.36150361e-50 7.41958027e-50
 7.47885290e-50 7.53934138e-50 7.60107095e-50 7.66406845e-50
 7.72836170e-50 7.79398409e-50 7.86095051e-50 7.92930557e-50
 7.99907538e-50 8.07029158e-50 8.14298667e-50 8.21719395e-50
 8.29294759e-50 8.37028260e-50 8.44923491e-50 8.52984135e-50
 8.61213972e-50 8.69616875e-50 8.78196822e-50 8.86957888e-50
 8.95904257e-50 9.05040222e-50 9.14370186e-50 9.23898670e-50
 9.33630318e-50 9.43569916e-50 9.53722440e-50 9.64093460e-50
 9.74702867e-50 9.85513382e-50 9.96561851e-50 1.00785515e-49
 1.01939375e-49 1.03118318e-49 1.04322937e-49 1.05553846e-49
 1.06811678e-49 1.08097083e-49 1.09410728e-49 1.10753299e-49
 1.12125499e-49 1.13528052e-49 1.14961700e-49 1.16427206e-49
 1.17925352e-49 1.19456943e-49 1.21022806e-49 1.22623790e-49
 1.24260767e-49 1.25934633e-49 1.27646309e-49 1.29396743e-49
 1.31186909e-49 1.33017818e-49 1.34890632e-49 1.36807805e-49
 1.38765274e-49 1.40769573e-49 1.42820065e-49 1.44917897e-49
 1.47064275e-49 1.49260442e-49 1.51507680e-49 1.53807304e-49
 1.56160668e-49 1.58569164e-49 1.61034225e-49 1.63557322e-49
 1.66139972e-49 1.68783733e-49 1.71490207e-49 1.74261045e-49
 1.77097943e-49 1.80002648e-49 1.82976957e-49 1.86022723e-49
 1.89141879e-49 1.92377246e-49 1.95608061e-49 1.98959173e-49
 2.02391864e-49 2.05908301e-49 2.09510744e-49 2.13201524e-49
 2.16983040e-49 2.20857767e-49 2.24828251e-49 2.28897114e-49
 2.33067060e-49 2.37340870e-49 2.41721414e-49 2.46211646e-49
 2.50814612e-49 2.55533448e-49 2.60371390e-49 2.65331780e-49
 2.70418314e-49 2.75633745e-49 2.80982409e-49 2.86467960e-49
 2.92094228e-49 2.97865213e-49 3.03785042e-49 3.09857975e-49
 3.16088404e-49 3.22480862e-49 3.29040024e-49 3.35770716e-49
 3.42677917e-49 3.49766766e-49 3.57042567e-49 3.64510799e-49
 3.72177117e-49 3.80047503e-49 3.88127555e-49 3.96423854e-49
 4.04942790e-49 4.13690969e-49 4.22675248e-49 4.31902715e-49
 4.41380694e-49 4.51116755e-49 4.61118719e-49 4.71394674e-49
 4.81952978e-49 4.92802274e-49 5.03951500e-49 5.15409899e-49
 5.27187060e-49 5.39292836e-49 5.51737337e-49 5.64531335e-49
 5.77685707e-49 5.91211781e-49 6.05121280e-49 6.19426340e-49
 6.34139522e-49 6.49273830e-49 6.64842727e-49 6.80860152e-49
 6.97340540e-49 7.14298839e-49 7.31750602e-49 7.49711633e-49
 7.68198725e-49 7.87229048e-49 8.06820393e-49 8.26991203e-49
 8.47760581e-49 8.69148310e-49 8.91174878e-49 9.13861500e-49
 9.37230139e-49 9.61303535e-49 9.86105228e-49 1.01166118e-48
 1.03799171e-48 1.06512775e-48 1.09309461e-48 1.12192012e-48
 1.15163301e-48 1.18226294e-48 1.21384051e-48 1.24639723e-48
 1.27996555e-48 1.31457884e-48 1.35027139e-48 1.38707828e-48
 1.42503548e-48 1.46417978e-48 1.50454857e-48 1.54617991e-48
 1.58911229e-48 1.63338457e-48 1.67903576e-48 1.72610477e-48
 1.77463020e-48 1.82465012e-48 1.87620084e-48 1.92931819e-48
 1.98403521e-48 2.04038233e-48 2.09838643e-48 2.15806989e-48
 2.21944951e-48 2.28253518e-48 2.34732841e-48 2.41382078e-48
 2.48199048e-48 2.55180272e-48 2.62320413e-48 2.69612087e-48
 2.77045466e-48 2.84607851e-48 2.92283183e-48 3.00051495e-48
 3.07888289e-48 3.15763840e-48 3.23642454e-48 3.31481634e-48
 3.39231203e-48 3.46832396e-48 3.54216952e-48 3.61306234e-48
 3.68010465e-48 3.74228145e-48 3.79845685e-48 3.84737667e-48
 3.88767388e-48 3.91788366e-48 3.93646690e-48 3.94184484e-48
 3.93244608e-48 3.90676682e-48 3.86344350e-48 3.80133653e-48
 3.71962052e-48 3.61787540e-48 3.49617062e-48 3.35513296e-48
 3.19598852e-48 3.02057069e-48 2.83128770e-48 2.63105038e-48
 2.42316059e-48 2.21117173e-48 1.99873222e-48 1.78942677e-48
 1.58662971e-48 1.39338234e-48 1.21230213e-48 1.04552799e-48
 8.94699743e-49 7.60968664e-49 6.45032112e-49 5.47185025e-49
 4.67381156e-49 4.05297719e-49 3.60398962e-49 3.31994399e-49
 3.19290501e-49 3.21434288e-49 3.37548885e-49 3.66761386e-49
 4.08223993e-49 4.61129105e-49 5.24719592e-49 5.98295117e-49
 6.81215358e-49 7.72900927e-49 8.72832384e-49 9.80548526e-49
 1.09564321e-48 1.21776217e-48 1.34659941e-48 1.48189408e-48
 1.62342381e-48 1.77100725e-48 1.92449461e-48 2.08376756e-48
 2.24873572e-48 2.41933392e-48 2.59551970e-48 2.77727117e-48
 2.96458481e-48 3.15747366e-48 3.35596563e-48 3.56010190e-48
 3.76993551e-48 3.98553007e-48 4.20695853e-48 4.43430203e-48], asd_array=[7.29814506e-24 7.06041433e-24 6.83449312e-24 6.61953831e-24
 6.41477700e-24 6.21950065e-24 6.03305978e-24 5.85485897e-24
 5.68435230e-24 5.52103914e-24 5.36446022e-24 5.21419405e-24
 5.06985365e-24 4.93108352e-24 4.79755687e-24 4.66897306e-24
 4.54505533e-24 4.42554865e-24 4.31021779e-24 4.19884557e-24
 4.09123125e-24 3.98718906e-24 3.88654688e-24 3.78914504e-24
 3.69382310e-24 3.60054139e-24 3.51022942e-24 3.42275999e-24
 3.33801404e-24 3.25587993e-24 3.17625284e-24 3.09903422e-24
 3.02413127e-24 2.95145651e-24 2.88092731e-24 2.81246557e-24
 2.74599730e-24 2.68145239e-24 2.61876424e-24 2.55786955e-24
 2.49870807e-24 2.44122237e-24 2.38452517e-24 2.32940946e-24
 2.27584616e-24 2.22378662e-24 2.17318417e-24 2.12399402e-24
 2.07617312e-24 2.02968012e-24 1.98447520e-24 1.94052003e-24
 1.89777765e-24 1.85621243e-24 1.81578999e-24 1.77647714e-24
 1.73824182e-24 1.70105302e-24 1.66488077e-24 1.62969607e-24
 1.59547087e-24 1.56217799e-24 1.52979112e-24 1.49828476e-24
 1.46763421e-24 1.43781553e-24 1.40880547e-24 1.38058153e-24
 1.35312186e-24 1.32640527e-24 1.30041117e-24 1.27511962e-24
 1.25051123e-24 1.22656718e-24 1.20326921e-24 1.18059957e-24
 1.15854104e-24 1.13707688e-24 1.11619081e-24 1.09586705e-24
 1.07609024e-24 1.05684547e-24 1.03811823e-24 1.01989444e-24
 1.00216038e-24 9.84902748e-25 9.68108590e-25 9.51765315e-25
 9.35860679e-25 9.20382774e-25 9.05320017e-25 8.90661143e-25
 8.76395192e-25 8.62511501e-25 8.48999694e-25 8.35849677e-25
 8.23051626e-25 8.10595978e-25 7.98473429e-25 7.86674919e-25
 7.75191630e-25 7.64302174e-25 7.53782440e-25 7.43530124e-25
 7.33538239e-25 7.23799979e-25 7.14308709e-25 7.05057963e-25
 6.96041441e-25 6.87253002e-25 6.78686658e-25 6.70336574e-25
 6.62197061e-25 6.54262574e-25 6.46527706e-25 6.38987184e-25
 6.31635870e-25 6.24468751e-25 6.17480942e-25 6.10667678e-25
 6.04024314e-25 5.97546320e-25 5.91229280e-25 5.85068887e-25
 5.79060942e-25 5.73201352e-25 5.67486125e-25 5.61911370e-25
 5.56473293e-25 5.51168196e-25 5.45992473e-25 5.40942611e-25
 5.36015184e-25 5.31206854e-25 5.26514368e-25 5.21934554e-25
 5.17464325e-25 5.13100669e-25 5.08840655e-25 5.04681425e-25
 5.00620196e-25 4.96654260e-25 4.92780975e-25 4.88997772e-25
 4.85302147e-25 4.81691664e-25 4.78163952e-25 4.74716700e-25
 4.71347663e-25 4.68054652e-25 4.64835540e-25 4.61688256e-25
 4.58610786e-25 4.55601171e-25 4.52657504e-25 4.49777933e-25
 4.46960654e-25 4.44203917e-25 4.41506015e-25 4.38865295e-25
 4.36280145e-25 4.33749002e-25 4.31270343e-25 4.28842694e-25
 4.26464616e-25 4.24134717e-25 4.21851641e-25 4.19614072e-25
 4.17420733e-25 4.15270382e-25 4.13161814e-25 4.11093859e-25
 4.09065380e-25 4.07075275e-25 4.05122473e-25 4.03205935e-25
 4.01324651e-25 3.99477643e-25 3.97663961e-25 3.95882682e-25
 3.94132913e-25 3.92413786e-25 3.90724457e-25 3.89064111e-25
 3.87431954e-25 3.85827219e-25 3.84249158e-25 3.82697049e-25
 3.81170191e-25 3.79667902e-25 3.78189524e-25 3.76734415e-25
 3.75301955e-25 3.73891543e-25 3.72502594e-25 3.71134544e-25
 3.69786842e-25 3.68458956e-25 3.67150372e-25 3.65860587e-25
 3.64589118e-25 3.63335494e-25 3.62099259e-25 3.60879969e-25
 3.59677198e-25 3.58490529e-25 3.57319558e-25 3.56163895e-25
 3.55023161e-25 3.53896988e-25 3.52785021e-25 3.51686913e-25
 3.50602329e-25 3.49530946e-25 3.48472446e-25 3.47426526e-25
 3.46392888e-25 3.45371246e-25 3.44361321e-25 3.43362842e-25
 3.42375547e-25 3.41399182e-25 3.40433501e-25 3.39478265e-25
 3.38533240e-25 3.37598203e-25 3.36672934e-25 3.35757223e-25
 3.34850862e-25 3.33953654e-25 3.33065404e-25 3.32185924e-25
 3.31315033e-25 3.30452553e-25 3.29598313e-25 3.28752146e-25
 3.27913890e-25 3.27083388e-25 3.26260488e-25 3.25445042e-25
 3.24636906e-25 3.23835940e-25 3.23042009e-25 3.22254982e-25
 3.21474730e-25 3.20701129e-25 3.19934059e-25 3.19173402e-25
 3.18419044e-25 3.17670875e-25 3.16928788e-25 3.16192677e-25
 3.15462440e-25 3.14737981e-25 3.14019201e-25 3.13306008e-25
 3.12598311e-25 3.11896021e-25 3.11199054e-25 3.10507325e-25
 3.09820752e-25 3.09139258e-25 3.08462764e-25 3.07791196e-25
 3.07124482e-25 3.06462549e-25 3.05805330e-25 3.05152757e-25
 3.04504763e-25 3.03861287e-25 3.03222265e-25 3.02587637e-25
 3.01957344e-25 3.01331328e-25 3.00709534e-25 3.00091907e-25
 2.99478394e-25 2.98868942e-25 2.98263502e-25 2.97662024e-25
 2.97064460e-25 2.96470763e-25 2.95880887e-25 2.95294787e-25
 2.94712421e-25 2.94133744e-25 2.93558717e-25 2.92987298e-25
 2.92419447e-25 2.91855127e-25 2.91294298e-25 2.90736925e-25
 2.90182971e-25 2.89632401e-25 2.89085180e-25 2.88541275e-25
 2.88000653e-25 2.87463281e-25 2.86929128e-25 2.86398164e-25
 2.85870357e-25 2.85345679e-25 2.84824101e-25 2.84305594e-25
 2.83790130e-25 2.83277684e-25 2.82768227e-25 2.82261734e-25
 2.81758180e-25 2.81257539e-25 2.80759788e-25 2.80264901e-25
 2.79772857e-25 2.79283630e-25 2.78797200e-25 2.78313543e-25
 2.77832639e-25 2.77354465e-25 2.76879000e-25 2.76406225e-25
 2.75936119e-25 2.75468662e-25 2.75003835e-25 2.74541618e-25
 2.74081994e-25 2.73624943e-25 2.73170447e-25 2.72718488e-25
 2.72269050e-25 2.71822114e-25 2.71377665e-25 2.70935684e-25
 2.70496157e-25 2.70059066e-25 2.69624397e-25 2.69192133e-25
 2.68762259e-25 2.68334761e-25 2.67909622e-25 2.67486830e-25
 2.67066369e-25 2.66648224e-25 2.66232383e-25 2.65818832e-25
 2.65407557e-25 2.64998544e-25 2.64591781e-25 2.64187254e-25
 2.63784951e-25 2.63384860e-25 2.62986967e-25 2.62591261e-25
 2.62197730e-25 2.61806361e-25 2.61417144e-25 2.61030066e-25
 2.60645117e-25 2.60262284e-25 2.59881557e-25 2.59502925e-25
 2.59126378e-25 2.58751904e-25 2.58379493e-25 2.58009134e-25
 2.57640818e-25 2.57274535e-25 2.56910274e-25 2.56548025e-25
 2.56187780e-25 2.55829527e-25 2.55473259e-25 2.55118965e-25
 2.54766636e-25 2.54416263e-25 2.54067838e-25 2.53721351e-25
 2.53376793e-25 2.53034157e-25 2.52693432e-25 2.52354612e-25
 2.52017687e-25 2.51682649e-25 2.51349490e-25 2.51018203e-25
 2.50688779e-25 2.50361210e-25 2.50035489e-25 2.49711607e-25
 2.49389558e-25 2.49069335e-25 2.48750928e-25 2.48434332e-25
 2.48119540e-25 2.47806543e-25 2.47495335e-25 2.47185910e-25
 2.46878260e-25 2.46572378e-25 2.46268259e-25 2.45965895e-25
 2.45665279e-25 2.45366407e-25 2.45069270e-25 2.44773864e-25
 2.44480181e-25 2.44188217e-25 2.43897964e-25 2.43609417e-25
 2.43322570e-25 2.43037418e-25 2.42753954e-25 2.42472174e-25
 2.42192071e-25 2.41913641e-25 2.41636878e-25 2.41361776e-25
 2.41088331e-25 2.40816538e-25 2.40546391e-25 2.40277885e-25
 2.40011017e-25 2.39745780e-25 2.39482171e-25 2.39220184e-25
 2.38959815e-25 2.38701060e-25 2.38443915e-25 2.38188374e-25
 2.37934434e-25 2.37682091e-25 2.37431341e-25 2.37182179e-25
 2.36934602e-25 2.36688607e-25 2.36444188e-25 2.36201343e-25
 2.35960068e-25 2.35720360e-25 2.35482215e-25 2.35245630e-25
 2.35010602e-25 2.34777127e-25 2.34545202e-25 2.34314825e-25
 2.34085993e-25 2.33858703e-25 2.33632951e-25 2.33408736e-25
 2.33186055e-25 2.32964906e-25 2.32745285e-25 2.32527192e-25
 2.32310623e-25 2.32095576e-25 2.31882050e-25 2.31670043e-25
 2.31459552e-25 2.31250577e-25 2.31043115e-25 2.30837165e-25
 2.30632725e-25 2.30429795e-25 2.30228372e-25 2.30028456e-25
 2.29830046e-25 2.29633141e-25 2.29437739e-25 2.29243841e-25
 2.29051446e-25 2.28860552e-25 2.28671161e-25 2.28483270e-25
 2.28296881e-25 2.28111993e-25 2.27928607e-25 2.27746722e-25
 2.27566338e-25 2.27387457e-25 2.27210079e-25 2.27034204e-25
 2.26859833e-25 2.26686968e-25 2.26515609e-25 2.26345758e-25
 2.26177417e-25 2.26010586e-25 2.25845268e-25 2.25681464e-25
 2.25519178e-25 2.25358410e-25 2.25199165e-25 2.25041445e-25
 2.24885253e-25 2.24730593e-25 2.24577469e-25 2.24425885e-25
 2.24275846e-25 2.24127357e-25 2.23980424e-25 2.23835055e-25
 2.23691256e-25 2.23549037e-25 2.23408409e-25 2.23269383e-25
 2.23131974e-25 2.22996199e-25 2.22862081e-25 2.22729647e-25
 2.22598930e-25 2.22469976e-25 2.22342847e-25 2.22217625e-25
 2.22094427e-25 2.21973426e-25 2.21854884e-25 2.21739215e-25
 2.21627113e-25 2.21519819e-25 2.21419738e-25 2.21332075e-25
 2.21269936e-25 2.21274944e-25 2.21545681e-25 2.24699746e-25
 2.34203814e-25 2.21478984e-25 2.20775249e-25 2.20526615e-25
 2.20370124e-25 2.20244781e-25 2.20133481e-25 2.20029939e-25
 2.19931415e-25 2.19836566e-25 2.19744676e-25 2.19655334e-25
 2.19568297e-25 2.19483413e-25 2.19400585e-25 2.19319752e-25
 2.19240873e-25 2.19163923e-25 2.19088887e-25 2.19015756e-25
 2.18944527e-25 2.18875200e-25 2.18807778e-25 2.18742267e-25
 2.18678674e-25 2.18617007e-25 2.18557276e-25 2.18499490e-25
 2.18443662e-25 2.18389803e-25 2.18337925e-25 2.18288041e-25
 2.18240166e-25 2.18194312e-25 2.18150496e-25 2.18108730e-25
 2.18069032e-25 2.18031416e-25 2.17995898e-25 2.17962496e-25
 2.17931225e-25 2.17902104e-25 2.17875149e-25 2.17850379e-25
 2.17827812e-25 2.17807467e-25 2.17789363e-25 2.17773519e-25
 2.17759956e-25 2.17748694e-25 2.17739753e-25 2.17733154e-25
 2.17728920e-25 2.17727071e-25 2.17727630e-25 2.17730621e-25
 2.17736065e-25 2.17743988e-25 2.17754412e-25 2.17767362e-25
 2.17782863e-25 2.17800941e-25 2.17821621e-25 2.17844929e-25
 2.17870894e-25 2.17899540e-25 2.17930898e-25 2.17964994e-25
 2.18001858e-25 2.18041518e-25 2.18084006e-25 2.18129350e-25
 2.18177583e-25 2.18228734e-25 2.18282838e-25 2.18339925e-25
 2.18400030e-25 2.18463186e-25 2.18529427e-25 2.18598789e-25
 2.18671308e-25 2.18747019e-25 2.18825961e-25 2.18908171e-25
 2.18993687e-25 2.19082551e-25 2.19174802e-25 2.19270483e-25
 2.19369638e-25 2.19472314e-25 2.19578558e-25 2.19688427e-25
 2.19801983e-25 2.19919304e-25 2.20040500e-25 2.20165754e-25
 2.20295441e-25 2.20430591e-25 2.20575385e-25 2.20767536e-25
 2.25679880e-25 2.21033923e-25 2.21155394e-25 2.21305562e-25
 2.21463931e-25 2.21627756e-25 2.21796376e-25 2.21969599e-25
 2.22147376e-25 2.22329715e-25 2.22516648e-25 2.22708220e-25
 2.22904482e-25 2.23105491e-25 2.23311306e-25 2.23521987e-25
 2.23737599e-25 2.23958205e-25 2.24183872e-25 2.24414667e-25
 2.24650660e-25 2.24891919e-25 2.25138517e-25 2.25390525e-25
 2.25648018e-25 2.25911071e-25 2.26179760e-25 2.26454161e-25
 2.26734356e-25 2.27020422e-25 2.27312442e-25 2.27610499e-25
 2.27914677e-25 2.28225062e-25 2.28541740e-25 2.28864799e-25
 2.29194331e-25 2.29530425e-25 2.29873176e-25 2.30222676e-25
 2.30579023e-25 2.30942314e-25 2.31312647e-25 2.31690124e-25
 2.32074847e-25 2.32466919e-25 2.32866448e-25 2.33273540e-25
 2.33688306e-25 2.34110857e-25 2.34541308e-25 2.34979775e-25
 2.35426382e-25 2.35881256e-25 2.36344541e-25 2.36816419e-25
 2.37297213e-25 2.37788073e-25 2.38307023e-25 2.38819502e-25
 2.39308680e-25 2.39831988e-25 2.40366105e-25 2.40910062e-25
 2.41463796e-25 2.42027390e-25 2.42600968e-25 2.43184668e-25
 2.43778633e-25 2.44383013e-25 2.44997962e-25 2.45623636e-25
 2.46260193e-25 2.46907795e-25 2.47566606e-25 2.48236793e-25
 2.48918526e-25 2.49611978e-25 2.50317323e-25 2.51034739e-25
 2.51764406e-25 2.52506509e-25 2.53261234e-25 2.54028769e-25
 2.54809308e-25 2.55603045e-25 2.56410179e-25 2.57230911e-25
 2.58065445e-25 2.58913991e-25 2.59776758e-25 2.60653961e-25
 2.61545818e-25 2.62452552e-25 2.63374386e-25 2.64311554e-25
 2.65264293e-25 2.66232858e-25 2.67217568e-25 2.68219217e-25
 2.69322265e-25 2.70271282e-25 2.71320910e-25 2.72389065e-25
 2.73474915e-25 2.74578611e-25 2.75700398e-25 2.76840540e-25
 2.77999311e-25 2.79177078e-25 2.80373867e-25 2.81590227e-25
 2.82826367e-25 2.84082586e-25 2.85359189e-25 2.86656484e-25
 2.87974783e-25 2.89314407e-25 2.90675677e-25 2.92058921e-25
 2.93464473e-25 2.94892671e-25 2.96343858e-25 2.97818382e-25
 2.99316598e-25 3.00838864e-25 3.02385546e-25 3.03957015e-25
 3.05553648e-25 3.07175832e-25 3.08823969e-25 3.10498544e-25
 3.12202317e-25 3.13928874e-25 3.15683679e-25 3.17467344e-25
 3.19279463e-25 3.21120410e-25 3.22990614e-25 3.24890513e-25
 3.26820559e-25 3.28781208e-25 3.30772925e-25 3.32796182e-25
 3.34851459e-25 3.36939241e-25 3.39060025e-25 3.41214311e-25
 3.43402609e-25 3.45625438e-25 3.47883323e-25 3.50176798e-25
 3.52506407e-25 3.54872700e-25 3.57276237e-25 3.59717588e-25
 3.62197334e-25 3.64716079e-25 3.67274600e-25 3.69875391e-25
 3.72512113e-25 3.75192714e-25 3.77915420e-25 3.80680833e-25
 3.83489602e-25 3.86342390e-25 3.89239875e-25 3.92182743e-25
 3.95171694e-25 3.98207438e-25 4.01290698e-25 4.04422208e-25
 4.07602714e-25 4.10832975e-25 4.14113761e-25 4.17445859e-25
 4.20830064e-25 4.24267189e-25 4.27758058e-25 4.31303516e-25
 4.34904448e-25 4.38608305e-25 4.42276001e-25 4.46048397e-25
 4.49879833e-25 4.53771199e-25 4.57723436e-25 4.61737505e-25
 4.65814384e-25 4.69955070e-25 4.74160575e-25 4.78431933e-25
 4.82770193e-25 4.87176426e-25 4.91651721e-25 4.96197185e-25
 5.00813949e-25 5.05503163e-25 5.10266000e-25 5.15103660e-25
 5.20017609e-25 5.25008329e-25 5.30077739e-25 5.35227017e-25
 5.40457425e-25 5.45770293e-25 5.51166982e-25 5.56648880e-25
 5.62217400e-25 5.67873984e-25 5.73620104e-25 5.79457260e-25
 5.85386980e-25 5.91410827e-25 5.97530390e-25 6.03747297e-25
 6.10063207e-25 6.16479929e-25 6.22998840e-25 6.29621993e-25
 6.36351153e-25 6.43188129e-25 6.50134792e-25 6.57193058e-25
 6.64364881e-25 6.71652257e-25 6.79057228e-25 6.86581877e-25
 6.94228333e-25 7.01998771e-25 7.09895415e-25 7.17920538e-25
 7.26076484e-25 7.34365601e-25 7.42790238e-25 7.51353003e-25
 7.60056384e-25 7.68902972e-25 7.77895417e-25 7.87036428e-25
 7.96328777e-25 8.05775297e-25 8.15378885e-25 8.25142504e-25
 8.35069183e-25 8.45162019e-25 8.55424223e-25 8.65858899e-25
 8.76469466e-25 8.87259290e-25 8.98231815e-25 9.09390567e-25
 9.20739149e-25 9.32281240e-25 9.44020592e-25 9.55961035e-25
 9.68106471e-25 9.80460879e-25 9.93028312e-25 1.00581369e-24
 1.01881878e-24 1.03205026e-24 1.04551165e-24 1.05920731e-24
 1.07314165e-24 1.08731915e-24 1.10174430e-24 1.11642162e-24
 1.13135562e-24 1.14655084e-24 1.16201179e-24 1.17774287e-24
 1.19374850e-24 1.21003296e-24 1.22660041e-24 1.24345483e-24
 1.26059997e-24 1.27803935e-24 1.29577612e-24 1.31381307e-24
 1.33215247e-24 1.35079611e-24 1.36974481e-24 1.38899899e-24
 1.40855785e-24 1.42841952e-24 1.44858083e-24 1.46903706e-24
 1.48978170e-24 1.51080614e-24 1.53209935e-24 1.55364757e-24
 1.57543343e-24 1.59743630e-24 1.61963086e-24 1.64198687e-24
 1.66446828e-24 1.68703246e-24 1.70962915e-24 1.73219945e-24
 1.75467458e-24 1.77697451e-24 1.79900654e-24 1.82066371e-24
 1.84182302e-24 1.86234367e-24 1.88206523e-24 1.90080571e-24
 1.91835988e-24 1.93449773e-24 1.94896302e-24 1.96147309e-24
 1.97171851e-24 1.97936446e-24 1.98405315e-24 1.98540798e-24
 1.98303961e-24 1.97655428e-24 1.96556442e-24 1.94970165e-24
 1.92863177e-24 1.90207135e-24 1.86980497e-24 1.83170220e-24
 1.78773279e-24 1.73797891e-24 1.68264307e-24 1.62205129e-24
 1.55665044e-24 1.48700092e-24 1.41376526e-24 1.33769457e-24
 1.25961491e-24 1.18041617e-24 1.10104593e-24 1.02251063e-24
 9.45885692e-25 8.72335179e-25 8.03138912e-25 7.39719558e-25
 6.83652804e-25 6.36629970e-25 6.00332376e-25 5.76189552e-25
 5.65057963e-25 5.66951751e-25 5.80989574e-25 6.05608277e-25
 6.38924090e-25 6.79064875e-25 7.24375312e-25 7.73495389e-25
 8.25357715e-25 8.79147841e-25 9.34254989e-25 9.90226502e-25
 1.04672977e-24 1.10352262e-24 1.16043070e-24 1.21733072e-24
 1.27413650e-24 1.33079196e-24 1.38726155e-24 1.44352609e-24
 1.49957851e-24 1.55542082e-24 1.61106167e-24 1.66651468e-24
 1.72179697e-24 1.77692815e-24 1.83192948e-24 1.88682323e-24
 1.94163218e-24 1.99637924e-24 2.05108716e-24 2.10577825e-24]), minimum_frequency=5.0, maximum_frequency=2048.0, length=40.0, latitude=46.0, longitude=-124.99999999999999, elevation=0.0, xarm_azimuth=260.0, yarm_azimuth=349.99999999999994, xarm_tilt=0.0, yarm_tilt=0.0).
The injected SNR is (17.245467402815382-1.9092950042170997e-19j) in Interferometer(name='A1', power_spectral_density=PowerSpectralDensity(frequency_array=[   5.           5.01153      5.0230867 ... 4977.0194    4988.4965
 5000.       ], psd_array=[3.99805824e-40 3.78691522e-40 3.58724926e-40 ... 1.51962966e-46
 1.52659591e-46 1.53359419e-46], asd_array=[1.9995145e-20 1.9459998e-20 1.8940035e-20 ... 1.2327326e-23 1.2355549e-23
 1.2383837e-23]), minimum_frequency=5.0, maximum_frequency=2048.0, length=4.0, latitude=19.613306027777778, longitude=77.03086102777777, elevation=440.0, xarm_azimuth=117.6157, yarm_azimuth=207.6165, xarm_tilt=0.0, yarm_tilt=0.0).
The injected SNR is (220.10027429535216+5.475188816082588e-18j) in Interferometer(name='CE20', power_spectral_density=PowerSpectralDensity(frequency_array=[   5.            5.03469316    5.06962704    5.10480331    5.14022366
    5.17588978    5.21180337    5.24796615    5.28437986    5.32104622
    5.357967      5.39514396    5.43257887    5.47027354    5.50822975
    5.54644932    5.58493409    5.62368589    5.66270658    5.70199801
    5.74156207    5.78140066    5.82151566    5.86190902    5.90258264
    5.94353849    5.98477851    6.02630468    6.06811899    6.11022343
    6.15262002    6.19531078    6.23829776    6.28158301    6.3251686
    6.36905662    6.41324915    6.45774833    6.50255626    6.5476751
    6.59310701    6.63885415    6.68491871    6.7313029     6.77800893
    6.82503903    6.87239546    6.92008048    6.96809637    7.01644542
    7.06512995    7.11415229    7.16351477    7.21321976    7.26326963
    7.31366678    7.36441362    7.41551257    7.46696608    7.51877661
    7.57094663    7.62347864    7.67637514    7.72963868    7.7832718
    7.83727705    7.89165703    7.94641433    8.00155157    8.05707139
    8.11297644    8.16926939    8.22595294    8.28302979    8.34050269
    8.39837436    8.45664759    8.51532515    8.57440985    8.63390452
    8.693812      8.75413516    8.81487688    8.87604006    8.93762763
    8.99964253    9.06208774    9.12496622    9.188281      9.2520351
    9.31623156    9.38087346    9.44596388    9.51150594    9.57750278
    9.64395754    9.71087341    9.77825358    9.84610128    9.91441975
    9.98321225   10.05248208   10.12223255   10.19246699   10.26318876
   10.33440125   10.40610785   10.478312     10.55101714   10.62422676
   10.69794436   10.77217345   10.84691759   10.92218036   10.99796534
   11.07427617   11.15111649   11.22848998   11.30640033   11.38485128
   11.46384656   11.54338997   11.6234853    11.70413638   11.78534707
   11.86712125   11.94946283   12.03237575   12.11586397   12.19993149
   12.28458231   12.3698205    12.45565013   12.5420753    12.62910013
   12.71672881   12.8049655    12.89381444   12.98327986   13.07336606
   13.16407733   13.25541801   13.34739247   13.44000511   13.53326035
   13.62716266   13.72171652   13.81692645   13.91279701   14.00933278
   14.10653838   14.20441845   14.30297768   14.40222077   14.50215247
   14.60277756   14.70410085   14.80612719   14.90886145   15.01230855
   15.11647342   15.22136106   15.32697648   15.43332472   15.54041087
   15.64824005   15.75681742   15.86614817   15.97623753   16.08709075
   16.19871315   16.31111005   16.42428683   16.5382489    16.65300172
   16.76855076   16.88490155   17.00205966   17.12003069   17.23882027
   17.35843409   17.47887787   17.60015736   17.72227837   17.84524673
   17.96906832   18.09374906   18.21929492   18.34571189   18.47300603
   18.60118341   18.73025016   18.86021247   18.99107653   19.12284861
   19.25553501   19.38914207   19.52367618   19.65914378   19.79555133
   19.93290537   20.07121245   20.2104792    20.35071227   20.49191836
   20.63410423   20.77727667   20.92144254   21.06660872   21.21278215
   21.35996983   21.50817879   21.65741612   21.80768895   21.95900446
   22.1113699    22.26479255   22.41927974   22.57483886   22.73147735
   22.88920269   23.04802243   23.20794417   23.36897554   23.53112425
   23.69439805   23.85880474   24.0243522    24.19104832   24.35890109
   24.52791853   24.69810872   24.86947979   25.04203995   25.21579744
   25.39076056   25.56693769   25.74433725   25.92296772   26.10283764
   26.28395561   26.46633029   26.6499704    26.83488473   27.0210821
   27.20857143   27.39736168   27.58746188   27.77888111   27.97162853
   28.16571335   28.36114486   28.55793239   28.75608536   28.95561324
   29.15652557   29.35883195   29.56254207   29.76766565   29.97421252
   30.18219253   30.39161564   30.60249186   30.81483128   31.02864403
   31.24394036   31.46073055   31.67902496   31.89883404   32.1201683
   32.34303831   32.56745473   32.7934283    33.02096981   33.25009015
   33.48080027   33.71311121   33.94703406   34.18258002   34.41976035
   34.65858638   34.89906954   35.14122132   35.38505331   35.63057715
   35.87780459   36.12674746   36.37741765   36.62982714   36.88398801
   37.13991241   37.39761258   37.65710083   37.91838957   38.18149131
   38.4464186    38.71318413   38.98180065   39.252281     39.52463811
   39.79888501   40.07503481   40.35310071   40.633096     40.91503408
   41.19892842   41.4847926    41.77264029   42.06248525   42.35434133
   42.6482225    42.9441428    43.24211638   43.54215749   43.84428047
   44.14849978   44.45482995   44.76328563   45.07388157   45.38663263
   45.70155374   46.01865998   46.33796651   46.65948858   46.98324157
   47.30924097   47.63750236   47.96804144   48.300874     48.63601596
   48.97348335   49.31329231   49.65545907   50.           50.34693157
   50.69627038   51.04803312   51.4022366    51.75889778   52.1180337
   52.47966153   52.84379856   53.2104622    53.57966999   53.95143958
   54.32578873   54.70273536   55.08229748   55.46449324   55.84934092
   56.23685892   56.62706576   57.0199801    57.41562073   57.81400656
   58.21515665   58.61909016   59.02582643   59.43538489   59.84778512
   60.26304684   60.68118992   61.10223433   61.52620022   61.95310785
   62.38297763   62.81583012   63.25168602   63.69056616   64.13249153
   64.57748325   65.02556261   65.47675102   65.93107007   66.38854147
   66.84918709   67.31302896   67.78008927   68.25039033   68.72395463
   69.20080483   69.68096371   70.16445424   70.65129953   71.14152286
   71.63514767   72.13219756   72.6326963    73.13666781   73.6441362
   74.15512572   74.66966081   75.18776606   75.70946627   76.23478635
   76.76375144   77.29638682   77.83271796   78.37277051   78.91657028
   79.46414328   80.01551569   80.57071386   81.12976435   81.69269389
   82.25952939   82.83029795   83.40502686   83.9837436    84.56647585
   85.15325146   85.74409849   86.33904519   86.93812001   87.54135159
   88.14876876   88.76040059   89.3762763    89.99642534   90.62087737
   91.24966224   91.88281002   92.52035098   93.1623156    93.80873457
   94.45963881   95.11505943   95.77502778   96.4395754    97.10873407
   97.78253579   98.46101277   99.14419746   99.83212251  100.52482081
  101.2223255   101.92466991  102.63188764  103.34401248  104.0610785
  104.78311997  105.51017143  106.24226762  106.97944357  107.7217345
  108.46917592  109.22180356  109.9796534   110.74276169  111.5111649
  112.28489978  113.06400332  113.84851277  114.63846564  115.43389971
  116.234853    117.04136381  117.8534707   118.6712125   119.49462831
  120.3237575   121.15863971  121.99931486  122.84582315  123.69820504
  124.5565013   125.42075296  126.29100135  127.16728807  128.04965501
  128.93814438  129.83279865  130.73366059  131.64077328  132.5541801
  133.4739247   134.40005108  135.3326035   136.27162656  137.21716516
  138.1692645   139.12797011  140.09332782  141.0653838   142.04418451
  143.02977676  144.02220767  145.02152469  146.02777561  147.04100853
  148.0612719   149.0886145   150.12308545  151.16473422  152.2136106
  153.26976475  154.33324717  155.40410869  156.48240053  157.56817424
  158.66148174  159.76237529  160.87090753  161.98713148  163.11110049
  164.2428683   165.38248904  166.53001718  167.6855076   168.84901554
  170.02059664  171.2003069   172.38820274  173.58434095  174.78877872
  176.00157364  177.2227837   178.45246728  179.69068319  180.93749062
  182.19294919  183.45711892  184.73006026  186.01183407  187.30250164
  188.60212467  189.91076531  191.22848612  192.55535012  193.89142073
  195.23676184  196.59143779  197.95551332  199.32905368  200.71212452
  202.10479199  203.50712266  204.91918359  206.34104229  207.77276674
  209.2144254   210.66608719  212.12782154  213.59969832  215.08178791
  216.57416117  218.07688946  219.59004463  221.11369903  222.6479255
  224.1927974   225.7483886   227.31477348  228.89202692  230.48022434
  232.07944168  233.6897554   235.31124249  236.94398049  238.58804745
  240.24352198  241.91048325  243.58901094  245.27918532  246.98108719
  248.69479794  250.42039949  252.15797436  253.90760562  255.66937692
  257.44337251  259.22967719  261.02837639  262.8395561   264.66330292
  266.49970404  268.34884728  270.21082104  272.08571434  273.97361685
  275.87461881  277.78881112  279.71628531  281.65713353  283.61144858
  285.57932391  287.56085359  289.55613238  291.56525568  293.58831954
  295.62542069  297.67665654  299.74212516  301.8219253   303.91615641
  306.02491862  308.14831276  310.28644034  312.4394036   314.60730548
  316.79024963  318.98834043  321.20168297  323.43038308  325.67454731
  327.93428298  330.20969812  332.50090152  334.80800274  337.13111209
  339.47034063  341.82580023  344.19760348  346.58586381  348.99069539
  351.41221322  353.85053306  356.30577151  358.77804595  361.26747459
  363.77417646  366.29827141  368.83988013  371.39912413  373.97612578
  376.5710083   379.18389575  381.81491306  384.46418604  387.13184134
  389.81800652  392.52281001  395.24638113  397.98885012  400.75034808
  403.53100706  406.33096     409.15034079  411.98928423  414.84792604
  417.72640292  420.62485249  423.54341333  426.48222499  429.44142798
  432.42116379  435.42157488  438.44280473  441.48499777  444.54829948
  447.6328563   450.73881573  453.86632626  457.01553744  460.18659983
  463.37966506  466.59488579  469.83241575  473.09240974  476.37502362
  479.68041435  483.00873998  486.36015962  489.73483353  493.13292307
  496.55459069  500.          503.46931574  506.96270378  510.48033115
  514.02236605  517.58897782  521.18033699  524.79661528  528.43798559
  532.10462203  535.79669991  539.51439576  543.25788733  547.0273536
  550.82297482  554.64493245  558.49340923  562.36858918  566.27065758
  570.19980099  574.15620727  578.1400656   582.15156646  586.19090164
  590.25826428  594.35384886  598.47785118  602.63046844  606.81189917
  611.02234332  615.26200218  619.53107847  623.82977632  628.15830124
  632.5168602   636.90566159  641.32491526  645.77483251  650.25562609
  654.76751024  659.3107007   663.88541468  668.49187091  673.13028965
  677.80089266  682.50390327  687.23954634  692.00804829  696.80963711
  701.64454239  706.5129953   711.41522861  716.3514767   721.32197561
  726.32696297  731.3666781   736.44136195  741.55125717  746.69660806
  751.87766065  757.09466265  762.34786351  767.63751439  772.96386821
  778.32717964  783.7277051   789.16570283  794.64143281  800.15515687
  805.70713863  811.29764354  816.9269389   822.59529388  828.30297947
  834.0502686   839.83743605  845.66475851  851.53251463  857.44098494
  863.39045194  869.38120011  875.41351587  881.48768764  887.60400586
  893.76276295  899.96425339  906.20877369  912.49662241  918.82810019
  925.20350977  931.62315597  938.08734572  944.5963881   951.15059433
  957.75027779  964.39575401  971.08734074  977.82535793  984.61012774
  991.44197456  998.32122505 1005.24820813 1012.22325499 1019.24669913
 1026.31887635 1033.44012481 1040.61078499 1047.83119974 1055.10171428
 1062.42267625 1069.79443567 1077.21734502 1084.69175919 1092.21803557
 1099.79653402 1107.42761686 1115.11164898 1122.84899777 1130.64003317
 1138.48512769 1146.38465643 1154.33899709 1162.34852999 1170.41363809
 1178.534707   1186.71212501 1194.94628312 1203.23757501 1211.58639712
 1219.99314863 1228.45823149 1236.98205044 1245.56501303 1254.20752964
 1262.91001348 1271.67288065 1280.49655013 1289.3814438  1298.32798647
 1307.3366059  1316.40773282 1325.54180095 1334.73924702 1344.00051077
 1353.32603502 1362.71626564 1372.17165161 1381.69264503 1391.2797011
 1400.93327823 1410.65383797 1420.44184509 1430.29776759 1440.2220767
 1450.21524693 1460.27775609 1470.41008529 1480.61271899 1490.88614501
 1501.23085454 1511.6473422  1522.13610603 1532.69764753 1543.33247167
 1554.04108693 1564.82400534 1575.68174243 1586.61481737 1597.62375288
 1608.70907534 1619.87131476 1631.11100486 1642.42868302 1653.82489037
 1665.30017181 1676.855076   1688.49015541 1700.20596635 1712.00306899
 1723.88202737 1735.84340946 1747.88778718 1760.0157364  1772.22783699
 1784.52467284 1796.9068319  1809.37490621 1821.92949188 1834.5711892
 1847.3006026  1860.11834071 1873.02501637 1886.02124671 1899.1076531
 1912.28486123 1925.55350116 1938.91420729 1952.36761844 1965.91437785
 1979.55513323 1993.29053679 2007.12124525 2021.0479199  2035.07122661
 2049.19183588 2063.41042285 2077.72766736 2092.14425395 2106.66087192
 2121.27821536 2135.99698315 2150.81787905 2165.74161169 2180.7688946
 2195.9004463  2211.13699025 2226.47925497 2241.92797401 2257.48388602
 2273.14773477 2288.92026919 2304.80224341 2320.79441681 2336.897554
 2353.11242492 2369.43980486 2385.88047447 2402.43521983 2419.10483246
 2435.8901094  2452.79185318 2469.81087194 2486.9479794  2504.20399492
 2521.57974359 2539.07605616 2556.69376921 2574.43372507 2592.29677195
 2610.28376392 2628.39556101 2646.63302918 2664.99704042 2683.48847277
 2702.10821035 2720.85714343 2739.73616845 2758.74618806 2777.8881112
 2797.16285308 2816.5713353  2836.11448582 2855.79323906 2875.60853592
 2895.56132382 2915.65255676 2935.88319537 2956.25420692 2976.76656541
 2997.42125159 3018.21925304 3039.16156415 3060.24918624 3081.48312757
 3102.86440339 3124.394036   3146.07305481 3167.90249633 3189.8834043
 3212.0168297  3234.30383077 3256.74547314 3279.34282979 3302.09698117
 3325.00901522 3348.08002743 3371.31112089 3394.70340635 3418.25800226
 3441.97603482 3465.85863808 3489.90695392 3514.12213215 3538.50533059
 3563.05771506 3587.78045947 3612.67474589 3637.7417646  3662.98271411
 3688.39880126 3713.99124128 3739.76125781 3765.71008299 3791.8389575
 3818.14913064 3844.64186038 3871.31841341 3898.1800652  3925.2281001
 3952.46381135 3979.88850116 4007.50348078 4035.31007057 4063.30960005
 4091.50340793 4119.89284226 4148.47926042 4177.26402919 4206.24852487
 4235.43413328 4264.82224987 4294.41427977 4324.21163787 4354.21574885
 4384.42804729 4414.84997775 4445.48299476 4476.328563   4507.38815726
 4538.66326261 4570.15537438 4601.86599831 4633.79665057 4665.94885787
 4698.32415748 4730.92409736 4763.75023621 4796.80414355 4830.08739976
 4863.60159623 4897.34833535 4931.32923066 4965.54590687 5000.        ], psd_array=[2.10299107e-46 1.96837741e-46 1.84459711e-46 1.73057372e-46
 1.62535442e-46 1.52809456e-46 1.43804429e-46 1.35453690e-46
 1.27697868e-46 1.20484006e-46 1.13764794e-46 1.07497892e-46
 1.01645346e-46 9.61730740e-47 9.10504157e-47 8.62497410e-47
 8.17461054e-47 7.75169472e-47 7.35418232e-47 6.98021755e-47
 6.62811268e-47 6.29632999e-47 5.98346593e-47 5.68823705e-47
 5.40647644e-47 5.13761284e-47 4.88381672e-47 4.64411231e-47
 4.41759989e-47 4.20344868e-47 4.00089039e-47 3.80921359e-47
 3.62775856e-47 3.45591277e-47 3.29310676e-47 3.13881052e-47
 2.99253013e-47 2.85380482e-47 2.72220430e-47 2.59732631e-47
 2.47879449e-47 2.36625631e-47 2.25779299e-47 2.15477968e-47
 2.05695888e-47 1.96404873e-47 1.87578417e-47 1.79191585e-47
 1.71220901e-47 1.63644251e-47 1.56440795e-47 1.49590885e-47
 1.43075985e-47 1.36878602e-47 1.30982223e-47 1.25371250e-47
 1.20030949e-47 1.14947394e-47 1.10107421e-47 1.05498579e-47
 1.01109093e-47 9.69278226e-48 9.29442239e-48 8.91483167e-48
 8.55306523e-48 8.20822832e-48 7.87947347e-48 7.56599790e-48
 7.26704097e-48 6.98188191e-48 6.70983758e-48 6.45026043e-48
 6.20253654e-48 5.96608380e-48 5.74035018e-48 5.52481212e-48
 5.31897300e-48 5.12236164e-48 4.93453101e-48 4.75505690e-48
 4.58353673e-48 4.41958835e-48 4.26284903e-48 4.11297439e-48
 3.96963741e-48 3.83252756e-48 3.70134993e-48 3.57582438e-48
 3.45568479e-48 3.34067832e-48 3.23056473e-48 3.12511571e-48
 3.02411424e-48 2.92735407e-48 2.83463910e-48 2.74578286e-48
 2.66060808e-48 2.57894612e-48 2.50063659e-48 2.42552693e-48
 2.35347196e-48 2.28608924e-48 2.22187310e-48 2.16012273e-48
 2.10073239e-48 2.04360120e-48 1.98863292e-48 1.93573571e-48
 1.88482194e-48 1.83580798e-48 1.78861398e-48 1.74316371e-48
 1.69938440e-48 1.65720653e-48 1.61656373e-48 1.57739257e-48
 1.53963246e-48 1.50322552e-48 1.46811641e-48 1.43425225e-48
 1.40158250e-48 1.37005881e-48 1.33963498e-48 1.31026681e-48
 1.28191200e-48 1.25453014e-48 1.22808251e-48 1.20253210e-48
 1.17784346e-48 1.15398268e-48 1.13091728e-48 1.10861617e-48
 1.08704960e-48 1.06618903e-48 1.04600716e-48 1.02647784e-48
 1.00757598e-48 9.89277575e-49 9.71559599e-49 9.54399988e-49
 9.37777588e-49 9.21672120e-49 9.06064137e-49 8.90934989e-49
 8.76266788e-49 8.62042376e-49 8.48245290e-49 8.34859737e-49
 8.21870557e-49 8.09263203e-49 7.97023713e-49 7.85138680e-49
 7.73595235e-49 7.62381019e-49 7.51484165e-49 7.40893276e-49
 7.30597401e-49 7.20586023e-49 7.10849037e-49 7.01376732e-49
 6.92159776e-49 6.83189201e-49 6.74456387e-49 6.65953047e-49
 6.57671212e-49 6.49603222e-49 6.41741711e-49 6.34079593e-49
 6.26610054e-49 6.19326540e-49 6.12222743e-49 6.05292597e-49
 5.98530263e-49 5.91930124e-49 5.85486773e-49 5.79195006e-49
 5.73049812e-49 5.67046369e-49 5.61180034e-49 5.55446336e-49
 5.49840968e-49 5.44359785e-49 5.38998793e-49 5.33754143e-49
 5.28622131e-49 5.23599184e-49 5.18681863e-49 5.13866853e-49
 5.09150957e-49 5.04531096e-49 5.00004302e-49 4.95567713e-49
 4.91218570e-49 4.86954213e-49 4.82772077e-49 4.78669689e-49
 4.74644662e-49 4.70694695e-49 4.66817569e-49 4.63011142e-49
 4.59273348e-49 4.55602192e-49 4.51995751e-49 4.48452167e-49
 4.44969649e-49 4.41546465e-49 4.38180946e-49 4.34871478e-49
 4.31616505e-49 4.28414523e-49 4.25264078e-49 4.22163769e-49
 4.19112239e-49 4.16108179e-49 4.13150325e-49 4.10237453e-49
 4.07368383e-49 4.04541972e-49 4.01757117e-49 3.99012751e-49
 3.96307841e-49 3.93641390e-49 3.91012434e-49 3.88420040e-49
 3.85863305e-49 3.83341355e-49 3.80853346e-49 3.78398461e-49
 3.75975909e-49 3.73584923e-49 3.71224763e-49 3.68894712e-49
 3.66594074e-49 3.64322178e-49 3.62078371e-49 3.59862022e-49
 3.57672521e-49 3.55509275e-49 3.53371710e-49 3.51259271e-49
 3.49171417e-49 3.47107627e-49 3.45067394e-49 3.43050227e-49
 3.41055649e-49 3.39083199e-49 3.37132428e-49 3.35202902e-49
 3.33294199e-49 3.31405909e-49 3.29537634e-49 3.27688990e-49
 3.25859601e-49 3.24049105e-49 3.22257146e-49 3.20483384e-49
 3.18727483e-49 3.16989121e-49 3.15267982e-49 3.13563760e-49
 3.11876159e-49 3.10204889e-49 3.08549668e-49 3.06910224e-49
 3.05286290e-49 3.03677608e-49 3.02083925e-49 3.00504997e-49
 2.98940584e-49 2.97390455e-49 2.95854384e-49 2.94332149e-49
 2.92823538e-49 2.91328339e-49 2.89846350e-49 2.88377373e-49
 2.86921213e-49 2.85477682e-49 2.84046596e-49 2.82627776e-49
 2.81221047e-49 2.79826237e-49 2.78443181e-49 2.77071715e-49
 2.75711681e-49 2.74362924e-49 2.73025293e-49 2.71698639e-49
 2.70382819e-49 2.69077691e-49 2.67783117e-49 2.66498963e-49
 2.65225097e-49 2.63961391e-49 2.62707717e-49 2.61463954e-49
 2.60229980e-49 2.59005678e-49 2.57790931e-49 2.56585629e-49
 2.55389658e-49 2.54202913e-49 2.53025285e-49 2.51856672e-49
 2.50696972e-49 2.49546085e-49 2.48403913e-49 2.47270361e-49
 2.46145335e-49 2.45028742e-49 2.43920492e-49 2.42820497e-49
 2.41728670e-49 2.40644925e-49 2.39569179e-49 2.38501350e-49
 2.37441358e-49 2.36389122e-49 2.35344565e-49 2.34307611e-49
 2.33278186e-49 2.32256214e-49 2.31241624e-49 2.30234344e-49
 2.29234306e-49 2.28241439e-49 2.27255676e-49 2.26276951e-49
 2.25305198e-49 2.24340353e-49 2.23382352e-49 2.22431134e-49
 2.21486637e-49 2.20548801e-49 2.19617565e-49 2.18692873e-49
 2.17774665e-49 2.16862886e-49 2.15957480e-49 2.15058391e-49
 2.14165565e-49 2.13278950e-49 2.12398491e-49 2.11524138e-49
 2.10655839e-49 2.09793544e-49 2.08937202e-49 2.08086766e-49
 2.07242187e-49 2.06403417e-49 2.05570408e-49 2.04743116e-49
 2.03921493e-49 2.03105495e-49 2.02295077e-49 2.01490195e-49
 2.00690806e-49 1.99896867e-49 1.99108336e-49 1.98325171e-49
 1.97547330e-49 1.96774773e-49 1.96007460e-49 1.95245352e-49
 1.94488408e-49 1.93736590e-49 1.92989860e-49 1.92248180e-49
 1.91511513e-49 1.90779822e-49 1.90053071e-49 1.89331222e-49
 1.88614242e-49 1.87902093e-49 1.87194743e-49 1.86492156e-49
 1.85794299e-49 1.85101137e-49 1.84412638e-49 1.83728769e-49
 1.83049497e-49 1.82374790e-49 1.81704616e-49 1.81038945e-49
 1.80377744e-49 1.79720984e-49 1.79068634e-49 1.78420663e-49
 1.77777042e-49 1.77137743e-49 1.76502734e-49 1.75871989e-49
 1.75245478e-49 1.74623173e-49 1.74005047e-49 1.73391072e-49
 1.72781220e-49 1.72175465e-49 1.71573780e-49 1.70976138e-49
 1.70382514e-49 1.69792882e-49 1.69207215e-49 1.68625490e-49
 1.68047680e-49 1.67473760e-49 1.66903708e-49 1.66337497e-49
 1.65775104e-49 1.65216506e-49 1.64661679e-49 1.64110599e-49
 1.63563244e-49 1.63019591e-49 1.62479617e-49 1.61943300e-49
 1.61410618e-49 1.60881549e-49 1.60356072e-49 1.59834164e-49
 1.59315806e-49 1.58800976e-49 1.58289653e-49 1.57781817e-49
 1.57277448e-49 1.56776525e-49 1.56279029e-49 1.55784940e-49
 1.55294238e-49 1.54806906e-49 1.54322923e-49 1.53842270e-49
 1.53364930e-49 1.52890884e-49 1.52420113e-49 1.51952600e-49
 1.51488328e-49 1.51027277e-49 1.50569432e-49 1.50114774e-49
 1.49663288e-49 1.49214956e-49 1.48769761e-49 1.48327688e-49
 1.47888719e-49 1.47452840e-49 1.47020034e-49 1.46590286e-49
 1.46163580e-49 1.45739901e-49 1.45319234e-49 1.44901564e-49
 1.44486877e-49 1.44075158e-49 1.43666392e-49 1.43260566e-49
 1.42857666e-49 1.42457678e-49 1.42060589e-49 1.41666385e-49
 1.41275052e-49 1.40886579e-49 1.40500952e-49 1.40118159e-49
 1.39738187e-49 1.39361024e-49 1.38986658e-49 1.38615077e-49
 1.38246270e-49 1.37880225e-49 1.37516930e-49 1.37156376e-49
 1.36798550e-49 1.36443443e-49 1.36091043e-49 1.35741341e-49
 1.35394326e-49 1.35049989e-49 1.34708320e-49 1.34369309e-49
 1.34032948e-49 1.33699228e-49 1.33368139e-49 1.33039673e-49
 1.32713823e-49 1.32390580e-49 1.32069936e-49 1.31751885e-49
 1.31436419e-49 1.31123532e-49 1.30813217e-49 1.30505469e-49
 1.30200282e-49 1.29897652e-49 1.29597574e-49 1.29300045e-49
 1.29005062e-49 1.28712622e-49 1.28422727e-49 1.28135375e-49
 1.27850570e-49 1.27568315e-49 1.27288617e-49 1.27011485e-49
 1.26736935e-49 1.26464985e-49 1.26195660e-49 1.25928998e-49
 1.25665047e-49 1.25403874e-49 1.25145573e-49 1.24890280e-49
 1.24638188e-49 1.24389587e-49 1.24144924e-49 1.23904916e-49
 1.23670771e-49 1.23444654e-49 1.23230782e-49 1.23038286e-49
 1.22890191e-49 1.22859669e-49 1.23296354e-49 1.28850973e-49
 1.46145872e-49 1.23055125e-49 1.21775673e-49 1.21296553e-49
 1.20978668e-49 1.20714855e-49 1.20475079e-49 1.20248298e-49
 1.20029692e-49 1.19816893e-49 1.19608628e-49 1.19404165e-49
 1.19203060e-49 1.19005033e-49 1.18809899e-49 1.18617533e-49
 1.18427849e-49 1.18240787e-49 1.18056304e-49 1.17874368e-49
 1.17694957e-49 1.17518055e-49 1.17343650e-49 1.17171735e-49
 1.17002304e-49 1.16835354e-49 1.16670884e-49 1.16508894e-49
 1.16349385e-49 1.16192360e-49 1.16037822e-49 1.15885774e-49
 1.15736222e-49 1.15589170e-49 1.15444623e-49 1.15302589e-49
 1.15163073e-49 1.15026083e-49 1.14891626e-49 1.14759710e-49
 1.14630342e-49 1.14503533e-49 1.14379291e-49 1.14257624e-49
 1.14138543e-49 1.14022059e-49 1.13908180e-49 1.13796919e-49
 1.13688286e-49 1.13582293e-49 1.13478952e-49 1.13378274e-49
 1.13280273e-49 1.13184962e-49 1.13092354e-49 1.13002462e-49
 1.12915300e-49 1.12830884e-49 1.12749228e-49 1.12670346e-49
 1.12594256e-49 1.12520972e-49 1.12450512e-49 1.12382892e-49
 1.12318128e-49 1.12256240e-49 1.12197245e-49 1.12141162e-49
 1.12088008e-49 1.12037805e-49 1.11990571e-49 1.11946327e-49
 1.11905094e-49 1.11866893e-49 1.11831745e-49 1.11799674e-49
 1.11770700e-49 1.11744849e-49 1.11722143e-49 1.11702608e-49
 1.11686267e-49 1.11673147e-49 1.11663274e-49 1.11656675e-49
 1.11653379e-49 1.11653414e-49 1.11656811e-49 1.11663602e-49
 1.11673821e-49 1.11687506e-49 1.11704700e-49 1.11725453e-49
 1.11749829e-49 1.11777920e-49 1.11809868e-49 1.11845942e-49
 1.11886743e-49 1.11933996e-49 1.11994856e-49 1.12134260e-49
 1.20494615e-49 1.12200582e-49 1.12208720e-49 1.12263057e-49
 1.12328212e-49 1.12399403e-49 1.12475437e-49 1.12555926e-49
 1.12640730e-49 1.12729805e-49 1.12823148e-49 1.12920779e-49
 1.13022725e-49 1.13129023e-49 1.13239713e-49 1.13354838e-49
 1.13474443e-49 1.13598575e-49 1.13727281e-49 1.13860612e-49
 1.13998618e-49 1.14141351e-49 1.14288865e-49 1.14441212e-49
 1.14598448e-49 1.14760629e-49 1.14927812e-49 1.15100056e-49
 1.15277419e-49 1.15459961e-49 1.15647745e-49 1.15840831e-49
 1.16039285e-49 1.16243170e-49 1.16452552e-49 1.16667499e-49
 1.16888077e-49 1.17114358e-49 1.17346410e-49 1.17584306e-49
 1.17828119e-49 1.18077923e-49 1.18333794e-49 1.18595809e-49
 1.18864046e-49 1.19138585e-49 1.19419509e-49 1.19706898e-49
 1.20000840e-49 1.20301420e-49 1.20608729e-49 1.20922861e-49
 1.21243914e-49 1.21571999e-49 1.21907251e-49 1.22249873e-49
 1.22600320e-49 1.22960534e-49 1.23362877e-49 1.23744985e-49
 1.24076201e-49 1.24460066e-49 1.24854369e-49 1.25257217e-49
 1.25668353e-49 1.26087783e-49 1.26515580e-49 1.26951842e-49
 1.27396680e-49 1.27850208e-49 1.28312545e-49 1.28783815e-49
 1.29264143e-49 1.29753657e-49 1.30252488e-49 1.30760768e-49
 1.31278634e-49 1.31806223e-49 1.32343675e-49 1.32891134e-49
 1.33448745e-49 1.34016656e-49 1.34595018e-49 1.35183984e-49
 1.35783711e-49 1.36394358e-49 1.37016086e-49 1.37649060e-49
 1.38293449e-49 1.38949422e-49 1.39617155e-49 1.40296824e-49
 1.40988610e-49 1.41692698e-49 1.42409278e-49 1.43138546e-49
 1.43880710e-49 1.44636007e-49 1.45404790e-49 1.46188340e-49
 1.47150825e-49 1.47794680e-49 1.48615364e-49 1.49452807e-49
 1.50305098e-49 1.51172245e-49 1.52054429e-49 1.52951869e-49
 1.53864799e-49 1.54793503e-49 1.55738101e-49 1.56698974e-49
 1.57676338e-49 1.58670455e-49 1.59681596e-49 1.60710032e-49
 1.61756043e-49 1.62819912e-49 1.63901929e-49 1.65002389e-49
 1.66121592e-49 1.67259844e-49 1.68417458e-49 1.69594751e-49
 1.70792047e-49 1.72009678e-49 1.73247980e-49 1.74507299e-49
 1.75787987e-49 1.77090411e-49 1.78414969e-49 1.79762222e-49
 1.81137580e-49 1.82526907e-49 1.83941335e-49 1.85381700e-49
 1.86846633e-49 1.88336434e-49 1.89851501e-49 1.91392262e-49
 1.92959154e-49 1.94552627e-49 1.96173138e-49 1.97821155e-49
 1.99497155e-49 2.01201626e-49 2.02935063e-49 2.04697974e-49
 2.06490875e-49 2.08314295e-49 2.10168771e-49 2.12054852e-49
 2.13973099e-49 2.15924085e-49 2.17908394e-49 2.19926624e-49
 2.21979391e-49 2.24067354e-49 2.26191573e-49 2.28357120e-49
 2.30548363e-49 2.32783127e-49 2.35056460e-49 2.37368960e-49
 2.39721329e-49 2.42114295e-49 2.44548602e-49 2.47025014e-49
 2.49544309e-49 2.52107281e-49 2.54714745e-49 2.57367529e-49
 2.60066481e-49 2.62812467e-49 2.65606371e-49 2.68449097e-49
 2.71341569e-49 2.74284731e-49 2.77279548e-49 2.80327016e-49
 2.83428227e-49 2.86702759e-49 2.89795459e-49 2.93063588e-49
 2.96389722e-49 2.99774883e-49 3.03220207e-49 3.06726863e-49
 3.10296046e-49 3.13928982e-49 3.17626922e-49 3.21391146e-49
 3.25222962e-49 3.29123708e-49 3.33094753e-49 3.37137496e-49
 3.41253369e-49 3.45443835e-49 3.49710396e-49 3.54054602e-49
 3.58478706e-49 3.62982244e-49 3.67568646e-49 3.72239300e-49
 3.76995786e-49 3.81839847e-49 3.86773277e-49 3.91797914e-49
 3.96915637e-49 4.02128371e-49 4.07438083e-49 4.12846791e-49
 4.18356557e-49 4.23969493e-49 4.29687760e-49 4.35513574e-49
 4.41449210e-49 4.47497321e-49 4.53659287e-49 4.59938366e-49
 4.66336957e-49 4.72857527e-49 4.79502681e-49 4.86275091e-49
 4.93177495e-49 5.00212696e-49 5.07383568e-49 5.14693053e-49
 5.22144164e-49 5.29739990e-49 5.37483695e-49 5.45378525e-49
 5.53427863e-49 5.61635041e-49 5.70003317e-49 5.78536640e-49
 5.87238533e-49 5.96112742e-49 6.05163113e-49 6.14393588e-49
 6.23808208e-49 6.33411114e-49 6.43206553e-49 6.53198877e-49
 6.63392552e-49 6.73792156e-49 6.84402510e-49 6.95228038e-49
 7.06274001e-49 7.17545416e-49 7.29047441e-49 7.40785396e-49
 7.52764737e-49 7.64991063e-49 7.77470117e-49 7.90207788e-49
 8.03210121e-49 8.16483315e-49 8.30033740e-49 8.43870163e-49
 8.57992500e-49 8.72414414e-49 8.87140703e-49 9.02178597e-49
 9.17535523e-49 9.33219104e-49 9.49237165e-49 9.65597737e-49
 9.82309064e-49 9.99379612e-49 1.01681810e-48 1.03463337e-48
 1.05283461e-48 1.07143127e-48 1.09043298e-48 1.10984966e-48
 1.12969149e-48 1.14996892e-48 1.17069271e-48 1.19187389e-48
 1.21352379e-48 1.23565421e-48 1.25827664e-48 1.28140382e-48
 1.30504825e-48 1.32922288e-48 1.35394104e-48 1.37921643e-48
 1.40506312e-48 1.43149557e-48 1.45852865e-48 1.48617781e-48
 1.51445821e-48 1.54338654e-48 1.57297920e-48 1.60325326e-48
 1.63422626e-48 1.66591621e-48 1.69834165e-48 1.73152166e-48
 1.76547583e-48 1.80022430e-48 1.83578780e-48 1.87218768e-48
 1.90944584e-48 1.94758483e-48 1.98662787e-48 2.02659881e-48
 2.06752221e-48 2.10942336e-48 2.15232811e-48 2.19626333e-48
 2.24125651e-48 2.28733593e-48 2.33453073e-48 2.38287089e-48
 2.43238726e-48 2.48311160e-48 2.53507657e-48 2.58831581e-48
 2.64286396e-48 2.69875664e-48 2.75603054e-48 2.81472343e-48
 2.87487418e-48 2.93652283e-48 2.99971053e-48 3.06447974e-48
 3.13087413e-48 3.19893866e-48 3.26871960e-48 3.34026461e-48
 3.41362277e-48 3.48884458e-48 3.56598202e-48 3.64508865e-48
 3.72621957e-48 3.80943150e-48 3.89478283e-48 3.98233367e-48
 4.07214585e-48 4.16428301e-48 4.25881064e-48 4.35579612e-48
 4.45530874e-48 4.55741977e-48 4.66220249e-48 4.76973222e-48
 4.88008639e-48 4.99334456e-48 5.10958841e-48 5.22890183e-48
 5.35137092e-48 5.47708398e-48 5.60613151e-48 5.73860632e-48
 5.87460338e-48 6.01421989e-48 6.15755518e-48 6.30471131e-48
 6.45579005e-48 6.61089861e-48 6.77014372e-48 6.93363439e-48
 7.10148115e-48 7.27379587e-48 7.45069136e-48 7.63228131e-48
 7.81867970e-48 8.01000045e-48 8.20635691e-48 8.40786123e-48
 8.61462367e-48 8.82675177e-48 9.04434940e-48 9.26751560e-48], asd_array=[1.45016932e-23 1.40298874e-23 1.35815946e-23 1.31551272e-23
 1.27489389e-23 1.23616122e-23 1.19918484e-23 1.16384574e-23
 1.13003481e-23 1.09765207e-23 1.06660580e-23 1.03681190e-23
 1.00819317e-23 9.80678714e-24 9.54203415e-24 9.28707387e-24
 9.04135528e-24 8.80437091e-24 8.57565293e-24 8.35476962e-24
 8.14132218e-24 7.93494171e-24 7.73528663e-24 7.54204021e-24
 7.35287457e-24 7.16771431e-24 6.98843095e-24 6.81477241e-24
 6.64650276e-24 6.48340087e-24 6.32525920e-24 6.17188269e-24
 6.02308772e-24 5.87870119e-24 5.73855972e-24 5.60250883e-24
 5.47040230e-24 5.34210148e-24 5.21747477e-24 5.09639707e-24
 4.97874933e-24 4.86441806e-24 4.75162392e-24 4.64196045e-24
 4.53537086e-24 4.43175893e-24 4.33103241e-24 4.23310271e-24
 4.13788473e-24 4.04529666e-24 3.95525973e-24 3.86769809e-24
 3.78253863e-24 3.69971083e-24 3.61914662e-24 3.54078028e-24
 3.46454830e-24 3.39038928e-24 3.31824382e-24 3.24805448e-24
 3.17976561e-24 3.11332335e-24 3.04867551e-24 2.98577154e-24
 2.92456240e-24 2.86500058e-24 2.80703998e-24 2.75063591e-24
 2.69574498e-24 2.64232510e-24 2.59033542e-24 2.53973629e-24
 2.49048922e-24 2.44255682e-24 2.39590279e-24 2.35049189e-24
 2.30628988e-24 2.26326349e-24 2.22138043e-24 2.18060930e-24
 2.14091960e-24 2.10228170e-24 2.06466681e-24 2.02804694e-24
 1.99239489e-24 1.95768423e-24 1.92388927e-24 1.89098503e-24
 1.85894723e-24 1.82775226e-24 1.79737718e-24 1.76779968e-24
 1.73899806e-24 1.71095122e-24 1.68363865e-24 1.65704039e-24
 1.63113705e-24 1.60590975e-24 1.58134013e-24 1.55741033e-24
 1.53410298e-24 1.51198189e-24 1.49059488e-24 1.46973560e-24
 1.44939035e-24 1.42954580e-24 1.41018897e-24 1.39130719e-24
 1.37288818e-24 1.35491992e-24 1.33739073e-24 1.32028925e-24
 1.30360439e-24 1.28732534e-24 1.27144159e-24 1.25594290e-24
 1.24081927e-24 1.22606098e-24 1.21165854e-24 1.19760271e-24
 1.18388450e-24 1.17049512e-24 1.15742602e-24 1.14466886e-24
 1.13221553e-24 1.12005810e-24 1.10818884e-24 1.09660024e-24
 1.08528497e-24 1.07423586e-24 1.06344594e-24 1.05290844e-24
 1.04261671e-24 1.03256430e-24 1.02274492e-24 1.01315243e-24
 1.00378084e-24 9.94624339e-25 9.85677229e-25 9.76933973e-25
 9.68389172e-25 9.60037562e-25 9.51874013e-25 9.43893526e-25
 9.36091228e-25 9.28462372e-25 9.21002329e-25 9.13706592e-25
 9.06570768e-25 8.99590575e-25 8.92761845e-25 8.86080515e-25
 8.79542628e-25 8.73144329e-25 8.66881864e-25 8.60751576e-25
 8.54749906e-25 8.48873385e-25 8.43118637e-25 8.37482377e-25
 8.31961403e-25 8.26552601e-25 8.21252938e-25 8.16059463e-25
 8.10969304e-25 8.05979666e-25 8.01087830e-25 7.96291149e-25
 7.91587048e-25 7.86973023e-25 7.82446639e-25 7.78005525e-25
 7.73647376e-25 7.69369953e-25 7.65171074e-25 7.61048622e-25
 7.57000536e-25 7.53024813e-25 7.49119506e-25 7.45282722e-25
 7.41512622e-25 7.37807417e-25 7.34165371e-25 7.30584795e-25
 7.27064049e-25 7.23601537e-25 7.20195712e-25 7.16845069e-25
 7.13548146e-25 7.10303524e-25 7.07109823e-25 7.03965704e-25
 7.00869866e-25 6.97821047e-25 6.94818017e-25 6.91859587e-25
 6.88944600e-25 6.86071932e-25 6.83240492e-25 6.80449221e-25
 6.77697091e-25 6.74983105e-25 6.72306292e-25 6.69665713e-25
 6.67060453e-25 6.64489627e-25 6.61952374e-25 6.59447859e-25
 6.56975270e-25 6.54533821e-25 6.52122748e-25 6.49741309e-25
 6.47388785e-25 6.45064477e-25 6.42767707e-25 6.40497817e-25
 6.38254168e-25 6.36036141e-25 6.33843133e-25 6.31674561e-25
 6.29529857e-25 6.27408472e-25 6.25309871e-25 6.23233536e-25
 6.21178963e-25 6.19145665e-25 6.17133167e-25 6.15141009e-25
 6.13168744e-25 6.11215938e-25 6.09282171e-25 6.07367032e-25
 6.05470127e-25 6.03591068e-25 6.01729483e-25 5.99885008e-25
 5.98057289e-25 5.96245985e-25 5.94450764e-25 5.92671301e-25
 5.90907283e-25 5.89158406e-25 5.87424373e-25 5.85704897e-25
 5.83999699e-25 5.82308508e-25 5.80631060e-25 5.78967099e-25
 5.77316377e-25 5.75678650e-25 5.74053686e-25 5.72441255e-25
 5.70841135e-25 5.69253111e-25 5.67676974e-25 5.66112519e-25
 5.64559548e-25 5.63017869e-25 5.61487294e-25 5.59967642e-25
 5.58458735e-25 5.56960402e-25 5.55472473e-25 5.53994787e-25
 5.52527185e-25 5.51069513e-25 5.49621620e-25 5.48183361e-25
 5.46754592e-25 5.45335177e-25 5.43924980e-25 5.42523870e-25
 5.41131719e-25 5.39748403e-25 5.38373802e-25 5.37007796e-25
 5.35650271e-25 5.34301116e-25 5.32960220e-25 5.31627479e-25
 5.30302788e-25 5.28986046e-25 5.27677156e-25 5.26376021e-25
 5.25082547e-25 5.23796644e-25 5.22518222e-25 5.21247196e-25
 5.19983479e-25 5.18726991e-25 5.17477649e-25 5.16235376e-25
 5.15000095e-25 5.13771730e-25 5.12550210e-25 5.11335461e-25
 5.10127415e-25 5.08926004e-25 5.07731161e-25 5.06542820e-25
 5.05360919e-25 5.04185395e-25 5.03016188e-25 5.01853238e-25
 5.00696487e-25 4.99545879e-25 4.98401358e-25 4.97262869e-25
 4.96130360e-25 4.95003779e-25 4.93883075e-25 4.92768198e-25
 4.91659099e-25 4.90555731e-25 4.89458047e-25 4.88366001e-25
 4.87279548e-25 4.86198644e-25 4.85123247e-25 4.84053315e-25
 4.82988805e-25 4.81929677e-25 4.80875892e-25 4.79827411e-25
 4.78784195e-25 4.77746207e-25 4.76713411e-25 4.75685769e-25
 4.74663247e-25 4.73645809e-25 4.72633423e-25 4.71626053e-25
 4.70623668e-25 4.69626235e-25 4.68633722e-25 4.67646098e-25
 4.66663332e-25 4.65685394e-25 4.64712255e-25 4.63743885e-25
 4.62780256e-25 4.61821340e-25 4.60867108e-25 4.59917534e-25
 4.58972591e-25 4.58032252e-25 4.57096491e-25 4.56165284e-25
 4.55238604e-25 4.54316428e-25 4.53398730e-25 4.52485487e-25
 4.51576674e-25 4.50672270e-25 4.49772250e-25 4.48876592e-25
 4.47985275e-25 4.47098275e-25 4.46215571e-25 4.45337143e-25
 4.44462968e-25 4.43593027e-25 4.42727298e-25 4.41865762e-25
 4.41008399e-25 4.40155189e-25 4.39306112e-25 4.38461150e-25
 4.37620284e-25 4.36783496e-25 4.35950766e-25 4.35122077e-25
 4.34297411e-25 4.33476751e-25 4.32660078e-25 4.31847376e-25
 4.31038628e-25 4.30233817e-25 4.29432926e-25 4.28635940e-25
 4.27842841e-25 4.27053615e-25 4.26268245e-25 4.25486715e-25
 4.24709011e-25 4.23935118e-25 4.23165019e-25 4.22398701e-25
 4.21636149e-25 4.20877349e-25 4.20122285e-25 4.19370944e-25
 4.18623313e-25 4.17879377e-25 4.17139122e-25 4.16402536e-25
 4.15669605e-25 4.14940315e-25 4.14214654e-25 4.13492610e-25
 4.12774169e-25 4.12059318e-25 4.11348046e-25 4.10640341e-25
 4.09936190e-25 4.09235581e-25 4.08538502e-25 4.07844942e-25
 4.07154890e-25 4.06468334e-25 4.05785262e-25 4.05105664e-25
 4.04429529e-25 4.03756846e-25 4.03087605e-25 4.02421794e-25
 4.01759403e-25 4.01100423e-25 4.00444842e-25 3.99792652e-25
 3.99143841e-25 3.98498401e-25 3.97856322e-25 3.97217594e-25
 3.96582208e-25 3.95950154e-25 3.95321424e-25 3.94696009e-25
 3.94073900e-25 3.93455087e-25 3.92839563e-25 3.92227320e-25
 3.91618348e-25 3.91012639e-25 3.90410186e-25 3.89810980e-25
 3.89215015e-25 3.88622281e-25 3.88032772e-25 3.87446479e-25
 3.86863397e-25 3.86283517e-25 3.85706833e-25 3.85133337e-25
 3.84563024e-25 3.83995885e-25 3.83431916e-25 3.82871109e-25
 3.82313458e-25 3.81758956e-25 3.81207599e-25 3.80659381e-25
 3.80114294e-25 3.79572335e-25 3.79033497e-25 3.78497776e-25
 3.77965166e-25 3.77435661e-25 3.76909258e-25 3.76385952e-25
 3.75865737e-25 3.75348610e-25 3.74834566e-25 3.74323602e-25
 3.73815712e-25 3.73310894e-25 3.72809144e-25 3.72310458e-25
 3.71814833e-25 3.71322265e-25 3.70832752e-25 3.70346292e-25
 3.69862880e-25 3.69382515e-25 3.68905195e-25 3.68430917e-25
 3.67959680e-25 3.67491481e-25 3.67026320e-25 3.66564195e-25
 3.66105105e-25 3.65649050e-25 3.65196028e-25 3.64746039e-25
 3.64299084e-25 3.63855163e-25 3.63414276e-25 3.62976425e-25
 3.62541610e-25 3.62109834e-25 3.61681099e-25 3.61255407e-25
 3.60832762e-25 3.60413169e-25 3.59996631e-25 3.59583154e-25
 3.59172746e-25 3.58765414e-25 3.58361168e-25 3.57960019e-25
 3.57561980e-25 3.57167068e-25 3.56775303e-25 3.56386708e-25
 3.56001313e-25 3.55619157e-25 3.55240286e-25 3.54864760e-25
 3.54492661e-25 3.54124093e-25 3.53759202e-25 3.53398189e-25
 3.53041340e-25 3.52689079e-25 3.52342055e-25 3.52001301e-25
 3.51668552e-25 3.51346914e-25 3.51042422e-25 3.50768138e-25
 3.50556972e-25 3.50513436e-25 3.51135806e-25 3.58958178e-25
 3.82290299e-25 3.50792139e-25 3.48963713e-25 3.48276547e-25
 3.47819878e-25 3.47440434e-25 3.47095202e-25 3.46768363e-25
 3.46453016e-25 3.46145769e-25 3.45844804e-25 3.45549078e-25
 3.45257962e-25 3.44971061e-25 3.44688118e-25 3.44408961e-25
 3.44133476e-25 3.43861582e-25 3.43593225e-25 3.43328368e-25
 3.43066986e-25 3.42809065e-25 3.42554595e-25 3.42303571e-25
 3.42055995e-25 3.41811869e-25 3.41571199e-25 3.41333991e-25
 3.41100257e-25 3.40870005e-25 3.40643247e-25 3.40419997e-25
 3.40200267e-25 3.39984073e-25 3.39771428e-25 3.39562349e-25
 3.39356852e-25 3.39154954e-25 3.38956672e-25 3.38762025e-25
 3.38571030e-25 3.38383707e-25 3.38200075e-25 3.38020153e-25
 3.37843963e-25 3.37671525e-25 3.37502860e-25 3.37337990e-25
 3.37176936e-25 3.37019722e-25 3.36866371e-25 3.36716905e-25
 3.36571350e-25 3.36429728e-25 3.36292066e-25 3.36158388e-25
 3.36028719e-25 3.35903087e-25 3.35781518e-25 3.35664038e-25
 3.35550676e-25 3.35441459e-25 3.35336416e-25 3.35235576e-25
 3.35138969e-25 3.35046624e-25 3.34958572e-25 3.34874845e-25
 3.34795472e-25 3.34720488e-25 3.34649923e-25 3.34583812e-25
 3.34522188e-25 3.34465085e-25 3.34412538e-25 3.34364582e-25
 3.34321253e-25 3.34282589e-25 3.34248625e-25 3.34219400e-25
 3.34194953e-25 3.34175324e-25 3.34160551e-25 3.34150678e-25
 3.34145745e-25 3.34145798e-25 3.34150880e-25 3.34161042e-25
 3.34176332e-25 3.34196808e-25 3.34222531e-25 3.34253576e-25
 3.34290038e-25 3.34332050e-25 3.34379825e-25 3.34433763e-25
 3.34494758e-25 3.34565384e-25 3.34656326e-25 3.34864539e-25
 3.47123342e-25 3.34963553e-25 3.34975701e-25 3.35056797e-25
 3.35154013e-25 3.35260202e-25 3.35373579e-25 3.35493556e-25
 3.35619919e-25 3.35752595e-25 3.35891572e-25 3.36036871e-25
 3.36188526e-25 3.36346582e-25 3.36511090e-25 3.36682103e-25
 3.36859679e-25 3.37043876e-25 3.37234757e-25 3.37432381e-25
 3.37636814e-25 3.37848119e-25 3.38066361e-25 3.38291608e-25
 3.38523925e-25 3.38763382e-25 3.39010048e-25 3.39263991e-25
 3.39525284e-25 3.39793998e-25 3.40070205e-25 3.40353979e-25
 3.40645395e-25 3.40944526e-25 3.41251450e-25 3.41566243e-25
 3.41888984e-25 3.42219750e-25 3.42558622e-25 3.42905681e-25
 3.43261007e-25 3.43624683e-25 3.43996794e-25 3.44377422e-25
 3.44766655e-25 3.45164577e-25 3.45571278e-25 3.45986847e-25
 3.46411374e-25 3.46844951e-25 3.47287675e-25 3.47739645e-25
 3.48200968e-25 3.48671764e-25 3.49152189e-25 3.49642493e-25
 3.50143285e-25 3.50657289e-25 3.51230518e-25 3.51774053e-25
 3.52244519e-25 3.52788983e-25 3.53347378e-25 3.53916963e-25
 3.54497324e-25 3.55088415e-25 3.55690286e-25 3.56303021e-25
 3.56926715e-25 3.57561474e-25 3.58207406e-25 3.58864620e-25
 3.59533230e-25 3.60213350e-25 3.60905095e-25 3.61608584e-25
 3.62323935e-25 3.63051267e-25 3.63790702e-25 3.64542362e-25
 3.65306371e-25 3.66082854e-25 3.66871936e-25 3.67673747e-25
 3.68488414e-25 3.69316068e-25 3.70156840e-25 3.71010863e-25
 3.71878272e-25 3.72759202e-25 3.73653790e-25 3.74562176e-25
 3.75484500e-25 3.76420906e-25 3.77371539e-25 3.78336552e-25
 3.79316109e-25 3.80310409e-25 3.81319801e-25 3.82345838e-25
 3.83602431e-25 3.84440737e-25 3.85506634e-25 3.86591266e-25
 3.87692014e-25 3.88808751e-25 3.89941571e-25 3.91090615e-25
 3.92256038e-25 3.93438055e-25 3.94636669e-25 3.95852212e-25
 3.97084799e-25 3.98334602e-25 3.99601797e-25 4.00886558e-25
 4.02189064e-25 4.03509495e-25 4.04848032e-25 4.06204861e-25
 4.07580166e-25 4.08974136e-25 4.10386961e-25 4.11818832e-25
 4.13269944e-25 4.14740494e-25 4.16230681e-25 4.17740707e-25
 4.19270780e-25 4.20821115e-25 4.22391961e-25 4.23983752e-25
 4.25602608e-25 4.27231679e-25 4.28883825e-25 4.30559752e-25
 4.32257601e-25 4.33977457e-25 4.35719521e-25 4.37484014e-25
 4.39271163e-25 4.41081202e-25 4.42914369e-25 4.44770902e-25
 4.46651044e-25 4.48555042e-25 4.50483144e-25 4.52435602e-25
 4.54412671e-25 4.56414609e-25 4.58441677e-25 4.60494139e-25
 4.62572264e-25 4.64676323e-25 4.66806591e-25 4.68963350e-25
 4.71146889e-25 4.73357533e-25 4.75596018e-25 4.77867262e-25
 4.80154520e-25 4.82476038e-25 4.84826216e-25 4.87205254e-25
 4.89613449e-25 4.92051110e-25 4.94518556e-25 4.97016110e-25
 4.99544101e-25 5.02102859e-25 5.04692723e-25 5.07314034e-25
 5.09967137e-25 5.12652384e-25 5.15370130e-25 5.18120736e-25
 5.20904568e-25 5.23721998e-25 5.26573402e-25 5.29459174e-25
 5.32379777e-25 5.35446318e-25 5.38326535e-25 5.41353478e-25
 5.44416864e-25 5.47517017e-25 5.50654345e-25 5.53829272e-25
 5.57042230e-25 5.60293657e-25 5.63583997e-25 5.66913702e-25
 5.70283229e-25 5.73693043e-25 5.77143616e-25 5.80635425e-25
 5.84168956e-25 5.87744702e-25 5.91363167e-25 5.95024875e-25
 5.98730912e-25 6.02480077e-25 6.06274398e-25 6.10114170e-25
 6.13999825e-25 6.17931911e-25 6.21910988e-25 6.25937628e-25
 6.30012410e-25 6.34135924e-25 6.38308768e-25 6.42531549e-25
 6.46804883e-25 6.51129398e-25 6.55505729e-25 6.59934522e-25
 6.64416443e-25 6.68952405e-25 6.73542343e-25 6.78187560e-25
 6.82888686e-25 6.87646368e-25 6.92461321e-25 6.97334275e-25
 7.02265972e-25 7.07257164e-25 7.12308619e-25 7.17421112e-25
 7.22595436e-25 7.27832391e-25 7.33132795e-25 7.38497478e-25
 7.43927324e-25 7.49423139e-25 7.54985640e-25 7.60615961e-25
 7.66314904e-25 7.72083378e-25 7.77922306e-25 7.83832628e-25
 7.89815300e-25 7.95871292e-25 8.02001591e-25 8.08207200e-25
 8.14489135e-25 8.20848437e-25 8.27286232e-25 8.33803357e-25
 8.40401095e-25 8.47080525e-25 8.53842750e-25 8.60688908e-25
 8.67620157e-25 8.74637675e-25 8.81742659e-25 8.88936324e-25
 8.96219906e-25 9.03594663e-25 9.11061875e-25 9.18624060e-25
 9.26278846e-25 9.34031271e-25 9.41881470e-25 9.49830825e-25
 9.57880746e-25 9.66032662e-25 9.74288030e-25 9.82648328e-25
 9.91115061e-25 9.99689758e-25 1.00837399e-24 1.01716929e-24
 1.02607729e-24 1.03509964e-24 1.04423799e-24 1.05349402e-24
 1.06286946e-24 1.07236604e-24 1.08198554e-24 1.09172977e-24
 1.10160056e-24 1.11159984e-24 1.12172931e-24 1.13199109e-24
 1.14238708e-24 1.15291928e-24 1.16358972e-24 1.17440045e-24
 1.18535358e-24 1.19645124e-24 1.20769559e-24 1.21908893e-24
 1.23063326e-24 1.24233109e-24 1.25418468e-24 1.26619638e-24
 1.27836859e-24 1.29070376e-24 1.30320438e-24 1.31587296e-24
 1.32871210e-24 1.34172438e-24 1.35491247e-24 1.36827909e-24
 1.38182699e-24 1.39555897e-24 1.40947787e-24 1.42358660e-24
 1.43788811e-24 1.45238540e-24 1.46708149e-24 1.48197953e-24
 1.49708267e-24 1.51239410e-24 1.52791712e-24 1.54365504e-24
 1.55961125e-24 1.57578920e-24 1.59219238e-24 1.60882436e-24
 1.62568876e-24 1.64278929e-24 1.66012968e-24 1.67771375e-24
 1.69554539e-24 1.71362856e-24 1.73196724e-24 1.75056555e-24
 1.76942763e-24 1.78855770e-24 1.80796007e-24 1.82763908e-24
 1.84759919e-24 1.86784490e-24 1.88838079e-24 1.90921153e-24
 1.93034183e-24 1.95177650e-24 1.97352042e-24 1.99557853e-24
 2.01795586e-24 2.04065749e-24 2.06368860e-24 2.08705441e-24
 2.11076023e-24 2.13481141e-24 2.15921339e-24 2.18397166e-24
 2.20909176e-24 2.23457928e-24 2.26043987e-24 2.28667922e-24
 2.31330303e-24 2.34031707e-24 2.36772708e-24 2.39553884e-24
 2.42375811e-24 2.45239065e-24 2.48144216e-24 2.51091842e-24
 2.54082468e-24 2.57116678e-24 2.60194998e-24 2.63317952e-24
 2.66486044e-24 2.69699757e-24 2.72959546e-24 2.76265838e-24
 2.79619021e-24 2.83019442e-24 2.86467396e-24 2.89963122e-24
 2.93506792e-24 2.97098498e-24 3.00738248e-24 3.04425945e-24]), minimum_frequency=5.0, maximum_frequency=2048.0, length=20.0, latitude=29.0, longitude=-94.0, elevation=0.0, xarm_azimuth=200.0, yarm_azimuth=290.0, xarm_tilt=0.0, yarm_tilt=0.0).
8921it [00:00, ?it/s]8921it [00:31, ?it/s, bound:460 nc:379 ncall:4.2e+06 eff:0.2% logz-ratio=373205.75+/-0.22 dlogz:9634.096>0.01]8924it [00:34,  1.01it/s, bound:460 nc:425 ncall:4.2e+06 eff:0.2% logz-ratio=373221.19+/-0.18 dlogz:9609.923>0.01]8935it [00:34,  6.00it/s, bound:460 nc:  1 ncall:4.2e+06 eff:0.2% logz-ratio=374644.88+/-0.22 dlogz:8184.547>0.01]8936it [00:50,  6.00it/s, bound:461 nc:342 ncall:4.2e+06 eff:0.2% logz-ratio=373274.31+/-0.22 dlogz:9564.729>0.01]8937it [01:06,  3.00s/it, bound:461 nc:422 ncall:4.2e+06 eff:0.2% logz-ratio=373280.85+/-0.22 dlogz:9555.672>0.01]8944it [01:06,  1.59s/it, bound:461 nc:  1 ncall:4.2e+06 eff:0.2% logz-ratio=374771.82+/-0.22 dlogz:8057.552>0.01]8951it [01:20,  1.59s/it, bound:462 nc:383 ncall:4.2e+06 eff:0.2% logz-ratio=373362.95+/-0.21 dlogz:9469.467>0.01]8952it [01:45,  2.99s/it, bound:462 nc:365 ncall:4.2e+06 eff:0.2% logz-ratio=373365.58+/-0.22 dlogz:9467.005>0.01]8960it [01:45,  1.85s/it, bound:462 nc:  1 ncall:4.2e+06 eff:0.2% logz-ratio=374990.82+/-0.21 dlogz:7838.435>0.01]8966it [02:00,  1.85s/it, bound:463 nc:412 ncall:4.2e+06 eff:0.2% logz-ratio=373435.75+/-0.22 dlogz:9398.589>0.01]8967it [02:21,  2.94s/it, bound:463 nc:542 ncall:4.3e+06 eff:0.2% logz-ratio=373439.39+/-0.22 dlogz:9394.172>0.01]8975it [02:22,  1.93s/it, bound:463 nc:  1 ncall:4.3e+06 eff:0.2% logz-ratio=374933.22+/-0.22 dlogz:7896.064>0.01]8982it [02:40,  1.93s/it, bound:464 nc:  1 ncall:4.3e+06 eff:0.2% logz-ratio=382822.98+/-0.24 dlogz:1.099>0.01]   8983it [03:00,  2.90s/it, bound:464 nc:614 ncall:4.3e+06 eff:0.2% logz-ratio=373511.73+/-0.18 dlogz:9319.279>0.01]8988it [03:01,  2.24s/it, bound:464 nc:479 ncall:4.3e+06 eff:0.2% logz-ratio=373543.86+/-0.21 dlogz:9288.810>0.01]8995it [03:01,  1.55s/it, bound:464 nc:836 ncall:4.3e+06 eff:0.2% logz-ratio=373625.49+/-0.22 dlogz:9205.528>0.01]8997it [03:20,  1.55s/it, bound:465 nc:507 ncall:4.3e+06 eff:0.2% logz-ratio=373635.41+/-0.22 dlogz:9200.485>0.01]8998it [03:35,  3.16s/it, bound:465 nc:380 ncall:4.3e+06 eff:0.2% logz-ratio=373654.57+/-0.22 dlogz:9194.451>0.01]9002it [03:36,  2.43s/it, bound:465 nc:508 ncall:4.3e+06 eff:0.2% logz-ratio=373673.69+/-0.21 dlogz:9158.529>0.01]9008it [03:36,  1.62s/it, bound:465 nc:372 ncall:4.3e+06 eff:0.2% logz-ratio=373691.82+/-0.22 dlogz:9140.636>0.01]9013it [03:50,  1.62s/it, bound:466 nc:402 ncall:4.3e+06 eff:0.2% logz-ratio=373723.73+/-0.22 dlogz:9108.840>0.01]9014it [04:10,  2.97s/it, bound:466 nc:428 ncall:4.3e+06 eff:0.2% logz-ratio=373725.51+/-0.22 dlogz:9106.094>0.01]9023it [04:10,  1.76s/it, bound:466 nc:  1 ncall:4.3e+06 eff:0.2% logz-ratio=375108.83+/-0.22 dlogz:7720.355>0.01]9028it [04:30,  1.76s/it, bound:467 nc:444 ncall:4.3e+06 eff:0.2% logz-ratio=373817.44+/-0.22 dlogz:9017.551>0.01]9029it [04:43,  2.79s/it, bound:467 nc:522 ncall:4.3e+06 eff:0.2% logz-ratio=373821.37+/-0.22 dlogz:9012.355>0.01]9038it [04:43,  1.75s/it, bound:467 nc:  1 ncall:4.3e+06 eff:0.2% logz-ratio=375245.99+/-0.22 dlogz:7583.162>0.01]9042it [05:00,  1.75s/it, bound:468 nc:  1 ncall:4.3e+06 eff:0.2% logz-ratio=382822.86+/-0.23 dlogz:1.099>0.01]   9043it [05:53,  4.57s/it, bound:468 nc:919 ncall:4.3e+06 eff:0.2% logz-ratio=373905.10+/-0.22 dlogz:8937.935>0.01]9049it [05:54,  3.28s/it, bound:468 nc:  1 ncall:4.3e+06 eff:0.2% logz-ratio=375062.54+/-0.22 dlogz:7766.676>0.01]9057it [05:54,  2.14s/it, bound:468 nc:704 ncall:4.3e+06 eff:0.2% logz-ratio=373961.00+/-0.22 dlogz:8871.895>0.01]9058it [06:10,  2.14s/it, bound:469 nc:822 ncall:4.3e+06 eff:0.2% logz-ratio=373964.54+/-0.22 dlogz:8868.741>0.01]9059it [06:55,  5.33s/it, bound:469 nc:751 ncall:4.3e+06 eff:0.2% logz-ratio=373966.29+/-0.22 dlogz:8865.202>0.01]9065it [06:56,  3.62s/it, bound:469 nc:  1 ncall:4.3e+06 eff:0.2% logz-ratio=375268.89+/-0.22 dlogz:7560.240>0.01]9072it [06:56,  2.36s/it, bound:469 nc:937 ncall:4.3e+06 eff:0.2% logz-ratio=374013.23+/-0.20 dlogz:8818.512>0.01]9074it [07:10,  2.36s/it, bound:470 nc:  1 ncall:4.3e+06 eff:0.2% logz-ratio=382822.80+/-0.23 dlogz:1.099>0.01]   9075it [07:52,  5.23s/it, bound:470 nc:644 ncall:4.3e+06 eff:0.2% logz-ratio=374022.69+/-0.14 dlogz:8807.606>0.01]9079it [07:52,  3.92s/it, bound:470 nc:921 ncall:4.3e+06 eff:0.2% logz-ratio=374053.66+/-0.22 dlogz:8793.488>0.01]9085it [07:52,  2.56s/it, bound:470 nc:787 ncall:4.3e+06 eff:0.2% logz-ratio=374101.46+/-0.22 dlogz:8754.107>0.01]9089it [08:10,  2.56s/it, bound:471 nc:  1 ncall:4.3e+06 eff:0.2% logz-ratio=382822.77+/-0.24 dlogz:1.099>0.01]   9090it [08:40,  4.67s/it, bound:471 nc:540 ncall:4.3e+06 eff:0.2% logz-ratio=374117.07+/-0.18 dlogz:8713.837>0.01]9097it [08:41,  2.94s/it, bound:471 nc:  1 ncall:4.3e+06 eff:0.2% logz-ratio=375476.23+/-0.22 dlogz:7352.813>0.01]9104it [08:41,  1.93s/it, bound:471 nc:678 ncall:4.3e+06 eff:0.2% logz-ratio=374186.09+/-0.22 dlogz:8653.849>0.01]9105it [09:00,  1.93s/it, bound:472 nc:  1 ncall:4.3e+06 eff:0.2% logz-ratio=382822.73+/-0.23 dlogz:1.099>0.01]   9106it [09:23,  4.31s/it, bound:472 nc:477 ncall:4.3e+06 eff:0.2% logz-ratio=374194.15+/-0.18 dlogz:8636.607>0.01]9113it [09:23,  2.67s/it, bound:472 nc:  1 ncall:4.3e+06 eff:0.2% logz-ratio=375398.89+/-0.23 dlogz:7430.167>0.01]9120it [09:23,  1.73s/it, bound:472 nc:532 ncall:4.3e+06 eff:0.2% logz-ratio=374232.91+/-0.17 dlogz:8597.743>0.01]9121it [09:40,  1.73s/it, bound:473 nc:  1 ncall:4.3e+06 eff:0.2% logz-ratio=382822.70+/-0.23 dlogz:1.099>0.01]   9122it [10:01,  3.87s/it, bound:473 nc:504 ncall:4.3e+06 eff:0.2% logz-ratio=374239.91+/-0.22 dlogz:8592.501>0.01]9132it [10:01,  2.04s/it, bound:473 nc:  1 ncall:4.3e+06 eff:0.2% logz-ratio=375581.30+/-0.23 dlogz:7247.694>0.01]9136it [10:20,  2.04s/it, bound:474 nc:431 ncall:4.4e+06 eff:0.2% logz-ratio=374289.04+/-0.22 dlogz:8546.006>0.01]9137it [10:40,  3.50s/it, bound:474 nc:631 ncall:4.4e+06 eff:0.2% logz-ratio=374290.35+/-0.22 dlogz:8540.537>0.01]9138it [10:43,  3.49s/it, bound:474 nc:487 ncall:4.4e+06 eff:0.2% logz-ratio=374292.09+/-0.20 dlogz:8539.231>0.01]9146it [10:43,  1.98s/it, bound:474 nc:  1 ncall:4.4e+06 eff:0.2% logz-ratio=374845.51+/-0.23 dlogz:7983.788>0.01]9152it [11:00,  1.98s/it, bound:475 nc:535 ncall:4.4e+06 eff:0.2% logz-ratio=374338.43+/-0.19 dlogz:8492.650>0.01]9153it [11:16,  2.91s/it, bound:475 nc:401 ncall:4.4e+06 eff:0.2% logz-ratio=374341.13+/-0.22 dlogz:8491.122>0.01]9163it [11:16,  1.70s/it, bound:475 nc:  1 ncall:4.4e+06 eff:0.2% logz-ratio=374997.06+/-0.23 dlogz:7832.189>0.01]9168it [11:30,  1.70s/it, bound:476 nc:442 ncall:4.4e+06 eff:0.2% logz-ratio=374395.64+/-0.22 dlogz:8438.710>0.01]9169it [11:47,  2.64s/it, bound:476 nc:387 ncall:4.4e+06 eff:0.2% logz-ratio=374397.04+/-0.22 dlogz:8433.873>0.01]9178it [11:47,  1.69s/it, bound:476 nc:  1 ncall:4.4e+06 eff:0.2% logz-ratio=374819.69+/-0.22 dlogz:8009.624>0.01]9184it [12:00,  1.69s/it, bound:477 nc:316 ncall:4.4e+06 eff:0.2% logz-ratio=374441.71+/-0.17 dlogz:8388.765>0.01]9185it [12:23,  2.65s/it, bound:477 nc:499 ncall:4.4e+06 eff:0.2% logz-ratio=374442.97+/-0.21 dlogz:8387.771>0.01]9195it [12:23,  1.68s/it, bound:477 nc:  1 ncall:4.4e+06 eff:0.2% logz-ratio=374924.03+/-0.22 dlogz:7905.252>0.01]9200it [12:40,  1.68s/it, bound:478 nc:405 ncall:4.4e+06 eff:0.2% logz-ratio=374525.12+/-0.22 dlogz:8305.465>0.01]9201it [12:54,  2.51s/it, bound:478 nc:399 ncall:4.4e+06 eff:0.2% logz-ratio=374532.24+/-0.22 dlogz:8304.333>0.01]9206it [12:54,  1.96s/it, bound:478 nc:  1 ncall:4.4e+06 eff:0.2% logz-ratio=376741.69+/-0.23 dlogz:6086.774>0.01]9215it [12:54,  1.25s/it, bound:479 nc:  1 ncall:4.4e+06 eff:0.2% logz-ratio=380435.93+/-0.24 dlogz:2390.276>0.01]9215it [13:10,  1.25s/it, bound:479 nc:  1 ncall:4.4e+06 eff:0.2% logz-ratio=382822.51+/-0.27 dlogz:1.099>0.01]   9216it [13:28,  3.03s/it, bound:479 nc:414 ncall:4.4e+06 eff:0.2% logz-ratio=374598.38+/-0.22 dlogz:8236.292>0.01]9221it [13:28,  2.19s/it, bound:479 nc:  1 ncall:4.4e+06 eff:0.2% logz-ratio=381009.11+/-0.24 dlogz:1816.481>0.01]9229it [13:28,  1.34s/it, bound:479 nc:328 ncall:4.4e+06 eff:0.2% logz-ratio=374663.94+/-0.22 dlogz:8167.172>0.01]9231it [13:40,  1.34s/it, bound:480 nc:300 ncall:4.4e+06 eff:0.2% logz-ratio=374666.86+/-0.20 dlogz:8164.219>0.01]9232it [14:04,  3.20s/it, bound:480 nc:372 ncall:4.4e+06 eff:0.2% logz-ratio=374668.86+/-0.22 dlogz:8162.535>0.01]9242it [14:04,  1.76s/it, bound:480 nc:  1 ncall:4.4e+06 eff:0.2% logz-ratio=375060.15+/-0.22 dlogz:7769.070>0.01]9247it [14:20,  1.76s/it, bound:481 nc:  1 ncall:4.4e+06 eff:0.2% logz-ratio=382822.45+/-0.27 dlogz:1.099>0.01]   9248it [14:43,  3.07s/it, bound:481 nc:483 ncall:4.4e+06 eff:0.2% logz-ratio=374755.46+/-0.18 dlogz:8075.010>0.01]9253it [14:43,  2.31s/it, bound:481 nc:  1 ncall:4.4e+06 eff:0.2% logz-ratio=381374.20+/-0.27 dlogz:1450.721>0.01]9261it [14:43,  1.48s/it, bound:481 nc:436 ncall:4.4e+06 eff:0.2% logz-ratio=374777.98+/-0.21 dlogz:8052.799>0.01]9263it [15:00,  1.48s/it, bound:482 nc:334 ncall:4.4e+06 eff:0.2% logz-ratio=374788.19+/-0.22 dlogz:8046.705>0.01]9264it [15:18,  3.10s/it, bound:482 nc:231 ncall:4.4e+06 eff:0.2% logz-ratio=374789.58+/-0.22 dlogz:8041.137>0.01]9269it [15:18,  2.24s/it, bound:482 nc:  1 ncall:4.4e+06 eff:0.2% logz-ratio=379204.76+/-0.23 dlogz:3622.292>0.01]9276it [15:18,  1.44s/it, bound:482 nc:333 ncall:4.4e+06 eff:0.2% logz-ratio=374845.27+/-0.22 dlogz:7988.489>0.01]9279it [15:30,  1.44s/it, bound:483 nc:367 ncall:4.4e+06 eff:0.2% logz-ratio=374875.82+/-0.23 dlogz:7958.525>0.01]9280it [15:51,  2.97s/it, bound:483 nc:417 ncall:4.4e+06 eff:0.2% logz-ratio=374884.58+/-0.23 dlogz:7953.479>0.01]9288it [15:51,  1.81s/it, bound:483 nc:  1 ncall:4.4e+06 eff:0.2% logz-ratio=375898.61+/-0.23 dlogz:6930.274>0.01]9294it [16:10,  1.81s/it, bound:484 nc:812 ncall:4.4e+06 eff:0.2% logz-ratio=374964.87+/-0.22 dlogz:7869.692>0.01]9295it [16:29,  2.99s/it, bound:484 nc:504 ncall:4.4e+06 eff:0.2% logz-ratio=374967.22+/-0.22 dlogz:7864.393>0.01]9303it [16:29,  1.95s/it, bound:484 nc:  1 ncall:4.4e+06 eff:0.2% logz-ratio=375990.51+/-0.23 dlogz:6838.328>0.01]9309it [16:40,  1.95s/it, bound:485 nc:285 ncall:4.4e+06 eff:0.2% logz-ratio=375040.58+/-0.19 dlogz:7790.071>0.01]9310it [16:59,  2.66s/it, bound:485 nc:387 ncall:4.4e+06 eff:0.2% logz-ratio=375045.72+/-0.23 dlogz:7788.659>0.01]9320it [16:59,  1.64s/it, bound:485 nc:  1 ncall:4.4e+06 eff:0.2% logz-ratio=376107.77+/-0.22 dlogz:6721.006>0.01]9324it [17:10,  1.64s/it, bound:485 nc:419 ncall:4.4e+06 eff:0.2% logz-ratio=375115.39+/-0.15 dlogz:7714.507>0.01]9325it [17:34,  2.79s/it, bound:486 nc:767 ncall:4.4e+06 eff:0.2% logz-ratio=375116.43+/-0.20 dlogz:7713.812>0.01]9333it [17:34,  1.88s/it, bound:486 nc:  1 ncall:4.4e+06 eff:0.2% logz-ratio=375826.78+/-0.23 dlogz:7002.136>0.01]9340it [17:50,  1.88s/it, bound:487 nc:446 ncall:4.4e+06 eff:0.2% logz-ratio=375220.00+/-0.23 dlogz:7615.034>0.01]9341it [18:05,  2.53s/it, bound:487 nc:488 ncall:4.4e+06 eff:0.2% logz-ratio=375221.11+/-0.22 dlogz:7609.171>0.01]9351it [18:05,  1.62s/it, bound:487 nc:  1 ncall:4.4e+06 eff:0.2% logz-ratio=376002.85+/-0.22 dlogz:6825.980>0.01]9356it [18:20,  1.62s/it, bound:488 nc:336 ncall:4.4e+06 eff:0.2% logz-ratio=375279.46+/-0.22 dlogz:7553.768>0.01]9357it [18:33,  2.31s/it, bound:488 nc:344 ncall:4.4e+06 eff:0.2% logz-ratio=375280.71+/-0.22 dlogz:7549.681>0.01]9368it [18:33,  1.43s/it, bound:488 nc:  1 ncall:4.5e+06 eff:0.2% logz-ratio=375961.99+/-0.23 dlogz:6866.860>0.01]9372it [18:50,  1.43s/it, bound:489 nc:409 ncall:4.5e+06 eff:0.2% logz-ratio=375352.23+/-0.23 dlogz:7486.649>0.01]9373it [19:03,  2.34s/it, bound:489 nc:490 ncall:4.5e+06 eff:0.2% logz-ratio=375353.50+/-0.22 dlogz:7476.879>0.01]9377it [19:03,  1.91s/it, bound:489 nc:  1 ncall:4.5e+06 eff:0.2% logz-ratio=378874.77+/-0.20 dlogz:3952.393>0.01]9385it [19:03,  1.26s/it, bound:489 nc:467 ncall:4.5e+06 eff:0.2% logz-ratio=375398.35+/-0.23 dlogz:7446.463>0.01]9388it [19:20,  1.26s/it, bound:490 nc:366 ncall:4.5e+06 eff:0.2% logz-ratio=375403.55+/-0.21 dlogz:7426.286>0.01]9389it [19:33,  2.49s/it, bound:490 nc:497 ncall:4.5e+06 eff:0.2% logz-ratio=375404.41+/-0.21 dlogz:7425.526>0.01]9399it [19:33,  1.46s/it, bound:490 nc:  1 ncall:4.5e+06 eff:0.2% logz-ratio=376301.48+/-0.23 dlogz:6527.218>0.01]9404it [19:50,  1.46s/it, bound:491 nc:290 ncall:4.5e+06 eff:0.2% logz-ratio=375484.46+/-0.22 dlogz:7347.329>0.01]9405it [20:04,  2.44s/it, bound:491 nc:435 ncall:4.5e+06 eff:0.2% logz-ratio=375490.00+/-0.23 dlogz:7344.583>0.01]9413it [20:04,  1.63s/it, bound:491 nc:  1 ncall:4.5e+06 eff:0.2% logz-ratio=376105.98+/-0.22 dlogz:6722.791>0.01]9420it [20:20,  1.63s/it, bound:492 nc:441 ncall:4.5e+06 eff:0.2% logz-ratio=375557.56+/-0.20 dlogz:7273.041>0.01]9421it [20:34,  2.31s/it, bound:492 nc:367 ncall:4.5e+06 eff:0.2% logz-ratio=375559.50+/-0.22 dlogz:7271.454>0.01]9431it [20:34,  1.47s/it, bound:492 nc:  1 ncall:4.5e+06 eff:0.2% logz-ratio=376524.00+/-0.22 dlogz:6304.552>0.01]9436it [20:50,  1.47s/it, bound:493 nc:480 ncall:4.5e+06 eff:0.2% logz-ratio=375638.48+/-0.23 dlogz:7194.428>0.01]9437it [21:04,  2.28s/it, bound:493 nc:430 ncall:4.5e+06 eff:0.2% logz-ratio=375643.60+/-0.23 dlogz:7190.503>0.01]9438it [21:11,  2.54s/it, bound:493 nc:440 ncall:4.5e+06 eff:0.2% logz-ratio=375646.89+/-0.22 dlogz:7185.377>0.01]9449it [21:11,  1.38s/it, bound:493 nc:  1 ncall:4.5e+06 eff:0.2% logz-ratio=376528.16+/-0.23 dlogz:6300.402>0.01]9452it [21:30,  1.38s/it, bound:494 nc:  1 ncall:4.5e+06 eff:0.2% logz-ratio=382822.04+/-0.25 dlogz:1.099>0.01]   9453it [21:40,  2.53s/it, bound:494 nc:475 ncall:4.5e+06 eff:0.2% logz-ratio=375703.57+/-0.22 dlogz:7128.658>0.01]9465it [21:40,  1.39s/it, bound:494 nc:  1 ncall:4.5e+06 eff:0.2% logz-ratio=376495.75+/-0.23 dlogz:6332.835>0.01]9468it [22:00,  1.39s/it, bound:495 nc:  1 ncall:4.5e+06 eff:0.2% logz-ratio=382822.01+/-0.25 dlogz:1.099>0.01]   9469it [22:07,  2.33s/it, bound:495 nc:365 ncall:4.5e+06 eff:0.2% logz-ratio=375801.86+/-0.23 dlogz:7032.847>0.01]9480it [22:07,  1.38s/it, bound:495 nc:  1 ncall:4.5e+06 eff:0.2% logz-ratio=376777.41+/-0.22 dlogz:6051.031>0.01]9483it [22:20,  1.38s/it, bound:496 nc:429 ncall:4.5e+06 eff:0.2% logz-ratio=375883.57+/-0.21 dlogz:6947.559>0.01]9484it [22:33,  2.25s/it, bound:496 nc:414 ncall:4.5e+06 eff:0.2% logz-ratio=375886.58+/-0.22 dlogz:6945.318>0.01]9497it [22:33,  1.25s/it, bound:496 nc:  1 ncall:4.5e+06 eff:0.2% logz-ratio=376954.48+/-0.22 dlogz:5873.872>0.01]9499it [22:50,  1.25s/it, bound:497 nc:304 ncall:4.5e+06 eff:0.2% logz-ratio=375961.73+/-0.23 dlogz:6875.174>0.01]9500it [22:59,  2.22s/it, bound:497 nc:438 ncall:4.5e+06 eff:0.2% logz-ratio=375965.08+/-0.23 dlogz:6867.122>0.01]9510it [22:59,  1.38s/it, bound:497 nc:  1 ncall:4.5e+06 eff:0.2% logz-ratio=376722.56+/-0.22 dlogz:6105.921>0.01]9515it [23:10,  1.38s/it, bound:498 nc:350 ncall:4.5e+06 eff:0.2% logz-ratio=376016.24+/-0.23 dlogz:6818.157>0.01]9516it [23:24,  2.04s/it, bound:498 nc:295 ncall:4.5e+06 eff:0.2% logz-ratio=376017.67+/-0.22 dlogz:6812.589>0.01]9528it [23:24,  1.20s/it, bound:498 nc:  1 ncall:4.5e+06 eff:0.2% logz-ratio=377102.52+/-0.22 dlogz:5725.773>0.01]9531it [23:40,  1.20s/it, bound:499 nc:  1 ncall:4.5e+06 eff:0.2% logz-ratio=382821.88+/-0.27 dlogz:1.099>0.01]   9532it [23:47,  1.97s/it, bound:499 nc:357 ncall:4.5e+06 eff:0.2% logz-ratio=376105.75+/-0.19 dlogz:6724.370>0.01]9547it [23:47,  1.05s/it, bound:500 nc:  1 ncall:4.5e+06 eff:0.2% logz-ratio=376988.03+/-0.23 dlogz:5840.304>0.01]9547it [24:00,  1.05s/it, bound:500 nc:  1 ncall:4.5e+06 eff:0.2% logz-ratio=382821.85+/-0.27 dlogz:1.099>0.01]   9548it [24:12,  2.05s/it, bound:500 nc:379 ncall:4.5e+06 eff:0.2% logz-ratio=376167.67+/-0.23 dlogz:6673.303>0.01]9561it [24:12,  1.15s/it, bound:500 nc:  1 ncall:4.5e+06 eff:0.2% logz-ratio=377440.81+/-0.23 dlogz:5387.269>0.01]9563it [24:30,  1.15s/it, bound:501 nc:355 ncall:4.5e+06 eff:0.2% logz-ratio=376250.50+/-0.23 dlogz:6581.771>0.01]9564it [24:40,  2.20s/it, bound:501 nc:369 ncall:4.5e+06 eff:0.2% logz-ratio=376265.44+/-0.23 dlogz:6578.230>0.01]9567it [24:40,  1.86s/it, bound:501 nc:  1 ncall:4.5e+06 eff:0.2% logz-ratio=381074.39+/-0.24 dlogz:1751.054>0.01]9577it [24:40,  1.08s/it, bound:501 nc:374 ncall:4.5e+06 eff:0.2% logz-ratio=376310.23+/-0.20 dlogz:6519.980>0.01]9579it [25:00,  1.08s/it, bound:502 nc:  1 ncall:4.5e+06 eff:0.2% logz-ratio=382821.79+/-0.27 dlogz:1.099>0.01]   9580it [25:06,  2.20s/it, bound:502 nc:369 ncall:4.5e+06 eff:0.2% logz-ratio=376313.61+/-0.16 dlogz:6515.886>0.01]9586it [25:06,  1.54s/it, bound:502 nc:  1 ncall:4.5e+06 eff:0.2% logz-ratio=381748.36+/-0.25 dlogz:1076.054>0.01]9594it [25:06,  1.02it/s, bound:502 nc:292 ncall:4.5e+06 eff:0.2% logz-ratio=376357.09+/-0.20 dlogz:6473.174>0.01]9595it [25:20,  1.02it/s, bound:503 nc:376 ncall:4.5e+06 eff:0.2% logz-ratio=376359.59+/-0.22 dlogz:6471.580>0.01]9596it [25:35,  2.53s/it, bound:503 nc:349 ncall:4.5e+06 eff:0.2% logz-ratio=376361.38+/-0.22 dlogz:6469.078>0.01]9607it [25:35,  1.33s/it, bound:503 nc:  1 ncall:4.5e+06 eff:0.2% logz-ratio=376982.59+/-0.22 dlogz:5845.737>0.01]9611it [25:50,  1.33s/it, bound:504 nc:  1 ncall:4.5e+06 eff:0.2% logz-ratio=382821.72+/-0.27 dlogz:1.099>0.01]   9612it [25:59,  2.18s/it, bound:504 nc:404 ncall:4.5e+06 eff:0.2% logz-ratio=376434.51+/-0.18 dlogz:6395.156>0.01]9625it [25:59,  1.17s/it, bound:504 nc:  1 ncall:4.5e+06 eff:0.2% logz-ratio=377275.57+/-0.23 dlogz:5552.575>0.01]9627it [26:10,  1.17s/it, bound:505 nc:100 ncall:4.5e+06 eff:0.2% logz-ratio=376476.20+/-0.22 dlogz:6353.946>0.01]9628it [26:27,  2.24s/it, bound:505 nc:269 ncall:4.5e+06 eff:0.2% logz-ratio=376477.30+/-0.22 dlogz:6352.402>0.01]9638it [26:27,  1.38s/it, bound:505 nc:  1 ncall:4.5e+06 eff:0.2% logz-ratio=376974.58+/-0.23 dlogz:5853.749>0.01]9643it [26:40,  1.38s/it, bound:506 nc:412 ncall:4.5e+06 eff:0.2% logz-ratio=376529.75+/-0.22 dlogz:6300.796>0.01]9644it [26:55,  2.17s/it, bound:506 nc:382 ncall:4.5e+06 eff:0.2% logz-ratio=376535.58+/-0.23 dlogz:6298.822>0.01]9654it [26:55,  1.36s/it, bound:506 nc:  1 ncall:4.6e+06 eff:0.2% logz-ratio=377143.66+/-0.23 dlogz:5684.559>0.01]9659it [27:10,  1.36s/it, bound:507 nc:346 ncall:4.6e+06 eff:0.2% logz-ratio=376622.66+/-0.20 dlogz:6207.488>0.01]9660it [27:19,  2.03s/it, bound:507 nc:179 ncall:4.6e+06 eff:0.2% logz-ratio=376624.21+/-0.22 dlogz:6205.882>0.01]9673it [27:20,  1.17s/it, bound:507 nc:  1 ncall:4.6e+06 eff:0.2% logz-ratio=377384.31+/-0.23 dlogz:5443.767>0.01]9674it [27:30,  1.17s/it, bound:508 nc:272 ncall:4.6e+06 eff:0.2% logz-ratio=376673.19+/-0.22 dlogz:6158.635>0.01]9675it [27:42,  2.03s/it, bound:508 nc:380 ncall:4.6e+06 eff:0.2% logz-ratio=376675.22+/-0.22 dlogz:6155.320>0.01]9689it [27:42,  1.10s/it, bound:508 nc:  1 ncall:4.6e+06 eff:0.2% logz-ratio=377250.95+/-0.23 dlogz:5577.200>0.01]9690it [28:00,  1.10s/it, bound:509 nc:182 ncall:4.6e+06 eff:0.2% logz-ratio=376738.07+/-0.23 dlogz:6095.754>0.01]9691it [28:04,  1.96s/it, bound:509 nc:334 ncall:4.6e+06 eff:0.2% logz-ratio=376740.41+/-0.23 dlogz:6090.407>0.01]9705it [28:04,  1.05s/it, bound:509 nc:  1 ncall:4.6e+06 eff:0.2% logz-ratio=377252.67+/-0.22 dlogz:5575.486>0.01]9706it [28:20,  1.05s/it, bound:510 nc:220 ncall:4.6e+06 eff:0.2% logz-ratio=376765.22+/-0.17 dlogz:6064.068>0.01]9707it [28:33,  2.19s/it, bound:510 nc:368 ncall:4.6e+06 eff:0.2% logz-ratio=376772.75+/-0.23 dlogz:6063.222>0.01]9712it [28:33,  1.68s/it, bound:510 nc:  1 ncall:4.6e+06 eff:0.2% logz-ratio=382471.34+/-0.26 dlogz:351.976>0.01] 9722it [28:50,  1.68s/it, bound:511 nc:  1 ncall:4.6e+06 eff:0.2% logz-ratio=382821.50+/-0.26 dlogz:1.099>0.01]  9723it [28:56,  1.85s/it, bound:511 nc:321 ncall:4.6e+06 eff:0.2% logz-ratio=376829.15+/-0.18 dlogz:6000.361>0.01]9730it [28:56,  1.34s/it, bound:511 nc:  1 ncall:4.6e+06 eff:0.2% logz-ratio=381402.55+/-0.25 dlogz:1422.463>0.01]9738it [29:10,  1.34s/it, bound:512 nc:  1 ncall:4.6e+06 eff:0.2% logz-ratio=382821.47+/-0.26 dlogz:1.099>0.01]   9739it [29:17,  1.68s/it, bound:512 nc:289 ncall:4.6e+06 eff:0.2% logz-ratio=376912.13+/-0.21 dlogz:5918.211>0.01]9746it [29:17,  1.22s/it, bound:512 nc:  1 ncall:4.6e+06 eff:0.2% logz-ratio=381964.27+/-0.26 dlogz:1312.147>0.01]9754it [29:30,  1.22s/it, bound:513 nc:  1 ncall:4.6e+06 eff:0.2% logz-ratio=383273.63+/-0.26 dlogz:1.099>0.01]   9755it [29:39,  1.62s/it, bound:513 nc:276 ncall:4.6e+06 eff:0.2% logz-ratio=376954.63+/-0.14 dlogz:6326.467>0.01]9770it [29:39,  1.11it/s, bound:514 nc:  1 ncall:4.6e+06 eff:0.2% logz-ratio=377694.67+/-0.23 dlogz:5585.467>0.01]9770it [29:50,  1.11it/s, bound:514 nc:  1 ncall:4.6e+06 eff:0.2% logz-ratio=383273.60+/-0.26 dlogz:1.099>0.01]   9771it [30:03,  1.87s/it, bound:514 nc:368 ncall:4.6e+06 eff:0.2% logz-ratio=376990.45+/-0.17 dlogz:6290.987>0.01]9785it [30:04,  1.03s/it, bound:514 nc:  1 ncall:4.6e+06 eff:0.2% logz-ratio=377773.85+/-0.23 dlogz:5506.243>0.01]9785it [30:20,  1.03s/it, bound:514 nc:  1 ncall:4.6e+06 eff:0.2% logz-ratio=383273.57+/-0.26 dlogz:1.099>0.01]   9786it [30:25,  1.92s/it, bound:515 nc:461 ncall:4.6e+06 eff:0.2% logz-ratio=377063.62+/-0.18 dlogz:6217.961>0.01]9800it [30:25,  1.03s/it, bound:515 nc:  1 ncall:4.6e+06 eff:0.2% logz-ratio=377750.61+/-0.22 dlogz:5529.493>0.01]9801it [30:40,  1.03s/it, bound:516 nc:185 ncall:4.6e+06 eff:0.2% logz-ratio=377115.26+/-0.19 dlogz:6166.587>0.01]9802it [30:52,  2.12s/it, bound:516 nc:421 ncall:4.6e+06 eff:0.2% logz-ratio=377118.21+/-0.23 dlogz:6165.183>0.01]9813it [30:52,  1.26s/it, bound:516 nc:  1 ncall:4.6e+06 eff:0.2% logz-ratio=377857.58+/-0.23 dlogz:5422.454>0.01]9817it [31:10,  1.26s/it, bound:517 nc:407 ncall:4.6e+06 eff:0.2% logz-ratio=377151.59+/-0.19 dlogz:6130.191>0.01]9818it [31:18,  2.06s/it, bound:517 nc:317 ncall:4.6e+06 eff:0.2% logz-ratio=377155.18+/-0.23 dlogz:6128.823>0.01]9820it [31:25,  2.21s/it, bound:517 nc:301 ncall:4.6e+06 eff:0.2% logz-ratio=377163.45+/-0.18 dlogz:6118.110>0.01]9832it [31:40,  2.21s/it, bound:517 nc:308 ncall:4.6e+06 eff:0.2% logz-ratio=377202.75+/-0.23 dlogz:6088.092>0.01]9833it [31:51,  2.13s/it, bound:518 nc:769 ncall:4.6e+06 eff:0.2% logz-ratio=377205.41+/-0.23 dlogz:6077.636>0.01]9843it [31:51,  1.38s/it, bound:518 nc:  1 ncall:4.6e+06 eff:0.2% logz-ratio=377962.47+/-0.23 dlogz:5317.489>0.01]9847it [32:10,  1.38s/it, bound:518 nc:198 ncall:4.6e+06 eff:0.2% logz-ratio=377250.78+/-0.22 dlogz:6031.930>0.01]9848it [32:18,  2.18s/it, bound:519 nc:625 ncall:4.6e+06 eff:0.2% logz-ratio=377251.79+/-0.22 dlogz:6029.576>0.01]9860it [32:18,  1.30s/it, bound:519 nc:  1 ncall:4.6e+06 eff:0.2% logz-ratio=377962.44+/-0.23 dlogz:5317.519>0.01]9863it [32:30,  1.30s/it, bound:520 nc:  1 ncall:4.6e+06 eff:0.2% logz-ratio=383273.41+/-0.25 dlogz:1.099>0.01]   9864it [32:44,  2.14s/it, bound:520 nc:409 ncall:4.6e+06 eff:0.2% logz-ratio=377328.47+/-0.23 dlogz:5956.981>0.01]9870it [32:44,  1.59s/it, bound:520 nc:  1 ncall:4.6e+06 eff:0.2% logz-ratio=381151.59+/-0.23 dlogz:2125.932>0.01]9879it [32:44,  1.03s/it, bound:521 nc:240 ncall:4.6e+06 eff:0.2% logz-ratio=377398.75+/-0.23 dlogz:5886.243>0.01]9879it [33:00,  1.03s/it, bound:521 nc:240 ncall:4.6e+06 eff:0.2% logz-ratio=377398.75+/-0.23 dlogz:5886.243>0.01]9880it [33:09,  2.27s/it, bound:521 nc:344 ncall:4.6e+06 eff:0.2% logz-ratio=377400.24+/-0.23 dlogz:5881.543>0.01]9893it [33:09,  1.14s/it, bound:521 nc:  1 ncall:4.6e+06 eff:0.2% logz-ratio=377645.32+/-0.23 dlogz:5634.826>0.01]9895it [33:20,  1.14s/it, bound:522 nc:368 ncall:4.6e+06 eff:0.2% logz-ratio=377472.11+/-0.23 dlogz:5810.561>0.01]9896it [33:31,  2.05s/it, bound:522 nc:234 ncall:4.6e+06 eff:0.2% logz-ratio=377474.65+/-0.23 dlogz:5808.143>0.01]9909it [33:32,  1.10s/it, bound:522 nc:  1 ncall:4.6e+06 eff:0.2% logz-ratio=378132.71+/-0.23 dlogz:5147.147>0.01]9911it [33:50,  1.10s/it, bound:523 nc:264 ncall:4.6e+06 eff:0.2% logz-ratio=377539.30+/-0.23 dlogz:5742.735>0.01]9912it [33:55,  1.97s/it, bound:523 nc:282 ncall:4.6e+06 eff:0.2% logz-ratio=377540.24+/-0.22 dlogz:5740.926>0.01]9925it [33:55,  1.08s/it, bound:523 nc:  1 ncall:4.6e+06 eff:0.2% logz-ratio=378081.29+/-0.23 dlogz:5417.027>0.01]9927it [34:10,  1.08s/it, bound:524 nc:310 ncall:4.6e+06 eff:0.2% logz-ratio=377583.69+/-0.22 dlogz:5916.219>0.01]9928it [34:16,  1.88s/it, bound:524 nc:212 ncall:4.6e+06 eff:0.2% logz-ratio=377586.90+/-0.23 dlogz:5914.905>0.01]9943it [34:16,  1.02it/s, bound:525 nc:  1 ncall:4.6e+06 eff:0.2% logz-ratio=378237.79+/-0.23 dlogz:5260.411>0.01]9943it [34:30,  1.02it/s, bound:525 nc:  1 ncall:4.6e+06 eff:0.2% logz-ratio=383491.65+/-0.25 dlogz:1.099>0.01]   9944it [34:38,  1.88s/it, bound:525 nc:301 ncall:4.6e+06 eff:0.2% logz-ratio=377642.10+/-0.18 dlogz:5857.559>0.01]9960it [34:58,  1.57s/it, bound:526 nc:300 ncall:4.6e+06 eff:0.2% logz-ratio=377724.06+/-0.23 dlogz:5775.692>0.01]9975it [34:58,  1.06it/s, bound:527 nc:  1 ncall:4.6e+06 eff:0.2% logz-ratio=378266.83+/-0.23 dlogz:5231.354>0.01]9975it [35:10,  1.06it/s, bound:527 nc:  1 ncall:4.6e+06 eff:0.2% logz-ratio=383491.59+/-0.25 dlogz:1.099>0.01]   9976it [35:16,  1.57s/it, bound:527 nc:292 ncall:4.6e+06 eff:0.2% logz-ratio=377795.77+/-0.21 dlogz:5704.904>0.01]9991it [35:16,  1.13it/s, bound:528 nc:  1 ncall:4.7e+06 eff:0.2% logz-ratio=381009.03+/-0.19 dlogz:2487.026>0.01]9991it [35:30,  1.13it/s, bound:528 nc:  1 ncall:4.7e+06 eff:0.2% logz-ratio=383491.55+/-0.25 dlogz:1.099>0.01]   9992it [35:37,  1.69s/it, bound:528 nc:217 ncall:4.7e+06 eff:0.2% logz-ratio=377829.18+/-0.19 dlogz:5670.570>0.01]10007it [35:37,  1.10it/s, bound:529 nc:207 ncall:4.7e+06 eff:0.2% logz-ratio=377876.22+/-0.23 dlogz:5623.171>0.01]10007it [35:50,  1.10it/s, bound:529 nc:  1 ncall:4.7e+06 eff:0.2% logz-ratio=383491.52+/-0.25 dlogz:1.099>0.01]   10008it [35:58,  1.74s/it, bound:529 nc:309 ncall:4.7e+06 eff:0.2% logz-ratio=377877.41+/-0.19 dlogz:5622.213>0.01]10023it [35:58,  1.09it/s, bound:530 nc:  1 ncall:4.7e+06 eff:0.2% logz-ratio=378289.84+/-0.23 dlogz:5208.337>0.01]10023it [36:10,  1.09it/s, bound:530 nc:  1 ncall:4.7e+06 eff:0.2% logz-ratio=383491.49+/-0.25 dlogz:1.099>0.01]   10024it [36:18,  1.75s/it, bound:530 nc:178 ncall:4.7e+06 eff:0.2% logz-ratio=377912.24+/-0.19 dlogz:5587.477>0.01]10040it [36:40,  1.55s/it, bound:531 nc:256 ncall:4.7e+06 eff:0.2% logz-ratio=377987.37+/-0.23 dlogz:5514.514>0.01]10045it [36:40,  1.27s/it, bound:531 nc:352 ncall:4.7e+06 eff:0.2% logz-ratio=378000.04+/-0.18 dlogz:5499.417>0.01]10055it [37:00,  1.27s/it, bound:532 nc:291 ncall:4.7e+06 eff:0.2% logz-ratio=378038.26+/-0.23 dlogz:5467.830>0.01]10056it [37:02,  1.53s/it, bound:532 nc:241 ncall:4.7e+06 eff:0.2% logz-ratio=378039.66+/-0.23 dlogz:5460.072>0.01]10061it [37:02,  1.24s/it, bound:532 nc:  1 ncall:4.7e+06 eff:0.2% logz-ratio=382428.40+/-0.25 dlogz:1066.006>0.01]10071it [37:02,  1.24it/s, bound:533 nc:294 ncall:4.7e+06 eff:0.2% logz-ratio=378088.13+/-0.22 dlogz:5412.283>0.01]10071it [37:20,  1.24it/s, bound:533 nc:294 ncall:4.7e+06 eff:0.2% logz-ratio=378088.13+/-0.22 dlogz:5412.283>0.01]10072it [37:24,  1.83s/it, bound:533 nc:279 ncall:4.7e+06 eff:0.2% logz-ratio=378089.93+/-0.23 dlogz:5410.179>0.01]10085it [37:24,  1.03it/s, bound:533 nc:  1 ncall:4.7e+06 eff:0.2% logz-ratio=378699.06+/-0.23 dlogz:4798.880>0.01]10086it [37:40,  1.03it/s, bound:534 nc:221 ncall:4.7e+06 eff:0.2% logz-ratio=378124.51+/-0.20 dlogz:5375.266>0.01]10087it [37:44,  1.79s/it, bound:534 nc:220 ncall:4.7e+06 eff:0.2% logz-ratio=378131.24+/-0.23 dlogz:5373.760>0.01]10098it [37:44,  1.03s/it, bound:534 nc:  1 ncall:4.7e+06 eff:0.2% logz-ratio=378518.71+/-0.23 dlogz:4979.344>0.01]10101it [38:00,  1.03s/it, bound:535 nc:218 ncall:4.7e+06 eff:0.2% logz-ratio=378181.61+/-0.23 dlogz:5318.162>0.01]10102it [38:04,  1.75s/it, bound:535 nc:294 ncall:4.7e+06 eff:0.2% logz-ratio=378182.51+/-0.23 dlogz:5316.638>0.01]10116it [38:04,  1.08it/s, bound:535 nc:  1 ncall:4.7e+06 eff:0.2% logz-ratio=378799.77+/-0.23 dlogz:4698.121>0.01]10117it [38:20,  1.08it/s, bound:536 nc:311 ncall:4.7e+06 eff:0.2% logz-ratio=378215.60+/-0.21 dlogz:5284.630>0.01]10118it [38:24,  1.73s/it, bound:536 nc:202 ncall:4.7e+06 eff:0.2% logz-ratio=378216.82+/-0.22 dlogz:5282.611>0.01]10133it [38:24,  1.12it/s, bound:537 nc:  1 ncall:4.7e+06 eff:0.2% logz-ratio=378898.78+/-0.23 dlogz:4599.039>0.01]10133it [38:40,  1.12it/s, bound:537 nc:  1 ncall:4.7e+06 eff:0.2% logz-ratio=383491.27+/-0.25 dlogz:1.099>0.01]   10134it [38:49,  1.95s/it, bound:537 nc:405 ncall:4.7e+06 eff:0.2% logz-ratio=378267.91+/-0.20 dlogz:5231.663>0.01]10148it [38:49,  1.04s/it, bound:537 nc:  1 ncall:4.7e+06 eff:0.2% logz-ratio=378940.61+/-0.23 dlogz:4557.182>0.01]10149it [39:00,  1.04s/it, bound:538 nc:322 ncall:4.7e+06 eff:0.2% logz-ratio=378340.25+/-0.22 dlogz:5160.500>0.01]10150it [39:13,  2.00s/it, bound:538 nc:276 ncall:4.7e+06 eff:0.2% logz-ratio=378342.61+/-0.23 dlogz:5157.900>0.01]10156it [39:13,  1.46s/it, bound:538 nc:  1 ncall:4.7e+06 eff:0.2% logz-ratio=381650.50+/-0.25 dlogz:1845.003>0.01]10165it [39:30,  1.46s/it, bound:539 nc:193 ncall:4.7e+06 eff:0.2% logz-ratio=378412.99+/-0.23 dlogz:5088.226>0.01]10166it [39:37,  1.81s/it, bound:539 nc:328 ncall:4.7e+06 eff:0.2% logz-ratio=378420.89+/-0.23 dlogz:5085.126>0.01]10171it [39:37,  1.42s/it, bound:539 nc:  1 ncall:4.7e+06 eff:0.2% logz-ratio=382107.80+/-0.25 dlogz:1387.087>0.01]10181it [39:37,  1.14it/s, bound:540 nc:369 ncall:4.7e+06 eff:0.2% logz-ratio=378457.59+/-0.22 dlogz:5041.730>0.01]10181it [39:50,  1.14it/s, bound:540 nc:369 ncall:4.7e+06 eff:0.2% logz-ratio=378457.59+/-0.22 dlogz:5041.730>0.01]10182it [39:58,  1.91s/it, bound:540 nc:277 ncall:4.7e+06 eff:0.2% logz-ratio=378459.17+/-0.23 dlogz:5040.496>0.01]10187it [39:58,  1.40s/it, bound:540 nc:  1 ncall:4.7e+06 eff:0.2% logz-ratio=382716.51+/-0.25 dlogz:777.295>0.01] 10195it [39:58,  1.15it/s, bound:540 nc:  1 ncall:4.7e+06 eff:0.2% logz-ratio=380387.70+/-0.23 dlogz:3109.071>0.01]10197it [40:10,  1.15it/s, bound:541 nc:247 ncall:4.7e+06 eff:0.2% logz-ratio=378519.65+/-0.21 dlogz:4979.197>0.01]10198it [40:18,  1.89s/it, bound:541 nc:286 ncall:4.7e+06 eff:0.2% logz-ratio=378521.70+/-0.23 dlogz:4978.402>0.01]10213it [40:19,  1.17it/s, bound:542 nc:  1 ncall:4.7e+06 eff:0.2% logz-ratio=379295.60+/-0.23 dlogz:4201.912>0.01]10213it [40:30,  1.17it/s, bound:542 nc:  1 ncall:4.7e+06 eff:0.2% logz-ratio=383491.11+/-0.25 dlogz:1.099>0.01]   10214it [40:40,  1.89s/it, bound:542 nc:288 ncall:4.7e+06 eff:0.2% logz-ratio=378572.38+/-0.22 dlogz:4928.315>0.01]10225it [40:40,  1.07s/it, bound:542 nc:  1 ncall:4.7e+06 eff:0.2% logz-ratio=378873.08+/-0.23 dlogz:4624.745>0.01]10229it [41:00,  1.07s/it, bound:543 nc:  1 ncall:4.7e+06 eff:0.2% logz-ratio=383491.08+/-0.25 dlogz:1.099>0.01]   10230it [41:02,  1.78s/it, bound:543 nc:274 ncall:4.7e+06 eff:0.2% logz-ratio=378627.75+/-0.17 dlogz:4871.053>0.01]10237it [41:02,  1.24s/it, bound:543 nc:  1 ncall:4.7e+06 eff:0.2% logz-ratio=381754.71+/-0.24 dlogz:1740.569>0.01]10244it [41:20,  1.24s/it, bound:544 nc:271 ncall:4.7e+06 eff:0.2% logz-ratio=378661.38+/-0.23 dlogz:4838.308>0.01]10245it [41:26,  1.82s/it, bound:544 nc:204 ncall:4.7e+06 eff:0.2% logz-ratio=378662.56+/-0.23 dlogz:4836.581>0.01]10246it [41:34,  2.20s/it, bound:544 nc:244 ncall:4.7e+06 eff:0.2% logz-ratio=378666.82+/-0.23 dlogz:4835.397>0.01]10260it [41:50,  2.20s/it, bound:545 nc:259 ncall:4.7e+06 eff:0.2% logz-ratio=378725.31+/-0.23 dlogz:4774.981>0.01]10261it [41:55,  1.74s/it, bound:545 nc:273 ncall:4.7e+06 eff:0.2% logz-ratio=378727.47+/-0.23 dlogz:4772.614>0.01]10277it [42:15,  1.52s/it, bound:546 nc:222 ncall:4.7e+06 eff:0.2% logz-ratio=378778.51+/-0.23 dlogz:4720.624>0.01]10291it [42:15,  1.03it/s, bound:546 nc:  1 ncall:4.7e+06 eff:0.2% logz-ratio=379218.18+/-0.23 dlogz:4279.402>0.01]10292it [42:30,  1.03it/s, bound:547 nc:152 ncall:4.7e+06 eff:0.2% logz-ratio=378804.92+/-0.18 dlogz:4693.998>0.01]10293it [42:38,  1.71s/it, bound:547 nc:223 ncall:4.7e+06 eff:0.2% logz-ratio=378805.76+/-0.21 dlogz:4692.943>0.01]10299it [42:38,  1.32s/it, bound:547 nc:  1 ncall:4.7e+06 eff:0.2% logz-ratio=382716.28+/-0.25 dlogz:777.546>0.01] 10307it [42:38,  1.08it/s, bound:548 nc:  1 ncall:4.7e+06 eff:0.2% logz-ratio=382550.71+/-0.25 dlogz:943.392>0.01]10307it [42:50,  1.08it/s, bound:548 nc:  1 ncall:4.7e+06 eff:0.2% logz-ratio=383490.92+/-0.25 dlogz:1.099>0.01]  10308it [43:05,  2.23s/it, bound:548 nc:226 ncall:4.7e+06 eff:0.2% logz-ratio=378851.83+/-0.21 dlogz:4647.815>0.01]10320it [43:05,  1.19s/it, bound:548 nc:  1 ncall:4.7e+06 eff:0.2% logz-ratio=379384.67+/-0.23 dlogz:4112.794>0.01]10322it [43:20,  1.19s/it, bound:549 nc:330 ncall:4.7e+06 eff:0.2% logz-ratio=378878.75+/-0.23 dlogz:4621.637>0.01]10323it [43:33,  2.39s/it, bound:549 nc:336 ncall:4.7e+06 eff:0.2% logz-ratio=378881.61+/-0.23 dlogz:4619.057>0.01]10331it [43:34,  1.55s/it, bound:549 nc:  1 ncall:4.7e+06 eff:0.2% logz-ratio=378902.06+/-0.23 dlogz:4595.723>0.01]10338it [43:50,  1.55s/it, bound:550 nc:  1 ncall:4.7e+06 eff:0.2% logz-ratio=383490.86+/-0.25 dlogz:1.099>0.01]   10339it [43:57,  2.00s/it, bound:550 nc:293 ncall:4.7e+06 eff:0.2% logz-ratio=378929.12+/-0.22 dlogz:4571.239>0.01]10345it [43:57,  1.48s/it, bound:550 nc:  1 ncall:4.7e+06 eff:0.2% logz-ratio=381597.75+/-0.24 dlogz:1897.819>0.01]10353it [43:57,  1.01it/s, bound:550 nc:  1 ncall:4.8e+06 eff:0.2% logz-ratio=380968.19+/-0.24 dlogz:2527.964>0.01]10354it [44:10,  1.01it/s, bound:551 nc:240 ncall:4.8e+06 eff:0.2% logz-ratio=378971.22+/-0.23 dlogz:4540.373>0.01]10355it [44:22,  2.21s/it, bound:551 nc:281 ncall:4.8e+06 eff:0.2% logz-ratio=378974.57+/-0.23 dlogz:4526.521>0.01]10369it [44:22,  1.07s/it, bound:551 nc:  1 ncall:4.8e+06 eff:0.2% logz-ratio=379434.71+/-0.23 dlogz:4062.740>0.01]10370it [44:40,  1.07s/it, bound:552 nc:405 ncall:4.8e+06 eff:0.2% logz-ratio=379032.22+/-0.21 dlogz:4467.111>0.01]10371it [44:45,  2.08s/it, bound:552 nc:290 ncall:4.8e+06 eff:0.2% logz-ratio=379033.37+/-0.22 dlogz:4465.490>0.01]10376it [44:45,  1.56s/it, bound:552 nc:  1 ncall:4.8e+06 eff:0.2% logz-ratio=382470.01+/-0.25 dlogz:1024.302>0.01]10384it [45:00,  1.56s/it, bound:553 nc:  1 ncall:4.8e+06 eff:0.2% logz-ratio=383490.77+/-0.25 dlogz:1.099>0.01]   10385it [45:06,  1.86s/it, bound:553 nc:273 ncall:4.8e+06 eff:0.2% logz-ratio=379094.90+/-0.22 dlogz:4404.851>0.01]10396it [45:06,  1.11s/it, bound:553 nc:270 ncall:4.8e+06 eff:0.2% logz-ratio=379121.50+/-0.22 dlogz:4377.084>0.01]10400it [45:20,  1.11s/it, bound:554 nc:257 ncall:4.8e+06 eff:0.2% logz-ratio=379127.78+/-0.23 dlogz:4374.055>0.01]10401it [45:29,  1.83s/it, bound:554 nc:294 ncall:4.8e+06 eff:0.2% logz-ratio=379129.23+/-0.23 dlogz:4369.872>0.01]10416it [45:29,  1.03it/s, bound:555 nc:  1 ncall:4.8e+06 eff:0.2% logz-ratio=379204.52+/-0.23 dlogz:4293.076>0.01]10416it [45:40,  1.03it/s, bound:555 nc:  1 ncall:4.8e+06 eff:0.2% logz-ratio=383490.71+/-0.25 dlogz:1.099>0.01]   10417it [45:50,  1.80s/it, bound:555 nc:203 ncall:4.8e+06 eff:0.2% logz-ratio=379178.80+/-0.23 dlogz:4323.786>0.01]10431it [45:50,  1.03it/s, bound:555 nc:236 ncall:4.8e+06 eff:0.2% logz-ratio=379218.13+/-0.15 dlogz:4308.764>0.01]10443it [46:09,  1.19s/it, bound:556 nc:201 ncall:4.8e+06 eff:0.2% logz-ratio=379245.57+/-0.23 dlogz:4282.630>0.01]10448it [46:29,  1.71s/it, bound:557 nc:228 ncall:4.8e+06 eff:0.2% logz-ratio=379265.44+/-0.24 dlogz:4267.955>0.01]10462it [46:29,  1.01s/it, bound:557 nc:  1 ncall:4.8e+06 eff:0.2% logz-ratio=379431.03+/-0.24 dlogz:4095.109>0.01]10463it [46:40,  1.01s/it, bound:558 nc:237 ncall:4.8e+06 eff:0.2% logz-ratio=379290.44+/-0.23 dlogz:4238.464>0.01]10464it [46:52,  1.80s/it, bound:558 nc:305 ncall:4.8e+06 eff:0.2% logz-ratio=379293.00+/-0.23 dlogz:4235.781>0.01]10479it [46:52,  1.01it/s, bound:559 nc:  1 ncall:4.8e+06 eff:0.2% logz-ratio=379403.95+/-0.23 dlogz:4122.207>0.01]10479it [47:10,  1.01it/s, bound:559 nc:  1 ncall:4.8e+06 eff:0.2% logz-ratio=383519.28+/-0.26 dlogz:1.099>0.01]   10480it [47:14,  1.88s/it, bound:559 nc:307 ncall:4.8e+06 eff:0.2% logz-ratio=379369.26+/-0.24 dlogz:4167.562>0.01]10496it [47:39,  1.71s/it, bound:560 nc:353 ncall:4.8e+06 eff:0.2% logz-ratio=379405.67+/-0.23 dlogz:4121.327>0.01]10508it [47:39,  1.12s/it, bound:560 nc:  1 ncall:4.8e+06 eff:0.2% logz-ratio=379884.57+/-0.23 dlogz:4025.762>0.01]10511it [47:50,  1.12s/it, bound:561 nc:266 ncall:4.8e+06 eff:0.2% logz-ratio=379444.28+/-0.22 dlogz:4466.988>0.01]10512it [48:02,  1.77s/it, bound:561 nc:246 ncall:4.8e+06 eff:0.2% logz-ratio=379453.90+/-0.24 dlogz:4466.313>0.01]10521it [48:02,  1.22s/it, bound:561 nc:330 ncall:4.8e+06 eff:0.2% logz-ratio=379484.91+/-0.20 dlogz:4426.954>0.01]10527it [48:20,  1.22s/it, bound:562 nc:313 ncall:4.8e+06 eff:0.2% logz-ratio=379501.43+/-0.23 dlogz:4410.723>0.01]10528it [48:25,  1.74s/it, bound:562 nc:248 ncall:4.8e+06 eff:0.2% logz-ratio=379503.93+/-0.23 dlogz:4409.128>0.01]10540it [48:25,  1.07s/it, bound:562 nc:  1 ncall:4.8e+06 eff:0.2% logz-ratio=379733.96+/-0.24 dlogz:4176.455>0.01]10543it [48:40,  1.07s/it, bound:563 nc:272 ncall:4.8e+06 eff:0.2% logz-ratio=379542.17+/-0.24 dlogz:4371.730>0.01]10544it [48:45,  1.69s/it, bound:563 nc:290 ncall:4.8e+06 eff:0.2% logz-ratio=379547.07+/-0.24 dlogz:4368.352>0.01]10556it [48:45,  1.02s/it, bound:563 nc:  1 ncall:4.8e+06 eff:0.2% logz-ratio=379699.06+/-0.23 dlogz:4449.298>0.01]10558it [49:00,  1.02s/it, bound:564 nc:274 ncall:4.8e+06 eff:0.2% logz-ratio=379588.55+/-0.23 dlogz:4561.190>0.01]10559it [49:04,  1.70s/it, bound:564 nc:197 ncall:4.8e+06 eff:0.2% logz-ratio=379590.43+/-0.23 dlogz:4559.866>0.01]10574it [49:29,  1.67s/it, bound:565 nc:246 ncall:4.8e+06 eff:0.2% logz-ratio=379646.69+/-0.23 dlogz:4504.318>0.01]10583it [49:29,  1.19s/it, bound:565 nc:  1 ncall:4.8e+06 eff:0.2% logz-ratio=381129.81+/-0.24 dlogz:3017.217>0.01]10589it [49:40,  1.19s/it, bound:566 nc:319 ncall:4.8e+06 eff:0.2% logz-ratio=379698.99+/-0.23 dlogz:4451.064>0.01]10590it [49:48,  1.55s/it, bound:566 nc:167 ncall:4.8e+06 eff:0.2% logz-ratio=379701.44+/-0.23 dlogz:4449.363>0.01]10606it [50:17,  1.67s/it, bound:567 nc:270 ncall:4.8e+06 eff:0.2% logz-ratio=379751.98+/-0.23 dlogz:4398.179>0.01]10620it [50:17,  1.08s/it, bound:567 nc:  1 ncall:4.8e+06 eff:0.2% logz-ratio=380017.17+/-0.24 dlogz:4130.976>0.01]10621it [50:30,  1.08s/it, bound:568 nc:229 ncall:4.8e+06 eff:0.2% logz-ratio=379818.05+/-0.19 dlogz:4331.343>0.01]10622it [50:40,  1.80s/it, bound:568 nc:280 ncall:4.8e+06 eff:0.2% logz-ratio=379819.88+/-0.23 dlogz:4861.591>0.01]10634it [50:40,  1.14s/it, bound:568 nc:468 ncall:4.8e+06 eff:0.2% logz-ratio=379847.68+/-0.23 dlogz:4835.776>0.01]10636it [51:00,  1.14s/it, bound:569 nc:215 ncall:4.8e+06 eff:0.2% logz-ratio=379858.45+/-0.23 dlogz:4822.685>0.01]10637it [51:13,  2.29s/it, bound:569 nc:371 ncall:4.8e+06 eff:0.2% logz-ratio=379859.38+/-0.23 dlogz:4821.162>0.01]10643it [51:14,  1.72s/it, bound:569 nc:  1 ncall:4.8e+06 eff:0.2% logz-ratio=383271.85+/-0.26 dlogz:1403.319>0.01]10652it [51:30,  1.72s/it, bound:570 nc:  1 ncall:4.8e+06 eff:0.2% logz-ratio=384672.67+/-0.26 dlogz:1.099>0.01]   10653it [51:40,  2.07s/it, bound:570 nc:365 ncall:4.8e+06 eff:0.2% logz-ratio=379902.68+/-0.22 dlogz:4778.968>0.01]10656it [51:47,  2.11s/it, bound:570 nc:267 ncall:4.8e+06 eff:0.2% logz-ratio=379908.44+/-0.23 dlogz:4773.856>0.01]10667it [51:47,  1.23s/it, bound:570 nc:257 ncall:4.8e+06 eff:0.2% logz-ratio=379928.83+/-0.20 dlogz:4752.070>0.01]10668it [52:00,  1.23s/it, bound:571 nc:282 ncall:4.8e+06 eff:0.2% logz-ratio=379933.09+/-0.24 dlogz:4750.720>0.01]10669it [52:15,  2.44s/it, bound:571 nc:267 ncall:4.8e+06 eff:0.2% logz-ratio=379935.20+/-0.23 dlogz:4746.456>0.01]10680it [52:15,  1.38s/it, bound:571 nc:  1 ncall:4.8e+06 eff:0.2% logz-ratio=380277.29+/-0.23 dlogz:4401.975>0.01]10683it [52:30,  1.38s/it, bound:572 nc:214 ncall:4.8e+06 eff:0.2% logz-ratio=379976.00+/-0.21 dlogz:4705.225>0.01]10684it [52:44,  2.49s/it, bound:572 nc:334 ncall:4.8e+06 eff:0.2% logz-ratio=379977.06+/-0.22 dlogz:4703.519>0.01]10695it [52:44,  1.45s/it, bound:572 nc:321 ncall:4.8e+06 eff:0.2% logz-ratio=380018.86+/-0.21 dlogz:4662.407>0.01]10699it [53:00,  1.45s/it, bound:573 nc:410 ncall:4.8e+06 eff:0.2% logz-ratio=380027.73+/-0.23 dlogz:4653.745>0.01]10700it [53:13,  2.35s/it, bound:573 nc:220 ncall:4.8e+06 eff:0.2% logz-ratio=380031.67+/-0.24 dlogz:4651.753>0.01]10704it [53:13,  1.90s/it, bound:573 nc:  1 ncall:4.8e+06 eff:0.2% logz-ratio=381674.64+/-0.24 dlogz:3003.223>0.01]10712it [53:13,  1.22s/it, bound:573 nc:298 ncall:4.9e+06 eff:0.2% logz-ratio=380061.10+/-0.22 dlogz:4620.371>0.01]10715it [53:30,  1.22s/it, bound:574 nc:  1 ncall:4.9e+06 eff:0.2% logz-ratio=384672.54+/-0.26 dlogz:1.099>0.01]   10716it [53:40,  2.35s/it, bound:574 nc:333 ncall:4.9e+06 eff:0.2% logz-ratio=380065.47+/-0.20 dlogz:4615.362>0.01]10723it [53:40,  1.56s/it, bound:574 nc:  1 ncall:4.9e+06 eff:0.2% logz-ratio=382469.32+/-0.25 dlogz:2207.429>0.01]10731it [53:40,  1.01s/it, bound:575 nc:  1 ncall:4.9e+06 eff:0.2% logz-ratio=381642.44+/-0.24 dlogz:3035.489>0.01]10731it [54:00,  1.01s/it, bound:575 nc:  1 ncall:4.9e+06 eff:0.2% logz-ratio=384672.51+/-0.26 dlogz:1.099>0.01]   10732it [54:03,  2.34s/it, bound:575 nc:253 ncall:4.9e+06 eff:0.2% logz-ratio=380096.95+/-0.23 dlogz:4585.267>0.01]10748it [54:27,  1.86s/it, bound:576 nc:242 ncall:4.9e+06 eff:0.2% logz-ratio=380129.92+/-0.23 dlogz:4551.278>0.01]10761it [54:27,  1.12s/it, bound:576 nc:  1 ncall:4.9e+06 eff:0.2% logz-ratio=380585.79+/-0.24 dlogz:4093.199>0.01]10763it [54:40,  1.12s/it, bound:577 nc:292 ncall:4.9e+06 eff:0.2% logz-ratio=380171.60+/-0.23 dlogz:4508.889>0.01]10764it [54:47,  1.75s/it, bound:577 nc:264 ncall:4.9e+06 eff:0.2% logz-ratio=380173.46+/-0.23 dlogz:4507.754>0.01]10780it [55:09,  1.59s/it, bound:578 nc:225 ncall:4.9e+06 eff:0.2% logz-ratio=380207.68+/-0.24 dlogz:4474.907>0.01]10789it [55:10,  1.15s/it, bound:578 nc:214 ncall:4.9e+06 eff:0.2% logz-ratio=380240.44+/-0.24 dlogz:4449.078>0.01]10795it [55:20,  1.15s/it, bound:579 nc:249 ncall:4.9e+06 eff:0.2% logz-ratio=380253.26+/-0.23 dlogz:4427.501>0.01]10796it [55:30,  1.56s/it, bound:579 nc:168 ncall:4.9e+06 eff:0.2% logz-ratio=380255.89+/-0.24 dlogz:4426.031>0.01]10806it [55:30,  1.06s/it, bound:579 nc:  1 ncall:4.9e+06 eff:0.2% logz-ratio=380383.65+/-0.23 dlogz:4295.509>0.01]10811it [55:50,  1.06s/it, bound:580 nc:285 ncall:4.9e+06 eff:0.2% logz-ratio=380277.75+/-0.17 dlogz:4402.233>0.01]10812it [55:51,  1.59s/it, bound:580 nc:255 ncall:4.9e+06 eff:0.2% logz-ratio=380279.86+/-0.23 dlogz:4401.508>0.01]10824it [55:51,  1.02it/s, bound:580 nc:  1 ncall:4.9e+06 eff:0.2% logz-ratio=380474.65+/-0.24 dlogz:4204.429>0.01]10835it [56:08,  1.17s/it, bound:581 nc:190 ncall:4.9e+06 eff:0.2% logz-ratio=380316.21+/-0.21 dlogz:4364.464>0.01]10844it [56:25,  1.38s/it, bound:582 nc:266 ncall:4.9e+06 eff:0.2% logz-ratio=380341.09+/-0.23 dlogz:4339.699>0.01]10855it [56:25,  1.08it/s, bound:582 nc:  1 ncall:4.9e+06 eff:0.2% logz-ratio=380470.41+/-0.23 dlogz:4208.666>0.01]10859it [56:40,  1.08it/s, bound:583 nc:141 ncall:4.9e+06 eff:0.2% logz-ratio=380375.82+/-0.24 dlogz:4307.858>0.01]10860it [56:47,  1.54s/it, bound:583 nc:236 ncall:4.9e+06 eff:0.2% logz-ratio=380377.96+/-0.24 dlogz:4303.348>0.01]10865it [56:47,  1.24s/it, bound:583 nc:  1 ncall:4.9e+06 eff:0.2% logz-ratio=384156.21+/-0.26 dlogz:517.827>0.01] 10875it [56:47,  1.27it/s, bound:584 nc:  1 ncall:4.9e+06 eff:0.2% logz-ratio=382382.72+/-0.25 dlogz:2294.292>0.01]10875it [57:00,  1.27it/s, bound:584 nc:  1 ncall:4.9e+06 eff:0.2% logz-ratio=384672.22+/-0.36 dlogz:1.099>0.01]   10876it [57:09,  1.79s/it, bound:584 nc:299 ncall:4.9e+06 eff:0.2% logz-ratio=380402.18+/-0.18 dlogz:4277.937>0.01]10890it [57:09,  1.10it/s, bound:584 nc:257 ncall:4.9e+06 eff:0.2% logz-ratio=380444.81+/-0.18 dlogz:4235.207>0.01]10891it [57:20,  1.10it/s, bound:585 nc:294 ncall:4.9e+06 eff:0.2% logz-ratio=380455.23+/-0.24 dlogz:4234.291>0.01]10892it [57:32,  1.90s/it, bound:585 nc:244 ncall:4.9e+06 eff:0.2% logz-ratio=380457.94+/-0.24 dlogz:4223.874>0.01]10903it [57:32,  1.10s/it, bound:585 nc:  1 ncall:4.9e+06 eff:0.2% logz-ratio=381081.60+/-0.24 dlogz:3596.945>0.01]10907it [57:50,  1.10s/it, bound:586 nc:192 ncall:4.9e+06 eff:0.2% logz-ratio=380482.97+/-0.24 dlogz:4203.140>0.01]10908it [57:59,  2.02s/it, bound:586 nc:331 ncall:4.9e+06 eff:0.2% logz-ratio=380487.42+/-0.24 dlogz:4196.097>0.01]10917it [57:59,  1.30s/it, bound:586 nc:327 ncall:4.9e+06 eff:0.2% logz-ratio=380516.91+/-0.20 dlogz:4163.375>0.01]10923it [58:10,  1.30s/it, bound:587 nc:313 ncall:4.9e+06 eff:0.2% logz-ratio=380531.75+/-0.23 dlogz:4148.436>0.01]10924it [58:25,  1.98s/it, bound:587 nc:273 ncall:4.9e+06 eff:0.2% logz-ratio=380533.14+/-0.23 dlogz:4147.289>0.01]10929it [58:25,  1.54s/it, bound:587 nc:  1 ncall:4.9e+06 eff:0.2% logz-ratio=383012.66+/-0.18 dlogz:1663.366>0.01]10938it [58:25,  1.02it/s, bound:587 nc:312 ncall:4.9e+06 eff:0.2% logz-ratio=380565.11+/-0.24 dlogz:4116.523>0.01]10939it [58:40,  1.02it/s, bound:588 nc:246 ncall:4.9e+06 eff:0.2% logz-ratio=380566.44+/-0.23 dlogz:4113.899>0.01]10940it [58:49,  2.12s/it, bound:588 nc:301 ncall:4.9e+06 eff:0.2% logz-ratio=380573.41+/-0.24 dlogz:4112.560>0.01]10944it [58:49,  1.64s/it, bound:588 nc:  1 ncall:4.9e+06 eff:0.2% logz-ratio=382306.20+/-0.25 dlogz:2370.938>0.01]10952it [58:49,  1.00it/s, bound:588 nc:  1 ncall:4.9e+06 eff:0.2% logz-ratio=381625.09+/-0.24 dlogz:3052.950>0.01]10955it [59:00,  1.00it/s, bound:589 nc:320 ncall:4.9e+06 eff:0.2% logz-ratio=380619.11+/-0.24 dlogz:4062.040>0.01]10956it [59:13,  2.10s/it, bound:589 nc:250 ncall:4.9e+06 eff:0.2% logz-ratio=380620.08+/-0.23 dlogz:4059.862>0.01]10967it [59:13,  1.13s/it, bound:589 nc:238 ncall:4.9e+06 eff:0.2% logz-ratio=380640.18+/-0.21 dlogz:4040.211>0.01]10970it [59:30,  1.13s/it, bound:589 nc:  1 ncall:4.9e+06 eff:0.2% logz-ratio=384672.03+/-0.37 dlogz:1.099>0.01]   10971it [59:34,  1.93s/it, bound:590 nc:383 ncall:4.9e+06 eff:0.2% logz-ratio=380653.83+/-0.20 dlogz:4026.409>0.01]10978it [59:34,  1.30s/it, bound:590 nc:204 ncall:4.9e+06 eff:0.2% logz-ratio=380670.63+/-0.22 dlogz:4010.129>0.01]10984it [59:50,  1.30s/it, bound:591 nc:213 ncall:4.9e+06 eff:0.2% logz-ratio=380686.84+/-0.24 dlogz:3994.529>0.01]10985it [1:00:03,  2.20s/it, bound:591 nc:356 ncall:4.9e+06 eff:0.2% logz-ratio=380688.26+/-0.24 dlogz:3992.077>0.01]10995it [1:00:03,  1.34s/it, bound:591 nc:282 ncall:4.9e+06 eff:0.2% logz-ratio=380709.76+/-0.23 dlogz:3971.903>0.01]11000it [1:00:20,  1.34s/it, bound:592 nc:320 ncall:4.9e+06 eff:0.2% logz-ratio=380719.28+/-0.20 dlogz:3960.148>0.01]11001it [1:00:24,  1.88s/it, bound:592 nc:160 ncall:4.9e+06 eff:0.2% logz-ratio=380720.18+/-0.22 dlogz:3959.607>0.01]11016it [1:00:24,  1.01it/s, bound:593 nc:  1 ncall:4.9e+06 eff:0.2% logz-ratio=380793.30+/-0.24 dlogz:3885.520>0.01]11016it [1:00:40,  1.01it/s, bound:593 nc:  1 ncall:4.9e+06 eff:0.2% logz-ratio=384671.94+/-0.37 dlogz:1.099>0.01]   11017it [1:00:59,  2.45s/it, bound:593 nc:364 ncall:4.9e+06 eff:0.2% logz-ratio=380749.70+/-0.19 dlogz:3930.308>0.01]11029it [1:00:59,  1.41s/it, bound:593 nc:  1 ncall:4.9e+06 eff:0.2% logz-ratio=381002.06+/-0.23 dlogz:3676.575>0.01]11031it [1:01:10,  1.41s/it, bound:594 nc:285 ncall:4.9e+06 eff:0.2% logz-ratio=380790.42+/-0.20 dlogz:3889.203>0.01]11032it [1:01:28,  2.49s/it, bound:594 nc:331 ncall:4.9e+06 eff:0.2% logz-ratio=380793.27+/-0.24 dlogz:3888.401>0.01]11042it [1:01:28,  1.53s/it, bound:594 nc:  1 ncall:4.9e+06 eff:0.2% logz-ratio=381219.88+/-0.24 dlogz:3458.552>0.01]11047it [1:01:40,  1.53s/it, bound:595 nc:343 ncall:4.9e+06 eff:0.2% logz-ratio=380827.18+/-0.23 dlogz:3853.870>0.01]11048it [1:01:58,  2.38s/it, bound:595 nc:209 ncall:4.9e+06 eff:0.2% logz-ratio=380832.40+/-0.24 dlogz:3851.606>0.01]11050it [1:02:05,  2.53s/it, bound:595 nc:354 ncall:4.9e+06 eff:0.2% logz-ratio=380835.60+/-0.21 dlogz:3844.857>0.01]11061it [1:02:05,  1.38s/it, bound:595 nc:  1 ncall:4.9e+06 eff:0.2% logz-ratio=380906.84+/-0.24 dlogz:3771.867>0.01]11063it [1:02:20,  1.38s/it, bound:596 nc:313 ncall:4.9e+06 eff:0.2% logz-ratio=380855.86+/-0.22 dlogz:3823.659>0.01]11064it [1:02:31,  2.48s/it, bound:596 nc:204 ncall:4.9e+06 eff:0.2% logz-ratio=380859.96+/-0.24 dlogz:3822.893>0.01]11077it [1:02:31,  1.29s/it, bound:596 nc:  1 ncall:4.9e+06 eff:0.2% logz-ratio=380911.84+/-0.24 dlogz:3766.866>0.01]11077it [1:02:50,  1.29s/it, bound:596 nc:  1 ncall:4.9e+06 eff:0.2% logz-ratio=384671.82+/-0.37 dlogz:1.099>0.01]   11078it [1:02:56,  2.48s/it, bound:597 nc:908 ncall:4.9e+06 eff:0.2% logz-ratio=380893.04+/-0.23 dlogz:3788.419>0.01]11083it [1:02:56,  1.83s/it, bound:597 nc:  1 ncall:5.0e+06 eff:0.2% logz-ratio=383004.78+/-0.22 dlogz:1671.183>0.01]11092it [1:03:10,  1.83s/it, bound:597 nc:  1 ncall:5.0e+06 eff:0.2% logz-ratio=384671.79+/-0.37 dlogz:1.099>0.01]   11093it [1:03:20,  2.08s/it, bound:598 nc:622 ncall:5.0e+06 eff:0.2% logz-ratio=380923.76+/-0.24 dlogz:3762.548>0.01]11103it [1:03:21,  1.29s/it, bound:598 nc:  1 ncall:5.0e+06 eff:0.2% logz-ratio=382255.66+/-0.25 dlogz:2421.554>0.01]11108it [1:03:40,  1.29s/it, bound:599 nc:  1 ncall:5.0e+06 eff:0.2% logz-ratio=384671.76+/-0.37 dlogz:1.099>0.01]   11109it [1:03:44,  1.95s/it, bound:599 nc:254 ncall:5.0e+06 eff:0.2% logz-ratio=380957.00+/-0.19 dlogz:3722.654>0.01]11125it [1:04:06,  1.65s/it, bound:600 nc:256 ncall:5.0e+06 eff:0.2% logz-ratio=380999.37+/-0.24 dlogz:3680.739>0.01]11138it [1:04:06,  1.06s/it, bound:600 nc:  1 ncall:5.0e+06 eff:0.2% logz-ratio=381091.18+/-0.24 dlogz:3587.366>0.01]11138it [1:04:20,  1.06s/it, bound:600 nc:  1 ncall:5.0e+06 eff:0.2% logz-ratio=384671.70+/-0.37 dlogz:1.099>0.01]   11139it [1:04:41,  2.35s/it, bound:601 nc:647 ncall:5.0e+06 eff:0.2% logz-ratio=381024.51+/-0.15 dlogz:3654.656>0.01]11149it [1:04:41,  1.53s/it, bound:601 nc:  1 ncall:5.0e+06 eff:0.2% logz-ratio=381088.35+/-0.24 dlogz:3590.203>0.01]11154it [1:05:00,  1.53s/it, bound:602 nc:394 ncall:5.0e+06 eff:0.2% logz-ratio=381053.12+/-0.21 dlogz:3626.384>0.01]11155it [1:05:12,  2.38s/it, bound:602 nc:421 ncall:5.0e+06 eff:0.2% logz-ratio=381063.08+/-0.24 dlogz:3625.457>0.01]11161it [1:05:12,  1.79s/it, bound:602 nc:  1 ncall:5.0e+06 eff:0.2% logz-ratio=382068.71+/-0.25 dlogz:2608.789>0.01]11170it [1:05:30,  1.79s/it, bound:603 nc:325 ncall:5.0e+06 eff:0.2% logz-ratio=381102.91+/-0.23 dlogz:3576.652>0.01]11171it [1:05:40,  2.15s/it, bound:603 nc:313 ncall:5.0e+06 eff:0.2% logz-ratio=381104.14+/-0.23 dlogz:3575.631>0.01]11181it [1:05:40,  1.41s/it, bound:603 nc:  1 ncall:5.0e+06 eff:0.2% logz-ratio=381405.19+/-0.24 dlogz:3273.041>0.01]11186it [1:06:00,  1.41s/it, bound:604 nc:304 ncall:5.0e+06 eff:0.2% logz-ratio=381146.06+/-0.22 dlogz:3534.276>0.01]11187it [1:06:03,  1.97s/it, bound:604 nc:273 ncall:5.0e+06 eff:0.2% logz-ratio=381148.98+/-0.24 dlogz:3532.454>0.01]11200it [1:06:03,  1.15s/it, bound:604 nc:  1 ncall:5.0e+06 eff:0.2% logz-ratio=381358.56+/-0.23 dlogz:3319.725>0.01]11201it [1:06:20,  1.15s/it, bound:605 nc:290 ncall:5.0e+06 eff:0.2% logz-ratio=381170.57+/-0.22 dlogz:3510.088>0.01]11202it [1:06:27,  2.06s/it, bound:605 nc:301 ncall:5.0e+06 eff:0.2% logz-ratio=381171.58+/-0.23 dlogz:3507.913>0.01]11216it [1:06:27,  1.12s/it, bound:606 nc:  1 ncall:5.0e+06 eff:0.2% logz-ratio=381460.31+/-0.24 dlogz:3217.881>0.01]11216it [1:06:40,  1.12s/it, bound:606 nc:  1 ncall:5.0e+06 eff:0.2% logz-ratio=384671.54+/-0.38 dlogz:1.099>0.01]   11217it [1:06:47,  1.97s/it, bound:606 nc:284 ncall:5.0e+06 eff:0.2% logz-ratio=381201.79+/-0.17 dlogz:3477.400>0.01]11232it [1:06:47,  1.01s/it, bound:607 nc:251 ncall:5.0e+06 eff:0.2% logz-ratio=381228.26+/-0.14 dlogz:3450.600>0.01]11232it [1:07:00,  1.01s/it, bound:607 nc:251 ncall:5.0e+06 eff:0.2% logz-ratio=381228.26+/-0.14 dlogz:3450.600>0.01]11233it [1:07:10,  2.00s/it, bound:607 nc:163 ncall:5.0e+06 eff:0.2% logz-ratio=381228.90+/-0.19 dlogz:3450.156>0.01]11241it [1:07:11,  1.33s/it, bound:607 nc:209 ncall:5.0e+06 eff:0.2% logz-ratio=381243.60+/-0.24 dlogz:3441.815>0.01]11248it [1:07:30,  1.33s/it, bound:608 nc:  1 ncall:5.0e+06 eff:0.2% logz-ratio=384671.48+/-0.38 dlogz:1.099>0.01]   11249it [1:07:35,  1.89s/it, bound:608 nc:180 ncall:5.0e+06 eff:0.2% logz-ratio=381254.57+/-0.15 dlogz:3424.385>0.01]11262it [1:07:35,  1.08s/it, bound:608 nc:  1 ncall:5.0e+06 eff:0.2% logz-ratio=381508.82+/-0.24 dlogz:3169.320>0.01]11264it [1:07:50,  1.08s/it, bound:609 nc:232 ncall:5.0e+06 eff:0.2% logz-ratio=381288.72+/-0.23 dlogz:3390.508>0.01]11265it [1:07:58,  1.91s/it, bound:609 nc:314 ncall:5.0e+06 eff:0.2% logz-ratio=381289.20+/-0.23 dlogz:3389.631>0.01]11278it [1:07:58,  1.08s/it, bound:609 nc:  1 ncall:5.0e+06 eff:0.2% logz-ratio=381447.28+/-0.24 dlogz:3230.932>0.01]11279it [1:08:10,  1.08s/it, bound:610 nc:288 ncall:5.0e+06 eff:0.2% logz-ratio=381310.57+/-0.17 dlogz:3368.545>0.01]11280it [1:08:22,  2.03s/it, bound:610 nc:340 ncall:5.0e+06 eff:0.2% logz-ratio=381318.52+/-0.24 dlogz:3367.752>0.01]11295it [1:08:22,  1.05s/it, bound:611 nc:  1 ncall:5.0e+06 eff:0.2% logz-ratio=381500.12+/-0.24 dlogz:3178.039>0.01]11295it [1:08:40,  1.05s/it, bound:611 nc:  1 ncall:5.0e+06 eff:0.2% logz-ratio=384671.38+/-0.39 dlogz:1.099>0.01]   11296it [1:08:49,  2.18s/it, bound:611 nc:277 ncall:5.0e+06 eff:0.2% logz-ratio=381356.26+/-0.21 dlogz:3323.468>0.01]11307it [1:08:49,  1.29s/it, bound:611 nc:  1 ncall:5.0e+06 eff:0.2% logz-ratio=382199.85+/-0.23 dlogz:2477.399>0.01]11311it [1:09:00,  1.29s/it, bound:612 nc:  1 ncall:5.0e+06 eff:0.2% logz-ratio=384671.35+/-0.39 dlogz:1.099>0.01]   11312it [1:09:14,  2.08s/it, bound:612 nc:273 ncall:5.0e+06 eff:0.2% logz-ratio=381388.67+/-0.23 dlogz:3291.820>0.01]11328it [1:09:40,  1.84s/it, bound:613 nc:301 ncall:5.0e+06 eff:0.2% logz-ratio=381435.95+/-0.24 dlogz:3246.128>0.01]11336it [1:09:40,  1.37s/it, bound:613 nc:  1 ncall:5.0e+06 eff:0.2% logz-ratio=382499.97+/-0.23 dlogz:2176.860>0.01]11343it [1:10:00,  1.37s/it, bound:614 nc:364 ncall:5.0e+06 eff:0.2% logz-ratio=381462.05+/-0.22 dlogz:3216.527>0.01]11344it [1:10:06,  1.89s/it, bound:614 nc:320 ncall:5.0e+06 eff:0.2% logz-ratio=381462.42+/-0.22 dlogz:3216.149>0.01]11355it [1:10:06,  1.24s/it, bound:614 nc:  1 ncall:5.0e+06 eff:0.2% logz-ratio=381832.72+/-0.23 dlogz:2845.074>0.01]11358it [1:10:20,  1.24s/it, bound:615 nc:284 ncall:5.0e+06 eff:0.2% logz-ratio=381489.48+/-0.23 dlogz:3189.657>0.01]11359it [1:10:30,  1.96s/it, bound:615 nc:255 ncall:5.0e+06 eff:0.2% logz-ratio=381490.12+/-0.23 dlogz:3188.683>0.01]11371it [1:10:30,  1.19s/it, bound:615 nc:  1 ncall:5.0e+06 eff:0.2% logz-ratio=381649.66+/-0.24 dlogz:3028.344>0.01]11374it [1:10:50,  1.19s/it, bound:616 nc:180 ncall:5.0e+06 eff:0.2% logz-ratio=381512.63+/-0.23 dlogz:3166.146>0.01]11375it [1:11:00,  2.16s/it, bound:616 nc:288 ncall:5.0e+06 eff:0.2% logz-ratio=381514.22+/-0.24 dlogz:3165.508>0.01]11383it [1:11:00,  1.49s/it, bound:616 nc:  1 ncall:5.0e+06 eff:0.2% logz-ratio=382606.98+/-0.23 dlogz:2069.713>0.01]11390it [1:11:20,  1.49s/it, bound:617 nc:  1 ncall:5.0e+06 eff:0.2% logz-ratio=384671.19+/-0.35 dlogz:1.099>0.01]   11391it [1:11:25,  2.02s/it, bound:617 nc:284 ncall:5.0e+06 eff:0.2% logz-ratio=381562.43+/-0.24 dlogz:3118.878>0.01]11403it [1:11:25,  1.22s/it, bound:617 nc:319 ncall:5.0e+06 eff:0.2% logz-ratio=381587.34+/-0.19 dlogz:3091.727>0.01]11406it [1:11:40,  1.22s/it, bound:618 nc:  1 ncall:5.0e+06 eff:0.2% logz-ratio=384671.16+/-0.35 dlogz:1.099>0.01]   11407it [1:11:51,  2.02s/it, bound:618 nc:230 ncall:5.0e+06 eff:0.2% logz-ratio=381590.43+/-0.17 dlogz:3088.402>0.01]11414it [1:11:51,  1.45s/it, bound:618 nc:  1 ncall:5.0e+06 eff:0.2% logz-ratio=383081.80+/-0.26 dlogz:1593.947>0.01]11422it [1:12:10,  1.45s/it, bound:619 nc:  1 ncall:5.0e+06 eff:0.2% logz-ratio=384671.13+/-0.35 dlogz:1.099>0.01]   11423it [1:12:15,  1.89s/it, bound:619 nc:289 ncall:5.0e+06 eff:0.2% logz-ratio=381628.32+/-0.24 dlogz:3052.586>0.01]11427it [1:12:23,  1.92s/it, bound:619 nc:281 ncall:5.0e+06 eff:0.2% logz-ratio=381636.12+/-0.22 dlogz:3043.781>0.01]11438it [1:12:40,  1.92s/it, bound:620 nc:  1 ncall:5.1e+06 eff:0.2% logz-ratio=384671.10+/-0.35 dlogz:1.099>0.01]   11439it [1:12:47,  1.94s/it, bound:620 nc:287 ncall:5.1e+06 eff:0.2% logz-ratio=381654.89+/-0.24 dlogz:3027.033>0.01]11449it [1:12:47,  1.28s/it, bound:620 nc:  1 ncall:5.1e+06 eff:0.2% logz-ratio=382449.38+/-0.25 dlogz:2227.577>0.01]11453it [1:13:00,  1.28s/it, bound:621 nc:  1 ncall:5.1e+06 eff:0.2% logz-ratio=384671.07+/-0.32 dlogz:1.099>0.01]   11454it [1:13:11,  1.98s/it, bound:621 nc:303 ncall:5.1e+06 eff:0.2% logz-ratio=381678.85+/-0.24 dlogz:3003.595>0.01]11461it [1:13:12,  1.43s/it, bound:621 nc:  1 ncall:5.1e+06 eff:0.2% logz-ratio=382982.44+/-0.26 dlogz:1693.558>0.01]11469it [1:13:12,  1.02it/s, bound:622 nc:  1 ncall:5.1e+06 eff:0.2% logz-ratio=382263.45+/-0.24 dlogz:2413.763>0.01]11469it [1:13:30,  1.02it/s, bound:622 nc:  1 ncall:5.1e+06 eff:0.2% logz-ratio=384671.04+/-0.32 dlogz:1.099>0.01]   11470it [1:13:35,  2.17s/it, bound:622 nc:286 ncall:5.1e+06 eff:0.2% logz-ratio=381708.75+/-0.24 dlogz:2972.395>0.01]11480it [1:13:35,  1.24s/it, bound:622 nc:  1 ncall:5.1e+06 eff:0.2% logz-ratio=382785.14+/-0.24 dlogz:1891.257>0.01]11484it [1:13:50,  1.24s/it, bound:623 nc:  1 ncall:5.1e+06 eff:0.2% logz-ratio=384671.01+/-0.31 dlogz:1.099>0.01]   11485it [1:13:59,  2.07s/it, bound:623 nc:296 ncall:5.1e+06 eff:0.2% logz-ratio=381736.73+/-0.14 dlogz:2941.663>0.01]11499it [1:13:59,  1.07s/it, bound:623 nc:246 ncall:5.1e+06 eff:0.2% logz-ratio=381749.69+/-0.14 dlogz:2928.639>0.01]11500it [1:14:10,  1.07s/it, bound:624 nc:316 ncall:5.1e+06 eff:0.2% logz-ratio=381752.28+/-0.24 dlogz:2928.195>0.01]11501it [1:14:23,  2.07s/it, bound:624 nc:195 ncall:5.1e+06 eff:0.2% logz-ratio=381756.38+/-0.24 dlogz:2925.607>0.01]11510it [1:14:24,  1.32s/it, bound:624 nc:  1 ncall:5.1e+06 eff:0.2% logz-ratio=382938.66+/-0.24 dlogz:1737.473>0.01]11516it [1:14:40,  1.32s/it, bound:625 nc:233 ncall:5.1e+06 eff:0.2% logz-ratio=381783.89+/-0.21 dlogz:2894.595>0.01]11517it [1:14:48,  1.96s/it, bound:625 nc:201 ncall:5.1e+06 eff:0.2% logz-ratio=381784.49+/-0.22 dlogz:2893.958>0.01]11526it [1:14:48,  1.28s/it, bound:625 nc:  1 ncall:5.1e+06 eff:0.2% logz-ratio=383155.67+/-0.26 dlogz:1520.146>0.01]11530it [1:15:00,  1.28s/it, bound:626 nc:253 ncall:5.1e+06 eff:0.2% logz-ratio=381811.57+/-0.19 dlogz:2867.230>0.01]11531it [1:15:13,  2.09s/it, bound:626 nc:265 ncall:5.1e+06 eff:0.2% logz-ratio=381812.40+/-0.22 dlogz:2866.252>0.01]11545it [1:15:14,  1.12s/it, bound:627 nc:  1 ncall:5.1e+06 eff:0.2% logz-ratio=381947.29+/-0.24 dlogz:2730.372>0.01]11545it [1:15:30,  1.12s/it, bound:627 nc:  1 ncall:5.1e+06 eff:0.2% logz-ratio=384670.88+/-0.31 dlogz:1.099>0.01]   11546it [1:15:37,  2.15s/it, bound:627 nc:273 ncall:5.1e+06 eff:0.2% logz-ratio=381834.56+/-0.17 dlogz:2844.011>0.01]11559it [1:15:38,  1.17s/it, bound:627 nc:240 ncall:5.1e+06 eff:0.2% logz-ratio=381857.67+/-0.17 dlogz:2820.861>0.01]11561it [1:15:50,  1.17s/it, bound:628 nc:261 ncall:5.1e+06 eff:0.2% logz-ratio=381858.71+/-0.22 dlogz:2819.512>0.01]11562it [1:16:02,  2.07s/it, bound:628 nc:250 ncall:5.1e+06 eff:0.2% logz-ratio=381859.06+/-0.22 dlogz:2819.052>0.01]11572it [1:16:02,  1.28s/it, bound:628 nc:  1 ncall:5.1e+06 eff:0.2% logz-ratio=382747.85+/-0.24 dlogz:1928.627>0.01]11577it [1:16:20,  1.28s/it, bound:629 nc:  1 ncall:5.1e+06 eff:0.2% logz-ratio=384670.82+/-0.30 dlogz:1.099>0.01]   11578it [1:16:27,  1.99s/it, bound:629 nc:291 ncall:5.1e+06 eff:0.2% logz-ratio=381889.14+/-0.24 dlogz:2794.697>0.01]11590it [1:16:27,  1.17s/it, bound:629 nc:268 ncall:5.1e+06 eff:0.2% logz-ratio=381907.36+/-0.22 dlogz:2772.105>0.01]11593it [1:16:40,  1.17s/it, bound:630 nc:  1 ncall:5.1e+06 eff:0.2% logz-ratio=384670.79+/-0.30 dlogz:1.099>0.01]   11594it [1:16:51,  1.98s/it, bound:630 nc:264 ncall:5.1e+06 eff:0.2% logz-ratio=381919.46+/-0.19 dlogz:2759.261>0.01]11605it [1:16:51,  1.21s/it, bound:630 nc:  1 ncall:5.1e+06 eff:0.2% logz-ratio=382001.85+/-0.24 dlogz:2675.733>0.01]11608it [1:17:10,  1.21s/it, bound:631 nc:182 ncall:5.1e+06 eff:0.2% logz-ratio=381947.17+/-0.24 dlogz:2732.026>0.01]11609it [1:17:14,  1.95s/it, bound:631 nc:198 ncall:5.1e+06 eff:0.2% logz-ratio=381948.79+/-0.24 dlogz:2730.500>0.01]11620it [1:17:14,  1.17s/it, bound:631 nc:  1 ncall:5.1e+06 eff:0.2% logz-ratio=382233.29+/-0.24 dlogz:2443.976>0.01]11623it [1:17:30,  1.17s/it, bound:632 nc:294 ncall:5.1e+06 eff:0.2% logz-ratio=381968.11+/-0.21 dlogz:2709.952>0.01]11624it [1:17:43,  2.22s/it, bound:632 nc:342 ncall:5.1e+06 eff:0.2% logz-ratio=381968.49+/-0.22 dlogz:2709.527>0.01]11627it [1:17:43,  1.88s/it, bound:632 nc:  1 ncall:5.1e+06 eff:0.2% logz-ratio=382931.05+/-0.24 dlogz:1745.162>0.01]11636it [1:17:43,  1.13s/it, bound:632 nc:393 ncall:5.1e+06 eff:0.2% logz-ratio=381976.50+/-0.23 dlogz:2702.531>0.01]11639it [1:18:00,  1.13s/it, bound:633 nc:283 ncall:5.1e+06 eff:0.2% logz-ratio=381982.75+/-0.24 dlogz:2695.962>0.01]11640it [1:18:10,  2.25s/it, bound:633 nc:262 ncall:5.1e+06 eff:0.2% logz-ratio=381983.78+/-0.24 dlogz:2694.851>0.01]11644it [1:18:10,  1.75s/it, bound:633 nc:  1 ncall:5.1e+06 eff:0.2% logz-ratio=383443.13+/-0.26 dlogz:1232.242>0.01]11652it [1:18:10,  1.07s/it, bound:633 nc:  1 ncall:5.1e+06 eff:0.2% logz-ratio=382961.96+/-0.26 dlogz:1714.169>0.01]11655it [1:18:30,  1.07s/it, bound:634 nc:337 ncall:5.1e+06 eff:0.2% logz-ratio=382010.44+/-0.24 dlogz:2669.200>0.01]11656it [1:18:32,  2.07s/it, bound:634 nc:266 ncall:5.1e+06 eff:0.2% logz-ratio=382011.59+/-0.24 dlogz:2667.138>0.01]11665it [1:18:32,  1.22s/it, bound:634 nc:  1 ncall:5.1e+06 eff:0.2% logz-ratio=382983.16+/-0.24 dlogz:1692.921>0.01]11671it [1:18:50,  1.22s/it, bound:635 nc:347 ncall:5.1e+06 eff:0.2% logz-ratio=382037.80+/-0.23 dlogz:2640.627>0.01]11672it [1:18:57,  1.96s/it, bound:635 nc:266 ncall:5.1e+06 eff:0.2% logz-ratio=382038.29+/-0.23 dlogz:2639.746>0.01]11687it [1:18:58,  1.00s/it, bound:636 nc:  1 ncall:5.1e+06 eff:0.2% logz-ratio=382166.86+/-0.24 dlogz:2510.510>0.01]11687it [1:19:10,  1.00s/it, bound:636 nc:  1 ncall:5.1e+06 eff:0.2% logz-ratio=384670.60+/-0.29 dlogz:1.099>0.01]   11688it [1:19:24,  2.12s/it, bound:636 nc:273 ncall:5.1e+06 eff:0.2% logz-ratio=382069.07+/-0.16 dlogz:2609.036>0.01]11702it [1:19:24,  1.13s/it, bound:637 nc:  1 ncall:5.1e+06 eff:0.2% logz-ratio=382174.49+/-0.24 dlogz:2502.865>0.01]11702it [1:19:40,  1.13s/it, bound:637 nc:  1 ncall:5.1e+06 eff:0.2% logz-ratio=384670.57+/-0.29 dlogz:1.099>0.01]   11703it [1:19:46,  2.08s/it, bound:637 nc:219 ncall:5.1e+06 eff:0.2% logz-ratio=382084.60+/-0.18 dlogz:2593.742>0.01]11717it [1:19:46,  1.09s/it, bound:637 nc:259 ncall:5.1e+06 eff:0.2% logz-ratio=382108.53+/-0.19 dlogz:2569.906>0.01]11718it [1:20:00,  1.09s/it, bound:638 nc:253 ncall:5.1e+06 eff:0.2% logz-ratio=382109.06+/-0.21 dlogz:2568.920>0.01]11719it [1:20:16,  2.34s/it, bound:638 nc:304 ncall:5.1e+06 eff:0.2% logz-ratio=382109.50+/-0.22 dlogz:2568.389>0.01]11725it [1:20:16,  1.70s/it, bound:638 nc:330 ncall:5.1e+06 eff:0.2% logz-ratio=382121.53+/-0.23 dlogz:2557.930>0.01]11733it [1:20:30,  1.70s/it, bound:639 nc:334 ncall:5.1e+06 eff:0.2% logz-ratio=382130.91+/-0.23 dlogz:2547.542>0.01]11734it [1:20:42,  2.15s/it, bound:639 nc:309 ncall:5.1e+06 eff:0.2% logz-ratio=382132.24+/-0.24 dlogz:2546.512>0.01]11747it [1:20:42,  1.22s/it, bound:639 nc:  1 ncall:5.1e+06 eff:0.2% logz-ratio=382199.13+/-0.24 dlogz:2478.187>0.01]11749it [1:21:00,  1.22s/it, bound:640 nc:319 ncall:5.1e+06 eff:0.2% logz-ratio=382153.55+/-0.20 dlogz:2524.582>0.01]11750it [1:21:09,  2.17s/it, bound:640 nc:330 ncall:5.1e+06 eff:0.2% logz-ratio=382154.37+/-0.22 dlogz:2523.837>0.01]11755it [1:21:09,  1.68s/it, bound:640 nc:  1 ncall:5.1e+06 eff:0.2% logz-ratio=383180.13+/-0.25 dlogz:1495.686>0.01]11765it [1:21:09,  1.02s/it, bound:641 nc:280 ncall:5.1e+06 eff:0.2% logz-ratio=382175.47+/-0.24 dlogz:2502.992>0.01]11765it [1:21:20,  1.02s/it, bound:641 nc:280 ncall:5.1e+06 eff:0.2% logz-ratio=382175.47+/-0.24 dlogz:2502.992>0.01]11766it [1:21:36,  2.40s/it, bound:641 nc:328 ncall:5.1e+06 eff:0.2% logz-ratio=382176.55+/-0.24 dlogz:2501.884>0.01]11775it [1:21:36,  1.42s/it, bound:641 nc:  1 ncall:5.1e+06 eff:0.2% logz-ratio=382831.82+/-0.24 dlogz:1844.552>0.01]11781it [1:21:50,  1.42s/it, bound:642 nc:316 ncall:5.1e+06 eff:0.2% logz-ratio=382197.37+/-0.24 dlogz:2481.475>0.01]11782it [1:22:02,  2.15s/it, bound:642 nc:306 ncall:5.1e+06 eff:0.2% logz-ratio=382198.36+/-0.24 dlogz:2479.952>0.01]11790it [1:22:02,  1.43s/it, bound:642 nc:  1 ncall:5.2e+06 eff:0.2% logz-ratio=383054.80+/-0.26 dlogz:1621.241>0.01]11797it [1:22:20,  1.43s/it, bound:643 nc:190 ncall:5.2e+06 eff:0.2% logz-ratio=382214.21+/-0.21 dlogz:2463.570>0.01]11798it [1:22:25,  1.90s/it, bound:643 nc:311 ncall:5.2e+06 eff:0.2% logz-ratio=382217.71+/-0.25 dlogz:2463.085>0.01]11799it [1:22:30,  2.02s/it, bound:643 nc:311 ncall:5.2e+06 eff:0.2% logz-ratio=382219.09+/-0.21 dlogz:2459.578>0.01]11813it [1:22:40,  2.02s/it, bound:644 nc:311 ncall:5.2e+06 eff:0.2% logz-ratio=382241.43+/-0.25 dlogz:2443.009>0.01]11814it [1:22:52,  1.76s/it, bound:644 nc:272 ncall:5.2e+06 eff:0.2% logz-ratio=382243.97+/-0.24 dlogz:2435.830>0.01]11822it [1:22:53,  1.25s/it, bound:644 nc:  1 ncall:5.2e+06 eff:0.2% logz-ratio=382413.26+/-0.24 dlogz:2263.799>0.01]11829it [1:23:10,  1.25s/it, bound:645 nc:311 ncall:5.2e+06 eff:0.2% logz-ratio=382266.19+/-0.24 dlogz:2412.181>0.01]11830it [1:23:14,  1.65s/it, bound:645 nc:271 ncall:5.2e+06 eff:0.2% logz-ratio=382267.16+/-0.24 dlogz:2411.039>0.01]11844it [1:23:14,  1.05it/s, bound:645 nc:  1 ncall:5.2e+06 eff:0.2% logz-ratio=382388.83+/-0.24 dlogz:2288.264>0.01]11845it [1:23:30,  1.05it/s, bound:646 nc:228 ncall:5.2e+06 eff:0.2% logz-ratio=382304.60+/-0.21 dlogz:2373.966>0.01]11846it [1:23:39,  1.88s/it, bound:646 nc:284 ncall:5.2e+06 eff:0.2% logz-ratio=382305.43+/-0.23 dlogz:2372.596>0.01]11859it [1:23:39,  1.08s/it, bound:647 nc:  1 ncall:5.2e+06 eff:0.2% logz-ratio=382349.76+/-0.24 dlogz:2327.384>0.01]11859it [1:23:50,  1.08s/it, bound:647 nc:  1 ncall:5.2e+06 eff:0.2% logz-ratio=384670.26+/-0.29 dlogz:1.099>0.01]   11860it [1:24:01,  2.02s/it, bound:647 nc:256 ncall:5.2e+06 eff:0.2% logz-ratio=382332.96+/-0.21 dlogz:2345.500>0.01]11876it [1:24:26,  1.79s/it, bound:648 nc:240 ncall:5.2e+06 eff:0.2% logz-ratio=382363.43+/-0.24 dlogz:2314.367>0.01]11885it [1:24:26,  1.28s/it, bound:648 nc:198 ncall:5.2e+06 eff:0.2% logz-ratio=382371.83+/-0.15 dlogz:2305.811>0.01]11890it [1:24:40,  1.28s/it, bound:649 nc:324 ncall:5.2e+06 eff:0.2% logz-ratio=382381.05+/-0.23 dlogz:2297.611>0.01]11891it [1:24:55,  2.05s/it, bound:649 nc:415 ncall:5.2e+06 eff:0.2% logz-ratio=382382.42+/-0.24 dlogz:2296.057>0.01]11900it [1:24:55,  1.41s/it, bound:649 nc:  1 ncall:5.2e+06 eff:0.2% logz-ratio=382513.23+/-0.24 dlogz:2163.660>0.01]11906it [1:25:10,  1.41s/it, bound:650 nc:  1 ncall:5.2e+06 eff:0.2% logz-ratio=384670.16+/-0.29 dlogz:1.099>0.01]   11907it [1:25:23,  2.05s/it, bound:650 nc:293 ncall:5.2e+06 eff:0.2% logz-ratio=382403.61+/-0.13 dlogz:2273.836>0.01]11918it [1:25:23,  1.30s/it, bound:650 nc:322 ncall:5.2e+06 eff:0.2% logz-ratio=382417.92+/-0.20 dlogz:2260.293>0.01]11921it [1:25:40,  1.30s/it, bound:651 nc:  1 ncall:5.2e+06 eff:0.2% logz-ratio=384670.13+/-0.29 dlogz:1.099>0.01]   11922it [1:25:50,  2.21s/it, bound:651 nc:348 ncall:5.2e+06 eff:0.2% logz-ratio=382423.23+/-0.16 dlogz:2254.410>0.01]11932it [1:25:51,  1.41s/it, bound:651 nc:275 ncall:5.2e+06 eff:0.2% logz-ratio=382438.53+/-0.20 dlogz:2239.732>0.01]11937it [1:26:10,  1.41s/it, bound:652 nc:301 ncall:5.2e+06 eff:0.2% logz-ratio=382442.53+/-0.21 dlogz:2235.147>0.01]11938it [1:26:19,  2.19s/it, bound:652 nc:223 ncall:5.2e+06 eff:0.2% logz-ratio=382443.23+/-0.23 dlogz:2234.484>0.01]11951it [1:26:19,  1.27s/it, bound:652 nc:  1 ncall:5.2e+06 eff:0.2% logz-ratio=382483.00+/-0.24 dlogz:2193.943>0.01]11953it [1:26:30,  1.27s/it, bound:653 nc:251 ncall:5.2e+06 eff:0.2% logz-ratio=382469.21+/-0.18 dlogz:2208.141>0.01]11954it [1:26:42,  2.06s/it, bound:653 nc:238 ncall:5.2e+06 eff:0.2% logz-ratio=382470.11+/-0.22 dlogz:2207.765>0.01]11967it [1:26:42,  1.18s/it, bound:653 nc:  1 ncall:5.2e+06 eff:0.2% logz-ratio=382637.84+/-0.24 dlogz:2038.842>0.01]11968it [1:27:00,  1.18s/it, bound:654 nc:303 ncall:5.2e+06 eff:0.2% logz-ratio=382482.03+/-0.20 dlogz:2196.057>0.01]11969it [1:27:11,  2.33s/it, bound:654 nc:326 ncall:5.2e+06 eff:0.2% logz-ratio=382482.97+/-0.23 dlogz:2194.917>0.01]11981it [1:27:12,  1.34s/it, bound:654 nc:  1 ncall:5.2e+06 eff:0.2% logz-ratio=382609.99+/-0.24 dlogz:2066.740>0.01]11984it [1:27:30,  1.34s/it, bound:655 nc:  1 ncall:5.2e+06 eff:0.2% logz-ratio=384670.01+/-0.29 dlogz:1.099>0.01]   11985it [1:27:39,  2.26s/it, bound:655 nc:313 ncall:5.2e+06 eff:0.2% logz-ratio=382497.37+/-0.18 dlogz:2180.333>0.01]12000it [1:27:39,  1.19s/it, bound:656 nc:  1 ncall:5.2e+06 eff:0.2% logz-ratio=382678.35+/-0.25 dlogz:1998.276>0.01]12000it [1:27:50,  1.19s/it, bound:656 nc:  1 ncall:5.2e+06 eff:0.2% logz-ratio=384669.97+/-0.29 dlogz:1.099>0.01]   12001it [1:28:02,  2.15s/it, bound:656 nc:234 ncall:5.2e+06 eff:0.2% logz-ratio=382521.16+/-0.19 dlogz:2156.730>0.01]12009it [1:28:02,  1.44s/it, bound:656 nc:  1 ncall:5.2e+06 eff:0.2% logz-ratio=383676.63+/-0.24 dlogz:998.119>0.01] 12015it [1:28:20,  1.44s/it, bound:657 nc:316 ncall:5.2e+06 eff:0.2% logz-ratio=382537.44+/-0.24 dlogz:2141.182>0.01]12016it [1:28:43,  2.72s/it, bound:657 nc:438 ncall:5.2e+06 eff:0.2% logz-ratio=382538.44+/-0.24 dlogz:2139.419>0.01]12022it [1:28:43,  2.01s/it, bound:657 nc:  1 ncall:5.2e+06 eff:0.2% logz-ratio=382603.83+/-0.24 dlogz:2072.915>0.01]12031it [1:29:00,  2.01s/it, bound:658 nc:  1 ncall:5.2e+06 eff:0.2% logz-ratio=384669.91+/-0.29 dlogz:1.099>0.01]   12032it [1:29:22,  2.72s/it, bound:658 nc:335 ncall:5.2e+06 eff:0.2% logz-ratio=382556.03+/-0.21 dlogz:2122.183>0.01]12039it [1:29:22,  1.97s/it, bound:658 nc:  1 ncall:5.2e+06 eff:0.2% logz-ratio=384563.08+/-0.29 dlogz:108.208>0.01] 12045it [1:29:40,  1.97s/it, bound:659 nc:384 ncall:5.2e+06 eff:0.2% logz-ratio=382570.09+/-0.16 dlogz:2107.328>0.01]12046it [1:29:56,  2.80s/it, bound:659 nc:349 ncall:5.2e+06 eff:0.2% logz-ratio=382571.01+/-0.21 dlogz:2106.707>0.01]12054it [1:29:56,  1.92s/it, bound:659 nc:321 ncall:5.2e+06 eff:0.2% logz-ratio=382585.73+/-0.18 dlogz:2091.897>0.01]12061it [1:30:10,  1.92s/it, bound:660 nc:278 ncall:5.2e+06 eff:0.2% logz-ratio=382596.20+/-0.18 dlogz:2081.316>0.01]12062it [1:30:33,  2.75s/it, bound:660 nc:342 ncall:5.2e+06 eff:0.2% logz-ratio=382596.89+/-0.21 dlogz:2080.561>0.01]12072it [1:30:33,  1.77s/it, bound:660 nc:352 ncall:5.2e+06 eff:0.2% logz-ratio=382605.64+/-0.14 dlogz:2071.548>0.01]12076it [1:30:50,  1.77s/it, bound:661 nc:322 ncall:5.2e+06 eff:0.2% logz-ratio=382609.81+/-0.24 dlogz:2068.348>0.01]12077it [1:30:59,  2.49s/it, bound:661 nc:281 ncall:5.2e+06 eff:0.2% logz-ratio=382612.25+/-0.25 dlogz:2066.925>0.01]12084it [1:31:00,  1.77s/it, bound:661 nc:  1 ncall:5.2e+06 eff:0.2% logz-ratio=382730.42+/-0.25 dlogz:1946.133>0.01]12090it [1:31:10,  1.77s/it, bound:662 nc:214 ncall:5.2e+06 eff:0.2% logz-ratio=382635.28+/-0.23 dlogz:2042.126>0.01]12091it [1:31:30,  2.53s/it, bound:662 nc:249 ncall:5.2e+06 eff:0.2% logz-ratio=382635.75+/-0.23 dlogz:2041.426>0.01]12100it [1:31:30,  1.65s/it, bound:662 nc:  1 ncall:5.2e+06 eff:0.2% logz-ratio=382825.92+/-0.25 dlogz:1850.459>0.01]12106it [1:31:50,  1.65s/it, bound:663 nc:256 ncall:5.2e+06 eff:0.2% logz-ratio=382647.76+/-0.24 dlogz:2030.020>0.01]12107it [1:32:09,  2.75s/it, bound:663 nc:399 ncall:5.3e+06 eff:0.2% logz-ratio=382648.51+/-0.24 dlogz:2028.909>0.01]12114it [1:32:09,  1.97s/it, bound:663 nc:  1 ncall:5.3e+06 eff:0.2% logz-ratio=383050.39+/-0.24 dlogz:1625.600>0.01]12122it [1:32:20,  1.97s/it, bound:664 nc:466 ncall:5.3e+06 eff:0.2% logz-ratio=382670.49+/-0.23 dlogz:2007.037>0.01]12123it [1:32:45,  2.65s/it, bound:664 nc:307 ncall:5.3e+06 eff:0.2% logz-ratio=382672.04+/-0.24 dlogz:2006.146>0.01]12124it [1:32:54,  3.00s/it, bound:664 nc:370 ncall:5.3e+06 eff:0.2% logz-ratio=382673.02+/-0.19 dlogz:2004.598>0.01]12133it [1:32:54,  1.80s/it, bound:664 nc:  1 ncall:5.3e+06 eff:0.2% logz-ratio=383032.06+/-0.25 dlogz:1643.958>0.01]12136it [1:33:10,  1.80s/it, bound:664 nc:  1 ncall:5.3e+06 eff:0.2% logz-ratio=384669.70+/-0.29 dlogz:1.099>0.01]   12137it [1:33:26,  3.05s/it, bound:665 nc:749 ncall:5.3e+06 eff:0.2% logz-ratio=382694.63+/-0.21 dlogz:1983.352>0.01]12143it [1:33:26,  2.13s/it, bound:665 nc:341 ncall:5.3e+06 eff:0.2% logz-ratio=382698.76+/-0.15 dlogz:1978.330>0.01]12152it [1:33:40,  2.13s/it, bound:666 nc:336 ncall:5.3e+06 eff:0.2% logz-ratio=382714.39+/-0.25 dlogz:1963.817>0.01]12153it [1:33:54,  2.42s/it, bound:666 nc:269 ncall:5.3e+06 eff:0.2% logz-ratio=382715.44+/-0.24 dlogz:1962.194>0.01]12164it [1:33:54,  1.46s/it, bound:666 nc:  1 ncall:5.3e+06 eff:0.2% logz-ratio=382842.86+/-0.24 dlogz:1833.494>0.01]12168it [1:34:10,  1.46s/it, bound:667 nc:  1 ncall:5.3e+06 eff:0.2% logz-ratio=384669.64+/-0.29 dlogz:1.099>0.01]   12169it [1:34:19,  2.19s/it, bound:667 nc:288 ncall:5.3e+06 eff:0.2% logz-ratio=382738.16+/-0.21 dlogz:1939.718>0.01]12181it [1:34:20,  1.29s/it, bound:667 nc:182 ncall:5.3e+06 eff:0.2% logz-ratio=382747.39+/-0.17 dlogz:1929.817>0.01]12184it [1:34:30,  1.29s/it, bound:668 nc:  1 ncall:5.3e+06 eff:0.2% logz-ratio=384669.61+/-0.29 dlogz:1.099>0.01]   12185it [1:34:46,  2.16s/it, bound:668 nc:314 ncall:5.3e+06 eff:0.2% logz-ratio=382750.10+/-0.15 dlogz:1926.876>0.01]12200it [1:34:46,  1.15s/it, bound:669 nc:  1 ncall:5.3e+06 eff:0.2% logz-ratio=382971.10+/-0.24 dlogz:1705.036>0.01]12200it [1:35:00,  1.15s/it, bound:669 nc:  1 ncall:5.3e+06 eff:0.2% logz-ratio=384669.58+/-0.29 dlogz:1.099>0.01]   12201it [1:35:08,  2.04s/it, bound:669 nc:276 ncall:5.3e+06 eff:0.2% logz-ratio=382761.57+/-0.12 dlogz:1915.201>0.01]12212it [1:35:08,  1.23s/it, bound:669 nc:  1 ncall:5.3e+06 eff:0.2% logz-ratio=382896.85+/-0.25 dlogz:1779.427>0.01]12215it [1:35:20,  1.23s/it, bound:670 nc:311 ncall:5.3e+06 eff:0.2% logz-ratio=382775.72+/-0.25 dlogz:1903.916>0.01]12216it [1:35:47,  2.67s/it, bound:670 nc:507 ncall:5.3e+06 eff:0.2% logz-ratio=382777.26+/-0.25 dlogz:1900.735>0.01]12224it [1:35:47,  1.79s/it, bound:670 nc:  1 ncall:5.3e+06 eff:0.2% logz-ratio=382961.08+/-0.25 dlogz:1715.082>0.01]12231it [1:36:00,  1.79s/it, bound:671 nc:406 ncall:5.3e+06 eff:0.2% logz-ratio=382802.41+/-0.24 dlogz:1877.399>0.01]12232it [1:36:19,  2.49s/it, bound:671 nc:410 ncall:5.3e+06 eff:0.2% logz-ratio=382803.75+/-0.24 dlogz:1874.010>0.01]12237it [1:36:19,  1.94s/it, bound:671 nc:317 ncall:5.3e+06 eff:0.2% logz-ratio=382806.72+/-0.17 dlogz:1870.355>0.01]12246it [1:36:19,  1.24s/it, bound:671 nc:382 ncall:5.3e+06 eff:0.2% logz-ratio=382815.32+/-0.17 dlogz:1861.739>0.01]12247it [1:36:30,  1.24s/it, bound:672 nc:370 ncall:5.3e+06 eff:0.2% logz-ratio=382815.94+/-0.21 dlogz:1861.071>0.01]12248it [1:36:48,  2.64s/it, bound:672 nc:385 ncall:5.3e+06 eff:0.2% logz-ratio=382816.58+/-0.22 dlogz:1860.447>0.01]12256it [1:36:48,  1.66s/it, bound:672 nc:282 ncall:5.3e+06 eff:0.2% logz-ratio=382825.48+/-0.20 dlogz:1852.100>0.01]12262it [1:37:00,  1.66s/it, bound:673 nc:  1 ncall:5.3e+06 eff:0.2% logz-ratio=384669.45+/-0.30 dlogz:1.099>0.01]   12263it [1:37:17,  2.45s/it, bound:673 nc:336 ncall:5.3e+06 eff:0.2% logz-ratio=382832.38+/-0.18 dlogz:1844.731>0.01]12274it [1:37:17,  1.43s/it, bound:673 nc:302 ncall:5.3e+06 eff:0.2% logz-ratio=382847.47+/-0.20 dlogz:1829.956>0.01]12278it [1:37:30,  1.43s/it, bound:674 nc:297 ncall:5.3e+06 eff:0.2% logz-ratio=382850.45+/-0.18 dlogz:1826.652>0.01]12279it [1:37:44,  2.27s/it, bound:674 nc:326 ncall:5.3e+06 eff:0.2% logz-ratio=382852.15+/-0.24 dlogz:1825.880>0.01]12289it [1:37:44,  1.42s/it, bound:674 nc:  1 ncall:5.3e+06 eff:0.2% logz-ratio=383063.18+/-0.25 dlogz:1612.776>0.01]12294it [1:38:00,  1.42s/it, bound:675 nc:263 ncall:5.3e+06 eff:0.2% logz-ratio=382864.86+/-0.16 dlogz:1812.005>0.01]12295it [1:38:13,  2.26s/it, bound:675 nc:238 ncall:5.3e+06 eff:0.2% logz-ratio=382866.51+/-0.23 dlogz:1811.441>0.01]12306it [1:38:14,  1.38s/it, bound:675 nc:329 ncall:5.3e+06 eff:0.2% logz-ratio=382884.49+/-0.22 dlogz:1793.502>0.01]12310it [1:38:30,  1.38s/it, bound:676 nc:317 ncall:5.3e+06 eff:0.2% logz-ratio=382890.37+/-0.20 dlogz:1786.950>0.01]12311it [1:38:48,  2.51s/it, bound:676 nc:334 ncall:5.3e+06 eff:0.2% logz-ratio=382892.37+/-0.24 dlogz:1785.895>0.01]12320it [1:38:48,  1.65s/it, bound:676 nc:  1 ncall:5.3e+06 eff:0.2% logz-ratio=383643.71+/-0.26 dlogz:1031.052>0.01]12326it [1:39:00,  1.65s/it, bound:677 nc:  1 ncall:5.3e+06 eff:0.2% logz-ratio=384669.32+/-0.37 dlogz:1.099>0.01]   12327it [1:39:25,  2.63s/it, bound:677 nc:429 ncall:5.3e+06 eff:0.2% logz-ratio=382907.50+/-0.23 dlogz:1770.720>0.01]12335it [1:39:25,  1.82s/it, bound:677 nc:  1 ncall:5.3e+06 eff:0.2% logz-ratio=383248.37+/-0.25 dlogz:1427.277>0.01]12342it [1:39:40,  1.82s/it, bound:678 nc:412 ncall:5.3e+06 eff:0.2% logz-ratio=382929.98+/-0.18 dlogz:1747.018>0.01]12343it [1:39:58,  2.53s/it, bound:678 nc:333 ncall:5.3e+06 eff:0.2% logz-ratio=382930.62+/-0.21 dlogz:1746.225>0.01]12347it [1:39:58,  2.08s/it, bound:678 nc:  1 ncall:5.3e+06 eff:0.2% logz-ratio=383599.55+/-0.24 dlogz:1075.334>0.01]12355it [1:39:58,  1.38s/it, bound:678 nc:  1 ncall:5.3e+06 eff:0.2% logz-ratio=383175.31+/-0.25 dlogz:1500.459>0.01]12358it [1:40:10,  1.38s/it, bound:679 nc:  1 ncall:5.3e+06 eff:0.2% logz-ratio=384669.26+/-0.49 dlogz:1.099>0.01]   12359it [1:40:30,  2.65s/it, bound:679 nc:273 ncall:5.3e+06 eff:0.2% logz-ratio=382947.75+/-0.24 dlogz:1731.103>0.01]12369it [1:40:30,  1.57s/it, bound:679 nc:  1 ncall:5.3e+06 eff:0.2% logz-ratio=382970.79+/-0.24 dlogz:1705.334>0.01]12373it [1:40:50,  1.57s/it, bound:680 nc:403 ncall:5.3e+06 eff:0.2% logz-ratio=382965.26+/-0.16 dlogz:1711.432>0.01]12374it [1:41:00,  2.57s/it, bound:680 nc:357 ncall:5.3e+06 eff:0.2% logz-ratio=382965.65+/-0.19 dlogz:1710.880>0.01]12379it [1:41:00,  1.95s/it, bound:680 nc:  1 ncall:5.3e+06 eff:0.2% logz-ratio=383461.86+/-0.25 dlogz:1213.330>0.01]12387it [1:41:00,  1.25s/it, bound:680 nc:  1 ncall:5.3e+06 eff:0.2% logz-ratio=383353.17+/-0.25 dlogz:1322.250>0.01]12389it [1:41:20,  1.25s/it, bound:681 nc:343 ncall:5.3e+06 eff:0.2% logz-ratio=382976.62+/-0.21 dlogz:1700.023>0.01]12390it [1:41:34,  2.87s/it, bound:681 nc:279 ncall:5.3e+06 eff:0.2% logz-ratio=382977.15+/-0.22 dlogz:1699.487>0.01]12400it [1:41:34,  1.63s/it, bound:681 nc:  1 ncall:5.3e+06 eff:0.2% logz-ratio=383387.19+/-0.25 dlogz:1288.142>0.01]12405it [1:41:50,  1.63s/it, bound:682 nc:343 ncall:5.3e+06 eff:0.2% logz-ratio=382997.61+/-0.16 dlogz:1679.025>0.01]12406it [1:42:12,  2.89s/it, bound:682 nc:439 ncall:5.3e+06 eff:0.2% logz-ratio=382998.34+/-0.21 dlogz:1678.463>0.01]12410it [1:42:12,  2.30s/it, bound:682 nc:  1 ncall:5.4e+06 eff:0.2% logz-ratio=383843.12+/-0.27 dlogz:831.161>0.01] 12417it [1:42:12,  1.52s/it, bound:682 nc:  1 ncall:5.4e+06 eff:0.2% logz-ratio=383279.20+/-0.25 dlogz:1396.372>0.01]12421it [1:42:30,  1.52s/it, bound:683 nc:320 ncall:5.4e+06 eff:0.2% logz-ratio=383007.12+/-0.15 dlogz:1691.717>0.01]12422it [1:42:45,  2.85s/it, bound:683 nc:290 ncall:5.4e+06 eff:0.2% logz-ratio=383007.57+/-0.19 dlogz:1691.240>0.01]12433it [1:42:45,  1.58s/it, bound:683 nc:365 ncall:5.4e+06 eff:0.2% logz-ratio=383014.32+/-0.16 dlogz:1684.570>0.01]12437it [1:43:00,  1.58s/it, bound:684 nc:365 ncall:5.4e+06 eff:0.2% logz-ratio=383018.92+/-0.24 dlogz:1680.333>0.01]12438it [1:43:16,  2.59s/it, bound:684 nc:405 ncall:5.4e+06 eff:0.2% logz-ratio=383019.69+/-0.24 dlogz:1679.406>0.01]12439it [1:43:25,  2.96s/it, bound:684 nc:327 ncall:5.4e+06 eff:0.2% logz-ratio=383020.45+/-0.18 dlogz:1678.630>0.01]12452it [1:43:25,  1.40s/it, bound:685 nc:  1 ncall:5.4e+06 eff:0.2% logz-ratio=383213.44+/-0.24 dlogz:1484.575>0.01]12452it [1:43:40,  1.40s/it, bound:685 nc:  1 ncall:5.4e+06 eff:0.2% logz-ratio=384691.39+/-0.39 dlogz:1.099>0.01]   12453it [1:43:52,  2.85s/it, bound:685 nc:256 ncall:5.4e+06 eff:0.2% logz-ratio=383044.84+/-0.20 dlogz:1654.588>0.01]12464it [1:43:53,  1.53s/it, bound:685 nc:309 ncall:5.4e+06 eff:0.2% logz-ratio=383054.93+/-0.20 dlogz:1644.360>0.01]12468it [1:44:10,  1.53s/it, bound:686 nc:289 ncall:5.4e+06 eff:0.2% logz-ratio=383058.67+/-0.20 dlogz:1640.634>0.01]12469it [1:44:19,  2.42s/it, bound:686 nc:257 ncall:5.4e+06 eff:0.2% logz-ratio=383059.53+/-0.23 dlogz:1639.598>0.01]12482it [1:44:19,  1.30s/it, bound:686 nc:  1 ncall:5.4e+06 eff:0.2% logz-ratio=383144.64+/-0.25 dlogz:1553.493>0.01]12483it [1:44:30,  1.30s/it, bound:687 nc:272 ncall:5.4e+06 eff:0.2% logz-ratio=383073.31+/-0.16 dlogz:1625.467>0.01]12484it [1:44:45,  2.34s/it, bound:687 nc:291 ncall:5.4e+06 eff:0.2% logz-ratio=383073.73+/-0.19 dlogz:1624.926>0.01]12494it [1:44:45,  1.41s/it, bound:687 nc:  1 ncall:5.4e+06 eff:0.2% logz-ratio=384565.04+/-0.16 dlogz:128.342>0.01] 12499it [1:45:00,  1.41s/it, bound:688 nc:292 ncall:5.4e+06 eff:0.2% logz-ratio=383094.54+/-0.16 dlogz:1604.260>0.01]12500it [1:45:08,  2.03s/it, bound:688 nc:319 ncall:5.4e+06 eff:0.2% logz-ratio=383095.31+/-0.21 dlogz:1603.659>0.01]12507it [1:45:08,  1.43s/it, bound:688 nc:  1 ncall:5.4e+06 eff:0.2% logz-ratio=383845.20+/-0.25 dlogz:851.352>0.01] 12514it [1:45:20,  1.43s/it, bound:689 nc:178 ncall:5.4e+06 eff:0.2% logz-ratio=383117.06+/-0.25 dlogz:1582.611>0.01]12515it [1:45:38,  2.22s/it, bound:689 nc:330 ncall:5.4e+06 eff:0.2% logz-ratio=383118.66+/-0.25 dlogz:1581.109>0.01]12521it [1:45:39,  1.65s/it, bound:689 nc:  1 ncall:5.4e+06 eff:0.2% logz-ratio=384184.35+/-0.22 dlogz:510.963>0.01] 12529it [1:45:50,  1.65s/it, bound:690 nc:429 ncall:5.4e+06 eff:0.2% logz-ratio=383142.87+/-0.25 dlogz:1557.837>0.01]12530it [1:46:06,  2.16s/it, bound:690 nc:345 ncall:5.4e+06 eff:0.2% logz-ratio=383143.96+/-0.25 dlogz:1555.272>0.01]12538it [1:46:06,  1.49s/it, bound:690 nc:312 ncall:5.4e+06 eff:0.2% logz-ratio=383151.06+/-0.23 dlogz:1548.913>0.01]12545it [1:46:20,  1.49s/it, bound:691 nc:375 ncall:5.4e+06 eff:0.2% logz-ratio=383156.06+/-0.11 dlogz:1542.314>0.01]12546it [1:46:28,  1.88s/it, bound:691 nc:300 ncall:5.4e+06 eff:0.2% logz-ratio=383157.45+/-0.22 dlogz:1542.055>0.01]12556it [1:46:28,  1.21s/it, bound:691 nc:  1 ncall:5.4e+06 eff:0.2% logz-ratio=383213.97+/-0.24 dlogz:1484.036>0.01]12560it [1:46:40,  1.21s/it, bound:691 nc:265 ncall:5.4e+06 eff:0.2% logz-ratio=383173.71+/-0.25 dlogz:1525.793>0.01]12561it [1:46:54,  2.02s/it, bound:692 nc:511 ncall:5.4e+06 eff:0.2% logz-ratio=383174.90+/-0.25 dlogz:1524.365>0.01]12566it [1:46:55,  1.57s/it, bound:692 nc:239 ncall:5.4e+06 eff:0.2% logz-ratio=383185.25+/-0.18 dlogz:1513.604>0.01]12574it [1:46:55,  1.04s/it, bound:692 nc:237 ncall:5.4e+06 eff:0.2% logz-ratio=383194.59+/-0.21 dlogz:1504.733>0.01]12575it [1:47:10,  1.04s/it, bound:693 nc:288 ncall:5.4e+06 eff:0.2% logz-ratio=383195.43+/-0.23 dlogz:1503.466>0.01]12576it [1:47:15,  2.02s/it, bound:693 nc:221 ncall:5.4e+06 eff:0.2% logz-ratio=383196.02+/-0.24 dlogz:1502.621>0.01]12591it [1:47:15,  1.07it/s, bound:694 nc:  1 ncall:5.4e+06 eff:0.2% logz-ratio=383250.10+/-0.25 dlogz:1447.824>0.01]12591it [1:47:30,  1.07it/s, bound:694 nc:  1 ncall:5.4e+06 eff:0.2% logz-ratio=384691.11+/-0.39 dlogz:1.099>0.01]   12592it [1:47:41,  2.15s/it, bound:694 nc:324 ncall:5.4e+06 eff:0.2% logz-ratio=383211.54+/-0.15 dlogz:1486.970>0.01]12604it [1:47:41,  1.18s/it, bound:694 nc:275 ncall:5.4e+06 eff:0.2% logz-ratio=383221.35+/-0.17 dlogz:1477.309>0.01]12607it [1:48:00,  1.18s/it, bound:695 nc:  1 ncall:5.4e+06 eff:0.2% logz-ratio=384691.08+/-0.39 dlogz:1.099>0.01]   12608it [1:48:05,  2.06s/it, bound:695 nc:238 ncall:5.4e+06 eff:0.2% logz-ratio=383222.81+/-0.12 dlogz:1475.446>0.01]12619it [1:48:05,  1.21s/it, bound:695 nc:321 ncall:5.4e+06 eff:0.2% logz-ratio=383230.82+/-0.14 dlogz:1467.576>0.01]12622it [1:48:20,  1.21s/it, bound:696 nc:  1 ncall:5.4e+06 eff:0.2% logz-ratio=384691.05+/-0.39 dlogz:1.099>0.01]   12623it [1:48:31,  2.11s/it, bound:696 nc:290 ncall:5.4e+06 eff:0.2% logz-ratio=383232.91+/-0.17 dlogz:1465.711>0.01]12634it [1:48:31,  1.25s/it, bound:696 nc:  1 ncall:5.4e+06 eff:0.2% logz-ratio=383786.36+/-0.25 dlogz:910.254>0.01] 12638it [1:48:50,  1.25s/it, bound:697 nc:184 ncall:5.4e+06 eff:0.2% logz-ratio=383253.11+/-0.25 dlogz:1446.127>0.01]12639it [1:48:59,  2.17s/it, bound:697 nc:215 ncall:5.4e+06 eff:0.2% logz-ratio=383255.04+/-0.25 dlogz:1444.811>0.01]12643it [1:48:59,  1.75s/it, bound:697 nc:  1 ncall:5.4e+06 eff:0.2% logz-ratio=384046.70+/-0.27 dlogz:649.026>0.01] 12652it [1:48:59,  1.09s/it, bound:697 nc:588 ncall:5.4e+06 eff:0.2% logz-ratio=383268.36+/-0.15 dlogz:1430.004>0.01]12653it [1:49:10,  1.09s/it, bound:698 nc:241 ncall:5.4e+06 eff:0.2% logz-ratio=383268.96+/-0.20 dlogz:1429.539>0.01]12654it [1:49:38,  3.06s/it, bound:698 nc:294 ncall:5.4e+06 eff:0.2% logz-ratio=383271.39+/-0.25 dlogz:1428.934>0.01]12661it [1:49:38,  1.99s/it, bound:698 nc:  1 ncall:5.4e+06 eff:0.2% logz-ratio=384011.71+/-0.25 dlogz:684.200>0.01] 12669it [1:49:50,  1.99s/it, bound:699 nc:408 ncall:5.4e+06 eff:0.2% logz-ratio=383285.88+/-0.12 dlogz:1412.295>0.01]12670it [1:50:17,  2.92s/it, bound:699 nc:441 ncall:5.4e+06 eff:0.2% logz-ratio=383287.58+/-0.23 dlogz:1411.984>0.01]12678it [1:50:17,  1.95s/it, bound:699 nc:  1 ncall:5.4e+06 eff:0.2% logz-ratio=383426.71+/-0.25 dlogz:1270.850>0.01]12684it [1:50:30,  1.95s/it, bound:700 nc:432 ncall:5.4e+06 eff:0.2% logz-ratio=383303.20+/-0.20 dlogz:1395.734>0.01]12685it [1:50:58,  3.11s/it, bound:700 nc:425 ncall:5.4e+06 eff:0.2% logz-ratio=383304.05+/-0.23 dlogz:1394.636>0.01]12692it [1:50:58,  2.20s/it, bound:700 nc:  1 ncall:5.4e+06 eff:0.2% logz-ratio=383613.43+/-0.26 dlogz:1083.676>0.01]12700it [1:50:59,  1.49s/it, bound:701 nc:476 ncall:5.4e+06 eff:0.2% logz-ratio=383318.53+/-0.24 dlogz:1381.298>0.01]12700it [1:51:10,  1.49s/it, bound:701 nc:476 ncall:5.4e+06 eff:0.2% logz-ratio=383318.53+/-0.24 dlogz:1381.298>0.01]12701it [1:51:31,  3.18s/it, bound:701 nc:389 ncall:5.4e+06 eff:0.2% logz-ratio=383322.41+/-0.25 dlogz:1379.274>0.01]12712it [1:51:31,  1.71s/it, bound:701 nc:  1 ncall:5.4e+06 eff:0.2% logz-ratio=383352.91+/-0.25 dlogz:1344.814>0.01]12716it [1:51:50,  1.71s/it, bound:702 nc:380 ncall:5.4e+06 eff:0.2% logz-ratio=383333.14+/-0.15 dlogz:1365.126>0.01]12717it [1:51:59,  2.62s/it, bound:702 nc:350 ncall:5.4e+06 eff:0.2% logz-ratio=383333.61+/-0.19 dlogz:1364.632>0.01]12726it [1:51:59,  1.64s/it, bound:702 nc:  1 ncall:5.5e+06 eff:0.2% logz-ratio=383661.19+/-0.25 dlogz:1035.765>0.01]12732it [1:52:10,  1.64s/it, bound:703 nc:247 ncall:5.5e+06 eff:0.2% logz-ratio=383345.89+/-0.19 dlogz:1352.293>0.01]12733it [1:52:23,  2.18s/it, bound:703 nc:329 ncall:5.5e+06 eff:0.2% logz-ratio=383346.56+/-0.22 dlogz:1351.845>0.01]12746it [1:52:24,  1.23s/it, bound:703 nc:  1 ncall:5.5e+06 eff:0.2% logz-ratio=383387.59+/-0.25 dlogz:1310.059>0.01]12747it [1:52:40,  1.23s/it, bound:704 nc:328 ncall:5.5e+06 eff:0.2% logz-ratio=383358.24+/-0.17 dlogz:1340.140>0.01]12748it [1:53:00,  2.73s/it, bound:704 nc:399 ncall:5.5e+06 eff:0.2% logz-ratio=383358.77+/-0.21 dlogz:1339.467>0.01]12753it [1:53:00,  2.08s/it, bound:704 nc:412 ncall:5.5e+06 eff:0.2% logz-ratio=383361.03+/-0.16 dlogz:1337.262>0.01]12762it [1:53:00,  1.30s/it, bound:704 nc:382 ncall:5.5e+06 eff:0.2% logz-ratio=383370.16+/-0.18 dlogz:1328.234>0.01]12763it [1:53:20,  1.30s/it, bound:705 nc:415 ncall:5.5e+06 eff:0.2% logz-ratio=383370.70+/-0.21 dlogz:1327.516>0.01]12764it [1:53:31,  2.79s/it, bound:705 nc:307 ncall:5.5e+06 eff:0.2% logz-ratio=383371.20+/-0.22 dlogz:1326.972>0.01]12765it [1:53:41,  3.33s/it, bound:705 nc:305 ncall:5.5e+06 eff:0.2% logz-ratio=383372.77+/-0.22 dlogz:1326.473>0.01]12778it [1:53:41,  1.44s/it, bound:705 nc:  1 ncall:5.5e+06 eff:0.2% logz-ratio=383485.96+/-0.25 dlogz:1211.446>0.01]12779it [1:54:00,  1.44s/it, bound:706 nc:186 ncall:5.5e+06 eff:0.2% logz-ratio=383388.36+/-0.19 dlogz:1310.118>0.01]12780it [1:54:14,  3.07s/it, bound:706 nc:366 ncall:5.5e+06 eff:0.2% logz-ratio=383389.59+/-0.23 dlogz:1309.279>0.01]12790it [1:54:14,  1.72s/it, bound:706 nc:361 ncall:5.5e+06 eff:0.2% logz-ratio=383396.45+/-0.15 dlogz:1301.682>0.01]12794it [1:54:30,  1.72s/it, bound:707 nc:340 ncall:5.5e+06 eff:0.2% logz-ratio=383400.02+/-0.25 dlogz:1300.054>0.01]12795it [1:54:43,  2.70s/it, bound:707 nc:281 ncall:5.5e+06 eff:0.2% logz-ratio=383401.27+/-0.25 dlogz:1297.597>0.01]12807it [1:54:43,  1.49s/it, bound:707 nc:  1 ncall:5.5e+06 eff:0.2% logz-ratio=383434.03+/-0.25 dlogz:1263.505>0.01]12810it [1:55:00,  1.49s/it, bound:708 nc:283 ncall:5.5e+06 eff:0.2% logz-ratio=383417.56+/-0.24 dlogz:1280.893>0.01]12811it [1:55:14,  2.59s/it, bound:708 nc:222 ncall:5.5e+06 eff:0.2% logz-ratio=383418.07+/-0.24 dlogz:1280.024>0.01]12815it [1:55:14,  2.07s/it, bound:708 nc:  1 ncall:5.5e+06 eff:0.2% logz-ratio=384001.95+/-0.27 dlogz:693.967>0.01] 12824it [1:55:14,  1.26s/it, bound:708 nc:344 ncall:5.5e+06 eff:0.2% logz-ratio=383426.64+/-0.21 dlogz:1271.469>0.01]12826it [1:55:30,  1.26s/it, bound:709 nc:  1 ncall:5.5e+06 eff:0.2% logz-ratio=384690.64+/-0.37 dlogz:1.097>0.01]   12827it [1:55:48,  2.86s/it, bound:709 nc:371 ncall:5.5e+06 eff:0.2% logz-ratio=383429.74+/-0.22 dlogz:1269.185>0.01]12837it [1:55:48,  1.64s/it, bound:709 nc:  1 ncall:5.5e+06 eff:0.2% logz-ratio=383779.29+/-0.25 dlogz:917.342>0.01] 12842it [1:56:00,  1.64s/it, bound:710 nc:294 ncall:5.5e+06 eff:0.2% logz-ratio=383444.12+/-0.16 dlogz:1253.941>0.01]12843it [1:56:18,  2.52s/it, bound:710 nc:356 ncall:5.5e+06 eff:0.2% logz-ratio=383444.61+/-0.20 dlogz:1253.399>0.01]12848it [1:56:18,  1.91s/it, bound:710 nc:  1 ncall:5.5e+06 eff:0.2% logz-ratio=383944.08+/-0.25 dlogz:752.048>0.01] 12856it [1:56:18,  1.24s/it, bound:710 nc:  1 ncall:5.5e+06 eff:0.2% logz-ratio=383602.46+/-0.25 dlogz:1094.661>0.01]12858it [1:56:30,  1.24s/it, bound:711 nc:254 ncall:5.5e+06 eff:0.2% logz-ratio=383457.48+/-0.24 dlogz:1241.246>0.01]12859it [1:56:55,  2.99s/it, bound:711 nc:381 ncall:5.5e+06 eff:0.2% logz-ratio=383458.97+/-0.25 dlogz:1240.005>0.01]12869it [1:56:55,  1.70s/it, bound:711 nc:349 ncall:5.5e+06 eff:0.2% logz-ratio=383467.16+/-0.14 dlogz:1230.725>0.01]12874it [1:57:10,  1.70s/it, bound:712 nc:  1 ncall:5.5e+06 eff:0.2% logz-ratio=384735.57+/-0.37 dlogz:1.099>0.01]   12875it [1:57:26,  2.67s/it, bound:712 nc:318 ncall:5.5e+06 eff:0.2% logz-ratio=383470.56+/-0.17 dlogz:1272.575>0.01]12886it [1:57:26,  1.57s/it, bound:712 nc:  1 ncall:5.5e+06 eff:0.2% logz-ratio=383875.66+/-0.26 dlogz:865.749>0.01] 12890it [1:57:40,  1.57s/it, bound:713 nc:  1 ncall:5.5e+06 eff:0.2% logz-ratio=384735.54+/-0.39 dlogz:1.099>0.01]  12891it [1:57:55,  2.43s/it, bound:713 nc:325 ncall:5.5e+06 eff:0.2% logz-ratio=383483.25+/-0.23 dlogz:1261.001>0.01]12902it [1:57:55,  1.46s/it, bound:713 nc:  1 ncall:5.5e+06 eff:0.2% logz-ratio=383594.97+/-0.25 dlogz:1147.198>0.01]12905it [1:58:10,  1.46s/it, bound:713 nc:213 ncall:5.5e+06 eff:0.2% logz-ratio=383497.71+/-0.24 dlogz:1245.988>0.01]12906it [1:58:28,  2.63s/it, bound:714 nc:605 ncall:5.5e+06 eff:0.2% logz-ratio=383498.74+/-0.25 dlogz:1244.711>0.01]12914it [1:58:28,  1.77s/it, bound:714 nc:  1 ncall:5.5e+06 eff:0.2% logz-ratio=383586.05+/-0.25 dlogz:1156.156>0.01]12921it [1:58:40,  1.77s/it, bound:715 nc:  1 ncall:5.5e+06 eff:0.2% logz-ratio=384735.48+/-0.38 dlogz:1.099>0.01]   12922it [1:58:59,  2.46s/it, bound:715 nc:365 ncall:5.5e+06 eff:0.2% logz-ratio=383512.43+/-0.15 dlogz:1230.434>0.01]12931it [1:58:59,  1.63s/it, bound:715 nc:  1 ncall:5.5e+06 eff:0.2% logz-ratio=383771.88+/-0.26 dlogz:969.808>0.01] 12937it [1:59:10,  1.63s/it, bound:716 nc:284 ncall:5.5e+06 eff:0.2% logz-ratio=383521.02+/-0.24 dlogz:1223.502>0.01]12938it [1:59:29,  2.35s/it, bound:716 nc:294 ncall:5.5e+06 eff:0.2% logz-ratio=383522.24+/-0.25 dlogz:1221.335>0.01]12947it [1:59:29,  1.57s/it, bound:716 nc:  1 ncall:5.5e+06 eff:0.2% logz-ratio=383997.69+/-0.25 dlogz:743.274>0.01] 12952it [1:59:40,  1.57s/it, bound:716 nc:285 ncall:5.5e+06 eff:0.2% logz-ratio=383534.49+/-0.20 dlogz:1208.857>0.01]12953it [1:59:57,  2.31s/it, bound:717 nc:554 ncall:5.5e+06 eff:0.2% logz-ratio=383535.26+/-0.23 dlogz:1207.835>0.01]12958it [1:59:57,  1.80s/it, bound:717 nc:  1 ncall:5.5e+06 eff:0.2% logz-ratio=384420.08+/-0.31 dlogz:318.905>0.01] 12966it [1:59:57,  1.20s/it, bound:717 nc:276 ncall:5.5e+06 eff:0.2% logz-ratio=383543.21+/-0.16 dlogz:1199.611>0.01]12968it [2:00:10,  1.20s/it, bound:718 nc:248 ncall:5.5e+06 eff:0.2% logz-ratio=383545.28+/-0.24 dlogz:1198.617>0.01]12969it [2:00:26,  2.45s/it, bound:718 nc:291 ncall:5.5e+06 eff:0.2% logz-ratio=383546.42+/-0.25 dlogz:1197.010>0.01]12978it [2:00:26,  1.48s/it, bound:718 nc:284 ncall:5.5e+06 eff:0.2% logz-ratio=383558.34+/-0.17 dlogz:1184.609>0.01]12984it [2:00:40,  1.48s/it, bound:719 nc:338 ncall:5.5e+06 eff:0.2% logz-ratio=383562.60+/-0.24 dlogz:1180.446>0.01]12985it [2:01:04,  2.72s/it, bound:719 nc:419 ncall:5.5e+06 eff:0.2% logz-ratio=383563.15+/-0.24 dlogz:1179.664>0.01]12988it [2:01:05,  2.30s/it, bound:719 nc:  1 ncall:5.5e+06 eff:0.2% logz-ratio=384167.02+/-0.28 dlogz:573.276>0.01] 12995it [2:01:05,  1.51s/it, bound:719 nc:349 ncall:5.5e+06 eff:0.2% logz-ratio=383570.29+/-0.22 dlogz:1173.299>0.01]12999it [2:01:20,  1.51s/it, bound:720 nc:354 ncall:5.5e+06 eff:0.2% logz-ratio=383572.86+/-0.19 dlogz:1169.798>0.01]13000it [2:01:38,  2.87s/it, bound:720 nc:351 ncall:5.5e+06 eff:0.2% logz-ratio=383573.25+/-0.21 dlogz:1169.372>0.01]13006it [2:01:38,  1.99s/it, bound:720 nc:  1 ncall:5.5e+06 eff:0.2% logz-ratio=384277.89+/-0.27 dlogz:461.898>0.01] 13014it [2:01:50,  1.99s/it, bound:721 nc:402 ncall:5.5e+06 eff:0.2% logz-ratio=383586.32+/-0.19 dlogz:1156.350>0.01]13015it [2:02:08,  2.50s/it, bound:721 nc:312 ncall:5.5e+06 eff:0.2% logz-ratio=383587.19+/-0.23 dlogz:1155.878>0.01]13020it [2:02:08,  1.91s/it, bound:721 nc:  1 ncall:5.5e+06 eff:0.2% logz-ratio=384098.24+/-0.27 dlogz:642.394>0.01] 13027it [2:02:08,  1.29s/it, bound:721 nc:  1 ncall:5.6e+06 eff:0.2% logz-ratio=383794.89+/-0.25 dlogz:946.723>0.01]13030it [2:02:20,  1.29s/it, bound:722 nc:  1 ncall:5.6e+06 eff:0.2% logz-ratio=384735.26+/-0.37 dlogz:1.099>0.01]  13031it [2:02:39,  2.63s/it, bound:722 nc:318 ncall:5.6e+06 eff:0.2% logz-ratio=383596.80+/-0.19 dlogz:1146.221>0.01]13041it [2:02:39,  1.51s/it, bound:722 nc:  1 ncall:5.6e+06 eff:0.2% logz-ratio=383911.79+/-0.26 dlogz:829.479>0.01] 13046it [2:02:50,  1.51s/it, bound:723 nc:316 ncall:5.6e+06 eff:0.2% logz-ratio=383607.89+/-0.15 dlogz:1134.731>0.01]13047it [2:03:06,  2.32s/it, bound:723 nc:336 ncall:5.6e+06 eff:0.2% logz-ratio=383609.16+/-0.23 dlogz:1134.244>0.01]13053it [2:03:06,  1.68s/it, bound:723 nc:305 ncall:5.6e+06 eff:0.2% logz-ratio=383615.23+/-0.21 dlogz:1128.108>0.01]13061it [2:03:20,  1.68s/it, bound:724 nc:322 ncall:5.6e+06 eff:0.2% logz-ratio=383625.53+/-0.25 dlogz:1118.783>0.01]13062it [2:03:31,  2.10s/it, bound:724 nc:243 ncall:5.6e+06 eff:0.2% logz-ratio=383626.65+/-0.25 dlogz:1116.576>0.01]13071it [2:03:31,  1.38s/it, bound:724 nc:  1 ncall:5.6e+06 eff:0.2% logz-ratio=384476.83+/-0.34 dlogz:261.522>0.01] 13076it [2:03:50,  1.38s/it, bound:725 nc:264 ncall:5.6e+06 eff:0.2% logz-ratio=383635.80+/-0.13 dlogz:1106.625>0.01]13077it [2:04:06,  2.48s/it, bound:725 nc:373 ncall:5.6e+06 eff:0.2% logz-ratio=383636.08+/-0.17 dlogz:1106.279>0.01]13079it [2:04:11,  2.47s/it, bound:725 nc:434 ncall:5.6e+06 eff:0.2% logz-ratio=383637.08+/-0.18 dlogz:1105.736>0.01]13087it [2:04:11,  1.55s/it, bound:725 nc:  1 ncall:5.6e+06 eff:0.2% logz-ratio=384692.17+/-nan dlogz:44.357>0.01]   13091it [2:04:30,  1.55s/it, bound:726 nc:300 ncall:5.6e+06 eff:0.2% logz-ratio=383646.68+/-0.20 dlogz:1095.876>0.01]13092it [2:04:44,  2.82s/it, bound:726 nc:384 ncall:5.6e+06 eff:0.2% logz-ratio=383647.08+/-0.22 dlogz:1095.368>0.01]13099it [2:04:44,  1.88s/it, bound:726 nc:  1 ncall:5.6e+06 eff:0.2% logz-ratio=383716.39+/-0.25 dlogz:1025.452>0.01]13107it [2:04:45,  1.22s/it, bound:727 nc:388 ncall:5.6e+06 eff:0.2% logz-ratio=383656.21+/-0.16 dlogz:1086.342>0.01]13107it [2:05:00,  1.22s/it, bound:727 nc:388 ncall:5.6e+06 eff:0.2% logz-ratio=383656.21+/-0.16 dlogz:1086.342>0.01]13108it [2:05:11,  2.69s/it, bound:727 nc:296 ncall:5.6e+06 eff:0.2% logz-ratio=383656.97+/-0.21 dlogz:1085.808>0.01]13118it [2:05:11,  1.46s/it, bound:727 nc:  1 ncall:5.6e+06 eff:0.2% logz-ratio=383932.22+/-0.25 dlogz:808.979>0.01] 13123it [2:05:30,  1.46s/it, bound:728 nc:369 ncall:5.6e+06 eff:0.2% logz-ratio=383663.57+/-0.19 dlogz:1079.245>0.01]13124it [2:05:43,  2.55s/it, bound:728 nc:392 ncall:5.6e+06 eff:0.2% logz-ratio=383664.31+/-0.22 dlogz:1078.418>0.01]13131it [2:05:43,  1.74s/it, bound:728 nc:393 ncall:5.6e+06 eff:0.2% logz-ratio=383669.71+/-0.15 dlogz:1072.750>0.01]13138it [2:06:00,  1.74s/it, bound:729 nc:385 ncall:5.6e+06 eff:0.2% logz-ratio=383675.03+/-0.19 dlogz:1067.391>0.01]13139it [2:06:17,  2.60s/it, bound:729 nc:193 ncall:5.6e+06 eff:0.2% logz-ratio=383675.46+/-0.21 dlogz:1066.926>0.01]13143it [2:06:17,  2.09s/it, bound:729 nc:  1 ncall:5.6e+06 eff:0.2% logz-ratio=384098.53+/-0.26 dlogz:642.121>0.01] 13150it [2:06:17,  1.41s/it, bound:729 nc:  1 ncall:5.6e+06 eff:0.2% logz-ratio=383734.87+/-0.25 dlogz:1006.917>0.01]13154it [2:06:30,  1.41s/it, bound:730 nc:317 ncall:5.6e+06 eff:0.2% logz-ratio=383684.08+/-0.15 dlogz:1058.279>0.01]13155it [2:06:46,  2.52s/it, bound:730 nc:216 ncall:5.6e+06 eff:0.2% logz-ratio=383684.61+/-0.20 dlogz:1057.838>0.01]13166it [2:06:46,  1.41s/it, bound:730 nc:302 ncall:5.6e+06 eff:0.2% logz-ratio=383691.75+/-0.18 dlogz:1062.983>0.01]13170it [2:07:00,  1.41s/it, bound:731 nc:271 ncall:5.6e+06 eff:0.2% logz-ratio=383694.47+/-0.19 dlogz:1060.430>0.01]13171it [2:07:19,  2.56s/it, bound:731 nc:324 ncall:5.6e+06 eff:0.2% logz-ratio=383696.43+/-0.25 dlogz:1059.553>0.01]13179it [2:07:19,  1.70s/it, bound:731 nc:  1 ncall:5.6e+06 eff:0.2% logz-ratio=384035.28+/-0.25 dlogz:717.675>0.01] 13185it [2:07:30,  1.70s/it, bound:732 nc:  1 ncall:5.6e+06 eff:0.2% logz-ratio=384747.08+/-0.44 dlogz:1.099>0.01]  13186it [2:07:52,  2.60s/it, bound:732 nc:317 ncall:5.6e+06 eff:0.2% logz-ratio=383706.32+/-0.21 dlogz:1048.845>0.01]13194it [2:07:52,  1.76s/it, bound:732 nc:  1 ncall:5.6e+06 eff:0.2% logz-ratio=384033.35+/-0.26 dlogz:719.625>0.01] 13201it [2:08:10,  1.76s/it, bound:733 nc:374 ncall:5.6e+06 eff:0.2% logz-ratio=383720.39+/-0.22 dlogz:1033.966>0.01]13202it [2:08:34,  2.84s/it, bound:733 nc:520 ncall:5.6e+06 eff:0.2% logz-ratio=383720.72+/-0.23 dlogz:1033.570>0.01]13208it [2:08:34,  2.12s/it, bound:733 nc:  1 ncall:5.6e+06 eff:0.2% logz-ratio=383915.04+/-0.25 dlogz:838.359>0.01] 13216it [2:08:50,  2.12s/it, bound:734 nc:381 ncall:5.6e+06 eff:0.2% logz-ratio=383728.82+/-0.19 dlogz:1025.566>0.01]13217it [2:09:31,  3.63s/it, bound:734 nc:488 ncall:5.6e+06 eff:0.2% logz-ratio=383729.42+/-0.22 dlogz:1025.111>0.01]13222it [2:09:31,  2.84s/it, bound:734 nc:608 ncall:5.6e+06 eff:0.2% logz-ratio=383734.09+/-0.18 dlogz:1020.596>0.01]13229it [2:09:32,  1.98s/it, bound:734 nc:611 ncall:5.6e+06 eff:0.2% logz-ratio=383740.56+/-0.22 dlogz:1014.352>0.01]13232it [2:09:50,  1.98s/it, bound:735 nc:585 ncall:5.6e+06 eff:0.2% logz-ratio=383743.18+/-0.20 dlogz:1011.709>0.01]13233it [2:10:17,  3.86s/it, bound:735 nc:538 ncall:5.6e+06 eff:0.2% logz-ratio=383744.46+/-0.24 dlogz:1010.722>0.01]13236it [2:10:17,  3.19s/it, bound:735 nc:596 ncall:5.6e+06 eff:0.2% logz-ratio=383746.50+/-0.18 dlogz:1008.081>0.01]13244it [2:10:17,  1.91s/it, bound:735 nc:488 ncall:5.6e+06 eff:0.2% logz-ratio=383752.87+/-0.21 dlogz:1002.240>0.01]13248it [2:10:30,  1.91s/it, bound:736 nc:506 ncall:5.6e+06 eff:0.2% logz-ratio=383756.43+/-0.18 dlogz:998.125>0.01] 13249it [2:11:00,  3.66s/it, bound:736 nc:416 ncall:5.6e+06 eff:0.2% logz-ratio=383757.47+/-0.23 dlogz:997.438>0.01]13259it [2:11:00,  2.09s/it, bound:736 nc:  1 ncall:5.6e+06 eff:0.2% logz-ratio=383842.54+/-0.25 dlogz:911.104>0.01]13264it [2:11:20,  2.09s/it, bound:737 nc:  1 ncall:5.6e+06 eff:0.2% logz-ratio=384746.93+/-0.45 dlogz:1.099>0.01]  13265it [2:11:36,  3.14s/it, bound:737 nc:411 ncall:5.6e+06 eff:0.2% logz-ratio=383766.84+/-0.21 dlogz:988.112>0.01]13270it [2:11:36,  2.38s/it, bound:737 nc:  1 ncall:5.6e+06 eff:0.2% logz-ratio=384237.38+/-0.26 dlogz:514.759>0.01]13277it [2:11:36,  1.61s/it, bound:737 nc:406 ncall:5.6e+06 eff:0.2% logz-ratio=383776.42+/-0.18 dlogz:978.085>0.01]13280it [2:11:50,  1.61s/it, bound:738 nc:290 ncall:5.6e+06 eff:0.2% logz-ratio=383778.50+/-0.17 dlogz:975.929>0.01]13281it [2:12:12,  3.13s/it, bound:738 nc:395 ncall:5.6e+06 eff:0.2% logz-ratio=383779.02+/-0.21 dlogz:975.302>0.01]13288it [2:12:12,  2.05s/it, bound:738 nc:  1 ncall:5.6e+06 eff:0.2% logz-ratio=383795.28+/-0.25 dlogz:958.479>0.01]13295it [2:12:12,  1.38s/it, bound:738 nc:399 ncall:5.7e+06 eff:0.2% logz-ratio=383788.27+/-0.20 dlogz:966.541>0.01]13296it [2:12:30,  1.38s/it, bound:739 nc:400 ncall:5.7e+06 eff:0.2% logz-ratio=383789.42+/-0.24 dlogz:965.506>0.01]13297it [2:12:45,  3.19s/it, bound:739 nc:376 ncall:5.7e+06 eff:0.2% logz-ratio=383791.33+/-0.25 dlogz:964.351>0.01]13301it [2:12:45,  2.39s/it, bound:739 nc:371 ncall:5.7e+06 eff:0.2% logz-ratio=383793.77+/-0.15 dlogz:960.450>0.01]13309it [2:12:45,  1.39s/it, bound:739 nc:387 ncall:5.7e+06 eff:0.2% logz-ratio=383798.08+/-0.13 dlogz:955.998>0.01]13311it [2:13:00,  1.39s/it, bound:740 nc:  1 ncall:5.7e+06 eff:0.2% logz-ratio=384746.83+/-0.45 dlogz:1.099>0.01]  13312it [2:13:19,  3.23s/it, bound:740 nc:456 ncall:5.7e+06 eff:0.2% logz-ratio=383799.18+/-0.16 dlogz:955.071>0.01]13321it [2:13:20,  1.81s/it, bound:740 nc:353 ncall:5.7e+06 eff:0.2% logz-ratio=383808.96+/-0.18 dlogz:945.459>0.01]13327it [2:13:30,  1.81s/it, bound:741 nc:313 ncall:5.7e+06 eff:0.2% logz-ratio=383811.33+/-0.19 dlogz:942.697>0.01]13328it [2:13:55,  2.87s/it, bound:741 nc:329 ncall:5.7e+06 eff:0.2% logz-ratio=383811.84+/-0.22 dlogz:942.381>0.01]13331it [2:13:55,  2.40s/it, bound:741 nc:  1 ncall:5.7e+06 eff:0.2% logz-ratio=384222.52+/-0.28 dlogz:529.643>0.01]13337it [2:13:55,  1.63s/it, bound:741 nc:  1 ncall:5.7e+06 eff:0.2% logz-ratio=383902.41+/-0.25 dlogz:851.014>0.01]13343it [2:13:55,  1.12s/it, bound:742 nc:334 ncall:5.7e+06 eff:0.2% logz-ratio=383825.12+/-0.25 dlogz:929.815>0.01]13343it [2:14:10,  1.12s/it, bound:742 nc:  1 ncall:5.7e+06 eff:0.2% logz-ratio=384746.77+/-0.45 dlogz:1.099>0.01]  13344it [2:14:26,  3.20s/it, bound:742 nc:241 ncall:5.7e+06 eff:0.2% logz-ratio=383826.19+/-0.20 dlogz:928.555>0.01]13348it [2:14:38,  3.13s/it, bound:742 nc:399 ncall:5.7e+06 eff:0.2% logz-ratio=383830.14+/-0.20 dlogz:924.587>0.01]13358it [2:15:27,  4.04s/it, bound:743 nc:954 ncall:5.7e+06 eff:0.2% logz-ratio=383839.16+/-0.22 dlogz:915.047>0.01]13365it [2:15:27,  2.69s/it, bound:743 nc:  1 ncall:5.7e+06 eff:0.2% logz-ratio=383855.64+/-0.25 dlogz:897.946>0.01]13372it [2:15:27,  1.83s/it, bound:744 nc:601 ncall:5.7e+06 eff:0.2% logz-ratio=383847.15+/-0.14 dlogz:906.870>0.01]13372it [2:15:40,  1.83s/it, bound:744 nc:601 ncall:5.7e+06 eff:0.2% logz-ratio=383847.15+/-0.14 dlogz:906.870>0.01]13373it [2:16:13,  4.56s/it, bound:744 nc:462 ncall:5.7e+06 eff:0.2% logz-ratio=383847.54+/-0.18 dlogz:906.474>0.01]13378it [2:16:13,  3.16s/it, bound:744 nc:  1 ncall:5.7e+06 eff:0.2% logz-ratio=384640.03+/-0.34 dlogz:109.444>0.01]13385it [2:16:14,  1.97s/it, bound:744 nc:  1 ncall:5.7e+06 eff:0.2% logz-ratio=384250.34+/-0.28 dlogz:501.630>0.01]13388it [2:16:30,  1.97s/it, bound:745 nc:421 ncall:5.7e+06 eff:0.2% logz-ratio=383856.58+/-0.16 dlogz:897.500>0.01]13389it [2:16:57,  4.08s/it, bound:745 nc:486 ncall:5.7e+06 eff:0.2% logz-ratio=383857.11+/-0.20 dlogz:897.006>0.01]13395it [2:16:57,  2.71s/it, bound:745 nc:  1 ncall:5.7e+06 eff:0.2% logz-ratio=383943.82+/-0.25 dlogz:809.484>0.01]13402it [2:16:57,  1.74s/it, bound:745 nc:486 ncall:5.7e+06 eff:0.2% logz-ratio=383864.22+/-0.20 dlogz:889.759>0.01]13404it [2:17:10,  1.74s/it, bound:746 nc:  1 ncall:5.7e+06 eff:0.2% logz-ratio=384746.65+/-0.46 dlogz:1.099>0.01]  13405it [2:17:33,  3.59s/it, bound:746 nc:308 ncall:5.7e+06 eff:0.2% logz-ratio=383867.36+/-0.20 dlogz:887.153>0.01]13413it [2:17:33,  2.13s/it, bound:746 nc:  1 ncall:5.7e+06 eff:0.2% logz-ratio=383911.64+/-0.25 dlogz:841.765>0.01]13420it [2:17:33,  1.42s/it, bound:747 nc:435 ncall:5.7e+06 eff:0.2% logz-ratio=383878.13+/-0.12 dlogz:875.665>0.01]13420it [2:17:50,  1.42s/it, bound:747 nc:435 ncall:5.7e+06 eff:0.2% logz-ratio=383878.13+/-0.12 dlogz:875.665>0.01]13421it [2:18:07,  3.50s/it, bound:747 nc:380 ncall:5.7e+06 eff:0.2% logz-ratio=383878.39+/-0.16 dlogz:875.392>0.01]13425it [2:18:07,  2.57s/it, bound:747 nc:  1 ncall:5.7e+06 eff:0.2% logz-ratio=384410.51+/-0.27 dlogz:457.360>0.01]13432it [2:18:07,  1.54s/it, bound:747 nc:351 ncall:5.7e+06 eff:0.2% logz-ratio=383881.75+/-0.12 dlogz:988.792>0.01]13436it [2:18:20,  1.54s/it, bound:748 nc:438 ncall:5.7e+06 eff:0.2% logz-ratio=383884.78+/-0.23 dlogz:986.232>0.01]13437it [2:18:41,  3.03s/it, bound:748 nc:317 ncall:5.7e+06 eff:0.2% logz-ratio=383885.37+/-0.24 dlogz:985.483>0.01]13444it [2:18:41,  1.92s/it, bound:748 nc:306 ncall:5.7e+06 eff:0.2% logz-ratio=383890.42+/-0.17 dlogz:980.471>0.01]13452it [2:19:00,  1.92s/it, bound:749 nc:245 ncall:5.7e+06 eff:0.2% logz-ratio=383893.91+/-0.18 dlogz:976.793>0.01]13453it [2:19:13,  2.57s/it, bound:749 nc:379 ncall:5.7e+06 eff:0.2% logz-ratio=383894.66+/-0.22 dlogz:976.320>0.01]13461it [2:19:13,  1.71s/it, bound:749 nc:297 ncall:5.7e+06 eff:0.2% logz-ratio=383900.30+/-0.16 dlogz:970.455>0.01]13468it [2:19:30,  1.71s/it, bound:750 nc:  1 ncall:5.7e+06 eff:0.2% logz-ratio=384863.29+/-0.41 dlogz:1.099>0.01]  13469it [2:19:44,  2.42s/it, bound:750 nc:328 ncall:5.7e+06 eff:0.2% logz-ratio=383904.51+/-0.22 dlogz:966.937>0.01]13480it [2:19:44,  1.48s/it, bound:750 nc:388 ncall:5.7e+06 eff:0.2% logz-ratio=383913.34+/-0.16 dlogz:957.327>0.01]13482it [2:20:00,  1.48s/it, bound:751 nc:353 ncall:5.7e+06 eff:0.2% logz-ratio=383914.34+/-0.22 dlogz:956.314>0.01]13483it [2:20:50,  4.17s/it, bound:751 nc:776 ncall:5.7e+06 eff:0.2% logz-ratio=383914.77+/-0.23 dlogz:955.831>0.01]13487it [2:20:50,  3.34s/it, bound:751 nc:  1 ncall:5.7e+06 eff:0.2% logz-ratio=384158.29+/-0.26 dlogz:710.989>0.01]13494it [2:20:50,  2.23s/it, bound:751 nc:836 ncall:5.7e+06 eff:0.2% logz-ratio=383920.56+/-0.18 dlogz:950.259>0.01]13498it [2:21:10,  2.23s/it, bound:752 nc:743 ncall:5.7e+06 eff:0.2% logz-ratio=383923.66+/-0.18 dlogz:947.184>0.01]13499it [2:21:44,  4.43s/it, bound:752 nc:635 ncall:5.7e+06 eff:0.2% logz-ratio=383924.11+/-0.21 dlogz:946.479>0.01]13501it [2:21:44,  3.88s/it, bound:752 nc:  1 ncall:5.7e+06 eff:0.2% logz-ratio=384424.74+/-0.25 dlogz:443.026>0.01]13506it [2:21:45,  2.68s/it, bound:752 nc:733 ncall:5.7e+06 eff:0.2% logz-ratio=383928.94+/-0.20 dlogz:942.115>0.01]13512it [2:21:45,  1.75s/it, bound:752 nc:677 ncall:5.7e+06 eff:0.2% logz-ratio=383932.02+/-0.17 dlogz:938.660>0.01]13514it [2:22:00,  1.75s/it, bound:753 nc:706 ncall:5.7e+06 eff:0.2% logz-ratio=383933.08+/-0.15 dlogz:937.475>0.01]13515it [2:22:31,  4.48s/it, bound:753 nc:541 ncall:5.7e+06 eff:0.2% logz-ratio=383933.47+/-0.19 dlogz:937.029>0.01]13517it [2:22:31,  3.77s/it, bound:753 nc:  1 ncall:5.8e+06 eff:0.2% logz-ratio=384288.73+/-0.26 dlogz:579.827>0.01]13522it [2:22:31,  2.42s/it, bound:753 nc:538 ncall:5.8e+06 eff:0.2% logz-ratio=383938.56+/-0.17 dlogz:932.188>0.01]13526it [2:22:31,  1.72s/it, bound:753 nc:497 ncall:5.8e+06 eff:0.2% logz-ratio=383943.06+/-0.18 dlogz:927.707>0.01]13530it [2:22:31,  1.22s/it, bound:754 nc:584 ncall:5.8e+06 eff:0.2% logz-ratio=383944.34+/-0.12 dlogz:925.983>0.01]13530it [2:22:50,  1.22s/it, bound:754 nc:584 ncall:5.8e+06 eff:0.2% logz-ratio=383944.34+/-0.12 dlogz:925.983>0.01]13531it [2:23:12,  4.96s/it, bound:754 nc:438 ncall:5.8e+06 eff:0.2% logz-ratio=383944.68+/-0.17 dlogz:925.731>0.01]13537it [2:23:12,  2.73s/it, bound:754 nc:  1 ncall:5.8e+06 eff:0.2% logz-ratio=384136.54+/-0.25 dlogz:732.832>0.01]13543it [2:23:12,  1.67s/it, bound:754 nc:  1 ncall:5.8e+06 eff:0.2% logz-ratio=384334.86+/-0.28 dlogz:533.535>0.01]13546it [2:23:30,  1.67s/it, bound:755 nc:  1 ncall:5.8e+06 eff:0.2% logz-ratio=384863.13+/-0.43 dlogz:1.099>0.01]  13547it [2:23:46,  3.49s/it, bound:755 nc:407 ncall:5.8e+06 eff:0.2% logz-ratio=383960.53+/-0.18 dlogz:910.251>0.01]13556it [2:23:46,  1.87s/it, bound:755 nc:381 ncall:5.8e+06 eff:0.2% logz-ratio=383965.46+/-0.12 dlogz:904.832>0.01]13562it [2:24:00,  1.87s/it, bound:756 nc:453 ncall:5.8e+06 eff:0.2% logz-ratio=383966.97+/-0.10 dlogz:903.238>0.01]13563it [2:24:15,  2.67s/it, bound:756 nc:393 ncall:5.8e+06 eff:0.2% logz-ratio=383967.17+/-0.14 dlogz:903.042>0.01]13569it [2:24:15,  1.89s/it, bound:756 nc:345 ncall:5.8e+06 eff:0.2% logz-ratio=383972.31+/-0.16 dlogz:898.215>0.01]13578it [2:24:15,  1.16s/it, bound:757 nc:  1 ncall:5.8e+06 eff:0.2% logz-ratio=384120.49+/-0.26 dlogz:748.982>0.01]13578it [2:24:30,  1.16s/it, bound:757 nc:  1 ncall:5.8e+06 eff:0.2% logz-ratio=384863.07+/-0.43 dlogz:1.099>0.01]  13579it [2:24:40,  2.51s/it, bound:757 nc:347 ncall:5.8e+06 eff:0.2% logz-ratio=383976.92+/-0.14 dlogz:893.456>0.01]13583it [2:24:49,  2.46s/it, bound:757 nc:313 ncall:5.8e+06 eff:0.2% logz-ratio=383980.86+/-0.21 dlogz:890.320>0.01]13594it [2:24:49,  1.25s/it, bound:758 nc:  1 ncall:5.8e+06 eff:0.2% logz-ratio=384025.43+/-0.25 dlogz:844.366>0.01]13594it [2:25:00,  1.25s/it, bound:758 nc:  1 ncall:5.8e+06 eff:0.2% logz-ratio=384863.04+/-0.42 dlogz:1.099>0.01]  13595it [2:25:19,  2.96s/it, bound:758 nc:227 ncall:5.8e+06 eff:0.2% logz-ratio=383988.28+/-0.15 dlogz:882.145>0.01]13606it [2:25:19,  1.52s/it, bound:758 nc:290 ncall:5.8e+06 eff:0.2% logz-ratio=383995.70+/-0.16 dlogz:874.745>0.01]13609it [2:25:30,  1.52s/it, bound:758 nc:  1 ncall:5.8e+06 eff:0.2% logz-ratio=384863.01+/-0.42 dlogz:1.099>0.01]  13610it [2:25:48,  2.67s/it, bound:759 nc:683 ncall:5.8e+06 eff:0.2% logz-ratio=383997.34+/-0.14 dlogz:872.953>0.01]13619it [2:25:48,  1.62s/it, bound:759 nc:  1 ncall:5.8e+06 eff:0.2% logz-ratio=384093.76+/-0.25 dlogz:775.794>0.01]13625it [2:26:00,  1.62s/it, bound:760 nc:301 ncall:5.8e+06 eff:0.2% logz-ratio=384004.27+/-0.22 dlogz:866.187>0.01]13626it [2:26:14,  2.25s/it, bound:760 nc:238 ncall:5.8e+06 eff:0.2% logz-ratio=384005.87+/-0.25 dlogz:865.618>0.01]13639it [2:26:14,  1.25s/it, bound:760 nc:  1 ncall:5.8e+06 eff:0.2% logz-ratio=384055.03+/-0.25 dlogz:814.652>0.01]13640it [2:26:30,  1.25s/it, bound:760 nc:242 ncall:5.8e+06 eff:0.2% logz-ratio=384014.42+/-0.14 dlogz:855.825>0.01]13641it [2:26:52,  2.85s/it, bound:761 nc:707 ncall:5.8e+06 eff:0.2% logz-ratio=384014.75+/-0.18 dlogz:855.437>0.01]13645it [2:26:52,  2.27s/it, bound:761 nc:  1 ncall:5.8e+06 eff:0.2% logz-ratio=384404.43+/-0.26 dlogz:463.504>0.01]13653it [2:26:52,  1.44s/it, bound:761 nc:341 ncall:5.8e+06 eff:0.2% logz-ratio=384019.61+/-0.18 dlogz:850.552>0.01]13656it [2:27:10,  1.44s/it, bound:762 nc:410 ncall:5.8e+06 eff:0.2% logz-ratio=384020.49+/-0.17 dlogz:849.601>0.01]13657it [2:27:26,  2.90s/it, bound:762 nc:340 ncall:5.8e+06 eff:0.2% logz-ratio=384020.75+/-0.19 dlogz:849.331>0.01]13664it [2:27:26,  1.91s/it, bound:762 nc:  1 ncall:5.8e+06 eff:0.2% logz-ratio=384242.63+/-0.25 dlogz:626.162>0.01]13672it [2:27:26,  1.23s/it, bound:763 nc:386 ncall:5.8e+06 eff:0.2% logz-ratio=384027.42+/-0.18 dlogz:842.758>0.01]13672it [2:27:40,  1.23s/it, bound:763 nc:386 ncall:5.8e+06 eff:0.2% logz-ratio=384027.42+/-0.18 dlogz:842.758>0.01]13673it [2:27:55,  2.88s/it, bound:763 nc:398 ncall:5.8e+06 eff:0.2% logz-ratio=384028.43+/-0.23 dlogz:842.373>0.01]13685it [2:27:55,  1.42s/it, bound:763 nc:  1 ncall:5.8e+06 eff:0.2% logz-ratio=384046.91+/-0.25 dlogz:822.790>0.01]13688it [2:28:10,  1.42s/it, bound:764 nc:  1 ncall:5.8e+06 eff:0.2% logz-ratio=384862.85+/-0.44 dlogz:1.099>0.01]  13689it [2:28:25,  2.60s/it, bound:764 nc:273 ncall:5.8e+06 eff:0.2% logz-ratio=384034.80+/-0.15 dlogz:835.380>0.01]13696it [2:28:25,  1.76s/it, bound:764 nc:  1 ncall:5.8e+06 eff:0.2% logz-ratio=384390.63+/-0.25 dlogz:477.443>0.01]13703it [2:28:40,  1.76s/it, bound:765 nc:355 ncall:5.8e+06 eff:0.2% logz-ratio=384042.07+/-0.12 dlogz:827.925>0.01]13704it [2:28:54,  2.42s/it, bound:765 nc:364 ncall:5.8e+06 eff:0.2% logz-ratio=384042.35+/-0.16 dlogz:827.658>0.01]13717it [2:28:54,  1.34s/it, bound:765 nc:  1 ncall:5.8e+06 eff:0.2% logz-ratio=384095.92+/-0.25 dlogz:773.620>0.01]13719it [2:29:10,  1.34s/it, bound:766 nc:295 ncall:5.8e+06 eff:0.2% logz-ratio=384049.15+/-0.19 dlogz:820.915>0.01]13720it [2:29:21,  2.30s/it, bound:766 nc:295 ncall:5.8e+06 eff:0.2% logz-ratio=384049.73+/-0.22 dlogz:820.543>0.01]13728it [2:29:21,  1.55s/it, bound:766 nc:  1 ncall:5.8e+06 eff:0.2% logz-ratio=384615.66+/-0.32 dlogz:250.897>0.01]13734it [2:29:40,  1.55s/it, bound:767 nc:300 ncall:5.8e+06 eff:0.2% logz-ratio=384056.37+/-0.19 dlogz:813.726>0.01]13735it [2:29:47,  2.20s/it, bound:767 nc:180 ncall:5.8e+06 eff:0.2% logz-ratio=384056.76+/-0.21 dlogz:813.294>0.01]13741it [2:29:47,  1.63s/it, bound:767 nc:255 ncall:5.8e+06 eff:0.2% logz-ratio=384059.25+/-0.16 dlogz:810.890>0.01]13749it [2:30:00,  1.63s/it, bound:768 nc:278 ncall:5.8e+06 eff:0.2% logz-ratio=384068.13+/-0.23 dlogz:802.657>0.01]13750it [2:30:17,  2.22s/it, bound:768 nc:327 ncall:5.8e+06 eff:0.2% logz-ratio=384069.02+/-0.25 dlogz:801.503>0.01]13759it [2:30:17,  1.47s/it, bound:768 nc:306 ncall:5.8e+06 eff:0.2% logz-ratio=384073.81+/-0.15 dlogz:796.223>0.01]13765it [2:30:30,  1.47s/it, bound:769 nc:325 ncall:5.8e+06 eff:0.2% logz-ratio=384076.32+/-0.21 dlogz:793.717>0.01]13766it [2:30:44,  2.14s/it, bound:769 nc:308 ncall:5.8e+06 eff:0.2% logz-ratio=384076.89+/-0.23 dlogz:793.281>0.01]13775it [2:30:45,  1.43s/it, bound:769 nc:322 ncall:5.8e+06 eff:0.2% logz-ratio=384084.89+/-0.22 dlogz:786.010>0.01]13781it [2:31:00,  1.43s/it, bound:770 nc:251 ncall:5.8e+06 eff:0.2% logz-ratio=384090.66+/-0.25 dlogz:779.512>0.01]13782it [2:31:23,  2.54s/it, bound:770 nc:308 ncall:5.8e+06 eff:0.2% logz-ratio=384091.08+/-0.25 dlogz:778.912>0.01]13789it [2:31:23,  1.84s/it, bound:770 nc:  1 ncall:5.8e+06 eff:0.2% logz-ratio=384403.77+/-0.26 dlogz:464.255>0.01]13797it [2:31:24,  1.26s/it, bound:771 nc:339 ncall:5.8e+06 eff:0.2% logz-ratio=384095.96+/-0.17 dlogz:773.914>0.01]13797it [2:31:40,  1.26s/it, bound:771 nc:339 ncall:5.8e+06 eff:0.2% logz-ratio=384095.96+/-0.17 dlogz:773.914>0.01]13798it [2:31:58,  3.02s/it, bound:771 nc:377 ncall:5.8e+06 eff:0.2% logz-ratio=384096.44+/-0.21 dlogz:773.584>0.01]13803it [2:31:58,  2.20s/it, bound:771 nc:232 ncall:5.8e+06 eff:0.2% logz-ratio=384098.77+/-0.13 dlogz:771.097>0.01]13812it [2:31:58,  1.29s/it, bound:771 nc:  1 ncall:5.9e+06 eff:0.2% logz-ratio=384158.53+/-0.25 dlogz:710.740>0.01]13813it [2:32:10,  1.29s/it, bound:772 nc:282 ncall:5.9e+06 eff:0.2% logz-ratio=384103.49+/-0.18 dlogz:766.687>0.01]13814it [2:32:33,  3.17s/it, bound:772 nc:390 ncall:5.9e+06 eff:0.2% logz-ratio=384104.20+/-0.22 dlogz:766.019>0.01]13822it [2:32:33,  1.91s/it, bound:772 nc:  1 ncall:5.9e+06 eff:0.2% logz-ratio=384297.02+/-0.26 dlogz:571.507>0.01]13829it [2:32:50,  1.91s/it, bound:773 nc:271 ncall:5.9e+06 eff:0.2% logz-ratio=384112.51+/-0.14 dlogz:757.348>0.01]13830it [2:33:06,  2.69s/it, bound:773 nc:316 ncall:5.9e+06 eff:0.2% logz-ratio=384112.93+/-0.19 dlogz:756.963>0.01]13840it [2:33:06,  1.63s/it, bound:773 nc:320 ncall:5.9e+06 eff:0.2% logz-ratio=384118.05+/-0.15 dlogz:751.830>0.01]13845it [2:33:20,  1.63s/it, bound:774 nc:266 ncall:5.9e+06 eff:0.2% logz-ratio=384121.14+/-0.24 dlogz:748.878>0.01]13846it [2:33:35,  2.45s/it, bound:774 nc:315 ncall:5.9e+06 eff:0.2% logz-ratio=384121.62+/-0.25 dlogz:748.310>0.01]13854it [2:33:35,  1.66s/it, bound:774 nc:  1 ncall:5.9e+06 eff:0.2% logz-ratio=384386.52+/-0.27 dlogz:481.594>0.01]13861it [2:33:50,  1.66s/it, bound:775 nc:  1 ncall:5.9e+06 eff:0.2% logz-ratio=384862.50+/-0.66 dlogz:1.099>0.01]  13862it [2:34:02,  2.19s/it, bound:775 nc:285 ncall:5.9e+06 eff:0.2% logz-ratio=384128.56+/-0.14 dlogz:741.225>0.01]13874it [2:34:02,  1.31s/it, bound:775 nc:318 ncall:5.9e+06 eff:0.2% logz-ratio=384133.45+/-0.11 dlogz:736.158>0.01]13877it [2:34:20,  1.31s/it, bound:776 nc:  1 ncall:5.9e+06 eff:0.2% logz-ratio=384862.47+/-0.51 dlogz:1.099>0.01]  13878it [2:34:32,  2.31s/it, bound:776 nc:403 ncall:5.9e+06 eff:0.2% logz-ratio=384134.16+/-0.10 dlogz:735.386>0.01]13883it [2:34:32,  1.80s/it, bound:776 nc:  1 ncall:5.9e+06 eff:0.2% logz-ratio=384524.66+/-0.30 dlogz:342.464>0.01]13891it [2:34:32,  1.19s/it, bound:776 nc:326 ncall:5.9e+06 eff:0.2% logz-ratio=384138.43+/-0.13 dlogz:731.250>0.01]13893it [2:34:50,  1.19s/it, bound:777 nc:  1 ncall:5.9e+06 eff:0.2% logz-ratio=384862.44+/-0.51 dlogz:1.099>0.01]  13894it [2:35:01,  2.50s/it, bound:777 nc:323 ncall:5.9e+06 eff:0.2% logz-ratio=384139.91+/-0.20 dlogz:730.407>0.01]13898it [2:35:11,  2.47s/it, bound:777 nc:373 ncall:5.9e+06 eff:0.2% logz-ratio=384143.12+/-0.21 dlogz:727.372>0.01]13907it [2:35:11,  1.44s/it, bound:777 nc:  1 ncall:5.9e+06 eff:0.2% logz-ratio=384767.92+/-0.39 dlogz:96.979>0.01] 13909it [2:35:30,  1.44s/it, bound:778 nc:346 ncall:5.9e+06 eff:0.2% logz-ratio=384149.43+/-0.20 dlogz:720.345>0.01]13910it [2:35:37,  2.63s/it, bound:778 nc:296 ncall:5.9e+06 eff:0.2% logz-ratio=384149.78+/-0.22 dlogz:719.882>0.01]13914it [2:35:37,  2.00s/it, bound:778 nc:  1 ncall:5.9e+06 eff:0.2% logz-ratio=384456.55+/-0.26 dlogz:411.050>0.01]13925it [2:35:37,  1.03s/it, bound:779 nc:  1 ncall:5.9e+06 eff:0.2% logz-ratio=384169.22+/-0.26 dlogz:700.016>0.01]13925it [2:35:50,  1.03s/it, bound:779 nc:  1 ncall:5.9e+06 eff:0.2% logz-ratio=384862.38+/-0.52 dlogz:1.099>0.01]  13926it [2:36:06,  2.68s/it, bound:779 nc:278 ncall:5.9e+06 eff:0.2% logz-ratio=384156.98+/-0.15 dlogz:712.722>0.01]13935it [2:36:06,  1.52s/it, bound:779 nc:  1 ncall:5.9e+06 eff:0.2% logz-ratio=384795.10+/-0.38 dlogz:69.337>0.01] 13941it [2:36:20,  1.52s/it, bound:780 nc:319 ncall:5.9e+06 eff:0.2% logz-ratio=384163.58+/-0.18 dlogz:706.017>0.01]13942it [2:36:32,  2.23s/it, bound:780 nc:332 ncall:5.9e+06 eff:0.2% logz-ratio=384164.03+/-0.21 dlogz:705.676>0.01]13952it [2:36:32,  1.35s/it, bound:780 nc:319 ncall:5.9e+06 eff:0.2% logz-ratio=384169.82+/-0.18 dlogz:700.064>0.01]13957it [2:36:50,  1.35s/it, bound:781 nc:272 ncall:5.9e+06 eff:0.2% logz-ratio=384172.17+/-0.17 dlogz:697.689>0.01]13958it [2:37:01,  2.23s/it, bound:781 nc:342 ncall:5.9e+06 eff:0.2% logz-ratio=384172.72+/-0.21 dlogz:697.056>0.01]13967it [2:37:01,  1.45s/it, bound:781 nc:313 ncall:5.9e+06 eff:0.2% logz-ratio=384176.81+/-0.14 dlogz:692.779>0.01]13972it [2:37:20,  1.45s/it, bound:782 nc:271 ncall:5.9e+06 eff:0.2% logz-ratio=384178.57+/-0.19 dlogz:691.052>0.01]13973it [2:37:31,  2.37s/it, bound:782 nc:346 ncall:5.9e+06 eff:0.2% logz-ratio=384178.96+/-0.21 dlogz:690.625>0.01]13980it [2:37:32,  1.68s/it, bound:782 nc:  1 ncall:5.9e+06 eff:0.2% logz-ratio=384286.35+/-0.25 dlogz:582.254>0.01]13987it [2:37:50,  1.68s/it, bound:783 nc:369 ncall:5.9e+06 eff:0.2% logz-ratio=384186.03+/-0.10 dlogz:683.321>0.01]13988it [2:38:04,  2.45s/it, bound:783 nc:316 ncall:5.9e+06 eff:0.2% logz-ratio=384186.23+/-0.14 dlogz:683.128>0.01]13995it [2:38:04,  1.75s/it, bound:783 nc:  1 ncall:5.9e+06 eff:0.2% logz-ratio=384259.75+/-0.25 dlogz:609.011>0.01]14002it [2:38:20,  1.75s/it, bound:784 nc:256 ncall:5.9e+06 eff:0.2% logz-ratio=384189.99+/-0.18 dlogz:679.362>0.01]14003it [2:38:41,  2.65s/it, bound:784 nc:270 ncall:5.9e+06 eff:0.2% logz-ratio=384190.23+/-0.20 dlogz:679.140>0.01]14011it [2:38:41,  1.82s/it, bound:784 nc:357 ncall:5.9e+06 eff:0.2% logz-ratio=384192.33+/-0.13 dlogz:677.084>0.01]14018it [2:39:00,  1.82s/it, bound:785 nc:339 ncall:5.9e+06 eff:0.2% logz-ratio=384195.39+/-0.15 dlogz:674.174>0.01]14019it [2:39:13,  2.52s/it, bound:785 nc:326 ncall:5.9e+06 eff:0.2% logz-ratio=384195.78+/-0.19 dlogz:673.712>0.01]14027it [2:39:13,  1.75s/it, bound:785 nc:  1 ncall:5.9e+06 eff:0.2% logz-ratio=384666.58+/-0.25 dlogz:199.714>0.01]14033it [2:39:30,  1.75s/it, bound:786 nc:297 ncall:5.9e+06 eff:0.2% logz-ratio=384203.14+/-0.19 dlogz:666.327>0.01]14034it [2:39:48,  2.64s/it, bound:786 nc:289 ncall:5.9e+06 eff:0.2% logz-ratio=384203.51+/-0.21 dlogz:665.924>0.01]14041it [2:39:48,  1.90s/it, bound:786 nc:  1 ncall:5.9e+06 eff:0.2% logz-ratio=384712.16+/-0.36 dlogz:153.243>0.01]14048it [2:40:00,  1.90s/it, bound:787 nc:260 ncall:5.9e+06 eff:0.2% logz-ratio=384209.36+/-0.16 dlogz:660.146>0.01]14049it [2:40:19,  2.50s/it, bound:787 nc:358 ncall:5.9e+06 eff:0.2% logz-ratio=384209.77+/-0.19 dlogz:659.677>0.01]14059it [2:40:19,  1.60s/it, bound:787 nc:  1 ncall:5.9e+06 eff:0.2% logz-ratio=384675.38+/-0.31 dlogz:190.791>0.01]14064it [2:40:30,  1.60s/it, bound:788 nc:347 ncall:5.9e+06 eff:0.2% logz-ratio=384214.61+/-0.17 dlogz:654.715>0.01]14065it [2:40:59,  2.79s/it, bound:788 nc:394 ncall:5.9e+06 eff:0.2% logz-ratio=384214.86+/-0.19 dlogz:654.399>0.01]14071it [2:40:59,  2.09s/it, bound:788 nc:  1 ncall:5.9e+06 eff:0.2% logz-ratio=384489.09+/-0.26 dlogz:378.336>0.01]14080it [2:40:59,  1.36s/it, bound:789 nc:  1 ncall:5.9e+06 eff:0.2% logz-ratio=384296.98+/-0.26 dlogz:571.603>0.01]14080it [2:41:10,  1.36s/it, bound:789 nc:  1 ncall:5.9e+06 eff:0.2% logz-ratio=384862.07+/-0.84 dlogz:1.099>0.01]  14081it [2:41:38,  3.36s/it, bound:789 nc:362 ncall:5.9e+06 eff:0.2% logz-ratio=384221.78+/-0.21 dlogz:648.263>0.01]14089it [2:41:38,  2.10s/it, bound:789 nc:  1 ncall:5.9e+06 eff:0.2% logz-ratio=384264.37+/-0.25 dlogz:604.373>0.01]14096it [2:41:50,  2.10s/it, bound:790 nc:472 ncall:5.9e+06 eff:0.2% logz-ratio=384229.44+/-0.17 dlogz:640.131>0.01]14097it [2:42:20,  3.20s/it, bound:790 nc:334 ncall:5.9e+06 eff:0.2% logz-ratio=384229.94+/-0.21 dlogz:639.508>0.01]14102it [2:42:20,  2.44s/it, bound:790 nc:293 ncall:5.9e+06 eff:0.2% logz-ratio=384232.30+/-0.17 dlogz:637.187>0.01]14109it [2:42:20,  1.66s/it, bound:790 nc:377 ncall:5.9e+06 eff:0.2% logz-ratio=384235.55+/-0.20 dlogz:711.721>0.01]14112it [2:42:40,  1.66s/it, bound:791 nc:350 ncall:6.0e+06 eff:0.2% logz-ratio=384236.57+/-0.17 dlogz:710.535>0.01]14113it [2:42:59,  3.31s/it, bound:791 nc:245 ncall:6.0e+06 eff:0.2% logz-ratio=384236.79+/-0.19 dlogz:710.260>0.01]14120it [2:42:59,  2.18s/it, bound:791 nc:  1 ncall:6.0e+06 eff:0.2% logz-ratio=384389.92+/-0.26 dlogz:556.150>0.01]14128it [2:43:10,  2.18s/it, bound:792 nc:372 ncall:6.0e+06 eff:0.2% logz-ratio=384240.63+/-0.14 dlogz:706.354>0.01]14129it [2:43:29,  2.65s/it, bound:792 nc:331 ncall:6.0e+06 eff:0.2% logz-ratio=384240.84+/-0.17 dlogz:706.166>0.01]14136it [2:43:29,  1.86s/it, bound:792 nc:  1 ncall:6.0e+06 eff:0.2% logz-ratio=384527.78+/-0.28 dlogz:417.340>0.01]14144it [2:43:40,  1.86s/it, bound:793 nc:404 ncall:6.0e+06 eff:0.2% logz-ratio=384246.79+/-0.15 dlogz:700.404>0.01]14145it [2:44:01,  2.46s/it, bound:793 nc:313 ncall:6.0e+06 eff:0.2% logz-ratio=384247.13+/-0.19 dlogz:699.968>0.01]14150it [2:44:01,  1.92s/it, bound:793 nc:  1 ncall:6.0e+06 eff:0.2% logz-ratio=384503.02+/-0.27 dlogz:442.306>0.01]14157it [2:44:02,  1.34s/it, bound:793 nc:  1 ncall:6.0e+06 eff:0.2% logz-ratio=384300.78+/-0.26 dlogz:645.714>0.01]14160it [2:44:20,  1.34s/it, bound:794 nc:243 ncall:6.0e+06 eff:0.2% logz-ratio=384252.48+/-0.20 dlogz:694.627>0.01]14161it [2:44:32,  2.58s/it, bound:794 nc:235 ncall:6.0e+06 eff:0.2% logz-ratio=384252.86+/-0.22 dlogz:694.249>0.01]14170it [2:44:32,  1.58s/it, bound:794 nc:320 ncall:6.0e+06 eff:0.2% logz-ratio=384258.47+/-0.15 dlogz:688.686>0.01]14176it [2:44:50,  1.58s/it, bound:795 nc:304 ncall:6.0e+06 eff:0.2% logz-ratio=384260.32+/-0.20 dlogz:686.721>0.01]14177it [2:45:05,  2.52s/it, bound:795 nc:285 ncall:6.0e+06 eff:0.2% logz-ratio=384260.66+/-0.22 dlogz:686.378>0.01]14185it [2:45:05,  1.69s/it, bound:795 nc:283 ncall:6.0e+06 eff:0.2% logz-ratio=384262.70+/-0.10 dlogz:684.168>0.01]14192it [2:45:20,  1.69s/it, bound:796 nc:  1 ncall:6.0e+06 eff:0.2% logz-ratio=384939.76+/-0.53 dlogz:1.099>0.01]  14193it [2:45:38,  2.47s/it, bound:796 nc:383 ncall:6.0e+06 eff:0.2% logz-ratio=384264.98+/-0.12 dlogz:681.928>0.01]14197it [2:45:49,  2.55s/it, bound:796 nc:371 ncall:6.0e+06 eff:0.2% logz-ratio=384266.21+/-0.13 dlogz:680.731>0.01]14209it [2:46:17,  2.45s/it, bound:797 nc:336 ncall:6.0e+06 eff:0.2% logz-ratio=384273.23+/-0.25 dlogz:674.911>0.01]14214it [2:46:17,  1.94s/it, bound:797 nc:  1 ncall:6.0e+06 eff:0.2% logz-ratio=384734.96+/-0.26 dlogz:208.622>0.01]14222it [2:46:17,  1.32s/it, bound:797 nc:  1 ncall:6.0e+06 eff:0.2% logz-ratio=384534.22+/-0.27 dlogz:410.907>0.01]14223it [2:46:30,  1.32s/it, bound:797 nc:309 ncall:6.0e+06 eff:0.2% logz-ratio=384278.66+/-0.12 dlogz:668.186>0.01]14224it [2:47:07,  3.72s/it, bound:798 nc:644 ncall:6.0e+06 eff:0.2% logz-ratio=384278.97+/-0.17 dlogz:667.948>0.01]14228it [2:47:07,  2.88s/it, bound:798 nc:  1 ncall:6.0e+06 eff:0.2% logz-ratio=384648.82+/-0.26 dlogz:295.638>0.01]14235it [2:47:07,  1.84s/it, bound:798 nc:478 ncall:6.0e+06 eff:0.2% logz-ratio=384283.59+/-0.13 dlogz:663.310>0.01]14238it [2:47:20,  1.84s/it, bound:799 nc:538 ncall:6.0e+06 eff:0.2% logz-ratio=384284.60+/-0.14 dlogz:662.322>0.01]14239it [2:48:08,  4.95s/it, bound:799 nc:575 ncall:6.0e+06 eff:0.2% logz-ratio=384284.95+/-0.18 dlogz:661.969>0.01]14243it [2:48:09,  3.74s/it, bound:799 nc:  1 ncall:6.0e+06 eff:0.2% logz-ratio=384939.65+/-0.53 dlogz:1.099>0.01]  14249it [2:48:09,  2.45s/it, bound:799 nc:  1 ncall:6.0e+06 eff:0.2% logz-ratio=384432.44+/-0.26 dlogz:513.323>0.01]14254it [2:48:20,  2.45s/it, bound:800 nc:573 ncall:6.0e+06 eff:0.2% logz-ratio=384290.47+/-0.13 dlogz:656.391>0.01]14255it [2:49:03,  4.63s/it, bound:800 nc:537 ncall:6.0e+06 eff:0.2% logz-ratio=384290.74+/-0.17 dlogz:656.073>0.01]14258it [2:49:03,  3.75s/it, bound:800 nc:  1 ncall:6.0e+06 eff:0.2% logz-ratio=384485.55+/-0.26 dlogz:459.895>0.01]14263it [2:49:03,  2.59s/it, bound:800 nc:528 ncall:6.0e+06 eff:0.2% logz-ratio=384293.00+/-0.15 dlogz:653.923>0.01]14268it [2:49:03,  1.80s/it, bound:800 nc:596 ncall:6.0e+06 eff:0.2% logz-ratio=384295.14+/-0.22 dlogz:652.190>0.01]14270it [2:49:20,  1.80s/it, bound:801 nc:557 ncall:6.0e+06 eff:0.2% logz-ratio=384296.50+/-0.17 dlogz:650.593>0.01]14271it [2:49:46,  4.42s/it, bound:801 nc:444 ncall:6.0e+06 eff:0.2% logz-ratio=384296.99+/-0.21 dlogz:650.005>0.01]14274it [2:49:47,  3.41s/it, bound:801 nc:  1 ncall:6.0e+06 eff:0.2% logz-ratio=384666.12+/-0.27 dlogz:278.187>0.01]14279it [2:49:47,  2.21s/it, bound:801 nc:  1 ncall:6.0e+06 eff:0.2% logz-ratio=384477.64+/-0.26 dlogz:467.871>0.01]14285it [2:49:47,  1.38s/it, bound:801 nc:  1 ncall:6.0e+06 eff:0.2% logz-ratio=384358.51+/-0.26 dlogz:587.712>0.01]14286it [2:50:00,  1.38s/it, bound:802 nc:464 ncall:6.0e+06 eff:0.2% logz-ratio=384303.36+/-0.16 dlogz:643.612>0.01]14287it [2:50:41,  5.31s/it, bound:802 nc:490 ncall:6.0e+06 eff:0.2% logz-ratio=384303.85+/-0.20 dlogz:643.117>0.01]14292it [2:50:41,  3.44s/it, bound:802 nc:  1 ncall:6.0e+06 eff:0.2% logz-ratio=384503.05+/-0.27 dlogz:442.285>0.01]14297it [2:50:41,  2.30s/it, bound:802 nc:  1 ncall:6.0e+06 eff:0.2% logz-ratio=384691.26+/-0.26 dlogz:252.767>0.01]14302it [2:51:00,  2.30s/it, bound:803 nc:575 ncall:6.0e+06 eff:0.2% logz-ratio=384309.64+/-0.14 dlogz:637.144>0.01]14303it [2:51:27,  4.27s/it, bound:803 nc:448 ncall:6.0e+06 eff:0.2% logz-ratio=384309.90+/-0.17 dlogz:636.802>0.01]14307it [2:51:28,  3.18s/it, bound:803 nc:493 ncall:6.0e+06 eff:0.2% logz-ratio=384312.00+/-0.16 dlogz:634.907>0.01]14313it [2:51:28,  2.05s/it, bound:803 nc:443 ncall:6.0e+06 eff:0.2% logz-ratio=384314.99+/-0.18 dlogz:632.071>0.01]14318it [2:51:40,  2.05s/it, bound:804 nc:  1 ncall:6.0e+06 eff:0.2% logz-ratio=384939.50+/-0.54 dlogz:1.099>0.01]  14319it [2:52:10,  3.75s/it, bound:804 nc:528 ncall:6.0e+06 eff:0.2% logz-ratio=384318.19+/-0.12 dlogz:628.476>0.01]14324it [2:52:10,  2.68s/it, bound:804 nc:  1 ncall:6.0e+06 eff:0.2% logz-ratio=384696.60+/-0.27 dlogz:247.319>0.01]14330it [2:52:10,  1.80s/it, bound:804 nc:  1 ncall:6.0e+06 eff:0.2% logz-ratio=384477.54+/-0.26 dlogz:467.962>0.01]14334it [2:52:30,  1.80s/it, bound:805 nc:373 ncall:6.0e+06 eff:0.2% logz-ratio=384321.77+/-0.15 dlogz:625.002>0.01]14335it [2:52:56,  3.88s/it, bound:805 nc:403 ncall:6.0e+06 eff:0.2% logz-ratio=384322.21+/-0.19 dlogz:624.609>0.01]14342it [2:52:56,  2.49s/it, bound:805 nc:  1 ncall:6.0e+06 eff:0.2% logz-ratio=384559.39+/-0.27 dlogz:385.501>0.01]14349it [2:53:10,  2.49s/it, bound:806 nc:419 ncall:6.0e+06 eff:0.2% logz-ratio=384328.88+/-0.20 dlogz:617.866>0.01]14350it [2:54:11,  5.03s/it, bound:806 nc:625 ncall:6.0e+06 eff:0.2% logz-ratio=384329.20+/-0.22 dlogz:617.468>0.01]14354it [2:54:11,  3.98s/it, bound:806 nc:  1 ncall:6.1e+06 eff:0.2% logz-ratio=384384.54+/-0.26 dlogz:561.545>0.01]14360it [2:54:11,  2.76s/it, bound:806 nc:574 ncall:6.1e+06 eff:0.2% logz-ratio=384334.43+/-0.17 dlogz:612.442>0.01]14364it [2:54:30,  2.76s/it, bound:807 nc:618 ncall:6.1e+06 eff:0.2% logz-ratio=384336.31+/-0.16 dlogz:610.531>0.01]14365it [2:55:13,  5.33s/it, bound:807 nc:548 ncall:6.1e+06 eff:0.2% logz-ratio=384336.78+/-0.20 dlogz:610.014>0.01]14369it [2:55:13,  4.09s/it, bound:807 nc:444 ncall:6.1e+06 eff:0.2% logz-ratio=384339.03+/-0.16 dlogz:607.781>0.01]14374it [2:55:13,  2.88s/it, bound:807 nc:427 ncall:6.1e+06 eff:0.2% logz-ratio=384340.57+/-0.16 dlogz:606.020>0.01]14380it [2:55:30,  2.88s/it, bound:808 nc:  1 ncall:6.1e+06 eff:0.2% logz-ratio=384939.38+/-0.49 dlogz:1.099>0.01]  14381it [2:56:02,  4.39s/it, bound:808 nc:441 ncall:6.1e+06 eff:0.2% logz-ratio=384342.92+/-0.11 dlogz:603.593>0.01]14384it [2:56:16,  4.46s/it, bound:808 nc:526 ncall:6.1e+06 eff:0.2% logz-ratio=384343.79+/-0.14 dlogz:602.866>0.01]14389it [2:56:16,  3.10s/it, bound:808 nc:  1 ncall:6.1e+06 eff:0.2% logz-ratio=384692.02+/-0.26 dlogz:251.924>0.01]14395it [2:56:16,  2.04s/it, bound:808 nc:  1 ncall:6.1e+06 eff:0.2% logz-ratio=384431.03+/-0.26 dlogz:514.747>0.01]14396it [2:56:30,  2.04s/it, bound:809 nc:454 ncall:6.1e+06 eff:0.2% logz-ratio=384349.02+/-0.15 dlogz:597.655>0.01]14397it [2:57:08,  5.41s/it, bound:809 nc:300 ncall:6.1e+06 eff:0.2% logz-ratio=384349.35+/-0.19 dlogz:597.234>0.01]14404it [2:57:08,  3.18s/it, bound:809 nc:  1 ncall:6.1e+06 eff:0.2% logz-ratio=384494.30+/-0.27 dlogz:451.062>0.01]14411it [2:57:20,  3.18s/it, bound:810 nc:454 ncall:6.1e+06 eff:0.2% logz-ratio=384353.60+/-0.19 dlogz:593.047>0.01]14412it [2:57:57,  4.37s/it, bound:810 nc:374 ncall:6.1e+06 eff:0.2% logz-ratio=384353.91+/-0.21 dlogz:592.629>0.01]14419it [2:57:57,  2.91s/it, bound:810 nc:  1 ncall:6.1e+06 eff:0.2% logz-ratio=384734.55+/-0.27 dlogz:208.841>0.01]14427it [2:58:10,  2.91s/it, bound:811 nc:303 ncall:6.1e+06 eff:0.2% logz-ratio=384360.66+/-0.19 dlogz:585.865>0.01]14428it [2:58:46,  3.87s/it, bound:811 nc:385 ncall:6.1e+06 eff:0.2% logz-ratio=384360.91+/-0.21 dlogz:585.536>0.01]14434it [2:58:46,  2.84s/it, bound:811 nc:  1 ncall:6.1e+06 eff:0.2% logz-ratio=384389.50+/-0.26 dlogz:556.539>0.01]14441it [2:58:47,  1.97s/it, bound:811 nc:342 ncall:6.1e+06 eff:0.2% logz-ratio=384365.69+/-0.20 dlogz:581.301>0.01]14443it [2:59:00,  1.97s/it, bound:812 nc:305 ncall:6.1e+06 eff:0.2% logz-ratio=384366.85+/-0.24 dlogz:579.753>0.01]14444it [2:59:26,  3.72s/it, bound:812 nc:460 ncall:6.1e+06 eff:0.2% logz-ratio=384367.16+/-0.24 dlogz:579.314>0.01]14450it [2:59:26,  2.57s/it, bound:812 nc:  1 ncall:6.1e+06 eff:0.2% logz-ratio=384383.88+/-0.26 dlogz:562.190>0.01]14457it [2:59:26,  1.70s/it, bound:812 nc:359 ncall:6.1e+06 eff:0.2% logz-ratio=384372.44+/-0.16 dlogz:574.148>0.01]14459it [2:59:40,  1.70s/it, bound:813 nc:368 ncall:6.1e+06 eff:0.2% logz-ratio=384373.34+/-0.22 dlogz:573.215>0.01]14460it [3:00:08,  3.83s/it, bound:813 nc:401 ncall:6.1e+06 eff:0.2% logz-ratio=384373.70+/-0.23 dlogz:572.787>0.01]14466it [3:00:08,  2.57s/it, bound:813 nc:  1 ncall:6.1e+06 eff:0.2% logz-ratio=384419.18+/-0.26 dlogz:526.666>0.01]14472it [3:00:08,  1.75s/it, bound:813 nc:436 ncall:6.1e+06 eff:0.2% logz-ratio=384378.84+/-0.20 dlogz:567.545>0.01]14475it [3:00:20,  1.75s/it, bound:814 nc:  1 ncall:6.1e+06 eff:0.2% logz-ratio=384939.19+/-0.46 dlogz:1.099>0.01]  14476it [3:00:46,  3.57s/it, bound:814 nc:408 ncall:6.1e+06 eff:0.2% logz-ratio=384379.75+/-0.12 dlogz:566.599>0.01]14481it [3:00:46,  2.53s/it, bound:814 nc:  1 ncall:6.1e+06 eff:0.2% logz-ratio=384537.45+/-0.26 dlogz:407.595>0.01]14488it [3:00:46,  1.59s/it, bound:814 nc:  1 ncall:6.1e+06 eff:0.2% logz-ratio=384694.91+/-0.30 dlogz:248.955>0.01]14491it [3:01:00,  1.59s/it, bound:815 nc:278 ncall:6.1e+06 eff:0.2% logz-ratio=384385.18+/-0.20 dlogz:561.167>0.01]14492it [3:01:29,  3.71s/it, bound:815 nc:370 ncall:6.1e+06 eff:0.2% logz-ratio=384385.45+/-0.21 dlogz:560.891>0.01]14496it [3:01:29,  2.79s/it, bound:815 nc:  1 ncall:6.1e+06 eff:0.2% logz-ratio=384511.73+/-0.26 dlogz:433.510>0.01]14502it [3:01:29,  1.82s/it, bound:815 nc:792 ncall:6.1e+06 eff:0.2% logz-ratio=384389.37+/-0.19 dlogz:556.917>0.01]14506it [3:01:40,  1.82s/it, bound:816 nc:402 ncall:6.1e+06 eff:0.2% logz-ratio=384390.18+/-0.10 dlogz:556.034>0.01]14507it [3:02:12,  3.80s/it, bound:816 nc:351 ncall:6.1e+06 eff:0.2% logz-ratio=384390.37+/-0.14 dlogz:555.854>0.01]14515it [3:02:12,  2.28s/it, bound:816 nc:437 ncall:6.1e+06 eff:0.2% logz-ratio=384393.57+/-0.15 dlogz:552.860>0.01]14522it [3:02:30,  2.28s/it, bound:817 nc:399 ncall:6.1e+06 eff:0.2% logz-ratio=384396.02+/-0.19 dlogz:550.328>0.01]14523it [3:02:46,  2.97s/it, bound:817 nc:347 ncall:6.1e+06 eff:0.2% logz-ratio=384396.31+/-0.21 dlogz:549.986>0.01]14529it [3:02:46,  2.14s/it, bound:817 nc:  1 ncall:6.1e+06 eff:0.2% logz-ratio=384772.51+/-0.34 dlogz:283.602>0.01]14538it [3:02:46,  1.34s/it, bound:818 nc:  1 ncall:6.1e+06 eff:0.2% logz-ratio=384490.08+/-0.26 dlogz:568.593>0.01]14538it [3:03:00,  1.34s/it, bound:818 nc:  1 ncall:6.1e+06 eff:0.2% logz-ratio=385052.36+/-0.42 dlogz:1.099>0.01]  14539it [3:03:25,  3.45s/it, bound:818 nc:445 ncall:6.1e+06 eff:0.2% logz-ratio=384402.74+/-0.15 dlogz:656.940>0.01]14544it [3:03:25,  2.47s/it, bound:818 nc:  1 ncall:6.1e+06 eff:0.2% logz-ratio=384736.24+/-0.29 dlogz:320.329>0.01]14551it [3:03:25,  1.57s/it, bound:818 nc:369 ncall:6.1e+06 eff:0.2% logz-ratio=384406.66+/-0.16 dlogz:653.102>0.01]14553it [3:03:40,  1.57s/it, bound:819 nc:342 ncall:6.1e+06 eff:0.2% logz-ratio=384407.38+/-0.13 dlogz:652.172>0.01]14554it [3:04:15,  4.35s/it, bound:819 nc:538 ncall:6.1e+06 eff:0.2% logz-ratio=384407.66+/-0.17 dlogz:651.855>0.01]14560it [3:04:15,  2.87s/it, bound:819 nc:  1 ncall:6.1e+06 eff:0.2% logz-ratio=384570.42+/-0.27 dlogz:487.732>0.01]14568it [3:04:16,  1.74s/it, bound:819 nc:  1 ncall:6.1e+06 eff:0.2% logz-ratio=384589.72+/-0.27 dlogz:468.313>0.01]14569it [3:04:30,  1.74s/it, bound:820 nc:413 ncall:6.1e+06 eff:0.2% logz-ratio=384411.79+/-0.14 dlogz:647.776>0.01]14570it [3:04:58,  4.16s/it, bound:820 nc:441 ncall:6.1e+06 eff:0.2% logz-ratio=384412.10+/-0.18 dlogz:647.414>0.01]14577it [3:04:58,  2.58s/it, bound:820 nc:  1 ncall:6.1e+06 eff:0.2% logz-ratio=384474.12+/-0.27 dlogz:584.687>0.01]14584it [3:04:59,  1.67s/it, bound:820 nc:338 ncall:6.1e+06 eff:0.2% logz-ratio=384414.92+/-0.12 dlogz:644.495>0.01]14585it [3:05:10,  1.67s/it, bound:821 nc:337 ncall:6.1e+06 eff:0.2% logz-ratio=384415.15+/-0.16 dlogz:644.250>0.01]14586it [3:05:50,  4.72s/it, bound:821 nc:619 ncall:6.1e+06 eff:0.2% logz-ratio=384415.38+/-0.18 dlogz:644.023>0.01]14588it [3:05:50,  4.01s/it, bound:821 nc:  1 ncall:6.1e+06 eff:0.2% logz-ratio=384535.35+/-0.26 dlogz:523.021>0.01]14594it [3:05:51,  2.44s/it, bound:821 nc:635 ncall:6.2e+06 eff:0.2% logz-ratio=384417.32+/-0.16 dlogz:642.085>0.01]14599it [3:05:51,  1.66s/it, bound:821 nc:500 ncall:6.2e+06 eff:0.2% logz-ratio=384418.23+/-0.14 dlogz:641.097>0.01]14600it [3:06:10,  1.66s/it, bound:821 nc:629 ncall:6.2e+06 eff:0.2% logz-ratio=384418.42+/-0.11 dlogz:640.915>0.01]14601it [3:06:36,  4.88s/it, bound:822 nc:1108 ncall:6.2e+06 eff:0.2% logz-ratio=384418.64+/-0.15 dlogz:640.722>0.01]14602it [3:06:47,  5.54s/it, bound:822 nc:497 ncall:6.2e+06 eff:0.2% logz-ratio=384418.85+/-0.11 dlogz:640.503>0.01] 14609it [3:06:47,  2.79s/it, bound:822 nc:  1 ncall:6.2e+06 eff:0.2% logz-ratio=384510.04+/-0.26 dlogz:548.493>0.01]14616it [3:06:47,  1.63s/it, bound:823 nc:542 ncall:6.2e+06 eff:0.2% logz-ratio=384422.01+/-0.13 dlogz:637.393>0.01]14616it [3:07:00,  1.63s/it, bound:823 nc:542 ncall:6.2e+06 eff:0.2% logz-ratio=384422.01+/-0.13 dlogz:637.393>0.01]14617it [3:07:33,  5.06s/it, bound:823 nc:487 ncall:6.2e+06 eff:0.2% logz-ratio=384422.29+/-0.17 dlogz:637.106>0.01]14623it [3:07:33,  3.03s/it, bound:823 nc:  1 ncall:6.2e+06 eff:0.2% logz-ratio=384505.27+/-0.26 dlogz:553.317>0.01]14630it [3:07:33,  1.82s/it, bound:823 nc:413 ncall:6.2e+06 eff:0.2% logz-ratio=384426.73+/-0.14 dlogz:632.723>0.01]14632it [3:07:50,  1.82s/it, bound:824 nc:  1 ncall:6.2e+06 eff:0.2% logz-ratio=385052.17+/-0.45 dlogz:1.099>0.01]  14633it [3:08:13,  4.09s/it, bound:824 nc:231 ncall:6.2e+06 eff:0.2% logz-ratio=384428.08+/-0.14 dlogz:631.334>0.01]14638it [3:08:13,  2.79s/it, bound:824 nc:  1 ncall:6.2e+06 eff:0.2% logz-ratio=384567.82+/-0.27 dlogz:490.329>0.01]14644it [3:08:13,  1.81s/it, bound:824 nc:406 ncall:6.2e+06 eff:0.2% logz-ratio=384432.18+/-0.15 dlogz:627.313>0.01]14647it [3:08:30,  1.81s/it, bound:825 nc:362 ncall:6.2e+06 eff:0.2% logz-ratio=384433.27+/-0.14 dlogz:626.107>0.01]14648it [3:08:50,  3.68s/it, bound:825 nc:387 ncall:6.2e+06 eff:0.2% logz-ratio=384433.59+/-0.18 dlogz:625.775>0.01]14655it [3:08:50,  2.26s/it, bound:825 nc:  1 ncall:6.2e+06 eff:0.2% logz-ratio=384441.08+/-0.26 dlogz:617.931>0.01]14661it [3:08:50,  1.54s/it, bound:825 nc:456 ncall:6.2e+06 eff:0.2% logz-ratio=384438.39+/-0.24 dlogz:621.092>0.01]14663it [3:09:10,  1.54s/it, bound:826 nc:467 ncall:6.2e+06 eff:0.2% logz-ratio=384439.20+/-0.19 dlogz:620.189>0.01]14664it [3:09:32,  3.83s/it, bound:826 nc:442 ncall:6.2e+06 eff:0.2% logz-ratio=384439.68+/-0.22 dlogz:619.812>0.01]14668it [3:09:32,  2.84s/it, bound:826 nc:385 ncall:6.2e+06 eff:0.2% logz-ratio=384441.25+/-0.14 dlogz:618.113>0.01]14676it [3:09:32,  1.63s/it, bound:826 nc:  1 ncall:6.2e+06 eff:0.2% logz-ratio=384443.72+/-0.20 dlogz:615.266>0.01]14679it [3:09:50,  1.63s/it, bound:827 nc:  1 ncall:6.2e+06 eff:0.2% logz-ratio=385052.08+/-0.47 dlogz:1.099>0.01]  14680it [3:10:09,  3.43s/it, bound:827 nc:363 ncall:6.2e+06 eff:0.2% logz-ratio=384444.31+/-0.15 dlogz:615.055>0.01]14689it [3:10:09,  1.96s/it, bound:827 nc:  1 ncall:6.2e+06 eff:0.2% logz-ratio=384519.28+/-0.27 dlogz:539.209>0.01]14695it [3:10:20,  1.96s/it, bound:828 nc:  1 ncall:6.2e+06 eff:0.2% logz-ratio=385052.04+/-0.43 dlogz:1.099>0.01]  14696it [3:10:57,  3.55s/it, bound:828 nc:561 ncall:6.2e+06 eff:0.2% logz-ratio=384449.51+/-0.13 dlogz:609.746>0.01]14702it [3:10:57,  2.55s/it, bound:828 nc:  1 ncall:6.2e+06 eff:0.2% logz-ratio=384647.27+/-0.26 dlogz:410.324>0.01]14709it [3:10:58,  1.73s/it, bound:828 nc:928 ncall:6.2e+06 eff:0.2% logz-ratio=384455.43+/-0.14 dlogz:603.868>0.01]14710it [3:11:10,  1.73s/it, bound:829 nc:  1 ncall:6.2e+06 eff:0.2% logz-ratio=385052.01+/-0.43 dlogz:1.099>0.01]  14711it [3:11:37,  3.83s/it, bound:829 nc:417 ncall:6.2e+06 eff:0.2% logz-ratio=384456.14+/-0.14 dlogz:603.118>0.01]14719it [3:11:37,  2.31s/it, bound:829 nc:  1 ncall:6.2e+06 eff:0.2% logz-ratio=384880.32+/-0.27 dlogz:174.672>0.01]14726it [3:11:50,  2.31s/it, bound:830 nc:375 ncall:6.2e+06 eff:0.2% logz-ratio=384461.98+/-0.15 dlogz:597.297>0.01]14727it [3:12:14,  3.15s/it, bound:830 nc:435 ncall:6.2e+06 eff:0.2% logz-ratio=384462.32+/-0.19 dlogz:596.915>0.01]14731it [3:12:15,  2.51s/it, bound:830 nc:  1 ncall:6.2e+06 eff:0.2% logz-ratio=384693.37+/-0.27 dlogz:363.847>0.01]14740it [3:12:15,  1.51s/it, bound:830 nc:  1 ncall:6.2e+06 eff:0.2% logz-ratio=384550.75+/-0.26 dlogz:507.496>0.01]14742it [3:12:30,  1.51s/it, bound:831 nc:426 ncall:6.2e+06 eff:0.2% logz-ratio=384466.65+/-0.18 dlogz:592.540>0.01]14743it [3:12:51,  3.23s/it, bound:831 nc:317 ncall:6.2e+06 eff:0.2% logz-ratio=384466.91+/-0.20 dlogz:592.211>0.01]14749it [3:12:51,  2.22s/it, bound:831 nc:  1 ncall:6.2e+06 eff:0.2% logz-ratio=384704.25+/-0.26 dlogz:352.841>0.01]14758it [3:12:52,  1.33s/it, bound:832 nc:  1 ncall:6.2e+06 eff:0.2% logz-ratio=384519.15+/-0.27 dlogz:539.348>0.01]14758it [3:13:10,  1.33s/it, bound:832 nc:  1 ncall:6.2e+06 eff:0.2% logz-ratio=385051.92+/-0.44 dlogz:1.099>0.01]  14759it [3:13:25,  3.24s/it, bound:832 nc:370 ncall:6.2e+06 eff:0.2% logz-ratio=384472.28+/-0.15 dlogz:586.962>0.01]14768it [3:13:25,  1.83s/it, bound:832 nc:402 ncall:6.2e+06 eff:0.2% logz-ratio=384475.93+/-0.11 dlogz:583.067>0.01]14774it [3:13:40,  1.83s/it, bound:833 nc:  1 ncall:6.2e+06 eff:0.2% logz-ratio=385051.89+/-0.52 dlogz:1.099>0.01]  14775it [3:14:08,  3.25s/it, bound:833 nc:366 ncall:6.2e+06 eff:0.2% logz-ratio=384477.17+/-0.10 dlogz:581.795>0.01]14781it [3:14:08,  2.33s/it, bound:833 nc:308 ncall:6.2e+06 eff:0.2% logz-ratio=384478.28+/-0.11 dlogz:580.694>0.01]14789it [3:14:08,  1.51s/it, bound:833 nc:  1 ncall:6.2e+06 eff:0.2% logz-ratio=384612.40+/-0.26 dlogz:445.447>0.01]14790it [3:14:20,  1.51s/it, bound:834 nc:355 ncall:6.2e+06 eff:0.2% logz-ratio=384480.51+/-0.14 dlogz:578.580>0.01]14791it [3:14:44,  3.36s/it, bound:834 nc:361 ncall:6.2e+06 eff:0.2% logz-ratio=384480.91+/-0.19 dlogz:578.253>0.01]14796it [3:14:45,  2.41s/it, bound:834 nc:422 ncall:6.2e+06 eff:0.2% logz-ratio=384482.31+/-0.13 dlogz:576.738>0.01]14804it [3:14:45,  1.46s/it, bound:834 nc:  1 ncall:6.2e+06 eff:0.2% logz-ratio=384744.64+/-0.28 dlogz:312.038>0.01]14806it [3:15:00,  1.46s/it, bound:835 nc:356 ncall:6.2e+06 eff:0.2% logz-ratio=384485.36+/-0.17 dlogz:573.629>0.01]14807it [3:15:22,  3.36s/it, bound:835 nc:403 ncall:6.2e+06 eff:0.2% logz-ratio=384485.58+/-0.19 dlogz:573.371>0.01]14810it [3:15:22,  2.70s/it, bound:835 nc:  1 ncall:6.2e+06 eff:0.2% logz-ratio=384735.81+/-0.28 dlogz:320.932>0.01]14816it [3:15:22,  1.73s/it, bound:835 nc:  1 ncall:6.2e+06 eff:0.2% logz-ratio=384576.04+/-0.26 dlogz:482.080>0.01]14821it [3:15:40,  1.73s/it, bound:836 nc:362 ncall:6.2e+06 eff:0.2% logz-ratio=384489.41+/-0.17 dlogz:569.664>0.01]14822it [3:15:55,  3.02s/it, bound:836 nc:299 ncall:6.2e+06 eff:0.2% logz-ratio=384489.87+/-0.21 dlogz:569.286>0.01]14825it [3:15:55,  2.43s/it, bound:836 nc:  1 ncall:6.2e+06 eff:0.2% logz-ratio=384697.59+/-0.27 dlogz:359.618>0.01]14832it [3:15:55,  1.48s/it, bound:836 nc:  1 ncall:6.3e+06 eff:0.2% logz-ratio=384577.06+/-0.26 dlogz:481.048>0.01]14837it [3:16:10,  1.48s/it, bound:837 nc:344 ncall:6.3e+06 eff:0.2% logz-ratio=384494.95+/-0.12 dlogz:563.944>0.01]14838it [3:16:31,  2.95s/it, bound:837 nc:292 ncall:6.3e+06 eff:0.2% logz-ratio=384495.16+/-0.15 dlogz:563.718>0.01]14844it [3:16:31,  2.01s/it, bound:837 nc:  1 ncall:6.3e+06 eff:0.2% logz-ratio=384650.71+/-0.27 dlogz:406.920>0.01]14851it [3:16:31,  1.32s/it, bound:837 nc:  1 ncall:6.3e+06 eff:0.2% logz-ratio=384684.00+/-0.26 dlogz:373.327>0.01]14853it [3:16:50,  1.32s/it, bound:838 nc:249 ncall:6.3e+06 eff:0.2% logz-ratio=384498.36+/-0.16 dlogz:560.538>0.01]14854it [3:17:09,  3.32s/it, bound:838 nc:343 ncall:6.3e+06 eff:0.2% logz-ratio=384498.60+/-0.19 dlogz:560.276>0.01]14856it [3:17:17,  3.38s/it, bound:838 nc:402 ncall:6.3e+06 eff:0.2% logz-ratio=384499.17+/-0.13 dlogz:559.777>0.01]14863it [3:17:17,  1.98s/it, bound:838 nc:  1 ncall:6.3e+06 eff:0.2% logz-ratio=384793.71+/-0.29 dlogz:262.545>0.01]14868it [3:17:30,  1.98s/it, bound:839 nc:435 ncall:6.3e+06 eff:0.2% logz-ratio=384503.20+/-0.19 dlogz:555.751>0.01]14869it [3:18:13,  4.47s/it, bound:839 nc:484 ncall:6.3e+06 eff:0.2% logz-ratio=384503.53+/-0.21 dlogz:555.411>0.01]14873it [3:18:13,  3.39s/it, bound:839 nc:  1 ncall:6.3e+06 eff:0.2% logz-ratio=384656.24+/-0.27 dlogz:401.322>0.01]14878it [3:18:13,  2.37s/it, bound:839 nc:541 ncall:6.3e+06 eff:0.2% logz-ratio=384506.74+/-0.11 dlogz:552.049>0.01]14883it [3:18:13,  1.66s/it, bound:840 nc:  1 ncall:6.3e+06 eff:0.2% logz-ratio=384681.51+/-0.26 dlogz:375.810>0.01]14883it [3:18:30,  1.66s/it, bound:840 nc:  1 ncall:6.3e+06 eff:0.2% logz-ratio=385051.67+/-0.45 dlogz:1.099>0.01]  14884it [3:19:12,  6.17s/it, bound:840 nc:640 ncall:6.3e+06 eff:0.2% logz-ratio=384508.07+/-0.14 dlogz:550.868>0.01]14888it [3:19:12,  4.25s/it, bound:840 nc:1006 ncall:6.3e+06 eff:0.2% logz-ratio=384509.41+/-0.13 dlogz:549.447>0.01]14893it [3:19:12,  2.74s/it, bound:840 nc:525 ncall:6.3e+06 eff:0.2% logz-ratio=384510.66+/-0.13 dlogz:548.203>0.01] 14898it [3:19:12,  1.82s/it, bound:841 nc:  1 ncall:6.3e+06 eff:0.2% logz-ratio=384552.06+/-0.26 dlogz:506.192>0.01]14898it [3:19:30,  1.82s/it, bound:841 nc:  1 ncall:6.3e+06 eff:0.2% logz-ratio=385051.64+/-0.45 dlogz:1.099>0.01]  14899it [3:20:04,  6.21s/it, bound:841 nc:534 ncall:6.3e+06 eff:0.2% logz-ratio=384512.20+/-0.12 dlogz:546.567>0.01]14903it [3:20:04,  4.14s/it, bound:841 nc:502 ncall:6.3e+06 eff:0.2% logz-ratio=384513.15+/-0.11 dlogz:545.600>0.01]14908it [3:20:04,  2.60s/it, bound:841 nc:  1 ncall:6.3e+06 eff:0.2% logz-ratio=384760.02+/-0.29 dlogz:296.527>0.01]14913it [3:20:04,  1.70s/it, bound:841 nc:  1 ncall:6.3e+06 eff:0.2% logz-ratio=384601.98+/-0.26 dlogz:455.927>0.01]14914it [3:20:20,  1.70s/it, bound:842 nc:486 ncall:6.3e+06 eff:0.2% logz-ratio=384515.97+/-0.13 dlogz:542.848>0.01]14915it [3:20:54,  5.58s/it, bound:842 nc:396 ncall:6.3e+06 eff:0.2% logz-ratio=384516.24+/-0.17 dlogz:542.549>0.01]14920it [3:20:55,  3.51s/it, bound:842 nc:449 ncall:6.3e+06 eff:0.2% logz-ratio=384519.07+/-0.20 dlogz:540.230>0.01]14929it [3:20:55,  1.80s/it, bound:843 nc:  1 ncall:6.3e+06 eff:0.2% logz-ratio=384527.91+/-0.26 dlogz:530.538>0.01]14929it [3:21:10,  1.80s/it, bound:843 nc:  1 ncall:6.3e+06 eff:0.2% logz-ratio=385051.58+/-0.42 dlogz:1.099>0.01]  14930it [3:21:38,  4.78s/it, bound:843 nc:410 ncall:6.3e+06 eff:0.2% logz-ratio=384522.88+/-0.14 dlogz:535.968>0.01]14938it [3:21:38,  2.63s/it, bound:843 nc:  1 ncall:6.3e+06 eff:0.2% logz-ratio=384646.80+/-0.26 dlogz:410.845>0.01]14943it [3:21:50,  2.63s/it, bound:844 nc:415 ncall:6.3e+06 eff:0.2% logz-ratio=384526.79+/-0.20 dlogz:532.105>0.01]14944it [3:22:15,  3.81s/it, bound:844 nc:281 ncall:6.3e+06 eff:0.2% logz-ratio=384527.15+/-0.22 dlogz:531.670>0.01]14950it [3:22:16,  2.61s/it, bound:844 nc:  1 ncall:6.3e+06 eff:0.2% logz-ratio=384529.62+/-0.24 dlogz:528.820>0.01]14957it [3:22:16,  1.71s/it, bound:844 nc:295 ncall:6.3e+06 eff:0.2% logz-ratio=384530.35+/-0.12 dlogz:528.315>0.01]14959it [3:22:30,  1.71s/it, bound:845 nc:  1 ncall:6.3e+06 eff:0.2% logz-ratio=385051.52+/-0.43 dlogz:1.099>0.01]  14960it [3:23:04,  4.23s/it, bound:845 nc:539 ncall:6.3e+06 eff:0.2% logz-ratio=384531.23+/-0.13 dlogz:527.472>0.01]14965it [3:23:04,  2.99s/it, bound:845 nc:  1 ncall:6.3e+06 eff:0.2% logz-ratio=384707.43+/-0.26 dlogz:349.662>0.01]14971it [3:23:04,  2.00s/it, bound:845 nc:  1 ncall:6.3e+06 eff:0.2% logz-ratio=384596.02+/-0.26 dlogz:461.917>0.01]14975it [3:23:20,  2.00s/it, bound:846 nc:481 ncall:6.3e+06 eff:0.2% logz-ratio=384533.71+/-0.09 dlogz:524.816>0.01]14976it [3:24:15,  5.45s/it, bound:846 nc:581 ncall:6.3e+06 eff:0.2% logz-ratio=384533.85+/-0.12 dlogz:524.683>0.01]14980it [3:24:15,  4.12s/it, bound:846 nc:  1 ncall:6.3e+06 eff:0.2% logz-ratio=384636.09+/-0.26 dlogz:421.624>0.01]14986it [3:24:15,  2.70s/it, bound:846 nc:  1 ncall:6.3e+06 eff:0.2% logz-ratio=384588.85+/-0.26 dlogz:469.148>0.01]14991it [3:24:30,  2.70s/it, bound:847 nc:473 ncall:6.3e+06 eff:0.2% logz-ratio=384537.45+/-0.14 dlogz:521.266>0.01]14992it [3:25:54,  7.26s/it, bound:847 nc:1107 ncall:6.3e+06 eff:0.2% logz-ratio=384537.73+/-0.18 dlogz:520.914>0.01]14995it [3:25:54,  5.88s/it, bound:847 nc:1091 ncall:6.3e+06 eff:0.2% logz-ratio=384538.48+/-0.14 dlogz:520.199>0.01]15000it [3:25:54,  4.05s/it, bound:847 nc:1011 ncall:6.3e+06 eff:0.2% logz-ratio=384540.09+/-0.12 dlogz:518.510>0.01]15005it [3:25:54,  2.81s/it, bound:847 nc:983 ncall:6.3e+06 eff:0.2% logz-ratio=384541.21+/-0.10 dlogz:517.307>0.01] 15007it [3:26:10,  2.81s/it, bound:848 nc:  1 ncall:6.3e+06 eff:0.2% logz-ratio=385051.42+/-0.43 dlogz:1.099>0.01]  15008it [3:27:19,  8.13s/it, bound:848 nc:959 ncall:6.3e+06 eff:0.2% logz-ratio=384542.02+/-0.12 dlogz:516.566>0.01]15010it [3:27:33,  7.96s/it, bound:848 nc:849 ncall:6.3e+06 eff:0.2% logz-ratio=384542.50+/-0.12 dlogz:516.059>0.01]15016it [3:27:34,  4.66s/it, bound:848 nc:841 ncall:6.4e+06 eff:0.2% logz-ratio=384543.50+/-0.10 dlogz:514.962>0.01]15023it [3:27:34,  2.76s/it, bound:849 nc:  1 ncall:6.4e+06 eff:0.2% logz-ratio=384580.01+/-0.26 dlogz:478.046>0.01]15023it [3:27:50,  2.76s/it, bound:849 nc:  1 ncall:6.4e+06 eff:0.2% logz-ratio=385051.39+/-0.43 dlogz:1.099>0.01]  15024it [3:28:42,  7.78s/it, bound:849 nc:682 ncall:6.4e+06 eff:0.2% logz-ratio=384544.89+/-0.09 dlogz:513.539>0.01]15028it [3:28:42,  5.41s/it, bound:849 nc:515 ncall:6.4e+06 eff:0.2% logz-ratio=384545.42+/-0.10 dlogz:513.028>0.01]15033it [3:28:42,  3.51s/it, bound:849 nc:701 ncall:6.4e+06 eff:0.2% logz-ratio=384546.53+/-0.18 dlogz:524.604>0.01]15038it [3:28:42,  2.34s/it, bound:849 nc:740 ncall:6.4e+06 eff:0.2% logz-ratio=384548.07+/-0.12 dlogz:522.917>0.01]15039it [3:29:00,  2.34s/it, bound:850 nc:  1 ncall:6.4e+06 eff:0.2% logz-ratio=385063.82+/-0.41 dlogz:1.099>0.01]  15040it [3:29:46,  7.09s/it, bound:850 nc:560 ncall:6.4e+06 eff:0.2% logz-ratio=384548.60+/-0.12 dlogz:522.387>0.01]15045it [3:29:46,  4.51s/it, bound:850 nc:  1 ncall:6.4e+06 eff:0.2% logz-ratio=384659.57+/-0.27 dlogz:410.408>0.01]15051it [3:29:46,  2.78s/it, bound:850 nc:  1 ncall:6.4e+06 eff:0.2% logz-ratio=384567.01+/-0.26 dlogz:503.603>0.01]15055it [3:30:00,  2.78s/it, bound:851 nc:  1 ncall:6.4e+06 eff:0.2% logz-ratio=385063.79+/-0.41 dlogz:1.099>0.01]  15056it [3:30:46,  5.71s/it, bound:851 nc:390 ncall:6.4e+06 eff:0.2% logz-ratio=384553.69+/-0.15 dlogz:517.415>0.01]15062it [3:30:46,  3.72s/it, bound:851 nc:  1 ncall:6.4e+06 eff:0.2% logz-ratio=384677.94+/-0.26 dlogz:391.847>0.01]15068it [3:30:47,  2.48s/it, bound:851 nc:  1 ncall:6.4e+06 eff:0.2% logz-ratio=384566.56+/-0.26 dlogz:504.056>0.01]15071it [3:31:00,  2.48s/it, bound:852 nc:632 ncall:6.4e+06 eff:0.2% logz-ratio=384557.78+/-0.15 dlogz:513.264>0.01]15072it [3:31:52,  5.80s/it, bound:852 nc:647 ncall:6.4e+06 eff:0.2% logz-ratio=384558.12+/-0.19 dlogz:512.884>0.01]15076it [3:31:52,  4.32s/it, bound:852 nc:  1 ncall:6.4e+06 eff:0.2% logz-ratio=384680.48+/-0.26 dlogz:389.275>0.01]15081it [3:31:52,  2.97s/it, bound:852 nc:612 ncall:6.4e+06 eff:0.2% logz-ratio=384561.06+/-0.15 dlogz:509.997>0.01]15086it [3:31:52,  2.06s/it, bound:852 nc:  1 ncall:6.4e+06 eff:0.2% logz-ratio=384677.90+/-0.26 dlogz:391.882>0.01]15087it [3:32:10,  2.06s/it, bound:853 nc:710 ncall:6.4e+06 eff:0.2% logz-ratio=384563.38+/-0.15 dlogz:507.645>0.01]15088it [3:32:48,  5.97s/it, bound:853 nc:548 ncall:6.4e+06 eff:0.2% logz-ratio=384563.81+/-0.20 dlogz:507.248>0.01]15091it [3:32:48,  4.52s/it, bound:853 nc:520 ncall:6.4e+06 eff:0.2% logz-ratio=384565.11+/-0.16 dlogz:505.967>0.01]15096it [3:32:48,  2.87s/it, bound:853 nc:448 ncall:6.4e+06 eff:0.2% logz-ratio=384566.96+/-0.17 dlogz:503.911>0.01]15102it [3:32:48,  1.77s/it, bound:853 nc:  1 ncall:6.4e+06 eff:0.2% logz-ratio=384651.71+/-0.27 dlogz:418.293>0.01]15103it [3:33:00,  1.77s/it, bound:854 nc:541 ncall:6.4e+06 eff:0.2% logz-ratio=384568.67+/-0.12 dlogz:502.179>0.01]15104it [3:33:44,  5.80s/it, bound:854 nc:535 ncall:6.4e+06 eff:0.2% logz-ratio=384568.88+/-0.16 dlogz:501.933>0.01]15108it [3:33:44,  4.02s/it, bound:854 nc:  1 ncall:6.4e+06 eff:0.2% logz-ratio=384581.50+/-0.26 dlogz:488.993>0.01]15113it [3:33:44,  2.60s/it, bound:854 nc:  1 ncall:6.4e+06 eff:0.2% logz-ratio=384579.88+/-0.26 dlogz:490.643>0.01]15118it [3:33:44,  1.74s/it, bound:854 nc:475 ncall:6.4e+06 eff:0.2% logz-ratio=384573.80+/-0.20 dlogz:497.068>0.01]15119it [3:34:00,  1.74s/it, bound:855 nc:504 ncall:6.4e+06 eff:0.2% logz-ratio=384574.06+/-0.13 dlogz:496.773>0.01]15120it [3:34:41,  6.03s/it, bound:855 nc:586 ncall:6.4e+06 eff:0.2% logz-ratio=384574.30+/-0.16 dlogz:496.506>0.01]15125it [3:34:41,  3.84s/it, bound:855 nc:  1 ncall:6.4e+06 eff:0.2% logz-ratio=384697.00+/-0.27 dlogz:372.580>0.01]15130it [3:34:41,  2.53s/it, bound:855 nc:601 ncall:6.4e+06 eff:0.2% logz-ratio=384577.05+/-0.11 dlogz:493.680>0.01]15134it [3:35:00,  2.53s/it, bound:856 nc:459 ncall:6.4e+06 eff:0.2% logz-ratio=384577.84+/-0.11 dlogz:492.907>0.01]15135it [3:35:43,  5.75s/it, bound:856 nc:567 ncall:6.4e+06 eff:0.2% logz-ratio=384578.04+/-0.15 dlogz:492.703>0.01]15139it [3:35:43,  4.18s/it, bound:856 nc:  1 ncall:6.4e+06 eff:0.2% logz-ratio=384767.92+/-0.26 dlogz:300.953>0.01]15145it [3:35:43,  2.65s/it, bound:856 nc:  1 ncall:6.4e+06 eff:0.2% logz-ratio=384589.77+/-0.26 dlogz:480.673>0.01]15149it [3:36:00,  2.65s/it, bound:857 nc:  1 ncall:6.4e+06 eff:0.2% logz-ratio=385063.60+/-0.44 dlogz:1.099>0.01]  15150it [3:36:39,  5.25s/it, bound:857 nc:583 ncall:6.4e+06 eff:0.2% logz-ratio=384580.86+/-0.09 dlogz:489.775>0.01]15155it [3:36:39,  3.66s/it, bound:857 nc:  1 ncall:6.4e+06 eff:0.2% logz-ratio=384670.59+/-0.26 dlogz:399.265>0.01]15160it [3:36:39,  2.56s/it, bound:857 nc:381 ncall:6.4e+06 eff:0.2% logz-ratio=384583.47+/-0.15 dlogz:487.432>0.01]15164it [3:36:50,  2.56s/it, bound:858 nc:  1 ncall:6.4e+06 eff:0.2% logz-ratio=385063.57+/-0.42 dlogz:1.099>0.01]  15165it [3:37:21,  4.31s/it, bound:858 nc:320 ncall:6.4e+06 eff:0.2% logz-ratio=384584.97+/-0.14 dlogz:485.822>0.01]15176it [3:37:21,  2.21s/it, bound:858 nc:  1 ncall:6.4e+06 eff:0.2% logz-ratio=384590.92+/-0.26 dlogz:479.507>0.01]15180it [3:37:40,  2.21s/it, bound:859 nc:440 ncall:6.4e+06 eff:0.2% logz-ratio=384589.46+/-0.11 dlogz:481.166>0.01]15181it [3:38:02,  3.64s/it, bound:859 nc:430 ncall:6.4e+06 eff:0.2% logz-ratio=384589.63+/-0.14 dlogz:480.984>0.01]15183it [3:38:09,  3.62s/it, bound:859 nc:377 ncall:6.4e+06 eff:0.2% logz-ratio=384589.95+/-0.10 dlogz:480.650>0.01]15189it [3:38:09,  2.39s/it, bound:859 nc:467 ncall:6.4e+06 eff:0.2% logz-ratio=384590.96+/-0.10 dlogz:479.648>0.01]15196it [3:38:20,  2.39s/it, bound:860 nc:348 ncall:6.4e+06 eff:0.2% logz-ratio=384592.47+/-0.16 dlogz:478.208>0.01]15197it [3:38:53,  3.64s/it, bound:860 nc:365 ncall:6.4e+06 eff:0.2% logz-ratio=384592.83+/-0.20 dlogz:477.949>0.01]15203it [3:38:53,  2.56s/it, bound:860 nc:  1 ncall:6.5e+06 eff:0.2% logz-ratio=384656.71+/-0.26 dlogz:413.251>0.01]15209it [3:38:53,  1.81s/it, bound:860 nc:  1 ncall:6.5e+06 eff:0.2% logz-ratio=384702.98+/-0.26 dlogz:366.569>0.01]15212it [3:39:10,  1.81s/it, bound:861 nc:  1 ncall:6.5e+06 eff:0.2% logz-ratio=385063.47+/-0.44 dlogz:1.099>0.01]  15213it [3:39:35,  3.73s/it, bound:861 nc:436 ncall:6.5e+06 eff:0.2% logz-ratio=384596.22+/-0.09 dlogz:474.289>0.01]15218it [3:39:35,  2.68s/it, bound:861 nc:  1 ncall:6.5e+06 eff:0.2% logz-ratio=384710.96+/-0.27 dlogz:358.502>0.01]15224it [3:39:36,  1.81s/it, bound:861 nc:379 ncall:6.5e+06 eff:0.2% logz-ratio=384599.57+/-0.22 dlogz:471.185>0.01]15228it [3:39:50,  1.81s/it, bound:862 nc:421 ncall:6.5e+06 eff:0.2% logz-ratio=384600.73+/-0.13 dlogz:469.891>0.01]15229it [3:40:22,  3.91s/it, bound:862 nc:550 ncall:6.5e+06 eff:0.2% logz-ratio=384600.97+/-0.16 dlogz:469.625>0.01]15236it [3:40:22,  2.51s/it, bound:862 nc:  1 ncall:6.5e+06 eff:0.2% logz-ratio=384663.75+/-0.27 dlogz:406.165>0.01]15242it [3:40:22,  1.75s/it, bound:862 nc:  1 ncall:6.5e+06 eff:0.2% logz-ratio=384861.42+/-0.26 dlogz:206.402>0.01]15244it [3:40:40,  1.75s/it, bound:863 nc:459 ncall:6.5e+06 eff:0.2% logz-ratio=384604.83+/-0.20 dlogz:465.916>0.01]15245it [3:40:59,  3.63s/it, bound:863 nc:404 ncall:6.5e+06 eff:0.2% logz-ratio=384605.22+/-0.22 dlogz:465.485>0.01]15250it [3:40:59,  2.55s/it, bound:863 nc:458 ncall:6.5e+06 eff:0.2% logz-ratio=384606.79+/-0.12 dlogz:463.772>0.01]15258it [3:40:59,  1.52s/it, bound:863 nc:  1 ncall:6.5e+06 eff:0.2% logz-ratio=384896.84+/-0.35 dlogz:170.492>0.01]15260it [3:41:10,  1.52s/it, bound:864 nc:421 ncall:6.5e+06 eff:0.2% logz-ratio=384608.77+/-0.13 dlogz:461.657>0.01]15261it [3:41:39,  3.62s/it, bound:864 nc:418 ncall:6.5e+06 eff:0.2% logz-ratio=384608.93+/-0.16 dlogz:461.518>0.01]15267it [3:41:39,  2.40s/it, bound:864 nc:  1 ncall:6.5e+06 eff:0.2% logz-ratio=384673.90+/-0.26 dlogz:395.919>0.01]15274it [3:41:39,  1.54s/it, bound:864 nc:367 ncall:6.5e+06 eff:0.2% logz-ratio=384613.06+/-0.19 dlogz:463.676>0.01]15275it [3:41:50,  1.54s/it, bound:865 nc:  1 ncall:6.5e+06 eff:0.2% logz-ratio=385069.50+/-0.39 dlogz:1.096>0.01]  15276it [3:42:32,  4.70s/it, bound:865 nc:486 ncall:6.5e+06 eff:0.2% logz-ratio=384613.54+/-0.12 dlogz:463.096>0.01]15280it [3:42:32,  3.45s/it, bound:865 nc:  1 ncall:6.5e+06 eff:0.2% logz-ratio=384744.57+/-0.26 dlogz:330.742>0.01]15286it [3:42:32,  2.20s/it, bound:865 nc:616 ncall:6.5e+06 eff:0.2% logz-ratio=384616.30+/-0.18 dlogz:460.366>0.01]15291it [3:42:50,  2.20s/it, bound:866 nc:529 ncall:6.5e+06 eff:0.2% logz-ratio=384618.28+/-0.13 dlogz:458.367>0.01]15292it [3:43:41,  5.41s/it, bound:866 nc:759 ncall:6.5e+06 eff:0.2% logz-ratio=384618.52+/-0.17 dlogz:458.088>0.01]15294it [3:43:41,  4.66s/it, bound:866 nc:  1 ncall:6.5e+06 eff:0.2% logz-ratio=384752.10+/-0.27 dlogz:323.115>0.01]15300it [3:43:42,  2.92s/it, bound:866 nc:  1 ncall:6.5e+06 eff:0.2% logz-ratio=384647.00+/-0.26 dlogz:429.176>0.01]15305it [3:43:42,  2.02s/it, bound:866 nc:812 ncall:6.5e+06 eff:0.2% logz-ratio=384621.47+/-0.12 dlogz:455.091>0.01]15307it [3:44:00,  2.02s/it, bound:867 nc:727 ncall:6.5e+06 eff:0.2% logz-ratio=384621.87+/-0.11 dlogz:454.675>0.01]15308it [3:44:40,  5.68s/it, bound:867 nc:519 ncall:6.5e+06 eff:0.2% logz-ratio=384622.06+/-0.15 dlogz:454.474>0.01]15311it [3:44:40,  4.38s/it, bound:867 nc:  1 ncall:6.5e+06 eff:0.2% logz-ratio=384676.21+/-0.26 dlogz:399.723>0.01]15316it [3:44:40,  2.84s/it, bound:867 nc:666 ncall:6.5e+06 eff:0.2% logz-ratio=384625.20+/-0.20 dlogz:459.866>0.01]15320it [3:44:40,  2.03s/it, bound:867 nc:  1 ncall:6.5e+06 eff:0.2% logz-ratio=384644.32+/-0.26 dlogz:440.132>0.01]15321it [3:45:00,  2.03s/it, bound:868 nc:543 ncall:6.5e+06 eff:0.2% logz-ratio=384628.32+/-0.19 dlogz:456.979>0.01]15322it [3:45:30,  5.87s/it, bound:868 nc:489 ncall:6.5e+06 eff:0.2% logz-ratio=384628.88+/-0.23 dlogz:456.233>0.01]15324it [3:45:30,  4.73s/it, bound:868 nc:  1 ncall:6.5e+06 eff:0.2% logz-ratio=384839.59+/-0.27 dlogz:242.965>0.01]15328it [3:45:30,  3.04s/it, bound:868 nc:  1 ncall:6.5e+06 eff:0.2% logz-ratio=384727.93+/-0.27 dlogz:355.774>0.01]15332it [3:45:30,  2.02s/it, bound:868 nc:  1 ncall:6.5e+06 eff:0.2% logz-ratio=384662.40+/-0.26 dlogz:421.919>0.01]15336it [3:45:30,  1.37s/it, bound:868 nc:470 ncall:6.5e+06 eff:0.2% logz-ratio=384633.00+/-0.17 dlogz:451.798>0.01]15337it [3:45:40,  1.37s/it, bound:869 nc:  1 ncall:6.5e+06 eff:0.2% logz-ratio=385077.61+/-0.46 dlogz:1.098>0.01]  15338it [3:46:13,  5.22s/it, bound:869 nc:417 ncall:6.5e+06 eff:0.2% logz-ratio=384633.54+/-0.13 dlogz:451.254>0.01]15344it [3:46:14,  2.89s/it, bound:869 nc:480 ncall:6.5e+06 eff:0.2% logz-ratio=384635.65+/-0.13 dlogz:449.133>0.01]15350it [3:46:14,  1.77s/it, bound:869 nc:546 ncall:6.5e+06 eff:0.2% logz-ratio=384637.08+/-0.12 dlogz:447.643>0.01]15352it [3:46:30,  1.77s/it, bound:869 nc:  1 ncall:6.5e+06 eff:0.2% logz-ratio=385077.58+/-0.46 dlogz:1.098>0.01]  15353it [3:46:59,  4.67s/it, bound:870 nc:839 ncall:6.5e+06 eff:0.2% logz-ratio=384637.71+/-0.11 dlogz:446.980>0.01]15360it [3:46:59,  2.71s/it, bound:870 nc:  1 ncall:6.5e+06 eff:0.2% logz-ratio=384695.54+/-0.26 dlogz:388.458>0.01]15366it [3:46:59,  1.80s/it, bound:870 nc:470 ncall:6.5e+06 eff:0.2% logz-ratio=384642.24+/-0.15 dlogz:442.615>0.01]15367it [3:47:10,  1.80s/it, bound:870 nc:463 ncall:6.5e+06 eff:0.2% logz-ratio=384642.67+/-0.20 dlogz:442.223>0.01]15368it [3:47:35,  4.03s/it, bound:871 nc:836 ncall:6.5e+06 eff:0.2% logz-ratio=384643.01+/-0.22 dlogz:441.789>0.01]15371it [3:47:35,  3.11s/it, bound:871 nc:  1 ncall:6.5e+06 eff:0.2% logz-ratio=384791.40+/-0.27 dlogz:291.666>0.01]15377it [3:47:35,  1.88s/it, bound:871 nc:  1 ncall:6.5e+06 eff:0.2% logz-ratio=384663.31+/-0.26 dlogz:420.989>0.01]15382it [3:47:35,  1.29s/it, bound:871 nc:445 ncall:6.5e+06 eff:0.2% logz-ratio=384646.30+/-0.15 dlogz:438.315>0.01]15383it [3:47:50,  1.29s/it, bound:872 nc:  1 ncall:6.5e+06 eff:0.2% logz-ratio=385077.52+/-0.46 dlogz:1.098>0.01]  15384it [3:48:11,  3.89s/it, bound:872 nc:393 ncall:6.5e+06 eff:0.2% logz-ratio=384646.60+/-0.10 dlogz:437.972>0.01]15387it [3:48:23,  3.92s/it, bound:872 nc:322 ncall:6.5e+06 eff:0.2% logz-ratio=384647.00+/-0.09 dlogz:437.553>0.01]15395it [3:48:23,  2.02s/it, bound:872 nc:  1 ncall:6.5e+06 eff:0.2% logz-ratio=384818.30+/-0.28 dlogz:264.494>0.01]15399it [3:48:40,  2.02s/it, bound:873 nc:334 ncall:6.5e+06 eff:0.2% logz-ratio=384649.57+/-0.15 dlogz:435.204>0.01]15400it [3:49:04,  3.84s/it, bound:873 nc:476 ncall:6.5e+06 eff:0.2% logz-ratio=384650.04+/-0.20 dlogz:434.826>0.01]15407it [3:49:04,  2.40s/it, bound:873 nc:  1 ncall:6.5e+06 eff:0.2% logz-ratio=384847.40+/-0.29 dlogz:234.959>0.01]15414it [3:49:20,  2.40s/it, bound:874 nc:423 ncall:6.6e+06 eff:0.2% logz-ratio=384653.63+/-0.15 dlogz:430.956>0.01]15415it [3:49:47,  3.53s/it, bound:874 nc:437 ncall:6.6e+06 eff:0.2% logz-ratio=384653.91+/-0.18 dlogz:430.737>0.01]15421it [3:49:47,  2.51s/it, bound:874 nc:  1 ncall:6.6e+06 eff:0.2% logz-ratio=384758.72+/-0.27 dlogz:324.677>0.01]15428it [3:49:47,  1.70s/it, bound:874 nc:395 ncall:6.6e+06 eff:0.2% logz-ratio=384656.92+/-0.10 dlogz:427.570>0.01]15430it [3:50:00,  1.70s/it, bound:875 nc:  1 ncall:6.6e+06 eff:0.2% logz-ratio=385077.43+/-0.47 dlogz:1.098>0.01]  15431it [3:50:31,  3.88s/it, bound:875 nc:421 ncall:6.6e+06 eff:0.2% logz-ratio=384657.92+/-0.17 dlogz:426.926>0.01]15439it [3:50:32,  2.38s/it, bound:875 nc:  1 ncall:6.6e+06 eff:0.2% logz-ratio=384725.55+/-0.27 dlogz:358.159>0.01]15446it [3:50:32,  1.61s/it, bound:876 nc:389 ncall:6.6e+06 eff:0.2% logz-ratio=384662.58+/-0.11 dlogz:441.156>0.01]15446it [3:50:50,  1.61s/it, bound:876 nc:389 ncall:6.6e+06 eff:0.2% logz-ratio=384662.58+/-0.11 dlogz:441.156>0.01]15447it [3:51:11,  3.98s/it, bound:876 nc:432 ncall:6.6e+06 eff:0.2% logz-ratio=384662.78+/-0.15 dlogz:440.957>0.01]15451it [3:51:11,  2.94s/it, bound:876 nc:  1 ncall:6.6e+06 eff:0.2% logz-ratio=384848.50+/-0.28 dlogz:253.094>0.01]15457it [3:51:11,  1.89s/it, bound:876 nc:  1 ncall:6.6e+06 eff:0.2% logz-ratio=384733.96+/-0.26 dlogz:368.907>0.01]15462it [3:51:30,  1.89s/it, bound:877 nc:414 ncall:6.6e+06 eff:0.2% logz-ratio=384666.10+/-0.14 dlogz:437.598>0.01]15463it [3:51:46,  3.21s/it, bound:877 nc:401 ncall:6.6e+06 eff:0.2% logz-ratio=384666.29+/-0.17 dlogz:437.413>0.01]15469it [3:51:46,  2.17s/it, bound:877 nc:  1 ncall:6.6e+06 eff:0.2% logz-ratio=384842.94+/-0.27 dlogz:258.748>0.01]15478it [3:52:00,  2.17s/it, bound:878 nc:261 ncall:6.6e+06 eff:0.2% logz-ratio=384669.53+/-0.17 dlogz:434.110>0.01]15479it [3:52:24,  2.86s/it, bound:878 nc:369 ncall:6.6e+06 eff:0.2% logz-ratio=384669.68+/-0.19 dlogz:433.952>0.01]15482it [3:52:24,  2.41s/it, bound:878 nc:  1 ncall:6.6e+06 eff:0.2% logz-ratio=384761.58+/-0.26 dlogz:341.029>0.01]15488it [3:52:24,  1.67s/it, bound:878 nc:  1 ncall:6.6e+06 eff:0.2% logz-ratio=384680.35+/-0.26 dlogz:423.015>0.01]15494it [3:52:24,  1.16s/it, bound:879 nc:426 ncall:6.6e+06 eff:0.2% logz-ratio=384672.29+/-0.16 dlogz:431.298>0.01]15494it [3:52:40,  1.16s/it, bound:879 nc:  1 ncall:6.6e+06 eff:0.2% logz-ratio=385096.54+/-0.70 dlogz:1.099>0.01]  15495it [3:53:00,  3.51s/it, bound:879 nc:386 ncall:6.6e+06 eff:0.2% logz-ratio=384672.45+/-0.10 dlogz:431.157>0.01]15500it [3:53:00,  2.37s/it, bound:879 nc:  1 ncall:6.6e+06 eff:0.2% logz-ratio=384818.16+/-0.27 dlogz:283.924>0.01]15506it [3:53:00,  1.52s/it, bound:879 nc:  1 ncall:6.6e+06 eff:0.2% logz-ratio=384701.10+/-0.27 dlogz:402.100>0.01]15510it [3:53:10,  1.52s/it, bound:880 nc:287 ncall:6.6e+06 eff:0.2% logz-ratio=384675.62+/-0.12 dlogz:428.026>0.01]15511it [3:53:38,  3.36s/it, bound:880 nc:449 ncall:6.6e+06 eff:0.2% logz-ratio=384675.87+/-0.16 dlogz:427.791>0.01]15516it [3:53:38,  2.36s/it, bound:880 nc:  1 ncall:6.6e+06 eff:0.2% logz-ratio=384896.36+/-0.32 dlogz:204.673>0.01]15524it [3:53:38,  1.41s/it, bound:880 nc:  1 ncall:6.6e+06 eff:0.2% logz-ratio=384699.85+/-0.27 dlogz:403.348>0.01]15525it [3:53:50,  1.41s/it, bound:881 nc:330 ncall:6.6e+06 eff:0.2% logz-ratio=384679.14+/-0.10 dlogz:424.422>0.01]15526it [3:54:15,  3.58s/it, bound:881 nc:400 ncall:6.6e+06 eff:0.2% logz-ratio=384679.29+/-0.14 dlogz:424.248>0.01]15533it [3:54:15,  2.19s/it, bound:881 nc:  1 ncall:6.6e+06 eff:0.2% logz-ratio=384740.77+/-0.27 dlogz:362.041>0.01]15540it [3:54:16,  1.42s/it, bound:881 nc:424 ncall:6.6e+06 eff:0.2% logz-ratio=384681.51+/-0.11 dlogz:422.031>0.01]15541it [3:54:30,  1.42s/it, bound:882 nc:397 ncall:6.6e+06 eff:0.2% logz-ratio=384681.69+/-0.15 dlogz:421.839>0.01]15542it [3:54:53,  3.60s/it, bound:882 nc:300 ncall:6.6e+06 eff:0.2% logz-ratio=384681.85+/-0.17 dlogz:421.661>0.01]15550it [3:54:53,  2.09s/it, bound:882 nc:393 ncall:6.6e+06 eff:0.2% logz-ratio=384683.09+/-0.10 dlogz:420.398>0.01]15557it [3:55:10,  2.09s/it, bound:883 nc:371 ncall:6.6e+06 eff:0.2% logz-ratio=384684.72+/-0.17 dlogz:418.876>0.01]15558it [3:56:04,  4.63s/it, bound:883 nc:781 ncall:6.6e+06 eff:0.2% logz-ratio=384685.01+/-0.20 dlogz:418.603>0.01]15562it [3:56:04,  3.66s/it, bound:883 nc:  1 ncall:6.6e+06 eff:0.2% logz-ratio=384728.31+/-0.27 dlogz:374.628>0.01]15568it [3:56:04,  2.52s/it, bound:883 nc:  1 ncall:6.6e+06 eff:0.2% logz-ratio=384740.08+/-0.27 dlogz:362.745>0.01]15573it [3:56:20,  2.52s/it, bound:884 nc:681 ncall:6.6e+06 eff:0.2% logz-ratio=384688.09+/-0.12 dlogz:415.441>0.01]15574it [3:57:02,  4.74s/it, bound:884 nc:650 ncall:6.6e+06 eff:0.2% logz-ratio=384688.29+/-0.16 dlogz:415.197>0.01]15579it [3:57:02,  3.47s/it, bound:884 nc:  1 ncall:6.6e+06 eff:0.2% logz-ratio=384826.01+/-0.28 dlogz:275.975>0.01]15585it [3:57:02,  2.38s/it, bound:884 nc:  1 ncall:6.6e+06 eff:0.2% logz-ratio=384722.74+/-0.26 dlogz:380.244>0.01]15589it [3:57:20,  2.38s/it, bound:885 nc:  1 ncall:6.6e+06 eff:0.2% logz-ratio=385096.35+/-0.71 dlogz:1.099>0.01]  15590it [3:57:54,  4.53s/it, bound:885 nc:592 ncall:6.6e+06 eff:0.2% logz-ratio=384693.34+/-0.12 dlogz:410.162>0.01]15593it [3:57:54,  3.68s/it, bound:885 nc:  1 ncall:6.6e+06 eff:0.2% logz-ratio=384849.64+/-0.28 dlogz:252.003>0.01]15598it [3:57:54,  2.54s/it, bound:885 nc:535 ncall:6.6e+06 eff:0.2% logz-ratio=384694.67+/-0.10 dlogz:408.709>0.01]15603it [3:57:54,  1.77s/it, bound:885 nc:558 ncall:6.6e+06 eff:0.2% logz-ratio=384695.38+/-0.13 dlogz:407.982>0.01]15605it [3:58:10,  1.77s/it, bound:886 nc:  1 ncall:6.6e+06 eff:0.2% logz-ratio=385096.31+/-0.72 dlogz:1.099>0.01]  15606it [3:58:46,  5.04s/it, bound:886 nc:493 ncall:6.6e+06 eff:0.2% logz-ratio=384695.73+/-0.09 dlogz:407.605>0.01]15608it [3:58:54,  4.82s/it, bound:886 nc:506 ncall:6.6e+06 eff:0.2% logz-ratio=384696.02+/-0.10 dlogz:407.348>0.01]15613it [3:58:54,  3.03s/it, bound:886 nc:  1 ncall:6.6e+06 eff:0.2% logz-ratio=384938.27+/-0.27 dlogz:162.246>0.01]15619it [3:58:54,  1.86s/it, bound:886 nc:  1 ncall:6.6e+06 eff:0.2% logz-ratio=384813.32+/-0.27 dlogz:288.803>0.01]15620it [3:59:10,  1.86s/it, bound:887 nc:564 ncall:6.6e+06 eff:0.2% logz-ratio=384700.88+/-0.14 dlogz:402.645>0.01]15621it [3:59:42,  5.35s/it, bound:887 nc:541 ncall:6.6e+06 eff:0.2% logz-ratio=384701.14+/-0.18 dlogz:402.317>0.01]15626it [3:59:42,  3.44s/it, bound:887 nc:  1 ncall:6.6e+06 eff:0.2% logz-ratio=384803.90+/-0.27 dlogz:298.300>0.01]15634it [3:59:43,  1.90s/it, bound:887 nc:  1 ncall:6.7e+06 eff:0.2% logz-ratio=384765.52+/-0.26 dlogz:337.039>0.01]15635it [4:00:00,  1.90s/it, bound:888 nc:519 ncall:6.7e+06 eff:0.2% logz-ratio=384704.29+/-0.12 dlogz:399.098>0.01]15636it [4:00:29,  4.83s/it, bound:888 nc:560 ncall:6.7e+06 eff:0.2% logz-ratio=384704.58+/-0.17 dlogz:398.872>0.01]15642it [4:00:29,  3.04s/it, bound:888 nc:  1 ncall:6.7e+06 eff:0.2% logz-ratio=384930.59+/-0.31 dlogz:170.010>0.01]15650it [4:00:29,  1.78s/it, bound:888 nc:  1 ncall:6.7e+06 eff:0.2% logz-ratio=384808.75+/-0.27 dlogz:293.432>0.01]15651it [4:00:40,  1.78s/it, bound:889 nc:335 ncall:6.7e+06 eff:0.2% logz-ratio=384708.39+/-0.11 dlogz:394.946>0.01]15652it [4:01:11,  4.30s/it, bound:889 nc:420 ncall:6.7e+06 eff:0.2% logz-ratio=384708.66+/-0.16 dlogz:394.742>0.01]15659it [4:01:11,  2.62s/it, bound:889 nc:  1 ncall:6.7e+06 eff:0.2% logz-ratio=384898.58+/-0.30 dlogz:202.524>0.01]15667it [4:01:30,  2.62s/it, bound:890 nc:490 ncall:6.7e+06 eff:0.2% logz-ratio=384712.73+/-0.14 dlogz:390.533>0.01]15668it [4:01:57,  3.64s/it, bound:890 nc:513 ncall:6.7e+06 eff:0.2% logz-ratio=384712.98+/-0.17 dlogz:390.367>0.01]15673it [4:01:57,  2.74s/it, bound:890 nc:  1 ncall:6.7e+06 eff:0.2% logz-ratio=384779.87+/-0.27 dlogz:322.556>0.01]15680it [4:01:57,  1.83s/it, bound:890 nc:472 ncall:6.7e+06 eff:0.2% logz-ratio=384715.84+/-0.12 dlogz:387.449>0.01]15683it [4:02:10,  1.83s/it, bound:891 nc:466 ncall:6.7e+06 eff:0.2% logz-ratio=384716.36+/-0.10 dlogz:386.870>0.01]15684it [4:02:46,  4.07s/it, bound:891 nc:571 ncall:6.7e+06 eff:0.2% logz-ratio=384716.54+/-0.14 dlogz:386.708>0.01]15689it [4:02:47,  2.95s/it, bound:891 nc:  1 ncall:6.7e+06 eff:0.2% logz-ratio=384804.07+/-0.27 dlogz:298.144>0.01]15695it [4:02:47,  2.01s/it, bound:891 nc:554 ncall:6.7e+06 eff:0.2% logz-ratio=384718.24+/-0.11 dlogz:384.984>0.01]15699it [4:03:00,  2.01s/it, bound:892 nc:372 ncall:6.7e+06 eff:0.2% logz-ratio=384718.86+/-0.13 dlogz:384.312>0.01]15700it [4:03:46,  4.75s/it, bound:892 nc:596 ncall:6.7e+06 eff:0.2% logz-ratio=384718.99+/-0.15 dlogz:384.177>0.01]15704it [4:03:46,  3.61s/it, bound:892 nc:  1 ncall:6.7e+06 eff:0.2% logz-ratio=384803.46+/-0.27 dlogz:298.773>0.01]15710it [4:03:46,  2.39s/it, bound:892 nc:526 ncall:6.7e+06 eff:0.2% logz-ratio=384720.39+/-0.10 dlogz:382.762>0.01]15715it [4:04:00,  2.39s/it, bound:893 nc:  1 ncall:6.7e+06 eff:0.2% logz-ratio=385096.09+/-0.72 dlogz:1.099>0.01]  15716it [4:04:53,  5.26s/it, bound:893 nc:644 ncall:6.7e+06 eff:0.2% logz-ratio=384721.20+/-0.10 dlogz:381.952>0.01]15719it [4:04:54,  4.27s/it, bound:893 nc:  1 ncall:6.7e+06 eff:0.2% logz-ratio=384877.60+/-0.28 dlogz:223.779>0.01]15724it [4:04:54,  2.95s/it, bound:893 nc:637 ncall:6.7e+06 eff:0.2% logz-ratio=384722.62+/-0.11 dlogz:380.557>0.01]15729it [4:04:54,  2.05s/it, bound:893 nc:662 ncall:6.7e+06 eff:0.2% logz-ratio=384723.92+/-0.16 dlogz:379.286>0.01]15731it [4:05:10,  2.05s/it, bound:894 nc:  1 ncall:6.7e+06 eff:0.2% logz-ratio=385096.06+/-0.72 dlogz:1.099>0.01]  15732it [4:05:46,  5.24s/it, bound:894 nc:384 ncall:6.7e+06 eff:0.2% logz-ratio=384724.54+/-0.11 dlogz:378.614>0.01]15739it [4:05:46,  3.09s/it, bound:894 nc:  1 ncall:6.7e+06 eff:0.2% logz-ratio=384923.34+/-0.28 dlogz:177.492>0.01]15745it [4:05:46,  2.07s/it, bound:894 nc:  1 ncall:6.7e+06 eff:0.2% logz-ratio=384832.50+/-0.27 dlogz:269.397>0.01]15747it [4:06:00,  2.07s/it, bound:895 nc:  1 ncall:6.7e+06 eff:0.2% logz-ratio=385096.03+/-0.72 dlogz:1.099>0.01]  15748it [4:06:37,  4.93s/it, bound:895 nc:408 ncall:6.7e+06 eff:0.2% logz-ratio=384727.37+/-0.10 dlogz:375.720>0.01]15755it [4:06:37,  3.01s/it, bound:895 nc:  1 ncall:6.7e+06 eff:0.2% logz-ratio=384892.90+/-0.28 dlogz:208.338>0.01]15761it [4:06:37,  2.04s/it, bound:895 nc:927 ncall:6.7e+06 eff:0.2% logz-ratio=384730.82+/-0.13 dlogz:372.376>0.01]15761it [4:06:50,  2.04s/it, bound:895 nc:927 ncall:6.7e+06 eff:0.2% logz-ratio=384730.82+/-0.13 dlogz:372.376>0.01]15762it [4:07:28,  5.57s/it, bound:896 nc:1006 ncall:6.7e+06 eff:0.2% logz-ratio=384731.08+/-0.17 dlogz:372.095>0.01]15767it [4:07:28,  3.69s/it, bound:896 nc:  1 ncall:6.7e+06 eff:0.2% logz-ratio=384895.63+/-0.28 dlogz:205.558>0.01] 15773it [4:07:29,  2.34s/it, bound:896 nc:515 ncall:6.7e+06 eff:0.2% logz-ratio=384733.17+/-0.14 dlogz:369.871>0.01]15777it [4:07:40,  2.34s/it, bound:897 nc:429 ncall:6.7e+06 eff:0.2% logz-ratio=384733.72+/-0.13 dlogz:369.307>0.01]15778it [4:08:13,  4.34s/it, bound:897 nc:366 ncall:6.7e+06 eff:0.2% logz-ratio=384733.88+/-0.16 dlogz:369.163>0.01]15781it [4:08:13,  3.45s/it, bound:897 nc:  1 ncall:6.7e+06 eff:0.2% logz-ratio=384847.16+/-0.27 dlogz:254.559>0.01]15789it [4:08:13,  1.93s/it, bound:897 nc:  1 ncall:6.7e+06 eff:0.2% logz-ratio=384737.09+/-0.25 dlogz:365.752>0.01]15793it [4:08:30,  1.93s/it, bound:898 nc:519 ncall:6.7e+06 eff:0.2% logz-ratio=384736.68+/-0.15 dlogz:366.551>0.01]15794it [4:08:55,  3.73s/it, bound:898 nc:394 ncall:6.7e+06 eff:0.2% logz-ratio=384737.09+/-0.20 dlogz:366.164>0.01]15796it [4:09:02,  3.71s/it, bound:898 nc:445 ncall:6.7e+06 eff:0.2% logz-ratio=384737.81+/-0.14 dlogz:365.364>0.01]15804it [4:09:02,  2.07s/it, bound:898 nc:  1 ncall:6.7e+06 eff:0.2% logz-ratio=384869.15+/-0.28 dlogz:232.370>0.01]15809it [4:09:20,  2.07s/it, bound:899 nc:381 ncall:6.7e+06 eff:0.2% logz-ratio=384741.35+/-0.16 dlogz:361.691>0.01]15810it [4:09:39,  3.38s/it, bound:899 nc:387 ncall:6.7e+06 eff:0.2% logz-ratio=384741.55+/-0.19 dlogz:361.467>0.01]15813it [4:09:39,  2.75s/it, bound:899 nc:  1 ncall:6.7e+06 eff:0.2% logz-ratio=384831.78+/-0.27 dlogz:270.134>0.01]15819it [4:09:39,  1.80s/it, bound:899 nc:  1 ncall:6.7e+06 eff:0.2% logz-ratio=384875.77+/-0.27 dlogz:225.651>0.01]15825it [4:09:50,  1.80s/it, bound:900 nc:  1 ncall:6.7e+06 eff:0.2% logz-ratio=385095.87+/-0.71 dlogz:1.099>0.01]  15826it [4:10:43,  4.47s/it, bound:900 nc:656 ncall:6.7e+06 eff:0.2% logz-ratio=384744.21+/-0.10 dlogz:358.717>0.01]15829it [4:10:43,  3.66s/it, bound:900 nc:  1 ncall:6.7e+06 eff:0.2% logz-ratio=384815.65+/-0.27 dlogz:286.439>0.01]15834it [4:10:43,  2.55s/it, bound:900 nc:647 ncall:6.8e+06 eff:0.2% logz-ratio=384745.24+/-0.10 dlogz:357.670>0.01]15839it [4:10:43,  1.79s/it, bound:900 nc:644 ncall:6.8e+06 eff:0.2% logz-ratio=384746.06+/-0.14 dlogz:356.873>0.01]15841it [4:11:00,  1.79s/it, bound:901 nc:  1 ncall:6.8e+06 eff:0.2% logz-ratio=385095.84+/-0.71 dlogz:1.099>0.01]  15842it [4:11:46,  5.75s/it, bound:901 nc:584 ncall:6.8e+06 eff:0.2% logz-ratio=384746.64+/-0.11 dlogz:356.318>0.01]15847it [4:11:46,  3.87s/it, bound:901 nc:  1 ncall:6.8e+06 eff:0.2% logz-ratio=384847.44+/-0.27 dlogz:254.261>0.01]15852it [4:11:46,  2.64s/it, bound:901 nc:517 ncall:6.8e+06 eff:0.2% logz-ratio=384750.10+/-0.13 dlogz:352.897>0.01]15857it [4:11:46,  1.82s/it, bound:902 nc:696 ncall:6.8e+06 eff:0.2% logz-ratio=384751.31+/-0.16 dlogz:351.645>0.01]15857it [4:12:00,  1.82s/it, bound:902 nc:  1 ncall:6.8e+06 eff:0.2% logz-ratio=385095.81+/-0.72 dlogz:1.099>0.01]  15858it [4:12:41,  6.20s/it, bound:902 nc:582 ncall:6.8e+06 eff:0.2% logz-ratio=384751.67+/-0.15 dlogz:351.407>0.01]15861it [4:12:41,  4.59s/it, bound:902 nc:  1 ncall:6.8e+06 eff:0.2% logz-ratio=384859.16+/-0.27 dlogz:242.418>0.01]15866it [4:12:42,  2.84s/it, bound:902 nc:  1 ncall:6.8e+06 eff:0.2% logz-ratio=384811.40+/-0.27 dlogz:290.740>0.01]15871it [4:12:42,  1.84s/it, bound:902 nc:560 ncall:6.8e+06 eff:0.2% logz-ratio=384754.68+/-0.13 dlogz:348.273>0.01]15873it [4:13:00,  1.84s/it, bound:903 nc:451 ncall:6.8e+06 eff:0.2% logz-ratio=384755.30+/-0.14 dlogz:347.729>0.01]15874it [4:13:31,  5.22s/it, bound:903 nc:463 ncall:6.8e+06 eff:0.2% logz-ratio=384755.68+/-0.19 dlogz:347.385>0.01]15878it [4:13:31,  3.63s/it, bound:903 nc:  1 ncall:6.8e+06 eff:0.2% logz-ratio=384893.00+/-0.27 dlogz:208.188>0.01]15884it [4:13:31,  2.19s/it, bound:903 nc:  1 ncall:6.8e+06 eff:0.2% logz-ratio=384791.51+/-0.27 dlogz:310.816>0.01]15889it [4:13:50,  2.19s/it, bound:904 nc:443 ncall:6.8e+06 eff:0.2% logz-ratio=384759.65+/-0.15 dlogz:343.216>0.01]15890it [4:14:17,  4.19s/it, bound:904 nc:337 ncall:6.8e+06 eff:0.2% logz-ratio=384759.85+/-0.18 dlogz:343.006>0.01]15896it [4:14:17,  2.77s/it, bound:904 nc:  1 ncall:6.8e+06 eff:0.2% logz-ratio=384811.82+/-0.27 dlogz:290.299>0.01]15902it [4:14:18,  1.87s/it, bound:904 nc:464 ncall:6.8e+06 eff:0.2% logz-ratio=384761.32+/-0.09 dlogz:341.433>0.01]15905it [4:14:30,  1.87s/it, bound:905 nc:426 ncall:6.8e+06 eff:0.2% logz-ratio=384761.77+/-0.10 dlogz:341.009>0.01]15906it [4:15:11,  4.60s/it, bound:905 nc:492 ncall:6.8e+06 eff:0.2% logz-ratio=384761.94+/-0.14 dlogz:340.851>0.01]15911it [4:15:11,  3.23s/it, bound:905 nc:  1 ncall:6.8e+06 eff:0.2% logz-ratio=384830.93+/-0.27 dlogz:270.973>0.01]15917it [4:15:11,  2.15s/it, bound:905 nc:503 ncall:6.8e+06 eff:0.2% logz-ratio=384763.93+/-0.09 dlogz:338.803>0.01]15921it [4:15:30,  2.15s/it, bound:906 nc:345 ncall:6.8e+06 eff:0.2% logz-ratio=384764.38+/-0.12 dlogz:338.326>0.01]15922it [4:15:56,  4.12s/it, bound:906 nc:507 ncall:6.8e+06 eff:0.2% logz-ratio=384764.49+/-0.14 dlogz:338.212>0.01]15925it [4:15:56,  3.31s/it, bound:906 nc:512 ncall:6.8e+06 eff:0.2% logz-ratio=384764.86+/-0.10 dlogz:337.872>0.01]15932it [4:15:56,  2.00s/it, bound:906 nc:  1 ncall:6.8e+06 eff:0.2% logz-ratio=384770.99+/-0.27 dlogz:331.535>0.01]15937it [4:16:10,  2.00s/it, bound:907 nc:  1 ncall:6.8e+06 eff:0.2% logz-ratio=385095.65+/-0.72 dlogz:1.099>0.01]  15938it [4:16:40,  3.72s/it, bound:907 nc:451 ncall:6.8e+06 eff:0.2% logz-ratio=384766.86+/-0.09 dlogz:335.832>0.01]15943it [4:16:40,  2.69s/it, bound:907 nc:  1 ncall:6.8e+06 eff:0.2% logz-ratio=384878.20+/-0.27 dlogz:223.151>0.01]15950it [4:16:40,  1.73s/it, bound:907 nc:449 ncall:6.8e+06 eff:0.2% logz-ratio=384769.88+/-0.17 dlogz:333.144>0.01]15953it [4:17:00,  1.73s/it, bound:908 nc:277 ncall:6.8e+06 eff:0.2% logz-ratio=384770.76+/-0.12 dlogz:332.015>0.01]15954it [4:17:33,  4.32s/it, bound:908 nc:488 ncall:6.8e+06 eff:0.2% logz-ratio=384770.96+/-0.16 dlogz:331.768>0.01]15960it [4:17:33,  2.91s/it, bound:908 nc:  1 ncall:6.8e+06 eff:0.2% logz-ratio=384800.31+/-0.27 dlogz:301.942>0.01]15966it [4:17:33,  1.99s/it, bound:908 nc:554 ncall:6.8e+06 eff:0.2% logz-ratio=384773.31+/-0.10 dlogz:329.347>0.01]15969it [4:17:50,  1.99s/it, bound:909 nc:  1 ncall:6.8e+06 eff:0.2% logz-ratio=385095.59+/-0.72 dlogz:1.099>0.01]  15970it [4:18:19,  4.17s/it, bound:909 nc:516 ncall:6.8e+06 eff:0.2% logz-ratio=384773.86+/-0.09 dlogz:328.767>0.01]15976it [4:18:19,  2.79s/it, bound:909 nc:  1 ncall:6.8e+06 eff:0.2% logz-ratio=384949.48+/-0.28 dlogz:150.879>0.01]15983it [4:18:19,  1.80s/it, bound:909 nc:  1 ncall:6.8e+06 eff:0.2% logz-ratio=384867.63+/-0.28 dlogz:233.863>0.01]15985it [4:18:30,  1.80s/it, bound:910 nc:  1 ncall:6.8e+06 eff:0.2% logz-ratio=385095.55+/-0.73 dlogz:1.099>0.01]  15986it [4:19:03,  4.10s/it, bound:910 nc:330 ncall:6.8e+06 eff:0.2% logz-ratio=384777.41+/-0.11 dlogz:325.245>0.01]15989it [4:19:16,  4.19s/it, bound:910 nc:408 ncall:6.8e+06 eff:0.2% logz-ratio=384777.85+/-0.10 dlogz:324.749>0.01]15997it [4:19:16,  2.36s/it, bound:910 nc:  1 ncall:6.8e+06 eff:0.2% logz-ratio=384942.81+/-0.30 dlogz:157.635>0.01]16001it [4:19:30,  2.36s/it, bound:911 nc:373 ncall:6.8e+06 eff:0.2% logz-ratio=384779.32+/-0.08 dlogz:323.217>0.01]16002it [4:19:58,  4.01s/it, bound:911 nc:360 ncall:6.8e+06 eff:0.2% logz-ratio=384779.44+/-0.12 dlogz:323.114>0.01]16009it [4:19:58,  2.58s/it, bound:911 nc:  1 ncall:6.8e+06 eff:0.2% logz-ratio=384896.54+/-0.27 dlogz:204.547>0.01]16016it [4:20:10,  2.58s/it, bound:912 nc:458 ncall:6.8e+06 eff:0.2% logz-ratio=384782.97+/-0.14 dlogz:319.768>0.01]16017it [4:20:35,  3.35s/it, bound:912 nc:432 ncall:6.8e+06 eff:0.2% logz-ratio=384783.25+/-0.18 dlogz:319.430>0.01]16022it [4:20:35,  2.53s/it, bound:912 nc:362 ncall:6.8e+06 eff:0.2% logz-ratio=384784.52+/-0.12 dlogz:318.089>0.01]16030it [4:20:35,  1.62s/it, bound:912 nc:  1 ncall:6.8e+06 eff:0.2% logz-ratio=384891.63+/-0.28 dlogz:209.536>0.01]16032it [4:20:50,  1.62s/it, bound:913 nc:399 ncall:6.8e+06 eff:0.2% logz-ratio=384786.61+/-0.17 dlogz:316.009>0.01]16033it [4:21:18,  3.67s/it, bound:913 nc:466 ncall:6.8e+06 eff:0.2% logz-ratio=384786.84+/-0.20 dlogz:315.759>0.01]16036it [4:21:18,  2.98s/it, bound:913 nc:  1 ncall:6.8e+06 eff:0.2% logz-ratio=384929.39+/-0.27 dlogz:171.243>0.01]16042it [4:21:18,  1.94s/it, bound:913 nc:  1 ncall:6.9e+06 eff:0.2% logz-ratio=384810.43+/-0.27 dlogz:291.735>0.01]16047it [4:21:30,  1.94s/it, bound:914 nc:  1 ncall:6.9e+06 eff:0.2% logz-ratio=385095.43+/-0.73 dlogz:1.099>0.01]  16048it [4:22:10,  4.16s/it, bound:914 nc:598 ncall:6.9e+06 eff:0.2% logz-ratio=384790.53+/-0.11 dlogz:312.015>0.01]16051it [4:22:10,  3.36s/it, bound:914 nc:  1 ncall:6.9e+06 eff:0.2% logz-ratio=384899.01+/-0.27 dlogz:202.008>0.01]16057it [4:22:10,  2.18s/it, bound:914 nc:  1 ncall:6.9e+06 eff:0.2% logz-ratio=384801.35+/-0.27 dlogz:300.896>0.01]16062it [4:22:20,  2.18s/it, bound:915 nc:571 ncall:6.9e+06 eff:0.2% logz-ratio=384794.38+/-0.11 dlogz:308.111>0.01]16063it [4:23:00,  4.24s/it, bound:915 nc:406 ncall:6.9e+06 eff:0.2% logz-ratio=384794.56+/-0.15 dlogz:307.927>0.01]16067it [4:23:00,  3.22s/it, bound:915 nc:553 ncall:6.9e+06 eff:0.2% logz-ratio=384795.16+/-0.10 dlogz:307.278>0.01]16072it [4:23:00,  2.25s/it, bound:915 nc:513 ncall:6.9e+06 eff:0.2% logz-ratio=384795.88+/-0.14 dlogz:306.583>0.01]16077it [4:23:00,  1.58s/it, bound:915 nc:539 ncall:6.9e+06 eff:0.2% logz-ratio=384796.66+/-0.13 dlogz:305.765>0.01]16078it [4:23:10,  1.58s/it, bound:916 nc:566 ncall:6.9e+06 eff:0.2% logz-ratio=384796.82+/-0.10 dlogz:305.619>0.01]16079it [4:23:50,  5.02s/it, bound:916 nc:571 ncall:6.9e+06 eff:0.2% logz-ratio=384797.02+/-0.15 dlogz:305.456>0.01]16081it [4:23:50,  4.15s/it, bound:916 nc:  1 ncall:6.9e+06 eff:0.2% logz-ratio=384840.32+/-0.27 dlogz:261.483>0.01]16085it [4:23:50,  2.79s/it, bound:916 nc:  1 ncall:6.9e+06 eff:0.2% logz-ratio=384830.06+/-0.27 dlogz:271.863>0.01]16089it [4:23:50,  1.90s/it, bound:916 nc:  1 ncall:6.9e+06 eff:0.2% logz-ratio=384818.43+/-0.27 dlogz:283.641>0.01]16093it [4:23:50,  1.31s/it, bound:916 nc:  1 ncall:6.9e+06 eff:0.2% logz-ratio=384825.57+/-0.27 dlogz:276.417>0.01]16094it [4:24:10,  1.31s/it, bound:917 nc:521 ncall:6.9e+06 eff:0.2% logz-ratio=384799.92+/-0.16 dlogz:302.745>0.01]16095it [4:24:35,  5.18s/it, bound:917 nc:504 ncall:6.9e+06 eff:0.2% logz-ratio=384800.27+/-0.20 dlogz:302.330>0.01]16098it [4:24:35,  3.73s/it, bound:917 nc:  1 ncall:6.9e+06 eff:0.2% logz-ratio=384972.88+/-0.33 dlogz:126.754>0.01]16105it [4:24:35,  1.93s/it, bound:917 nc:450 ncall:6.9e+06 eff:0.2% logz-ratio=384802.26+/-0.10 dlogz:300.129>0.01]16110it [4:24:50,  1.93s/it, bound:918 nc:  1 ncall:6.9e+06 eff:0.2% logz-ratio=385095.31+/-0.73 dlogz:1.099>0.01]  16111it [4:25:23,  4.16s/it, bound:918 nc:504 ncall:6.9e+06 eff:0.2% logz-ratio=384803.48+/-0.10 dlogz:298.895>0.01]16114it [4:25:23,  3.29s/it, bound:918 nc:  1 ncall:6.9e+06 eff:0.2% logz-ratio=384900.62+/-0.28 dlogz:200.370>0.01]16121it [4:25:23,  1.94s/it, bound:918 nc:532 ncall:6.9e+06 eff:0.2% logz-ratio=384805.53+/-0.14 dlogz:297.008>0.01]16126it [4:25:23,  1.37s/it, bound:919 nc:  1 ncall:6.9e+06 eff:0.2% logz-ratio=384894.23+/-0.27 dlogz:206.843>0.01]16126it [4:25:40,  1.37s/it, bound:919 nc:  1 ncall:6.9e+06 eff:0.2% logz-ratio=385095.27+/-0.73 dlogz:1.099>0.01]  16127it [4:26:12,  5.03s/it, bound:919 nc:428 ncall:6.9e+06 eff:0.2% logz-ratio=384807.34+/-0.13 dlogz:295.093>0.01]16135it [4:26:12,  2.67s/it, bound:919 nc:  1 ncall:6.9e+06 eff:0.2% logz-ratio=384971.03+/-0.29 dlogz:128.580>0.01]16141it [4:26:30,  2.67s/it, bound:920 nc:505 ncall:6.9e+06 eff:0.2% logz-ratio=384810.92+/-0.13 dlogz:291.511>0.01]16142it [4:26:56,  4.03s/it, bound:920 nc:401 ncall:6.9e+06 eff:0.2% logz-ratio=384811.15+/-0.17 dlogz:291.229>0.01]16149it [4:26:56,  2.64s/it, bound:920 nc:  1 ncall:6.9e+06 eff:0.2% logz-ratio=384839.17+/-0.27 dlogz:262.660>0.01]16156it [4:26:56,  1.77s/it, bound:920 nc:480 ncall:6.9e+06 eff:0.2% logz-ratio=384814.33+/-0.16 dlogz:287.993>0.01]16157it [4:27:10,  1.77s/it, bound:921 nc:  1 ncall:6.9e+06 eff:0.2% logz-ratio=385095.21+/-0.73 dlogz:1.099>0.01]  16158it [4:27:40,  4.14s/it, bound:921 nc:450 ncall:6.9e+06 eff:0.2% logz-ratio=384814.68+/-0.11 dlogz:287.615>0.01]16166it [4:27:40,  2.47s/it, bound:921 nc:  1 ncall:6.9e+06 eff:0.2% logz-ratio=384944.47+/-0.27 dlogz:155.917>0.01]16173it [4:27:50,  2.47s/it, bound:922 nc:436 ncall:6.9e+06 eff:0.2% logz-ratio=384817.19+/-0.12 dlogz:285.118>0.01]16174it [4:28:21,  3.44s/it, bound:922 nc:293 ncall:6.9e+06 eff:0.2% logz-ratio=384817.38+/-0.15 dlogz:284.904>0.01]16178it [4:28:21,  2.73s/it, bound:922 nc:  1 ncall:6.9e+06 eff:0.2% logz-ratio=384970.20+/-0.30 dlogz:129.494>0.01]16186it [4:28:21,  1.72s/it, bound:922 nc:  1 ncall:6.9e+06 eff:0.2% logz-ratio=384879.96+/-0.27 dlogz:221.294>0.01]16188it [4:28:40,  1.72s/it, bound:923 nc:432 ncall:6.9e+06 eff:0.2% logz-ratio=384819.26+/-0.13 dlogz:282.923>0.01]16189it [4:28:54,  3.25s/it, bound:923 nc:436 ncall:6.9e+06 eff:0.2% logz-ratio=384819.43+/-0.16 dlogz:282.796>0.01]16195it [4:28:54,  2.21s/it, bound:923 nc:  1 ncall:6.9e+06 eff:0.2% logz-ratio=384892.25+/-0.28 dlogz:208.854>0.01]16202it [4:28:54,  1.44s/it, bound:923 nc:417 ncall:6.9e+06 eff:0.2% logz-ratio=384822.38+/-0.15 dlogz:280.012>0.01]16204it [4:29:10,  1.44s/it, bound:924 nc:  1 ncall:6.9e+06 eff:0.2% logz-ratio=385095.12+/-0.74 dlogz:1.099>0.01]  16205it [4:29:32,  3.41s/it, bound:924 nc:377 ncall:6.9e+06 eff:0.2% logz-ratio=384823.13+/-0.12 dlogz:279.123>0.01]16208it [4:29:47,  3.76s/it, bound:924 nc:403 ncall:6.9e+06 eff:0.2% logz-ratio=384823.76+/-0.12 dlogz:278.469>0.01]16219it [4:29:47,  1.83s/it, bound:924 nc:  1 ncall:6.9e+06 eff:0.2% logz-ratio=384830.16+/-0.27 dlogz:271.764>0.01]16220it [4:30:00,  1.83s/it, bound:925 nc:406 ncall:6.9e+06 eff:0.2% logz-ratio=384825.44+/-0.11 dlogz:276.738>0.01]16221it [4:30:26,  3.91s/it, bound:925 nc:391 ncall:6.9e+06 eff:0.2% logz-ratio=384825.62+/-0.15 dlogz:276.552>0.01]16225it [4:30:26,  2.93s/it, bound:925 nc:  1 ncall:6.9e+06 eff:0.2% logz-ratio=384901.78+/-0.28 dlogz:199.172>0.01]16232it [4:30:26,  1.81s/it, bound:925 nc:334 ncall:6.9e+06 eff:0.2% logz-ratio=384827.27+/-0.09 dlogz:274.809>0.01]16236it [4:30:40,  1.81s/it, bound:926 nc:422 ncall:6.9e+06 eff:0.2% logz-ratio=384827.77+/-0.13 dlogz:274.323>0.01]16237it [4:31:06,  3.52s/it, bound:926 nc:229 ncall:6.9e+06 eff:0.2% logz-ratio=384827.89+/-0.15 dlogz:274.195>0.01]16240it [4:31:06,  2.84s/it, bound:926 nc:  1 ncall:6.9e+06 eff:0.2% logz-ratio=384911.98+/-0.28 dlogz:188.844>0.01]16247it [4:31:06,  1.73s/it, bound:926 nc:466 ncall:6.9e+06 eff:0.2% logz-ratio=384829.14+/-0.09 dlogz:272.925>0.01]16252it [4:31:20,  1.73s/it, bound:927 nc:  1 ncall:6.9e+06 eff:0.2% logz-ratio=385095.02+/-0.74 dlogz:1.099>0.01]  16253it [4:31:46,  3.34s/it, bound:927 nc:476 ncall:6.9e+06 eff:0.2% logz-ratio=384829.99+/-0.10 dlogz:272.084>0.01]16258it [4:31:46,  2.41s/it, bound:927 nc:  1 ncall:7.0e+06 eff:0.2% logz-ratio=384923.93+/-0.27 dlogz:176.724>0.01]16264it [4:31:46,  1.64s/it, bound:927 nc:213 ncall:7.0e+06 eff:0.2% logz-ratio=384832.11+/-0.17 dlogz:269.974>0.01]16268it [4:32:00,  1.64s/it, bound:928 nc:445 ncall:7.0e+06 eff:0.2% logz-ratio=384832.74+/-0.11 dlogz:269.326>0.01]16269it [4:32:35,  3.90s/it, bound:928 nc:466 ncall:7.0e+06 eff:0.2% logz-ratio=384832.94+/-0.15 dlogz:269.155>0.01]16272it [4:32:35,  3.16s/it, bound:928 nc:  1 ncall:7.0e+06 eff:0.2% logz-ratio=385067.51+/-0.47 dlogz:29.553>0.01] 16278it [4:32:35,  2.04s/it, bound:928 nc:  1 ncall:7.0e+06 eff:0.2% logz-ratio=384875.77+/-0.27 dlogz:225.575>0.01]16283it [4:32:35,  1.44s/it, bound:928 nc:474 ncall:7.0e+06 eff:0.2% logz-ratio=384835.81+/-0.15 dlogz:266.196>0.01]16284it [4:32:50,  1.44s/it, bound:929 nc:506 ncall:7.0e+06 eff:0.2% logz-ratio=384835.93+/-0.09 dlogz:266.060>0.01]16285it [4:33:15,  4.13s/it, bound:929 nc:485 ncall:7.0e+06 eff:0.2% logz-ratio=384836.05+/-0.12 dlogz:265.937>0.01]16288it [4:33:16,  3.16s/it, bound:929 nc:  1 ncall:7.0e+06 eff:0.2% logz-ratio=384926.28+/-0.28 dlogz:174.307>0.01]16293it [4:33:16,  2.03s/it, bound:929 nc:442 ncall:7.0e+06 eff:0.2% logz-ratio=384837.74+/-0.16 dlogz:264.339>0.01]16298it [4:33:16,  1.35s/it, bound:929 nc:468 ncall:7.0e+06 eff:0.2% logz-ratio=384838.56+/-0.09 dlogz:263.408>0.01]16300it [4:33:30,  1.35s/it, bound:930 nc:  1 ncall:7.0e+06 eff:0.2% logz-ratio=385094.93+/-0.74 dlogz:1.099>0.01]  16301it [4:34:03,  4.59s/it, bound:930 nc:442 ncall:7.0e+06 eff:0.2% logz-ratio=384839.02+/-0.10 dlogz:262.976>0.01]16309it [4:34:03,  2.47s/it, bound:930 nc:  1 ncall:7.0e+06 eff:0.2% logz-ratio=384886.30+/-0.27 dlogz:214.876>0.01]16315it [4:34:03,  1.66s/it, bound:930 nc:533 ncall:7.0e+06 eff:0.2% logz-ratio=384841.09+/-0.19 dlogz:260.949>0.01]16316it [4:34:20,  1.66s/it, bound:931 nc:399 ncall:7.0e+06 eff:0.2% logz-ratio=384841.30+/-0.12 dlogz:260.718>0.01]16317it [4:34:49,  4.58s/it, bound:931 nc:368 ncall:7.0e+06 eff:0.2% logz-ratio=384841.50+/-0.16 dlogz:260.503>0.01]16322it [4:34:49,  3.09s/it, bound:931 nc:481 ncall:7.0e+06 eff:0.2% logz-ratio=384842.47+/-0.12 dlogz:259.531>0.01]16329it [4:34:50,  1.87s/it, bound:931 nc:  1 ncall:7.0e+06 eff:0.2% logz-ratio=384895.58+/-0.27 dlogz:205.420>0.01]16332it [4:35:00,  1.87s/it, bound:932 nc:326 ncall:7.0e+06 eff:0.2% logz-ratio=384843.87+/-0.09 dlogz:258.028>0.01]16333it [4:35:34,  4.15s/it, bound:932 nc:466 ncall:7.0e+06 eff:0.2% logz-ratio=384844.03+/-0.13 dlogz:257.899>0.01]16337it [4:35:34,  3.08s/it, bound:932 nc:  1 ncall:7.0e+06 eff:0.2% logz-ratio=384885.84+/-0.27 dlogz:215.322>0.01]16343it [4:35:34,  1.99s/it, bound:932 nc:  1 ncall:7.0e+06 eff:0.2% logz-ratio=384879.08+/-0.27 dlogz:222.197>0.01]16347it [4:35:50,  1.99s/it, bound:932 nc:516 ncall:7.0e+06 eff:0.2% logz-ratio=384846.13+/-0.09 dlogz:255.730>0.01]16348it [4:36:17,  3.95s/it, bound:933 nc:820 ncall:7.0e+06 eff:0.2% logz-ratio=384846.25+/-0.12 dlogz:255.609>0.01]16354it [4:36:17,  2.62s/it, bound:933 nc:  1 ncall:7.0e+06 eff:0.2% logz-ratio=385005.95+/-0.30 dlogz:92.853>0.01] 16363it [4:36:18,  1.52s/it, bound:934 nc:  1 ncall:7.0e+06 eff:0.2% logz-ratio=384969.10+/-0.30 dlogz:130.570>0.01]16363it [4:36:30,  1.52s/it, bound:934 nc:  1 ncall:7.0e+06 eff:0.2% logz-ratio=385094.80+/-0.74 dlogz:1.099>0.01]  16364it [4:37:00,  4.07s/it, bound:934 nc:310 ncall:7.0e+06 eff:0.2% logz-ratio=384848.42+/-0.10 dlogz:253.439>0.01]16369it [4:37:00,  2.82s/it, bound:934 nc:  1 ncall:7.0e+06 eff:0.2% logz-ratio=384912.13+/-0.28 dlogz:188.652>0.01]16376it [4:37:00,  1.75s/it, bound:934 nc:411 ncall:7.0e+06 eff:0.2% logz-ratio=384849.99+/-0.09 dlogz:251.805>0.01]16378it [4:37:10,  1.75s/it, bound:934 nc:  1 ncall:7.0e+06 eff:0.2% logz-ratio=385094.77+/-0.74 dlogz:1.099>0.01]  16379it [4:37:37,  3.73s/it, bound:935 nc:744 ncall:7.0e+06 eff:0.2% logz-ratio=384850.35+/-0.09 dlogz:251.461>0.01]16385it [4:37:37,  2.43s/it, bound:935 nc:  1 ncall:7.0e+06 eff:0.2% logz-ratio=385094.76+/-0.74 dlogz:1.099>0.01]  16392it [4:37:50,  2.43s/it, bound:935 nc:393 ncall:7.0e+06 eff:0.2% logz-ratio=384852.43+/-0.10 dlogz:249.384>0.01]16393it [4:38:41,  4.67s/it, bound:936 nc:1119 ncall:7.0e+06 eff:0.2% logz-ratio=384852.57+/-0.14 dlogz:249.220>0.01]16396it [4:38:41,  3.85s/it, bound:936 nc:710 ncall:7.0e+06 eff:0.2% logz-ratio=384853.01+/-0.11 dlogz:279.584>0.01] 16401it [4:38:41,  2.72s/it, bound:936 nc:  1 ncall:7.0e+06 eff:0.2% logz-ratio=384905.43+/-0.28 dlogz:226.213>0.01]16406it [4:38:41,  1.92s/it, bound:937 nc:718 ncall:7.0e+06 eff:0.2% logz-ratio=384854.56+/-0.12 dlogz:277.955>0.01]16406it [4:39:00,  1.92s/it, bound:937 nc:  1 ncall:7.0e+06 eff:0.2% logz-ratio=385125.49+/-0.59 dlogz:1.099>0.01]  16407it [4:39:48,  6.95s/it, bound:937 nc:701 ncall:7.0e+06 eff:0.2% logz-ratio=384854.67+/-0.09 dlogz:277.842>0.01]16409it [4:40:03,  7.05s/it, bound:937 nc:796 ncall:7.0e+06 eff:0.2% logz-ratio=384854.88+/-0.08 dlogz:277.623>0.01]16412it [4:40:03,  5.07s/it, bound:937 nc:  1 ncall:7.0e+06 eff:0.2% logz-ratio=384921.38+/-0.27 dlogz:210.039>0.01]16417it [4:40:03,  3.05s/it, bound:937 nc:686 ncall:7.0e+06 eff:0.2% logz-ratio=384855.80+/-0.08 dlogz:276.685>0.01]16422it [4:40:03,  1.94s/it, bound:938 nc:  1 ncall:7.0e+06 eff:0.2% logz-ratio=384904.10+/-0.27 dlogz:227.556>0.01]16422it [4:40:20,  1.94s/it, bound:938 nc:  1 ncall:7.0e+06 eff:0.2% logz-ratio=385125.46+/-0.62 dlogz:1.099>0.01]  16423it [4:40:58,  6.93s/it, bound:938 nc:593 ncall:7.0e+06 eff:0.2% logz-ratio=384856.43+/-0.08 dlogz:276.046>0.01]16428it [4:40:58,  4.15s/it, bound:938 nc:  1 ncall:7.0e+06 eff:0.2% logz-ratio=384946.90+/-0.27 dlogz:184.111>0.01]16435it [4:40:58,  2.31s/it, bound:938 nc:  1 ncall:7.0e+06 eff:0.2% logz-ratio=384861.68+/-0.27 dlogz:270.589>0.01]16438it [4:41:10,  2.31s/it, bound:939 nc:602 ncall:7.0e+06 eff:0.2% logz-ratio=384857.75+/-0.09 dlogz:274.703>0.01]16439it [4:41:52,  5.29s/it, bound:939 nc:470 ncall:7.0e+06 eff:0.2% logz-ratio=384857.85+/-0.12 dlogz:274.589>0.01]16442it [4:41:52,  4.12s/it, bound:939 nc:  1 ncall:7.0e+06 eff:0.2% logz-ratio=384925.40+/-0.28 dlogz:205.945>0.01]16447it [4:41:52,  2.70s/it, bound:939 nc:  1 ncall:7.0e+06 eff:0.2% logz-ratio=384884.43+/-0.27 dlogz:247.533>0.01]16453it [4:41:52,  1.70s/it, bound:939 nc:495 ncall:7.0e+06 eff:0.2% logz-ratio=384859.16+/-0.08 dlogz:273.239>0.01]16454it [4:42:10,  1.70s/it, bound:940 nc:  1 ncall:7.0e+06 eff:0.2% logz-ratio=385125.39+/-0.63 dlogz:1.099>0.01]  16455it [4:42:46,  5.53s/it, bound:940 nc:470 ncall:7.0e+06 eff:0.2% logz-ratio=384859.36+/-0.08 dlogz:273.039>0.01]16458it [4:42:47,  4.19s/it, bound:940 nc:  1 ncall:7.1e+06 eff:0.2% logz-ratio=384971.96+/-0.28 dlogz:158.408>0.01]16463it [4:42:47,  2.66s/it, bound:940 nc:591 ncall:7.1e+06 eff:0.2% logz-ratio=384860.35+/-0.11 dlogz:272.105>0.01]16468it [4:42:47,  1.75s/it, bound:940 nc:  1 ncall:7.1e+06 eff:0.2% logz-ratio=384936.22+/-0.28 dlogz:195.008>0.01]16470it [4:43:00,  1.75s/it, bound:941 nc:  1 ncall:7.1e+06 eff:0.2% logz-ratio=385125.36+/-0.59 dlogz:1.099>0.01]  16471it [4:43:31,  4.71s/it, bound:941 nc:462 ncall:7.1e+06 eff:0.2% logz-ratio=384861.82+/-0.11 dlogz:270.648>0.01]16476it [4:43:31,  3.06s/it, bound:941 nc:  1 ncall:7.1e+06 eff:0.2% logz-ratio=384947.69+/-0.27 dlogz:183.288>0.01]16482it [4:43:31,  1.92s/it, bound:941 nc:  1 ncall:7.1e+06 eff:0.2% logz-ratio=384895.38+/-0.27 dlogz:236.393>0.01]16485it [4:43:50,  1.92s/it, bound:942 nc:464 ncall:7.1e+06 eff:0.2% logz-ratio=384864.67+/-0.10 dlogz:267.729>0.01]16486it [4:44:15,  4.29s/it, bound:942 nc:440 ncall:7.1e+06 eff:0.2% logz-ratio=384864.81+/-0.14 dlogz:267.573>0.01]16493it [4:44:15,  2.59s/it, bound:942 nc:  1 ncall:7.1e+06 eff:0.2% logz-ratio=384919.59+/-0.27 dlogz:211.859>0.01]16499it [4:44:15,  1.75s/it, bound:943 nc:488 ncall:7.1e+06 eff:0.2% logz-ratio=384867.39+/-0.12 dlogz:265.049>0.01]16499it [4:44:30,  1.75s/it, bound:943 nc:488 ncall:7.1e+06 eff:0.2% logz-ratio=384867.39+/-0.12 dlogz:265.049>0.01]16500it [4:44:56,  4.61s/it, bound:943 nc:476 ncall:7.1e+06 eff:0.2% logz-ratio=384867.62+/-0.16 dlogz:264.827>0.01]16507it [4:44:56,  2.68s/it, bound:943 nc:  1 ncall:7.1e+06 eff:0.2% logz-ratio=384924.74+/-0.27 dlogz:206.626>0.01]16514it [4:44:57,  1.68s/it, bound:943 nc:430 ncall:7.1e+06 eff:0.2% logz-ratio=384869.99+/-0.10 dlogz:262.342>0.01]16515it [4:45:10,  1.68s/it, bound:944 nc:361 ncall:7.1e+06 eff:0.2% logz-ratio=384870.14+/-0.14 dlogz:262.195>0.01]16516it [4:45:37,  4.14s/it, bound:944 nc:326 ncall:7.1e+06 eff:0.2% logz-ratio=384870.30+/-0.16 dlogz:262.042>0.01]16519it [4:45:37,  3.23s/it, bound:944 nc:  1 ncall:7.1e+06 eff:0.2% logz-ratio=385067.01+/-0.45 dlogz:61.023>0.01] 16525it [4:45:37,  1.98s/it, bound:944 nc:  1 ncall:7.1e+06 eff:0.2% logz-ratio=384895.10+/-0.27 dlogz:236.686>0.01]16531it [4:45:37,  1.28s/it, bound:945 nc:447 ncall:7.1e+06 eff:0.2% logz-ratio=384872.26+/-0.15 dlogz:260.012>0.01]16531it [4:45:50,  1.28s/it, bound:945 nc:  1 ncall:7.1e+06 eff:0.2% logz-ratio=385125.24+/-0.60 dlogz:1.099>0.01]  16532it [4:46:24,  4.87s/it, bound:945 nc:494 ncall:7.1e+06 eff:0.2% logz-ratio=384872.38+/-0.09 dlogz:259.886>0.01]16536it [4:46:25,  3.37s/it, bound:945 nc:  1 ncall:7.1e+06 eff:0.2% logz-ratio=384923.73+/-0.27 dlogz:207.663>0.01]16541it [4:46:25,  2.18s/it, bound:945 nc:510 ncall:7.1e+06 eff:0.2% logz-ratio=384873.71+/-0.14 dlogz:258.564>0.01]16546it [4:46:25,  1.46s/it, bound:945 nc:524 ncall:7.1e+06 eff:0.2% logz-ratio=384874.34+/-0.15 dlogz:257.898>0.01]16547it [4:46:40,  1.46s/it, bound:946 nc:437 ncall:7.1e+06 eff:0.2% logz-ratio=384874.45+/-0.09 dlogz:257.780>0.01]16548it [4:47:11,  4.93s/it, bound:946 nc:414 ncall:7.1e+06 eff:0.2% logz-ratio=384874.56+/-0.12 dlogz:257.667>0.01]16551it [4:47:11,  3.67s/it, bound:946 nc:  1 ncall:7.1e+06 eff:0.2% logz-ratio=384938.77+/-0.28 dlogz:192.427>0.01]16557it [4:47:11,  2.12s/it, bound:946 nc:  1 ncall:7.1e+06 eff:0.2% logz-ratio=384950.07+/-0.28 dlogz:180.886>0.01]16562it [4:47:11,  1.42s/it, bound:946 nc:  1 ncall:7.1e+06 eff:0.2% logz-ratio=385022.85+/-0.29 dlogz:106.425>0.01]16563it [4:47:30,  1.42s/it, bound:947 nc:325 ncall:7.1e+06 eff:0.2% logz-ratio=384876.40+/-0.09 dlogz:255.801>0.01]16564it [4:48:14,  6.27s/it, bound:947 nc:710 ncall:7.1e+06 eff:0.2% logz-ratio=384876.50+/-0.12 dlogz:255.688>0.01]16568it [4:48:14,  4.30s/it, bound:947 nc:  1 ncall:7.1e+06 eff:0.2% logz-ratio=384902.77+/-0.27 dlogz:228.908>0.01]16573it [4:48:14,  2.76s/it, bound:947 nc:686 ncall:7.1e+06 eff:0.2% logz-ratio=384877.45+/-0.09 dlogz:254.727>0.01]16578it [4:48:15,  1.83s/it, bound:948 nc:  1 ncall:7.1e+06 eff:0.2% logz-ratio=384943.92+/-0.27 dlogz:187.158>0.01]16578it [4:48:30,  1.83s/it, bound:948 nc:  1 ncall:7.1e+06 eff:0.2% logz-ratio=385125.15+/-0.62 dlogz:1.099>0.01]  16579it [4:49:43,  9.45s/it, bound:948 nc:775 ncall:7.1e+06 eff:0.2% logz-ratio=384878.14+/-0.10 dlogz:254.052>0.01]16582it [4:49:43,  6.87s/it, bound:948 nc:967 ncall:7.1e+06 eff:0.2% logz-ratio=384878.53+/-0.09 dlogz:253.647>0.01]16587it [4:49:43,  4.16s/it, bound:948 nc:818 ncall:7.1e+06 eff:0.2% logz-ratio=384879.12+/-0.12 dlogz:253.035>0.01]16592it [4:49:43,  2.67s/it, bound:948 nc:909 ncall:7.1e+06 eff:0.2% logz-ratio=384879.81+/-0.14 dlogz:252.410>0.01]16594it [4:50:00,  2.67s/it, bound:949 nc:  1 ncall:7.1e+06 eff:0.2% logz-ratio=385125.11+/-0.62 dlogz:1.099>0.01]  16595it [4:50:58,  7.93s/it, bound:949 nc:799 ncall:7.1e+06 eff:0.2% logz-ratio=384880.30+/-0.10 dlogz:251.877>0.01]16597it [4:51:14,  8.00s/it, bound:949 nc:778 ncall:7.1e+06 eff:0.2% logz-ratio=384880.57+/-0.10 dlogz:251.581>0.01]16602it [4:51:14,  4.84s/it, bound:949 nc:  1 ncall:7.1e+06 eff:0.2% logz-ratio=384917.51+/-0.27 dlogz:213.972>0.01]16607it [4:51:15,  3.10s/it, bound:949 nc:716 ncall:7.1e+06 eff:0.2% logz-ratio=384882.17+/-0.10 dlogz:249.969>0.01]16610it [4:51:30,  3.10s/it, bound:950 nc:  1 ncall:7.1e+06 eff:0.2% logz-ratio=385125.08+/-0.62 dlogz:1.099>0.01]  16611it [4:52:23,  7.21s/it, bound:950 nc:671 ncall:7.1e+06 eff:0.2% logz-ratio=384882.64+/-0.09 dlogz:249.472>0.01]16614it [4:52:23,  5.50s/it, bound:950 nc:  1 ncall:7.1e+06 eff:0.2% logz-ratio=384898.07+/-0.27 dlogz:233.665>0.01]16618it [4:52:23,  3.79s/it, bound:950 nc:700 ncall:7.1e+06 eff:0.2% logz-ratio=384883.42+/-0.11 dlogz:248.656>0.01]16622it [4:52:24,  2.63s/it, bound:950 nc:609 ncall:7.1e+06 eff:0.2% logz-ratio=384883.81+/-0.11 dlogz:248.258>0.01]16626it [4:52:24,  1.84s/it, bound:951 nc:617 ncall:7.1e+06 eff:0.2% logz-ratio=384884.24+/-0.12 dlogz:247.830>0.01]16626it [4:52:40,  1.84s/it, bound:951 nc:  1 ncall:7.1e+06 eff:0.2% logz-ratio=385125.05+/-0.62 dlogz:1.099>0.01]  16627it [4:53:24,  7.60s/it, bound:951 nc:507 ncall:7.1e+06 eff:0.2% logz-ratio=384884.35+/-0.08 dlogz:247.716>0.01]16630it [4:53:24,  5.35s/it, bound:951 nc:  1 ncall:7.1e+06 eff:0.2% logz-ratio=384919.78+/-0.27 dlogz:211.653>0.01]16634it [4:53:24,  3.43s/it, bound:951 nc:  1 ncall:7.2e+06 eff:0.2% logz-ratio=384899.46+/-0.27 dlogz:232.246>0.01]16638it [4:53:24,  2.27s/it, bound:951 nc:  1 ncall:7.2e+06 eff:0.2% logz-ratio=384936.56+/-0.28 dlogz:194.638>0.01]16642it [4:53:24,  1.54s/it, bound:952 nc:647 ncall:7.2e+06 eff:0.2% logz-ratio=384885.81+/-0.13 dlogz:246.247>0.01]16642it [4:53:40,  1.54s/it, bound:952 nc:  1 ncall:7.2e+06 eff:0.2% logz-ratio=385125.02+/-0.63 dlogz:1.099>0.01]  16643it [4:54:15,  6.72s/it, bound:952 nc:599 ncall:7.2e+06 eff:0.2% logz-ratio=384885.96+/-0.10 dlogz:246.120>0.01]16646it [4:54:16,  4.65s/it, bound:952 nc:  1 ncall:7.2e+06 eff:0.2% logz-ratio=384962.06+/-0.28 dlogz:168.596>0.01]16650it [4:54:16,  2.93s/it, bound:952 nc:  1 ncall:7.2e+06 eff:0.2% logz-ratio=384921.71+/-0.27 dlogz:209.672>0.01]16655it [4:54:16,  1.77s/it, bound:952 nc:  1 ncall:7.2e+06 eff:0.2% logz-ratio=385003.85+/-0.29 dlogz:125.930>0.01]16658it [4:54:30,  1.77s/it, bound:953 nc:591 ncall:7.2e+06 eff:0.2% logz-ratio=384888.08+/-0.10 dlogz:243.969>0.01]16659it [4:55:01,  4.73s/it, bound:953 nc:432 ncall:7.2e+06 eff:0.2% logz-ratio=384888.24+/-0.14 dlogz:243.812>0.01]16662it [4:55:01,  3.55s/it, bound:953 nc:  1 ncall:7.2e+06 eff:0.2% logz-ratio=384941.29+/-0.27 dlogz:189.807>0.01]16668it [4:55:01,  2.08s/it, bound:953 nc:  1 ncall:7.2e+06 eff:0.2% logz-ratio=384904.77+/-0.27 dlogz:226.864>0.01]16673it [4:55:20,  2.08s/it, bound:954 nc:503 ncall:7.2e+06 eff:0.2% logz-ratio=384889.97+/-0.13 dlogz:242.038>0.01]16674it [4:55:47,  4.16s/it, bound:954 nc:425 ncall:7.2e+06 eff:0.2% logz-ratio=384890.13+/-0.16 dlogz:241.897>0.01]16678it [4:55:47,  3.08s/it, bound:954 nc:329 ncall:7.2e+06 eff:0.2% logz-ratio=384890.75+/-0.09 dlogz:241.235>0.01]16683it [4:55:47,  2.10s/it, bound:954 nc:  1 ncall:7.2e+06 eff:0.2% logz-ratio=384940.94+/-0.27 dlogz:190.161>0.01]16688it [4:55:47,  1.45s/it, bound:955 nc:513 ncall:7.2e+06 eff:0.2% logz-ratio=384891.81+/-0.12 dlogz:240.133>0.01]16688it [4:56:00,  1.45s/it, bound:955 nc:  1 ncall:7.2e+06 eff:0.2% logz-ratio=385124.94+/-0.54 dlogz:1.090>0.01]  16689it [4:56:40,  5.63s/it, bound:955 nc:593 ncall:7.2e+06 eff:0.2% logz-ratio=384891.92+/-0.09 dlogz:240.030>0.01]16692it [4:56:40,  4.17s/it, bound:955 nc:  1 ncall:7.2e+06 eff:0.2% logz-ratio=384977.88+/-0.29 dlogz:152.461>0.01]16698it [4:56:40,  2.40s/it, bound:955 nc:  1 ncall:7.2e+06 eff:0.2% logz-ratio=384895.99+/-0.27 dlogz:235.773>0.01]16703it [4:56:40,  1.60s/it, bound:955 nc:460 ncall:7.2e+06 eff:0.2% logz-ratio=384893.34+/-0.11 dlogz:238.559>0.01]16704it [4:56:50,  1.60s/it, bound:956 nc:  1 ncall:7.2e+06 eff:0.2% logz-ratio=385124.91+/-0.55 dlogz:1.090>0.01]  16705it [4:57:29,  5.27s/it, bound:956 nc:496 ncall:7.2e+06 eff:0.2% logz-ratio=384893.50+/-0.07 dlogz:238.381>0.01]16711it [4:57:29,  3.12s/it, bound:956 nc:  1 ncall:7.2e+06 eff:0.2% logz-ratio=384898.28+/-0.27 dlogz:233.438>0.01]16716it [4:57:29,  2.11s/it, bound:956 nc:551 ncall:7.2e+06 eff:0.2% logz-ratio=384894.45+/-0.08 dlogz:237.433>0.01]16720it [4:57:40,  2.11s/it, bound:957 nc:  1 ncall:7.2e+06 eff:0.2% logz-ratio=385124.88+/-0.50 dlogz:1.090>0.01]  16721it [4:58:16,  4.47s/it, bound:957 nc:461 ncall:7.2e+06 eff:0.2% logz-ratio=384895.04+/-0.10 dlogz:236.891>0.01]16729it [4:58:16,  2.59s/it, bound:957 nc:  1 ncall:7.2e+06 eff:0.2% logz-ratio=384971.62+/-0.27 dlogz:158.841>0.01]16736it [4:58:17,  1.70s/it, bound:958 nc:454 ncall:7.2e+06 eff:0.2% logz-ratio=384896.89+/-0.08 dlogz:234.950>0.01]16736it [4:58:30,  1.70s/it, bound:958 nc:454 ncall:7.2e+06 eff:0.2% logz-ratio=384896.89+/-0.08 dlogz:234.950>0.01]16737it [4:59:01,  4.54s/it, bound:958 nc:421 ncall:7.2e+06 eff:0.2% logz-ratio=384896.99+/-0.11 dlogz:234.851>0.01]16744it [4:59:02,  2.74s/it, bound:958 nc:  1 ncall:7.2e+06 eff:0.2% logz-ratio=384910.88+/-0.27 dlogz:220.666>0.01]16751it [4:59:02,  1.76s/it, bound:958 nc:467 ncall:7.2e+06 eff:0.2% logz-ratio=384899.10+/-0.13 dlogz:232.735>0.01]16752it [4:59:20,  1.76s/it, bound:959 nc:  1 ncall:7.2e+06 eff:0.2% logz-ratio=385124.81+/-0.48 dlogz:1.090>0.01]  16753it [4:59:39,  3.93s/it, bound:959 nc:363 ncall:7.2e+06 eff:0.2% logz-ratio=384899.32+/-0.09 dlogz:232.499>0.01]16761it [4:59:39,  2.27s/it, bound:959 nc:  1 ncall:7.2e+06 eff:0.2% logz-ratio=384906.53+/-0.27 dlogz:230.020>0.01]16768it [4:59:39,  1.49s/it, bound:960 nc:422 ncall:7.2e+06 eff:0.2% logz-ratio=384902.14+/-0.09 dlogz:234.608>0.01]16768it [4:59:50,  1.49s/it, bound:960 nc:422 ncall:7.2e+06 eff:0.2% logz-ratio=384902.14+/-0.09 dlogz:234.608>0.01]16769it [5:00:18,  3.98s/it, bound:960 nc:410 ncall:7.2e+06 eff:0.2% logz-ratio=384902.27+/-0.13 dlogz:234.478>0.01]16773it [5:00:19,  2.90s/it, bound:960 nc:  1 ncall:7.2e+06 eff:0.2% logz-ratio=384980.83+/-0.28 dlogz:154.356>0.01]16779it [5:00:19,  1.83s/it, bound:960 nc:  1 ncall:7.2e+06 eff:0.2% logz-ratio=384923.08+/-0.27 dlogz:213.223>0.01]16784it [5:00:30,  1.83s/it, bound:961 nc:250 ncall:7.2e+06 eff:0.2% logz-ratio=384904.05+/-0.13 dlogz:232.675>0.01]16785it [5:01:13,  4.31s/it, bound:961 nc:517 ncall:7.2e+06 eff:0.2% logz-ratio=384904.20+/-0.16 dlogz:232.533>0.01]16786it [5:01:25,  4.93s/it, bound:961 nc:504 ncall:7.2e+06 eff:0.2% logz-ratio=384904.35+/-0.10 dlogz:232.386>0.01]16791it [5:01:25,  3.20s/it, bound:961 nc:  1 ncall:7.2e+06 eff:0.2% logz-ratio=384935.35+/-0.28 dlogz:200.794>0.01]16797it [5:01:25,  2.00s/it, bound:961 nc:621 ncall:7.2e+06 eff:0.2% logz-ratio=384906.19+/-0.18 dlogz:230.528>0.01]16799it [5:01:40,  2.00s/it, bound:962 nc:  1 ncall:7.2e+06 eff:0.2% logz-ratio=385129.66+/-0.48 dlogz:1.089>0.01]  16800it [5:02:16,  5.14s/it, bound:962 nc:510 ncall:7.2e+06 eff:0.2% logz-ratio=384906.62+/-0.10 dlogz:230.073>0.01]16806it [5:02:16,  3.21s/it, bound:962 nc:  1 ncall:7.2e+06 eff:0.2% logz-ratio=384967.75+/-0.28 dlogz:167.727>0.01]16812it [5:02:16,  2.09s/it, bound:962 nc:511 ncall:7.2e+06 eff:0.2% logz-ratio=384908.06+/-0.10 dlogz:228.628>0.01]16815it [5:02:30,  2.09s/it, bound:963 nc:  1 ncall:7.2e+06 eff:0.2% logz-ratio=385129.63+/-0.48 dlogz:1.089>0.01]  16816it [5:03:02,  4.43s/it, bound:963 nc:338 ncall:7.2e+06 eff:0.2% logz-ratio=384908.63+/-0.09 dlogz:228.023>0.01]16824it [5:03:02,  2.59s/it, bound:963 nc:  1 ncall:7.2e+06 eff:0.2% logz-ratio=384965.56+/-0.28 dlogz:169.977>0.01]16831it [5:03:02,  1.71s/it, bound:964 nc:478 ncall:7.2e+06 eff:0.2% logz-ratio=384911.00+/-0.11 dlogz:225.673>0.01]16831it [5:03:20,  1.71s/it, bound:964 nc:478 ncall:7.2e+06 eff:0.2% logz-ratio=384911.00+/-0.11 dlogz:225.673>0.01]16832it [5:03:52,  4.89s/it, bound:964 nc:435 ncall:7.2e+06 eff:0.2% logz-ratio=384911.17+/-0.15 dlogz:225.487>0.01]16838it [5:03:52,  3.14s/it, bound:964 nc:  1 ncall:7.2e+06 eff:0.2% logz-ratio=384940.53+/-0.27 dlogz:195.515>0.01]16845it [5:03:53,  1.97s/it, bound:964 nc:500 ncall:7.3e+06 eff:0.2% logz-ratio=384913.11+/-0.13 dlogz:223.498>0.01]16847it [5:04:10,  1.97s/it, bound:965 nc:374 ncall:7.3e+06 eff:0.2% logz-ratio=384913.39+/-0.14 dlogz:223.203>0.01]16848it [5:04:48,  5.06s/it, bound:965 nc:400 ncall:7.3e+06 eff:0.2% logz-ratio=384913.55+/-0.16 dlogz:223.064>0.01]16850it [5:04:48,  4.31s/it, bound:965 nc:  1 ncall:7.3e+06 eff:0.2% logz-ratio=384971.30+/-0.27 dlogz:164.125>0.01]16855it [5:04:48,  2.81s/it, bound:965 nc:594 ncall:7.3e+06 eff:0.2% logz-ratio=384914.63+/-0.10 dlogz:221.947>0.01]16860it [5:04:49,  1.88s/it, bound:965 nc:523 ncall:7.3e+06 eff:0.2% logz-ratio=384915.44+/-0.15 dlogz:221.172>0.01]16863it [5:05:00,  1.88s/it, bound:966 nc:548 ncall:7.3e+06 eff:0.2% logz-ratio=384915.90+/-0.10 dlogz:220.675>0.01]16864it [5:05:38,  4.76s/it, bound:966 nc:392 ncall:7.3e+06 eff:0.2% logz-ratio=384916.05+/-0.14 dlogz:220.525>0.01]16867it [5:05:38,  3.69s/it, bound:966 nc:  1 ncall:7.3e+06 eff:0.2% logz-ratio=384959.27+/-0.28 dlogz:176.400>0.01]16871it [5:05:38,  2.58s/it, bound:966 nc:462 ncall:7.3e+06 eff:0.2% logz-ratio=384916.94+/-0.13 dlogz:219.603>0.01]16875it [5:05:38,  1.81s/it, bound:966 nc:  1 ncall:7.3e+06 eff:0.2% logz-ratio=384993.41+/-0.28 dlogz:141.589>0.01]16879it [5:05:50,  1.81s/it, bound:967 nc:498 ncall:7.3e+06 eff:0.2% logz-ratio=384917.70+/-0.11 dlogz:218.773>0.01]16880it [5:06:30,  4.79s/it, bound:967 nc:372 ncall:7.3e+06 eff:0.2% logz-ratio=384917.79+/-0.13 dlogz:218.689>0.01]16882it [5:06:30,  4.00s/it, bound:967 nc:  1 ncall:7.3e+06 eff:0.2% logz-ratio=384968.31+/-0.28 dlogz:167.181>0.01]16886it [5:06:30,  2.72s/it, bound:967 nc:503 ncall:7.3e+06 eff:0.2% logz-ratio=384918.33+/-0.08 dlogz:218.158>0.01]16890it [5:06:30,  1.87s/it, bound:967 nc:  1 ncall:7.3e+06 eff:0.2% logz-ratio=385024.18+/-0.28 dlogz:109.995>0.01]16894it [5:06:30,  1.30s/it, bound:967 nc:  1 ncall:7.3e+06 eff:0.2% logz-ratio=384968.97+/-0.28 dlogz:166.500>0.01]16895it [5:06:40,  1.30s/it, bound:968 nc:540 ncall:7.3e+06 eff:0.2% logz-ratio=384919.27+/-0.09 dlogz:217.195>0.01]16896it [5:07:16,  5.22s/it, bound:968 nc:558 ncall:7.3e+06 eff:0.2% logz-ratio=384919.37+/-0.12 dlogz:217.087>0.01]16902it [5:07:16,  2.94s/it, bound:968 nc:  1 ncall:7.3e+06 eff:0.2% logz-ratio=384941.10+/-0.27 dlogz:194.929>0.01]16908it [5:07:16,  1.82s/it, bound:968 nc:  1 ncall:7.3e+06 eff:0.2% logz-ratio=384931.27+/-0.27 dlogz:204.911>0.01]16911it [5:07:30,  1.82s/it, bound:969 nc:  1 ncall:7.3e+06 eff:0.2% logz-ratio=385129.43+/-0.53 dlogz:1.089>0.01]  16912it [5:08:04,  4.54s/it, bound:969 nc:510 ncall:7.3e+06 eff:0.2% logz-ratio=384920.89+/-0.08 dlogz:215.539>0.01]16919it [5:08:04,  2.73s/it, bound:969 nc:  1 ncall:7.3e+06 eff:0.2% logz-ratio=384950.83+/-0.27 dlogz:185.005>0.01]16925it [5:08:05,  1.83s/it, bound:969 nc:489 ncall:7.3e+06 eff:0.2% logz-ratio=384922.65+/-0.11 dlogz:213.833>0.01]16927it [5:08:20,  1.83s/it, bound:970 nc:  1 ncall:7.3e+06 eff:0.2% logz-ratio=385129.40+/-0.53 dlogz:1.089>0.01]  16928it [5:08:51,  4.41s/it, bound:970 nc:540 ncall:7.3e+06 eff:0.2% logz-ratio=384923.11+/-0.10 dlogz:213.328>0.01]16932it [5:08:51,  3.24s/it, bound:970 nc:  1 ncall:7.3e+06 eff:0.2% logz-ratio=384977.87+/-0.28 dlogz:157.415>0.01]16938it [5:08:51,  2.07s/it, bound:970 nc:  1 ncall:7.3e+06 eff:0.2% logz-ratio=384926.26+/-0.26 dlogz:209.995>0.01]16943it [5:09:10,  2.07s/it, bound:971 nc:476 ncall:7.3e+06 eff:0.2% logz-ratio=384925.21+/-0.14 dlogz:211.198>0.01]16944it [5:09:34,  3.80s/it, bound:971 nc:449 ncall:7.3e+06 eff:0.2% logz-ratio=384925.34+/-0.16 dlogz:211.055>0.01]16950it [5:09:34,  2.56s/it, bound:971 nc:  1 ncall:7.3e+06 eff:0.2% logz-ratio=384978.06+/-0.28 dlogz:157.206>0.01]16957it [5:09:34,  1.66s/it, bound:971 nc:437 ncall:7.3e+06 eff:0.2% logz-ratio=384927.21+/-0.10 dlogz:209.167>0.01]16959it [5:09:50,  1.66s/it, bound:972 nc:  1 ncall:7.3e+06 eff:0.2% logz-ratio=385129.34+/-0.54 dlogz:1.089>0.01]  16960it [5:10:18,  3.96s/it, bound:972 nc:379 ncall:7.3e+06 eff:0.2% logz-ratio=384927.59+/-0.09 dlogz:208.765>0.01]16968it [5:10:18,  2.37s/it, bound:972 nc:  1 ncall:7.3e+06 eff:0.2% logz-ratio=384963.53+/-0.27 dlogz:172.046>0.01]16975it [5:10:18,  1.58s/it, bound:973 nc:426 ncall:7.3e+06 eff:0.2% logz-ratio=384929.87+/-0.10 dlogz:206.482>0.01]16975it [5:10:30,  1.58s/it, bound:973 nc:426 ncall:7.3e+06 eff:0.2% logz-ratio=384929.87+/-0.10 dlogz:206.482>0.01]16976it [5:11:00,  4.19s/it, bound:973 nc:489 ncall:7.3e+06 eff:0.2% logz-ratio=384930.00+/-0.13 dlogz:206.336>0.01]16980it [5:11:00,  3.07s/it, bound:973 nc:  1 ncall:7.3e+06 eff:0.2% logz-ratio=384966.49+/-0.28 dlogz:169.029>0.01]16986it [5:11:00,  1.96s/it, bound:973 nc:492 ncall:7.3e+06 eff:0.2% logz-ratio=384931.33+/-0.16 dlogz:204.981>0.01]16991it [5:11:10,  1.96s/it, bound:974 nc:446 ncall:7.3e+06 eff:0.2% logz-ratio=384931.94+/-0.12 dlogz:204.340>0.01]16992it [5:11:49,  4.06s/it, bound:974 nc:423 ncall:7.3e+06 eff:0.2% logz-ratio=384932.07+/-0.15 dlogz:204.225>0.01]16993it [5:12:02,  4.77s/it, bound:974 nc:456 ncall:7.3e+06 eff:0.2% logz-ratio=384932.20+/-0.10 dlogz:204.103>0.01]16999it [5:12:03,  2.91s/it, bound:974 nc:487 ncall:7.3e+06 eff:0.2% logz-ratio=384932.88+/-0.08 dlogz:203.376>0.01]17006it [5:12:03,  1.76s/it, bound:975 nc:  1 ncall:7.3e+06 eff:0.2% logz-ratio=384946.58+/-0.27 dlogz:189.314>0.01]17006it [5:12:20,  1.76s/it, bound:975 nc:  1 ncall:7.3e+06 eff:0.2% logz-ratio=385129.24+/-0.54 dlogz:1.089>0.01]  17007it [5:12:51,  5.24s/it, bound:975 nc:448 ncall:7.3e+06 eff:0.2% logz-ratio=384933.71+/-0.09 dlogz:202.542>0.01]17012it [5:12:51,  3.43s/it, bound:975 nc:  1 ncall:7.3e+06 eff:0.2% logz-ratio=384980.19+/-0.28 dlogz:155.018>0.01]17018it [5:12:51,  2.16s/it, bound:975 nc:503 ncall:7.3e+06 eff:0.2% logz-ratio=384935.40+/-0.13 dlogz:200.951>0.01]17022it [5:13:10,  2.16s/it, bound:976 nc:472 ncall:7.3e+06 eff:0.2% logz-ratio=384936.16+/-0.14 dlogz:200.108>0.01]17023it [5:13:46,  4.87s/it, bound:976 nc:570 ncall:7.3e+06 eff:0.2% logz-ratio=384936.31+/-0.17 dlogz:199.952>0.01]17025it [5:13:46,  4.15s/it, bound:976 nc:  1 ncall:7.3e+06 eff:0.2% logz-ratio=385003.72+/-0.28 dlogz:131.062>0.01]17030it [5:13:46,  2.72s/it, bound:976 nc:531 ncall:7.3e+06 eff:0.2% logz-ratio=384937.18+/-0.08 dlogz:199.011>0.01]17034it [5:13:47,  1.95s/it, bound:976 nc:536 ncall:7.3e+06 eff:0.2% logz-ratio=384937.51+/-0.07 dlogz:198.652>0.01]17038it [5:13:47,  1.40s/it, bound:977 nc:  1 ncall:7.3e+06 eff:0.2% logz-ratio=384996.12+/-0.28 dlogz:138.822>0.01]17038it [5:14:00,  1.40s/it, bound:977 nc:  1 ncall:7.3e+06 eff:0.2% logz-ratio=385129.18+/-0.54 dlogz:1.089>0.01]  17039it [5:14:43,  6.53s/it, bound:977 nc:637 ncall:7.3e+06 eff:0.2% logz-ratio=384937.88+/-0.07 dlogz:198.270>0.01]17042it [5:14:43,  4.67s/it, bound:977 nc:  1 ncall:7.3e+06 eff:0.2% logz-ratio=384989.65+/-0.28 dlogz:145.393>0.01]17046it [5:14:43,  3.03s/it, bound:977 nc:576 ncall:7.4e+06 eff:0.2% logz-ratio=384938.46+/-0.11 dlogz:197.686>0.01]17050it [5:14:43,  2.02s/it, bound:977 nc:  1 ncall:7.4e+06 eff:0.2% logz-ratio=384940.35+/-0.25 dlogz:195.662>0.01]17053it [5:15:00,  2.02s/it, bound:978 nc:539 ncall:7.4e+06 eff:0.2% logz-ratio=384939.01+/-0.07 dlogz:197.110>0.01]17054it [5:15:36,  5.61s/it, bound:978 nc:487 ncall:7.4e+06 eff:0.2% logz-ratio=384939.09+/-0.10 dlogz:197.034>0.01]17056it [5:15:36,  4.56s/it, bound:978 nc:  1 ncall:7.4e+06 eff:0.2% logz-ratio=384965.37+/-0.28 dlogz:170.145>0.01]17060it [5:15:36,  2.98s/it, bound:978 nc:517 ncall:7.4e+06 eff:0.2% logz-ratio=384939.69+/-0.11 dlogz:196.432>0.01]17064it [5:15:36,  2.00s/it, bound:978 nc:  1 ncall:7.4e+06 eff:0.2% logz-ratio=384966.49+/-0.28 dlogz:169.000>0.01]17068it [5:15:36,  1.36s/it, bound:978 nc:606 ncall:7.4e+06 eff:0.2% logz-ratio=384940.34+/-0.10 dlogz:195.756>0.01]17069it [5:15:50,  1.36s/it, bound:979 nc:612 ncall:7.4e+06 eff:0.2% logz-ratio=384940.43+/-0.08 dlogz:195.679>0.01]17070it [5:16:29,  6.09s/it, bound:979 nc:544 ncall:7.4e+06 eff:0.2% logz-ratio=384940.54+/-0.12 dlogz:195.584>0.01]17072it [5:16:29,  4.81s/it, bound:979 nc:  1 ncall:7.4e+06 eff:0.2% logz-ratio=384977.62+/-0.28 dlogz:157.642>0.01]17075it [5:16:29,  3.33s/it, bound:979 nc:539 ncall:7.4e+06 eff:0.2% logz-ratio=384941.08+/-0.08 dlogz:195.025>0.01]17078it [5:16:30,  2.31s/it, bound:979 nc:  1 ncall:7.4e+06 eff:0.2% logz-ratio=384958.34+/-0.28 dlogz:177.303>0.01]17081it [5:16:30,  1.62s/it, bound:979 nc:516 ncall:7.4e+06 eff:0.2% logz-ratio=384941.80+/-0.09 dlogz:194.306>0.01]17085it [5:16:30,  1.03s/it, bound:980 nc:  1 ncall:7.4e+06 eff:0.2% logz-ratio=384976.65+/-0.28 dlogz:158.623>0.01]17085it [5:16:40,  1.03s/it, bound:980 nc:  1 ncall:7.4e+06 eff:0.2% logz-ratio=385129.09+/-0.57 dlogz:1.089>0.01]  17086it [5:17:15,  6.15s/it, bound:980 nc:459 ncall:7.4e+06 eff:0.2% logz-ratio=384942.43+/-0.10 dlogz:193.687>0.01]17093it [5:17:15,  2.85s/it, bound:980 nc:  1 ncall:7.4e+06 eff:0.2% logz-ratio=384966.30+/-0.28 dlogz:169.192>0.01]17098it [5:17:15,  1.85s/it, bound:980 nc:479 ncall:7.4e+06 eff:0.2% logz-ratio=384943.60+/-0.10 dlogz:192.435>0.01]17100it [5:17:30,  1.85s/it, bound:980 nc:503 ncall:7.4e+06 eff:0.2% logz-ratio=384943.75+/-0.07 dlogz:192.277>0.01]17101it [5:18:00,  4.90s/it, bound:981 nc:913 ncall:7.4e+06 eff:0.2% logz-ratio=384943.84+/-0.11 dlogz:192.198>0.01]17104it [5:18:00,  3.68s/it, bound:981 nc:  1 ncall:7.4e+06 eff:0.2% logz-ratio=385019.72+/-0.28 dlogz:114.584>0.01]17108it [5:18:00,  2.51s/it, bound:981 nc:506 ncall:7.4e+06 eff:0.2% logz-ratio=384944.59+/-0.09 dlogz:191.473>0.01]17112it [5:18:00,  1.73s/it, bound:981 nc:  1 ncall:7.4e+06 eff:0.2% logz-ratio=384967.99+/-0.28 dlogz:167.479>0.01]17116it [5:18:00,  1.20s/it, bound:982 nc:494 ncall:7.4e+06 eff:0.2% logz-ratio=384945.39+/-0.08 dlogz:190.636>0.01]17116it [5:18:10,  1.20s/it, bound:982 nc:494 ncall:7.4e+06 eff:0.2% logz-ratio=384945.39+/-0.08 dlogz:190.636>0.01]17117it [5:18:48,  5.78s/it, bound:982 nc:421 ncall:7.4e+06 eff:0.2% logz-ratio=384945.48+/-0.11 dlogz:190.535>0.01]17122it [5:18:48,  3.39s/it, bound:982 nc:534 ncall:7.4e+06 eff:0.2% logz-ratio=384945.92+/-0.08 dlogz:190.090>0.01]17127it [5:18:48,  2.13s/it, bound:982 nc:449 ncall:7.4e+06 eff:0.2% logz-ratio=384946.38+/-0.08 dlogz:189.610>0.01]17132it [5:19:00,  2.13s/it, bound:983 nc:  1 ncall:7.4e+06 eff:0.2% logz-ratio=385128.99+/-0.59 dlogz:1.089>0.01]  17133it [5:19:30,  4.03s/it, bound:983 nc:421 ncall:7.4e+06 eff:0.2% logz-ratio=384946.87+/-0.08 dlogz:189.103>0.01]17142it [5:19:30,  2.20s/it, bound:983 nc:501 ncall:7.4e+06 eff:0.2% logz-ratio=384947.85+/-0.09 dlogz:188.134>0.01]17148it [5:19:40,  2.20s/it, bound:984 nc:388 ncall:7.4e+06 eff:0.2% logz-ratio=384948.51+/-0.09 dlogz:187.467>0.01]17149it [5:20:07,  3.25s/it, bound:984 nc:321 ncall:7.4e+06 eff:0.2% logz-ratio=384948.62+/-0.12 dlogz:187.350>0.01]17152it [5:20:07,  2.70s/it, bound:984 nc:  1 ncall:7.4e+06 eff:0.2% logz-ratio=385008.15+/-0.28 dlogz:126.503>0.01]17158it [5:20:07,  1.82s/it, bound:984 nc:  1 ncall:7.4e+06 eff:0.2% logz-ratio=384967.70+/-0.28 dlogz:167.773>0.01]17163it [5:20:07,  1.32s/it, bound:984 nc:453 ncall:7.4e+06 eff:0.2% logz-ratio=384949.96+/-0.11 dlogz:185.959>0.01]17164it [5:20:20,  1.32s/it, bound:985 nc:  1 ncall:7.4e+06 eff:0.2% logz-ratio=385128.93+/-0.59 dlogz:1.089>0.01]  17165it [5:20:38,  3.23s/it, bound:985 nc:384 ncall:7.4e+06 eff:0.2% logz-ratio=384950.14+/-0.08 dlogz:185.773>0.01]17170it [5:20:38,  2.17s/it, bound:985 nc:  1 ncall:7.4e+06 eff:0.2% logz-ratio=385032.68+/-0.29 dlogz:101.296>0.01]17176it [5:20:38,  1.39s/it, bound:985 nc:  1 ncall:7.4e+06 eff:0.2% logz-ratio=385001.19+/-0.28 dlogz:133.630>0.01]17179it [5:20:50,  1.39s/it, bound:986 nc:317 ncall:7.4e+06 eff:0.2% logz-ratio=384951.35+/-0.08 dlogz:184.541>0.01]17180it [5:21:07,  2.92s/it, bound:986 nc:345 ncall:7.4e+06 eff:0.2% logz-ratio=384951.45+/-0.12 dlogz:184.441>0.01]17187it [5:21:07,  1.78s/it, bound:986 nc:  1 ncall:7.4e+06 eff:0.2% logz-ratio=384971.64+/-0.28 dlogz:163.759>0.01]17193it [5:21:08,  1.21s/it, bound:986 nc:325 ncall:7.4e+06 eff:0.2% logz-ratio=384952.73+/-0.14 dlogz:183.141>0.01]17195it [5:21:20,  1.21s/it, bound:987 nc:386 ncall:7.4e+06 eff:0.2% logz-ratio=384952.97+/-0.13 dlogz:182.920>0.01]17196it [5:21:41,  3.08s/it, bound:987 nc:394 ncall:7.4e+06 eff:0.2% logz-ratio=384953.10+/-0.15 dlogz:182.789>0.01]17199it [5:21:41,  2.44s/it, bound:987 nc:  1 ncall:7.4e+06 eff:0.2% logz-ratio=385022.57+/-0.28 dlogz:111.694>0.01]17208it [5:21:41,  1.28s/it, bound:987 nc:445 ncall:7.4e+06 eff:0.2% logz-ratio=384954.41+/-0.13 dlogz:181.412>0.01]17211it [5:22:00,  1.28s/it, bound:988 nc:  1 ncall:7.4e+06 eff:0.2% logz-ratio=385128.83+/-0.61 dlogz:1.089>0.01]  17212it [5:22:15,  2.94s/it, bound:988 nc:404 ncall:7.4e+06 eff:0.2% logz-ratio=384954.75+/-0.08 dlogz:181.067>0.01]17215it [5:22:27,  3.16s/it, bound:988 nc:448 ncall:7.4e+06 eff:0.2% logz-ratio=384955.01+/-0.08 dlogz:180.802>0.01]17223it [5:22:27,  1.80s/it, bound:988 nc:  1 ncall:7.4e+06 eff:0.2% logz-ratio=385020.51+/-0.28 dlogz:113.788>0.01]17227it [5:22:40,  1.80s/it, bound:989 nc:373 ncall:7.4e+06 eff:0.2% logz-ratio=384955.94+/-0.07 dlogz:179.832>0.01]17228it [5:23:00,  3.13s/it, bound:989 nc:450 ncall:7.4e+06 eff:0.2% logz-ratio=384956.01+/-0.10 dlogz:179.759>0.01]17232it [5:23:00,  2.38s/it, bound:989 nc:  1 ncall:7.4e+06 eff:0.2% logz-ratio=385109.80+/-0.51 dlogz:21.061>0.01] 17238it [5:23:00,  1.58s/it, bound:989 nc:  1 ncall:7.4e+06 eff:0.2% logz-ratio=385003.96+/-0.28 dlogz:130.775>0.01]17242it [5:23:10,  1.58s/it, bound:990 nc:393 ncall:7.4e+06 eff:0.2% logz-ratio=384957.41+/-0.13 dlogz:178.402>0.01]17243it [5:23:39,  3.36s/it, bound:990 nc:531 ncall:7.4e+06 eff:0.2% logz-ratio=384957.55+/-0.16 dlogz:178.263>0.01]17245it [5:23:39,  2.89s/it, bound:990 nc:  1 ncall:7.4e+06 eff:0.2% logz-ratio=385045.61+/-0.28 dlogz:87.998>0.01] 17252it [5:23:39,  1.70s/it, bound:990 nc:  1 ncall:7.4e+06 eff:0.2% logz-ratio=384999.73+/-0.28 dlogz:135.119>0.01]17258it [5:23:50,  1.70s/it, bound:991 nc:508 ncall:7.4e+06 eff:0.2% logz-ratio=384959.43+/-0.09 dlogz:176.330>0.01]17259it [5:24:15,  2.96s/it, bound:991 nc:505 ncall:7.4e+06 eff:0.2% logz-ratio=384959.54+/-0.13 dlogz:176.210>0.01]17265it [5:24:15,  2.04s/it, bound:991 nc:  1 ncall:7.5e+06 eff:0.2% logz-ratio=384962.31+/-0.26 dlogz:173.279>0.01]17271it [5:24:15,  1.42s/it, bound:991 nc:460 ncall:7.5e+06 eff:0.2% logz-ratio=384960.94+/-0.10 dlogz:174.812>0.01]17274it [5:24:30,  1.42s/it, bound:992 nc:497 ncall:7.5e+06 eff:0.2% logz-ratio=384961.36+/-0.10 dlogz:174.389>0.01]17275it [5:24:52,  3.19s/it, bound:992 nc:478 ncall:7.5e+06 eff:0.2% logz-ratio=384961.49+/-0.13 dlogz:174.247>0.01]17283it [5:24:52,  1.94s/it, bound:992 nc:499 ncall:7.5e+06 eff:0.2% logz-ratio=384962.29+/-0.08 dlogz:173.393>0.01]17290it [5:25:10,  1.94s/it, bound:993 nc:  1 ncall:7.5e+06 eff:0.2% logz-ratio=385128.68+/-0.64 dlogz:1.089>0.01]  17291it [5:25:38,  3.32s/it, bound:993 nc:485 ncall:7.5e+06 eff:0.2% logz-ratio=384962.97+/-0.07 dlogz:172.684>0.01]17296it [5:25:38,  2.51s/it, bound:993 nc:  1 ncall:7.5e+06 eff:0.2% logz-ratio=385082.00+/-0.42 dlogz:50.338>0.01] 17302it [5:25:39,  1.78s/it, bound:993 nc:  1 ncall:7.5e+06 eff:0.2% logz-ratio=385025.19+/-0.29 dlogz:108.961>0.01]17306it [5:25:50,  1.78s/it, bound:994 nc:  1 ncall:7.5e+06 eff:0.2% logz-ratio=385128.64+/-0.64 dlogz:1.089>0.01]  17307it [5:26:21,  3.53s/it, bound:994 nc:539 ncall:7.5e+06 eff:0.2% logz-ratio=384964.60+/-0.09 dlogz:171.047>0.01]17313it [5:26:21,  2.45s/it, bound:994 nc:  1 ncall:7.5e+06 eff:0.2% logz-ratio=385033.23+/-0.29 dlogz:100.721>0.01]17319it [5:26:21,  1.71s/it, bound:994 nc:  1 ncall:7.5e+06 eff:0.2% logz-ratio=384995.72+/-0.28 dlogz:139.205>0.01]17322it [5:26:40,  1.71s/it, bound:995 nc:592 ncall:7.5e+06 eff:0.2% logz-ratio=384966.17+/-0.09 dlogz:169.447>0.01]17323it [5:27:00,  3.48s/it, bound:995 nc:478 ncall:7.5e+06 eff:0.2% logz-ratio=384966.26+/-0.12 dlogz:169.343>0.01]17327it [5:27:00,  2.64s/it, bound:995 nc:  1 ncall:7.5e+06 eff:0.2% logz-ratio=384986.79+/-0.28 dlogz:148.325>0.01]17333it [5:27:00,  1.74s/it, bound:995 nc:491 ncall:7.5e+06 eff:0.2% logz-ratio=384967.47+/-0.11 dlogz:168.183>0.01]17337it [5:27:10,  1.74s/it, bound:996 nc:446 ncall:7.5e+06 eff:0.2% logz-ratio=384968.08+/-0.14 dlogz:167.538>0.01]17338it [5:27:36,  3.33s/it, bound:996 nc:483 ncall:7.5e+06 eff:0.2% logz-ratio=384968.21+/-0.16 dlogz:167.399>0.01]17344it [5:27:36,  2.23s/it, bound:996 nc:  1 ncall:7.5e+06 eff:0.2% logz-ratio=385039.74+/-0.29 dlogz:94.043>0.01] 17351it [5:27:36,  1.44s/it, bound:996 nc:  1 ncall:7.5e+06 eff:0.2% logz-ratio=385000.10+/-0.28 dlogz:134.740>0.01]17352it [5:27:50,  1.44s/it, bound:996 nc:315 ncall:7.5e+06 eff:0.2% logz-ratio=384969.69+/-0.08 dlogz:165.860>0.01]17353it [5:28:11,  3.49s/it, bound:997 nc:840 ncall:7.5e+06 eff:0.2% logz-ratio=384969.80+/-0.12 dlogz:165.757>0.01]17358it [5:28:11,  2.41s/it, bound:997 nc:  1 ncall:7.5e+06 eff:0.2% logz-ratio=384977.42+/-0.28 dlogz:157.859>0.01]17365it [5:28:12,  1.49s/it, bound:997 nc:484 ncall:7.5e+06 eff:0.2% logz-ratio=384970.95+/-0.07 dlogz:164.549>0.01]17368it [5:28:30,  1.49s/it, bound:998 nc:347 ncall:7.5e+06 eff:0.2% logz-ratio=384971.17+/-0.10 dlogz:164.322>0.01]17369it [5:28:48,  3.31s/it, bound:998 nc:526 ncall:7.5e+06 eff:0.2% logz-ratio=384971.24+/-0.12 dlogz:164.249>0.01]17370it [5:28:51,  3.26s/it, bound:998 nc:380 ncall:7.5e+06 eff:0.2% logz-ratio=384971.31+/-0.07 dlogz:164.174>0.01]17377it [5:28:51,  1.83s/it, bound:998 nc:  1 ncall:7.5e+06 eff:0.2% logz-ratio=385028.06+/-0.28 dlogz:106.002>0.01]17384it [5:29:10,  1.83s/it, bound:999 nc:433 ncall:7.5e+06 eff:0.2% logz-ratio=384972.48+/-0.12 dlogz:163.012>0.01]17385it [5:29:28,  3.03s/it, bound:999 nc:437 ncall:7.5e+06 eff:0.2% logz-ratio=384972.59+/-0.14 dlogz:162.909>0.01]17387it [5:29:28,  2.65s/it, bound:999 nc:  1 ncall:7.5e+06 eff:0.2% logz-ratio=385083.19+/-0.34 dlogz:49.109>0.01] 17393it [5:29:29,  1.71s/it, bound:999 nc:  1 ncall:7.5e+06 eff:0.2% logz-ratio=385004.49+/-0.28 dlogz:130.235>0.01]17400it [5:29:29,  1.07s/it, bound:1000 nc:472 ncall:7.5e+06 eff:0.2% logz-ratio=384974.00+/-0.08 dlogz:161.446>0.01]17400it [5:29:40,  1.07s/it, bound:1000 nc:472 ncall:7.5e+06 eff:0.2% logz-ratio=384974.00+/-0.08 dlogz:161.446>0.01]17401it [5:30:09,  3.82s/it, bound:1000 nc:460 ncall:7.5e+06 eff:0.2% logz-ratio=384974.09+/-0.11 dlogz:161.351>0.01]17403it [5:30:09,  3.26s/it, bound:1000 nc:491 ncall:7.5e+06 eff:0.2% logz-ratio=384974.28+/-0.08 dlogz:161.164>0.01]17411it [5:30:10,  1.67s/it, bound:1000 nc:  1 ncall:7.5e+06 eff:0.2% logz-ratio=385101.58+/-0.27 dlogz:29.729>0.01] 17416it [5:30:20,  1.67s/it, bound:1001 nc:  1 ncall:7.5e+06 eff:0.2% logz-ratio=385128.44+/-0.81 dlogz:1.080>0.01] 17417it [5:30:47,  3.22s/it, bound:1001 nc:417 ncall:7.5e+06 eff:0.2% logz-ratio=384975.67+/-0.09 dlogz:159.761>0.01]17425it [5:30:47,  1.95s/it, bound:1001 nc:  1 ncall:7.5e+06 eff:0.2% logz-ratio=385018.63+/-0.28 dlogz:115.712>0.01]17431it [5:30:47,  1.37s/it, bound:1001 nc:490 ncall:7.5e+06 eff:0.2% logz-ratio=384976.96+/-0.09 dlogz:158.436>0.01]17432it [5:31:00,  1.37s/it, bound:1002 nc:  1 ncall:7.5e+06 eff:0.2% logz-ratio=385128.41+/-0.81 dlogz:1.080>0.01]  17433it [5:31:26,  3.61s/it, bound:1002 nc:452 ncall:7.5e+06 eff:0.2% logz-ratio=384977.15+/-0.08 dlogz:158.234>0.01]17438it [5:31:26,  2.51s/it, bound:1002 nc:  1 ncall:7.5e+06 eff:0.2% logz-ratio=385012.69+/-0.28 dlogz:121.846>0.01]17444it [5:31:26,  1.65s/it, bound:1002 nc:  1 ncall:7.5e+06 eff:0.2% logz-ratio=384989.02+/-0.28 dlogz:146.047>0.01]17447it [5:31:40,  1.65s/it, bound:1003 nc:484 ncall:7.5e+06 eff:0.2% logz-ratio=384978.68+/-0.09 dlogz:156.700>0.01]17448it [5:32:04,  3.59s/it, bound:1003 nc:409 ncall:7.5e+06 eff:0.2% logz-ratio=384978.82+/-0.13 dlogz:156.576>0.01]17450it [5:32:04,  3.09s/it, bound:1003 nc:527 ncall:7.5e+06 eff:0.2% logz-ratio=384979.08+/-0.09 dlogz:156.297>0.01]17455it [5:32:04,  2.02s/it, bound:1003 nc:  1 ncall:7.5e+06 eff:0.2% logz-ratio=385099.99+/-0.26 dlogz:31.523>0.01] 17462it [5:32:20,  2.02s/it, bound:1004 nc:536 ncall:7.5e+06 eff:0.2% logz-ratio=384980.35+/-0.11 dlogz:154.976>0.01]17463it [5:32:40,  3.07s/it, bound:1004 nc:502 ncall:7.5e+06 eff:0.2% logz-ratio=384980.44+/-0.13 dlogz:154.883>0.01]17464it [5:32:54,  3.91s/it, bound:1004 nc:524 ncall:7.5e+06 eff:0.2% logz-ratio=384980.53+/-0.08 dlogz:154.789>0.01]17471it [5:32:54,  2.26s/it, bound:1004 nc:  1 ncall:7.6e+06 eff:0.2% logz-ratio=384988.49+/-0.28 dlogz:146.588>0.01]17477it [5:32:54,  1.49s/it, bound:1005 nc:519 ncall:7.6e+06 eff:0.2% logz-ratio=384981.95+/-0.10 dlogz:153.392>0.01]17477it [5:33:10,  1.49s/it, bound:1005 nc:519 ncall:7.6e+06 eff:0.2% logz-ratio=384981.95+/-0.10 dlogz:153.392>0.01]17478it [5:33:33,  4.31s/it, bound:1005 nc:471 ncall:7.6e+06 eff:0.2% logz-ratio=384982.08+/-0.13 dlogz:153.251>0.01]17483it [5:33:33,  2.81s/it, bound:1005 nc:  1 ncall:7.6e+06 eff:0.2% logz-ratio=385024.74+/-0.28 dlogz:109.450>0.01]17491it [5:33:33,  1.57s/it, bound:1005 nc:  1 ncall:7.6e+06 eff:0.2% logz-ratio=384989.41+/-0.28 dlogz:145.638>0.01]17493it [5:33:50,  1.57s/it, bound:1006 nc:434 ncall:7.6e+06 eff:0.2% logz-ratio=384983.93+/-0.12 dlogz:151.343>0.01]17494it [5:34:10,  3.63s/it, bound:1006 nc:404 ncall:7.6e+06 eff:0.2% logz-ratio=384984.03+/-0.14 dlogz:151.240>0.01]17500it [5:34:10,  2.35s/it, bound:1006 nc:  1 ncall:7.6e+06 eff:0.2% logz-ratio=385035.83+/-0.28 dlogz:98.102>0.01] 17507it [5:34:10,  1.48s/it, bound:1006 nc:  1 ncall:7.6e+06 eff:0.2% logz-ratio=384986.17+/-0.23 dlogz:148.953>0.01]17509it [5:34:21,  1.48s/it, bound:1007 nc:  1 ncall:7.6e+06 eff:0.2% logz-ratio=385128.25+/-0.82 dlogz:1.080>0.01]  17510it [5:34:49,  3.59s/it, bound:1007 nc:532 ncall:7.6e+06 eff:0.2% logz-ratio=384985.49+/-0.08 dlogz:149.729>0.01]17516it [5:34:49,  2.35s/it, bound:1007 nc:  1 ncall:7.6e+06 eff:0.2% logz-ratio=385080.95+/-0.34 dlogz:51.359>0.01] 17523it [5:34:49,  1.50s/it, bound:1007 nc:581 ncall:7.6e+06 eff:0.2% logz-ratio=384986.81+/-0.13 dlogz:148.412>0.01]17524it [5:35:01,  1.50s/it, bound:1008 nc:586 ncall:7.6e+06 eff:0.2% logz-ratio=384986.92+/-0.09 dlogz:148.294>0.01]17525it [5:35:24,  3.57s/it, bound:1008 nc:430 ncall:7.6e+06 eff:0.2% logz-ratio=384987.05+/-0.13 dlogz:148.180>0.01]17528it [5:35:24,  2.80s/it, bound:1008 nc:  1 ncall:7.6e+06 eff:0.2% logz-ratio=385067.49+/-0.29 dlogz:74.172>0.01] 17534it [5:35:24,  1.73s/it, bound:1008 nc:459 ncall:7.6e+06 eff:0.2% logz-ratio=384988.20+/-0.09 dlogz:155.662>0.01]17540it [5:35:41,  1.73s/it, bound:1009 nc:425 ncall:7.6e+06 eff:0.2% logz-ratio=384988.73+/-0.08 dlogz:155.101>0.01]17541it [5:35:59,  2.99s/it, bound:1009 nc:400 ncall:7.6e+06 eff:0.2% logz-ratio=384988.81+/-0.11 dlogz:155.015>0.01]17548it [5:35:59,  1.92s/it, bound:1009 nc:  1 ncall:7.6e+06 eff:0.2% logz-ratio=385031.43+/-0.28 dlogz:111.273>0.01]17555it [5:35:59,  1.28s/it, bound:1009 nc:495 ncall:7.6e+06 eff:0.2% logz-ratio=384989.83+/-0.07 dlogz:153.952>0.01]17556it [5:36:11,  1.28s/it, bound:1010 nc:426 ncall:7.6e+06 eff:0.2% logz-ratio=384989.90+/-0.10 dlogz:153.880>0.01]17557it [5:36:37,  3.42s/it, bound:1010 nc:431 ncall:7.6e+06 eff:0.2% logz-ratio=384989.97+/-0.12 dlogz:153.810>0.01]17562it [5:36:37,  2.39s/it, bound:1010 nc:  1 ncall:7.6e+06 eff:0.2% logz-ratio=385009.21+/-0.28 dlogz:134.060>0.01]17568it [5:36:37,  1.58s/it, bound:1010 nc:462 ncall:7.6e+06 eff:0.2% logz-ratio=384990.91+/-0.09 dlogz:152.876>0.01]17572it [5:36:51,  1.58s/it, bound:1011 nc:468 ncall:7.6e+06 eff:0.2% logz-ratio=384991.31+/-0.12 dlogz:152.472>0.01]17573it [5:37:18,  3.50s/it, bound:1011 nc:567 ncall:7.6e+06 eff:0.2% logz-ratio=384991.41+/-0.14 dlogz:152.365>0.01]17578it [5:37:18,  2.48s/it, bound:1011 nc:  1 ncall:7.6e+06 eff:0.2% logz-ratio=385055.24+/-0.29 dlogz:86.786>0.01] 17585it [5:37:18,  1.57s/it, bound:1011 nc:  1 ncall:7.6e+06 eff:0.2% logz-ratio=385011.28+/-0.28 dlogz:131.956>0.01]17587it [5:37:31,  1.57s/it, bound:1012 nc:421 ncall:7.6e+06 eff:0.2% logz-ratio=384992.78+/-0.12 dlogz:150.984>0.01]17588it [5:38:23,  5.22s/it, bound:1012 nc:871 ncall:7.6e+06 eff:0.2% logz-ratio=384992.90+/-0.15 dlogz:150.866>0.01]17592it [5:38:23,  3.87s/it, bound:1012 nc:  1 ncall:7.6e+06 eff:0.2% logz-ratio=385016.50+/-0.28 dlogz:126.591>0.01]17598it [5:38:23,  2.49s/it, bound:1012 nc:  1 ncall:7.6e+06 eff:0.2% logz-ratio=385004.47+/-0.28 dlogz:138.918>0.01]17603it [5:38:41,  2.49s/it, bound:1013 nc:852 ncall:7.6e+06 eff:0.2% logz-ratio=384994.69+/-0.10 dlogz:149.073>0.01]17604it [5:39:18,  4.78s/it, bound:1013 nc:737 ncall:7.6e+06 eff:0.2% logz-ratio=384994.83+/-0.14 dlogz:148.926>0.01]17609it [5:39:18,  3.41s/it, bound:1013 nc:747 ncall:7.6e+06 eff:0.2% logz-ratio=384995.43+/-0.09 dlogz:148.286>0.01]17615it [5:39:19,  2.29s/it, bound:1013 nc:631 ncall:7.6e+06 eff:0.2% logz-ratio=384996.02+/-0.08 dlogz:147.658>0.01]17619it [5:39:31,  2.29s/it, bound:1014 nc:674 ncall:7.6e+06 eff:0.2% logz-ratio=384996.39+/-0.08 dlogz:147.290>0.01]17620it [5:40:05,  4.27s/it, bound:1014 nc:409 ncall:7.6e+06 eff:0.2% logz-ratio=384996.47+/-0.11 dlogz:147.199>0.01]17625it [5:40:05,  3.05s/it, bound:1014 nc:  1 ncall:7.6e+06 eff:0.2% logz-ratio=385006.21+/-0.28 dlogz:137.151>0.01]17631it [5:40:05,  2.05s/it, bound:1014 nc:481 ncall:7.6e+06 eff:0.2% logz-ratio=384997.48+/-0.11 dlogz:146.171>0.01]17634it [5:40:21,  2.05s/it, bound:1015 nc:590 ncall:7.6e+06 eff:0.2% logz-ratio=384997.78+/-0.09 dlogz:145.890>0.01]17635it [5:41:00,  4.83s/it, bound:1015 nc:751 ncall:7.6e+06 eff:0.2% logz-ratio=384997.89+/-0.12 dlogz:145.775>0.01]17639it [5:41:00,  3.61s/it, bound:1015 nc:  1 ncall:7.6e+06 eff:0.2% logz-ratio=385063.52+/-0.29 dlogz:78.190>0.01] 17645it [5:41:00,  2.34s/it, bound:1015 nc:  1 ncall:7.7e+06 eff:0.2% logz-ratio=385011.86+/-0.28 dlogz:131.366>0.01]17650it [5:41:11,  2.34s/it, bound:1016 nc:708 ncall:7.7e+06 eff:0.2% logz-ratio=384999.26+/-0.08 dlogz:144.345>0.01]17651it [5:41:51,  4.41s/it, bound:1016 nc:669 ncall:7.7e+06 eff:0.2% logz-ratio=384999.34+/-0.11 dlogz:144.264>0.01]17655it [5:41:51,  3.35s/it, bound:1016 nc:  1 ncall:7.7e+06 eff:0.2% logz-ratio=385007.17+/-0.28 dlogz:136.163>0.01]17660it [5:41:51,  2.34s/it, bound:1016 nc:683 ncall:7.7e+06 eff:0.2% logz-ratio=385000.16+/-0.09 dlogz:154.141>0.01]17665it [5:41:52,  1.64s/it, bound:1016 nc:  1 ncall:7.7e+06 eff:0.2% logz-ratio=385077.45+/-0.29 dlogz:74.327>0.01] 17666it [5:42:11,  1.64s/it, bound:1017 nc:626 ncall:7.7e+06 eff:0.2% logz-ratio=385000.74+/-0.08 dlogz:153.539>0.01]17667it [5:42:37,  4.74s/it, bound:1017 nc:602 ncall:7.7e+06 eff:0.2% logz-ratio=385000.83+/-0.11 dlogz:153.448>0.01]17670it [5:42:37,  3.61s/it, bound:1017 nc:494 ncall:7.7e+06 eff:0.2% logz-ratio=385001.08+/-0.08 dlogz:153.184>0.01]17676it [5:42:37,  2.15s/it, bound:1017 nc:635 ncall:7.7e+06 eff:0.2% logz-ratio=385001.60+/-0.08 dlogz:152.654>0.01]17681it [5:42:37,  1.46s/it, bound:1017 nc:  1 ncall:7.7e+06 eff:0.2% logz-ratio=385110.49+/-0.37 dlogz:39.842>0.01] 17682it [5:42:51,  1.46s/it, bound:1018 nc:561 ncall:7.7e+06 eff:0.2% logz-ratio=385002.07+/-0.07 dlogz:152.161>0.01]17683it [5:43:20,  4.55s/it, bound:1018 nc:517 ncall:7.7e+06 eff:0.2% logz-ratio=385002.14+/-0.10 dlogz:152.083>0.01]17684it [5:43:31,  5.22s/it, bound:1018 nc:525 ncall:7.7e+06 eff:0.2% logz-ratio=385002.21+/-0.07 dlogz:152.008>0.01]17689it [5:43:31,  3.04s/it, bound:1018 nc:  1 ncall:7.7e+06 eff:0.2% logz-ratio=385075.62+/-0.30 dlogz:76.257>0.01] 17696it [5:43:31,  1.66s/it, bound:1018 nc:  1 ncall:7.7e+06 eff:0.2% logz-ratio=385004.59+/-0.24 dlogz:149.494>0.01]17698it [5:43:51,  1.66s/it, bound:1019 nc:  1 ncall:7.7e+06 eff:0.2% logz-ratio=385147.21+/-0.77 dlogz:1.099>0.01]  17699it [5:44:08,  4.03s/it, bound:1019 nc:483 ncall:7.7e+06 eff:0.2% logz-ratio=385003.45+/-0.07 dlogz:150.743>0.01]17705it [5:44:09,  2.49s/it, bound:1019 nc:  1 ncall:7.7e+06 eff:0.2% logz-ratio=385058.96+/-0.29 dlogz:93.613>0.01] 17713it [5:44:09,  1.44s/it, bound:1019 nc:  1 ncall:7.7e+06 eff:0.2% logz-ratio=385012.55+/-0.28 dlogz:141.355>0.01]17714it [5:44:21,  1.44s/it, bound:1020 nc:506 ncall:7.7e+06 eff:0.2% logz-ratio=385004.46+/-0.07 dlogz:149.697>0.01]17715it [5:44:49,  3.91s/it, bound:1020 nc:529 ncall:7.7e+06 eff:0.2% logz-ratio=385004.52+/-0.09 dlogz:149.633>0.01]17719it [5:44:49,  2.85s/it, bound:1020 nc:  1 ncall:7.7e+06 eff:0.2% logz-ratio=385053.27+/-0.29 dlogz:99.526>0.01] 17726it [5:44:49,  1.70s/it, bound:1020 nc:  1 ncall:7.7e+06 eff:0.2% logz-ratio=385017.16+/-0.28 dlogz:136.615>0.01]17728it [5:45:01,  1.70s/it, bound:1021 nc:  1 ncall:7.7e+06 eff:0.2% logz-ratio=385147.15+/-0.77 dlogz:1.099>0.01]  17729it [5:45:28,  3.89s/it, bound:1021 nc:456 ncall:7.7e+06 eff:0.2% logz-ratio=385005.62+/-0.08 dlogz:148.520>0.01]17737it [5:45:28,  2.22s/it, bound:1021 nc:  1 ncall:7.7e+06 eff:0.2% logz-ratio=385025.36+/-0.28 dlogz:128.200>0.01]17744it [5:45:28,  1.45s/it, bound:1022 nc:368 ncall:7.7e+06 eff:0.2% logz-ratio=385006.73+/-0.08 dlogz:147.379>0.01]17744it [5:45:41,  1.45s/it, bound:1022 nc:368 ncall:7.7e+06 eff:0.2% logz-ratio=385006.73+/-0.08 dlogz:147.379>0.01]17745it [5:46:11,  4.20s/it, bound:1022 nc:446 ncall:7.7e+06 eff:0.2% logz-ratio=385006.81+/-0.11 dlogz:147.296>0.01]17752it [5:46:11,  2.53s/it, bound:1022 nc:  1 ncall:7.7e+06 eff:0.2% logz-ratio=385014.16+/-0.28 dlogz:139.700>0.01]17759it [5:46:11,  1.62s/it, bound:1022 nc:419 ncall:7.7e+06 eff:0.2% logz-ratio=385008.12+/-0.08 dlogz:145.966>0.01]17760it [5:46:31,  1.62s/it, bound:1023 nc:397 ncall:7.7e+06 eff:0.2% logz-ratio=385008.21+/-0.11 dlogz:145.878>0.01]17761it [5:47:05,  4.88s/it, bound:1023 nc:633 ncall:7.7e+06 eff:0.2% logz-ratio=385008.30+/-0.13 dlogz:145.790>0.01]17765it [5:47:05,  3.57s/it, bound:1023 nc:  1 ncall:7.7e+06 eff:0.2% logz-ratio=385017.47+/-0.28 dlogz:136.299>0.01]17771it [5:47:05,  2.27s/it, bound:1023 nc:533 ncall:7.7e+06 eff:0.2% logz-ratio=385009.15+/-0.11 dlogz:144.906>0.01]17776it [5:47:21,  2.27s/it, bound:1024 nc:507 ncall:7.7e+06 eff:0.2% logz-ratio=385009.53+/-0.07 dlogz:144.513>0.01]17777it [5:47:56,  4.41s/it, bound:1024 nc:568 ncall:7.7e+06 eff:0.2% logz-ratio=385009.60+/-0.10 dlogz:144.439>0.01]17779it [5:47:56,  3.80s/it, bound:1024 nc:  1 ncall:7.7e+06 eff:0.2% logz-ratio=385035.60+/-0.28 dlogz:117.691>0.01]17784it [5:47:56,  2.54s/it, bound:1024 nc:546 ncall:7.7e+06 eff:0.2% logz-ratio=385010.22+/-0.09 dlogz:143.839>0.01]17788it [5:47:56,  1.85s/it, bound:1024 nc:495 ncall:7.7e+06 eff:0.2% logz-ratio=385010.67+/-0.09 dlogz:143.377>0.01]17792it [5:47:56,  1.33s/it, bound:1025 nc:  1 ncall:7.7e+06 eff:0.2% logz-ratio=385035.47+/-0.28 dlogz:117.831>0.01]17792it [5:48:11,  1.33s/it, bound:1025 nc:  1 ncall:7.7e+06 eff:0.2% logz-ratio=385147.02+/-0.82 dlogz:1.099>0.01]  17793it [5:48:44,  5.55s/it, bound:1025 nc:483 ncall:7.7e+06 eff:0.2% logz-ratio=385011.13+/-0.08 dlogz:142.885>0.01]17798it [5:48:44,  3.36s/it, bound:1025 nc:545 ncall:7.7e+06 eff:0.2% logz-ratio=385011.56+/-0.08 dlogz:142.456>0.01]17803it [5:48:44,  2.15s/it, bound:1025 nc:  1 ncall:7.7e+06 eff:0.2% logz-ratio=385026.13+/-0.28 dlogz:127.392>0.01]17808it [5:49:01,  2.15s/it, bound:1026 nc:520 ncall:7.7e+06 eff:0.2% logz-ratio=385012.50+/-0.11 dlogz:141.484>0.01]17809it [5:49:33,  4.45s/it, bound:1026 nc:391 ncall:7.7e+06 eff:0.2% logz-ratio=385012.59+/-0.13 dlogz:141.397>0.01]17813it [5:49:33,  3.27s/it, bound:1026 nc:477 ncall:7.7e+06 eff:0.2% logz-ratio=385012.88+/-0.07 dlogz:141.086>0.01]17821it [5:49:33,  1.86s/it, bound:1026 nc:  1 ncall:7.7e+06 eff:0.2% logz-ratio=385015.66+/-0.27 dlogz:138.153>0.01]17824it [5:49:51,  1.86s/it, bound:1027 nc:  1 ncall:7.7e+06 eff:0.2% logz-ratio=385146.96+/-0.82 dlogz:1.099>0.01]  17825it [5:50:16,  3.96s/it, bound:1027 nc:468 ncall:7.7e+06 eff:0.2% logz-ratio=385013.68+/-0.07 dlogz:140.263>0.01]17831it [5:50:16,  2.64s/it, bound:1027 nc:441 ncall:7.8e+06 eff:0.2% logz-ratio=385014.12+/-0.07 dlogz:139.812>0.01]17837it [5:50:16,  1.79s/it, bound:1027 nc:445 ncall:7.8e+06 eff:0.2% logz-ratio=385014.52+/-0.07 dlogz:139.392>0.01]17840it [5:50:31,  1.79s/it, bound:1028 nc:391 ncall:7.8e+06 eff:0.2% logz-ratio=385014.72+/-0.07 dlogz:139.190>0.01]17841it [5:51:00,  3.94s/it, bound:1028 nc:465 ncall:7.8e+06 eff:0.2% logz-ratio=385014.79+/-0.10 dlogz:139.121>0.01]17846it [5:51:00,  2.78s/it, bound:1028 nc:419 ncall:7.8e+06 eff:0.2% logz-ratio=385015.14+/-0.07 dlogz:138.762>0.01]17852it [5:51:00,  1.85s/it, bound:1028 nc:488 ncall:7.8e+06 eff:0.2% logz-ratio=385015.62+/-0.08 dlogz:138.274>0.01]17855it [5:51:11,  1.85s/it, bound:1029 nc:435 ncall:7.8e+06 eff:0.2% logz-ratio=385015.87+/-0.08 dlogz:138.024>0.01]17856it [5:51:43,  4.04s/it, bound:1029 nc:536 ncall:7.8e+06 eff:0.2% logz-ratio=385015.95+/-0.11 dlogz:137.941>0.01]17863it [5:51:44,  2.52s/it, bound:1029 nc:  1 ncall:7.8e+06 eff:0.2% logz-ratio=385035.39+/-0.28 dlogz:117.922>0.01]17869it [5:51:44,  1.73s/it, bound:1029 nc:  1 ncall:7.8e+06 eff:0.2% logz-ratio=385110.48+/-0.33 dlogz:39.790>0.01] 17871it [5:52:01,  1.73s/it, bound:1030 nc:457 ncall:7.8e+06 eff:0.2% logz-ratio=385017.14+/-0.10 dlogz:136.717>0.01]17872it [5:52:29,  4.19s/it, bound:1030 nc:510 ncall:7.8e+06 eff:0.2% logz-ratio=385017.23+/-0.13 dlogz:136.635>0.01]17875it [5:52:29,  3.32s/it, bound:1030 nc:  1 ncall:7.8e+06 eff:0.2% logz-ratio=385073.96+/-0.29 dlogz:78.033>0.01] 17881it [5:52:29,  2.09s/it, bound:1030 nc:  1 ncall:7.8e+06 eff:0.2% logz-ratio=385018.08+/-0.14 dlogz:135.671>0.01]17887it [5:52:29,  1.37s/it, bound:1031 nc:465 ncall:7.8e+06 eff:0.2% logz-ratio=385018.62+/-0.09 dlogz:135.237>0.01]17887it [5:52:41,  1.37s/it, bound:1031 nc:465 ncall:7.8e+06 eff:0.2% logz-ratio=385018.62+/-0.09 dlogz:135.237>0.01]17888it [5:53:13,  4.59s/it, bound:1031 nc:371 ncall:7.8e+06 eff:0.2% logz-ratio=385018.73+/-0.12 dlogz:135.127>0.01]17892it [5:53:13,  3.20s/it, bound:1031 nc:  1 ncall:7.8e+06 eff:0.2% logz-ratio=385037.15+/-0.28 dlogz:116.102>0.01]17897it [5:53:13,  2.08s/it, bound:1031 nc:410 ncall:7.8e+06 eff:0.2% logz-ratio=385019.55+/-0.10 dlogz:134.245>0.01]17902it [5:53:13,  1.39s/it, bound:1032 nc:493 ncall:7.8e+06 eff:0.2% logz-ratio=385019.94+/-0.11 dlogz:133.856>0.01]17902it [5:53:31,  1.39s/it, bound:1032 nc:493 ncall:7.8e+06 eff:0.2% logz-ratio=385019.94+/-0.11 dlogz:133.856>0.01]17903it [5:53:53,  4.76s/it, bound:1032 nc:440 ncall:7.8e+06 eff:0.2% logz-ratio=385020.02+/-0.13 dlogz:133.771>0.01]17904it [5:54:06,  5.62s/it, bound:1032 nc:390 ncall:7.8e+06 eff:0.2% logz-ratio=385020.11+/-0.08 dlogz:133.687>0.01]17912it [5:54:06,  2.49s/it, bound:1032 nc:  1 ncall:7.8e+06 eff:0.2% logz-ratio=385049.76+/-0.28 dlogz:103.149>0.01]17918it [5:54:21,  2.49s/it, bound:1033 nc:  1 ncall:7.8e+06 eff:0.2% logz-ratio=385146.78+/-0.79 dlogz:1.096>0.01]  17919it [5:54:46,  3.82s/it, bound:1033 nc:402 ncall:7.8e+06 eff:0.2% logz-ratio=385021.13+/-0.07 dlogz:132.616>0.01]17924it [5:54:46,  2.70s/it, bound:1033 nc:  1 ncall:7.8e+06 eff:0.2% logz-ratio=385109.69+/-0.32 dlogz:40.758>0.01] 17933it [5:54:46,  1.54s/it, bound:1033 nc:  1 ncall:7.8e+06 eff:0.2% logz-ratio=385029.54+/-0.28 dlogz:123.934>0.01]17934it [5:55:01,  1.54s/it, bound:1034 nc:443 ncall:7.8e+06 eff:0.2% logz-ratio=385022.18+/-0.08 dlogz:131.546>0.01]17935it [5:55:18,  3.26s/it, bound:1034 nc:385 ncall:7.8e+06 eff:0.2% logz-ratio=385022.26+/-0.11 dlogz:131.466>0.01]17942it [5:55:18,  2.04s/it, bound:1034 nc:  1 ncall:7.8e+06 eff:0.2% logz-ratio=385066.15+/-0.29 dlogz:86.181>0.01] 17950it [5:55:31,  2.04s/it, bound:1035 nc:368 ncall:7.8e+06 eff:0.2% logz-ratio=385023.44+/-0.10 dlogz:130.244>0.01]17951it [5:55:54,  2.85s/it, bound:1035 nc:475 ncall:7.8e+06 eff:0.2% logz-ratio=385023.51+/-0.12 dlogz:130.173>0.01]17957it [5:55:54,  2.06s/it, bound:1035 nc:  1 ncall:7.8e+06 eff:0.2% logz-ratio=385024.82+/-0.23 dlogz:128.757>0.01]17964it [5:55:54,  1.41s/it, bound:1035 nc:459 ncall:7.8e+06 eff:0.2% logz-ratio=385024.37+/-0.07 dlogz:129.292>0.01]17965it [5:56:11,  1.41s/it, bound:1036 nc:501 ncall:7.8e+06 eff:0.2% logz-ratio=385024.43+/-0.10 dlogz:129.223>0.01]17966it [5:56:31,  3.39s/it, bound:1036 nc:507 ncall:7.8e+06 eff:0.2% logz-ratio=385024.49+/-0.12 dlogz:129.158>0.01]17968it [5:56:32,  2.92s/it, bound:1036 nc:  1 ncall:7.8e+06 eff:0.2% logz-ratio=385056.35+/-0.28 dlogz:96.357>0.01] 17974it [5:56:32,  1.83s/it, bound:1036 nc:  1 ncall:7.8e+06 eff:0.2% logz-ratio=385027.67+/-0.27 dlogz:125.840>0.01]17980it [5:56:32,  1.19s/it, bound:1036 nc:550 ncall:7.8e+06 eff:0.2% logz-ratio=385025.42+/-0.07 dlogz:128.216>0.01]17981it [5:56:51,  1.19s/it, bound:1037 nc:  1 ncall:7.8e+06 eff:0.2% logz-ratio=385146.65+/-0.83 dlogz:1.096>0.01]  17982it [5:57:12,  3.88s/it, bound:1037 nc:450 ncall:7.8e+06 eff:0.2% logz-ratio=385025.60+/-0.08 dlogz:128.054>0.01]17988it [5:57:12,  2.41s/it, bound:1037 nc:532 ncall:7.8e+06 eff:0.2% logz-ratio=385026.18+/-0.09 dlogz:127.463>0.01]17994it [5:57:12,  1.57s/it, bound:1037 nc:535 ncall:7.8e+06 eff:0.2% logz-ratio=385026.78+/-0.09 dlogz:126.864>0.01]17997it [5:57:31,  1.57s/it, bound:1038 nc:495 ncall:7.8e+06 eff:0.2% logz-ratio=385027.10+/-0.12 dlogz:126.528>0.01]17998it [5:57:55,  3.88s/it, bound:1038 nc:465 ncall:7.8e+06 eff:0.2% logz-ratio=385027.20+/-0.14 dlogz:126.426>0.01]18001it [5:57:55,  3.07s/it, bound:1038 nc:551 ncall:7.8e+06 eff:0.2% logz-ratio=385027.46+/-0.08 dlogz:126.139>0.01]18006it [5:57:55,  2.05s/it, bound:1038 nc:475 ncall:7.8e+06 eff:0.2% logz-ratio=385027.86+/-0.11 dlogz:125.729>0.01]18011it [5:57:56,  1.39s/it, bound:1038 nc:620 ncall:7.8e+06 eff:0.2% logz-ratio=385028.36+/-0.09 dlogz:125.240>0.01]18013it [5:58:11,  1.39s/it, bound:1039 nc:515 ncall:7.8e+06 eff:0.2% logz-ratio=385028.54+/-0.08 dlogz:125.041>0.01]18014it [5:58:38,  4.15s/it, bound:1039 nc:550 ncall:7.8e+06 eff:0.2% logz-ratio=385028.63+/-0.11 dlogz:124.951>0.01]18018it [5:58:38,  2.94s/it, bound:1039 nc:  1 ncall:7.8e+06 eff:0.2% logz-ratio=385030.51+/-0.25 dlogz:122.930>0.01]18022it [5:58:38,  2.08s/it, bound:1039 nc:  1 ncall:7.8e+06 eff:0.2% logz-ratio=385030.98+/-0.25 dlogz:122.445>0.01]18026it [5:58:38,  1.47s/it, bound:1039 nc:  1 ncall:7.8e+06 eff:0.2% logz-ratio=385066.12+/-0.29 dlogz:86.215>0.01] 18029it [5:58:51,  1.47s/it, bound:1040 nc:546 ncall:7.8e+06 eff:0.2% logz-ratio=385029.89+/-0.07 dlogz:123.644>0.01]18030it [5:59:17,  3.89s/it, bound:1040 nc:456 ncall:7.8e+06 eff:0.2% logz-ratio=385029.95+/-0.10 dlogz:123.574>0.01]18033it [5:59:17,  2.96s/it, bound:1040 nc:545 ncall:7.8e+06 eff:0.2% logz-ratio=385030.13+/-0.07 dlogz:123.382>0.01]18039it [5:59:17,  1.76s/it, bound:1040 nc:  1 ncall:7.9e+06 eff:0.2% logz-ratio=385063.86+/-0.29 dlogz:88.564>0.01] 18044it [5:59:17,  1.19s/it, bound:1040 nc:502 ncall:7.9e+06 eff:0.2% logz-ratio=385030.78+/-0.06 dlogz:122.703>0.01]18045it [5:59:31,  1.19s/it, bound:1041 nc:  1 ncall:7.9e+06 eff:0.2% logz-ratio=385146.62+/-0.59 dlogz:1.035>0.01]  18046it [5:59:54,  3.97s/it, bound:1041 nc:449 ncall:7.9e+06 eff:0.2% logz-ratio=385030.90+/-0.07 dlogz:122.588>0.01]18051it [5:59:55,  2.55s/it, bound:1041 nc:417 ncall:7.9e+06 eff:0.2% logz-ratio=385031.21+/-0.07 dlogz:122.279>0.01]18056it [5:59:55,  1.69s/it, bound:1041 nc:355 ncall:7.9e+06 eff:0.2% logz-ratio=385031.59+/-0.08 dlogz:132.968>0.01]18060it [6:00:11,  1.69s/it, bound:1042 nc:  1 ncall:7.9e+06 eff:0.2% logz-ratio=385157.55+/-0.76 dlogz:1.099>0.01]  18061it [6:00:33,  3.66s/it, bound:1042 nc:473 ncall:7.9e+06 eff:0.2% logz-ratio=385032.05+/-0.08 dlogz:132.488>0.01]18066it [6:00:33,  2.50s/it, bound:1042 nc:  1 ncall:7.9e+06 eff:0.2% logz-ratio=385070.35+/-0.29 dlogz:92.927>0.01] 18072it [6:00:34,  1.63s/it, bound:1042 nc:509 ncall:7.9e+06 eff:0.2% logz-ratio=385032.89+/-0.07 dlogz:131.624>0.01]18076it [6:00:51,  1.63s/it, bound:1043 nc:525 ncall:7.9e+06 eff:0.2% logz-ratio=385033.23+/-0.11 dlogz:131.280>0.01]18077it [6:01:10,  3.28s/it, bound:1043 nc:511 ncall:7.9e+06 eff:0.2% logz-ratio=385033.31+/-0.13 dlogz:131.197>0.01]18082it [6:01:10,  2.31s/it, bound:1043 nc:  1 ncall:7.9e+06 eff:0.2% logz-ratio=385072.41+/-0.29 dlogz:90.809>0.01] 18089it [6:01:10,  1.46s/it, bound:1043 nc:491 ncall:7.9e+06 eff:0.2% logz-ratio=385034.16+/-0.07 dlogz:130.314>0.01]18092it [6:01:21,  1.46s/it, bound:1044 nc:535 ncall:7.9e+06 eff:0.2% logz-ratio=385034.36+/-0.07 dlogz:130.102>0.01]18093it [6:01:46,  3.20s/it, bound:1044 nc:480 ncall:7.9e+06 eff:0.2% logz-ratio=385034.43+/-0.10 dlogz:130.034>0.01]18099it [6:01:46,  2.14s/it, bound:1044 nc:  1 ncall:7.9e+06 eff:0.2% logz-ratio=385072.84+/-0.29 dlogz:90.365>0.01] 18107it [6:01:46,  1.31s/it, bound:1045 nc:  1 ncall:7.9e+06 eff:0.2% logz-ratio=385035.49+/-0.16 dlogz:128.869>0.01]18107it [6:02:01,  1.31s/it, bound:1045 nc:  1 ncall:7.9e+06 eff:0.2% logz-ratio=385157.46+/-1.05 dlogz:1.097>0.01]  18108it [6:02:22,  3.59s/it, bound:1045 nc:480 ncall:7.9e+06 eff:0.2% logz-ratio=385035.32+/-0.06 dlogz:129.103>0.01]18114it [6:02:22,  2.32s/it, bound:1045 nc:516 ncall:7.9e+06 eff:0.2% logz-ratio=385035.65+/-0.06 dlogz:128.758>0.01]18121it [6:02:23,  1.46s/it, bound:1045 nc:  1 ncall:7.9e+06 eff:0.2% logz-ratio=385077.85+/-0.29 dlogz:85.140>0.01] 18122it [6:02:41,  1.46s/it, bound:1046 nc:542 ncall:7.9e+06 eff:0.2% logz-ratio=385036.16+/-0.07 dlogz:128.251>0.01]18123it [6:02:58,  3.59s/it, bound:1046 nc:490 ncall:7.9e+06 eff:0.2% logz-ratio=385036.23+/-0.10 dlogz:128.178>0.01]18127it [6:02:58,  2.62s/it, bound:1046 nc:436 ncall:7.9e+06 eff:0.2% logz-ratio=385036.51+/-0.07 dlogz:127.886>0.01]18134it [6:02:58,  1.56s/it, bound:1046 nc:  1 ncall:7.9e+06 eff:0.2% logz-ratio=385061.32+/-0.28 dlogz:108.502>0.01]18138it [6:03:11,  1.56s/it, bound:1047 nc:451 ncall:7.9e+06 eff:0.2% logz-ratio=385037.19+/-0.07 dlogz:133.428>0.01]18139it [6:03:33,  3.16s/it, bound:1047 nc:491 ncall:7.9e+06 eff:0.2% logz-ratio=385037.25+/-0.10 dlogz:133.361>0.01]18146it [6:03:33,  2.00s/it, bound:1047 nc:  1 ncall:7.9e+06 eff:0.2% logz-ratio=385069.51+/-0.29 dlogz:100.057>0.01]18153it [6:03:33,  1.31s/it, bound:1048 nc:481 ncall:7.9e+06 eff:0.2% logz-ratio=385038.34+/-0.07 dlogz:132.255>0.01]18153it [6:03:51,  1.31s/it, bound:1048 nc:481 ncall:7.9e+06 eff:0.2% logz-ratio=385038.34+/-0.07 dlogz:132.255>0.01]18154it [6:04:10,  3.66s/it, bound:1048 nc:521 ncall:7.9e+06 eff:0.2% logz-ratio=385038.41+/-0.10 dlogz:132.179>0.01]18155it [6:04:23,  4.45s/it, bound:1048 nc:459 ncall:7.9e+06 eff:0.2% logz-ratio=385038.48+/-0.07 dlogz:132.107>0.01]18163it [6:04:23,  2.25s/it, bound:1048 nc:  1 ncall:7.9e+06 eff:0.2% logz-ratio=385060.71+/-0.28 dlogz:109.142>0.01]18168it [6:04:41,  2.25s/it, bound:1049 nc:  1 ncall:7.9e+06 eff:0.2% logz-ratio=385163.58+/-0.83 dlogz:1.096>0.01]  18169it [6:05:02,  3.71s/it, bound:1049 nc:557 ncall:7.9e+06 eff:0.2% logz-ratio=385039.74+/-0.08 dlogz:130.829>0.01]18172it [6:05:02,  2.98s/it, bound:1049 nc:  1 ncall:7.9e+06 eff:0.2% logz-ratio=385062.02+/-0.28 dlogz:107.795>0.01]18178it [6:05:02,  1.91s/it, bound:1049 nc:538 ncall:7.9e+06 eff:0.2% logz-ratio=385040.37+/-0.10 dlogz:130.165>0.01]18184it [6:05:02,  1.27s/it, bound:1050 nc:510 ncall:7.9e+06 eff:0.2% logz-ratio=385040.89+/-0.08 dlogz:129.663>0.01]18184it [6:05:21,  1.27s/it, bound:1050 nc:510 ncall:7.9e+06 eff:0.2% logz-ratio=385040.89+/-0.08 dlogz:129.663>0.01]18185it [6:05:42,  4.17s/it, bound:1050 nc:519 ncall:7.9e+06 eff:0.2% logz-ratio=385040.97+/-0.11 dlogz:129.570>0.01]18186it [6:05:42,  3.78s/it, bound:1050 nc:541 ncall:7.9e+06 eff:0.2% logz-ratio=385041.07+/-0.09 dlogz:129.481>0.01]18191it [6:05:42,  2.24s/it, bound:1050 nc:  1 ncall:7.9e+06 eff:0.2% logz-ratio=385042.77+/-0.24 dlogz:127.651>0.01]18196it [6:05:43,  1.42s/it, bound:1050 nc:  1 ncall:7.9e+06 eff:0.2% logz-ratio=385068.70+/-0.29 dlogz:100.913>0.01]18200it [6:06:01,  1.42s/it, bound:1051 nc:497 ncall:7.9e+06 eff:0.2% logz-ratio=385042.47+/-0.13 dlogz:128.069>0.01]18201it [6:06:22,  3.63s/it, bound:1051 nc:458 ncall:7.9e+06 eff:0.2% logz-ratio=385042.56+/-0.15 dlogz:127.958>0.01]18207it [6:06:22,  2.29s/it, bound:1051 nc:  1 ncall:7.9e+06 eff:0.2% logz-ratio=385050.40+/-0.28 dlogz:119.817>0.01]18212it [6:06:22,  1.59s/it, bound:1051 nc:527 ncall:7.9e+06 eff:0.2% logz-ratio=385043.54+/-0.08 dlogz:126.937>0.01]18215it [6:06:41,  1.59s/it, bound:1052 nc:  1 ncall:7.9e+06 eff:0.2% logz-ratio=385163.49+/-0.89 dlogz:1.095>0.01]  18216it [6:07:04,  3.90s/it, bound:1052 nc:557 ncall:7.9e+06 eff:0.2% logz-ratio=385043.86+/-0.08 dlogz:126.619>0.01]18220it [6:07:04,  2.85s/it, bound:1052 nc:504 ncall:7.9e+06 eff:0.2% logz-ratio=385044.20+/-0.08 dlogz:126.277>0.01]18226it [6:07:04,  1.81s/it, bound:1052 nc:  1 ncall:7.9e+06 eff:0.2% logz-ratio=385053.62+/-0.28 dlogz:116.505>0.01]18231it [6:07:04,  1.27s/it, bound:1053 nc:586 ncall:7.9e+06 eff:0.2% logz-ratio=385045.09+/-0.07 dlogz:125.350>0.01]18231it [6:07:21,  1.27s/it, bound:1053 nc:586 ncall:7.9e+06 eff:0.2% logz-ratio=385045.09+/-0.07 dlogz:125.350>0.01]18232it [6:07:46,  4.49s/it, bound:1053 nc:473 ncall:7.9e+06 eff:0.2% logz-ratio=385045.15+/-0.10 dlogz:125.277>0.01]18237it [6:07:46,  2.86s/it, bound:1053 nc:  1 ncall:7.9e+06 eff:0.2% logz-ratio=385065.16+/-0.28 dlogz:104.575>0.01]18242it [6:07:46,  1.89s/it, bound:1053 nc:551 ncall:8.0e+06 eff:0.2% logz-ratio=385045.79+/-0.07 dlogz:124.620>0.01]18247it [6:07:46,  1.28s/it, bound:1054 nc:551 ncall:8.0e+06 eff:0.2% logz-ratio=385046.18+/-0.11 dlogz:124.225>0.01]18247it [6:08:01,  1.28s/it, bound:1054 nc:  1 ncall:8.0e+06 eff:0.2% logz-ratio=385163.43+/-0.90 dlogz:1.095>0.01]  18248it [6:08:26,  4.64s/it, bound:1054 nc:552 ncall:8.0e+06 eff:0.2% logz-ratio=385046.26+/-0.07 dlogz:124.146>0.01]18251it [6:08:27,  3.40s/it, bound:1054 nc:  1 ncall:8.0e+06 eff:0.2% logz-ratio=385095.96+/-0.30 dlogz:72.763>0.01] 18256it [6:08:27,  2.08s/it, bound:1054 nc:463 ncall:8.0e+06 eff:0.2% logz-ratio=385046.81+/-0.07 dlogz:123.574>0.01]18262it [6:08:27,  1.26s/it, bound:1054 nc:  1 ncall:8.0e+06 eff:0.2% logz-ratio=385058.82+/-0.28 dlogz:111.126>0.01]18263it [6:08:41,  1.26s/it, bound:1055 nc:482 ncall:8.0e+06 eff:0.2% logz-ratio=385047.24+/-0.07 dlogz:123.122>0.01]18264it [6:09:07,  4.25s/it, bound:1055 nc:402 ncall:8.0e+06 eff:0.2% logz-ratio=385047.30+/-0.10 dlogz:123.058>0.01]18268it [6:09:07,  2.92s/it, bound:1055 nc:  1 ncall:8.0e+06 eff:0.2% logz-ratio=385075.65+/-0.29 dlogz:93.749>0.01] 18273it [6:09:07,  1.88s/it, bound:1055 nc:533 ncall:8.0e+06 eff:0.2% logz-ratio=385047.96+/-0.11 dlogz:122.400>0.01]18278it [6:09:07,  1.25s/it, bound:1056 nc:501 ncall:8.0e+06 eff:0.2% logz-ratio=385048.32+/-0.07 dlogz:122.016>0.01]18278it [6:09:21,  1.25s/it, bound:1056 nc:501 ncall:8.0e+06 eff:0.2% logz-ratio=385048.32+/-0.07 dlogz:122.016>0.01]18279it [6:09:46,  4.60s/it, bound:1056 nc:449 ncall:8.0e+06 eff:0.2% logz-ratio=385048.39+/-0.10 dlogz:121.947>0.01]18283it [6:09:46,  3.06s/it, bound:1056 nc:  1 ncall:8.0e+06 eff:0.2% logz-ratio=385106.67+/-0.31 dlogz:61.418>0.01] 18288it [6:09:46,  1.92s/it, bound:1056 nc:  1 ncall:8.0e+06 eff:0.2% logz-ratio=385098.42+/-0.29 dlogz:70.210>0.01]18294it [6:09:46,  1.18s/it, bound:1057 nc:437 ncall:8.0e+06 eff:0.2% logz-ratio=385049.59+/-0.08 dlogz:120.726>0.01]18294it [6:10:01,  1.18s/it, bound:1057 nc:437 ncall:8.0e+06 eff:0.2% logz-ratio=385049.59+/-0.08 dlogz:120.726>0.01]18295it [6:10:24,  4.29s/it, bound:1057 nc:492 ncall:8.0e+06 eff:0.2% logz-ratio=385049.67+/-0.11 dlogz:120.646>0.01]18302it [6:10:24,  2.32s/it, bound:1057 nc:  1 ncall:8.0e+06 eff:0.2% logz-ratio=385050.51+/-0.18 dlogz:119.704>0.01]18308it [6:10:24,  1.49s/it, bound:1057 nc:  1 ncall:8.0e+06 eff:0.2% logz-ratio=385063.59+/-0.28 dlogz:106.231>0.01]18310it [6:10:41,  1.49s/it, bound:1058 nc:429 ncall:8.0e+06 eff:0.2% logz-ratio=385050.69+/-0.09 dlogz:119.579>0.01]18311it [6:10:58,  3.47s/it, bound:1058 nc:396 ncall:8.0e+06 eff:0.2% logz-ratio=385050.74+/-0.11 dlogz:119.519>0.01]18315it [6:10:58,  2.51s/it, bound:1058 nc:423 ncall:8.0e+06 eff:0.2% logz-ratio=385050.99+/-0.07 dlogz:119.274>0.01]18321it [6:10:58,  1.57s/it, bound:1058 nc:644 ncall:8.0e+06 eff:0.2% logz-ratio=385051.36+/-0.07 dlogz:118.891>0.01]18324it [6:11:11,  1.57s/it, bound:1058 nc:303 ncall:8.0e+06 eff:0.2% logz-ratio=385051.56+/-0.10 dlogz:118.686>0.01]18325it [6:12:04,  5.52s/it, bound:1059 nc:1403 ncall:8.0e+06 eff:0.2% logz-ratio=385051.63+/-0.12 dlogz:118.615>0.01]18329it [6:12:04,  4.01s/it, bound:1059 nc:  1 ncall:8.0e+06 eff:0.2% logz-ratio=385074.08+/-0.29 dlogz:95.411>0.01]  18334it [6:12:05,  2.71s/it, bound:1059 nc:1607 ncall:8.0e+06 eff:0.2% logz-ratio=385052.30+/-0.08 dlogz:117.939>0.01]18339it [6:12:05,  1.85s/it, bound:1060 nc:791 ncall:8.0e+06 eff:0.2% logz-ratio=385052.68+/-0.07 dlogz:117.536>0.01] 18339it [6:12:21,  1.85s/it, bound:1060 nc:791 ncall:8.0e+06 eff:0.2% logz-ratio=385052.68+/-0.07 dlogz:117.536>0.01]18340it [6:13:06,  6.81s/it, bound:1060 nc:784 ncall:8.0e+06 eff:0.2% logz-ratio=385052.75+/-0.10 dlogz:117.464>0.01]18344it [6:13:06,  4.62s/it, bound:1060 nc:718 ncall:8.0e+06 eff:0.2% logz-ratio=385053.03+/-0.10 dlogz:117.182>0.01]18349it [6:13:06,  2.94s/it, bound:1060 nc:843 ncall:8.0e+06 eff:0.2% logz-ratio=385053.40+/-0.08 dlogz:116.806>0.01]18354it [6:13:06,  1.94s/it, bound:1060 nc:  1 ncall:8.0e+06 eff:0.2% logz-ratio=385064.10+/-0.28 dlogz:105.699>0.01]18355it [6:13:21,  1.94s/it, bound:1061 nc:773 ncall:8.0e+06 eff:0.2% logz-ratio=385053.85+/-0.07 dlogz:116.337>0.01]18356it [6:14:02,  6.16s/it, bound:1061 nc:678 ncall:8.0e+06 eff:0.2% logz-ratio=385053.94+/-0.11 dlogz:116.261>0.01]18360it [6:14:02,  4.20s/it, bound:1061 nc:  1 ncall:8.0e+06 eff:0.2% logz-ratio=385074.31+/-0.29 dlogz:95.159>0.01] 18365it [6:14:02,  2.69s/it, bound:1061 nc:751 ncall:8.0e+06 eff:0.2% logz-ratio=385054.62+/-0.07 dlogz:115.541>0.01]18370it [6:14:02,  1.78s/it, bound:1061 nc:  1 ncall:8.0e+06 eff:0.2% logz-ratio=385059.46+/-0.28 dlogz:110.474>0.01]18371it [6:14:21,  1.78s/it, bound:1062 nc:623 ncall:8.0e+06 eff:0.2% logz-ratio=385055.04+/-0.07 dlogz:115.113>0.01]18372it [6:14:52,  5.61s/it, bound:1062 nc:609 ncall:8.0e+06 eff:0.2% logz-ratio=385055.11+/-0.10 dlogz:115.043>0.01]18373it [6:15:05,  6.38s/it, bound:1062 nc:601 ncall:8.0e+06 eff:0.2% logz-ratio=385055.17+/-0.07 dlogz:114.973>0.01]18378it [6:15:06,  3.66s/it, bound:1062 nc:  1 ncall:8.0e+06 eff:0.2% logz-ratio=385060.42+/-0.28 dlogz:109.487>0.01]18383it [6:15:06,  2.29s/it, bound:1062 nc:611 ncall:8.0e+06 eff:0.2% logz-ratio=385055.85+/-0.07 dlogz:114.270>0.01]18387it [6:15:21,  2.29s/it, bound:1063 nc:591 ncall:8.0e+06 eff:0.2% logz-ratio=385056.10+/-0.07 dlogz:114.012>0.01]18388it [6:15:54,  4.86s/it, bound:1063 nc:1176 ncall:8.0e+06 eff:0.2% logz-ratio=385056.17+/-0.10 dlogz:113.948>0.01]18392it [6:15:54,  3.47s/it, bound:1063 nc:  1 ncall:8.0e+06 eff:0.2% logz-ratio=385122.75+/-0.33 dlogz:44.736>0.01]  18398it [6:15:54,  2.16s/it, bound:1063 nc:  1 ncall:8.0e+06 eff:0.2% logz-ratio=385063.28+/-0.29 dlogz:106.539>0.01]18402it [6:16:11,  2.16s/it, bound:1064 nc:  1 ncall:8.0e+06 eff:0.2% logz-ratio=385163.12+/-1.01 dlogz:1.094>0.01]  18403it [6:17:04,  5.84s/it, bound:1064 nc:746 ncall:8.0e+06 eff:0.2% logz-ratio=385057.02+/-0.07 dlogz:113.058>0.01]18407it [6:17:04,  4.31s/it, bound:1064 nc:927 ncall:8.1e+06 eff:0.2% logz-ratio=385057.24+/-0.06 dlogz:112.828>0.01]18412it [6:17:04,  2.94s/it, bound:1064 nc:  1 ncall:8.1e+06 eff:0.2% logz-ratio=385076.79+/-0.29 dlogz:92.577>0.01] 18417it [6:17:04,  2.03s/it, bound:1064 nc:935 ncall:8.1e+06 eff:0.2% logz-ratio=385057.77+/-0.06 dlogz:112.276>0.01]18418it [6:17:21,  2.03s/it, bound:1065 nc:  1 ncall:8.1e+06 eff:0.2% logz-ratio=385163.09+/-1.01 dlogz:1.094>0.01]  18419it [6:18:04,  6.28s/it, bound:1065 nc:718 ncall:8.1e+06 eff:0.2% logz-ratio=385057.87+/-0.06 dlogz:112.172>0.01]18422it [6:18:04,  4.75s/it, bound:1065 nc:  1 ncall:8.1e+06 eff:0.2% logz-ratio=385073.42+/-0.29 dlogz:96.071>0.01] 18426it [6:18:04,  3.24s/it, bound:1065 nc:  1 ncall:8.1e+06 eff:0.2% logz-ratio=385086.39+/-0.29 dlogz:82.651>0.01]18431it [6:18:04,  2.08s/it, bound:1065 nc:727 ncall:8.1e+06 eff:0.2% logz-ratio=385058.61+/-0.07 dlogz:111.408>0.01]18434it [6:18:21,  2.08s/it, bound:1066 nc:  1 ncall:8.1e+06 eff:0.2% logz-ratio=385171.25+/-0.83 dlogz:1.098>0.01]  18435it [6:18:57,  5.34s/it, bound:1066 nc:707 ncall:8.1e+06 eff:0.2% logz-ratio=385058.85+/-0.07 dlogz:119.371>0.01]18440it [6:18:57,  3.51s/it, bound:1066 nc:  1 ncall:8.1e+06 eff:0.2% logz-ratio=385059.23+/-0.12 dlogz:118.921>0.01]18445it [6:18:58,  2.37s/it, bound:1066 nc:658 ncall:8.1e+06 eff:0.2% logz-ratio=385059.47+/-0.07 dlogz:118.731>0.01]18450it [6:18:58,  1.62s/it, bound:1067 nc:  1 ncall:8.1e+06 eff:0.2% logz-ratio=385070.42+/-0.29 dlogz:107.363>0.01]18450it [6:19:11,  1.62s/it, bound:1067 nc:  1 ncall:8.1e+06 eff:0.2% logz-ratio=385171.22+/-0.84 dlogz:1.098>0.01]  18451it [6:19:46,  5.52s/it, bound:1067 nc:646 ncall:8.1e+06 eff:0.2% logz-ratio=385059.85+/-0.07 dlogz:118.350>0.01]18456it [6:19:46,  3.46s/it, bound:1067 nc:  1 ncall:8.1e+06 eff:0.2% logz-ratio=385064.75+/-0.28 dlogz:113.222>0.01]18461it [6:19:46,  2.26s/it, bound:1067 nc:609 ncall:8.1e+06 eff:0.2% logz-ratio=385060.46+/-0.07 dlogz:117.717>0.01]18466it [6:19:46,  1.52s/it, bound:1068 nc:705 ncall:8.1e+06 eff:0.2% logz-ratio=385060.79+/-0.10 dlogz:117.379>0.01]18466it [6:20:01,  1.52s/it, bound:1068 nc:  1 ncall:8.1e+06 eff:0.2% logz-ratio=385171.19+/-0.84 dlogz:1.098>0.01]  18467it [6:20:30,  5.18s/it, bound:1068 nc:592 ncall:8.1e+06 eff:0.2% logz-ratio=385060.86+/-0.07 dlogz:117.308>0.01]18470it [6:20:30,  3.78s/it, bound:1068 nc:  1 ncall:8.1e+06 eff:0.2% logz-ratio=385101.78+/-0.29 dlogz:74.832>0.01] 18475it [6:20:30,  2.31s/it, bound:1068 nc:625 ncall:8.1e+06 eff:0.2% logz-ratio=385061.35+/-0.07 dlogz:116.799>0.01]18481it [6:20:30,  1.39s/it, bound:1069 nc:  1 ncall:8.1e+06 eff:0.2% logz-ratio=385072.19+/-0.29 dlogz:105.544>0.01]18481it [6:20:41,  1.39s/it, bound:1069 nc:  1 ncall:8.1e+06 eff:0.2% logz-ratio=385171.16+/-0.84 dlogz:1.098>0.01]  18482it [6:21:39,  7.29s/it, bound:1069 nc:824 ncall:8.1e+06 eff:0.2% logz-ratio=385061.96+/-0.08 dlogz:116.200>0.01]18485it [6:21:39,  5.31s/it, bound:1069 nc:  1 ncall:8.1e+06 eff:0.2% logz-ratio=385122.17+/-0.32 dlogz:53.462>0.01] 18490it [6:21:39,  3.23s/it, bound:1069 nc:992 ncall:8.1e+06 eff:0.2% logz-ratio=385062.59+/-0.07 dlogz:115.539>0.01]18495it [6:21:40,  2.08s/it, bound:1069 nc:839 ncall:8.1e+06 eff:0.2% logz-ratio=385062.92+/-0.07 dlogz:115.186>0.01]18497it [6:21:51,  2.08s/it, bound:1070 nc:847 ncall:8.1e+06 eff:0.2% logz-ratio=385063.05+/-0.07 dlogz:115.056>0.01]18498it [6:22:37,  6.07s/it, bound:1070 nc:799 ncall:8.1e+06 eff:0.2% logz-ratio=385063.11+/-0.10 dlogz:114.991>0.01]18500it [6:22:37,  4.97s/it, bound:1070 nc:  1 ncall:8.1e+06 eff:0.2% logz-ratio=385105.43+/-0.30 dlogz:70.973>0.01] 18505it [6:22:37,  3.01s/it, bound:1070 nc:649 ncall:8.1e+06 eff:0.2% logz-ratio=385063.55+/-0.07 dlogz:114.541>0.01]18509it [6:22:37,  2.08s/it, bound:1070 nc:795 ncall:8.1e+06 eff:0.2% logz-ratio=385063.78+/-0.07 dlogz:114.291>0.01]18513it [6:22:51,  2.08s/it, bound:1071 nc:735 ncall:8.1e+06 eff:0.2% logz-ratio=385064.02+/-0.07 dlogz:114.048>0.01]18514it [6:23:33,  5.34s/it, bound:1071 nc:768 ncall:8.1e+06 eff:0.2% logz-ratio=385064.07+/-0.09 dlogz:113.990>0.01]18518it [6:23:33,  3.80s/it, bound:1071 nc:  1 ncall:8.1e+06 eff:0.2% logz-ratio=385084.50+/-0.29 dlogz:92.804>0.01] 18523it [6:23:33,  2.51s/it, bound:1071 nc:688 ncall:8.1e+06 eff:0.2% logz-ratio=385064.52+/-0.06 dlogz:113.513>0.01]18527it [6:23:33,  1.81s/it, bound:1071 nc:765 ncall:8.1e+06 eff:0.2% logz-ratio=385064.72+/-0.06 dlogz:113.311>0.01]18529it [6:23:51,  1.81s/it, bound:1072 nc:801 ncall:8.1e+06 eff:0.2% logz-ratio=385064.81+/-0.06 dlogz:113.212>0.01]18530it [6:24:24,  5.30s/it, bound:1072 nc:694 ncall:8.1e+06 eff:0.2% logz-ratio=385064.85+/-0.08 dlogz:113.165>0.01]18534it [6:24:24,  3.69s/it, bound:1072 nc:  1 ncall:8.1e+06 eff:0.2% logz-ratio=385080.59+/-0.29 dlogz:96.856>0.01] 18538it [6:24:24,  2.58s/it, bound:1072 nc:  1 ncall:8.1e+06 eff:0.2% logz-ratio=385100.93+/-0.29 dlogz:75.739>0.01]18542it [6:24:24,  1.80s/it, bound:1072 nc:  1 ncall:8.2e+06 eff:0.2% logz-ratio=385147.47+/-0.39 dlogz:26.660>0.01]18544it [6:24:41,  1.80s/it, bound:1073 nc:  1 ncall:8.2e+06 eff:0.2% logz-ratio=385171.03+/-0.89 dlogz:1.098>0.01] 18545it [6:25:10,  5.05s/it, bound:1073 nc:610 ncall:8.2e+06 eff:0.2% logz-ratio=385065.60+/-0.06 dlogz:112.402>0.01]18547it [6:25:21,  5.22s/it, bound:1073 nc:488 ncall:8.2e+06 eff:0.2% logz-ratio=385065.70+/-0.06 dlogz:112.290>0.01]18553it [6:25:22,  2.89s/it, bound:1073 nc:516 ncall:8.2e+06 eff:0.2% logz-ratio=385066.07+/-0.07 dlogz:111.926>0.01]18559it [6:25:22,  1.77s/it, bound:1073 nc:628 ncall:8.2e+06 eff:0.2% logz-ratio=385066.43+/-0.07 dlogz:111.551>0.01]18560it [6:25:41,  1.77s/it, bound:1074 nc:  1 ncall:8.2e+06 eff:0.2% logz-ratio=385171.00+/-0.89 dlogz:1.098>0.01]  18561it [6:26:05,  4.88s/it, bound:1074 nc:602 ncall:8.2e+06 eff:0.2% logz-ratio=385066.55+/-0.07 dlogz:111.425>0.01]18566it [6:26:05,  3.13s/it, bound:1074 nc:  1 ncall:8.2e+06 eff:0.2% logz-ratio=385093.35+/-0.29 dlogz:83.627>0.01] 18571it [6:26:05,  2.08s/it, bound:1074 nc:573 ncall:8.2e+06 eff:0.2% logz-ratio=385067.15+/-0.07 dlogz:110.801>0.01]18576it [6:26:05,  1.41s/it, bound:1075 nc:  1 ncall:8.2e+06 eff:0.2% logz-ratio=385092.62+/-0.29 dlogz:84.382>0.01] 18576it [6:26:21,  1.41s/it, bound:1075 nc:  1 ncall:8.2e+06 eff:0.2% logz-ratio=385170.97+/-0.89 dlogz:1.098>0.01] 18577it [6:26:48,  4.94s/it, bound:1075 nc:580 ncall:8.2e+06 eff:0.2% logz-ratio=385067.49+/-0.07 dlogz:110.446>0.01]18582it [6:26:48,  3.08s/it, bound:1075 nc:  1 ncall:8.2e+06 eff:0.2% logz-ratio=385092.35+/-0.29 dlogz:84.673>0.01] 18588it [6:26:48,  1.87s/it, bound:1075 nc:  1 ncall:8.2e+06 eff:0.2% logz-ratio=385078.42+/-0.29 dlogz:99.086>0.01]18592it [6:27:01,  1.87s/it, bound:1076 nc:  1 ncall:8.2e+06 eff:0.2% logz-ratio=385170.94+/-0.89 dlogz:1.098>0.01] 18593it [6:27:28,  3.84s/it, bound:1076 nc:575 ncall:8.2e+06 eff:0.2% logz-ratio=385068.47+/-0.07 dlogz:109.441>0.01]18599it [6:27:29,  2.49s/it, bound:1076 nc:  1 ncall:8.2e+06 eff:0.2% logz-ratio=385117.81+/-0.32 dlogz:58.023>0.01] 18605it [6:27:29,  1.66s/it, bound:1076 nc:464 ncall:8.2e+06 eff:0.2% logz-ratio=385069.18+/-0.07 dlogz:108.706>0.01]18607it [6:27:41,  1.66s/it, bound:1077 nc:  1 ncall:8.2e+06 eff:0.2% logz-ratio=385170.91+/-0.89 dlogz:1.098>0.01]  18608it [6:28:10,  4.02s/it, bound:1077 nc:598 ncall:8.2e+06 eff:0.2% logz-ratio=385069.35+/-0.07 dlogz:108.528>0.01]18613it [6:28:10,  2.76s/it, bound:1077 nc:  1 ncall:8.2e+06 eff:0.2% logz-ratio=385115.51+/-0.30 dlogz:60.410>0.01] 18619it [6:28:10,  1.80s/it, bound:1077 nc:550 ncall:8.2e+06 eff:0.2% logz-ratio=385070.09+/-0.08 dlogz:107.779>0.01]18622it [6:28:21,  1.80s/it, bound:1078 nc:  1 ncall:8.2e+06 eff:0.2% logz-ratio=385170.88+/-0.90 dlogz:1.098>0.01]  18623it [6:28:48,  3.69s/it, bound:1078 nc:524 ncall:8.2e+06 eff:0.2% logz-ratio=385070.35+/-0.07 dlogz:107.499>0.01]18630it [6:28:48,  2.27s/it, bound:1078 nc:  1 ncall:8.2e+06 eff:0.2% logz-ratio=385124.61+/-0.31 dlogz:50.918>0.01] 18637it [6:29:01,  2.27s/it, bound:1079 nc:365 ncall:8.2e+06 eff:0.2% logz-ratio=385071.20+/-0.07 dlogz:106.628>0.01]18638it [6:29:27,  3.28s/it, bound:1079 nc:531 ncall:8.2e+06 eff:0.2% logz-ratio=385071.26+/-0.10 dlogz:106.562>0.01]18643it [6:29:27,  2.44s/it, bound:1079 nc:  1 ncall:8.2e+06 eff:0.2% logz-ratio=385110.00+/-0.29 dlogz:66.181>0.01] 18649it [6:29:27,  1.70s/it, bound:1079 nc:473 ncall:8.2e+06 eff:0.2% logz-ratio=385072.01+/-0.10 dlogz:105.793>0.01]18653it [6:29:41,  1.70s/it, bound:1080 nc:  1 ncall:8.2e+06 eff:0.2% logz-ratio=385187.69+/-0.78 dlogz:1.099>0.01]  18654it [6:30:05,  3.25s/it, bound:1080 nc:493 ncall:8.2e+06 eff:0.2% logz-ratio=385072.35+/-0.07 dlogz:122.322>0.01]18661it [6:30:05,  2.13s/it, bound:1080 nc:1012 ncall:8.2e+06 eff:0.2% logz-ratio=385072.88+/-0.07 dlogz:121.781>0.01]18667it [6:30:05,  1.50s/it, bound:1080 nc:567 ncall:8.2e+06 eff:0.2% logz-ratio=385073.28+/-0.10 dlogz:121.359>0.01] 18668it [6:30:21,  1.50s/it, bound:1081 nc:553 ncall:8.2e+06 eff:0.2% logz-ratio=385073.34+/-0.07 dlogz:121.293>0.01]18669it [6:30:46,  3.88s/it, bound:1081 nc:607 ncall:8.2e+06 eff:0.2% logz-ratio=385073.40+/-0.09 dlogz:121.230>0.01]18672it [6:30:46,  3.07s/it, bound:1081 nc:610 ncall:8.2e+06 eff:0.2% logz-ratio=385073.56+/-0.06 dlogz:121.056>0.01]18677it [6:30:46,  2.05s/it, bound:1081 nc:  1 ncall:8.2e+06 eff:0.2% logz-ratio=385075.75+/-0.27 dlogz:118.737>0.01]18682it [6:30:47,  1.40s/it, bound:1081 nc:556 ncall:8.2e+06 eff:0.2% logz-ratio=385074.10+/-0.06 dlogz:120.497>0.01]18684it [6:31:01,  1.40s/it, bound:1082 nc:602 ncall:8.2e+06 eff:0.2% logz-ratio=385074.21+/-0.07 dlogz:120.385>0.01]18685it [6:31:26,  3.96s/it, bound:1082 nc:602 ncall:8.2e+06 eff:0.2% logz-ratio=385074.27+/-0.09 dlogz:120.327>0.01]18689it [6:31:26,  2.81s/it, bound:1082 nc:  1 ncall:8.2e+06 eff:0.2% logz-ratio=385135.13+/-0.33 dlogz:56.682>0.01] 18696it [6:31:26,  1.63s/it, bound:1082 nc:  1 ncall:8.2e+06 eff:0.2% logz-ratio=385093.86+/-0.29 dlogz:99.974>0.01]18700it [6:31:41,  1.63s/it, bound:1083 nc:  1 ncall:8.2e+06 eff:0.2% logz-ratio=385187.60+/-0.84 dlogz:1.099>0.01] 18701it [6:32:05,  3.45s/it, bound:1083 nc:558 ncall:8.2e+06 eff:0.2% logz-ratio=385075.19+/-0.07 dlogz:119.382>0.01]18706it [6:32:05,  2.42s/it, bound:1083 nc:  1 ncall:8.2e+06 eff:0.2% logz-ratio=385106.05+/-0.29 dlogz:87.231>0.01] 18712it [6:32:05,  1.60s/it, bound:1083 nc:467 ncall:8.2e+06 eff:0.2% logz-ratio=385075.84+/-0.09 dlogz:118.697>0.01]18716it [6:32:21,  1.60s/it, bound:1084 nc:496 ncall:8.2e+06 eff:0.2% logz-ratio=385076.06+/-0.06 dlogz:118.473>0.01]18717it [6:32:43,  3.34s/it, bound:1084 nc:523 ncall:8.2e+06 eff:0.2% logz-ratio=385076.11+/-0.09 dlogz:118.418>0.01]18719it [6:32:43,  2.87s/it, bound:1084 nc:  1 ncall:8.2e+06 eff:0.2% logz-ratio=385127.35+/-0.30 dlogz:64.869>0.01] 18724it [6:32:43,  1.91s/it, bound:1084 nc:  1 ncall:8.3e+06 eff:0.2% logz-ratio=385092.73+/-0.29 dlogz:101.143>0.01]18729it [6:32:43,  1.30s/it, bound:1084 nc:495 ncall:8.3e+06 eff:0.2% logz-ratio=385076.69+/-0.06 dlogz:117.801>0.01]18732it [6:33:01,  1.30s/it, bound:1085 nc:373 ncall:8.3e+06 eff:0.2% logz-ratio=385076.82+/-0.08 dlogz:117.663>0.01]18733it [6:33:26,  3.86s/it, bound:1085 nc:636 ncall:8.3e+06 eff:0.2% logz-ratio=385076.86+/-0.10 dlogz:117.620>0.01]18737it [6:33:26,  2.79s/it, bound:1085 nc:  1 ncall:8.3e+06 eff:0.2% logz-ratio=385104.99+/-0.29 dlogz:88.321>0.01] 18742it [6:33:27,  1.87s/it, bound:1085 nc:565 ncall:8.3e+06 eff:0.2% logz-ratio=385077.23+/-0.06 dlogz:117.238>0.01]18747it [6:33:27,  1.27s/it, bound:1085 nc:  1 ncall:8.3e+06 eff:0.2% logz-ratio=385119.18+/-0.31 dlogz:73.456>0.01] 18747it [6:33:41,  1.27s/it, bound:1085 nc:  1 ncall:8.3e+06 eff:0.2% logz-ratio=385187.50+/-0.97 dlogz:1.099>0.01] 18748it [6:34:10,  4.83s/it, bound:1086 nc:1156 ncall:8.3e+06 eff:0.2% logz-ratio=385077.55+/-0.07 dlogz:116.913>0.01]18752it [6:34:10,  3.27s/it, bound:1086 nc:  1 ncall:8.3e+06 eff:0.2% logz-ratio=385119.17+/-0.31 dlogz:73.456>0.01]  18757it [6:34:10,  2.08s/it, bound:1086 nc:489 ncall:8.3e+06 eff:0.2% logz-ratio=385078.02+/-0.06 dlogz:116.417>0.01]18762it [6:34:10,  1.37s/it, bound:1086 nc:  1 ncall:8.3e+06 eff:0.2% logz-ratio=385101.28+/-0.29 dlogz:92.232>0.01] 18763it [6:34:21,  1.37s/it, bound:1087 nc:620 ncall:8.3e+06 eff:0.2% logz-ratio=385078.32+/-0.06 dlogz:116.108>0.01]18764it [6:35:01,  5.33s/it, bound:1087 nc:668 ncall:8.3e+06 eff:0.2% logz-ratio=385078.37+/-0.09 dlogz:116.058>0.01]18768it [6:35:02,  3.64s/it, bound:1087 nc:  1 ncall:8.3e+06 eff:0.2% logz-ratio=385106.07+/-0.29 dlogz:87.174>0.01] 18774it [6:35:02,  2.16s/it, bound:1087 nc:  1 ncall:8.3e+06 eff:0.2% logz-ratio=385079.24+/-0.16 dlogz:115.103>0.01]18779it [6:35:02,  1.47s/it, bound:1088 nc:660 ncall:8.3e+06 eff:0.2% logz-ratio=385079.19+/-0.06 dlogz:115.214>0.01]18779it [6:35:21,  1.47s/it, bound:1088 nc:660 ncall:8.3e+06 eff:0.2% logz-ratio=385079.19+/-0.06 dlogz:115.214>0.01]18780it [6:35:46,  5.08s/it, bound:1088 nc:568 ncall:8.3e+06 eff:0.2% logz-ratio=385079.24+/-0.09 dlogz:115.159>0.01]18781it [6:35:52,  5.22s/it, bound:1088 nc:536 ncall:8.3e+06 eff:0.2% logz-ratio=385079.29+/-0.06 dlogz:115.105>0.01]18786it [6:35:52,  2.95s/it, bound:1088 nc:  1 ncall:8.3e+06 eff:0.2% logz-ratio=385109.04+/-0.29 dlogz:84.065>0.01] 18792it [6:35:52,  1.69s/it, bound:1088 nc:  1 ncall:8.3e+06 eff:0.2% logz-ratio=385096.64+/-0.29 dlogz:97.086>0.01]18795it [6:36:11,  1.69s/it, bound:1089 nc:493 ncall:8.3e+06 eff:0.2% logz-ratio=385080.03+/-0.07 dlogz:114.344>0.01]18796it [6:36:35,  4.28s/it, bound:1089 nc:511 ncall:8.3e+06 eff:0.2% logz-ratio=385080.08+/-0.09 dlogz:114.287>0.01]18801it [6:36:35,  2.83s/it, bound:1089 nc:  1 ncall:8.3e+06 eff:0.2% logz-ratio=385109.36+/-0.29 dlogz:83.700>0.01] 18807it [6:36:35,  1.79s/it, bound:1089 nc:  1 ncall:8.3e+06 eff:0.2% logz-ratio=385081.65+/-0.23 dlogz:112.608>0.01]18810it [6:36:51,  1.79s/it, bound:1090 nc:548 ncall:8.3e+06 eff:0.2% logz-ratio=385080.79+/-0.06 dlogz:113.550>0.01]18811it [6:37:15,  3.97s/it, bound:1090 nc:546 ncall:8.3e+06 eff:0.2% logz-ratio=385080.84+/-0.09 dlogz:113.495>0.01]18815it [6:37:16,  2.90s/it, bound:1090 nc:  1 ncall:8.3e+06 eff:0.2% logz-ratio=385103.97+/-0.29 dlogz:89.404>0.01] 18820it [6:37:16,  1.96s/it, bound:1090 nc:541 ncall:8.3e+06 eff:0.2% logz-ratio=385081.30+/-0.07 dlogz:113.028>0.01]18825it [6:37:16,  1.34s/it, bound:1090 nc:  1 ncall:8.3e+06 eff:0.2% logz-ratio=385099.45+/-0.29 dlogz:94.169>0.01] 18826it [6:37:31,  1.34s/it, bound:1091 nc:566 ncall:8.3e+06 eff:0.2% logz-ratio=385081.63+/-0.06 dlogz:112.674>0.01]18827it [6:37:55,  4.17s/it, bound:1091 nc:509 ncall:8.3e+06 eff:0.2% logz-ratio=385081.68+/-0.09 dlogz:112.622>0.01]18831it [6:37:55,  2.91s/it, bound:1091 nc:  1 ncall:8.3e+06 eff:0.2% logz-ratio=385128.33+/-0.30 dlogz:63.774>0.01] 18836it [6:37:56,  1.89s/it, bound:1091 nc:  1 ncall:8.3e+06 eff:0.2% logz-ratio=385097.91+/-0.29 dlogz:95.778>0.01]18841it [6:37:56,  1.26s/it, bound:1092 nc:501 ncall:8.3e+06 eff:0.2% logz-ratio=385082.44+/-0.07 dlogz:111.852>0.01]18841it [6:38:11,  1.26s/it, bound:1092 nc:501 ncall:8.3e+06 eff:0.2% logz-ratio=385082.44+/-0.07 dlogz:111.852>0.01]18842it [6:38:37,  4.79s/it, bound:1092 nc:567 ncall:8.3e+06 eff:0.2% logz-ratio=385082.50+/-0.10 dlogz:111.787>0.01]18846it [6:38:37,  3.20s/it, bound:1092 nc:  1 ncall:8.3e+06 eff:0.2% logz-ratio=385110.62+/-0.29 dlogz:82.397>0.01] 18852it [6:38:37,  1.88s/it, bound:1092 nc:  1 ncall:8.3e+06 eff:0.2% logz-ratio=385089.52+/-0.29 dlogz:104.488>0.01]18857it [6:38:38,  1.26s/it, bound:1093 nc:417 ncall:8.3e+06 eff:0.2% logz-ratio=385083.59+/-0.07 dlogz:110.678>0.01]18857it [6:38:51,  1.26s/it, bound:1093 nc:417 ncall:8.3e+06 eff:0.2% logz-ratio=385083.59+/-0.07 dlogz:110.678>0.01]18858it [6:39:17,  4.60s/it, bound:1093 nc:402 ncall:8.3e+06 eff:0.2% logz-ratio=385083.66+/-0.10 dlogz:110.604>0.01]18863it [6:39:18,  2.85s/it, bound:1093 nc:  1 ncall:8.3e+06 eff:0.2% logz-ratio=385113.81+/-0.30 dlogz:79.041>0.01] 18870it [6:39:18,  1.62s/it, bound:1093 nc:  1 ncall:8.3e+06 eff:0.2% logz-ratio=385086.00+/-0.26 dlogz:108.113>0.01]18873it [6:39:31,  1.62s/it, bound:1094 nc:439 ncall:8.3e+06 eff:0.2% logz-ratio=385084.58+/-0.07 dlogz:109.641>0.01]18874it [6:39:55,  3.64s/it, bound:1094 nc:470 ncall:8.3e+06 eff:0.2% logz-ratio=385084.64+/-0.09 dlogz:109.581>0.01]18881it [6:39:55,  2.21s/it, bound:1094 nc:  1 ncall:8.3e+06 eff:0.2% logz-ratio=385097.05+/-0.29 dlogz:96.664>0.01] 18888it [6:39:55,  1.42s/it, bound:1094 nc:434 ncall:8.3e+06 eff:0.2% logz-ratio=385085.42+/-0.06 dlogz:108.763>0.01]18889it [6:40:11,  1.42s/it, bound:1095 nc:517 ncall:8.3e+06 eff:0.2% logz-ratio=385085.48+/-0.09 dlogz:108.708>0.01]18890it [6:40:31,  3.56s/it, bound:1095 nc:463 ncall:8.3e+06 eff:0.2% logz-ratio=385085.54+/-0.11 dlogz:108.650>0.01]18896it [6:40:32,  2.30s/it, bound:1095 nc:  1 ncall:8.3e+06 eff:0.2% logz-ratio=385113.18+/-0.29 dlogz:79.726>0.01] 18902it [6:40:51,  2.30s/it, bound:1096 nc:  1 ncall:8.4e+06 eff:0.2% logz-ratio=385187.19+/-0.81 dlogz:1.099>0.01] 18903it [6:41:47,  5.47s/it, bound:1096 nc:1060 ncall:8.4e+06 eff:0.2% logz-ratio=385086.56+/-0.07 dlogz:107.617>0.01]18905it [6:41:47,  4.76s/it, bound:1096 nc:553 ncall:8.4e+06 eff:0.2% logz-ratio=385086.69+/-0.07 dlogz:107.473>0.01] 18910it [6:41:48,  3.24s/it, bound:1096 nc:966 ncall:8.4e+06 eff:0.2% logz-ratio=385087.05+/-0.08 dlogz:107.113>0.01]18915it [6:41:48,  2.23s/it, bound:1096 nc:  1 ncall:8.4e+06 eff:0.2% logz-ratio=385108.21+/-0.29 dlogz:84.967>0.01] 18918it [6:42:01,  2.23s/it, bound:1097 nc:  1 ncall:8.4e+06 eff:0.2% logz-ratio=385187.16+/-0.81 dlogz:1.099>0.01] 18919it [6:42:51,  5.82s/it, bound:1097 nc:875 ncall:8.4e+06 eff:0.2% logz-ratio=385087.67+/-0.07 dlogz:106.457>0.01]18924it [6:42:51,  3.96s/it, bound:1097 nc:  1 ncall:8.4e+06 eff:0.2% logz-ratio=385091.23+/-0.28 dlogz:102.721>0.01]18929it [6:42:51,  2.73s/it, bound:1097 nc:907 ncall:8.4e+06 eff:0.2% logz-ratio=385088.28+/-0.07 dlogz:105.826>0.01]18934it [6:42:51,  1.89s/it, bound:1098 nc:  1 ncall:8.4e+06 eff:0.2% logz-ratio=385107.46+/-0.29 dlogz:85.777>0.01] 18934it [6:43:11,  1.89s/it, bound:1098 nc:  1 ncall:8.4e+06 eff:0.2% logz-ratio=385187.13+/-0.81 dlogz:1.099>0.01] 18935it [6:43:50,  6.53s/it, bound:1098 nc:765 ncall:8.4e+06 eff:0.2% logz-ratio=385088.62+/-0.07 dlogz:105.478>0.01]18940it [6:43:50,  4.14s/it, bound:1098 nc:  1 ncall:8.4e+06 eff:0.2% logz-ratio=385133.23+/-0.31 dlogz:58.637>0.01] 18946it [6:43:51,  2.55s/it, bound:1098 nc:  1 ncall:8.4e+06 eff:0.2% logz-ratio=385095.21+/-0.29 dlogz:98.600>0.01]18950it [6:44:01,  2.55s/it, bound:1099 nc:  1 ncall:8.4e+06 eff:0.2% logz-ratio=385187.10+/-0.81 dlogz:1.099>0.01] 18951it [6:44:43,  5.02s/it, bound:1099 nc:688 ncall:8.4e+06 eff:0.2% logz-ratio=385089.61+/-0.07 dlogz:104.455>0.01]18956it [6:44:43,  3.47s/it, bound:1099 nc:  1 ncall:8.4e+06 eff:0.2% logz-ratio=385132.96+/-0.31 dlogz:58.946>0.01] 18962it [6:44:43,  2.27s/it, bound:1099 nc:  1 ncall:8.4e+06 eff:0.2% logz-ratio=385113.59+/-0.29 dlogz:79.319>0.01]18966it [6:45:01,  2.27s/it, bound:1100 nc:  1 ncall:8.4e+06 eff:0.2% logz-ratio=385187.06+/-0.81 dlogz:1.099>0.01] 18967it [6:45:32,  4.49s/it, bound:1100 nc:660 ncall:8.4e+06 eff:0.2% logz-ratio=385090.61+/-0.07 dlogz:103.425>0.01]18972it [6:45:32,  3.17s/it, bound:1100 nc:  1 ncall:8.4e+06 eff:0.2% logz-ratio=385106.72+/-0.29 dlogz:86.582>0.01] 18978it [6:45:32,  2.12s/it, bound:1100 nc:635 ncall:8.4e+06 eff:0.2% logz-ratio=385091.26+/-0.09 dlogz:102.742>0.01]18982it [6:45:51,  2.12s/it, bound:1101 nc:  1 ncall:8.4e+06 eff:0.2% logz-ratio=385187.03+/-0.82 dlogz:1.099>0.01]  18983it [6:46:16,  4.02s/it, bound:1101 nc:519 ncall:8.4e+06 eff:0.2% logz-ratio=385091.53+/-0.07 dlogz:102.469>0.01]18985it [6:46:28,  4.29s/it, bound:1101 nc:606 ncall:8.4e+06 eff:0.2% logz-ratio=385091.65+/-0.07 dlogz:102.344>0.01]18990it [6:46:28,  2.87s/it, bound:1101 nc:  1 ncall:8.4e+06 eff:0.2% logz-ratio=385134.48+/-0.30 dlogz:57.304>0.01] 18996it [6:46:28,  1.83s/it, bound:1101 nc:  1 ncall:8.4e+06 eff:0.2% logz-ratio=385104.27+/-0.29 dlogz:89.147>0.01]18998it [6:46:41,  1.83s/it, bound:1102 nc:  1 ncall:8.4e+06 eff:0.2% logz-ratio=385187.00+/-0.82 dlogz:1.099>0.01] 18999it [6:47:21,  5.09s/it, bound:1102 nc:691 ncall:8.4e+06 eff:0.2% logz-ratio=385092.49+/-0.07 dlogz:101.479>0.01]19004it [6:47:21,  3.42s/it, bound:1102 nc:  1 ncall:8.4e+06 eff:0.2% logz-ratio=385130.87+/-0.31 dlogz:61.118>0.01] 19010it [6:47:21,  2.19s/it, bound:1102 nc:  1 ncall:8.4e+06 eff:0.2% logz-ratio=385103.67+/-0.29 dlogz:89.782>0.01]19012it [6:47:41,  2.19s/it, bound:1103 nc:742 ncall:8.4e+06 eff:0.2% logz-ratio=385093.22+/-0.06 dlogz:100.713>0.01]19013it [6:48:07,  4.88s/it, bound:1103 nc:663 ncall:8.4e+06 eff:0.2% logz-ratio=385093.27+/-0.09 dlogz:100.660>0.01]19017it [6:48:07,  3.52s/it, bound:1103 nc:  1 ncall:8.4e+06 eff:0.2% logz-ratio=385144.59+/-0.33 dlogz:46.594>0.01] 19024it [6:48:08,  2.07s/it, bound:1103 nc:657 ncall:8.4e+06 eff:0.2% logz-ratio=385093.83+/-0.07 dlogz:100.093>0.01]19028it [6:48:21,  2.07s/it, bound:1104 nc:629 ncall:8.4e+06 eff:0.2% logz-ratio=385094.07+/-0.07 dlogz:99.847>0.01] 19029it [6:48:52,  4.12s/it, bound:1104 nc:632 ncall:8.4e+06 eff:0.2% logz-ratio=385094.13+/-0.10 dlogz:99.785>0.01]19033it [6:48:53,  3.08s/it, bound:1104 nc:548 ncall:8.4e+06 eff:0.2% logz-ratio=385094.39+/-0.07 dlogz:99.518>0.01]19038it [6:48:53,  2.13s/it, bound:1104 nc:  1 ncall:8.5e+06 eff:0.2% logz-ratio=385172.93+/-0.25 dlogz:15.778>0.01]19043it [6:49:11,  2.13s/it, bound:1105 nc:538 ncall:8.5e+06 eff:0.2% logz-ratio=385095.06+/-0.07 dlogz:98.821>0.01]19044it [6:50:00,  5.27s/it, bound:1105 nc:920 ncall:8.5e+06 eff:0.2% logz-ratio=385095.12+/-0.10 dlogz:98.758>0.01]19048it [6:50:00,  3.96s/it, bound:1105 nc:  1 ncall:8.5e+06 eff:0.2% logz-ratio=385136.10+/-0.31 dlogz:55.517>0.01]19054it [6:50:00,  2.59s/it, bound:1105 nc:  1 ncall:8.5e+06 eff:0.2% logz-ratio=385107.60+/-0.29 dlogz:85.666>0.01]19059it [6:50:11,  2.59s/it, bound:1106 nc:  1 ncall:8.5e+06 eff:0.2% logz-ratio=385186.88+/-0.83 dlogz:1.099>0.01] 19060it [6:50:59,  5.01s/it, bound:1106 nc:744 ncall:8.5e+06 eff:0.2% logz-ratio=385095.91+/-0.06 dlogz:97.926>0.01]19065it [6:50:59,  3.59s/it, bound:1106 nc:  1 ncall:8.5e+06 eff:0.2% logz-ratio=385111.29+/-0.29 dlogz:81.739>0.01]19071it [6:50:59,  2.43s/it, bound:1106 nc:858 ncall:8.5e+06 eff:0.2% logz-ratio=385096.40+/-0.08 dlogz:97.410>0.01]19075it [6:51:11,  2.43s/it, bound:1107 nc:  1 ncall:8.5e+06 eff:0.2% logz-ratio=385186.85+/-0.84 dlogz:1.099>0.01] 19076it [6:51:56,  4.92s/it, bound:1107 nc:775 ncall:8.5e+06 eff:0.2% logz-ratio=385096.63+/-0.06 dlogz:97.177>0.01]19081it [6:51:56,  3.52s/it, bound:1107 nc:  1 ncall:8.5e+06 eff:0.2% logz-ratio=385141.88+/-0.32 dlogz:49.434>0.01]19087it [6:51:56,  2.37s/it, bound:1107 nc:  1 ncall:8.5e+06 eff:0.2% logz-ratio=385111.04+/-0.29 dlogz:82.002>0.01]19089it [6:52:11,  2.37s/it, bound:1108 nc:  1 ncall:8.5e+06 eff:0.2% logz-ratio=385186.82+/-0.84 dlogz:1.099>0.01] 19090it [6:53:19,  7.16s/it, bound:1108 nc:1187 ncall:8.5e+06 eff:0.2% logz-ratio=385097.33+/-0.06 dlogz:96.446>0.01]19093it [6:53:19,  5.64s/it, bound:1108 nc:  1 ncall:8.5e+06 eff:0.2% logz-ratio=385116.55+/-0.29 dlogz:76.226>0.01] 19098it [6:53:19,  3.75s/it, bound:1108 nc:1258 ncall:8.5e+06 eff:0.2% logz-ratio=385097.76+/-0.06 dlogz:96.001>0.01]19103it [6:53:19,  2.54s/it, bound:1108 nc:1182 ncall:8.5e+06 eff:0.2% logz-ratio=385098.02+/-0.06 dlogz:95.729>0.01]19105it [6:53:31,  2.54s/it, bound:1109 nc:  1 ncall:8.5e+06 eff:0.2% logz-ratio=385186.79+/-0.84 dlogz:1.099>0.01]  19106it [6:54:29,  7.07s/it, bound:1109 nc:975 ncall:8.5e+06 eff:0.2% logz-ratio=385098.17+/-0.06 dlogz:95.574>0.01]19109it [6:54:29,  5.40s/it, bound:1109 nc:924 ncall:8.5e+06 eff:0.2% logz-ratio=385098.32+/-0.06 dlogz:95.419>0.01]19113it [6:54:29,  3.73s/it, bound:1109 nc:971 ncall:8.5e+06 eff:0.2% logz-ratio=385098.50+/-0.06 dlogz:95.230>0.01]19117it [6:54:30,  2.59s/it, bound:1109 nc:909 ncall:8.5e+06 eff:0.2% logz-ratio=385098.69+/-0.06 dlogz:95.027>0.01]19121it [6:54:30,  1.81s/it, bound:1110 nc:  1 ncall:8.5e+06 eff:0.2% logz-ratio=385118.37+/-0.29 dlogz:74.334>0.01]19121it [6:54:41,  1.81s/it, bound:1110 nc:  1 ncall:8.5e+06 eff:0.2% logz-ratio=385186.76+/-0.85 dlogz:1.099>0.01] 19122it [6:55:28,  7.37s/it, bound:1110 nc:792 ncall:8.5e+06 eff:0.2% logz-ratio=385098.91+/-0.06 dlogz:94.795>0.01]19127it [6:55:28,  4.34s/it, bound:1110 nc:  1 ncall:8.5e+06 eff:0.2% logz-ratio=385109.74+/-0.29 dlogz:83.410>0.01]19132it [6:55:28,  2.74s/it, bound:1110 nc:839 ncall:8.5e+06 eff:0.2% logz-ratio=385099.38+/-0.08 dlogz:94.309>0.01]19136it [6:55:28,  1.93s/it, bound:1111 nc:  1 ncall:8.5e+06 eff:0.2% logz-ratio=385118.51+/-0.29 dlogz:74.188>0.01]19136it [6:55:41,  1.93s/it, bound:1111 nc:  1 ncall:8.5e+06 eff:0.2% logz-ratio=385186.73+/-0.85 dlogz:1.099>0.01] 19137it [6:56:21,  6.82s/it, bound:1111 nc:743 ncall:8.5e+06 eff:0.2% logz-ratio=385099.62+/-0.06 dlogz:94.068>0.01]19140it [6:56:21,  4.84s/it, bound:1111 nc:  1 ncall:8.5e+06 eff:0.2% logz-ratio=385134.36+/-0.30 dlogz:57.410>0.01]19145it [6:56:21,  2.87s/it, bound:1111 nc:794 ncall:8.5e+06 eff:0.2% logz-ratio=385100.03+/-0.06 dlogz:93.644>0.01]19150it [6:56:21,  1.81s/it, bound:1111 nc:  1 ncall:8.6e+06 eff:0.2% logz-ratio=385132.72+/-0.31 dlogz:59.159>0.01]19152it [6:56:41,  1.81s/it, bound:1112 nc:  1 ncall:8.6e+06 eff:0.2% logz-ratio=385186.69+/-0.85 dlogz:1.099>0.01] 19153it [6:57:12,  5.42s/it, bound:1112 nc:656 ncall:8.6e+06 eff:0.2% logz-ratio=385100.44+/-0.06 dlogz:93.217>0.01]19155it [6:57:23,  5.49s/it, bound:1112 nc:736 ncall:8.6e+06 eff:0.2% logz-ratio=385100.54+/-0.06 dlogz:93.109>0.01]19161it [6:57:24,  3.06s/it, bound:1112 nc:449 ncall:8.6e+06 eff:0.2% logz-ratio=385100.83+/-0.06 dlogz:92.804>0.01]19168it [6:57:24,  1.76s/it, bound:1113 nc:  1 ncall:8.6e+06 eff:0.2% logz-ratio=385103.49+/-0.28 dlogz:89.975>0.01]19168it [6:57:41,  1.76s/it, bound:1113 nc:  1 ncall:8.6e+06 eff:0.2% logz-ratio=385186.66+/-0.86 dlogz:1.099>0.01] 19169it [6:58:14,  5.66s/it, bound:1113 nc:671 ncall:8.6e+06 eff:0.2% logz-ratio=385101.17+/-0.06 dlogz:92.437>0.01]19173it [6:58:14,  3.90s/it, bound:1113 nc:553 ncall:8.6e+06 eff:0.2% logz-ratio=385101.35+/-0.06 dlogz:92.254>0.01]19178it [6:58:14,  2.51s/it, bound:1113 nc:658 ncall:8.6e+06 eff:0.2% logz-ratio=385101.57+/-0.08 dlogz:92.024>0.01]19183it [6:58:15,  1.67s/it, bound:1113 nc:669 ncall:8.6e+06 eff:0.2% logz-ratio=385101.78+/-0.06 dlogz:91.805>0.01]19184it [6:58:31,  1.67s/it, bound:1114 nc:  1 ncall:8.6e+06 eff:0.2% logz-ratio=385186.63+/-0.86 dlogz:1.099>0.01] 19185it [6:59:02,  5.28s/it, bound:1114 nc:622 ncall:8.6e+06 eff:0.2% logz-ratio=385101.86+/-0.06 dlogz:91.716>0.01]19190it [6:59:03,  3.35s/it, bound:1114 nc:  1 ncall:8.6e+06 eff:0.2% logz-ratio=385127.95+/-0.30 dlogz:64.233>0.01]19196it [6:59:03,  2.06s/it, bound:1114 nc:  1 ncall:8.6e+06 eff:0.2% logz-ratio=385107.91+/-0.29 dlogz:85.343>0.01]19200it [6:59:21,  2.06s/it, bound:1115 nc:  1 ncall:8.6e+06 eff:0.2% logz-ratio=385186.60+/-0.90 dlogz:1.099>0.01] 19201it [6:59:46,  4.17s/it, bound:1115 nc:613 ncall:8.6e+06 eff:0.2% logz-ratio=385102.57+/-0.06 dlogz:90.983>0.01]19206it [6:59:47,  2.88s/it, bound:1115 nc:  1 ncall:8.6e+06 eff:0.2% logz-ratio=385103.17+/-0.17 dlogz:90.307>0.01]19212it [6:59:47,  1.89s/it, bound:1115 nc:489 ncall:8.6e+06 eff:0.2% logz-ratio=385103.08+/-0.09 dlogz:90.456>0.01]19216it [7:00:01,  1.89s/it, bound:1116 nc:  1 ncall:8.6e+06 eff:0.2% logz-ratio=385186.57+/-0.90 dlogz:1.099>0.01] 19217it [7:00:29,  3.84s/it, bound:1116 nc:613 ncall:8.6e+06 eff:0.2% logz-ratio=385103.30+/-0.06 dlogz:90.217>0.01]19222it [7:00:30,  2.71s/it, bound:1116 nc:  1 ncall:8.6e+06 eff:0.2% logz-ratio=385134.28+/-0.30 dlogz:57.526>0.01]19228it [7:00:30,  1.81s/it, bound:1116 nc:  1 ncall:8.6e+06 eff:0.2% logz-ratio=385108.59+/-0.29 dlogz:84.633>0.01]19232it [7:00:41,  1.81s/it, bound:1117 nc:  1 ncall:8.6e+06 eff:0.2% logz-ratio=385186.53+/-0.91 dlogz:1.099>0.01] 19233it [7:01:11,  3.65s/it, bound:1117 nc:598 ncall:8.6e+06 eff:0.2% logz-ratio=385104.05+/-0.06 dlogz:89.434>0.01]19238it [7:01:11,  2.60s/it, bound:1117 nc:  1 ncall:8.6e+06 eff:0.2% logz-ratio=385169.84+/-0.55 dlogz:19.171>0.01]19244it [7:01:11,  1.74s/it, bound:1117 nc:624 ncall:8.6e+06 eff:0.2% logz-ratio=385104.49+/-0.06 dlogz:88.973>0.01]19247it [7:01:31,  1.74s/it, bound:1118 nc:  1 ncall:8.6e+06 eff:0.2% logz-ratio=385186.50+/-0.91 dlogz:1.099>0.01] 19248it [7:02:17,  5.26s/it, bound:1118 nc:882 ncall:8.6e+06 eff:0.2% logz-ratio=385104.65+/-0.06 dlogz:88.801>0.01]19253it [7:02:17,  3.69s/it, bound:1118 nc:  1 ncall:8.6e+06 eff:0.2% logz-ratio=385134.28+/-0.30 dlogz:57.545>0.01]19258it [7:02:17,  2.59s/it, bound:1118 nc:  1 ncall:8.6e+06 eff:0.2% logz-ratio=385113.57+/-0.29 dlogz:79.396>0.01]19263it [7:02:17,  1.82s/it, bound:1119 nc:634 ncall:8.6e+06 eff:0.2% logz-ratio=385105.30+/-0.06 dlogz:88.133>0.01]19263it [7:02:31,  1.82s/it, bound:1119 nc:634 ncall:8.6e+06 eff:0.2% logz-ratio=385105.30+/-0.06 dlogz:88.133>0.01]19264it [7:03:19,  6.57s/it, bound:1119 nc:870 ncall:8.6e+06 eff:0.2% logz-ratio=385105.34+/-0.09 dlogz:88.086>0.01]19268it [7:03:19,  4.54s/it, bound:1119 nc:  1 ncall:8.6e+06 eff:0.2% logz-ratio=385118.63+/-0.29 dlogz:74.090>0.01]19273it [7:03:19,  2.93s/it, bound:1119 nc:793 ncall:8.6e+06 eff:0.2% logz-ratio=385105.77+/-0.06 dlogz:87.634>0.01]19278it [7:03:19,  1.94s/it, bound:1119 nc:  1 ncall:8.6e+06 eff:0.2% logz-ratio=385124.71+/-0.29 dlogz:67.711>0.01]19279it [7:03:31,  1.94s/it, bound:1120 nc:875 ncall:8.6e+06 eff:0.2% logz-ratio=385106.04+/-0.06 dlogz:87.355>0.01]19280it [7:04:12,  5.85s/it, bound:1120 nc:568 ncall:8.6e+06 eff:0.2% logz-ratio=385106.09+/-0.09 dlogz:87.305>0.01]19284it [7:04:12,  4.01s/it, bound:1120 nc:  1 ncall:8.6e+06 eff:0.2% logz-ratio=385138.92+/-0.31 dlogz:52.671>0.01]19290it [7:04:12,  2.40s/it, bound:1120 nc:  1 ncall:8.6e+06 eff:0.2% logz-ratio=385114.33+/-0.29 dlogz:78.591>0.01]19295it [7:04:12,  1.63s/it, bound:1121 nc:651 ncall:8.7e+06 eff:0.2% logz-ratio=385106.81+/-0.06 dlogz:86.552>0.01]19295it [7:04:31,  1.63s/it, bound:1121 nc:651 ncall:8.7e+06 eff:0.2% logz-ratio=385106.81+/-0.06 dlogz:86.552>0.01]19296it [7:05:00,  5.60s/it, bound:1121 nc:715 ncall:8.7e+06 eff:0.2% logz-ratio=385106.86+/-0.08 dlogz:86.505>0.01]19300it [7:05:00,  3.78s/it, bound:1121 nc:  1 ncall:8.7e+06 eff:0.2% logz-ratio=385124.13+/-0.30 dlogz:68.324>0.01]19305it [7:05:01,  2.39s/it, bound:1121 nc:704 ncall:8.7e+06 eff:0.2% logz-ratio=385107.21+/-0.06 dlogz:86.126>0.01]19310it [7:05:01,  1.58s/it, bound:1121 nc:  1 ncall:8.7e+06 eff:0.2% logz-ratio=385133.37+/-0.30 dlogz:58.540>0.01]19311it [7:05:11,  1.58s/it, bound:1122 nc:724 ncall:8.7e+06 eff:0.2% logz-ratio=385107.43+/-0.05 dlogz:85.889>0.01]19312it [7:05:46,  5.03s/it, bound:1122 nc:550 ncall:8.7e+06 eff:0.2% logz-ratio=385107.47+/-0.07 dlogz:85.851>0.01]19316it [7:05:46,  3.43s/it, bound:1122 nc:  1 ncall:8.7e+06 eff:0.2% logz-ratio=385113.48+/-0.29 dlogz:79.484>0.01]19321it [7:05:46,  2.19s/it, bound:1122 nc:504 ncall:8.7e+06 eff:0.2% logz-ratio=385107.78+/-0.06 dlogz:85.521>0.01]19325it [7:06:01,  2.19s/it, bound:1123 nc:  1 ncall:8.7e+06 eff:0.2% logz-ratio=385186.35+/-0.93 dlogz:1.099>0.01] 19326it [7:06:36,  4.86s/it, bound:1123 nc:666 ncall:8.7e+06 eff:0.2% logz-ratio=385107.99+/-0.06 dlogz:85.310>0.01]19330it [7:06:36,  3.50s/it, bound:1123 nc:613 ncall:8.7e+06 eff:0.2% logz-ratio=385108.14+/-0.06 dlogz:85.147>0.01]19335it [7:06:36,  2.34s/it, bound:1123 nc:  1 ncall:8.7e+06 eff:0.2% logz-ratio=385109.44+/-0.24 dlogz:83.734>0.01]19340it [7:06:36,  1.59s/it, bound:1123 nc:692 ncall:8.7e+06 eff:0.2% logz-ratio=385108.52+/-0.05 dlogz:84.743>0.01]19341it [7:06:51,  1.59s/it, bound:1124 nc:  1 ncall:8.7e+06 eff:0.2% logz-ratio=385186.32+/-0.93 dlogz:1.099>0.01] 19342it [7:07:24,  5.03s/it, bound:1124 nc:707 ncall:8.7e+06 eff:0.2% logz-ratio=385108.59+/-0.05 dlogz:84.666>0.01]19344it [7:07:37,  5.31s/it, bound:1124 nc:615 ncall:8.7e+06 eff:0.2% logz-ratio=385108.67+/-0.05 dlogz:84.591>0.01]19348it [7:07:37,  3.50s/it, bound:1124 nc:  1 ncall:8.7e+06 eff:0.2% logz-ratio=385135.62+/-0.30 dlogz:56.143>0.01]19353it [7:07:37,  2.18s/it, bound:1124 nc:605 ncall:8.7e+06 eff:0.2% logz-ratio=385109.01+/-0.06 dlogz:84.237>0.01]19356it [7:07:51,  2.18s/it, bound:1125 nc:  1 ncall:8.7e+06 eff:0.2% logz-ratio=385186.29+/-0.93 dlogz:1.099>0.01] 19357it [7:08:21,  4.82s/it, bound:1125 nc:578 ncall:8.7e+06 eff:0.2% logz-ratio=385109.16+/-0.05 dlogz:84.074>0.01]19362it [7:08:21,  3.13s/it, bound:1125 nc:  1 ncall:8.7e+06 eff:0.2% logz-ratio=385131.11+/-0.30 dlogz:60.948>0.01]19367it [7:08:21,  2.09s/it, bound:1125 nc:578 ncall:8.7e+06 eff:0.2% logz-ratio=385109.52+/-0.05 dlogz:83.694>0.01]19371it [7:08:41,  2.09s/it, bound:1125 nc:536 ncall:8.7e+06 eff:0.2% logz-ratio=385109.67+/-0.05 dlogz:83.535>0.01]19372it [7:09:03,  4.14s/it, bound:1126 nc:1195 ncall:8.7e+06 eff:0.2% logz-ratio=385109.70+/-0.07 dlogz:83.498>0.01]19376it [7:09:03,  3.03s/it, bound:1126 nc:  1 ncall:8.7e+06 eff:0.2% logz-ratio=385124.58+/-0.30 dlogz:67.864>0.01] 19381it [7:09:03,  2.06s/it, bound:1126 nc:546 ncall:8.7e+06 eff:0.2% logz-ratio=385110.00+/-0.05 dlogz:83.178>0.01]19386it [7:09:03,  1.41s/it, bound:1126 nc:  1 ncall:8.7e+06 eff:0.2% logz-ratio=385143.05+/-0.31 dlogz:48.358>0.01]19387it [7:09:21,  1.41s/it, bound:1127 nc:490 ncall:8.7e+06 eff:0.2% logz-ratio=385110.21+/-0.05 dlogz:82.955>0.01]19388it [7:09:50,  4.81s/it, bound:1127 nc:615 ncall:8.7e+06 eff:0.2% logz-ratio=385110.25+/-0.07 dlogz:82.919>0.01]19392it [7:09:51,  3.35s/it, bound:1127 nc:  1 ncall:8.7e+06 eff:0.2% logz-ratio=385141.41+/-0.30 dlogz:50.107>0.01]19398it [7:09:51,  2.03s/it, bound:1127 nc:  1 ncall:8.7e+06 eff:0.2% logz-ratio=385111.77+/-0.24 dlogz:81.276>0.01]19403it [7:09:51,  1.39s/it, bound:1128 nc:482 ncall:8.7e+06 eff:0.2% logz-ratio=385110.79+/-0.05 dlogz:82.347>0.01]19403it [7:10:11,  1.39s/it, bound:1128 nc:482 ncall:8.7e+06 eff:0.2% logz-ratio=385110.79+/-0.05 dlogz:82.347>0.01]19404it [7:10:34,  4.91s/it, bound:1128 nc:515 ncall:8.7e+06 eff:0.2% logz-ratio=385110.83+/-0.07 dlogz:82.309>0.01]19408it [7:10:34,  3.33s/it, bound:1128 nc:  1 ncall:8.7e+06 eff:0.2% logz-ratio=385133.40+/-0.30 dlogz:58.521>0.01]19414it [7:10:34,  1.97s/it, bound:1128 nc:  1 ncall:8.7e+06 eff:0.2% logz-ratio=385112.83+/-0.26 dlogz:80.166>0.01]19418it [7:10:51,  1.97s/it, bound:1129 nc:620 ncall:8.7e+06 eff:0.2% logz-ratio=385111.30+/-0.05 dlogz:81.811>0.01]19419it [7:11:18,  4.20s/it, bound:1129 nc:568 ncall:8.7e+06 eff:0.2% logz-ratio=385111.33+/-0.07 dlogz:81.776>0.01]19423it [7:11:18,  3.06s/it, bound:1129 nc:  1 ncall:8.7e+06 eff:0.2% logz-ratio=385132.07+/-0.30 dlogz:59.928>0.01]19428it [7:11:18,  2.07s/it, bound:1129 nc:585 ncall:8.7e+06 eff:0.2% logz-ratio=385111.61+/-0.05 dlogz:81.478>0.01]19434it [7:11:19,  1.33s/it, bound:1130 nc:  1 ncall:8.7e+06 eff:0.2% logz-ratio=385129.93+/-0.30 dlogz:62.186>0.01]19434it [7:11:31,  1.33s/it, bound:1130 nc:  1 ncall:8.7e+06 eff:0.2% logz-ratio=385186.13+/-0.95 dlogz:1.099>0.01] 19435it [7:11:57,  4.27s/it, bound:1130 nc:543 ncall:8.7e+06 eff:0.2% logz-ratio=385111.91+/-0.06 dlogz:81.174>0.01]19441it [7:11:57,  2.55s/it, bound:1130 nc:  1 ncall:8.7e+06 eff:0.2% logz-ratio=385113.69+/-0.26 dlogz:79.268>0.01]19447it [7:11:57,  1.63s/it, bound:1130 nc:496 ncall:8.7e+06 eff:0.2% logz-ratio=385112.48+/-0.09 dlogz:80.583>0.01]19450it [7:12:11,  1.63s/it, bound:1131 nc:504 ncall:8.7e+06 eff:0.2% logz-ratio=385112.61+/-0.06 dlogz:80.442>0.01]19451it [7:12:36,  3.68s/it, bound:1131 nc:484 ncall:8.7e+06 eff:0.2% logz-ratio=385112.65+/-0.08 dlogz:80.398>0.01]19457it [7:12:36,  2.38s/it, bound:1131 nc:  1 ncall:8.7e+06 eff:0.2% logz-ratio=385138.45+/-0.30 dlogz:53.183>0.01]19464it [7:12:36,  1.50s/it, bound:1131 nc:  1 ncall:8.8e+06 eff:0.2% logz-ratio=385124.22+/-0.29 dlogz:68.235>0.01]19466it [7:12:51,  1.50s/it, bound:1132 nc:  1 ncall:8.8e+06 eff:0.2% logz-ratio=385186.07+/-1.03 dlogz:1.099>0.01] 19467it [7:13:22,  4.10s/it, bound:1132 nc:621 ncall:8.8e+06 eff:0.2% logz-ratio=385113.37+/-0.06 dlogz:79.654>0.01]19472it [7:13:22,  2.85s/it, bound:1132 nc:  1 ncall:8.8e+06 eff:0.2% logz-ratio=385124.44+/-0.29 dlogz:68.012>0.01]19478it [7:13:23,  1.87s/it, bound:1132 nc:672 ncall:8.8e+06 eff:0.2% logz-ratio=385113.88+/-0.09 dlogz:79.120>0.01]19482it [7:13:41,  1.87s/it, bound:1133 nc:  1 ncall:8.8e+06 eff:0.2% logz-ratio=385186.03+/-1.09 dlogz:1.098>0.01] 19483it [7:14:05,  3.79s/it, bound:1133 nc:547 ncall:8.8e+06 eff:0.2% logz-ratio=385114.12+/-0.06 dlogz:78.872>0.01]19488it [7:14:05,  2.68s/it, bound:1133 nc:  1 ncall:8.8e+06 eff:0.2% logz-ratio=385120.43+/-0.29 dlogz:72.217>0.01]19494it [7:14:05,  1.79s/it, bound:1133 nc:650 ncall:8.8e+06 eff:0.2% logz-ratio=385114.59+/-0.08 dlogz:78.372>0.01]19498it [7:14:21,  1.79s/it, bound:1134 nc:  1 ncall:8.8e+06 eff:0.2% logz-ratio=385186.00+/-1.10 dlogz:1.098>0.01] 19499it [7:14:45,  3.54s/it, bound:1134 nc:555 ncall:8.8e+06 eff:0.2% logz-ratio=385114.77+/-0.05 dlogz:78.180>0.01]19503it [7:14:45,  2.68s/it, bound:1134 nc:538 ncall:8.8e+06 eff:0.2% logz-ratio=385114.94+/-0.06 dlogz:78.007>0.01]19508it [7:14:45,  1.87s/it, bound:1134 nc:461 ncall:8.8e+06 eff:0.2% logz-ratio=385115.16+/-0.08 dlogz:77.774>0.01]19513it [7:14:45,  1.31s/it, bound:1134 nc:479 ncall:8.8e+06 eff:0.2% logz-ratio=385115.38+/-0.08 dlogz:77.545>0.01]19514it [7:15:01,  1.31s/it, bound:1135 nc:  1 ncall:8.8e+06 eff:0.2% logz-ratio=385185.97+/-1.15 dlogz:1.098>0.01] 19515it [7:15:25,  4.09s/it, bound:1135 nc:412 ncall:8.8e+06 eff:0.2% logz-ratio=385115.47+/-0.06 dlogz:77.453>0.01]19521it [7:15:25,  2.51s/it, bound:1135 nc:482 ncall:8.8e+06 eff:0.2% logz-ratio=385115.72+/-0.06 dlogz:77.191>0.01]19526it [7:15:26,  1.73s/it, bound:1135 nc:453 ncall:8.8e+06 eff:0.2% logz-ratio=385115.91+/-0.06 dlogz:76.986>0.01]19530it [7:15:41,  1.73s/it, bound:1136 nc:538 ncall:8.8e+06 eff:0.2% logz-ratio=385116.07+/-0.08 dlogz:76.817>0.01]19531it [7:16:07,  3.77s/it, bound:1136 nc:577 ncall:8.8e+06 eff:0.2% logz-ratio=385116.11+/-0.10 dlogz:76.775>0.01]19534it [7:16:07,  2.99s/it, bound:1136 nc:620 ncall:8.8e+06 eff:0.2% logz-ratio=385116.24+/-0.06 dlogz:76.644>0.01]19539it [7:16:07,  2.00s/it, bound:1136 nc:  1 ncall:8.8e+06 eff:0.2% logz-ratio=385120.36+/-0.29 dlogz:72.282>0.01]19544it [7:16:07,  1.36s/it, bound:1136 nc:546 ncall:8.8e+06 eff:0.2% logz-ratio=385116.64+/-0.06 dlogz:76.215>0.01]19546it [7:16:21,  1.36s/it, bound:1137 nc:538 ncall:8.8e+06 eff:0.2% logz-ratio=385116.72+/-0.06 dlogz:76.135>0.01]19547it [7:16:47,  3.90s/it, bound:1137 nc:542 ncall:8.8e+06 eff:0.2% logz-ratio=385116.76+/-0.08 dlogz:76.094>0.01]19550it [7:16:47,  2.99s/it, bound:1137 nc:431 ncall:8.8e+06 eff:0.2% logz-ratio=385116.87+/-0.05 dlogz:75.977>0.01]19554it [7:16:47,  2.07s/it, bound:1137 nc:570 ncall:8.8e+06 eff:0.2% logz-ratio=385117.02+/-0.06 dlogz:75.819>0.01]19560it [7:16:47,  1.25s/it, bound:1137 nc:  1 ncall:8.8e+06 eff:0.2% logz-ratio=385122.01+/-0.29 dlogz:70.562>0.01]19562it [7:17:01,  1.25s/it, bound:1138 nc:473 ncall:8.8e+06 eff:0.2% logz-ratio=385117.32+/-0.08 dlogz:75.499>0.01]19563it [7:17:30,  4.18s/it, bound:1138 nc:606 ncall:8.8e+06 eff:0.2% logz-ratio=385117.36+/-0.09 dlogz:75.460>0.01]19564it [7:17:44,  5.10s/it, bound:1138 nc:567 ncall:8.8e+06 eff:0.2% logz-ratio=385117.40+/-0.06 dlogz:75.420>0.01]19568it [7:17:44,  3.31s/it, bound:1138 nc:613 ncall:8.8e+06 eff:0.2% logz-ratio=385117.55+/-0.05 dlogz:75.262>0.01]19573it [7:17:44,  2.04s/it, bound:1138 nc:  1 ncall:8.8e+06 eff:0.2% logz-ratio=385122.27+/-0.29 dlogz:70.286>0.01]19578it [7:17:45,  1.32s/it, bound:1139 nc:570 ncall:8.8e+06 eff:0.2% logz-ratio=385117.93+/-0.06 dlogz:74.859>0.01]19578it [7:18:01,  1.32s/it, bound:1139 nc:570 ncall:8.8e+06 eff:0.2% logz-ratio=385117.93+/-0.06 dlogz:74.859>0.01]19579it [7:18:24,  4.83s/it, bound:1139 nc:518 ncall:8.8e+06 eff:0.2% logz-ratio=385117.97+/-0.08 dlogz:74.819>0.01]19584it [7:18:24,  2.92s/it, bound:1139 nc:  1 ncall:8.8e+06 eff:0.2% logz-ratio=385130.67+/-0.30 dlogz:61.379>0.01]19589it [7:18:24,  1.87s/it, bound:1139 nc:  1 ncall:8.8e+06 eff:0.2% logz-ratio=385137.06+/-0.30 dlogz:54.614>0.01]19594it [7:18:24,  1.24s/it, bound:1140 nc:550 ncall:8.8e+06 eff:0.2% logz-ratio=385118.55+/-0.06 dlogz:74.209>0.01]19594it [7:18:41,  1.24s/it, bound:1140 nc:550 ncall:8.8e+06 eff:0.2% logz-ratio=385118.55+/-0.06 dlogz:74.209>0.01]19595it [7:18:59,  4.21s/it, bound:1140 nc:452 ncall:8.8e+06 eff:0.2% logz-ratio=385118.59+/-0.08 dlogz:74.167>0.01]19598it [7:18:59,  3.06s/it, bound:1140 nc:  1 ncall:8.8e+06 eff:0.2% logz-ratio=385143.90+/-0.30 dlogz:47.406>0.01]19603it [7:18:59,  1.85s/it, bound:1140 nc:  1 ncall:8.8e+06 eff:0.2% logz-ratio=385131.47+/-0.30 dlogz:60.533>0.01]19609it [7:18:59,  1.11s/it, bound:1140 nc:  1 ncall:8.8e+06 eff:0.2% logz-ratio=385149.41+/-0.30 dlogz:41.499>0.01]19610it [7:19:11,  1.11s/it, bound:1141 nc:513 ncall:8.8e+06 eff:0.2% logz-ratio=385119.26+/-0.06 dlogz:73.474>0.01]19611it [7:19:32,  3.56s/it, bound:1141 nc:406 ncall:8.8e+06 eff:0.2% logz-ratio=385119.31+/-0.09 dlogz:73.424>0.01]19618it [7:19:32,  1.98s/it, bound:1141 nc:  1 ncall:8.8e+06 eff:0.2% logz-ratio=385143.19+/-0.30 dlogz:48.167>0.01]19624it [7:19:32,  1.28s/it, bound:1141 nc:364 ncall:8.8e+06 eff:0.2% logz-ratio=385119.97+/-0.06 dlogz:72.742>0.01]19625it [7:19:51,  1.28s/it, bound:1142 nc:474 ncall:8.8e+06 eff:0.2% logz-ratio=385120.01+/-0.08 dlogz:72.695>0.01]19626it [7:20:44,  6.31s/it, bound:1142 nc:879 ncall:8.8e+06 eff:0.2% logz-ratio=385120.05+/-0.10 dlogz:72.649>0.01]19629it [7:20:44,  4.83s/it, bound:1142 nc:  1 ncall:8.8e+06 eff:0.2% logz-ratio=385145.39+/-0.30 dlogz:45.837>0.01]19634it [7:20:44,  3.10s/it, bound:1142 nc:  1 ncall:8.8e+06 eff:0.2% logz-ratio=385125.57+/-0.29 dlogz:66.786>0.01]19639it [7:20:44,  2.05s/it, bound:1142 nc:1048 ncall:8.9e+06 eff:0.2% logz-ratio=385120.61+/-0.06 dlogz:72.062>0.01]19641it [7:21:01,  2.05s/it, bound:1143 nc:  1 ncall:8.9e+06 eff:0.2% logz-ratio=385185.73+/-0.98 dlogz:1.087>0.01]  19642it [7:21:47,  6.31s/it, bound:1143 nc:820 ncall:8.9e+06 eff:0.2% logz-ratio=385120.76+/-0.06 dlogz:71.916>0.01]19647it [7:21:47,  4.12s/it, bound:1143 nc:  1 ncall:8.9e+06 eff:0.2% logz-ratio=385147.58+/-0.30 dlogz:43.477>0.01]19652it [7:21:48,  2.75s/it, bound:1143 nc:836 ncall:8.9e+06 eff:0.2% logz-ratio=385121.27+/-0.06 dlogz:71.384>0.01]19657it [7:21:48,  1.87s/it, bound:1144 nc:  1 ncall:8.9e+06 eff:0.2% logz-ratio=385153.03+/-0.32 dlogz:37.666>0.01]19657it [7:22:01,  1.87s/it, bound:1144 nc:  1 ncall:8.9e+06 eff:0.2% logz-ratio=385185.70+/-0.98 dlogz:1.087>0.01] 19658it [7:22:43,  6.37s/it, bound:1144 nc:829 ncall:8.9e+06 eff:0.2% logz-ratio=385121.57+/-0.06 dlogz:71.071>0.01]19663it [7:22:43,  3.99s/it, bound:1144 nc:  1 ncall:8.9e+06 eff:0.2% logz-ratio=385126.34+/-0.29 dlogz:65.978>0.01]19668it [7:22:43,  2.60s/it, bound:1144 nc:735 ncall:8.9e+06 eff:0.2% logz-ratio=385121.97+/-0.06 dlogz:70.641>0.01]19673it [7:22:43,  1.74s/it, bound:1145 nc:  1 ncall:8.9e+06 eff:0.2% logz-ratio=385142.45+/-0.30 dlogz:48.962>0.01]19673it [7:23:01,  1.74s/it, bound:1145 nc:  1 ncall:8.9e+06 eff:0.2% logz-ratio=385185.67+/-0.98 dlogz:1.087>0.01] 19674it [7:23:36,  6.16s/it, bound:1145 nc:679 ncall:8.9e+06 eff:0.2% logz-ratio=385122.19+/-0.05 dlogz:70.410>0.01]19677it [7:23:36,  4.50s/it, bound:1145 nc:  1 ncall:8.9e+06 eff:0.2% logz-ratio=385172.85+/-0.35 dlogz:15.681>0.01]19682it [7:23:36,  2.75s/it, bound:1145 nc:722 ncall:8.9e+06 eff:0.2% logz-ratio=385122.50+/-0.06 dlogz:70.081>0.01]19687it [7:23:36,  1.77s/it, bound:1145 nc:  1 ncall:8.9e+06 eff:0.2% logz-ratio=385130.27+/-0.30 dlogz:61.816>0.01]19689it [7:23:51,  1.77s/it, bound:1146 nc:  1 ncall:8.9e+06 eff:0.2% logz-ratio=385185.64+/-0.99 dlogz:1.087>0.01] 19690it [7:24:21,  4.86s/it, bound:1146 nc:566 ncall:8.9e+06 eff:0.2% logz-ratio=385122.80+/-0.06 dlogz:69.771>0.01]19694it [7:24:21,  3.37s/it, bound:1146 nc:627 ncall:8.9e+06 eff:0.2% logz-ratio=385122.96+/-0.06 dlogz:69.604>0.01]19699it [7:24:21,  2.17s/it, bound:1146 nc:  1 ncall:8.9e+06 eff:0.2% logz-ratio=385123.23+/-0.10 dlogz:69.279>0.01]19704it [7:24:21,  1.45s/it, bound:1146 nc:624 ncall:8.9e+06 eff:0.2% logz-ratio=385123.39+/-0.06 dlogz:69.153>0.01]19705it [7:24:41,  1.45s/it, bound:1147 nc:  1 ncall:8.9e+06 eff:0.2% logz-ratio=385185.61+/-1.00 dlogz:1.087>0.01] 19706it [7:25:01,  4.39s/it, bound:1147 nc:586 ncall:8.9e+06 eff:0.2% logz-ratio=385123.47+/-0.06 dlogz:69.071>0.01]19712it [7:25:01,  2.60s/it, bound:1147 nc:  1 ncall:8.9e+06 eff:0.2% logz-ratio=385140.49+/-0.30 dlogz:51.026>0.01]19717it [7:25:01,  1.75s/it, bound:1147 nc:511 ncall:8.9e+06 eff:0.2% logz-ratio=385123.88+/-0.05 dlogz:68.630>0.01]19721it [7:25:11,  1.75s/it, bound:1148 nc:  1 ncall:8.9e+06 eff:0.2% logz-ratio=385185.57+/-1.00 dlogz:1.087>0.01] 19722it [7:25:40,  3.69s/it, bound:1148 nc:528 ncall:8.9e+06 eff:0.2% logz-ratio=385124.06+/-0.05 dlogz:68.444>0.01]19726it [7:25:40,  2.71s/it, bound:1148 nc:609 ncall:8.9e+06 eff:0.2% logz-ratio=385124.19+/-0.05 dlogz:68.302>0.01]19731it [7:25:40,  1.84s/it, bound:1148 nc:567 ncall:8.9e+06 eff:0.2% logz-ratio=385124.35+/-0.05 dlogz:68.127>0.01]19736it [7:25:40,  1.27s/it, bound:1149 nc:  1 ncall:8.9e+06 eff:0.2% logz-ratio=385129.88+/-0.30 dlogz:62.226>0.01]19736it [7:25:51,  1.27s/it, bound:1149 nc:  1 ncall:8.9e+06 eff:0.2% logz-ratio=385185.54+/-1.00 dlogz:1.087>0.01] 19737it [7:26:19,  4.34s/it, bound:1149 nc:522 ncall:8.9e+06 eff:0.2% logz-ratio=385124.54+/-0.05 dlogz:67.924>0.01]19742it [7:26:19,  2.74s/it, bound:1149 nc:  1 ncall:8.9e+06 eff:0.2% logz-ratio=385129.62+/-0.30 dlogz:62.506>0.01]19747it [7:26:19,  1.79s/it, bound:1149 nc:  1 ncall:8.9e+06 eff:0.2% logz-ratio=385130.57+/-0.30 dlogz:61.504>0.01]19751it [7:26:31,  1.79s/it, bound:1150 nc:492 ncall:8.9e+06 eff:0.2% logz-ratio=385125.00+/-0.07 dlogz:67.442>0.01]19752it [7:27:16,  5.02s/it, bound:1150 nc:869 ncall:8.9e+06 eff:0.2% logz-ratio=385125.04+/-0.09 dlogz:67.405>0.01]19755it [7:27:17,  3.92s/it, bound:1150 nc:846 ncall:8.9e+06 eff:0.2% logz-ratio=385125.14+/-0.05 dlogz:67.292>0.01]19760it [7:27:17,  2.57s/it, bound:1150 nc:  1 ncall:8.9e+06 eff:0.2% logz-ratio=385125.36+/-0.09 dlogz:67.023>0.01]19765it [7:27:17,  1.73s/it, bound:1150 nc:864 ncall:8.9e+06 eff:0.2% logz-ratio=385125.50+/-0.05 dlogz:66.912>0.01]19767it [7:27:31,  1.73s/it, bound:1151 nc:834 ncall:8.9e+06 eff:0.2% logz-ratio=385125.57+/-0.05 dlogz:66.838>0.01]19768it [7:28:10,  5.30s/it, bound:1151 nc:793 ncall:8.9e+06 eff:0.2% logz-ratio=385125.61+/-0.08 dlogz:66.800>0.01]19769it [7:28:24,  6.06s/it, bound:1151 nc:771 ncall:8.9e+06 eff:0.2% logz-ratio=385125.64+/-0.05 dlogz:66.762>0.01]19773it [7:28:24,  3.93s/it, bound:1151 nc:796 ncall:8.9e+06 eff:0.2% logz-ratio=385125.78+/-0.05 dlogz:66.618>0.01]19778it [7:28:24,  2.42s/it, bound:1151 nc:  1 ncall:8.9e+06 eff:0.2% logz-ratio=385129.10+/-0.29 dlogz:63.059>0.01]19783it [7:28:24,  1.57s/it, bound:1152 nc:798 ncall:9.0e+06 eff:0.2% logz-ratio=385126.10+/-0.05 dlogz:66.276>0.01]19783it [7:28:41,  1.57s/it, bound:1152 nc:798 ncall:9.0e+06 eff:0.2% logz-ratio=385126.10+/-0.05 dlogz:66.276>0.01]19784it [7:29:15,  6.14s/it, bound:1152 nc:698 ncall:9.0e+06 eff:0.2% logz-ratio=385126.13+/-0.07 dlogz:66.242>0.01]19787it [7:29:15,  4.41s/it, bound:1152 nc:705 ncall:9.0e+06 eff:0.2% logz-ratio=385126.23+/-0.05 dlogz:66.138>0.01]19791it [7:29:15,  2.87s/it, bound:1152 nc:641 ncall:9.0e+06 eff:0.2% logz-ratio=385126.37+/-0.05 dlogz:65.993>0.01]19795it [7:29:16,  1.93s/it, bound:1152 nc:560 ncall:9.0e+06 eff:0.2% logz-ratio=385126.50+/-0.05 dlogz:65.848>0.01]19799it [7:29:31,  1.93s/it, bound:1153 nc:703 ncall:9.0e+06 eff:0.2% logz-ratio=385126.63+/-0.05 dlogz:65.712>0.01]19800it [7:30:04,  4.86s/it, bound:1153 nc:627 ncall:9.0e+06 eff:0.2% logz-ratio=385126.66+/-0.07 dlogz:65.679>0.01]19804it [7:30:05,  3.41s/it, bound:1153 nc:  1 ncall:9.0e+06 eff:0.2% logz-ratio=385129.55+/-0.29 dlogz:62.585>0.01]19808it [7:30:05,  2.40s/it, bound:1153 nc:  1 ncall:9.0e+06 eff:0.2% logz-ratio=385146.80+/-0.30 dlogz:44.269>0.01]19812it [7:30:05,  1.69s/it, bound:1153 nc:  1 ncall:9.0e+06 eff:0.2% logz-ratio=385149.82+/-0.30 dlogz:41.003>0.01]19815it [7:30:21,  1.69s/it, bound:1154 nc:439 ncall:9.0e+06 eff:0.2% logz-ratio=385127.10+/-0.05 dlogz:65.206>0.01]19816it [7:30:55,  4.98s/it, bound:1154 nc:626 ncall:9.0e+06 eff:0.2% logz-ratio=385127.13+/-0.07 dlogz:65.175>0.01]19819it [7:30:55,  3.78s/it, bound:1154 nc:627 ncall:9.0e+06 eff:0.2% logz-ratio=385127.23+/-0.05 dlogz:65.076>0.01]19824it [7:30:56,  2.40s/it, bound:1154 nc:  1 ncall:9.0e+06 eff:0.2% logz-ratio=385135.94+/-0.30 dlogz:55.801>0.01]19828it [7:30:56,  1.70s/it, bound:1154 nc:  1 ncall:9.0e+06 eff:0.2% logz-ratio=385148.51+/-0.30 dlogz:42.445>0.01]19831it [7:31:11,  1.70s/it, bound:1155 nc:637 ncall:9.0e+06 eff:0.2% logz-ratio=385127.62+/-0.05 dlogz:64.659>0.01]19832it [7:31:40,  4.45s/it, bound:1155 nc:547 ncall:9.0e+06 eff:0.2% logz-ratio=385127.66+/-0.08 dlogz:64.622>0.01]19836it [7:31:40,  3.13s/it, bound:1155 nc:  1 ncall:9.0e+06 eff:0.2% logz-ratio=385135.98+/-0.30 dlogz:55.767>0.01]19840it [7:31:40,  2.21s/it, bound:1155 nc:  1 ncall:9.0e+06 eff:0.2% logz-ratio=385146.13+/-0.30 dlogz:44.970>0.01]19844it [7:31:40,  1.55s/it, bound:1155 nc:  1 ncall:9.0e+06 eff:0.2% logz-ratio=385167.46+/-0.35 dlogz:21.843>0.01]19847it [7:31:51,  1.55s/it, bound:1156 nc:493 ncall:9.0e+06 eff:0.2% logz-ratio=385128.18+/-0.05 dlogz:64.066>0.01]19848it [7:32:23,  4.28s/it, bound:1156 nc:609 ncall:9.0e+06 eff:0.2% logz-ratio=385128.22+/-0.07 dlogz:64.030>0.01]19851it [7:32:23,  3.25s/it, bound:1156 nc:585 ncall:9.0e+06 eff:0.2% logz-ratio=385128.32+/-0.05 dlogz:63.925>0.01]19856it [7:32:23,  2.07s/it, bound:1156 nc:  1 ncall:9.0e+06 eff:0.2% logz-ratio=385135.81+/-0.30 dlogz:55.944>0.01]19861it [7:32:23,  1.37s/it, bound:1156 nc:486 ncall:9.0e+06 eff:0.2% logz-ratio=385128.62+/-0.05 dlogz:63.597>0.01]19863it [7:32:41,  1.37s/it, bound:1157 nc:457 ncall:9.0e+06 eff:0.2% logz-ratio=385128.69+/-0.05 dlogz:63.529>0.01]19864it [7:33:13,  4.87s/it, bound:1157 nc:580 ncall:9.0e+06 eff:0.2% logz-ratio=385128.72+/-0.07 dlogz:63.495>0.01]19868it [7:33:13,  3.41s/it, bound:1157 nc:  1 ncall:9.0e+06 eff:0.2% logz-ratio=385134.24+/-0.30 dlogz:57.620>0.01]19873it [7:33:13,  2.22s/it, bound:1157 nc:615 ncall:9.0e+06 eff:0.2% logz-ratio=385129.02+/-0.05 dlogz:63.178>0.01]19878it [7:33:14,  1.49s/it, bound:1157 nc:  1 ncall:9.0e+06 eff:0.2% logz-ratio=385139.23+/-0.30 dlogz:52.340>0.01]19879it [7:33:31,  1.49s/it, bound:1158 nc:665 ncall:9.0e+06 eff:0.2% logz-ratio=385129.25+/-0.06 dlogz:62.946>0.01]19880it [7:33:58,  4.85s/it, bound:1158 nc:537 ncall:9.0e+06 eff:0.2% logz-ratio=385129.29+/-0.08 dlogz:62.904>0.01]19884it [7:33:59,  3.33s/it, bound:1158 nc:  1 ncall:9.0e+06 eff:0.2% logz-ratio=385134.72+/-0.30 dlogz:57.096>0.01]19889it [7:33:59,  2.14s/it, bound:1158 nc:552 ncall:9.0e+06 eff:0.2% logz-ratio=385129.66+/-0.06 dlogz:62.510>0.01]19893it [7:34:11,  2.14s/it, bound:1159 nc:498 ncall:9.0e+06 eff:0.2% logz-ratio=385129.82+/-0.06 dlogz:62.346>0.01]19894it [7:34:43,  4.45s/it, bound:1159 nc:503 ncall:9.0e+06 eff:0.2% logz-ratio=385129.85+/-0.08 dlogz:62.306>0.01]19897it [7:34:43,  3.45s/it, bound:1159 nc:642 ncall:9.0e+06 eff:0.2% logz-ratio=385129.96+/-0.05 dlogz:62.190>0.01]19902it [7:34:44,  2.25s/it, bound:1159 nc:  1 ncall:9.0e+06 eff:0.2% logz-ratio=385135.17+/-0.30 dlogz:56.621>0.01]19907it [7:34:44,  1.52s/it, bound:1160 nc:577 ncall:9.0e+06 eff:0.2% logz-ratio=385130.30+/-0.05 dlogz:61.830>0.01]19907it [7:35:01,  1.52s/it, bound:1160 nc:577 ncall:9.0e+06 eff:0.2% logz-ratio=385130.30+/-0.05 dlogz:61.830>0.01]19908it [7:35:31,  5.51s/it, bound:1160 nc:640 ncall:9.0e+06 eff:0.2% logz-ratio=385130.34+/-0.08 dlogz:61.792>0.01]19912it [7:35:31,  3.69s/it, bound:1160 nc:  1 ncall:9.0e+06 eff:0.2% logz-ratio=385164.40+/-0.32 dlogz:25.249>0.01]19918it [7:35:31,  2.16s/it, bound:1160 nc:  1 ncall:9.0e+06 eff:0.2% logz-ratio=385158.29+/-0.31 dlogz:31.924>0.01]19923it [7:35:51,  2.16s/it, bound:1161 nc:557 ncall:9.0e+06 eff:0.2% logz-ratio=385130.94+/-0.06 dlogz:61.166>0.01]19924it [7:36:17,  4.18s/it, bound:1161 nc:626 ncall:9.0e+06 eff:0.2% logz-ratio=385130.97+/-0.08 dlogz:61.126>0.01]19927it [7:36:17,  3.31s/it, bound:1161 nc:627 ncall:9.0e+06 eff:0.2% logz-ratio=385131.08+/-0.05 dlogz:61.014>0.01]19932it [7:36:17,  2.21s/it, bound:1161 nc:  1 ncall:9.0e+06 eff:0.2% logz-ratio=385138.58+/-0.30 dlogz:53.008>0.01]19937it [7:36:17,  1.51s/it, bound:1161 nc:658 ncall:9.0e+06 eff:0.2% logz-ratio=385131.39+/-0.05 dlogz:60.678>0.01]19939it [7:36:31,  1.51s/it, bound:1162 nc:664 ncall:9.0e+06 eff:0.2% logz-ratio=385131.45+/-0.05 dlogz:60.614>0.01]19940it [7:36:59,  4.17s/it, bound:1162 nc:547 ncall:9.0e+06 eff:0.2% logz-ratio=385131.48+/-0.07 dlogz:60.582>0.01]19945it [7:36:59,  2.76s/it, bound:1162 nc:  1 ncall:9.1e+06 eff:0.2% logz-ratio=385144.90+/-0.30 dlogz:46.303>0.01]19950it [7:36:59,  1.86s/it, bound:1162 nc:616 ncall:9.1e+06 eff:0.2% logz-ratio=385131.79+/-0.05 dlogz:62.184>0.01]19955it [7:36:59,  1.27s/it, bound:1163 nc:  1 ncall:9.1e+06 eff:0.2% logz-ratio=385143.49+/-0.30 dlogz:49.719>0.01]19955it [7:37:11,  1.27s/it, bound:1163 nc:  1 ncall:9.1e+06 eff:0.2% logz-ratio=385187.35+/-0.60 dlogz:0.887>0.01] 19956it [7:37:38,  4.46s/it, bound:1163 nc:585 ncall:9.1e+06 eff:0.2% logz-ratio=385131.97+/-0.05 dlogz:61.984>0.01]19960it [7:37:38,  3.03s/it, bound:1163 nc:458 ncall:9.1e+06 eff:0.2% logz-ratio=385132.10+/-0.05 dlogz:61.847>0.01]19965it [7:37:39,  1.93s/it, bound:1163 nc:  1 ncall:9.1e+06 eff:0.2% logz-ratio=385134.90+/-0.29 dlogz:58.828>0.01]19970it [7:37:39,  1.28s/it, bound:1163 nc:581 ncall:9.1e+06 eff:0.2% logz-ratio=385132.42+/-0.05 dlogz:61.513>0.01]19971it [7:37:51,  1.28s/it, bound:1164 nc:  1 ncall:9.1e+06 eff:0.2% logz-ratio=385187.32+/-0.60 dlogz:0.887>0.01] 19972it [7:38:18,  4.29s/it, bound:1164 nc:533 ncall:9.1e+06 eff:0.2% logz-ratio=385132.48+/-0.05 dlogz:61.448>0.01]19974it [7:38:30,  4.66s/it, bound:1164 nc:534 ncall:9.1e+06 eff:0.2% logz-ratio=385132.54+/-0.05 dlogz:61.385>0.01]19980it [7:38:31,  2.58s/it, bound:1164 nc:  1 ncall:9.1e+06 eff:0.2% logz-ratio=385160.95+/-0.32 dlogz:30.975>0.01]19986it [7:38:31,  1.58s/it, bound:1164 nc:  1 ncall:9.1e+06 eff:0.2% logz-ratio=385134.74+/-0.27 dlogz:59.003>0.01]19987it [7:38:41,  1.58s/it, bound:1165 nc:549 ncall:9.1e+06 eff:0.2% logz-ratio=385132.96+/-0.05 dlogz:60.928>0.01]19988it [7:39:11,  4.47s/it, bound:1165 nc:502 ncall:9.1e+06 eff:0.2% logz-ratio=385133.00+/-0.07 dlogz:60.897>0.01]19993it [7:39:11,  2.87s/it, bound:1165 nc:536 ncall:9.1e+06 eff:0.2% logz-ratio=385133.15+/-0.05 dlogz:60.736>0.01]20000it [7:39:11,  1.68s/it, bound:1165 nc:517 ncall:9.1e+06 eff:0.2% logz-ratio=385133.36+/-0.05 dlogz:60.509>0.01]20003it [7:39:31,  1.68s/it, bound:1166 nc:  1 ncall:9.1e+06 eff:0.2% logz-ratio=385194.14+/-1.01 dlogz:1.097>0.01] 20004it [7:39:52,  3.83s/it, bound:1166 nc:583 ncall:9.1e+06 eff:0.2% logz-ratio=385133.47+/-0.05 dlogz:67.609>0.01]20009it [7:39:52,  2.64s/it, bound:1166 nc:  1 ncall:9.1e+06 eff:0.2% logz-ratio=385146.44+/-0.30 dlogz:53.810>0.01]20015it [7:39:52,  1.73s/it, bound:1166 nc:517 ncall:9.1e+06 eff:0.2% logz-ratio=385133.79+/-0.05 dlogz:67.267>0.01]20019it [7:40:11,  1.73s/it, bound:1167 nc:  1 ncall:9.1e+06 eff:0.2% logz-ratio=385194.11+/-1.01 dlogz:1.097>0.01] 20020it [7:40:34,  3.73s/it, bound:1167 nc:601 ncall:9.1e+06 eff:0.2% logz-ratio=385133.94+/-0.05 dlogz:67.112>0.01]20025it [7:40:35,  2.63s/it, bound:1167 nc:  1 ncall:9.1e+06 eff:0.2% logz-ratio=385139.88+/-0.30 dlogz:60.793>0.01]20031it [7:40:35,  1.75s/it, bound:1167 nc:397 ncall:9.1e+06 eff:0.2% logz-ratio=385134.26+/-0.05 dlogz:66.767>0.01]20035it [7:40:51,  1.75s/it, bound:1168 nc:  1 ncall:9.1e+06 eff:0.2% logz-ratio=385194.08+/-1.01 dlogz:1.097>0.01] 20036it [7:41:15,  3.54s/it, bound:1168 nc:547 ncall:9.1e+06 eff:0.2% logz-ratio=385134.40+/-0.05 dlogz:66.615>0.01]20041it [7:41:15,  2.52s/it, bound:1168 nc:  1 ncall:9.1e+06 eff:0.2% logz-ratio=385148.24+/-0.30 dlogz:51.893>0.01]20047it [7:41:15,  1.69s/it, bound:1168 nc:464 ncall:9.1e+06 eff:0.2% logz-ratio=385134.73+/-0.07 dlogz:66.266>0.01]20051it [7:41:31,  1.69s/it, bound:1169 nc:  1 ncall:9.1e+06 eff:0.2% logz-ratio=385194.05+/-1.05 dlogz:1.097>0.01] 20052it [7:41:52,  3.31s/it, bound:1169 nc:497 ncall:9.1e+06 eff:0.2% logz-ratio=385134.88+/-0.05 dlogz:66.105>0.01]20057it [7:41:52,  2.36s/it, bound:1169 nc:479 ncall:9.1e+06 eff:0.2% logz-ratio=385135.02+/-0.05 dlogz:65.953>0.01]20062it [7:41:52,  1.68s/it, bound:1169 nc:  1 ncall:9.1e+06 eff:0.2% logz-ratio=385158.69+/-0.31 dlogz:40.619>0.01]20067it [7:41:52,  1.19s/it, bound:1170 nc:535 ncall:9.1e+06 eff:0.2% logz-ratio=385135.33+/-0.05 dlogz:65.632>0.01]20067it [7:42:11,  1.19s/it, bound:1170 nc:535 ncall:9.1e+06 eff:0.2% logz-ratio=385135.33+/-0.05 dlogz:65.632>0.01]20068it [7:42:30,  4.04s/it, bound:1170 nc:461 ncall:9.1e+06 eff:0.2% logz-ratio=385135.36+/-0.07 dlogz:65.595>0.01]20072it [7:42:30,  2.81s/it, bound:1170 nc:  1 ncall:9.1e+06 eff:0.2% logz-ratio=385146.45+/-0.30 dlogz:53.796>0.01]20078it [7:42:30,  1.70s/it, bound:1170 nc:558 ncall:9.1e+06 eff:0.2% logz-ratio=385135.72+/-0.05 dlogz:65.218>0.01]20083it [7:42:30,  1.16s/it, bound:1171 nc:  1 ncall:9.1e+06 eff:0.2% logz-ratio=385149.45+/-0.30 dlogz:50.566>0.01]20083it [7:42:41,  1.16s/it, bound:1171 nc:  1 ncall:9.1e+06 eff:0.2% logz-ratio=385193.98+/-1.06 dlogz:1.097>0.01] 20084it [7:43:09,  4.27s/it, bound:1171 nc:556 ncall:9.1e+06 eff:0.2% logz-ratio=385135.91+/-0.05 dlogz:65.013>0.01]20090it [7:43:09,  2.49s/it, bound:1171 nc:  1 ncall:9.1e+06 eff:0.2% logz-ratio=385143.01+/-0.30 dlogz:57.456>0.01]20096it [7:43:09,  1.56s/it, bound:1171 nc:502 ncall:9.1e+06 eff:0.2% logz-ratio=385136.33+/-0.08 dlogz:64.580>0.01]20098it [7:43:21,  1.56s/it, bound:1172 nc:402 ncall:9.1e+06 eff:0.2% logz-ratio=385136.40+/-0.05 dlogz:64.500>0.01]20099it [7:43:46,  3.87s/it, bound:1172 nc:506 ncall:9.1e+06 eff:0.2% logz-ratio=385136.44+/-0.08 dlogz:64.462>0.01]20103it [7:43:46,  2.77s/it, bound:1172 nc:  1 ncall:9.1e+06 eff:0.2% logz-ratio=385161.36+/-0.31 dlogz:37.789>0.01]20108it [7:43:47,  1.84s/it, bound:1172 nc:479 ncall:9.1e+06 eff:0.2% logz-ratio=385136.74+/-0.05 dlogz:64.135>0.01]20114it [7:44:01,  1.84s/it, bound:1173 nc:  1 ncall:9.1e+06 eff:0.2% logz-ratio=385193.92+/-1.09 dlogz:1.097>0.01] 20115it [7:44:25,  3.33s/it, bound:1173 nc:560 ncall:9.1e+06 eff:0.2% logz-ratio=385137.00+/-0.05 dlogz:63.869>0.01]20120it [7:44:25,  2.36s/it, bound:1173 nc:  1 ncall:9.1e+06 eff:0.2% logz-ratio=385147.38+/-0.30 dlogz:52.809>0.01]20125it [7:44:25,  1.67s/it, bound:1173 nc:495 ncall:9.1e+06 eff:0.2% logz-ratio=385137.36+/-0.05 dlogz:63.484>0.01]20130it [7:44:41,  1.67s/it, bound:1174 nc:  1 ncall:9.1e+06 eff:0.2% logz-ratio=385193.89+/-1.09 dlogz:1.097>0.01] 20131it [7:45:05,  3.34s/it, bound:1174 nc:555 ncall:9.1e+06 eff:0.2% logz-ratio=385137.55+/-0.05 dlogz:63.276>0.01]20137it [7:45:05,  2.26s/it, bound:1174 nc:  1 ncall:9.2e+06 eff:0.2% logz-ratio=385150.03+/-0.30 dlogz:49.935>0.01]20143it [7:45:05,  1.55s/it, bound:1174 nc:562 ncall:9.2e+06 eff:0.2% logz-ratio=385137.94+/-0.07 dlogz:62.866>0.01]20146it [7:45:21,  1.55s/it, bound:1175 nc:  1 ncall:9.2e+06 eff:0.2% logz-ratio=385193.86+/-1.10 dlogz:1.097>0.01] 20147it [7:45:44,  3.44s/it, bound:1175 nc:537 ncall:9.2e+06 eff:0.2% logz-ratio=385138.08+/-0.05 dlogz:62.723>0.01]20152it [7:45:44,  2.44s/it, bound:1175 nc:  1 ncall:9.2e+06 eff:0.2% logz-ratio=385151.14+/-0.30 dlogz:48.752>0.01]20158it [7:45:44,  1.63s/it, bound:1175 nc:526 ncall:9.2e+06 eff:0.2% logz-ratio=385138.45+/-0.06 dlogz:62.331>0.01]20162it [7:46:01,  1.63s/it, bound:1176 nc:  1 ncall:9.2e+06 eff:0.2% logz-ratio=385193.83+/-1.10 dlogz:1.097>0.01] 20163it [7:46:22,  3.31s/it, bound:1176 nc:490 ncall:9.2e+06 eff:0.2% logz-ratio=385138.63+/-0.05 dlogz:62.144>0.01]20169it [7:46:22,  2.23s/it, bound:1176 nc:  1 ncall:9.2e+06 eff:0.2% logz-ratio=385145.67+/-0.30 dlogz:54.612>0.01]20175it [7:46:22,  1.52s/it, bound:1176 nc:492 ncall:9.2e+06 eff:0.2% logz-ratio=385138.99+/-0.07 dlogz:61.745>0.01]20178it [7:46:41,  1.52s/it, bound:1177 nc:552 ncall:9.2e+06 eff:0.2% logz-ratio=385139.08+/-0.05 dlogz:61.654>0.01]20179it [7:46:57,  3.18s/it, bound:1177 nc:505 ncall:9.2e+06 eff:0.2% logz-ratio=385139.11+/-0.07 dlogz:61.623>0.01]20184it [7:46:57,  2.25s/it, bound:1177 nc:  1 ncall:9.2e+06 eff:0.2% logz-ratio=385166.17+/-0.31 dlogz:32.459>0.01]20193it [7:46:57,  1.29s/it, bound:1177 nc:  1 ncall:9.2e+06 eff:0.2% logz-ratio=385149.49+/-0.30 dlogz:50.529>0.01]20194it [7:47:11,  1.29s/it, bound:1178 nc:454 ncall:9.2e+06 eff:0.2% logz-ratio=385139.57+/-0.06 dlogz:61.135>0.01]20195it [7:47:34,  3.37s/it, bound:1178 nc:491 ncall:9.2e+06 eff:0.2% logz-ratio=385139.61+/-0.08 dlogz:61.096>0.01]20202it [7:47:34,  2.11s/it, bound:1178 nc:  1 ncall:9.2e+06 eff:0.2% logz-ratio=385169.03+/-0.31 dlogz:29.255>0.01]20210it [7:47:34,  1.31s/it, bound:1179 nc:  1 ncall:9.2e+06 eff:0.2% logz-ratio=385168.67+/-0.32 dlogz:29.669>0.01]20210it [7:47:51,  1.31s/it, bound:1179 nc:  1 ncall:9.2e+06 eff:0.2% logz-ratio=385193.73+/-1.11 dlogz:1.097>0.01] 20211it [7:48:14,  3.72s/it, bound:1179 nc:526 ncall:9.2e+06 eff:0.2% logz-ratio=385140.17+/-0.05 dlogz:60.502>0.01]20217it [7:48:14,  2.41s/it, bound:1179 nc:  1 ncall:9.2e+06 eff:0.2% logz-ratio=385141.20+/-0.23 dlogz:59.370>0.01]20224it [7:48:14,  1.53s/it, bound:1179 nc:481 ncall:9.2e+06 eff:0.2% logz-ratio=385140.58+/-0.05 dlogz:60.064>0.01]20226it [7:48:31,  1.53s/it, bound:1180 nc:523 ncall:9.2e+06 eff:0.2% logz-ratio=385140.64+/-0.05 dlogz:59.997>0.01]20227it [7:48:55,  3.81s/it, bound:1180 nc:590 ncall:9.2e+06 eff:0.2% logz-ratio=385140.67+/-0.07 dlogz:59.965>0.01]20228it [7:49:10,  4.66s/it, bound:1180 nc:506 ncall:9.2e+06 eff:0.2% logz-ratio=385140.70+/-0.05 dlogz:59.932>0.01]20233it [7:49:10,  2.96s/it, bound:1180 nc:  1 ncall:9.2e+06 eff:0.2% logz-ratio=385142.58+/-0.27 dlogz:57.920>0.01]20239it [7:49:10,  1.83s/it, bound:1180 nc:515 ncall:9.2e+06 eff:0.2% logz-ratio=385141.06+/-0.05 dlogz:59.559>0.01]20242it [7:49:21,  1.83s/it, bound:1181 nc:  1 ncall:9.2e+06 eff:0.2% logz-ratio=385193.67+/-1.11 dlogz:1.097>0.01] 20243it [7:50:00,  4.72s/it, bound:1181 nc:665 ncall:9.2e+06 eff:0.2% logz-ratio=385141.19+/-0.05 dlogz:59.423>0.01]20246it [7:50:01,  3.67s/it, bound:1181 nc:  1 ncall:9.2e+06 eff:0.2% logz-ratio=385149.76+/-0.30 dlogz:50.259>0.01]20251it [7:50:01,  2.41s/it, bound:1181 nc:699 ncall:9.2e+06 eff:0.2% logz-ratio=385141.46+/-0.05 dlogz:59.131>0.01]20256it [7:50:01,  1.62s/it, bound:1181 nc:  1 ncall:9.2e+06 eff:0.2% logz-ratio=385149.01+/-0.30 dlogz:51.076>0.01]20258it [7:50:11,  1.62s/it, bound:1182 nc:  1 ncall:9.2e+06 eff:0.2% logz-ratio=385193.63+/-1.12 dlogz:1.097>0.01] 20259it [7:50:48,  4.72s/it, bound:1182 nc:629 ncall:9.2e+06 eff:0.2% logz-ratio=385141.79+/-0.06 dlogz:58.793>0.01]20264it [7:50:48,  3.10s/it, bound:1182 nc:  1 ncall:9.2e+06 eff:0.2% logz-ratio=385153.19+/-0.30 dlogz:46.581>0.01]20269it [7:50:48,  2.08s/it, bound:1182 nc:594 ncall:9.2e+06 eff:0.2% logz-ratio=385142.20+/-0.06 dlogz:58.364>0.01]20274it [7:50:48,  1.42s/it, bound:1183 nc:  1 ncall:9.2e+06 eff:0.2% logz-ratio=385156.75+/-0.30 dlogz:42.745>0.01]20274it [7:51:01,  1.42s/it, bound:1183 nc:  1 ncall:9.2e+06 eff:0.2% logz-ratio=385193.60+/-1.12 dlogz:1.097>0.01] 20275it [7:51:30,  4.81s/it, bound:1183 nc:608 ncall:9.2e+06 eff:0.2% logz-ratio=385142.40+/-0.05 dlogz:58.147>0.01]20279it [7:51:30,  3.26s/it, bound:1183 nc:  1 ncall:9.2e+06 eff:0.2% logz-ratio=385149.88+/-0.30 dlogz:50.113>0.01]20284it [7:51:30,  2.07s/it, bound:1183 nc:601 ncall:9.2e+06 eff:0.2% logz-ratio=385142.69+/-0.05 dlogz:57.834>0.01]20289it [7:51:30,  1.37s/it, bound:1184 nc:  1 ncall:9.2e+06 eff:0.2% logz-ratio=385150.59+/-0.30 dlogz:49.336>0.01]20289it [7:51:41,  1.37s/it, bound:1184 nc:  1 ncall:9.2e+06 eff:0.2% logz-ratio=385193.57+/-1.12 dlogz:1.097>0.01] 20290it [7:52:18,  5.56s/it, bound:1184 nc:614 ncall:9.2e+06 eff:0.2% logz-ratio=385142.89+/-0.05 dlogz:57.624>0.01]20295it [7:52:19,  3.40s/it, bound:1184 nc:  1 ncall:9.2e+06 eff:0.2% logz-ratio=385155.19+/-0.30 dlogz:44.423>0.01]20300it [7:52:19,  2.19s/it, bound:1184 nc:706 ncall:9.2e+06 eff:0.2% logz-ratio=385143.20+/-0.05 dlogz:57.286>0.01]20304it [7:52:31,  2.19s/it, bound:1185 nc:641 ncall:9.2e+06 eff:0.2% logz-ratio=385143.33+/-0.05 dlogz:57.156>0.01]20305it [7:53:06,  4.65s/it, bound:1185 nc:642 ncall:9.2e+06 eff:0.2% logz-ratio=385143.36+/-0.07 dlogz:57.122>0.01]20307it [7:53:06,  3.91s/it, bound:1185 nc:  1 ncall:9.2e+06 eff:0.2% logz-ratio=385149.30+/-0.30 dlogz:50.740>0.01]20311it [7:53:06,  2.69s/it, bound:1185 nc:674 ncall:9.2e+06 eff:0.2% logz-ratio=385143.54+/-0.07 dlogz:56.925>0.01]20315it [7:53:06,  1.86s/it, bound:1185 nc:  1 ncall:9.3e+06 eff:0.2% logz-ratio=385144.45+/-0.22 dlogz:55.922>0.01]20319it [7:53:07,  1.29s/it, bound:1185 nc:  1 ncall:9.3e+06 eff:0.2% logz-ratio=385149.11+/-0.30 dlogz:50.949>0.01]20320it [7:53:21,  1.29s/it, bound:1186 nc:611 ncall:9.3e+06 eff:0.2% logz-ratio=385143.81+/-0.05 dlogz:56.643>0.01]20321it [7:53:56,  5.56s/it, bound:1186 nc:658 ncall:9.3e+06 eff:0.2% logz-ratio=385143.83+/-0.07 dlogz:56.614>0.01]20325it [7:53:57,  3.68s/it, bound:1186 nc:  1 ncall:9.3e+06 eff:0.2% logz-ratio=385157.40+/-0.30 dlogz:42.019>0.01]20330it [7:53:57,  2.30s/it, bound:1186 nc:623 ncall:9.3e+06 eff:0.2% logz-ratio=385144.10+/-0.05 dlogz:56.330>0.01]20335it [7:53:57,  1.50s/it, bound:1187 nc:604 ncall:9.3e+06 eff:0.2% logz-ratio=385144.25+/-0.05 dlogz:56.168>0.01]20335it [7:54:11,  1.50s/it, bound:1187 nc:604 ncall:9.3e+06 eff:0.2% logz-ratio=385144.25+/-0.05 dlogz:56.168>0.01]20336it [7:54:39,  5.21s/it, bound:1187 nc:544 ncall:9.3e+06 eff:0.2% logz-ratio=385144.28+/-0.07 dlogz:56.136>0.01]20340it [7:54:39,  3.44s/it, bound:1187 nc:  1 ncall:9.3e+06 eff:0.2% logz-ratio=385151.00+/-0.30 dlogz:57.227>0.01]20345it [7:54:39,  2.15s/it, bound:1187 nc:556 ncall:9.3e+06 eff:0.2% logz-ratio=385144.57+/-0.05 dlogz:64.162>0.01]20350it [7:54:39,  1.40s/it, bound:1187 nc:  1 ncall:9.3e+06 eff:0.2% logz-ratio=385148.05+/-0.29 dlogz:60.412>0.01]20351it [7:54:51,  1.40s/it, bound:1188 nc:505 ncall:9.3e+06 eff:0.2% logz-ratio=385144.76+/-0.05 dlogz:63.959>0.01]20352it [7:55:19,  4.46s/it, bound:1188 nc:510 ncall:9.3e+06 eff:0.2% logz-ratio=385144.79+/-0.07 dlogz:63.925>0.01]20355it [7:55:19,  3.29s/it, bound:1188 nc:532 ncall:9.3e+06 eff:0.2% logz-ratio=385144.89+/-0.05 dlogz:63.825>0.01]20359it [7:55:19,  2.20s/it, bound:1188 nc:575 ncall:9.3e+06 eff:0.2% logz-ratio=385145.01+/-0.05 dlogz:63.696>0.01]20363it [7:55:19,  1.50s/it, bound:1188 nc:457 ncall:9.3e+06 eff:0.2% logz-ratio=385145.14+/-0.05 dlogz:63.558>0.01]20367it [7:55:31,  1.50s/it, bound:1189 nc:461 ncall:9.3e+06 eff:0.2% logz-ratio=385145.26+/-0.07 dlogz:63.426>0.01]20368it [7:55:57,  3.73s/it, bound:1189 nc:548 ncall:9.3e+06 eff:0.2% logz-ratio=385145.29+/-0.08 dlogz:63.395>0.01]20374it [7:55:57,  2.30s/it, bound:1189 nc:  1 ncall:9.3e+06 eff:0.2% logz-ratio=385150.06+/-0.30 dlogz:58.245>0.01]20379it [7:55:57,  1.58s/it, bound:1189 nc:  1 ncall:9.3e+06 eff:0.2% logz-ratio=385162.59+/-0.31 dlogz:44.730>0.01]20383it [7:56:11,  1.58s/it, bound:1190 nc:453 ncall:9.3e+06 eff:0.2% logz-ratio=385145.70+/-0.05 dlogz:62.950>0.01]20384it [7:56:38,  3.64s/it, bound:1190 nc:571 ncall:9.3e+06 eff:0.2% logz-ratio=385145.73+/-0.07 dlogz:62.920>0.01]20387it [7:56:39,  2.88s/it, bound:1190 nc:594 ncall:9.3e+06 eff:0.2% logz-ratio=385145.82+/-0.05 dlogz:62.828>0.01]20392it [7:56:39,  1.93s/it, bound:1190 nc:  1 ncall:9.3e+06 eff:0.2% logz-ratio=385146.94+/-0.24 dlogz:61.601>0.01]20397it [7:56:39,  1.31s/it, bound:1190 nc:548 ncall:9.3e+06 eff:0.2% logz-ratio=385146.12+/-0.08 dlogz:62.508>0.01]20399it [7:56:51,  1.31s/it, bound:1191 nc:  1 ncall:9.3e+06 eff:0.2% logz-ratio=385201.68+/-0.97 dlogz:1.098>0.01] 20400it [7:57:19,  3.93s/it, bound:1191 nc:554 ncall:9.3e+06 eff:0.2% logz-ratio=385146.20+/-0.05 dlogz:62.418>0.01]20404it [7:57:19,  2.79s/it, bound:1191 nc:554 ncall:9.3e+06 eff:0.2% logz-ratio=385146.31+/-0.05 dlogz:62.299>0.01]20409it [7:57:19,  1.84s/it, bound:1191 nc:473 ncall:9.3e+06 eff:0.2% logz-ratio=385146.45+/-0.05 dlogz:62.149>0.01]20414it [7:57:31,  1.84s/it, bound:1192 nc:414 ncall:9.3e+06 eff:0.2% logz-ratio=385146.60+/-0.05 dlogz:61.994>0.01]20415it [7:57:59,  3.60s/it, bound:1192 nc:528 ncall:9.3e+06 eff:0.2% logz-ratio=385146.63+/-0.07 dlogz:61.963>0.01]20421it [7:57:59,  2.36s/it, bound:1192 nc:  1 ncall:9.3e+06 eff:0.2% logz-ratio=385147.81+/-0.24 dlogz:60.672>0.01]20426it [7:57:59,  1.68s/it, bound:1192 nc:  1 ncall:9.3e+06 eff:0.2% logz-ratio=385150.73+/-0.30 dlogz:57.514>0.01]20428it [7:58:11,  1.68s/it, bound:1193 nc:  1 ncall:9.3e+06 eff:0.2% logz-ratio=385201.62+/-0.99 dlogz:1.098>0.01] 20429it [7:58:37,  3.87s/it, bound:1193 nc:506 ncall:9.3e+06 eff:0.2% logz-ratio=385147.04+/-0.05 dlogz:61.525>0.01]20434it [7:58:37,  2.63s/it, bound:1193 nc:472 ncall:9.3e+06 eff:0.2% logz-ratio=385147.21+/-0.05 dlogz:61.350>0.01]20439it [7:58:37,  1.80s/it, bound:1193 nc:528 ncall:9.3e+06 eff:0.2% logz-ratio=385147.37+/-0.05 dlogz:61.172>0.01]20444it [7:58:37,  1.25s/it, bound:1194 nc:  1 ncall:9.3e+06 eff:0.2% logz-ratio=385148.92+/-0.26 dlogz:59.483>0.01]20444it [7:58:51,  1.25s/it, bound:1194 nc:  1 ncall:9.3e+06 eff:0.2% logz-ratio=385201.59+/-0.99 dlogz:1.098>0.01] 20445it [7:59:13,  4.07s/it, bound:1194 nc:508 ncall:9.3e+06 eff:0.2% logz-ratio=385147.56+/-0.05 dlogz:60.971>0.01]20447it [7:59:26,  4.53s/it, bound:1194 nc:464 ncall:9.3e+06 eff:0.2% logz-ratio=385147.62+/-0.05 dlogz:60.908>0.01]20454it [7:59:26,  2.33s/it, bound:1194 nc:  1 ncall:9.3e+06 eff:0.2% logz-ratio=385161.56+/-0.31 dlogz:45.897>0.01]20460it [7:59:26,  1.47s/it, bound:1195 nc:  1 ncall:9.3e+06 eff:0.2% logz-ratio=385158.77+/-0.31 dlogz:48.912>0.01]20460it [7:59:41,  1.47s/it, bound:1195 nc:  1 ncall:9.3e+06 eff:0.2% logz-ratio=385201.56+/-1.00 dlogz:1.098>0.01] 20461it [8:00:02,  4.25s/it, bound:1195 nc:484 ncall:9.3e+06 eff:0.2% logz-ratio=385148.04+/-0.05 dlogz:60.466>0.01]20465it [8:00:02,  2.91s/it, bound:1195 nc:  1 ncall:9.3e+06 eff:0.2% logz-ratio=385171.52+/-0.32 dlogz:34.802>0.01]20471it [8:00:02,  1.74s/it, bound:1195 nc:494 ncall:9.3e+06 eff:0.2% logz-ratio=385148.35+/-0.05 dlogz:60.125>0.01]20476it [8:00:21,  1.74s/it, bound:1196 nc:  1 ncall:9.3e+06 eff:0.2% logz-ratio=385201.88+/-0.47 dlogz:0.880>0.01] 20477it [8:00:42,  3.53s/it, bound:1196 nc:406 ncall:9.3e+06 eff:0.2% logz-ratio=385148.53+/-0.05 dlogz:59.938>0.01]20483it [8:00:42,  2.32s/it, bound:1196 nc:  1 ncall:9.3e+06 eff:0.2% logz-ratio=385166.30+/-0.31 dlogz:40.659>0.01]20489it [8:00:42,  1.56s/it, bound:1196 nc:492 ncall:9.3e+06 eff:0.2% logz-ratio=385148.85+/-0.05 dlogz:59.590>0.01]20491it [8:01:01,  1.56s/it, bound:1197 nc:  1 ncall:9.3e+06 eff:0.2% logz-ratio=385201.85+/-0.46 dlogz:0.880>0.01] 20492it [8:01:21,  3.78s/it, bound:1197 nc:531 ncall:9.3e+06 eff:0.2% logz-ratio=385148.93+/-0.05 dlogz:59.505>0.01]20498it [8:01:21,  2.45s/it, bound:1197 nc:  1 ncall:9.3e+06 eff:0.2% logz-ratio=385167.12+/-0.31 dlogz:39.714>0.01]20505it [8:01:22,  1.55s/it, bound:1197 nc:  1 ncall:9.4e+06 eff:0.2% logz-ratio=385150.69+/-0.26 dlogz:57.567>0.01]20507it [8:01:41,  1.55s/it, bound:1198 nc:  1 ncall:9.4e+06 eff:0.2% logz-ratio=385201.81+/-0.48 dlogz:0.880>0.01] 20508it [8:01:58,  3.51s/it, bound:1198 nc:544 ncall:9.4e+06 eff:0.2% logz-ratio=385149.31+/-0.04 dlogz:59.083>0.01]20514it [8:01:58,  2.30s/it, bound:1198 nc:  1 ncall:9.4e+06 eff:0.2% logz-ratio=385151.63+/-0.28 dlogz:56.554>0.01]20521it [8:01:58,  1.47s/it, bound:1198 nc:525 ncall:9.4e+06 eff:0.2% logz-ratio=385149.61+/-0.07 dlogz:58.758>0.01]20523it [8:02:11,  1.47s/it, bound:1199 nc:  1 ncall:9.4e+06 eff:0.2% logz-ratio=385201.78+/-0.48 dlogz:0.880>0.01] 20524it [8:02:36,  3.49s/it, bound:1199 nc:516 ncall:9.4e+06 eff:0.2% logz-ratio=385149.68+/-0.05 dlogz:58.683>0.01]20530it [8:02:36,  2.30s/it, bound:1199 nc:517 ncall:9.4e+06 eff:0.2% logz-ratio=385149.83+/-0.04 dlogz:58.523>0.01]20537it [8:02:36,  1.47s/it, bound:1199 nc:  1 ncall:9.4e+06 eff:0.2% logz-ratio=385168.20+/-0.31 dlogz:38.523>0.01]20539it [8:02:51,  1.47s/it, bound:1200 nc:466 ncall:9.4e+06 eff:0.2% logz-ratio=385150.05+/-0.06 dlogz:58.288>0.01]20540it [8:03:15,  3.56s/it, bound:1200 nc:563 ncall:9.4e+06 eff:0.2% logz-ratio=385150.07+/-0.08 dlogz:58.262>0.01]20544it [8:03:15,  2.65s/it, bound:1200 nc:522 ncall:9.4e+06 eff:0.2% logz-ratio=385150.17+/-0.05 dlogz:58.154>0.01]20550it [8:03:15,  1.71s/it, bound:1200 nc:472 ncall:9.4e+06 eff:0.2% logz-ratio=385150.31+/-0.06 dlogz:57.999>0.01]20555it [8:03:31,  1.71s/it, bound:1201 nc:408 ncall:9.4e+06 eff:0.2% logz-ratio=385150.44+/-0.04 dlogz:57.869>0.01]20556it [8:03:55,  3.37s/it, bound:1201 nc:553 ncall:9.4e+06 eff:0.2% logz-ratio=385150.46+/-0.06 dlogz:57.843>0.01]20561it [8:03:55,  2.41s/it, bound:1201 nc:  1 ncall:9.4e+06 eff:0.2% logz-ratio=385161.23+/-0.31 dlogz:46.259>0.01]20567it [8:03:55,  1.62s/it, bound:1201 nc:481 ncall:9.4e+06 eff:0.2% logz-ratio=385150.71+/-0.06 dlogz:57.566>0.01]20571it [8:04:11,  1.62s/it, bound:1202 nc:  1 ncall:9.4e+06 eff:0.2% logz-ratio=385201.69+/-0.47 dlogz:0.880>0.01] 20572it [8:04:37,  3.52s/it, bound:1202 nc:520 ncall:9.4e+06 eff:0.2% logz-ratio=385150.82+/-0.04 dlogz:57.445>0.01]20577it [8:04:37,  2.51s/it, bound:1202 nc:  1 ncall:9.4e+06 eff:0.2% logz-ratio=385163.98+/-0.31 dlogz:43.227>0.01]20583it [8:04:37,  1.69s/it, bound:1202 nc:537 ncall:9.4e+06 eff:0.2% logz-ratio=385151.09+/-0.05 dlogz:57.158>0.01]20586it [8:04:51,  1.69s/it, bound:1203 nc:  1 ncall:9.4e+06 eff:0.2% logz-ratio=385201.66+/-0.47 dlogz:0.880>0.01] 20587it [8:05:13,  3.43s/it, bound:1203 nc:483 ncall:9.4e+06 eff:0.2% logz-ratio=385151.19+/-0.05 dlogz:57.048>0.01]20595it [8:05:13,  2.04s/it, bound:1203 nc:  1 ncall:9.4e+06 eff:0.2% logz-ratio=385155.13+/-0.30 dlogz:52.808>0.01]20601it [8:05:13,  1.43s/it, bound:1203 nc:  1 ncall:9.4e+06 eff:0.2% logz-ratio=385165.41+/-0.31 dlogz:41.672>0.01]20602it [8:05:31,  1.43s/it, bound:1204 nc:414 ncall:9.4e+06 eff:0.2% logz-ratio=385151.59+/-0.05 dlogz:56.619>0.01]20603it [8:05:50,  3.56s/it, bound:1204 nc:428 ncall:9.4e+06 eff:0.2% logz-ratio=385151.62+/-0.07 dlogz:56.590>0.01]20609it [8:05:50,  2.32s/it, bound:1204 nc:  1 ncall:9.4e+06 eff:0.2% logz-ratio=385165.81+/-0.31 dlogz:41.218>0.01]20615it [8:05:50,  1.55s/it, bound:1204 nc:499 ncall:9.4e+06 eff:0.2% logz-ratio=385151.97+/-0.07 dlogz:56.220>0.01]20618it [8:06:01,  1.55s/it, bound:1205 nc:510 ncall:9.4e+06 eff:0.2% logz-ratio=385152.05+/-0.07 dlogz:56.133>0.01]20619it [8:06:26,  3.37s/it, bound:1205 nc:542 ncall:9.4e+06 eff:0.2% logz-ratio=385152.08+/-0.08 dlogz:56.103>0.01]20621it [8:06:26,  2.88s/it, bound:1205 nc:  1 ncall:9.4e+06 eff:0.2% logz-ratio=385165.06+/-0.31 dlogz:42.057>0.01]20626it [8:06:27,  1.90s/it, bound:1205 nc:510 ncall:9.4e+06 eff:0.2% logz-ratio=385152.28+/-0.07 dlogz:55.885>0.01]20631it [8:06:27,  1.28s/it, bound:1205 nc:504 ncall:9.4e+06 eff:0.2% logz-ratio=385152.42+/-0.07 dlogz:55.734>0.01]20634it [8:06:41,  1.28s/it, bound:1206 nc:  1 ncall:9.4e+06 eff:0.2% logz-ratio=385201.73+/-0.39 dlogz:0.784>0.01] 20635it [8:07:04,  3.48s/it, bound:1206 nc:532 ncall:9.4e+06 eff:0.2% logz-ratio=385152.54+/-0.05 dlogz:55.615>0.01]20641it [8:07:04,  2.20s/it, bound:1206 nc:  1 ncall:9.4e+06 eff:0.2% logz-ratio=385161.94+/-0.30 dlogz:45.467>0.01]20646it [8:07:04,  1.53s/it, bound:1206 nc:  1 ncall:9.4e+06 eff:0.2% logz-ratio=385168.36+/-0.31 dlogz:38.379>0.01]20650it [8:07:21,  1.53s/it, bound:1207 nc:445 ncall:9.4e+06 eff:0.2% logz-ratio=385153.03+/-0.07 dlogz:55.091>0.01]20651it [8:07:42,  3.35s/it, bound:1207 nc:486 ncall:9.4e+06 eff:0.2% logz-ratio=385153.06+/-0.09 dlogz:55.057>0.01]20653it [8:07:42,  2.86s/it, bound:1207 nc:  1 ncall:9.4e+06 eff:0.2% logz-ratio=385166.74+/-0.31 dlogz:40.188>0.01]20658it [8:07:42,  1.88s/it, bound:1207 nc:  1 ncall:9.4e+06 eff:0.2% logz-ratio=385159.89+/-0.30 dlogz:47.719>0.01]20665it [8:07:42,  1.12s/it, bound:1207 nc:  1 ncall:9.4e+06 eff:0.2% logz-ratio=385155.00+/-0.27 dlogz:52.946>0.01]20666it [8:08:01,  1.12s/it, bound:1208 nc:517 ncall:9.4e+06 eff:0.2% logz-ratio=385153.52+/-0.05 dlogz:54.569>0.01]20667it [8:08:22,  3.82s/it, bound:1208 nc:511 ncall:9.4e+06 eff:0.2% logz-ratio=385153.54+/-0.07 dlogz:54.541>0.01]20670it [8:08:22,  2.93s/it, bound:1208 nc:551 ncall:9.4e+06 eff:0.2% logz-ratio=385153.63+/-0.05 dlogz:54.454>0.01]20675it [8:08:22,  1.89s/it, bound:1208 nc:587 ncall:9.4e+06 eff:0.2% logz-ratio=385153.76+/-0.05 dlogz:54.302>0.01]20680it [8:08:22,  1.26s/it, bound:1208 nc:  1 ncall:9.4e+06 eff:0.2% logz-ratio=385162.66+/-0.31 dlogz:44.661>0.01]20682it [8:08:41,  1.26s/it, bound:1209 nc:494 ncall:9.4e+06 eff:0.2% logz-ratio=385153.95+/-0.07 dlogz:54.109>0.01]20683it [8:09:05,  4.15s/it, bound:1209 nc:446 ncall:9.4e+06 eff:0.2% logz-ratio=385153.97+/-0.08 dlogz:54.080>0.01]20685it [8:09:05,  3.42s/it, bound:1209 nc:  1 ncall:9.4e+06 eff:0.2% logz-ratio=385170.53+/-0.31 dlogz:35.873>0.01]20691it [8:09:05,  1.96s/it, bound:1209 nc:566 ncall:9.4e+06 eff:0.2% logz-ratio=385154.19+/-0.05 dlogz:53.843>0.01]20696it [8:09:05,  1.30s/it, bound:1209 nc:  1 ncall:9.5e+06 eff:0.2% logz-ratio=385169.19+/-0.31 dlogz:37.399>0.01]20697it [8:09:21,  1.30s/it, bound:1210 nc:566 ncall:9.5e+06 eff:0.2% logz-ratio=385154.35+/-0.05 dlogz:53.670>0.01]20698it [8:09:48,  4.59s/it, bound:1210 nc:616 ncall:9.5e+06 eff:0.2% logz-ratio=385154.38+/-0.07 dlogz:53.642>0.01]20699it [8:10:01,  5.42s/it, bound:1210 nc:599 ncall:9.5e+06 eff:0.2% logz-ratio=385154.40+/-0.05 dlogz:53.615>0.01]20704it [8:10:01,  3.12s/it, bound:1210 nc:  1 ncall:9.5e+06 eff:0.2% logz-ratio=385170.78+/-0.31 dlogz:35.637>0.01]20711it [8:10:01,  1.69s/it, bound:1210 nc:  1 ncall:9.5e+06 eff:0.2% logz-ratio=385156.23+/-0.27 dlogz:51.634>0.01]20713it [8:10:11,  1.69s/it, bound:1211 nc:  1 ncall:9.5e+06 eff:0.2% logz-ratio=385201.57+/-0.43 dlogz:0.784>0.01] 20714it [8:10:40,  4.20s/it, bound:1211 nc:583 ncall:9.5e+06 eff:0.2% logz-ratio=385154.78+/-0.05 dlogz:53.213>0.01]20719it [8:10:40,  2.77s/it, bound:1211 nc:  1 ncall:9.5e+06 eff:0.2% logz-ratio=385166.35+/-0.30 dlogz:40.622>0.01]20725it [8:10:40,  1.75s/it, bound:1211 nc:493 ncall:9.5e+06 eff:0.2% logz-ratio=385155.09+/-0.05 dlogz:52.876>0.01]20728it [8:10:51,  1.75s/it, bound:1212 nc:  1 ncall:9.5e+06 eff:0.2% logz-ratio=385201.54+/-0.44 dlogz:0.784>0.01] 20729it [8:11:22,  4.01s/it, bound:1212 nc:455 ncall:9.5e+06 eff:0.2% logz-ratio=385155.22+/-0.05 dlogz:52.747>0.01]20734it [8:11:22,  2.74s/it, bound:1212 nc:  1 ncall:9.5e+06 eff:0.2% logz-ratio=385155.89+/-0.20 dlogz:51.990>0.01]20740it [8:11:22,  1.78s/it, bound:1212 nc:529 ncall:9.5e+06 eff:0.2% logz-ratio=385155.54+/-0.07 dlogz:52.402>0.01]20744it [8:11:41,  1.78s/it, bound:1213 nc:595 ncall:9.5e+06 eff:0.2% logz-ratio=385155.65+/-0.05 dlogz:52.281>0.01]20745it [8:12:05,  3.76s/it, bound:1213 nc:490 ncall:9.5e+06 eff:0.2% logz-ratio=385155.68+/-0.07 dlogz:52.251>0.01]20748it [8:12:05,  3.01s/it, bound:1213 nc:  1 ncall:9.5e+06 eff:0.2% logz-ratio=385173.66+/-0.32 dlogz:32.456>0.01]20753it [8:12:05,  2.04s/it, bound:1213 nc:594 ncall:9.5e+06 eff:0.2% logz-ratio=385155.92+/-0.05 dlogz:51.999>0.01]20758it [8:12:05,  1.40s/it, bound:1213 nc:  1 ncall:9.5e+06 eff:0.2% logz-ratio=385160.16+/-0.30 dlogz:47.407>0.01]20760it [8:12:21,  1.40s/it, bound:1214 nc:  1 ncall:9.5e+06 eff:0.2% logz-ratio=385201.48+/-0.46 dlogz:0.784>0.01] 20761it [8:12:46,  4.02s/it, bound:1214 nc:496 ncall:9.5e+06 eff:0.2% logz-ratio=385156.16+/-0.05 dlogz:51.739>0.01]20764it [8:12:46,  3.09s/it, bound:1214 nc:  1 ncall:9.5e+06 eff:0.2% logz-ratio=385188.35+/-0.45 dlogz:15.689>0.01]20769it [8:12:46,  1.99s/it, bound:1214 nc:530 ncall:9.5e+06 eff:0.2% logz-ratio=385156.40+/-0.05 dlogz:51.481>0.01]20774it [8:12:46,  1.32s/it, bound:1214 nc:  1 ncall:9.5e+06 eff:0.2% logz-ratio=385168.27+/-0.31 dlogz:38.481>0.01]20776it [8:13:01,  1.32s/it, bound:1215 nc:  1 ncall:9.5e+06 eff:0.2% logz-ratio=385201.45+/-0.46 dlogz:0.784>0.01] 20777it [8:13:24,  3.88s/it, bound:1215 nc:460 ncall:9.5e+06 eff:0.2% logz-ratio=385156.62+/-0.05 dlogz:51.243>0.01]20780it [8:13:25,  2.95s/it, bound:1215 nc:  1 ncall:9.5e+06 eff:0.2% logz-ratio=385170.85+/-0.31 dlogz:35.554>0.01]20785it [8:13:25,  1.88s/it, bound:1215 nc:526 ncall:9.5e+06 eff:0.2% logz-ratio=385156.84+/-0.05 dlogz:51.011>0.01]20789it [8:13:25,  1.33s/it, bound:1215 nc:530 ncall:9.5e+06 eff:0.2% logz-ratio=385156.95+/-0.05 dlogz:50.891>0.01]20790it [8:13:41,  1.33s/it, bound:1216 nc:  1 ncall:9.5e+06 eff:0.2% logz-ratio=385201.42+/-0.46 dlogz:0.784>0.01] 20791it [8:14:02,  4.37s/it, bound:1216 nc:500 ncall:9.5e+06 eff:0.2% logz-ratio=385157.00+/-0.05 dlogz:50.832>0.01]20796it [8:14:02,  2.70s/it, bound:1216 nc:  1 ncall:9.5e+06 eff:0.2% logz-ratio=385165.78+/-0.31 dlogz:41.236>0.01]20803it [8:14:03,  1.54s/it, bound:1216 nc:505 ncall:9.5e+06 eff:0.2% logz-ratio=385157.32+/-0.05 dlogz:50.492>0.01]20806it [8:14:21,  1.54s/it, bound:1217 nc:  1 ncall:9.5e+06 eff:0.2% logz-ratio=385201.39+/-0.47 dlogz:0.784>0.01] 20807it [8:14:40,  3.57s/it, bound:1217 nc:431 ncall:9.5e+06 eff:0.2% logz-ratio=385157.42+/-0.05 dlogz:50.378>0.01]20814it [8:14:40,  2.16s/it, bound:1217 nc:  1 ncall:9.5e+06 eff:0.2% logz-ratio=385160.28+/-0.29 dlogz:47.268>0.01]20820it [8:14:40,  1.46s/it, bound:1217 nc:545 ncall:9.5e+06 eff:0.2% logz-ratio=385157.76+/-0.07 dlogz:50.020>0.01]20821it [8:14:51,  1.46s/it, bound:1218 nc:455 ncall:9.5e+06 eff:0.2% logz-ratio=385157.78+/-0.05 dlogz:49.992>0.01]20822it [8:15:20,  3.99s/it, bound:1218 nc:544 ncall:9.5e+06 eff:0.2% logz-ratio=385157.81+/-0.07 dlogz:49.963>0.01]20825it [8:15:21,  3.10s/it, bound:1218 nc:  1 ncall:9.5e+06 eff:0.2% logz-ratio=385186.88+/-0.38 dlogz:17.204>0.01]20832it [8:15:21,  1.78s/it, bound:1218 nc:541 ncall:9.5e+06 eff:0.2% logz-ratio=385158.07+/-0.05 dlogz:49.679>0.01]20837it [8:15:31,  1.78s/it, bound:1219 nc:556 ncall:9.5e+06 eff:0.2% logz-ratio=385158.21+/-0.05 dlogz:49.530>0.01]20838it [8:15:59,  3.35s/it, bound:1219 nc:506 ncall:9.5e+06 eff:0.2% logz-ratio=385158.24+/-0.07 dlogz:49.500>0.01]20842it [8:15:59,  2.53s/it, bound:1219 nc:  1 ncall:9.5e+06 eff:0.2% logz-ratio=385167.48+/-0.31 dlogz:39.334>0.01]20848it [8:15:59,  1.66s/it, bound:1219 nc:511 ncall:9.5e+06 eff:0.2% logz-ratio=385158.49+/-0.05 dlogz:49.233>0.01]20853it [8:16:11,  1.66s/it, bound:1220 nc:  1 ncall:9.5e+06 eff:0.2% logz-ratio=385201.31+/-0.54 dlogz:0.776>0.01] 20854it [8:16:41,  3.44s/it, bound:1220 nc:527 ncall:9.5e+06 eff:0.2% logz-ratio=385158.63+/-0.05 dlogz:49.074>0.01]20859it [8:16:41,  2.48s/it, bound:1220 nc:  1 ncall:9.5e+06 eff:0.2% logz-ratio=385162.20+/-0.30 dlogz:45.162>0.01]20865it [8:16:41,  1.68s/it, bound:1220 nc:422 ncall:9.5e+06 eff:0.2% logz-ratio=385158.92+/-0.07 dlogz:48.769>0.01]20868it [8:17:01,  1.68s/it, bound:1221 nc:  1 ncall:9.5e+06 eff:0.2% logz-ratio=385201.28+/-0.54 dlogz:0.776>0.01] 20869it [8:17:26,  3.95s/it, bound:1221 nc:660 ncall:9.5e+06 eff:0.2% logz-ratio=385159.02+/-0.05 dlogz:48.660>0.01]20872it [8:17:27,  3.16s/it, bound:1221 nc:  1 ncall:9.5e+06 eff:0.2% logz-ratio=385175.45+/-0.32 dlogz:30.483>0.01]20877it [8:17:27,  2.14s/it, bound:1221 nc:656 ncall:9.5e+06 eff:0.2% logz-ratio=385159.23+/-0.05 dlogz:48.432>0.01]20882it [8:17:27,  1.47s/it, bound:1221 nc:644 ncall:9.6e+06 eff:0.2% logz-ratio=385159.36+/-0.07 dlogz:48.290>0.01]20884it [8:17:41,  1.47s/it, bound:1222 nc:  1 ncall:9.6e+06 eff:0.2% logz-ratio=385201.25+/-0.55 dlogz:0.776>0.01] 20885it [8:18:12,  4.36s/it, bound:1222 nc:596 ncall:9.6e+06 eff:0.2% logz-ratio=385159.44+/-0.05 dlogz:48.209>0.01]20890it [8:18:12,  2.90s/it, bound:1222 nc:  1 ncall:9.6e+06 eff:0.2% logz-ratio=385162.59+/-0.30 dlogz:44.746>0.01]20895it [8:18:12,  1.96s/it, bound:1222 nc:572 ncall:9.6e+06 eff:0.2% logz-ratio=385159.67+/-0.05 dlogz:47.952>0.01]20900it [8:18:12,  1.35s/it, bound:1223 nc:  1 ncall:9.6e+06 eff:0.2% logz-ratio=385171.20+/-0.31 dlogz:35.208>0.01]20900it [8:18:31,  1.35s/it, bound:1223 nc:  1 ncall:9.6e+06 eff:0.2% logz-ratio=385201.21+/-0.56 dlogz:0.776>0.01] 20901it [8:18:52,  4.57s/it, bound:1223 nc:528 ncall:9.6e+06 eff:0.2% logz-ratio=385159.82+/-0.05 dlogz:47.793>0.01]20907it [8:18:52,  2.67s/it, bound:1223 nc:523 ncall:9.6e+06 eff:0.2% logz-ratio=385159.97+/-0.05 dlogz:47.633>0.01]20912it [8:18:52,  1.80s/it, bound:1223 nc:  1 ncall:9.6e+06 eff:0.2% logz-ratio=385185.08+/-0.34 dlogz:19.601>0.01]20916it [8:19:11,  1.80s/it, bound:1224 nc:415 ncall:9.6e+06 eff:0.2% logz-ratio=385160.18+/-0.04 dlogz:47.398>0.01]20917it [8:19:31,  3.68s/it, bound:1224 nc:568 ncall:9.6e+06 eff:0.2% logz-ratio=385160.21+/-0.06 dlogz:47.373>0.01]20920it [8:19:31,  2.90s/it, bound:1224 nc:  1 ncall:9.6e+06 eff:0.2% logz-ratio=385188.43+/-0.39 dlogz:15.607>0.01]20925it [8:19:31,  1.92s/it, bound:1224 nc:  1 ncall:9.6e+06 eff:0.2% logz-ratio=385169.01+/-0.31 dlogz:37.670>0.01]20930it [8:19:31,  1.30s/it, bound:1224 nc:430 ncall:9.6e+06 eff:0.2% logz-ratio=385160.50+/-0.05 dlogz:47.054>0.01]20932it [8:19:51,  1.30s/it, bound:1225 nc:  1 ncall:9.6e+06 eff:0.2% logz-ratio=385201.15+/-0.57 dlogz:0.776>0.01] 20933it [8:20:12,  4.00s/it, bound:1225 nc:582 ncall:9.6e+06 eff:0.2% logz-ratio=385160.57+/-0.04 dlogz:46.978>0.01]20935it [8:20:26,  4.50s/it, bound:1225 nc:575 ncall:9.6e+06 eff:0.2% logz-ratio=385160.61+/-0.04 dlogz:46.929>0.01]20940it [8:20:26,  2.79s/it, bound:1225 nc:  1 ncall:9.6e+06 eff:0.2% logz-ratio=385171.45+/-0.31 dlogz:34.919>0.01]20945it [8:20:26,  1.82s/it, bound:1225 nc:475 ncall:9.6e+06 eff:0.2% logz-ratio=385160.83+/-0.04 dlogz:46.695>0.01]20947it [8:20:41,  1.82s/it, bound:1226 nc:  1 ncall:9.6e+06 eff:0.2% logz-ratio=385201.12+/-0.57 dlogz:0.776>0.01] 20948it [8:21:07,  4.52s/it, bound:1226 nc:492 ncall:9.6e+06 eff:0.2% logz-ratio=385160.89+/-0.04 dlogz:46.626>0.01]20951it [8:21:07,  3.41s/it, bound:1226 nc:  1 ncall:9.6e+06 eff:0.2% logz-ratio=385187.94+/-0.36 dlogz:16.221>0.01]20956it [8:21:07,  2.15s/it, bound:1226 nc:543 ncall:9.6e+06 eff:0.2% logz-ratio=385161.06+/-0.04 dlogz:46.444>0.01]20960it [8:21:07,  1.52s/it, bound:1226 nc:571 ncall:9.6e+06 eff:0.2% logz-ratio=385161.13+/-0.04 dlogz:46.357>0.01]20963it [8:21:21,  1.52s/it, bound:1227 nc:  1 ncall:9.6e+06 eff:0.2% logz-ratio=385201.09+/-0.59 dlogz:0.775>0.01] 20964it [8:21:46,  3.96s/it, bound:1227 nc:517 ncall:9.6e+06 eff:0.2% logz-ratio=385161.21+/-0.04 dlogz:46.272>0.01]20969it [8:21:46,  2.59s/it, bound:1227 nc:  1 ncall:9.6e+06 eff:0.2% logz-ratio=385166.81+/-0.31 dlogz:40.099>0.01]20974it [8:21:46,  1.74s/it, bound:1227 nc:461 ncall:9.6e+06 eff:0.2% logz-ratio=385161.40+/-0.04 dlogz:46.066>0.01]20979it [8:21:46,  1.18s/it, bound:1228 nc:  1 ncall:9.6e+06 eff:0.2% logz-ratio=385170.46+/-0.31 dlogz:36.010>0.01]20979it [8:22:01,  1.18s/it, bound:1228 nc:  1 ncall:9.6e+06 eff:0.2% logz-ratio=385201.06+/-0.59 dlogz:0.775>0.01] 20980it [8:22:25,  4.38s/it, bound:1228 nc:506 ncall:9.6e+06 eff:0.2% logz-ratio=385161.52+/-0.04 dlogz:45.936>0.01]20985it [8:22:25,  2.74s/it, bound:1228 nc:  1 ncall:9.6e+06 eff:0.2% logz-ratio=385168.77+/-0.31 dlogz:37.926>0.01]20990it [8:22:25,  1.79s/it, bound:1228 nc:530 ncall:9.6e+06 eff:0.2% logz-ratio=385161.72+/-0.04 dlogz:45.714>0.01]20994it [8:22:41,  1.79s/it, bound:1229 nc:441 ncall:9.6e+06 eff:0.2% logz-ratio=385161.80+/-0.06 dlogz:45.621>0.01]20995it [8:23:02,  3.64s/it, bound:1229 nc:454 ncall:9.6e+06 eff:0.2% logz-ratio=385161.83+/-0.07 dlogz:45.598>0.01]20998it [8:23:02,  2.84s/it, bound:1229 nc:  1 ncall:9.6e+06 eff:0.2% logz-ratio=385176.41+/-0.32 dlogz:29.388>0.01]21003it [8:23:02,  1.87s/it, bound:1229 nc:493 ncall:9.6e+06 eff:0.2% logz-ratio=385161.99+/-0.04 dlogz:45.415>0.01]21010it [8:23:02,  1.11s/it, bound:1230 nc:  1 ncall:9.6e+06 eff:0.2% logz-ratio=385162.32+/-0.13 dlogz:45.032>0.01]21010it [8:23:21,  1.11s/it, bound:1230 nc:  1 ncall:9.6e+06 eff:0.2% logz-ratio=385200.99+/-0.60 dlogz:0.775>0.01] 21011it [8:23:40,  3.90s/it, bound:1230 nc:525 ncall:9.6e+06 eff:0.2% logz-ratio=385162.17+/-0.04 dlogz:45.227>0.01]21017it [8:23:40,  2.35s/it, bound:1230 nc:537 ncall:9.6e+06 eff:0.2% logz-ratio=385162.30+/-0.04 dlogz:45.081>0.01]21025it [8:23:40,  1.34s/it, bound:1230 nc:  1 ncall:9.6e+06 eff:0.2% logz-ratio=385163.63+/-0.25 dlogz:43.613>0.01]21026it [8:23:51,  1.34s/it, bound:1231 nc:454 ncall:9.6e+06 eff:0.2% logz-ratio=385162.49+/-0.04 dlogz:44.871>0.01]21027it [8:24:16,  3.59s/it, bound:1231 nc:396 ncall:9.6e+06 eff:0.2% logz-ratio=385162.51+/-0.06 dlogz:44.849>0.01]21034it [8:24:16,  2.16s/it, bound:1231 nc:431 ncall:9.6e+06 eff:0.2% logz-ratio=385162.65+/-0.04 dlogz:44.694>0.01]21042it [8:24:31,  2.16s/it, bound:1232 nc:  1 ncall:9.6e+06 eff:0.2% logz-ratio=385200.93+/-0.61 dlogz:0.775>0.01] 21043it [8:24:54,  3.03s/it, bound:1232 nc:513 ncall:9.6e+06 eff:0.2% logz-ratio=385162.86+/-0.04 dlogz:44.470>0.01]21050it [8:24:54,  2.06s/it, bound:1232 nc:  1 ncall:9.6e+06 eff:0.2% logz-ratio=385176.30+/-0.32 dlogz:29.483>0.01]21057it [8:24:54,  1.42s/it, bound:1233 nc:472 ncall:9.6e+06 eff:0.2% logz-ratio=385163.20+/-0.07 dlogz:44.107>0.01]21057it [8:25:11,  1.42s/it, bound:1233 nc:472 ncall:9.6e+06 eff:0.2% logz-ratio=385163.20+/-0.07 dlogz:44.107>0.01]21058it [8:25:33,  3.63s/it, bound:1233 nc:505 ncall:9.6e+06 eff:0.2% logz-ratio=385163.22+/-0.08 dlogz:44.080>0.01]21062it [8:25:33,  2.71s/it, bound:1233 nc:512 ncall:9.6e+06 eff:0.2% logz-ratio=385163.32+/-0.05 dlogz:43.972>0.01]21068it [8:25:33,  1.76s/it, bound:1233 nc:515 ncall:9.7e+06 eff:0.2% logz-ratio=385163.47+/-0.08 dlogz:43.807>0.01]21073it [8:25:51,  1.76s/it, bound:1234 nc:  1 ncall:9.7e+06 eff:0.2% logz-ratio=385200.87+/-0.64 dlogz:0.775>0.01] 21074it [8:26:08,  3.14s/it, bound:1234 nc:467 ncall:9.7e+06 eff:0.2% logz-ratio=385163.61+/-0.04 dlogz:43.652>0.01]21081it [8:26:08,  2.02s/it, bound:1234 nc:  1 ncall:9.7e+06 eff:0.2% logz-ratio=385171.69+/-0.31 dlogz:34.637>0.01]21088it [8:26:08,  1.34s/it, bound:1234 nc:511 ncall:9.7e+06 eff:0.2% logz-ratio=385163.92+/-0.04 dlogz:43.320>0.01]21089it [8:26:21,  1.34s/it, bound:1235 nc:  1 ncall:9.7e+06 eff:0.2% logz-ratio=385200.84+/-0.64 dlogz:0.775>0.01] 21090it [8:26:45,  3.44s/it, bound:1235 nc:493 ncall:9.7e+06 eff:0.2% logz-ratio=385163.96+/-0.04 dlogz:43.276>0.01]21096it [8:26:46,  2.27s/it, bound:1235 nc:  1 ncall:9.7e+06 eff:0.2% logz-ratio=385174.68+/-0.32 dlogz:31.308>0.01]21103it [8:26:46,  1.45s/it, bound:1235 nc:441 ncall:9.7e+06 eff:0.2% logz-ratio=385164.21+/-0.06 dlogz:42.998>0.01]21105it [8:27:01,  1.45s/it, bound:1236 nc:506 ncall:9.7e+06 eff:0.2% logz-ratio=385164.24+/-0.04 dlogz:42.959>0.01]21106it [8:27:19,  3.23s/it, bound:1236 nc:514 ncall:9.7e+06 eff:0.2% logz-ratio=385164.26+/-0.05 dlogz:42.939>0.01]21112it [8:27:20,  2.13s/it, bound:1236 nc:  1 ncall:9.7e+06 eff:0.2% logz-ratio=385173.60+/-0.32 dlogz:32.463>0.01]21119it [8:27:20,  1.36s/it, bound:1236 nc:461 ncall:9.7e+06 eff:0.2% logz-ratio=385164.49+/-0.04 dlogz:42.681>0.01]21121it [8:27:31,  1.36s/it, bound:1237 nc:  1 ncall:9.7e+06 eff:0.2% logz-ratio=385200.78+/-0.67 dlogz:0.769>0.01] 21122it [8:27:58,  3.43s/it, bound:1237 nc:498 ncall:9.7e+06 eff:0.2% logz-ratio=385164.56+/-0.04 dlogz:42.613>0.01]21127it [8:27:58,  2.40s/it, bound:1237 nc:  1 ncall:9.7e+06 eff:0.2% logz-ratio=385173.58+/-0.32 dlogz:32.487>0.01]21133it [8:27:58,  1.59s/it, bound:1237 nc:534 ncall:9.7e+06 eff:0.2% logz-ratio=385164.77+/-0.04 dlogz:42.371>0.01]21137it [8:28:11,  1.59s/it, bound:1238 nc:527 ncall:9.7e+06 eff:0.2% logz-ratio=385164.85+/-0.04 dlogz:42.287>0.01]21138it [8:28:44,  3.77s/it, bound:1238 nc:525 ncall:9.7e+06 eff:0.2% logz-ratio=385164.87+/-0.06 dlogz:42.266>0.01]21142it [8:28:44,  2.84s/it, bound:1238 nc:  1 ncall:9.7e+06 eff:0.2% logz-ratio=385181.56+/-0.33 dlogz:23.657>0.01]21148it [8:28:44,  1.86s/it, bound:1238 nc:  1 ncall:9.7e+06 eff:0.2% logz-ratio=385167.10+/-0.29 dlogz:39.762>0.01]21153it [8:29:01,  1.86s/it, bound:1239 nc:658 ncall:9.7e+06 eff:0.2% logz-ratio=385165.17+/-0.04 dlogz:41.938>0.01]21154it [8:29:23,  3.38s/it, bound:1239 nc:573 ncall:9.7e+06 eff:0.2% logz-ratio=385165.19+/-0.06 dlogz:41.916>0.01]21158it [8:29:23,  2.58s/it, bound:1239 nc:  1 ncall:9.7e+06 eff:0.2% logz-ratio=385176.65+/-0.32 dlogz:29.085>0.01]21164it [8:29:23,  1.71s/it, bound:1239 nc:564 ncall:9.7e+06 eff:0.2% logz-ratio=385165.38+/-0.06 dlogz:41.706>0.01]21169it [8:29:41,  1.71s/it, bound:1240 nc:554 ncall:9.7e+06 eff:0.2% logz-ratio=385165.47+/-0.04 dlogz:41.604>0.01]21170it [8:30:00,  3.17s/it, bound:1240 nc:556 ncall:9.7e+06 eff:0.2% logz-ratio=385165.48+/-0.06 dlogz:41.585>0.01]21175it [8:30:00,  2.29s/it, bound:1240 nc:  1 ncall:9.7e+06 eff:0.2% logz-ratio=385167.15+/-0.27 dlogz:39.704>0.01]21182it [8:30:00,  1.47s/it, bound:1240 nc:504 ncall:9.7e+06 eff:0.2% logz-ratio=385165.69+/-0.04 dlogz:41.360>0.01]21185it [8:30:11,  1.47s/it, bound:1241 nc:395 ncall:9.7e+06 eff:0.2% logz-ratio=385165.74+/-0.05 dlogz:41.301>0.01]21186it [8:30:38,  3.30s/it, bound:1241 nc:449 ncall:9.7e+06 eff:0.2% logz-ratio=385165.76+/-0.07 dlogz:41.281>0.01]21187it [8:30:51,  4.00s/it, bound:1241 nc:415 ncall:9.7e+06 eff:0.2% logz-ratio=385165.77+/-0.04 dlogz:41.262>0.01]21192it [8:30:51,  2.62s/it, bound:1241 nc:  1 ncall:9.7e+06 eff:0.2% logz-ratio=385172.50+/-0.32 dlogz:33.736>0.01]21198it [8:30:51,  1.64s/it, bound:1241 nc:570 ncall:9.7e+06 eff:0.2% logz-ratio=385165.96+/-0.05 dlogz:41.057>0.01]21201it [8:31:11,  1.64s/it, bound:1242 nc:509 ncall:9.7e+06 eff:0.2% logz-ratio=385166.00+/-0.04 dlogz:41.002>0.01]21202it [8:31:31,  3.80s/it, bound:1242 nc:479 ncall:9.7e+06 eff:0.2% logz-ratio=385166.02+/-0.05 dlogz:40.984>0.01]21207it [8:31:31,  2.59s/it, bound:1242 nc:  1 ncall:9.7e+06 eff:0.2% logz-ratio=385168.59+/-0.30 dlogz:38.120>0.01]21213it [8:31:31,  1.68s/it, bound:1242 nc:486 ncall:9.7e+06 eff:0.2% logz-ratio=385166.21+/-0.05 dlogz:40.776>0.01]21217it [8:31:41,  1.68s/it, bound:1243 nc:  1 ncall:9.7e+06 eff:0.2% logz-ratio=385200.59+/-0.69 dlogz:0.769>0.01] 21218it [8:32:08,  3.39s/it, bound:1243 nc:539 ncall:9.7e+06 eff:0.2% logz-ratio=385166.29+/-0.04 dlogz:40.682>0.01]21223it [8:32:08,  2.39s/it, bound:1243 nc:  1 ncall:9.7e+06 eff:0.2% logz-ratio=385174.72+/-0.32 dlogz:31.283>0.01]21229it [8:32:08,  1.59s/it, bound:1243 nc:  1 ncall:9.7e+06 eff:0.2% logz-ratio=385167.84+/-0.26 dlogz:38.941>0.01]21231it [8:32:21,  1.59s/it, bound:1243 nc:  1 ncall:9.7e+06 eff:0.2% logz-ratio=385200.57+/-0.71 dlogz:0.768>0.01] 21232it [8:32:48,  3.85s/it, bound:1244 nc:988 ncall:9.7e+06 eff:0.2% logz-ratio=385166.52+/-0.04 dlogz:40.421>0.01]21235it [8:32:48,  3.02s/it, bound:1244 nc:486 ncall:9.7e+06 eff:0.2% logz-ratio=385166.57+/-0.04 dlogz:40.366>0.01]21243it [8:32:48,  1.66s/it, bound:1244 nc:  1 ncall:9.7e+06 eff:0.2% logz-ratio=385170.97+/-0.31 dlogz:35.426>0.01]21247it [8:33:01,  1.66s/it, bound:1245 nc:567 ncall:9.7e+06 eff:0.2% logz-ratio=385166.77+/-0.04 dlogz:40.149>0.01]21248it [8:33:26,  3.35s/it, bound:1245 nc:527 ncall:9.7e+06 eff:0.2% logz-ratio=385166.78+/-0.05 dlogz:40.131>0.01]21251it [8:33:26,  2.69s/it, bound:1245 nc:  1 ncall:9.7e+06 eff:0.2% logz-ratio=385188.19+/-0.35 dlogz:15.911>0.01]21256it [8:33:26,  1.84s/it, bound:1245 nc:479 ncall:9.7e+06 eff:0.2% logz-ratio=385166.92+/-0.04 dlogz:39.975>0.01]21261it [8:33:26,  1.27s/it, bound:1245 nc:569 ncall:9.8e+06 eff:0.2% logz-ratio=385167.01+/-0.04 dlogz:39.874>0.01]21263it [8:33:41,  1.27s/it, bound:1246 nc:476 ncall:9.8e+06 eff:0.2% logz-ratio=385167.05+/-0.04 dlogz:39.834>0.01]21264it [8:34:06,  3.82s/it, bound:1246 nc:471 ncall:9.8e+06 eff:0.2% logz-ratio=385167.07+/-0.06 dlogz:39.814>0.01]21269it [8:34:06,  2.54s/it, bound:1246 nc:  1 ncall:9.8e+06 eff:0.2% logz-ratio=385172.14+/-0.31 dlogz:34.123>0.01]21275it [8:34:06,  1.62s/it, bound:1246 nc:483 ncall:9.8e+06 eff:0.2% logz-ratio=385167.28+/-0.04 dlogz:39.580>0.01]21279it [8:34:21,  1.62s/it, bound:1247 nc:  1 ncall:9.8e+06 eff:0.2% logz-ratio=385200.47+/-0.71 dlogz:0.768>0.01] 21280it [8:34:42,  3.30s/it, bound:1247 nc:440 ncall:9.8e+06 eff:0.2% logz-ratio=385167.38+/-0.04 dlogz:39.472>0.01]21288it [8:34:42,  1.96s/it, bound:1247 nc:  1 ncall:9.8e+06 eff:0.2% logz-ratio=385171.90+/-0.31 dlogz:34.394>0.01]21294it [8:34:42,  1.37s/it, bound:1248 nc:504 ncall:9.8e+06 eff:0.2% logz-ratio=385167.66+/-0.06 dlogz:39.168>0.01]21294it [8:35:01,  1.37s/it, bound:1248 nc:  1 ncall:9.8e+06 eff:0.2% logz-ratio=385200.44+/-0.71 dlogz:0.768>0.01] 21295it [8:35:22,  3.96s/it, bound:1248 nc:516 ncall:9.8e+06 eff:0.2% logz-ratio=385167.68+/-0.04 dlogz:39.145>0.01]21301it [8:35:22,  2.51s/it, bound:1248 nc:  1 ncall:9.8e+06 eff:0.2% logz-ratio=385171.79+/-0.31 dlogz:34.525>0.01]21307it [8:35:22,  1.65s/it, bound:1248 nc:587 ncall:9.8e+06 eff:0.2% logz-ratio=385167.91+/-0.06 dlogz:38.883>0.01]21310it [8:35:41,  1.65s/it, bound:1249 nc:  1 ncall:9.8e+06 eff:0.2% logz-ratio=385200.41+/-0.72 dlogz:0.768>0.01] 21311it [8:36:04,  3.82s/it, bound:1249 nc:484 ncall:9.8e+06 eff:0.2% logz-ratio=385167.99+/-0.04 dlogz:38.796>0.01]21315it [8:36:04,  2.83s/it, bound:1249 nc:534 ncall:9.8e+06 eff:0.2% logz-ratio=385168.07+/-0.04 dlogz:38.710>0.01]21321it [8:36:04,  1.82s/it, bound:1249 nc:610 ncall:9.8e+06 eff:0.2% logz-ratio=385168.19+/-0.04 dlogz:38.578>0.01]21326it [8:36:04,  1.28s/it, bound:1250 nc:  1 ncall:9.8e+06 eff:0.2% logz-ratio=385176.12+/-0.32 dlogz:29.668>0.01]21326it [8:36:21,  1.28s/it, bound:1250 nc:  1 ncall:9.8e+06 eff:0.2% logz-ratio=385200.38+/-0.72 dlogz:0.768>0.01] 21327it [8:36:46,  4.47s/it, bound:1250 nc:578 ncall:9.8e+06 eff:0.2% logz-ratio=385168.30+/-0.04 dlogz:38.455>0.01]21331it [8:36:46,  3.09s/it, bound:1250 nc:615 ncall:9.8e+06 eff:0.2% logz-ratio=385168.37+/-0.04 dlogz:38.376>0.01]21336it [8:36:46,  2.00s/it, bound:1250 nc:  1 ncall:9.8e+06 eff:0.2% logz-ratio=385178.64+/-0.32 dlogz:26.767>0.01]21342it [8:36:46,  1.25s/it, bound:1251 nc:  1 ncall:9.8e+06 eff:0.2% logz-ratio=385171.03+/-0.30 dlogz:35.378>0.01]21342it [8:37:01,  1.25s/it, bound:1251 nc:  1 ncall:9.8e+06 eff:0.2% logz-ratio=385200.34+/-0.72 dlogz:0.768>0.01] 21343it [8:37:28,  4.58s/it, bound:1251 nc:563 ncall:9.8e+06 eff:0.2% logz-ratio=385168.57+/-0.04 dlogz:38.156>0.01]21348it [8:37:28,  2.88s/it, bound:1251 nc:  1 ncall:9.8e+06 eff:0.2% logz-ratio=385173.82+/-0.32 dlogz:32.254>0.01]21354it [8:37:28,  1.77s/it, bound:1251 nc:560 ncall:9.8e+06 eff:0.2% logz-ratio=385168.75+/-0.05 dlogz:37.952>0.01]21358it [8:37:41,  1.77s/it, bound:1252 nc:  1 ncall:9.8e+06 eff:0.2% logz-ratio=385200.32+/-0.75 dlogz:0.765>0.01] 21359it [8:38:07,  3.67s/it, bound:1252 nc:543 ncall:9.8e+06 eff:0.2% logz-ratio=385168.83+/-0.04 dlogz:37.858>0.01]21364it [8:38:07,  2.53s/it, bound:1252 nc:  1 ncall:9.8e+06 eff:0.2% logz-ratio=385175.85+/-0.32 dlogz:32.128>0.01]21370it [8:38:07,  1.66s/it, bound:1252 nc:553 ncall:9.8e+06 eff:0.2% logz-ratio=385169.02+/-0.05 dlogz:39.798>0.01]21374it [8:38:21,  1.66s/it, bound:1253 nc:  1 ncall:9.8e+06 eff:0.2% logz-ratio=385202.16+/-0.92 dlogz:0.922>0.01] 21375it [8:38:46,  3.47s/it, bound:1253 nc:498 ncall:9.8e+06 eff:0.2% logz-ratio=385169.10+/-0.04 dlogz:39.708>0.01]21380it [8:38:46,  2.45s/it, bound:1253 nc:  1 ncall:9.8e+06 eff:0.2% logz-ratio=385173.10+/-0.31 dlogz:35.188>0.01]21386it [8:38:46,  1.63s/it, bound:1253 nc:494 ncall:9.8e+06 eff:0.2% logz-ratio=385169.27+/-0.04 dlogz:39.511>0.01]21390it [8:39:01,  1.63s/it, bound:1254 nc:576 ncall:9.8e+06 eff:0.2% logz-ratio=385169.34+/-0.04 dlogz:39.440>0.01]21391it [8:39:22,  3.20s/it, bound:1254 nc:415 ncall:9.8e+06 eff:0.2% logz-ratio=385169.35+/-0.05 dlogz:39.422>0.01]21394it [8:39:22,  2.58s/it, bound:1254 nc:  1 ncall:9.8e+06 eff:0.2% logz-ratio=385180.22+/-0.33 dlogz:27.169>0.01]21399it [8:39:22,  1.76s/it, bound:1254 nc:471 ncall:9.8e+06 eff:0.2% logz-ratio=385169.48+/-0.06 dlogz:39.278>0.01]21404it [8:39:22,  1.22s/it, bound:1254 nc:509 ncall:9.8e+06 eff:0.2% logz-ratio=385169.56+/-0.05 dlogz:39.185>0.01]21406it [8:39:41,  1.22s/it, bound:1255 nc:477 ncall:9.8e+06 eff:0.2% logz-ratio=385169.60+/-0.04 dlogz:39.148>0.01]21407it [8:40:01,  3.70s/it, bound:1255 nc:524 ncall:9.8e+06 eff:0.2% logz-ratio=385169.61+/-0.05 dlogz:39.130>0.01]21412it [8:40:01,  2.46s/it, bound:1255 nc:  1 ncall:9.8e+06 eff:0.2% logz-ratio=385170.75+/-0.25 dlogz:37.838>0.01]21417it [8:40:01,  1.68s/it, bound:1255 nc:484 ncall:9.8e+06 eff:0.2% logz-ratio=385169.78+/-0.04 dlogz:38.948>0.01]21421it [8:40:21,  1.68s/it, bound:1256 nc:  1 ncall:9.8e+06 eff:0.2% logz-ratio=385202.07+/-0.95 dlogz:0.921>0.01] 21422it [8:40:39,  3.51s/it, bound:1256 nc:506 ncall:9.8e+06 eff:0.2% logz-ratio=385169.86+/-0.04 dlogz:38.850>0.01]21429it [8:40:39,  2.15s/it, bound:1256 nc:  1 ncall:9.8e+06 eff:0.2% logz-ratio=385173.73+/-0.31 dlogz:34.473>0.01]21435it [8:40:39,  1.47s/it, bound:1256 nc:509 ncall:9.8e+06 eff:0.2% logz-ratio=385170.07+/-0.05 dlogz:38.612>0.01]21437it [8:40:51,  1.47s/it, bound:1257 nc:498 ncall:9.8e+06 eff:0.2% logz-ratio=385170.11+/-0.05 dlogz:38.576>0.01]21438it [8:41:21,  3.82s/it, bound:1257 nc:556 ncall:9.8e+06 eff:0.2% logz-ratio=385170.12+/-0.06 dlogz:38.558>0.01]21439it [8:41:36,  4.72s/it, bound:1257 nc:575 ncall:9.8e+06 eff:0.2% logz-ratio=385170.14+/-0.04 dlogz:38.539>0.01]21444it [8:41:36,  2.99s/it, bound:1257 nc:  1 ncall:9.8e+06 eff:0.2% logz-ratio=385175.93+/-0.32 dlogz:32.005>0.01]21449it [8:41:36,  1.97s/it, bound:1257 nc:572 ncall:9.8e+06 eff:0.2% logz-ratio=385170.30+/-0.04 dlogz:38.358>0.01]21453it [8:41:51,  1.97s/it, bound:1258 nc:573 ncall:9.9e+06 eff:0.2% logz-ratio=385170.36+/-0.04 dlogz:38.289>0.01]21454it [8:42:15,  3.90s/it, bound:1258 nc:441 ncall:9.9e+06 eff:0.2% logz-ratio=385170.38+/-0.05 dlogz:38.272>0.01]21458it [8:42:15,  2.84s/it, bound:1258 nc:  1 ncall:9.9e+06 eff:0.2% logz-ratio=385176.43+/-0.32 dlogz:31.441>0.01]21463it [8:42:16,  1.91s/it, bound:1258 nc:479 ncall:9.9e+06 eff:0.2% logz-ratio=385170.51+/-0.04 dlogz:38.122>0.01]21468it [8:42:31,  1.91s/it, bound:1259 nc:542 ncall:9.9e+06 eff:0.2% logz-ratio=385170.59+/-0.04 dlogz:38.035>0.01]21469it [8:42:57,  3.71s/it, bound:1259 nc:586 ncall:9.9e+06 eff:0.2% logz-ratio=385170.60+/-0.05 dlogz:38.017>0.01]21471it [8:42:57,  3.17s/it, bound:1259 nc:  1 ncall:9.9e+06 eff:0.2% logz-ratio=385198.97+/-0.60 dlogz:4.521>0.01] 21475it [8:42:57,  2.24s/it, bound:1259 nc:  1 ncall:9.9e+06 eff:0.2% logz-ratio=385173.61+/-0.31 dlogz:34.605>0.01]21479it [8:42:57,  1.59s/it, bound:1259 nc:616 ncall:9.9e+06 eff:0.2% logz-ratio=385170.76+/-0.05 dlogz:37.842>0.01]21483it [8:42:57,  1.12s/it, bound:1259 nc:588 ncall:9.9e+06 eff:0.2% logz-ratio=385170.82+/-0.05 dlogz:37.773>0.01]21484it [8:43:11,  1.12s/it, bound:1260 nc:625 ncall:9.9e+06 eff:0.2% logz-ratio=385170.83+/-0.04 dlogz:37.756>0.01]21485it [8:43:45,  5.06s/it, bound:1260 nc:616 ncall:9.9e+06 eff:0.2% logz-ratio=385170.85+/-0.05 dlogz:37.739>0.01]21487it [8:43:45,  4.06s/it, bound:1260 nc:  1 ncall:9.9e+06 eff:0.2% logz-ratio=385185.68+/-0.33 dlogz:20.898>0.01]21491it [8:43:45,  2.59s/it, bound:1260 nc:  1 ncall:9.9e+06 eff:0.2% logz-ratio=385173.10+/-0.29 dlogz:35.184>0.01]21495it [8:43:45,  1.71s/it, bound:1260 nc:  1 ncall:9.9e+06 eff:0.2% logz-ratio=385181.47+/-0.32 dlogz:25.718>0.01]21499it [8:43:45,  1.16s/it, bound:1260 nc:  1 ncall:9.9e+06 eff:0.2% logz-ratio=385192.47+/-0.36 dlogz:12.986>0.01]21500it [8:44:01,  1.16s/it, bound:1261 nc:677 ncall:9.9e+06 eff:0.2% logz-ratio=385171.08+/-0.04 dlogz:37.476>0.01]21501it [8:44:25,  4.73s/it, bound:1261 nc:554 ncall:9.9e+06 eff:0.2% logz-ratio=385171.10+/-0.05 dlogz:37.457>0.01]21505it [8:44:25,  3.07s/it, bound:1261 nc:  1 ncall:9.9e+06 eff:0.2% logz-ratio=385174.53+/-0.31 dlogz:33.589>0.01]21509it [8:44:25,  2.05s/it, bound:1261 nc:  1 ncall:9.9e+06 eff:0.2% logz-ratio=385176.71+/-0.32 dlogz:31.104>0.01]21514it [8:44:25,  1.29s/it, bound:1261 nc:488 ncall:9.9e+06 eff:0.2% logz-ratio=385171.31+/-0.04 dlogz:37.218>0.01]21515it [8:44:41,  1.29s/it, bound:1262 nc:  1 ncall:9.9e+06 eff:0.2% logz-ratio=385202.00+/-0.86 dlogz:0.848>0.01] 21516it [8:45:04,  4.51s/it, bound:1262 nc:577 ncall:9.9e+06 eff:0.2% logz-ratio=385171.34+/-0.04 dlogz:37.182>0.01]21521it [8:45:04,  2.78s/it, bound:1262 nc:  1 ncall:9.9e+06 eff:0.2% logz-ratio=385177.10+/-0.32 dlogz:30.652>0.01]21526it [8:45:04,  1.80s/it, bound:1262 nc:  1 ncall:9.9e+06 eff:0.2% logz-ratio=385197.23+/-0.41 dlogz:6.829>0.01] 21530it [8:45:21,  1.80s/it, bound:1263 nc:606 ncall:9.9e+06 eff:0.2% logz-ratio=385171.56+/-0.04 dlogz:36.937>0.01]21531it [8:45:48,  4.12s/it, bound:1263 nc:497 ncall:9.9e+06 eff:0.2% logz-ratio=385171.57+/-0.05 dlogz:36.920>0.01]21533it [8:45:48,  3.47s/it, bound:1263 nc:  1 ncall:9.9e+06 eff:0.2% logz-ratio=385184.55+/-0.33 dlogz:22.188>0.01]21537it [8:45:48,  2.38s/it, bound:1263 nc:  1 ncall:9.9e+06 eff:0.2% logz-ratio=385181.48+/-0.32 dlogz:25.697>0.01]21542it [8:45:48,  1.53s/it, bound:1263 nc:530 ncall:9.9e+06 eff:0.2% logz-ratio=385171.74+/-0.04 dlogz:36.735>0.01]21546it [8:46:01,  1.53s/it, bound:1264 nc:537 ncall:9.9e+06 eff:0.2% logz-ratio=385171.80+/-0.04 dlogz:36.666>0.01]21547it [8:46:33,  4.08s/it, bound:1264 nc:583 ncall:9.9e+06 eff:0.2% logz-ratio=385171.81+/-0.05 dlogz:36.649>0.01]21549it [8:46:34,  3.42s/it, bound:1264 nc:  1 ncall:9.9e+06 eff:0.2% logz-ratio=385182.66+/-0.33 dlogz:24.338>0.01]21553it [8:46:34,  2.34s/it, bound:1264 nc:  1 ncall:9.9e+06 eff:0.2% logz-ratio=385174.28+/-0.30 dlogz:33.865>0.01]21557it [8:46:34,  1.62s/it, bound:1264 nc:577 ncall:9.9e+06 eff:0.2% logz-ratio=385171.96+/-0.05 dlogz:36.484>0.01]21561it [8:46:34,  1.13s/it, bound:1264 nc:  1 ncall:9.9e+06 eff:0.2% logz-ratio=385181.24+/-0.32 dlogz:25.975>0.01]21562it [8:46:51,  1.13s/it, bound:1265 nc:505 ncall:9.9e+06 eff:0.2% logz-ratio=385172.03+/-0.04 dlogz:36.401>0.01]21563it [8:47:15,  4.62s/it, bound:1265 nc:563 ncall:9.9e+06 eff:0.2% logz-ratio=385172.05+/-0.05 dlogz:36.384>0.01]21567it [8:47:15,  3.05s/it, bound:1265 nc:  1 ncall:9.9e+06 eff:0.2% logz-ratio=385175.17+/-0.31 dlogz:32.877>0.01]21571it [8:47:15,  2.06s/it, bound:1265 nc:  1 ncall:9.9e+06 eff:0.2% logz-ratio=385181.79+/-0.32 dlogz:25.317>0.01]21575it [8:47:15,  1.42s/it, bound:1265 nc:512 ncall:9.9e+06 eff:0.2% logz-ratio=385172.24+/-0.04 dlogz:36.170>0.01]21577it [8:47:31,  1.42s/it, bound:1266 nc:  1 ncall:9.9e+06 eff:0.2% logz-ratio=385201.88+/-0.88 dlogz:0.847>0.01] 21578it [8:48:05,  5.27s/it, bound:1266 nc:612 ncall:9.9e+06 eff:0.2% logz-ratio=385172.29+/-0.04 dlogz:36.113>0.01]21581it [8:48:05,  3.87s/it, bound:1266 nc:  1 ncall:9.9e+06 eff:0.2% logz-ratio=385181.49+/-0.32 dlogz:25.680>0.01]21585it [8:48:05,  2.58s/it, bound:1266 nc:680 ncall:9.9e+06 eff:0.2% logz-ratio=385172.41+/-0.06 dlogz:35.976>0.01]21589it [8:48:05,  1.75s/it, bound:1266 nc:614 ncall:9.9e+06 eff:0.2% logz-ratio=385172.48+/-0.05 dlogz:35.899>0.01]21593it [8:48:05,  1.21s/it, bound:1267 nc:685 ncall:9.9e+06 eff:0.2% logz-ratio=385172.55+/-0.05 dlogz:35.823>0.01]21593it [8:48:21,  1.21s/it, bound:1267 nc:  1 ncall:9.9e+06 eff:0.2% logz-ratio=385201.85+/-0.89 dlogz:0.847>0.01] 21594it [8:48:49,  5.54s/it, bound:1267 nc:514 ncall:9.9e+06 eff:0.2% logz-ratio=385172.57+/-0.04 dlogz:35.804>0.01]21598it [8:48:49,  3.52s/it, bound:1267 nc:623 ncall:9.9e+06 eff:0.2% logz-ratio=385172.63+/-0.04 dlogz:35.731>0.01]21603it [8:48:49,  2.13s/it, bound:1267 nc:  1 ncall:9.9e+06 eff:0.2% logz-ratio=385176.87+/-0.31 dlogz:30.922>0.01]21607it [8:48:49,  1.48s/it, bound:1267 nc:494 ncall:9.9e+06 eff:0.2% logz-ratio=385172.77+/-0.04 dlogz:35.571>0.01]21608it [8:49:01,  1.48s/it, bound:1268 nc:  1 ncall:9.9e+06 eff:0.2% logz-ratio=385202.15+/-0.68 dlogz:0.669>0.01] 21609it [8:49:31,  4.99s/it, bound:1268 nc:554 ncall:9.9e+06 eff:0.2% logz-ratio=385172.80+/-0.04 dlogz:35.535>0.01]21614it [8:49:31,  3.03s/it, bound:1268 nc:  1 ncall:9.9e+06 eff:0.2% logz-ratio=385174.85+/-0.29 dlogz:33.238>0.01]21619it [8:49:31,  1.94s/it, bound:1268 nc:  1 ncall:9.9e+06 eff:0.2% logz-ratio=385177.97+/-0.32 dlogz:29.665>0.01]21624it [8:49:31,  1.29s/it, bound:1269 nc:519 ncall:1.0e+07 eff:0.2% logz-ratio=385173.05+/-0.04 dlogz:35.257>0.01]21624it [8:49:51,  1.29s/it, bound:1269 nc:519 ncall:1.0e+07 eff:0.2% logz-ratio=385173.05+/-0.04 dlogz:35.257>0.01]21625it [8:50:10,  4.61s/it, bound:1269 nc:492 ncall:1.0e+07 eff:0.2% logz-ratio=385173.07+/-0.06 dlogz:35.238>0.01]21629it [8:50:10,  3.07s/it, bound:1269 nc:541 ncall:1.0e+07 eff:0.2% logz-ratio=385173.14+/-0.04 dlogz:35.160>0.01]21634it [8:50:10,  1.93s/it, bound:1269 nc:  1 ncall:1.0e+07 eff:0.2% logz-ratio=385182.13+/-0.32 dlogz:24.952>0.01]21640it [8:50:21,  1.93s/it, bound:1270 nc:  1 ncall:1.0e+07 eff:0.2% logz-ratio=385202.09+/-0.70 dlogz:0.669>0.01] 21641it [8:50:53,  3.70s/it, bound:1270 nc:551 ncall:1.0e+07 eff:0.2% logz-ratio=385173.34+/-0.04 dlogz:34.937>0.01]21646it [8:50:53,  2.58s/it, bound:1270 nc:  1 ncall:1.0e+07 eff:0.2% logz-ratio=385179.97+/-0.32 dlogz:27.412>0.01]21651it [8:50:53,  1.80s/it, bound:1270 nc:539 ncall:1.0e+07 eff:0.2% logz-ratio=385173.50+/-0.04 dlogz:34.758>0.01]21656it [8:50:53,  1.27s/it, bound:1271 nc:  1 ncall:1.0e+07 eff:0.2% logz-ratio=385177.92+/-0.31 dlogz:29.722>0.01]21656it [8:51:11,  1.27s/it, bound:1271 nc:  1 ncall:1.0e+07 eff:0.2% logz-ratio=385202.06+/-0.70 dlogz:0.669>0.01] 21657it [8:51:36,  4.61s/it, bound:1271 nc:597 ncall:1.0e+07 eff:0.2% logz-ratio=385173.60+/-0.04 dlogz:34.646>0.01]21659it [8:51:50,  5.03s/it, bound:1271 nc:618 ncall:1.0e+07 eff:0.2% logz-ratio=385173.63+/-0.04 dlogz:34.607>0.01]21664it [8:51:50,  3.03s/it, bound:1271 nc:  1 ncall:1.0e+07 eff:0.2% logz-ratio=385179.36+/-0.32 dlogz:28.090>0.01]21669it [8:51:50,  1.94s/it, bound:1271 nc:580 ncall:1.0e+07 eff:0.2% logz-ratio=385173.80+/-0.04 dlogz:34.415>0.01]21672it [8:52:01,  1.94s/it, bound:1272 nc:  1 ncall:1.0e+07 eff:0.2% logz-ratio=385202.03+/-0.70 dlogz:0.669>0.01] 21673it [8:52:34,  4.57s/it, bound:1272 nc:540 ncall:1.0e+07 eff:0.2% logz-ratio=385173.87+/-0.04 dlogz:34.341>0.01]21678it [8:52:34,  3.01s/it, bound:1272 nc:  1 ncall:1.0e+07 eff:0.2% logz-ratio=385180.83+/-0.32 dlogz:26.441>0.01]21683it [8:52:34,  2.03s/it, bound:1272 nc:624 ncall:1.0e+07 eff:0.2% logz-ratio=385174.04+/-0.04 dlogz:34.154>0.01]21687it [8:52:51,  2.03s/it, bound:1272 nc:461 ncall:1.0e+07 eff:0.2% logz-ratio=385174.11+/-0.04 dlogz:34.078>0.01]21688it [8:53:18,  4.17s/it, bound:1273 nc:1194 ncall:1.0e+07 eff:0.2% logz-ratio=385174.12+/-0.05 dlogz:34.059>0.01]21692it [8:53:18,  3.06s/it, bound:1273 nc:  1 ncall:1.0e+07 eff:0.2% logz-ratio=385177.04+/-0.31 dlogz:30.729>0.01] 21697it [8:53:18,  2.08s/it, bound:1273 nc:607 ncall:1.0e+07 eff:0.2% logz-ratio=385174.27+/-0.04 dlogz:33.889>0.01]21702it [8:53:18,  1.43s/it, bound:1273 nc:  1 ncall:1.0e+07 eff:0.2% logz-ratio=385177.97+/-0.31 dlogz:29.665>0.01]21703it [8:53:31,  1.43s/it, bound:1274 nc:582 ncall:1.0e+07 eff:0.2% logz-ratio=385174.38+/-0.04 dlogz:33.774>0.01]21704it [8:54:05,  4.81s/it, bound:1274 nc:538 ncall:1.0e+07 eff:0.2% logz-ratio=385174.40+/-0.05 dlogz:33.755>0.01]21706it [8:54:05,  3.95s/it, bound:1274 nc:  1 ncall:1.0e+07 eff:0.2% logz-ratio=385181.23+/-0.32 dlogz:25.983>0.01]21710it [8:54:05,  2.62s/it, bound:1274 nc:529 ncall:1.0e+07 eff:0.2% logz-ratio=385174.49+/-0.05 dlogz:33.643>0.01]21714it [8:54:05,  1.78s/it, bound:1274 nc:623 ncall:1.0e+07 eff:0.2% logz-ratio=385174.56+/-0.05 dlogz:33.567>0.01]21718it [8:54:06,  1.22s/it, bound:1274 nc:649 ncall:1.0e+07 eff:0.2% logz-ratio=385174.63+/-0.05 dlogz:33.494>0.01]21719it [8:54:21,  1.22s/it, bound:1275 nc:601 ncall:1.0e+07 eff:0.2% logz-ratio=385174.65+/-0.04 dlogz:33.475>0.01]21720it [8:54:51,  5.20s/it, bound:1275 nc:598 ncall:1.0e+07 eff:0.2% logz-ratio=385174.66+/-0.05 dlogz:33.456>0.01]21723it [8:54:51,  3.73s/it, bound:1275 nc:600 ncall:1.0e+07 eff:0.2% logz-ratio=385174.71+/-0.04 dlogz:33.399>0.01]21728it [8:54:51,  2.24s/it, bound:1275 nc:  1 ncall:1.0e+07 eff:0.2% logz-ratio=385186.48+/-0.33 dlogz:19.941>0.01]21734it [8:54:51,  1.33s/it, bound:1275 nc:  1 ncall:1.0e+07 eff:0.2% logz-ratio=385174.91+/-0.07 dlogz:33.155>0.01]21735it [8:55:11,  1.33s/it, bound:1276 nc:609 ncall:1.0e+07 eff:0.2% logz-ratio=385174.91+/-0.04 dlogz:33.174>0.01]21736it [8:55:34,  4.55s/it, bound:1276 nc:574 ncall:1.0e+07 eff:0.2% logz-ratio=385174.93+/-0.05 dlogz:33.155>0.01]21740it [8:55:34,  3.11s/it, bound:1276 nc:  1 ncall:1.0e+07 eff:0.2% logz-ratio=385181.35+/-0.32 dlogz:25.859>0.01]21745it [8:55:34,  1.99s/it, bound:1276 nc:623 ncall:1.0e+07 eff:0.2% logz-ratio=385175.07+/-0.04 dlogz:32.994>0.01]21750it [8:55:34,  1.32s/it, bound:1276 nc:  1 ncall:1.0e+07 eff:0.2% logz-ratio=385182.23+/-0.32 dlogz:24.846>0.01]21751it [8:55:51,  1.32s/it, bound:1277 nc:619 ncall:1.0e+07 eff:0.2% logz-ratio=385175.17+/-0.04 dlogz:32.889>0.01]21752it [8:56:16,  4.54s/it, bound:1277 nc:501 ncall:1.0e+07 eff:0.2% logz-ratio=385175.18+/-0.05 dlogz:32.871>0.01]21756it [8:56:16,  3.10s/it, bound:1277 nc:  1 ncall:1.0e+07 eff:0.2% logz-ratio=385178.13+/-0.31 dlogz:29.488>0.01]21761it [8:56:16,  1.99s/it, bound:1277 nc:  1 ncall:1.0e+07 eff:0.2% logz-ratio=385194.62+/-0.37 dlogz:10.274>0.01]21766it [8:56:16,  1.32s/it, bound:1277 nc:558 ncall:1.0e+07 eff:0.2% logz-ratio=385175.40+/-0.04 dlogz:32.625>0.01]21767it [8:56:31,  1.32s/it, bound:1278 nc:  1 ncall:1.0e+07 eff:0.2% logz-ratio=385201.93+/-0.68 dlogz:0.623>0.01] 21768it [8:56:56,  4.33s/it, bound:1278 nc:516 ncall:1.0e+07 eff:0.2% logz-ratio=385175.43+/-0.04 dlogz:32.590>0.01]21773it [8:56:56,  2.74s/it, bound:1278 nc:  1 ncall:1.0e+07 eff:0.2% logz-ratio=385188.75+/-0.33 dlogz:17.373>0.01]21779it [8:56:56,  1.69s/it, bound:1278 nc:  1 ncall:1.0e+07 eff:0.2% logz-ratio=385176.89+/-0.26 dlogz:30.908>0.01]21782it [8:57:11,  1.69s/it, bound:1279 nc:  1 ncall:1.0e+07 eff:0.2% logz-ratio=385201.91+/-0.69 dlogz:0.623>0.01] 21783it [8:57:34,  3.77s/it, bound:1279 nc:399 ncall:1.0e+07 eff:0.2% logz-ratio=385175.66+/-0.04 dlogz:32.330>0.01]21789it [8:57:34,  2.40s/it, bound:1279 nc:  1 ncall:1.0e+07 eff:0.2% logz-ratio=385183.69+/-0.32 dlogz:23.192>0.01]21795it [8:57:34,  1.58s/it, bound:1279 nc:448 ncall:1.0e+07 eff:0.2% logz-ratio=385175.84+/-0.05 dlogz:32.131>0.01]21798it [8:57:51,  1.58s/it, bound:1280 nc:451 ncall:1.0e+07 eff:0.2% logz-ratio=385175.88+/-0.05 dlogz:32.079>0.01]21799it [8:58:11,  3.49s/it, bound:1280 nc:481 ncall:1.0e+07 eff:0.2% logz-ratio=385175.90+/-0.06 dlogz:32.063>0.01]21805it [8:58:11,  2.29s/it, bound:1280 nc:  1 ncall:1.0e+07 eff:0.2% logz-ratio=385185.10+/-0.33 dlogz:21.520>0.01]21811it [8:58:11,  1.54s/it, bound:1280 nc:546 ncall:1.0e+07 eff:0.2% logz-ratio=385176.07+/-0.05 dlogz:31.868>0.01]21813it [8:58:31,  1.54s/it, bound:1281 nc:420 ncall:1.0e+07 eff:0.2% logz-ratio=385176.10+/-0.05 dlogz:31.835>0.01]21814it [8:58:48,  3.56s/it, bound:1281 nc:546 ncall:1.0e+07 eff:0.2% logz-ratio=385176.11+/-0.06 dlogz:31.818>0.01]21819it [8:58:48,  2.45s/it, bound:1281 nc:  1 ncall:1.0e+07 eff:0.2% logz-ratio=385181.27+/-0.32 dlogz:25.946>0.01]21826it [8:58:48,  1.51s/it, bound:1281 nc:512 ncall:1.0e+07 eff:0.2% logz-ratio=385176.28+/-0.04 dlogz:31.620>0.01]21829it [8:59:01,  1.51s/it, bound:1282 nc:  1 ncall:1.0e+07 eff:0.2% logz-ratio=385201.99+/-0.62 dlogz:0.545>0.01] 21830it [8:59:29,  3.62s/it, bound:1282 nc:525 ncall:1.0e+07 eff:0.2% logz-ratio=385176.34+/-0.04 dlogz:31.555>0.01]21835it [8:59:29,  2.54s/it, bound:1282 nc:  1 ncall:1.0e+07 eff:0.2% logz-ratio=385187.60+/-0.33 dlogz:18.671>0.01]21841it [8:59:29,  1.68s/it, bound:1282 nc:  1 ncall:1.0e+07 eff:0.2% logz-ratio=385180.92+/-0.32 dlogz:26.342>0.01]21845it [8:59:41,  1.68s/it, bound:1283 nc:  1 ncall:1.0e+07 eff:0.2% logz-ratio=385201.95+/-0.62 dlogz:0.545>0.01] 21846it [9:00:11,  3.58s/it, bound:1283 nc:550 ncall:1.0e+07 eff:0.2% logz-ratio=385176.56+/-0.04 dlogz:31.301>0.01]21851it [9:00:11,  2.55s/it, bound:1283 nc:  1 ncall:1.0e+07 eff:0.2% logz-ratio=385179.98+/-0.31 dlogz:27.404>0.01]21857it [9:00:11,  1.71s/it, bound:1283 nc:600 ncall:1.0e+07 eff:0.2% logz-ratio=385176.72+/-0.05 dlogz:31.126>0.01]21861it [9:00:31,  1.71s/it, bound:1284 nc:509 ncall:1.0e+07 eff:0.2% logz-ratio=385176.77+/-0.04 dlogz:31.060>0.01]21862it [9:00:53,  3.61s/it, bound:1284 nc:468 ncall:1.0e+07 eff:0.2% logz-ratio=385176.79+/-0.05 dlogz:31.043>0.01]21867it [9:00:53,  2.58s/it, bound:1284 nc:  1 ncall:1.0e+07 eff:0.2% logz-ratio=385184.03+/-0.32 dlogz:22.755>0.01]21872it [9:00:53,  1.83s/it, bound:1284 nc:519 ncall:1.0e+07 eff:0.2% logz-ratio=385176.95+/-0.04 dlogz:30.868>0.01]21876it [9:01:11,  1.83s/it, bound:1285 nc:561 ncall:1.0e+07 eff:0.2% logz-ratio=385177.01+/-0.04 dlogz:30.798>0.01]21877it [9:01:33,  3.65s/it, bound:1285 nc:576 ncall:1.0e+07 eff:0.2% logz-ratio=385177.02+/-0.05 dlogz:30.780>0.01]21881it [9:01:34,  2.73s/it, bound:1285 nc:  1 ncall:1.0e+07 eff:0.2% logz-ratio=385182.42+/-0.32 dlogz:24.622>0.01]21886it [9:01:34,  1.89s/it, bound:1285 nc:491 ncall:1.0e+07 eff:0.2% logz-ratio=385177.16+/-0.04 dlogz:30.624>0.01]21891it [9:01:34,  1.32s/it, bound:1285 nc:  1 ncall:1.0e+07 eff:0.2% logz-ratio=385182.34+/-0.32 dlogz:24.720>0.01]21892it [9:01:51,  1.32s/it, bound:1286 nc:505 ncall:1.0e+07 eff:0.2% logz-ratio=385177.25+/-0.04 dlogz:30.519>0.01]21893it [9:02:18,  4.41s/it, bound:1286 nc:630 ncall:1.0e+07 eff:0.2% logz-ratio=385177.27+/-0.05 dlogz:30.501>0.01]21894it [9:02:31,  5.24s/it, bound:1286 nc:574 ncall:1.0e+07 eff:0.2% logz-ratio=385177.29+/-0.04 dlogz:30.483>0.01]21899it [9:02:31,  3.11s/it, bound:1286 nc:  1 ncall:1.0e+07 eff:0.2% logz-ratio=385184.10+/-0.32 dlogz:22.695>0.01]21904it [9:02:31,  1.97s/it, bound:1286 nc:621 ncall:1.0e+07 eff:0.2% logz-ratio=385177.44+/-0.04 dlogz:30.307>0.01]21908it [9:02:41,  1.97s/it, bound:1287 nc:643 ncall:1.0e+07 eff:0.2% logz-ratio=385177.50+/-0.04 dlogz:30.239>0.01]21909it [9:03:13,  4.21s/it, bound:1287 nc:623 ncall:1.0e+07 eff:0.2% logz-ratio=385177.52+/-0.05 dlogz:30.222>0.01]21913it [9:03:13,  3.03s/it, bound:1287 nc:  1 ncall:1.0e+07 eff:0.2% logz-ratio=385185.47+/-0.33 dlogz:21.060>0.01]21919it [9:03:14,  1.89s/it, bound:1287 nc:592 ncall:1.0e+07 eff:0.2% logz-ratio=385177.66+/-0.04 dlogz:30.059>0.01]21924it [9:03:14,  1.31s/it, bound:1288 nc:  1 ncall:1.0e+07 eff:0.2% logz-ratio=385187.25+/-0.33 dlogz:19.029>0.01]21924it [9:03:31,  1.31s/it, bound:1288 nc:  1 ncall:1.0e+07 eff:0.2% logz-ratio=385201.86+/-0.63 dlogz:0.519>0.01] 21925it [9:03:56,  4.66s/it, bound:1288 nc:615 ncall:1.0e+07 eff:0.2% logz-ratio=385177.74+/-0.03 dlogz:29.964>0.01]21930it [9:03:56,  2.95s/it, bound:1288 nc:  1 ncall:1.0e+07 eff:0.2% logz-ratio=385179.90+/-0.30 dlogz:27.499>0.01]21935it [9:03:56,  1.95s/it, bound:1288 nc:534 ncall:1.0e+07 eff:0.2% logz-ratio=385177.87+/-0.03 dlogz:29.813>0.01]21940it [9:03:56,  1.31s/it, bound:1289 nc:  1 ncall:1.0e+07 eff:0.2% logz-ratio=385187.21+/-0.33 dlogz:19.316>0.01]21940it [9:04:11,  1.31s/it, bound:1289 nc:  1 ncall:1.0e+07 eff:0.2% logz-ratio=385202.39+/-0.62 dlogz:0.391>0.01] 21941it [9:04:38,  4.76s/it, bound:1289 nc:598 ncall:1.0e+07 eff:0.2% logz-ratio=385177.95+/-0.03 dlogz:29.940>0.01]21945it [9:04:38,  3.20s/it, bound:1289 nc:505 ncall:1.0e+07 eff:0.2% logz-ratio=385178.00+/-0.03 dlogz:29.880>0.01]21950it [9:04:38,  2.02s/it, bound:1289 nc:608 ncall:1.0e+07 eff:0.2% logz-ratio=385178.06+/-0.05 dlogz:29.806>0.01]21955it [9:04:38,  1.33s/it, bound:1289 nc:606 ncall:1.0e+07 eff:0.2% logz-ratio=385178.13+/-0.03 dlogz:29.730>0.01]21956it [9:04:51,  1.33s/it, bound:1290 nc:  1 ncall:1.0e+07 eff:0.2% logz-ratio=385202.38+/-0.63 dlogz:0.384>0.01] 21957it [9:05:16,  4.22s/it, bound:1290 nc:521 ncall:1.0e+07 eff:0.2% logz-ratio=385178.16+/-0.03 dlogz:29.700>0.01]21963it [9:05:16,  2.48s/it, bound:1290 nc:  1 ncall:1.0e+07 eff:0.2% logz-ratio=385179.90+/-0.28 dlogz:27.715>0.01]21968it [9:05:16,  1.66s/it, bound:1290 nc:  1 ncall:1.0e+07 eff:0.2% logz-ratio=385178.84+/-0.20 dlogz:30.733>0.01]21972it [9:05:31,  1.66s/it, bound:1291 nc:542 ncall:1.0e+07 eff:0.2% logz-ratio=385178.36+/-0.04 dlogz:31.299>0.01]21973it [9:05:55,  3.62s/it, bound:1291 nc:530 ncall:1.0e+07 eff:0.2% logz-ratio=385178.38+/-0.05 dlogz:31.283>0.01]21977it [9:05:55,  2.66s/it, bound:1291 nc:  1 ncall:1.0e+07 eff:0.2% logz-ratio=385181.06+/-0.31 dlogz:28.237>0.01]21982it [9:05:55,  1.80s/it, bound:1291 nc:483 ncall:1.0e+07 eff:0.2% logz-ratio=385178.50+/-0.03 dlogz:31.141>0.01]21988it [9:05:55,  1.17s/it, bound:1292 nc:  1 ncall:1.0e+07 eff:0.2% logz-ratio=385184.07+/-0.32 dlogz:24.772>0.01]21988it [9:06:11,  1.17s/it, bound:1292 nc:  1 ncall:1.0e+07 eff:0.2% logz-ratio=385203.32+/-0.88 dlogz:0.736>0.01] 21989it [9:06:41,  4.70s/it, bound:1292 nc:696 ncall:1.0e+07 eff:0.2% logz-ratio=385178.59+/-0.03 dlogz:31.035>0.01]21994it [9:06:42,  3.02s/it, bound:1292 nc:  1 ncall:1.0e+07 eff:0.2% logz-ratio=385184.74+/-0.32 dlogz:23.997>0.01]21999it [9:06:42,  2.01s/it, bound:1292 nc:686 ncall:1.0e+07 eff:0.2% logz-ratio=385178.72+/-0.03 dlogz:30.889>0.01]22004it [9:06:42,  1.36s/it, bound:1293 nc:  1 ncall:1.0e+07 eff:0.2% logz-ratio=385187.65+/-0.33 dlogz:20.617>0.01]22004it [9:07:01,  1.36s/it, bound:1293 nc:  1 ncall:1.0e+07 eff:0.2% logz-ratio=385203.28+/-0.89 dlogz:0.735>0.01] 22005it [9:07:28,  5.18s/it, bound:1293 nc:649 ncall:1.0e+07 eff:0.2% logz-ratio=385178.79+/-0.03 dlogz:30.802>0.01]22009it [9:07:28,  3.49s/it, bound:1293 nc:626 ncall:1.0e+07 eff:0.2% logz-ratio=385178.85+/-0.03 dlogz:30.742>0.01]22014it [9:07:28,  2.21s/it, bound:1293 nc:  1 ncall:1.0e+07 eff:0.2% logz-ratio=385182.94+/-0.32 dlogz:26.071>0.01]22019it [9:07:28,  1.46s/it, bound:1293 nc:571 ncall:1.0e+07 eff:0.2% logz-ratio=385178.98+/-0.03 dlogz:30.587>0.01]22020it [9:07:41,  1.46s/it, bound:1294 nc:  1 ncall:1.0e+07 eff:0.2% logz-ratio=385203.25+/-0.89 dlogz:0.735>0.01] 22021it [9:08:12,  4.82s/it, bound:1294 nc:594 ncall:1.0e+07 eff:0.2% logz-ratio=385179.01+/-0.03 dlogz:30.557>0.01]22024it [9:08:12,  3.57s/it, bound:1294 nc:  1 ncall:1.0e+07 eff:0.2% logz-ratio=385191.87+/-0.34 dlogz:15.674>0.01]22029it [9:08:12,  2.21s/it, bound:1294 nc:571 ncall:1.0e+07 eff:0.2% logz-ratio=385179.13+/-0.04 dlogz:30.427>0.01]22034it [9:08:12,  1.44s/it, bound:1294 nc:  1 ncall:1.0e+07 eff:0.2% logz-ratio=385189.26+/-0.33 dlogz:18.755>0.01]22035it [9:08:31,  1.44s/it, bound:1294 nc:517 ncall:1.0e+07 eff:0.2% logz-ratio=385179.22+/-0.04 dlogz:30.316>0.01]22036it [9:09:03,  5.49s/it, bound:1295 nc:1257 ncall:1.0e+07 eff:0.2% logz-ratio=385179.24+/-0.06 dlogz:30.297>0.01]22040it [9:09:04,  3.72s/it, bound:1295 nc:  1 ncall:1.0e+07 eff:0.2% logz-ratio=385180.87+/-0.28 dlogz:28.446>0.01] 22045it [9:09:04,  2.36s/it, bound:1295 nc:705 ncall:1.0e+07 eff:0.2% logz-ratio=385179.40+/-0.04 dlogz:30.118>0.01]22050it [9:09:04,  1.56s/it, bound:1295 nc:  1 ncall:1.0e+07 eff:0.2% logz-ratio=385187.83+/-0.33 dlogz:20.459>0.01]22051it [9:09:21,  1.56s/it, bound:1296 nc:683 ncall:1.0e+07 eff:0.2% logz-ratio=385179.52+/-0.04 dlogz:29.993>0.01]22052it [9:09:47,  4.83s/it, bound:1296 nc:616 ncall:1.0e+07 eff:0.2% logz-ratio=385179.53+/-0.06 dlogz:29.973>0.01]22056it [9:09:47,  3.30s/it, bound:1296 nc:  1 ncall:1.0e+07 eff:0.2% logz-ratio=385184.80+/-0.32 dlogz:23.941>0.01]22061it [9:09:47,  2.11s/it, bound:1296 nc:593 ncall:1.0e+07 eff:0.2% logz-ratio=385179.69+/-0.04 dlogz:29.795>0.01]22066it [9:09:47,  1.40s/it, bound:1296 nc:629 ncall:1.0e+07 eff:0.2% logz-ratio=385179.78+/-0.06 dlogz:29.699>0.01]22067it [9:10:01,  1.40s/it, bound:1297 nc:642 ncall:1.0e+07 eff:0.2% logz-ratio=385179.80+/-0.04 dlogz:29.679>0.01]22068it [9:10:39,  5.43s/it, bound:1297 nc:682 ncall:1.0e+07 eff:0.2% logz-ratio=385179.81+/-0.05 dlogz:29.660>0.01]22072it [9:10:39,  3.71s/it, bound:1297 nc:  1 ncall:1.0e+07 eff:0.2% logz-ratio=385194.60+/-0.34 dlogz:12.316>0.01]22078it [9:10:40,  2.21s/it, bound:1297 nc:  1 ncall:1.0e+07 eff:0.2% logz-ratio=385194.60+/-0.34 dlogz:12.328>0.01]22083it [9:10:51,  2.21s/it, bound:1298 nc:648 ncall:1.0e+07 eff:0.2% logz-ratio=385180.05+/-0.04 dlogz:29.389>0.01]22084it [9:11:27,  4.31s/it, bound:1298 nc:621 ncall:1.0e+07 eff:0.2% logz-ratio=385180.07+/-0.05 dlogz:29.372>0.01]22088it [9:11:27,  3.20s/it, bound:1298 nc:  1 ncall:1.0e+07 eff:0.2% logz-ratio=385180.88+/-0.23 dlogz:28.438>0.01]22093it [9:11:27,  2.20s/it, bound:1298 nc:615 ncall:1.0e+07 eff:0.2% logz-ratio=385180.21+/-0.04 dlogz:29.216>0.01]22098it [9:11:28,  1.52s/it, bound:1299 nc:  1 ncall:1.0e+07 eff:0.2% logz-ratio=385180.33+/-0.08 dlogz:29.062>0.01]22098it [9:11:41,  1.52s/it, bound:1299 nc:  1 ncall:1.0e+07 eff:0.2% logz-ratio=385203.10+/-0.91 dlogz:0.732>0.01] 22099it [9:12:15,  5.26s/it, bound:1299 nc:600 ncall:1.0e+07 eff:0.2% logz-ratio=385180.30+/-0.04 dlogz:29.114>0.01]22104it [9:12:15,  3.33s/it, bound:1299 nc:  1 ncall:1.0e+07 eff:0.2% logz-ratio=385180.72+/-0.17 dlogz:28.614>0.01]22109it [9:12:15,  2.19s/it, bound:1299 nc:696 ncall:1.0e+07 eff:0.2% logz-ratio=385180.45+/-0.04 dlogz:28.940>0.01]22114it [9:12:15,  1.48s/it, bound:1300 nc:630 ncall:1.0e+07 eff:0.2% logz-ratio=385180.53+/-0.05 dlogz:28.855>0.01]22114it [9:12:31,  1.48s/it, bound:1300 nc:  1 ncall:1.0e+07 eff:0.2% logz-ratio=385203.07+/-0.92 dlogz:0.731>0.01] 22115it [9:12:56,  4.89s/it, bound:1300 nc:551 ncall:1.0e+07 eff:0.2% logz-ratio=385180.54+/-0.04 dlogz:28.838>0.01]22117it [9:13:10,  5.32s/it, bound:1300 nc:534 ncall:1.0e+07 eff:0.2% logz-ratio=385180.57+/-0.04 dlogz:28.804>0.01]22122it [9:13:11,  3.13s/it, bound:1300 nc:  1 ncall:1.0e+07 eff:0.2% logz-ratio=385185.00+/-0.32 dlogz:23.725>0.01]22127it [9:13:11,  1.97s/it, bound:1300 nc:570 ncall:1.0e+07 eff:0.2% logz-ratio=385180.72+/-0.04 dlogz:28.638>0.01]22130it [9:13:21,  1.97s/it, bound:1301 nc:  1 ncall:1.0e+07 eff:0.2% logz-ratio=385203.04+/-0.92 dlogz:0.731>0.01] 22131it [9:13:51,  4.40s/it, bound:1301 nc:499 ncall:1.0e+07 eff:0.2% logz-ratio=385180.77+/-0.04 dlogz:28.573>0.01]22136it [9:13:51,  2.88s/it, bound:1301 nc:  1 ncall:1.0e+07 eff:0.2% logz-ratio=385186.72+/-0.33 dlogz:21.729>0.01]22142it [9:13:51,  1.81s/it, bound:1301 nc:541 ncall:1.0e+07 eff:0.2% logz-ratio=385180.94+/-0.04 dlogz:28.386>0.01]22145it [9:14:11,  1.81s/it, bound:1302 nc:  1 ncall:1.0e+07 eff:0.2% logz-ratio=385203.01+/-0.92 dlogz:0.731>0.01] 22146it [9:14:29,  3.77s/it, bound:1302 nc:436 ncall:1.0e+07 eff:0.2% logz-ratio=385181.00+/-0.04 dlogz:28.315>0.01]22153it [9:14:29,  2.28s/it, bound:1302 nc:  1 ncall:1.0e+07 eff:0.2% logz-ratio=385187.09+/-0.33 dlogz:21.288>0.01]22159it [9:14:29,  1.54s/it, bound:1302 nc:484 ncall:1.0e+07 eff:0.2% logz-ratio=385181.20+/-0.04 dlogz:28.095>0.01]22161it [9:14:41,  1.54s/it, bound:1303 nc:  1 ncall:1.0e+07 eff:0.2% logz-ratio=385202.98+/-0.92 dlogz:0.731>0.01] 22162it [9:15:07,  3.67s/it, bound:1303 nc:477 ncall:1.0e+07 eff:0.2% logz-ratio=385181.24+/-0.04 dlogz:28.045>0.01]22168it [9:15:07,  2.39s/it, bound:1303 nc:  1 ncall:1.0e+07 eff:0.2% logz-ratio=385184.34+/-0.31 dlogz:24.461>0.01]22174it [9:15:07,  1.60s/it, bound:1303 nc:468 ncall:1.0e+07 eff:0.2% logz-ratio=385181.41+/-0.04 dlogz:27.848>0.01]22177it [9:15:21,  1.60s/it, bound:1304 nc:514 ncall:1.0e+07 eff:0.2% logz-ratio=385181.45+/-0.04 dlogz:27.800>0.01]22178it [9:15:44,  3.41s/it, bound:1304 nc:519 ncall:1.0e+07 eff:0.2% logz-ratio=385181.47+/-0.05 dlogz:27.784>0.01]22184it [9:15:44,  2.25s/it, bound:1304 nc:  1 ncall:1.0e+07 eff:0.2% logz-ratio=385184.67+/-0.31 dlogz:24.087>0.01]22190it [9:15:44,  1.52s/it, bound:1304 nc:  1 ncall:1.0e+07 eff:0.2% logz-ratio=385192.77+/-0.34 dlogz:14.590>0.01]22192it [9:16:01,  1.52s/it, bound:1305 nc:505 ncall:1.0e+07 eff:0.2% logz-ratio=385181.66+/-0.05 dlogz:27.567>0.01]22193it [9:16:20,  3.48s/it, bound:1305 nc:489 ncall:1.0e+07 eff:0.2% logz-ratio=385181.67+/-0.06 dlogz:27.552>0.01]22198it [9:16:20,  2.40s/it, bound:1305 nc:  1 ncall:1.0e+07 eff:0.2% logz-ratio=385183.33+/-0.28 dlogz:25.634>0.01]22204it [9:16:20,  1.57s/it, bound:1305 nc:522 ncall:1.0e+07 eff:0.2% logz-ratio=385181.82+/-0.04 dlogz:27.381>0.01]22207it [9:16:31,  1.57s/it, bound:1306 nc:428 ncall:1.0e+07 eff:0.2% logz-ratio=385181.86+/-0.05 dlogz:27.333>0.01]22208it [9:16:56,  3.46s/it, bound:1306 nc:499 ncall:1.0e+07 eff:0.2% logz-ratio=385181.87+/-0.06 dlogz:27.318>0.01]22214it [9:16:56,  2.26s/it, bound:1306 nc:  1 ncall:1.0e+07 eff:0.2% logz-ratio=385185.54+/-0.32 dlogz:23.058>0.01]22220it [9:16:57,  1.52s/it, bound:1306 nc:457 ncall:1.0e+07 eff:0.2% logz-ratio=385182.04+/-0.04 dlogz:27.128>0.01]22223it [9:17:11,  1.52s/it, bound:1307 nc:531 ncall:1.0e+07 eff:0.2% logz-ratio=385182.08+/-0.03 dlogz:27.080>0.01]22224it [9:17:32,  3.26s/it, bound:1307 nc:482 ncall:1.0e+07 eff:0.2% logz-ratio=385182.09+/-0.05 dlogz:27.065>0.01]22229it [9:17:32,  2.29s/it, bound:1307 nc:  1 ncall:1.0e+07 eff:0.2% logz-ratio=385187.64+/-0.33 dlogz:20.635>0.01]22235it [9:17:32,  1.52s/it, bound:1307 nc:497 ncall:1.0e+07 eff:0.2% logz-ratio=385182.24+/-0.05 dlogz:26.894>0.01]22239it [9:17:51,  1.52s/it, bound:1308 nc:488 ncall:1.0e+07 eff:0.2% logz-ratio=385182.30+/-0.05 dlogz:26.832>0.01]22240it [9:18:04,  2.91s/it, bound:1308 nc:448 ncall:1.0e+07 eff:0.2% logz-ratio=385182.31+/-0.06 dlogz:26.817>0.01]22246it [9:18:04,  1.95s/it, bound:1308 nc:  1 ncall:1.0e+07 eff:0.2% logz-ratio=385186.37+/-0.32 dlogz:22.098>0.01]22253it [9:18:04,  1.26s/it, bound:1308 nc:433 ncall:1.0e+07 eff:0.2% logz-ratio=385182.49+/-0.03 dlogz:26.615>0.01]22255it [9:18:21,  1.26s/it, bound:1309 nc:  1 ncall:1.0e+07 eff:0.2% logz-ratio=385203.45+/-0.77 dlogz:0.443>0.01] 22256it [9:18:39,  3.15s/it, bound:1309 nc:523 ncall:1.0e+07 eff:0.2% logz-ratio=385182.52+/-0.03 dlogz:26.570>0.01]22262it [9:18:39,  2.09s/it, bound:1309 nc:  1 ncall:1.0e+07 eff:0.2% logz-ratio=385186.43+/-0.32 dlogz:22.040>0.01]22268it [9:18:40,  1.42s/it, bound:1309 nc:536 ncall:1.0e+07 eff:0.2% logz-ratio=385182.68+/-0.03 dlogz:26.390>0.01]22271it [9:18:51,  1.42s/it, bound:1310 nc:459 ncall:1.0e+07 eff:0.2% logz-ratio=385182.72+/-0.03 dlogz:26.345>0.01]22272it [9:19:19,  3.41s/it, bound:1310 nc:529 ncall:1.0e+07 eff:0.2% logz-ratio=385182.73+/-0.05 dlogz:26.331>0.01]22276it [9:19:19,  2.55s/it, bound:1310 nc:  1 ncall:1.0e+07 eff:0.2% logz-ratio=385187.31+/-0.33 dlogz:21.002>0.01]22282it [9:19:19,  1.67s/it, bound:1310 nc:480 ncall:1.0e+07 eff:0.2% logz-ratio=385182.86+/-0.05 dlogz:26.180>0.01]22287it [9:19:19,  1.18s/it, bound:1311 nc:547 ncall:1.0e+07 eff:0.2% logz-ratio=385182.93+/-0.03 dlogz:26.106>0.01]22287it [9:19:31,  1.18s/it, bound:1311 nc:547 ncall:1.0e+07 eff:0.2% logz-ratio=385182.93+/-0.03 dlogz:26.106>0.01]22288it [9:19:54,  3.79s/it, bound:1311 nc:399 ncall:1.0e+07 eff:0.2% logz-ratio=385182.94+/-0.05 dlogz:26.091>0.01]22294it [9:19:54,  2.28s/it, bound:1311 nc:  1 ncall:1.0e+07 eff:0.2% logz-ratio=385183.27+/-0.15 dlogz:25.692>0.01]22300it [9:19:54,  1.46s/it, bound:1311 nc:  1 ncall:1.0e+07 eff:0.2% logz-ratio=385188.07+/-0.33 dlogz:20.116>0.01]22303it [9:20:11,  1.46s/it, bound:1312 nc:  1 ncall:1.0e+07 eff:0.2% logz-ratio=385203.40+/-0.76 dlogz:0.428>0.01] 22304it [9:20:29,  3.36s/it, bound:1312 nc:474 ncall:1.0e+07 eff:0.2% logz-ratio=385183.15+/-0.03 dlogz:25.846>0.01]22310it [9:20:30,  2.17s/it, bound:1312 nc:  1 ncall:1.0e+07 eff:0.2% logz-ratio=385187.85+/-0.33 dlogz:20.380>0.01]22317it [9:20:30,  1.37s/it, bound:1312 nc:388 ncall:1.0e+07 eff:0.2% logz-ratio=385183.32+/-0.03 dlogz:25.652>0.01]22319it [9:20:41,  1.37s/it, bound:1313 nc:  1 ncall:1.0e+07 eff:0.2% logz-ratio=385203.37+/-0.76 dlogz:0.428>0.01] 22320it [9:21:07,  3.39s/it, bound:1313 nc:514 ncall:1.0e+07 eff:0.2% logz-ratio=385183.36+/-0.03 dlogz:25.606>0.01]22325it [9:21:07,  2.36s/it, bound:1313 nc:  1 ncall:1.0e+07 eff:0.2% logz-ratio=385188.20+/-0.33 dlogz:19.942>0.01]22331it [9:21:07,  1.55s/it, bound:1313 nc:503 ncall:1.0e+07 eff:0.2% logz-ratio=385183.50+/-0.03 dlogz:25.445>0.01]22335it [9:21:21,  1.55s/it, bound:1314 nc:415 ncall:1.0e+07 eff:0.2% logz-ratio=385183.55+/-0.03 dlogz:25.387>0.01]22336it [9:21:44,  3.28s/it, bound:1314 nc:529 ncall:1.0e+07 eff:0.2% logz-ratio=385183.56+/-0.05 dlogz:25.372>0.01]22339it [9:21:44,  2.63s/it, bound:1314 nc:  1 ncall:1.0e+07 eff:0.2% logz-ratio=385197.92+/-0.37 dlogz:7.915>0.01] 22344it [9:21:44,  1.79s/it, bound:1314 nc:531 ncall:1.0e+07 eff:0.2% logz-ratio=385183.66+/-0.03 dlogz:25.258>0.01]22350it [9:21:45,  1.16s/it, bound:1314 nc:  1 ncall:1.0e+07 eff:0.2% logz-ratio=385188.30+/-0.33 dlogz:19.823>0.01]22351it [9:22:01,  1.16s/it, bound:1315 nc:416 ncall:1.0e+07 eff:0.2% logz-ratio=385183.75+/-0.03 dlogz:25.154>0.01]22352it [9:22:30,  4.28s/it, bound:1315 nc:536 ncall:1.0e+07 eff:0.2% logz-ratio=385183.76+/-0.05 dlogz:25.139>0.01]22356it [9:22:30,  3.04s/it, bound:1315 nc:551 ncall:1.0e+07 eff:0.2% logz-ratio=385183.81+/-0.03 dlogz:25.081>0.01]22361it [9:22:30,  2.00s/it, bound:1315 nc:  1 ncall:1.0e+07 eff:0.2% logz-ratio=385189.13+/-0.33 dlogz:18.803>0.01]22366it [9:22:30,  1.35s/it, bound:1315 nc:637 ncall:1.0e+07 eff:0.2% logz-ratio=385183.94+/-0.03 dlogz:24.937>0.01]22367it [9:22:41,  1.35s/it, bound:1316 nc:  1 ncall:1.0e+07 eff:0.2% logz-ratio=385203.27+/-0.77 dlogz:0.427>0.01] 22368it [9:23:12,  4.43s/it, bound:1316 nc:568 ncall:1.0e+07 eff:0.2% logz-ratio=385183.96+/-0.03 dlogz:24.909>0.01]22370it [9:23:26,  4.91s/it, bound:1316 nc:611 ncall:1.0e+07 eff:0.2% logz-ratio=385183.99+/-0.03 dlogz:24.881>0.01]22374it [9:23:26,  3.22s/it, bound:1316 nc:529 ncall:1.0e+07 eff:0.2% logz-ratio=385184.03+/-0.03 dlogz:24.824>0.01]22379it [9:23:26,  2.00s/it, bound:1316 nc:  1 ncall:1.0e+07 eff:0.2% logz-ratio=385187.91+/-0.32 dlogz:20.281>0.01]22383it [9:23:41,  2.00s/it, bound:1317 nc:  1 ncall:1.0e+07 eff:0.2% logz-ratio=385203.25+/-0.78 dlogz:0.425>0.01] 22384it [9:24:08,  4.25s/it, bound:1317 nc:504 ncall:1.0e+07 eff:0.2% logz-ratio=385184.16+/-0.03 dlogz:24.680>0.01]22389it [9:24:08,  2.83s/it, bound:1317 nc:  1 ncall:1.0e+07 eff:0.2% logz-ratio=385185.53+/-0.27 dlogz:23.731>0.01]22394it [9:24:08,  1.92s/it, bound:1317 nc:551 ncall:1.0e+07 eff:0.2% logz-ratio=385184.28+/-0.03 dlogz:25.192>0.01]22398it [9:24:21,  1.92s/it, bound:1318 nc:521 ncall:1.0e+07 eff:0.2% logz-ratio=385184.34+/-0.03 dlogz:25.133>0.01]22399it [9:24:54,  4.18s/it, bound:1318 nc:648 ncall:1.0e+07 eff:0.2% logz-ratio=385184.35+/-0.05 dlogz:26.740>0.01]22403it [9:24:54,  3.08s/it, bound:1318 nc:  1 ncall:1.0e+07 eff:0.2% logz-ratio=385189.43+/-0.33 dlogz:20.720>0.01]22408it [9:24:54,  2.09s/it, bound:1318 nc:559 ncall:1.0e+07 eff:0.2% logz-ratio=385184.47+/-0.04 dlogz:26.603>0.01]22413it [9:24:54,  1.44s/it, bound:1319 nc:664 ncall:1.0e+07 eff:0.2% logz-ratio=385184.54+/-0.04 dlogz:26.525>0.01]22413it [9:25:11,  1.44s/it, bound:1319 nc:664 ncall:1.0e+07 eff:0.2% logz-ratio=385184.54+/-0.04 dlogz:26.525>0.01]22414it [9:25:35,  4.75s/it, bound:1319 nc:501 ncall:1.0e+07 eff:0.2% logz-ratio=385184.55+/-0.05 dlogz:26.509>0.01]22417it [9:25:35,  3.52s/it, bound:1319 nc:539 ncall:1.0e+07 eff:0.2% logz-ratio=385184.59+/-0.04 dlogz:26.460>0.01]22421it [9:25:36,  2.36s/it, bound:1319 nc:541 ncall:1.0e+07 eff:0.2% logz-ratio=385184.65+/-0.04 dlogz:26.394>0.01]22425it [9:25:36,  1.61s/it, bound:1319 nc:528 ncall:1.0e+07 eff:0.2% logz-ratio=385184.71+/-0.04 dlogz:26.329>0.01]22429it [9:25:36,  1.11s/it, bound:1320 nc:579 ncall:1.0e+07 eff:0.2% logz-ratio=385184.77+/-0.04 dlogz:26.264>0.01]22429it [9:25:51,  1.11s/it, bound:1320 nc:579 ncall:1.0e+07 eff:0.2% logz-ratio=385184.77+/-0.04 dlogz:26.264>0.01]22430it [9:26:15,  4.98s/it, bound:1320 nc:561 ncall:1.0e+07 eff:0.2% logz-ratio=385184.78+/-0.05 dlogz:26.247>0.01]22433it [9:26:15,  3.49s/it, bound:1320 nc:567 ncall:1.0e+07 eff:0.2% logz-ratio=385184.82+/-0.04 dlogz:26.199>0.01]22437it [9:26:15,  2.22s/it, bound:1320 nc:495 ncall:1.0e+07 eff:0.2% logz-ratio=385184.88+/-0.04 dlogz:26.133>0.01]22442it [9:26:16,  1.35s/it, bound:1320 nc:  1 ncall:1.0e+07 eff:0.2% logz-ratio=385185.40+/-0.19 dlogz:25.509>0.01]22445it [9:26:31,  1.35s/it, bound:1321 nc:555 ncall:1.0e+07 eff:0.2% logz-ratio=385184.99+/-0.03 dlogz:26.008>0.01]22446it [9:26:54,  3.95s/it, bound:1321 nc:530 ncall:1.0e+07 eff:0.2% logz-ratio=385185.00+/-0.05 dlogz:25.993>0.01]22450it [9:26:54,  2.74s/it, bound:1321 nc:559 ncall:1.0e+07 eff:0.2% logz-ratio=385185.05+/-0.03 dlogz:25.935>0.01]22454it [9:26:55,  1.91s/it, bound:1321 nc:447 ncall:1.0e+07 eff:0.2% logz-ratio=385185.10+/-0.03 dlogz:25.878>0.01]22458it [9:26:55,  1.34s/it, bound:1321 nc:567 ncall:1.0e+07 eff:0.2% logz-ratio=385185.15+/-0.03 dlogz:25.822>0.01]22460it [9:27:11,  1.34s/it, bound:1322 nc:545 ncall:1.0e+07 eff:0.2% logz-ratio=385185.17+/-0.03 dlogz:25.794>0.01]22461it [9:27:31,  4.00s/it, bound:1322 nc:517 ncall:1.0e+07 eff:0.2% logz-ratio=385185.18+/-0.05 dlogz:25.780>0.01]22466it [9:27:31,  2.53s/it, bound:1322 nc:  1 ncall:1.0e+07 eff:0.2% logz-ratio=385189.44+/-0.33 dlogz:20.739>0.01]22474it [9:27:31,  1.38s/it, bound:1322 nc:  1 ncall:1.0e+07 eff:0.2% logz-ratio=385185.94+/-0.21 dlogz:24.883>0.01]22476it [9:27:51,  1.38s/it, bound:1323 nc:456 ncall:1.0e+07 eff:0.2% logz-ratio=385185.36+/-0.05 dlogz:25.578>0.01]22477it [9:28:10,  3.67s/it, bound:1323 nc:512 ncall:1.0e+07 eff:0.2% logz-ratio=385185.37+/-0.05 dlogz:25.564>0.01]22481it [9:28:10,  2.67s/it, bound:1323 nc:487 ncall:1.0e+07 eff:0.2% logz-ratio=385185.41+/-0.04 dlogz:25.512>0.01]22486it [9:28:11,  1.80s/it, bound:1323 nc:  1 ncall:1.0e+07 eff:0.2% logz-ratio=385186.35+/-0.24 dlogz:24.402>0.01]22491it [9:28:11,  1.24s/it, bound:1323 nc:  1 ncall:1.0e+07 eff:0.2% logz-ratio=385187.45+/-0.30 dlogz:23.100>0.01]22491it [9:28:21,  1.24s/it, bound:1323 nc:  1 ncall:1.0e+07 eff:0.2% logz-ratio=385204.63+/-0.92 dlogz:0.717>0.01] 22492it [9:28:48,  4.28s/it, bound:1324 nc:979 ncall:1.0e+07 eff:0.2% logz-ratio=385185.54+/-0.03 dlogz:25.363>0.01]22498it [9:28:48,  2.50s/it, bound:1324 nc:  1 ncall:1.0e+07 eff:0.2% logz-ratio=385187.63+/-0.30 dlogz:22.891>0.01]22504it [9:28:49,  1.57s/it, bound:1324 nc:546 ncall:1.0e+07 eff:0.2% logz-ratio=385185.68+/-0.05 dlogz:25.196>0.01]22507it [9:29:01,  1.57s/it, bound:1325 nc:449 ncall:1.0e+07 eff:0.2% logz-ratio=385185.72+/-0.03 dlogz:25.155>0.01]22508it [9:29:28,  3.77s/it, bound:1325 nc:559 ncall:1.0e+07 eff:0.2% logz-ratio=385185.73+/-0.05 dlogz:25.141>0.01]22512it [9:29:28,  2.75s/it, bound:1325 nc:  1 ncall:1.0e+07 eff:0.2% logz-ratio=385192.87+/-0.34 dlogz:16.607>0.01]22517it [9:29:29,  1.86s/it, bound:1325 nc:540 ncall:1.0e+07 eff:0.2% logz-ratio=385185.83+/-0.03 dlogz:25.019>0.01]22523it [9:29:29,  1.20s/it, bound:1326 nc:  1 ncall:1.0e+07 eff:0.2% logz-ratio=385192.63+/-0.34 dlogz:16.893>0.01]22523it [9:29:41,  1.20s/it, bound:1326 nc:  1 ncall:1.0e+07 eff:0.2% logz-ratio=385204.56+/-0.92 dlogz:0.717>0.01] 22524it [9:30:08,  4.23s/it, bound:1326 nc:498 ncall:1.0e+07 eff:0.2% logz-ratio=385185.91+/-0.03 dlogz:24.928>0.01]22529it [9:30:08,  2.71s/it, bound:1326 nc:  1 ncall:1.0e+07 eff:0.2% logz-ratio=385192.12+/-0.34 dlogz:17.532>0.01]22535it [9:30:09,  1.68s/it, bound:1326 nc:  1 ncall:1.0e+07 eff:0.2% logz-ratio=385192.20+/-0.34 dlogz:17.422>0.01]22539it [9:30:21,  1.68s/it, bound:1327 nc:  1 ncall:1.0e+07 eff:0.2% logz-ratio=385204.53+/-0.93 dlogz:0.717>0.01] 22540it [9:30:48,  3.63s/it, bound:1327 nc:546 ncall:1.0e+07 eff:0.2% logz-ratio=385186.10+/-0.03 dlogz:24.710>0.01]22545it [9:30:48,  2.52s/it, bound:1327 nc:  1 ncall:1.0e+07 eff:0.2% logz-ratio=385188.67+/-0.31 dlogz:21.657>0.01]22551it [9:30:48,  1.65s/it, bound:1327 nc:605 ncall:1.0e+07 eff:0.2% logz-ratio=385186.23+/-0.05 dlogz:24.557>0.01]22555it [9:31:01,  1.65s/it, bound:1328 nc:  1 ncall:1.0e+07 eff:0.2% logz-ratio=385204.50+/-0.94 dlogz:0.714>0.01] 22556it [9:31:27,  3.41s/it, bound:1328 nc:523 ncall:1.0e+07 eff:0.2% logz-ratio=385186.29+/-0.03 dlogz:24.487>0.01]22563it [9:31:27,  2.16s/it, bound:1328 nc:  1 ncall:1.0e+07 eff:0.2% logz-ratio=385189.00+/-0.31 dlogz:21.246>0.01]22569it [9:31:27,  1.49s/it, bound:1328 nc:473 ncall:1.0e+07 eff:0.2% logz-ratio=385186.45+/-0.03 dlogz:24.302>0.01]22571it [9:31:41,  1.49s/it, bound:1329 nc:492 ncall:1.0e+07 eff:0.2% logz-ratio=385186.47+/-0.03 dlogz:24.273>0.01]22572it [9:32:06,  3.58s/it, bound:1329 nc:567 ncall:1.0e+07 eff:0.2% logz-ratio=385186.48+/-0.05 dlogz:24.259>0.01]22576it [9:32:06,  2.66s/it, bound:1329 nc:  1 ncall:1.0e+07 eff:0.2% logz-ratio=385187.40+/-0.24 dlogz:23.158>0.01]22581it [9:32:06,  1.83s/it, bound:1329 nc:543 ncall:1.0e+07 eff:0.2% logz-ratio=385186.59+/-0.03 dlogz:24.134>0.01]22587it [9:32:06,  1.20s/it, bound:1330 nc:  1 ncall:1.0e+07 eff:0.2% logz-ratio=385186.67+/-0.06 dlogz:24.024>0.01]22587it [9:32:21,  1.20s/it, bound:1330 nc:  1 ncall:1.0e+07 eff:0.2% logz-ratio=385204.44+/-0.95 dlogz:0.714>0.01] 22588it [9:32:45,  4.07s/it, bound:1330 nc:480 ncall:1.0e+07 eff:0.2% logz-ratio=385186.67+/-0.03 dlogz:24.038>0.01]22593it [9:32:45,  2.63s/it, bound:1330 nc:  1 ncall:1.0e+07 eff:0.2% logz-ratio=385188.52+/-0.29 dlogz:21.828>0.01]22598it [9:32:45,  1.76s/it, bound:1330 nc:  1 ncall:1.0e+07 eff:0.2% logz-ratio=385191.84+/-0.34 dlogz:17.836>0.01]22603it [9:32:45,  1.19s/it, bound:1331 nc:508 ncall:1.0e+07 eff:0.2% logz-ratio=385186.84+/-0.03 dlogz:23.842>0.01]22603it [9:33:01,  1.19s/it, bound:1331 nc:508 ncall:1.0e+07 eff:0.2% logz-ratio=385186.84+/-0.03 dlogz:23.842>0.01]22604it [9:33:21,  4.14s/it, bound:1331 nc:523 ncall:1.0e+07 eff:0.2% logz-ratio=385186.85+/-0.04 dlogz:23.829>0.01]22605it [9:33:35,  5.19s/it, bound:1331 nc:479 ncall:1.0e+07 eff:0.2% logz-ratio=385186.86+/-0.03 dlogz:23.816>0.01]22611it [9:33:35,  2.70s/it, bound:1331 nc:  1 ncall:1.0e+07 eff:0.2% logz-ratio=385198.01+/-0.35 dlogz:10.115>0.01]22619it [9:33:35,  1.42s/it, bound:1332 nc:  1 ncall:1.0e+07 eff:0.2% logz-ratio=385188.56+/-0.28 dlogz:21.782>0.01]22619it [9:33:51,  1.42s/it, bound:1332 nc:  1 ncall:1.0e+07 eff:0.2% logz-ratio=385204.38+/-0.95 dlogz:0.714>0.01] 22620it [9:34:11,  4.10s/it, bound:1332 nc:450 ncall:1.0e+07 eff:0.2% logz-ratio=385187.02+/-0.03 dlogz:23.626>0.01]22627it [9:34:11,  2.30s/it, bound:1332 nc:  1 ncall:1.0e+07 eff:0.2% logz-ratio=385191.83+/-0.34 dlogz:17.838>0.01]22634it [9:34:11,  1.42s/it, bound:1332 nc:526 ncall:1.1e+07 eff:0.2% logz-ratio=385187.17+/-0.05 dlogz:23.448>0.01]22635it [9:34:21,  1.42s/it, bound:1333 nc:486 ncall:1.1e+07 eff:0.2% logz-ratio=385187.18+/-0.03 dlogz:23.435>0.01]22636it [9:34:51,  3.95s/it, bound:1333 nc:514 ncall:1.1e+07 eff:0.2% logz-ratio=385187.19+/-0.04 dlogz:23.422>0.01]22642it [9:34:51,  2.50s/it, bound:1333 nc:  1 ncall:1.1e+07 eff:0.2% logz-ratio=385192.48+/-0.34 dlogz:17.048>0.01]22649it [9:34:51,  1.56s/it, bound:1333 nc:503 ncall:1.1e+07 eff:0.2% logz-ratio=385187.34+/-0.05 dlogz:23.251>0.01]22651it [9:35:01,  1.56s/it, bound:1334 nc:  1 ncall:1.1e+07 eff:0.2% logz-ratio=385204.31+/-0.96 dlogz:0.713>0.01] 22652it [9:35:31,  3.75s/it, bound:1334 nc:460 ncall:1.1e+07 eff:0.2% logz-ratio=385187.37+/-0.03 dlogz:23.212>0.01]22657it [9:35:31,  2.59s/it, bound:1334 nc:  1 ncall:1.1e+07 eff:0.2% logz-ratio=385190.41+/-0.32 dlogz:19.543>0.01]22663it [9:35:31,  1.70s/it, bound:1334 nc:484 ncall:1.1e+07 eff:0.2% logz-ratio=385187.49+/-0.03 dlogz:23.070>0.01]22667it [9:35:41,  1.70s/it, bound:1335 nc:517 ncall:1.1e+07 eff:0.2% logz-ratio=385187.54+/-0.03 dlogz:23.017>0.01]22668it [9:36:10,  3.50s/it, bound:1335 nc:534 ncall:1.1e+07 eff:0.2% logz-ratio=385187.55+/-0.05 dlogz:23.003>0.01]22673it [9:36:10,  2.47s/it, bound:1335 nc:  1 ncall:1.1e+07 eff:0.2% logz-ratio=385189.36+/-0.29 dlogz:20.818>0.01]22679it [9:36:10,  1.65s/it, bound:1335 nc:550 ncall:1.1e+07 eff:0.2% logz-ratio=385187.68+/-0.05 dlogz:22.850>0.01]22683it [9:36:21,  1.65s/it, bound:1336 nc:  1 ncall:1.1e+07 eff:0.2% logz-ratio=385204.25+/-0.97 dlogz:0.713>0.01] 22684it [9:36:46,  3.20s/it, bound:1336 nc:522 ncall:1.1e+07 eff:0.2% logz-ratio=385187.74+/-0.03 dlogz:22.781>0.01]22690it [9:36:46,  2.15s/it, bound:1336 nc:490 ncall:1.1e+07 eff:0.2% logz-ratio=385187.81+/-0.03 dlogz:22.701>0.01]22699it [9:37:01,  2.15s/it, bound:1337 nc:460 ncall:1.1e+07 eff:0.2% logz-ratio=385187.91+/-0.03 dlogz:22.582>0.01]22700it [9:37:22,  2.78s/it, bound:1337 nc:524 ncall:1.1e+07 eff:0.2% logz-ratio=385187.92+/-0.04 dlogz:22.569>0.01]22707it [9:37:22,  1.94s/it, bound:1337 nc:  1 ncall:1.1e+07 eff:0.2% logz-ratio=385191.93+/-0.33 dlogz:17.743>0.01]22714it [9:37:22,  1.36s/it, bound:1337 nc:479 ncall:1.1e+07 eff:0.2% logz-ratio=385188.07+/-0.03 dlogz:22.389>0.01]22715it [9:37:41,  1.36s/it, bound:1338 nc:500 ncall:1.1e+07 eff:0.2% logz-ratio=385188.08+/-0.04 dlogz:22.376>0.01]22716it [9:37:58,  3.23s/it, bound:1338 nc:536 ncall:1.1e+07 eff:0.2% logz-ratio=385188.09+/-0.05 dlogz:22.364>0.01]22720it [9:37:59,  2.46s/it, bound:1338 nc:  1 ncall:1.1e+07 eff:0.2% logz-ratio=385193.19+/-0.34 dlogz:16.206>0.01]22726it [9:37:59,  1.63s/it, bound:1338 nc:532 ncall:1.1e+07 eff:0.2% logz-ratio=385188.19+/-0.04 dlogz:22.242>0.01]22731it [9:38:11,  1.63s/it, bound:1339 nc:510 ncall:1.1e+07 eff:0.2% logz-ratio=385188.24+/-0.03 dlogz:22.181>0.01]22732it [9:38:37,  3.16s/it, bound:1339 nc:498 ncall:1.1e+07 eff:0.2% logz-ratio=385188.25+/-0.04 dlogz:22.169>0.01]22736it [9:38:37,  2.41s/it, bound:1339 nc:  1 ncall:1.1e+07 eff:0.2% logz-ratio=385192.09+/-0.33 dlogz:17.566>0.01]22742it [9:38:37,  1.61s/it, bound:1339 nc:448 ncall:1.1e+07 eff:0.2% logz-ratio=385188.36+/-0.04 dlogz:22.045>0.01]22746it [9:38:51,  1.61s/it, bound:1340 nc:  1 ncall:1.1e+07 eff:0.2% logz-ratio=385204.23+/-0.92 dlogz:0.662>0.01] 22747it [9:39:15,  3.35s/it, bound:1340 nc:480 ncall:1.1e+07 eff:0.2% logz-ratio=385188.41+/-0.03 dlogz:21.983>0.01]22753it [9:39:15,  2.25s/it, bound:1340 nc:  1 ncall:1.1e+07 eff:0.2% logz-ratio=385192.79+/-0.34 dlogz:16.701>0.01]22759it [9:39:15,  1.54s/it, bound:1340 nc:481 ncall:1.1e+07 eff:0.2% logz-ratio=385188.53+/-0.03 dlogz:21.832>0.01]22762it [9:39:31,  1.54s/it, bound:1341 nc:542 ncall:1.1e+07 eff:0.2% logz-ratio=385188.57+/-0.03 dlogz:21.796>0.01]22763it [9:39:52,  3.34s/it, bound:1341 nc:507 ncall:1.1e+07 eff:0.2% logz-ratio=385188.58+/-0.04 dlogz:21.784>0.01]22769it [9:39:53,  2.23s/it, bound:1341 nc:  1 ncall:1.1e+07 eff:0.2% logz-ratio=385192.64+/-0.33 dlogz:16.871>0.01]22775it [9:39:53,  1.52s/it, bound:1341 nc:440 ncall:1.1e+07 eff:0.2% logz-ratio=385188.69+/-0.04 dlogz:21.641>0.01]22778it [9:40:11,  1.52s/it, bound:1342 nc:509 ncall:1.1e+07 eff:0.2% logz-ratio=385188.72+/-0.04 dlogz:21.606>0.01]22779it [9:40:29,  3.31s/it, bound:1342 nc:524 ncall:1.1e+07 eff:0.2% logz-ratio=385188.73+/-0.05 dlogz:21.594>0.01]22785it [9:40:29,  2.21s/it, bound:1342 nc:  1 ncall:1.1e+07 eff:0.2% logz-ratio=385189.63+/-0.24 dlogz:20.491>0.01]22791it [9:40:29,  1.50s/it, bound:1342 nc:973 ncall:1.1e+07 eff:0.2% logz-ratio=385188.85+/-0.04 dlogz:21.451>0.01]22793it [9:40:41,  1.50s/it, bound:1343 nc:  1 ncall:1.1e+07 eff:0.2% logz-ratio=385204.25+/-0.85 dlogz:0.609>0.01] 22794it [9:41:08,  3.64s/it, bound:1343 nc:529 ncall:1.1e+07 eff:0.2% logz-ratio=385188.88+/-0.03 dlogz:21.416>0.01]22797it [9:41:08,  2.88s/it, bound:1343 nc:  1 ncall:1.1e+07 eff:0.2% logz-ratio=385200.00+/-0.38 dlogz:7.112>0.01] 22802it [9:41:08,  1.92s/it, bound:1343 nc:528 ncall:1.1e+07 eff:0.2% logz-ratio=385188.96+/-0.03 dlogz:21.325>0.01]22808it [9:41:08,  1.23s/it, bound:1343 nc:  1 ncall:1.1e+07 eff:0.2% logz-ratio=385191.16+/-0.31 dlogz:18.673>0.01]22809it [9:41:21,  1.23s/it, bound:1344 nc:554 ncall:1.1e+07 eff:0.2% logz-ratio=385189.02+/-0.03 dlogz:21.248>0.01]22810it [9:41:48,  3.98s/it, bound:1344 nc:497 ncall:1.1e+07 eff:0.2% logz-ratio=385189.03+/-0.04 dlogz:21.237>0.01]22814it [9:41:48,  2.80s/it, bound:1344 nc:  1 ncall:1.1e+07 eff:0.2% logz-ratio=385190.62+/-0.29 dlogz:19.315>0.01]22819it [9:41:48,  1.84s/it, bound:1344 nc:564 ncall:1.1e+07 eff:0.2% logz-ratio=385189.11+/-0.03 dlogz:21.140>0.01]22824it [9:41:48,  1.24s/it, bound:1344 nc:  1 ncall:1.1e+07 eff:0.2% logz-ratio=385194.35+/-0.34 dlogz:14.894>0.01]22825it [9:42:01,  1.24s/it, bound:1345 nc:546 ncall:1.1e+07 eff:0.2% logz-ratio=385189.16+/-0.03 dlogz:21.214>0.01]22826it [9:42:27,  4.10s/it, bound:1345 nc:550 ncall:1.1e+07 eff:0.2% logz-ratio=385189.17+/-0.04 dlogz:21.203>0.01]22829it [9:42:27,  3.07s/it, bound:1345 nc:514 ncall:1.1e+07 eff:0.2% logz-ratio=385189.19+/-0.03 dlogz:21.170>0.01]22834it [9:42:27,  1.92s/it, bound:1345 nc:557 ncall:1.1e+07 eff:0.2% logz-ratio=385189.24+/-0.04 dlogz:21.765>0.01]22839it [9:42:27,  1.26s/it, bound:1345 nc:531 ncall:1.1e+07 eff:0.2% logz-ratio=385189.29+/-0.03 dlogz:21.706>0.01]22841it [9:42:41,  1.26s/it, bound:1346 nc:  1 ncall:1.1e+07 eff:0.2% logz-ratio=385205.51+/-0.63 dlogz:0.388>0.01] 22842it [9:43:05,  3.91s/it, bound:1346 nc:514 ncall:1.1e+07 eff:0.2% logz-ratio=385189.32+/-0.03 dlogz:21.671>0.01]22847it [9:43:06,  2.53s/it, bound:1346 nc:  1 ncall:1.1e+07 eff:0.2% logz-ratio=385196.07+/-0.35 dlogz:13.376>0.01]22852it [9:43:06,  1.69s/it, bound:1346 nc:509 ncall:1.1e+07 eff:0.2% logz-ratio=385189.42+/-0.03 dlogz:21.552>0.01]22856it [9:43:21,  1.69s/it, bound:1347 nc:  1 ncall:1.1e+07 eff:0.2% logz-ratio=385205.48+/-0.63 dlogz:0.388>0.01] 22857it [9:43:43,  3.54s/it, bound:1347 nc:512 ncall:1.1e+07 eff:0.2% logz-ratio=385189.47+/-0.03 dlogz:21.494>0.01]22859it [9:43:57,  4.07s/it, bound:1347 nc:436 ncall:1.1e+07 eff:0.2% logz-ratio=385189.49+/-0.03 dlogz:21.471>0.01]22866it [9:43:57,  2.29s/it, bound:1347 nc:  1 ncall:1.1e+07 eff:0.2% logz-ratio=385189.94+/-0.18 dlogz:20.915>0.01]22872it [9:43:57,  1.50s/it, bound:1348 nc:526 ncall:1.1e+07 eff:0.2% logz-ratio=385189.61+/-0.04 dlogz:21.320>0.01]22872it [9:44:11,  1.50s/it, bound:1348 nc:  1 ncall:1.1e+07 eff:0.2% logz-ratio=385205.61+/-0.56 dlogz:0.340>0.01] 22873it [9:44:35,  4.34s/it, bound:1348 nc:545 ncall:1.1e+07 eff:0.2% logz-ratio=385189.62+/-0.03 dlogz:21.308>0.01]22878it [9:44:35,  2.81s/it, bound:1348 nc:510 ncall:1.1e+07 eff:0.2% logz-ratio=385189.67+/-0.03 dlogz:21.249>0.01]22883it [9:44:35,  1.87s/it, bound:1348 nc:  1 ncall:1.1e+07 eff:0.2% logz-ratio=385191.93+/-0.31 dlogz:18.514>0.01]22888it [9:44:36,  1.27s/it, bound:1349 nc:532 ncall:1.1e+07 eff:0.2% logz-ratio=385189.77+/-0.03 dlogz:21.131>0.01]22888it [9:44:51,  1.27s/it, bound:1349 nc:532 ncall:1.1e+07 eff:0.2% logz-ratio=385189.77+/-0.03 dlogz:21.131>0.01]22889it [9:45:13,  4.37s/it, bound:1349 nc:510 ncall:1.1e+07 eff:0.2% logz-ratio=385189.78+/-0.04 dlogz:21.119>0.01]22892it [9:45:13,  3.21s/it, bound:1349 nc:513 ncall:1.1e+07 eff:0.2% logz-ratio=385189.81+/-0.03 dlogz:21.082>0.01]22897it [9:45:14,  1.97s/it, bound:1349 nc:455 ncall:1.1e+07 eff:0.2% logz-ratio=385189.86+/-0.04 dlogz:21.020>0.01]22903it [9:45:14,  1.19s/it, bound:1349 nc:  1 ncall:1.1e+07 eff:0.2% logz-ratio=385189.96+/-0.07 dlogz:20.895>0.01]22904it [9:45:31,  1.19s/it, bound:1350 nc:516 ncall:1.1e+07 eff:0.2% logz-ratio=385189.94+/-0.03 dlogz:20.932>0.01]22905it [9:45:53,  4.18s/it, bound:1350 nc:507 ncall:1.1e+07 eff:0.2% logz-ratio=385189.95+/-0.04 dlogz:20.920>0.01]22907it [9:45:54,  3.41s/it, bound:1350 nc:  1 ncall:1.1e+07 eff:0.2% logz-ratio=385197.00+/-0.35 dlogz:12.144>0.01]22911it [9:45:54,  2.24s/it, bound:1350 nc:  1 ncall:1.1e+07 eff:0.2% logz-ratio=385195.47+/-0.34 dlogz:14.120>0.01]22915it [9:45:54,  1.50s/it, bound:1350 nc:  1 ncall:1.1e+07 eff:0.2% logz-ratio=385199.03+/-0.36 dlogz:9.366>0.01] 22920it [9:46:11,  1.50s/it, bound:1351 nc:422 ncall:1.1e+07 eff:0.2% logz-ratio=385190.10+/-0.03 dlogz:20.736>0.01]22921it [9:46:34,  3.65s/it, bound:1351 nc:580 ncall:1.1e+07 eff:0.2% logz-ratio=385190.11+/-0.04 dlogz:20.723>0.01]22925it [9:46:34,  2.62s/it, bound:1351 nc:  1 ncall:1.1e+07 eff:0.2% logz-ratio=385190.89+/-0.23 dlogz:19.772>0.01]22929it [9:46:34,  1.88s/it, bound:1351 nc:  1 ncall:1.1e+07 eff:0.2% logz-ratio=385191.19+/-0.25 dlogz:19.420>0.01]22933it [9:46:34,  1.34s/it, bound:1351 nc:540 ncall:1.1e+07 eff:0.2% logz-ratio=385190.23+/-0.04 dlogz:20.577>0.01]22936it [9:46:51,  1.34s/it, bound:1352 nc:549 ncall:1.1e+07 eff:0.2% logz-ratio=385190.26+/-0.03 dlogz:20.540>0.01]22937it [9:47:16,  3.99s/it, bound:1352 nc:511 ncall:1.1e+07 eff:0.2% logz-ratio=385190.27+/-0.04 dlogz:20.528>0.01]22940it [9:47:16,  3.04s/it, bound:1352 nc:506 ncall:1.1e+07 eff:0.2% logz-ratio=385190.30+/-0.03 dlogz:20.492>0.01]22945it [9:47:16,  1.94s/it, bound:1352 nc:598 ncall:1.1e+07 eff:0.2% logz-ratio=385190.35+/-0.03 dlogz:20.431>0.01]22949it [9:47:16,  1.38s/it, bound:1352 nc:573 ncall:1.1e+07 eff:0.2% logz-ratio=385190.39+/-0.03 dlogz:20.382>0.01]22952it [9:47:31,  1.38s/it, bound:1353 nc:  1 ncall:1.1e+07 eff:0.2% logz-ratio=385205.50+/-0.57 dlogz:0.325>0.01] 22953it [9:47:57,  3.99s/it, bound:1353 nc:567 ncall:1.1e+07 eff:0.2% logz-ratio=385190.44+/-0.03 dlogz:20.333>0.01]22958it [9:47:57,  2.62s/it, bound:1353 nc:598 ncall:1.1e+07 eff:0.2% logz-ratio=385190.49+/-0.04 dlogz:20.271>0.01]22963it [9:47:57,  1.76s/it, bound:1353 nc:531 ncall:1.1e+07 eff:0.2% logz-ratio=385190.54+/-0.03 dlogz:20.211>0.01]22967it [9:47:57,  1.29s/it, bound:1354 nc:565 ncall:1.1e+07 eff:0.2% logz-ratio=385190.58+/-0.03 dlogz:20.163>0.01]22967it [9:48:11,  1.29s/it, bound:1354 nc:565 ncall:1.1e+07 eff:0.2% logz-ratio=385190.58+/-0.03 dlogz:20.163>0.01]22968it [9:48:38,  4.78s/it, bound:1354 nc:524 ncall:1.1e+07 eff:0.2% logz-ratio=385190.59+/-0.04 dlogz:20.151>0.01]22972it [9:48:38,  3.18s/it, bound:1354 nc:  1 ncall:1.1e+07 eff:0.2% logz-ratio=385191.90+/-0.27 dlogz:18.562>0.01]22976it [9:48:38,  2.15s/it, bound:1354 nc:  1 ncall:1.1e+07 eff:0.2% logz-ratio=385198.38+/-0.35 dlogz:10.237>0.01]22981it [9:48:38,  1.37s/it, bound:1355 nc:556 ncall:1.1e+07 eff:0.2% logz-ratio=385190.71+/-0.03 dlogz:19.999>0.01]22981it [9:48:51,  1.37s/it, bound:1355 nc:556 ncall:1.1e+07 eff:0.2% logz-ratio=385190.71+/-0.03 dlogz:19.999>0.01]22982it [9:49:20,  5.22s/it, bound:1355 nc:596 ncall:1.1e+07 eff:0.2% logz-ratio=385190.72+/-0.04 dlogz:19.987>0.01]22985it [9:49:20,  3.72s/it, bound:1355 nc:522 ncall:1.1e+07 eff:0.2% logz-ratio=385190.75+/-0.03 dlogz:20.101>0.01]22991it [9:49:20,  2.04s/it, bound:1355 nc:  1 ncall:1.1e+07 eff:0.2% logz-ratio=385191.80+/-0.25 dlogz:18.834>0.01]22996it [9:49:20,  1.34s/it, bound:1355 nc:570 ncall:1.1e+07 eff:0.2% logz-ratio=385190.86+/-0.03 dlogz:19.968>0.01]22997it [9:49:31,  1.34s/it, bound:1356 nc:  1 ncall:1.1e+07 eff:0.2% logz-ratio=385205.76+/-0.56 dlogz:0.273>0.01] 22998it [9:50:02,  4.64s/it, bound:1356 nc:536 ncall:1.1e+07 eff:0.2% logz-ratio=385190.88+/-0.03 dlogz:19.944>0.01]23002it [9:50:02,  3.15s/it, bound:1356 nc:606 ncall:1.1e+07 eff:0.2% logz-ratio=385190.92+/-0.03 dlogz:19.897>0.01]23007it [9:50:03,  2.01s/it, bound:1356 nc:602 ncall:1.1e+07 eff:0.2% logz-ratio=385190.97+/-0.04 dlogz:19.836>0.01]23012it [9:50:03,  1.33s/it, bound:1356 nc:615 ncall:1.1e+07 eff:0.2% logz-ratio=385191.03+/-0.03 dlogz:19.774>0.01]23013it [9:50:21,  1.33s/it, bound:1357 nc:  1 ncall:1.1e+07 eff:0.2% logz-ratio=385205.73+/-0.56 dlogz:0.273>0.01] 23014it [9:50:41,  4.27s/it, bound:1357 nc:560 ncall:1.1e+07 eff:0.2% logz-ratio=385191.05+/-0.03 dlogz:19.749>0.01]23018it [9:50:41,  2.91s/it, bound:1357 nc:551 ncall:1.1e+07 eff:0.2% logz-ratio=385191.09+/-0.03 dlogz:19.700>0.01]23023it [9:50:41,  1.86s/it, bound:1357 nc:  1 ncall:1.1e+07 eff:0.2% logz-ratio=385191.26+/-0.11 dlogz:19.487>0.01]23028it [9:50:42,  1.24s/it, bound:1357 nc:538 ncall:1.1e+07 eff:0.2% logz-ratio=385191.19+/-0.03 dlogz:19.581>0.01]23029it [9:51:01,  1.24s/it, bound:1358 nc:  1 ncall:1.1e+07 eff:0.2% logz-ratio=385205.70+/-0.57 dlogz:0.273>0.01] 23030it [9:51:18,  4.05s/it, bound:1358 nc:512 ncall:1.1e+07 eff:0.2% logz-ratio=385191.21+/-0.03 dlogz:19.558>0.01]23036it [9:51:19,  2.39s/it, bound:1358 nc:  1 ncall:1.1e+07 eff:0.2% logz-ratio=385193.39+/-0.31 dlogz:16.865>0.01]23041it [9:51:19,  1.61s/it, bound:1358 nc:  1 ncall:1.1e+07 eff:0.2% logz-ratio=385196.52+/-0.35 dlogz:12.941>0.01]23045it [9:51:31,  1.61s/it, bound:1359 nc:  1 ncall:1.1e+07 eff:0.2% logz-ratio=385205.78+/-0.54 dlogz:0.247>0.01] 23046it [9:51:55,  3.40s/it, bound:1359 nc:461 ncall:1.1e+07 eff:0.2% logz-ratio=385191.36+/-0.03 dlogz:19.372>0.01]23053it [9:51:55,  2.08s/it, bound:1359 nc:  1 ncall:1.1e+07 eff:0.2% logz-ratio=385197.93+/-0.35 dlogz:11.070>0.01]23061it [9:51:55,  1.28s/it, bound:1360 nc:  1 ncall:1.1e+07 eff:0.2% logz-ratio=385198.64+/-0.35 dlogz:10.068>0.01]23061it [9:52:11,  1.28s/it, bound:1360 nc:  1 ncall:1.1e+07 eff:0.2% logz-ratio=385205.75+/-0.54 dlogz:0.246>0.01] 23062it [9:52:33,  3.64s/it, bound:1360 nc:547 ncall:1.1e+07 eff:0.2% logz-ratio=385191.51+/-0.03 dlogz:19.186>0.01]23065it [9:52:33,  2.85s/it, bound:1360 nc:  1 ncall:1.1e+07 eff:0.2% logz-ratio=385194.09+/-0.32 dlogz:16.017>0.01]23071it [9:52:33,  1.77s/it, bound:1360 nc:529 ncall:1.1e+07 eff:0.2% logz-ratio=385191.60+/-0.03 dlogz:19.174>0.01]23076it [9:52:33,  1.22s/it, bound:1360 nc:545 ncall:1.1e+07 eff:0.2% logz-ratio=385191.64+/-0.04 dlogz:19.119>0.01]23077it [9:52:51,  1.22s/it, bound:1361 nc:423 ncall:1.1e+07 eff:0.2% logz-ratio=385191.65+/-0.03 dlogz:19.107>0.01]23078it [9:53:14,  4.12s/it, bound:1361 nc:416 ncall:1.1e+07 eff:0.2% logz-ratio=385191.66+/-0.04 dlogz:19.096>0.01]23084it [9:53:14,  2.50s/it, bound:1361 nc:  1 ncall:1.1e+07 eff:0.2% logz-ratio=385195.53+/-0.34 dlogz:14.306>0.01]23090it [9:53:14,  1.61s/it, bound:1361 nc:463 ncall:1.1e+07 eff:0.2% logz-ratio=385191.78+/-0.03 dlogz:18.957>0.01]23093it [9:53:31,  1.61s/it, bound:1362 nc:529 ncall:1.1e+07 eff:0.2% logz-ratio=385191.81+/-0.03 dlogz:18.922>0.01]23094it [9:53:57,  3.95s/it, bound:1362 nc:609 ncall:1.1e+07 eff:0.2% logz-ratio=385191.82+/-0.04 dlogz:18.910>0.01]23095it [9:54:11,  4.80s/it, bound:1362 nc:599 ncall:1.1e+07 eff:0.2% logz-ratio=385191.83+/-0.03 dlogz:18.898>0.01]23099it [9:54:11,  3.25s/it, bound:1362 nc:550 ncall:1.1e+07 eff:0.2% logz-ratio=385191.86+/-0.03 dlogz:18.852>0.01]23104it [9:54:11,  2.07s/it, bound:1362 nc:  1 ncall:1.1e+07 eff:0.2% logz-ratio=385194.40+/-0.32 dlogz:15.728>0.01]23109it [9:54:11,  1.37s/it, bound:1363 nc:618 ncall:1.1e+07 eff:0.2% logz-ratio=385191.96+/-0.03 dlogz:18.740>0.01]23109it [9:54:21,  1.37s/it, bound:1363 nc:618 ncall:1.1e+07 eff:0.2% logz-ratio=385191.96+/-0.03 dlogz:18.740>0.01]23110it [9:54:50,  4.72s/it, bound:1363 nc:501 ncall:1.1e+07 eff:0.2% logz-ratio=385191.97+/-0.04 dlogz:18.729>0.01]23114it [9:54:50,  3.14s/it, bound:1363 nc:  1 ncall:1.1e+07 eff:0.2% logz-ratio=385195.86+/-0.34 dlogz:13.907>0.01]23119it [9:54:50,  1.96s/it, bound:1363 nc:  1 ncall:1.1e+07 eff:0.2% logz-ratio=385199.42+/-0.36 dlogz:9.110>0.01] 23124it [9:54:51,  1.28s/it, bound:1363 nc:546 ncall:1.1e+07 eff:0.2% logz-ratio=385192.10+/-0.03 dlogz:18.570>0.01]23125it [9:55:01,  1.28s/it, bound:1364 nc:  1 ncall:1.1e+07 eff:0.2% logz-ratio=385205.89+/-0.54 dlogz:0.211>0.01] 23126it [9:55:29,  4.29s/it, bound:1364 nc:562 ncall:1.1e+07 eff:0.2% logz-ratio=385192.11+/-0.03 dlogz:18.549>0.01]23131it [9:55:29,  2.70s/it, bound:1364 nc:  1 ncall:1.1e+07 eff:0.2% logz-ratio=385194.71+/-0.32 dlogz:15.344>0.01]23136it [9:55:29,  1.77s/it, bound:1364 nc:571 ncall:1.1e+07 eff:0.2% logz-ratio=385192.20+/-0.03 dlogz:18.441>0.01]23141it [9:55:30,  1.19s/it, bound:1365 nc:  1 ncall:1.1e+07 eff:0.2% logz-ratio=385193.82+/-0.29 dlogz:16.435>0.01]23141it [9:55:41,  1.19s/it, bound:1365 nc:  1 ncall:1.1e+07 eff:0.2% logz-ratio=385205.86+/-0.54 dlogz:0.210>0.01] 23142it [9:56:13,  4.83s/it, bound:1365 nc:521 ncall:1.1e+07 eff:0.2% logz-ratio=385192.25+/-0.03 dlogz:18.377>0.01]23145it [9:56:13,  3.53s/it, bound:1365 nc:  1 ncall:1.1e+07 eff:0.2% logz-ratio=385198.31+/-0.35 dlogz:10.719>0.01]23150it [9:56:13,  2.16s/it, bound:1365 nc:613 ncall:1.1e+07 eff:0.2% logz-ratio=385192.32+/-0.03 dlogz:18.294>0.01]23154it [9:56:13,  1.50s/it, bound:1365 nc:587 ncall:1.1e+07 eff:0.2% logz-ratio=385192.35+/-0.03 dlogz:18.253>0.01]23157it [9:56:31,  1.50s/it, bound:1366 nc:  1 ncall:1.1e+07 eff:0.2% logz-ratio=385205.83+/-0.55 dlogz:0.210>0.01] 23158it [9:56:56,  4.33s/it, bound:1366 nc:539 ncall:1.1e+07 eff:0.2% logz-ratio=385192.38+/-0.03 dlogz:18.213>0.01]23162it [9:56:56,  3.02s/it, bound:1366 nc:525 ncall:1.1e+07 eff:0.2% logz-ratio=385192.42+/-0.03 dlogz:18.172>0.01]23166it [9:56:56,  2.11s/it, bound:1366 nc:528 ncall:1.1e+07 eff:0.2% logz-ratio=385192.45+/-0.04 dlogz:18.132>0.01]23170it [9:56:56,  1.48s/it, bound:1366 nc:501 ncall:1.1e+07 eff:0.2% logz-ratio=385192.48+/-0.04 dlogz:23.773>0.01]23172it [9:57:11,  1.48s/it, bound:1367 nc:535 ncall:1.1e+07 eff:0.2% logz-ratio=385192.50+/-0.03 dlogz:23.753>0.01]23173it [9:57:42,  4.82s/it, bound:1367 nc:525 ncall:1.1e+07 eff:0.2% logz-ratio=385192.50+/-0.04 dlogz:23.743>0.01]23176it [9:57:42,  3.58s/it, bound:1367 nc:605 ncall:1.1e+07 eff:0.2% logz-ratio=385192.53+/-0.03 dlogz:23.713>0.01]23180it [9:57:42,  2.41s/it, bound:1367 nc:627 ncall:1.1e+07 eff:0.2% logz-ratio=385192.56+/-0.03 dlogz:23.673>0.01]23184it [9:57:42,  1.65s/it, bound:1367 nc:510 ncall:1.1e+07 eff:0.2% logz-ratio=385192.59+/-0.03 dlogz:23.632>0.01]23187it [9:58:01,  1.65s/it, bound:1368 nc:  1 ncall:1.1e+07 eff:0.2% logz-ratio=385209.33+/-1.50 dlogz:1.077>0.01] 23188it [9:58:26,  4.60s/it, bound:1368 nc:646 ncall:1.1e+07 eff:0.2% logz-ratio=385192.63+/-0.03 dlogz:23.591>0.01]23193it [9:58:26,  2.95s/it, bound:1368 nc:  1 ncall:1.1e+07 eff:0.2% logz-ratio=385194.76+/-0.31 dlogz:20.969>0.01]23197it [9:58:27,  2.10s/it, bound:1368 nc:  1 ncall:1.1e+07 eff:0.2% logz-ratio=385198.36+/-0.35 dlogz:16.318>0.01]23202it [9:58:27,  1.39s/it, bound:1368 nc:595 ncall:1.1e+07 eff:0.2% logz-ratio=385192.74+/-0.03 dlogz:23.446>0.01]23203it [9:58:41,  1.39s/it, bound:1369 nc:  1 ncall:1.1e+07 eff:0.2% logz-ratio=385209.30+/-1.51 dlogz:1.077>0.01] 23204it [9:59:08,  4.53s/it, bound:1369 nc:602 ncall:1.1e+07 eff:0.2% logz-ratio=385192.76+/-0.03 dlogz:23.425>0.01]23207it [9:59:08,  3.36s/it, bound:1369 nc:  1 ncall:1.1e+07 eff:0.2% logz-ratio=385201.88+/-0.38 dlogz:11.166>0.01]23211it [9:59:08,  2.26s/it, bound:1369 nc:562 ncall:1.1e+07 eff:0.2% logz-ratio=385192.82+/-0.04 dlogz:23.351>0.01]23215it [9:59:08,  1.55s/it, bound:1369 nc:599 ncall:1.1e+07 eff:0.2% logz-ratio=385192.85+/-0.04 dlogz:23.310>0.01]23219it [9:59:08,  1.07s/it, bound:1370 nc:536 ncall:1.1e+07 eff:0.2% logz-ratio=385192.89+/-0.04 dlogz:23.268>0.01]23219it [9:59:21,  1.07s/it, bound:1370 nc:  1 ncall:1.1e+07 eff:0.2% logz-ratio=385209.27+/-1.52 dlogz:1.077>0.01] 23220it [9:59:48,  4.95s/it, bound:1370 nc:523 ncall:1.1e+07 eff:0.2% logz-ratio=385192.90+/-0.03 dlogz:23.258>0.01]23225it [9:59:48,  2.88s/it, bound:1370 nc:  1 ncall:1.1e+07 eff:0.2% logz-ratio=385194.46+/-0.29 dlogz:21.335>0.01]23230it [9:59:48,  1.82s/it, bound:1370 nc:588 ncall:1.1e+07 eff:0.2% logz-ratio=385192.98+/-0.03 dlogz:23.151>0.01]23232it [10:00:01,  1.82s/it, bound:1371 nc:513 ncall:1.1e+07 eff:0.2% logz-ratio=385193.00+/-0.03 dlogz:23.129>0.01]23233it [10:00:26,  4.44s/it, bound:1371 nc:398 ncall:1.1e+07 eff:0.2% logz-ratio=385193.01+/-0.04 dlogz:23.119>0.01]23237it [10:00:26,  3.04s/it, bound:1371 nc:556 ncall:1.1e+07 eff:0.2% logz-ratio=385193.04+/-0.03 dlogz:23.076>0.01]23244it [10:00:26,  1.70s/it, bound:1371 nc:  1 ncall:1.1e+07 eff:0.2% logz-ratio=385194.46+/-0.28 dlogz:21.342>0.01]23248it [10:00:41,  1.70s/it, bound:1372 nc:436 ncall:1.1e+07 eff:0.2% logz-ratio=385193.14+/-0.03 dlogz:22.959>0.01]23249it [10:01:03,  3.48s/it, bound:1372 nc:458 ncall:1.1e+07 eff:0.2% logz-ratio=385193.15+/-0.04 dlogz:22.948>0.01]23254it [10:01:03,  2.42s/it, bound:1372 nc:450 ncall:1.1e+07 eff:0.2% logz-ratio=385193.19+/-0.03 dlogz:22.895>0.01]23261it [10:01:03,  1.50s/it, bound:1372 nc:  1 ncall:1.1e+07 eff:0.2% logz-ratio=385195.00+/-0.30 dlogz:20.667>0.01]23264it [10:01:21,  1.50s/it, bound:1373 nc:528 ncall:1.1e+07 eff:0.2% logz-ratio=385193.28+/-0.03 dlogz:22.785>0.01]23265it [10:01:41,  3.36s/it, bound:1373 nc:444 ncall:1.1e+07 eff:0.2% logz-ratio=385193.29+/-0.04 dlogz:22.774>0.01]23270it [10:01:41,  2.37s/it, bound:1373 nc:  1 ncall:1.1e+07 eff:0.2% logz-ratio=385196.53+/-0.34 dlogz:18.711>0.01]23276it [10:01:41,  1.57s/it, bound:1373 nc:504 ncall:1.1e+07 eff:0.2% logz-ratio=385193.39+/-0.04 dlogz:22.653>0.01]23279it [10:01:51,  1.57s/it, bound:1374 nc:  1 ncall:1.1e+07 eff:0.2% logz-ratio=385209.53+/-1.05 dlogz:0.843>0.01] 23280it [10:02:23,  3.74s/it, bound:1374 nc:574 ncall:1.1e+07 eff:0.2% logz-ratio=385193.43+/-0.03 dlogz:22.607>0.01]23285it [10:02:23,  2.61s/it, bound:1374 nc:  1 ncall:1.1e+07 eff:0.2% logz-ratio=385196.01+/-0.32 dlogz:19.382>0.01]23291it [10:02:23,  1.73s/it, bound:1374 nc:504 ncall:1.1e+07 eff:0.2% logz-ratio=385193.53+/-0.04 dlogz:22.484>0.01]23295it [10:02:41,  1.73s/it, bound:1375 nc:  1 ncall:1.1e+07 eff:0.2% logz-ratio=385209.50+/-1.06 dlogz:0.843>0.01] 23296it [10:02:59,  3.31s/it, bound:1375 nc:522 ncall:1.1e+07 eff:0.2% logz-ratio=385193.58+/-0.03 dlogz:22.426>0.01]23300it [10:02:59,  2.49s/it, bound:1375 nc:  1 ncall:1.1e+07 eff:0.2% logz-ratio=385197.47+/-0.34 dlogz:17.489>0.01]23305it [10:02:59,  1.73s/it, bound:1375 nc:503 ncall:1.1e+07 eff:0.2% logz-ratio=385193.66+/-0.04 dlogz:22.321>0.01]23310it [10:02:59,  1.21s/it, bound:1375 nc:526 ncall:1.1e+07 eff:0.2% logz-ratio=385193.71+/-0.05 dlogz:22.263>0.01]23310it [10:03:11,  1.21s/it, bound:1375 nc:  1 ncall:1.1e+07 eff:0.2% logz-ratio=385209.47+/-1.06 dlogz:0.843>0.01] 23311it [10:03:39,  4.32s/it, bound:1376 nc:1000 ncall:1.1e+07 eff:0.2% logz-ratio=385193.72+/-0.03 dlogz:22.251>0.01]23315it [10:03:40,  2.97s/it, bound:1376 nc:  1 ncall:1.1e+07 eff:0.2% logz-ratio=385195.16+/-0.28 dlogz:20.465>0.01] 23320it [10:03:40,  1.91s/it, bound:1376 nc:538 ncall:1.1e+07 eff:0.2% logz-ratio=385193.81+/-0.03 dlogz:22.149>0.01]23325it [10:03:40,  1.27s/it, bound:1376 nc:  1 ncall:1.1e+07 eff:0.2% logz-ratio=385195.83+/-0.31 dlogz:19.610>0.01]23326it [10:03:51,  1.27s/it, bound:1377 nc:495 ncall:1.1e+07 eff:0.2% logz-ratio=385193.86+/-0.03 dlogz:22.081>0.01]23327it [10:04:17,  4.10s/it, bound:1377 nc:489 ncall:1.1e+07 eff:0.2% logz-ratio=385193.87+/-0.04 dlogz:22.070>0.01]23329it [10:04:31,  4.66s/it, bound:1377 nc:523 ncall:1.1e+07 eff:0.2% logz-ratio=385193.89+/-0.03 dlogz:22.047>0.01]23334it [10:04:31,  2.80s/it, bound:1377 nc:  1 ncall:1.1e+07 eff:0.2% logz-ratio=385196.06+/-0.32 dlogz:19.325>0.01]23339it [10:04:32,  1.78s/it, bound:1377 nc:474 ncall:1.1e+07 eff:0.2% logz-ratio=385193.98+/-0.03 dlogz:21.936>0.01]23342it [10:04:51,  1.78s/it, bound:1378 nc:464 ncall:1.1e+07 eff:0.2% logz-ratio=385194.01+/-0.03 dlogz:21.904>0.01]23343it [10:05:08,  3.92s/it, bound:1378 nc:526 ncall:1.1e+07 eff:0.2% logz-ratio=385194.02+/-0.04 dlogz:21.893>0.01]23346it [10:05:08,  2.99s/it, bound:1378 nc:  1 ncall:1.1e+07 eff:0.2% logz-ratio=385196.51+/-0.32 dlogz:18.764>0.01]23351it [10:05:08,  1.91s/it, bound:1378 nc:445 ncall:1.1e+07 eff:0.2% logz-ratio=385194.09+/-0.04 dlogz:21.804>0.01]23356it [10:05:08,  1.27s/it, bound:1378 nc:505 ncall:1.1e+07 eff:0.2% logz-ratio=385194.13+/-0.03 dlogz:21.748>0.01]23358it [10:05:21,  1.27s/it, bound:1379 nc:  1 ncall:1.1e+07 eff:0.2% logz-ratio=385209.37+/-1.09 dlogz:0.842>0.01] 23359it [10:05:41,  3.50s/it, bound:1379 nc:518 ncall:1.1e+07 eff:0.2% logz-ratio=385194.16+/-0.03 dlogz:21.715>0.01]23364it [10:05:42,  2.28s/it, bound:1379 nc:  1 ncall:1.1e+07 eff:0.2% logz-ratio=385197.69+/-0.34 dlogz:17.253>0.01]23369it [10:05:42,  1.53s/it, bound:1379 nc:474 ncall:1.1e+07 eff:0.2% logz-ratio=385194.25+/-0.05 dlogz:21.605>0.01]23374it [10:05:42,  1.04s/it, bound:1380 nc:473 ncall:1.1e+07 eff:0.2% logz-ratio=385194.30+/-0.05 dlogz:21.551>0.01]23374it [10:06:01,  1.04s/it, bound:1380 nc:  1 ncall:1.1e+07 eff:0.2% logz-ratio=385209.34+/-1.10 dlogz:0.841>0.01] 23375it [10:06:16,  3.87s/it, bound:1380 nc:520 ncall:1.1e+07 eff:0.2% logz-ratio=385194.31+/-0.03 dlogz:21.540>0.01]23381it [10:06:16,  2.25s/it, bound:1380 nc:  1 ncall:1.1e+07 eff:0.2% logz-ratio=385196.42+/-0.31 dlogz:18.885>0.01]23387it [10:06:17,  1.41s/it, bound:1380 nc:  1 ncall:1.1e+07 eff:0.2% logz-ratio=385201.25+/-0.37 dlogz:12.238>0.01]23389it [10:06:31,  1.41s/it, bound:1381 nc:478 ncall:1.1e+07 eff:0.2% logz-ratio=385194.43+/-0.04 dlogz:21.386>0.01]23390it [10:06:51,  3.56s/it, bound:1381 nc:458 ncall:1.1e+07 eff:0.2% logz-ratio=385194.44+/-0.05 dlogz:21.376>0.01]23393it [10:06:51,  2.74s/it, bound:1381 nc:  1 ncall:1.1e+07 eff:0.2% logz-ratio=385199.43+/-0.36 dlogz:14.930>0.01]23398it [10:06:51,  1.77s/it, bound:1381 nc:  1 ncall:1.1e+07 eff:0.2% logz-ratio=385197.20+/-0.33 dlogz:17.874>0.01]23404it [10:06:51,  1.11s/it, bound:1381 nc:  1 ncall:1.1e+07 eff:0.2% logz-ratio=385201.38+/-0.37 dlogz:12.053>0.01]23405it [10:07:11,  1.11s/it, bound:1382 nc:510 ncall:1.1e+07 eff:0.2% logz-ratio=385194.57+/-0.03 dlogz:21.213>0.01]23406it [10:07:26,  3.61s/it, bound:1382 nc:439 ncall:1.1e+07 eff:0.2% logz-ratio=385194.58+/-0.04 dlogz:21.202>0.01]23413it [10:07:27,  2.05s/it, bound:1382 nc:  1 ncall:1.1e+07 eff:0.2% logz-ratio=385200.04+/-0.36 dlogz:14.081>0.01]23420it [10:07:27,  1.27s/it, bound:1382 nc:498 ncall:1.1e+07 eff:0.2% logz-ratio=385194.70+/-0.03 dlogz:21.056>0.01]23421it [10:07:41,  1.27s/it, bound:1383 nc:446 ncall:1.1e+07 eff:0.2% logz-ratio=385194.71+/-0.04 dlogz:21.046>0.01]23422it [10:08:02,  3.49s/it, bound:1383 nc:473 ncall:1.1e+07 eff:0.2% logz-ratio=385194.71+/-0.05 dlogz:21.036>0.01]23427it [10:08:02,  2.36s/it, bound:1383 nc:  1 ncall:1.1e+07 eff:0.2% logz-ratio=385197.13+/-0.32 dlogz:17.982>0.01]23433it [10:08:02,  1.52s/it, bound:1383 nc:494 ncall:1.1e+07 eff:0.2% logz-ratio=385194.80+/-0.03 dlogz:20.926>0.01]23437it [10:08:21,  1.52s/it, bound:1384 nc:  1 ncall:1.1e+07 eff:0.2% logz-ratio=385209.27+/-1.06 dlogz:0.812>0.01] 23438it [10:08:39,  3.23s/it, bound:1384 nc:495 ncall:1.1e+07 eff:0.2% logz-ratio=385194.84+/-0.03 dlogz:20.876>0.01]23443it [10:08:39,  2.27s/it, bound:1384 nc:  1 ncall:1.1e+07 eff:0.2% logz-ratio=385197.16+/-0.32 dlogz:17.938>0.01]23449it [10:08:39,  1.51s/it, bound:1384 nc:477 ncall:1.1e+07 eff:0.2% logz-ratio=385194.93+/-0.03 dlogz:20.763>0.01]23452it [10:08:51,  1.51s/it, bound:1385 nc:443 ncall:1.1e+07 eff:0.2% logz-ratio=385194.96+/-0.03 dlogz:20.733>0.01]23453it [10:09:14,  3.29s/it, bound:1385 nc:497 ncall:1.1e+07 eff:0.2% logz-ratio=385194.97+/-0.04 dlogz:20.722>0.01]23460it [10:09:14,  2.05s/it, bound:1385 nc:  1 ncall:1.1e+07 eff:0.2% logz-ratio=385197.03+/-0.31 dlogz:18.105>0.01]23466it [10:09:14,  1.40s/it, bound:1385 nc:  1 ncall:1.1e+07 eff:0.2% logz-ratio=385195.43+/-0.18 dlogz:20.128>0.01]23468it [10:09:31,  1.40s/it, bound:1386 nc:400 ncall:1.1e+07 eff:0.2% logz-ratio=385195.09+/-0.04 dlogz:20.572>0.01]23469it [10:09:50,  3.32s/it, bound:1386 nc:359 ncall:1.1e+07 eff:0.2% logz-ratio=385195.09+/-0.05 dlogz:20.562>0.01]23474it [10:09:50,  2.31s/it, bound:1386 nc:  1 ncall:1.1e+07 eff:0.2% logz-ratio=385197.32+/-0.32 dlogz:17.725>0.01]23480it [10:09:50,  1.53s/it, bound:1386 nc:458 ncall:1.1e+07 eff:0.2% logz-ratio=385195.18+/-0.03 dlogz:20.453>0.01]23483it [10:10:01,  1.53s/it, bound:1387 nc:427 ncall:1.1e+07 eff:0.2% logz-ratio=385195.20+/-0.04 dlogz:20.424>0.01]23484it [10:10:25,  3.35s/it, bound:1387 nc:446 ncall:1.1e+07 eff:0.2% logz-ratio=385195.21+/-0.05 dlogz:20.414>0.01]23490it [10:10:26,  2.20s/it, bound:1387 nc:  1 ncall:1.1e+07 eff:0.2% logz-ratio=385197.33+/-0.32 dlogz:17.703>0.01]23496it [10:10:26,  1.48s/it, bound:1387 nc:503 ncall:1.1e+07 eff:0.2% logz-ratio=385195.31+/-0.04 dlogz:20.295>0.01]23499it [10:10:41,  1.48s/it, bound:1388 nc:461 ncall:1.1e+07 eff:0.2% logz-ratio=385195.33+/-0.04 dlogz:20.266>0.01]23500it [10:11:02,  3.31s/it, bound:1388 nc:498 ncall:1.1e+07 eff:0.2% logz-ratio=385195.34+/-0.05 dlogz:20.257>0.01]23504it [10:11:02,  2.47s/it, bound:1388 nc:  1 ncall:1.1e+07 eff:0.2% logz-ratio=385198.05+/-0.33 dlogz:16.761>0.01]23511it [10:11:02,  1.52s/it, bound:1388 nc:525 ncall:1.1e+07 eff:0.2% logz-ratio=385195.42+/-0.03 dlogz:20.151>0.01]23515it [10:11:21,  1.52s/it, bound:1389 nc:  1 ncall:1.1e+07 eff:0.2% logz-ratio=385209.24+/-0.98 dlogz:0.744>0.01] 23516it [10:11:40,  3.23s/it, bound:1389 nc:531 ncall:1.1e+07 eff:0.2% logz-ratio=385195.46+/-0.03 dlogz:20.103>0.01]23519it [10:11:40,  2.61s/it, bound:1389 nc:  1 ncall:1.1e+07 eff:0.2% logz-ratio=385204.86+/-0.46 dlogz:6.778>0.01] 23524it [10:11:40,  1.78s/it, bound:1389 nc:542 ncall:1.1e+07 eff:0.2% logz-ratio=385195.52+/-0.04 dlogz:20.025>0.01]23529it [10:11:40,  1.24s/it, bound:1389 nc:513 ncall:1.1e+07 eff:0.2% logz-ratio=385195.56+/-0.03 dlogz:19.975>0.01]23531it [10:11:51,  1.24s/it, bound:1390 nc:  1 ncall:1.1e+07 eff:0.2% logz-ratio=385209.21+/-0.99 dlogz:0.744>0.01] 23532it [10:12:18,  3.61s/it, bound:1390 nc:544 ncall:1.1e+07 eff:0.2% logz-ratio=385195.59+/-0.03 dlogz:19.945>0.01]23537it [10:12:18,  2.41s/it, bound:1390 nc:  1 ncall:1.1e+07 eff:0.2% logz-ratio=385195.63+/-0.05 dlogz:19.875>0.01]23542it [10:12:18,  1.64s/it, bound:1390 nc:  1 ncall:1.1e+07 eff:0.2% logz-ratio=385197.43+/-0.31 dlogz:17.584>0.01]23547it [10:12:18,  1.13s/it, bound:1391 nc:473 ncall:1.1e+07 eff:0.2% logz-ratio=385195.70+/-0.03 dlogz:19.796>0.01]23547it [10:12:31,  1.13s/it, bound:1391 nc:473 ncall:1.1e+07 eff:0.2% logz-ratio=385195.70+/-0.03 dlogz:19.796>0.01]23548it [10:12:58,  4.31s/it, bound:1391 nc:465 ncall:1.1e+07 eff:0.2% logz-ratio=385195.71+/-0.04 dlogz:19.786>0.01]23553it [10:12:58,  2.72s/it, bound:1391 nc:  1 ncall:1.1e+07 eff:0.2% logz-ratio=385197.91+/-0.32 dlogz:16.945>0.01]23558it [10:12:58,  1.78s/it, bound:1391 nc:  1 ncall:1.1e+07 eff:0.2% logz-ratio=385198.34+/-0.33 dlogz:16.379>0.01]23562it [10:13:11,  1.78s/it, bound:1392 nc:  1 ncall:1.1e+07 eff:0.2% logz-ratio=385209.17+/-0.99 dlogz:0.732>0.01] 23563it [10:13:39,  3.93s/it, bound:1392 nc:517 ncall:1.1e+07 eff:0.2% logz-ratio=385195.83+/-0.03 dlogz:19.638>0.01]23569it [10:13:40,  2.52s/it, bound:1392 nc:  1 ncall:1.1e+07 eff:0.2% logz-ratio=385198.13+/-0.32 dlogz:16.654>0.01]23575it [10:13:40,  1.66s/it, bound:1392 nc:459 ncall:1.1e+07 eff:0.2% logz-ratio=385195.93+/-0.03 dlogz:19.518>0.01]23578it [10:13:51,  1.66s/it, bound:1393 nc:606 ncall:1.1e+07 eff:0.2% logz-ratio=385195.95+/-0.03 dlogz:19.488>0.01]23579it [10:14:20,  3.74s/it, bound:1393 nc:612 ncall:1.1e+07 eff:0.2% logz-ratio=385195.96+/-0.04 dlogz:19.478>0.01]23583it [10:14:20,  2.78s/it, bound:1393 nc:  1 ncall:1.1e+07 eff:0.2% logz-ratio=385197.36+/-0.29 dlogz:17.680>0.01]23588it [10:14:20,  1.90s/it, bound:1393 nc:  1 ncall:1.1e+07 eff:0.2% logz-ratio=385200.87+/-0.37 dlogz:12.813>0.01]23592it [10:14:31,  1.90s/it, bound:1393 nc:  1 ncall:1.1e+07 eff:0.2% logz-ratio=385209.11+/-1.01 dlogz:0.731>0.01] 23593it [10:15:01,  3.83s/it, bound:1394 nc:1588 ncall:1.1e+07 eff:0.2% logz-ratio=385196.07+/-0.03 dlogz:19.338>0.01]23594it [10:15:15,  4.70s/it, bound:1394 nc:516 ncall:1.1e+07 eff:0.2% logz-ratio=385196.08+/-0.03 dlogz:19.327>0.01] 23599it [10:15:15,  2.98s/it, bound:1394 nc:  1 ncall:1.1e+07 eff:0.2% logz-ratio=385197.91+/-0.31 dlogz:16.945>0.01]23604it [10:15:16,  1.96s/it, bound:1394 nc:567 ncall:1.1e+07 eff:0.2% logz-ratio=385196.16+/-0.03 dlogz:19.228>0.01]23608it [10:15:31,  1.96s/it, bound:1395 nc:511 ncall:1.1e+07 eff:0.2% logz-ratio=385196.19+/-0.03 dlogz:19.188>0.01]23609it [10:16:00,  4.25s/it, bound:1395 nc:616 ncall:1.1e+07 eff:0.2% logz-ratio=385196.20+/-0.04 dlogz:19.178>0.01]23613it [10:16:00,  3.09s/it, bound:1395 nc:  1 ncall:1.1e+07 eff:0.2% logz-ratio=385196.95+/-0.23 dlogz:18.207>0.01]23618it [10:16:00,  2.08s/it, bound:1395 nc:653 ncall:1.1e+07 eff:0.2% logz-ratio=385196.27+/-0.03 dlogz:19.088>0.01]23623it [10:16:00,  1.43s/it, bound:1395 nc:  1 ncall:1.1e+07 eff:0.2% logz-ratio=385197.70+/-0.29 dlogz:17.230>0.01]23624it [10:16:11,  1.43s/it, bound:1396 nc:600 ncall:1.1e+07 eff:0.2% logz-ratio=385196.32+/-0.03 dlogz:19.026>0.01]23625it [10:16:42,  4.39s/it, bound:1396 nc:490 ncall:1.1e+07 eff:0.2% logz-ratio=385196.33+/-0.04 dlogz:19.016>0.01]23629it [10:16:42,  3.05s/it, bound:1396 nc:  1 ncall:1.1e+07 eff:0.2% logz-ratio=385198.24+/-0.31 dlogz:16.497>0.01]23634it [10:16:42,  1.98s/it, bound:1396 nc:598 ncall:1.1e+07 eff:0.2% logz-ratio=385196.40+/-0.03 dlogz:18.926>0.01]23639it [10:16:42,  1.32s/it, bound:1396 nc:  1 ncall:1.1e+07 eff:0.2% logz-ratio=385198.40+/-0.32 dlogz:16.278>0.01]23640it [10:17:01,  1.32s/it, bound:1397 nc:578 ncall:1.1e+07 eff:0.2% logz-ratio=385196.45+/-0.03 dlogz:18.867>0.01]23641it [10:17:23,  4.44s/it, bound:1397 nc:499 ncall:1.1e+07 eff:0.2% logz-ratio=385196.46+/-0.04 dlogz:18.857>0.01]23645it [10:17:23,  3.05s/it, bound:1397 nc:  1 ncall:1.1e+07 eff:0.2% logz-ratio=385199.28+/-0.34 dlogz:15.074>0.01]23650it [10:17:24,  1.96s/it, bound:1397 nc:597 ncall:1.1e+07 eff:0.2% logz-ratio=385196.52+/-0.03 dlogz:18.771>0.01]23655it [10:17:24,  1.30s/it, bound:1397 nc:  1 ncall:1.1e+07 eff:0.2% logz-ratio=385197.70+/-0.27 dlogz:17.211>0.01]23656it [10:17:41,  1.30s/it, bound:1398 nc:537 ncall:1.1e+07 eff:0.2% logz-ratio=385196.57+/-0.03 dlogz:18.715>0.01]23657it [10:18:09,  4.77s/it, bound:1398 nc:628 ncall:1.1e+07 eff:0.2% logz-ratio=385196.57+/-0.04 dlogz:18.706>0.01]23660it [10:18:09,  3.55s/it, bound:1398 nc:452 ncall:1.1e+07 eff:0.2% logz-ratio=385196.60+/-0.03 dlogz:18.678>0.01]23665it [10:18:09,  2.21s/it, bound:1398 nc:  1 ncall:1.1e+07 eff:0.2% logz-ratio=385196.86+/-0.15 dlogz:18.324>0.01]23670it [10:18:09,  1.44s/it, bound:1398 nc:598 ncall:1.1e+07 eff:0.2% logz-ratio=385196.67+/-0.03 dlogz:18.587>0.01]23672it [10:18:21,  1.44s/it, bound:1399 nc:626 ncall:1.1e+07 eff:0.2% logz-ratio=385196.68+/-0.03 dlogz:18.569>0.01]23673it [10:18:54,  4.55s/it, bound:1399 nc:605 ncall:1.1e+07 eff:0.2% logz-ratio=385196.69+/-0.04 dlogz:18.560>0.01]23675it [10:18:54,  3.74s/it, bound:1399 nc:  1 ncall:1.1e+07 eff:0.2% logz-ratio=385203.10+/-0.41 dlogz:9.502>0.01] 23679it [10:18:54,  2.47s/it, bound:1399 nc:  1 ncall:1.1e+07 eff:0.2% logz-ratio=385197.51+/-0.24 dlogz:17.475>0.01]23683it [10:18:54,  1.67s/it, bound:1399 nc:620 ncall:1.1e+07 eff:0.2% logz-ratio=385196.76+/-0.04 dlogz:18.471>0.01]23687it [10:18:54,  1.15s/it, bound:1399 nc:564 ncall:1.1e+07 eff:0.2% logz-ratio=385196.78+/-0.04 dlogz:18.437>0.01]23688it [10:19:11,  1.15s/it, bound:1400 nc:577 ncall:1.1e+07 eff:0.2% logz-ratio=385196.79+/-0.02 dlogz:18.428>0.01]23689it [10:19:36,  4.75s/it, bound:1400 nc:531 ncall:1.1e+07 eff:0.2% logz-ratio=385196.80+/-0.04 dlogz:18.419>0.01]23693it [10:19:36,  3.12s/it, bound:1400 nc:  1 ncall:1.1e+07 eff:0.2% logz-ratio=385197.30+/-0.20 dlogz:17.757>0.01]23697it [10:19:36,  2.09s/it, bound:1400 nc:  1 ncall:1.1e+07 eff:0.2% logz-ratio=385198.11+/-0.28 dlogz:16.675>0.01]23701it [10:19:36,  1.43s/it, bound:1400 nc:  1 ncall:1.1e+07 eff:0.2% logz-ratio=385199.31+/-0.34 dlogz:15.005>0.01]23704it [10:19:51,  1.43s/it, bound:1401 nc:613 ncall:1.1e+07 eff:0.2% logz-ratio=385196.90+/-0.03 dlogz:18.290>0.01]23705it [10:20:19,  4.35s/it, bound:1401 nc:600 ncall:1.1e+07 eff:0.2% logz-ratio=385196.90+/-0.04 dlogz:18.282>0.01]23709it [10:20:19,  3.01s/it, bound:1401 nc:  1 ncall:1.1e+07 eff:0.2% logz-ratio=385198.43+/-0.30 dlogz:16.238>0.01]23713it [10:20:19,  2.09s/it, bound:1401 nc:  1 ncall:1.1e+07 eff:0.2% logz-ratio=385200.11+/-0.36 dlogz:13.854>0.01]23717it [10:20:19,  1.46s/it, bound:1401 nc:  1 ncall:1.1e+07 eff:0.2% logz-ratio=385205.62+/-0.47 dlogz:5.108>0.01] 23720it [10:20:31,  1.46s/it, bound:1402 nc:631 ncall:1.1e+07 eff:0.2% logz-ratio=385197.00+/-0.02 dlogz:18.155>0.01]23721it [10:21:03,  4.37s/it, bound:1402 nc:513 ncall:1.1e+07 eff:0.2% logz-ratio=385197.00+/-0.03 dlogz:18.147>0.01]23724it [10:21:03,  3.30s/it, bound:1402 nc:557 ncall:1.1e+07 eff:0.2% logz-ratio=385197.02+/-0.02 dlogz:18.122>0.01]23729it [10:21:03,  2.09s/it, bound:1402 nc:  1 ncall:1.1e+07 eff:0.2% logz-ratio=385197.63+/-0.21 dlogz:17.310>0.01]23734it [10:21:03,  1.38s/it, bound:1402 nc:615 ncall:1.1e+07 eff:0.2% logz-ratio=385197.09+/-0.03 dlogz:18.036>0.01]23736it [10:21:21,  1.38s/it, bound:1403 nc:613 ncall:1.1e+07 eff:0.2% logz-ratio=385197.10+/-0.03 dlogz:18.018>0.01]23737it [10:21:45,  4.19s/it, bound:1403 nc:572 ncall:1.1e+07 eff:0.2% logz-ratio=385197.11+/-0.04 dlogz:18.010>0.01]23741it [10:21:45,  2.93s/it, bound:1403 nc:  1 ncall:1.1e+07 eff:0.2% logz-ratio=385198.28+/-0.28 dlogz:16.434>0.01]23746it [10:21:45,  1.91s/it, bound:1403 nc:561 ncall:1.1e+07 eff:0.2% logz-ratio=385197.17+/-0.02 dlogz:17.932>0.01]23751it [10:21:45,  1.28s/it, bound:1403 nc:  1 ncall:1.1e+07 eff:0.2% logz-ratio=385197.91+/-0.23 dlogz:16.934>0.01]23752it [10:22:01,  1.28s/it, bound:1404 nc:574 ncall:1.1e+07 eff:0.2% logz-ratio=385197.21+/-0.02 dlogz:17.881>0.01]23753it [10:22:26,  4.35s/it, bound:1404 nc:551 ncall:1.1e+07 eff:0.2% logz-ratio=385197.21+/-0.04 dlogz:17.873>0.01]23755it [10:22:26,  3.55s/it, bound:1404 nc:  1 ncall:1.1e+07 eff:0.2% logz-ratio=385199.25+/-0.33 dlogz:15.092>0.01]23759it [10:22:26,  2.32s/it, bound:1404 nc:565 ncall:1.1e+07 eff:0.2% logz-ratio=385197.25+/-0.03 dlogz:17.822>0.01]23763it [10:22:26,  1.56s/it, bound:1404 nc:538 ncall:1.1e+07 eff:0.2% logz-ratio=385197.28+/-0.03 dlogz:17.789>0.01]23767it [10:22:26,  1.07s/it, bound:1404 nc:  1 ncall:1.1e+07 eff:0.2% logz-ratio=385198.03+/-0.23 dlogz:16.783>0.01]23768it [10:22:41,  1.07s/it, bound:1405 nc:506 ncall:1.1e+07 eff:0.2% logz-ratio=385197.31+/-0.02 dlogz:17.748>0.01]23769it [10:23:09,  4.88s/it, bound:1405 nc:598 ncall:1.1e+07 eff:0.2% logz-ratio=385197.32+/-0.03 dlogz:17.740>0.01]23773it [10:23:09,  3.19s/it, bound:1405 nc:  1 ncall:1.1e+07 eff:0.2% logz-ratio=385198.14+/-0.24 dlogz:16.637>0.01]23777it [10:23:09,  2.14s/it, bound:1405 nc:  1 ncall:1.1e+07 eff:0.2% logz-ratio=385198.91+/-0.30 dlogz:15.571>0.01]23782it [10:23:09,  1.35s/it, bound:1405 nc:  1 ncall:1.1e+07 eff:0.2% logz-ratio=385199.12+/-0.31 dlogz:15.271>0.01]23784it [10:23:21,  1.35s/it, bound:1406 nc:  1 ncall:1.1e+07 eff:0.2% logz-ratio=385209.41+/-0.88 dlogz:0.433>0.01] 23785it [10:23:57,  4.82s/it, bound:1406 nc:653 ncall:1.1e+07 eff:0.2% logz-ratio=385197.41+/-0.02 dlogz:17.610>0.01]23790it [10:23:57,  3.07s/it, bound:1406 nc:  1 ncall:1.1e+07 eff:0.2% logz-ratio=385198.26+/-0.25 dlogz:16.461>0.01]23795it [10:23:57,  2.02s/it, bound:1406 nc:576 ncall:1.1e+07 eff:0.2% logz-ratio=385197.47+/-0.02 dlogz:17.529>0.01]23800it [10:23:57,  1.37s/it, bound:1407 nc:  1 ncall:1.1e+07 eff:0.2% logz-ratio=385198.06+/-0.21 dlogz:16.738>0.01]23800it [10:24:11,  1.37s/it, bound:1407 nc:  1 ncall:1.1e+07 eff:0.2% logz-ratio=385209.39+/-0.89 dlogz:0.431>0.01] 23801it [10:24:43,  5.18s/it, bound:1407 nc:613 ncall:1.1e+07 eff:0.2% logz-ratio=385197.51+/-0.02 dlogz:17.480>0.01]23806it [10:24:43,  3.22s/it, bound:1407 nc:  1 ncall:1.1e+07 eff:0.2% logz-ratio=385198.18+/-0.22 dlogz:16.579>0.01]23811it [10:24:43,  2.10s/it, bound:1407 nc:683 ncall:1.1e+07 eff:0.2% logz-ratio=385197.57+/-0.02 dlogz:17.401>0.01]23816it [10:24:43,  1.40s/it, bound:1408 nc:  1 ncall:1.1e+07 eff:0.2% logz-ratio=385198.62+/-0.27 dlogz:15.980>0.01]23816it [10:25:01,  1.40s/it, bound:1408 nc:  1 ncall:1.1e+07 eff:0.2% logz-ratio=385209.36+/-0.90 dlogz:0.430>0.01] 23817it [10:25:43,  6.48s/it, bound:1408 nc:844 ncall:1.1e+07 eff:0.2% logz-ratio=385197.61+/-0.02 dlogz:17.353>0.01]23819it [10:25:58,  6.68s/it, bound:1408 nc:686 ncall:1.1e+07 eff:0.2% logz-ratio=385197.62+/-0.02 dlogz:17.336>0.01]23824it [10:25:58,  3.91s/it, bound:1408 nc:  1 ncall:1.1e+07 eff:0.2% logz-ratio=385205.79+/-0.46 dlogz:5.129>0.01] 23830it [10:25:58,  2.29s/it, bound:1408 nc:  1 ncall:1.1e+07 eff:0.2% logz-ratio=385203.86+/-0.42 dlogz:8.403>0.01]23832it [10:26:11,  2.29s/it, bound:1409 nc:  1 ncall:1.1e+07 eff:0.2% logz-ratio=385209.33+/-0.91 dlogz:0.429>0.01]23833it [10:26:52,  5.94s/it, bound:1409 nc:718 ncall:1.1e+07 eff:0.2% logz-ratio=385197.70+/-0.02 dlogz:17.224>0.01]23838it [10:26:52,  3.85s/it, bound:1409 nc:  1 ncall:1.1e+07 eff:0.2% logz-ratio=385199.27+/-0.31 dlogz:15.056>0.01]23844it [10:26:53,  2.40s/it, bound:1409 nc:740 ncall:1.1e+07 eff:0.2% logz-ratio=385197.77+/-0.03 dlogz:17.137>0.01]23848it [10:27:11,  2.40s/it, bound:1410 nc:  1 ncall:1.1e+07 eff:0.2% logz-ratio=385209.30+/-0.92 dlogz:0.429>0.01] 23849it [10:27:41,  4.63s/it, bound:1410 nc:664 ncall:1.1e+07 eff:0.2% logz-ratio=385197.80+/-0.02 dlogz:17.096>0.01]23854it [10:27:41,  3.21s/it, bound:1410 nc:  1 ncall:1.1e+07 eff:0.2% logz-ratio=385201.03+/-0.37 dlogz:12.497>0.01]23860it [10:27:41,  2.11s/it, bound:1410 nc:671 ncall:1.1e+07 eff:0.2% logz-ratio=385197.86+/-0.03 dlogz:17.009>0.01]23864it [10:27:51,  2.11s/it, bound:1411 nc:  1 ncall:1.1e+07 eff:0.2% logz-ratio=385209.26+/-0.92 dlogz:0.429>0.01] 23865it [10:28:26,  4.11s/it, bound:1411 nc:572 ncall:1.1e+07 eff:0.2% logz-ratio=385197.89+/-0.02 dlogz:16.969>0.01]23870it [10:28:26,  2.91s/it, bound:1411 nc:  1 ncall:1.1e+07 eff:0.2% logz-ratio=385200.48+/-0.35 dlogz:13.317>0.01]23876it [10:28:26,  1.94s/it, bound:1411 nc:542 ncall:1.1e+07 eff:0.2% logz-ratio=385197.96+/-0.03 dlogz:16.883>0.01]23879it [10:28:41,  1.94s/it, bound:1411 nc:567 ncall:1.1e+07 eff:0.2% logz-ratio=385197.98+/-0.02 dlogz:16.860>0.01]23880it [10:29:08,  4.03s/it, bound:1412 nc:1189 ncall:1.1e+07 eff:0.2% logz-ratio=385197.98+/-0.03 dlogz:16.852>0.01]23885it [10:29:08,  2.82s/it, bound:1412 nc:584 ncall:1.1e+07 eff:0.2% logz-ratio=385198.01+/-0.02 dlogz:16.812>0.01] 23891it [10:29:08,  1.87s/it, bound:1412 nc:541 ncall:1.1e+07 eff:0.2% logz-ratio=385198.04+/-0.02 dlogz:16.766>0.01]23895it [10:29:21,  1.87s/it, bound:1413 nc:547 ncall:1.1e+07 eff:0.2% logz-ratio=385198.07+/-0.02 dlogz:16.735>0.01]23896it [10:29:47,  3.57s/it, bound:1413 nc:483 ncall:1.1e+07 eff:0.2% logz-ratio=385198.07+/-0.03 dlogz:16.727>0.01]23900it [10:29:47,  2.69s/it, bound:1413 nc:  1 ncall:1.1e+07 eff:0.2% logz-ratio=385204.93+/-0.43 dlogz:6.686>0.01] 23906it [10:29:47,  1.76s/it, bound:1413 nc:  1 ncall:1.1e+07 eff:0.2% logz-ratio=385203.48+/-0.41 dlogz:8.991>0.01]23911it [10:30:01,  1.76s/it, bound:1414 nc:456 ncall:1.1e+07 eff:0.2% logz-ratio=385198.16+/-0.02 dlogz:16.612>0.01]23912it [10:30:31,  3.60s/it, bound:1414 nc:568 ncall:1.1e+07 eff:0.2% logz-ratio=385198.16+/-0.03 dlogz:16.605>0.01]23916it [10:30:31,  2.74s/it, bound:1414 nc:  1 ncall:1.1e+07 eff:0.2% logz-ratio=385198.86+/-0.23 dlogz:15.640>0.01]23921it [10:30:32,  1.93s/it, bound:1414 nc:491 ncall:1.1e+07 eff:0.2% logz-ratio=385198.21+/-0.02 dlogz:16.538>0.01]23926it [10:30:32,  1.36s/it, bound:1415 nc:  1 ncall:1.1e+07 eff:0.2% logz-ratio=385199.05+/-0.25 dlogz:15.367>0.01]23926it [10:30:51,  1.36s/it, bound:1415 nc:  1 ncall:1.1e+07 eff:0.2% logz-ratio=385209.17+/-0.93 dlogz:0.420>0.01] 23927it [10:31:14,  4.57s/it, bound:1415 nc:563 ncall:1.1e+07 eff:0.2% logz-ratio=385198.25+/-0.02 dlogz:16.493>0.01]23932it [10:31:14,  2.93s/it, bound:1415 nc:  1 ncall:1.1e+07 eff:0.2% logz-ratio=385198.92+/-0.23 dlogz:15.551>0.01]23937it [10:31:14,  1.94s/it, bound:1415 nc:521 ncall:1.1e+07 eff:0.2% logz-ratio=385198.30+/-0.02 dlogz:16.417>0.01]23942it [10:31:14,  1.31s/it, bound:1416 nc:  1 ncall:1.1e+07 eff:0.2% logz-ratio=385199.00+/-0.23 dlogz:15.446>0.01]23942it [10:31:31,  1.31s/it, bound:1416 nc:  1 ncall:1.1e+07 eff:0.2% logz-ratio=385209.24+/-0.86 dlogz:0.385>0.01] 23943it [10:31:57,  4.85s/it, bound:1416 nc:578 ncall:1.1e+07 eff:0.2% logz-ratio=385198.33+/-0.02 dlogz:16.372>0.01]23947it [10:31:57,  3.27s/it, bound:1416 nc:551 ncall:1.1e+07 eff:0.2% logz-ratio=385198.36+/-0.02 dlogz:16.342>0.01]23952it [10:31:57,  2.07s/it, bound:1416 nc:537 ncall:1.1e+07 eff:0.2% logz-ratio=385198.38+/-0.03 dlogz:16.305>0.01]23957it [10:31:57,  1.37s/it, bound:1416 nc:489 ncall:1.1e+07 eff:0.2% logz-ratio=385198.41+/-0.02 dlogz:16.268>0.01]23958it [10:32:11,  1.37s/it, bound:1417 nc:  1 ncall:1.1e+07 eff:0.2% logz-ratio=385209.21+/-0.87 dlogz:0.383>0.01] 23959it [10:32:36,  4.34s/it, bound:1417 nc:464 ncall:1.1e+07 eff:0.2% logz-ratio=385198.42+/-0.02 dlogz:16.253>0.01]23963it [10:32:36,  2.96s/it, bound:1417 nc:575 ncall:1.1e+07 eff:0.2% logz-ratio=385198.44+/-0.02 dlogz:16.224>0.01]23967it [10:32:36,  2.04s/it, bound:1417 nc:554 ncall:1.1e+07 eff:0.2% logz-ratio=385198.46+/-0.02 dlogz:16.194>0.01]23971it [10:32:36,  1.42s/it, bound:1417 nc:546 ncall:1.1e+07 eff:0.2% logz-ratio=385198.49+/-0.02 dlogz:16.164>0.01]23974it [10:32:51,  1.42s/it, bound:1418 nc:  1 ncall:1.1e+07 eff:0.2% logz-ratio=385209.19+/-0.88 dlogz:0.382>0.01] 23975it [10:33:23,  4.55s/it, bound:1418 nc:611 ncall:1.1e+07 eff:0.2% logz-ratio=385198.51+/-0.02 dlogz:16.134>0.01]23979it [10:33:23,  3.17s/it, bound:1418 nc:562 ncall:1.1e+07 eff:0.2% logz-ratio=385198.53+/-0.02 dlogz:16.104>0.01]23983it [10:33:23,  2.22s/it, bound:1418 nc:524 ncall:1.1e+07 eff:0.2% logz-ratio=385198.55+/-0.02 dlogz:16.075>0.01]23987it [10:33:23,  1.56s/it, bound:1418 nc:571 ncall:1.1e+07 eff:0.2% logz-ratio=385198.57+/-0.02 dlogz:16.046>0.01]23990it [10:33:41,  1.56s/it, bound:1419 nc:  1 ncall:1.1e+07 eff:0.2% logz-ratio=385209.16+/-0.88 dlogz:0.381>0.01] 23991it [10:34:05,  4.24s/it, bound:1419 nc:606 ncall:1.1e+07 eff:0.2% logz-ratio=385198.59+/-0.02 dlogz:16.016>0.01]23995it [10:34:05,  2.97s/it, bound:1419 nc:573 ncall:1.1e+07 eff:0.2% logz-ratio=385198.62+/-0.02 dlogz:15.987>0.01]23999it [10:34:05,  2.09s/it, bound:1419 nc:601 ncall:1.1e+07 eff:0.2% logz-ratio=385198.64+/-0.02 dlogz:15.958>0.01]24003it [10:34:05,  1.47s/it, bound:1419 nc:541 ncall:1.1e+07 eff:0.2% logz-ratio=385198.66+/-0.02 dlogz:15.929>0.01]24006it [10:34:21,  1.47s/it, bound:1420 nc:  1 ncall:1.1e+07 eff:0.2% logz-ratio=385209.16+/-0.87 dlogz:0.369>0.01] 24007it [10:34:45,  4.03s/it, bound:1420 nc:519 ncall:1.1e+07 eff:0.2% logz-ratio=385198.68+/-0.02 dlogz:15.901>0.01]24012it [10:34:45,  2.63s/it, bound:1420 nc:  1 ncall:1.1e+07 eff:0.2% logz-ratio=385199.50+/-0.25 dlogz:14.743>0.01]24017it [10:34:45,  1.76s/it, bound:1420 nc:  1 ncall:1.1e+07 eff:0.2% logz-ratio=385199.65+/-0.26 dlogz:14.521>0.01]24022it [10:34:46,  1.20s/it, bound:1421 nc:570 ncall:1.1e+07 eff:0.2% logz-ratio=385198.75+/-0.02 dlogz:15.794>0.01]24022it [10:35:01,  1.20s/it, bound:1421 nc:570 ncall:1.1e+07 eff:0.2% logz-ratio=385198.75+/-0.02 dlogz:15.794>0.01]24023it [10:35:29,  4.73s/it, bound:1421 nc:505 ncall:1.1e+07 eff:0.2% logz-ratio=385198.76+/-0.03 dlogz:15.787>0.01]24027it [10:35:29,  3.20s/it, bound:1421 nc:  1 ncall:1.1e+07 eff:0.2% logz-ratio=385200.21+/-0.31 dlogz:13.722>0.01]24032it [10:35:29,  2.03s/it, bound:1421 nc:  1 ncall:1.1e+07 eff:0.2% logz-ratio=385199.77+/-0.27 dlogz:14.362>0.01]24037it [10:35:29,  1.34s/it, bound:1421 nc:547 ncall:1.1e+07 eff:0.2% logz-ratio=385198.83+/-0.02 dlogz:15.688>0.01]24038it [10:35:41,  1.34s/it, bound:1422 nc:  1 ncall:1.1e+07 eff:0.2% logz-ratio=385209.11+/-0.89 dlogz:0.366>0.01] 24039it [10:36:11,  4.57s/it, bound:1422 nc:568 ncall:1.1e+07 eff:0.2% logz-ratio=385198.84+/-0.02 dlogz:15.673>0.01]24041it [10:36:26,  5.17s/it, bound:1422 nc:557 ncall:1.1e+07 eff:0.2% logz-ratio=385198.85+/-0.02 dlogz:15.659>0.01]24046it [10:36:27,  3.09s/it, bound:1422 nc:  1 ncall:1.1e+07 eff:0.2% logz-ratio=385200.34+/-0.31 dlogz:13.555>0.01]24051it [10:36:27,  1.97s/it, bound:1422 nc:526 ncall:1.1e+07 eff:0.2% logz-ratio=385198.90+/-0.02 dlogz:15.588>0.01]24054it [10:36:41,  1.97s/it, bound:1423 nc:  1 ncall:1.1e+07 eff:0.2% logz-ratio=385209.08+/-0.89 dlogz:0.365>0.01] 24055it [10:37:04,  4.17s/it, bound:1423 nc:436 ncall:1.1e+07 eff:0.2% logz-ratio=385198.92+/-0.02 dlogz:15.559>0.01]24060it [10:37:05,  2.74s/it, bound:1423 nc:452 ncall:1.1e+07 eff:0.2% logz-ratio=385198.95+/-0.02 dlogz:15.524>0.01]24065it [10:37:05,  1.84s/it, bound:1423 nc:491 ncall:1.1e+07 eff:0.2% logz-ratio=385198.97+/-0.02 dlogz:15.489>0.01]24070it [10:37:05,  1.26s/it, bound:1424 nc:531 ncall:1.1e+07 eff:0.2% logz-ratio=385199.00+/-0.02 dlogz:15.453>0.01]24070it [10:37:21,  1.26s/it, bound:1424 nc:531 ncall:1.1e+07 eff:0.2% logz-ratio=385199.00+/-0.02 dlogz:15.453>0.01]24071it [10:37:44,  4.48s/it, bound:1424 nc:441 ncall:1.1e+07 eff:0.2% logz-ratio=385199.00+/-0.03 dlogz:15.446>0.01]24076it [10:37:45,  2.81s/it, bound:1424 nc:  1 ncall:1.1e+07 eff:0.2% logz-ratio=385200.15+/-0.28 dlogz:13.824>0.01]24081it [10:37:45,  1.84s/it, bound:1424 nc:492 ncall:1.1e+07 eff:0.2% logz-ratio=385199.05+/-0.02 dlogz:15.376>0.01]24086it [10:38:01,  1.84s/it, bound:1425 nc:504 ncall:1.1e+07 eff:0.2% logz-ratio=385199.08+/-0.03 dlogz:15.341>0.01]24087it [10:38:30,  4.00s/it, bound:1425 nc:479 ncall:1.1e+07 eff:0.2% logz-ratio=385199.08+/-0.04 dlogz:15.334>0.01]24090it [10:38:30,  3.16s/it, bound:1425 nc:482 ncall:1.1e+07 eff:0.2% logz-ratio=385199.10+/-0.02 dlogz:15.313>0.01]24095it [10:38:30,  2.11s/it, bound:1425 nc:  1 ncall:1.1e+07 eff:0.2% logz-ratio=385200.27+/-0.28 dlogz:13.657>0.01]24100it [10:38:31,  1.44s/it, bound:1425 nc:636 ncall:1.1e+07 eff:0.2% logz-ratio=385199.15+/-0.02 dlogz:15.245>0.01]24102it [10:38:41,  1.44s/it, bound:1426 nc:551 ncall:1.1e+07 eff:0.2% logz-ratio=385199.16+/-0.02 dlogz:15.231>0.01]24103it [10:39:16,  4.40s/it, bound:1426 nc:528 ncall:1.1e+07 eff:0.2% logz-ratio=385199.16+/-0.03 dlogz:15.225>0.01]24107it [10:39:16,  3.12s/it, bound:1426 nc:  1 ncall:1.1e+07 eff:0.2% logz-ratio=385199.59+/-0.19 dlogz:14.612>0.01]24112it [10:39:16,  2.06s/it, bound:1426 nc:581 ncall:1.1e+07 eff:0.2% logz-ratio=385199.21+/-0.02 dlogz:15.163>0.01]24117it [10:39:16,  1.39s/it, bound:1426 nc:  1 ncall:1.1e+07 eff:0.2% logz-ratio=385200.52+/-0.30 dlogz:13.290>0.01]24118it [10:39:31,  1.39s/it, bound:1427 nc:619 ncall:1.1e+07 eff:0.2% logz-ratio=385199.24+/-0.02 dlogz:15.121>0.01]24119it [10:39:58,  4.47s/it, bound:1427 nc:532 ncall:1.1e+07 eff:0.2% logz-ratio=385199.24+/-0.03 dlogz:15.114>0.01]24122it [10:39:58,  3.35s/it, bound:1427 nc:477 ncall:1.1e+07 eff:0.2% logz-ratio=385199.25+/-0.02 dlogz:15.094>0.01]24126it [10:39:58,  2.27s/it, bound:1427 nc:524 ncall:1.1e+07 eff:0.2% logz-ratio=385199.27+/-0.02 dlogz:15.066>0.01]24131it [10:39:58,  1.44s/it, bound:1427 nc:  1 ncall:1.1e+07 eff:0.2% logz-ratio=385200.75+/-0.31 dlogz:12.951>0.01]24134it [10:40:11,  1.44s/it, bound:1428 nc:502 ncall:1.1e+07 eff:0.2% logz-ratio=385199.31+/-0.02 dlogz:15.011>0.01]24135it [10:40:42,  4.24s/it, bound:1428 nc:562 ncall:1.1e+07 eff:0.2% logz-ratio=385199.32+/-0.03 dlogz:15.004>0.01]24139it [10:40:42,  2.99s/it, bound:1428 nc:  1 ncall:1.1e+07 eff:0.2% logz-ratio=385202.70+/-0.38 dlogz:10.208>0.01]24145it [10:40:42,  1.83s/it, bound:1428 nc:  1 ncall:1.1e+07 eff:0.2% logz-ratio=385202.02+/-0.36 dlogz:11.174>0.01]24150it [10:41:01,  1.83s/it, bound:1429 nc:475 ncall:1.1e+07 eff:0.2% logz-ratio=385199.39+/-0.02 dlogz:14.900>0.01]24151it [10:41:21,  3.46s/it, bound:1429 nc:477 ncall:1.1e+07 eff:0.2% logz-ratio=385199.40+/-0.03 dlogz:14.893>0.01]24156it [10:41:21,  2.44s/it, bound:1429 nc:  1 ncall:1.1e+07 eff:0.2% logz-ratio=385201.36+/-0.34 dlogz:12.095>0.01]24162it [10:41:21,  1.62s/it, bound:1429 nc:482 ncall:1.1e+07 eff:0.2% logz-ratio=385199.45+/-0.02 dlogz:14.817>0.01]24166it [10:41:31,  1.62s/it, bound:1430 nc:416 ncall:1.1e+07 eff:0.2% logz-ratio=385199.47+/-0.03 dlogz:14.789>0.01]24167it [10:41:58,  3.32s/it, bound:1430 nc:535 ncall:1.1e+07 eff:0.2% logz-ratio=385199.48+/-0.04 dlogz:14.783>0.01]24169it [10:41:58,  2.86s/it, bound:1430 nc:  1 ncall:1.1e+07 eff:0.2% logz-ratio=385202.61+/-0.38 dlogz:10.340>0.01]24175it [10:41:59,  1.79s/it, bound:1430 nc:  1 ncall:1.1e+07 eff:0.2% logz-ratio=385205.50+/-0.43 dlogz:5.857>0.01] 24181it [10:41:59,  1.17s/it, bound:1430 nc:477 ncall:1.1e+07 eff:0.2% logz-ratio=385199.54+/-0.02 dlogz:14.689>0.01]24182it [10:42:11,  1.17s/it, bound:1431 nc:434 ncall:1.1e+07 eff:0.2% logz-ratio=385199.55+/-0.03 dlogz:14.682>0.01]24183it [10:42:34,  3.53s/it, bound:1431 nc:499 ncall:1.1e+07 eff:0.2% logz-ratio=385199.55+/-0.04 dlogz:14.676>0.01]24188it [10:42:34,  2.35s/it, bound:1431 nc:  1 ncall:1.1e+07 eff:0.2% logz-ratio=385201.73+/-0.35 dlogz:11.595>0.01]24193it [10:42:34,  1.59s/it, bound:1431 nc:516 ncall:1.1e+07 eff:0.2% logz-ratio=385199.60+/-0.02 dlogz:14.610>0.01]24197it [10:42:51,  1.59s/it, bound:1432 nc:429 ncall:1.1e+07 eff:0.2% logz-ratio=385199.62+/-0.02 dlogz:14.583>0.01]24198it [10:43:14,  3.57s/it, bound:1432 nc:547 ncall:1.1e+07 eff:0.2% logz-ratio=385199.62+/-0.03 dlogz:14.576>0.01]24204it [10:43:14,  2.32s/it, bound:1432 nc:  1 ncall:1.1e+07 eff:0.2% logz-ratio=385205.51+/-0.43 dlogz:5.753>0.01] 24211it [10:43:14,  1.47s/it, bound:1432 nc:  1 ncall:1.1e+07 eff:0.2% logz-ratio=385203.41+/-0.39 dlogz:9.077>0.01]24213it [10:43:31,  1.47s/it, bound:1433 nc:380 ncall:1.1e+07 eff:0.2% logz-ratio=385199.69+/-0.03 dlogz:14.475>0.01]24214it [10:43:56,  3.80s/it, bound:1433 nc:574 ncall:1.1e+07 eff:0.2% logz-ratio=385199.70+/-0.04 dlogz:14.468>0.01]24218it [10:43:56,  2.82s/it, bound:1433 nc:  1 ncall:1.1e+07 eff:0.2% logz-ratio=385201.19+/-0.31 dlogz:12.334>0.01]24224it [10:43:56,  1.81s/it, bound:1433 nc:514 ncall:1.1e+07 eff:0.2% logz-ratio=385199.75+/-0.03 dlogz:14.398>0.01]24229it [10:44:11,  1.81s/it, bound:1434 nc:553 ncall:1.1e+07 eff:0.2% logz-ratio=385199.77+/-0.02 dlogz:14.362>0.01]24230it [10:44:38,  3.56s/it, bound:1434 nc:429 ncall:1.1e+07 eff:0.2% logz-ratio=385199.78+/-0.03 dlogz:14.355>0.01]24236it [10:44:38,  2.40s/it, bound:1434 nc:  1 ncall:1.1e+07 eff:0.2% logz-ratio=385200.72+/-0.26 dlogz:13.005>0.01]24242it [10:44:38,  1.65s/it, bound:1434 nc:527 ncall:1.1e+07 eff:0.2% logz-ratio=385199.84+/-0.03 dlogz:14.271>0.01]24245it [10:44:51,  1.65s/it, bound:1435 nc:542 ncall:1.1e+07 eff:0.2% logz-ratio=385199.85+/-0.02 dlogz:14.250>0.01]24246it [10:45:19,  3.64s/it, bound:1435 nc:517 ncall:1.1e+07 eff:0.2% logz-ratio=385199.86+/-0.03 dlogz:14.243>0.01]24250it [10:45:19,  2.74s/it, bound:1435 nc:  1 ncall:1.1e+07 eff:0.2% logz-ratio=385201.99+/-0.35 dlogz:11.199>0.01]24255it [10:45:19,  1.90s/it, bound:1435 nc:523 ncall:1.1e+07 eff:0.2% logz-ratio=385199.90+/-0.02 dlogz:14.181>0.01]24260it [10:45:19,  1.33s/it, bound:1435 nc:  1 ncall:1.1e+07 eff:0.2% logz-ratio=385204.07+/-0.40 dlogz:8.045>0.01] 24261it [10:45:31,  1.33s/it, bound:1436 nc:562 ncall:1.1e+07 eff:0.2% logz-ratio=385199.93+/-0.02 dlogz:14.140>0.01]24262it [10:45:59,  4.11s/it, bound:1436 nc:524 ncall:1.1e+07 eff:0.2% logz-ratio=385199.94+/-0.03 dlogz:14.133>0.01]24266it [10:46:00,  2.89s/it, bound:1436 nc:  1 ncall:1.1e+07 eff:0.2% logz-ratio=385203.29+/-0.39 dlogz:9.921>0.01] 24272it [10:46:00,  1.77s/it, bound:1436 nc:507 ncall:1.1e+07 eff:0.2% logz-ratio=385199.98+/-0.02 dlogz:14.723>0.01]24275it [10:46:11,  1.77s/it, bound:1437 nc:  1 ncall:1.1e+07 eff:0.2% logz-ratio=385209.19+/-0.89 dlogz:0.401>0.01] 24276it [10:46:41,  4.09s/it, bound:1437 nc:521 ncall:1.1e+07 eff:0.2% logz-ratio=385200.00+/-0.02 dlogz:14.697>0.01]24278it [10:46:56,  4.61s/it, bound:1437 nc:571 ncall:1.1e+07 eff:0.2% logz-ratio=385200.01+/-0.02 dlogz:14.683>0.01]24283it [10:46:56,  2.93s/it, bound:1437 nc:  1 ncall:1.1e+07 eff:0.2% logz-ratio=385202.58+/-0.36 dlogz:10.985>0.01]24288it [10:46:56,  1.93s/it, bound:1437 nc:516 ncall:1.1e+07 eff:0.2% logz-ratio=385200.06+/-0.02 dlogz:14.617>0.01]24291it [10:47:11,  1.93s/it, bound:1438 nc:  1 ncall:1.1e+07 eff:0.2% logz-ratio=385209.15+/-0.90 dlogz:0.401>0.01] 24292it [10:47:39,  4.42s/it, bound:1438 nc:583 ncall:1.1e+07 eff:0.2% logz-ratio=385200.08+/-0.02 dlogz:14.590>0.01]24297it [10:47:39,  2.94s/it, bound:1438 nc:  1 ncall:1.1e+07 eff:0.2% logz-ratio=385201.51+/-0.31 dlogz:12.526>0.01]24302it [10:47:39,  2.00s/it, bound:1438 nc:520 ncall:1.1e+07 eff:0.2% logz-ratio=385200.12+/-0.03 dlogz:14.523>0.01]24305it [10:47:51,  2.00s/it, bound:1439 nc:525 ncall:1.1e+07 eff:0.2% logz-ratio=385200.14+/-0.02 dlogz:14.503>0.01]24306it [10:48:20,  4.24s/it, bound:1439 nc:518 ncall:1.1e+07 eff:0.2% logz-ratio=385200.14+/-0.03 dlogz:14.497>0.01]24310it [10:48:20,  3.07s/it, bound:1439 nc:  1 ncall:1.1e+07 eff:0.2% logz-ratio=385201.30+/-0.29 dlogz:12.828>0.01]24315it [10:48:20,  2.06s/it, bound:1439 nc:  1 ncall:1.1e+07 eff:0.2% logz-ratio=385204.52+/-0.41 dlogz:7.921>0.01] 24321it [10:48:31,  2.06s/it, bound:1440 nc:475 ncall:1.1e+07 eff:0.2% logz-ratio=385200.21+/-0.02 dlogz:14.396>0.01]24322it [10:49:04,  3.75s/it, bound:1440 nc:572 ncall:1.1e+07 eff:0.2% logz-ratio=385200.22+/-0.03 dlogz:14.389>0.01]24326it [10:49:05,  2.83s/it, bound:1440 nc:  1 ncall:1.1e+07 eff:0.2% logz-ratio=385202.07+/-0.33 dlogz:11.728>0.01]24332it [10:49:05,  1.86s/it, bound:1440 nc:  1 ncall:1.1e+07 eff:0.2% logz-ratio=385201.43+/-0.29 dlogz:12.648>0.01]24337it [10:49:21,  1.86s/it, bound:1441 nc:500 ncall:1.1e+07 eff:0.2% logz-ratio=385200.29+/-0.02 dlogz:14.288>0.01]24338it [10:49:46,  3.53s/it, bound:1441 nc:501 ncall:1.1e+07 eff:0.2% logz-ratio=385200.29+/-0.03 dlogz:14.281>0.01]24341it [10:49:46,  2.87s/it, bound:1441 nc:579 ncall:1.1e+07 eff:0.2% logz-ratio=385200.31+/-0.02 dlogz:14.262>0.01]24346it [10:49:47,  1.98s/it, bound:1441 nc:559 ncall:1.1e+07 eff:0.2% logz-ratio=385200.33+/-0.03 dlogz:14.228>0.01]24351it [10:49:47,  1.38s/it, bound:1441 nc:538 ncall:1.1e+07 eff:0.2% logz-ratio=385200.35+/-0.02 dlogz:14.195>0.01]24353it [10:50:01,  1.38s/it, bound:1442 nc:467 ncall:1.1e+07 eff:0.2% logz-ratio=385200.36+/-0.02 dlogz:14.182>0.01]24354it [10:50:28,  3.95s/it, bound:1442 nc:559 ncall:1.1e+07 eff:0.2% logz-ratio=385200.37+/-0.03 dlogz:14.176>0.01]24358it [10:50:28,  2.83s/it, bound:1442 nc:  1 ncall:1.1e+07 eff:0.2% logz-ratio=385201.95+/-0.32 dlogz:11.907>0.01]24362it [10:50:28,  2.02s/it, bound:1442 nc:  1 ncall:1.1e+07 eff:0.2% logz-ratio=385204.00+/-0.40 dlogz:8.777>0.01] 24367it [10:50:28,  1.34s/it, bound:1442 nc:473 ncall:1.1e+07 eff:0.2% logz-ratio=385200.43+/-0.02 dlogz:14.091>0.01]24369it [10:50:41,  1.34s/it, bound:1443 nc:552 ncall:1.1e+07 eff:0.2% logz-ratio=385200.44+/-0.02 dlogz:14.078>0.01]24370it [10:51:10,  4.19s/it, bound:1443 nc:532 ncall:1.1e+07 eff:0.2% logz-ratio=385200.44+/-0.03 dlogz:14.072>0.01]24373it [10:51:10,  3.18s/it, bound:1443 nc:553 ncall:1.1e+07 eff:0.2% logz-ratio=385200.45+/-0.02 dlogz:14.053>0.01]24378it [10:51:10,  2.02s/it, bound:1443 nc:520 ncall:1.1e+07 eff:0.2% logz-ratio=385200.48+/-0.02 dlogz:14.020>0.01]24384it [10:51:10,  1.24s/it, bound:1444 nc:  1 ncall:1.1e+07 eff:0.2% logz-ratio=385202.99+/-0.36 dlogz:10.346>0.01]24384it [10:51:21,  1.24s/it, bound:1444 nc:  1 ncall:1.1e+07 eff:0.2% logz-ratio=385209.06+/-0.88 dlogz:0.373>0.01] 24385it [10:51:51,  4.59s/it, bound:1444 nc:462 ncall:1.1e+07 eff:0.2% logz-ratio=385200.51+/-0.02 dlogz:13.974>0.01]24391it [10:51:51,  2.67s/it, bound:1444 nc:  1 ncall:1.1e+07 eff:0.2% logz-ratio=385200.87+/-0.17 dlogz:13.439>0.01]24396it [10:51:51,  1.79s/it, bound:1444 nc:369 ncall:1.1e+07 eff:0.2% logz-ratio=385200.56+/-0.03 dlogz:13.900>0.01]24400it [10:52:01,  1.79s/it, bound:1445 nc:524 ncall:1.1e+07 eff:0.2% logz-ratio=385200.58+/-0.02 dlogz:13.873>0.01]24401it [10:52:30,  3.73s/it, bound:1445 nc:468 ncall:1.1e+07 eff:0.2% logz-ratio=385200.58+/-0.03 dlogz:13.867>0.01]24407it [10:52:31,  2.41s/it, bound:1445 nc:  1 ncall:1.1e+07 eff:0.2% logz-ratio=385201.13+/-0.21 dlogz:13.074>0.01]24413it [10:52:31,  1.60s/it, bound:1445 nc:476 ncall:1.1e+07 eff:0.2% logz-ratio=385200.64+/-0.04 dlogz:13.786>0.01]24416it [10:52:41,  1.60s/it, bound:1446 nc:  1 ncall:1.1e+07 eff:0.2% logz-ratio=385209.00+/-0.89 dlogz:0.371>0.01] 24417it [10:53:14,  3.86s/it, bound:1446 nc:559 ncall:1.1e+07 eff:0.2% logz-ratio=385200.66+/-0.02 dlogz:13.760>0.01]24422it [10:53:14,  2.69s/it, bound:1446 nc:502 ncall:1.1e+07 eff:0.2% logz-ratio=385200.68+/-0.02 dlogz:13.727>0.01]24428it [10:53:14,  1.78s/it, bound:1446 nc:526 ncall:1.1e+07 eff:0.2% logz-ratio=385200.71+/-0.02 dlogz:13.687>0.01]24432it [10:53:31,  1.78s/it, bound:1447 nc:  1 ncall:1.1e+07 eff:0.2% logz-ratio=385208.97+/-0.90 dlogz:0.370>0.01] 24433it [10:54:05,  4.20s/it, bound:1447 nc:605 ncall:1.1e+07 eff:0.2% logz-ratio=385200.73+/-0.02 dlogz:13.654>0.01]24437it [10:54:05,  3.17s/it, bound:1447 nc:517 ncall:1.1e+07 eff:0.2% logz-ratio=385200.75+/-0.02 dlogz:13.628>0.01]24442it [10:54:05,  2.20s/it, bound:1447 nc:636 ncall:1.1e+07 eff:0.2% logz-ratio=385200.77+/-0.03 dlogz:13.596>0.01]24447it [10:54:06,  1.54s/it, bound:1447 nc:602 ncall:1.1e+07 eff:0.2% logz-ratio=385200.79+/-0.02 dlogz:13.565>0.01]24448it [10:54:21,  1.54s/it, bound:1448 nc:  1 ncall:1.1e+07 eff:0.2% logz-ratio=385208.94+/-0.91 dlogz:0.369>0.01] 24449it [10:54:53,  4.81s/it, bound:1448 nc:489 ncall:1.1e+07 eff:0.2% logz-ratio=385200.80+/-0.02 dlogz:13.552>0.01]24453it [10:54:53,  3.39s/it, bound:1448 nc:484 ncall:1.1e+07 eff:0.2% logz-ratio=385200.82+/-0.02 dlogz:13.527>0.01]24457it [10:54:53,  2.39s/it, bound:1448 nc:564 ncall:1.1e+07 eff:0.2% logz-ratio=385200.84+/-0.02 dlogz:13.502>0.01]24461it [10:54:53,  1.68s/it, bound:1448 nc:580 ncall:1.1e+07 eff:0.2% logz-ratio=385200.85+/-0.02 dlogz:13.476>0.01]24464it [10:55:11,  1.68s/it, bound:1449 nc:  1 ncall:1.1e+07 eff:0.2% logz-ratio=385208.91+/-0.91 dlogz:0.369>0.01] 24465it [10:55:40,  4.68s/it, bound:1449 nc:575 ncall:1.1e+07 eff:0.2% logz-ratio=385200.87+/-0.02 dlogz:13.450>0.01]24469it [10:55:40,  3.28s/it, bound:1449 nc:511 ncall:1.1e+07 eff:0.2% logz-ratio=385200.89+/-0.02 dlogz:13.424>0.01]24473it [10:55:40,  2.31s/it, bound:1449 nc:580 ncall:1.1e+07 eff:0.2% logz-ratio=385200.91+/-0.02 dlogz:13.398>0.01]24477it [10:55:40,  1.63s/it, bound:1449 nc:591 ncall:1.1e+07 eff:0.2% logz-ratio=385200.93+/-0.02 dlogz:13.372>0.01]24480it [10:55:51,  1.63s/it, bound:1450 nc:  1 ncall:1.2e+07 eff:0.2% logz-ratio=385208.90+/-0.90 dlogz:0.362>0.01] 24481it [10:56:26,  4.58s/it, bound:1450 nc:477 ncall:1.2e+07 eff:0.2% logz-ratio=385200.95+/-0.02 dlogz:13.345>0.01]24484it [10:56:26,  3.48s/it, bound:1450 nc:  1 ncall:1.2e+07 eff:0.2% logz-ratio=385204.84+/-0.41 dlogz:7.445>0.01] 24488it [10:56:26,  2.38s/it, bound:1450 nc:589 ncall:1.2e+07 eff:0.2% logz-ratio=385200.98+/-0.03 dlogz:13.297>0.01]24492it [10:56:27,  1.65s/it, bound:1450 nc:517 ncall:1.2e+07 eff:0.2% logz-ratio=385201.00+/-0.03 dlogz:13.269>0.01]24496it [10:56:27,  1.15s/it, bound:1451 nc:620 ncall:1.2e+07 eff:0.2% logz-ratio=385201.02+/-0.03 dlogz:13.242>0.01]24496it [10:56:41,  1.15s/it, bound:1451 nc:  1 ncall:1.2e+07 eff:0.2% logz-ratio=385208.87+/-0.91 dlogz:0.361>0.01] 24497it [10:57:09,  5.20s/it, bound:1451 nc:595 ncall:1.2e+07 eff:0.2% logz-ratio=385201.02+/-0.02 dlogz:13.235>0.01]24499it [10:57:24,  5.75s/it, bound:1451 nc:593 ncall:1.2e+07 eff:0.2% logz-ratio=385201.03+/-0.02 dlogz:13.221>0.01]24503it [10:57:24,  3.54s/it, bound:1451 nc:521 ncall:1.2e+07 eff:0.2% logz-ratio=385201.05+/-0.02 dlogz:13.193>0.01]24508it [10:57:24,  2.10s/it, bound:1451 nc:  1 ncall:1.2e+07 eff:0.2% logz-ratio=385202.00+/-0.27 dlogz:11.818>0.01]24512it [10:57:24,  1.44s/it, bound:1452 nc:  1 ncall:1.2e+07 eff:0.2% logz-ratio=385201.87+/-0.25 dlogz:12.010>0.01]24512it [10:57:41,  1.44s/it, bound:1452 nc:  1 ncall:1.2e+07 eff:0.2% logz-ratio=385208.85+/-0.92 dlogz:0.359>0.01] 24513it [10:58:10,  5.99s/it, bound:1452 nc:591 ncall:1.2e+07 eff:0.2% logz-ratio=385201.10+/-0.02 dlogz:13.124>0.01]24518it [10:58:10,  3.47s/it, bound:1452 nc:  1 ncall:1.2e+07 eff:0.2% logz-ratio=385202.49+/-0.31 dlogz:11.119>0.01]24523it [10:58:11,  2.18s/it, bound:1452 nc:527 ncall:1.2e+07 eff:0.2% logz-ratio=385201.15+/-0.02 dlogz:13.057>0.01]24527it [10:58:21,  2.18s/it, bound:1453 nc:523 ncall:1.2e+07 eff:0.2% logz-ratio=385201.17+/-0.02 dlogz:13.030>0.01]24528it [10:58:55,  4.54s/it, bound:1453 nc:601 ncall:1.2e+07 eff:0.2% logz-ratio=385201.17+/-0.03 dlogz:13.023>0.01]24532it [10:58:55,  3.25s/it, bound:1453 nc:  1 ncall:1.2e+07 eff:0.2% logz-ratio=385203.26+/-0.35 dlogz:9.937>0.01] 24537it [10:58:55,  2.16s/it, bound:1453 nc:563 ncall:1.2e+07 eff:0.2% logz-ratio=385201.22+/-0.02 dlogz:12.963>0.01]24542it [10:58:56,  1.46s/it, bound:1453 nc:  1 ncall:1.2e+07 eff:0.2% logz-ratio=385203.14+/-0.34 dlogz:10.129>0.01]24543it [10:59:11,  1.46s/it, bound:1454 nc:583 ncall:1.2e+07 eff:0.2% logz-ratio=385201.24+/-0.02 dlogz:12.922>0.01]24544it [10:59:37,  4.51s/it, bound:1454 nc:562 ncall:1.2e+07 eff:0.2% logz-ratio=385201.25+/-0.03 dlogz:12.915>0.01]24547it [10:59:37,  3.38s/it, bound:1454 nc:560 ncall:1.2e+07 eff:0.2% logz-ratio=385201.26+/-0.02 dlogz:12.895>0.01]24551it [10:59:38,  2.30s/it, bound:1454 nc:521 ncall:1.2e+07 eff:0.2% logz-ratio=385201.28+/-0.02 dlogz:12.868>0.01]24555it [10:59:38,  1.58s/it, bound:1454 nc:501 ncall:1.2e+07 eff:0.2% logz-ratio=385201.30+/-0.02 dlogz:12.841>0.01]24558it [10:59:51,  1.58s/it, bound:1455 nc:  1 ncall:1.2e+07 eff:0.2% logz-ratio=385208.76+/-0.93 dlogz:0.356>0.01] 24559it [11:00:27,  4.90s/it, bound:1455 nc:552 ncall:1.2e+07 eff:0.2% logz-ratio=385201.32+/-0.02 dlogz:12.813>0.01]24563it [11:00:27,  3.40s/it, bound:1455 nc:572 ncall:1.2e+07 eff:0.2% logz-ratio=385201.34+/-0.02 dlogz:12.786>0.01]24567it [11:00:27,  2.37s/it, bound:1455 nc:553 ncall:1.2e+07 eff:0.2% logz-ratio=385201.36+/-0.02 dlogz:12.759>0.01]24573it [11:00:27,  1.44s/it, bound:1455 nc:  1 ncall:1.2e+07 eff:0.2% logz-ratio=385201.46+/-0.09 dlogz:12.611>0.01]24574it [11:00:41,  1.44s/it, bound:1456 nc:428 ncall:1.2e+07 eff:0.2% logz-ratio=385201.39+/-0.02 dlogz:12.711>0.01]24575it [11:01:13,  4.84s/it, bound:1456 nc:627 ncall:1.2e+07 eff:0.2% logz-ratio=385201.40+/-0.03 dlogz:12.704>0.01]24579it [11:01:13,  3.34s/it, bound:1456 nc:  1 ncall:1.2e+07 eff:0.2% logz-ratio=385202.78+/-0.31 dlogz:10.690>0.01]24584it [11:01:13,  2.16s/it, bound:1456 nc:548 ncall:1.2e+07 eff:0.2% logz-ratio=385201.44+/-0.02 dlogz:12.645>0.01]24589it [11:01:13,  1.43s/it, bound:1456 nc:560 ncall:1.2e+07 eff:0.2% logz-ratio=385201.46+/-0.03 dlogz:12.612>0.01]24590it [11:01:31,  1.43s/it, bound:1457 nc:611 ncall:1.2e+07 eff:0.2% logz-ratio=385201.47+/-0.02 dlogz:12.606>0.01]24591it [11:02:05,  5.37s/it, bound:1457 nc:599 ncall:1.2e+07 eff:0.2% logz-ratio=385201.47+/-0.03 dlogz:12.599>0.01]24594it [11:02:05,  4.00s/it, bound:1457 nc:1321 ncall:1.2e+07 eff:0.2% logz-ratio=385201.48+/-0.02 dlogz:12.579>0.01]24598it [11:02:05,  2.69s/it, bound:1457 nc:  1 ncall:1.2e+07 eff:0.2% logz-ratio=385203.19+/-0.33 dlogz:10.035>0.01] 24603it [11:02:05,  1.70s/it, bound:1457 nc:613 ncall:1.2e+07 eff:0.2% logz-ratio=385201.53+/-0.02 dlogz:12.520>0.01]24605it [11:02:21,  1.70s/it, bound:1458 nc:704 ncall:1.2e+07 eff:0.2% logz-ratio=385201.54+/-0.02 dlogz:12.506>0.01]24606it [11:02:54,  5.23s/it, bound:1458 nc:640 ncall:1.2e+07 eff:0.2% logz-ratio=385201.54+/-0.03 dlogz:12.500>0.01]24608it [11:02:54,  4.26s/it, bound:1458 nc:  1 ncall:1.2e+07 eff:0.2% logz-ratio=385204.16+/-0.38 dlogz:8.469>0.01] 24612it [11:02:54,  2.79s/it, bound:1458 nc:595 ncall:1.2e+07 eff:0.2% logz-ratio=385201.57+/-0.03 dlogz:12.460>0.01]24616it [11:02:54,  1.87s/it, bound:1458 nc:593 ncall:1.2e+07 eff:0.2% logz-ratio=385201.59+/-0.03 dlogz:12.433>0.01]24620it [11:02:54,  1.28s/it, bound:1458 nc:  1 ncall:1.2e+07 eff:0.2% logz-ratio=385202.26+/-0.23 dlogz:11.449>0.01]24621it [11:03:11,  1.28s/it, bound:1459 nc:650 ncall:1.2e+07 eff:0.2% logz-ratio=385201.61+/-0.02 dlogz:12.400>0.01]24622it [11:03:40,  5.30s/it, bound:1459 nc:582 ncall:1.2e+07 eff:0.2% logz-ratio=385201.61+/-0.03 dlogz:12.394>0.01]24624it [11:03:40,  4.19s/it, bound:1459 nc:  1 ncall:1.2e+07 eff:0.2% logz-ratio=385203.14+/-0.32 dlogz:10.124>0.01]24628it [11:03:40,  2.63s/it, bound:1459 nc:530 ncall:1.2e+07 eff:0.2% logz-ratio=385201.64+/-0.03 dlogz:12.354>0.01]24632it [11:03:40,  1.72s/it, bound:1459 nc:492 ncall:1.2e+07 eff:0.2% logz-ratio=385201.66+/-0.03 dlogz:12.328>0.01]24636it [11:03:41,  1.16s/it, bound:1459 nc:555 ncall:1.2e+07 eff:0.2% logz-ratio=385201.68+/-0.03 dlogz:12.302>0.01]24637it [11:03:51,  1.16s/it, bound:1460 nc:583 ncall:1.2e+07 eff:0.2% logz-ratio=385201.68+/-0.02 dlogz:12.296>0.01]24638it [11:04:26,  5.33s/it, bound:1460 nc:445 ncall:1.2e+07 eff:0.2% logz-ratio=385201.69+/-0.03 dlogz:12.289>0.01]24642it [11:04:26,  3.45s/it, bound:1460 nc:461 ncall:1.2e+07 eff:0.2% logz-ratio=385201.71+/-0.02 dlogz:12.263>0.01]24647it [11:04:26,  2.12s/it, bound:1460 nc:533 ncall:1.2e+07 eff:0.2% logz-ratio=385201.73+/-0.02 dlogz:12.230>0.01]24653it [11:04:27,  1.28s/it, bound:1461 nc:  1 ncall:1.2e+07 eff:0.2% logz-ratio=385201.77+/-0.05 dlogz:12.166>0.01]24653it [11:04:41,  1.28s/it, bound:1461 nc:  1 ncall:1.2e+07 eff:0.2% logz-ratio=385208.77+/-0.89 dlogz:0.300>0.01] 24654it [11:05:13,  5.16s/it, bound:1461 nc:534 ncall:1.2e+07 eff:0.2% logz-ratio=385201.76+/-0.02 dlogz:12.185>0.01]24658it [11:05:13,  3.46s/it, bound:1461 nc:554 ncall:1.2e+07 eff:0.2% logz-ratio=385201.78+/-0.02 dlogz:12.160>0.01]24663it [11:05:13,  2.18s/it, bound:1461 nc:  1 ncall:1.2e+07 eff:0.2% logz-ratio=385201.95+/-0.12 dlogz:11.901>0.01]24668it [11:05:13,  1.44s/it, bound:1461 nc:583 ncall:1.2e+07 eff:0.2% logz-ratio=385201.82+/-0.02 dlogz:12.095>0.01]24669it [11:05:31,  1.44s/it, bound:1462 nc:  1 ncall:1.2e+07 eff:0.2% logz-ratio=385208.74+/-0.89 dlogz:0.300>0.01] 24670it [11:05:56,  4.80s/it, bound:1462 nc:588 ncall:1.2e+07 eff:0.2% logz-ratio=385201.83+/-0.02 dlogz:12.082>0.01]24675it [11:05:57,  3.02s/it, bound:1462 nc:  1 ncall:1.2e+07 eff:0.2% logz-ratio=385202.99+/-0.29 dlogz:10.355>0.01]24680it [11:05:57,  1.98s/it, bound:1462 nc:  1 ncall:1.2e+07 eff:0.2% logz-ratio=385205.16+/-0.41 dlogz:6.809>0.01] 24685it [11:05:57,  1.33s/it, bound:1463 nc:508 ncall:1.2e+07 eff:0.2% logz-ratio=385201.90+/-0.02 dlogz:11.986>0.01]24685it [11:06:11,  1.33s/it, bound:1463 nc:508 ncall:1.2e+07 eff:0.2% logz-ratio=385201.90+/-0.02 dlogz:11.986>0.01]24686it [11:06:44,  5.26s/it, bound:1463 nc:566 ncall:1.2e+07 eff:0.2% logz-ratio=385201.90+/-0.03 dlogz:11.979>0.01]24690it [11:06:44,  3.53s/it, bound:1463 nc:  1 ncall:1.2e+07 eff:0.2% logz-ratio=385203.00+/-0.28 dlogz:10.340>0.01]24695it [11:06:44,  2.23s/it, bound:1463 nc:619 ncall:1.2e+07 eff:0.2% logz-ratio=385201.94+/-0.02 dlogz:11.920>0.01]24701it [11:06:44,  1.37s/it, bound:1464 nc:467 ncall:1.2e+07 eff:0.2% logz-ratio=385201.97+/-0.02 dlogz:11.881>0.01]24701it [11:07:01,  1.37s/it, bound:1464 nc:467 ncall:1.2e+07 eff:0.2% logz-ratio=385201.97+/-0.02 dlogz:11.881>0.01]24702it [11:07:26,  4.78s/it, bound:1464 nc:550 ncall:1.2e+07 eff:0.2% logz-ratio=385201.97+/-0.03 dlogz:11.875>0.01]24703it [11:07:42,  6.03s/it, bound:1464 nc:538 ncall:1.2e+07 eff:0.2% logz-ratio=385201.98+/-0.02 dlogz:11.868>0.01]24707it [11:07:42,  3.74s/it, bound:1464 nc:465 ncall:1.2e+07 eff:0.2% logz-ratio=385202.00+/-0.02 dlogz:11.842>0.01]24712it [11:07:42,  2.23s/it, bound:1464 nc:563 ncall:1.2e+07 eff:0.2% logz-ratio=385202.02+/-0.02 dlogz:11.810>0.01]24717it [11:07:42,  1.42s/it, bound:1465 nc:604 ncall:1.2e+07 eff:0.2% logz-ratio=385202.04+/-0.03 dlogz:11.777>0.01]24717it [11:08:02,  1.42s/it, bound:1465 nc:  1 ncall:1.2e+07 eff:0.2% logz-ratio=385208.71+/-0.88 dlogz:0.283>0.01] 24718it [11:08:26,  5.43s/it, bound:1465 nc:572 ncall:1.2e+07 eff:0.2% logz-ratio=385202.05+/-0.02 dlogz:11.771>0.01]24724it [11:08:26,  3.00s/it, bound:1465 nc:  1 ncall:1.2e+07 eff:0.2% logz-ratio=385202.08+/-0.04 dlogz:11.719>0.01]24729it [11:08:26,  1.97s/it, bound:1465 nc:517 ncall:1.2e+07 eff:0.2% logz-ratio=385202.09+/-0.02 dlogz:11.700>0.01]24733it [11:08:42,  1.97s/it, bound:1466 nc:600 ncall:1.2e+07 eff:0.2% logz-ratio=385202.11+/-0.02 dlogz:11.674>0.01]24734it [11:09:10,  4.20s/it, bound:1466 nc:558 ncall:1.2e+07 eff:0.2% logz-ratio=385202.12+/-0.03 dlogz:11.668>0.01]24735it [11:09:10,  3.85s/it, bound:1466 nc:575 ncall:1.2e+07 eff:0.2% logz-ratio=385202.12+/-0.02 dlogz:11.662>0.01]24739it [11:09:10,  2.58s/it, bound:1466 nc:1053 ncall:1.2e+07 eff:0.2% logz-ratio=385202.14+/-0.02 dlogz:11.636>0.01]24742it [11:09:10,  1.92s/it, bound:1466 nc:433 ncall:1.2e+07 eff:0.2% logz-ratio=385202.15+/-0.02 dlogz:11.617>0.01] 24747it [11:09:10,  1.19s/it, bound:1466 nc:585 ncall:1.2e+07 eff:0.2% logz-ratio=385202.17+/-0.02 dlogz:11.586>0.01]24748it [11:09:22,  1.19s/it, bound:1467 nc:  1 ncall:1.2e+07 eff:0.2% logz-ratio=385208.67+/-0.89 dlogz:0.279>0.01] 24749it [11:09:51,  4.67s/it, bound:1467 nc:552 ncall:1.2e+07 eff:0.2% logz-ratio=385202.18+/-0.02 dlogz:11.574>0.01]24753it [11:09:51,  3.09s/it, bound:1467 nc:469 ncall:1.2e+07 eff:0.2% logz-ratio=385202.20+/-0.02 dlogz:11.548>0.01]24758it [11:09:51,  1.93s/it, bound:1467 nc:517 ncall:1.2e+07 eff:0.2% logz-ratio=385202.22+/-0.02 dlogz:11.517>0.01]24763it [11:09:51,  1.26s/it, bound:1467 nc:  1 ncall:1.2e+07 eff:0.2% logz-ratio=385202.73+/-0.21 dlogz:10.758>0.01]24764it [11:10:02,  1.26s/it, bound:1468 nc:567 ncall:1.2e+07 eff:0.2% logz-ratio=385202.25+/-0.02 dlogz:11.479>0.01]24765it [11:10:37,  4.87s/it, bound:1468 nc:524 ncall:1.2e+07 eff:0.2% logz-ratio=385202.25+/-0.03 dlogz:11.473>0.01]24768it [11:10:37,  3.59s/it, bound:1468 nc:604 ncall:1.2e+07 eff:0.2% logz-ratio=385202.26+/-0.02 dlogz:11.454>0.01]24773it [11:10:37,  2.22s/it, bound:1468 nc:  1 ncall:1.2e+07 eff:0.2% logz-ratio=385202.31+/-0.06 dlogz:11.378>0.01]24778it [11:10:38,  1.44s/it, bound:1468 nc:592 ncall:1.2e+07 eff:0.2% logz-ratio=385202.31+/-0.02 dlogz:11.390>0.01]24780it [11:10:52,  1.44s/it, bound:1469 nc:564 ncall:1.2e+07 eff:0.2% logz-ratio=385202.31+/-0.02 dlogz:11.378>0.01]24781it [11:11:19,  4.35s/it, bound:1469 nc:555 ncall:1.2e+07 eff:0.2% logz-ratio=385202.32+/-0.03 dlogz:11.372>0.01]24784it [11:11:19,  3.27s/it, bound:1469 nc:512 ncall:1.2e+07 eff:0.2% logz-ratio=385202.33+/-0.02 dlogz:11.353>0.01]24788it [11:11:20,  2.23s/it, bound:1469 nc:474 ncall:1.2e+07 eff:0.2% logz-ratio=385202.35+/-0.02 dlogz:11.328>0.01]24792it [11:11:20,  1.53s/it, bound:1469 nc:547 ncall:1.2e+07 eff:0.2% logz-ratio=385202.37+/-0.02 dlogz:11.303>0.01]24796it [11:11:20,  1.06s/it, bound:1470 nc:517 ncall:1.2e+07 eff:0.2% logz-ratio=385202.38+/-0.02 dlogz:11.278>0.01]24796it [11:11:32,  1.06s/it, bound:1470 nc:517 ncall:1.2e+07 eff:0.2% logz-ratio=385202.38+/-0.02 dlogz:11.278>0.01]24797it [11:12:04,  5.35s/it, bound:1470 nc:523 ncall:1.2e+07 eff:0.2% logz-ratio=385202.39+/-0.03 dlogz:11.272>0.01]24799it [11:12:04,  4.18s/it, bound:1470 nc:  1 ncall:1.2e+07 eff:0.2% logz-ratio=385204.67+/-0.38 dlogz:7.639>0.01] 24803it [11:12:04,  2.57s/it, bound:1470 nc:  1 ncall:1.2e+07 eff:0.2% logz-ratio=385203.78+/-0.32 dlogz:9.088>0.01]24808it [11:12:04,  1.52s/it, bound:1470 nc:  1 ncall:1.2e+07 eff:0.2% logz-ratio=385202.76+/-0.17 dlogz:10.706>0.01]24812it [11:12:04,  1.05s/it, bound:1471 nc:471 ncall:1.2e+07 eff:0.2% logz-ratio=385202.45+/-0.03 dlogz:11.179>0.01]24812it [11:12:22,  1.05s/it, bound:1471 nc:  1 ncall:1.2e+07 eff:0.2% logz-ratio=385208.64+/-0.87 dlogz:0.255>0.01] 24813it [11:12:49,  5.52s/it, bound:1471 nc:494 ncall:1.2e+07 eff:0.2% logz-ratio=385202.45+/-0.02 dlogz:11.173>0.01]24817it [11:12:49,  3.50s/it, bound:1471 nc:  1 ncall:1.2e+07 eff:0.2% logz-ratio=385204.53+/-0.37 dlogz:7.880>0.01] 24821it [11:12:49,  2.30s/it, bound:1471 nc:  1 ncall:1.2e+07 eff:0.2% logz-ratio=385203.15+/-0.24 dlogz:10.106>0.01]24825it [11:12:49,  1.55s/it, bound:1471 nc:579 ncall:1.2e+07 eff:0.2% logz-ratio=385202.50+/-0.03 dlogz:11.100>0.01]24828it [11:13:02,  1.55s/it, bound:1472 nc:598 ncall:1.2e+07 eff:0.2% logz-ratio=385202.51+/-0.02 dlogz:11.081>0.01]24829it [11:13:28,  4.12s/it, bound:1472 nc:490 ncall:1.2e+07 eff:0.2% logz-ratio=385202.52+/-0.03 dlogz:11.075>0.01]24832it [11:13:28,  3.08s/it, bound:1472 nc:520 ncall:1.2e+07 eff:0.2% logz-ratio=385202.53+/-0.02 dlogz:11.057>0.01]24836it [11:13:28,  2.08s/it, bound:1472 nc:500 ncall:1.2e+07 eff:0.2% logz-ratio=385202.55+/-0.02 dlogz:11.033>0.01]24841it [11:13:28,  1.32s/it, bound:1472 nc:  1 ncall:1.2e+07 eff:0.2% logz-ratio=385203.35+/-0.25 dlogz:9.794>0.01] 24844it [11:13:42,  1.32s/it, bound:1473 nc:  1 ncall:1.2e+07 eff:0.2% logz-ratio=385208.60+/-0.88 dlogz:0.250>0.01]24845it [11:14:11,  4.10s/it, bound:1473 nc:511 ncall:1.2e+07 eff:0.2% logz-ratio=385202.58+/-0.02 dlogz:10.979>0.01]24852it [11:14:11,  2.36s/it, bound:1473 nc:  1 ncall:1.2e+07 eff:0.2% logz-ratio=385202.67+/-0.08 dlogz:10.845>0.01]24857it [11:14:11,  1.66s/it, bound:1473 nc:538 ncall:1.2e+07 eff:0.2% logz-ratio=385202.63+/-0.03 dlogz:10.906>0.01]24860it [11:14:22,  1.66s/it, bound:1474 nc:438 ncall:1.2e+07 eff:0.2% logz-ratio=385202.64+/-0.02 dlogz:10.888>0.01]24861it [11:14:54,  3.96s/it, bound:1474 nc:507 ncall:1.2e+07 eff:0.2% logz-ratio=385202.65+/-0.03 dlogz:10.882>0.01]24867it [11:14:54,  2.56s/it, bound:1474 nc:  1 ncall:1.2e+07 eff:0.2% logz-ratio=385203.27+/-0.23 dlogz:9.915>0.01] 24872it [11:14:54,  1.81s/it, bound:1474 nc:  1 ncall:1.2e+07 eff:0.2% logz-ratio=385203.54+/-0.26 dlogz:9.486>0.01]24876it [11:15:12,  1.81s/it, bound:1475 nc:  1 ncall:1.2e+07 eff:0.2% logz-ratio=385208.56+/-0.89 dlogz:0.245>0.01]24877it [11:15:38,  3.88s/it, bound:1475 nc:556 ncall:1.2e+07 eff:0.2% logz-ratio=385202.71+/-0.03 dlogz:10.785>0.01]24882it [11:15:38,  2.73s/it, bound:1475 nc:  1 ncall:1.2e+07 eff:0.2% logz-ratio=385202.77+/-0.06 dlogz:10.701>0.01]24887it [11:15:38,  1.92s/it, bound:1475 nc:  1 ncall:1.2e+07 eff:0.2% logz-ratio=385203.83+/-0.29 dlogz:9.024>0.01] 24891it [11:15:52,  1.92s/it, bound:1476 nc:553 ncall:1.2e+07 eff:0.2% logz-ratio=385202.77+/-0.03 dlogz:10.701>0.01]24892it [11:16:20,  3.85s/it, bound:1476 nc:380 ncall:1.2e+07 eff:0.2% logz-ratio=385202.77+/-0.03 dlogz:10.695>0.01]24897it [11:16:20,  2.71s/it, bound:1476 nc:  1 ncall:1.2e+07 eff:0.2% logz-ratio=385203.22+/-0.20 dlogz:10.004>0.01]24902it [11:16:20,  1.90s/it, bound:1476 nc:415 ncall:1.2e+07 eff:0.2% logz-ratio=385202.81+/-0.03 dlogz:10.637>0.01]24907it [11:16:20,  1.34s/it, bound:1477 nc:437 ncall:1.2e+07 eff:0.2% logz-ratio=385202.83+/-0.03 dlogz:10.608>0.01]24907it [11:16:32,  1.34s/it, bound:1477 nc:437 ncall:1.2e+07 eff:0.2% logz-ratio=385202.83+/-0.03 dlogz:10.608>0.01]24908it [11:17:02,  4.54s/it, bound:1477 nc:569 ncall:1.2e+07 eff:0.2% logz-ratio=385202.83+/-0.03 dlogz:10.602>0.01]24912it [11:17:02,  3.14s/it, bound:1477 nc:526 ncall:1.2e+07 eff:0.2% logz-ratio=385202.85+/-0.03 dlogz:10.579>0.01]24917it [11:17:02,  2.02s/it, bound:1477 nc:  1 ncall:1.2e+07 eff:0.2% logz-ratio=385203.28+/-0.19 dlogz:9.897>0.01] 24922it [11:17:02,  1.35s/it, bound:1477 nc:529 ncall:1.2e+07 eff:0.2% logz-ratio=385202.89+/-0.03 dlogz:10.521>0.01]24923it [11:17:22,  1.35s/it, bound:1478 nc:  1 ncall:1.2e+07 eff:0.2% logz-ratio=385208.47+/-0.92 dlogz:0.243>0.01] 24924it [11:17:46,  4.64s/it, bound:1478 nc:463 ncall:1.2e+07 eff:0.2% logz-ratio=385202.89+/-0.03 dlogz:10.509>0.01]24926it [11:18:02,  5.32s/it, bound:1478 nc:583 ncall:1.2e+07 eff:0.2% logz-ratio=385202.90+/-0.03 dlogz:10.498>0.01]24931it [11:18:02,  3.20s/it, bound:1478 nc:  1 ncall:1.2e+07 eff:0.2% logz-ratio=385203.04+/-0.11 dlogz:10.284>0.01]24936it [11:18:02,  2.04s/it, bound:1478 nc:570 ncall:1.2e+07 eff:0.2% logz-ratio=385202.94+/-0.03 dlogz:10.441>0.01]24939it [11:18:22,  2.04s/it, bound:1479 nc:  1 ncall:1.2e+07 eff:0.2% logz-ratio=385208.48+/-0.90 dlogz:0.234>0.01] 24940it [11:18:46,  4.66s/it, bound:1479 nc:590 ncall:1.2e+07 eff:0.2% logz-ratio=385202.95+/-0.03 dlogz:10.419>0.01]24944it [11:18:46,  3.29s/it, bound:1479 nc:556 ncall:1.2e+07 eff:0.2% logz-ratio=385202.97+/-0.03 dlogz:10.396>0.01]24948it [11:18:47,  2.33s/it, bound:1479 nc:455 ncall:1.2e+07 eff:0.2% logz-ratio=385202.98+/-0.03 dlogz:10.374>0.01]24953it [11:18:47,  1.53s/it, bound:1479 nc:  1 ncall:1.2e+07 eff:0.2% logz-ratio=385204.01+/-0.29 dlogz:8.732>0.01] 24955it [11:19:02,  1.53s/it, bound:1480 nc:  1 ncall:1.2e+07 eff:0.2% logz-ratio=385208.46+/-0.91 dlogz:0.232>0.01]24956it [11:19:33,  4.73s/it, bound:1480 nc:599 ncall:1.2e+07 eff:0.2% logz-ratio=385203.01+/-0.03 dlogz:10.329>0.01]24961it [11:19:33,  3.07s/it, bound:1480 nc:  1 ncall:1.2e+07 eff:0.2% logz-ratio=385204.13+/-0.30 dlogz:8.543>0.01] 24966it [11:19:33,  2.05s/it, bound:1480 nc:622 ncall:1.2e+07 eff:0.2% logz-ratio=385203.05+/-0.03 dlogz:10.272>0.01]24971it [11:19:34,  1.39s/it, bound:1481 nc:  1 ncall:1.2e+07 eff:0.2% logz-ratio=385204.42+/-0.32 dlogz:8.065>0.01] 24971it [11:19:52,  1.39s/it, bound:1481 nc:  1 ncall:1.2e+07 eff:0.2% logz-ratio=385208.44+/-0.92 dlogz:0.231>0.01]24972it [11:20:19,  5.15s/it, bound:1481 nc:565 ncall:1.2e+07 eff:0.2% logz-ratio=385203.07+/-0.03 dlogz:10.238>0.01]24976it [11:20:19,  3.48s/it, bound:1481 nc:571 ncall:1.2e+07 eff:0.2% logz-ratio=385203.08+/-0.03 dlogz:10.215>0.01]24981it [11:20:20,  2.21s/it, bound:1481 nc:  1 ncall:1.2e+07 eff:0.2% logz-ratio=385203.21+/-0.11 dlogz:10.017>0.01]24986it [11:20:20,  1.46s/it, bound:1481 nc:550 ncall:1.2e+07 eff:0.2% logz-ratio=385203.12+/-0.03 dlogz:10.159>0.01]24987it [11:20:32,  1.46s/it, bound:1482 nc:  1 ncall:1.2e+07 eff:0.2% logz-ratio=385208.43+/-0.91 dlogz:0.226>0.01] 24988it [11:21:02,  4.71s/it, bound:1482 nc:548 ncall:1.2e+07 eff:0.2% logz-ratio=385203.13+/-0.03 dlogz:10.148>0.01]24993it [11:21:02,  2.98s/it, bound:1482 nc:  1 ncall:1.2e+07 eff:0.2% logz-ratio=385204.31+/-0.30 dlogz:8.232>0.01] 24998it [11:21:02,  1.95s/it, bound:1482 nc:509 ncall:1.2e+07 eff:0.2% logz-ratio=385203.16+/-0.03 dlogz:10.093>0.01]25003it [11:21:03,  1.32s/it, bound:1483 nc:  1 ncall:1.2e+07 eff:0.2% logz-ratio=385203.56+/-0.19 dlogz:9.454>0.01] 25003it [11:21:22,  1.32s/it, bound:1483 nc:  1 ncall:1.2e+07 eff:0.2% logz-ratio=385208.41+/-0.91 dlogz:0.222>0.01]25004it [11:21:45,  4.89s/it, bound:1483 nc:592 ncall:1.2e+07 eff:0.2% logz-ratio=385203.18+/-0.03 dlogz:10.059>0.01]25009it [11:21:45,  3.03s/it, bound:1483 nc:  1 ncall:1.2e+07 eff:0.2% logz-ratio=385204.40+/-0.31 dlogz:8.100>0.01] 25014it [11:21:45,  1.97s/it, bound:1483 nc:568 ncall:1.2e+07 eff:0.2% logz-ratio=385203.22+/-0.03 dlogz:10.005>0.01]25019it [11:21:46,  1.32s/it, bound:1484 nc:  1 ncall:1.2e+07 eff:0.2% logz-ratio=385203.69+/-0.21 dlogz:9.240>0.01] 25019it [11:22:02,  1.32s/it, bound:1484 nc:  1 ncall:1.2e+07 eff:0.2% logz-ratio=385208.40+/-0.91 dlogz:0.219>0.01]25020it [11:22:27,  4.85s/it, bound:1484 nc:522 ncall:1.2e+07 eff:0.2% logz-ratio=385203.24+/-0.03 dlogz:9.972>0.01]25024it [11:22:27,  3.25s/it, bound:1484 nc:517 ncall:1.2e+07 eff:0.2% logz-ratio=385203.25+/-0.03 dlogz:9.950>0.01]25029it [11:22:28,  2.04s/it, bound:1484 nc:466 ncall:1.2e+07 eff:0.2% logz-ratio=385203.27+/-0.03 dlogz:9.923>0.01]25034it [11:22:28,  1.34s/it, bound:1484 nc:  1 ncall:1.2e+07 eff:0.2% logz-ratio=385203.55+/-0.16 dlogz:9.471>0.01]25035it [11:22:42,  1.34s/it, bound:1485 nc:528 ncall:1.2e+07 eff:0.2% logz-ratio=385203.29+/-0.03 dlogz:9.890>0.01]25036it [11:23:11,  4.70s/it, bound:1485 nc:490 ncall:1.2e+07 eff:0.2% logz-ratio=385203.29+/-0.03 dlogz:9.885>0.01]25040it [11:23:11,  3.20s/it, bound:1485 nc:530 ncall:1.2e+07 eff:0.2% logz-ratio=385203.31+/-0.03 dlogz:9.863>0.01]25045it [11:23:11,  2.04s/it, bound:1485 nc:554 ncall:1.2e+07 eff:0.2% logz-ratio=385203.33+/-0.03 dlogz:9.836>0.01]25050it [11:23:11,  1.35s/it, bound:1485 nc:  1 ncall:1.2e+07 eff:0.2% logz-ratio=385204.35+/-0.29 dlogz:8.181>0.01]25051it [11:23:22,  1.35s/it, bound:1486 nc:574 ncall:1.2e+07 eff:0.2% logz-ratio=385203.35+/-0.03 dlogz:9.804>0.01]25052it [11:23:54,  4.65s/it, bound:1486 nc:583 ncall:1.2e+07 eff:0.2% logz-ratio=385203.35+/-0.04 dlogz:9.799>0.01]25054it [11:23:54,  3.78s/it, bound:1486 nc:  1 ncall:1.2e+07 eff:0.2% logz-ratio=385204.51+/-0.30 dlogz:7.909>0.01]25058it [11:23:55,  2.46s/it, bound:1486 nc:609 ncall:1.2e+07 eff:0.2% logz-ratio=385203.37+/-0.04 dlogz:9.766>0.01]25062it [11:23:55,  1.65s/it, bound:1486 nc:  1 ncall:1.2e+07 eff:0.2% logz-ratio=385203.85+/-0.21 dlogz:8.990>0.01]25066it [11:23:55,  1.12s/it, bound:1486 nc:  1 ncall:1.2e+07 eff:0.2% logz-ratio=385204.28+/-0.27 dlogz:8.304>0.01]25066it [11:24:12,  1.12s/it, bound:1486 nc:  1 ncall:1.2e+07 eff:0.2% logz-ratio=385208.37+/-0.91 dlogz:0.206>0.01]25067it [11:24:38,  5.45s/it, bound:1487 nc:1177 ncall:1.2e+07 eff:0.2% logz-ratio=385203.40+/-0.03 dlogz:9.718>0.01]25071it [11:24:38,  3.43s/it, bound:1487 nc:  1 ncall:1.2e+07 eff:0.2% logz-ratio=385204.48+/-0.30 dlogz:7.969>0.01] 25075it [11:24:38,  2.25s/it, bound:1487 nc:  1 ncall:1.2e+07 eff:0.2% logz-ratio=385205.45+/-0.38 dlogz:6.305>0.01]25079it [11:24:38,  1.51s/it, bound:1487 nc:  1 ncall:1.2e+07 eff:0.2% logz-ratio=385206.33+/-0.44 dlogz:4.524>0.01]25082it [11:24:52,  1.51s/it, bound:1488 nc:553 ncall:1.2e+07 eff:0.2% logz-ratio=385203.45+/-0.03 dlogz:9.638>0.01]25083it [11:25:26,  4.87s/it, bound:1488 nc:604 ncall:1.2e+07 eff:0.2% logz-ratio=385203.45+/-0.04 dlogz:9.633>0.01]25087it [11:25:26,  3.34s/it, bound:1488 nc:  1 ncall:1.2e+07 eff:0.2% logz-ratio=385203.57+/-0.11 dlogz:9.439>0.01]25091it [11:25:26,  2.32s/it, bound:1488 nc:536 ncall:1.2e+07 eff:0.2% logz-ratio=385203.48+/-0.04 dlogz:9.590>0.01]25095it [11:25:26,  1.61s/it, bound:1488 nc:641 ncall:1.2e+07 eff:0.2% logz-ratio=385203.49+/-0.04 dlogz:9.569>0.01]25098it [11:25:42,  1.61s/it, bound:1489 nc:654 ncall:1.2e+07 eff:0.2% logz-ratio=385203.50+/-0.03 dlogz:9.554>0.01]25099it [11:26:11,  4.57s/it, bound:1489 nc:538 ncall:1.2e+07 eff:0.2% logz-ratio=385203.51+/-0.04 dlogz:9.548>0.01]25102it [11:26:11,  3.46s/it, bound:1489 nc:598 ncall:1.2e+07 eff:0.2% logz-ratio=385203.52+/-0.03 dlogz:9.533>0.01]25106it [11:26:12,  2.36s/it, bound:1489 nc:566 ncall:1.2e+07 eff:0.2% logz-ratio=385203.53+/-0.03 dlogz:9.512>0.01]25110it [11:26:12,  1.63s/it, bound:1489 nc:543 ncall:1.2e+07 eff:0.2% logz-ratio=385203.54+/-0.03 dlogz:9.491>0.01]25114it [11:26:12,  1.14s/it, bound:1490 nc:521 ncall:1.2e+07 eff:0.2% logz-ratio=385203.55+/-0.03 dlogz:9.470>0.01]25114it [11:26:32,  1.14s/it, bound:1490 nc:521 ncall:1.2e+07 eff:0.2% logz-ratio=385203.55+/-0.03 dlogz:9.470>0.01]25115it [11:27:06,  6.39s/it, bound:1490 nc:612 ncall:1.2e+07 eff:0.2% logz-ratio=385203.56+/-0.04 dlogz:9.465>0.01]25117it [11:27:06,  4.99s/it, bound:1490 nc:  1 ncall:1.2e+07 eff:0.2% logz-ratio=385205.27+/-0.36 dlogz:6.601>0.01]25121it [11:27:06,  3.06s/it, bound:1490 nc:  1 ncall:1.2e+07 eff:0.2% logz-ratio=385203.58+/-0.04 dlogz:9.423>0.01]25125it [11:27:06,  1.99s/it, bound:1490 nc:587 ncall:1.2e+07 eff:0.2% logz-ratio=385203.59+/-0.04 dlogz:9.413>0.01]25129it [11:27:06,  1.33s/it, bound:1490 nc:627 ncall:1.2e+07 eff:0.2% logz-ratio=385203.60+/-0.04 dlogz:9.392>0.01]25130it [11:27:22,  1.33s/it, bound:1491 nc:558 ncall:1.2e+07 eff:0.2% logz-ratio=385203.61+/-0.03 dlogz:9.387>0.01]25131it [11:27:58,  6.12s/it, bound:1491 nc:524 ncall:1.2e+07 eff:0.2% logz-ratio=385203.61+/-0.04 dlogz:9.382>0.01]25132it [11:28:13,  7.21s/it, bound:1491 nc:597 ncall:1.2e+07 eff:0.2% logz-ratio=385203.61+/-0.03 dlogz:9.377>0.01]25135it [11:28:14,  4.75s/it, bound:1491 nc:  1 ncall:1.2e+07 eff:0.2% logz-ratio=385205.68+/-0.39 dlogz:5.813>0.01]25139it [11:28:14,  2.89s/it, bound:1491 nc:530 ncall:1.2e+07 eff:0.2% logz-ratio=385203.63+/-0.04 dlogz:9.340>0.01]25143it [11:28:14,  1.86s/it, bound:1491 nc:512 ncall:1.2e+07 eff:0.2% logz-ratio=385203.65+/-0.04 dlogz:9.319>0.01]25146it [11:28:32,  1.86s/it, bound:1492 nc:608 ncall:1.2e+07 eff:0.2% logz-ratio=385203.66+/-0.04 dlogz:9.303>0.01]25147it [11:29:02,  5.36s/it, bound:1492 nc:630 ncall:1.2e+07 eff:0.2% logz-ratio=385203.66+/-0.04 dlogz:9.298>0.01]25150it [11:29:03,  3.94s/it, bound:1492 nc:514 ncall:1.2e+07 eff:0.2% logz-ratio=385203.67+/-0.04 dlogz:9.282>0.01]25154it [11:29:03,  2.62s/it, bound:1492 nc:587 ncall:1.2e+07 eff:0.2% logz-ratio=385203.68+/-0.04 dlogz:9.261>0.01]25158it [11:29:03,  1.78s/it, bound:1492 nc:563 ncall:1.2e+07 eff:0.2% logz-ratio=385203.70+/-0.04 dlogz:9.239>0.01]25161it [11:29:22,  1.78s/it, bound:1493 nc:  1 ncall:1.2e+07 eff:0.2% logz-ratio=385208.22+/-0.96 dlogz:0.200>0.01]25162it [11:30:13,  6.80s/it, bound:1493 nc:623 ncall:1.2e+07 eff:0.2% logz-ratio=385203.71+/-0.04 dlogz:9.218>0.01]25166it [11:30:13,  4.68s/it, bound:1493 nc:726 ncall:1.2e+07 eff:0.2% logz-ratio=385203.72+/-0.04 dlogz:9.197>0.01]25170it [11:30:13,  3.25s/it, bound:1493 nc:812 ncall:1.2e+07 eff:0.2% logz-ratio=385203.74+/-0.04 dlogz:9.176>0.01]25174it [11:30:13,  2.27s/it, bound:1493 nc:819 ncall:1.2e+07 eff:0.2% logz-ratio=385203.75+/-0.04 dlogz:9.154>0.01]25177it [11:30:32,  2.27s/it, bound:1494 nc:  1 ncall:1.2e+07 eff:0.2% logz-ratio=385208.20+/-0.97 dlogz:0.197>0.01]25178it [11:31:10,  5.88s/it, bound:1494 nc:676 ncall:1.2e+07 eff:0.2% logz-ratio=385203.76+/-0.04 dlogz:9.133>0.01]25182it [11:31:10,  4.11s/it, bound:1494 nc:777 ncall:1.2e+07 eff:0.2% logz-ratio=385203.78+/-0.04 dlogz:9.112>0.01]25186it [11:31:10,  2.88s/it, bound:1494 nc:653 ncall:1.2e+07 eff:0.2% logz-ratio=385203.79+/-0.04 dlogz:9.091>0.01]25190it [11:31:10,  2.02s/it, bound:1494 nc:708 ncall:1.2e+07 eff:0.2% logz-ratio=385203.80+/-0.04 dlogz:9.070>0.01]25193it [11:31:22,  2.02s/it, bound:1495 nc:  1 ncall:1.2e+07 eff:0.2% logz-ratio=385208.20+/-0.96 dlogz:0.191>0.01]25194it [11:32:13,  6.10s/it, bound:1495 nc:682 ncall:1.2e+07 eff:0.2% logz-ratio=385203.81+/-0.04 dlogz:9.049>0.01]25197it [11:32:13,  4.62s/it, bound:1495 nc:  1 ncall:1.2e+07 eff:0.2% logz-ratio=385206.16+/-0.42 dlogz:4.771>0.01]25201it [11:32:13,  3.16s/it, bound:1495 nc:  1 ncall:1.2e+07 eff:0.2% logz-ratio=385204.54+/-0.25 dlogz:7.845>0.01]25205it [11:32:13,  2.19s/it, bound:1495 nc:668 ncall:1.2e+07 eff:0.2% logz-ratio=385203.85+/-0.04 dlogz:8.992>0.01]25209it [11:32:13,  1.52s/it, bound:1496 nc:752 ncall:1.2e+07 eff:0.2% logz-ratio=385203.86+/-0.04 dlogz:8.971>0.01]25209it [11:32:32,  1.52s/it, bound:1496 nc:  1 ncall:1.2e+07 eff:0.2% logz-ratio=385208.19+/-0.96 dlogz:0.188>0.01]25210it [11:33:08,  6.80s/it, bound:1496 nc:635 ncall:1.2e+07 eff:0.2% logz-ratio=385203.87+/-0.04 dlogz:8.966>0.01]25215it [11:33:08,  3.99s/it, bound:1496 nc:  1 ncall:1.2e+07 eff:0.2% logz-ratio=385204.04+/-0.13 dlogz:8.675>0.01]25220it [11:33:08,  2.51s/it, bound:1496 nc:596 ncall:1.2e+07 eff:0.2% logz-ratio=385203.90+/-0.04 dlogz:8.913>0.01]25225it [11:33:08,  1.65s/it, bound:1497 nc:  1 ncall:1.2e+07 eff:0.2% logz-ratio=385204.01+/-0.11 dlogz:8.722>0.01]25225it [11:33:22,  1.65s/it, bound:1497 nc:  1 ncall:1.2e+07 eff:0.2% logz-ratio=385208.17+/-0.97 dlogz:0.186>0.01]25226it [11:33:55,  5.74s/it, bound:1497 nc:575 ncall:1.2e+07 eff:0.2% logz-ratio=385203.92+/-0.04 dlogz:8.882>0.01]25230it [11:33:55,  3.79s/it, bound:1497 nc:623 ncall:1.2e+07 eff:0.2% logz-ratio=385203.93+/-0.04 dlogz:8.861>0.01]25235it [11:33:55,  2.37s/it, bound:1497 nc:581 ncall:1.2e+07 eff:0.2% logz-ratio=385203.95+/-0.04 dlogz:8.835>0.01]25240it [11:33:56,  1.55s/it, bound:1497 nc:627 ncall:1.2e+07 eff:0.2% logz-ratio=385203.96+/-0.04 dlogz:8.809>0.01]25241it [11:34:12,  1.55s/it, bound:1498 nc:  1 ncall:1.2e+07 eff:0.2% logz-ratio=385208.17+/-0.96 dlogz:0.180>0.01]25242it [11:34:51,  5.93s/it, bound:1498 nc:640 ncall:1.2e+07 eff:0.2% logz-ratio=385203.97+/-0.04 dlogz:8.798>0.01]25247it [11:34:51,  3.72s/it, bound:1498 nc:  1 ncall:1.2e+07 eff:0.2% logz-ratio=385204.13+/-0.13 dlogz:8.530>0.01]25252it [11:34:51,  2.44s/it, bound:1498 nc:573 ncall:1.2e+07 eff:0.2% logz-ratio=385204.00+/-0.04 dlogz:8.747>0.01]25257it [11:34:52,  1.63s/it, bound:1499 nc:  1 ncall:1.2e+07 eff:0.2% logz-ratio=385204.54+/-0.22 dlogz:7.843>0.01]25257it [11:35:12,  1.63s/it, bound:1499 nc:  1 ncall:1.2e+07 eff:0.2% logz-ratio=385208.19+/-0.95 dlogz:0.173>0.01]25258it [11:35:45,  6.09s/it, bound:1499 nc:598 ncall:1.2e+07 eff:0.2% logz-ratio=385204.02+/-0.04 dlogz:8.717>0.01]25263it [11:35:45,  3.77s/it, bound:1499 nc:  1 ncall:1.2e+07 eff:0.2% logz-ratio=385204.61+/-0.23 dlogz:7.722>0.01]25268it [11:35:45,  2.44s/it, bound:1499 nc:628 ncall:1.2e+07 eff:0.2% logz-ratio=385204.05+/-0.05 dlogz:8.667>0.01]25271it [11:36:02,  2.44s/it, bound:1500 nc:555 ncall:1.2e+07 eff:0.2% logz-ratio=385204.06+/-0.04 dlogz:8.652>0.01]25272it [11:36:34,  5.30s/it, bound:1500 nc:600 ncall:1.2e+07 eff:0.2% logz-ratio=385204.06+/-0.05 dlogz:8.647>0.01]25274it [11:36:34,  4.41s/it, bound:1500 nc:  1 ncall:1.2e+07 eff:0.2% logz-ratio=385206.54+/-0.45 dlogz:3.837>0.01]25278it [11:36:35,  2.97s/it, bound:1500 nc:625 ncall:1.2e+07 eff:0.2% logz-ratio=385204.08+/-0.05 dlogz:8.617>0.01]25282it [11:36:35,  2.04s/it, bound:1500 nc:624 ncall:1.2e+07 eff:0.2% logz-ratio=385204.09+/-0.05 dlogz:8.597>0.01]25286it [11:36:35,  1.41s/it, bound:1500 nc:625 ncall:1.2e+07 eff:0.2% logz-ratio=385204.10+/-0.05 dlogz:8.577>0.01]25287it [11:36:52,  1.41s/it, bound:1501 nc:593 ncall:1.2e+07 eff:0.2% logz-ratio=385204.11+/-0.04 dlogz:8.572>0.01]25288it [11:37:25,  5.75s/it, bound:1501 nc:520 ncall:1.2e+07 eff:0.2% logz-ratio=385204.11+/-0.05 dlogz:8.567>0.01]25290it [11:37:25,  4.57s/it, bound:1501 nc:  1 ncall:1.2e+07 eff:0.2% logz-ratio=385206.94+/-0.50 dlogz:2.753>0.01]25294it [11:37:25,  2.88s/it, bound:1501 nc:596 ncall:1.2e+07 eff:0.2% logz-ratio=385204.13+/-0.05 dlogz:8.537>0.01]25298it [11:37:26,  1.90s/it, bound:1501 nc:621 ncall:1.2e+07 eff:0.2% logz-ratio=385204.14+/-0.05 dlogz:8.517>0.01]25301it [11:37:26,  1.40s/it, bound:1501 nc:575 ncall:1.2e+07 eff:0.2% logz-ratio=385204.15+/-0.04 dlogz:8.501>0.01]25303it [11:37:42,  1.40s/it, bound:1502 nc:523 ncall:1.2e+07 eff:0.2% logz-ratio=385204.15+/-0.04 dlogz:8.491>0.01]25304it [11:38:17,  5.80s/it, bound:1502 nc:570 ncall:1.2e+07 eff:0.2% logz-ratio=385204.16+/-0.05 dlogz:8.486>0.01]25305it [11:38:33,  6.92s/it, bound:1502 nc:558 ncall:1.2e+07 eff:0.2% logz-ratio=385204.16+/-0.05 dlogz:8.481>0.01]25310it [11:38:33,  3.77s/it, bound:1502 nc:  1 ncall:1.2e+07 eff:0.2% logz-ratio=385205.48+/-0.33 dlogz:6.146>0.01]25316it [11:38:33,  2.12s/it, bound:1502 nc:  1 ncall:1.2e+07 eff:0.2% logz-ratio=385204.99+/-0.27 dlogz:7.056>0.01]25317it [11:38:52,  2.12s/it, bound:1502 nc:603 ncall:1.2e+07 eff:0.2% logz-ratio=385204.20+/-0.05 dlogz:8.421>0.01]25318it [11:39:23,  6.13s/it, bound:1503 nc:1068 ncall:1.2e+07 eff:0.2% logz-ratio=385204.20+/-0.05 dlogz:8.416>0.01]25321it [11:39:23,  4.48s/it, bound:1503 nc:473 ncall:1.2e+07 eff:0.2% logz-ratio=385204.21+/-0.05 dlogz:8.402>0.01] 25325it [11:39:24,  2.97s/it, bound:1503 nc:576 ncall:1.2e+07 eff:0.2% logz-ratio=385204.22+/-0.05 dlogz:8.382>0.01]25329it [11:39:24,  2.01s/it, bound:1503 nc:596 ncall:1.2e+07 eff:0.2% logz-ratio=385204.23+/-0.05 dlogz:8.362>0.01]25332it [11:39:42,  2.01s/it, bound:1504 nc:600 ncall:1.2e+07 eff:0.2% logz-ratio=385204.24+/-0.05 dlogz:8.348>0.01]25333it [11:40:19,  5.76s/it, bound:1504 nc:587 ncall:1.2e+07 eff:0.2% logz-ratio=385204.24+/-0.05 dlogz:8.343>0.01]25337it [11:40:19,  3.97s/it, bound:1504 nc:  1 ncall:1.2e+07 eff:0.2% logz-ratio=385204.31+/-0.09 dlogz:8.230>0.01]25341it [11:40:19,  2.75s/it, bound:1504 nc:1100 ncall:1.2e+07 eff:0.2% logz-ratio=385204.27+/-0.05 dlogz:8.304>0.01]25345it [11:40:19,  1.92s/it, bound:1504 nc:554 ncall:1.2e+07 eff:0.2% logz-ratio=385204.28+/-0.05 dlogz:8.285>0.01] 25347it [11:40:32,  1.92s/it, bound:1505 nc:  1 ncall:1.2e+07 eff:0.2% logz-ratio=385208.06+/-1.01 dlogz:0.165>0.01]25348it [11:41:11,  5.68s/it, bound:1505 nc:583 ncall:1.2e+07 eff:0.2% logz-ratio=385204.29+/-0.05 dlogz:8.270>0.01]25352it [11:41:11,  3.87s/it, bound:1505 nc:556 ncall:1.2e+07 eff:0.2% logz-ratio=385204.30+/-0.05 dlogz:8.251>0.01]25357it [11:41:11,  2.47s/it, bound:1505 nc:  1 ncall:1.2e+07 eff:0.2% logz-ratio=385204.32+/-0.06 dlogz:8.211>0.01]25361it [11:41:11,  1.76s/it, bound:1505 nc:588 ncall:1.2e+07 eff:0.2% logz-ratio=385204.32+/-0.05 dlogz:8.206>0.01]25363it [11:41:22,  1.76s/it, bound:1506 nc:  1 ncall:1.2e+07 eff:0.2% logz-ratio=385208.03+/-1.02 dlogz:0.164>0.01]25364it [11:41:59,  5.19s/it, bound:1506 nc:589 ncall:1.2e+07 eff:0.2% logz-ratio=385204.33+/-0.05 dlogz:8.192>0.01]25367it [11:41:59,  3.88s/it, bound:1506 nc:  1 ncall:1.2e+07 eff:0.2% logz-ratio=385205.60+/-0.33 dlogz:5.879>0.01]25371it [11:42:00,  2.62s/it, bound:1506 nc:478 ncall:1.2e+07 eff:0.2% logz-ratio=385204.35+/-0.05 dlogz:8.158>0.01]25375it [11:42:00,  1.79s/it, bound:1506 nc:564 ncall:1.2e+07 eff:0.2% logz-ratio=385204.36+/-0.05 dlogz:8.138>0.01]25379it [11:42:00,  1.24s/it, bound:1507 nc:554 ncall:1.2e+07 eff:0.2% logz-ratio=385204.38+/-0.05 dlogz:8.119>0.01]25379it [11:42:12,  1.24s/it, bound:1507 nc:554 ncall:1.2e+07 eff:0.2% logz-ratio=385204.38+/-0.05 dlogz:8.119>0.01]25380it [11:42:59,  7.07s/it, bound:1507 nc:650 ncall:1.2e+07 eff:0.2% logz-ratio=385204.38+/-0.05 dlogz:8.114>0.01]25383it [11:42:59,  4.96s/it, bound:1507 nc:492 ncall:1.2e+07 eff:0.2% logz-ratio=385204.39+/-0.05 dlogz:8.100>0.01]25387it [11:42:59,  3.16s/it, bound:1507 nc:577 ncall:1.2e+07 eff:0.2% logz-ratio=385204.40+/-0.05 dlogz:8.080>0.01]25391it [11:42:59,  2.09s/it, bound:1507 nc:488 ncall:1.2e+07 eff:0.2% logz-ratio=385204.41+/-0.05 dlogz:8.061>0.01]25395it [11:43:00,  1.41s/it, bound:1508 nc:561 ncall:1.2e+07 eff:0.2% logz-ratio=385204.42+/-0.05 dlogz:8.042>0.01]25395it [11:43:12,  1.41s/it, bound:1508 nc:561 ncall:1.2e+07 eff:0.2% logz-ratio=385204.42+/-0.05 dlogz:8.042>0.01]25396it [11:43:53,  6.84s/it, bound:1508 nc:615 ncall:1.2e+07 eff:0.2% logz-ratio=385204.42+/-0.06 dlogz:8.037>0.01]25400it [11:43:53,  4.29s/it, bound:1508 nc:  1 ncall:1.2e+07 eff:0.2% logz-ratio=385204.44+/-0.06 dlogz:8.008>0.01]25404it [11:43:53,  2.80s/it, bound:1508 nc:  1 ncall:1.2e+07 eff:0.2% logz-ratio=385204.54+/-0.11 dlogz:7.837>0.01]25408it [11:43:53,  1.88s/it, bound:1508 nc:619 ncall:1.2e+07 eff:0.2% logz-ratio=385204.46+/-0.06 dlogz:7.980>0.01]25411it [11:44:12,  1.88s/it, bound:1509 nc:574 ncall:1.2e+07 eff:0.2% logz-ratio=385204.47+/-0.05 dlogz:7.965>0.01]25412it [11:44:45,  5.48s/it, bound:1509 nc:433 ncall:1.2e+07 eff:0.2% logz-ratio=385204.47+/-0.06 dlogz:7.961>0.01]25415it [11:44:45,  4.08s/it, bound:1509 nc:527 ncall:1.2e+07 eff:0.2% logz-ratio=385204.48+/-0.06 dlogz:7.946>0.01]25420it [11:44:46,  2.54s/it, bound:1509 nc:  1 ncall:1.2e+07 eff:0.2% logz-ratio=385204.74+/-0.16 dlogz:7.485>0.01]25424it [11:44:46,  1.78s/it, bound:1509 nc:  1 ncall:1.2e+07 eff:0.2% logz-ratio=385204.83+/-0.18 dlogz:7.334>0.01]25427it [11:45:02,  1.78s/it, bound:1510 nc:552 ncall:1.2e+07 eff:0.2% logz-ratio=385204.51+/-0.06 dlogz:7.889>0.01]25428it [11:45:41,  5.39s/it, bound:1510 nc:488 ncall:1.2e+07 eff:0.2% logz-ratio=385204.51+/-0.06 dlogz:7.885>0.01]25431it [11:45:41,  4.08s/it, bound:1510 nc:510 ncall:1.2e+07 eff:0.2% logz-ratio=385204.52+/-0.06 dlogz:7.870>0.01]25435it [11:45:41,  2.79s/it, bound:1510 nc:582 ncall:1.2e+07 eff:0.2% logz-ratio=385204.53+/-0.06 dlogz:7.852>0.01]25439it [11:45:41,  1.93s/it, bound:1510 nc:622 ncall:1.2e+07 eff:0.2% logz-ratio=385204.54+/-0.06 dlogz:7.833>0.01]25443it [11:45:41,  1.35s/it, bound:1511 nc:610 ncall:1.2e+07 eff:0.2% logz-ratio=385204.55+/-0.06 dlogz:7.814>0.01]25443it [11:45:52,  1.35s/it, bound:1511 nc:610 ncall:1.2e+07 eff:0.2% logz-ratio=385204.55+/-0.06 dlogz:7.814>0.01]25444it [11:46:33,  6.38s/it, bound:1511 nc:687 ncall:1.2e+07 eff:0.2% logz-ratio=385204.55+/-0.06 dlogz:7.809>0.01]25448it [11:46:33,  4.08s/it, bound:1511 nc:  1 ncall:1.2e+07 eff:0.2% logz-ratio=385205.17+/-0.24 dlogz:6.723>0.01]25452it [11:46:33,  2.70s/it, bound:1511 nc:  1 ncall:1.2e+07 eff:0.2% logz-ratio=385205.88+/-0.34 dlogz:5.297>0.01]25457it [11:46:33,  1.69s/it, bound:1511 nc:671 ncall:1.2e+07 eff:0.2% logz-ratio=385204.59+/-0.06 dlogz:7.748>0.01]25459it [11:46:52,  1.69s/it, bound:1512 nc:655 ncall:1.2e+07 eff:0.2% logz-ratio=385204.60+/-0.06 dlogz:7.739>0.01]25460it [11:47:30,  5.92s/it, bound:1512 nc:583 ncall:1.2e+07 eff:0.2% logz-ratio=385204.60+/-0.06 dlogz:7.734>0.01]25463it [11:47:31,  4.40s/it, bound:1512 nc:555 ncall:1.2e+07 eff:0.2% logz-ratio=385204.61+/-0.06 dlogz:7.720>0.01]25468it [11:47:31,  2.73s/it, bound:1512 nc:  1 ncall:1.2e+07 eff:0.2% logz-ratio=385204.80+/-0.14 dlogz:7.384>0.01]25472it [11:47:31,  1.91s/it, bound:1512 nc:  1 ncall:1.2e+07 eff:0.2% logz-ratio=385204.65+/-0.07 dlogz:7.639>0.01]25475it [11:47:42,  1.91s/it, bound:1513 nc:607 ncall:1.2e+07 eff:0.2% logz-ratio=385204.64+/-0.06 dlogz:7.663>0.01]25476it [11:48:25,  5.42s/it, bound:1513 nc:606 ncall:1.2e+07 eff:0.2% logz-ratio=385204.64+/-0.06 dlogz:7.658>0.01]25480it [11:48:25,  3.79s/it, bound:1513 nc:553 ncall:1.2e+07 eff:0.2% logz-ratio=385204.65+/-0.06 dlogz:7.639>0.01]25484it [11:48:25,  2.66s/it, bound:1513 nc:565 ncall:1.2e+07 eff:0.2% logz-ratio=385204.66+/-0.06 dlogz:7.620>0.01]25488it [11:48:25,  1.87s/it, bound:1513 nc:612 ncall:1.2e+07 eff:0.2% logz-ratio=385204.68+/-0.06 dlogz:7.601>0.01]25491it [11:48:42,  1.87s/it, bound:1514 nc:  1 ncall:1.2e+07 eff:0.2% logz-ratio=385208.11+/-0.97 dlogz:0.120>0.01]25492it [11:49:16,  5.09s/it, bound:1514 nc:610 ncall:1.2e+07 eff:0.2% logz-ratio=385204.69+/-0.06 dlogz:7.582>0.01]25494it [11:49:33,  5.74s/it, bound:1514 nc:418 ncall:1.2e+07 eff:0.2% logz-ratio=385204.69+/-0.06 dlogz:7.572>0.01]25499it [11:49:33,  3.53s/it, bound:1514 nc:  1 ncall:1.2e+07 eff:0.2% logz-ratio=385204.91+/-0.15 dlogz:7.192>0.01]25504it [11:49:33,  2.28s/it, bound:1514 nc:591 ncall:1.2e+07 eff:0.2% logz-ratio=385204.72+/-0.06 dlogz:7.525>0.01]25506it [11:49:52,  2.28s/it, bound:1515 nc:  1 ncall:1.2e+07 eff:0.2% logz-ratio=385208.11+/-0.96 dlogz:0.117>0.01]25507it [11:50:32,  6.30s/it, bound:1515 nc:645 ncall:1.2e+07 eff:0.2% logz-ratio=385204.73+/-0.06 dlogz:7.511>0.01]25511it [11:50:32,  4.37s/it, bound:1515 nc:650 ncall:1.2e+07 eff:0.2% logz-ratio=385204.74+/-0.06 dlogz:7.492>0.01]25515it [11:50:32,  3.04s/it, bound:1515 nc:518 ncall:1.2e+07 eff:0.2% logz-ratio=385204.75+/-0.06 dlogz:7.473>0.01]25519it [11:50:32,  2.13s/it, bound:1515 nc:629 ncall:1.2e+07 eff:0.2% logz-ratio=385204.76+/-0.06 dlogz:7.455>0.01]25522it [11:50:52,  2.13s/it, bound:1516 nc:  1 ncall:1.2e+07 eff:0.2% logz-ratio=385208.10+/-0.96 dlogz:0.114>0.01]25523it [11:51:22,  5.24s/it, bound:1516 nc:574 ncall:1.2e+07 eff:0.2% logz-ratio=385204.77+/-0.06 dlogz:7.436>0.01]25528it [11:51:22,  3.41s/it, bound:1516 nc:  1 ncall:1.2e+07 eff:0.2% logz-ratio=385204.79+/-0.07 dlogz:7.398>0.01]25532it [11:51:22,  2.44s/it, bound:1516 nc:553 ncall:1.2e+07 eff:0.2% logz-ratio=385204.80+/-0.06 dlogz:7.393>0.01]25536it [11:51:22,  1.74s/it, bound:1516 nc:631 ncall:1.2e+07 eff:0.2% logz-ratio=385204.81+/-0.06 dlogz:7.374>0.01]25537it [11:51:42,  1.74s/it, bound:1517 nc:531 ncall:1.2e+07 eff:0.2% logz-ratio=385204.81+/-0.06 dlogz:7.370>0.01]25538it [11:52:16,  6.06s/it, bound:1517 nc:579 ncall:1.2e+07 eff:0.2% logz-ratio=385204.81+/-0.06 dlogz:7.365>0.01]25540it [11:52:16,  4.88s/it, bound:1517 nc:  1 ncall:1.2e+07 eff:0.2% logz-ratio=385207.26+/-0.52 dlogz:1.972>0.01]25544it [11:52:16,  3.13s/it, bound:1517 nc:  1 ncall:1.2e+07 eff:0.2% logz-ratio=385205.41+/-0.24 dlogz:6.268>0.01]25548it [11:52:16,  2.08s/it, bound:1517 nc:618 ncall:1.2e+07 eff:0.2% logz-ratio=385204.84+/-0.06 dlogz:7.318>0.01]25552it [11:52:16,  1.41s/it, bound:1517 nc:625 ncall:1.2e+07 eff:0.2% logz-ratio=385204.85+/-0.06 dlogz:7.299>0.01]25553it [11:52:32,  1.41s/it, bound:1518 nc:520 ncall:1.2e+07 eff:0.2% logz-ratio=385204.85+/-0.06 dlogz:7.294>0.01]25554it [11:53:10,  6.19s/it, bound:1518 nc:540 ncall:1.2e+07 eff:0.2% logz-ratio=385204.86+/-0.06 dlogz:7.289>0.01]25557it [11:53:10,  4.42s/it, bound:1518 nc:554 ncall:1.2e+07 eff:0.2% logz-ratio=385204.86+/-0.06 dlogz:7.275>0.01]25561it [11:53:10,  2.86s/it, bound:1518 nc:617 ncall:1.2e+07 eff:0.2% logz-ratio=385204.87+/-0.06 dlogz:7.257>0.01]25565it [11:53:10,  1.91s/it, bound:1518 nc:591 ncall:1.2e+07 eff:0.2% logz-ratio=385204.88+/-0.06 dlogz:7.239>0.01]25569it [11:53:10,  1.30s/it, bound:1519 nc:570 ncall:1.2e+07 eff:0.2% logz-ratio=385204.89+/-0.06 dlogz:7.220>0.01]25569it [11:53:22,  1.30s/it, bound:1519 nc:570 ncall:1.2e+07 eff:0.2% logz-ratio=385204.89+/-0.06 dlogz:7.220>0.01]25570it [11:53:58,  6.09s/it, bound:1519 nc:584 ncall:1.2e+07 eff:0.2% logz-ratio=385204.90+/-0.06 dlogz:7.216>0.01]25574it [11:53:58,  3.83s/it, bound:1519 nc:  1 ncall:1.2e+07 eff:0.2% logz-ratio=385205.56+/-0.25 dlogz:5.998>0.01]25579it [11:53:58,  2.31s/it, bound:1519 nc:  1 ncall:1.2e+07 eff:0.2% logz-ratio=385206.43+/-0.37 dlogz:4.233>0.01]25584it [11:53:58,  1.48s/it, bound:1519 nc:542 ncall:1.2e+07 eff:0.2% logz-ratio=385204.93+/-0.06 dlogz:7.151>0.01]25585it [11:54:12,  1.48s/it, bound:1520 nc:  1 ncall:1.2e+07 eff:0.2% logz-ratio=385208.16+/-0.91 dlogz:0.096>0.01]25586it [11:54:44,  5.18s/it, bound:1520 nc:540 ncall:1.2e+07 eff:0.2% logz-ratio=385204.94+/-0.06 dlogz:7.142>0.01]25590it [11:54:44,  3.48s/it, bound:1520 nc:557 ncall:1.2e+07 eff:0.2% logz-ratio=385204.95+/-0.06 dlogz:7.123>0.01]25594it [11:54:44,  2.38s/it, bound:1520 nc:409 ncall:1.2e+07 eff:0.2% logz-ratio=385204.96+/-0.06 dlogz:7.105>0.01]25599it [11:54:44,  1.52s/it, bound:1520 nc:461 ncall:1.2e+07 eff:0.2% logz-ratio=385204.97+/-0.06 dlogz:7.082>0.01]25601it [11:55:02,  1.52s/it, bound:1521 nc:  1 ncall:1.2e+07 eff:0.2% logz-ratio=385208.23+/-0.95 dlogz:0.087>0.01]25602it [11:55:32,  4.90s/it, bound:1521 nc:490 ncall:1.2e+07 eff:0.2% logz-ratio=385204.98+/-0.06 dlogz:7.069>0.01]25608it [11:55:32,  2.93s/it, bound:1521 nc:558 ncall:1.2e+07 eff:0.2% logz-ratio=385205.00+/-0.06 dlogz:7.042>0.01]25613it [11:55:32,  1.98s/it, bound:1521 nc:1056 ncall:1.2e+07 eff:0.2% logz-ratio=385205.01+/-0.07 dlogz:7.019>0.01]25616it [11:55:52,  1.98s/it, bound:1522 nc:  1 ncall:1.2e+07 eff:0.2% logz-ratio=385208.21+/-0.96 dlogz:0.086>0.01] 25617it [11:56:33,  5.56s/it, bound:1522 nc:674 ncall:1.2e+07 eff:0.2% logz-ratio=385205.02+/-0.06 dlogz:7.001>0.01]25622it [11:56:33,  3.76s/it, bound:1522 nc:  1 ncall:1.2e+07 eff:0.2% logz-ratio=385205.14+/-0.12 dlogz:6.769>0.01]25627it [11:56:33,  2.57s/it, bound:1522 nc:660 ncall:1.2e+07 eff:0.2% logz-ratio=385205.04+/-0.06 dlogz:6.956>0.01]25632it [11:56:33,  1.77s/it, bound:1523 nc:591 ncall:1.2e+07 eff:0.2% logz-ratio=385205.06+/-0.07 dlogz:6.933>0.01]25632it [11:56:52,  1.77s/it, bound:1523 nc:  1 ncall:1.2e+07 eff:0.2% logz-ratio=385208.21+/-0.96 dlogz:0.084>0.01]25633it [11:57:21,  5.57s/it, bound:1523 nc:558 ncall:1.2e+07 eff:0.2% logz-ratio=385205.06+/-0.07 dlogz:6.929>0.01]25637it [11:57:21,  3.80s/it, bound:1523 nc:565 ncall:1.2e+07 eff:0.2% logz-ratio=385205.07+/-0.07 dlogz:6.911>0.01]25642it [11:57:21,  2.43s/it, bound:1523 nc:602 ncall:1.2e+07 eff:0.2% logz-ratio=385205.08+/-0.07 dlogz:6.889>0.01]25647it [11:57:21,  1.61s/it, bound:1523 nc:553 ncall:1.2e+07 eff:0.2% logz-ratio=385205.09+/-0.07 dlogz:6.866>0.01]25648it [11:57:32,  1.61s/it, bound:1524 nc:  1 ncall:1.2e+07 eff:0.2% logz-ratio=385208.24+/-0.95 dlogz:0.078>0.01]25649it [11:58:25,  6.56s/it, bound:1524 nc:610 ncall:1.2e+07 eff:0.2% logz-ratio=385205.10+/-0.07 dlogz:6.858>0.01]25653it [11:58:25,  4.48s/it, bound:1524 nc:698 ncall:1.2e+07 eff:0.2% logz-ratio=385205.11+/-0.07 dlogz:6.840>0.01]25657it [11:58:25,  3.09s/it, bound:1524 nc:638 ncall:1.2e+07 eff:0.2% logz-ratio=385205.12+/-0.07 dlogz:6.822>0.01]25662it [11:58:26,  1.99s/it, bound:1524 nc:  1 ncall:1.2e+07 eff:0.2% logz-ratio=385205.14+/-0.08 dlogz:6.774>0.01]25664it [11:58:42,  1.99s/it, bound:1525 nc:  1 ncall:1.2e+07 eff:0.2% logz-ratio=385208.22+/-0.96 dlogz:0.078>0.01]25665it [11:59:20,  5.80s/it, bound:1525 nc:648 ncall:1.2e+07 eff:0.2% logz-ratio=385205.14+/-0.07 dlogz:6.787>0.01]25670it [11:59:20,  3.73s/it, bound:1525 nc:  1 ncall:1.2e+07 eff:0.2% logz-ratio=385205.56+/-0.21 dlogz:5.985>0.01]25675it [11:59:20,  2.47s/it, bound:1525 nc:673 ncall:1.2e+07 eff:0.2% logz-ratio=385205.16+/-0.07 dlogz:6.743>0.01]25679it [11:59:32,  2.47s/it, bound:1526 nc:  1 ncall:1.2e+07 eff:0.2% logz-ratio=385208.22+/-0.96 dlogz:0.076>0.01]25680it [12:00:19,  5.47s/it, bound:1526 nc:677 ncall:1.2e+07 eff:0.2% logz-ratio=385205.17+/-0.07 dlogz:6.721>0.01]25682it [12:00:36,  5.96s/it, bound:1526 nc:533 ncall:1.2e+07 eff:0.2% logz-ratio=385205.18+/-0.07 dlogz:6.713>0.01]25686it [12:00:36,  4.12s/it, bound:1526 nc:660 ncall:1.2e+07 eff:0.2% logz-ratio=385205.19+/-0.07 dlogz:6.695>0.01]25691it [12:00:36,  2.66s/it, bound:1526 nc:508 ncall:1.2e+07 eff:0.2% logz-ratio=385205.20+/-0.07 dlogz:6.674>0.01]25695it [12:00:52,  2.66s/it, bound:1527 nc:  1 ncall:1.2e+07 eff:0.2% logz-ratio=385208.20+/-0.97 dlogz:0.075>0.01]25696it [12:01:36,  5.80s/it, bound:1527 nc:645 ncall:1.2e+07 eff:0.2% logz-ratio=385205.21+/-0.07 dlogz:6.652>0.01]25700it [12:01:36,  4.19s/it, bound:1527 nc:619 ncall:1.2e+07 eff:0.2% logz-ratio=385205.22+/-0.07 dlogz:6.635>0.01]25705it [12:01:36,  2.81s/it, bound:1527 nc:634 ncall:1.2e+07 eff:0.2% logz-ratio=385205.23+/-0.07 dlogz:6.613>0.01]25710it [12:01:36,  1.91s/it, bound:1527 nc:498 ncall:1.2e+07 eff:0.2% logz-ratio=385205.24+/-0.07 dlogz:6.592>0.01]25711it [12:01:52,  1.91s/it, bound:1528 nc:  1 ncall:1.2e+07 eff:0.2% logz-ratio=385208.21+/-0.95 dlogz:0.071>0.01]25712it [12:02:24,  5.29s/it, bound:1528 nc:517 ncall:1.2e+07 eff:0.2% logz-ratio=385205.25+/-0.07 dlogz:6.583>0.01]25715it [12:02:24,  3.98s/it, bound:1528 nc:  1 ncall:1.2e+07 eff:0.2% logz-ratio=385205.70+/-0.22 dlogz:5.725>0.01]25719it [12:02:24,  2.71s/it, bound:1528 nc:594 ncall:1.2e+07 eff:0.2% logz-ratio=385205.26+/-0.07 dlogz:6.554>0.01]25723it [12:02:24,  1.87s/it, bound:1528 nc:625 ncall:1.2e+07 eff:0.2% logz-ratio=385205.27+/-0.07 dlogz:6.537>0.01]25726it [12:02:42,  1.87s/it, bound:1529 nc:  1 ncall:1.2e+07 eff:0.2% logz-ratio=385208.23+/-0.95 dlogz:0.068>0.01]25727it [12:03:25,  6.05s/it, bound:1529 nc:664 ncall:1.2e+07 eff:0.2% logz-ratio=385205.28+/-0.07 dlogz:6.520>0.01]25732it [12:03:25,  3.90s/it, bound:1529 nc:  1 ncall:1.2e+07 eff:0.2% logz-ratio=385205.68+/-0.20 dlogz:5.772>0.01]25736it [12:03:26,  2.78s/it, bound:1529 nc:  1 ncall:1.2e+07 eff:0.2% logz-ratio=385205.81+/-0.23 dlogz:5.519>0.01]25740it [12:03:26,  1.97s/it, bound:1529 nc:594 ncall:1.2e+07 eff:0.2% logz-ratio=385205.31+/-0.07 dlogz:6.464>0.01]25741it [12:03:42,  1.97s/it, bound:1530 nc:677 ncall:1.2e+07 eff:0.2% logz-ratio=385205.31+/-0.07 dlogz:6.459>0.01]25742it [12:04:21,  6.43s/it, bound:1530 nc:520 ncall:1.2e+07 eff:0.2% logz-ratio=385205.31+/-0.07 dlogz:6.455>0.01]25745it [12:04:21,  4.70s/it, bound:1530 nc:522 ncall:1.2e+07 eff:0.2% logz-ratio=385205.32+/-0.07 dlogz:6.442>0.01]25749it [12:04:21,  3.11s/it, bound:1530 nc:551 ncall:1.2e+07 eff:0.2% logz-ratio=385205.33+/-0.07 dlogz:6.425>0.01]25753it [12:04:21,  2.10s/it, bound:1530 nc:550 ncall:1.2e+07 eff:0.2% logz-ratio=385205.34+/-0.07 dlogz:6.408>0.01]25757it [12:04:22,  1.44s/it, bound:1531 nc:639 ncall:1.2e+07 eff:0.2% logz-ratio=385205.35+/-0.08 dlogz:6.391>0.01]25757it [12:04:32,  1.44s/it, bound:1531 nc:639 ncall:1.2e+07 eff:0.2% logz-ratio=385205.35+/-0.08 dlogz:6.391>0.01]25758it [12:05:06,  5.85s/it, bound:1531 nc:585 ncall:1.2e+07 eff:0.2% logz-ratio=385205.35+/-0.08 dlogz:6.387>0.01]25760it [12:05:06,  4.54s/it, bound:1531 nc:  1 ncall:1.2e+07 eff:0.2% logz-ratio=385206.73+/-0.37 dlogz:3.468>0.01]25764it [12:05:06,  2.77s/it, bound:1531 nc:  1 ncall:1.2e+07 eff:0.2% logz-ratio=385206.57+/-0.35 dlogz:3.842>0.01]25769it [12:05:06,  1.64s/it, bound:1531 nc:  1 ncall:1.2e+07 eff:0.2% logz-ratio=385205.70+/-0.19 dlogz:5.853>0.01]25773it [12:05:07,  1.12s/it, bound:1532 nc:  1 ncall:1.2e+07 eff:0.2% logz-ratio=385205.71+/-0.19 dlogz:5.831>0.01]25773it [12:05:22,  1.12s/it, bound:1532 nc:  1 ncall:1.2e+07 eff:0.2% logz-ratio=385208.29+/-0.98 dlogz:0.067>0.01]25774it [12:06:01,  6.61s/it, bound:1532 nc:595 ncall:1.2e+07 eff:0.2% logz-ratio=385205.39+/-0.07 dlogz:6.453>0.01]25778it [12:06:01,  4.17s/it, bound:1532 nc:477 ncall:1.2e+07 eff:0.2% logz-ratio=385205.40+/-0.07 dlogz:7.308>0.01]25783it [12:06:01,  2.52s/it, bound:1532 nc:  1 ncall:1.2e+07 eff:0.2% logz-ratio=385205.61+/-0.16 dlogz:6.900>0.01]25788it [12:06:01,  1.62s/it, bound:1532 nc:443 ncall:1.2e+07 eff:0.2% logz-ratio=385205.42+/-0.07 dlogz:7.265>0.01]25789it [12:06:12,  1.62s/it, bound:1533 nc:508 ncall:1.2e+07 eff:0.2% logz-ratio=385205.42+/-0.07 dlogz:7.261>0.01]25790it [12:06:48,  5.35s/it, bound:1533 nc:454 ncall:1.2e+07 eff:0.2% logz-ratio=385205.42+/-0.07 dlogz:7.256>0.01]25793it [12:06:48,  3.92s/it, bound:1533 nc:497 ncall:1.2e+07 eff:0.2% logz-ratio=385205.43+/-0.07 dlogz:7.243>0.01]25798it [12:06:48,  2.40s/it, bound:1533 nc:  1 ncall:1.2e+07 eff:0.2% logz-ratio=385205.47+/-0.09 dlogz:7.169>0.01]25803it [12:06:49,  1.55s/it, bound:1533 nc:473 ncall:1.2e+07 eff:0.2% logz-ratio=385205.45+/-0.07 dlogz:7.200>0.01]25804it [12:07:02,  1.55s/it, bound:1534 nc:470 ncall:1.2e+07 eff:0.2% logz-ratio=385205.46+/-0.07 dlogz:7.196>0.01]25805it [12:07:33,  5.08s/it, bound:1534 nc:485 ncall:1.2e+07 eff:0.2% logz-ratio=385205.46+/-0.08 dlogz:7.191>0.01]25807it [12:07:33,  4.10s/it, bound:1534 nc:  1 ncall:1.2e+07 eff:0.2% logz-ratio=385206.25+/-0.28 dlogz:5.598>0.01]25811it [12:07:34,  2.64s/it, bound:1534 nc:480 ncall:1.2e+07 eff:0.2% logz-ratio=385205.47+/-0.08 dlogz:7.165>0.01]25815it [12:07:34,  1.76s/it, bound:1534 nc:  1 ncall:1.2e+07 eff:0.2% logz-ratio=385205.70+/-0.16 dlogz:6.728>0.01]25819it [12:07:34,  1.19s/it, bound:1534 nc:  1 ncall:1.2e+07 eff:0.2% logz-ratio=385205.97+/-0.23 dlogz:6.193>0.01]25820it [12:07:52,  1.19s/it, bound:1535 nc:502 ncall:1.2e+07 eff:0.2% logz-ratio=385205.49+/-0.08 dlogz:7.126>0.01]25821it [12:08:21,  5.43s/it, bound:1535 nc:581 ncall:1.2e+07 eff:0.2% logz-ratio=385205.50+/-0.08 dlogz:7.122>0.01]25823it [12:08:21,  4.29s/it, bound:1535 nc:  1 ncall:1.2e+07 eff:0.2% logz-ratio=385206.45+/-0.31 dlogz:5.126>0.01]25827it [12:08:21,  2.68s/it, bound:1535 nc:531 ncall:1.2e+07 eff:0.2% logz-ratio=385205.51+/-0.08 dlogz:7.096>0.01]25831it [12:08:21,  1.75s/it, bound:1535 nc:570 ncall:1.2e+07 eff:0.2% logz-ratio=385205.52+/-0.08 dlogz:7.079>0.01]25835it [12:08:21,  1.18s/it, bound:1535 nc:517 ncall:1.2e+07 eff:0.2% logz-ratio=385205.53+/-0.08 dlogz:7.062>0.01]25836it [12:08:32,  1.18s/it, bound:1536 nc:553 ncall:1.2e+07 eff:0.2% logz-ratio=385205.53+/-0.08 dlogz:7.058>0.01]25837it [12:09:10,  5.59s/it, bound:1536 nc:562 ncall:1.2e+07 eff:0.2% logz-ratio=385205.53+/-0.08 dlogz:7.053>0.01]25839it [12:09:10,  4.39s/it, bound:1536 nc:  1 ncall:1.2e+07 eff:0.2% logz-ratio=385206.68+/-0.35 dlogz:4.558>0.01]25843it [12:09:10,  2.73s/it, bound:1536 nc:520 ncall:1.2e+07 eff:0.2% logz-ratio=385205.55+/-0.08 dlogz:7.028>0.01]25847it [12:09:10,  1.78s/it, bound:1536 nc:423 ncall:1.2e+07 eff:0.2% logz-ratio=385205.55+/-0.08 dlogz:7.011>0.01]25851it [12:09:10,  1.19s/it, bound:1536 nc:  1 ncall:1.2e+07 eff:0.2% logz-ratio=385207.52+/-0.52 dlogz:2.190>0.01]25852it [12:09:22,  1.19s/it, bound:1537 nc:502 ncall:1.2e+07 eff:0.2% logz-ratio=385205.57+/-0.08 dlogz:6.990>0.01]25853it [12:09:49,  4.74s/it, bound:1537 nc:585 ncall:1.2e+07 eff:0.2% logz-ratio=385205.57+/-0.08 dlogz:6.986>0.01]25857it [12:09:49,  3.07s/it, bound:1537 nc:  1 ncall:1.2e+07 eff:0.2% logz-ratio=385205.58+/-0.08 dlogz:6.961>0.01]25861it [12:09:49,  2.04s/it, bound:1537 nc:  1 ncall:1.2e+07 eff:0.2% logz-ratio=385205.61+/-0.10 dlogz:6.898>0.01]25865it [12:09:50,  1.39s/it, bound:1537 nc:532 ncall:1.2e+07 eff:0.2% logz-ratio=385205.59+/-0.08 dlogz:6.936>0.01]25868it [12:10:02,  1.39s/it, bound:1538 nc:481 ncall:1.2e+07 eff:0.2% logz-ratio=385205.60+/-0.08 dlogz:6.923>0.01]25869it [12:10:37,  4.71s/it, bound:1538 nc:532 ncall:1.2e+07 eff:0.2% logz-ratio=385205.60+/-0.08 dlogz:6.919>0.01]25870it [12:10:54,  6.00s/it, bound:1538 nc:459 ncall:1.2e+07 eff:0.2% logz-ratio=385205.61+/-0.08 dlogz:6.915>0.01]25874it [12:10:55,  3.81s/it, bound:1538 nc:589 ncall:1.2e+07 eff:0.2% logz-ratio=385205.61+/-0.08 dlogz:6.898>0.01]25878it [12:10:55,  2.51s/it, bound:1538 nc:536 ncall:1.2e+07 eff:0.2% logz-ratio=385205.62+/-0.08 dlogz:6.881>0.01]25882it [12:10:55,  1.69s/it, bound:1538 nc:566 ncall:1.2e+07 eff:0.2% logz-ratio=385205.63+/-0.08 dlogz:6.865>0.01]25883it [12:11:12,  1.69s/it, bound:1539 nc:  1 ncall:1.2e+07 eff:0.2% logz-ratio=385208.31+/-1.09 dlogz:0.123>0.01]25884it [12:11:46,  6.27s/it, bound:1539 nc:448 ncall:1.2e+07 eff:0.2% logz-ratio=385205.64+/-0.08 dlogz:6.857>0.01]25889it [12:11:46,  3.74s/it, bound:1539 nc:  1 ncall:1.2e+07 eff:0.2% logz-ratio=385206.17+/-0.24 dlogz:5.778>0.01]25893it [12:11:46,  2.56s/it, bound:1539 nc:  1 ncall:1.2e+07 eff:0.2% logz-ratio=385207.11+/-0.41 dlogz:3.414>0.01]25899it [12:11:47,  1.54s/it, bound:1540 nc:495 ncall:1.2e+07 eff:0.2% logz-ratio=385205.67+/-0.08 dlogz:6.795>0.01]25899it [12:12:02,  1.54s/it, bound:1540 nc:495 ncall:1.2e+07 eff:0.2% logz-ratio=385205.67+/-0.08 dlogz:6.795>0.01]25900it [12:12:32,  5.38s/it, bound:1540 nc:504 ncall:1.2e+07 eff:0.2% logz-ratio=385205.67+/-0.09 dlogz:6.791>0.01]25903it [12:12:32,  3.92s/it, bound:1540 nc:547 ncall:1.2e+07 eff:0.2% logz-ratio=385205.68+/-0.08 dlogz:6.778>0.01]25907it [12:12:32,  2.59s/it, bound:1540 nc:559 ncall:1.2e+07 eff:0.2% logz-ratio=385205.68+/-0.08 dlogz:6.762>0.01]25911it [12:12:32,  1.75s/it, bound:1540 nc:501 ncall:1.2e+07 eff:0.2% logz-ratio=385205.69+/-0.09 dlogz:6.745>0.01]25915it [12:12:32,  1.20s/it, bound:1541 nc:485 ncall:1.2e+07 eff:0.2% logz-ratio=385205.70+/-0.09 dlogz:6.729>0.01]25915it [12:12:52,  1.20s/it, bound:1541 nc:485 ncall:1.2e+07 eff:0.2% logz-ratio=385205.70+/-0.09 dlogz:6.729>0.01]25916it [12:13:26,  6.56s/it, bound:1541 nc:529 ncall:1.2e+07 eff:0.2% logz-ratio=385205.70+/-0.09 dlogz:6.725>0.01]25918it [12:13:26,  5.09s/it, bound:1541 nc:  1 ncall:1.2e+07 eff:0.2% logz-ratio=385207.53+/-0.51 dlogz:2.223>0.01]25922it [12:13:26,  3.10s/it, bound:1541 nc:624 ncall:1.2e+07 eff:0.2% logz-ratio=385205.72+/-0.09 dlogz:6.700>0.01]25926it [12:13:26,  2.00s/it, bound:1541 nc:560 ncall:1.2e+07 eff:0.2% logz-ratio=385205.73+/-0.09 dlogz:6.683>0.01]25930it [12:13:26,  1.33s/it, bound:1541 nc:  1 ncall:1.2e+07 eff:0.2% logz-ratio=385205.79+/-0.11 dlogz:6.789>0.01]25931it [12:13:42,  1.33s/it, bound:1542 nc:506 ncall:1.2e+07 eff:0.2% logz-ratio=385205.74+/-0.08 dlogz:6.907>0.01]25932it [12:14:17,  5.98s/it, bound:1542 nc:510 ncall:1.2e+07 eff:0.2% logz-ratio=385205.74+/-0.08 dlogz:6.903>0.01]25936it [12:14:17,  3.85s/it, bound:1542 nc:  1 ncall:1.2e+07 eff:0.2% logz-ratio=385206.22+/-0.23 dlogz:5.914>0.01]25940it [12:14:17,  2.55s/it, bound:1542 nc:  1 ncall:1.2e+07 eff:0.2% logz-ratio=385207.04+/-0.38 dlogz:3.909>0.01]25946it [12:14:17,  1.49s/it, bound:1542 nc:549 ncall:1.2e+07 eff:0.2% logz-ratio=385205.77+/-0.08 dlogz:6.845>0.01]25947it [12:14:32,  1.49s/it, bound:1543 nc:  1 ncall:1.2e+07 eff:0.2% logz-ratio=385208.46+/-1.16 dlogz:0.119>0.01]25948it [12:15:04,  5.13s/it, bound:1543 nc:635 ncall:1.2e+07 eff:0.2% logz-ratio=385205.77+/-0.08 dlogz:6.837>0.01]25952it [12:15:04,  3.48s/it, bound:1543 nc:591 ncall:1.2e+07 eff:0.2% logz-ratio=385205.78+/-0.08 dlogz:6.821>0.01]25957it [12:15:04,  2.22s/it, bound:1543 nc:545 ncall:1.2e+07 eff:0.2% logz-ratio=385205.79+/-0.08 dlogz:6.800>0.01]25962it [12:15:04,  1.47s/it, bound:1544 nc:581 ncall:1.2e+07 eff:0.2% logz-ratio=385205.80+/-0.08 dlogz:6.780>0.01]25962it [12:15:22,  1.47s/it, bound:1544 nc:  1 ncall:1.2e+07 eff:0.2% logz-ratio=385208.44+/-1.17 dlogz:0.117>0.01]25963it [12:16:02,  6.53s/it, bound:1544 nc:627 ncall:1.2e+07 eff:0.2% logz-ratio=385205.80+/-0.08 dlogz:6.776>0.01]25967it [12:16:02,  4.34s/it, bound:1544 nc:630 ncall:1.2e+07 eff:0.2% logz-ratio=385205.81+/-0.08 dlogz:6.759>0.01]25972it [12:16:02,  2.71s/it, bound:1544 nc:682 ncall:1.2e+07 eff:0.2% logz-ratio=385205.82+/-0.09 dlogz:6.739>0.01]25977it [12:16:03,  1.78s/it, bound:1544 nc:670 ncall:1.2e+07 eff:0.2% logz-ratio=385205.83+/-0.08 dlogz:6.719>0.01]25978it [12:16:22,  1.78s/it, bound:1545 nc:  1 ncall:1.2e+07 eff:0.2% logz-ratio=385208.47+/-1.14 dlogz:0.111>0.01]25979it [12:16:57,  5.99s/it, bound:1545 nc:628 ncall:1.2e+07 eff:0.2% logz-ratio=385205.84+/-0.08 dlogz:6.711>0.01]25984it [12:16:57,  3.77s/it, bound:1545 nc:  1 ncall:1.2e+07 eff:0.2% logz-ratio=385206.18+/-0.20 dlogz:5.995>0.01]25989it [12:16:57,  2.47s/it, bound:1545 nc:635 ncall:1.2e+07 eff:0.2% logz-ratio=385205.86+/-0.09 dlogz:6.670>0.01]25994it [12:16:57,  1.66s/it, bound:1546 nc:648 ncall:1.2e+07 eff:0.2% logz-ratio=385205.87+/-0.09 dlogz:6.650>0.01]25994it [12:17:12,  1.66s/it, bound:1546 nc:  1 ncall:1.2e+07 eff:0.2% logz-ratio=385208.45+/-1.15 dlogz:0.110>0.01]25995it [12:17:39,  5.16s/it, bound:1546 nc:442 ncall:1.2e+07 eff:0.2% logz-ratio=385205.87+/-0.09 dlogz:6.646>0.01]26000it [12:17:39,  3.20s/it, bound:1546 nc:  1 ncall:1.2e+07 eff:0.2% logz-ratio=385206.10+/-0.17 dlogz:6.172>0.01]26005it [12:17:40,  2.08s/it, bound:1546 nc:463 ncall:1.2e+07 eff:0.2% logz-ratio=385205.89+/-0.09 dlogz:6.607>0.01]26010it [12:17:40,  1.39s/it, bound:1547 nc:  1 ncall:1.2e+07 eff:0.2% logz-ratio=385206.07+/-0.16 dlogz:6.224>0.01]26010it [12:17:52,  1.39s/it, bound:1547 nc:  1 ncall:1.2e+07 eff:0.2% logz-ratio=385208.44+/-1.15 dlogz:0.108>0.01]26011it [12:18:31,  5.72s/it, bound:1547 nc:576 ncall:1.2e+07 eff:0.2% logz-ratio=385205.90+/-0.09 dlogz:6.583>0.01]26016it [12:18:31,  3.53s/it, bound:1547 nc:  1 ncall:1.2e+07 eff:0.2% logz-ratio=385206.09+/-0.16 dlogz:6.187>0.01]26021it [12:18:31,  2.29s/it, bound:1547 nc:643 ncall:1.2e+07 eff:0.2% logz-ratio=385205.92+/-0.09 dlogz:6.543>0.01]26026it [12:18:31,  1.52s/it, bound:1548 nc:  1 ncall:1.2e+07 eff:0.2% logz-ratio=385206.21+/-0.19 dlogz:5.940>0.01]26026it [12:18:42,  1.52s/it, bound:1548 nc:  1 ncall:1.2e+07 eff:0.2% logz-ratio=385208.43+/-1.14 dlogz:0.105>0.01]26027it [12:19:17,  5.44s/it, bound:1548 nc:529 ncall:1.2e+07 eff:0.2% logz-ratio=385205.93+/-0.09 dlogz:6.520>0.01]26031it [12:19:17,  3.63s/it, bound:1548 nc:584 ncall:1.2e+07 eff:0.2% logz-ratio=385205.94+/-0.09 dlogz:6.504>0.01]26036it [12:19:17,  2.28s/it, bound:1548 nc:  1 ncall:1.2e+07 eff:0.2% logz-ratio=385206.18+/-0.18 dlogz:5.988>0.01]26041it [12:19:17,  1.50s/it, bound:1548 nc:597 ncall:1.2e+07 eff:0.2% logz-ratio=385205.96+/-0.09 dlogz:6.466>0.01]26042it [12:19:32,  1.50s/it, bound:1549 nc:  1 ncall:1.2e+07 eff:0.2% logz-ratio=385208.42+/-1.15 dlogz:0.103>0.01]26043it [12:20:03,  5.05s/it, bound:1549 nc:533 ncall:1.2e+07 eff:0.2% logz-ratio=385205.96+/-0.09 dlogz:6.458>0.01]26047it [12:20:03,  3.44s/it, bound:1549 nc:590 ncall:1.2e+07 eff:0.2% logz-ratio=385205.97+/-0.09 dlogz:6.443>0.01]26052it [12:20:04,  2.19s/it, bound:1549 nc:  1 ncall:1.2e+07 eff:0.2% logz-ratio=385206.27+/-0.19 dlogz:5.804>0.01]26057it [12:20:04,  1.45s/it, bound:1549 nc:523 ncall:1.2e+07 eff:0.2% logz-ratio=385205.99+/-0.09 dlogz:6.404>0.01]26058it [12:20:22,  1.45s/it, bound:1550 nc:  1 ncall:1.2e+07 eff:0.2% logz-ratio=385208.41+/-1.14 dlogz:0.101>0.01]26059it [12:20:52,  5.16s/it, bound:1550 nc:559 ncall:1.2e+07 eff:0.2% logz-ratio=385205.99+/-0.09 dlogz:6.397>0.01]26061it [12:21:08,  5.72s/it, bound:1550 nc:510 ncall:1.2e+07 eff:0.2% logz-ratio=385205.99+/-0.09 dlogz:6.389>0.01]26065it [12:21:08,  3.72s/it, bound:1550 nc:545 ncall:1.2e+07 eff:0.2% logz-ratio=385206.00+/-0.09 dlogz:6.374>0.01]26070it [12:21:08,  2.30s/it, bound:1550 nc:  1 ncall:1.2e+07 eff:0.2% logz-ratio=385206.26+/-0.18 dlogz:5.832>0.01]26074it [12:21:22,  2.30s/it, bound:1551 nc:  1 ncall:1.2e+07 eff:0.2% logz-ratio=385208.41+/-1.13 dlogz:0.098>0.01]26075it [12:21:51,  4.48s/it, bound:1551 nc:540 ncall:1.2e+07 eff:0.2% logz-ratio=385206.02+/-0.09 dlogz:6.335>0.01]26080it [12:21:51,  2.98s/it, bound:1551 nc:  1 ncall:1.2e+07 eff:0.2% logz-ratio=385206.27+/-0.18 dlogz:5.804>0.01]26085it [12:21:51,  2.02s/it, bound:1551 nc:466 ncall:1.2e+07 eff:0.2% logz-ratio=385206.04+/-0.10 dlogz:6.297>0.01]26090it [12:21:51,  1.39s/it, bound:1552 nc:494 ncall:1.2e+07 eff:0.2% logz-ratio=385206.05+/-0.10 dlogz:6.278>0.01]26090it [12:22:02,  1.39s/it, bound:1552 nc:  1 ncall:1.2e+07 eff:0.2% logz-ratio=385208.41+/-1.12 dlogz:0.095>0.01]26091it [12:22:37,  5.10s/it, bound:1552 nc:516 ncall:1.2e+07 eff:0.2% logz-ratio=385206.05+/-0.10 dlogz:6.274>0.01]26095it [12:22:37,  3.47s/it, bound:1552 nc:479 ncall:1.2e+07 eff:0.2% logz-ratio=385206.06+/-0.10 dlogz:6.258>0.01]26099it [12:22:37,  2.39s/it, bound:1552 nc:601 ncall:1.2e+07 eff:0.2% logz-ratio=385206.06+/-0.10 dlogz:6.243>0.01]26104it [12:22:38,  1.54s/it, bound:1552 nc:456 ncall:1.2e+07 eff:0.2% logz-ratio=385206.07+/-0.10 dlogz:6.224>0.01]26105it [12:22:52,  1.54s/it, bound:1552 nc:  1 ncall:1.2e+07 eff:0.2% logz-ratio=385208.42+/-1.12 dlogz:0.091>0.01]26106it [12:23:25,  5.33s/it, bound:1553 nc:1031 ncall:1.2e+07 eff:0.2% logz-ratio=385206.08+/-0.10 dlogz:6.216>0.01]26108it [12:23:25,  4.30s/it, bound:1553 nc:  1 ncall:1.2e+07 eff:0.2% logz-ratio=385207.79+/-0.51 dlogz:1.758>0.01] 26113it [12:23:25,  2.54s/it, bound:1553 nc:  1 ncall:1.2e+07 eff:0.2% logz-ratio=385206.26+/-0.16 dlogz:5.829>0.01]26117it [12:23:25,  1.73s/it, bound:1553 nc:475 ncall:1.2e+07 eff:0.2% logz-ratio=385206.10+/-0.10 dlogz:6.174>0.01]26121it [12:23:25,  1.20s/it, bound:1554 nc:530 ncall:1.2e+07 eff:0.2% logz-ratio=385206.11+/-0.10 dlogz:6.159>0.01]26121it [12:23:42,  1.20s/it, bound:1554 nc:  1 ncall:1.2e+07 eff:0.2% logz-ratio=385208.42+/-1.11 dlogz:0.089>0.01]26122it [12:24:11,  5.63s/it, bound:1554 nc:449 ncall:1.2e+07 eff:0.2% logz-ratio=385206.11+/-0.10 dlogz:6.155>0.01]26127it [12:24:11,  3.28s/it, bound:1554 nc:615 ncall:1.2e+07 eff:0.2% logz-ratio=385206.12+/-0.10 dlogz:6.136>0.01]26131it [12:24:11,  2.23s/it, bound:1554 nc:512 ncall:1.2e+07 eff:0.2% logz-ratio=385206.12+/-0.10 dlogz:6.120>0.01]26136it [12:24:11,  1.42s/it, bound:1554 nc:  1 ncall:1.2e+07 eff:0.2% logz-ratio=385206.20+/-0.13 dlogz:5.948>0.01]26137it [12:24:22,  1.42s/it, bound:1555 nc:527 ncall:1.2e+07 eff:0.2% logz-ratio=385206.13+/-0.10 dlogz:6.098>0.01]26138it [12:24:58,  5.21s/it, bound:1555 nc:556 ncall:1.2e+07 eff:0.2% logz-ratio=385206.14+/-0.10 dlogz:6.094>0.01]26141it [12:24:58,  3.81s/it, bound:1555 nc:  1 ncall:1.2e+07 eff:0.2% logz-ratio=385206.85+/-0.29 dlogz:4.469>0.01]26145it [12:24:58,  2.53s/it, bound:1555 nc:559 ncall:1.2e+07 eff:0.2% logz-ratio=385206.15+/-0.10 dlogz:6.067>0.01]26149it [12:24:58,  1.71s/it, bound:1555 nc:575 ncall:1.2e+07 eff:0.2% logz-ratio=385206.16+/-0.10 dlogz:6.052>0.01]26153it [12:24:58,  1.18s/it, bound:1556 nc:527 ncall:1.2e+07 eff:0.2% logz-ratio=385206.16+/-0.10 dlogz:6.037>0.01]26153it [12:25:12,  1.18s/it, bound:1556 nc:527 ncall:1.2e+07 eff:0.2% logz-ratio=385206.16+/-0.10 dlogz:6.037>0.01]26154it [12:25:44,  5.76s/it, bound:1556 nc:534 ncall:1.2e+07 eff:0.2% logz-ratio=385206.17+/-0.10 dlogz:6.033>0.01]26156it [12:25:44,  4.47s/it, bound:1556 nc:  1 ncall:1.2e+07 eff:0.2% logz-ratio=385206.87+/-0.28 dlogz:4.441>0.01]26159it [12:25:44,  3.02s/it, bound:1556 nc:584 ncall:1.2e+07 eff:0.2% logz-ratio=385206.17+/-0.10 dlogz:6.014>0.01]26163it [12:25:45,  1.88s/it, bound:1556 nc:  1 ncall:1.2e+07 eff:0.2% logz-ratio=385207.00+/-0.31 dlogz:4.112>0.01]26167it [12:25:45,  1.22s/it, bound:1556 nc:598 ncall:1.2e+07 eff:0.2% logz-ratio=385206.19+/-0.10 dlogz:5.984>0.01]26169it [12:26:02,  1.22s/it, bound:1557 nc:608 ncall:1.2e+07 eff:0.2% logz-ratio=385206.19+/-0.10 dlogz:5.977>0.01]26170it [12:26:27,  4.80s/it, bound:1557 nc:612 ncall:1.2e+07 eff:0.2% logz-ratio=385206.19+/-0.10 dlogz:5.973>0.01]26172it [12:26:27,  3.82s/it, bound:1557 nc:  1 ncall:1.2e+07 eff:0.2% logz-ratio=385206.98+/-0.30 dlogz:4.144>0.01]26177it [12:26:28,  2.20s/it, bound:1557 nc:543 ncall:1.2e+07 eff:0.2% logz-ratio=385206.21+/-0.10 dlogz:5.946>0.01]26182it [12:26:28,  1.38s/it, bound:1557 nc:  1 ncall:1.2e+07 eff:0.2% logz-ratio=385207.63+/-0.44 dlogz:2.342>0.01]26185it [12:26:42,  1.38s/it, bound:1558 nc:546 ncall:1.2e+07 eff:0.2% logz-ratio=385206.22+/-0.10 dlogz:5.916>0.01]26186it [12:27:14,  4.46s/it, bound:1558 nc:475 ncall:1.2e+07 eff:0.2% logz-ratio=385206.22+/-0.11 dlogz:5.913>0.01]26189it [12:27:14,  3.38s/it, bound:1558 nc:602 ncall:1.2e+07 eff:0.2% logz-ratio=385206.23+/-0.10 dlogz:5.901>0.01]26193it [12:27:14,  2.31s/it, bound:1558 nc:606 ncall:1.2e+07 eff:0.2% logz-ratio=385206.23+/-0.11 dlogz:5.886>0.01]26198it [12:27:14,  1.48s/it, bound:1558 nc:  1 ncall:1.2e+07 eff:0.2% logz-ratio=385206.26+/-0.11 dlogz:5.837>0.01]26200it [12:27:32,  1.48s/it, bound:1559 nc:  1 ncall:1.2e+07 eff:0.2% logz-ratio=385208.40+/-1.09 dlogz:0.078>0.01]26201it [12:28:04,  5.03s/it, bound:1559 nc:611 ncall:1.2e+07 eff:0.2% logz-ratio=385206.25+/-0.11 dlogz:5.856>0.01]26205it [12:28:04,  3.47s/it, bound:1559 nc:587 ncall:1.2e+07 eff:0.2% logz-ratio=385206.26+/-0.11 dlogz:5.841>0.01]26209it [12:28:04,  2.41s/it, bound:1559 nc:575 ncall:1.2e+07 eff:0.2% logz-ratio=385206.26+/-0.11 dlogz:5.826>0.01]26213it [12:28:04,  1.69s/it, bound:1559 nc:622 ncall:1.2e+07 eff:0.2% logz-ratio=385206.27+/-0.11 dlogz:5.811>0.01]26216it [12:28:22,  1.69s/it, bound:1560 nc:  1 ncall:1.2e+07 eff:0.2% logz-ratio=385208.39+/-1.09 dlogz:0.076>0.01]26217it [12:28:48,  4.51s/it, bound:1560 nc:560 ncall:1.2e+07 eff:0.2% logz-ratio=385206.28+/-0.11 dlogz:5.797>0.01]26220it [12:28:48,  3.41s/it, bound:1560 nc:  1 ncall:1.2e+07 eff:0.2% logz-ratio=385208.20+/-0.69 dlogz:0.451>0.01]26224it [12:28:48,  2.33s/it, bound:1560 nc:  1 ncall:1.2e+07 eff:0.2% logz-ratio=385207.05+/-0.30 dlogz:3.952>0.01]26229it [12:28:48,  1.49s/it, bound:1560 nc:  1 ncall:1.2e+07 eff:0.2% logz-ratio=385207.11+/-0.31 dlogz:3.804>0.01]26232it [12:29:02,  1.49s/it, bound:1561 nc:558 ncall:1.3e+07 eff:0.2% logz-ratio=385206.30+/-0.11 dlogz:5.741>0.01]26233it [12:29:35,  4.46s/it, bound:1561 nc:573 ncall:1.3e+07 eff:0.2% logz-ratio=385206.30+/-0.11 dlogz:5.737>0.01]26237it [12:29:35,  3.15s/it, bound:1561 nc:  1 ncall:1.3e+07 eff:0.2% logz-ratio=385206.90+/-0.26 dlogz:4.356>0.01]26242it [12:29:35,  2.07s/it, bound:1561 nc:  1 ncall:1.3e+07 eff:0.2% logz-ratio=385206.81+/-0.25 dlogz:4.566>0.01]26247it [12:29:35,  1.40s/it, bound:1561 nc:584 ncall:1.3e+07 eff:0.2% logz-ratio=385206.33+/-0.11 dlogz:5.686>0.01]26248it [12:29:52,  1.40s/it, bound:1562 nc:  1 ncall:1.3e+07 eff:0.2% logz-ratio=385208.43+/-1.07 dlogz:0.069>0.01]26249it [12:30:27,  5.26s/it, bound:1562 nc:505 ncall:1.3e+07 eff:0.2% logz-ratio=385206.33+/-0.11 dlogz:5.678>0.01]26254it [12:30:27,  3.37s/it, bound:1562 nc:  1 ncall:1.3e+07 eff:0.2% logz-ratio=385207.00+/-0.28 dlogz:4.093>0.01]26260it [12:30:27,  2.08s/it, bound:1562 nc:  1 ncall:1.3e+07 eff:0.2% logz-ratio=385206.66+/-0.20 dlogz:4.915>0.01]26264it [12:30:42,  2.08s/it, bound:1563 nc:  1 ncall:1.3e+07 eff:0.2% logz-ratio=385208.43+/-1.07 dlogz:0.067>0.01]26265it [12:31:16,  4.48s/it, bound:1563 nc:575 ncall:1.3e+07 eff:0.2% logz-ratio=385206.36+/-0.11 dlogz:5.620>0.01]26267it [12:31:31,  4.97s/it, bound:1563 nc:610 ncall:1.3e+07 eff:0.2% logz-ratio=385206.36+/-0.11 dlogz:5.613>0.01]26271it [12:31:31,  3.48s/it, bound:1563 nc:585 ncall:1.3e+07 eff:0.2% logz-ratio=385206.37+/-0.11 dlogz:5.598>0.01]26276it [12:31:31,  2.27s/it, bound:1563 nc:521 ncall:1.3e+07 eff:0.2% logz-ratio=385206.38+/-0.11 dlogz:5.580>0.01]26279it [12:31:42,  2.27s/it, bound:1564 nc:  1 ncall:1.3e+07 eff:0.2% logz-ratio=385208.44+/-1.07 dlogz:0.064>0.01]26280it [12:32:15,  4.74s/it, bound:1564 nc:512 ncall:1.3e+07 eff:0.2% logz-ratio=385206.38+/-0.11 dlogz:5.566>0.01]26284it [12:32:15,  3.38s/it, bound:1564 nc:540 ncall:1.3e+07 eff:0.2% logz-ratio=385206.39+/-0.11 dlogz:5.551>0.01]26289it [12:32:15,  2.23s/it, bound:1564 nc:582 ncall:1.3e+07 eff:0.2% logz-ratio=385206.40+/-0.11 dlogz:5.533>0.01]26294it [12:32:15,  1.51s/it, bound:1564 nc:514 ncall:1.3e+07 eff:0.2% logz-ratio=385206.40+/-0.11 dlogz:5.515>0.01]26295it [12:32:32,  1.51s/it, bound:1565 nc:402 ncall:1.3e+07 eff:0.2% logz-ratio=385206.41+/-0.11 dlogz:5.512>0.01]26296it [12:32:58,  4.65s/it, bound:1565 nc:528 ncall:1.3e+07 eff:0.2% logz-ratio=385206.41+/-0.11 dlogz:5.508>0.01]26300it [12:32:58,  3.22s/it, bound:1565 nc:  1 ncall:1.3e+07 eff:0.2% logz-ratio=385206.65+/-0.19 dlogz:4.951>0.01]26304it [12:32:58,  2.23s/it, bound:1565 nc:  1 ncall:1.3e+07 eff:0.2% logz-ratio=385207.52+/-0.39 dlogz:2.610>0.01]26311it [12:33:12,  2.23s/it, bound:1566 nc:503 ncall:1.3e+07 eff:0.2% logz-ratio=385206.43+/-0.12 dlogz:5.455>0.01]26312it [12:33:45,  3.94s/it, bound:1566 nc:540 ncall:1.3e+07 eff:0.2% logz-ratio=385206.43+/-0.12 dlogz:5.451>0.01]26316it [12:33:46,  2.96s/it, bound:1566 nc:  1 ncall:1.3e+07 eff:0.2% logz-ratio=385206.64+/-0.18 dlogz:4.960>0.01]26320it [12:33:46,  2.19s/it, bound:1566 nc:  1 ncall:1.3e+07 eff:0.2% logz-ratio=385206.63+/-0.17 dlogz:4.990>0.01]26324it [12:33:46,  1.60s/it, bound:1566 nc:  1 ncall:1.3e+07 eff:0.2% logz-ratio=385206.64+/-0.18 dlogz:4.972>0.01]26327it [12:34:02,  1.60s/it, bound:1567 nc:616 ncall:1.3e+07 eff:0.2% logz-ratio=385206.46+/-0.12 dlogz:5.398>0.01]26328it [12:34:32,  4.39s/it, bound:1567 nc:565 ncall:1.3e+07 eff:0.2% logz-ratio=385206.46+/-0.12 dlogz:5.394>0.01]26330it [12:34:32,  3.66s/it, bound:1567 nc:  1 ncall:1.3e+07 eff:0.2% logz-ratio=385208.06+/-0.56 dlogz:0.946>0.01]26334it [12:34:32,  2.49s/it, bound:1567 nc:559 ncall:1.3e+07 eff:0.2% logz-ratio=385206.47+/-0.12 dlogz:5.373>0.01]26338it [12:34:32,  1.71s/it, bound:1567 nc:523 ncall:1.3e+07 eff:0.2% logz-ratio=385206.47+/-0.12 dlogz:5.359>0.01]26342it [12:34:32,  1.19s/it, bound:1567 nc:534 ncall:1.3e+07 eff:0.2% logz-ratio=385206.48+/-0.12 dlogz:5.345>0.01]26343it [12:34:52,  1.19s/it, bound:1568 nc:446 ncall:1.3e+07 eff:0.2% logz-ratio=385206.48+/-0.12 dlogz:5.341>0.01]26344it [12:35:21,  5.41s/it, bound:1568 nc:646 ncall:1.3e+07 eff:0.2% logz-ratio=385206.48+/-0.12 dlogz:5.338>0.01]26346it [12:35:21,  4.31s/it, bound:1568 nc:  1 ncall:1.3e+07 eff:0.2% logz-ratio=385207.39+/-0.34 dlogz:3.019>0.01]26350it [12:35:21,  2.72s/it, bound:1568 nc:  1 ncall:1.3e+07 eff:0.2% logz-ratio=385206.91+/-0.23 dlogz:4.326>0.01]26354it [12:35:21,  1.79s/it, bound:1568 nc:  1 ncall:1.3e+07 eff:0.2% logz-ratio=385207.16+/-0.29 dlogz:3.644>0.01]26358it [12:35:22,  1.20s/it, bound:1568 nc:  1 ncall:1.3e+07 eff:0.2% logz-ratio=385207.38+/-0.33 dlogz:3.076>0.01]26359it [12:35:32,  1.20s/it, bound:1569 nc:566 ncall:1.3e+07 eff:0.2% logz-ratio=385206.51+/-0.12 dlogz:5.285>0.01]26360it [12:36:07,  5.31s/it, bound:1569 nc:613 ncall:1.3e+07 eff:0.2% logz-ratio=385206.51+/-0.12 dlogz:5.281>0.01]26364it [12:36:07,  3.44s/it, bound:1569 nc:  1 ncall:1.3e+07 eff:0.2% logz-ratio=385206.81+/-0.20 dlogz:4.571>0.01]26368it [12:36:07,  2.30s/it, bound:1569 nc:518 ncall:1.3e+07 eff:0.2% logz-ratio=385206.52+/-0.12 dlogz:5.253>0.01]26372it [12:36:07,  1.56s/it, bound:1569 nc:  1 ncall:1.3e+07 eff:0.2% logz-ratio=385207.35+/-0.33 dlogz:3.135>0.01]26374it [12:36:22,  1.56s/it, bound:1570 nc:  1 ncall:1.3e+07 eff:0.2% logz-ratio=385208.44+/-1.03 dlogz:0.053>0.01]26375it [12:36:48,  4.67s/it, bound:1570 nc:538 ncall:1.3e+07 eff:0.2% logz-ratio=385206.53+/-0.12 dlogz:5.229>0.01]26379it [12:36:48,  3.14s/it, bound:1570 nc:483 ncall:1.3e+07 eff:0.2% logz-ratio=385206.54+/-0.12 dlogz:5.215>0.01]26383it [12:36:48,  2.14s/it, bound:1570 nc:488 ncall:1.3e+07 eff:0.2% logz-ratio=385206.54+/-0.12 dlogz:5.201>0.01]26387it [12:36:48,  1.48s/it, bound:1570 nc:568 ncall:1.3e+07 eff:0.2% logz-ratio=385206.55+/-0.12 dlogz:5.187>0.01]26389it [12:37:02,  1.48s/it, bound:1571 nc:  1 ncall:1.3e+07 eff:0.2% logz-ratio=385208.44+/-1.03 dlogz:0.052>0.01]26390it [12:37:36,  5.12s/it, bound:1571 nc:609 ncall:1.3e+07 eff:0.2% logz-ratio=385206.55+/-0.12 dlogz:5.176>0.01]26395it [12:37:36,  3.21s/it, bound:1571 nc:  1 ncall:1.3e+07 eff:0.2% logz-ratio=385206.85+/-0.21 dlogz:4.459>0.01]26400it [12:37:37,  2.10s/it, bound:1571 nc:543 ncall:1.3e+07 eff:0.2% logz-ratio=385206.57+/-0.12 dlogz:5.141>0.01]26405it [12:37:37,  1.41s/it, bound:1572 nc:  1 ncall:1.3e+07 eff:0.2% logz-ratio=385207.02+/-0.24 dlogz:4.040>0.01]26405it [12:37:52,  1.41s/it, bound:1572 nc:  1 ncall:1.3e+07 eff:0.2% logz-ratio=385208.43+/-1.02 dlogz:0.051>0.01]26406it [12:38:26,  5.60s/it, bound:1572 nc:607 ncall:1.3e+07 eff:0.2% logz-ratio=385206.58+/-0.12 dlogz:5.120>0.01]26410it [12:38:26,  3.75s/it, bound:1572 nc:584 ncall:1.3e+07 eff:0.2% logz-ratio=385206.58+/-0.12 dlogz:5.106>0.01]26415it [12:38:27,  2.37s/it, bound:1572 nc:  1 ncall:1.3e+07 eff:0.2% logz-ratio=385206.62+/-0.13 dlogz:5.022>0.01]26420it [12:38:27,  1.56s/it, bound:1572 nc:472 ncall:1.3e+07 eff:0.2% logz-ratio=385206.60+/-0.13 dlogz:5.072>0.01]26421it [12:38:42,  1.56s/it, bound:1573 nc:  1 ncall:1.3e+07 eff:0.2% logz-ratio=385208.42+/-1.02 dlogz:0.050>0.01]26422it [12:39:17,  5.47s/it, bound:1573 nc:601 ncall:1.3e+07 eff:0.2% logz-ratio=385206.60+/-0.13 dlogz:5.065>0.01]26427it [12:39:17,  3.45s/it, bound:1573 nc:  1 ncall:1.3e+07 eff:0.2% logz-ratio=385206.87+/-0.20 dlogz:4.431>0.01]26432it [12:39:17,  2.26s/it, bound:1573 nc:623 ncall:1.3e+07 eff:0.2% logz-ratio=385206.62+/-0.13 dlogz:5.030>0.01]26437it [12:39:17,  1.52s/it, bound:1574 nc:  1 ncall:1.3e+07 eff:0.2% logz-ratio=385206.93+/-0.21 dlogz:4.263>0.01]26437it [12:39:32,  1.52s/it, bound:1574 nc:  1 ncall:1.3e+07 eff:0.2% logz-ratio=385208.44+/-1.01 dlogz:0.047>0.01]26438it [12:40:07,  5.70s/it, bound:1574 nc:547 ncall:1.3e+07 eff:0.2% logz-ratio=385206.63+/-0.13 dlogz:5.010>0.01]26443it [12:40:07,  3.53s/it, bound:1574 nc:  1 ncall:1.3e+07 eff:0.2% logz-ratio=385206.68+/-0.14 dlogz:4.886>0.01]26448it [12:40:08,  2.30s/it, bound:1574 nc:485 ncall:1.3e+07 eff:0.2% logz-ratio=385206.64+/-0.13 dlogz:4.975>0.01]26453it [12:40:08,  1.53s/it, bound:1575 nc:  1 ncall:1.3e+07 eff:0.2% logz-ratio=385206.73+/-0.16 dlogz:4.754>0.01]26453it [12:40:22,  1.53s/it, bound:1575 nc:  1 ncall:1.3e+07 eff:0.2% logz-ratio=385208.43+/-1.00 dlogz:0.046>0.01]26454it [12:40:58,  5.81s/it, bound:1575 nc:570 ncall:1.3e+07 eff:0.2% logz-ratio=385206.65+/-0.13 dlogz:4.955>0.01]26458it [12:40:58,  3.88s/it, bound:1575 nc:544 ncall:1.3e+07 eff:0.2% logz-ratio=385206.65+/-0.13 dlogz:4.941>0.01]26463it [12:40:58,  2.44s/it, bound:1575 nc:556 ncall:1.3e+07 eff:0.2% logz-ratio=385206.66+/-0.13 dlogz:4.924>0.01]26468it [12:40:59,  1.60s/it, bound:1575 nc:514 ncall:1.3e+07 eff:0.2% logz-ratio=385206.67+/-0.13 dlogz:4.906>0.01]26469it [12:41:12,  1.60s/it, bound:1576 nc:  1 ncall:1.3e+07 eff:0.2% logz-ratio=385208.42+/-1.00 dlogz:0.045>0.01]26470it [12:41:46,  5.25s/it, bound:1576 nc:608 ncall:1.3e+07 eff:0.2% logz-ratio=385206.67+/-0.13 dlogz:4.900>0.01]26472it [12:42:02,  5.77s/it, bound:1576 nc:525 ncall:1.3e+07 eff:0.2% logz-ratio=385206.67+/-0.13 dlogz:4.893>0.01]26476it [12:42:02,  3.74s/it, bound:1576 nc:  1 ncall:1.3e+07 eff:0.2% logz-ratio=385206.76+/-0.15 dlogz:4.699>0.01]26480it [12:42:02,  2.49s/it, bound:1576 nc:589 ncall:1.3e+07 eff:0.2% logz-ratio=385206.69+/-0.13 dlogz:4.865>0.01]26484it [12:42:02,  1.69s/it, bound:1577 nc:  1 ncall:1.3e+07 eff:0.2% logz-ratio=385206.71+/-0.14 dlogz:4.810>0.01]26484it [12:42:22,  1.69s/it, bound:1577 nc:  1 ncall:1.3e+07 eff:0.2% logz-ratio=385208.44+/-1.02 dlogz:0.043>0.01]26485it [12:42:57,  7.27s/it, bound:1577 nc:753 ncall:1.3e+07 eff:0.2% logz-ratio=385206.69+/-0.13 dlogz:4.848>0.01]26490it [12:42:58,  4.18s/it, bound:1577 nc:  1 ncall:1.3e+07 eff:0.2% logz-ratio=385206.90+/-0.19 dlogz:4.338>0.01]26495it [12:42:58,  2.61s/it, bound:1577 nc:767 ncall:1.3e+07 eff:0.2% logz-ratio=385206.71+/-0.13 dlogz:4.813>0.01]26499it [12:43:12,  2.61s/it, bound:1578 nc:679 ncall:1.3e+07 eff:0.2% logz-ratio=385206.71+/-0.13 dlogz:4.800>0.01]26500it [12:43:50,  5.40s/it, bound:1578 nc:625 ncall:1.3e+07 eff:0.2% logz-ratio=385206.72+/-0.13 dlogz:4.796>0.01]26504it [12:43:51,  3.86s/it, bound:1578 nc:  1 ncall:1.3e+07 eff:0.2% logz-ratio=385207.21+/-0.26 dlogz:3.544>0.01]26509it [12:43:51,  2.56s/it, bound:1578 nc:671 ncall:1.3e+07 eff:0.2% logz-ratio=385206.73+/-0.13 dlogz:4.765>0.01]26514it [12:43:51,  1.74s/it, bound:1578 nc:  1 ncall:1.3e+07 eff:0.2% logz-ratio=385207.13+/-0.23 dlogz:3.753>0.01]26515it [12:44:02,  1.74s/it, bound:1579 nc:642 ncall:1.3e+07 eff:0.2% logz-ratio=385206.74+/-0.13 dlogz:4.745>0.01]26516it [12:44:40,  5.29s/it, bound:1579 nc:651 ncall:1.3e+07 eff:0.2% logz-ratio=385206.74+/-0.13 dlogz:4.741>0.01]26520it [12:44:40,  3.66s/it, bound:1579 nc:  1 ncall:1.3e+07 eff:0.2% logz-ratio=385206.82+/-0.16 dlogz:4.539>0.01]26525it [12:44:40,  2.37s/it, bound:1579 nc:656 ncall:1.3e+07 eff:0.2% logz-ratio=385206.75+/-0.13 dlogz:4.711>0.01]26530it [12:44:40,  1.57s/it, bound:1579 nc:661 ncall:1.3e+07 eff:0.2% logz-ratio=385206.76+/-0.13 dlogz:4.694>0.01]26531it [12:44:52,  1.57s/it, bound:1580 nc:672 ncall:1.3e+07 eff:0.2% logz-ratio=385206.76+/-0.13 dlogz:4.690>0.01]26532it [12:45:33,  5.62s/it, bound:1580 nc:595 ncall:1.3e+07 eff:0.2% logz-ratio=385206.76+/-0.14 dlogz:4.687>0.01]26534it [12:45:33,  4.57s/it, bound:1580 nc:  1 ncall:1.3e+07 eff:0.2% logz-ratio=385207.45+/-0.30 dlogz:2.902>0.01]26538it [12:45:33,  2.99s/it, bound:1580 nc:  1 ncall:1.3e+07 eff:0.2% logz-ratio=385206.84+/-0.15 dlogz:4.508>0.01]26542it [12:45:33,  2.00s/it, bound:1580 nc:  1 ncall:1.3e+07 eff:0.2% logz-ratio=385207.00+/-0.20 dlogz:4.083>0.01]26546it [12:45:33,  1.37s/it, bound:1581 nc:587 ncall:1.3e+07 eff:0.2% logz-ratio=385206.78+/-0.14 dlogz:4.639>0.01]26546it [12:45:52,  1.37s/it, bound:1581 nc:  1 ncall:1.3e+07 eff:0.2% logz-ratio=385208.48+/-0.99 dlogz:0.037>0.01]26547it [12:46:25,  6.57s/it, bound:1581 nc:635 ncall:1.3e+07 eff:0.2% logz-ratio=385206.78+/-0.14 dlogz:4.636>0.01]26552it [12:46:25,  3.79s/it, bound:1581 nc:  1 ncall:1.3e+07 eff:0.2% logz-ratio=385207.30+/-0.26 dlogz:3.300>0.01]26557it [12:46:26,  2.37s/it, bound:1581 nc:609 ncall:1.3e+07 eff:0.2% logz-ratio=385206.80+/-0.13 dlogz:4.602>0.01]26562it [12:46:26,  1.55s/it, bound:1582 nc:  1 ncall:1.3e+07 eff:0.2% logz-ratio=385207.11+/-0.22 dlogz:3.806>0.01]26562it [12:46:42,  1.55s/it, bound:1582 nc:  1 ncall:1.3e+07 eff:0.2% logz-ratio=385208.49+/-0.98 dlogz:0.035>0.01]26563it [12:47:16,  5.95s/it, bound:1582 nc:612 ncall:1.3e+07 eff:0.2% logz-ratio=385206.81+/-0.14 dlogz:4.582>0.01]26567it [12:47:16,  3.93s/it, bound:1582 nc:629 ncall:1.3e+07 eff:0.2% logz-ratio=385206.81+/-0.14 dlogz:4.568>0.01]26572it [12:47:16,  2.45s/it, bound:1582 nc:  1 ncall:1.3e+07 eff:0.2% logz-ratio=385206.93+/-0.17 dlogz:4.278>0.01]26577it [12:47:16,  1.60s/it, bound:1582 nc:579 ncall:1.3e+07 eff:0.2% logz-ratio=385206.83+/-0.14 dlogz:4.535>0.01]26578it [12:47:32,  1.60s/it, bound:1583 nc:  1 ncall:1.3e+07 eff:0.2% logz-ratio=385208.51+/-0.97 dlogz:0.033>0.01]26579it [12:48:09,  5.74s/it, bound:1583 nc:637 ncall:1.3e+07 eff:0.2% logz-ratio=385206.83+/-0.14 dlogz:4.528>0.01]26584it [12:48:09,  3.60s/it, bound:1583 nc:  1 ncall:1.3e+07 eff:0.2% logz-ratio=385206.97+/-0.18 dlogz:4.162>0.01]26589it [12:48:09,  2.36s/it, bound:1583 nc:625 ncall:1.3e+07 eff:0.2% logz-ratio=385206.84+/-0.14 dlogz:4.495>0.01]26593it [12:48:09,  1.70s/it, bound:1583 nc:607 ncall:1.3e+07 eff:0.2% logz-ratio=385206.85+/-0.14 dlogz:4.482>0.01]26594it [12:48:22,  1.70s/it, bound:1584 nc:  1 ncall:1.3e+07 eff:0.2% logz-ratio=385208.52+/-0.96 dlogz:0.032>0.01]26595it [12:48:55,  5.31s/it, bound:1584 nc:632 ncall:1.3e+07 eff:0.2% logz-ratio=385206.85+/-0.14 dlogz:4.475>0.01]26600it [12:48:55,  3.32s/it, bound:1584 nc:  1 ncall:1.3e+07 eff:0.2% logz-ratio=385207.16+/-0.22 dlogz:3.688>0.01]26605it [12:48:55,  2.17s/it, bound:1584 nc:535 ncall:1.3e+07 eff:0.2% logz-ratio=385206.86+/-0.14 dlogz:4.442>0.01]26610it [12:49:12,  2.17s/it, bound:1585 nc:574 ncall:1.3e+07 eff:0.2% logz-ratio=385206.87+/-0.14 dlogz:4.426>0.01]26611it [12:49:40,  4.17s/it, bound:1585 nc:641 ncall:1.3e+07 eff:0.2% logz-ratio=385206.87+/-0.14 dlogz:4.422>0.01]26614it [12:49:41,  3.29s/it, bound:1585 nc:618 ncall:1.3e+07 eff:0.2% logz-ratio=385206.88+/-0.14 dlogz:4.413>0.01]26618it [12:49:41,  2.36s/it, bound:1585 nc:615 ncall:1.3e+07 eff:0.2% logz-ratio=385206.88+/-0.14 dlogz:4.400>0.01]26622it [12:49:41,  1.68s/it, bound:1585 nc:619 ncall:1.3e+07 eff:0.2% logz-ratio=385206.89+/-0.14 dlogz:4.386>0.01]26625it [12:49:52,  1.68s/it, bound:1586 nc:  1 ncall:1.3e+07 eff:0.2% logz-ratio=385208.52+/-0.95 dlogz:0.030>0.01]26626it [12:50:26,  4.52s/it, bound:1586 nc:524 ncall:1.3e+07 eff:0.2% logz-ratio=385206.89+/-0.14 dlogz:4.373>0.01]26632it [12:50:26,  2.78s/it, bound:1586 nc:  1 ncall:1.3e+07 eff:0.2% logz-ratio=385207.02+/-0.17 dlogz:4.040>0.01]26637it [12:50:26,  1.91s/it, bound:1586 nc:564 ncall:1.3e+07 eff:0.2% logz-ratio=385206.91+/-0.14 dlogz:4.337>0.01]26641it [12:50:42,  1.91s/it, bound:1587 nc:586 ncall:1.3e+07 eff:0.2% logz-ratio=385206.91+/-0.14 dlogz:4.324>0.01]26642it [12:51:14,  4.30s/it, bound:1587 nc:566 ncall:1.3e+07 eff:0.2% logz-ratio=385206.91+/-0.14 dlogz:4.321>0.01]26646it [12:51:14,  3.18s/it, bound:1587 nc:  1 ncall:1.3e+07 eff:0.2% logz-ratio=385207.17+/-0.21 dlogz:3.652>0.01]26651it [12:51:15,  2.17s/it, bound:1587 nc:562 ncall:1.3e+07 eff:0.2% logz-ratio=385206.92+/-0.14 dlogz:4.292>0.01]26656it [12:51:15,  1.50s/it, bound:1587 nc:  1 ncall:1.3e+07 eff:0.2% logz-ratio=385207.28+/-0.23 dlogz:3.357>0.01]26657it [12:51:32,  1.50s/it, bound:1588 nc:542 ncall:1.3e+07 eff:0.2% logz-ratio=385206.93+/-0.14 dlogz:4.273>0.01]26658it [12:51:58,  4.52s/it, bound:1588 nc:467 ncall:1.3e+07 eff:0.2% logz-ratio=385206.93+/-0.14 dlogz:4.269>0.01]26659it [12:52:14,  5.72s/it, bound:1588 nc:530 ncall:1.3e+07 eff:0.2% logz-ratio=385206.93+/-0.14 dlogz:4.266>0.01]26664it [12:52:14,  3.38s/it, bound:1588 nc:510 ncall:1.3e+07 eff:0.2% logz-ratio=385206.94+/-0.14 dlogz:4.250>0.01]26669it [12:52:15,  2.14s/it, bound:1588 nc:474 ncall:1.3e+07 eff:0.2% logz-ratio=385206.95+/-0.14 dlogz:4.234>0.01]26673it [12:52:32,  2.14s/it, bound:1589 nc:  1 ncall:1.3e+07 eff:0.2% logz-ratio=385208.50+/-0.93 dlogz:0.028>0.01]26674it [12:53:04,  4.82s/it, bound:1589 nc:535 ncall:1.3e+07 eff:0.2% logz-ratio=385206.95+/-0.15 dlogz:4.218>0.01]26679it [12:53:04,  3.23s/it, bound:1589 nc:  1 ncall:1.3e+07 eff:0.2% logz-ratio=385207.32+/-0.24 dlogz:3.233>0.01]26684it [12:53:04,  2.20s/it, bound:1589 nc:610 ncall:1.3e+07 eff:0.2% logz-ratio=385206.97+/-0.15 dlogz:4.186>0.01]26688it [12:53:22,  2.20s/it, bound:1589 nc:382 ncall:1.3e+07 eff:0.2% logz-ratio=385206.97+/-0.15 dlogz:4.173>0.01]26689it [12:53:47,  4.20s/it, bound:1590 nc:1017 ncall:1.3e+07 eff:0.2% logz-ratio=385206.97+/-0.15 dlogz:4.170>0.01]26694it [12:53:47,  2.91s/it, bound:1590 nc:  1 ncall:1.3e+07 eff:0.2% logz-ratio=385207.53+/-0.28 dlogz:2.655>0.01] 26699it [12:53:47,  2.02s/it, bound:1590 nc:544 ncall:1.3e+07 eff:0.2% logz-ratio=385206.98+/-0.15 dlogz:4.138>0.01]26704it [12:53:47,  1.41s/it, bound:1591 nc:  1 ncall:1.3e+07 eff:0.2% logz-ratio=385207.93+/-0.39 dlogz:1.539>0.01]26704it [12:54:02,  1.41s/it, bound:1591 nc:  1 ncall:1.3e+07 eff:0.2% logz-ratio=385208.51+/-0.96 dlogz:0.030>0.01]26705it [12:54:40,  5.53s/it, bound:1591 nc:585 ncall:1.3e+07 eff:0.2% logz-ratio=385206.99+/-0.15 dlogz:4.265>0.01]26709it [12:54:40,  3.80s/it, bound:1591 nc:615 ncall:1.3e+07 eff:0.2% logz-ratio=385207.00+/-0.15 dlogz:4.252>0.01]26714it [12:54:41,  2.45s/it, bound:1591 nc:584 ncall:1.3e+07 eff:0.2% logz-ratio=385207.00+/-0.15 dlogz:4.236>0.01]26719it [12:54:41,  1.63s/it, bound:1591 nc:624 ncall:1.3e+07 eff:0.2% logz-ratio=385207.01+/-0.15 dlogz:4.220>0.01]26720it [12:54:52,  1.63s/it, bound:1592 nc:  1 ncall:1.3e+07 eff:0.2% logz-ratio=385208.51+/-0.95 dlogz:0.029>0.01]26721it [12:55:33,  5.58s/it, bound:1592 nc:620 ncall:1.3e+07 eff:0.2% logz-ratio=385207.01+/-0.15 dlogz:4.214>0.01]26725it [12:55:33,  3.82s/it, bound:1592 nc:  1 ncall:1.3e+07 eff:0.2% logz-ratio=385207.12+/-0.18 dlogz:3.920>0.01]26729it [12:55:33,  2.64s/it, bound:1592 nc:  1 ncall:1.3e+07 eff:0.2% logz-ratio=385207.06+/-0.16 dlogz:4.087>0.01]26733it [12:55:33,  1.83s/it, bound:1592 nc:511 ncall:1.3e+07 eff:0.2% logz-ratio=385207.03+/-0.15 dlogz:4.176>0.01]26735it [12:55:52,  1.83s/it, bound:1593 nc:  1 ncall:1.3e+07 eff:0.2% logz-ratio=385208.51+/-0.95 dlogz:0.028>0.01]26736it [12:56:20,  5.23s/it, bound:1593 nc:650 ncall:1.3e+07 eff:0.2% logz-ratio=385207.03+/-0.15 dlogz:4.166>0.01]26740it [12:56:20,  3.56s/it, bound:1593 nc:601 ncall:1.3e+07 eff:0.2% logz-ratio=385207.04+/-0.15 dlogz:4.153>0.01]26745it [12:56:20,  2.27s/it, bound:1593 nc:  1 ncall:1.3e+07 eff:0.2% logz-ratio=385207.28+/-0.21 dlogz:3.503>0.01]26750it [12:56:20,  1.50s/it, bound:1593 nc:572 ncall:1.3e+07 eff:0.2% logz-ratio=385207.05+/-0.15 dlogz:4.122>0.01]26750it [12:56:32,  1.50s/it, bound:1593 nc:572 ncall:1.3e+07 eff:0.2% logz-ratio=385207.05+/-0.15 dlogz:4.122>0.01]26751it [12:57:01,  5.07s/it, bound:1594 nc:1099 ncall:1.3e+07 eff:0.2% logz-ratio=385207.05+/-0.15 dlogz:4.119>0.01]26754it [12:57:02,  3.68s/it, bound:1594 nc:539 ncall:1.3e+07 eff:0.2% logz-ratio=385207.05+/-0.15 dlogz:4.109>0.01] 26758it [12:57:02,  2.42s/it, bound:1594 nc:590 ncall:1.3e+07 eff:0.2% logz-ratio=385207.06+/-0.15 dlogz:4.097>0.01]26762it [12:57:02,  1.63s/it, bound:1594 nc:468 ncall:1.3e+07 eff:0.2% logz-ratio=385207.06+/-0.15 dlogz:4.084>0.01]26766it [12:57:22,  1.63s/it, bound:1595 nc:540 ncall:1.3e+07 eff:0.2% logz-ratio=385207.07+/-0.15 dlogz:4.071>0.01]26767it [12:57:44,  4.17s/it, bound:1595 nc:550 ncall:1.3e+07 eff:0.2% logz-ratio=385207.07+/-0.15 dlogz:4.068>0.01]26773it [12:57:44,  2.55s/it, bound:1595 nc:  1 ncall:1.3e+07 eff:0.2% logz-ratio=385207.17+/-0.18 dlogz:3.797>0.01]26778it [12:57:44,  1.75s/it, bound:1595 nc:520 ncall:1.3e+07 eff:0.2% logz-ratio=385207.08+/-0.15 dlogz:4.034>0.01]26782it [12:58:02,  1.75s/it, bound:1596 nc:499 ncall:1.3e+07 eff:0.2% logz-ratio=385207.09+/-0.15 dlogz:4.021>0.01]26783it [12:58:28,  3.90s/it, bound:1596 nc:516 ncall:1.3e+07 eff:0.2% logz-ratio=385207.09+/-0.15 dlogz:4.018>0.01]26787it [12:58:28,  2.88s/it, bound:1596 nc:  1 ncall:1.3e+07 eff:0.2% logz-ratio=385207.27+/-0.20 dlogz:3.523>0.01]26792it [12:58:28,  1.97s/it, bound:1596 nc:494 ncall:1.3e+07 eff:0.2% logz-ratio=385207.10+/-0.15 dlogz:3.990>0.01]26797it [12:58:28,  1.36s/it, bound:1596 nc:  1 ncall:1.3e+07 eff:0.2% logz-ratio=385207.55+/-0.26 dlogz:2.710>0.01]26798it [12:58:42,  1.36s/it, bound:1597 nc:584 ncall:1.3e+07 eff:0.2% logz-ratio=385207.11+/-0.16 dlogz:3.971>0.01]26799it [12:59:10,  4.34s/it, bound:1597 nc:562 ncall:1.3e+07 eff:0.2% logz-ratio=385207.11+/-0.16 dlogz:3.968>0.01]26802it [12:59:10,  3.29s/it, bound:1597 nc:526 ncall:1.3e+07 eff:0.2% logz-ratio=385207.11+/-0.16 dlogz:3.958>0.01]26806it [12:59:10,  2.25s/it, bound:1597 nc:493 ncall:1.3e+07 eff:0.2% logz-ratio=385207.11+/-0.16 dlogz:3.946>0.01]26811it [12:59:10,  1.44s/it, bound:1597 nc:  1 ncall:1.3e+07 eff:0.2% logz-ratio=385207.19+/-0.17 dlogz:3.740>0.01]26814it [12:59:22,  1.44s/it, bound:1598 nc:549 ncall:1.3e+07 eff:0.2% logz-ratio=385207.12+/-0.16 dlogz:3.921>0.01]26815it [12:59:52,  4.08s/it, bound:1598 nc:488 ncall:1.3e+07 eff:0.2% logz-ratio=385207.13+/-0.16 dlogz:3.918>0.01]26817it [12:59:52,  3.39s/it, bound:1598 nc:  1 ncall:1.3e+07 eff:0.2% logz-ratio=385207.91+/-0.35 dlogz:1.615>0.01]26822it [12:59:52,  2.10s/it, bound:1598 nc:421 ncall:1.3e+07 eff:0.2% logz-ratio=385207.13+/-0.16 dlogz:3.896>0.01]26829it [12:59:52,  1.20s/it, bound:1598 nc:  1 ncall:1.3e+07 eff:0.2% logz-ratio=385207.34+/-0.20 dlogz:3.344>0.01]26830it [13:00:12,  1.20s/it, bound:1599 nc:543 ncall:1.3e+07 eff:0.2% logz-ratio=385207.14+/-0.16 dlogz:3.871>0.01]26831it [13:00:34,  4.15s/it, bound:1599 nc:559 ncall:1.3e+07 eff:0.2% logz-ratio=385207.14+/-0.16 dlogz:3.868>0.01]26835it [13:00:34,  2.91s/it, bound:1599 nc:  1 ncall:1.3e+07 eff:0.2% logz-ratio=385207.19+/-0.17 dlogz:3.737>0.01]26840it [13:00:34,  1.91s/it, bound:1599 nc:549 ncall:1.3e+07 eff:0.2% logz-ratio=385207.15+/-0.16 dlogz:3.840>0.01]26845it [13:00:35,  1.28s/it, bound:1599 nc:421 ncall:1.3e+07 eff:0.2% logz-ratio=385207.16+/-0.16 dlogz:3.825>0.01]26846it [13:00:52,  1.28s/it, bound:1600 nc:545 ncall:1.3e+07 eff:0.2% logz-ratio=385207.16+/-0.16 dlogz:3.822>0.01]26847it [13:01:15,  4.33s/it, bound:1600 nc:506 ncall:1.3e+07 eff:0.2% logz-ratio=385207.16+/-0.16 dlogz:3.819>0.01]26851it [13:01:15,  2.98s/it, bound:1600 nc:  1 ncall:1.3e+07 eff:0.2% logz-ratio=385207.19+/-0.17 dlogz:3.750>0.01]26855it [13:01:15,  2.07s/it, bound:1600 nc:  1 ncall:1.3e+07 eff:0.2% logz-ratio=385207.26+/-0.18 dlogz:3.560>0.01]26859it [13:01:16,  1.44s/it, bound:1600 nc:  1 ncall:1.3e+07 eff:0.2% logz-ratio=385207.34+/-0.20 dlogz:3.345>0.01]26862it [13:01:32,  1.44s/it, bound:1601 nc:491 ncall:1.3e+07 eff:0.2% logz-ratio=385207.18+/-0.16 dlogz:3.772>0.01]26863it [13:01:58,  4.20s/it, bound:1601 nc:561 ncall:1.3e+07 eff:0.2% logz-ratio=385207.18+/-0.16 dlogz:3.769>0.01]26867it [13:01:58,  2.93s/it, bound:1601 nc:  1 ncall:1.3e+07 eff:0.2% logz-ratio=385207.52+/-0.24 dlogz:2.814>0.01]26872it [13:01:58,  1.91s/it, bound:1601 nc:558 ncall:1.3e+07 eff:0.2% logz-ratio=385207.19+/-0.16 dlogz:3.742>0.01]26877it [13:01:58,  1.28s/it, bound:1601 nc:  1 ncall:1.3e+07 eff:0.2% logz-ratio=385207.34+/-0.20 dlogz:3.327>0.01]26878it [13:02:12,  1.28s/it, bound:1602 nc:507 ncall:1.3e+07 eff:0.2% logz-ratio=385207.20+/-0.16 dlogz:3.723>0.01]26879it [13:02:41,  4.55s/it, bound:1602 nc:604 ncall:1.3e+07 eff:0.2% logz-ratio=385207.20+/-0.16 dlogz:3.720>0.01]26880it [13:02:58,  5.75s/it, bound:1602 nc:491 ncall:1.3e+07 eff:0.2% logz-ratio=385207.20+/-0.16 dlogz:3.717>0.01]26885it [13:02:58,  3.33s/it, bound:1602 nc:  1 ncall:1.3e+07 eff:0.2% logz-ratio=385207.29+/-0.18 dlogz:3.460>0.01]26890it [13:02:58,  2.08s/it, bound:1602 nc:504 ncall:1.3e+07 eff:0.2% logz-ratio=385207.21+/-0.16 dlogz:3.686>0.01]26893it [13:03:12,  2.08s/it, bound:1603 nc:  1 ncall:1.3e+07 eff:0.2% logz-ratio=385208.52+/-0.91 dlogz:0.021>0.01]26894it [13:03:39,  4.52s/it, bound:1603 nc:582 ncall:1.3e+07 eff:0.2% logz-ratio=385207.22+/-0.17 dlogz:3.674>0.01]26899it [13:03:39,  2.95s/it, bound:1603 nc:  1 ncall:1.3e+07 eff:0.2% logz-ratio=385207.67+/-0.27 dlogz:2.349>0.01]26905it [13:03:39,  1.85s/it, bound:1603 nc:  1 ncall:1.3e+07 eff:0.2% logz-ratio=385207.38+/-0.20 dlogz:3.222>0.01]26909it [13:03:52,  1.85s/it, bound:1604 nc:  1 ncall:1.3e+07 eff:0.2% logz-ratio=385208.51+/-0.91 dlogz:0.020>0.01]26910it [13:04:26,  4.19s/it, bound:1604 nc:530 ncall:1.3e+07 eff:0.2% logz-ratio=385207.24+/-0.17 dlogz:3.625>0.01]26914it [13:04:26,  3.11s/it, bound:1604 nc:600 ncall:1.3e+07 eff:0.2% logz-ratio=385207.24+/-0.17 dlogz:3.613>0.01]26919it [13:04:26,  2.13s/it, bound:1604 nc:552 ncall:1.3e+07 eff:0.2% logz-ratio=385207.25+/-0.17 dlogz:3.598>0.01]26924it [13:04:26,  1.47s/it, bound:1604 nc:621 ncall:1.3e+07 eff:0.2% logz-ratio=385207.25+/-0.17 dlogz:3.583>0.01]26925it [13:04:42,  1.47s/it, bound:1605 nc:  1 ncall:1.3e+07 eff:0.2% logz-ratio=385208.51+/-0.90 dlogz:0.020>0.01]26926it [13:05:16,  4.98s/it, bound:1605 nc:537 ncall:1.3e+07 eff:0.2% logz-ratio=385207.25+/-0.17 dlogz:3.576>0.01]26931it [13:05:16,  3.24s/it, bound:1605 nc:  1 ncall:1.3e+07 eff:0.2% logz-ratio=385207.35+/-0.19 dlogz:3.314>0.01]26936it [13:05:16,  2.17s/it, bound:1605 nc:576 ncall:1.3e+07 eff:0.2% logz-ratio=385207.26+/-0.17 dlogz:3.546>0.01]26941it [13:05:16,  1.48s/it, bound:1606 nc:546 ncall:1.3e+07 eff:0.2% logz-ratio=385207.27+/-0.17 dlogz:3.531>0.01]26941it [13:05:32,  1.48s/it, bound:1606 nc:  1 ncall:1.3e+07 eff:0.2% logz-ratio=385208.51+/-0.89 dlogz:0.019>0.01]26942it [13:06:02,  5.21s/it, bound:1606 nc:550 ncall:1.3e+07 eff:0.2% logz-ratio=385207.27+/-0.17 dlogz:3.528>0.01]26945it [13:06:02,  3.83s/it, bound:1606 nc:  1 ncall:1.3e+07 eff:0.2% logz-ratio=385207.90+/-0.31 dlogz:1.640>0.01]26949it [13:06:02,  2.55s/it, bound:1606 nc:  1 ncall:1.3e+07 eff:0.2% logz-ratio=385207.55+/-0.23 dlogz:2.727>0.01]26953it [13:06:02,  1.73s/it, bound:1606 nc:  1 ncall:1.3e+07 eff:0.2% logz-ratio=385207.38+/-0.19 dlogz:3.232>0.01]26957it [13:06:02,  1.19s/it, bound:1607 nc:  1 ncall:1.3e+07 eff:0.2% logz-ratio=385207.44+/-0.20 dlogz:3.043>0.01]26957it [13:06:22,  1.19s/it, bound:1607 nc:  1 ncall:1.3e+07 eff:0.2% logz-ratio=385208.52+/-0.88 dlogz:0.018>0.01]26958it [13:06:46,  5.49s/it, bound:1607 nc:528 ncall:1.3e+07 eff:0.2% logz-ratio=385207.29+/-0.17 dlogz:3.480>0.01]26962it [13:06:46,  3.48s/it, bound:1607 nc:628 ncall:1.3e+07 eff:0.2% logz-ratio=385207.29+/-0.17 dlogz:3.468>0.01]26967it [13:06:46,  2.11s/it, bound:1607 nc:  1 ncall:1.3e+07 eff:0.2% logz-ratio=385207.38+/-0.19 dlogz:3.229>0.01]26972it [13:06:46,  1.36s/it, bound:1607 nc:549 ncall:1.3e+07 eff:0.2% logz-ratio=385207.30+/-0.17 dlogz:3.439>0.01]26973it [13:07:02,  1.36s/it, bound:1608 nc:  1 ncall:1.3e+07 eff:0.2% logz-ratio=385208.52+/-0.88 dlogz:0.018>0.01]26974it [13:07:36,  5.44s/it, bound:1608 nc:512 ncall:1.3e+07 eff:0.2% logz-ratio=385207.31+/-0.17 dlogz:3.433>0.01]26978it [13:07:36,  3.66s/it, bound:1608 nc:666 ncall:1.3e+07 eff:0.2% logz-ratio=385207.31+/-0.17 dlogz:3.421>0.01]26983it [13:07:37,  2.32s/it, bound:1608 nc:678 ncall:1.3e+07 eff:0.2% logz-ratio=385207.31+/-0.17 dlogz:3.406>0.01]26988it [13:07:37,  1.53s/it, bound:1608 nc:628 ncall:1.3e+07 eff:0.2% logz-ratio=385207.32+/-0.17 dlogz:3.391>0.01]26989it [13:07:52,  1.53s/it, bound:1609 nc:  1 ncall:1.3e+07 eff:0.2% logz-ratio=385208.52+/-0.87 dlogz:0.017>0.01]26990it [13:08:23,  5.12s/it, bound:1609 nc:625 ncall:1.3e+07 eff:0.2% logz-ratio=385207.32+/-0.17 dlogz:3.385>0.01]26995it [13:08:23,  3.23s/it, bound:1609 nc:  1 ncall:1.3e+07 eff:0.2% logz-ratio=385207.58+/-0.23 dlogz:2.635>0.01]27000it [13:08:24,  2.12s/it, bound:1609 nc:653 ncall:1.3e+07 eff:0.2% logz-ratio=385207.33+/-0.18 dlogz:3.356>0.01]27005it [13:08:24,  1.42s/it, bound:1610 nc:  1 ncall:1.3e+07 eff:0.2% logz-ratio=385207.39+/-0.19 dlogz:3.198>0.01]27005it [13:08:42,  1.42s/it, bound:1610 nc:  1 ncall:1.3e+07 eff:0.2% logz-ratio=385208.52+/-0.86 dlogz:0.017>0.01]27006it [13:09:07,  5.08s/it, bound:1610 nc:614 ncall:1.3e+07 eff:0.2% logz-ratio=385207.34+/-0.18 dlogz:3.338>0.01]27011it [13:09:07,  3.15s/it, bound:1610 nc:  1 ncall:1.3e+07 eff:0.2% logz-ratio=385207.58+/-0.23 dlogz:2.620>0.01]27016it [13:09:08,  2.05s/it, bound:1610 nc:637 ncall:1.3e+07 eff:0.2% logz-ratio=385207.35+/-0.18 dlogz:3.309>0.01]27021it [13:09:08,  1.37s/it, bound:1611 nc:  1 ncall:1.3e+07 eff:0.2% logz-ratio=385207.49+/-0.21 dlogz:2.904>0.01]27021it [13:09:22,  1.37s/it, bound:1611 nc:  1 ncall:1.3e+07 eff:0.2% logz-ratio=385208.50+/-0.86 dlogz:0.016>0.01]27022it [13:09:53,  5.17s/it, bound:1611 nc:566 ncall:1.3e+07 eff:0.2% logz-ratio=385207.36+/-0.18 dlogz:3.291>0.01]27026it [13:09:53,  3.46s/it, bound:1611 nc:580 ncall:1.3e+07 eff:0.2% logz-ratio=385207.36+/-0.18 dlogz:3.280>0.01]27031it [13:09:53,  2.18s/it, bound:1611 nc:605 ncall:1.3e+07 eff:0.2% logz-ratio=385207.36+/-0.18 dlogz:3.265>0.01]27036it [13:09:53,  1.43s/it, bound:1611 nc:629 ncall:1.3e+07 eff:0.2% logz-ratio=385207.37+/-0.18 dlogz:3.251>0.01]27037it [13:10:12,  1.43s/it, bound:1612 nc:  1 ncall:1.3e+07 eff:0.2% logz-ratio=385208.50+/-0.85 dlogz:0.016>0.01]27038it [13:10:40,  5.12s/it, bound:1612 nc:598 ncall:1.3e+07 eff:0.2% logz-ratio=385207.37+/-0.18 dlogz:3.245>0.01]27043it [13:10:40,  3.22s/it, bound:1612 nc:  1 ncall:1.3e+07 eff:0.2% logz-ratio=385207.90+/-0.29 dlogz:1.638>0.01]27049it [13:10:41,  1.98s/it, bound:1612 nc:  1 ncall:1.3e+07 eff:0.2% logz-ratio=385207.67+/-0.24 dlogz:2.343>0.01]27053it [13:10:52,  1.98s/it, bound:1613 nc:  1 ncall:1.3e+07 eff:0.2% logz-ratio=385208.50+/-0.84 dlogz:0.015>0.01]27054it [13:11:21,  3.91s/it, bound:1613 nc:578 ncall:1.3e+07 eff:0.2% logz-ratio=385207.39+/-0.18 dlogz:3.199>0.01]27059it [13:11:21,  2.70s/it, bound:1613 nc:  1 ncall:1.3e+07 eff:0.2% logz-ratio=385207.41+/-0.19 dlogz:3.135>0.01]27064it [13:11:21,  1.87s/it, bound:1613 nc:565 ncall:1.3e+07 eff:0.2% logz-ratio=385207.40+/-0.18 dlogz:3.170>0.01]27069it [13:11:21,  1.31s/it, bound:1614 nc:  1 ncall:1.3e+07 eff:0.2% logz-ratio=385208.15+/-0.37 dlogz:0.812>0.01]27069it [13:11:32,  1.31s/it, bound:1614 nc:  1 ncall:1.3e+07 eff:0.2% logz-ratio=385208.49+/-0.83 dlogz:0.015>0.01]27070it [13:12:00,  4.34s/it, bound:1614 nc:551 ncall:1.3e+07 eff:0.2% logz-ratio=385207.40+/-0.18 dlogz:3.153>0.01]27077it [13:12:00,  2.41s/it, bound:1614 nc:  1 ncall:1.3e+07 eff:0.2% logz-ratio=385207.59+/-0.22 dlogz:2.614>0.01]27083it [13:12:01,  1.57s/it, bound:1614 nc:564 ncall:1.3e+07 eff:0.2% logz-ratio=385207.42+/-0.18 dlogz:3.115>0.01]27085it [13:12:12,  1.57s/it, bound:1615 nc:  1 ncall:1.3e+07 eff:0.2% logz-ratio=385208.50+/-0.82 dlogz:0.014>0.01]27086it [13:12:40,  3.93s/it, bound:1615 nc:525 ncall:1.3e+07 eff:0.2% logz-ratio=385207.42+/-0.18 dlogz:3.107>0.01]27091it [13:12:41,  2.66s/it, bound:1615 nc:  1 ncall:1.3e+07 eff:0.2% logz-ratio=385207.72+/-0.24 dlogz:2.188>0.01]27097it [13:12:41,  1.72s/it, bound:1615 nc:  1 ncall:1.3e+07 eff:0.2% logz-ratio=385207.51+/-0.20 dlogz:2.839>0.01]27099it [13:12:52,  1.72s/it, bound:1615 nc:  1 ncall:1.3e+07 eff:0.2% logz-ratio=385208.50+/-0.82 dlogz:0.014>0.01]27100it [13:13:17,  3.86s/it, bound:1616 nc:890 ncall:1.3e+07 eff:0.2% logz-ratio=385207.43+/-0.19 dlogz:3.067>0.01]27102it [13:13:33,  4.53s/it, bound:1616 nc:471 ncall:1.3e+07 eff:0.2% logz-ratio=385207.44+/-0.19 dlogz:3.061>0.01]27109it [13:13:33,  2.51s/it, bound:1616 nc:  1 ncall:1.3e+07 eff:0.2% logz-ratio=385207.45+/-0.19 dlogz:3.016>0.01]27115it [13:13:34,  1.63s/it, bound:1617 nc:509 ncall:1.3e+07 eff:0.2% logz-ratio=385207.45+/-0.19 dlogz:3.024>0.01]27115it [13:13:52,  1.63s/it, bound:1617 nc:  1 ncall:1.3e+07 eff:0.2% logz-ratio=385208.49+/-0.81 dlogz:0.014>0.01]27116it [13:14:14,  4.66s/it, bound:1617 nc:536 ncall:1.3e+07 eff:0.2% logz-ratio=385207.45+/-0.19 dlogz:3.022>0.01]27120it [13:14:14,  3.23s/it, bound:1617 nc:560 ncall:1.3e+07 eff:0.2% logz-ratio=385207.45+/-0.19 dlogz:3.010>0.01]27126it [13:14:14,  1.96s/it, bound:1617 nc:  1 ncall:1.3e+07 eff:0.2% logz-ratio=385207.55+/-0.21 dlogz:2.723>0.01]27131it [13:14:32,  1.96s/it, bound:1618 nc:487 ncall:1.3e+07 eff:0.2% logz-ratio=385207.46+/-0.19 dlogz:2.979>0.01]27132it [13:14:55,  3.67s/it, bound:1618 nc:589 ncall:1.3e+07 eff:0.2% logz-ratio=385207.47+/-0.19 dlogz:2.976>0.01]27134it [13:14:55,  3.13s/it, bound:1618 nc:  1 ncall:1.3e+07 eff:0.2% logz-ratio=385207.85+/-0.27 dlogz:1.788>0.01]27139it [13:14:55,  2.07s/it, bound:1618 nc:521 ncall:1.3e+07 eff:0.2% logz-ratio=385207.47+/-0.19 dlogz:2.957>0.01]27143it [13:14:55,  1.49s/it, bound:1618 nc:561 ncall:1.3e+07 eff:0.2% logz-ratio=385207.48+/-0.19 dlogz:2.945>0.01]27147it [13:15:12,  1.49s/it, bound:1619 nc:589 ncall:1.3e+07 eff:0.2% logz-ratio=385207.48+/-0.19 dlogz:2.934>0.01]27148it [13:15:36,  3.75s/it, bound:1619 nc:618 ncall:1.3e+07 eff:0.2% logz-ratio=385207.48+/-0.19 dlogz:2.931>0.01]27151it [13:15:36,  2.92s/it, bound:1619 nc:475 ncall:1.3e+07 eff:0.2% logz-ratio=385207.48+/-0.19 dlogz:2.923>0.01]27156it [13:15:36,  1.92s/it, bound:1619 nc:  1 ncall:1.3e+07 eff:0.2% logz-ratio=385207.54+/-0.20 dlogz:2.752>0.01]27160it [13:15:36,  1.38s/it, bound:1619 nc:  1 ncall:1.3e+07 eff:0.2% logz-ratio=385207.57+/-0.21 dlogz:2.660>0.01]27163it [13:15:52,  1.38s/it, bound:1620 nc:598 ncall:1.3e+07 eff:0.2% logz-ratio=385207.49+/-0.19 dlogz:2.890>0.01]27164it [13:16:14,  3.71s/it, bound:1620 nc:462 ncall:1.3e+07 eff:0.2% logz-ratio=385207.50+/-0.19 dlogz:2.887>0.01]27167it [13:16:14,  2.84s/it, bound:1620 nc:542 ncall:1.3e+07 eff:0.2% logz-ratio=385207.50+/-0.19 dlogz:2.879>0.01]27172it [13:16:14,  1.83s/it, bound:1620 nc:  1 ncall:1.3e+07 eff:0.2% logz-ratio=385207.59+/-0.21 dlogz:2.609>0.01]27177it [13:16:15,  1.22s/it, bound:1620 nc:558 ncall:1.3e+07 eff:0.2% logz-ratio=385207.51+/-0.19 dlogz:2.851>0.01]27177it [13:16:32,  1.22s/it, bound:1620 nc:558 ncall:1.3e+07 eff:0.2% logz-ratio=385207.51+/-0.19 dlogz:2.851>0.01]27178it [13:16:54,  4.63s/it, bound:1621 nc:1098 ncall:1.3e+07 eff:0.2% logz-ratio=385207.51+/-0.20 dlogz:2.848>0.01]27182it [13:16:55,  3.09s/it, bound:1621 nc:  1 ncall:1.3e+07 eff:0.2% logz-ratio=385207.54+/-0.20 dlogz:2.747>0.01] 27186it [13:16:55,  2.09s/it, bound:1621 nc:  1 ncall:1.3e+07 eff:0.2% logz-ratio=385207.66+/-0.22 dlogz:2.396>0.01]27190it [13:16:55,  1.44s/it, bound:1621 nc:  1 ncall:1.3e+07 eff:0.2% logz-ratio=385207.92+/-0.27 dlogz:1.562>0.01]27193it [13:17:12,  1.44s/it, bound:1622 nc:506 ncall:1.3e+07 eff:0.2% logz-ratio=385207.52+/-0.20 dlogz:2.807>0.01]27194it [13:17:36,  4.21s/it, bound:1622 nc:615 ncall:1.3e+07 eff:0.2% logz-ratio=385207.52+/-0.20 dlogz:2.804>0.01]27197it [13:17:36,  3.16s/it, bound:1622 nc:545 ncall:1.3e+07 eff:0.2% logz-ratio=385207.53+/-0.20 dlogz:2.796>0.01]27202it [13:17:36,  1.99s/it, bound:1622 nc:  1 ncall:1.3e+07 eff:0.2% logz-ratio=385207.55+/-0.20 dlogz:2.735>0.01]27206it [13:17:36,  1.40s/it, bound:1622 nc:  1 ncall:1.3e+07 eff:0.2% logz-ratio=385207.73+/-0.23 dlogz:2.184>0.01]27209it [13:17:52,  1.40s/it, bound:1623 nc:583 ncall:1.3e+07 eff:0.2% logz-ratio=385207.54+/-0.20 dlogz:2.763>0.01]27210it [13:18:20,  4.28s/it, bound:1623 nc:552 ncall:1.3e+07 eff:0.2% logz-ratio=385207.54+/-0.20 dlogz:2.760>0.01]27213it [13:18:21,  3.25s/it, bound:1623 nc:621 ncall:1.3e+07 eff:0.2% logz-ratio=385207.54+/-0.20 dlogz:2.752>0.01]27217it [13:18:21,  2.23s/it, bound:1623 nc:  1 ncall:1.3e+07 eff:0.2% logz-ratio=385207.69+/-0.22 dlogz:2.307>0.01]27221it [13:18:21,  1.54s/it, bound:1623 nc:  1 ncall:1.3e+07 eff:0.2% logz-ratio=385207.94+/-0.27 dlogz:1.483>0.01]27224it [13:18:32,  1.54s/it, bound:1624 nc:550 ncall:1.3e+07 eff:0.2% logz-ratio=385207.55+/-0.20 dlogz:2.722>0.01]27225it [13:19:12,  4.99s/it, bound:1624 nc:559 ncall:1.3e+07 eff:0.2% logz-ratio=385207.55+/-0.20 dlogz:2.720>0.01]27227it [13:19:12,  4.10s/it, bound:1624 nc:  1 ncall:1.3e+07 eff:0.2% logz-ratio=385207.88+/-0.26 dlogz:1.703>0.01]27231it [13:19:12,  2.72s/it, bound:1624 nc:542 ncall:1.3e+07 eff:0.2% logz-ratio=385207.56+/-0.20 dlogz:2.703>0.01]27235it [13:19:12,  1.84s/it, bound:1624 nc:593 ncall:1.3e+07 eff:0.2% logz-ratio=385207.56+/-0.20 dlogz:2.693>0.01]27239it [13:19:12,  1.27s/it, bound:1624 nc:606 ncall:1.3e+07 eff:0.2% logz-ratio=385207.56+/-0.20 dlogz:2.682>0.01]27240it [13:19:32,  1.27s/it, bound:1625 nc:632 ncall:1.3e+07 eff:0.2% logz-ratio=385207.57+/-0.20 dlogz:2.679>0.01]27241it [13:19:54,  4.93s/it, bound:1625 nc:546 ncall:1.3e+07 eff:0.2% logz-ratio=385207.57+/-0.20 dlogz:2.676>0.01]27245it [13:19:54,  3.24s/it, bound:1625 nc:  1 ncall:1.3e+07 eff:0.2% logz-ratio=385207.72+/-0.23 dlogz:2.216>0.01]27249it [13:19:55,  2.17s/it, bound:1625 nc:  1 ncall:1.3e+07 eff:0.2% logz-ratio=385207.85+/-0.25 dlogz:1.781>0.01]27253it [13:19:55,  1.48s/it, bound:1625 nc:  1 ncall:1.3e+07 eff:0.2% logz-ratio=385208.09+/-0.31 dlogz:1.018>0.01]27256it [13:20:12,  1.48s/it, bound:1626 nc:523 ncall:1.3e+07 eff:0.2% logz-ratio=385207.58+/-0.20 dlogz:2.636>0.01]27257it [13:20:42,  4.73s/it, bound:1626 nc:543 ncall:1.3e+07 eff:0.2% logz-ratio=385207.58+/-0.20 dlogz:2.633>0.01]27261it [13:20:42,  3.27s/it, bound:1626 nc:  1 ncall:1.3e+07 eff:0.2% logz-ratio=385207.61+/-0.21 dlogz:2.535>0.01]27265it [13:20:42,  2.28s/it, bound:1626 nc:512 ncall:1.3e+07 eff:0.2% logz-ratio=385207.59+/-0.20 dlogz:2.612>0.01]27269it [13:20:42,  1.59s/it, bound:1626 nc:  1 ncall:1.3e+07 eff:0.2% logz-ratio=385207.61+/-0.21 dlogz:2.539>0.01]27272it [13:21:02,  1.59s/it, bound:1627 nc:543 ncall:1.3e+07 eff:0.2% logz-ratio=385207.59+/-0.20 dlogz:2.593>0.01]27273it [13:21:29,  4.66s/it, bound:1627 nc:644 ncall:1.3e+07 eff:0.2% logz-ratio=385207.59+/-0.20 dlogz:2.591>0.01]27276it [13:21:29,  3.53s/it, bound:1627 nc:616 ncall:1.3e+07 eff:0.2% logz-ratio=385207.60+/-0.20 dlogz:2.583>0.01]27281it [13:21:29,  2.23s/it, bound:1627 nc:  1 ncall:1.3e+07 eff:0.2% logz-ratio=385207.65+/-0.21 dlogz:2.409>0.01]27285it [13:21:29,  1.58s/it, bound:1627 nc:  1 ncall:1.3e+07 eff:0.2% logz-ratio=385207.72+/-0.22 dlogz:2.205>0.01]27288it [13:21:42,  1.58s/it, bound:1628 nc:476 ncall:1.3e+07 eff:0.2% logz-ratio=385207.61+/-0.21 dlogz:2.551>0.01]27289it [13:22:19,  4.83s/it, bound:1628 nc:698 ncall:1.3e+07 eff:0.2% logz-ratio=385207.61+/-0.21 dlogz:2.548>0.01]27292it [13:22:20,  3.67s/it, bound:1628 nc:627 ncall:1.3e+07 eff:0.2% logz-ratio=385207.61+/-0.21 dlogz:2.540>0.01]27296it [13:22:20,  2.52s/it, bound:1628 nc:699 ncall:1.3e+07 eff:0.2% logz-ratio=385207.61+/-0.21 dlogz:2.530>0.01]27300it [13:22:20,  1.75s/it, bound:1628 nc:705 ncall:1.3e+07 eff:0.2% logz-ratio=385207.62+/-0.21 dlogz:2.519>0.01]27304it [13:22:32,  1.75s/it, bound:1629 nc:627 ncall:1.3e+07 eff:0.2% logz-ratio=385207.62+/-0.21 dlogz:2.509>0.01]27305it [13:23:06,  4.43s/it, bound:1629 nc:599 ncall:1.3e+07 eff:0.2% logz-ratio=385207.62+/-0.21 dlogz:2.506>0.01]27307it [13:23:06,  3.69s/it, bound:1629 nc:  1 ncall:1.3e+07 eff:0.2% logz-ratio=385207.82+/-0.24 dlogz:1.873>0.01]27311it [13:23:06,  2.49s/it, bound:1629 nc:  1 ncall:1.3e+07 eff:0.2% logz-ratio=385207.70+/-0.22 dlogz:2.253>0.01]27315it [13:23:06,  1.71s/it, bound:1629 nc:  1 ncall:1.3e+07 eff:0.2% logz-ratio=385207.64+/-0.21 dlogz:2.462>0.01]27319it [13:23:07,  1.18s/it, bound:1629 nc:  1 ncall:1.3e+07 eff:0.2% logz-ratio=385207.66+/-0.21 dlogz:2.395>0.01]27320it [13:23:22,  1.18s/it, bound:1630 nc:548 ncall:1.3e+07 eff:0.2% logz-ratio=385207.64+/-0.21 dlogz:2.467>0.01]27321it [13:23:46,  4.55s/it, bound:1630 nc:510 ncall:1.3e+07 eff:0.2% logz-ratio=385207.64+/-0.21 dlogz:2.464>0.01]27322it [13:24:03,  6.01s/it, bound:1630 nc:579 ncall:1.3e+07 eff:0.2% logz-ratio=385207.64+/-0.21 dlogz:2.462>0.01]27326it [13:24:03,  3.64s/it, bound:1630 nc:475 ncall:1.3e+07 eff:0.2% logz-ratio=385207.64+/-0.21 dlogz:2.451>0.01]27331it [13:24:03,  2.14s/it, bound:1630 nc:501 ncall:1.3e+07 eff:0.2% logz-ratio=385207.64+/-0.21 dlogz:2.438>0.01]27335it [13:24:03,  1.46s/it, bound:1630 nc:559 ncall:1.3e+07 eff:0.2% logz-ratio=385207.65+/-0.21 dlogz:2.428>0.01]27336it [13:24:22,  1.46s/it, bound:1631 nc:  1 ncall:1.3e+07 eff:0.2% logz-ratio=385208.48+/-0.70 dlogz:0.009>0.01]27337it [13:24:46,  5.18s/it, bound:1631 nc:564 ncall:1.3e+07 eff:0.2% logz-ratio=385207.65+/-0.21 dlogz:2.423>0.01]27343it [13:24:46,  2.89s/it, bound:1631 nc:  1 ncall:1.3e+07 eff:0.2% logz-ratio=385207.71+/-0.22 dlogz:2.223>0.01]27348it [13:24:46,  1.90s/it, bound:1631 nc:503 ncall:1.3e+07 eff:0.2% logz-ratio=385207.66+/-0.21 dlogz:2.395>0.01]27352it [13:25:02,  1.90s/it, bound:1632 nc:592 ncall:1.3e+07 eff:0.2% logz-ratio=385207.66+/-0.21 dlogz:2.384>0.01]27353it [13:25:31,  4.24s/it, bound:1632 nc:499 ncall:1.3e+07 eff:0.2% logz-ratio=385207.66+/-0.21 dlogz:2.382>0.01]27356it [13:25:31,  3.31s/it, bound:1632 nc:543 ncall:1.3e+07 eff:0.2% logz-ratio=385207.67+/-0.21 dlogz:2.374>0.01]27360it [13:25:32,  2.34s/it, bound:1632 nc:578 ncall:1.3e+07 eff:0.2% logz-ratio=385207.67+/-0.21 dlogz:2.364>0.01]27365it [13:25:32,  1.54s/it, bound:1632 nc:  1 ncall:1.3e+07 eff:0.2% logz-ratio=385207.67+/-0.21 dlogz:2.346>0.01]27368it [13:25:42,  1.54s/it, bound:1633 nc:435 ncall:1.3e+07 eff:0.2% logz-ratio=385207.68+/-0.21 dlogz:2.343>0.01]27369it [13:26:13,  4.05s/it, bound:1633 nc:573 ncall:1.3e+07 eff:0.2% logz-ratio=385207.68+/-0.21 dlogz:2.341>0.01]27371it [13:26:13,  3.38s/it, bound:1633 nc:  1 ncall:1.3e+07 eff:0.2% logz-ratio=385207.93+/-0.25 dlogz:1.519>0.01]27375it [13:26:14,  2.29s/it, bound:1633 nc:  1 ncall:1.3e+07 eff:0.2% logz-ratio=385208.13+/-0.30 dlogz:0.862>0.01]27379it [13:26:14,  1.57s/it, bound:1633 nc:  1 ncall:1.3e+07 eff:0.2% logz-ratio=385208.21+/-0.32 dlogz:0.631>0.01]27383it [13:26:14,  1.09s/it, bound:1633 nc:  1 ncall:1.3e+07 eff:0.2% logz-ratio=385208.11+/-0.29 dlogz:0.926>0.01]27384it [13:26:32,  1.09s/it, bound:1634 nc:483 ncall:1.3e+07 eff:0.2% logz-ratio=385207.69+/-0.21 dlogz:2.303>0.01]27385it [13:26:59,  5.02s/it, bound:1634 nc:564 ncall:1.3e+07 eff:0.2% logz-ratio=385207.69+/-0.21 dlogz:2.300>0.01]27388it [13:26:59,  3.62s/it, bound:1634 nc:586 ncall:1.3e+07 eff:0.2% logz-ratio=385207.69+/-0.21 dlogz:2.293>0.01]27393it [13:26:59,  2.18s/it, bound:1634 nc:  1 ncall:1.3e+07 eff:0.2% logz-ratio=385207.78+/-0.23 dlogz:2.028>0.01]27397it [13:26:59,  1.50s/it, bound:1634 nc:  1 ncall:1.3e+07 eff:0.2% logz-ratio=385207.90+/-0.25 dlogz:1.628>0.01]27400it [13:27:12,  1.50s/it, bound:1635 nc:517 ncall:1.3e+07 eff:0.2% logz-ratio=385207.70+/-0.22 dlogz:2.262>0.01]27401it [13:27:40,  4.20s/it, bound:1635 nc:577 ncall:1.3e+07 eff:0.2% logz-ratio=385207.70+/-0.22 dlogz:2.260>0.01]27403it [13:27:40,  3.45s/it, bound:1635 nc:  1 ncall:1.3e+07 eff:0.2% logz-ratio=385207.97+/-0.26 dlogz:1.393>0.01]27407it [13:27:41,  2.29s/it, bound:1635 nc:469 ncall:1.3e+07 eff:0.2% logz-ratio=385207.71+/-0.22 dlogz:2.245>0.01]27411it [13:27:41,  1.55s/it, bound:1635 nc:540 ncall:1.3e+07 eff:0.2% logz-ratio=385207.71+/-0.22 dlogz:2.235>0.01]27415it [13:27:41,  1.07s/it, bound:1636 nc:394 ncall:1.3e+07 eff:0.2% logz-ratio=385207.71+/-0.22 dlogz:2.225>0.01]27415it [13:27:52,  1.07s/it, bound:1636 nc:394 ncall:1.3e+07 eff:0.2% logz-ratio=385207.71+/-0.22 dlogz:2.225>0.01]27416it [13:28:38,  6.75s/it, bound:1636 nc:706 ncall:1.3e+07 eff:0.2% logz-ratio=385207.71+/-0.22 dlogz:2.222>0.01]27420it [13:28:38,  4.27s/it, bound:1636 nc:  1 ncall:1.3e+07 eff:0.2% logz-ratio=385207.83+/-0.23 dlogz:1.850>0.01]27424it [13:28:38,  2.81s/it, bound:1636 nc:  1 ncall:1.3e+07 eff:0.2% logz-ratio=385208.05+/-0.27 dlogz:1.131>0.01]27428it [13:28:38,  1.89s/it, bound:1636 nc:  1 ncall:1.3e+07 eff:0.2% logz-ratio=385208.30+/-0.35 dlogz:0.361>0.01]27430it [13:28:52,  1.89s/it, bound:1637 nc:  1 ncall:1.3e+07 eff:0.2% logz-ratio=385208.49+/-0.66 dlogz:0.007>0.01]27431it [13:29:31,  6.00s/it, bound:1637 nc:731 ncall:1.3e+07 eff:0.2% logz-ratio=385207.73+/-0.22 dlogz:2.185>0.01]27436it [13:29:31,  3.71s/it, bound:1637 nc:  1 ncall:1.3e+07 eff:0.2% logz-ratio=385207.93+/-0.25 dlogz:1.525>0.01]27441it [13:29:31,  2.40s/it, bound:1637 nc:649 ncall:1.3e+07 eff:0.2% logz-ratio=385207.73+/-0.22 dlogz:2.160>0.01]27446it [13:29:31,  1.60s/it, bound:1638 nc:  1 ncall:1.3e+07 eff:0.2% logz-ratio=385208.10+/-0.28 dlogz:0.947>0.01]27446it [13:29:42,  1.60s/it, bound:1638 nc:  1 ncall:1.3e+07 eff:0.2% logz-ratio=385208.48+/-0.66 dlogz:0.007>0.01]27447it [13:30:24,  6.10s/it, bound:1638 nc:739 ncall:1.3e+07 eff:0.2% logz-ratio=385207.74+/-0.22 dlogz:2.146>0.01]27451it [13:30:24,  4.07s/it, bound:1638 nc:656 ncall:1.3e+07 eff:0.2% logz-ratio=385207.74+/-0.22 dlogz:2.136>0.01]27456it [13:30:24,  2.56s/it, bound:1638 nc:  1 ncall:1.3e+07 eff:0.2% logz-ratio=385207.76+/-0.22 dlogz:2.072>0.01]27461it [13:30:24,  1.68s/it, bound:1638 nc:672 ncall:1.3e+07 eff:0.2% logz-ratio=385207.75+/-0.22 dlogz:2.111>0.01]27462it [13:30:42,  1.68s/it, bound:1639 nc:  1 ncall:1.3e+07 eff:0.2% logz-ratio=385208.48+/-0.65 dlogz:0.007>0.01]27463it [13:31:14,  5.48s/it, bound:1639 nc:655 ncall:1.3e+07 eff:0.2% logz-ratio=385207.75+/-0.22 dlogz:2.107>0.01]27468it [13:31:14,  3.45s/it, bound:1639 nc:  1 ncall:1.3e+07 eff:0.2% logz-ratio=385207.87+/-0.24 dlogz:1.899>0.01]27473it [13:31:14,  2.26s/it, bound:1639 nc:676 ncall:1.3e+07 eff:0.2% logz-ratio=385207.76+/-0.22 dlogz:2.280>0.01]27478it [13:31:14,  1.52s/it, bound:1640 nc:  1 ncall:1.3e+07 eff:0.2% logz-ratio=385207.89+/-0.24 dlogz:1.842>0.01]27478it [13:31:32,  1.52s/it, bound:1640 nc:  1 ncall:1.3e+07 eff:0.2% logz-ratio=385208.49+/-0.66 dlogz:0.008>0.01]27479it [13:32:08,  6.04s/it, bound:1640 nc:661 ncall:1.3e+07 eff:0.2% logz-ratio=385207.76+/-0.22 dlogz:2.265>0.01]27484it [13:32:08,  3.74s/it, bound:1640 nc:  1 ncall:1.3e+07 eff:0.2% logz-ratio=385207.96+/-0.25 dlogz:1.607>0.01]27489it [13:32:08,  2.43s/it, bound:1640 nc:673 ncall:1.3e+07 eff:0.2% logz-ratio=385207.77+/-0.22 dlogz:2.241>0.01]27494it [13:32:08,  1.62s/it, bound:1641 nc:666 ncall:1.3e+07 eff:0.2% logz-ratio=385207.77+/-0.22 dlogz:2.228>0.01]27494it [13:32:22,  1.62s/it, bound:1641 nc:  1 ncall:1.3e+07 eff:0.2% logz-ratio=385208.49+/-0.65 dlogz:0.008>0.01]27495it [13:32:54,  5.50s/it, bound:1641 nc:586 ncall:1.3e+07 eff:0.2% logz-ratio=385207.78+/-0.22 dlogz:2.226>0.01]27499it [13:32:54,  3.68s/it, bound:1641 nc:593 ncall:1.3e+07 eff:0.2% logz-ratio=385207.78+/-0.22 dlogz:2.216>0.01]27504it [13:32:54,  2.31s/it, bound:1641 nc:677 ncall:1.3e+07 eff:0.2% logz-ratio=385207.78+/-0.22 dlogz:2.204>0.01]27509it [13:32:54,  1.52s/it, bound:1641 nc:620 ncall:1.3e+07 eff:0.2% logz-ratio=385207.79+/-0.22 dlogz:2.192>0.01]27510it [13:33:12,  1.52s/it, bound:1642 nc:  1 ncall:1.3e+07 eff:0.2% logz-ratio=385208.50+/-0.66 dlogz:0.008>0.01]27511it [13:33:40,  5.02s/it, bound:1642 nc:630 ncall:1.3e+07 eff:0.2% logz-ratio=385207.79+/-0.22 dlogz:2.211>0.01]27516it [13:33:40,  3.16s/it, bound:1642 nc:552 ncall:1.3e+07 eff:0.2% logz-ratio=385207.79+/-0.22 dlogz:2.199>0.01]27521it [13:33:40,  2.07s/it, bound:1642 nc:581 ncall:1.3e+07 eff:0.2% logz-ratio=385207.79+/-0.22 dlogz:2.187>0.01]27526it [13:33:40,  1.39s/it, bound:1643 nc:  1 ncall:1.3e+07 eff:0.2% logz-ratio=385207.93+/-0.24 dlogz:1.720>0.01]27526it [13:33:52,  1.39s/it, bound:1643 nc:  1 ncall:1.3e+07 eff:0.2% logz-ratio=385208.50+/-0.66 dlogz:0.008>0.01]27527it [13:34:31,  5.68s/it, bound:1643 nc:639 ncall:1.3e+07 eff:0.2% logz-ratio=385207.80+/-0.22 dlogz:2.172>0.01]27529it [13:34:47,  6.16s/it, bound:1643 nc:663 ncall:1.3e+07 eff:0.2% logz-ratio=385207.80+/-0.22 dlogz:2.167>0.01]27533it [13:34:47,  3.94s/it, bound:1643 nc:698 ncall:1.3e+07 eff:0.2% logz-ratio=385207.80+/-0.23 dlogz:2.158>0.01]27538it [13:34:47,  2.40s/it, bound:1643 nc:639 ncall:1.3e+07 eff:0.2% logz-ratio=385207.81+/-0.23 dlogz:2.145>0.01]27542it [13:35:02,  2.40s/it, bound:1644 nc:  1 ncall:1.3e+07 eff:0.2% logz-ratio=385208.50+/-0.65 dlogz:0.007>0.01]27543it [13:35:36,  5.07s/it, bound:1644 nc:497 ncall:1.3e+07 eff:0.2% logz-ratio=385207.81+/-0.23 dlogz:2.133>0.01]27546it [13:35:37,  3.89s/it, bound:1644 nc:  1 ncall:1.3e+07 eff:0.2% logz-ratio=385208.19+/-0.29 dlogz:0.831>0.01]27550it [13:35:37,  2.69s/it, bound:1644 nc:571 ncall:1.3e+07 eff:0.2% logz-ratio=385207.82+/-0.23 dlogz:2.117>0.01]27554it [13:35:37,  1.88s/it, bound:1644 nc:638 ncall:1.3e+07 eff:0.2% logz-ratio=385207.82+/-0.23 dlogz:2.107>0.01]27558it [13:35:37,  1.32s/it, bound:1645 nc:581 ncall:1.3e+07 eff:0.2% logz-ratio=385207.82+/-0.23 dlogz:2.141>0.01]27558it [13:35:52,  1.32s/it, bound:1645 nc:  1 ncall:1.3e+07 eff:0.2% logz-ratio=385208.51+/-0.67 dlogz:0.009>0.01]27559it [13:36:26,  6.04s/it, bound:1645 nc:688 ncall:1.3e+07 eff:0.2% logz-ratio=385207.82+/-0.23 dlogz:2.347>0.01]27563it [13:36:27,  3.88s/it, bound:1645 nc:688 ncall:1.3e+07 eff:0.2% logz-ratio=385207.83+/-0.23 dlogz:2.338>0.01]27567it [13:36:27,  2.57s/it, bound:1645 nc:625 ncall:1.3e+07 eff:0.2% logz-ratio=385207.83+/-0.23 dlogz:2.328>0.01]27571it [13:36:27,  1.74s/it, bound:1645 nc:601 ncall:1.3e+07 eff:0.2% logz-ratio=385207.83+/-0.23 dlogz:2.318>0.01]27574it [13:36:42,  1.74s/it, bound:1646 nc:  1 ncall:1.3e+07 eff:0.2% logz-ratio=385208.51+/-0.67 dlogz:0.009>0.01]27575it [13:37:13,  4.89s/it, bound:1646 nc:569 ncall:1.3e+07 eff:0.2% logz-ratio=385207.83+/-0.23 dlogz:2.308>0.01]27579it [13:37:13,  3.37s/it, bound:1646 nc:583 ncall:1.3e+07 eff:0.2% logz-ratio=385207.84+/-0.23 dlogz:2.299>0.01]27583it [13:37:14,  2.34s/it, bound:1646 nc:591 ncall:1.3e+07 eff:0.2% logz-ratio=385207.84+/-0.23 dlogz:2.289>0.01]27587it [13:37:14,  1.63s/it, bound:1646 nc:609 ncall:1.3e+07 eff:0.2% logz-ratio=385207.84+/-0.23 dlogz:2.279>0.01]27590it [13:37:32,  1.63s/it, bound:1647 nc:  1 ncall:1.3e+07 eff:0.2% logz-ratio=385208.51+/-0.66 dlogz:0.009>0.01]27591it [13:38:05,  5.06s/it, bound:1647 nc:666 ncall:1.3e+07 eff:0.2% logz-ratio=385207.85+/-0.23 dlogz:2.269>0.01]27596it [13:38:05,  3.28s/it, bound:1647 nc:  1 ncall:1.3e+07 eff:0.2% logz-ratio=385207.86+/-0.23 dlogz:2.216>0.01]27601it [13:38:05,  2.20s/it, bound:1647 nc:609 ncall:1.3e+07 eff:0.2% logz-ratio=385207.85+/-0.23 dlogz:2.245>0.01]27605it [13:38:06,  1.60s/it, bound:1647 nc:669 ncall:1.3e+07 eff:0.2% logz-ratio=385207.86+/-0.23 dlogz:2.236>0.01]27606it [13:38:22,  1.60s/it, bound:1648 nc:  1 ncall:1.3e+07 eff:0.2% logz-ratio=385208.50+/-0.65 dlogz:0.009>0.01]27607it [13:38:54,  5.35s/it, bound:1648 nc:686 ncall:1.3e+07 eff:0.2% logz-ratio=385207.86+/-0.23 dlogz:2.231>0.01]27610it [13:38:54,  3.96s/it, bound:1648 nc:  1 ncall:1.3e+07 eff:0.2% logz-ratio=385208.19+/-0.29 dlogz:0.968>0.01]27614it [13:38:54,  2.65s/it, bound:1648 nc:616 ncall:1.3e+07 eff:0.2% logz-ratio=385207.86+/-0.23 dlogz:2.214>0.01]27618it [13:38:55,  1.81s/it, bound:1648 nc:620 ncall:1.3e+07 eff:0.2% logz-ratio=385207.86+/-0.23 dlogz:2.205>0.01]27622it [13:38:55,  1.25s/it, bound:1649 nc:606 ncall:1.3e+07 eff:0.2% logz-ratio=385207.87+/-0.23 dlogz:2.195>0.01]27622it [13:39:12,  1.25s/it, bound:1649 nc:  1 ncall:1.3e+07 eff:0.2% logz-ratio=385208.51+/-0.66 dlogz:0.008>0.01]27623it [13:39:41,  5.76s/it, bound:1649 nc:452 ncall:1.3e+07 eff:0.2% logz-ratio=385207.87+/-0.23 dlogz:2.193>0.01]27628it [13:39:41,  3.35s/it, bound:1649 nc:  1 ncall:1.3e+07 eff:0.2% logz-ratio=385208.20+/-0.29 dlogz:0.926>0.01]27634it [13:39:41,  1.96s/it, bound:1649 nc:  1 ncall:1.3e+07 eff:0.2% logz-ratio=385208.03+/-0.25 dlogz:1.584>0.01]27638it [13:39:52,  1.96s/it, bound:1650 nc:  1 ncall:1.3e+07 eff:0.2% logz-ratio=385208.52+/-0.66 dlogz:0.008>0.01]27639it [13:40:26,  4.34s/it, bound:1650 nc:643 ncall:1.3e+07 eff:0.2% logz-ratio=385207.88+/-0.23 dlogz:2.155>0.01]27643it [13:40:27,  3.15s/it, bound:1650 nc:605 ncall:1.3e+07 eff:0.2% logz-ratio=385207.88+/-0.23 dlogz:2.145>0.01]27648it [13:40:27,  2.12s/it, bound:1650 nc:529 ncall:1.3e+07 eff:0.2% logz-ratio=385207.88+/-0.23 dlogz:2.133>0.01]27653it [13:40:27,  1.45s/it, bound:1651 nc:525 ncall:1.3e+07 eff:0.2% logz-ratio=385207.89+/-0.23 dlogz:2.122>0.01]27653it [13:40:42,  1.45s/it, bound:1651 nc:  1 ncall:1.3e+07 eff:0.2% logz-ratio=385208.51+/-0.65 dlogz:0.008>0.01]27654it [13:41:12,  5.08s/it, bound:1651 nc:511 ncall:1.3e+07 eff:0.2% logz-ratio=385207.89+/-0.23 dlogz:2.119>0.01]27659it [13:41:12,  3.19s/it, bound:1651 nc:  1 ncall:1.3e+07 eff:0.2% logz-ratio=385207.92+/-0.24 dlogz:2.002>0.01]27664it [13:41:12,  2.09s/it, bound:1651 nc:647 ncall:1.3e+07 eff:0.2% logz-ratio=385207.90+/-0.23 dlogz:2.096>0.01]27669it [13:41:12,  1.40s/it, bound:1652 nc:543 ncall:1.3e+07 eff:0.2% logz-ratio=385207.90+/-0.23 dlogz:2.084>0.01]27669it [13:41:22,  1.40s/it, bound:1652 nc:  1 ncall:1.3e+07 eff:0.2% logz-ratio=385208.52+/-0.64 dlogz:0.008>0.01]27670it [13:41:56,  5.06s/it, bound:1652 nc:545 ncall:1.3e+07 eff:0.2% logz-ratio=385207.90+/-0.24 dlogz:2.082>0.01]27674it [13:41:56,  3.39s/it, bound:1652 nc:481 ncall:1.3e+07 eff:0.2% logz-ratio=385207.90+/-0.24 dlogz:2.073>0.01]27679it [13:41:56,  2.14s/it, bound:1652 nc:584 ncall:1.3e+07 eff:0.2% logz-ratio=385207.90+/-0.24 dlogz:2.061>0.01]27684it [13:41:56,  1.41s/it, bound:1652 nc:583 ncall:1.3e+07 eff:0.2% logz-ratio=385207.91+/-0.24 dlogz:2.050>0.01]27685it [13:42:12,  1.41s/it, bound:1653 nc:  1 ncall:1.3e+07 eff:0.2% logz-ratio=385208.52+/-0.63 dlogz:0.007>0.01]27686it [13:42:40,  4.84s/it, bound:1653 nc:587 ncall:1.3e+07 eff:0.2% logz-ratio=385207.91+/-0.24 dlogz:2.045>0.01]27690it [13:42:40,  3.30s/it, bound:1653 nc:575 ncall:1.3e+07 eff:0.2% logz-ratio=385207.91+/-0.24 dlogz:2.036>0.01]27694it [13:42:40,  2.27s/it, bound:1653 nc:527 ncall:1.3e+07 eff:0.2% logz-ratio=385207.91+/-0.24 dlogz:2.027>0.01]27698it [13:42:41,  1.58s/it, bound:1653 nc:454 ncall:1.3e+07 eff:0.2% logz-ratio=385207.92+/-0.24 dlogz:2.018>0.01]27699it [13:42:52,  1.58s/it, bound:1654 nc:  1 ncall:1.3e+07 eff:0.2% logz-ratio=385208.52+/-0.63 dlogz:0.007>0.01]27700it [13:43:25,  5.29s/it, bound:1654 nc:512 ncall:1.3e+07 eff:0.2% logz-ratio=385207.92+/-0.24 dlogz:2.013>0.01]27703it [13:43:25,  3.82s/it, bound:1654 nc:  1 ncall:1.3e+07 eff:0.2% logz-ratio=385208.25+/-0.29 dlogz:0.773>0.01]27707it [13:43:25,  2.50s/it, bound:1654 nc:540 ncall:1.3e+07 eff:0.2% logz-ratio=385207.92+/-0.24 dlogz:1.997>0.01]27711it [13:43:25,  1.68s/it, bound:1654 nc:442 ncall:1.3e+07 eff:0.2% logz-ratio=385207.92+/-0.24 dlogz:1.988>0.01]27715it [13:43:25,  1.15s/it, bound:1655 nc:595 ncall:1.3e+07 eff:0.2% logz-ratio=385207.93+/-0.24 dlogz:1.979>0.01]27715it [13:43:42,  1.15s/it, bound:1655 nc:595 ncall:1.3e+07 eff:0.2% logz-ratio=385207.93+/-0.24 dlogz:1.979>0.01]27716it [13:44:08,  5.42s/it, bound:1655 nc:595 ncall:1.3e+07 eff:0.2% logz-ratio=385207.93+/-0.24 dlogz:1.977>0.01]27720it [13:44:08,  3.42s/it, bound:1655 nc:  1 ncall:1.3e+07 eff:0.2% logz-ratio=385207.98+/-0.24 dlogz:1.785>0.01]27724it [13:44:08,  2.24s/it, bound:1655 nc:585 ncall:1.3e+07 eff:0.2% logz-ratio=385207.93+/-0.24 dlogz:1.959>0.01]27728it [13:44:08,  1.51s/it, bound:1655 nc:  1 ncall:1.3e+07 eff:0.2% logz-ratio=385208.03+/-0.25 dlogz:1.576>0.01]27731it [13:44:22,  1.51s/it, bound:1656 nc:610 ncall:1.3e+07 eff:0.2% logz-ratio=385207.94+/-0.24 dlogz:1.943>0.01]27732it [13:44:47,  4.12s/it, bound:1656 nc:516 ncall:1.3e+07 eff:0.2% logz-ratio=385207.94+/-0.24 dlogz:1.941>0.01]27733it [13:45:03,  5.33s/it, bound:1656 nc:603 ncall:1.3e+07 eff:0.2% logz-ratio=385207.94+/-0.24 dlogz:1.939>0.01]27738it [13:45:03,  3.08s/it, bound:1656 nc:  1 ncall:1.3e+07 eff:0.2% logz-ratio=385208.02+/-0.25 dlogz:1.631>0.01]27743it [13:45:03,  1.93s/it, bound:1656 nc:558 ncall:1.3e+07 eff:0.2% logz-ratio=385207.94+/-0.24 dlogz:1.917>0.01]27747it [13:45:22,  1.93s/it, bound:1657 nc:543 ncall:1.3e+07 eff:0.2% logz-ratio=385207.95+/-0.24 dlogz:1.908>0.01]27748it [13:45:42,  4.03s/it, bound:1657 nc:578 ncall:1.3e+07 eff:0.2% logz-ratio=385207.95+/-0.24 dlogz:1.906>0.01]27753it [13:45:43,  2.70s/it, bound:1657 nc:  1 ncall:1.3e+07 eff:0.2% logz-ratio=385208.05+/-0.25 dlogz:1.532>0.01]27758it [13:45:43,  1.83s/it, bound:1657 nc:511 ncall:1.3e+07 eff:0.2% logz-ratio=385207.95+/-0.24 dlogz:1.884>0.01]27763it [13:45:43,  1.26s/it, bound:1658 nc:  1 ncall:1.3e+07 eff:0.2% logz-ratio=385208.01+/-0.25 dlogz:1.665>0.01]27763it [13:46:02,  1.26s/it, bound:1658 nc:  1 ncall:1.3e+07 eff:0.2% logz-ratio=385208.51+/-0.60 dlogz:0.006>0.01]27764it [13:46:23,  4.46s/it, bound:1658 nc:469 ncall:1.3e+07 eff:0.2% logz-ratio=385207.96+/-0.24 dlogz:1.870>0.01]27768it [13:46:23,  3.03s/it, bound:1658 nc:  1 ncall:1.3e+07 eff:0.2% logz-ratio=385208.26+/-0.29 dlogz:0.719>0.01]27773it [13:46:23,  1.94s/it, bound:1658 nc:544 ncall:1.3e+07 eff:0.2% logz-ratio=385207.96+/-0.24 dlogz:1.851>0.01]27778it [13:46:23,  1.28s/it, bound:1658 nc:  1 ncall:1.3e+07 eff:0.2% logz-ratio=385208.01+/-0.25 dlogz:1.688>0.01]27779it [13:46:42,  1.28s/it, bound:1659 nc:569 ncall:1.3e+07 eff:0.2% logz-ratio=385207.97+/-0.24 dlogz:1.838>0.01]27780it [13:47:10,  4.93s/it, bound:1659 nc:671 ncall:1.3e+07 eff:0.2% logz-ratio=385207.97+/-0.24 dlogz:1.836>0.01]27783it [13:47:10,  3.66s/it, bound:1659 nc:666 ncall:1.3e+07 eff:0.2% logz-ratio=385207.97+/-0.24 dlogz:1.829>0.01]27787it [13:47:10,  2.46s/it, bound:1659 nc:716 ncall:1.3e+07 eff:0.2% logz-ratio=385207.97+/-0.25 dlogz:1.820>0.01]27791it [13:47:10,  1.68s/it, bound:1659 nc:596 ncall:1.3e+07 eff:0.2% logz-ratio=385207.97+/-0.25 dlogz:1.812>0.01]27795it [13:47:22,  1.68s/it, bound:1660 nc:670 ncall:1.3e+07 eff:0.2% logz-ratio=385207.97+/-0.25 dlogz:1.803>0.01]27796it [13:47:57,  4.45s/it, bound:1660 nc:651 ncall:1.3e+07 eff:0.2% logz-ratio=385207.98+/-0.25 dlogz:1.801>0.01]27799it [13:47:57,  3.40s/it, bound:1660 nc:629 ncall:1.3e+07 eff:0.2% logz-ratio=385207.98+/-0.25 dlogz:1.795>0.01]27803it [13:47:57,  2.35s/it, bound:1660 nc:674 ncall:1.3e+07 eff:0.2% logz-ratio=385207.98+/-0.25 dlogz:1.786>0.01]27808it [13:47:57,  1.51s/it, bound:1660 nc:  1 ncall:1.3e+07 eff:0.2% logz-ratio=385207.98+/-0.25 dlogz:1.771>0.01]27811it [13:48:12,  1.51s/it, bound:1661 nc:659 ncall:1.3e+07 eff:0.2% logz-ratio=385207.98+/-0.25 dlogz:1.769>0.01]27812it [13:48:43,  4.39s/it, bound:1661 nc:602 ncall:1.3e+07 eff:0.2% logz-ratio=385207.98+/-0.25 dlogz:1.767>0.01]27814it [13:48:43,  3.65s/it, bound:1661 nc:  1 ncall:1.3e+07 eff:0.2% logz-ratio=385208.24+/-0.28 dlogz:0.783>0.01]27818it [13:48:43,  2.46s/it, bound:1661 nc:1300 ncall:1.3e+07 eff:0.2% logz-ratio=385207.99+/-0.25 dlogz:1.754>0.01]27822it [13:48:43,  1.68s/it, bound:1661 nc:664 ncall:1.3e+07 eff:0.2% logz-ratio=385207.99+/-0.25 dlogz:1.746>0.01] 27826it [13:48:43,  1.16s/it, bound:1662 nc:586 ncall:1.3e+07 eff:0.2% logz-ratio=385207.99+/-0.25 dlogz:1.737>0.01]27826it [13:49:02,  1.16s/it, bound:1662 nc:  1 ncall:1.3e+07 eff:0.2% logz-ratio=385208.50+/-0.57 dlogz:0.006>0.01]27827it [13:49:30,  5.70s/it, bound:1662 nc:598 ncall:1.3e+07 eff:0.2% logz-ratio=385207.99+/-0.25 dlogz:1.735>0.01]27832it [13:49:30,  3.32s/it, bound:1662 nc:  1 ncall:1.3e+07 eff:0.2% logz-ratio=385208.07+/-0.26 dlogz:1.458>0.01]27837it [13:49:30,  2.09s/it, bound:1662 nc:691 ncall:1.3e+07 eff:0.2% logz-ratio=385208.00+/-0.25 dlogz:1.714>0.01]27842it [13:49:30,  1.37s/it, bound:1663 nc:  1 ncall:1.3e+07 eff:0.2% logz-ratio=385208.08+/-0.26 dlogz:1.383>0.01]27842it [13:49:42,  1.37s/it, bound:1663 nc:  1 ncall:1.3e+07 eff:0.2% logz-ratio=385208.50+/-0.56 dlogz:0.005>0.01]27843it [13:50:19,  5.68s/it, bound:1663 nc:669 ncall:1.3e+07 eff:0.2% logz-ratio=385208.00+/-0.25 dlogz:1.702>0.01]27846it [13:50:19,  4.10s/it, bound:1663 nc:  1 ncall:1.3e+07 eff:0.2% logz-ratio=385208.14+/-0.27 dlogz:1.163>0.01]27850it [13:50:19,  2.69s/it, bound:1663 nc:716 ncall:1.3e+07 eff:0.2% logz-ratio=385208.01+/-0.25 dlogz:1.687>0.01]27854it [13:50:19,  1.81s/it, bound:1663 nc:637 ncall:1.3e+07 eff:0.2% logz-ratio=385208.01+/-0.25 dlogz:1.679>0.01]27858it [13:50:19,  1.24s/it, bound:1664 nc:630 ncall:1.3e+07 eff:0.2% logz-ratio=385208.01+/-0.25 dlogz:1.670>0.01]27858it [13:50:32,  1.24s/it, bound:1664 nc:  1 ncall:1.3e+07 eff:0.2% logz-ratio=385208.50+/-0.55 dlogz:0.005>0.01]27859it [13:51:07,  6.00s/it, bound:1664 nc:701 ncall:1.3e+07 eff:0.2% logz-ratio=385208.01+/-0.25 dlogz:1.668>0.01]27862it [13:51:07,  4.17s/it, bound:1664 nc:  1 ncall:1.3e+07 eff:0.2% logz-ratio=385208.06+/-0.26 dlogz:1.482>0.01]27866it [13:51:07,  2.65s/it, bound:1664 nc:708 ncall:1.3e+07 eff:0.2% logz-ratio=385208.01+/-0.25 dlogz:1.654>0.01]27870it [13:51:07,  1.75s/it, bound:1664 nc:676 ncall:1.3e+07 eff:0.2% logz-ratio=385208.02+/-0.25 dlogz:1.646>0.01]27874it [13:51:07,  1.18s/it, bound:1665 nc:629 ncall:1.3e+07 eff:0.2% logz-ratio=385208.02+/-0.25 dlogz:1.637>0.01]27874it [13:51:22,  1.18s/it, bound:1665 nc:  1 ncall:1.3e+07 eff:0.2% logz-ratio=385208.50+/-0.56 dlogz:0.005>0.01]27875it [13:51:51,  5.62s/it, bound:1665 nc:572 ncall:1.3e+07 eff:0.2% logz-ratio=385208.02+/-0.25 dlogz:1.635>0.01]27879it [13:51:51,  3.52s/it, bound:1665 nc:513 ncall:1.3e+07 eff:0.2% logz-ratio=385208.02+/-0.25 dlogz:1.627>0.01]27883it [13:51:51,  2.30s/it, bound:1665 nc:587 ncall:1.3e+07 eff:0.2% logz-ratio=385208.02+/-0.25 dlogz:1.619>0.01]27887it [13:51:51,  1.55s/it, bound:1665 nc:608 ncall:1.3e+07 eff:0.2% logz-ratio=385208.03+/-0.25 dlogz:1.611>0.01]27890it [13:52:02,  1.55s/it, bound:1666 nc:  1 ncall:1.3e+07 eff:0.2% logz-ratio=385208.50+/-0.55 dlogz:0.005>0.01]27891it [13:52:38,  4.84s/it, bound:1666 nc:624 ncall:1.3e+07 eff:0.2% logz-ratio=385208.03+/-0.25 dlogz:1.603>0.01]27895it [13:52:38,  3.32s/it, bound:1666 nc:628 ncall:1.3e+07 eff:0.2% logz-ratio=385208.03+/-0.25 dlogz:1.595>0.01]27899it [13:52:38,  2.30s/it, bound:1666 nc:695 ncall:1.3e+07 eff:0.2% logz-ratio=385208.03+/-0.25 dlogz:1.587>0.01]27903it [13:52:38,  1.60s/it, bound:1666 nc:632 ncall:1.3e+07 eff:0.2% logz-ratio=385208.03+/-0.25 dlogz:1.579>0.01]27906it [13:52:52,  1.60s/it, bound:1667 nc:  1 ncall:1.3e+07 eff:0.2% logz-ratio=385208.50+/-0.54 dlogz:0.005>0.01]27907it [13:53:22,  4.45s/it, bound:1667 nc:584 ncall:1.3e+07 eff:0.2% logz-ratio=385208.04+/-0.26 dlogz:1.571>0.01]27911it [13:53:22,  3.11s/it, bound:1667 nc:617 ncall:1.3e+07 eff:0.2% logz-ratio=385208.04+/-0.26 dlogz:1.563>0.01]27915it [13:53:22,  2.18s/it, bound:1667 nc:636 ncall:1.3e+07 eff:0.2% logz-ratio=385208.04+/-0.26 dlogz:1.555>0.01]27919it [13:53:23,  1.53s/it, bound:1667 nc:579 ncall:1.3e+07 eff:0.2% logz-ratio=385208.04+/-0.26 dlogz:1.547>0.01]27922it [13:53:42,  1.53s/it, bound:1668 nc:  1 ncall:1.3e+07 eff:0.2% logz-ratio=385208.50+/-0.54 dlogz:0.005>0.01]27923it [13:54:08,  4.46s/it, bound:1668 nc:533 ncall:1.3e+07 eff:0.2% logz-ratio=385208.04+/-0.26 dlogz:1.539>0.01]27928it [13:54:08,  2.91s/it, bound:1668 nc:  1 ncall:1.3e+07 eff:0.2% logz-ratio=385208.09+/-0.26 dlogz:1.355>0.01]27932it [13:54:08,  2.08s/it, bound:1668 nc:  1 ncall:1.3e+07 eff:0.2% logz-ratio=385208.21+/-0.27 dlogz:0.872>0.01]27937it [13:54:08,  1.39s/it, bound:1668 nc:615 ncall:1.4e+07 eff:0.2% logz-ratio=385208.05+/-0.26 dlogz:1.512>0.01]27938it [13:54:22,  1.39s/it, bound:1669 nc:  1 ncall:1.4e+07 eff:0.2% logz-ratio=385208.50+/-0.53 dlogz:0.004>0.01]27939it [13:54:51,  4.61s/it, bound:1669 nc:614 ncall:1.4e+07 eff:0.2% logz-ratio=385208.05+/-0.26 dlogz:1.508>0.01]27944it [13:54:51,  2.93s/it, bound:1669 nc:  1 ncall:1.4e+07 eff:0.2% logz-ratio=385208.10+/-0.26 dlogz:1.317>0.01]27949it [13:54:51,  1.93s/it, bound:1669 nc:596 ncall:1.4e+07 eff:0.2% logz-ratio=385208.06+/-0.26 dlogz:1.488>0.01]27954it [13:54:51,  1.30s/it, bound:1670 nc:  1 ncall:1.4e+07 eff:0.2% logz-ratio=385208.14+/-0.27 dlogz:1.173>0.01]27954it [13:55:02,  1.30s/it, bound:1670 nc:  1 ncall:1.4e+07 eff:0.2% logz-ratio=385208.50+/-0.52 dlogz:0.004>0.01]27955it [13:55:34,  4.94s/it, bound:1670 nc:495 ncall:1.4e+07 eff:0.2% logz-ratio=385208.06+/-0.26 dlogz:1.477>0.01]27957it [13:55:51,  5.63s/it, bound:1670 nc:603 ncall:1.4e+07 eff:0.2% logz-ratio=385208.06+/-0.26 dlogz:1.473>0.01]27961it [13:55:51,  3.61s/it, bound:1670 nc:546 ncall:1.4e+07 eff:0.2% logz-ratio=385208.06+/-0.26 dlogz:1.465>0.01]27966it [13:55:52,  2.20s/it, bound:1670 nc:  1 ncall:1.4e+07 eff:0.2% logz-ratio=385208.14+/-0.27 dlogz:1.151>0.01]27970it [13:56:02,  2.20s/it, bound:1671 nc:  1 ncall:1.4e+07 eff:0.2% logz-ratio=385208.50+/-0.52 dlogz:0.004>0.01]27971it [13:56:35,  4.51s/it, bound:1671 nc:578 ncall:1.4e+07 eff:0.2% logz-ratio=385208.07+/-0.26 dlogz:1.446>0.01]27976it [13:56:35,  2.99s/it, bound:1671 nc:  1 ncall:1.4e+07 eff:0.2% logz-ratio=385208.13+/-0.26 dlogz:1.222>0.01]27981it [13:56:35,  2.02s/it, bound:1671 nc:600 ncall:1.4e+07 eff:0.2% logz-ratio=385208.07+/-0.26 dlogz:1.427>0.01]27986it [13:56:35,  1.39s/it, bound:1672 nc:599 ncall:1.4e+07 eff:0.2% logz-ratio=385208.08+/-0.26 dlogz:1.417>0.01]27986it [13:56:52,  1.39s/it, bound:1672 nc:  1 ncall:1.4e+07 eff:0.2% logz-ratio=385208.50+/-0.51 dlogz:0.004>0.01]27987it [13:57:23,  5.31s/it, bound:1672 nc:633 ncall:1.4e+07 eff:0.2% logz-ratio=385208.08+/-0.26 dlogz:1.415>0.01]27992it [13:57:24,  3.34s/it, bound:1672 nc:  1 ncall:1.4e+07 eff:0.2% logz-ratio=385208.11+/-0.26 dlogz:1.271>0.01]27997it [13:57:24,  2.19s/it, bound:1672 nc:616 ncall:1.4e+07 eff:0.2% logz-ratio=385208.08+/-0.26 dlogz:1.397>0.01]28002it [13:57:24,  1.47s/it, bound:1673 nc:  1 ncall:1.4e+07 eff:0.2% logz-ratio=385208.11+/-0.26 dlogz:1.282>0.01]28002it [13:57:42,  1.47s/it, bound:1673 nc:  1 ncall:1.4e+07 eff:0.2% logz-ratio=385208.50+/-0.51 dlogz:0.004>0.01]28003it [13:58:23,  6.51s/it, bound:1673 nc:776 ncall:1.4e+07 eff:0.2% logz-ratio=385208.08+/-0.26 dlogz:1.385>0.01]28008it [13:58:24,  4.03s/it, bound:1673 nc:  1 ncall:1.4e+07 eff:0.2% logz-ratio=385208.11+/-0.26 dlogz:1.281>0.01]28013it [13:58:24,  2.62s/it, bound:1673 nc:801 ncall:1.4e+07 eff:0.2% logz-ratio=385208.09+/-0.26 dlogz:1.367>0.01]28018it [13:58:24,  1.75s/it, bound:1674 nc:854 ncall:1.4e+07 eff:0.2% logz-ratio=385208.09+/-0.26 dlogz:1.358>0.01]28018it [13:58:42,  1.75s/it, bound:1674 nc:  1 ncall:1.4e+07 eff:0.2% logz-ratio=385208.49+/-0.50 dlogz:0.004>0.01]28019it [13:59:17,  6.20s/it, bound:1674 nc:782 ncall:1.4e+07 eff:0.2% logz-ratio=385208.09+/-0.26 dlogz:1.356>0.01]28024it [13:59:17,  3.83s/it, bound:1674 nc:  1 ncall:1.4e+07 eff:0.2% logz-ratio=385208.10+/-0.26 dlogz:1.327>0.01]28029it [13:59:17,  2.48s/it, bound:1674 nc:760 ncall:1.4e+07 eff:0.2% logz-ratio=385208.10+/-0.26 dlogz:1.338>0.01]28034it [13:59:17,  1.65s/it, bound:1675 nc:700 ncall:1.4e+07 eff:0.2% logz-ratio=385208.10+/-0.26 dlogz:1.329>0.01]28034it [13:59:32,  1.65s/it, bound:1675 nc:  1 ncall:1.4e+07 eff:0.2% logz-ratio=385208.50+/-0.50 dlogz:0.004>0.01]28035it [14:00:02,  5.48s/it, bound:1675 nc:620 ncall:1.4e+07 eff:0.2% logz-ratio=385208.10+/-0.26 dlogz:1.327>0.01]28040it [14:00:02,  3.38s/it, bound:1675 nc:  1 ncall:1.4e+07 eff:0.2% logz-ratio=385208.14+/-0.27 dlogz:1.157>0.01]28045it [14:00:03,  2.19s/it, bound:1675 nc:576 ncall:1.4e+07 eff:0.2% logz-ratio=385208.10+/-0.26 dlogz:1.309>0.01]28050it [14:00:03,  1.46s/it, bound:1676 nc:582 ncall:1.4e+07 eff:0.2% logz-ratio=385208.11+/-0.26 dlogz:1.300>0.01]28050it [14:00:22,  1.46s/it, bound:1676 nc:  1 ncall:1.4e+07 eff:0.2% logz-ratio=385208.50+/-0.49 dlogz:0.004>0.01]28051it [14:00:48,  5.30s/it, bound:1676 nc:597 ncall:1.4e+07 eff:0.2% logz-ratio=385208.11+/-0.26 dlogz:1.298>0.01]28056it [14:00:48,  3.27s/it, bound:1676 nc:  1 ncall:1.4e+07 eff:0.2% logz-ratio=385208.15+/-0.27 dlogz:1.143>0.01]28061it [14:00:48,  2.12s/it, bound:1676 nc:536 ncall:1.4e+07 eff:0.2% logz-ratio=385208.11+/-0.27 dlogz:1.280>0.01]28066it [14:00:48,  1.41s/it, bound:1677 nc:509 ncall:1.4e+07 eff:0.2% logz-ratio=385208.11+/-0.27 dlogz:1.271>0.01]28066it [14:01:02,  1.41s/it, bound:1677 nc:  1 ncall:1.4e+07 eff:0.2% logz-ratio=385208.50+/-0.48 dlogz:0.003>0.01]28067it [14:01:38,  5.64s/it, bound:1677 nc:615 ncall:1.4e+07 eff:0.2% logz-ratio=385208.11+/-0.27 dlogz:1.270>0.01]28071it [14:01:38,  3.77s/it, bound:1677 nc:  1 ncall:1.4e+07 eff:0.2% logz-ratio=385208.14+/-0.27 dlogz:1.173>0.01]28076it [14:01:38,  2.37s/it, bound:1677 nc:643 ncall:1.4e+07 eff:0.2% logz-ratio=385208.12+/-0.27 dlogz:1.254>0.01]28081it [14:01:38,  1.55s/it, bound:1678 nc:  1 ncall:1.4e+07 eff:0.2% logz-ratio=385208.14+/-0.27 dlogz:1.149>0.01]28081it [14:01:52,  1.55s/it, bound:1678 nc:  1 ncall:1.4e+07 eff:0.2% logz-ratio=385208.50+/-0.48 dlogz:0.003>0.01]28082it [14:02:20,  5.23s/it, bound:1678 nc:542 ncall:1.4e+07 eff:0.2% logz-ratio=385208.12+/-0.27 dlogz:1.243>0.01]28085it [14:02:20,  3.78s/it, bound:1678 nc:  1 ncall:1.4e+07 eff:0.2% logz-ratio=385208.33+/-0.29 dlogz:0.446>0.01]28089it [14:02:21,  2.48s/it, bound:1678 nc:561 ncall:1.4e+07 eff:0.2% logz-ratio=385208.12+/-0.27 dlogz:1.231>0.01]28093it [14:02:21,  1.67s/it, bound:1678 nc:563 ncall:1.4e+07 eff:0.2% logz-ratio=385208.13+/-0.27 dlogz:1.224>0.01]28097it [14:02:21,  1.14s/it, bound:1679 nc:608 ncall:1.4e+07 eff:0.2% logz-ratio=385208.13+/-0.27 dlogz:1.217>0.01]28097it [14:02:32,  1.14s/it, bound:1679 nc:  1 ncall:1.4e+07 eff:0.2% logz-ratio=385208.50+/-0.48 dlogz:0.003>0.01]28098it [14:03:03,  5.31s/it, bound:1679 nc:613 ncall:1.4e+07 eff:0.2% logz-ratio=385208.13+/-0.27 dlogz:1.216>0.01]28102it [14:03:03,  3.35s/it, bound:1679 nc:546 ncall:1.4e+07 eff:0.2% logz-ratio=385208.13+/-0.27 dlogz:1.209>0.01]28107it [14:03:03,  2.03s/it, bound:1679 nc:  1 ncall:1.4e+07 eff:0.2% logz-ratio=385208.22+/-0.27 dlogz:0.848>0.01]28111it [14:03:03,  1.40s/it, bound:1679 nc:  1 ncall:1.4e+07 eff:0.2% logz-ratio=385208.22+/-0.27 dlogz:0.849>0.01]28113it [14:03:22,  1.40s/it, bound:1680 nc:  1 ncall:1.4e+07 eff:0.2% logz-ratio=385208.50+/-0.47 dlogz:0.003>0.01]28114it [14:03:46,  4.64s/it, bound:1680 nc:579 ncall:1.4e+07 eff:0.2% logz-ratio=385208.14+/-0.27 dlogz:1.189>0.01]28118it [14:03:46,  3.15s/it, bound:1680 nc:  1 ncall:1.4e+07 eff:0.2% logz-ratio=385208.14+/-0.27 dlogz:1.178>0.01]28122it [14:03:46,  2.16s/it, bound:1680 nc:614 ncall:1.4e+07 eff:0.2% logz-ratio=385208.14+/-0.27 dlogz:1.175>0.01]28126it [14:03:46,  1.50s/it, bound:1680 nc:607 ncall:1.4e+07 eff:0.2% logz-ratio=385208.14+/-0.27 dlogz:1.168>0.01]28128it [14:04:02,  1.50s/it, bound:1681 nc:  1 ncall:1.4e+07 eff:0.2% logz-ratio=385208.50+/-0.47 dlogz:0.003>0.01]28129it [14:04:33,  5.04s/it, bound:1681 nc:614 ncall:1.4e+07 eff:0.2% logz-ratio=385208.14+/-0.27 dlogz:1.163>0.01]28133it [14:04:33,  3.42s/it, bound:1681 nc:599 ncall:1.4e+07 eff:0.2% logz-ratio=385208.14+/-0.27 dlogz:1.157>0.01]28138it [14:04:33,  2.18s/it, bound:1681 nc:  1 ncall:1.4e+07 eff:0.2% logz-ratio=385208.16+/-0.27 dlogz:1.107>0.01]28143it [14:04:33,  1.44s/it, bound:1681 nc:627 ncall:1.4e+07 eff:0.2% logz-ratio=385208.15+/-0.27 dlogz:1.140>0.01]28144it [14:04:52,  1.44s/it, bound:1682 nc:  1 ncall:1.4e+07 eff:0.2% logz-ratio=385208.50+/-0.46 dlogz:0.003>0.01]28145it [14:05:18,  4.86s/it, bound:1682 nc:561 ncall:1.4e+07 eff:0.2% logz-ratio=385208.15+/-0.27 dlogz:1.137>0.01]28149it [14:05:18,  3.32s/it, bound:1682 nc:610 ncall:1.4e+07 eff:0.2% logz-ratio=385208.15+/-0.27 dlogz:1.131>0.01]28154it [14:05:18,  2.12s/it, bound:1682 nc:  1 ncall:1.4e+07 eff:0.2% logz-ratio=385208.17+/-0.27 dlogz:1.033>0.01]28159it [14:05:18,  1.41s/it, bound:1682 nc:624 ncall:1.4e+07 eff:0.2% logz-ratio=385208.15+/-0.27 dlogz:1.114>0.01]28160it [14:05:32,  1.41s/it, bound:1683 nc:  1 ncall:1.4e+07 eff:0.2% logz-ratio=385208.50+/-0.45 dlogz:0.003>0.01]28161it [14:06:02,  4.78s/it, bound:1683 nc:616 ncall:1.4e+07 eff:0.2% logz-ratio=385208.15+/-0.27 dlogz:1.111>0.01]28163it [14:06:19,  5.45s/it, bound:1683 nc:661 ncall:1.4e+07 eff:0.2% logz-ratio=385208.16+/-0.27 dlogz:1.108>0.01]28166it [14:06:19,  3.89s/it, bound:1683 nc:  1 ncall:1.4e+07 eff:0.2% logz-ratio=385208.37+/-0.30 dlogz:0.295>0.01]28170it [14:06:19,  2.52s/it, bound:1683 nc:  1 ncall:1.4e+07 eff:0.2% logz-ratio=385208.24+/-0.28 dlogz:0.768>0.01]28174it [14:06:19,  1.68s/it, bound:1683 nc:667 ncall:1.4e+07 eff:0.2% logz-ratio=385208.16+/-0.27 dlogz:1.090>0.01]28176it [14:06:32,  1.68s/it, bound:1684 nc:  1 ncall:1.4e+07 eff:0.2% logz-ratio=385208.50+/-0.45 dlogz:0.003>0.01]28177it [14:07:01,  4.95s/it, bound:1684 nc:607 ncall:1.4e+07 eff:0.2% logz-ratio=385208.16+/-0.27 dlogz:1.086>0.01]28181it [14:07:02,  3.30s/it, bound:1684 nc:571 ncall:1.4e+07 eff:0.2% logz-ratio=385208.16+/-0.27 dlogz:1.079>0.01]28185it [14:07:02,  2.24s/it, bound:1684 nc:564 ncall:1.4e+07 eff:0.2% logz-ratio=385208.16+/-0.27 dlogz:1.073>0.01]28189it [14:07:02,  1.54s/it, bound:1684 nc:635 ncall:1.4e+07 eff:0.2% logz-ratio=385208.17+/-0.27 dlogz:1.067>0.01]28192it [14:07:12,  1.54s/it, bound:1685 nc:  1 ncall:1.4e+07 eff:0.2% logz-ratio=385208.50+/-0.46 dlogz:0.003>0.01]28193it [14:07:44,  4.33s/it, bound:1685 nc:574 ncall:1.4e+07 eff:0.2% logz-ratio=385208.17+/-0.27 dlogz:1.187>0.01]28195it [14:07:44,  3.55s/it, bound:1685 nc:464 ncall:1.4e+07 eff:0.2% logz-ratio=385208.17+/-0.27 dlogz:1.184>0.01]28199it [14:07:44,  2.35s/it, bound:1685 nc:476 ncall:1.4e+07 eff:0.2% logz-ratio=385208.17+/-0.27 dlogz:1.177>0.01]28203it [14:07:44,  1.59s/it, bound:1685 nc:539 ncall:1.4e+07 eff:0.2% logz-ratio=385208.17+/-0.27 dlogz:1.171>0.01]28207it [14:07:44,  1.09s/it, bound:1685 nc:582 ncall:1.4e+07 eff:0.2% logz-ratio=385208.17+/-0.27 dlogz:1.164>0.01]28208it [14:08:02,  1.09s/it, bound:1686 nc:  1 ncall:1.4e+07 eff:0.2% logz-ratio=385208.50+/-0.45 dlogz:0.003>0.01]28209it [14:08:30,  5.10s/it, bound:1686 nc:662 ncall:1.4e+07 eff:0.2% logz-ratio=385208.17+/-0.27 dlogz:1.161>0.01]28211it [14:08:30,  4.04s/it, bound:1686 nc:599 ncall:1.4e+07 eff:0.2% logz-ratio=385208.17+/-0.27 dlogz:1.158>0.01]28215it [14:08:30,  2.54s/it, bound:1686 nc:585 ncall:1.4e+07 eff:0.2% logz-ratio=385208.18+/-0.27 dlogz:1.151>0.01]28219it [14:08:30,  1.66s/it, bound:1686 nc:585 ncall:1.4e+07 eff:0.2% logz-ratio=385208.18+/-0.27 dlogz:1.145>0.01]28223it [14:08:30,  1.12s/it, bound:1686 nc:540 ncall:1.4e+07 eff:0.2% logz-ratio=385208.18+/-0.27 dlogz:1.138>0.01]28224it [14:08:42,  1.12s/it, bound:1687 nc:  1 ncall:1.4e+07 eff:0.2% logz-ratio=385208.50+/-0.45 dlogz:0.003>0.01]28225it [14:09:11,  4.78s/it, bound:1687 nc:532 ncall:1.4e+07 eff:0.2% logz-ratio=385208.18+/-0.27 dlogz:1.135>0.01]28227it [14:09:11,  3.76s/it, bound:1687 nc:572 ncall:1.4e+07 eff:0.2% logz-ratio=385208.18+/-0.27 dlogz:1.132>0.01]28230it [14:09:11,  2.59s/it, bound:1687 nc:  1 ncall:1.4e+07 eff:0.2% logz-ratio=385208.25+/-0.28 dlogz:0.842>0.01]28233it [14:09:11,  1.79s/it, bound:1687 nc:608 ncall:1.4e+07 eff:0.2% logz-ratio=385208.18+/-0.27 dlogz:1.122>0.01]28236it [14:09:11,  1.25s/it, bound:1687 nc:651 ncall:1.4e+07 eff:0.2% logz-ratio=385208.18+/-0.27 dlogz:1.117>0.01]28238it [14:09:22,  1.25s/it, bound:1687 nc:482 ncall:1.4e+07 eff:0.2% logz-ratio=385208.18+/-0.27 dlogz:1.114>0.01]28239it [14:09:54,  5.22s/it, bound:1688 nc:1104 ncall:1.4e+07 eff:0.2% logz-ratio=385208.18+/-0.28 dlogz:1.113>0.01]28241it [14:09:54,  4.06s/it, bound:1688 nc:558 ncall:1.4e+07 eff:0.2% logz-ratio=385208.19+/-0.28 dlogz:1.110>0.01] 28245it [14:09:54,  2.48s/it, bound:1688 nc:530 ncall:1.4e+07 eff:0.2% logz-ratio=385208.19+/-0.28 dlogz:1.103>0.01]28249it [14:09:54,  1.61s/it, bound:1688 nc:575 ncall:1.4e+07 eff:0.2% logz-ratio=385208.19+/-0.28 dlogz:1.097>0.01]28253it [14:09:54,  1.07s/it, bound:1689 nc:571 ncall:1.4e+07 eff:0.2% logz-ratio=385208.19+/-0.28 dlogz:1.091>0.01]28253it [14:10:12,  1.07s/it, bound:1689 nc:571 ncall:1.4e+07 eff:0.2% logz-ratio=385208.19+/-0.28 dlogz:1.091>0.01]28254it [14:10:37,  5.61s/it, bound:1689 nc:592 ncall:1.4e+07 eff:0.2% logz-ratio=385208.19+/-0.28 dlogz:1.089>0.01]28256it [14:10:37,  4.30s/it, bound:1689 nc:  1 ncall:1.4e+07 eff:0.2% logz-ratio=385208.40+/-0.30 dlogz:0.241>0.01]28259it [14:10:38,  2.87s/it, bound:1689 nc:564 ncall:1.4e+07 eff:0.2% logz-ratio=385208.19+/-0.28 dlogz:1.081>0.01]28263it [14:10:38,  1.76s/it, bound:1689 nc:547 ncall:1.4e+07 eff:0.2% logz-ratio=385208.19+/-0.28 dlogz:1.108>0.01]28267it [14:10:38,  1.14s/it, bound:1689 nc:656 ncall:1.4e+07 eff:0.2% logz-ratio=385208.19+/-0.28 dlogz:1.102>0.01]28269it [14:10:52,  1.14s/it, bound:1690 nc:582 ncall:1.4e+07 eff:0.2% logz-ratio=385208.20+/-0.28 dlogz:1.099>0.01]28270it [14:11:21,  4.77s/it, bound:1690 nc:576 ncall:1.4e+07 eff:0.2% logz-ratio=385208.20+/-0.28 dlogz:1.097>0.01]28273it [14:11:21,  3.43s/it, bound:1690 nc:567 ncall:1.4e+07 eff:0.2% logz-ratio=385208.20+/-0.28 dlogz:1.092>0.01]28278it [14:11:21,  2.06s/it, bound:1690 nc:  1 ncall:1.4e+07 eff:0.2% logz-ratio=385208.21+/-0.28 dlogz:1.045>0.01]28282it [14:11:21,  1.42s/it, bound:1690 nc:  1 ncall:1.4e+07 eff:0.2% logz-ratio=385208.20+/-0.28 dlogz:1.075>0.01]28285it [14:11:32,  1.42s/it, bound:1691 nc:550 ncall:1.4e+07 eff:0.2% logz-ratio=385208.20+/-0.28 dlogz:1.074>0.01]28286it [14:12:03,  4.27s/it, bound:1691 nc:544 ncall:1.4e+07 eff:0.2% logz-ratio=385208.20+/-0.28 dlogz:1.072>0.01]28290it [14:12:03,  2.96s/it, bound:1691 nc:  1 ncall:1.4e+07 eff:0.2% logz-ratio=385208.26+/-0.28 dlogz:0.838>0.01]28294it [14:12:03,  2.07s/it, bound:1691 nc:  1 ncall:1.4e+07 eff:0.2% logz-ratio=385208.31+/-0.29 dlogz:0.592>0.01]28298it [14:12:04,  1.45s/it, bound:1691 nc:  1 ncall:1.4e+07 eff:0.2% logz-ratio=385208.43+/-0.31 dlogz:0.167>0.01]28300it [14:12:22,  1.45s/it, bound:1692 nc:  1 ncall:1.4e+07 eff:0.2% logz-ratio=385208.50+/-0.44 dlogz:0.003>0.01]28301it [14:12:47,  4.63s/it, bound:1692 nc:493 ncall:1.4e+07 eff:0.2% logz-ratio=385208.21+/-0.28 dlogz:1.049>0.01]28306it [14:12:47,  2.93s/it, bound:1692 nc:  1 ncall:1.4e+07 eff:0.2% logz-ratio=385208.30+/-0.28 dlogz:0.647>0.01]28311it [14:12:47,  1.93s/it, bound:1692 nc:629 ncall:1.4e+07 eff:0.2% logz-ratio=385208.21+/-0.28 dlogz:1.034>0.01]28315it [14:13:02,  1.93s/it, bound:1693 nc:  1 ncall:1.4e+07 eff:0.2% logz-ratio=385208.51+/-0.43 dlogz:0.003>0.01]28316it [14:13:33,  4.33s/it, bound:1693 nc:631 ncall:1.4e+07 eff:0.2% logz-ratio=385208.21+/-0.28 dlogz:1.026>0.01]28321it [14:13:33,  2.95s/it, bound:1693 nc:  1 ncall:1.4e+07 eff:0.2% logz-ratio=385208.24+/-0.28 dlogz:0.893>0.01]28326it [14:13:33,  2.03s/it, bound:1693 nc:529 ncall:1.4e+07 eff:0.2% logz-ratio=385208.22+/-0.28 dlogz:1.011>0.01]28330it [14:13:52,  2.03s/it, bound:1694 nc:  1 ncall:1.4e+07 eff:0.2% logz-ratio=385208.51+/-0.43 dlogz:0.003>0.01]28331it [14:14:20,  4.31s/it, bound:1694 nc:570 ncall:1.4e+07 eff:0.2% logz-ratio=385208.22+/-0.28 dlogz:1.004>0.01]28336it [14:14:20,  2.99s/it, bound:1694 nc:  1 ncall:1.4e+07 eff:0.2% logz-ratio=385208.26+/-0.28 dlogz:0.807>0.01]28341it [14:14:20,  2.09s/it, bound:1694 nc:587 ncall:1.4e+07 eff:0.2% logz-ratio=385208.22+/-0.28 dlogz:0.989>0.01]28345it [14:14:32,  2.09s/it, bound:1695 nc:584 ncall:1.4e+07 eff:0.2% logz-ratio=385208.22+/-0.28 dlogz:0.983>0.01]28346it [14:15:06,  4.19s/it, bound:1695 nc:664 ncall:1.4e+07 eff:0.2% logz-ratio=385208.22+/-0.28 dlogz:0.982>0.01]28348it [14:15:06,  3.58s/it, bound:1695 nc:  1 ncall:1.4e+07 eff:0.2% logz-ratio=385208.36+/-0.29 dlogz:0.424>0.01]28352it [14:15:06,  2.53s/it, bound:1695 nc:662 ncall:1.4e+07 eff:0.2% logz-ratio=385208.22+/-0.28 dlogz:0.973>0.01]28356it [14:15:06,  1.78s/it, bound:1695 nc:613 ncall:1.4e+07 eff:0.2% logz-ratio=385208.23+/-0.28 dlogz:0.967>0.01]28360it [14:15:06,  1.26s/it, bound:1695 nc:561 ncall:1.4e+07 eff:0.2% logz-ratio=385208.23+/-0.28 dlogz:0.962>0.01]28361it [14:15:22,  1.26s/it, bound:1696 nc:596 ncall:1.4e+07 eff:0.2% logz-ratio=385208.23+/-0.28 dlogz:0.960>0.01]28362it [14:15:49,  4.79s/it, bound:1696 nc:594 ncall:1.4e+07 eff:0.2% logz-ratio=385208.23+/-0.28 dlogz:0.959>0.01]28366it [14:15:49,  3.20s/it, bound:1696 nc:  1 ncall:1.4e+07 eff:0.2% logz-ratio=385208.31+/-0.29 dlogz:0.624>0.01]28370it [14:15:49,  2.17s/it, bound:1696 nc:  1 ncall:1.4e+07 eff:0.2% logz-ratio=385208.38+/-0.29 dlogz:0.348>0.01]28374it [14:15:49,  1.49s/it, bound:1696 nc:  1 ncall:1.4e+07 eff:0.2% logz-ratio=385208.27+/-0.28 dlogz:0.757>0.01]28377it [14:16:02,  1.49s/it, bound:1697 nc:578 ncall:1.4e+07 eff:0.2% logz-ratio=385208.23+/-0.28 dlogz:0.938>0.01]28378it [14:16:33,  4.45s/it, bound:1697 nc:589 ncall:1.4e+07 eff:0.2% logz-ratio=385208.23+/-0.28 dlogz:0.937>0.01]28379it [14:16:49,  5.65s/it, bound:1697 nc:679 ncall:1.4e+07 eff:0.2% logz-ratio=385208.23+/-0.28 dlogz:0.935>0.01]28384it [14:16:50,  3.30s/it, bound:1697 nc:  1 ncall:1.4e+07 eff:0.2% logz-ratio=385208.29+/-0.28 dlogz:0.708>0.01]28389it [14:16:50,  2.08s/it, bound:1697 nc:635 ncall:1.4e+07 eff:0.2% logz-ratio=385208.24+/-0.28 dlogz:0.921>0.01]28393it [14:17:02,  2.08s/it, bound:1698 nc:637 ncall:1.4e+07 eff:0.2% logz-ratio=385208.24+/-0.28 dlogz:0.915>0.01]28394it [14:17:30,  4.17s/it, bound:1698 nc:608 ncall:1.4e+07 eff:0.2% logz-ratio=385208.24+/-0.28 dlogz:0.914>0.01]28397it [14:17:30,  3.22s/it, bound:1698 nc:530 ncall:1.4e+07 eff:0.2% logz-ratio=385208.24+/-0.28 dlogz:0.910>0.01]28401it [14:17:30,  2.25s/it, bound:1698 nc:  1 ncall:1.4e+07 eff:0.2% logz-ratio=385208.30+/-0.29 dlogz:0.649>0.01]28405it [14:17:30,  1.58s/it, bound:1698 nc:  1 ncall:1.4e+07 eff:0.2% logz-ratio=385208.36+/-0.29 dlogz:0.404>0.01]28408it [14:17:42,  1.58s/it, bound:1699 nc:  1 ncall:1.4e+07 eff:0.2% logz-ratio=385208.51+/-0.42 dlogz:0.002>0.01]28409it [14:18:25,  5.24s/it, bound:1699 nc:686 ncall:1.4e+07 eff:0.2% logz-ratio=385208.24+/-0.28 dlogz:0.893>0.01]28412it [14:18:25,  3.97s/it, bound:1699 nc:  1 ncall:1.4e+07 eff:0.2% logz-ratio=385208.32+/-0.29 dlogz:0.581>0.01]28416it [14:18:25,  2.72s/it, bound:1699 nc:729 ncall:1.4e+07 eff:0.2% logz-ratio=385208.25+/-0.28 dlogz:0.884>0.01]28420it [14:18:26,  1.88s/it, bound:1699 nc:707 ncall:1.4e+07 eff:0.2% logz-ratio=385208.25+/-0.28 dlogz:0.878>0.01]28424it [14:18:26,  1.31s/it, bound:1700 nc:  1 ncall:1.4e+07 eff:0.2% logz-ratio=385208.34+/-0.29 dlogz:0.488>0.01]28424it [14:18:42,  1.31s/it, bound:1700 nc:  1 ncall:1.4e+07 eff:0.2% logz-ratio=385208.51+/-0.41 dlogz:0.002>0.01]28425it [14:19:11,  5.66s/it, bound:1700 nc:656 ncall:1.4e+07 eff:0.2% logz-ratio=385208.25+/-0.28 dlogz:0.872>0.01]28430it [14:19:11,  3.32s/it, bound:1700 nc:  1 ncall:1.4e+07 eff:0.2% logz-ratio=385208.27+/-0.28 dlogz:0.791>0.01]28434it [14:19:11,  2.26s/it, bound:1700 nc:  1 ncall:1.4e+07 eff:0.2% logz-ratio=385208.33+/-0.29 dlogz:0.534>0.01]28438it [14:19:11,  1.56s/it, bound:1700 nc:  1 ncall:1.4e+07 eff:0.2% logz-ratio=385208.29+/-0.29 dlogz:0.701>0.01]28439it [14:19:22,  1.56s/it, bound:1701 nc:624 ncall:1.4e+07 eff:0.2% logz-ratio=385208.25+/-0.28 dlogz:0.853>0.01]28440it [14:19:51,  4.97s/it, bound:1701 nc:525 ncall:1.4e+07 eff:0.2% logz-ratio=385208.25+/-0.28 dlogz:0.852>0.01]28442it [14:19:52,  3.95s/it, bound:1701 nc:  1 ncall:1.4e+07 eff:0.2% logz-ratio=385208.41+/-0.30 dlogz:0.224>0.01]28446it [14:19:52,  2.49s/it, bound:1701 nc:571 ncall:1.4e+07 eff:0.2% logz-ratio=385208.25+/-0.28 dlogz:0.844>0.01]28450it [14:19:52,  1.64s/it, bound:1701 nc:552 ncall:1.4e+07 eff:0.2% logz-ratio=385208.26+/-0.28 dlogz:0.839>0.01]28454it [14:19:52,  1.10s/it, bound:1701 nc:507 ncall:1.4e+07 eff:0.2% logz-ratio=385208.26+/-0.28 dlogz:0.833>0.01]28455it [14:20:02,  1.10s/it, bound:1702 nc:540 ncall:1.4e+07 eff:0.2% logz-ratio=385208.26+/-0.28 dlogz:0.832>0.01]28456it [14:20:30,  4.57s/it, bound:1702 nc:470 ncall:1.4e+07 eff:0.2% logz-ratio=385208.26+/-0.28 dlogz:0.831>0.01]28459it [14:20:30,  3.25s/it, bound:1702 nc:439 ncall:1.4e+07 eff:0.2% logz-ratio=385208.26+/-0.28 dlogz:0.827>0.01]28464it [14:20:31,  1.93s/it, bound:1702 nc:436 ncall:1.4e+07 eff:0.2% logz-ratio=385208.26+/-0.29 dlogz:0.820>0.01]28468it [14:20:31,  1.33s/it, bound:1702 nc:541 ncall:1.4e+07 eff:0.2% logz-ratio=385208.26+/-0.29 dlogz:0.815>0.01]28469it [14:20:42,  1.33s/it, bound:1703 nc:  1 ncall:1.4e+07 eff:0.2% logz-ratio=385208.51+/-0.41 dlogz:0.002>0.01]28470it [14:21:13,  4.96s/it, bound:1703 nc:539 ncall:1.4e+07 eff:0.2% logz-ratio=385208.26+/-0.29 dlogz:0.813>0.01]28474it [14:21:13,  3.26s/it, bound:1703 nc:622 ncall:1.4e+07 eff:0.2% logz-ratio=385208.26+/-0.29 dlogz:0.808>0.01]28478it [14:21:13,  2.19s/it, bound:1703 nc:499 ncall:1.4e+07 eff:0.2% logz-ratio=385208.26+/-0.29 dlogz:0.802>0.01]28482it [14:21:13,  1.49s/it, bound:1703 nc:601 ncall:1.4e+07 eff:0.2% logz-ratio=385208.27+/-0.29 dlogz:0.797>0.01]28485it [14:21:32,  1.49s/it, bound:1704 nc:  1 ncall:1.4e+07 eff:0.2% logz-ratio=385208.51+/-0.40 dlogz:0.002>0.01]28486it [14:21:54,  4.23s/it, bound:1704 nc:532 ncall:1.4e+07 eff:0.2% logz-ratio=385208.27+/-0.29 dlogz:0.792>0.01]28489it [14:21:54,  3.18s/it, bound:1704 nc:  1 ncall:1.4e+07 eff:0.2% logz-ratio=385208.42+/-0.30 dlogz:0.206>0.01]28493it [14:21:54,  2.15s/it, bound:1704 nc:610 ncall:1.4e+07 eff:0.2% logz-ratio=385208.27+/-0.29 dlogz:0.784>0.01]28497it [14:21:54,  1.48s/it, bound:1704 nc:586 ncall:1.4e+07 eff:0.2% logz-ratio=385208.27+/-0.29 dlogz:0.779>0.01]28501it [14:21:54,  1.03s/it, bound:1705 nc:593 ncall:1.4e+07 eff:0.2% logz-ratio=385208.27+/-0.29 dlogz:0.774>0.01]28501it [14:22:12,  1.03s/it, bound:1705 nc:  1 ncall:1.4e+07 eff:0.2% logz-ratio=385208.51+/-0.40 dlogz:0.002>0.01]28502it [14:22:33,  4.79s/it, bound:1705 nc:522 ncall:1.4e+07 eff:0.2% logz-ratio=385208.27+/-0.29 dlogz:0.773>0.01]28506it [14:22:33,  3.05s/it, bound:1705 nc:568 ncall:1.4e+07 eff:0.2% logz-ratio=385208.27+/-0.29 dlogz:0.768>0.01]28510it [14:22:33,  2.02s/it, bound:1705 nc:550 ncall:1.4e+07 eff:0.2% logz-ratio=385208.27+/-0.29 dlogz:0.763>0.01]28514it [14:22:33,  1.37s/it, bound:1705 nc:502 ncall:1.4e+07 eff:0.2% logz-ratio=385208.27+/-0.29 dlogz:0.758>0.01]28517it [14:22:52,  1.37s/it, bound:1706 nc:  1 ncall:1.4e+07 eff:0.2% logz-ratio=385208.51+/-0.40 dlogz:0.002>0.01]28518it [14:23:10,  3.84s/it, bound:1706 nc:511 ncall:1.4e+07 eff:0.2% logz-ratio=385208.28+/-0.29 dlogz:0.753>0.01]28524it [14:23:10,  2.28s/it, bound:1706 nc:  1 ncall:1.4e+07 eff:0.2% logz-ratio=385208.30+/-0.29 dlogz:0.643>0.01]28529it [14:23:10,  1.55s/it, bound:1706 nc:1015 ncall:1.4e+07 eff:0.2% logz-ratio=385208.28+/-0.29 dlogz:0.740>0.01]28531it [14:23:22,  1.55s/it, bound:1707 nc:373 ncall:1.4e+07 eff:0.2% logz-ratio=385208.28+/-0.29 dlogz:0.737>0.01] 28532it [14:23:56,  4.55s/it, bound:1707 nc:608 ncall:1.4e+07 eff:0.2% logz-ratio=385208.28+/-0.29 dlogz:0.736>0.01]28534it [14:23:56,  3.77s/it, bound:1707 nc:  1 ncall:1.4e+07 eff:0.2% logz-ratio=385208.48+/-0.32 dlogz:0.035>0.01]28538it [14:23:56,  2.54s/it, bound:1707 nc:645 ncall:1.4e+07 eff:0.2% logz-ratio=385208.28+/-0.29 dlogz:0.729>0.01]28542it [14:23:56,  1.74s/it, bound:1707 nc:1327 ncall:1.4e+07 eff:0.2% logz-ratio=385208.28+/-0.29 dlogz:0.724>0.01]28546it [14:23:56,  1.20s/it, bound:1708 nc:662 ncall:1.4e+07 eff:0.2% logz-ratio=385208.28+/-0.29 dlogz:0.720>0.01] 28546it [14:24:12,  1.20s/it, bound:1708 nc:  1 ncall:1.4e+07 eff:0.2% logz-ratio=385208.51+/-0.39 dlogz:0.002>0.01]28547it [14:24:47,  6.23s/it, bound:1708 nc:709 ncall:1.4e+07 eff:0.2% logz-ratio=385208.28+/-0.29 dlogz:0.719>0.01]28551it [14:24:47,  3.97s/it, bound:1708 nc:699 ncall:1.4e+07 eff:0.2% logz-ratio=385208.29+/-0.29 dlogz:0.714>0.01]28554it [14:24:47,  2.86s/it, bound:1708 nc:  1 ncall:1.4e+07 eff:0.2% logz-ratio=385208.44+/-0.30 dlogz:0.140>0.01]28557it [14:24:48,  2.05s/it, bound:1708 nc:640 ncall:1.4e+07 eff:0.2% logz-ratio=385208.29+/-0.29 dlogz:0.707>0.01]28561it [14:24:48,  1.34s/it, bound:1708 nc:683 ncall:1.4e+07 eff:0.2% logz-ratio=385208.29+/-0.29 dlogz:0.702>0.01]28562it [14:25:02,  1.34s/it, bound:1709 nc:  1 ncall:1.4e+07 eff:0.2% logz-ratio=385208.51+/-0.39 dlogz:0.002>0.01]28563it [14:25:38,  6.15s/it, bound:1709 nc:729 ncall:1.4e+07 eff:0.2% logz-ratio=385208.29+/-0.29 dlogz:0.700>0.01]28566it [14:25:38,  4.31s/it, bound:1709 nc:  1 ncall:1.4e+07 eff:0.2% logz-ratio=385208.43+/-0.30 dlogz:0.160>0.01]28570it [14:25:38,  2.75s/it, bound:1709 nc:661 ncall:1.4e+07 eff:0.2% logz-ratio=385208.29+/-0.29 dlogz:0.692>0.01]28574it [14:25:39,  1.82s/it, bound:1709 nc:732 ncall:1.4e+07 eff:0.2% logz-ratio=385208.29+/-0.29 dlogz:0.688>0.01]28578it [14:25:39,  1.23s/it, bound:1710 nc:667 ncall:1.4e+07 eff:0.2% logz-ratio=385208.29+/-0.29 dlogz:0.786>0.01]28578it [14:25:52,  1.23s/it, bound:1710 nc:  1 ncall:1.4e+07 eff:0.2% logz-ratio=385208.51+/-0.39 dlogz:0.002>0.01]28579it [14:26:30,  6.49s/it, bound:1710 nc:686 ncall:1.4e+07 eff:0.2% logz-ratio=385208.29+/-0.29 dlogz:0.785>0.01]28582it [14:26:30,  4.49s/it, bound:1710 nc:  1 ncall:1.4e+07 eff:0.2% logz-ratio=385208.36+/-0.29 dlogz:0.466>0.01]28586it [14:26:30,  2.83s/it, bound:1710 nc:748 ncall:1.4e+07 eff:0.2% logz-ratio=385208.29+/-0.29 dlogz:0.776>0.01]28589it [14:26:30,  2.04s/it, bound:1710 nc:730 ncall:1.4e+07 eff:0.2% logz-ratio=385208.30+/-0.29 dlogz:0.773>0.01]28593it [14:26:30,  1.33s/it, bound:1710 nc:762 ncall:1.4e+07 eff:0.2% logz-ratio=385208.30+/-0.29 dlogz:0.768>0.01]28594it [14:26:42,  1.33s/it, bound:1711 nc:  1 ncall:1.4e+07 eff:0.2% logz-ratio=385208.51+/-0.39 dlogz:0.002>0.01]28595it [14:27:17,  5.71s/it, bound:1711 nc:669 ncall:1.4e+07 eff:0.2% logz-ratio=385208.30+/-0.29 dlogz:0.765>0.01]28597it [14:27:34,  6.33s/it, bound:1711 nc:690 ncall:1.4e+07 eff:0.2% logz-ratio=385208.30+/-0.29 dlogz:0.763>0.01]28602it [14:27:34,  3.53s/it, bound:1711 nc:  1 ncall:1.4e+07 eff:0.2% logz-ratio=385208.32+/-0.29 dlogz:0.654>0.01]28606it [14:27:34,  2.35s/it, bound:1711 nc:  1 ncall:1.4e+07 eff:0.2% logz-ratio=385208.35+/-0.29 dlogz:0.504>0.01]28610it [14:27:34,  1.60s/it, bound:1712 nc:645 ncall:1.4e+07 eff:0.2% logz-ratio=385208.30+/-0.29 dlogz:0.747>0.01]28610it [14:27:52,  1.60s/it, bound:1712 nc:  1 ncall:1.4e+07 eff:0.2% logz-ratio=385208.51+/-0.39 dlogz:0.002>0.01]28611it [14:28:20,  6.25s/it, bound:1712 nc:561 ncall:1.4e+07 eff:0.2% logz-ratio=385208.30+/-0.29 dlogz:0.746>0.01]28614it [14:28:21,  4.33s/it, bound:1712 nc:  1 ncall:1.4e+07 eff:0.2% logz-ratio=385208.40+/-0.30 dlogz:0.292>0.01]28618it [14:28:21,  2.74s/it, bound:1712 nc:618 ncall:1.4e+07 eff:0.2% logz-ratio=385208.30+/-0.29 dlogz:0.738>0.01]28622it [14:28:21,  1.81s/it, bound:1712 nc:555 ncall:1.4e+07 eff:0.2% logz-ratio=385208.30+/-0.29 dlogz:0.733>0.01]28626it [14:28:21,  1.22s/it, bound:1713 nc:613 ncall:1.4e+07 eff:0.2% logz-ratio=385208.31+/-0.29 dlogz:0.729>0.01]28626it [14:28:32,  1.22s/it, bound:1713 nc:  1 ncall:1.4e+07 eff:0.2% logz-ratio=385208.51+/-0.38 dlogz:0.002>0.01]28627it [14:29:03,  5.58s/it, bound:1713 nc:604 ncall:1.4e+07 eff:0.2% logz-ratio=385208.31+/-0.29 dlogz:0.727>0.01]28630it [14:29:04,  3.85s/it, bound:1713 nc:  1 ncall:1.4e+07 eff:0.2% logz-ratio=385208.35+/-0.29 dlogz:0.527>0.01]28634it [14:29:04,  2.43s/it, bound:1713 nc:604 ncall:1.4e+07 eff:0.2% logz-ratio=385208.31+/-0.29 dlogz:0.719>0.01]28638it [14:29:04,  1.60s/it, bound:1713 nc:556 ncall:1.4e+07 eff:0.2% logz-ratio=385208.31+/-0.29 dlogz:0.715>0.01]28642it [14:29:04,  1.08s/it, bound:1714 nc:592 ncall:1.4e+07 eff:0.2% logz-ratio=385208.31+/-0.29 dlogz:0.710>0.01]28642it [14:29:22,  1.08s/it, bound:1714 nc:  1 ncall:1.4e+07 eff:0.2% logz-ratio=385208.51+/-0.38 dlogz:0.002>0.01]28643it [14:29:43,  5.14s/it, bound:1714 nc:408 ncall:1.4e+07 eff:0.2% logz-ratio=385208.31+/-0.29 dlogz:0.709>0.01]28649it [14:29:43,  2.71s/it, bound:1714 nc:511 ncall:1.4e+07 eff:0.2% logz-ratio=385208.31+/-0.29 dlogz:0.702>0.01]28653it [14:29:44,  1.87s/it, bound:1714 nc:516 ncall:1.4e+07 eff:0.2% logz-ratio=385208.31+/-0.29 dlogz:0.698>0.01]28658it [14:29:44,  1.21s/it, bound:1715 nc:568 ncall:1.4e+07 eff:0.2% logz-ratio=385208.31+/-0.29 dlogz:0.692>0.01]28658it [14:30:02,  1.21s/it, bound:1715 nc:568 ncall:1.4e+07 eff:0.2% logz-ratio=385208.31+/-0.29 dlogz:0.692>0.01]28659it [14:30:25,  4.92s/it, bound:1715 nc:568 ncall:1.4e+07 eff:0.2% logz-ratio=385208.31+/-0.29 dlogz:0.691>0.01]28661it [14:30:25,  3.90s/it, bound:1715 nc:  1 ncall:1.4e+07 eff:0.2% logz-ratio=385208.47+/-0.31 dlogz:0.065>0.01]28665it [14:30:25,  2.45s/it, bound:1715 nc:  1 ncall:1.4e+07 eff:0.2% logz-ratio=385208.32+/-0.29 dlogz:0.659>0.01]28669it [14:30:25,  1.61s/it, bound:1715 nc:549 ncall:1.4e+07 eff:0.2% logz-ratio=385208.32+/-0.29 dlogz:0.680>0.01]28673it [14:30:25,  1.08s/it, bound:1715 nc:544 ncall:1.4e+07 eff:0.2% logz-ratio=385208.32+/-0.29 dlogz:0.675>0.01]28674it [14:30:42,  1.08s/it, bound:1716 nc:441 ncall:1.4e+07 eff:0.2% logz-ratio=385208.32+/-0.29 dlogz:0.674>0.01]28675it [14:31:06,  4.76s/it, bound:1716 nc:558 ncall:1.4e+07 eff:0.2% logz-ratio=385208.32+/-0.29 dlogz:0.673>0.01]28678it [14:31:06,  3.38s/it, bound:1716 nc:593 ncall:1.4e+07 eff:0.2% logz-ratio=385208.32+/-0.29 dlogz:0.670>0.01]28682it [14:31:06,  2.19s/it, bound:1716 nc:618 ncall:1.4e+07 eff:0.2% logz-ratio=385208.32+/-0.29 dlogz:0.666>0.01]28686it [14:31:06,  1.46s/it, bound:1716 nc:539 ncall:1.4e+07 eff:0.2% logz-ratio=385208.32+/-0.29 dlogz:0.661>0.01]28690it [14:31:06,  1.01it/s, bound:1717 nc:612 ncall:1.4e+07 eff:0.2% logz-ratio=385208.32+/-0.29 dlogz:0.657>0.01]28690it [14:31:22,  1.01it/s, bound:1717 nc:612 ncall:1.4e+07 eff:0.2% logz-ratio=385208.32+/-0.29 dlogz:0.657>0.01]28691it [14:31:51,  5.52s/it, bound:1717 nc:592 ncall:1.4e+07 eff:0.2% logz-ratio=385208.32+/-0.29 dlogz:0.656>0.01]28694it [14:31:51,  3.83s/it, bound:1717 nc:544 ncall:1.4e+07 eff:0.2% logz-ratio=385208.32+/-0.29 dlogz:0.653>0.01]28698it [14:31:51,  2.42s/it, bound:1717 nc:534 ncall:1.4e+07 eff:0.2% logz-ratio=385208.32+/-0.29 dlogz:0.648>0.01]28702it [14:31:51,  1.60s/it, bound:1717 nc:575 ncall:1.4e+07 eff:0.2% logz-ratio=385208.32+/-0.29 dlogz:0.644>0.01]28706it [14:31:51,  1.08s/it, bound:1718 nc:543 ncall:1.4e+07 eff:0.2% logz-ratio=385208.32+/-0.29 dlogz:0.640>0.01]28706it [14:32:02,  1.08s/it, bound:1718 nc:543 ncall:1.4e+07 eff:0.2% logz-ratio=385208.32+/-0.29 dlogz:0.640>0.01]28707it [14:32:34,  5.52s/it, bound:1718 nc:625 ncall:1.4e+07 eff:0.2% logz-ratio=385208.32+/-0.29 dlogz:0.639>0.01]28710it [14:32:35,  3.81s/it, bound:1718 nc:621 ncall:1.4e+07 eff:0.2% logz-ratio=385208.33+/-0.29 dlogz:0.636>0.01]28714it [14:32:35,  2.40s/it, bound:1718 nc:562 ncall:1.4e+07 eff:0.2% logz-ratio=385208.33+/-0.29 dlogz:0.632>0.01]28718it [14:32:35,  1.58s/it, bound:1718 nc:585 ncall:1.4e+07 eff:0.2% logz-ratio=385208.33+/-0.30 dlogz:0.627>0.01]28722it [14:32:35,  1.07s/it, bound:1719 nc:565 ncall:1.4e+07 eff:0.2% logz-ratio=385208.33+/-0.30 dlogz:0.623>0.01]28722it [14:32:52,  1.07s/it, bound:1719 nc:565 ncall:1.4e+07 eff:0.2% logz-ratio=385208.33+/-0.30 dlogz:0.623>0.01]28723it [14:33:11,  4.75s/it, bound:1719 nc:516 ncall:1.4e+07 eff:0.2% logz-ratio=385208.33+/-0.30 dlogz:0.622>0.01]28727it [14:33:11,  2.97s/it, bound:1719 nc:473 ncall:1.4e+07 eff:0.2% logz-ratio=385208.33+/-0.30 dlogz:0.618>0.01]28733it [14:33:11,  1.65s/it, bound:1719 nc:997 ncall:1.4e+07 eff:0.2% logz-ratio=385208.33+/-0.30 dlogz:0.612>0.01]28736it [14:33:22,  1.65s/it, bound:1720 nc:534 ncall:1.4e+07 eff:0.2% logz-ratio=385208.33+/-0.30 dlogz:0.609>0.01]28737it [14:33:51,  4.11s/it, bound:1720 nc:501 ncall:1.4e+07 eff:0.2% logz-ratio=385208.33+/-0.30 dlogz:0.608>0.01]28741it [14:33:51,  2.89s/it, bound:1720 nc:  1 ncall:1.4e+07 eff:0.2% logz-ratio=385208.36+/-0.30 dlogz:0.485>0.01]28745it [14:33:51,  2.03s/it, bound:1720 nc:  1 ncall:1.4e+07 eff:0.2% logz-ratio=385208.41+/-0.30 dlogz:0.291>0.01]28749it [14:33:51,  1.43s/it, bound:1720 nc:  1 ncall:1.4e+07 eff:0.2% logz-ratio=385208.46+/-0.31 dlogz:0.115>0.01]28752it [14:34:02,  1.43s/it, bound:1721 nc:581 ncall:1.4e+07 eff:0.2% logz-ratio=385208.33+/-0.30 dlogz:0.593>0.01]28753it [14:34:45,  5.03s/it, bound:1721 nc:745 ncall:1.4e+07 eff:0.2% logz-ratio=385208.34+/-0.30 dlogz:0.592>0.01]28756it [14:34:45,  3.81s/it, bound:1721 nc:658 ncall:1.4e+07 eff:0.2% logz-ratio=385208.34+/-0.30 dlogz:0.589>0.01]28761it [14:34:45,  2.42s/it, bound:1721 nc:  1 ncall:1.4e+07 eff:0.2% logz-ratio=385208.37+/-0.30 dlogz:0.425>0.01]28766it [14:34:45,  1.60s/it, bound:1721 nc:712 ncall:1.4e+07 eff:0.2% logz-ratio=385208.34+/-0.30 dlogz:0.579>0.01]28768it [14:35:02,  1.60s/it, bound:1722 nc:777 ncall:1.4e+07 eff:0.2% logz-ratio=385208.34+/-0.30 dlogz:0.577>0.01]28769it [14:35:32,  4.77s/it, bound:1722 nc:598 ncall:1.4e+07 eff:0.2% logz-ratio=385208.34+/-0.30 dlogz:0.576>0.01]28773it [14:35:32,  3.34s/it, bound:1722 nc:  1 ncall:1.4e+07 eff:0.2% logz-ratio=385208.34+/-0.30 dlogz:0.555>0.01]28777it [14:35:32,  2.34s/it, bound:1722 nc:  1 ncall:1.4e+07 eff:0.2% logz-ratio=385208.36+/-0.30 dlogz:0.484>0.01]28781it [14:35:32,  1.64s/it, bound:1722 nc:  1 ncall:1.4e+07 eff:0.2% logz-ratio=385208.39+/-0.30 dlogz:0.369>0.01]28784it [14:35:42,  1.64s/it, bound:1723 nc:651 ncall:1.4e+07 eff:0.2% logz-ratio=385208.34+/-0.30 dlogz:0.562>0.01]28785it [14:36:15,  4.38s/it, bound:1723 nc:630 ncall:1.4e+07 eff:0.2% logz-ratio=385208.34+/-0.30 dlogz:0.561>0.01]28789it [14:36:15,  3.07s/it, bound:1723 nc:  1 ncall:1.4e+07 eff:0.2% logz-ratio=385208.36+/-0.30 dlogz:0.462>0.01]28793it [14:36:15,  2.15s/it, bound:1723 nc:  1 ncall:1.4e+07 eff:0.2% logz-ratio=385208.36+/-0.30 dlogz:0.462>0.01]28797it [14:36:15,  1.52s/it, bound:1723 nc:526 ncall:1.4e+07 eff:0.2% logz-ratio=385208.34+/-0.30 dlogz:0.550>0.01]28800it [14:36:32,  1.52s/it, bound:1724 nc:549 ncall:1.4e+07 eff:0.2% logz-ratio=385208.35+/-0.30 dlogz:0.547>0.01]28801it [14:36:55,  4.05s/it, bound:1724 nc:536 ncall:1.4e+07 eff:0.2% logz-ratio=385208.35+/-0.30 dlogz:0.546>0.01]28805it [14:36:55,  2.84s/it, bound:1724 nc:  1 ncall:1.4e+07 eff:0.2% logz-ratio=385208.36+/-0.30 dlogz:0.476>0.01]28809it [14:36:55,  2.00s/it, bound:1724 nc:541 ncall:1.4e+07 eff:0.2% logz-ratio=385208.35+/-0.30 dlogz:0.539>0.01]28813it [14:36:55,  1.41s/it, bound:1724 nc:491 ncall:1.4e+07 eff:0.2% logz-ratio=385208.35+/-0.30 dlogz:0.535>0.01]28816it [14:37:12,  1.41s/it, bound:1725 nc:484 ncall:1.4e+07 eff:0.2% logz-ratio=385208.35+/-0.30 dlogz:0.532>0.01]28817it [14:37:32,  3.71s/it, bound:1725 nc:495 ncall:1.4e+07 eff:0.2% logz-ratio=385208.35+/-0.30 dlogz:0.531>0.01]28819it [14:37:49,  4.59s/it, bound:1725 nc:486 ncall:1.4e+07 eff:0.2% logz-ratio=385208.35+/-0.30 dlogz:0.529>0.01]28824it [14:37:49,  2.83s/it, bound:1725 nc:517 ncall:1.4e+07 eff:0.2% logz-ratio=385208.35+/-0.30 dlogz:0.574>0.01]28832it [14:37:49,  1.51s/it, bound:1726 nc:  1 ncall:1.4e+07 eff:0.2% logz-ratio=385208.38+/-0.30 dlogz:0.444>0.01]28832it [14:38:03,  1.51s/it, bound:1726 nc:  1 ncall:1.4e+07 eff:0.2% logz-ratio=385208.51+/-0.36 dlogz:0.001>0.01]28833it [14:38:32,  4.67s/it, bound:1726 nc:628 ncall:1.4e+07 eff:0.2% logz-ratio=385208.35+/-0.30 dlogz:0.566>0.01]28837it [14:38:32,  3.25s/it, bound:1726 nc:  1 ncall:1.4e+07 eff:0.2% logz-ratio=385208.38+/-0.30 dlogz:0.416>0.01]28842it [14:38:32,  2.11s/it, bound:1726 nc:566 ncall:1.4e+07 eff:0.2% logz-ratio=385208.35+/-0.30 dlogz:0.557>0.01]28847it [14:38:32,  1.41s/it, bound:1727 nc:  1 ncall:1.4e+07 eff:0.2% logz-ratio=385208.36+/-0.30 dlogz:0.549>0.01]28847it [14:38:43,  1.41s/it, bound:1727 nc:  1 ncall:1.4e+07 eff:0.2% logz-ratio=385208.51+/-0.36 dlogz:0.001>0.01]28848it [14:39:20,  5.52s/it, bound:1727 nc:652 ncall:1.4e+07 eff:0.2% logz-ratio=385208.35+/-0.30 dlogz:0.552>0.01]28851it [14:39:21,  4.03s/it, bound:1727 nc:  1 ncall:1.4e+07 eff:0.2% logz-ratio=385208.43+/-0.30 dlogz:0.217>0.01]28856it [14:39:21,  2.45s/it, bound:1727 nc:666 ncall:1.4e+07 eff:0.2% logz-ratio=385208.36+/-0.30 dlogz:0.544>0.01]28861it [14:39:21,  1.58s/it, bound:1727 nc:  1 ncall:1.4e+07 eff:0.2% logz-ratio=385208.38+/-0.30 dlogz:0.418>0.01]28863it [14:39:33,  1.58s/it, bound:1728 nc:  1 ncall:1.4e+07 eff:0.2% logz-ratio=385208.51+/-0.36 dlogz:0.001>0.01]28864it [14:40:07,  4.87s/it, bound:1728 nc:693 ncall:1.4e+07 eff:0.2% logz-ratio=385208.36+/-0.30 dlogz:0.537>0.01]28869it [14:40:08,  3.13s/it, bound:1728 nc:  1 ncall:1.4e+07 eff:0.2% logz-ratio=385208.37+/-0.30 dlogz:0.468>0.01]28874it [14:40:08,  2.08s/it, bound:1728 nc:638 ncall:1.4e+07 eff:0.2% logz-ratio=385208.36+/-0.30 dlogz:0.528>0.01]28879it [14:40:08,  1.40s/it, bound:1729 nc:  1 ncall:1.4e+07 eff:0.2% logz-ratio=385208.39+/-0.30 dlogz:0.393>0.01]28879it [14:40:23,  1.40s/it, bound:1729 nc:  1 ncall:1.4e+07 eff:0.2% logz-ratio=385208.51+/-0.35 dlogz:0.001>0.01]28880it [14:40:54,  5.23s/it, bound:1729 nc:607 ncall:1.4e+07 eff:0.2% logz-ratio=385208.36+/-0.30 dlogz:0.523>0.01]28883it [14:40:54,  3.84s/it, bound:1729 nc:  1 ncall:1.4e+07 eff:0.2% logz-ratio=385208.43+/-0.30 dlogz:0.224>0.01]28888it [14:40:54,  2.36s/it, bound:1729 nc:651 ncall:1.4e+07 eff:0.2% logz-ratio=385208.36+/-0.30 dlogz:0.515>0.01]28892it [14:40:54,  1.64s/it, bound:1729 nc:605 ncall:1.4e+07 eff:0.2% logz-ratio=385208.36+/-0.30 dlogz:0.512>0.01]28894it [14:41:13,  1.64s/it, bound:1730 nc:570 ncall:1.4e+07 eff:0.2% logz-ratio=385208.36+/-0.30 dlogz:0.510>0.01]28895it [14:41:35,  4.62s/it, bound:1730 nc:505 ncall:1.4e+07 eff:0.2% logz-ratio=385208.36+/-0.30 dlogz:0.509>0.01]28899it [14:41:35,  3.15s/it, bound:1730 nc:  1 ncall:1.4e+07 eff:0.2% logz-ratio=385208.41+/-0.30 dlogz:0.314>0.01]28903it [14:41:36,  2.17s/it, bound:1730 nc:  1 ncall:1.4e+07 eff:0.2% logz-ratio=385208.46+/-0.31 dlogz:0.124>0.01]28908it [14:41:36,  1.39s/it, bound:1730 nc:  1 ncall:1.4e+07 eff:0.2% logz-ratio=385208.50+/-0.32 dlogz:0.012>0.01]28910it [14:41:53,  1.39s/it, bound:1731 nc:  1 ncall:1.4e+07 eff:0.2% logz-ratio=385208.51+/-0.35 dlogz:0.001>0.01]28911it [14:42:25,  4.97s/it, bound:1731 nc:666 ncall:1.4e+07 eff:0.2% logz-ratio=385208.37+/-0.30 dlogz:0.496>0.01]28916it [14:42:26,  3.19s/it, bound:1731 nc:  1 ncall:1.4e+07 eff:0.2% logz-ratio=385208.38+/-0.30 dlogz:0.426>0.01]28921it [14:42:26,  2.12s/it, bound:1731 nc:699 ncall:1.4e+07 eff:0.2% logz-ratio=385208.37+/-0.30 dlogz:0.487>0.01]28926it [14:42:26,  1.43s/it, bound:1732 nc:  1 ncall:1.4e+07 eff:0.2% logz-ratio=385208.37+/-0.30 dlogz:0.473>0.01]28926it [14:42:43,  1.43s/it, bound:1732 nc:  1 ncall:1.4e+07 eff:0.2% logz-ratio=385208.51+/-0.35 dlogz:0.001>0.01]28927it [14:43:16,  5.62s/it, bound:1732 nc:599 ncall:1.4e+07 eff:0.2% logz-ratio=385208.37+/-0.30 dlogz:0.482>0.01]28932it [14:43:16,  3.50s/it, bound:1732 nc:  1 ncall:1.4e+07 eff:0.2% logz-ratio=385208.39+/-0.30 dlogz:0.403>0.01]28937it [14:43:17,  2.28s/it, bound:1732 nc:685 ncall:1.4e+07 eff:0.2% logz-ratio=385208.37+/-0.30 dlogz:0.474>0.01]28942it [14:43:33,  2.28s/it, bound:1733 nc:  1 ncall:1.4e+07 eff:0.2% logz-ratio=385208.51+/-0.35 dlogz:0.001>0.01]28943it [14:44:03,  4.34s/it, bound:1733 nc:510 ncall:1.4e+07 eff:0.2% logz-ratio=385208.37+/-0.30 dlogz:0.469>0.01]28947it [14:44:03,  3.20s/it, bound:1733 nc:548 ncall:1.4e+07 eff:0.2% logz-ratio=385208.37+/-0.30 dlogz:0.466>0.01]28952it [14:44:03,  2.18s/it, bound:1733 nc:  1 ncall:1.4e+07 eff:0.2% logz-ratio=385208.38+/-0.30 dlogz:0.445>0.01]28957it [14:44:03,  1.51s/it, bound:1733 nc:578 ncall:1.4e+07 eff:0.2% logz-ratio=385208.37+/-0.30 dlogz:0.458>0.01]28958it [14:44:23,  1.51s/it, bound:1734 nc:  1 ncall:1.4e+07 eff:0.2% logz-ratio=385208.51+/-0.35 dlogz:0.001>0.01]28959it [14:44:54,  5.11s/it, bound:1734 nc:615 ncall:1.4e+07 eff:0.2% logz-ratio=385208.38+/-0.30 dlogz:0.456>0.01]28962it [14:44:54,  3.86s/it, bound:1734 nc:  1 ncall:1.4e+07 eff:0.2% logz-ratio=385208.45+/-0.31 dlogz:0.158>0.01]28966it [14:44:54,  2.64s/it, bound:1734 nc:  1 ncall:1.4e+07 eff:0.2% logz-ratio=385208.49+/-0.31 dlogz:0.052>0.01]28971it [14:44:54,  1.69s/it, bound:1734 nc:642 ncall:1.4e+07 eff:0.2% logz-ratio=385208.38+/-0.30 dlogz:0.447>0.01]28973it [14:45:13,  1.69s/it, bound:1734 nc:552 ncall:1.4e+07 eff:0.2% logz-ratio=385208.38+/-0.30 dlogz:0.445>0.01]28974it [14:45:42,  5.10s/it, bound:1735 nc:1313 ncall:1.4e+07 eff:0.2% logz-ratio=385208.38+/-0.30 dlogz:0.444>0.01]28978it [14:45:42,  3.52s/it, bound:1735 nc:  1 ncall:1.4e+07 eff:0.2% logz-ratio=385208.40+/-0.30 dlogz:0.353>0.01] 28982it [14:45:42,  2.44s/it, bound:1735 nc:  1 ncall:1.4e+07 eff:0.2% logz-ratio=385208.44+/-0.31 dlogz:0.181>0.01]28986it [14:45:43,  1.70s/it, bound:1735 nc:  1 ncall:1.4e+07 eff:0.2% logz-ratio=385208.46+/-0.31 dlogz:0.127>0.01]28989it [14:45:53,  1.70s/it, bound:1736 nc:536 ncall:1.4e+07 eff:0.2% logz-ratio=385208.38+/-0.30 dlogz:0.433>0.01]28990it [14:46:35,  5.14s/it, bound:1736 nc:610 ncall:1.4e+07 eff:0.2% logz-ratio=385208.38+/-0.30 dlogz:0.432>0.01]28992it [14:46:35,  4.23s/it, bound:1736 nc:  1 ncall:1.4e+07 eff:0.2% logz-ratio=385208.41+/-0.30 dlogz:0.293>0.01]28996it [14:46:35,  2.81s/it, bound:1736 nc:740 ncall:1.4e+07 eff:0.2% logz-ratio=385208.38+/-0.30 dlogz:0.427>0.01]29000it [14:46:35,  1.91s/it, bound:1736 nc:652 ncall:1.4e+07 eff:0.2% logz-ratio=385208.38+/-0.30 dlogz:0.424>0.01]29004it [14:46:35,  1.32s/it, bound:1736 nc:715 ncall:1.4e+07 eff:0.2% logz-ratio=385208.38+/-0.30 dlogz:0.421>0.01]29005it [14:46:53,  1.32s/it, bound:1737 nc:687 ncall:1.4e+07 eff:0.2% logz-ratio=385208.38+/-0.30 dlogz:0.421>0.01]29006it [14:47:28,  5.98s/it, bound:1737 nc:638 ncall:1.4e+07 eff:0.2% logz-ratio=385208.38+/-0.30 dlogz:0.420>0.01]29008it [14:47:28,  4.74s/it, bound:1737 nc:  1 ncall:1.4e+07 eff:0.2% logz-ratio=385208.41+/-0.30 dlogz:0.323>0.01]29011it [14:47:28,  3.29s/it, bound:1737 nc:698 ncall:1.4e+07 eff:0.2% logz-ratio=385208.38+/-0.30 dlogz:0.416>0.01]29016it [14:47:29,  1.90s/it, bound:1737 nc:  1 ncall:1.4e+07 eff:0.2% logz-ratio=385208.44+/-0.31 dlogz:0.186>0.01]29020it [14:47:29,  1.29s/it, bound:1737 nc:  1 ncall:1.4e+07 eff:0.2% logz-ratio=385208.47+/-0.31 dlogz:0.103>0.01]29021it [14:47:43,  1.29s/it, bound:1738 nc:605 ncall:1.4e+07 eff:0.2% logz-ratio=385208.39+/-0.30 dlogz:0.409>0.01]29022it [14:48:16,  5.50s/it, bound:1738 nc:659 ncall:1.4e+07 eff:0.2% logz-ratio=385208.39+/-0.30 dlogz:0.408>0.01]29023it [14:48:33,  6.87s/it, bound:1738 nc:650 ncall:1.4e+07 eff:0.2% logz-ratio=385208.39+/-0.30 dlogz:0.407>0.01]29028it [14:48:33,  3.72s/it, bound:1738 nc:  1 ncall:1.4e+07 eff:0.2% logz-ratio=385208.40+/-0.30 dlogz:0.348>0.01]29032it [14:48:33,  2.45s/it, bound:1738 nc:  1 ncall:1.4e+07 eff:0.2% logz-ratio=385208.43+/-0.31 dlogz:0.242>0.01]29036it [14:48:33,  1.65s/it, bound:1738 nc:580 ncall:1.4e+07 eff:0.2% logz-ratio=385208.39+/-0.30 dlogz:0.398>0.01]29037it [14:48:53,  1.65s/it, bound:1739 nc:627 ncall:1.4e+07 eff:0.2% logz-ratio=385208.39+/-0.30 dlogz:0.397>0.01]29038it [14:49:13,  5.18s/it, bound:1739 nc:556 ncall:1.4e+07 eff:0.2% logz-ratio=385208.39+/-0.30 dlogz:0.397>0.01]29042it [14:49:14,  3.36s/it, bound:1739 nc:  1 ncall:1.4e+07 eff:0.2% logz-ratio=385208.42+/-0.31 dlogz:0.266>0.01]29046it [14:49:14,  2.24s/it, bound:1739 nc:  1 ncall:1.4e+07 eff:0.2% logz-ratio=385208.43+/-0.31 dlogz:0.220>0.01]29050it [14:49:14,  1.53s/it, bound:1739 nc:  1 ncall:1.4e+07 eff:0.2% logz-ratio=385208.46+/-0.31 dlogz:0.125>0.01]29053it [14:49:33,  1.53s/it, bound:1740 nc:571 ncall:1.4e+07 eff:0.2% logz-ratio=385208.39+/-0.30 dlogz:0.386>0.01]29054it [14:49:56,  4.39s/it, bound:1740 nc:571 ncall:1.4e+07 eff:0.2% logz-ratio=385208.39+/-0.30 dlogz:0.386>0.01]29057it [14:49:56,  3.29s/it, bound:1740 nc:359 ncall:1.4e+07 eff:0.2% logz-ratio=385208.39+/-0.30 dlogz:0.383>0.01]29062it [14:49:56,  2.06s/it, bound:1740 nc:503 ncall:1.4e+07 eff:0.2% logz-ratio=385208.39+/-0.31 dlogz:0.380>0.01]29067it [14:49:56,  1.35s/it, bound:1740 nc:  1 ncall:1.4e+07 eff:0.2% logz-ratio=385208.47+/-0.31 dlogz:0.087>0.01]29069it [14:50:13,  1.35s/it, bound:1741 nc:  1 ncall:1.4e+07 eff:0.2% logz-ratio=385208.51+/-0.34 dlogz:0.001>0.01]29070it [14:50:49,  5.05s/it, bound:1741 nc:764 ncall:1.4e+07 eff:0.2% logz-ratio=385208.39+/-0.31 dlogz:0.375>0.01]29075it [14:50:49,  3.27s/it, bound:1741 nc:  1 ncall:1.4e+07 eff:0.2% logz-ratio=385208.39+/-0.31 dlogz:0.370>0.01]29080it [14:50:49,  2.18s/it, bound:1741 nc:706 ncall:1.4e+07 eff:0.2% logz-ratio=385208.40+/-0.31 dlogz:0.368>0.01]29085it [14:50:49,  1.48s/it, bound:1742 nc:  1 ncall:1.4e+07 eff:0.2% logz-ratio=385208.43+/-0.31 dlogz:0.229>0.01]29085it [14:51:03,  1.48s/it, bound:1742 nc:  1 ncall:1.4e+07 eff:0.2% logz-ratio=385208.51+/-0.34 dlogz:0.001>0.01]29086it [14:51:34,  5.14s/it, bound:1742 nc:650 ncall:1.4e+07 eff:0.2% logz-ratio=385208.40+/-0.31 dlogz:0.364>0.01]29091it [14:51:34,  3.21s/it, bound:1742 nc:  1 ncall:1.4e+07 eff:0.2% logz-ratio=385208.42+/-0.31 dlogz:0.246>0.01]29096it [14:51:34,  2.09s/it, bound:1742 nc:649 ncall:1.4e+07 eff:0.2% logz-ratio=385208.40+/-0.31 dlogz:0.357>0.01]29100it [14:51:53,  2.09s/it, bound:1743 nc:621 ncall:1.4e+07 eff:0.2% logz-ratio=385208.40+/-0.31 dlogz:0.355>0.01]29101it [14:52:18,  4.32s/it, bound:1743 nc:615 ncall:1.4e+07 eff:0.2% logz-ratio=385208.40+/-0.31 dlogz:0.354>0.01]29105it [14:52:18,  3.13s/it, bound:1743 nc:  1 ncall:1.4e+07 eff:0.2% logz-ratio=385208.40+/-0.31 dlogz:0.325>0.01]29110it [14:52:18,  2.11s/it, bound:1743 nc:591 ncall:1.4e+07 eff:0.2% logz-ratio=385208.40+/-0.31 dlogz:0.349>0.01]29114it [14:52:18,  1.54s/it, bound:1743 nc:596 ncall:1.4e+07 eff:0.2% logz-ratio=385208.40+/-0.31 dlogz:0.346>0.01]29116it [14:52:33,  1.54s/it, bound:1744 nc:628 ncall:1.4e+07 eff:0.2% logz-ratio=385208.40+/-0.31 dlogz:0.345>0.01]29117it [14:52:59,  4.31s/it, bound:1744 nc:560 ncall:1.4e+07 eff:0.2% logz-ratio=385208.40+/-0.31 dlogz:0.344>0.01]29120it [14:52:59,  3.26s/it, bound:1744 nc:567 ncall:1.4e+07 eff:0.2% logz-ratio=385208.40+/-0.31 dlogz:0.342>0.01]29125it [14:52:59,  2.07s/it, bound:1744 nc:586 ncall:1.4e+07 eff:0.2% logz-ratio=385208.40+/-0.31 dlogz:0.339>0.01]29129it [14:53:00,  1.46s/it, bound:1744 nc:557 ncall:1.4e+07 eff:0.2% logz-ratio=385208.40+/-0.31 dlogz:0.337>0.01]29132it [14:53:13,  1.46s/it, bound:1745 nc:  1 ncall:1.4e+07 eff:0.2% logz-ratio=385208.51+/-0.34 dlogz:0.001>0.01]29133it [14:53:41,  4.13s/it, bound:1745 nc:595 ncall:1.4e+07 eff:0.2% logz-ratio=385208.40+/-0.31 dlogz:0.334>0.01]29137it [14:53:41,  2.91s/it, bound:1745 nc:  1 ncall:1.4e+07 eff:0.2% logz-ratio=385208.42+/-0.31 dlogz:0.275>0.01]29142it [14:53:42,  1.91s/it, bound:1745 nc:  1 ncall:1.4e+07 eff:0.2% logz-ratio=385208.47+/-0.31 dlogz:0.092>0.01]29147it [14:53:42,  1.28s/it, bound:1746 nc:518 ncall:1.4e+07 eff:0.2% logz-ratio=385208.40+/-0.31 dlogz:0.326>0.01]29147it [14:53:53,  1.28s/it, bound:1746 nc:518 ncall:1.4e+07 eff:0.2% logz-ratio=385208.40+/-0.31 dlogz:0.326>0.01]29148it [14:54:19,  4.41s/it, bound:1746 nc:523 ncall:1.4e+07 eff:0.2% logz-ratio=385208.41+/-0.31 dlogz:0.325>0.01]29152it [14:54:19,  2.96s/it, bound:1746 nc:510 ncall:1.4e+07 eff:0.2% logz-ratio=385208.41+/-0.31 dlogz:0.323>0.01]29156it [14:54:19,  2.02s/it, bound:1746 nc:  1 ncall:1.4e+07 eff:0.2% logz-ratio=385208.43+/-0.31 dlogz:0.217>0.01]29160it [14:54:19,  1.39s/it, bound:1746 nc:402 ncall:1.4e+07 eff:0.2% logz-ratio=385208.41+/-0.31 dlogz:0.322>0.01]29163it [14:54:33,  1.39s/it, bound:1747 nc:485 ncall:1.4e+07 eff:0.2% logz-ratio=385208.41+/-0.31 dlogz:0.320>0.01]29164it [14:54:57,  3.85s/it, bound:1747 nc:504 ncall:1.4e+07 eff:0.2% logz-ratio=385208.41+/-0.31 dlogz:0.320>0.01]29170it [14:54:57,  2.32s/it, bound:1747 nc:  1 ncall:1.4e+07 eff:0.2% logz-ratio=385208.41+/-0.31 dlogz:0.302>0.01]29175it [14:54:57,  1.58s/it, bound:1747 nc:367 ncall:1.4e+07 eff:0.2% logz-ratio=385208.41+/-0.31 dlogz:0.313>0.01]29179it [14:55:13,  1.58s/it, bound:1748 nc:412 ncall:1.4e+07 eff:0.2% logz-ratio=385208.41+/-0.31 dlogz:0.311>0.01]29180it [14:55:33,  3.33s/it, bound:1748 nc:457 ncall:1.4e+07 eff:0.2% logz-ratio=385208.41+/-0.31 dlogz:0.310>0.01]29183it [14:55:33,  2.63s/it, bound:1748 nc:  1 ncall:1.4e+07 eff:0.2% logz-ratio=385208.45+/-0.31 dlogz:0.173>0.01]29187it [14:55:33,  1.88s/it, bound:1748 nc:417 ncall:1.4e+07 eff:0.2% logz-ratio=385208.41+/-0.31 dlogz:0.306>0.01]29192it [14:55:33,  1.25s/it, bound:1748 nc:  1 ncall:1.4e+07 eff:0.2% logz-ratio=385208.49+/-0.31 dlogz:0.049>0.01]29195it [14:55:53,  1.25s/it, bound:1749 nc:474 ncall:1.4e+07 eff:0.2% logz-ratio=385208.41+/-0.31 dlogz:0.302>0.01]29196it [14:56:04,  3.10s/it, bound:1749 nc:447 ncall:1.4e+07 eff:0.2% logz-ratio=385208.41+/-0.31 dlogz:0.301>0.01]29203it [14:56:05,  1.83s/it, bound:1749 nc:  1 ncall:1.4e+07 eff:0.2% logz-ratio=385208.43+/-0.31 dlogz:0.217>0.01]29208it [14:56:05,  1.29s/it, bound:1749 nc:  1 ncall:1.4e+07 eff:0.2% logz-ratio=385208.46+/-0.31 dlogz:0.125>0.01]29210it [14:56:23,  1.29s/it, bound:1750 nc:435 ncall:1.4e+07 eff:0.2% logz-ratio=385208.41+/-0.31 dlogz:0.294>0.01]29211it [14:56:35,  3.06s/it, bound:1750 nc:392 ncall:1.4e+07 eff:0.2% logz-ratio=385208.41+/-0.31 dlogz:0.293>0.01]29214it [14:56:35,  2.38s/it, bound:1750 nc:  1 ncall:1.4e+07 eff:0.2% logz-ratio=385208.49+/-0.31 dlogz:0.037>0.01]29219it [14:56:35,  1.56s/it, bound:1750 nc:370 ncall:1.4e+07 eff:0.2% logz-ratio=385208.41+/-0.31 dlogz:0.289>0.01]29224it [14:56:35,  1.05s/it, bound:1750 nc:410 ncall:1.4e+07 eff:0.2% logz-ratio=385208.42+/-0.31 dlogz:0.286>0.01]29225it [14:56:53,  1.05s/it, bound:1751 nc:  1 ncall:1.4e+07 eff:0.2% logz-ratio=385208.52+/-0.34 dlogz:0.001>0.01]29226it [14:57:29,  5.22s/it, bound:1751 nc:756 ncall:1.4e+07 eff:0.2% logz-ratio=385208.42+/-0.31 dlogz:0.285>0.01]29229it [14:57:29,  3.90s/it, bound:1751 nc:  1 ncall:1.4e+07 eff:0.2% logz-ratio=385208.47+/-0.31 dlogz:0.086>0.01]29233it [14:57:30,  2.63s/it, bound:1751 nc:  1 ncall:1.4e+07 eff:0.2% logz-ratio=385208.46+/-0.31 dlogz:0.126>0.01]29237it [14:57:30,  1.80s/it, bound:1751 nc:  1 ncall:1.4e+07 eff:0.2% logz-ratio=385208.47+/-0.31 dlogz:0.097>0.01]29241it [14:57:43,  1.80s/it, bound:1752 nc:  1 ncall:1.4e+07 eff:0.2% logz-ratio=385208.52+/-0.34 dlogz:0.001>0.01]29242it [14:58:18,  4.65s/it, bound:1752 nc:615 ncall:1.4e+07 eff:0.2% logz-ratio=385208.42+/-0.31 dlogz:0.277>0.01]29244it [14:58:18,  3.86s/it, bound:1752 nc:664 ncall:1.4e+07 eff:0.2% logz-ratio=385208.42+/-0.31 dlogz:0.276>0.01]29248it [14:58:18,  2.61s/it, bound:1752 nc:567 ncall:1.4e+07 eff:0.2% logz-ratio=385208.42+/-0.31 dlogz:0.274>0.01]29253it [14:58:18,  1.65s/it, bound:1752 nc:  1 ncall:1.4e+07 eff:0.2% logz-ratio=385208.44+/-0.31 dlogz:0.201>0.01]29257it [14:58:18,  1.17s/it, bound:1753 nc:  1 ncall:1.4e+07 eff:0.2% logz-ratio=385208.45+/-0.31 dlogz:0.161>0.01]29257it [14:58:33,  1.17s/it, bound:1753 nc:  1 ncall:1.4e+07 eff:0.2% logz-ratio=385208.52+/-0.33 dlogz:0.001>0.01]29258it [14:59:01,  5.13s/it, bound:1753 nc:564 ncall:1.4e+07 eff:0.2% logz-ratio=385208.42+/-0.31 dlogz:0.269>0.01]29260it [14:59:18,  5.84s/it, bound:1753 nc:532 ncall:1.4e+07 eff:0.2% logz-ratio=385208.42+/-0.31 dlogz:0.268>0.01]29265it [14:59:18,  3.31s/it, bound:1753 nc:  1 ncall:1.4e+07 eff:0.2% logz-ratio=385208.43+/-0.31 dlogz:0.233>0.01]29270it [14:59:18,  2.05s/it, bound:1753 nc:611 ncall:1.4e+07 eff:0.2% logz-ratio=385208.42+/-0.31 dlogz:0.263>0.01]29273it [14:59:33,  2.05s/it, bound:1754 nc:  1 ncall:1.4e+07 eff:0.2% logz-ratio=385208.52+/-0.33 dlogz:0.001>0.01]29274it [14:59:58,  4.44s/it, bound:1754 nc:581 ncall:1.4e+07 eff:0.2% logz-ratio=385208.42+/-0.31 dlogz:0.261>0.01]29279it [14:59:58,  2.89s/it, bound:1754 nc:  1 ncall:1.4e+07 eff:0.2% logz-ratio=385208.44+/-0.31 dlogz:0.208>0.01]29284it [14:59:58,  1.93s/it, bound:1754 nc:525 ncall:1.4e+07 eff:0.2% logz-ratio=385208.42+/-0.31 dlogz:0.256>0.01]29289it [14:59:58,  1.31s/it, bound:1755 nc:  1 ncall:1.4e+07 eff:0.2% logz-ratio=385208.44+/-0.31 dlogz:0.207>0.01]29289it [15:00:13,  1.31s/it, bound:1755 nc:  1 ncall:1.4e+07 eff:0.2% logz-ratio=385208.52+/-0.33 dlogz:0.001>0.01]29290it [15:00:35,  4.32s/it, bound:1755 nc:536 ncall:1.4e+07 eff:0.2% logz-ratio=385208.42+/-0.31 dlogz:0.253>0.01]29296it [15:00:35,  2.51s/it, bound:1755 nc:  1 ncall:1.4e+07 eff:0.2% logz-ratio=385208.43+/-0.31 dlogz:0.226>0.01]29302it [15:00:35,  1.57s/it, bound:1755 nc:  1 ncall:1.4e+07 eff:0.2% logz-ratio=385208.44+/-0.31 dlogz:0.185>0.01]29305it [15:00:53,  1.57s/it, bound:1756 nc:  1 ncall:1.4e+07 eff:0.2% logz-ratio=385208.51+/-0.33 dlogz:0.001>0.01]29306it [15:01:13,  3.68s/it, bound:1756 nc:506 ncall:1.4e+07 eff:0.2% logz-ratio=385208.43+/-0.31 dlogz:0.246>0.01]29313it [15:01:13,  2.23s/it, bound:1756 nc:  1 ncall:1.4e+07 eff:0.2% logz-ratio=385208.46+/-0.31 dlogz:0.137>0.01]29320it [15:01:14,  1.43s/it, bound:1756 nc:  1 ncall:1.4e+07 eff:0.2% logz-ratio=385208.43+/-0.31 dlogz:0.237>0.01]29321it [15:01:33,  1.43s/it, bound:1757 nc:419 ncall:1.4e+07 eff:0.2% logz-ratio=385208.43+/-0.31 dlogz:0.239>0.01]29322it [15:01:49,  3.49s/it, bound:1757 nc:374 ncall:1.4e+07 eff:0.2% logz-ratio=385208.43+/-0.31 dlogz:0.238>0.01]29325it [15:01:49,  2.74s/it, bound:1757 nc:  1 ncall:1.4e+07 eff:0.2% logz-ratio=385208.48+/-0.31 dlogz:0.074>0.01]29331it [15:01:49,  1.70s/it, bound:1757 nc:  1 ncall:1.4e+07 eff:0.2% logz-ratio=385208.49+/-0.31 dlogz:0.051>0.01]29336it [15:02:03,  1.70s/it, bound:1758 nc:465 ncall:1.4e+07 eff:0.2% logz-ratio=385208.43+/-0.31 dlogz:0.232>0.01]29337it [15:02:20,  2.97s/it, bound:1758 nc:307 ncall:1.4e+07 eff:0.2% logz-ratio=385208.43+/-0.31 dlogz:0.232>0.01]29343it [15:02:21,  1.98s/it, bound:1758 nc:  1 ncall:1.4e+07 eff:0.2% logz-ratio=385208.44+/-0.31 dlogz:0.190>0.01]29349it [15:02:21,  1.34s/it, bound:1758 nc:  1 ncall:1.4e+07 eff:0.2% logz-ratio=385208.46+/-0.31 dlogz:0.130>0.01]29352it [15:02:33,  1.34s/it, bound:1759 nc:  1 ncall:1.4e+07 eff:0.2% logz-ratio=385208.51+/-0.33 dlogz:0.000>0.01]29353it [15:03:02,  3.48s/it, bound:1759 nc:584 ncall:1.4e+07 eff:0.2% logz-ratio=385208.43+/-0.31 dlogz:0.225>0.01]29356it [15:03:02,  2.78s/it, bound:1759 nc:  1 ncall:1.4e+07 eff:0.2% logz-ratio=385208.51+/-0.32 dlogz:0.009>0.01]29361it [15:03:02,  1.89s/it, bound:1759 nc:556 ncall:1.4e+07 eff:0.2% logz-ratio=385208.43+/-0.31 dlogz:0.221>0.01]29366it [15:03:03,  1.30s/it, bound:1759 nc:  1 ncall:1.4e+07 eff:0.2% logz-ratio=385208.44+/-0.31 dlogz:0.181>0.01]29368it [15:03:13,  1.30s/it, bound:1760 nc:  1 ncall:1.4e+07 eff:0.2% logz-ratio=385208.51+/-0.33 dlogz:0.000>0.01]29369it [15:03:56,  4.81s/it, bound:1760 nc:727 ncall:1.4e+07 eff:0.2% logz-ratio=385208.43+/-0.31 dlogz:0.218>0.01]29374it [15:03:56,  3.19s/it, bound:1760 nc:  1 ncall:1.4e+07 eff:0.2% logz-ratio=385208.45+/-0.31 dlogz:0.170>0.01]29379it [15:03:56,  2.17s/it, bound:1760 nc:704 ncall:1.4e+07 eff:0.2% logz-ratio=385208.43+/-0.31 dlogz:0.214>0.01]29384it [15:03:56,  1.49s/it, bound:1761 nc:593 ncall:1.4e+07 eff:0.2% logz-ratio=385208.43+/-0.31 dlogz:0.212>0.01]29384it [15:04:13,  1.49s/it, bound:1761 nc:  1 ncall:1.4e+07 eff:0.2% logz-ratio=385208.51+/-0.33 dlogz:0.000>0.01]29385it [15:04:45,  5.42s/it, bound:1761 nc:681 ncall:1.4e+07 eff:0.2% logz-ratio=385208.43+/-0.31 dlogz:0.212>0.01]29388it [15:04:45,  4.01s/it, bound:1761 nc:  1 ncall:1.4e+07 eff:0.2% logz-ratio=385208.51+/-0.32 dlogz:0.006>0.01]29393it [15:04:45,  2.48s/it, bound:1761 nc:657 ncall:1.4e+07 eff:0.2% logz-ratio=385208.44+/-0.31 dlogz:0.208>0.01]29398it [15:04:45,  1.60s/it, bound:1761 nc:  1 ncall:1.4e+07 eff:0.2% logz-ratio=385208.45+/-0.31 dlogz:0.170>0.01]29400it [15:05:03,  1.60s/it, bound:1762 nc:  1 ncall:1.4e+07 eff:0.2% logz-ratio=385208.51+/-0.33 dlogz:0.000>0.01]29401it [15:05:30,  4.71s/it, bound:1762 nc:528 ncall:1.4e+07 eff:0.2% logz-ratio=385208.44+/-0.31 dlogz:0.205>0.01]29405it [15:05:30,  3.27s/it, bound:1762 nc:630 ncall:1.4e+07 eff:0.2% logz-ratio=385208.44+/-0.31 dlogz:0.204>0.01]29410it [15:05:30,  2.12s/it, bound:1762 nc:  1 ncall:1.4e+07 eff:0.2% logz-ratio=385208.45+/-0.31 dlogz:0.149>0.01]29415it [15:05:30,  1.42s/it, bound:1763 nc:597 ncall:1.4e+07 eff:0.2% logz-ratio=385208.44+/-0.31 dlogz:0.200>0.01]29415it [15:05:43,  1.42s/it, bound:1763 nc:597 ncall:1.4e+07 eff:0.2% logz-ratio=385208.44+/-0.31 dlogz:0.200>0.01]29416it [15:06:13,  5.06s/it, bound:1763 nc:471 ncall:1.4e+07 eff:0.2% logz-ratio=385208.44+/-0.31 dlogz:0.199>0.01]29420it [15:06:14,  3.38s/it, bound:1763 nc:  1 ncall:1.4e+07 eff:0.2% logz-ratio=385208.46+/-0.31 dlogz:0.135>0.01]29425it [15:06:14,  2.13s/it, bound:1763 nc:576 ncall:1.4e+07 eff:0.2% logz-ratio=385208.44+/-0.31 dlogz:0.196>0.01]29429it [15:06:14,  1.50s/it, bound:1763 nc:623 ncall:1.4e+07 eff:0.2% logz-ratio=385208.44+/-0.31 dlogz:0.195>0.01]29431it [15:06:33,  1.50s/it, bound:1764 nc:530 ncall:1.4e+07 eff:0.2% logz-ratio=385208.44+/-0.31 dlogz:0.194>0.01]29432it [15:06:53,  4.34s/it, bound:1764 nc:546 ncall:1.4e+07 eff:0.2% logz-ratio=385208.44+/-0.31 dlogz:0.193>0.01]29436it [15:06:54,  2.98s/it, bound:1764 nc:  1 ncall:1.4e+07 eff:0.2% logz-ratio=385208.45+/-0.31 dlogz:0.156>0.01]29440it [15:06:54,  2.06s/it, bound:1764 nc:  1 ncall:1.4e+07 eff:0.2% logz-ratio=385208.47+/-0.31 dlogz:0.096>0.01]29445it [15:06:54,  1.33s/it, bound:1764 nc:  1 ncall:1.4e+07 eff:0.2% logz-ratio=385208.48+/-0.31 dlogz:0.059>0.01]29447it [15:07:13,  1.33s/it, bound:1765 nc:  1 ncall:1.4e+07 eff:0.2% logz-ratio=385208.51+/-0.33 dlogz:0.000>0.01]29448it [15:07:41,  4.74s/it, bound:1765 nc:623 ncall:1.4e+07 eff:0.2% logz-ratio=385208.44+/-0.31 dlogz:0.188>0.01]29453it [15:07:41,  3.05s/it, bound:1765 nc:  1 ncall:1.4e+07 eff:0.2% logz-ratio=385208.49+/-0.31 dlogz:0.052>0.01]29459it [15:07:42,  1.90s/it, bound:1765 nc:  1 ncall:1.4e+07 eff:0.2% logz-ratio=385208.46+/-0.31 dlogz:0.125>0.01]29463it [15:07:53,  1.90s/it, bound:1766 nc:  1 ncall:1.4e+07 eff:0.2% logz-ratio=385208.51+/-0.33 dlogz:0.000>0.01]29464it [15:08:26,  4.07s/it, bound:1766 nc:609 ncall:1.4e+07 eff:0.2% logz-ratio=385208.44+/-0.31 dlogz:0.182>0.01]29469it [15:08:26,  2.82s/it, bound:1766 nc:  1 ncall:1.4e+07 eff:0.2% logz-ratio=385208.45+/-0.31 dlogz:0.160>0.01]29474it [15:08:26,  1.97s/it, bound:1766 nc:557 ncall:1.4e+07 eff:0.2% logz-ratio=385208.44+/-0.31 dlogz:0.178>0.01]29479it [15:08:26,  1.38s/it, bound:1767 nc:575 ncall:1.4e+07 eff:0.2% logz-ratio=385208.44+/-0.31 dlogz:0.177>0.01]29479it [15:08:43,  1.38s/it, bound:1767 nc:  1 ncall:1.4e+07 eff:0.2% logz-ratio=385208.51+/-0.33 dlogz:0.000>0.01]29480it [15:09:09,  4.68s/it, bound:1767 nc:541 ncall:1.4e+07 eff:0.2% logz-ratio=385208.44+/-0.31 dlogz:0.176>0.01]29485it [15:09:09,  2.98s/it, bound:1767 nc:  1 ncall:1.4e+07 eff:0.2% logz-ratio=385208.45+/-0.31 dlogz:0.147>0.01]29490it [15:09:09,  1.98s/it, bound:1767 nc:519 ncall:1.4e+07 eff:0.2% logz-ratio=385208.45+/-0.31 dlogz:0.173>0.01]29495it [15:09:09,  1.34s/it, bound:1768 nc:  1 ncall:1.4e+07 eff:0.2% logz-ratio=385208.46+/-0.31 dlogz:0.139>0.01]29495it [15:09:23,  1.34s/it, bound:1768 nc:  1 ncall:1.4e+07 eff:0.2% logz-ratio=385208.51+/-0.33 dlogz:0.000>0.01]29496it [15:09:56,  5.22s/it, bound:1768 nc:571 ncall:1.4e+07 eff:0.2% logz-ratio=385208.45+/-0.31 dlogz:0.171>0.01]29498it [15:10:13,  5.85s/it, bound:1768 nc:619 ncall:1.4e+07 eff:0.2% logz-ratio=385208.45+/-0.31 dlogz:0.170>0.01]29503it [15:10:13,  3.45s/it, bound:1768 nc:  1 ncall:1.4e+07 eff:0.2% logz-ratio=385208.49+/-0.31 dlogz:0.052>0.01]29509it [15:10:13,  2.03s/it, bound:1768 nc:  1 ncall:1.4e+07 eff:0.2% logz-ratio=385208.46+/-0.31 dlogz:0.124>0.01]29511it [15:10:33,  2.03s/it, bound:1769 nc:  1 ncall:1.4e+07 eff:0.2% logz-ratio=385208.51+/-0.33 dlogz:0.000>0.01]29512it [15:10:55,  4.78s/it, bound:1769 nc:557 ncall:1.4e+07 eff:0.2% logz-ratio=385208.45+/-0.31 dlogz:0.166>0.01]29517it [15:10:55,  3.10s/it, bound:1769 nc:  1 ncall:1.4e+07 eff:0.2% logz-ratio=385208.46+/-0.31 dlogz:0.138>0.01]29522it [15:10:56,  2.07s/it, bound:1769 nc:440 ncall:1.4e+07 eff:0.2% logz-ratio=385208.45+/-0.31 dlogz:0.163>0.01]29527it [15:10:56,  1.41s/it, bound:1770 nc:525 ncall:1.4e+07 eff:0.2% logz-ratio=385208.45+/-0.31 dlogz:0.161>0.01]29527it [15:11:13,  1.41s/it, bound:1770 nc:525 ncall:1.4e+07 eff:0.2% logz-ratio=385208.45+/-0.31 dlogz:0.161>0.01]29528it [15:11:34,  4.56s/it, bound:1770 nc:503 ncall:1.4e+07 eff:0.2% logz-ratio=385208.45+/-0.31 dlogz:0.161>0.01]29532it [15:11:34,  3.08s/it, bound:1770 nc:  1 ncall:1.4e+07 eff:0.2% logz-ratio=385208.46+/-0.31 dlogz:0.129>0.01]29538it [15:11:34,  1.82s/it, bound:1770 nc:  1 ncall:1.4e+07 eff:0.2% logz-ratio=385208.46+/-0.31 dlogz:0.115>0.01]29543it [15:11:35,  1.23s/it, bound:1771 nc:560 ncall:1.4e+07 eff:0.2% logz-ratio=385208.45+/-0.31 dlogz:0.170>0.01]29543it [15:11:53,  1.23s/it, bound:1771 nc:560 ncall:1.4e+07 eff:0.2% logz-ratio=385208.45+/-0.31 dlogz:0.170>0.01]29544it [15:12:11,  4.23s/it, bound:1771 nc:535 ncall:1.4e+07 eff:0.2% logz-ratio=385208.45+/-0.31 dlogz:0.170>0.01]29548it [15:12:11,  2.84s/it, bound:1771 nc:444 ncall:1.4e+07 eff:0.2% logz-ratio=385208.45+/-0.31 dlogz:0.168>0.01]29554it [15:12:11,  1.67s/it, bound:1771 nc:499 ncall:1.4e+07 eff:0.2% logz-ratio=385208.45+/-0.31 dlogz:0.166>0.01]29559it [15:12:23,  1.67s/it, bound:1772 nc:  1 ncall:1.4e+07 eff:0.2% logz-ratio=385208.52+/-0.33 dlogz:0.000>0.01]29560it [15:12:46,  3.22s/it, bound:1772 nc:453 ncall:1.4e+07 eff:0.2% logz-ratio=385208.45+/-0.31 dlogz:0.165>0.01]29566it [15:12:46,  2.11s/it, bound:1772 nc:406 ncall:1.4e+07 eff:0.2% logz-ratio=385208.45+/-0.31 dlogz:0.163>0.01]29574it [15:12:46,  1.28s/it, bound:1772 nc:  1 ncall:1.4e+07 eff:0.2% logz-ratio=385208.47+/-0.31 dlogz:0.118>0.01]29574it [15:13:03,  1.28s/it, bound:1772 nc:  1 ncall:1.4e+07 eff:0.2% logz-ratio=385208.52+/-0.33 dlogz:0.000>0.01]29575it [15:13:25,  3.73s/it, bound:1773 nc:856 ncall:1.4e+07 eff:0.2% logz-ratio=385208.45+/-0.31 dlogz:0.160>0.01]29581it [15:13:25,  2.39s/it, bound:1773 nc:  1 ncall:1.4e+07 eff:0.2% logz-ratio=385208.46+/-0.31 dlogz:0.133>0.01]29587it [15:13:25,  1.58s/it, bound:1773 nc:550 ncall:1.4e+07 eff:0.2% logz-ratio=385208.45+/-0.31 dlogz:0.156>0.01]29590it [15:13:43,  1.58s/it, bound:1774 nc:526 ncall:1.4e+07 eff:0.2% logz-ratio=385208.45+/-0.31 dlogz:0.155>0.01]29591it [15:14:02,  3.46s/it, bound:1774 nc:881 ncall:1.4e+07 eff:0.2% logz-ratio=385208.45+/-0.31 dlogz:0.155>0.01]29595it [15:14:02,  2.57s/it, bound:1774 nc:  1 ncall:1.4e+07 eff:0.2% logz-ratio=385208.47+/-0.32 dlogz:0.098>0.01]29600it [15:14:02,  1.76s/it, bound:1774 nc:501 ncall:1.4e+07 eff:0.2% logz-ratio=385208.46+/-0.31 dlogz:0.152>0.01]29605it [15:14:13,  1.76s/it, bound:1775 nc:  1 ncall:1.4e+07 eff:0.2% logz-ratio=385208.52+/-0.33 dlogz:0.000>0.01]29606it [15:15:15,  5.41s/it, bound:1775 nc:898 ncall:1.4e+07 eff:0.2% logz-ratio=385208.46+/-0.32 dlogz:0.151>0.01]29609it [15:15:15,  4.33s/it, bound:1775 nc:  1 ncall:1.4e+07 eff:0.2% logz-ratio=385208.46+/-0.32 dlogz:0.141>0.01]29614it [15:15:15,  2.94s/it, bound:1775 nc:913 ncall:1.4e+07 eff:0.2% logz-ratio=385208.46+/-0.32 dlogz:0.148>0.01]29618it [15:15:15,  2.16s/it, bound:1775 nc:929 ncall:1.4e+07 eff:0.2% logz-ratio=385208.46+/-0.32 dlogz:0.147>0.01]29621it [15:15:15,  1.69s/it, bound:1776 nc:  1 ncall:1.5e+07 eff:0.2% logz-ratio=385208.48+/-0.32 dlogz:0.068>0.01]29621it [15:15:33,  1.69s/it, bound:1776 nc:  1 ncall:1.5e+07 eff:0.2% logz-ratio=385208.52+/-0.33 dlogz:0.000>0.01]29622it [15:16:13,  7.06s/it, bound:1776 nc:795 ncall:1.5e+07 eff:0.2% logz-ratio=385208.46+/-0.32 dlogz:0.146>0.01]29627it [15:16:13,  4.19s/it, bound:1776 nc:  1 ncall:1.5e+07 eff:0.2% logz-ratio=385208.46+/-0.32 dlogz:0.140>0.01]29631it [15:16:13,  2.86s/it, bound:1776 nc:  1 ncall:1.5e+07 eff:0.2% logz-ratio=385208.47+/-0.32 dlogz:0.091>0.01]29635it [15:16:13,  1.98s/it, bound:1776 nc:  1 ncall:1.5e+07 eff:0.2% logz-ratio=385208.48+/-0.32 dlogz:0.083>0.01]29637it [15:16:33,  1.98s/it, bound:1777 nc:  1 ncall:1.5e+07 eff:0.2% logz-ratio=385208.52+/-0.33 dlogz:0.000>0.01]29638it [15:17:07,  5.98s/it, bound:1777 nc:729 ncall:1.5e+07 eff:0.2% logz-ratio=385208.46+/-0.32 dlogz:0.142>0.01]29642it [15:17:07,  4.05s/it, bound:1777 nc:718 ncall:1.5e+07 eff:0.2% logz-ratio=385208.46+/-0.32 dlogz:0.140>0.01]29646it [15:17:07,  2.78s/it, bound:1777 nc:718 ncall:1.5e+07 eff:0.2% logz-ratio=385208.46+/-0.32 dlogz:0.139>0.01]29650it [15:17:07,  1.92s/it, bound:1777 nc:753 ncall:1.5e+07 eff:0.2% logz-ratio=385208.46+/-0.32 dlogz:0.138>0.01]29652it [15:17:23,  1.92s/it, bound:1778 nc:761 ncall:1.5e+07 eff:0.2% logz-ratio=385208.46+/-0.32 dlogz:0.138>0.01]29653it [15:17:56,  5.51s/it, bound:1778 nc:673 ncall:1.5e+07 eff:0.2% logz-ratio=385208.46+/-0.32 dlogz:0.137>0.01]29656it [15:17:56,  4.07s/it, bound:1778 nc:663 ncall:1.5e+07 eff:0.2% logz-ratio=385208.46+/-0.32 dlogz:0.137>0.01]29660it [15:17:56,  2.72s/it, bound:1778 nc:708 ncall:1.5e+07 eff:0.2% logz-ratio=385208.46+/-0.32 dlogz:0.136>0.01]29665it [15:17:56,  1.71s/it, bound:1778 nc:  1 ncall:1.5e+07 eff:0.2% logz-ratio=385208.47+/-0.32 dlogz:0.103>0.01]29668it [15:18:13,  1.71s/it, bound:1779 nc:593 ncall:1.5e+07 eff:0.2% logz-ratio=385208.46+/-0.32 dlogz:0.134>0.01]29669it [15:18:44,  4.77s/it, bound:1779 nc:584 ncall:1.5e+07 eff:0.2% logz-ratio=385208.46+/-0.32 dlogz:0.133>0.01]29672it [15:18:44,  3.63s/it, bound:1779 nc:656 ncall:1.5e+07 eff:0.2% logz-ratio=385208.46+/-0.32 dlogz:0.133>0.01]29676it [15:18:44,  2.49s/it, bound:1779 nc:618 ncall:1.5e+07 eff:0.2% logz-ratio=385208.46+/-0.32 dlogz:0.131>0.01]29680it [15:18:44,  1.72s/it, bound:1779 nc:623 ncall:1.5e+07 eff:0.2% logz-ratio=385208.46+/-0.32 dlogz:0.130>0.01]29684it [15:19:03,  1.72s/it, bound:1780 nc:619 ncall:1.5e+07 eff:0.2% logz-ratio=385208.46+/-0.32 dlogz:0.129>0.01]29685it [15:19:31,  4.41s/it, bound:1780 nc:561 ncall:1.5e+07 eff:0.2% logz-ratio=385208.46+/-0.32 dlogz:0.129>0.01]29688it [15:19:31,  3.38s/it, bound:1780 nc:668 ncall:1.5e+07 eff:0.2% logz-ratio=385208.46+/-0.32 dlogz:0.128>0.01]29693it [15:19:31,  2.18s/it, bound:1780 nc:  1 ncall:1.5e+07 eff:0.2% logz-ratio=385208.47+/-0.32 dlogz:0.098>0.01]29697it [15:19:31,  1.55s/it, bound:1780 nc:583 ncall:1.5e+07 eff:0.2% logz-ratio=385208.46+/-0.32 dlogz:0.126>0.01]29700it [15:19:43,  1.55s/it, bound:1781 nc:595 ncall:1.5e+07 eff:0.2% logz-ratio=385208.46+/-0.32 dlogz:0.125>0.01]29701it [15:20:16,  4.40s/it, bound:1781 nc:553 ncall:1.5e+07 eff:0.2% logz-ratio=385208.46+/-0.32 dlogz:0.125>0.01]29702it [15:20:33,  5.60s/it, bound:1781 nc:640 ncall:1.5e+07 eff:0.2% logz-ratio=385208.46+/-0.32 dlogz:0.125>0.01]29706it [15:20:33,  3.64s/it, bound:1781 nc:666 ncall:1.5e+07 eff:0.2% logz-ratio=385208.46+/-0.32 dlogz:0.124>0.01]29710it [15:20:33,  2.44s/it, bound:1781 nc:619 ncall:1.5e+07 eff:0.2% logz-ratio=385208.46+/-0.32 dlogz:0.123>0.01]29715it [15:20:33,  1.53s/it, bound:1781 nc:  1 ncall:1.5e+07 eff:0.2% logz-ratio=385208.48+/-0.32 dlogz:0.076>0.01]29716it [15:20:53,  1.53s/it, bound:1782 nc:596 ncall:1.5e+07 eff:0.2% logz-ratio=385208.46+/-0.32 dlogz:0.122>0.01]29717it [15:21:14,  4.83s/it, bound:1782 nc:538 ncall:1.5e+07 eff:0.2% logz-ratio=385208.46+/-0.32 dlogz:0.121>0.01]29719it [15:21:14,  3.87s/it, bound:1782 nc:  1 ncall:1.5e+07 eff:0.2% logz-ratio=385208.50+/-0.32 dlogz:0.022>0.01]29724it [15:21:14,  2.26s/it, bound:1782 nc:  1 ncall:1.5e+07 eff:0.2% logz-ratio=385208.47+/-0.32 dlogz:0.101>0.01]29728it [15:21:14,  1.54s/it, bound:1782 nc:582 ncall:1.5e+07 eff:0.2% logz-ratio=385208.47+/-0.32 dlogz:0.119>0.01]29732it [15:21:14,  1.06s/it, bound:1783 nc:  1 ncall:1.5e+07 eff:0.2% logz-ratio=385208.47+/-0.32 dlogz:0.105>0.01]29732it [15:21:33,  1.06s/it, bound:1783 nc:  1 ncall:1.5e+07 eff:0.2% logz-ratio=385208.52+/-0.33 dlogz:0.000>0.01]29733it [15:21:56,  5.17s/it, bound:1783 nc:587 ncall:1.5e+07 eff:0.2% logz-ratio=385208.47+/-0.32 dlogz:0.118>0.01]29737it [15:21:56,  3.28s/it, bound:1783 nc:559 ncall:1.5e+07 eff:0.2% logz-ratio=385208.47+/-0.32 dlogz:0.117>0.01]29742it [15:21:56,  1.99s/it, bound:1783 nc:  1 ncall:1.5e+07 eff:0.2% logz-ratio=385208.47+/-0.32 dlogz:0.115>0.01]29747it [15:21:56,  1.28s/it, bound:1784 nc:473 ncall:1.5e+07 eff:0.2% logz-ratio=385208.47+/-0.32 dlogz:0.114>0.01]29747it [15:22:13,  1.28s/it, bound:1784 nc:473 ncall:1.5e+07 eff:0.2% logz-ratio=385208.47+/-0.32 dlogz:0.114>0.01]29748it [15:22:39,  5.19s/it, bound:1784 nc:575 ncall:1.5e+07 eff:0.2% logz-ratio=385208.47+/-0.32 dlogz:0.114>0.01]29752it [15:22:39,  3.39s/it, bound:1784 nc:  1 ncall:1.5e+07 eff:0.2% logz-ratio=385208.50+/-0.32 dlogz:0.035>0.01]29758it [15:22:40,  1.95s/it, bound:1784 nc:  1 ncall:1.5e+07 eff:0.2% logz-ratio=385208.48+/-0.32 dlogz:0.065>0.01]29763it [15:22:53,  1.95s/it, bound:1785 nc:626 ncall:1.5e+07 eff:0.2% logz-ratio=385208.47+/-0.32 dlogz:0.111>0.01]29764it [15:23:29,  4.31s/it, bound:1785 nc:696 ncall:1.5e+07 eff:0.2% logz-ratio=385208.47+/-0.32 dlogz:0.111>0.01]29766it [15:23:29,  3.66s/it, bound:1785 nc:  1 ncall:1.5e+07 eff:0.2% logz-ratio=385208.48+/-0.32 dlogz:0.080>0.01]29770it [15:23:29,  2.55s/it, bound:1785 nc:677 ncall:1.5e+07 eff:0.2% logz-ratio=385208.47+/-0.32 dlogz:0.109>0.01]29774it [15:23:29,  1.79s/it, bound:1785 nc:611 ncall:1.5e+07 eff:0.2% logz-ratio=385208.47+/-0.32 dlogz:0.109>0.01]29778it [15:23:29,  1.26s/it, bound:1785 nc:630 ncall:1.5e+07 eff:0.2% logz-ratio=385208.47+/-0.32 dlogz:0.108>0.01]29779it [15:23:43,  1.26s/it, bound:1786 nc:642 ncall:1.5e+07 eff:0.2% logz-ratio=385208.47+/-0.32 dlogz:0.108>0.01]29780it [15:24:12,  4.82s/it, bound:1786 nc:614 ncall:1.5e+07 eff:0.2% logz-ratio=385208.47+/-0.32 dlogz:0.107>0.01]29784it [15:24:12,  3.21s/it, bound:1786 nc:  1 ncall:1.5e+07 eff:0.2% logz-ratio=385208.47+/-0.32 dlogz:0.089>0.01]29788it [15:24:12,  2.18s/it, bound:1786 nc:  1 ncall:1.5e+07 eff:0.2% logz-ratio=385208.49+/-0.32 dlogz:0.062>0.01]29792it [15:24:12,  1.49s/it, bound:1786 nc:597 ncall:1.5e+07 eff:0.2% logz-ratio=385208.47+/-0.32 dlogz:0.118>0.01]29794it [15:24:23,  1.49s/it, bound:1787 nc:  1 ncall:1.5e+07 eff:0.2% logz-ratio=385208.52+/-0.33 dlogz:0.000>0.01]29795it [15:24:51,  4.44s/it, bound:1787 nc:487 ncall:1.5e+07 eff:0.2% logz-ratio=385208.47+/-0.32 dlogz:0.117>0.01]29800it [15:24:52,  2.78s/it, bound:1787 nc:569 ncall:1.5e+07 eff:0.2% logz-ratio=385208.47+/-0.32 dlogz:0.116>0.01]29805it [15:24:52,  1.81s/it, bound:1787 nc:  1 ncall:1.5e+07 eff:0.2% logz-ratio=385208.47+/-0.32 dlogz:0.108>0.01]29810it [15:24:52,  1.22s/it, bound:1788 nc:479 ncall:1.5e+07 eff:0.2% logz-ratio=385208.47+/-0.32 dlogz:0.114>0.01]29810it [15:25:03,  1.22s/it, bound:1788 nc:479 ncall:1.5e+07 eff:0.2% logz-ratio=385208.47+/-0.32 dlogz:0.114>0.01]29811it [15:25:50,  6.19s/it, bound:1788 nc:712 ncall:1.5e+07 eff:0.2% logz-ratio=385208.47+/-0.32 dlogz:0.114>0.01]29815it [15:25:50,  4.15s/it, bound:1788 nc:  1 ncall:1.5e+07 eff:0.2% logz-ratio=385208.47+/-0.32 dlogz:0.105>0.01]29820it [15:25:50,  2.61s/it, bound:1788 nc:669 ncall:1.5e+07 eff:0.2% logz-ratio=385208.47+/-0.32 dlogz:0.112>0.01]29825it [15:25:51,  1.71s/it, bound:1788 nc:  1 ncall:1.5e+07 eff:0.2% logz-ratio=385208.48+/-0.32 dlogz:0.095>0.01]29826it [15:26:03,  1.71s/it, bound:1789 nc:812 ncall:1.5e+07 eff:0.2% logz-ratio=385208.47+/-0.32 dlogz:0.110>0.01]29827it [15:26:45,  5.94s/it, bound:1789 nc:779 ncall:1.5e+07 eff:0.2% logz-ratio=385208.47+/-0.32 dlogz:0.110>0.01]29829it [15:26:45,  4.82s/it, bound:1789 nc:  1 ncall:1.5e+07 eff:0.2% logz-ratio=385208.49+/-0.32 dlogz:0.043>0.01]29833it [15:26:45,  3.12s/it, bound:1789 nc:739 ncall:1.5e+07 eff:0.2% logz-ratio=385208.47+/-0.32 dlogz:0.109>0.01]29837it [15:26:45,  2.08s/it, bound:1789 nc:  1 ncall:1.5e+07 eff:0.2% logz-ratio=385208.47+/-0.32 dlogz:0.102>0.01]29841it [15:26:46,  1.42s/it, bound:1789 nc:632 ncall:1.5e+07 eff:0.2% logz-ratio=385208.47+/-0.32 dlogz:0.107>0.01]29842it [15:27:03,  1.42s/it, bound:1790 nc:732 ncall:1.5e+07 eff:0.2% logz-ratio=385208.47+/-0.32 dlogz:0.107>0.01]29843it [15:27:32,  5.54s/it, bound:1790 nc:649 ncall:1.5e+07 eff:0.2% logz-ratio=385208.47+/-0.32 dlogz:0.107>0.01]29846it [15:27:32,  3.96s/it, bound:1790 nc:686 ncall:1.5e+07 eff:0.2% logz-ratio=385208.47+/-0.32 dlogz:0.106>0.01]29851it [15:27:32,  2.36s/it, bound:1790 nc:  1 ncall:1.5e+07 eff:0.2% logz-ratio=385208.49+/-0.32 dlogz:0.060>0.01]29855it [15:27:33,  1.62s/it, bound:1790 nc:576 ncall:1.5e+07 eff:0.2% logz-ratio=385208.47+/-0.32 dlogz:0.104>0.01]29858it [15:27:43,  1.62s/it, bound:1791 nc:640 ncall:1.5e+07 eff:0.2% logz-ratio=385208.47+/-0.32 dlogz:0.104>0.01]29859it [15:28:16,  4.48s/it, bound:1791 nc:591 ncall:1.5e+07 eff:0.2% logz-ratio=385208.47+/-0.32 dlogz:0.103>0.01]29863it [15:28:16,  3.10s/it, bound:1791 nc:  1 ncall:1.5e+07 eff:0.2% logz-ratio=385208.48+/-0.32 dlogz:0.099>0.01]29867it [15:28:16,  2.16s/it, bound:1791 nc:  1 ncall:1.5e+07 eff:0.2% logz-ratio=385208.47+/-0.32 dlogz:0.101>0.01]29871it [15:28:16,  1.51s/it, bound:1791 nc:573 ncall:1.5e+07 eff:0.2% logz-ratio=385208.47+/-0.32 dlogz:0.101>0.01]29874it [15:28:33,  1.51s/it, bound:1792 nc:556 ncall:1.5e+07 eff:0.2% logz-ratio=385208.47+/-0.32 dlogz:0.100>0.01]29875it [15:29:07,  4.89s/it, bound:1792 nc:553 ncall:1.5e+07 eff:0.2% logz-ratio=385208.47+/-0.32 dlogz:0.100>0.01]29879it [15:29:07,  3.42s/it, bound:1792 nc:  1 ncall:1.5e+07 eff:0.2% logz-ratio=385208.48+/-0.32 dlogz:0.086>0.01]29883it [15:29:07,  2.40s/it, bound:1792 nc:  1 ncall:1.5e+07 eff:0.2% logz-ratio=385208.49+/-0.32 dlogz:0.067>0.01]29887it [15:29:07,  1.68s/it, bound:1792 nc:  1 ncall:1.5e+07 eff:0.2% logz-ratio=385208.49+/-0.32 dlogz:0.042>0.01]29889it [15:29:23,  1.68s/it, bound:1793 nc:631 ncall:1.5e+07 eff:0.2% logz-ratio=385208.48+/-0.32 dlogz:0.098>0.01]29890it [15:29:51,  4.83s/it, bound:1793 nc:532 ncall:1.5e+07 eff:0.2% logz-ratio=385208.48+/-0.32 dlogz:0.097>0.01]29893it [15:29:51,  3.59s/it, bound:1793 nc:540 ncall:1.5e+07 eff:0.2% logz-ratio=385208.48+/-0.32 dlogz:0.097>0.01]29897it [15:29:51,  2.41s/it, bound:1793 nc:615 ncall:1.5e+07 eff:0.2% logz-ratio=385208.48+/-0.32 dlogz:0.096>0.01]29902it [15:29:51,  1.53s/it, bound:1793 nc:  1 ncall:1.5e+07 eff:0.2% logz-ratio=385208.48+/-0.32 dlogz:0.100>0.01]29905it [15:30:03,  1.53s/it, bound:1794 nc:605 ncall:1.5e+07 eff:0.2% logz-ratio=385208.48+/-0.32 dlogz:0.119>0.01]29906it [15:30:32,  4.13s/it, bound:1794 nc:590 ncall:1.5e+07 eff:0.2% logz-ratio=385208.48+/-0.32 dlogz:0.119>0.01]29907it [15:30:50,  5.47s/it, bound:1794 nc:595 ncall:1.5e+07 eff:0.2% logz-ratio=385208.48+/-0.32 dlogz:0.119>0.01]29912it [15:30:50,  3.25s/it, bound:1794 nc:  1 ncall:1.5e+07 eff:0.2% logz-ratio=385208.48+/-0.32 dlogz:0.117>0.01]29917it [15:30:50,  2.07s/it, bound:1794 nc:604 ncall:1.5e+07 eff:0.2% logz-ratio=385208.48+/-0.32 dlogz:0.117>0.01]29921it [15:31:03,  2.07s/it, bound:1795 nc:  1 ncall:1.5e+07 eff:0.2% logz-ratio=385208.52+/-0.32 dlogz:0.000>0.01]29922it [15:31:29,  3.99s/it, bound:1795 nc:500 ncall:1.5e+07 eff:0.2% logz-ratio=385208.48+/-0.32 dlogz:0.116>0.01]29929it [15:31:29,  2.37s/it, bound:1795 nc:  1 ncall:1.5e+07 eff:0.2% logz-ratio=385208.48+/-0.32 dlogz:0.101>0.01]29935it [15:31:29,  1.59s/it, bound:1795 nc:506 ncall:1.5e+07 eff:0.2% logz-ratio=385208.48+/-0.32 dlogz:0.113>0.01]29937it [15:31:43,  1.59s/it, bound:1796 nc:  1 ncall:1.5e+07 eff:0.2% logz-ratio=385208.52+/-0.32 dlogz:0.000>0.01]29938it [15:32:07,  3.70s/it, bound:1796 nc:561 ncall:1.5e+07 eff:0.2% logz-ratio=385208.48+/-0.32 dlogz:0.112>0.01]29941it [15:32:07,  2.91s/it, bound:1796 nc:  1 ncall:1.5e+07 eff:0.2% logz-ratio=385208.50+/-0.32 dlogz:0.047>0.01]29946it [15:32:07,  1.93s/it, bound:1796 nc:547 ncall:1.5e+07 eff:0.2% logz-ratio=385208.48+/-0.32 dlogz:0.110>0.01]29951it [15:32:07,  1.32s/it, bound:1796 nc:533 ncall:1.5e+07 eff:0.2% logz-ratio=385208.48+/-0.32 dlogz:0.109>0.01]29953it [15:32:23,  1.32s/it, bound:1797 nc:  1 ncall:1.5e+07 eff:0.2% logz-ratio=385208.52+/-0.32 dlogz:0.000>0.01]29954it [15:32:52,  4.33s/it, bound:1797 nc:651 ncall:1.5e+07 eff:0.2% logz-ratio=385208.48+/-0.32 dlogz:0.109>0.01]29958it [15:32:53,  3.07s/it, bound:1797 nc:625 ncall:1.5e+07 eff:0.2% logz-ratio=385208.48+/-0.32 dlogz:0.108>0.01]29962it [15:32:53,  2.17s/it, bound:1797 nc:584 ncall:1.5e+07 eff:0.2% logz-ratio=385208.48+/-0.32 dlogz:0.107>0.01]29966it [15:32:53,  1.53s/it, bound:1797 nc:671 ncall:1.5e+07 eff:0.2% logz-ratio=385208.48+/-0.32 dlogz:0.106>0.01]29968it [15:33:13,  1.53s/it, bound:1798 nc:628 ncall:1.5e+07 eff:0.2% logz-ratio=385208.48+/-0.32 dlogz:0.106>0.01]29969it [15:33:33,  4.42s/it, bound:1798 nc:589 ncall:1.5e+07 eff:0.2% logz-ratio=385208.48+/-0.32 dlogz:0.105>0.01]29972it [15:33:33,  3.29s/it, bound:1798 nc:493 ncall:1.5e+07 eff:0.2% logz-ratio=385208.48+/-0.32 dlogz:0.105>0.01]29977it [15:33:33,  2.05s/it, bound:1798 nc:  1 ncall:1.5e+07 eff:0.2% logz-ratio=385208.49+/-0.32 dlogz:0.087>0.01]29982it [15:33:34,  1.34s/it, bound:1798 nc:  1 ncall:1.5e+07 eff:0.2% logz-ratio=385208.49+/-0.32 dlogz:0.076>0.01]29984it [15:33:53,  1.34s/it, bound:1799 nc:  1 ncall:1.5e+07 eff:0.2% logz-ratio=385208.52+/-0.32 dlogz:0.000>0.01]29985it [15:34:09,  3.78s/it, bound:1799 nc:497 ncall:1.5e+07 eff:0.2% logz-ratio=385208.48+/-0.32 dlogz:0.102>0.01]29990it [15:34:09,  2.44s/it, bound:1799 nc:394 ncall:1.5e+07 eff:0.2% logz-ratio=385208.48+/-0.32 dlogz:0.101>0.01]29995it [15:34:09,  1.63s/it, bound:1799 nc:502 ncall:1.5e+07 eff:0.2% logz-ratio=385208.48+/-0.32 dlogz:0.100>0.01]30000it [15:34:23,  1.63s/it, bound:1800 nc:484 ncall:1.5e+07 eff:0.2% logz-ratio=385208.48+/-0.32 dlogz:0.099>0.01]30001it [15:34:43,  3.10s/it, bound:1800 nc:431 ncall:1.5e+07 eff:0.2% logz-ratio=385208.48+/-0.32 dlogz:0.099>0.01]30008it [15:34:43,  1.93s/it, bound:1800 nc:  1 ncall:1.5e+07 eff:0.2% logz-ratio=385208.48+/-0.32 dlogz:0.097>0.01]30014it [15:34:43,  1.32s/it, bound:1800 nc:421 ncall:1.5e+07 eff:0.2% logz-ratio=385208.48+/-0.32 dlogz:0.097>0.01]30016it [15:35:03,  1.32s/it, bound:1801 nc:458 ncall:1.5e+07 eff:0.2% logz-ratio=385208.48+/-0.32 dlogz:0.096>0.01]30017it [15:35:13,  2.93s/it, bound:1801 nc:410 ncall:1.5e+07 eff:0.2% logz-ratio=385208.48+/-0.32 dlogz:0.096>0.01]30023it [15:35:14,  1.92s/it, bound:1801 nc:  1 ncall:1.5e+07 eff:0.2% logz-ratio=385208.49+/-0.32 dlogz:0.084>0.01]30029it [15:35:14,  1.29s/it, bound:1801 nc:  1 ncall:1.5e+07 eff:0.2% logz-ratio=385208.49+/-0.32 dlogz:0.055>0.01]30032it [15:35:33,  1.29s/it, bound:1802 nc:  1 ncall:1.5e+07 eff:0.2% logz-ratio=385208.52+/-0.32 dlogz:0.000>0.01]30033it [15:35:41,  2.61s/it, bound:1802 nc:686 ncall:1.5e+07 eff:0.2% logz-ratio=385208.48+/-0.32 dlogz:0.093>0.01]30040it [15:35:41,  1.64s/it, bound:1802 nc:  1 ncall:1.5e+07 eff:0.2% logz-ratio=385208.49+/-0.32 dlogz:0.082>0.01]30047it [15:35:41,  1.07s/it, bound:1803 nc:353 ncall:1.5e+07 eff:0.2% logz-ratio=385208.48+/-0.32 dlogz:0.091>0.01]30047it [15:35:53,  1.07s/it, bound:1803 nc:353 ncall:1.5e+07 eff:0.2% logz-ratio=385208.48+/-0.32 dlogz:0.091>0.01]30048it [15:36:24,  3.88s/it, bound:1803 nc:462 ncall:1.5e+07 eff:0.2% logz-ratio=385208.48+/-0.32 dlogz:0.090>0.01]30052it [15:36:25,  2.82s/it, bound:1803 nc:473 ncall:1.5e+07 eff:0.2% logz-ratio=385208.48+/-0.32 dlogz:0.090>0.01]30058it [15:36:25,  1.78s/it, bound:1803 nc:622 ncall:1.5e+07 eff:0.2% logz-ratio=385208.48+/-0.32 dlogz:0.089>0.01]30063it [15:36:25,  1.24s/it, bound:1804 nc:  1 ncall:1.5e+07 eff:0.2% logz-ratio=385208.49+/-0.32 dlogz:0.066>0.01]30063it [15:36:43,  1.24s/it, bound:1804 nc:  1 ncall:1.5e+07 eff:0.2% logz-ratio=385208.52+/-0.32 dlogz:0.000>0.01]30064it [15:37:11,  4.84s/it, bound:1804 nc:514 ncall:1.5e+07 eff:0.2% logz-ratio=385208.48+/-0.32 dlogz:0.088>0.01]30069it [15:37:11,  3.08s/it, bound:1804 nc:  1 ncall:1.5e+07 eff:0.2% logz-ratio=385208.49+/-0.32 dlogz:0.075>0.01]30074it [15:37:11,  2.03s/it, bound:1804 nc:560 ncall:1.5e+07 eff:0.2% logz-ratio=385208.49+/-0.32 dlogz:0.086>0.01]30079it [15:37:11,  1.37s/it, bound:1805 nc:  1 ncall:1.5e+07 eff:0.2% logz-ratio=385208.50+/-0.32 dlogz:0.048>0.01]30079it [15:37:23,  1.37s/it, bound:1805 nc:  1 ncall:1.5e+07 eff:0.2% logz-ratio=385208.52+/-0.32 dlogz:0.000>0.01]30080it [15:37:50,  4.59s/it, bound:1805 nc:510 ncall:1.5e+07 eff:0.2% logz-ratio=385208.49+/-0.32 dlogz:0.085>0.01]30085it [15:37:50,  2.85s/it, bound:1805 nc:  1 ncall:1.5e+07 eff:0.2% logz-ratio=385208.51+/-0.32 dlogz:0.018>0.01]30090it [15:37:50,  1.85s/it, bound:1805 nc:  1 ncall:1.5e+07 eff:0.2% logz-ratio=385208.49+/-0.32 dlogz:0.083>0.01]30095it [15:37:50,  1.24s/it, bound:1806 nc:494 ncall:1.5e+07 eff:0.2% logz-ratio=385208.49+/-0.32 dlogz:0.082>0.01]30095it [15:38:03,  1.24s/it, bound:1806 nc:  1 ncall:1.5e+07 eff:0.2% logz-ratio=385208.52+/-0.32 dlogz:0.000>0.01]30096it [15:38:26,  4.24s/it, bound:1806 nc:443 ncall:1.5e+07 eff:0.2% logz-ratio=385208.49+/-0.32 dlogz:0.082>0.01]30104it [15:38:26,  2.13s/it, bound:1806 nc:  1 ncall:1.5e+07 eff:0.2% logz-ratio=385208.49+/-0.32 dlogz:0.063>0.01]30110it [15:38:26,  1.39s/it, bound:1806 nc:  1 ncall:1.5e+07 eff:0.2% logz-ratio=385208.49+/-0.32 dlogz:0.070>0.01]30111it [15:38:43,  1.39s/it, bound:1807 nc:388 ncall:1.5e+07 eff:0.2% logz-ratio=385208.49+/-0.32 dlogz:0.080>0.01]30112it [15:38:56,  3.35s/it, bound:1807 nc:435 ncall:1.5e+07 eff:0.2% logz-ratio=385208.49+/-0.32 dlogz:0.080>0.01]30117it [15:38:56,  2.23s/it, bound:1807 nc:394 ncall:1.5e+07 eff:0.2% logz-ratio=385208.49+/-0.32 dlogz:0.079>0.01]30123it [15:38:56,  1.42s/it, bound:1807 nc:461 ncall:1.5e+07 eff:0.2% logz-ratio=385208.49+/-0.32 dlogz:0.078>0.01]30126it [15:39:13,  1.42s/it, bound:1808 nc:415 ncall:1.5e+07 eff:0.2% logz-ratio=385208.49+/-0.32 dlogz:0.078>0.01]30127it [15:39:36,  3.62s/it, bound:1808 nc:562 ncall:1.5e+07 eff:0.2% logz-ratio=385208.49+/-0.32 dlogz:0.077>0.01]30132it [15:39:36,  2.48s/it, bound:1808 nc:  1 ncall:1.5e+07 eff:0.2% logz-ratio=385208.49+/-0.32 dlogz:0.071>0.01]30138it [15:39:36,  1.62s/it, bound:1808 nc:481 ncall:1.5e+07 eff:0.2% logz-ratio=385208.49+/-0.32 dlogz:0.076>0.01]30141it [15:39:53,  1.62s/it, bound:1808 nc:529 ncall:1.5e+07 eff:0.2% logz-ratio=385208.49+/-0.32 dlogz:0.075>0.01]30142it [15:40:40,  5.18s/it, bound:1809 nc:1358 ncall:1.5e+07 eff:0.2% logz-ratio=385208.49+/-0.32 dlogz:0.075>0.01]30145it [15:40:40,  4.09s/it, bound:1809 nc:872 ncall:1.5e+07 eff:0.2% logz-ratio=385208.49+/-0.32 dlogz:0.075>0.01] 30150it [15:40:40,  2.72s/it, bound:1809 nc:  1 ncall:1.5e+07 eff:0.2% logz-ratio=385208.49+/-0.32 dlogz:0.062>0.01]30155it [15:40:40,  1.85s/it, bound:1809 nc:927 ncall:1.5e+07 eff:0.2% logz-ratio=385208.49+/-0.32 dlogz:0.073>0.01]30157it [15:40:53,  1.85s/it, bound:1810 nc:870 ncall:1.5e+07 eff:0.2% logz-ratio=385208.49+/-0.32 dlogz:0.073>0.01]30158it [15:41:33,  5.26s/it, bound:1810 nc:651 ncall:1.5e+07 eff:0.2% logz-ratio=385208.49+/-0.32 dlogz:0.073>0.01]30159it [15:41:50,  6.44s/it, bound:1810 nc:640 ncall:1.5e+07 eff:0.2% logz-ratio=385208.49+/-0.32 dlogz:0.073>0.01]30163it [15:41:50,  4.20s/it, bound:1810 nc:633 ncall:1.5e+07 eff:0.2% logz-ratio=385208.49+/-0.32 dlogz:0.072>0.01]30168it [15:41:51,  2.60s/it, bound:1810 nc:  1 ncall:1.5e+07 eff:0.2% logz-ratio=385208.49+/-0.32 dlogz:0.070>0.01]30173it [15:41:51,  1.69s/it, bound:1811 nc:659 ncall:1.5e+07 eff:0.2% logz-ratio=385208.49+/-0.32 dlogz:0.071>0.01]30173it [15:42:03,  1.69s/it, bound:1811 nc:659 ncall:1.5e+07 eff:0.2% logz-ratio=385208.49+/-0.32 dlogz:0.071>0.01]30174it [15:42:34,  5.48s/it, bound:1811 nc:554 ncall:1.5e+07 eff:0.2% logz-ratio=385208.49+/-0.32 dlogz:0.071>0.01]30177it [15:42:34,  3.94s/it, bound:1811 nc:573 ncall:1.5e+07 eff:0.2% logz-ratio=385208.49+/-0.32 dlogz:0.070>0.01]30182it [15:42:34,  2.36s/it, bound:1811 nc:  1 ncall:1.5e+07 eff:0.2% logz-ratio=385208.49+/-0.32 dlogz:0.054>0.01]30187it [15:42:34,  1.51s/it, bound:1811 nc:592 ncall:1.5e+07 eff:0.2% logz-ratio=385208.49+/-0.32 dlogz:0.069>0.01]30189it [15:42:53,  1.51s/it, bound:1812 nc:622 ncall:1.5e+07 eff:0.2% logz-ratio=385208.49+/-0.32 dlogz:0.069>0.01]30190it [15:43:12,  4.14s/it, bound:1812 nc:545 ncall:1.5e+07 eff:0.2% logz-ratio=385208.49+/-0.32 dlogz:0.068>0.01]30195it [15:43:12,  2.65s/it, bound:1812 nc:  1 ncall:1.5e+07 eff:0.2% logz-ratio=385208.50+/-0.32 dlogz:0.031>0.01]30202it [15:43:12,  1.54s/it, bound:1812 nc:  1 ncall:1.5e+07 eff:0.2% logz-ratio=385208.49+/-0.32 dlogz:0.060>0.01]30205it [15:43:23,  1.54s/it, bound:1813 nc:484 ncall:1.5e+07 eff:0.2% logz-ratio=385208.49+/-0.32 dlogz:0.066>0.01]30206it [15:43:47,  3.38s/it, bound:1813 nc:489 ncall:1.5e+07 eff:0.2% logz-ratio=385208.49+/-0.32 dlogz:0.066>0.01]30213it [15:43:47,  2.07s/it, bound:1813 nc:  1 ncall:1.5e+07 eff:0.2% logz-ratio=385208.50+/-0.32 dlogz:0.025>0.01]30221it [15:44:03,  2.07s/it, bound:1814 nc:477 ncall:1.5e+07 eff:0.2% logz-ratio=385208.49+/-0.32 dlogz:0.064>0.01]30222it [15:44:28,  3.11s/it, bound:1814 nc:582 ncall:1.5e+07 eff:0.2% logz-ratio=385208.49+/-0.32 dlogz:0.064>0.01]30224it [15:44:28,  2.75s/it, bound:1814 nc:  1 ncall:1.5e+07 eff:0.2% logz-ratio=385208.51+/-0.32 dlogz:0.017>0.01]30229it [15:44:28,  1.95s/it, bound:1814 nc:498 ncall:1.5e+07 eff:0.2% logz-ratio=385208.49+/-0.32 dlogz:0.063>0.01]30234it [15:44:28,  1.38s/it, bound:1814 nc:  1 ncall:1.5e+07 eff:0.2% logz-ratio=385208.50+/-0.32 dlogz:0.038>0.01]30237it [15:44:43,  1.38s/it, bound:1815 nc:488 ncall:1.5e+07 eff:0.2% logz-ratio=385208.49+/-0.32 dlogz:0.062>0.01]30238it [15:45:09,  3.58s/it, bound:1815 nc:576 ncall:1.5e+07 eff:0.2% logz-ratio=385208.49+/-0.32 dlogz:0.062>0.01]30242it [15:45:09,  2.64s/it, bound:1815 nc:  1 ncall:1.5e+07 eff:0.2% logz-ratio=385208.50+/-0.32 dlogz:0.051>0.01]30247it [15:45:09,  1.80s/it, bound:1815 nc:549 ncall:1.5e+07 eff:0.2% logz-ratio=385208.49+/-0.32 dlogz:0.061>0.01]30252it [15:45:09,  1.24s/it, bound:1816 nc:  1 ncall:1.5e+07 eff:0.2% logz-ratio=385208.50+/-0.32 dlogz:0.048>0.01]30252it [15:45:23,  1.24s/it, bound:1816 nc:  1 ncall:1.5e+07 eff:0.2% logz-ratio=385208.52+/-0.32 dlogz:0.000>0.01]30253it [15:45:49,  4.46s/it, bound:1816 nc:562 ncall:1.5e+07 eff:0.2% logz-ratio=385208.49+/-0.32 dlogz:0.060>0.01]30256it [15:45:50,  3.31s/it, bound:1816 nc:  1 ncall:1.5e+07 eff:0.2% logz-ratio=385208.51+/-0.32 dlogz:0.012>0.01]30261it [15:45:50,  2.05s/it, bound:1816 nc:543 ncall:1.5e+07 eff:0.2% logz-ratio=385208.49+/-0.32 dlogz:0.060>0.01]30265it [15:45:50,  1.44s/it, bound:1816 nc:557 ncall:1.5e+07 eff:0.2% logz-ratio=385208.49+/-0.32 dlogz:0.059>0.01]30268it [15:46:03,  1.44s/it, bound:1817 nc:  1 ncall:1.5e+07 eff:0.2% logz-ratio=385208.52+/-0.32 dlogz:0.000>0.01]30269it [15:46:30,  4.04s/it, bound:1817 nc:529 ncall:1.5e+07 eff:0.2% logz-ratio=385208.49+/-0.32 dlogz:0.059>0.01]30275it [15:46:30,  2.46s/it, bound:1817 nc:  1 ncall:1.5e+07 eff:0.2% logz-ratio=385208.50+/-0.32 dlogz:0.049>0.01]30280it [15:46:30,  1.68s/it, bound:1817 nc:497 ncall:1.5e+07 eff:0.2% logz-ratio=385208.49+/-0.32 dlogz:0.057>0.01]30284it [15:46:43,  1.68s/it, bound:1818 nc:446 ncall:1.5e+07 eff:0.2% logz-ratio=385208.49+/-0.32 dlogz:0.057>0.01]30285it [15:47:05,  3.31s/it, bound:1818 nc:435 ncall:1.5e+07 eff:0.2% logz-ratio=385208.49+/-0.32 dlogz:0.057>0.01]30290it [15:47:05,  2.29s/it, bound:1818 nc:451 ncall:1.5e+07 eff:0.2% logz-ratio=385208.49+/-0.32 dlogz:0.056>0.01]30296it [15:47:05,  1.50s/it, bound:1818 nc:488 ncall:1.5e+07 eff:0.2% logz-ratio=385208.49+/-0.32 dlogz:0.056>0.01]30300it [15:47:23,  1.50s/it, bound:1819 nc:420 ncall:1.5e+07 eff:0.2% logz-ratio=385208.49+/-0.32 dlogz:0.055>0.01]30301it [15:47:36,  2.90s/it, bound:1819 nc:459 ncall:1.5e+07 eff:0.2% logz-ratio=385208.49+/-0.32 dlogz:0.055>0.01]30304it [15:47:36,  2.32s/it, bound:1819 nc:  1 ncall:1.5e+07 eff:0.2% logz-ratio=385208.51+/-0.32 dlogz:0.005>0.01]30310it [15:47:36,  1.48s/it, bound:1819 nc:  1 ncall:1.5e+07 eff:0.2% logz-ratio=385208.50+/-0.32 dlogz:0.049>0.01]30315it [15:47:53,  1.48s/it, bound:1820 nc:373 ncall:1.5e+07 eff:0.2% logz-ratio=385208.49+/-0.32 dlogz:0.053>0.01]30316it [15:48:05,  2.60s/it, bound:1820 nc:381 ncall:1.5e+07 eff:0.2% logz-ratio=385208.49+/-0.32 dlogz:0.053>0.01]30322it [15:48:05,  1.75s/it, bound:1820 nc:  1 ncall:1.5e+07 eff:0.2% logz-ratio=385208.50+/-0.32 dlogz:0.045>0.01]30328it [15:48:05,  1.20s/it, bound:1820 nc:398 ncall:1.5e+07 eff:0.2% logz-ratio=385208.49+/-0.32 dlogz:0.052>0.01]30331it [15:48:23,  1.20s/it, bound:1821 nc:  1 ncall:1.5e+07 eff:0.2% logz-ratio=385208.52+/-0.32 dlogz:0.000>0.01]30332it [15:48:36,  2.72s/it, bound:1821 nc:403 ncall:1.5e+07 eff:0.2% logz-ratio=385208.49+/-0.32 dlogz:0.052>0.01]30340it [15:48:36,  1.64s/it, bound:1821 nc:  1 ncall:1.5e+07 eff:0.2% logz-ratio=385208.50+/-0.32 dlogz:0.042>0.01]30346it [15:48:36,  1.15s/it, bound:1821 nc:327 ncall:1.5e+07 eff:0.2% logz-ratio=385208.50+/-0.32 dlogz:0.050>0.01]30347it [15:48:53,  1.15s/it, bound:1822 nc:414 ncall:1.5e+07 eff:0.2% logz-ratio=385208.50+/-0.32 dlogz:0.050>0.01]30348it [15:49:09,  3.07s/it, bound:1822 nc:441 ncall:1.5e+07 eff:0.2% logz-ratio=385208.50+/-0.32 dlogz:0.050>0.01]30353it [15:49:09,  2.13s/it, bound:1822 nc:470 ncall:1.5e+07 eff:0.2% logz-ratio=385208.50+/-0.32 dlogz:0.050>0.01]30361it [15:49:09,  1.25s/it, bound:1822 nc:  1 ncall:1.5e+07 eff:0.2% logz-ratio=385208.50+/-0.32 dlogz:0.040>0.01]30363it [15:49:23,  1.25s/it, bound:1823 nc:456 ncall:1.5e+07 eff:0.2% logz-ratio=385208.50+/-0.32 dlogz:0.049>0.01]30364it [15:49:41,  2.92s/it, bound:1823 nc:427 ncall:1.5e+07 eff:0.2% logz-ratio=385208.50+/-0.32 dlogz:0.049>0.01]30370it [15:49:41,  1.93s/it, bound:1823 nc:  1 ncall:1.5e+07 eff:0.2% logz-ratio=385208.50+/-0.32 dlogz:0.044>0.01]30377it [15:49:41,  1.24s/it, bound:1823 nc:350 ncall:1.5e+07 eff:0.2% logz-ratio=385208.50+/-0.32 dlogz:0.047>0.01]30379it [15:49:53,  1.24s/it, bound:1824 nc:  1 ncall:1.5e+07 eff:0.2% logz-ratio=385208.52+/-0.32 dlogz:0.000>0.01]30380it [15:50:12,  2.90s/it, bound:1824 nc:441 ncall:1.5e+07 eff:0.2% logz-ratio=385208.50+/-0.32 dlogz:0.047>0.01]30386it [15:50:12,  1.91s/it, bound:1824 nc:374 ncall:1.5e+07 eff:0.2% logz-ratio=385208.50+/-0.32 dlogz:0.046>0.01]30394it [15:50:12,  1.16s/it, bound:1824 nc:  1 ncall:1.5e+07 eff:0.2% logz-ratio=385208.50+/-0.32 dlogz:0.031>0.01]30395it [15:50:23,  1.16s/it, bound:1825 nc:422 ncall:1.5e+07 eff:0.2% logz-ratio=385208.50+/-0.32 dlogz:0.046>0.01]30396it [15:50:42,  2.88s/it, bound:1825 nc:347 ncall:1.5e+07 eff:0.2% logz-ratio=385208.50+/-0.32 dlogz:0.046>0.01]30403it [15:50:42,  1.79s/it, bound:1825 nc:  1 ncall:1.5e+07 eff:0.2% logz-ratio=385208.50+/-0.32 dlogz:0.039>0.01]30410it [15:50:43,  1.16s/it, bound:1826 nc:387 ncall:1.5e+07 eff:0.2% logz-ratio=385208.50+/-0.32 dlogz:0.044>0.01]30410it [15:50:53,  1.16s/it, bound:1826 nc:387 ncall:1.5e+07 eff:0.2% logz-ratio=385208.50+/-0.32 dlogz:0.044>0.01]30411it [15:51:12,  3.08s/it, bound:1826 nc:374 ncall:1.5e+07 eff:0.2% logz-ratio=385208.50+/-0.32 dlogz:0.044>0.01]30415it [15:51:12,  2.23s/it, bound:1826 nc:  1 ncall:1.5e+07 eff:0.2% logz-ratio=385208.50+/-0.32 dlogz:0.023>0.01]30421it [15:51:13,  1.41s/it, bound:1826 nc:386 ncall:1.5e+07 eff:0.2% logz-ratio=385208.50+/-0.32 dlogz:0.043>0.01]30426it [15:51:23,  1.41s/it, bound:1827 nc:406 ncall:1.5e+07 eff:0.2% logz-ratio=385208.50+/-0.32 dlogz:0.043>0.01]30427it [15:51:39,  2.45s/it, bound:1827 nc:383 ncall:1.5e+07 eff:0.2% logz-ratio=385208.50+/-0.32 dlogz:0.043>0.01]30431it [15:51:39,  1.85s/it, bound:1827 nc:381 ncall:1.5e+07 eff:0.2% logz-ratio=385208.50+/-0.32 dlogz:0.043>0.01]30437it [15:51:39,  1.21s/it, bound:1827 nc:354 ncall:1.5e+07 eff:0.2% logz-ratio=385208.50+/-0.32 dlogz:0.042>0.01]30442it [15:51:53,  1.21s/it, bound:1828 nc:  1 ncall:1.5e+07 eff:0.2% logz-ratio=385208.52+/-0.32 dlogz:0.000>0.01]30443it [15:52:09,  2.48s/it, bound:1828 nc:451 ncall:1.5e+07 eff:0.2% logz-ratio=385208.50+/-0.32 dlogz:0.042>0.01]30446it [15:52:26,  3.09s/it, bound:1828 nc:380 ncall:1.5e+07 eff:0.2% logz-ratio=385208.50+/-0.32 dlogz:0.041>0.01]30454it [15:52:27,  1.79s/it, bound:1828 nc:  1 ncall:1.5e+07 eff:0.2% logz-ratio=385208.51+/-0.32 dlogz:0.012>0.01]30458it [15:52:43,  1.79s/it, bound:1829 nc:355 ncall:1.5e+07 eff:0.2% logz-ratio=385208.50+/-0.32 dlogz:0.043>0.01]30459it [15:52:57,  2.96s/it, bound:1829 nc:314 ncall:1.5e+07 eff:0.2% logz-ratio=385208.50+/-0.32 dlogz:0.043>0.01]30466it [15:52:57,  1.92s/it, bound:1829 nc:  1 ncall:1.5e+07 eff:0.2% logz-ratio=385208.50+/-0.32 dlogz:0.038>0.01]30473it [15:52:57,  1.28s/it, bound:1829 nc:381 ncall:1.5e+07 eff:0.2% logz-ratio=385208.50+/-0.32 dlogz:0.042>0.01]30474it [15:53:13,  1.28s/it, bound:1830 nc:377 ncall:1.5e+07 eff:0.2% logz-ratio=385208.50+/-0.32 dlogz:0.042>0.01]30475it [15:53:25,  2.84s/it, bound:1830 nc:360 ncall:1.5e+07 eff:0.2% logz-ratio=385208.50+/-0.32 dlogz:0.042>0.01]30481it [15:53:26,  1.88s/it, bound:1830 nc:  1 ncall:1.5e+07 eff:0.2% logz-ratio=385208.50+/-0.32 dlogz:0.035>0.01]30488it [15:53:26,  1.20s/it, bound:1830 nc:  1 ncall:1.5e+07 eff:0.2% logz-ratio=385208.50+/-0.32 dlogz:0.029>0.01]30489it [15:53:43,  1.20s/it, bound:1831 nc:385 ncall:1.5e+07 eff:0.2% logz-ratio=385208.50+/-0.32 dlogz:0.040>0.01]30490it [15:54:02,  3.39s/it, bound:1831 nc:428 ncall:1.5e+07 eff:0.2% logz-ratio=385208.50+/-0.32 dlogz:0.040>0.01]30494it [15:54:02,  2.48s/it, bound:1831 nc:  1 ncall:1.5e+07 eff:0.2% logz-ratio=385208.51+/-0.32 dlogz:0.021>0.01]30500it [15:54:02,  1.59s/it, bound:1831 nc:395 ncall:1.5e+07 eff:0.2% logz-ratio=385208.50+/-0.32 dlogz:0.040>0.01]30505it [15:54:13,  1.59s/it, bound:1832 nc:480 ncall:1.5e+07 eff:0.2% logz-ratio=385208.50+/-0.32 dlogz:0.039>0.01]30506it [15:54:45,  3.46s/it, bound:1832 nc:570 ncall:1.5e+07 eff:0.2% logz-ratio=385208.50+/-0.32 dlogz:0.039>0.01]30509it [15:54:45,  2.79s/it, bound:1832 nc:565 ncall:1.5e+07 eff:0.2% logz-ratio=385208.50+/-0.32 dlogz:0.039>0.01]30514it [15:54:45,  1.90s/it, bound:1832 nc:595 ncall:1.5e+07 eff:0.2% logz-ratio=385208.50+/-0.32 dlogz:0.039>0.01]30519it [15:54:45,  1.31s/it, bound:1832 nc:524 ncall:1.5e+07 eff:0.2% logz-ratio=385208.50+/-0.32 dlogz:0.038>0.01]30521it [15:55:03,  1.31s/it, bound:1833 nc:  1 ncall:1.5e+07 eff:0.2% logz-ratio=385208.52+/-0.32 dlogz:0.000>0.01]30522it [15:55:58,  6.16s/it, bound:1833 nc:943 ncall:1.5e+07 eff:0.2% logz-ratio=385208.50+/-0.32 dlogz:0.038>0.01]30526it [15:55:58,  4.40s/it, bound:1833 nc:899 ncall:1.5e+07 eff:0.2% logz-ratio=385208.50+/-0.32 dlogz:0.038>0.01]30531it [15:55:58,  2.91s/it, bound:1833 nc:  1 ncall:1.5e+07 eff:0.2% logz-ratio=385208.50+/-0.32 dlogz:0.033>0.01]30536it [15:55:58,  1.97s/it, bound:1833 nc:937 ncall:1.5e+07 eff:0.2% logz-ratio=385208.50+/-0.32 dlogz:0.037>0.01]30537it [15:56:13,  1.97s/it, bound:1834 nc:  1 ncall:1.5e+07 eff:0.2% logz-ratio=385208.52+/-0.32 dlogz:0.000>0.01]30538it [15:56:57,  6.31s/it, bound:1834 nc:788 ncall:1.5e+07 eff:0.2% logz-ratio=385208.50+/-0.32 dlogz:0.037>0.01]30542it [15:56:57,  4.36s/it, bound:1834 nc:670 ncall:1.5e+07 eff:0.2% logz-ratio=385208.50+/-0.32 dlogz:0.036>0.01]30547it [15:56:57,  2.82s/it, bound:1834 nc:  1 ncall:1.5e+07 eff:0.2% logz-ratio=385208.50+/-0.32 dlogz:0.035>0.01]30552it [15:56:57,  1.88s/it, bound:1835 nc:817 ncall:1.5e+07 eff:0.2% logz-ratio=385208.50+/-0.32 dlogz:0.036>0.01]30552it [15:57:13,  1.88s/it, bound:1835 nc:817 ncall:1.5e+07 eff:0.2% logz-ratio=385208.50+/-0.32 dlogz:0.036>0.01]30553it [15:57:49,  6.21s/it, bound:1835 nc:714 ncall:1.5e+07 eff:0.2% logz-ratio=385208.50+/-0.32 dlogz:0.036>0.01]30556it [15:57:49,  4.52s/it, bound:1835 nc:616 ncall:1.5e+07 eff:0.2% logz-ratio=385208.50+/-0.32 dlogz:0.035>0.01]30560it [15:57:49,  2.98s/it, bound:1835 nc:680 ncall:1.5e+07 eff:0.2% logz-ratio=385208.50+/-0.32 dlogz:0.035>0.01]30565it [15:57:49,  1.86s/it, bound:1835 nc:  1 ncall:1.5e+07 eff:0.2% logz-ratio=385208.50+/-0.32 dlogz:0.033>0.01]30568it [15:58:03,  1.86s/it, bound:1836 nc:629 ncall:1.5e+07 eff:0.2% logz-ratio=385208.50+/-0.32 dlogz:0.035>0.01]30569it [15:58:28,  4.27s/it, bound:1836 nc:464 ncall:1.5e+07 eff:0.2% logz-ratio=385208.50+/-0.32 dlogz:0.035>0.01]30574it [15:58:28,  2.78s/it, bound:1836 nc:  1 ncall:1.5e+07 eff:0.2% logz-ratio=385208.50+/-0.32 dlogz:0.031>0.01]30579it [15:58:28,  1.86s/it, bound:1836 nc:500 ncall:1.5e+07 eff:0.2% logz-ratio=385208.50+/-0.32 dlogz:0.034>0.01]30584it [15:58:29,  1.27s/it, bound:1837 nc:557 ncall:1.5e+07 eff:0.2% logz-ratio=385208.50+/-0.32 dlogz:0.034>0.01]30584it [15:58:43,  1.27s/it, bound:1837 nc:  1 ncall:1.5e+07 eff:0.2% logz-ratio=385208.52+/-0.32 dlogz:0.000>0.01]30585it [15:59:04,  4.12s/it, bound:1837 nc:494 ncall:1.5e+07 eff:0.2% logz-ratio=385208.50+/-0.32 dlogz:0.033>0.01]30589it [15:59:04,  2.79s/it, bound:1837 nc:  1 ncall:1.5e+07 eff:0.2% logz-ratio=385208.51+/-0.32 dlogz:0.007>0.01]30595it [15:59:04,  1.65s/it, bound:1837 nc:  1 ncall:1.5e+07 eff:0.2% logz-ratio=385208.51+/-0.32 dlogz:0.013>0.01]30600it [15:59:04,  1.12s/it, bound:1838 nc:474 ncall:1.5e+07 eff:0.2% logz-ratio=385208.50+/-0.32 dlogz:0.032>0.01]30600it [15:59:23,  1.12s/it, bound:1838 nc:474 ncall:1.5e+07 eff:0.2% logz-ratio=385208.50+/-0.32 dlogz:0.032>0.01]30601it [15:59:38,  3.94s/it, bound:1838 nc:447 ncall:1.5e+07 eff:0.2% logz-ratio=385208.50+/-0.32 dlogz:0.032>0.01]30605it [15:59:38,  2.65s/it, bound:1838 nc:422 ncall:1.5e+07 eff:0.2% logz-ratio=385208.50+/-0.32 dlogz:0.032>0.01]30611it [15:59:38,  1.56s/it, bound:1838 nc:447 ncall:1.5e+07 eff:0.2% logz-ratio=385208.50+/-0.32 dlogz:0.032>0.01]30616it [15:59:53,  1.56s/it, bound:1839 nc:  1 ncall:1.5e+07 eff:0.2% logz-ratio=385208.52+/-0.32 dlogz:0.000>0.01]30617it [16:00:07,  2.74s/it, bound:1839 nc:384 ncall:1.5e+07 eff:0.2% logz-ratio=385208.50+/-0.32 dlogz:0.031>0.01]30625it [16:00:07,  1.61s/it, bound:1839 nc:  1 ncall:1.5e+07 eff:0.2% logz-ratio=385208.50+/-0.32 dlogz:0.027>0.01]30631it [16:00:07,  1.12s/it, bound:1840 nc:409 ncall:1.5e+07 eff:0.2% logz-ratio=385208.50+/-0.32 dlogz:0.031>0.01]30631it [16:00:23,  1.12s/it, bound:1840 nc:409 ncall:1.5e+07 eff:0.2% logz-ratio=385208.50+/-0.32 dlogz:0.031>0.01]30632it [16:00:40,  3.32s/it, bound:1840 nc:383 ncall:1.5e+07 eff:0.2% logz-ratio=385208.50+/-0.32 dlogz:0.030>0.01]30636it [16:00:40,  2.40s/it, bound:1840 nc:  1 ncall:1.5e+07 eff:0.2% logz-ratio=385208.51+/-0.32 dlogz:0.011>0.01]30641it [16:00:40,  1.61s/it, bound:1840 nc:463 ncall:1.5e+07 eff:0.2% logz-ratio=385208.50+/-0.32 dlogz:0.030>0.01]30646it [16:00:41,  1.10s/it, bound:1840 nc:370 ncall:1.5e+07 eff:0.2% logz-ratio=385208.50+/-0.32 dlogz:0.030>0.01]30647it [16:00:53,  1.10s/it, bound:1841 nc:426 ncall:1.5e+07 eff:0.2% logz-ratio=385208.50+/-0.32 dlogz:0.030>0.01]30648it [16:01:11,  3.32s/it, bound:1841 nc:417 ncall:1.5e+07 eff:0.2% logz-ratio=385208.50+/-0.32 dlogz:0.030>0.01]30652it [16:01:11,  2.30s/it, bound:1841 nc:411 ncall:1.5e+07 eff:0.2% logz-ratio=385208.50+/-0.32 dlogz:0.029>0.01]30660it [16:01:12,  1.23s/it, bound:1841 nc:  1 ncall:1.5e+07 eff:0.2% logz-ratio=385208.51+/-0.32 dlogz:0.020>0.01]30663it [16:01:23,  1.23s/it, bound:1842 nc:  1 ncall:1.5e+07 eff:0.2% logz-ratio=385208.52+/-0.32 dlogz:0.000>0.01]30664it [16:01:41,  2.80s/it, bound:1842 nc:374 ncall:1.5e+07 eff:0.2% logz-ratio=385208.50+/-0.32 dlogz:0.029>0.01]30672it [16:01:42,  1.64s/it, bound:1842 nc:  1 ncall:1.5e+07 eff:0.2% logz-ratio=385208.51+/-0.32 dlogz:0.018>0.01]30679it [16:01:42,  1.08s/it, bound:1843 nc:397 ncall:1.5e+07 eff:0.2% logz-ratio=385208.50+/-0.32 dlogz:0.028>0.01]30679it [16:01:53,  1.08s/it, bound:1843 nc:397 ncall:1.5e+07 eff:0.2% logz-ratio=385208.50+/-0.32 dlogz:0.028>0.01]30680it [16:02:09,  2.83s/it, bound:1843 nc:386 ncall:1.5e+07 eff:0.2% logz-ratio=385208.50+/-0.32 dlogz:0.028>0.01]30687it [16:02:10,  1.71s/it, bound:1843 nc:  1 ncall:1.5e+07 eff:0.2% logz-ratio=385208.50+/-0.32 dlogz:0.026>0.01]30694it [16:02:10,  1.10s/it, bound:1843 nc:358 ncall:1.5e+07 eff:0.2% logz-ratio=385208.50+/-0.32 dlogz:0.027>0.01]30695it [16:02:23,  1.10s/it, bound:1844 nc:311 ncall:1.5e+07 eff:0.2% logz-ratio=385208.50+/-0.32 dlogz:0.027>0.01]30696it [16:02:35,  2.56s/it, bound:1844 nc:374 ncall:1.5e+07 eff:0.2% logz-ratio=385208.50+/-0.32 dlogz:0.027>0.01]30697it [16:02:54,  3.95s/it, bound:1844 nc:335 ncall:1.5e+07 eff:0.2% logz-ratio=385208.50+/-0.32 dlogz:0.027>0.01]30705it [16:02:54,  2.02s/it, bound:1844 nc:  1 ncall:1.5e+07 eff:0.2% logz-ratio=385208.51+/-0.32 dlogz:0.020>0.01]30711it [16:03:13,  2.02s/it, bound:1845 nc:378 ncall:1.5e+07 eff:0.2% logz-ratio=385208.50+/-0.32 dlogz:0.026>0.01]30712it [16:03:19,  2.64s/it, bound:1845 nc:377 ncall:1.5e+07 eff:0.2% logz-ratio=385208.50+/-0.32 dlogz:0.026>0.01]30717it [16:03:20,  1.91s/it, bound:1845 nc:  1 ncall:1.5e+07 eff:0.2% logz-ratio=385208.51+/-0.32 dlogz:0.010>0.01]30726it [16:03:20,  1.12s/it, bound:1846 nc:  1 ncall:1.5e+07 eff:0.2% logz-ratio=385208.51+/-0.32 dlogz:0.020>0.01]30726it [16:03:33,  1.12s/it, bound:1846 nc:  1 ncall:1.5e+07 eff:0.2% logz-ratio=385208.52+/-0.32 dlogz:0.000>0.01]30727it [16:04:03,  3.77s/it, bound:1846 nc:553 ncall:1.5e+07 eff:0.2% logz-ratio=385208.50+/-0.32 dlogz:0.025>0.01]30731it [16:04:04,  2.79s/it, bound:1846 nc:571 ncall:1.5e+07 eff:0.2% logz-ratio=385208.50+/-0.32 dlogz:0.025>0.01]30738it [16:04:04,  1.69s/it, bound:1846 nc:518 ncall:1.5e+07 eff:0.2% logz-ratio=385208.50+/-0.32 dlogz:0.025>0.01]30742it [16:04:23,  1.69s/it, bound:1847 nc:  1 ncall:1.5e+07 eff:0.2% logz-ratio=385208.52+/-0.32 dlogz:0.000>0.01]30743it [16:04:42,  3.39s/it, bound:1847 nc:527 ncall:1.5e+07 eff:0.2% logz-ratio=385208.50+/-0.32 dlogz:0.024>0.01]30748it [16:04:42,  2.41s/it, bound:1847 nc:537 ncall:1.5e+07 eff:0.2% logz-ratio=385208.50+/-0.32 dlogz:0.024>0.01]30755it [16:04:42,  1.53s/it, bound:1847 nc:  1 ncall:1.5e+07 eff:0.2% logz-ratio=385208.51+/-0.32 dlogz:0.020>0.01]30758it [16:04:53,  1.53s/it, bound:1848 nc:518 ncall:1.5e+07 eff:0.2% logz-ratio=385208.51+/-0.32 dlogz:0.024>0.01]30759it [16:05:25,  3.68s/it, bound:1848 nc:575 ncall:1.5e+07 eff:0.2% logz-ratio=385208.51+/-0.32 dlogz:0.024>0.01]30762it [16:05:25,  2.96s/it, bound:1848 nc:621 ncall:1.5e+07 eff:0.2% logz-ratio=385208.51+/-0.32 dlogz:0.024>0.01]30767it [16:05:26,  2.02s/it, bound:1848 nc:609 ncall:1.5e+07 eff:0.2% logz-ratio=385208.51+/-0.32 dlogz:0.023>0.01]30772it [16:05:26,  1.39s/it, bound:1848 nc:626 ncall:1.5e+07 eff:0.2% logz-ratio=385208.51+/-0.32 dlogz:0.023>0.01]30774it [16:05:43,  1.39s/it, bound:1849 nc:530 ncall:1.5e+07 eff:0.2% logz-ratio=385208.51+/-0.32 dlogz:0.023>0.01]30775it [16:06:02,  3.65s/it, bound:1849 nc:477 ncall:1.5e+07 eff:0.2% logz-ratio=385208.51+/-0.32 dlogz:0.023>0.01]30780it [16:06:02,  2.43s/it, bound:1849 nc:  1 ncall:1.5e+07 eff:0.2% logz-ratio=385208.51+/-0.32 dlogz:0.019>0.01]30785it [16:06:02,  1.65s/it, bound:1849 nc:  1 ncall:1.5e+07 eff:0.2% logz-ratio=385208.51+/-0.32 dlogz:0.016>0.01]30790it [16:06:13,  1.65s/it, bound:1850 nc:468 ncall:1.5e+07 eff:0.2% logz-ratio=385208.51+/-0.32 dlogz:0.022>0.01]30791it [16:06:33,  2.93s/it, bound:1850 nc:419 ncall:1.5e+07 eff:0.2% logz-ratio=385208.51+/-0.32 dlogz:0.022>0.01]30795it [16:06:33,  2.19s/it, bound:1850 nc:444 ncall:1.5e+07 eff:0.2% logz-ratio=385208.51+/-0.32 dlogz:0.022>0.01]30803it [16:06:33,  1.27s/it, bound:1850 nc:  1 ncall:1.5e+07 eff:0.2% logz-ratio=385208.51+/-0.32 dlogz:0.015>0.01]30806it [16:06:53,  1.27s/it, bound:1851 nc:  1 ncall:1.5e+07 eff:0.2% logz-ratio=385208.52+/-0.32 dlogz:0.000>0.01]30807it [16:07:02,  2.64s/it, bound:1851 nc:405 ncall:1.5e+07 eff:0.2% logz-ratio=385208.51+/-0.32 dlogz:0.022>0.01]30815it [16:07:02,  1.60s/it, bound:1851 nc:  1 ncall:1.5e+07 eff:0.2% logz-ratio=385208.51+/-0.32 dlogz:0.016>0.01]30822it [16:07:03,  1.07s/it, bound:1852 nc:393 ncall:1.5e+07 eff:0.2% logz-ratio=385208.51+/-0.32 dlogz:0.021>0.01]30822it [16:07:13,  1.07s/it, bound:1852 nc:393 ncall:1.5e+07 eff:0.2% logz-ratio=385208.51+/-0.32 dlogz:0.021>0.01]30823it [16:07:30,  2.72s/it, bound:1852 nc:370 ncall:1.5e+07 eff:0.2% logz-ratio=385208.51+/-0.32 dlogz:0.021>0.01]30828it [16:07:30,  1.88s/it, bound:1852 nc:300 ncall:1.5e+07 eff:0.2% logz-ratio=385208.51+/-0.32 dlogz:0.021>0.01]30834it [16:07:30,  1.23s/it, bound:1852 nc:393 ncall:1.5e+07 eff:0.2% logz-ratio=385208.51+/-0.32 dlogz:0.020>0.01]30838it [16:07:43,  1.23s/it, bound:1853 nc:394 ncall:1.5e+07 eff:0.2% logz-ratio=385208.51+/-0.32 dlogz:0.020>0.01]30839it [16:07:55,  2.36s/it, bound:1853 nc:344 ncall:1.5e+07 eff:0.2% logz-ratio=385208.51+/-0.32 dlogz:0.020>0.01]30843it [16:07:55,  1.78s/it, bound:1853 nc:321 ncall:1.5e+07 eff:0.2% logz-ratio=385208.51+/-0.32 dlogz:0.020>0.01]30850it [16:07:55,  1.10s/it, bound:1853 nc:335 ncall:1.5e+07 eff:0.2% logz-ratio=385208.51+/-0.32 dlogz:0.020>0.01]30854it [16:08:13,  1.10s/it, bound:1854 nc:337 ncall:1.5e+07 eff:0.2% logz-ratio=385208.51+/-0.32 dlogz:0.020>0.01]30855it [16:08:18,  2.07s/it, bound:1854 nc:318 ncall:1.5e+07 eff:0.2% logz-ratio=385208.51+/-0.32 dlogz:0.020>0.01]30862it [16:08:18,  1.33s/it, bound:1854 nc:324 ncall:1.5e+07 eff:0.2% logz-ratio=385208.51+/-0.32 dlogz:0.019>0.01]30870it [16:08:18,  1.19it/s, bound:1855 nc:287 ncall:1.5e+07 eff:0.2% logz-ratio=385208.51+/-0.32 dlogz:0.019>0.01]30870it [16:08:33,  1.19it/s, bound:1855 nc:287 ncall:1.5e+07 eff:0.2% logz-ratio=385208.51+/-0.32 dlogz:0.019>0.01]30871it [16:08:45,  2.43s/it, bound:1855 nc:303 ncall:1.5e+07 eff:0.2% logz-ratio=385208.51+/-0.32 dlogz:0.019>0.01]30877it [16:08:45,  1.60s/it, bound:1855 nc:356 ncall:1.5e+07 eff:0.2% logz-ratio=385208.51+/-0.32 dlogz:0.019>0.01]30883it [16:08:45,  1.07s/it, bound:1855 nc:338 ncall:1.5e+07 eff:0.2% logz-ratio=385208.51+/-0.32 dlogz:0.018>0.01]30886it [16:09:03,  1.07s/it, bound:1856 nc:355 ncall:1.5e+07 eff:0.2% logz-ratio=385208.51+/-0.32 dlogz:0.018>0.01]30887it [16:09:08,  2.17s/it, bound:1856 nc:327 ncall:1.5e+07 eff:0.2% logz-ratio=385208.51+/-0.32 dlogz:0.018>0.01]30894it [16:09:08,  1.36s/it, bound:1856 nc:312 ncall:1.5e+07 eff:0.2% logz-ratio=385208.51+/-0.32 dlogz:0.018>0.01]30902it [16:09:08,  1.18it/s, bound:1857 nc:328 ncall:1.5e+07 eff:0.2% logz-ratio=385208.51+/-0.32 dlogz:0.018>0.01]30902it [16:09:23,  1.18it/s, bound:1857 nc:328 ncall:1.5e+07 eff:0.2% logz-ratio=385208.51+/-0.32 dlogz:0.018>0.01]30903it [16:09:36,  2.57s/it, bound:1857 nc:377 ncall:1.5e+07 eff:0.2% logz-ratio=385208.51+/-0.32 dlogz:0.018>0.01]30908it [16:09:36,  1.77s/it, bound:1857 nc:321 ncall:1.5e+07 eff:0.2% logz-ratio=385208.51+/-0.32 dlogz:0.018>0.01]30914it [16:09:36,  1.16s/it, bound:1857 nc:347 ncall:1.5e+07 eff:0.2% logz-ratio=385208.51+/-0.32 dlogz:0.017>0.01]30918it [16:09:53,  1.16s/it, bound:1858 nc:365 ncall:1.5e+07 eff:0.2% logz-ratio=385208.51+/-0.32 dlogz:0.017>0.01]30919it [16:10:01,  2.26s/it, bound:1858 nc:347 ncall:1.5e+07 eff:0.2% logz-ratio=385208.51+/-0.32 dlogz:0.017>0.01]30925it [16:10:01,  1.51s/it, bound:1858 nc:  1 ncall:1.5e+07 eff:0.2% logz-ratio=385208.51+/-0.32 dlogz:0.017>0.01]30931it [16:10:01,  1.03s/it, bound:1858 nc:332 ncall:1.5e+07 eff:0.2% logz-ratio=385208.51+/-0.32 dlogz:0.017>0.01]30933it [16:10:13,  1.03s/it, bound:1859 nc:  1 ncall:1.5e+07 eff:0.2% logz-ratio=385208.52+/-0.32 dlogz:0.000>0.01]30934it [16:10:23,  2.26s/it, bound:1859 nc:312 ncall:1.5e+07 eff:0.2% logz-ratio=385208.51+/-0.32 dlogz:0.017>0.01]30945it [16:10:24,  1.14s/it, bound:1859 nc:  1 ncall:1.5e+07 eff:0.2% logz-ratio=385208.51+/-0.32 dlogz:0.014>0.01]30948it [16:10:43,  1.14s/it, bound:1860 nc:327 ncall:1.5e+07 eff:0.2% logz-ratio=385208.51+/-0.32 dlogz:0.016>0.01]30949it [16:10:47,  2.13s/it, bound:1860 nc:312 ncall:1.5e+07 eff:0.2% logz-ratio=385208.51+/-0.32 dlogz:0.016>0.01]30957it [16:10:47,  1.35s/it, bound:1860 nc:  1 ncall:1.5e+07 eff:0.2% logz-ratio=385208.51+/-0.32 dlogz:0.014>0.01]30964it [16:11:03,  1.35s/it, bound:1861 nc:324 ncall:1.5e+07 eff:0.2% logz-ratio=385208.51+/-0.32 dlogz:0.016>0.01]30965it [16:11:11,  1.89s/it, bound:1861 nc:288 ncall:1.5e+07 eff:0.2% logz-ratio=385208.51+/-0.32 dlogz:0.016>0.01]30973it [16:11:11,  1.27s/it, bound:1861 nc:  1 ncall:1.5e+07 eff:0.2% logz-ratio=385208.51+/-0.32 dlogz:0.011>0.01]30980it [16:11:23,  1.27s/it, bound:1862 nc:  1 ncall:1.5e+07 eff:0.2% logz-ratio=385208.52+/-0.32 dlogz:0.000>0.01]30981it [16:11:38,  1.94s/it, bound:1862 nc:360 ncall:1.5e+07 eff:0.2% logz-ratio=385208.51+/-0.32 dlogz:0.015>0.01]30987it [16:11:38,  1.45s/it, bound:1862 nc:355 ncall:1.5e+07 eff:0.2% logz-ratio=385208.51+/-0.32 dlogz:0.015>0.01]30995it [16:11:38,  1.02it/s, bound:1862 nc:341 ncall:1.5e+07 eff:0.2% logz-ratio=385208.51+/-0.32 dlogz:0.015>0.01]30996it [16:11:53,  1.02it/s, bound:1863 nc:308 ncall:1.5e+07 eff:0.2% logz-ratio=385208.51+/-0.32 dlogz:0.015>0.01]30997it [16:12:04,  2.23s/it, bound:1863 nc:282 ncall:1.5e+07 eff:0.2% logz-ratio=385208.51+/-0.32 dlogz:0.015>0.01]31003it [16:12:04,  1.55s/it, bound:1863 nc:  1 ncall:1.5e+07 eff:0.2% logz-ratio=385208.51+/-0.32 dlogz:0.012>0.01]31010it [16:12:04,  1.03s/it, bound:1863 nc:337 ncall:1.5e+07 eff:0.2% logz-ratio=385208.51+/-0.32 dlogz:0.014>0.01]31012it [16:12:23,  1.03s/it, bound:1864 nc:283 ncall:1.5e+07 eff:0.2% logz-ratio=385208.51+/-0.32 dlogz:0.014>0.01]31013it [16:12:34,  2.56s/it, bound:1864 nc:424 ncall:1.5e+07 eff:0.2% logz-ratio=385208.51+/-0.32 dlogz:0.014>0.01]31019it [16:12:34,  1.72s/it, bound:1864 nc:  1 ncall:1.5e+07 eff:0.2% logz-ratio=385208.51+/-0.32 dlogz:0.012>0.01]31026it [16:12:34,  1.12s/it, bound:1864 nc:404 ncall:1.5e+07 eff:0.2% logz-ratio=385208.51+/-0.32 dlogz:0.014>0.01]31028it [16:12:53,  1.12s/it, bound:1865 nc:  1 ncall:1.5e+07 eff:0.2% logz-ratio=385208.52+/-0.32 dlogz:0.000>0.01]31029it [16:13:11,  3.09s/it, bound:1865 nc:480 ncall:1.5e+07 eff:0.2% logz-ratio=385208.51+/-0.32 dlogz:0.014>0.01]31032it [16:13:29,  3.70s/it, bound:1865 nc:468 ncall:1.5e+07 eff:0.2% logz-ratio=385208.51+/-0.32 dlogz:0.014>0.01]31040it [16:13:29,  2.09s/it, bound:1865 nc:  1 ncall:1.5e+07 eff:0.2% logz-ratio=385208.51+/-0.32 dlogz:0.011>0.01]31044it [16:13:43,  2.09s/it, bound:1866 nc:366 ncall:1.5e+07 eff:0.2% logz-ratio=385208.51+/-0.32 dlogz:0.013>0.01]31045it [16:14:02,  3.38s/it, bound:1866 nc:468 ncall:1.5e+07 eff:0.2% logz-ratio=385208.51+/-0.32 dlogz:0.013>0.01]31051it [16:14:03,  2.29s/it, bound:1866 nc:  1 ncall:1.5e+07 eff:0.2% logz-ratio=385208.51+/-0.32 dlogz:0.013>0.01]31058it [16:14:03,  1.49s/it, bound:1866 nc:477 ncall:1.5e+07 eff:0.2% logz-ratio=385208.51+/-0.32 dlogz:0.016>0.01]31059it [16:14:13,  1.49s/it, bound:1867 nc:460 ncall:1.5e+07 eff:0.2% logz-ratio=385208.51+/-0.32 dlogz:0.016>0.01]31060it [16:14:32,  3.14s/it, bound:1867 nc:387 ncall:1.5e+07 eff:0.2% logz-ratio=385208.51+/-0.32 dlogz:0.016>0.01]31064it [16:14:32,  2.32s/it, bound:1867 nc:415 ncall:1.5e+07 eff:0.2% logz-ratio=385208.51+/-0.32 dlogz:0.016>0.01]31072it [16:14:32,  1.33s/it, bound:1867 nc:  1 ncall:1.5e+07 eff:0.2% logz-ratio=385208.51+/-0.32 dlogz:0.016>0.01]31074it [16:14:43,  1.33s/it, bound:1868 nc:  1 ncall:1.5e+07 eff:0.2% logz-ratio=385208.52+/-0.32 dlogz:0.000>0.01]31075it [16:14:59,  2.78s/it, bound:1868 nc:371 ncall:1.5e+07 eff:0.2% logz-ratio=385208.51+/-0.32 dlogz:0.015>0.01]31080it [16:14:59,  1.93s/it, bound:1868 nc:  1 ncall:1.5e+07 eff:0.2% logz-ratio=385208.51+/-0.32 dlogz:0.011>0.01]31086it [16:15:00,  1.27s/it, bound:1868 nc:387 ncall:1.5e+07 eff:0.2% logz-ratio=385208.51+/-0.32 dlogz:0.015>0.01]31090it [16:15:13,  1.27s/it, bound:1869 nc:330 ncall:1.5e+07 eff:0.2% logz-ratio=385208.51+/-0.32 dlogz:0.015>0.01]31091it [16:15:25,  2.36s/it, bound:1869 nc:327 ncall:1.5e+07 eff:0.2% logz-ratio=385208.51+/-0.32 dlogz:0.015>0.01]31096it [16:15:25,  1.67s/it, bound:1869 nc:339 ncall:1.5e+07 eff:0.2% logz-ratio=385208.51+/-0.32 dlogz:0.015>0.01]31102it [16:15:25,  1.12s/it, bound:1869 nc:357 ncall:1.5e+07 eff:0.2% logz-ratio=385208.51+/-0.32 dlogz:0.015>0.01]31106it [16:15:43,  1.12s/it, bound:1870 nc:374 ncall:1.5e+07 eff:0.2% logz-ratio=385208.51+/-0.32 dlogz:0.015>0.01]31107it [16:15:50,  2.24s/it, bound:1870 nc:311 ncall:1.5e+07 eff:0.2% logz-ratio=385208.51+/-0.32 dlogz:0.015>0.01]31111it [16:15:50,  1.70s/it, bound:1870 nc:352 ncall:1.5e+07 eff:0.2% logz-ratio=385208.51+/-0.32 dlogz:0.014>0.01]31118it [16:15:50,  1.06s/it, bound:1870 nc:355 ncall:1.5e+07 eff:0.2% logz-ratio=385208.51+/-0.32 dlogz:0.014>0.01]31122it [16:16:03,  1.06s/it, bound:1871 nc:335 ncall:1.5e+07 eff:0.2% logz-ratio=385208.51+/-0.32 dlogz:0.014>0.01]31123it [16:16:17,  2.24s/it, bound:1871 nc:331 ncall:1.5e+07 eff:0.2% logz-ratio=385208.51+/-0.32 dlogz:0.014>0.01]31131it [16:16:17,  1.37s/it, bound:1871 nc:  1 ncall:1.5e+07 eff:0.2% logz-ratio=385208.51+/-0.32 dlogz:0.013>0.01]31138it [16:16:17,  1.08it/s, bound:1872 nc:261 ncall:1.5e+07 eff:0.2% logz-ratio=385208.51+/-0.32 dlogz:0.014>0.01]31138it [16:16:33,  1.08it/s, bound:1872 nc:261 ncall:1.5e+07 eff:0.2% logz-ratio=385208.51+/-0.32 dlogz:0.014>0.01]31139it [16:16:44,  2.59s/it, bound:1872 nc:366 ncall:1.5e+07 eff:0.2% logz-ratio=385208.51+/-0.32 dlogz:0.014>0.01]31142it [16:16:45,  2.05s/it, bound:1872 nc:  1 ncall:1.5e+07 eff:0.2% logz-ratio=385208.51+/-0.32 dlogz:0.004>0.01]31148it [16:16:45,  1.28s/it, bound:1872 nc:327 ncall:1.5e+07 eff:0.2% logz-ratio=385208.51+/-0.32 dlogz:0.013>0.01]31154it [16:16:45,  1.19it/s, bound:1873 nc:370 ncall:1.5e+07 eff:0.2% logz-ratio=385208.51+/-0.32 dlogz:0.013>0.01]31154it [16:17:03,  1.19it/s, bound:1873 nc:  1 ncall:1.5e+07 eff:0.2% logz-ratio=385208.52+/-0.32 dlogz:0.000>0.01]31155it [16:17:10,  2.74s/it, bound:1873 nc:301 ncall:1.5e+07 eff:0.2% logz-ratio=385208.51+/-0.32 dlogz:0.013>0.01]31161it [16:17:10,  1.66s/it, bound:1873 nc:  1 ncall:1.5e+07 eff:0.2% logz-ratio=385208.51+/-0.32 dlogz:0.003>0.01]31167it [16:17:11,  1.06s/it, bound:1873 nc:  1 ncall:1.5e+07 eff:0.2% logz-ratio=385208.51+/-0.32 dlogz:0.004>0.01]31170it [16:17:23,  1.06s/it, bound:1874 nc:343 ncall:1.5e+07 eff:0.2% logz-ratio=385208.51+/-0.32 dlogz:0.013>0.01]31171it [16:17:36,  2.43s/it, bound:1874 nc:321 ncall:1.5e+07 eff:0.2% logz-ratio=385208.51+/-0.32 dlogz:0.013>0.01]31177it [16:17:36,  1.57s/it, bound:1874 nc:  1 ncall:1.5e+07 eff:0.2% logz-ratio=385208.51+/-0.32 dlogz:0.012>0.01]31183it [16:17:36,  1.05s/it, bound:1874 nc:248 ncall:1.5e+07 eff:0.2% logz-ratio=385208.51+/-0.32 dlogz:0.012>0.01]31186it [16:17:53,  1.05s/it, bound:1875 nc:326 ncall:1.5e+07 eff:0.2% logz-ratio=385208.51+/-0.32 dlogz:0.012>0.01]31187it [16:18:02,  2.36s/it, bound:1875 nc:342 ncall:1.5e+07 eff:0.2% logz-ratio=385208.51+/-0.32 dlogz:0.012>0.01]31192it [16:18:02,  1.66s/it, bound:1875 nc:349 ncall:1.5e+07 eff:0.2% logz-ratio=385208.51+/-0.32 dlogz:0.012>0.01]31199it [16:18:02,  1.04s/it, bound:1875 nc:369 ncall:1.5e+07 eff:0.2% logz-ratio=385208.51+/-0.32 dlogz:0.012>0.01]31202it [16:18:13,  1.04s/it, bound:1876 nc:360 ncall:1.5e+07 eff:0.2% logz-ratio=385208.51+/-0.32 dlogz:0.012>0.01]31203it [16:18:27,  2.26s/it, bound:1876 nc:329 ncall:1.5e+07 eff:0.2% logz-ratio=385208.51+/-0.32 dlogz:0.012>0.01]31212it [16:18:27,  1.29s/it, bound:1876 nc:  1 ncall:1.5e+07 eff:0.2% logz-ratio=385208.51+/-0.32 dlogz:0.010>0.01]31218it [16:18:43,  1.29s/it, bound:1877 nc:325 ncall:1.5e+07 eff:0.2% logz-ratio=385208.51+/-0.32 dlogz:0.012>0.01]31219it [16:18:59,  2.32s/it, bound:1877 nc:410 ncall:1.5e+07 eff:0.2% logz-ratio=385208.51+/-0.32 dlogz:0.012>0.01]31222it [16:18:59,  1.94s/it, bound:1877 nc:  1 ncall:1.5e+07 eff:0.2% logz-ratio=385208.51+/-0.32 dlogz:0.005>0.01]31228it [16:18:59,  1.32s/it, bound:1877 nc:358 ncall:1.5e+07 eff:0.2% logz-ratio=385208.51+/-0.32 dlogz:0.011>0.01]31234it [16:18:59,  1.09it/s, bound:1878 nc:386 ncall:1.5e+07 eff:0.2% logz-ratio=385208.51+/-0.32 dlogz:0.011>0.01]31234it [16:19:13,  1.09it/s, bound:1878 nc:  1 ncall:1.5e+07 eff:0.2% logz-ratio=385208.52+/-0.32 dlogz:0.000>0.01]31235it [16:19:29,  2.96s/it, bound:1878 nc:342 ncall:1.5e+07 eff:0.2% logz-ratio=385208.51+/-0.32 dlogz:0.011>0.01]31240it [16:19:29,  1.98s/it, bound:1878 nc:  1 ncall:1.5e+07 eff:0.2% logz-ratio=385208.52+/-0.32 dlogz:0.001>0.01]31246it [16:19:30,  1.27s/it, bound:1878 nc:  1 ncall:1.5e+07 eff:0.2% logz-ratio=385208.51+/-0.32 dlogz:0.007>0.01]31250it [16:19:43,  1.27s/it, bound:1879 nc:364 ncall:1.5e+07 eff:0.2% logz-ratio=385208.51+/-0.32 dlogz:0.011>0.01]31251it [16:20:01,  2.81s/it, bound:1879 nc:436 ncall:1.5e+07 eff:0.2% logz-ratio=385208.51+/-0.32 dlogz:0.011>0.01]31255it [16:20:02,  2.10s/it, bound:1879 nc:  1 ncall:1.5e+07 eff:0.2% logz-ratio=385208.51+/-0.32 dlogz:0.006>0.01]31260it [16:20:02,  1.45s/it, bound:1879 nc:461 ncall:1.5e+07 eff:0.2% logz-ratio=385208.51+/-0.32 dlogz:0.011>0.01]31265it [16:20:02,  1.01s/it, bound:1880 nc:441 ncall:1.5e+07 eff:0.2% logz-ratio=385208.51+/-0.32 dlogz:0.011>0.01]31265it [16:20:13,  1.01s/it, bound:1880 nc:441 ncall:1.5e+07 eff:0.2% logz-ratio=385208.51+/-0.32 dlogz:0.011>0.01]31266it [16:20:30,  3.23s/it, bound:1880 nc:390 ncall:1.5e+07 eff:0.2% logz-ratio=385208.51+/-0.32 dlogz:0.011>0.01]31269it [16:20:30,  2.41s/it, bound:1880 nc:  1 ncall:1.5e+07 eff:0.2% logz-ratio=385208.51+/-0.32 dlogz:0.008>0.01]31274it [16:20:30,  1.50s/it, bound:1880 nc:823 ncall:1.5e+07 eff:0.2% logz-ratio=385208.51+/-0.32 dlogz:0.010>0.01]31278it [16:20:31,  1.06s/it, bound:1881 nc:374 ncall:1.5e+07 eff:0.2% logz-ratio=385208.51+/-0.32 dlogz:0.010>0.01]31278it [16:20:43,  1.06s/it, bound:1881 nc:374 ncall:1.5e+07 eff:0.2% logz-ratio=385208.51+/-0.32 dlogz:0.010>0.01]31279it [16:21:15,  5.30s/it, bound:1881 nc:647 ncall:1.5e+07 eff:0.2% logz-ratio=385208.51+/-0.32 dlogz:0.010>0.01]31281it [16:21:15,  4.15s/it, bound:1881 nc:  1 ncall:1.5e+07 eff:0.2% logz-ratio=385208.51+/-0.32 dlogz:0.009>0.01]31285it [16:21:15,  2.57s/it, bound:1881 nc:612 ncall:1.5e+07 eff:0.2% logz-ratio=385208.51+/-0.32 dlogz:0.010>0.01]31289it [16:21:15,  1.67s/it, bound:1881 nc:607 ncall:1.5e+07 eff:0.2% logz-ratio=385208.51+/-0.32 dlogz:0.010>0.01]31293it [16:21:16,  1.12s/it, bound:1882 nc:638 ncall:1.5e+07 eff:0.2% logz-ratio=385208.51+/-0.32 dlogz:0.010>0.01]31293it [16:21:33,  1.12s/it, bound:1882 nc:  1 ncall:1.5e+07 eff:0.2% logz-ratio=385208.52+/-0.32 dlogz:0.000>0.01]31294it [16:21:55,  5.21s/it, bound:1882 nc:506 ncall:1.5e+07 eff:0.2% logz-ratio=385208.51+/-0.32 dlogz:0.010>0.01]31294it [16:22:13,  2.63s/it, bound:1882 nc:  1 ncall:1.5e+07 eff:0.2% logz-ratio=385208.52+/-0.32 dlogz:0.000>0.01]

