14:42 bilby INFO    : Waveform generator initiated with
  frequency_domain_source_model: bilby.gw.source.lal_binary_black_hole_individual_modes
  time_domain_source_model: None
  parameter_conversion: bilby.gw.conversion.convert_to_lal_binary_black_hole_parameters
/scratch2/ligo.org/pratyusava.baral/dispersion/dispersion_env/src/bilby-x-g/bilby/gw/detector/interferometer.py:483: RuntimeWarning: divide by zero encountered in scalar power
  lambda_A = h * np.abs(A) ** (1/(a-2))
14:42 bilby INFO    : No prior given, using default BNS priors in /scratch2/ligo.org/pratyusava.baral/dispersion/dispersion_env/src/bilby-x-g/bilby/gw/prior_files/aligned_spins_bns_tides_on.prior.
14:42 bilby INFO    : Running for label 'None', output will be saved to 'results/58'
14:42 bilby INFO    : Performing redundancy check using BBHPriorDict(self).test_redundancy
14:42 bilby WARNING : Parameter fiducial has no default prior and is set to 0, this will not be sampled and may cause an error.
14:42 bilby INFO    : Performing redundancy check using BBHPriorDict(self).test_redundancy
14:42 bilby INFO    : Performing redundancy check using BBHPriorDict(self).test_redundancy
14:42 bilby INFO    : Performing redundancy check using BBHPriorDict(self).test_redundancy
14:42 bilby INFO    : Performing redundancy check using BBHPriorDict(self).test_redundancy
14:42 bilby INFO    : Performing redundancy check using BBHPriorDict(self).test_redundancy
14:42 bilby INFO    : Performing redundancy check using BBHPriorDict(self).test_redundancy
14:42 bilby INFO    : Performing redundancy check using BBHPriorDict(self).test_redundancy
14:42 bilby INFO    : Performing redundancy check using BBHPriorDict(self).test_redundancy
14:42 bilby INFO    : Performing redundancy check using BBHPriorDict(self).test_redundancy
14:42 bilby INFO    : Performing redundancy check using BBHPriorDict(self).test_redundancy
14:42 bilby INFO    : Performing redundancy check using BBHPriorDict(self).test_redundancy
14:42 bilby INFO    : Performing redundancy check using BBHPriorDict(self).test_redundancy
14:42 bilby INFO    : Performing redundancy check using BBHPriorDict(self).test_redundancy
14:42 bilby INFO    : Using lal version 7.7.0
14:42 bilby INFO    : Using lal git version Branch: None;Tag: lalsuite-v7.26.1;Id: c90e1175f5e238741185744a4e516e58d42a9aec;;Builder: Unknown User <>;Repository status: CLEAN: All modifications committed
14:42 bilby INFO    : Using lalsimulation version 6.2.0
14:42 bilby INFO    : Using lalsimulation git version Branch: None;Tag: lalsuite-v7.26.1;Id: c90e1175f5e238741185744a4e516e58d42a9aec;;Builder: Unknown User <>;Repository status: CLEAN: All modifications committed
14:42 bilby INFO    : Analysis priors:
14:42 bilby INFO    : mass_ratio=Uniform(minimum=0.2061340586268402, maximum=0.8061340586268403, name='mass_ratio', latex_label='$q$', unit=None, boundary=None)
14:42 bilby INFO    : chirp_mass=Uniform(minimum=28.557443875245827, maximum=28.61744387524583, name='chirp_mass', latex_label='$\\mathcal{M}$', unit=None, boundary=None)
14:42 bilby INFO    : luminosity_distance=Uniform(minimum=1280.9745261259025, maximum=1370.9745261259025, name='luminosity_distance', latex_label='$d_L$', unit=None, boundary=None)
14:42 bilby INFO    : dec=Cosine(minimum=-1.5707963267948966, maximum=1.5707963267948966, name='dec', latex_label='$\\mathrm{DEC}$', unit=None, boundary=None)
14:42 bilby INFO    : ra=Uniform(minimum=0, maximum=6.283185307179586, name='ra', latex_label='$\\mathrm{RA}$', unit=None, boundary='periodic')
14:42 bilby INFO    : theta_jn=Sine(minimum=0, maximum=3.141592653589793, name='theta_jn', latex_label='$\\theta_{JN}$', unit=None, boundary=None)
14:42 bilby INFO    : psi=Uniform(minimum=0, maximum=3.141592653589793, name='psi', latex_label='$\\psi$', unit=None, boundary='periodic')
14:42 bilby INFO    : phase=Uniform(minimum=0, maximum=6.283185307179586, name='phase', latex_label='$\\phi$', unit=None, boundary='periodic')
14:42 bilby INFO    : chi_1=bilby.gw.prior.AlignedSpin(a_prior=Uniform(minimum=0, maximum=0.99, name=None, latex_label=None, unit=None, boundary=None), z_prior=Uniform(minimum=-1, maximum=1, name=None, latex_label=None, unit=None, boundary=None), name='chi_1', latex_label='$\\chi_1$', unit=None, boundary=None, minimum=-0.99, maximum=0.99)
14:42 bilby INFO    : chi_2=bilby.gw.prior.AlignedSpin(a_prior=Uniform(minimum=0, maximum=0.99, name=None, latex_label=None, unit=None, boundary=None), z_prior=Uniform(minimum=-1, maximum=1, name=None, latex_label=None, unit=None, boundary=None), name='chi_2', latex_label='$\\chi_2$', unit=None, boundary=None, minimum=-0.99, maximum=0.99)
14:42 bilby INFO    : A=SymmetricLogUniform(minimum=1e-05, maximum=0.01, name='A', latex_label='A', unit=None, boundary=None)
14:42 bilby INFO    : CE_time=Uniform(minimum=1921754075.6038456, maximum=1921754075.6238456, name='CE_time', latex_label='$t_{CE}$', unit='$s$', boundary=None)
14:42 bilby INFO    : a=0
14:42 bilby INFO    : Analysis likelihood class: <class 'bilby.gw.likelihood.relative.RelativeBinningGravitationalWaveTransientNextGenerationModebyMode'>
14:42 bilby INFO    : Analysis likelihood noise evidence: -244349.31624359734
14:42 bilby INFO    : Single likelihood evaluation took 9.949e-02 s
14:42 bilby INFO    : Using sampler Dynesty with kwargs {'nlive': 500, 'bound': 'live', 'sample': 'acceptance-walk', 'periodic': None, 'reflective': None, 'update_interval': 600, 'first_update': None, 'npdim': None, 'rstate': None, 'queue_size': 16, 'pool': None, 'use_pool': None, 'live_points': None, 'logl_args': None, 'logl_kwargs': None, 'ptform_args': None, 'ptform_kwargs': None, 'gradient': None, 'grad_args': None, 'grad_kwargs': None, 'compute_jac': False, 'enlarge': None, 'bootstrap': None, 'walks': 100, 'facc': 0.2, 'slices': None, 'fmove': 0.9, 'max_move': 100, 'update_func': None, 'ncdim': None, 'blob': False, 'save_history': False, 'history_filename': None, 'maxiter': None, 'maxcall': None, 'dlogz': 0.01, 'logl_max': inf, 'n_effective': None, 'add_live': True, 'print_progress': True, 'print_func': <bound method Dynesty._print_func of <bilby.core.sampler.dynesty.Dynesty object at 0x1488a21fa9d0>>, 'save_bounds': False, 'checkpoint_file': None, 'checkpoint_every': 60, 'resume': False, 'seed': None}
14:42 bilby INFO    : Checkpoint every check_point_delta_t = 600s
14:42 bilby INFO    : Using dynesty version 2.1.5
14:42 bilby INFO    : Using the bilby-implemented acceptance-walk sampling with an average of 16.0 accepted steps per MCMC and maximum length 5000
14:42 bilby INFO    : Setting up multiproccesing pool with 16 processes
14:42 bilby INFO    : Reading resume file results/58/None_resume.pickle
14:42 bilby INFO    : Resume file successfully loaded.
14:44 bilby INFO    : Written checkpoint file results/58/None_resume.pickle
/ligo/home/ligo.org/pratyusava.baral/dispersion/dispersion_env/lib64/python3.11/site-packages/dynesty/plotting.py:786: UserWarning: Attempting to set identical low and high ylims makes transformation singular; automatically expanding.
  ax.set_ylim([0., max(y0) * 1.05])
14:44 bilby WARNING : Too many bins for data range. Cannot create 500 finite-sized bins.
14:44 bilby WARNING : Failed to create dynesty state plot at checkpoint
/ligo/home/ligo.org/pratyusava.baral/dispersion/dispersion_env/lib64/python3.11/site-packages/dynesty/plotting.py:786: UserWarning: Attempting to set identical low and high ylims makes transformation singular; automatically expanding.
  ax.set_ylim([0., max(y0) * 1.05])
/ligo/home/ligo.org/pratyusava.baral/dispersion/dispersion_env/lib64/python3.11/site-packages/dynesty/plotting.py:252: RuntimeWarning: overflow encountered in exp
  np.exp(logwt), logz if logplot else np.exp(logz)
/ligo/home/ligo.org/pratyusava.baral/dispersion/dispersion_env/lib64/python3.11/site-packages/dynesty/plotting.py:282: RuntimeWarning: overflow encountered in exp
  zspan = (0., 1.05 * np.exp(logz[-1] + 3. * logzerr[-1]))
14:44 bilby WARNING : Axis limits cannot be NaN or Inf
14:44 bilby WARNING : Failed to create dynesty run plot at checkpoint
14:56 bilby INFO    : Written checkpoint file results/58/None_resume.pickle
/ligo/home/ligo.org/pratyusava.baral/dispersion/dispersion_env/lib64/python3.11/site-packages/dynesty/plotting.py:786: UserWarning: Attempting to set identical low and high ylims makes transformation singular; automatically expanding.
  ax.set_ylim([0., max(y0) * 1.05])
14:56 bilby WARNING : Too many bins for data range. Cannot create 500 finite-sized bins.
14:56 bilby WARNING : Failed to create dynesty state plot at checkpoint
/ligo/home/ligo.org/pratyusava.baral/dispersion/dispersion_env/lib64/python3.11/site-packages/dynesty/plotting.py:786: UserWarning: Attempting to set identical low and high ylims makes transformation singular; automatically expanding.
  ax.set_ylim([0., max(y0) * 1.05])
/ligo/home/ligo.org/pratyusava.baral/dispersion/dispersion_env/lib64/python3.11/site-packages/dynesty/plotting.py:252: RuntimeWarning: overflow encountered in exp
  np.exp(logwt), logz if logplot else np.exp(logz)
/ligo/home/ligo.org/pratyusava.baral/dispersion/dispersion_env/lib64/python3.11/site-packages/dynesty/plotting.py:282: RuntimeWarning: overflow encountered in exp
  zspan = (0., 1.05 * np.exp(logz[-1] + 3. * logzerr[-1]))
14:56 bilby WARNING : Axis limits cannot be NaN or Inf
14:56 bilby WARNING : Failed to create dynesty run plot at checkpoint
15:06 bilby INFO    : Written checkpoint file results/58/None_resume.pickle
/ligo/home/ligo.org/pratyusava.baral/dispersion/dispersion_env/lib64/python3.11/site-packages/dynesty/plotting.py:786: UserWarning: Attempting to set identical low and high ylims makes transformation singular; automatically expanding.
  ax.set_ylim([0., max(y0) * 1.05])
15:06 bilby WARNING : Too many bins for data range. Cannot create 500 finite-sized bins.
15:06 bilby WARNING : Failed to create dynesty state plot at checkpoint
/ligo/home/ligo.org/pratyusava.baral/dispersion/dispersion_env/lib64/python3.11/site-packages/dynesty/plotting.py:786: UserWarning: Attempting to set identical low and high ylims makes transformation singular; automatically expanding.
  ax.set_ylim([0., max(y0) * 1.05])
/ligo/home/ligo.org/pratyusava.baral/dispersion/dispersion_env/lib64/python3.11/site-packages/dynesty/plotting.py:252: RuntimeWarning: overflow encountered in exp
  np.exp(logwt), logz if logplot else np.exp(logz)
/ligo/home/ligo.org/pratyusava.baral/dispersion/dispersion_env/lib64/python3.11/site-packages/dynesty/plotting.py:282: RuntimeWarning: overflow encountered in exp
  zspan = (0., 1.05 * np.exp(logz[-1] + 3. * logzerr[-1]))
15:06 bilby WARNING : Axis limits cannot be NaN or Inf
15:06 bilby WARNING : Failed to create dynesty run plot at checkpoint
15:18 bilby INFO    : Written checkpoint file results/58/None_resume.pickle
/ligo/home/ligo.org/pratyusava.baral/dispersion/dispersion_env/lib64/python3.11/site-packages/dynesty/plotting.py:786: UserWarning: Attempting to set identical low and high ylims makes transformation singular; automatically expanding.
  ax.set_ylim([0., max(y0) * 1.05])
15:18 bilby WARNING : Too many bins for data range. Cannot create 500 finite-sized bins.
15:18 bilby WARNING : Failed to create dynesty state plot at checkpoint
/ligo/home/ligo.org/pratyusava.baral/dispersion/dispersion_env/lib64/python3.11/site-packages/dynesty/plotting.py:786: UserWarning: Attempting to set identical low and high ylims makes transformation singular; automatically expanding.
  ax.set_ylim([0., max(y0) * 1.05])
/ligo/home/ligo.org/pratyusava.baral/dispersion/dispersion_env/lib64/python3.11/site-packages/dynesty/plotting.py:252: RuntimeWarning: overflow encountered in exp
  np.exp(logwt), logz if logplot else np.exp(logz)
/ligo/home/ligo.org/pratyusava.baral/dispersion/dispersion_env/lib64/python3.11/site-packages/dynesty/plotting.py:282: RuntimeWarning: overflow encountered in exp
  zspan = (0., 1.05 * np.exp(logz[-1] + 3. * logzerr[-1]))
15:18 bilby WARNING : Axis limits cannot be NaN or Inf
15:18 bilby WARNING : Failed to create dynesty run plot at checkpoint
15:29 bilby INFO    : Written checkpoint file results/58/None_resume.pickle
/ligo/home/ligo.org/pratyusava.baral/dispersion/dispersion_env/lib64/python3.11/site-packages/dynesty/plotting.py:786: UserWarning: Attempting to set identical low and high ylims makes transformation singular; automatically expanding.
  ax.set_ylim([0., max(y0) * 1.05])
15:29 bilby WARNING : Too many bins for data range. Cannot create 500 finite-sized bins.
15:29 bilby WARNING : Failed to create dynesty state plot at checkpoint
/ligo/home/ligo.org/pratyusava.baral/dispersion/dispersion_env/lib64/python3.11/site-packages/dynesty/plotting.py:786: UserWarning: Attempting to set identical low and high ylims makes transformation singular; automatically expanding.
  ax.set_ylim([0., max(y0) * 1.05])
/ligo/home/ligo.org/pratyusava.baral/dispersion/dispersion_env/lib64/python3.11/site-packages/dynesty/plotting.py:252: RuntimeWarning: overflow encountered in exp
  np.exp(logwt), logz if logplot else np.exp(logz)
/ligo/home/ligo.org/pratyusava.baral/dispersion/dispersion_env/lib64/python3.11/site-packages/dynesty/plotting.py:282: RuntimeWarning: overflow encountered in exp
  zspan = (0., 1.05 * np.exp(logz[-1] + 3. * logzerr[-1]))
15:29 bilby WARNING : Axis limits cannot be NaN or Inf
15:29 bilby WARNING : Failed to create dynesty run plot at checkpoint
15:39 bilby INFO    : Written checkpoint file results/58/None_resume.pickle
15:39 bilby WARNING : The data appears to lie in a lower-dimensional subspace of the space in which it is expressed. This has resulted in a singular data covariance matrix, which cannot be treated using the algorithms implemented in `gaussian_kde`. Consider performing principle component analysis / dimensionality reduction and using `gaussian_kde` with the transformed data.
15:39 bilby WARNING : Failed to create dynesty state plot at checkpoint
15:39 bilby WARNING : The data appears to lie in a lower-dimensional subspace of the space in which it is expressed. This has resulted in a singular data covariance matrix, which cannot be treated using the algorithms implemented in `gaussian_kde`. Consider performing principle component analysis / dimensionality reduction and using `gaussian_kde` with the transformed data.
15:39 bilby WARNING : Failed to create dynesty unit state plot at checkpoint
/ligo/home/ligo.org/pratyusava.baral/dispersion/dispersion_env/lib64/python3.11/site-packages/dynesty/plotting.py:252: RuntimeWarning: overflow encountered in exp
  np.exp(logwt), logz if logplot else np.exp(logz)
15:39 bilby WARNING : The data appears to lie in a lower-dimensional subspace of the space in which it is expressed. This has resulted in a singular data covariance matrix, which cannot be treated using the algorithms implemented in `gaussian_kde`. Consider performing principle component analysis / dimensionality reduction and using `gaussian_kde` with the transformed data.
15:39 bilby WARNING : Failed to create dynesty run plot at checkpoint
15:50 bilby INFO    : Written checkpoint file results/58/None_resume.pickle
/ligo/home/ligo.org/pratyusava.baral/dispersion/dispersion_env/lib64/python3.11/site-packages/dynesty/plotting.py:786: UserWarning: Attempting to set identical low and high ylims makes transformation singular; automatically expanding.
  ax.set_ylim([0., max(y0) * 1.05])
15:50 bilby WARNING : Too many bins for data range. Cannot create 500 finite-sized bins.
15:50 bilby WARNING : Failed to create dynesty state plot at checkpoint
/ligo/home/ligo.org/pratyusava.baral/dispersion/dispersion_env/lib64/python3.11/site-packages/dynesty/plotting.py:786: UserWarning: Attempting to set identical low and high ylims makes transformation singular; automatically expanding.
  ax.set_ylim([0., max(y0) * 1.05])
/ligo/home/ligo.org/pratyusava.baral/dispersion/dispersion_env/lib64/python3.11/site-packages/dynesty/plotting.py:252: RuntimeWarning: overflow encountered in exp
  np.exp(logwt), logz if logplot else np.exp(logz)
/ligo/home/ligo.org/pratyusava.baral/dispersion/dispersion_env/lib64/python3.11/site-packages/dynesty/plotting.py:282: RuntimeWarning: overflow encountered in exp
  zspan = (0., 1.05 * np.exp(logz[-1] + 3. * logzerr[-1]))
15:50 bilby WARNING : Axis limits cannot be NaN or Inf
15:50 bilby WARNING : Failed to create dynesty run plot at checkpoint
16:01 bilby INFO    : Written checkpoint file results/58/None_resume.pickle
/ligo/home/ligo.org/pratyusava.baral/dispersion/dispersion_env/lib64/python3.11/site-packages/dynesty/plotting.py:786: UserWarning: Attempting to set identical low and high ylims makes transformation singular; automatically expanding.
  ax.set_ylim([0., max(y0) * 1.05])
16:01 bilby WARNING : Too many bins for data range. Cannot create 500 finite-sized bins.
16:01 bilby WARNING : Failed to create dynesty state plot at checkpoint
/ligo/home/ligo.org/pratyusava.baral/dispersion/dispersion_env/lib64/python3.11/site-packages/dynesty/plotting.py:786: UserWarning: Attempting to set identical low and high ylims makes transformation singular; automatically expanding.
  ax.set_ylim([0., max(y0) * 1.05])
/ligo/home/ligo.org/pratyusava.baral/dispersion/dispersion_env/lib64/python3.11/site-packages/dynesty/plotting.py:252: RuntimeWarning: overflow encountered in exp
  np.exp(logwt), logz if logplot else np.exp(logz)
/ligo/home/ligo.org/pratyusava.baral/dispersion/dispersion_env/lib64/python3.11/site-packages/dynesty/plotting.py:282: RuntimeWarning: overflow encountered in exp
  zspan = (0., 1.05 * np.exp(logz[-1] + 3. * logzerr[-1]))
16:01 bilby WARNING : Axis limits cannot be NaN or Inf
16:01 bilby WARNING : Failed to create dynesty run plot at checkpoint
16:11 bilby INFO    : Written checkpoint file results/58/None_resume.pickle
16:11 bilby WARNING : The data appears to lie in a lower-dimensional subspace of the space in which it is expressed. This has resulted in a singular data covariance matrix, which cannot be treated using the algorithms implemented in `gaussian_kde`. Consider performing principle component analysis / dimensionality reduction and using `gaussian_kde` with the transformed data.
16:11 bilby WARNING : Failed to create dynesty state plot at checkpoint
16:11 bilby WARNING : The data appears to lie in a lower-dimensional subspace of the space in which it is expressed. This has resulted in a singular data covariance matrix, which cannot be treated using the algorithms implemented in `gaussian_kde`. Consider performing principle component analysis / dimensionality reduction and using `gaussian_kde` with the transformed data.
16:11 bilby WARNING : Failed to create dynesty unit state plot at checkpoint
/ligo/home/ligo.org/pratyusava.baral/dispersion/dispersion_env/lib64/python3.11/site-packages/dynesty/plotting.py:252: RuntimeWarning: overflow encountered in exp
  np.exp(logwt), logz if logplot else np.exp(logz)
16:11 bilby WARNING : The data appears to lie in a lower-dimensional subspace of the space in which it is expressed. This has resulted in a singular data covariance matrix, which cannot be treated using the algorithms implemented in `gaussian_kde`. Consider performing principle component analysis / dimensionality reduction and using `gaussian_kde` with the transformed data.
16:11 bilby WARNING : Failed to create dynesty run plot at checkpoint
16:22 bilby INFO    : Written checkpoint file results/58/None_resume.pickle
/ligo/home/ligo.org/pratyusava.baral/dispersion/dispersion_env/lib64/python3.11/site-packages/dynesty/plotting.py:786: UserWarning: Attempting to set identical low and high ylims makes transformation singular; automatically expanding.
  ax.set_ylim([0., max(y0) * 1.05])
16:22 bilby WARNING : Too many bins for data range. Cannot create 500 finite-sized bins.
16:22 bilby WARNING : Failed to create dynesty state plot at checkpoint
/ligo/home/ligo.org/pratyusava.baral/dispersion/dispersion_env/lib64/python3.11/site-packages/dynesty/plotting.py:786: UserWarning: Attempting to set identical low and high ylims makes transformation singular; automatically expanding.
  ax.set_ylim([0., max(y0) * 1.05])
/ligo/home/ligo.org/pratyusava.baral/dispersion/dispersion_env/lib64/python3.11/site-packages/dynesty/plotting.py:252: RuntimeWarning: overflow encountered in exp
  np.exp(logwt), logz if logplot else np.exp(logz)
/ligo/home/ligo.org/pratyusava.baral/dispersion/dispersion_env/lib64/python3.11/site-packages/dynesty/plotting.py:282: RuntimeWarning: overflow encountered in exp
  zspan = (0., 1.05 * np.exp(logz[-1] + 3. * logzerr[-1]))
16:22 bilby WARNING : Axis limits cannot be NaN or Inf
16:22 bilby WARNING : Failed to create dynesty run plot at checkpoint
16:34 bilby INFO    : Written checkpoint file results/58/None_resume.pickle
/ligo/home/ligo.org/pratyusava.baral/dispersion/dispersion_env/lib64/python3.11/site-packages/dynesty/plotting.py:786: UserWarning: Attempting to set identical low and high ylims makes transformation singular; automatically expanding.
  ax.set_ylim([0., max(y0) * 1.05])
16:34 bilby WARNING : Too many bins for data range. Cannot create 500 finite-sized bins.
16:34 bilby WARNING : Failed to create dynesty state plot at checkpoint
/ligo/home/ligo.org/pratyusava.baral/dispersion/dispersion_env/lib64/python3.11/site-packages/dynesty/plotting.py:786: UserWarning: Attempting to set identical low and high ylims makes transformation singular; automatically expanding.
  ax.set_ylim([0., max(y0) * 1.05])
/ligo/home/ligo.org/pratyusava.baral/dispersion/dispersion_env/lib64/python3.11/site-packages/dynesty/plotting.py:252: RuntimeWarning: overflow encountered in exp
  np.exp(logwt), logz if logplot else np.exp(logz)
/ligo/home/ligo.org/pratyusava.baral/dispersion/dispersion_env/lib64/python3.11/site-packages/dynesty/plotting.py:282: RuntimeWarning: overflow encountered in exp
  zspan = (0., 1.05 * np.exp(logz[-1] + 3. * logzerr[-1]))
16:34 bilby WARNING : Axis limits cannot be NaN or Inf
16:34 bilby WARNING : Failed to create dynesty run plot at checkpoint
16:45 bilby INFO    : Written checkpoint file results/58/None_resume.pickle
/ligo/home/ligo.org/pratyusava.baral/dispersion/dispersion_env/lib64/python3.11/site-packages/dynesty/plotting.py:786: UserWarning: Attempting to set identical low and high ylims makes transformation singular; automatically expanding.
  ax.set_ylim([0., max(y0) * 1.05])
16:45 bilby WARNING : Too many bins for data range. Cannot create 500 finite-sized bins.
16:45 bilby WARNING : Failed to create dynesty state plot at checkpoint
/ligo/home/ligo.org/pratyusava.baral/dispersion/dispersion_env/lib64/python3.11/site-packages/dynesty/plotting.py:786: UserWarning: Attempting to set identical low and high ylims makes transformation singular; automatically expanding.
  ax.set_ylim([0., max(y0) * 1.05])
/ligo/home/ligo.org/pratyusava.baral/dispersion/dispersion_env/lib64/python3.11/site-packages/dynesty/plotting.py:252: RuntimeWarning: overflow encountered in exp
  np.exp(logwt), logz if logplot else np.exp(logz)
/ligo/home/ligo.org/pratyusava.baral/dispersion/dispersion_env/lib64/python3.11/site-packages/dynesty/plotting.py:282: RuntimeWarning: overflow encountered in exp
  zspan = (0., 1.05 * np.exp(logz[-1] + 3. * logzerr[-1]))
16:45 bilby WARNING : Axis limits cannot be NaN or Inf
16:45 bilby WARNING : Failed to create dynesty run plot at checkpoint
16:56 bilby INFO    : Written checkpoint file results/58/None_resume.pickle
/ligo/home/ligo.org/pratyusava.baral/dispersion/dispersion_env/lib64/python3.11/site-packages/dynesty/plotting.py:786: UserWarning: Attempting to set identical low and high ylims makes transformation singular; automatically expanding.
  ax.set_ylim([0., max(y0) * 1.05])
16:56 bilby WARNING : Too many bins for data range. Cannot create 500 finite-sized bins.
16:56 bilby WARNING : Failed to create dynesty state plot at checkpoint
/ligo/home/ligo.org/pratyusava.baral/dispersion/dispersion_env/lib64/python3.11/site-packages/dynesty/plotting.py:786: UserWarning: Attempting to set identical low and high ylims makes transformation singular; automatically expanding.
  ax.set_ylim([0., max(y0) * 1.05])
/ligo/home/ligo.org/pratyusava.baral/dispersion/dispersion_env/lib64/python3.11/site-packages/dynesty/plotting.py:252: RuntimeWarning: overflow encountered in exp
  np.exp(logwt), logz if logplot else np.exp(logz)
/ligo/home/ligo.org/pratyusava.baral/dispersion/dispersion_env/lib64/python3.11/site-packages/dynesty/plotting.py:282: RuntimeWarning: overflow encountered in exp
  zspan = (0., 1.05 * np.exp(logz[-1] + 3. * logzerr[-1]))
16:57 bilby WARNING : Axis limits cannot be NaN or Inf
16:57 bilby WARNING : Failed to create dynesty run plot at checkpoint
17:08 bilby INFO    : Written checkpoint file results/58/None_resume.pickle
/ligo/home/ligo.org/pratyusava.baral/dispersion/dispersion_env/lib64/python3.11/site-packages/dynesty/plotting.py:786: UserWarning: Attempting to set identical low and high ylims makes transformation singular; automatically expanding.
  ax.set_ylim([0., max(y0) * 1.05])
17:08 bilby WARNING : Too many bins for data range. Cannot create 500 finite-sized bins.
17:08 bilby WARNING : Failed to create dynesty state plot at checkpoint
/ligo/home/ligo.org/pratyusava.baral/dispersion/dispersion_env/lib64/python3.11/site-packages/dynesty/plotting.py:786: UserWarning: Attempting to set identical low and high ylims makes transformation singular; automatically expanding.
  ax.set_ylim([0., max(y0) * 1.05])
/ligo/home/ligo.org/pratyusava.baral/dispersion/dispersion_env/lib64/python3.11/site-packages/dynesty/plotting.py:252: RuntimeWarning: overflow encountered in exp
  np.exp(logwt), logz if logplot else np.exp(logz)
/ligo/home/ligo.org/pratyusava.baral/dispersion/dispersion_env/lib64/python3.11/site-packages/dynesty/plotting.py:282: RuntimeWarning: overflow encountered in exp
  zspan = (0., 1.05 * np.exp(logz[-1] + 3. * logzerr[-1]))
17:08 bilby WARNING : Axis limits cannot be NaN or Inf
17:08 bilby WARNING : Failed to create dynesty run plot at checkpoint
17:20 bilby INFO    : Written checkpoint file results/58/None_resume.pickle
/ligo/home/ligo.org/pratyusava.baral/dispersion/dispersion_env/lib64/python3.11/site-packages/dynesty/plotting.py:786: UserWarning: Attempting to set identical low and high ylims makes transformation singular; automatically expanding.
  ax.set_ylim([0., max(y0) * 1.05])
17:20 bilby WARNING : Too many bins for data range. Cannot create 500 finite-sized bins.
17:20 bilby WARNING : Failed to create dynesty state plot at checkpoint
/ligo/home/ligo.org/pratyusava.baral/dispersion/dispersion_env/lib64/python3.11/site-packages/dynesty/plotting.py:786: UserWarning: Attempting to set identical low and high ylims makes transformation singular; automatically expanding.
  ax.set_ylim([0., max(y0) * 1.05])
/ligo/home/ligo.org/pratyusava.baral/dispersion/dispersion_env/lib64/python3.11/site-packages/dynesty/plotting.py:252: RuntimeWarning: overflow encountered in exp
  np.exp(logwt), logz if logplot else np.exp(logz)
/ligo/home/ligo.org/pratyusava.baral/dispersion/dispersion_env/lib64/python3.11/site-packages/dynesty/plotting.py:282: RuntimeWarning: overflow encountered in exp
  zspan = (0., 1.05 * np.exp(logz[-1] + 3. * logzerr[-1]))
17:20 bilby WARNING : Axis limits cannot be NaN or Inf
17:20 bilby WARNING : Failed to create dynesty run plot at checkpoint
17:30 bilby INFO    : Written checkpoint file results/58/None_resume.pickle
/ligo/home/ligo.org/pratyusava.baral/dispersion/dispersion_env/lib64/python3.11/site-packages/dynesty/plotting.py:786: UserWarning: Attempting to set identical low and high ylims makes transformation singular; automatically expanding.
  ax.set_ylim([0., max(y0) * 1.05])
17:30 bilby WARNING : Too many bins for data range. Cannot create 500 finite-sized bins.
17:30 bilby WARNING : Failed to create dynesty state plot at checkpoint
/ligo/home/ligo.org/pratyusava.baral/dispersion/dispersion_env/lib64/python3.11/site-packages/dynesty/plotting.py:786: UserWarning: Attempting to set identical low and high ylims makes transformation singular; automatically expanding.
  ax.set_ylim([0., max(y0) * 1.05])
/ligo/home/ligo.org/pratyusava.baral/dispersion/dispersion_env/lib64/python3.11/site-packages/dynesty/plotting.py:252: RuntimeWarning: overflow encountered in exp
  np.exp(logwt), logz if logplot else np.exp(logz)
/ligo/home/ligo.org/pratyusava.baral/dispersion/dispersion_env/lib64/python3.11/site-packages/dynesty/plotting.py:282: RuntimeWarning: overflow encountered in exp
  zspan = (0., 1.05 * np.exp(logz[-1] + 3. * logzerr[-1]))
17:30 bilby WARNING : Axis limits cannot be NaN or Inf
17:30 bilby WARNING : Failed to create dynesty run plot at checkpoint
17:42 bilby INFO    : Written checkpoint file results/58/None_resume.pickle
/ligo/home/ligo.org/pratyusava.baral/dispersion/dispersion_env/lib64/python3.11/site-packages/dynesty/plotting.py:786: UserWarning: Attempting to set identical low and high ylims makes transformation singular; automatically expanding.
  ax.set_ylim([0., max(y0) * 1.05])
/ligo/home/ligo.org/pratyusava.baral/dispersion/dispersion_env/lib64/python3.11/site-packages/dynesty/plotting.py:749: UserWarning: Attempting to set identical low and high xlims makes transformation singular; automatically expanding.
  ax.set_xlim(span[i])
/ligo/home/ligo.org/pratyusava.baral/dispersion/dispersion_env/lib64/python3.11/site-packages/dynesty/plotting.py:786: UserWarning: Attempting to set identical low and high ylims makes transformation singular; automatically expanding.
  ax.set_ylim([0., max(y0) * 1.05])
/ligo/home/ligo.org/pratyusava.baral/dispersion/dispersion_env/lib64/python3.11/site-packages/dynesty/plotting.py:252: RuntimeWarning: overflow encountered in exp
  np.exp(logwt), logz if logplot else np.exp(logz)
/ligo/home/ligo.org/pratyusava.baral/dispersion/dispersion_env/lib64/python3.11/site-packages/dynesty/plotting.py:282: RuntimeWarning: overflow encountered in exp
  zspan = (0., 1.05 * np.exp(logz[-1] + 3. * logzerr[-1]))
17:42 bilby WARNING : Axis limits cannot be NaN or Inf
17:42 bilby WARNING : Failed to create dynesty run plot at checkpoint
17:54 bilby INFO    : Written checkpoint file results/58/None_resume.pickle
/ligo/home/ligo.org/pratyusava.baral/dispersion/dispersion_env/lib64/python3.11/site-packages/dynesty/plotting.py:786: UserWarning: Attempting to set identical low and high ylims makes transformation singular; automatically expanding.
  ax.set_ylim([0., max(y0) * 1.05])
/ligo/home/ligo.org/pratyusava.baral/dispersion/dispersion_env/lib64/python3.11/site-packages/dynesty/plotting.py:749: UserWarning: Attempting to set identical low and high xlims makes transformation singular; automatically expanding.
  ax.set_xlim(span[i])
/ligo/home/ligo.org/pratyusava.baral/dispersion/dispersion_env/lib64/python3.11/site-packages/dynesty/plotting.py:786: UserWarning: Attempting to set identical low and high ylims makes transformation singular; automatically expanding.
  ax.set_ylim([0., max(y0) * 1.05])
/ligo/home/ligo.org/pratyusava.baral/dispersion/dispersion_env/lib64/python3.11/site-packages/dynesty/plotting.py:252: RuntimeWarning: overflow encountered in exp
  np.exp(logwt), logz if logplot else np.exp(logz)
/ligo/home/ligo.org/pratyusava.baral/dispersion/dispersion_env/lib64/python3.11/site-packages/dynesty/plotting.py:282: RuntimeWarning: overflow encountered in exp
  zspan = (0., 1.05 * np.exp(logz[-1] + 3. * logzerr[-1]))
17:54 bilby WARNING : Axis limits cannot be NaN or Inf
17:54 bilby WARNING : Failed to create dynesty run plot at checkpoint
18:06 bilby INFO    : Written checkpoint file results/58/None_resume.pickle
/ligo/home/ligo.org/pratyusava.baral/dispersion/dispersion_env/lib64/python3.11/site-packages/dynesty/plotting.py:786: UserWarning: Attempting to set identical low and high ylims makes transformation singular; automatically expanding.
  ax.set_ylim([0., max(y0) * 1.05])
18:06 bilby WARNING : Too many bins for data range. Cannot create 500 finite-sized bins.
18:06 bilby WARNING : Failed to create dynesty state plot at checkpoint
/ligo/home/ligo.org/pratyusava.baral/dispersion/dispersion_env/lib64/python3.11/site-packages/dynesty/plotting.py:786: UserWarning: Attempting to set identical low and high ylims makes transformation singular; automatically expanding.
  ax.set_ylim([0., max(y0) * 1.05])
/ligo/home/ligo.org/pratyusava.baral/dispersion/dispersion_env/lib64/python3.11/site-packages/dynesty/plotting.py:252: RuntimeWarning: overflow encountered in exp
  np.exp(logwt), logz if logplot else np.exp(logz)
/ligo/home/ligo.org/pratyusava.baral/dispersion/dispersion_env/lib64/python3.11/site-packages/dynesty/plotting.py:282: RuntimeWarning: overflow encountered in exp
  zspan = (0., 1.05 * np.exp(logz[-1] + 3. * logzerr[-1]))
18:06 bilby WARNING : Axis limits cannot be NaN or Inf
18:06 bilby WARNING : Failed to create dynesty run plot at checkpoint
18:18 bilby INFO    : Written checkpoint file results/58/None_resume.pickle
18:18 bilby WARNING : The data appears to lie in a lower-dimensional subspace of the space in which it is expressed. This has resulted in a singular data covariance matrix, which cannot be treated using the algorithms implemented in `gaussian_kde`. Consider performing principle component analysis / dimensionality reduction and using `gaussian_kde` with the transformed data.
18:18 bilby WARNING : Failed to create dynesty state plot at checkpoint
18:18 bilby WARNING : The data appears to lie in a lower-dimensional subspace of the space in which it is expressed. This has resulted in a singular data covariance matrix, which cannot be treated using the algorithms implemented in `gaussian_kde`. Consider performing principle component analysis / dimensionality reduction and using `gaussian_kde` with the transformed data.
18:18 bilby WARNING : Failed to create dynesty unit state plot at checkpoint
/ligo/home/ligo.org/pratyusava.baral/dispersion/dispersion_env/lib64/python3.11/site-packages/dynesty/plotting.py:252: RuntimeWarning: overflow encountered in exp
  np.exp(logwt), logz if logplot else np.exp(logz)
18:18 bilby WARNING : The data appears to lie in a lower-dimensional subspace of the space in which it is expressed. This has resulted in a singular data covariance matrix, which cannot be treated using the algorithms implemented in `gaussian_kde`. Consider performing principle component analysis / dimensionality reduction and using `gaussian_kde` with the transformed data.
18:18 bilby WARNING : Failed to create dynesty run plot at checkpoint
18:29 bilby INFO    : Written checkpoint file results/58/None_resume.pickle
/ligo/home/ligo.org/pratyusava.baral/dispersion/dispersion_env/lib64/python3.11/site-packages/dynesty/plotting.py:786: UserWarning: Attempting to set identical low and high ylims makes transformation singular; automatically expanding.
  ax.set_ylim([0., max(y0) * 1.05])
18:29 bilby WARNING : Too many bins for data range. Cannot create 500 finite-sized bins.
18:29 bilby WARNING : Failed to create dynesty state plot at checkpoint
/ligo/home/ligo.org/pratyusava.baral/dispersion/dispersion_env/lib64/python3.11/site-packages/dynesty/plotting.py:786: UserWarning: Attempting to set identical low and high ylims makes transformation singular; automatically expanding.
  ax.set_ylim([0., max(y0) * 1.05])
/ligo/home/ligo.org/pratyusava.baral/dispersion/dispersion_env/lib64/python3.11/site-packages/dynesty/plotting.py:252: RuntimeWarning: overflow encountered in exp
  np.exp(logwt), logz if logplot else np.exp(logz)
/ligo/home/ligo.org/pratyusava.baral/dispersion/dispersion_env/lib64/python3.11/site-packages/dynesty/plotting.py:282: RuntimeWarning: overflow encountered in exp
  zspan = (0., 1.05 * np.exp(logz[-1] + 3. * logzerr[-1]))
18:29 bilby WARNING : Axis limits cannot be NaN or Inf
18:29 bilby WARNING : Failed to create dynesty run plot at checkpoint
18:39 bilby INFO    : Written checkpoint file results/58/None_resume.pickle
/ligo/home/ligo.org/pratyusava.baral/dispersion/dispersion_env/lib64/python3.11/site-packages/dynesty/plotting.py:786: UserWarning: Attempting to set identical low and high ylims makes transformation singular; automatically expanding.
  ax.set_ylim([0., max(y0) * 1.05])
18:39 bilby WARNING : Too many bins for data range. Cannot create 500 finite-sized bins.
18:39 bilby WARNING : Failed to create dynesty state plot at checkpoint
/ligo/home/ligo.org/pratyusava.baral/dispersion/dispersion_env/lib64/python3.11/site-packages/dynesty/plotting.py:786: UserWarning: Attempting to set identical low and high ylims makes transformation singular; automatically expanding.
  ax.set_ylim([0., max(y0) * 1.05])
/ligo/home/ligo.org/pratyusava.baral/dispersion/dispersion_env/lib64/python3.11/site-packages/dynesty/plotting.py:252: RuntimeWarning: overflow encountered in exp
  np.exp(logwt), logz if logplot else np.exp(logz)
/ligo/home/ligo.org/pratyusava.baral/dispersion/dispersion_env/lib64/python3.11/site-packages/dynesty/plotting.py:282: RuntimeWarning: overflow encountered in exp
  zspan = (0., 1.05 * np.exp(logz[-1] + 3. * logzerr[-1]))
18:39 bilby WARNING : Axis limits cannot be NaN or Inf
18:39 bilby WARNING : Failed to create dynesty run plot at checkpoint
18:50 bilby INFO    : Written checkpoint file results/58/None_resume.pickle
/ligo/home/ligo.org/pratyusava.baral/dispersion/dispersion_env/lib64/python3.11/site-packages/dynesty/plotting.py:786: UserWarning: Attempting to set identical low and high ylims makes transformation singular; automatically expanding.
  ax.set_ylim([0., max(y0) * 1.05])
18:50 bilby WARNING : Too many bins for data range. Cannot create 500 finite-sized bins.
18:50 bilby WARNING : Failed to create dynesty state plot at checkpoint
/ligo/home/ligo.org/pratyusava.baral/dispersion/dispersion_env/lib64/python3.11/site-packages/dynesty/plotting.py:786: UserWarning: Attempting to set identical low and high ylims makes transformation singular; automatically expanding.
  ax.set_ylim([0., max(y0) * 1.05])
/ligo/home/ligo.org/pratyusava.baral/dispersion/dispersion_env/lib64/python3.11/site-packages/dynesty/plotting.py:252: RuntimeWarning: overflow encountered in exp
  np.exp(logwt), logz if logplot else np.exp(logz)
/ligo/home/ligo.org/pratyusava.baral/dispersion/dispersion_env/lib64/python3.11/site-packages/dynesty/plotting.py:282: RuntimeWarning: overflow encountered in exp
  zspan = (0., 1.05 * np.exp(logz[-1] + 3. * logzerr[-1]))
18:50 bilby WARNING : Axis limits cannot be NaN or Inf
18:50 bilby WARNING : Failed to create dynesty run plot at checkpoint
19:00 bilby INFO    : Written checkpoint file results/58/None_resume.pickle
19:00 bilby WARNING : The data appears to lie in a lower-dimensional subspace of the space in which it is expressed. This has resulted in a singular data covariance matrix, which cannot be treated using the algorithms implemented in `gaussian_kde`. Consider performing principle component analysis / dimensionality reduction and using `gaussian_kde` with the transformed data.
19:00 bilby WARNING : Failed to create dynesty state plot at checkpoint
19:00 bilby WARNING : The data appears to lie in a lower-dimensional subspace of the space in which it is expressed. This has resulted in a singular data covariance matrix, which cannot be treated using the algorithms implemented in `gaussian_kde`. Consider performing principle component analysis / dimensionality reduction and using `gaussian_kde` with the transformed data.
19:00 bilby WARNING : Failed to create dynesty unit state plot at checkpoint
/ligo/home/ligo.org/pratyusava.baral/dispersion/dispersion_env/lib64/python3.11/site-packages/dynesty/plotting.py:252: RuntimeWarning: overflow encountered in exp
  np.exp(logwt), logz if logplot else np.exp(logz)
19:00 bilby WARNING : The data appears to lie in a lower-dimensional subspace of the space in which it is expressed. This has resulted in a singular data covariance matrix, which cannot be treated using the algorithms implemented in `gaussian_kde`. Consider performing principle component analysis / dimensionality reduction and using `gaussian_kde` with the transformed data.
19:00 bilby WARNING : Failed to create dynesty run plot at checkpoint
19:10 bilby INFO    : Written checkpoint file results/58/None_resume.pickle
/ligo/home/ligo.org/pratyusava.baral/dispersion/dispersion_env/lib64/python3.11/site-packages/dynesty/plotting.py:786: UserWarning: Attempting to set identical low and high ylims makes transformation singular; automatically expanding.
  ax.set_ylim([0., max(y0) * 1.05])
19:10 bilby WARNING : Too many bins for data range. Cannot create 500 finite-sized bins.
19:10 bilby WARNING : Failed to create dynesty state plot at checkpoint
/ligo/home/ligo.org/pratyusava.baral/dispersion/dispersion_env/lib64/python3.11/site-packages/dynesty/plotting.py:786: UserWarning: Attempting to set identical low and high ylims makes transformation singular; automatically expanding.
  ax.set_ylim([0., max(y0) * 1.05])
/ligo/home/ligo.org/pratyusava.baral/dispersion/dispersion_env/lib64/python3.11/site-packages/dynesty/plotting.py:252: RuntimeWarning: overflow encountered in exp
  np.exp(logwt), logz if logplot else np.exp(logz)
/ligo/home/ligo.org/pratyusava.baral/dispersion/dispersion_env/lib64/python3.11/site-packages/dynesty/plotting.py:282: RuntimeWarning: overflow encountered in exp
  zspan = (0., 1.05 * np.exp(logz[-1] + 3. * logzerr[-1]))
19:10 bilby WARNING : Axis limits cannot be NaN or Inf
19:10 bilby WARNING : Failed to create dynesty run plot at checkpoint
19:23 bilby INFO    : Written checkpoint file results/58/None_resume.pickle
/ligo/home/ligo.org/pratyusava.baral/dispersion/dispersion_env/lib64/python3.11/site-packages/dynesty/plotting.py:786: UserWarning: Attempting to set identical low and high ylims makes transformation singular; automatically expanding.
  ax.set_ylim([0., max(y0) * 1.05])
19:23 bilby WARNING : Too many bins for data range. Cannot create 500 finite-sized bins.
19:23 bilby WARNING : Failed to create dynesty state plot at checkpoint
/ligo/home/ligo.org/pratyusava.baral/dispersion/dispersion_env/lib64/python3.11/site-packages/dynesty/plotting.py:786: UserWarning: Attempting to set identical low and high ylims makes transformation singular; automatically expanding.
  ax.set_ylim([0., max(y0) * 1.05])
/ligo/home/ligo.org/pratyusava.baral/dispersion/dispersion_env/lib64/python3.11/site-packages/dynesty/plotting.py:252: RuntimeWarning: overflow encountered in exp
  np.exp(logwt), logz if logplot else np.exp(logz)
/ligo/home/ligo.org/pratyusava.baral/dispersion/dispersion_env/lib64/python3.11/site-packages/dynesty/plotting.py:282: RuntimeWarning: overflow encountered in exp
  zspan = (0., 1.05 * np.exp(logz[-1] + 3. * logzerr[-1]))
19:23 bilby WARNING : Axis limits cannot be NaN or Inf
19:23 bilby WARNING : Failed to create dynesty run plot at checkpoint
19:34 bilby INFO    : Written checkpoint file results/58/None_resume.pickle
/ligo/home/ligo.org/pratyusava.baral/dispersion/dispersion_env/lib64/python3.11/site-packages/dynesty/plotting.py:786: UserWarning: Attempting to set identical low and high ylims makes transformation singular; automatically expanding.
  ax.set_ylim([0., max(y0) * 1.05])
19:34 bilby WARNING : Too many bins for data range. Cannot create 500 finite-sized bins.
19:34 bilby WARNING : Failed to create dynesty state plot at checkpoint
/ligo/home/ligo.org/pratyusava.baral/dispersion/dispersion_env/lib64/python3.11/site-packages/dynesty/plotting.py:786: UserWarning: Attempting to set identical low and high ylims makes transformation singular; automatically expanding.
  ax.set_ylim([0., max(y0) * 1.05])
/ligo/home/ligo.org/pratyusava.baral/dispersion/dispersion_env/lib64/python3.11/site-packages/dynesty/plotting.py:252: RuntimeWarning: overflow encountered in exp
  np.exp(logwt), logz if logplot else np.exp(logz)
/ligo/home/ligo.org/pratyusava.baral/dispersion/dispersion_env/lib64/python3.11/site-packages/dynesty/plotting.py:282: RuntimeWarning: overflow encountered in exp
  zspan = (0., 1.05 * np.exp(logz[-1] + 3. * logzerr[-1]))
19:34 bilby WARNING : Axis limits cannot be NaN or Inf
19:34 bilby WARNING : Failed to create dynesty run plot at checkpoint
19:47 bilby INFO    : Written checkpoint file results/58/None_resume.pickle
19:47 bilby WARNING : The data appears to lie in a lower-dimensional subspace of the space in which it is expressed. This has resulted in a singular data covariance matrix, which cannot be treated using the algorithms implemented in `gaussian_kde`. Consider performing principle component analysis / dimensionality reduction and using `gaussian_kde` with the transformed data.
19:47 bilby WARNING : Failed to create dynesty state plot at checkpoint
19:47 bilby WARNING : The data appears to lie in a lower-dimensional subspace of the space in which it is expressed. This has resulted in a singular data covariance matrix, which cannot be treated using the algorithms implemented in `gaussian_kde`. Consider performing principle component analysis / dimensionality reduction and using `gaussian_kde` with the transformed data.
19:47 bilby WARNING : Failed to create dynesty unit state plot at checkpoint
/ligo/home/ligo.org/pratyusava.baral/dispersion/dispersion_env/lib64/python3.11/site-packages/dynesty/plotting.py:252: RuntimeWarning: overflow encountered in exp
  np.exp(logwt), logz if logplot else np.exp(logz)
19:47 bilby WARNING : The data appears to lie in a lower-dimensional subspace of the space in which it is expressed. This has resulted in a singular data covariance matrix, which cannot be treated using the algorithms implemented in `gaussian_kde`. Consider performing principle component analysis / dimensionality reduction and using `gaussian_kde` with the transformed data.
19:47 bilby WARNING : Failed to create dynesty run plot at checkpoint
19:57 bilby INFO    : Written checkpoint file results/58/None_resume.pickle
/ligo/home/ligo.org/pratyusava.baral/dispersion/dispersion_env/lib64/python3.11/site-packages/dynesty/plotting.py:786: UserWarning: Attempting to set identical low and high ylims makes transformation singular; automatically expanding.
  ax.set_ylim([0., max(y0) * 1.05])
19:57 bilby WARNING : Too many bins for data range. Cannot create 500 finite-sized bins.
19:57 bilby WARNING : Failed to create dynesty state plot at checkpoint
/ligo/home/ligo.org/pratyusava.baral/dispersion/dispersion_env/lib64/python3.11/site-packages/dynesty/plotting.py:786: UserWarning: Attempting to set identical low and high ylims makes transformation singular; automatically expanding.
  ax.set_ylim([0., max(y0) * 1.05])
/ligo/home/ligo.org/pratyusava.baral/dispersion/dispersion_env/lib64/python3.11/site-packages/dynesty/plotting.py:252: RuntimeWarning: overflow encountered in exp
  np.exp(logwt), logz if logplot else np.exp(logz)
/ligo/home/ligo.org/pratyusava.baral/dispersion/dispersion_env/lib64/python3.11/site-packages/dynesty/plotting.py:282: RuntimeWarning: overflow encountered in exp
  zspan = (0., 1.05 * np.exp(logz[-1] + 3. * logzerr[-1]))
19:57 bilby WARNING : Axis limits cannot be NaN or Inf
19:57 bilby WARNING : Failed to create dynesty run plot at checkpoint
20:09 bilby INFO    : Written checkpoint file results/58/None_resume.pickle
20:09 bilby WARNING : The data appears to lie in a lower-dimensional subspace of the space in which it is expressed. This has resulted in a singular data covariance matrix, which cannot be treated using the algorithms implemented in `gaussian_kde`. Consider performing principle component analysis / dimensionality reduction and using `gaussian_kde` with the transformed data.
20:09 bilby WARNING : Failed to create dynesty state plot at checkpoint
20:09 bilby WARNING : The data appears to lie in a lower-dimensional subspace of the space in which it is expressed. This has resulted in a singular data covariance matrix, which cannot be treated using the algorithms implemented in `gaussian_kde`. Consider performing principle component analysis / dimensionality reduction and using `gaussian_kde` with the transformed data.
20:09 bilby WARNING : Failed to create dynesty unit state plot at checkpoint
/ligo/home/ligo.org/pratyusava.baral/dispersion/dispersion_env/lib64/python3.11/site-packages/dynesty/plotting.py:252: RuntimeWarning: overflow encountered in exp
  np.exp(logwt), logz if logplot else np.exp(logz)
20:09 bilby WARNING : The data appears to lie in a lower-dimensional subspace of the space in which it is expressed. This has resulted in a singular data covariance matrix, which cannot be treated using the algorithms implemented in `gaussian_kde`. Consider performing principle component analysis / dimensionality reduction and using `gaussian_kde` with the transformed data.
20:09 bilby WARNING : Failed to create dynesty run plot at checkpoint
20:20 bilby INFO    : Written checkpoint file results/58/None_resume.pickle
/ligo/home/ligo.org/pratyusava.baral/dispersion/dispersion_env/lib64/python3.11/site-packages/dynesty/plotting.py:786: UserWarning: Attempting to set identical low and high ylims makes transformation singular; automatically expanding.
  ax.set_ylim([0., max(y0) * 1.05])
20:20 bilby WARNING : Too many bins for data range. Cannot create 500 finite-sized bins.
20:20 bilby WARNING : Failed to create dynesty state plot at checkpoint
/ligo/home/ligo.org/pratyusava.baral/dispersion/dispersion_env/lib64/python3.11/site-packages/dynesty/plotting.py:786: UserWarning: Attempting to set identical low and high ylims makes transformation singular; automatically expanding.
  ax.set_ylim([0., max(y0) * 1.05])
/ligo/home/ligo.org/pratyusava.baral/dispersion/dispersion_env/lib64/python3.11/site-packages/dynesty/plotting.py:252: RuntimeWarning: overflow encountered in exp
  np.exp(logwt), logz if logplot else np.exp(logz)
/ligo/home/ligo.org/pratyusava.baral/dispersion/dispersion_env/lib64/python3.11/site-packages/dynesty/plotting.py:282: RuntimeWarning: overflow encountered in exp
  zspan = (0., 1.05 * np.exp(logz[-1] + 3. * logzerr[-1]))
20:20 bilby WARNING : Axis limits cannot be NaN or Inf
20:20 bilby WARNING : Failed to create dynesty run plot at checkpoint
20:30 bilby INFO    : Written checkpoint file results/58/None_resume.pickle
/ligo/home/ligo.org/pratyusava.baral/dispersion/dispersion_env/lib64/python3.11/site-packages/dynesty/plotting.py:786: UserWarning: Attempting to set identical low and high ylims makes transformation singular; automatically expanding.
  ax.set_ylim([0., max(y0) * 1.05])
20:30 bilby WARNING : Too many bins for data range. Cannot create 500 finite-sized bins.
20:30 bilby WARNING : Failed to create dynesty state plot at checkpoint
/ligo/home/ligo.org/pratyusava.baral/dispersion/dispersion_env/lib64/python3.11/site-packages/dynesty/plotting.py:786: UserWarning: Attempting to set identical low and high ylims makes transformation singular; automatically expanding.
  ax.set_ylim([0., max(y0) * 1.05])
/ligo/home/ligo.org/pratyusava.baral/dispersion/dispersion_env/lib64/python3.11/site-packages/dynesty/plotting.py:252: RuntimeWarning: overflow encountered in exp
  np.exp(logwt), logz if logplot else np.exp(logz)
/ligo/home/ligo.org/pratyusava.baral/dispersion/dispersion_env/lib64/python3.11/site-packages/dynesty/plotting.py:282: RuntimeWarning: overflow encountered in exp
  zspan = (0., 1.05 * np.exp(logz[-1] + 3. * logzerr[-1]))
20:30 bilby WARNING : Axis limits cannot be NaN or Inf
20:30 bilby WARNING : Failed to create dynesty run plot at checkpoint
20:40 bilby INFO    : Written checkpoint file results/58/None_resume.pickle
/ligo/home/ligo.org/pratyusava.baral/dispersion/dispersion_env/lib64/python3.11/site-packages/dynesty/plotting.py:786: UserWarning: Attempting to set identical low and high ylims makes transformation singular; automatically expanding.
  ax.set_ylim([0., max(y0) * 1.05])
20:40 bilby WARNING : Too many bins for data range. Cannot create 500 finite-sized bins.
20:40 bilby WARNING : Failed to create dynesty state plot at checkpoint
/ligo/home/ligo.org/pratyusava.baral/dispersion/dispersion_env/lib64/python3.11/site-packages/dynesty/plotting.py:786: UserWarning: Attempting to set identical low and high ylims makes transformation singular; automatically expanding.
  ax.set_ylim([0., max(y0) * 1.05])
/ligo/home/ligo.org/pratyusava.baral/dispersion/dispersion_env/lib64/python3.11/site-packages/dynesty/plotting.py:252: RuntimeWarning: overflow encountered in exp
  np.exp(logwt), logz if logplot else np.exp(logz)
/ligo/home/ligo.org/pratyusava.baral/dispersion/dispersion_env/lib64/python3.11/site-packages/dynesty/plotting.py:282: RuntimeWarning: overflow encountered in exp
  zspan = (0., 1.05 * np.exp(logz[-1] + 3. * logzerr[-1]))
20:40 bilby WARNING : Axis limits cannot be NaN or Inf
20:40 bilby WARNING : Failed to create dynesty run plot at checkpoint
20:51 bilby INFO    : Written checkpoint file results/58/None_resume.pickle
/ligo/home/ligo.org/pratyusava.baral/dispersion/dispersion_env/lib64/python3.11/site-packages/dynesty/plotting.py:786: UserWarning: Attempting to set identical low and high ylims makes transformation singular; automatically expanding.
  ax.set_ylim([0., max(y0) * 1.05])
20:51 bilby WARNING : Too many bins for data range. Cannot create 500 finite-sized bins.
20:51 bilby WARNING : Failed to create dynesty state plot at checkpoint
/ligo/home/ligo.org/pratyusava.baral/dispersion/dispersion_env/lib64/python3.11/site-packages/dynesty/plotting.py:786: UserWarning: Attempting to set identical low and high ylims makes transformation singular; automatically expanding.
  ax.set_ylim([0., max(y0) * 1.05])
/ligo/home/ligo.org/pratyusava.baral/dispersion/dispersion_env/lib64/python3.11/site-packages/dynesty/plotting.py:252: RuntimeWarning: overflow encountered in exp
  np.exp(logwt), logz if logplot else np.exp(logz)
/ligo/home/ligo.org/pratyusava.baral/dispersion/dispersion_env/lib64/python3.11/site-packages/dynesty/plotting.py:282: RuntimeWarning: overflow encountered in exp
  zspan = (0., 1.05 * np.exp(logz[-1] + 3. * logzerr[-1]))
20:51 bilby WARNING : Axis limits cannot be NaN or Inf
20:51 bilby WARNING : Failed to create dynesty run plot at checkpoint
21:02 bilby INFO    : Written checkpoint file results/58/None_resume.pickle
/ligo/home/ligo.org/pratyusava.baral/dispersion/dispersion_env/lib64/python3.11/site-packages/dynesty/plotting.py:786: UserWarning: Attempting to set identical low and high ylims makes transformation singular; automatically expanding.
  ax.set_ylim([0., max(y0) * 1.05])
21:02 bilby WARNING : Too many bins for data range. Cannot create 500 finite-sized bins.
21:02 bilby WARNING : Failed to create dynesty state plot at checkpoint
/ligo/home/ligo.org/pratyusava.baral/dispersion/dispersion_env/lib64/python3.11/site-packages/dynesty/plotting.py:786: UserWarning: Attempting to set identical low and high ylims makes transformation singular; automatically expanding.
  ax.set_ylim([0., max(y0) * 1.05])
/ligo/home/ligo.org/pratyusava.baral/dispersion/dispersion_env/lib64/python3.11/site-packages/dynesty/plotting.py:252: RuntimeWarning: overflow encountered in exp
  np.exp(logwt), logz if logplot else np.exp(logz)
/ligo/home/ligo.org/pratyusava.baral/dispersion/dispersion_env/lib64/python3.11/site-packages/dynesty/plotting.py:282: RuntimeWarning: overflow encountered in exp
  zspan = (0., 1.05 * np.exp(logz[-1] + 3. * logzerr[-1]))
21:02 bilby WARNING : Axis limits cannot be NaN or Inf
21:02 bilby WARNING : Failed to create dynesty run plot at checkpoint
21:12 bilby INFO    : Written checkpoint file results/58/None_resume.pickle
/ligo/home/ligo.org/pratyusava.baral/dispersion/dispersion_env/lib64/python3.11/site-packages/dynesty/plotting.py:786: UserWarning: Attempting to set identical low and high ylims makes transformation singular; automatically expanding.
  ax.set_ylim([0., max(y0) * 1.05])
21:12 bilby WARNING : Too many bins for data range. Cannot create 500 finite-sized bins.
21:12 bilby WARNING : Failed to create dynesty state plot at checkpoint
/ligo/home/ligo.org/pratyusava.baral/dispersion/dispersion_env/lib64/python3.11/site-packages/dynesty/plotting.py:786: UserWarning: Attempting to set identical low and high ylims makes transformation singular; automatically expanding.
  ax.set_ylim([0., max(y0) * 1.05])
/ligo/home/ligo.org/pratyusava.baral/dispersion/dispersion_env/lib64/python3.11/site-packages/dynesty/plotting.py:252: RuntimeWarning: overflow encountered in exp
  np.exp(logwt), logz if logplot else np.exp(logz)
/ligo/home/ligo.org/pratyusava.baral/dispersion/dispersion_env/lib64/python3.11/site-packages/dynesty/plotting.py:282: RuntimeWarning: overflow encountered in exp
  zspan = (0., 1.05 * np.exp(logz[-1] + 3. * logzerr[-1]))
21:12 bilby WARNING : Axis limits cannot be NaN or Inf
21:12 bilby WARNING : Failed to create dynesty run plot at checkpoint
21:22 bilby INFO    : Written checkpoint file results/58/None_resume.pickle
/ligo/home/ligo.org/pratyusava.baral/dispersion/dispersion_env/lib64/python3.11/site-packages/dynesty/plotting.py:786: UserWarning: Attempting to set identical low and high ylims makes transformation singular; automatically expanding.
  ax.set_ylim([0., max(y0) * 1.05])
21:22 bilby WARNING : Too many bins for data range. Cannot create 500 finite-sized bins.
21:22 bilby WARNING : Failed to create dynesty state plot at checkpoint
/ligo/home/ligo.org/pratyusava.baral/dispersion/dispersion_env/lib64/python3.11/site-packages/dynesty/plotting.py:786: UserWarning: Attempting to set identical low and high ylims makes transformation singular; automatically expanding.
  ax.set_ylim([0., max(y0) * 1.05])
/ligo/home/ligo.org/pratyusava.baral/dispersion/dispersion_env/lib64/python3.11/site-packages/dynesty/plotting.py:252: RuntimeWarning: overflow encountered in exp
  np.exp(logwt), logz if logplot else np.exp(logz)
/ligo/home/ligo.org/pratyusava.baral/dispersion/dispersion_env/lib64/python3.11/site-packages/dynesty/plotting.py:282: RuntimeWarning: overflow encountered in exp
  zspan = (0., 1.05 * np.exp(logz[-1] + 3. * logzerr[-1]))
21:23 bilby WARNING : Axis limits cannot be NaN or Inf
21:23 bilby WARNING : Failed to create dynesty run plot at checkpoint
21:34 bilby INFO    : Written checkpoint file results/58/None_resume.pickle
/ligo/home/ligo.org/pratyusava.baral/dispersion/dispersion_env/lib64/python3.11/site-packages/dynesty/plotting.py:786: UserWarning: Attempting to set identical low and high ylims makes transformation singular; automatically expanding.
  ax.set_ylim([0., max(y0) * 1.05])
21:34 bilby WARNING : Too many bins for data range. Cannot create 500 finite-sized bins.
21:34 bilby WARNING : Failed to create dynesty state plot at checkpoint
/ligo/home/ligo.org/pratyusava.baral/dispersion/dispersion_env/lib64/python3.11/site-packages/dynesty/plotting.py:786: UserWarning: Attempting to set identical low and high ylims makes transformation singular; automatically expanding.
  ax.set_ylim([0., max(y0) * 1.05])
/ligo/home/ligo.org/pratyusava.baral/dispersion/dispersion_env/lib64/python3.11/site-packages/dynesty/plotting.py:252: RuntimeWarning: overflow encountered in exp
  np.exp(logwt), logz if logplot else np.exp(logz)
/ligo/home/ligo.org/pratyusava.baral/dispersion/dispersion_env/lib64/python3.11/site-packages/dynesty/plotting.py:282: RuntimeWarning: overflow encountered in exp
  zspan = (0., 1.05 * np.exp(logz[-1] + 3. * logzerr[-1]))
21:34 bilby WARNING : Axis limits cannot be NaN or Inf
21:34 bilby WARNING : Failed to create dynesty run plot at checkpoint
21:45 bilby INFO    : Written checkpoint file results/58/None_resume.pickle
/ligo/home/ligo.org/pratyusava.baral/dispersion/dispersion_env/lib64/python3.11/site-packages/dynesty/plotting.py:786: UserWarning: Attempting to set identical low and high ylims makes transformation singular; automatically expanding.
  ax.set_ylim([0., max(y0) * 1.05])
21:45 bilby WARNING : Too many bins for data range. Cannot create 500 finite-sized bins.
21:45 bilby WARNING : Failed to create dynesty state plot at checkpoint
/ligo/home/ligo.org/pratyusava.baral/dispersion/dispersion_env/lib64/python3.11/site-packages/dynesty/plotting.py:786: UserWarning: Attempting to set identical low and high ylims makes transformation singular; automatically expanding.
  ax.set_ylim([0., max(y0) * 1.05])
/ligo/home/ligo.org/pratyusava.baral/dispersion/dispersion_env/lib64/python3.11/site-packages/dynesty/plotting.py:252: RuntimeWarning: overflow encountered in exp
  np.exp(logwt), logz if logplot else np.exp(logz)
/ligo/home/ligo.org/pratyusava.baral/dispersion/dispersion_env/lib64/python3.11/site-packages/dynesty/plotting.py:282: RuntimeWarning: overflow encountered in exp
  zspan = (0., 1.05 * np.exp(logz[-1] + 3. * logzerr[-1]))
21:45 bilby WARNING : Axis limits cannot be NaN or Inf
21:45 bilby WARNING : Failed to create dynesty run plot at checkpoint
21:56 bilby INFO    : Written checkpoint file results/58/None_resume.pickle
21:56 bilby WARNING : The data appears to lie in a lower-dimensional subspace of the space in which it is expressed. This has resulted in a singular data covariance matrix, which cannot be treated using the algorithms implemented in `gaussian_kde`. Consider performing principle component analysis / dimensionality reduction and using `gaussian_kde` with the transformed data.
21:56 bilby WARNING : Failed to create dynesty state plot at checkpoint
21:56 bilby WARNING : The data appears to lie in a lower-dimensional subspace of the space in which it is expressed. This has resulted in a singular data covariance matrix, which cannot be treated using the algorithms implemented in `gaussian_kde`. Consider performing principle component analysis / dimensionality reduction and using `gaussian_kde` with the transformed data.
21:56 bilby WARNING : Failed to create dynesty unit state plot at checkpoint
/ligo/home/ligo.org/pratyusava.baral/dispersion/dispersion_env/lib64/python3.11/site-packages/dynesty/plotting.py:252: RuntimeWarning: overflow encountered in exp
  np.exp(logwt), logz if logplot else np.exp(logz)
21:56 bilby WARNING : The data appears to lie in a lower-dimensional subspace of the space in which it is expressed. This has resulted in a singular data covariance matrix, which cannot be treated using the algorithms implemented in `gaussian_kde`. Consider performing principle component analysis / dimensionality reduction and using `gaussian_kde` with the transformed data.
21:56 bilby WARNING : Failed to create dynesty run plot at checkpoint
22:08 bilby INFO    : Written checkpoint file results/58/None_resume.pickle
/ligo/home/ligo.org/pratyusava.baral/dispersion/dispersion_env/lib64/python3.11/site-packages/dynesty/plotting.py:786: UserWarning: Attempting to set identical low and high ylims makes transformation singular; automatically expanding.
  ax.set_ylim([0., max(y0) * 1.05])
22:08 bilby WARNING : Too many bins for data range. Cannot create 500 finite-sized bins.
22:08 bilby WARNING : Failed to create dynesty state plot at checkpoint
/ligo/home/ligo.org/pratyusava.baral/dispersion/dispersion_env/lib64/python3.11/site-packages/dynesty/plotting.py:786: UserWarning: Attempting to set identical low and high ylims makes transformation singular; automatically expanding.
  ax.set_ylim([0., max(y0) * 1.05])
/ligo/home/ligo.org/pratyusava.baral/dispersion/dispersion_env/lib64/python3.11/site-packages/dynesty/plotting.py:252: RuntimeWarning: overflow encountered in exp
  np.exp(logwt), logz if logplot else np.exp(logz)
/ligo/home/ligo.org/pratyusava.baral/dispersion/dispersion_env/lib64/python3.11/site-packages/dynesty/plotting.py:282: RuntimeWarning: overflow encountered in exp
  zspan = (0., 1.05 * np.exp(logz[-1] + 3. * logzerr[-1]))
22:08 bilby WARNING : Axis limits cannot be NaN or Inf
22:08 bilby WARNING : Failed to create dynesty run plot at checkpoint
22:18 bilby INFO    : Written checkpoint file results/58/None_resume.pickle
/ligo/home/ligo.org/pratyusava.baral/dispersion/dispersion_env/lib64/python3.11/site-packages/dynesty/plotting.py:786: UserWarning: Attempting to set identical low and high ylims makes transformation singular; automatically expanding.
  ax.set_ylim([0., max(y0) * 1.05])
22:18 bilby WARNING : Too many bins for data range. Cannot create 500 finite-sized bins.
22:18 bilby WARNING : Failed to create dynesty state plot at checkpoint
/ligo/home/ligo.org/pratyusava.baral/dispersion/dispersion_env/lib64/python3.11/site-packages/dynesty/plotting.py:786: UserWarning: Attempting to set identical low and high ylims makes transformation singular; automatically expanding.
  ax.set_ylim([0., max(y0) * 1.05])
/ligo/home/ligo.org/pratyusava.baral/dispersion/dispersion_env/lib64/python3.11/site-packages/dynesty/plotting.py:252: RuntimeWarning: overflow encountered in exp
  np.exp(logwt), logz if logplot else np.exp(logz)
/ligo/home/ligo.org/pratyusava.baral/dispersion/dispersion_env/lib64/python3.11/site-packages/dynesty/plotting.py:282: RuntimeWarning: overflow encountered in exp
  zspan = (0., 1.05 * np.exp(logz[-1] + 3. * logzerr[-1]))
22:18 bilby WARNING : Axis limits cannot be NaN or Inf
22:18 bilby WARNING : Failed to create dynesty run plot at checkpoint
22:29 bilby INFO    : Written checkpoint file results/58/None_resume.pickle
22:29 bilby WARNING : The data appears to lie in a lower-dimensional subspace of the space in which it is expressed. This has resulted in a singular data covariance matrix, which cannot be treated using the algorithms implemented in `gaussian_kde`. Consider performing principle component analysis / dimensionality reduction and using `gaussian_kde` with the transformed data.
22:29 bilby WARNING : Failed to create dynesty state plot at checkpoint
22:29 bilby WARNING : The data appears to lie in a lower-dimensional subspace of the space in which it is expressed. This has resulted in a singular data covariance matrix, which cannot be treated using the algorithms implemented in `gaussian_kde`. Consider performing principle component analysis / dimensionality reduction and using `gaussian_kde` with the transformed data.
22:29 bilby WARNING : Failed to create dynesty unit state plot at checkpoint
/ligo/home/ligo.org/pratyusava.baral/dispersion/dispersion_env/lib64/python3.11/site-packages/dynesty/plotting.py:252: RuntimeWarning: overflow encountered in exp
  np.exp(logwt), logz if logplot else np.exp(logz)
22:29 bilby WARNING : The data appears to lie in a lower-dimensional subspace of the space in which it is expressed. This has resulted in a singular data covariance matrix, which cannot be treated using the algorithms implemented in `gaussian_kde`. Consider performing principle component analysis / dimensionality reduction and using `gaussian_kde` with the transformed data.
22:29 bilby WARNING : Failed to create dynesty run plot at checkpoint
22:39 bilby INFO    : Written checkpoint file results/58/None_resume.pickle
/ligo/home/ligo.org/pratyusava.baral/dispersion/dispersion_env/lib64/python3.11/site-packages/dynesty/plotting.py:786: UserWarning: Attempting to set identical low and high ylims makes transformation singular; automatically expanding.
  ax.set_ylim([0., max(y0) * 1.05])
22:39 bilby WARNING : Too many bins for data range. Cannot create 500 finite-sized bins.
22:39 bilby WARNING : Failed to create dynesty state plot at checkpoint
/ligo/home/ligo.org/pratyusava.baral/dispersion/dispersion_env/lib64/python3.11/site-packages/dynesty/plotting.py:786: UserWarning: Attempting to set identical low and high ylims makes transformation singular; automatically expanding.
  ax.set_ylim([0., max(y0) * 1.05])
/ligo/home/ligo.org/pratyusava.baral/dispersion/dispersion_env/lib64/python3.11/site-packages/dynesty/plotting.py:252: RuntimeWarning: overflow encountered in exp
  np.exp(logwt), logz if logplot else np.exp(logz)
/ligo/home/ligo.org/pratyusava.baral/dispersion/dispersion_env/lib64/python3.11/site-packages/dynesty/plotting.py:282: RuntimeWarning: overflow encountered in exp
  zspan = (0., 1.05 * np.exp(logz[-1] + 3. * logzerr[-1]))
22:39 bilby WARNING : Axis limits cannot be NaN or Inf
22:39 bilby WARNING : Failed to create dynesty run plot at checkpoint
22:52 bilby INFO    : Written checkpoint file results/58/None_resume.pickle
22:52 bilby WARNING : The data appears to lie in a lower-dimensional subspace of the space in which it is expressed. This has resulted in a singular data covariance matrix, which cannot be treated using the algorithms implemented in `gaussian_kde`. Consider performing principle component analysis / dimensionality reduction and using `gaussian_kde` with the transformed data.
22:52 bilby WARNING : Failed to create dynesty state plot at checkpoint
22:52 bilby WARNING : The data appears to lie in a lower-dimensional subspace of the space in which it is expressed. This has resulted in a singular data covariance matrix, which cannot be treated using the algorithms implemented in `gaussian_kde`. Consider performing principle component analysis / dimensionality reduction and using `gaussian_kde` with the transformed data.
22:52 bilby WARNING : Failed to create dynesty unit state plot at checkpoint
/ligo/home/ligo.org/pratyusava.baral/dispersion/dispersion_env/lib64/python3.11/site-packages/dynesty/plotting.py:252: RuntimeWarning: overflow encountered in exp
  np.exp(logwt), logz if logplot else np.exp(logz)
22:52 bilby WARNING : The data appears to lie in a lower-dimensional subspace of the space in which it is expressed. This has resulted in a singular data covariance matrix, which cannot be treated using the algorithms implemented in `gaussian_kde`. Consider performing principle component analysis / dimensionality reduction and using `gaussian_kde` with the transformed data.
22:52 bilby WARNING : Failed to create dynesty run plot at checkpoint
23:03 bilby INFO    : Written checkpoint file results/58/None_resume.pickle
/ligo/home/ligo.org/pratyusava.baral/dispersion/dispersion_env/lib64/python3.11/site-packages/dynesty/plotting.py:786: UserWarning: Attempting to set identical low and high ylims makes transformation singular; automatically expanding.
  ax.set_ylim([0., max(y0) * 1.05])
23:03 bilby WARNING : Too many bins for data range. Cannot create 500 finite-sized bins.
23:03 bilby WARNING : Failed to create dynesty state plot at checkpoint
/ligo/home/ligo.org/pratyusava.baral/dispersion/dispersion_env/lib64/python3.11/site-packages/dynesty/plotting.py:786: UserWarning: Attempting to set identical low and high ylims makes transformation singular; automatically expanding.
  ax.set_ylim([0., max(y0) * 1.05])
/ligo/home/ligo.org/pratyusava.baral/dispersion/dispersion_env/lib64/python3.11/site-packages/dynesty/plotting.py:252: RuntimeWarning: overflow encountered in exp
  np.exp(logwt), logz if logplot else np.exp(logz)
/ligo/home/ligo.org/pratyusava.baral/dispersion/dispersion_env/lib64/python3.11/site-packages/dynesty/plotting.py:282: RuntimeWarning: overflow encountered in exp
  zspan = (0., 1.05 * np.exp(logz[-1] + 3. * logzerr[-1]))
23:03 bilby WARNING : Axis limits cannot be NaN or Inf
23:03 bilby WARNING : Failed to create dynesty run plot at checkpoint
23:13 bilby INFO    : Written checkpoint file results/58/None_resume.pickle
/ligo/home/ligo.org/pratyusava.baral/dispersion/dispersion_env/lib64/python3.11/site-packages/dynesty/plotting.py:786: UserWarning: Attempting to set identical low and high ylims makes transformation singular; automatically expanding.
  ax.set_ylim([0., max(y0) * 1.05])
23:13 bilby WARNING : Too many bins for data range. Cannot create 500 finite-sized bins.
23:13 bilby WARNING : Failed to create dynesty state plot at checkpoint
/ligo/home/ligo.org/pratyusava.baral/dispersion/dispersion_env/lib64/python3.11/site-packages/dynesty/plotting.py:786: UserWarning: Attempting to set identical low and high ylims makes transformation singular; automatically expanding.
  ax.set_ylim([0., max(y0) * 1.05])
/ligo/home/ligo.org/pratyusava.baral/dispersion/dispersion_env/lib64/python3.11/site-packages/dynesty/plotting.py:252: RuntimeWarning: overflow encountered in exp
  np.exp(logwt), logz if logplot else np.exp(logz)
/ligo/home/ligo.org/pratyusava.baral/dispersion/dispersion_env/lib64/python3.11/site-packages/dynesty/plotting.py:282: RuntimeWarning: overflow encountered in exp
  zspan = (0., 1.05 * np.exp(logz[-1] + 3. * logzerr[-1]))
23:14 bilby WARNING : Axis limits cannot be NaN or Inf
23:14 bilby WARNING : Failed to create dynesty run plot at checkpoint
23:26 bilby INFO    : Written checkpoint file results/58/None_resume.pickle
/ligo/home/ligo.org/pratyusava.baral/dispersion/dispersion_env/lib64/python3.11/site-packages/dynesty/plotting.py:786: UserWarning: Attempting to set identical low and high ylims makes transformation singular; automatically expanding.
  ax.set_ylim([0., max(y0) * 1.05])
23:26 bilby WARNING : Too many bins for data range. Cannot create 500 finite-sized bins.
23:26 bilby WARNING : Failed to create dynesty state plot at checkpoint
/ligo/home/ligo.org/pratyusava.baral/dispersion/dispersion_env/lib64/python3.11/site-packages/dynesty/plotting.py:786: UserWarning: Attempting to set identical low and high ylims makes transformation singular; automatically expanding.
  ax.set_ylim([0., max(y0) * 1.05])
/ligo/home/ligo.org/pratyusava.baral/dispersion/dispersion_env/lib64/python3.11/site-packages/dynesty/plotting.py:252: RuntimeWarning: overflow encountered in exp
  np.exp(logwt), logz if logplot else np.exp(logz)
/ligo/home/ligo.org/pratyusava.baral/dispersion/dispersion_env/lib64/python3.11/site-packages/dynesty/plotting.py:282: RuntimeWarning: overflow encountered in exp
  zspan = (0., 1.05 * np.exp(logz[-1] + 3. * logzerr[-1]))
23:26 bilby WARNING : Axis limits cannot be NaN or Inf
23:26 bilby WARNING : Failed to create dynesty run plot at checkpoint
23:37 bilby INFO    : Written checkpoint file results/58/None_resume.pickle
/ligo/home/ligo.org/pratyusava.baral/dispersion/dispersion_env/lib64/python3.11/site-packages/dynesty/plotting.py:786: UserWarning: Attempting to set identical low and high ylims makes transformation singular; automatically expanding.
  ax.set_ylim([0., max(y0) * 1.05])
23:37 bilby WARNING : Too many bins for data range. Cannot create 500 finite-sized bins.
23:37 bilby WARNING : Failed to create dynesty state plot at checkpoint
/ligo/home/ligo.org/pratyusava.baral/dispersion/dispersion_env/lib64/python3.11/site-packages/dynesty/plotting.py:786: UserWarning: Attempting to set identical low and high ylims makes transformation singular; automatically expanding.
  ax.set_ylim([0., max(y0) * 1.05])
/ligo/home/ligo.org/pratyusava.baral/dispersion/dispersion_env/lib64/python3.11/site-packages/dynesty/plotting.py:252: RuntimeWarning: overflow encountered in exp
  np.exp(logwt), logz if logplot else np.exp(logz)
/ligo/home/ligo.org/pratyusava.baral/dispersion/dispersion_env/lib64/python3.11/site-packages/dynesty/plotting.py:282: RuntimeWarning: overflow encountered in exp
  zspan = (0., 1.05 * np.exp(logz[-1] + 3. * logzerr[-1]))
23:37 bilby WARNING : Axis limits cannot be NaN or Inf
23:37 bilby WARNING : Failed to create dynesty run plot at checkpoint
23:48 bilby INFO    : Written checkpoint file results/58/None_resume.pickle
/ligo/home/ligo.org/pratyusava.baral/dispersion/dispersion_env/lib64/python3.11/site-packages/dynesty/plotting.py:786: UserWarning: Attempting to set identical low and high ylims makes transformation singular; automatically expanding.
  ax.set_ylim([0., max(y0) * 1.05])
23:48 bilby WARNING : Too many bins for data range. Cannot create 500 finite-sized bins.
23:48 bilby WARNING : Failed to create dynesty state plot at checkpoint
/ligo/home/ligo.org/pratyusava.baral/dispersion/dispersion_env/lib64/python3.11/site-packages/dynesty/plotting.py:786: UserWarning: Attempting to set identical low and high ylims makes transformation singular; automatically expanding.
  ax.set_ylim([0., max(y0) * 1.05])
/ligo/home/ligo.org/pratyusava.baral/dispersion/dispersion_env/lib64/python3.11/site-packages/dynesty/plotting.py:252: RuntimeWarning: overflow encountered in exp
  np.exp(logwt), logz if logplot else np.exp(logz)
/ligo/home/ligo.org/pratyusava.baral/dispersion/dispersion_env/lib64/python3.11/site-packages/dynesty/plotting.py:282: RuntimeWarning: overflow encountered in exp
  zspan = (0., 1.05 * np.exp(logz[-1] + 3. * logzerr[-1]))
23:48 bilby WARNING : Axis limits cannot be NaN or Inf
23:48 bilby WARNING : Failed to create dynesty run plot at checkpoint
00:01 bilby INFO    : Written checkpoint file results/58/None_resume.pickle
/ligo/home/ligo.org/pratyusava.baral/dispersion/dispersion_env/lib64/python3.11/site-packages/dynesty/plotting.py:786: UserWarning: Attempting to set identical low and high ylims makes transformation singular; automatically expanding.
  ax.set_ylim([0., max(y0) * 1.05])
00:01 bilby WARNING : Too many bins for data range. Cannot create 500 finite-sized bins.
00:01 bilby WARNING : Failed to create dynesty state plot at checkpoint
/ligo/home/ligo.org/pratyusava.baral/dispersion/dispersion_env/lib64/python3.11/site-packages/dynesty/plotting.py:786: UserWarning: Attempting to set identical low and high ylims makes transformation singular; automatically expanding.
  ax.set_ylim([0., max(y0) * 1.05])
/ligo/home/ligo.org/pratyusava.baral/dispersion/dispersion_env/lib64/python3.11/site-packages/dynesty/plotting.py:252: RuntimeWarning: overflow encountered in exp
  np.exp(logwt), logz if logplot else np.exp(logz)
/ligo/home/ligo.org/pratyusava.baral/dispersion/dispersion_env/lib64/python3.11/site-packages/dynesty/plotting.py:282: RuntimeWarning: overflow encountered in exp
  zspan = (0., 1.05 * np.exp(logz[-1] + 3. * logzerr[-1]))
00:01 bilby WARNING : Axis limits cannot be NaN or Inf
00:01 bilby WARNING : Failed to create dynesty run plot at checkpoint
00:12 bilby INFO    : Written checkpoint file results/58/None_resume.pickle
/ligo/home/ligo.org/pratyusava.baral/dispersion/dispersion_env/lib64/python3.11/site-packages/dynesty/plotting.py:786: UserWarning: Attempting to set identical low and high ylims makes transformation singular; automatically expanding.
  ax.set_ylim([0., max(y0) * 1.05])
00:12 bilby WARNING : Too many bins for data range. Cannot create 500 finite-sized bins.
00:12 bilby WARNING : Failed to create dynesty state plot at checkpoint
/ligo/home/ligo.org/pratyusava.baral/dispersion/dispersion_env/lib64/python3.11/site-packages/dynesty/plotting.py:786: UserWarning: Attempting to set identical low and high ylims makes transformation singular; automatically expanding.
  ax.set_ylim([0., max(y0) * 1.05])
/ligo/home/ligo.org/pratyusava.baral/dispersion/dispersion_env/lib64/python3.11/site-packages/dynesty/plotting.py:252: RuntimeWarning: overflow encountered in exp
  np.exp(logwt), logz if logplot else np.exp(logz)
/ligo/home/ligo.org/pratyusava.baral/dispersion/dispersion_env/lib64/python3.11/site-packages/dynesty/plotting.py:282: RuntimeWarning: overflow encountered in exp
  zspan = (0., 1.05 * np.exp(logz[-1] + 3. * logzerr[-1]))
00:12 bilby WARNING : Axis limits cannot be NaN or Inf
00:12 bilby WARNING : Failed to create dynesty run plot at checkpoint
00:24 bilby INFO    : Written checkpoint file results/58/None_resume.pickle
/ligo/home/ligo.org/pratyusava.baral/dispersion/dispersion_env/lib64/python3.11/site-packages/dynesty/plotting.py:786: UserWarning: Attempting to set identical low and high ylims makes transformation singular; automatically expanding.
  ax.set_ylim([0., max(y0) * 1.05])
00:24 bilby WARNING : Too many bins for data range. Cannot create 500 finite-sized bins.
00:24 bilby WARNING : Failed to create dynesty state plot at checkpoint
/ligo/home/ligo.org/pratyusava.baral/dispersion/dispersion_env/lib64/python3.11/site-packages/dynesty/plotting.py:786: UserWarning: Attempting to set identical low and high ylims makes transformation singular; automatically expanding.
  ax.set_ylim([0., max(y0) * 1.05])
/ligo/home/ligo.org/pratyusava.baral/dispersion/dispersion_env/lib64/python3.11/site-packages/dynesty/plotting.py:252: RuntimeWarning: overflow encountered in exp
  np.exp(logwt), logz if logplot else np.exp(logz)
/ligo/home/ligo.org/pratyusava.baral/dispersion/dispersion_env/lib64/python3.11/site-packages/dynesty/plotting.py:282: RuntimeWarning: overflow encountered in exp
  zspan = (0., 1.05 * np.exp(logz[-1] + 3. * logzerr[-1]))
00:25 bilby WARNING : Axis limits cannot be NaN or Inf
00:25 bilby WARNING : Failed to create dynesty run plot at checkpoint
00:37 bilby INFO    : Written checkpoint file results/58/None_resume.pickle
00:37 bilby WARNING : The data appears to lie in a lower-dimensional subspace of the space in which it is expressed. This has resulted in a singular data covariance matrix, which cannot be treated using the algorithms implemented in `gaussian_kde`. Consider performing principle component analysis / dimensionality reduction and using `gaussian_kde` with the transformed data.
00:37 bilby WARNING : Failed to create dynesty state plot at checkpoint
00:37 bilby WARNING : The data appears to lie in a lower-dimensional subspace of the space in which it is expressed. This has resulted in a singular data covariance matrix, which cannot be treated using the algorithms implemented in `gaussian_kde`. Consider performing principle component analysis / dimensionality reduction and using `gaussian_kde` with the transformed data.
00:37 bilby WARNING : Failed to create dynesty unit state plot at checkpoint
/ligo/home/ligo.org/pratyusava.baral/dispersion/dispersion_env/lib64/python3.11/site-packages/dynesty/plotting.py:252: RuntimeWarning: overflow encountered in exp
  np.exp(logwt), logz if logplot else np.exp(logz)
00:37 bilby WARNING : The data appears to lie in a lower-dimensional subspace of the space in which it is expressed. This has resulted in a singular data covariance matrix, which cannot be treated using the algorithms implemented in `gaussian_kde`. Consider performing principle component analysis / dimensionality reduction and using `gaussian_kde` with the transformed data.
00:37 bilby WARNING : Failed to create dynesty run plot at checkpoint
00:48 bilby INFO    : Written checkpoint file results/58/None_resume.pickle
00:48 bilby WARNING : The data appears to lie in a lower-dimensional subspace of the space in which it is expressed. This has resulted in a singular data covariance matrix, which cannot be treated using the algorithms implemented in `gaussian_kde`. Consider performing principle component analysis / dimensionality reduction and using `gaussian_kde` with the transformed data.
00:48 bilby WARNING : Failed to create dynesty state plot at checkpoint
00:48 bilby WARNING : The data appears to lie in a lower-dimensional subspace of the space in which it is expressed. This has resulted in a singular data covariance matrix, which cannot be treated using the algorithms implemented in `gaussian_kde`. Consider performing principle component analysis / dimensionality reduction and using `gaussian_kde` with the transformed data.
00:48 bilby WARNING : Failed to create dynesty unit state plot at checkpoint
/ligo/home/ligo.org/pratyusava.baral/dispersion/dispersion_env/lib64/python3.11/site-packages/dynesty/plotting.py:252: RuntimeWarning: overflow encountered in exp
  np.exp(logwt), logz if logplot else np.exp(logz)
00:48 bilby WARNING : The data appears to lie in a lower-dimensional subspace of the space in which it is expressed. This has resulted in a singular data covariance matrix, which cannot be treated using the algorithms implemented in `gaussian_kde`. Consider performing principle component analysis / dimensionality reduction and using `gaussian_kde` with the transformed data.
00:48 bilby WARNING : Failed to create dynesty run plot at checkpoint
01:01 bilby INFO    : Written checkpoint file results/58/None_resume.pickle
/ligo/home/ligo.org/pratyusava.baral/dispersion/dispersion_env/lib64/python3.11/site-packages/dynesty/plotting.py:786: UserWarning: Attempting to set identical low and high ylims makes transformation singular; automatically expanding.
  ax.set_ylim([0., max(y0) * 1.05])
01:01 bilby WARNING : Too many bins for data range. Cannot create 500 finite-sized bins.
01:01 bilby WARNING : Failed to create dynesty state plot at checkpoint
/ligo/home/ligo.org/pratyusava.baral/dispersion/dispersion_env/lib64/python3.11/site-packages/dynesty/plotting.py:786: UserWarning: Attempting to set identical low and high ylims makes transformation singular; automatically expanding.
  ax.set_ylim([0., max(y0) * 1.05])
/ligo/home/ligo.org/pratyusava.baral/dispersion/dispersion_env/lib64/python3.11/site-packages/dynesty/plotting.py:252: RuntimeWarning: overflow encountered in exp
  np.exp(logwt), logz if logplot else np.exp(logz)
/ligo/home/ligo.org/pratyusava.baral/dispersion/dispersion_env/lib64/python3.11/site-packages/dynesty/plotting.py:282: RuntimeWarning: overflow encountered in exp
  zspan = (0., 1.05 * np.exp(logz[-1] + 3. * logzerr[-1]))
01:01 bilby WARNING : Axis limits cannot be NaN or Inf
01:01 bilby WARNING : Failed to create dynesty run plot at checkpoint
01:15 bilby INFO    : Written checkpoint file results/58/None_resume.pickle
/ligo/home/ligo.org/pratyusava.baral/dispersion/dispersion_env/lib64/python3.11/site-packages/dynesty/plotting.py:786: UserWarning: Attempting to set identical low and high ylims makes transformation singular; automatically expanding.
  ax.set_ylim([0., max(y0) * 1.05])
01:15 bilby WARNING : Too many bins for data range. Cannot create 500 finite-sized bins.
01:15 bilby WARNING : Failed to create dynesty state plot at checkpoint
/ligo/home/ligo.org/pratyusava.baral/dispersion/dispersion_env/lib64/python3.11/site-packages/dynesty/plotting.py:786: UserWarning: Attempting to set identical low and high ylims makes transformation singular; automatically expanding.
  ax.set_ylim([0., max(y0) * 1.05])
/ligo/home/ligo.org/pratyusava.baral/dispersion/dispersion_env/lib64/python3.11/site-packages/dynesty/plotting.py:252: RuntimeWarning: overflow encountered in exp
  np.exp(logwt), logz if logplot else np.exp(logz)
/ligo/home/ligo.org/pratyusava.baral/dispersion/dispersion_env/lib64/python3.11/site-packages/dynesty/plotting.py:282: RuntimeWarning: overflow encountered in exp
  zspan = (0., 1.05 * np.exp(logz[-1] + 3. * logzerr[-1]))
01:15 bilby WARNING : Axis limits cannot be NaN or Inf
01:15 bilby WARNING : Failed to create dynesty run plot at checkpoint
01:26 bilby INFO    : Written checkpoint file results/58/None_resume.pickle
01:26 bilby WARNING : The data appears to lie in a lower-dimensional subspace of the space in which it is expressed. This has resulted in a singular data covariance matrix, which cannot be treated using the algorithms implemented in `gaussian_kde`. Consider performing principle component analysis / dimensionality reduction and using `gaussian_kde` with the transformed data.
01:26 bilby WARNING : Failed to create dynesty state plot at checkpoint
01:26 bilby WARNING : The data appears to lie in a lower-dimensional subspace of the space in which it is expressed. This has resulted in a singular data covariance matrix, which cannot be treated using the algorithms implemented in `gaussian_kde`. Consider performing principle component analysis / dimensionality reduction and using `gaussian_kde` with the transformed data.
01:26 bilby WARNING : Failed to create dynesty unit state plot at checkpoint
/ligo/home/ligo.org/pratyusava.baral/dispersion/dispersion_env/lib64/python3.11/site-packages/dynesty/plotting.py:252: RuntimeWarning: overflow encountered in exp
  np.exp(logwt), logz if logplot else np.exp(logz)
01:26 bilby WARNING : The data appears to lie in a lower-dimensional subspace of the space in which it is expressed. This has resulted in a singular data covariance matrix, which cannot be treated using the algorithms implemented in `gaussian_kde`. Consider performing principle component analysis / dimensionality reduction and using `gaussian_kde` with the transformed data.
01:26 bilby WARNING : Failed to create dynesty run plot at checkpoint
01:40 bilby INFO    : Written checkpoint file results/58/None_resume.pickle
01:40 bilby WARNING : The data appears to lie in a lower-dimensional subspace of the space in which it is expressed. This has resulted in a singular data covariance matrix, which cannot be treated using the algorithms implemented in `gaussian_kde`. Consider performing principle component analysis / dimensionality reduction and using `gaussian_kde` with the transformed data.
01:40 bilby WARNING : Failed to create dynesty state plot at checkpoint
01:40 bilby WARNING : The data appears to lie in a lower-dimensional subspace of the space in which it is expressed. This has resulted in a singular data covariance matrix, which cannot be treated using the algorithms implemented in `gaussian_kde`. Consider performing principle component analysis / dimensionality reduction and using `gaussian_kde` with the transformed data.
01:40 bilby WARNING : Failed to create dynesty unit state plot at checkpoint
/ligo/home/ligo.org/pratyusava.baral/dispersion/dispersion_env/lib64/python3.11/site-packages/dynesty/plotting.py:252: RuntimeWarning: overflow encountered in exp
  np.exp(logwt), logz if logplot else np.exp(logz)
01:40 bilby WARNING : The data appears to lie in a lower-dimensional subspace of the space in which it is expressed. This has resulted in a singular data covariance matrix, which cannot be treated using the algorithms implemented in `gaussian_kde`. Consider performing principle component analysis / dimensionality reduction and using `gaussian_kde` with the transformed data.
01:40 bilby WARNING : Failed to create dynesty run plot at checkpoint
01:51 bilby INFO    : Written checkpoint file results/58/None_resume.pickle
/ligo/home/ligo.org/pratyusava.baral/dispersion/dispersion_env/lib64/python3.11/site-packages/dynesty/plotting.py:252: RuntimeWarning: overflow encountered in exp
  np.exp(logwt), logz if logplot else np.exp(logz)
/ligo/home/ligo.org/pratyusava.baral/dispersion/dispersion_env/lib64/python3.11/site-packages/dynesty/plotting.py:282: RuntimeWarning: overflow encountered in exp
  zspan = (0., 1.05 * np.exp(logz[-1] + 3. * logzerr[-1]))
01:51 bilby WARNING : Axis limits cannot be NaN or Inf
01:51 bilby WARNING : Failed to create dynesty run plot at checkpoint
02:03 bilby INFO    : Written checkpoint file results/58/None_resume.pickle
/ligo/home/ligo.org/pratyusava.baral/dispersion/dispersion_env/lib64/python3.11/site-packages/dynesty/plotting.py:252: RuntimeWarning: overflow encountered in exp
  np.exp(logwt), logz if logplot else np.exp(logz)
/ligo/home/ligo.org/pratyusava.baral/dispersion/dispersion_env/lib64/python3.11/site-packages/dynesty/plotting.py:282: RuntimeWarning: overflow encountered in exp
  zspan = (0., 1.05 * np.exp(logz[-1] + 3. * logzerr[-1]))
02:04 bilby WARNING : Axis limits cannot be NaN or Inf
02:04 bilby WARNING : Failed to create dynesty run plot at checkpoint
02:14 bilby INFO    : Written checkpoint file results/58/None_resume.pickle
/ligo/home/ligo.org/pratyusava.baral/dispersion/dispersion_env/lib64/python3.11/site-packages/dynesty/plotting.py:252: RuntimeWarning: overflow encountered in exp
  np.exp(logwt), logz if logplot else np.exp(logz)
/ligo/home/ligo.org/pratyusava.baral/dispersion/dispersion_env/lib64/python3.11/site-packages/dynesty/plotting.py:282: RuntimeWarning: overflow encountered in exp
  zspan = (0., 1.05 * np.exp(logz[-1] + 3. * logzerr[-1]))
02:15 bilby WARNING : Axis limits cannot be NaN or Inf
02:15 bilby WARNING : Failed to create dynesty run plot at checkpoint
02:27 bilby INFO    : Written checkpoint file results/58/None_resume.pickle
/ligo/home/ligo.org/pratyusava.baral/dispersion/dispersion_env/lib64/python3.11/site-packages/dynesty/plotting.py:252: RuntimeWarning: overflow encountered in exp
  np.exp(logwt), logz if logplot else np.exp(logz)
/ligo/home/ligo.org/pratyusava.baral/dispersion/dispersion_env/lib64/python3.11/site-packages/dynesty/plotting.py:282: RuntimeWarning: overflow encountered in exp
  zspan = (0., 1.05 * np.exp(logz[-1] + 3. * logzerr[-1]))
02:27 bilby WARNING : Axis limits cannot be NaN or Inf
02:27 bilby WARNING : Failed to create dynesty run plot at checkpoint
02:38 bilby INFO    : Written checkpoint file results/58/None_resume.pickle
02:38 bilby WARNING : The data appears to lie in a lower-dimensional subspace of the space in which it is expressed. This has resulted in a singular data covariance matrix, which cannot be treated using the algorithms implemented in `gaussian_kde`. Consider performing principle component analysis / dimensionality reduction and using `gaussian_kde` with the transformed data.
02:38 bilby WARNING : Failed to create dynesty state plot at checkpoint
02:38 bilby WARNING : The data appears to lie in a lower-dimensional subspace of the space in which it is expressed. This has resulted in a singular data covariance matrix, which cannot be treated using the algorithms implemented in `gaussian_kde`. Consider performing principle component analysis / dimensionality reduction and using `gaussian_kde` with the transformed data.
02:38 bilby WARNING : Failed to create dynesty unit state plot at checkpoint
/ligo/home/ligo.org/pratyusava.baral/dispersion/dispersion_env/lib64/python3.11/site-packages/dynesty/plotting.py:252: RuntimeWarning: overflow encountered in exp
  np.exp(logwt), logz if logplot else np.exp(logz)
/ligo/home/ligo.org/pratyusava.baral/dispersion/dispersion_env/lib64/python3.11/site-packages/dynesty/plotting.py:282: RuntimeWarning: overflow encountered in exp
  zspan = (0., 1.05 * np.exp(logz[-1] + 3. * logzerr[-1]))
02:38 bilby WARNING : Axis limits cannot be NaN or Inf
02:38 bilby WARNING : Failed to create dynesty run plot at checkpoint
02:49 bilby INFO    : Written checkpoint file results/58/None_resume.pickle
/ligo/home/ligo.org/pratyusava.baral/dispersion/dispersion_env/lib64/python3.11/site-packages/dynesty/plotting.py:252: RuntimeWarning: overflow encountered in exp
  np.exp(logwt), logz if logplot else np.exp(logz)
/ligo/home/ligo.org/pratyusava.baral/dispersion/dispersion_env/lib64/python3.11/site-packages/dynesty/plotting.py:282: RuntimeWarning: overflow encountered in exp
  zspan = (0., 1.05 * np.exp(logz[-1] + 3. * logzerr[-1]))
02:49 bilby WARNING : Axis limits cannot be NaN or Inf
02:49 bilby WARNING : Failed to create dynesty run plot at checkpoint
02:59 bilby INFO    : Written checkpoint file results/58/None_resume.pickle
02:59 bilby WARNING : The data appears to lie in a lower-dimensional subspace of the space in which it is expressed. This has resulted in a singular data covariance matrix, which cannot be treated using the algorithms implemented in `gaussian_kde`. Consider performing principle component analysis / dimensionality reduction and using `gaussian_kde` with the transformed data.
02:59 bilby WARNING : Failed to create dynesty state plot at checkpoint
02:59 bilby WARNING : The data appears to lie in a lower-dimensional subspace of the space in which it is expressed. This has resulted in a singular data covariance matrix, which cannot be treated using the algorithms implemented in `gaussian_kde`. Consider performing principle component analysis / dimensionality reduction and using `gaussian_kde` with the transformed data.
02:59 bilby WARNING : Failed to create dynesty unit state plot at checkpoint
/ligo/home/ligo.org/pratyusava.baral/dispersion/dispersion_env/lib64/python3.11/site-packages/dynesty/plotting.py:252: RuntimeWarning: overflow encountered in exp
  np.exp(logwt), logz if logplot else np.exp(logz)
02:59 bilby WARNING : The data appears to lie in a lower-dimensional subspace of the space in which it is expressed. This has resulted in a singular data covariance matrix, which cannot be treated using the algorithms implemented in `gaussian_kde`. Consider performing principle component analysis / dimensionality reduction and using `gaussian_kde` with the transformed data.
02:59 bilby WARNING : Failed to create dynesty run plot at checkpoint
03:10 bilby INFO    : Written checkpoint file results/58/None_resume.pickle
/ligo/home/ligo.org/pratyusava.baral/dispersion/dispersion_env/lib64/python3.11/site-packages/dynesty/plotting.py:252: RuntimeWarning: overflow encountered in exp
  np.exp(logwt), logz if logplot else np.exp(logz)
/ligo/home/ligo.org/pratyusava.baral/dispersion/dispersion_env/lib64/python3.11/site-packages/dynesty/plotting.py:282: RuntimeWarning: overflow encountered in exp
  zspan = (0., 1.05 * np.exp(logz[-1] + 3. * logzerr[-1]))
03:11 bilby WARNING : Axis limits cannot be NaN or Inf
03:11 bilby WARNING : Failed to create dynesty run plot at checkpoint
03:21 bilby INFO    : Written checkpoint file results/58/None_resume.pickle
03:21 bilby WARNING : The data appears to lie in a lower-dimensional subspace of the space in which it is expressed. This has resulted in a singular data covariance matrix, which cannot be treated using the algorithms implemented in `gaussian_kde`. Consider performing principle component analysis / dimensionality reduction and using `gaussian_kde` with the transformed data.
03:21 bilby WARNING : Failed to create dynesty state plot at checkpoint
03:21 bilby WARNING : The data appears to lie in a lower-dimensional subspace of the space in which it is expressed. This has resulted in a singular data covariance matrix, which cannot be treated using the algorithms implemented in `gaussian_kde`. Consider performing principle component analysis / dimensionality reduction and using `gaussian_kde` with the transformed data.
03:21 bilby WARNING : Failed to create dynesty unit state plot at checkpoint
/ligo/home/ligo.org/pratyusava.baral/dispersion/dispersion_env/lib64/python3.11/site-packages/dynesty/plotting.py:252: RuntimeWarning: overflow encountered in exp
  np.exp(logwt), logz if logplot else np.exp(logz)
/ligo/home/ligo.org/pratyusava.baral/dispersion/dispersion_env/lib64/python3.11/site-packages/dynesty/plotting.py:282: RuntimeWarning: overflow encountered in exp
  zspan = (0., 1.05 * np.exp(logz[-1] + 3. * logzerr[-1]))
03:21 bilby WARNING : Axis limits cannot be NaN or Inf
03:21 bilby WARNING : Failed to create dynesty run plot at checkpoint
03:32 bilby INFO    : Written checkpoint file results/58/None_resume.pickle
/ligo/home/ligo.org/pratyusava.baral/dispersion/dispersion_env/lib64/python3.11/site-packages/dynesty/plotting.py:252: RuntimeWarning: overflow encountered in exp
  np.exp(logwt), logz if logplot else np.exp(logz)
/ligo/home/ligo.org/pratyusava.baral/dispersion/dispersion_env/lib64/python3.11/site-packages/dynesty/plotting.py:282: RuntimeWarning: overflow encountered in exp
  zspan = (0., 1.05 * np.exp(logz[-1] + 3. * logzerr[-1]))
03:32 bilby WARNING : Axis limits cannot be NaN or Inf
03:32 bilby WARNING : Failed to create dynesty run plot at checkpoint
03:44 bilby INFO    : Written checkpoint file results/58/None_resume.pickle
03:44 bilby WARNING : The data appears to lie in a lower-dimensional subspace of the space in which it is expressed. This has resulted in a singular data covariance matrix, which cannot be treated using the algorithms implemented in `gaussian_kde`. Consider performing principle component analysis / dimensionality reduction and using `gaussian_kde` with the transformed data.
03:44 bilby WARNING : Failed to create dynesty state plot at checkpoint
03:44 bilby WARNING : The data appears to lie in a lower-dimensional subspace of the space in which it is expressed. This has resulted in a singular data covariance matrix, which cannot be treated using the algorithms implemented in `gaussian_kde`. Consider performing principle component analysis / dimensionality reduction and using `gaussian_kde` with the transformed data.
03:44 bilby WARNING : Failed to create dynesty unit state plot at checkpoint
/ligo/home/ligo.org/pratyusava.baral/dispersion/dispersion_env/lib64/python3.11/site-packages/dynesty/plotting.py:252: RuntimeWarning: overflow encountered in exp
  np.exp(logwt), logz if logplot else np.exp(logz)
03:44 bilby WARNING : The data appears to lie in a lower-dimensional subspace of the space in which it is expressed. This has resulted in a singular data covariance matrix, which cannot be treated using the algorithms implemented in `gaussian_kde`. Consider performing principle component analysis / dimensionality reduction and using `gaussian_kde` with the transformed data.
03:44 bilby WARNING : Failed to create dynesty run plot at checkpoint
03:57 bilby INFO    : Written checkpoint file results/58/None_resume.pickle
03:57 bilby WARNING : Too many bins for data range. Cannot create 500 finite-sized bins.
03:57 bilby WARNING : Failed to create dynesty state plot at checkpoint
/ligo/home/ligo.org/pratyusava.baral/dispersion/dispersion_env/lib64/python3.11/site-packages/dynesty/plotting.py:252: RuntimeWarning: overflow encountered in exp
  np.exp(logwt), logz if logplot else np.exp(logz)
/ligo/home/ligo.org/pratyusava.baral/dispersion/dispersion_env/lib64/python3.11/site-packages/dynesty/plotting.py:282: RuntimeWarning: overflow encountered in exp
  zspan = (0., 1.05 * np.exp(logz[-1] + 3. * logzerr[-1]))
03:57 bilby WARNING : Axis limits cannot be NaN or Inf
03:57 bilby WARNING : Failed to create dynesty run plot at checkpoint
04:08 bilby INFO    : Written checkpoint file results/58/None_resume.pickle
04:08 bilby WARNING : Too many bins for data range. Cannot create 500 finite-sized bins.
04:08 bilby WARNING : Failed to create dynesty state plot at checkpoint
/ligo/home/ligo.org/pratyusava.baral/dispersion/dispersion_env/lib64/python3.11/site-packages/dynesty/plotting.py:252: RuntimeWarning: overflow encountered in exp
  np.exp(logwt), logz if logplot else np.exp(logz)
/ligo/home/ligo.org/pratyusava.baral/dispersion/dispersion_env/lib64/python3.11/site-packages/dynesty/plotting.py:282: RuntimeWarning: overflow encountered in exp
  zspan = (0., 1.05 * np.exp(logz[-1] + 3. * logzerr[-1]))
04:09 bilby WARNING : Axis limits cannot be NaN or Inf
04:09 bilby WARNING : Failed to create dynesty run plot at checkpoint
04:20 bilby INFO    : Written checkpoint file results/58/None_resume.pickle
04:20 bilby WARNING : Too many bins for data range. Cannot create 500 finite-sized bins.
04:20 bilby WARNING : Failed to create dynesty state plot at checkpoint
/ligo/home/ligo.org/pratyusava.baral/dispersion/dispersion_env/lib64/python3.11/site-packages/dynesty/plotting.py:252: RuntimeWarning: overflow encountered in exp
  np.exp(logwt), logz if logplot else np.exp(logz)
/ligo/home/ligo.org/pratyusava.baral/dispersion/dispersion_env/lib64/python3.11/site-packages/dynesty/plotting.py:282: RuntimeWarning: overflow encountered in exp
  zspan = (0., 1.05 * np.exp(logz[-1] + 3. * logzerr[-1]))
04:20 bilby WARNING : Axis limits cannot be NaN or Inf
04:20 bilby WARNING : Failed to create dynesty run plot at checkpoint
04:32 bilby INFO    : Written checkpoint file results/58/None_resume.pickle
/ligo/home/ligo.org/pratyusava.baral/dispersion/dispersion_env/lib64/python3.11/site-packages/dynesty/plotting.py:786: UserWarning: Attempting to set identical low and high ylims makes transformation singular; automatically expanding.
  ax.set_ylim([0., max(y0) * 1.05])
04:32 bilby WARNING : Too many bins for data range. Cannot create 500 finite-sized bins.
04:32 bilby WARNING : Failed to create dynesty state plot at checkpoint
/ligo/home/ligo.org/pratyusava.baral/dispersion/dispersion_env/lib64/python3.11/site-packages/dynesty/plotting.py:786: UserWarning: Attempting to set identical low and high ylims makes transformation singular; automatically expanding.
  ax.set_ylim([0., max(y0) * 1.05])
/ligo/home/ligo.org/pratyusava.baral/dispersion/dispersion_env/lib64/python3.11/site-packages/dynesty/plotting.py:252: RuntimeWarning: overflow encountered in exp
  np.exp(logwt), logz if logplot else np.exp(logz)
/ligo/home/ligo.org/pratyusava.baral/dispersion/dispersion_env/lib64/python3.11/site-packages/dynesty/plotting.py:282: RuntimeWarning: overflow encountered in exp
  zspan = (0., 1.05 * np.exp(logz[-1] + 3. * logzerr[-1]))
04:32 bilby WARNING : Axis limits cannot be NaN or Inf
04:32 bilby WARNING : Failed to create dynesty run plot at checkpoint
04:43 bilby INFO    : Written checkpoint file results/58/None_resume.pickle
/ligo/home/ligo.org/pratyusava.baral/dispersion/dispersion_env/lib64/python3.11/site-packages/dynesty/plotting.py:786: UserWarning: Attempting to set identical low and high ylims makes transformation singular; automatically expanding.
  ax.set_ylim([0., max(y0) * 1.05])
04:43 bilby WARNING : Too many bins for data range. Cannot create 500 finite-sized bins.
04:43 bilby WARNING : Failed to create dynesty state plot at checkpoint
/ligo/home/ligo.org/pratyusava.baral/dispersion/dispersion_env/lib64/python3.11/site-packages/dynesty/plotting.py:786: UserWarning: Attempting to set identical low and high ylims makes transformation singular; automatically expanding.
  ax.set_ylim([0., max(y0) * 1.05])
/ligo/home/ligo.org/pratyusava.baral/dispersion/dispersion_env/lib64/python3.11/site-packages/dynesty/plotting.py:252: RuntimeWarning: overflow encountered in exp
  np.exp(logwt), logz if logplot else np.exp(logz)
/ligo/home/ligo.org/pratyusava.baral/dispersion/dispersion_env/lib64/python3.11/site-packages/dynesty/plotting.py:282: RuntimeWarning: overflow encountered in exp
  zspan = (0., 1.05 * np.exp(logz[-1] + 3. * logzerr[-1]))
04:43 bilby WARNING : Axis limits cannot be NaN or Inf
04:43 bilby WARNING : Failed to create dynesty run plot at checkpoint
04:55 bilby INFO    : Written checkpoint file results/58/None_resume.pickle
04:55 bilby WARNING : The data appears to lie in a lower-dimensional subspace of the space in which it is expressed. This has resulted in a singular data covariance matrix, which cannot be treated using the algorithms implemented in `gaussian_kde`. Consider performing principle component analysis / dimensionality reduction and using `gaussian_kde` with the transformed data.
04:55 bilby WARNING : Failed to create dynesty state plot at checkpoint
04:55 bilby WARNING : The data appears to lie in a lower-dimensional subspace of the space in which it is expressed. This has resulted in a singular data covariance matrix, which cannot be treated using the algorithms implemented in `gaussian_kde`. Consider performing principle component analysis / dimensionality reduction and using `gaussian_kde` with the transformed data.
04:55 bilby WARNING : Failed to create dynesty unit state plot at checkpoint
/ligo/home/ligo.org/pratyusava.baral/dispersion/dispersion_env/lib64/python3.11/site-packages/dynesty/plotting.py:252: RuntimeWarning: overflow encountered in exp
  np.exp(logwt), logz if logplot else np.exp(logz)
04:55 bilby WARNING : The data appears to lie in a lower-dimensional subspace of the space in which it is expressed. This has resulted in a singular data covariance matrix, which cannot be treated using the algorithms implemented in `gaussian_kde`. Consider performing principle component analysis / dimensionality reduction and using `gaussian_kde` with the transformed data.
04:55 bilby WARNING : Failed to create dynesty run plot at checkpoint
05:06 bilby INFO    : Written checkpoint file results/58/None_resume.pickle
/ligo/home/ligo.org/pratyusava.baral/dispersion/dispersion_env/lib64/python3.11/site-packages/dynesty/plotting.py:252: RuntimeWarning: overflow encountered in exp
  np.exp(logwt), logz if logplot else np.exp(logz)
/ligo/home/ligo.org/pratyusava.baral/dispersion/dispersion_env/lib64/python3.11/site-packages/dynesty/plotting.py:282: RuntimeWarning: overflow encountered in exp
  zspan = (0., 1.05 * np.exp(logz[-1] + 3. * logzerr[-1]))
05:06 bilby WARNING : Axis limits cannot be NaN or Inf
05:06 bilby WARNING : Failed to create dynesty run plot at checkpoint
05:19 bilby INFO    : Written checkpoint file results/58/None_resume.pickle
05:19 bilby WARNING : The data appears to lie in a lower-dimensional subspace of the space in which it is expressed. This has resulted in a singular data covariance matrix, which cannot be treated using the algorithms implemented in `gaussian_kde`. Consider performing principle component analysis / dimensionality reduction and using `gaussian_kde` with the transformed data.
05:19 bilby WARNING : Failed to create dynesty state plot at checkpoint
05:19 bilby WARNING : The data appears to lie in a lower-dimensional subspace of the space in which it is expressed. This has resulted in a singular data covariance matrix, which cannot be treated using the algorithms implemented in `gaussian_kde`. Consider performing principle component analysis / dimensionality reduction and using `gaussian_kde` with the transformed data.
05:19 bilby WARNING : Failed to create dynesty unit state plot at checkpoint
/ligo/home/ligo.org/pratyusava.baral/dispersion/dispersion_env/lib64/python3.11/site-packages/dynesty/plotting.py:252: RuntimeWarning: overflow encountered in exp
  np.exp(logwt), logz if logplot else np.exp(logz)
05:19 bilby WARNING : The data appears to lie in a lower-dimensional subspace of the space in which it is expressed. This has resulted in a singular data covariance matrix, which cannot be treated using the algorithms implemented in `gaussian_kde`. Consider performing principle component analysis / dimensionality reduction and using `gaussian_kde` with the transformed data.
05:19 bilby WARNING : Failed to create dynesty run plot at checkpoint
05:31 bilby INFO    : Written checkpoint file results/58/None_resume.pickle
/ligo/home/ligo.org/pratyusava.baral/dispersion/dispersion_env/lib64/python3.11/site-packages/dynesty/plotting.py:252: RuntimeWarning: overflow encountered in exp
  np.exp(logwt), logz if logplot else np.exp(logz)
/ligo/home/ligo.org/pratyusava.baral/dispersion/dispersion_env/lib64/python3.11/site-packages/dynesty/plotting.py:282: RuntimeWarning: overflow encountered in exp
  zspan = (0., 1.05 * np.exp(logz[-1] + 3. * logzerr[-1]))
05:32 bilby WARNING : Axis limits cannot be NaN or Inf
05:32 bilby WARNING : Failed to create dynesty run plot at checkpoint
05:44 bilby INFO    : Written checkpoint file results/58/None_resume.pickle
/ligo/home/ligo.org/pratyusava.baral/dispersion/dispersion_env/lib64/python3.11/site-packages/dynesty/plotting.py:252: RuntimeWarning: overflow encountered in exp
  np.exp(logwt), logz if logplot else np.exp(logz)
/ligo/home/ligo.org/pratyusava.baral/dispersion/dispersion_env/lib64/python3.11/site-packages/dynesty/plotting.py:282: RuntimeWarning: overflow encountered in exp
  zspan = (0., 1.05 * np.exp(logz[-1] + 3. * logzerr[-1]))
05:45 bilby WARNING : Axis limits cannot be NaN or Inf
05:45 bilby WARNING : Failed to create dynesty run plot at checkpoint
05:56 bilby INFO    : Written checkpoint file results/58/None_resume.pickle
/ligo/home/ligo.org/pratyusava.baral/dispersion/dispersion_env/lib64/python3.11/site-packages/dynesty/plotting.py:252: RuntimeWarning: overflow encountered in exp
  np.exp(logwt), logz if logplot else np.exp(logz)
/ligo/home/ligo.org/pratyusava.baral/dispersion/dispersion_env/lib64/python3.11/site-packages/dynesty/plotting.py:282: RuntimeWarning: overflow encountered in exp
  zspan = (0., 1.05 * np.exp(logz[-1] + 3. * logzerr[-1]))
05:56 bilby WARNING : Axis limits cannot be NaN or Inf
05:56 bilby WARNING : Failed to create dynesty run plot at checkpoint
06:07 bilby INFO    : Written checkpoint file results/58/None_resume.pickle
/ligo/home/ligo.org/pratyusava.baral/dispersion/dispersion_env/lib64/python3.11/site-packages/dynesty/plotting.py:252: RuntimeWarning: overflow encountered in exp
  np.exp(logwt), logz if logplot else np.exp(logz)
/ligo/home/ligo.org/pratyusava.baral/dispersion/dispersion_env/lib64/python3.11/site-packages/dynesty/plotting.py:282: RuntimeWarning: overflow encountered in exp
  zspan = (0., 1.05 * np.exp(logz[-1] + 3. * logzerr[-1]))
06:07 bilby WARNING : Axis limits cannot be NaN or Inf
06:07 bilby WARNING : Failed to create dynesty run plot at checkpoint
06:18 bilby INFO    : Written checkpoint file results/58/None_resume.pickle
/ligo/home/ligo.org/pratyusava.baral/dispersion/dispersion_env/lib64/python3.11/site-packages/dynesty/plotting.py:252: RuntimeWarning: overflow encountered in exp
  np.exp(logwt), logz if logplot else np.exp(logz)
/ligo/home/ligo.org/pratyusava.baral/dispersion/dispersion_env/lib64/python3.11/site-packages/dynesty/plotting.py:282: RuntimeWarning: overflow encountered in exp
  zspan = (0., 1.05 * np.exp(logz[-1] + 3. * logzerr[-1]))
06:18 bilby WARNING : Axis limits cannot be NaN or Inf
06:18 bilby WARNING : Failed to create dynesty run plot at checkpoint
06:30 bilby INFO    : Written checkpoint file results/58/None_resume.pickle
06:30 bilby WARNING : The data appears to lie in a lower-dimensional subspace of the space in which it is expressed. This has resulted in a singular data covariance matrix, which cannot be treated using the algorithms implemented in `gaussian_kde`. Consider performing principle component analysis / dimensionality reduction and using `gaussian_kde` with the transformed data.
06:30 bilby WARNING : Failed to create dynesty state plot at checkpoint
06:30 bilby WARNING : The data appears to lie in a lower-dimensional subspace of the space in which it is expressed. This has resulted in a singular data covariance matrix, which cannot be treated using the algorithms implemented in `gaussian_kde`. Consider performing principle component analysis / dimensionality reduction and using `gaussian_kde` with the transformed data.
06:30 bilby WARNING : Failed to create dynesty unit state plot at checkpoint
/ligo/home/ligo.org/pratyusava.baral/dispersion/dispersion_env/lib64/python3.11/site-packages/dynesty/plotting.py:252: RuntimeWarning: overflow encountered in exp
  np.exp(logwt), logz if logplot else np.exp(logz)
06:30 bilby WARNING : The data appears to lie in a lower-dimensional subspace of the space in which it is expressed. This has resulted in a singular data covariance matrix, which cannot be treated using the algorithms implemented in `gaussian_kde`. Consider performing principle component analysis / dimensionality reduction and using `gaussian_kde` with the transformed data.
06:30 bilby WARNING : Failed to create dynesty run plot at checkpoint
06:40 bilby INFO    : Written checkpoint file results/58/None_resume.pickle
06:40 bilby WARNING : The data appears to lie in a lower-dimensional subspace of the space in which it is expressed. This has resulted in a singular data covariance matrix, which cannot be treated using the algorithms implemented in `gaussian_kde`. Consider performing principle component analysis / dimensionality reduction and using `gaussian_kde` with the transformed data.
06:40 bilby WARNING : Failed to create dynesty unit state plot at checkpoint
/ligo/home/ligo.org/pratyusava.baral/dispersion/dispersion_env/lib64/python3.11/site-packages/dynesty/plotting.py:252: RuntimeWarning: overflow encountered in exp
  np.exp(logwt), logz if logplot else np.exp(logz)
06:40 bilby WARNING : The data appears to lie in a lower-dimensional subspace of the space in which it is expressed. This has resulted in a singular data covariance matrix, which cannot be treated using the algorithms implemented in `gaussian_kde`. Consider performing principle component analysis / dimensionality reduction and using `gaussian_kde` with the transformed data.
06:40 bilby WARNING : Failed to create dynesty run plot at checkpoint
06:52 bilby INFO    : Written checkpoint file results/58/None_resume.pickle
06:52 bilby WARNING : The data appears to lie in a lower-dimensional subspace of the space in which it is expressed. This has resulted in a singular data covariance matrix, which cannot be treated using the algorithms implemented in `gaussian_kde`. Consider performing principle component analysis / dimensionality reduction and using `gaussian_kde` with the transformed data.
06:52 bilby WARNING : Failed to create dynesty state plot at checkpoint
06:52 bilby WARNING : The data appears to lie in a lower-dimensional subspace of the space in which it is expressed. This has resulted in a singular data covariance matrix, which cannot be treated using the algorithms implemented in `gaussian_kde`. Consider performing principle component analysis / dimensionality reduction and using `gaussian_kde` with the transformed data.
06:52 bilby WARNING : Failed to create dynesty unit state plot at checkpoint
/ligo/home/ligo.org/pratyusava.baral/dispersion/dispersion_env/lib64/python3.11/site-packages/dynesty/plotting.py:252: RuntimeWarning: overflow encountered in exp
  np.exp(logwt), logz if logplot else np.exp(logz)
06:52 bilby WARNING : The data appears to lie in a lower-dimensional subspace of the space in which it is expressed. This has resulted in a singular data covariance matrix, which cannot be treated using the algorithms implemented in `gaussian_kde`. Consider performing principle component analysis / dimensionality reduction and using `gaussian_kde` with the transformed data.
06:52 bilby WARNING : Failed to create dynesty run plot at checkpoint
07:04 bilby INFO    : Written checkpoint file results/58/None_resume.pickle
07:04 bilby WARNING : The data appears to lie in a lower-dimensional subspace of the space in which it is expressed. This has resulted in a singular data covariance matrix, which cannot be treated using the algorithms implemented in `gaussian_kde`. Consider performing principle component analysis / dimensionality reduction and using `gaussian_kde` with the transformed data.
07:04 bilby WARNING : Failed to create dynesty state plot at checkpoint
07:04 bilby WARNING : The data appears to lie in a lower-dimensional subspace of the space in which it is expressed. This has resulted in a singular data covariance matrix, which cannot be treated using the algorithms implemented in `gaussian_kde`. Consider performing principle component analysis / dimensionality reduction and using `gaussian_kde` with the transformed data.
07:04 bilby WARNING : Failed to create dynesty unit state plot at checkpoint
/ligo/home/ligo.org/pratyusava.baral/dispersion/dispersion_env/lib64/python3.11/site-packages/dynesty/plotting.py:252: RuntimeWarning: overflow encountered in exp
  np.exp(logwt), logz if logplot else np.exp(logz)
/ligo/home/ligo.org/pratyusava.baral/dispersion/dispersion_env/lib64/python3.11/site-packages/dynesty/plotting.py:282: RuntimeWarning: overflow encountered in exp
  zspan = (0., 1.05 * np.exp(logz[-1] + 3. * logzerr[-1]))
07:04 bilby WARNING : Axis limits cannot be NaN or Inf
07:04 bilby WARNING : Failed to create dynesty run plot at checkpoint
07:16 bilby INFO    : Written checkpoint file results/58/None_resume.pickle
/ligo/home/ligo.org/pratyusava.baral/dispersion/dispersion_env/lib64/python3.11/site-packages/dynesty/plotting.py:252: RuntimeWarning: overflow encountered in exp
  np.exp(logwt), logz if logplot else np.exp(logz)
07:16 bilby WARNING : The data appears to lie in a lower-dimensional subspace of the space in which it is expressed. This has resulted in a singular data covariance matrix, which cannot be treated using the algorithms implemented in `gaussian_kde`. Consider performing principle component analysis / dimensionality reduction and using `gaussian_kde` with the transformed data.
07:16 bilby WARNING : Failed to create dynesty run plot at checkpoint
07:27 bilby INFO    : Written checkpoint file results/58/None_resume.pickle
07:27 bilby WARNING : The data appears to lie in a lower-dimensional subspace of the space in which it is expressed. This has resulted in a singular data covariance matrix, which cannot be treated using the algorithms implemented in `gaussian_kde`. Consider performing principle component analysis / dimensionality reduction and using `gaussian_kde` with the transformed data.
07:27 bilby WARNING : Failed to create dynesty state plot at checkpoint
/ligo/home/ligo.org/pratyusava.baral/dispersion/dispersion_env/lib64/python3.11/site-packages/dynesty/plotting.py:252: RuntimeWarning: overflow encountered in exp
  np.exp(logwt), logz if logplot else np.exp(logz)
07:27 bilby WARNING : The data appears to lie in a lower-dimensional subspace of the space in which it is expressed. This has resulted in a singular data covariance matrix, which cannot be treated using the algorithms implemented in `gaussian_kde`. Consider performing principle component analysis / dimensionality reduction and using `gaussian_kde` with the transformed data.
07:27 bilby WARNING : Failed to create dynesty run plot at checkpoint
07:41 bilby INFO    : Written checkpoint file results/58/None_resume.pickle
/ligo/home/ligo.org/pratyusava.baral/dispersion/dispersion_env/lib64/python3.11/site-packages/dynesty/plotting.py:252: RuntimeWarning: overflow encountered in exp
  np.exp(logwt), logz if logplot else np.exp(logz)
/ligo/home/ligo.org/pratyusava.baral/dispersion/dispersion_env/lib64/python3.11/site-packages/dynesty/plotting.py:282: RuntimeWarning: overflow encountered in exp
  zspan = (0., 1.05 * np.exp(logz[-1] + 3. * logzerr[-1]))
07:41 bilby WARNING : Axis limits cannot be NaN or Inf
07:41 bilby WARNING : Failed to create dynesty run plot at checkpoint
07:52 bilby INFO    : Written checkpoint file results/58/None_resume.pickle
/ligo/home/ligo.org/pratyusava.baral/dispersion/dispersion_env/lib64/python3.11/site-packages/dynesty/plotting.py:252: RuntimeWarning: overflow encountered in exp
  np.exp(logwt), logz if logplot else np.exp(logz)
/ligo/home/ligo.org/pratyusava.baral/dispersion/dispersion_env/lib64/python3.11/site-packages/dynesty/plotting.py:282: RuntimeWarning: overflow encountered in exp
  zspan = (0., 1.05 * np.exp(logz[-1] + 3. * logzerr[-1]))
07:52 bilby WARNING : Axis limits cannot be NaN or Inf
07:52 bilby WARNING : Failed to create dynesty run plot at checkpoint
08:03 bilby INFO    : Written checkpoint file results/58/None_resume.pickle
/ligo/home/ligo.org/pratyusava.baral/dispersion/dispersion_env/lib64/python3.11/site-packages/dynesty/plotting.py:252: RuntimeWarning: overflow encountered in exp
  np.exp(logwt), logz if logplot else np.exp(logz)
/ligo/home/ligo.org/pratyusava.baral/dispersion/dispersion_env/lib64/python3.11/site-packages/dynesty/plotting.py:282: RuntimeWarning: overflow encountered in exp
  zspan = (0., 1.05 * np.exp(logz[-1] + 3. * logzerr[-1]))
08:04 bilby WARNING : Axis limits cannot be NaN or Inf
08:04 bilby WARNING : Failed to create dynesty run plot at checkpoint
08:16 bilby INFO    : Written checkpoint file results/58/None_resume.pickle
/ligo/home/ligo.org/pratyusava.baral/dispersion/dispersion_env/lib64/python3.11/site-packages/dynesty/plotting.py:252: RuntimeWarning: overflow encountered in exp
  np.exp(logwt), logz if logplot else np.exp(logz)
/ligo/home/ligo.org/pratyusava.baral/dispersion/dispersion_env/lib64/python3.11/site-packages/dynesty/plotting.py:282: RuntimeWarning: overflow encountered in exp
  zspan = (0., 1.05 * np.exp(logz[-1] + 3. * logzerr[-1]))
08:17 bilby WARNING : Axis limits cannot be NaN or Inf
08:17 bilby WARNING : Failed to create dynesty run plot at checkpoint
08:29 bilby INFO    : Written checkpoint file results/58/None_resume.pickle
/ligo/home/ligo.org/pratyusava.baral/dispersion/dispersion_env/lib64/python3.11/site-packages/dynesty/plotting.py:786: UserWarning: Attempting to set identical low and high ylims makes transformation singular; automatically expanding.
  ax.set_ylim([0., max(y0) * 1.05])
/ligo/home/ligo.org/pratyusava.baral/dispersion/dispersion_env/lib64/python3.11/site-packages/dynesty/plotting.py:749: UserWarning: Attempting to set identical low and high xlims makes transformation singular; automatically expanding.
  ax.set_xlim(span[i])
/ligo/home/ligo.org/pratyusava.baral/dispersion/dispersion_env/lib64/python3.11/site-packages/dynesty/plotting.py:786: UserWarning: Attempting to set identical low and high ylims makes transformation singular; automatically expanding.
  ax.set_ylim([0., max(y0) * 1.05])
/ligo/home/ligo.org/pratyusava.baral/dispersion/dispersion_env/lib64/python3.11/site-packages/dynesty/plotting.py:252: RuntimeWarning: overflow encountered in exp
  np.exp(logwt), logz if logplot else np.exp(logz)
/ligo/home/ligo.org/pratyusava.baral/dispersion/dispersion_env/lib64/python3.11/site-packages/dynesty/plotting.py:282: RuntimeWarning: overflow encountered in exp
  zspan = (0., 1.05 * np.exp(logz[-1] + 3. * logzerr[-1]))
08:29 bilby WARNING : Axis limits cannot be NaN or Inf
08:29 bilby WARNING : Failed to create dynesty run plot at checkpoint
08:43 bilby INFO    : Written checkpoint file results/58/None_resume.pickle
/ligo/home/ligo.org/pratyusava.baral/dispersion/dispersion_env/lib64/python3.11/site-packages/dynesty/plotting.py:786: UserWarning: Attempting to set identical low and high ylims makes transformation singular; automatically expanding.
  ax.set_ylim([0., max(y0) * 1.05])
08:43 bilby WARNING : Too many bins for data range. Cannot create 500 finite-sized bins.
08:43 bilby WARNING : Failed to create dynesty state plot at checkpoint
/ligo/home/ligo.org/pratyusava.baral/dispersion/dispersion_env/lib64/python3.11/site-packages/dynesty/plotting.py:786: UserWarning: Attempting to set identical low and high ylims makes transformation singular; automatically expanding.
  ax.set_ylim([0., max(y0) * 1.05])
/ligo/home/ligo.org/pratyusava.baral/dispersion/dispersion_env/lib64/python3.11/site-packages/dynesty/plotting.py:252: RuntimeWarning: overflow encountered in exp
  np.exp(logwt), logz if logplot else np.exp(logz)
/ligo/home/ligo.org/pratyusava.baral/dispersion/dispersion_env/lib64/python3.11/site-packages/dynesty/plotting.py:282: RuntimeWarning: overflow encountered in exp
  zspan = (0., 1.05 * np.exp(logz[-1] + 3. * logzerr[-1]))
08:43 bilby WARNING : Axis limits cannot be NaN or Inf
08:43 bilby WARNING : Failed to create dynesty run plot at checkpoint
08:57 bilby INFO    : Written checkpoint file results/58/None_resume.pickle
08:57 bilby WARNING : The data appears to lie in a lower-dimensional subspace of the space in which it is expressed. This has resulted in a singular data covariance matrix, which cannot be treated using the algorithms implemented in `gaussian_kde`. Consider performing principle component analysis / dimensionality reduction and using `gaussian_kde` with the transformed data.
08:57 bilby WARNING : Failed to create dynesty state plot at checkpoint
08:57 bilby WARNING : The data appears to lie in a lower-dimensional subspace of the space in which it is expressed. This has resulted in a singular data covariance matrix, which cannot be treated using the algorithms implemented in `gaussian_kde`. Consider performing principle component analysis / dimensionality reduction and using `gaussian_kde` with the transformed data.
08:57 bilby WARNING : Failed to create dynesty unit state plot at checkpoint
/ligo/home/ligo.org/pratyusava.baral/dispersion/dispersion_env/lib64/python3.11/site-packages/dynesty/plotting.py:252: RuntimeWarning: overflow encountered in exp
  np.exp(logwt), logz if logplot else np.exp(logz)
08:57 bilby WARNING : The data appears to lie in a lower-dimensional subspace of the space in which it is expressed. This has resulted in a singular data covariance matrix, which cannot be treated using the algorithms implemented in `gaussian_kde`. Consider performing principle component analysis / dimensionality reduction and using `gaussian_kde` with the transformed data.
08:57 bilby WARNING : Failed to create dynesty run plot at checkpoint
09:11 bilby INFO    : Written checkpoint file results/58/None_resume.pickle
/ligo/home/ligo.org/pratyusava.baral/dispersion/dispersion_env/lib64/python3.11/site-packages/dynesty/plotting.py:786: UserWarning: Attempting to set identical low and high ylims makes transformation singular; automatically expanding.
  ax.set_ylim([0., max(y0) * 1.05])
09:11 bilby WARNING : Too many bins for data range. Cannot create 500 finite-sized bins.
09:11 bilby WARNING : Failed to create dynesty state plot at checkpoint
/ligo/home/ligo.org/pratyusava.baral/dispersion/dispersion_env/lib64/python3.11/site-packages/dynesty/plotting.py:786: UserWarning: Attempting to set identical low and high ylims makes transformation singular; automatically expanding.
  ax.set_ylim([0., max(y0) * 1.05])
/ligo/home/ligo.org/pratyusava.baral/dispersion/dispersion_env/lib64/python3.11/site-packages/dynesty/plotting.py:252: RuntimeWarning: overflow encountered in exp
  np.exp(logwt), logz if logplot else np.exp(logz)
/ligo/home/ligo.org/pratyusava.baral/dispersion/dispersion_env/lib64/python3.11/site-packages/dynesty/plotting.py:282: RuntimeWarning: overflow encountered in exp
  zspan = (0., 1.05 * np.exp(logz[-1] + 3. * logzerr[-1]))
09:11 bilby WARNING : Axis limits cannot be NaN or Inf
09:11 bilby WARNING : Failed to create dynesty run plot at checkpoint
09:24 bilby INFO    : Written checkpoint file results/58/None_resume.pickle
/ligo/home/ligo.org/pratyusava.baral/dispersion/dispersion_env/lib64/python3.11/site-packages/dynesty/plotting.py:786: UserWarning: Attempting to set identical low and high ylims makes transformation singular; automatically expanding.
  ax.set_ylim([0., max(y0) * 1.05])
09:24 bilby WARNING : Too many bins for data range. Cannot create 500 finite-sized bins.
09:24 bilby WARNING : Failed to create dynesty state plot at checkpoint
/ligo/home/ligo.org/pratyusava.baral/dispersion/dispersion_env/lib64/python3.11/site-packages/dynesty/plotting.py:786: UserWarning: Attempting to set identical low and high ylims makes transformation singular; automatically expanding.
  ax.set_ylim([0., max(y0) * 1.05])
/ligo/home/ligo.org/pratyusava.baral/dispersion/dispersion_env/lib64/python3.11/site-packages/dynesty/plotting.py:252: RuntimeWarning: overflow encountered in exp
  np.exp(logwt), logz if logplot else np.exp(logz)
/ligo/home/ligo.org/pratyusava.baral/dispersion/dispersion_env/lib64/python3.11/site-packages/dynesty/plotting.py:282: RuntimeWarning: overflow encountered in exp
  zspan = (0., 1.05 * np.exp(logz[-1] + 3. * logzerr[-1]))
09:24 bilby WARNING : Axis limits cannot be NaN or Inf
09:24 bilby WARNING : Failed to create dynesty run plot at checkpoint
09:35 bilby INFO    : Written checkpoint file results/58/None_resume.pickle
09:35 bilby WARNING : The data appears to lie in a lower-dimensional subspace of the space in which it is expressed. This has resulted in a singular data covariance matrix, which cannot be treated using the algorithms implemented in `gaussian_kde`. Consider performing principle component analysis / dimensionality reduction and using `gaussian_kde` with the transformed data.
09:35 bilby WARNING : Failed to create dynesty state plot at checkpoint
09:35 bilby WARNING : The data appears to lie in a lower-dimensional subspace of the space in which it is expressed. This has resulted in a singular data covariance matrix, which cannot be treated using the algorithms implemented in `gaussian_kde`. Consider performing principle component analysis / dimensionality reduction and using `gaussian_kde` with the transformed data.
09:35 bilby WARNING : Failed to create dynesty unit state plot at checkpoint
/ligo/home/ligo.org/pratyusava.baral/dispersion/dispersion_env/lib64/python3.11/site-packages/dynesty/plotting.py:252: RuntimeWarning: overflow encountered in exp
  np.exp(logwt), logz if logplot else np.exp(logz)
09:35 bilby WARNING : The data appears to lie in a lower-dimensional subspace of the space in which it is expressed. This has resulted in a singular data covariance matrix, which cannot be treated using the algorithms implemented in `gaussian_kde`. Consider performing principle component analysis / dimensionality reduction and using `gaussian_kde` with the transformed data.
09:35 bilby WARNING : Failed to create dynesty run plot at checkpoint
09:47 bilby INFO    : Written checkpoint file results/58/None_resume.pickle
/ligo/home/ligo.org/pratyusava.baral/dispersion/dispersion_env/lib64/python3.11/site-packages/dynesty/plotting.py:786: UserWarning: Attempting to set identical low and high ylims makes transformation singular; automatically expanding.
  ax.set_ylim([0., max(y0) * 1.05])
09:47 bilby WARNING : Too many bins for data range. Cannot create 500 finite-sized bins.
09:47 bilby WARNING : Failed to create dynesty state plot at checkpoint
/ligo/home/ligo.org/pratyusava.baral/dispersion/dispersion_env/lib64/python3.11/site-packages/dynesty/plotting.py:786: UserWarning: Attempting to set identical low and high ylims makes transformation singular; automatically expanding.
  ax.set_ylim([0., max(y0) * 1.05])
/ligo/home/ligo.org/pratyusava.baral/dispersion/dispersion_env/lib64/python3.11/site-packages/dynesty/plotting.py:252: RuntimeWarning: overflow encountered in exp
  np.exp(logwt), logz if logplot else np.exp(logz)
/ligo/home/ligo.org/pratyusava.baral/dispersion/dispersion_env/lib64/python3.11/site-packages/dynesty/plotting.py:282: RuntimeWarning: overflow encountered in exp
  zspan = (0., 1.05 * np.exp(logz[-1] + 3. * logzerr[-1]))
09:47 bilby WARNING : Axis limits cannot be NaN or Inf
09:47 bilby WARNING : Failed to create dynesty run plot at checkpoint
10:03 bilby INFO    : Written checkpoint file results/58/None_resume.pickle
/ligo/home/ligo.org/pratyusava.baral/dispersion/dispersion_env/lib64/python3.11/site-packages/dynesty/plotting.py:786: UserWarning: Attempting to set identical low and high ylims makes transformation singular; automatically expanding.
  ax.set_ylim([0., max(y0) * 1.05])
10:03 bilby WARNING : Too many bins for data range. Cannot create 500 finite-sized bins.
10:03 bilby WARNING : Failed to create dynesty state plot at checkpoint
/ligo/home/ligo.org/pratyusava.baral/dispersion/dispersion_env/lib64/python3.11/site-packages/dynesty/plotting.py:786: UserWarning: Attempting to set identical low and high ylims makes transformation singular; automatically expanding.
  ax.set_ylim([0., max(y0) * 1.05])
/ligo/home/ligo.org/pratyusava.baral/dispersion/dispersion_env/lib64/python3.11/site-packages/dynesty/plotting.py:252: RuntimeWarning: overflow encountered in exp
  np.exp(logwt), logz if logplot else np.exp(logz)
/ligo/home/ligo.org/pratyusava.baral/dispersion/dispersion_env/lib64/python3.11/site-packages/dynesty/plotting.py:282: RuntimeWarning: overflow encountered in exp
  zspan = (0., 1.05 * np.exp(logz[-1] + 3. * logzerr[-1]))
10:03 bilby WARNING : Axis limits cannot be NaN or Inf
10:03 bilby WARNING : Failed to create dynesty run plot at checkpoint
10:17 bilby INFO    : Written checkpoint file results/58/None_resume.pickle
/ligo/home/ligo.org/pratyusava.baral/dispersion/dispersion_env/lib64/python3.11/site-packages/dynesty/plotting.py:786: UserWarning: Attempting to set identical low and high ylims makes transformation singular; automatically expanding.
  ax.set_ylim([0., max(y0) * 1.05])
10:17 bilby WARNING : Too many bins for data range. Cannot create 500 finite-sized bins.
10:17 bilby WARNING : Failed to create dynesty state plot at checkpoint
/ligo/home/ligo.org/pratyusava.baral/dispersion/dispersion_env/lib64/python3.11/site-packages/dynesty/plotting.py:786: UserWarning: Attempting to set identical low and high ylims makes transformation singular; automatically expanding.
  ax.set_ylim([0., max(y0) * 1.05])
/ligo/home/ligo.org/pratyusava.baral/dispersion/dispersion_env/lib64/python3.11/site-packages/dynesty/plotting.py:252: RuntimeWarning: overflow encountered in exp
  np.exp(logwt), logz if logplot else np.exp(logz)
/ligo/home/ligo.org/pratyusava.baral/dispersion/dispersion_env/lib64/python3.11/site-packages/dynesty/plotting.py:282: RuntimeWarning: overflow encountered in exp
  zspan = (0., 1.05 * np.exp(logz[-1] + 3. * logzerr[-1]))
10:17 bilby WARNING : Axis limits cannot be NaN or Inf
10:17 bilby WARNING : Failed to create dynesty run plot at checkpoint
10:29 bilby INFO    : Written checkpoint file results/58/None_resume.pickle
/ligo/home/ligo.org/pratyusava.baral/dispersion/dispersion_env/lib64/python3.11/site-packages/dynesty/plotting.py:786: UserWarning: Attempting to set identical low and high ylims makes transformation singular; automatically expanding.
  ax.set_ylim([0., max(y0) * 1.05])
10:29 bilby WARNING : Too many bins for data range. Cannot create 500 finite-sized bins.
10:29 bilby WARNING : Failed to create dynesty state plot at checkpoint
/ligo/home/ligo.org/pratyusava.baral/dispersion/dispersion_env/lib64/python3.11/site-packages/dynesty/plotting.py:786: UserWarning: Attempting to set identical low and high ylims makes transformation singular; automatically expanding.
  ax.set_ylim([0., max(y0) * 1.05])
/ligo/home/ligo.org/pratyusava.baral/dispersion/dispersion_env/lib64/python3.11/site-packages/dynesty/plotting.py:252: RuntimeWarning: overflow encountered in exp
  np.exp(logwt), logz if logplot else np.exp(logz)
/ligo/home/ligo.org/pratyusava.baral/dispersion/dispersion_env/lib64/python3.11/site-packages/dynesty/plotting.py:282: RuntimeWarning: overflow encountered in exp
  zspan = (0., 1.05 * np.exp(logz[-1] + 3. * logzerr[-1]))
10:29 bilby WARNING : Axis limits cannot be NaN or Inf
10:29 bilby WARNING : Failed to create dynesty run plot at checkpoint
10:42 bilby INFO    : Written checkpoint file results/58/None_resume.pickle
/ligo/home/ligo.org/pratyusava.baral/dispersion/dispersion_env/lib64/python3.11/site-packages/dynesty/plotting.py:786: UserWarning: Attempting to set identical low and high ylims makes transformation singular; automatically expanding.
  ax.set_ylim([0., max(y0) * 1.05])
10:42 bilby WARNING : Too many bins for data range. Cannot create 500 finite-sized bins.
10:42 bilby WARNING : Failed to create dynesty state plot at checkpoint
/ligo/home/ligo.org/pratyusava.baral/dispersion/dispersion_env/lib64/python3.11/site-packages/dynesty/plotting.py:786: UserWarning: Attempting to set identical low and high ylims makes transformation singular; automatically expanding.
  ax.set_ylim([0., max(y0) * 1.05])
/ligo/home/ligo.org/pratyusava.baral/dispersion/dispersion_env/lib64/python3.11/site-packages/dynesty/plotting.py:252: RuntimeWarning: overflow encountered in exp
  np.exp(logwt), logz if logplot else np.exp(logz)
/ligo/home/ligo.org/pratyusava.baral/dispersion/dispersion_env/lib64/python3.11/site-packages/dynesty/plotting.py:282: RuntimeWarning: overflow encountered in exp
  zspan = (0., 1.05 * np.exp(logz[-1] + 3. * logzerr[-1]))
10:42 bilby WARNING : Axis limits cannot be NaN or Inf
10:42 bilby WARNING : Failed to create dynesty run plot at checkpoint
10:57 bilby INFO    : Written checkpoint file results/58/None_resume.pickle
/ligo/home/ligo.org/pratyusava.baral/dispersion/dispersion_env/lib64/python3.11/site-packages/dynesty/plotting.py:786: UserWarning: Attempting to set identical low and high ylims makes transformation singular; automatically expanding.
  ax.set_ylim([0., max(y0) * 1.05])
10:57 bilby WARNING : Too many bins for data range. Cannot create 500 finite-sized bins.
10:57 bilby WARNING : Failed to create dynesty state plot at checkpoint
/ligo/home/ligo.org/pratyusava.baral/dispersion/dispersion_env/lib64/python3.11/site-packages/dynesty/plotting.py:786: UserWarning: Attempting to set identical low and high ylims makes transformation singular; automatically expanding.
  ax.set_ylim([0., max(y0) * 1.05])
/ligo/home/ligo.org/pratyusava.baral/dispersion/dispersion_env/lib64/python3.11/site-packages/dynesty/plotting.py:252: RuntimeWarning: overflow encountered in exp
  np.exp(logwt), logz if logplot else np.exp(logz)
/ligo/home/ligo.org/pratyusava.baral/dispersion/dispersion_env/lib64/python3.11/site-packages/dynesty/plotting.py:282: RuntimeWarning: overflow encountered in exp
  zspan = (0., 1.05 * np.exp(logz[-1] + 3. * logzerr[-1]))
10:57 bilby WARNING : Axis limits cannot be NaN or Inf
10:57 bilby WARNING : Failed to create dynesty run plot at checkpoint
11:08 bilby INFO    : Written checkpoint file results/58/None_resume.pickle
11:08 bilby WARNING : The data appears to lie in a lower-dimensional subspace of the space in which it is expressed. This has resulted in a singular data covariance matrix, which cannot be treated using the algorithms implemented in `gaussian_kde`. Consider performing principle component analysis / dimensionality reduction and using `gaussian_kde` with the transformed data.
11:08 bilby WARNING : Failed to create dynesty state plot at checkpoint
11:08 bilby WARNING : The data appears to lie in a lower-dimensional subspace of the space in which it is expressed. This has resulted in a singular data covariance matrix, which cannot be treated using the algorithms implemented in `gaussian_kde`. Consider performing principle component analysis / dimensionality reduction and using `gaussian_kde` with the transformed data.
11:08 bilby WARNING : Failed to create dynesty unit state plot at checkpoint
/ligo/home/ligo.org/pratyusava.baral/dispersion/dispersion_env/lib64/python3.11/site-packages/dynesty/plotting.py:252: RuntimeWarning: overflow encountered in exp
  np.exp(logwt), logz if logplot else np.exp(logz)
11:08 bilby WARNING : The data appears to lie in a lower-dimensional subspace of the space in which it is expressed. This has resulted in a singular data covariance matrix, which cannot be treated using the algorithms implemented in `gaussian_kde`. Consider performing principle component analysis / dimensionality reduction and using `gaussian_kde` with the transformed data.
11:08 bilby WARNING : Failed to create dynesty run plot at checkpoint
11:21 bilby INFO    : Written checkpoint file results/58/None_resume.pickle
/ligo/home/ligo.org/pratyusava.baral/dispersion/dispersion_env/lib64/python3.11/site-packages/dynesty/plotting.py:786: UserWarning: Attempting to set identical low and high ylims makes transformation singular; automatically expanding.
  ax.set_ylim([0., max(y0) * 1.05])
11:21 bilby WARNING : Too many bins for data range. Cannot create 500 finite-sized bins.
11:21 bilby WARNING : Failed to create dynesty state plot at checkpoint
/ligo/home/ligo.org/pratyusava.baral/dispersion/dispersion_env/lib64/python3.11/site-packages/dynesty/plotting.py:786: UserWarning: Attempting to set identical low and high ylims makes transformation singular; automatically expanding.
  ax.set_ylim([0., max(y0) * 1.05])
/ligo/home/ligo.org/pratyusava.baral/dispersion/dispersion_env/lib64/python3.11/site-packages/dynesty/plotting.py:252: RuntimeWarning: overflow encountered in exp
  np.exp(logwt), logz if logplot else np.exp(logz)
/ligo/home/ligo.org/pratyusava.baral/dispersion/dispersion_env/lib64/python3.11/site-packages/dynesty/plotting.py:282: RuntimeWarning: overflow encountered in exp
  zspan = (0., 1.05 * np.exp(logz[-1] + 3. * logzerr[-1]))
11:22 bilby WARNING : Axis limits cannot be NaN or Inf
11:22 bilby WARNING : Failed to create dynesty run plot at checkpoint
11:34 bilby INFO    : Written checkpoint file results/58/None_resume.pickle
/ligo/home/ligo.org/pratyusava.baral/dispersion/dispersion_env/lib64/python3.11/site-packages/dynesty/plotting.py:786: UserWarning: Attempting to set identical low and high ylims makes transformation singular; automatically expanding.
  ax.set_ylim([0., max(y0) * 1.05])
11:34 bilby WARNING : Too many bins for data range. Cannot create 500 finite-sized bins.
11:34 bilby WARNING : Failed to create dynesty state plot at checkpoint
/ligo/home/ligo.org/pratyusava.baral/dispersion/dispersion_env/lib64/python3.11/site-packages/dynesty/plotting.py:786: UserWarning: Attempting to set identical low and high ylims makes transformation singular; automatically expanding.
  ax.set_ylim([0., max(y0) * 1.05])
/ligo/home/ligo.org/pratyusava.baral/dispersion/dispersion_env/lib64/python3.11/site-packages/dynesty/plotting.py:252: RuntimeWarning: overflow encountered in exp
  np.exp(logwt), logz if logplot else np.exp(logz)
/ligo/home/ligo.org/pratyusava.baral/dispersion/dispersion_env/lib64/python3.11/site-packages/dynesty/plotting.py:282: RuntimeWarning: overflow encountered in exp
  zspan = (0., 1.05 * np.exp(logz[-1] + 3. * logzerr[-1]))
11:35 bilby WARNING : Axis limits cannot be NaN or Inf
11:35 bilby WARNING : Failed to create dynesty run plot at checkpoint
11:48 bilby INFO    : Written checkpoint file results/58/None_resume.pickle
/ligo/home/ligo.org/pratyusava.baral/dispersion/dispersion_env/lib64/python3.11/site-packages/dynesty/plotting.py:786: UserWarning: Attempting to set identical low and high ylims makes transformation singular; automatically expanding.
  ax.set_ylim([0., max(y0) * 1.05])
11:48 bilby WARNING : Too many bins for data range. Cannot create 500 finite-sized bins.
11:48 bilby WARNING : Failed to create dynesty state plot at checkpoint
/ligo/home/ligo.org/pratyusava.baral/dispersion/dispersion_env/lib64/python3.11/site-packages/dynesty/plotting.py:786: UserWarning: Attempting to set identical low and high ylims makes transformation singular; automatically expanding.
  ax.set_ylim([0., max(y0) * 1.05])
/ligo/home/ligo.org/pratyusava.baral/dispersion/dispersion_env/lib64/python3.11/site-packages/dynesty/plotting.py:252: RuntimeWarning: overflow encountered in exp
  np.exp(logwt), logz if logplot else np.exp(logz)
/ligo/home/ligo.org/pratyusava.baral/dispersion/dispersion_env/lib64/python3.11/site-packages/dynesty/plotting.py:282: RuntimeWarning: overflow encountered in exp
  zspan = (0., 1.05 * np.exp(logz[-1] + 3. * logzerr[-1]))
11:48 bilby WARNING : Axis limits cannot be NaN or Inf
11:48 bilby WARNING : Failed to create dynesty run plot at checkpoint
12:00 bilby INFO    : Written checkpoint file results/58/None_resume.pickle
/ligo/home/ligo.org/pratyusava.baral/dispersion/dispersion_env/lib64/python3.11/site-packages/dynesty/plotting.py:786: UserWarning: Attempting to set identical low and high ylims makes transformation singular; automatically expanding.
  ax.set_ylim([0., max(y0) * 1.05])
12:00 bilby WARNING : Too many bins for data range. Cannot create 500 finite-sized bins.
12:00 bilby WARNING : Failed to create dynesty state plot at checkpoint
/ligo/home/ligo.org/pratyusava.baral/dispersion/dispersion_env/lib64/python3.11/site-packages/dynesty/plotting.py:786: UserWarning: Attempting to set identical low and high ylims makes transformation singular; automatically expanding.
  ax.set_ylim([0., max(y0) * 1.05])
/ligo/home/ligo.org/pratyusava.baral/dispersion/dispersion_env/lib64/python3.11/site-packages/dynesty/plotting.py:252: RuntimeWarning: overflow encountered in exp
  np.exp(logwt), logz if logplot else np.exp(logz)
/ligo/home/ligo.org/pratyusava.baral/dispersion/dispersion_env/lib64/python3.11/site-packages/dynesty/plotting.py:282: RuntimeWarning: overflow encountered in exp
  zspan = (0., 1.05 * np.exp(logz[-1] + 3. * logzerr[-1]))
12:00 bilby WARNING : Axis limits cannot be NaN or Inf
12:00 bilby WARNING : Failed to create dynesty run plot at checkpoint
12:10 bilby INFO    : Written checkpoint file results/58/None_resume.pickle
12:10 bilby WARNING : The data appears to lie in a lower-dimensional subspace of the space in which it is expressed. This has resulted in a singular data covariance matrix, which cannot be treated using the algorithms implemented in `gaussian_kde`. Consider performing principle component analysis / dimensionality reduction and using `gaussian_kde` with the transformed data.
12:10 bilby WARNING : Failed to create dynesty state plot at checkpoint
12:10 bilby WARNING : The data appears to lie in a lower-dimensional subspace of the space in which it is expressed. This has resulted in a singular data covariance matrix, which cannot be treated using the algorithms implemented in `gaussian_kde`. Consider performing principle component analysis / dimensionality reduction and using `gaussian_kde` with the transformed data.
12:10 bilby WARNING : Failed to create dynesty unit state plot at checkpoint
/ligo/home/ligo.org/pratyusava.baral/dispersion/dispersion_env/lib64/python3.11/site-packages/dynesty/plotting.py:252: RuntimeWarning: overflow encountered in exp
  np.exp(logwt), logz if logplot else np.exp(logz)
12:10 bilby WARNING : The data appears to lie in a lower-dimensional subspace of the space in which it is expressed. This has resulted in a singular data covariance matrix, which cannot be treated using the algorithms implemented in `gaussian_kde`. Consider performing principle component analysis / dimensionality reduction and using `gaussian_kde` with the transformed data.
12:10 bilby WARNING : Failed to create dynesty run plot at checkpoint
12:22 bilby INFO    : Written checkpoint file results/58/None_resume.pickle
12:22 bilby WARNING : The data appears to lie in a lower-dimensional subspace of the space in which it is expressed. This has resulted in a singular data covariance matrix, which cannot be treated using the algorithms implemented in `gaussian_kde`. Consider performing principle component analysis / dimensionality reduction and using `gaussian_kde` with the transformed data.
12:22 bilby WARNING : Failed to create dynesty state plot at checkpoint
12:22 bilby WARNING : The data appears to lie in a lower-dimensional subspace of the space in which it is expressed. This has resulted in a singular data covariance matrix, which cannot be treated using the algorithms implemented in `gaussian_kde`. Consider performing principle component analysis / dimensionality reduction and using `gaussian_kde` with the transformed data.
12:22 bilby WARNING : Failed to create dynesty unit state plot at checkpoint
/ligo/home/ligo.org/pratyusava.baral/dispersion/dispersion_env/lib64/python3.11/site-packages/dynesty/plotting.py:252: RuntimeWarning: overflow encountered in exp
  np.exp(logwt), logz if logplot else np.exp(logz)
12:22 bilby WARNING : The data appears to lie in a lower-dimensional subspace of the space in which it is expressed. This has resulted in a singular data covariance matrix, which cannot be treated using the algorithms implemented in `gaussian_kde`. Consider performing principle component analysis / dimensionality reduction and using `gaussian_kde` with the transformed data.
12:22 bilby WARNING : Failed to create dynesty run plot at checkpoint
12:33 bilby INFO    : Written checkpoint file results/58/None_resume.pickle
/ligo/home/ligo.org/pratyusava.baral/dispersion/dispersion_env/lib64/python3.11/site-packages/dynesty/plotting.py:252: RuntimeWarning: overflow encountered in exp
  np.exp(logwt), logz if logplot else np.exp(logz)
/ligo/home/ligo.org/pratyusava.baral/dispersion/dispersion_env/lib64/python3.11/site-packages/dynesty/plotting.py:282: RuntimeWarning: overflow encountered in exp
  zspan = (0., 1.05 * np.exp(logz[-1] + 3. * logzerr[-1]))
12:33 bilby WARNING : Axis limits cannot be NaN or Inf
12:33 bilby WARNING : Failed to create dynesty run plot at checkpoint
12:43 bilby INFO    : Written checkpoint file results/58/None_resume.pickle
/ligo/home/ligo.org/pratyusava.baral/dispersion/dispersion_env/lib64/python3.11/site-packages/dynesty/plotting.py:252: RuntimeWarning: overflow encountered in exp
  np.exp(logwt), logz if logplot else np.exp(logz)
/ligo/home/ligo.org/pratyusava.baral/dispersion/dispersion_env/lib64/python3.11/site-packages/dynesty/plotting.py:282: RuntimeWarning: overflow encountered in exp
  zspan = (0., 1.05 * np.exp(logz[-1] + 3. * logzerr[-1]))
12:44 bilby WARNING : Axis limits cannot be NaN or Inf
12:44 bilby WARNING : Failed to create dynesty run plot at checkpoint
12:55 bilby INFO    : Written checkpoint file results/58/None_resume.pickle
/ligo/home/ligo.org/pratyusava.baral/dispersion/dispersion_env/lib64/python3.11/site-packages/dynesty/plotting.py:252: RuntimeWarning: overflow encountered in exp
  np.exp(logwt), logz if logplot else np.exp(logz)
/ligo/home/ligo.org/pratyusava.baral/dispersion/dispersion_env/lib64/python3.11/site-packages/dynesty/plotting.py:282: RuntimeWarning: overflow encountered in exp
  zspan = (0., 1.05 * np.exp(logz[-1] + 3. * logzerr[-1]))
12:56 bilby WARNING : Axis limits cannot be NaN or Inf
12:56 bilby WARNING : Failed to create dynesty run plot at checkpoint
13:06 bilby INFO    : Written checkpoint file results/58/None_resume.pickle
/ligo/home/ligo.org/pratyusava.baral/dispersion/dispersion_env/lib64/python3.11/site-packages/dynesty/plotting.py:252: RuntimeWarning: overflow encountered in exp
  np.exp(logwt), logz if logplot else np.exp(logz)
/ligo/home/ligo.org/pratyusava.baral/dispersion/dispersion_env/lib64/python3.11/site-packages/dynesty/plotting.py:282: RuntimeWarning: overflow encountered in exp
  zspan = (0., 1.05 * np.exp(logz[-1] + 3. * logzerr[-1]))
13:07 bilby WARNING : Axis limits cannot be NaN or Inf
13:07 bilby WARNING : Failed to create dynesty run plot at checkpoint
13:20 bilby INFO    : Written checkpoint file results/58/None_resume.pickle
/ligo/home/ligo.org/pratyusava.baral/dispersion/dispersion_env/lib64/python3.11/site-packages/dynesty/plotting.py:252: RuntimeWarning: overflow encountered in exp
  np.exp(logwt), logz if logplot else np.exp(logz)
/ligo/home/ligo.org/pratyusava.baral/dispersion/dispersion_env/lib64/python3.11/site-packages/dynesty/plotting.py:282: RuntimeWarning: overflow encountered in exp
  zspan = (0., 1.05 * np.exp(logz[-1] + 3. * logzerr[-1]))
13:20 bilby WARNING : Axis limits cannot be NaN or Inf
13:20 bilby WARNING : Failed to create dynesty run plot at checkpoint
13:33 bilby INFO    : Written checkpoint file results/58/None_resume.pickle
/ligo/home/ligo.org/pratyusava.baral/dispersion/dispersion_env/lib64/python3.11/site-packages/dynesty/plotting.py:786: UserWarning: Attempting to set identical low and high ylims makes transformation singular; automatically expanding.
  ax.set_ylim([0., max(y0) * 1.05])
/ligo/home/ligo.org/pratyusava.baral/dispersion/dispersion_env/lib64/python3.11/site-packages/dynesty/plotting.py:749: UserWarning: Attempting to set identical low and high xlims makes transformation singular; automatically expanding.
  ax.set_xlim(span[i])
/ligo/home/ligo.org/pratyusava.baral/dispersion/dispersion_env/lib64/python3.11/site-packages/dynesty/plotting.py:786: UserWarning: Attempting to set identical low and high ylims makes transformation singular; automatically expanding.
  ax.set_ylim([0., max(y0) * 1.05])
/ligo/home/ligo.org/pratyusava.baral/dispersion/dispersion_env/lib64/python3.11/site-packages/dynesty/plotting.py:252: RuntimeWarning: overflow encountered in exp
  np.exp(logwt), logz if logplot else np.exp(logz)
/ligo/home/ligo.org/pratyusava.baral/dispersion/dispersion_env/lib64/python3.11/site-packages/dynesty/plotting.py:282: RuntimeWarning: overflow encountered in exp
  zspan = (0., 1.05 * np.exp(logz[-1] + 3. * logzerr[-1]))
13:34 bilby WARNING : Axis limits cannot be NaN or Inf
13:34 bilby WARNING : Failed to create dynesty run plot at checkpoint
13:45 bilby INFO    : Written checkpoint file results/58/None_resume.pickle
/ligo/home/ligo.org/pratyusava.baral/dispersion/dispersion_env/lib64/python3.11/site-packages/dynesty/plotting.py:786: UserWarning: Attempting to set identical low and high ylims makes transformation singular; automatically expanding.
  ax.set_ylim([0., max(y0) * 1.05])
/ligo/home/ligo.org/pratyusava.baral/dispersion/dispersion_env/lib64/python3.11/site-packages/dynesty/plotting.py:749: UserWarning: Attempting to set identical low and high xlims makes transformation singular; automatically expanding.
  ax.set_xlim(span[i])
/ligo/home/ligo.org/pratyusava.baral/dispersion/dispersion_env/lib64/python3.11/site-packages/dynesty/plotting.py:786: UserWarning: Attempting to set identical low and high ylims makes transformation singular; automatically expanding.
  ax.set_ylim([0., max(y0) * 1.05])
/ligo/home/ligo.org/pratyusava.baral/dispersion/dispersion_env/lib64/python3.11/site-packages/dynesty/plotting.py:252: RuntimeWarning: overflow encountered in exp
  np.exp(logwt), logz if logplot else np.exp(logz)
/ligo/home/ligo.org/pratyusava.baral/dispersion/dispersion_env/lib64/python3.11/site-packages/dynesty/plotting.py:282: RuntimeWarning: overflow encountered in exp
  zspan = (0., 1.05 * np.exp(logz[-1] + 3. * logzerr[-1]))
13:45 bilby WARNING : Axis limits cannot be NaN or Inf
13:45 bilby WARNING : Failed to create dynesty run plot at checkpoint
13:58 bilby INFO    : Written checkpoint file results/58/None_resume.pickle
13:58 bilby WARNING : The data appears to lie in a lower-dimensional subspace of the space in which it is expressed. This has resulted in a singular data covariance matrix, which cannot be treated using the algorithms implemented in `gaussian_kde`. Consider performing principle component analysis / dimensionality reduction and using `gaussian_kde` with the transformed data.
13:58 bilby WARNING : Failed to create dynesty state plot at checkpoint
13:58 bilby WARNING : The data appears to lie in a lower-dimensional subspace of the space in which it is expressed. This has resulted in a singular data covariance matrix, which cannot be treated using the algorithms implemented in `gaussian_kde`. Consider performing principle component analysis / dimensionality reduction and using `gaussian_kde` with the transformed data.
13:58 bilby WARNING : Failed to create dynesty unit state plot at checkpoint
/ligo/home/ligo.org/pratyusava.baral/dispersion/dispersion_env/lib64/python3.11/site-packages/dynesty/plotting.py:252: RuntimeWarning: overflow encountered in exp
  np.exp(logwt), logz if logplot else np.exp(logz)
13:58 bilby WARNING : The data appears to lie in a lower-dimensional subspace of the space in which it is expressed. This has resulted in a singular data covariance matrix, which cannot be treated using the algorithms implemented in `gaussian_kde`. Consider performing principle component analysis / dimensionality reduction and using `gaussian_kde` with the transformed data.
13:58 bilby WARNING : Failed to create dynesty run plot at checkpoint
14:10 bilby INFO    : Written checkpoint file results/58/None_resume.pickle
/ligo/home/ligo.org/pratyusava.baral/dispersion/dispersion_env/lib64/python3.11/site-packages/dynesty/plotting.py:786: UserWarning: Attempting to set identical low and high ylims makes transformation singular; automatically expanding.
  ax.set_ylim([0., max(y0) * 1.05])
14:10 bilby WARNING : Too many bins for data range. Cannot create 500 finite-sized bins.
14:10 bilby WARNING : Failed to create dynesty state plot at checkpoint
/ligo/home/ligo.org/pratyusava.baral/dispersion/dispersion_env/lib64/python3.11/site-packages/dynesty/plotting.py:786: UserWarning: Attempting to set identical low and high ylims makes transformation singular; automatically expanding.
  ax.set_ylim([0., max(y0) * 1.05])
/ligo/home/ligo.org/pratyusava.baral/dispersion/dispersion_env/lib64/python3.11/site-packages/dynesty/plotting.py:252: RuntimeWarning: overflow encountered in exp
  np.exp(logwt), logz if logplot else np.exp(logz)
/ligo/home/ligo.org/pratyusava.baral/dispersion/dispersion_env/lib64/python3.11/site-packages/dynesty/plotting.py:282: RuntimeWarning: overflow encountered in exp
  zspan = (0., 1.05 * np.exp(logz[-1] + 3. * logzerr[-1]))
14:10 bilby WARNING : Axis limits cannot be NaN or Inf
14:10 bilby WARNING : Failed to create dynesty run plot at checkpoint
14:21 bilby INFO    : Written checkpoint file results/58/None_resume.pickle
/ligo/home/ligo.org/pratyusava.baral/dispersion/dispersion_env/lib64/python3.11/site-packages/dynesty/plotting.py:786: UserWarning: Attempting to set identical low and high ylims makes transformation singular; automatically expanding.
  ax.set_ylim([0., max(y0) * 1.05])
/ligo/home/ligo.org/pratyusava.baral/dispersion/dispersion_env/lib64/python3.11/site-packages/dynesty/plotting.py:749: UserWarning: Attempting to set identical low and high xlims makes transformation singular; automatically expanding.
  ax.set_xlim(span[i])
/ligo/home/ligo.org/pratyusava.baral/dispersion/dispersion_env/lib64/python3.11/site-packages/dynesty/plotting.py:786: UserWarning: Attempting to set identical low and high ylims makes transformation singular; automatically expanding.
  ax.set_ylim([0., max(y0) * 1.05])
/ligo/home/ligo.org/pratyusava.baral/dispersion/dispersion_env/lib64/python3.11/site-packages/dynesty/plotting.py:252: RuntimeWarning: overflow encountered in exp
  np.exp(logwt), logz if logplot else np.exp(logz)
/ligo/home/ligo.org/pratyusava.baral/dispersion/dispersion_env/lib64/python3.11/site-packages/dynesty/plotting.py:282: RuntimeWarning: overflow encountered in exp
  zspan = (0., 1.05 * np.exp(logz[-1] + 3. * logzerr[-1]))
14:22 bilby WARNING : Axis limits cannot be NaN or Inf
14:22 bilby WARNING : Failed to create dynesty run plot at checkpoint
14:32 bilby INFO    : Written checkpoint file results/58/None_resume.pickle
/ligo/home/ligo.org/pratyusava.baral/dispersion/dispersion_env/lib64/python3.11/site-packages/dynesty/plotting.py:786: UserWarning: Attempting to set identical low and high ylims makes transformation singular; automatically expanding.
  ax.set_ylim([0., max(y0) * 1.05])
/ligo/home/ligo.org/pratyusava.baral/dispersion/dispersion_env/lib64/python3.11/site-packages/dynesty/plotting.py:749: UserWarning: Attempting to set identical low and high xlims makes transformation singular; automatically expanding.
  ax.set_xlim(span[i])
/ligo/home/ligo.org/pratyusava.baral/dispersion/dispersion_env/lib64/python3.11/site-packages/dynesty/plotting.py:786: UserWarning: Attempting to set identical low and high ylims makes transformation singular; automatically expanding.
  ax.set_ylim([0., max(y0) * 1.05])
/ligo/home/ligo.org/pratyusava.baral/dispersion/dispersion_env/lib64/python3.11/site-packages/dynesty/plotting.py:252: RuntimeWarning: overflow encountered in exp
  np.exp(logwt), logz if logplot else np.exp(logz)
/ligo/home/ligo.org/pratyusava.baral/dispersion/dispersion_env/lib64/python3.11/site-packages/dynesty/plotting.py:282: RuntimeWarning: overflow encountered in exp
  zspan = (0., 1.05 * np.exp(logz[-1] + 3. * logzerr[-1]))
14:32 bilby WARNING : Axis limits cannot be NaN or Inf
14:32 bilby WARNING : Failed to create dynesty run plot at checkpoint
14:43 bilby INFO    : Written checkpoint file results/58/None_resume.pickle
/ligo/home/ligo.org/pratyusava.baral/dispersion/dispersion_env/lib64/python3.11/site-packages/dynesty/plotting.py:786: UserWarning: Attempting to set identical low and high ylims makes transformation singular; automatically expanding.
  ax.set_ylim([0., max(y0) * 1.05])
14:43 bilby WARNING : Too many bins for data range. Cannot create 500 finite-sized bins.
14:43 bilby WARNING : Failed to create dynesty state plot at checkpoint
/ligo/home/ligo.org/pratyusava.baral/dispersion/dispersion_env/lib64/python3.11/site-packages/dynesty/plotting.py:786: UserWarning: Attempting to set identical low and high ylims makes transformation singular; automatically expanding.
  ax.set_ylim([0., max(y0) * 1.05])
/ligo/home/ligo.org/pratyusava.baral/dispersion/dispersion_env/lib64/python3.11/site-packages/dynesty/plotting.py:252: RuntimeWarning: overflow encountered in exp
  np.exp(logwt), logz if logplot else np.exp(logz)
/ligo/home/ligo.org/pratyusava.baral/dispersion/dispersion_env/lib64/python3.11/site-packages/dynesty/plotting.py:282: RuntimeWarning: overflow encountered in exp
  zspan = (0., 1.05 * np.exp(logz[-1] + 3. * logzerr[-1]))
14:43 bilby WARNING : Axis limits cannot be NaN or Inf
14:43 bilby WARNING : Failed to create dynesty run plot at checkpoint
14:55 bilby INFO    : Written checkpoint file results/58/None_resume.pickle
/ligo/home/ligo.org/pratyusava.baral/dispersion/dispersion_env/lib64/python3.11/site-packages/dynesty/plotting.py:786: UserWarning: Attempting to set identical low and high ylims makes transformation singular; automatically expanding.
  ax.set_ylim([0., max(y0) * 1.05])
/ligo/home/ligo.org/pratyusava.baral/dispersion/dispersion_env/lib64/python3.11/site-packages/dynesty/plotting.py:749: UserWarning: Attempting to set identical low and high xlims makes transformation singular; automatically expanding.
  ax.set_xlim(span[i])
/ligo/home/ligo.org/pratyusava.baral/dispersion/dispersion_env/lib64/python3.11/site-packages/dynesty/plotting.py:786: UserWarning: Attempting to set identical low and high ylims makes transformation singular; automatically expanding.
  ax.set_ylim([0., max(y0) * 1.05])
/ligo/home/ligo.org/pratyusava.baral/dispersion/dispersion_env/lib64/python3.11/site-packages/dynesty/plotting.py:252: RuntimeWarning: overflow encountered in exp
  np.exp(logwt), logz if logplot else np.exp(logz)
/ligo/home/ligo.org/pratyusava.baral/dispersion/dispersion_env/lib64/python3.11/site-packages/dynesty/plotting.py:282: RuntimeWarning: overflow encountered in exp
  zspan = (0., 1.05 * np.exp(logz[-1] + 3. * logzerr[-1]))
14:55 bilby WARNING : Axis limits cannot be NaN or Inf
14:55 bilby WARNING : Failed to create dynesty run plot at checkpoint
15:10 bilby INFO    : Written checkpoint file results/58/None_resume.pickle
/ligo/home/ligo.org/pratyusava.baral/dispersion/dispersion_env/lib64/python3.11/site-packages/dynesty/plotting.py:786: UserWarning: Attempting to set identical low and high ylims makes transformation singular; automatically expanding.
  ax.set_ylim([0., max(y0) * 1.05])
15:10 bilby WARNING : Too many bins for data range. Cannot create 500 finite-sized bins.
15:10 bilby WARNING : Failed to create dynesty state plot at checkpoint
/ligo/home/ligo.org/pratyusava.baral/dispersion/dispersion_env/lib64/python3.11/site-packages/dynesty/plotting.py:786: UserWarning: Attempting to set identical low and high ylims makes transformation singular; automatically expanding.
  ax.set_ylim([0., max(y0) * 1.05])
/ligo/home/ligo.org/pratyusava.baral/dispersion/dispersion_env/lib64/python3.11/site-packages/dynesty/plotting.py:252: RuntimeWarning: overflow encountered in exp
  np.exp(logwt), logz if logplot else np.exp(logz)
/ligo/home/ligo.org/pratyusava.baral/dispersion/dispersion_env/lib64/python3.11/site-packages/dynesty/plotting.py:282: RuntimeWarning: overflow encountered in exp
  zspan = (0., 1.05 * np.exp(logz[-1] + 3. * logzerr[-1]))
15:10 bilby WARNING : Axis limits cannot be NaN or Inf
15:10 bilby WARNING : Failed to create dynesty run plot at checkpoint
15:24 bilby INFO    : Written checkpoint file results/58/None_resume.pickle
15:24 bilby WARNING : The data appears to lie in a lower-dimensional subspace of the space in which it is expressed. This has resulted in a singular data covariance matrix, which cannot be treated using the algorithms implemented in `gaussian_kde`. Consider performing principle component analysis / dimensionality reduction and using `gaussian_kde` with the transformed data.
15:24 bilby WARNING : Failed to create dynesty state plot at checkpoint
15:24 bilby WARNING : The data appears to lie in a lower-dimensional subspace of the space in which it is expressed. This has resulted in a singular data covariance matrix, which cannot be treated using the algorithms implemented in `gaussian_kde`. Consider performing principle component analysis / dimensionality reduction and using `gaussian_kde` with the transformed data.
15:24 bilby WARNING : Failed to create dynesty unit state plot at checkpoint
/ligo/home/ligo.org/pratyusava.baral/dispersion/dispersion_env/lib64/python3.11/site-packages/dynesty/plotting.py:252: RuntimeWarning: overflow encountered in exp
  np.exp(logwt), logz if logplot else np.exp(logz)
15:24 bilby WARNING : The data appears to lie in a lower-dimensional subspace of the space in which it is expressed. This has resulted in a singular data covariance matrix, which cannot be treated using the algorithms implemented in `gaussian_kde`. Consider performing principle component analysis / dimensionality reduction and using `gaussian_kde` with the transformed data.
15:24 bilby WARNING : Failed to create dynesty run plot at checkpoint
15:37 bilby INFO    : Written checkpoint file results/58/None_resume.pickle
/ligo/home/ligo.org/pratyusava.baral/dispersion/dispersion_env/lib64/python3.11/site-packages/dynesty/plotting.py:786: UserWarning: Attempting to set identical low and high ylims makes transformation singular; automatically expanding.
  ax.set_ylim([0., max(y0) * 1.05])
15:37 bilby WARNING : Too many bins for data range. Cannot create 500 finite-sized bins.
15:37 bilby WARNING : Failed to create dynesty state plot at checkpoint
/ligo/home/ligo.org/pratyusava.baral/dispersion/dispersion_env/lib64/python3.11/site-packages/dynesty/plotting.py:786: UserWarning: Attempting to set identical low and high ylims makes transformation singular; automatically expanding.
  ax.set_ylim([0., max(y0) * 1.05])
/ligo/home/ligo.org/pratyusava.baral/dispersion/dispersion_env/lib64/python3.11/site-packages/dynesty/plotting.py:252: RuntimeWarning: overflow encountered in exp
  np.exp(logwt), logz if logplot else np.exp(logz)
/ligo/home/ligo.org/pratyusava.baral/dispersion/dispersion_env/lib64/python3.11/site-packages/dynesty/plotting.py:282: RuntimeWarning: overflow encountered in exp
  zspan = (0., 1.05 * np.exp(logz[-1] + 3. * logzerr[-1]))
15:37 bilby WARNING : Axis limits cannot be NaN or Inf
15:37 bilby WARNING : Failed to create dynesty run plot at checkpoint
15:49 bilby INFO    : Written checkpoint file results/58/None_resume.pickle
/ligo/home/ligo.org/pratyusava.baral/dispersion/dispersion_env/lib64/python3.11/site-packages/dynesty/plotting.py:252: RuntimeWarning: overflow encountered in exp
  np.exp(logwt), logz if logplot else np.exp(logz)
/ligo/home/ligo.org/pratyusava.baral/dispersion/dispersion_env/lib64/python3.11/site-packages/dynesty/plotting.py:282: RuntimeWarning: overflow encountered in exp
  zspan = (0., 1.05 * np.exp(logz[-1] + 3. * logzerr[-1]))
15:50 bilby WARNING : Axis limits cannot be NaN or Inf
15:50 bilby WARNING : Failed to create dynesty run plot at checkpoint
16:02 bilby INFO    : Written checkpoint file results/58/None_resume.pickle
/ligo/home/ligo.org/pratyusava.baral/dispersion/dispersion_env/lib64/python3.11/site-packages/dynesty/plotting.py:252: RuntimeWarning: overflow encountered in exp
  np.exp(logwt), logz if logplot else np.exp(logz)
/ligo/home/ligo.org/pratyusava.baral/dispersion/dispersion_env/lib64/python3.11/site-packages/dynesty/plotting.py:282: RuntimeWarning: overflow encountered in exp
  zspan = (0., 1.05 * np.exp(logz[-1] + 3. * logzerr[-1]))
16:02 bilby WARNING : Axis limits cannot be NaN or Inf
16:02 bilby WARNING : Failed to create dynesty run plot at checkpoint
16:16 bilby INFO    : Written checkpoint file results/58/None_resume.pickle
/ligo/home/ligo.org/pratyusava.baral/dispersion/dispersion_env/lib64/python3.11/site-packages/dynesty/plotting.py:252: RuntimeWarning: overflow encountered in exp
  np.exp(logwt), logz if logplot else np.exp(logz)
/ligo/home/ligo.org/pratyusava.baral/dispersion/dispersion_env/lib64/python3.11/site-packages/dynesty/plotting.py:282: RuntimeWarning: overflow encountered in exp
  zspan = (0., 1.05 * np.exp(logz[-1] + 3. * logzerr[-1]))
16:16 bilby WARNING : Axis limits cannot be NaN or Inf
16:16 bilby WARNING : Failed to create dynesty run plot at checkpoint
16:27 bilby INFO    : Written checkpoint file results/58/None_resume.pickle
/ligo/home/ligo.org/pratyusava.baral/dispersion/dispersion_env/lib64/python3.11/site-packages/dynesty/plotting.py:786: UserWarning: Attempting to set identical low and high ylims makes transformation singular; automatically expanding.
  ax.set_ylim([0., max(y0) * 1.05])
16:27 bilby WARNING : Too many bins for data range. Cannot create 500 finite-sized bins.
16:27 bilby WARNING : Failed to create dynesty state plot at checkpoint
/ligo/home/ligo.org/pratyusava.baral/dispersion/dispersion_env/lib64/python3.11/site-packages/dynesty/plotting.py:786: UserWarning: Attempting to set identical low and high ylims makes transformation singular; automatically expanding.
  ax.set_ylim([0., max(y0) * 1.05])
/ligo/home/ligo.org/pratyusava.baral/dispersion/dispersion_env/lib64/python3.11/site-packages/dynesty/plotting.py:252: RuntimeWarning: overflow encountered in exp
  np.exp(logwt), logz if logplot else np.exp(logz)
/ligo/home/ligo.org/pratyusava.baral/dispersion/dispersion_env/lib64/python3.11/site-packages/dynesty/plotting.py:282: RuntimeWarning: overflow encountered in exp
  zspan = (0., 1.05 * np.exp(logz[-1] + 3. * logzerr[-1]))
16:28 bilby WARNING : Axis limits cannot be NaN or Inf
16:28 bilby WARNING : Failed to create dynesty run plot at checkpoint
16:41 bilby INFO    : Written checkpoint file results/58/None_resume.pickle
/ligo/home/ligo.org/pratyusava.baral/dispersion/dispersion_env/lib64/python3.11/site-packages/dynesty/plotting.py:786: UserWarning: Attempting to set identical low and high ylims makes transformation singular; automatically expanding.
  ax.set_ylim([0., max(y0) * 1.05])
16:41 bilby WARNING : Too many bins for data range. Cannot create 500 finite-sized bins.
16:41 bilby WARNING : Failed to create dynesty state plot at checkpoint
/ligo/home/ligo.org/pratyusava.baral/dispersion/dispersion_env/lib64/python3.11/site-packages/dynesty/plotting.py:786: UserWarning: Attempting to set identical low and high ylims makes transformation singular; automatically expanding.
  ax.set_ylim([0., max(y0) * 1.05])
/ligo/home/ligo.org/pratyusava.baral/dispersion/dispersion_env/lib64/python3.11/site-packages/dynesty/plotting.py:252: RuntimeWarning: overflow encountered in exp
  np.exp(logwt), logz if logplot else np.exp(logz)
/ligo/home/ligo.org/pratyusava.baral/dispersion/dispersion_env/lib64/python3.11/site-packages/dynesty/plotting.py:282: RuntimeWarning: overflow encountered in exp
  zspan = (0., 1.05 * np.exp(logz[-1] + 3. * logzerr[-1]))
16:41 bilby WARNING : Axis limits cannot be NaN or Inf
16:41 bilby WARNING : Failed to create dynesty run plot at checkpoint
16:52 bilby INFO    : Written checkpoint file results/58/None_resume.pickle
/ligo/home/ligo.org/pratyusava.baral/dispersion/dispersion_env/lib64/python3.11/site-packages/dynesty/plotting.py:786: UserWarning: Attempting to set identical low and high ylims makes transformation singular; automatically expanding.
  ax.set_ylim([0., max(y0) * 1.05])
16:52 bilby WARNING : Too many bins for data range. Cannot create 500 finite-sized bins.
16:52 bilby WARNING : Failed to create dynesty state plot at checkpoint
/ligo/home/ligo.org/pratyusava.baral/dispersion/dispersion_env/lib64/python3.11/site-packages/dynesty/plotting.py:786: UserWarning: Attempting to set identical low and high ylims makes transformation singular; automatically expanding.
  ax.set_ylim([0., max(y0) * 1.05])
/ligo/home/ligo.org/pratyusava.baral/dispersion/dispersion_env/lib64/python3.11/site-packages/dynesty/plotting.py:252: RuntimeWarning: overflow encountered in exp
  np.exp(logwt), logz if logplot else np.exp(logz)
/ligo/home/ligo.org/pratyusava.baral/dispersion/dispersion_env/lib64/python3.11/site-packages/dynesty/plotting.py:282: RuntimeWarning: overflow encountered in exp
  zspan = (0., 1.05 * np.exp(logz[-1] + 3. * logzerr[-1]))
16:52 bilby WARNING : Axis limits cannot be NaN or Inf
16:52 bilby WARNING : Failed to create dynesty run plot at checkpoint
17:04 bilby INFO    : Written checkpoint file results/58/None_resume.pickle
/ligo/home/ligo.org/pratyusava.baral/dispersion/dispersion_env/lib64/python3.11/site-packages/dynesty/plotting.py:252: RuntimeWarning: overflow encountered in exp
  np.exp(logwt), logz if logplot else np.exp(logz)
/ligo/home/ligo.org/pratyusava.baral/dispersion/dispersion_env/lib64/python3.11/site-packages/dynesty/plotting.py:282: RuntimeWarning: overflow encountered in exp
  zspan = (0., 1.05 * np.exp(logz[-1] + 3. * logzerr[-1]))
17:04 bilby WARNING : Axis limits cannot be NaN or Inf
17:04 bilby WARNING : Failed to create dynesty run plot at checkpoint
17:16 bilby INFO    : Written checkpoint file results/58/None_resume.pickle
/ligo/home/ligo.org/pratyusava.baral/dispersion/dispersion_env/lib64/python3.11/site-packages/dynesty/plotting.py:252: RuntimeWarning: overflow encountered in exp
  np.exp(logwt), logz if logplot else np.exp(logz)
/ligo/home/ligo.org/pratyusava.baral/dispersion/dispersion_env/lib64/python3.11/site-packages/dynesty/plotting.py:282: RuntimeWarning: overflow encountered in exp
  zspan = (0., 1.05 * np.exp(logz[-1] + 3. * logzerr[-1]))
17:16 bilby WARNING : Axis limits cannot be NaN or Inf
17:16 bilby WARNING : Failed to create dynesty run plot at checkpoint
17:27 bilby INFO    : Written checkpoint file results/58/None_resume.pickle
/ligo/home/ligo.org/pratyusava.baral/dispersion/dispersion_env/lib64/python3.11/site-packages/dynesty/plotting.py:252: RuntimeWarning: overflow encountered in exp
  np.exp(logwt), logz if logplot else np.exp(logz)
/ligo/home/ligo.org/pratyusava.baral/dispersion/dispersion_env/lib64/python3.11/site-packages/dynesty/plotting.py:282: RuntimeWarning: overflow encountered in exp
  zspan = (0., 1.05 * np.exp(logz[-1] + 3. * logzerr[-1]))
17:27 bilby WARNING : Axis limits cannot be NaN or Inf
17:27 bilby WARNING : Failed to create dynesty run plot at checkpoint
17:39 bilby INFO    : Written checkpoint file results/58/None_resume.pickle
/ligo/home/ligo.org/pratyusava.baral/dispersion/dispersion_env/lib64/python3.11/site-packages/dynesty/plotting.py:252: RuntimeWarning: overflow encountered in exp
  np.exp(logwt), logz if logplot else np.exp(logz)
/ligo/home/ligo.org/pratyusava.baral/dispersion/dispersion_env/lib64/python3.11/site-packages/dynesty/plotting.py:282: RuntimeWarning: overflow encountered in exp
  zspan = (0., 1.05 * np.exp(logz[-1] + 3. * logzerr[-1]))
17:39 bilby WARNING : Axis limits cannot be NaN or Inf
17:39 bilby WARNING : Failed to create dynesty run plot at checkpoint
17:50 bilby INFO    : Written checkpoint file results/58/None_resume.pickle
/ligo/home/ligo.org/pratyusava.baral/dispersion/dispersion_env/lib64/python3.11/site-packages/dynesty/plotting.py:252: RuntimeWarning: overflow encountered in exp
  np.exp(logwt), logz if logplot else np.exp(logz)
/ligo/home/ligo.org/pratyusava.baral/dispersion/dispersion_env/lib64/python3.11/site-packages/dynesty/plotting.py:282: RuntimeWarning: overflow encountered in exp
  zspan = (0., 1.05 * np.exp(logz[-1] + 3. * logzerr[-1]))
17:50 bilby WARNING : Axis limits cannot be NaN or Inf
17:50 bilby WARNING : Failed to create dynesty run plot at checkpoint
18:03 bilby INFO    : Written checkpoint file results/58/None_resume.pickle
/ligo/home/ligo.org/pratyusava.baral/dispersion/dispersion_env/lib64/python3.11/site-packages/dynesty/plotting.py:252: RuntimeWarning: overflow encountered in exp
  np.exp(logwt), logz if logplot else np.exp(logz)
/ligo/home/ligo.org/pratyusava.baral/dispersion/dispersion_env/lib64/python3.11/site-packages/dynesty/plotting.py:282: RuntimeWarning: overflow encountered in exp
  zspan = (0., 1.05 * np.exp(logz[-1] + 3. * logzerr[-1]))
18:04 bilby WARNING : Axis limits cannot be NaN or Inf
18:04 bilby WARNING : Failed to create dynesty run plot at checkpoint
18:14 bilby INFO    : Written checkpoint file results/58/None_resume.pickle
/ligo/home/ligo.org/pratyusava.baral/dispersion/dispersion_env/lib64/python3.11/site-packages/dynesty/plotting.py:252: RuntimeWarning: overflow encountered in exp
  np.exp(logwt), logz if logplot else np.exp(logz)
/ligo/home/ligo.org/pratyusava.baral/dispersion/dispersion_env/lib64/python3.11/site-packages/dynesty/plotting.py:282: RuntimeWarning: overflow encountered in exp
  zspan = (0., 1.05 * np.exp(logz[-1] + 3. * logzerr[-1]))
18:15 bilby WARNING : Axis limits cannot be NaN or Inf
18:15 bilby WARNING : Failed to create dynesty run plot at checkpoint
18:25 bilby INFO    : Written checkpoint file results/58/None_resume.pickle
/ligo/home/ligo.org/pratyusava.baral/dispersion/dispersion_env/lib64/python3.11/site-packages/dynesty/plotting.py:252: RuntimeWarning: overflow encountered in exp
  np.exp(logwt), logz if logplot else np.exp(logz)
/ligo/home/ligo.org/pratyusava.baral/dispersion/dispersion_env/lib64/python3.11/site-packages/dynesty/plotting.py:282: RuntimeWarning: overflow encountered in exp
  zspan = (0., 1.05 * np.exp(logz[-1] + 3. * logzerr[-1]))
18:25 bilby WARNING : Axis limits cannot be NaN or Inf
18:25 bilby WARNING : Failed to create dynesty run plot at checkpoint
18:39 bilby INFO    : Written checkpoint file results/58/None_resume.pickle
/ligo/home/ligo.org/pratyusava.baral/dispersion/dispersion_env/lib64/python3.11/site-packages/dynesty/plotting.py:252: RuntimeWarning: overflow encountered in exp
  np.exp(logwt), logz if logplot else np.exp(logz)
/ligo/home/ligo.org/pratyusava.baral/dispersion/dispersion_env/lib64/python3.11/site-packages/dynesty/plotting.py:282: RuntimeWarning: overflow encountered in exp
  zspan = (0., 1.05 * np.exp(logz[-1] + 3. * logzerr[-1]))
18:40 bilby WARNING : Axis limits cannot be NaN or Inf
18:40 bilby WARNING : Failed to create dynesty run plot at checkpoint
18:53 bilby INFO    : Written checkpoint file results/58/None_resume.pickle
/ligo/home/ligo.org/pratyusava.baral/dispersion/dispersion_env/lib64/python3.11/site-packages/dynesty/plotting.py:252: RuntimeWarning: overflow encountered in exp
  np.exp(logwt), logz if logplot else np.exp(logz)
/ligo/home/ligo.org/pratyusava.baral/dispersion/dispersion_env/lib64/python3.11/site-packages/dynesty/plotting.py:282: RuntimeWarning: overflow encountered in exp
  zspan = (0., 1.05 * np.exp(logz[-1] + 3. * logzerr[-1]))
18:53 bilby WARNING : Axis limits cannot be NaN or Inf
18:53 bilby WARNING : Failed to create dynesty run plot at checkpoint
19:04 bilby INFO    : Written checkpoint file results/58/None_resume.pickle
/ligo/home/ligo.org/pratyusava.baral/dispersion/dispersion_env/lib64/python3.11/site-packages/dynesty/plotting.py:252: RuntimeWarning: overflow encountered in exp
  np.exp(logwt), logz if logplot else np.exp(logz)
/ligo/home/ligo.org/pratyusava.baral/dispersion/dispersion_env/lib64/python3.11/site-packages/dynesty/plotting.py:282: RuntimeWarning: overflow encountered in exp
  zspan = (0., 1.05 * np.exp(logz[-1] + 3. * logzerr[-1]))
19:04 bilby WARNING : Axis limits cannot be NaN or Inf
19:04 bilby WARNING : Failed to create dynesty run plot at checkpoint
19:15 bilby INFO    : Written checkpoint file results/58/None_resume.pickle
/ligo/home/ligo.org/pratyusava.baral/dispersion/dispersion_env/lib64/python3.11/site-packages/dynesty/plotting.py:252: RuntimeWarning: overflow encountered in exp
  np.exp(logwt), logz if logplot else np.exp(logz)
/ligo/home/ligo.org/pratyusava.baral/dispersion/dispersion_env/lib64/python3.11/site-packages/dynesty/plotting.py:282: RuntimeWarning: overflow encountered in exp
  zspan = (0., 1.05 * np.exp(logz[-1] + 3. * logzerr[-1]))
19:16 bilby WARNING : Axis limits cannot be NaN or Inf
19:16 bilby WARNING : Failed to create dynesty run plot at checkpoint
19:28 bilby INFO    : Written checkpoint file results/58/None_resume.pickle
/ligo/home/ligo.org/pratyusava.baral/dispersion/dispersion_env/lib64/python3.11/site-packages/dynesty/plotting.py:252: RuntimeWarning: overflow encountered in exp
  np.exp(logwt), logz if logplot else np.exp(logz)
/ligo/home/ligo.org/pratyusava.baral/dispersion/dispersion_env/lib64/python3.11/site-packages/dynesty/plotting.py:282: RuntimeWarning: overflow encountered in exp
  zspan = (0., 1.05 * np.exp(logz[-1] + 3. * logzerr[-1]))
19:29 bilby WARNING : Axis limits cannot be NaN or Inf
19:29 bilby WARNING : Failed to create dynesty run plot at checkpoint
19:42 bilby INFO    : Written checkpoint file results/58/None_resume.pickle
/ligo/home/ligo.org/pratyusava.baral/dispersion/dispersion_env/lib64/python3.11/site-packages/dynesty/plotting.py:252: RuntimeWarning: overflow encountered in exp
  np.exp(logwt), logz if logplot else np.exp(logz)
/ligo/home/ligo.org/pratyusava.baral/dispersion/dispersion_env/lib64/python3.11/site-packages/dynesty/plotting.py:282: RuntimeWarning: overflow encountered in exp
  zspan = (0., 1.05 * np.exp(logz[-1] + 3. * logzerr[-1]))
19:42 bilby WARNING : Axis limits cannot be NaN or Inf
19:42 bilby WARNING : Failed to create dynesty run plot at checkpoint
19:53 bilby INFO    : Written checkpoint file results/58/None_resume.pickle
19:53 bilby WARNING : The data appears to lie in a lower-dimensional subspace of the space in which it is expressed. This has resulted in a singular data covariance matrix, which cannot be treated using the algorithms implemented in `gaussian_kde`. Consider performing principle component analysis / dimensionality reduction and using `gaussian_kde` with the transformed data.
19:53 bilby WARNING : Failed to create dynesty state plot at checkpoint
19:53 bilby WARNING : The data appears to lie in a lower-dimensional subspace of the space in which it is expressed. This has resulted in a singular data covariance matrix, which cannot be treated using the algorithms implemented in `gaussian_kde`. Consider performing principle component analysis / dimensionality reduction and using `gaussian_kde` with the transformed data.
19:53 bilby WARNING : Failed to create dynesty unit state plot at checkpoint
/ligo/home/ligo.org/pratyusava.baral/dispersion/dispersion_env/lib64/python3.11/site-packages/dynesty/plotting.py:252: RuntimeWarning: overflow encountered in exp
  np.exp(logwt), logz if logplot else np.exp(logz)
19:53 bilby WARNING : The data appears to lie in a lower-dimensional subspace of the space in which it is expressed. This has resulted in a singular data covariance matrix, which cannot be treated using the algorithms implemented in `gaussian_kde`. Consider performing principle component analysis / dimensionality reduction and using `gaussian_kde` with the transformed data.
19:53 bilby WARNING : Failed to create dynesty run plot at checkpoint
20:06 bilby INFO    : Written checkpoint file results/58/None_resume.pickle
/ligo/home/ligo.org/pratyusava.baral/dispersion/dispersion_env/lib64/python3.11/site-packages/dynesty/plotting.py:786: UserWarning: Attempting to set identical low and high ylims makes transformation singular; automatically expanding.
  ax.set_ylim([0., max(y0) * 1.05])
20:06 bilby WARNING : Too many bins for data range. Cannot create 500 finite-sized bins.
20:06 bilby WARNING : Failed to create dynesty state plot at checkpoint
/ligo/home/ligo.org/pratyusava.baral/dispersion/dispersion_env/lib64/python3.11/site-packages/dynesty/plotting.py:786: UserWarning: Attempting to set identical low and high ylims makes transformation singular; automatically expanding.
  ax.set_ylim([0., max(y0) * 1.05])
/ligo/home/ligo.org/pratyusava.baral/dispersion/dispersion_env/lib64/python3.11/site-packages/dynesty/plotting.py:252: RuntimeWarning: overflow encountered in exp
  np.exp(logwt), logz if logplot else np.exp(logz)
/ligo/home/ligo.org/pratyusava.baral/dispersion/dispersion_env/lib64/python3.11/site-packages/dynesty/plotting.py:282: RuntimeWarning: overflow encountered in exp
  zspan = (0., 1.05 * np.exp(logz[-1] + 3. * logzerr[-1]))
20:07 bilby WARNING : Axis limits cannot be NaN or Inf
20:07 bilby WARNING : Failed to create dynesty run plot at checkpoint
20:21 bilby INFO    : Written checkpoint file results/58/None_resume.pickle
20:21 bilby WARNING : The data appears to lie in a lower-dimensional subspace of the space in which it is expressed. This has resulted in a singular data covariance matrix, which cannot be treated using the algorithms implemented in `gaussian_kde`. Consider performing principle component analysis / dimensionality reduction and using `gaussian_kde` with the transformed data.
20:21 bilby WARNING : Failed to create dynesty state plot at checkpoint
20:21 bilby WARNING : The data appears to lie in a lower-dimensional subspace of the space in which it is expressed. This has resulted in a singular data covariance matrix, which cannot be treated using the algorithms implemented in `gaussian_kde`. Consider performing principle component analysis / dimensionality reduction and using `gaussian_kde` with the transformed data.
20:21 bilby WARNING : Failed to create dynesty unit state plot at checkpoint
/ligo/home/ligo.org/pratyusava.baral/dispersion/dispersion_env/lib64/python3.11/site-packages/dynesty/plotting.py:252: RuntimeWarning: overflow encountered in exp
  np.exp(logwt), logz if logplot else np.exp(logz)
20:21 bilby WARNING : The data appears to lie in a lower-dimensional subspace of the space in which it is expressed. This has resulted in a singular data covariance matrix, which cannot be treated using the algorithms implemented in `gaussian_kde`. Consider performing principle component analysis / dimensionality reduction and using `gaussian_kde` with the transformed data.
20:21 bilby WARNING : Failed to create dynesty run plot at checkpoint
20:33 bilby INFO    : Written checkpoint file results/58/None_resume.pickle
20:33 bilby WARNING : The data appears to lie in a lower-dimensional subspace of the space in which it is expressed. This has resulted in a singular data covariance matrix, which cannot be treated using the algorithms implemented in `gaussian_kde`. Consider performing principle component analysis / dimensionality reduction and using `gaussian_kde` with the transformed data.
20:33 bilby WARNING : Failed to create dynesty state plot at checkpoint
20:33 bilby WARNING : The data appears to lie in a lower-dimensional subspace of the space in which it is expressed. This has resulted in a singular data covariance matrix, which cannot be treated using the algorithms implemented in `gaussian_kde`. Consider performing principle component analysis / dimensionality reduction and using `gaussian_kde` with the transformed data.
20:33 bilby WARNING : Failed to create dynesty unit state plot at checkpoint
/ligo/home/ligo.org/pratyusava.baral/dispersion/dispersion_env/lib64/python3.11/site-packages/dynesty/plotting.py:252: RuntimeWarning: overflow encountered in exp
  np.exp(logwt), logz if logplot else np.exp(logz)
20:33 bilby WARNING : The data appears to lie in a lower-dimensional subspace of the space in which it is expressed. This has resulted in a singular data covariance matrix, which cannot be treated using the algorithms implemented in `gaussian_kde`. Consider performing principle component analysis / dimensionality reduction and using `gaussian_kde` with the transformed data.
20:33 bilby WARNING : Failed to create dynesty run plot at checkpoint
20:47 bilby INFO    : Written checkpoint file results/58/None_resume.pickle
/ligo/home/ligo.org/pratyusava.baral/dispersion/dispersion_env/lib64/python3.11/site-packages/dynesty/plotting.py:786: UserWarning: Attempting to set identical low and high ylims makes transformation singular; automatically expanding.
  ax.set_ylim([0., max(y0) * 1.05])
/ligo/home/ligo.org/pratyusava.baral/dispersion/dispersion_env/lib64/python3.11/site-packages/dynesty/plotting.py:749: UserWarning: Attempting to set identical low and high xlims makes transformation singular; automatically expanding.
  ax.set_xlim(span[i])
/ligo/home/ligo.org/pratyusava.baral/dispersion/dispersion_env/lib64/python3.11/site-packages/dynesty/plotting.py:786: UserWarning: Attempting to set identical low and high ylims makes transformation singular; automatically expanding.
  ax.set_ylim([0., max(y0) * 1.05])
/ligo/home/ligo.org/pratyusava.baral/dispersion/dispersion_env/lib64/python3.11/site-packages/dynesty/plotting.py:252: RuntimeWarning: overflow encountered in exp
  np.exp(logwt), logz if logplot else np.exp(logz)
/ligo/home/ligo.org/pratyusava.baral/dispersion/dispersion_env/lib64/python3.11/site-packages/dynesty/plotting.py:282: RuntimeWarning: overflow encountered in exp
  zspan = (0., 1.05 * np.exp(logz[-1] + 3. * logzerr[-1]))
20:47 bilby WARNING : Axis limits cannot be NaN or Inf
20:47 bilby WARNING : Failed to create dynesty run plot at checkpoint
20:58 bilby INFO    : Written checkpoint file results/58/None_resume.pickle
/ligo/home/ligo.org/pratyusava.baral/dispersion/dispersion_env/lib64/python3.11/site-packages/dynesty/plotting.py:786: UserWarning: Attempting to set identical low and high ylims makes transformation singular; automatically expanding.
  ax.set_ylim([0., max(y0) * 1.05])
20:58 bilby WARNING : Too many bins for data range. Cannot create 500 finite-sized bins.
20:58 bilby WARNING : Failed to create dynesty state plot at checkpoint
/ligo/home/ligo.org/pratyusava.baral/dispersion/dispersion_env/lib64/python3.11/site-packages/dynesty/plotting.py:786: UserWarning: Attempting to set identical low and high ylims makes transformation singular; automatically expanding.
  ax.set_ylim([0., max(y0) * 1.05])
/ligo/home/ligo.org/pratyusava.baral/dispersion/dispersion_env/lib64/python3.11/site-packages/dynesty/plotting.py:252: RuntimeWarning: overflow encountered in exp
  np.exp(logwt), logz if logplot else np.exp(logz)
/ligo/home/ligo.org/pratyusava.baral/dispersion/dispersion_env/lib64/python3.11/site-packages/dynesty/plotting.py:282: RuntimeWarning: overflow encountered in exp
  zspan = (0., 1.05 * np.exp(logz[-1] + 3. * logzerr[-1]))
20:58 bilby WARNING : Axis limits cannot be NaN or Inf
20:58 bilby WARNING : Failed to create dynesty run plot at checkpoint
21:08 bilby INFO    : Written checkpoint file results/58/None_resume.pickle
/ligo/home/ligo.org/pratyusava.baral/dispersion/dispersion_env/lib64/python3.11/site-packages/dynesty/plotting.py:786: UserWarning: Attempting to set identical low and high ylims makes transformation singular; automatically expanding.
  ax.set_ylim([0., max(y0) * 1.05])
/ligo/home/ligo.org/pratyusava.baral/dispersion/dispersion_env/lib64/python3.11/site-packages/dynesty/plotting.py:749: UserWarning: Attempting to set identical low and high xlims makes transformation singular; automatically expanding.
  ax.set_xlim(span[i])
/ligo/home/ligo.org/pratyusava.baral/dispersion/dispersion_env/lib64/python3.11/site-packages/dynesty/plotting.py:786: UserWarning: Attempting to set identical low and high ylims makes transformation singular; automatically expanding.
  ax.set_ylim([0., max(y0) * 1.05])
/ligo/home/ligo.org/pratyusava.baral/dispersion/dispersion_env/lib64/python3.11/site-packages/dynesty/plotting.py:252: RuntimeWarning: overflow encountered in exp
  np.exp(logwt), logz if logplot else np.exp(logz)
/ligo/home/ligo.org/pratyusava.baral/dispersion/dispersion_env/lib64/python3.11/site-packages/dynesty/plotting.py:282: RuntimeWarning: overflow encountered in exp
  zspan = (0., 1.05 * np.exp(logz[-1] + 3. * logzerr[-1]))
21:08 bilby WARNING : Axis limits cannot be NaN or Inf
21:08 bilby WARNING : Failed to create dynesty run plot at checkpoint
21:19 bilby INFO    : Written checkpoint file results/58/None_resume.pickle
/ligo/home/ligo.org/pratyusava.baral/dispersion/dispersion_env/lib64/python3.11/site-packages/dynesty/plotting.py:786: UserWarning: Attempting to set identical low and high ylims makes transformation singular; automatically expanding.
  ax.set_ylim([0., max(y0) * 1.05])
21:19 bilby WARNING : Too many bins for data range. Cannot create 500 finite-sized bins.
21:19 bilby WARNING : Failed to create dynesty state plot at checkpoint
/ligo/home/ligo.org/pratyusava.baral/dispersion/dispersion_env/lib64/python3.11/site-packages/dynesty/plotting.py:786: UserWarning: Attempting to set identical low and high ylims makes transformation singular; automatically expanding.
  ax.set_ylim([0., max(y0) * 1.05])
/ligo/home/ligo.org/pratyusava.baral/dispersion/dispersion_env/lib64/python3.11/site-packages/dynesty/plotting.py:252: RuntimeWarning: overflow encountered in exp
  np.exp(logwt), logz if logplot else np.exp(logz)
/ligo/home/ligo.org/pratyusava.baral/dispersion/dispersion_env/lib64/python3.11/site-packages/dynesty/plotting.py:282: RuntimeWarning: overflow encountered in exp
  zspan = (0., 1.05 * np.exp(logz[-1] + 3. * logzerr[-1]))
21:19 bilby WARNING : Axis limits cannot be NaN or Inf
21:19 bilby WARNING : Failed to create dynesty run plot at checkpoint
21:30 bilby INFO    : Written checkpoint file results/58/None_resume.pickle
21:30 bilby WARNING : The data appears to lie in a lower-dimensional subspace of the space in which it is expressed. This has resulted in a singular data covariance matrix, which cannot be treated using the algorithms implemented in `gaussian_kde`. Consider performing principle component analysis / dimensionality reduction and using `gaussian_kde` with the transformed data.
21:30 bilby WARNING : Failed to create dynesty state plot at checkpoint
21:30 bilby WARNING : The data appears to lie in a lower-dimensional subspace of the space in which it is expressed. This has resulted in a singular data covariance matrix, which cannot be treated using the algorithms implemented in `gaussian_kde`. Consider performing principle component analysis / dimensionality reduction and using `gaussian_kde` with the transformed data.
21:30 bilby WARNING : Failed to create dynesty unit state plot at checkpoint
/ligo/home/ligo.org/pratyusava.baral/dispersion/dispersion_env/lib64/python3.11/site-packages/dynesty/plotting.py:252: RuntimeWarning: overflow encountered in exp
  np.exp(logwt), logz if logplot else np.exp(logz)
21:30 bilby WARNING : The data appears to lie in a lower-dimensional subspace of the space in which it is expressed. This has resulted in a singular data covariance matrix, which cannot be treated using the algorithms implemented in `gaussian_kde`. Consider performing principle component analysis / dimensionality reduction and using `gaussian_kde` with the transformed data.
21:30 bilby WARNING : Failed to create dynesty run plot at checkpoint
21:43 bilby INFO    : Written checkpoint file results/58/None_resume.pickle
21:43 bilby WARNING : Too many bins for data range. Cannot create 500 finite-sized bins.
21:43 bilby WARNING : Failed to create dynesty state plot at checkpoint
/ligo/home/ligo.org/pratyusava.baral/dispersion/dispersion_env/lib64/python3.11/site-packages/dynesty/plotting.py:252: RuntimeWarning: overflow encountered in exp
  np.exp(logwt), logz if logplot else np.exp(logz)
/ligo/home/ligo.org/pratyusava.baral/dispersion/dispersion_env/lib64/python3.11/site-packages/dynesty/plotting.py:282: RuntimeWarning: overflow encountered in exp
  zspan = (0., 1.05 * np.exp(logz[-1] + 3. * logzerr[-1]))
21:43 bilby WARNING : Axis limits cannot be NaN or Inf
21:43 bilby WARNING : Failed to create dynesty run plot at checkpoint
21:54 bilby INFO    : Written checkpoint file results/58/None_resume.pickle
/ligo/home/ligo.org/pratyusava.baral/dispersion/dispersion_env/lib64/python3.11/site-packages/dynesty/plotting.py:252: RuntimeWarning: overflow encountered in exp
  np.exp(logwt), logz if logplot else np.exp(logz)
/ligo/home/ligo.org/pratyusava.baral/dispersion/dispersion_env/lib64/python3.11/site-packages/dynesty/plotting.py:282: RuntimeWarning: overflow encountered in exp
  zspan = (0., 1.05 * np.exp(logz[-1] + 3. * logzerr[-1]))
21:54 bilby WARNING : Axis limits cannot be NaN or Inf
21:54 bilby WARNING : Failed to create dynesty run plot at checkpoint
22:10 bilby INFO    : Written checkpoint file results/58/None_resume.pickle
/ligo/home/ligo.org/pratyusava.baral/dispersion/dispersion_env/lib64/python3.11/site-packages/dynesty/plotting.py:786: UserWarning: Attempting to set identical low and high ylims makes transformation singular; automatically expanding.
  ax.set_ylim([0., max(y0) * 1.05])
/ligo/home/ligo.org/pratyusava.baral/dispersion/dispersion_env/lib64/python3.11/site-packages/dynesty/plotting.py:749: UserWarning: Attempting to set identical low and high xlims makes transformation singular; automatically expanding.
  ax.set_xlim(span[i])
/ligo/home/ligo.org/pratyusava.baral/dispersion/dispersion_env/lib64/python3.11/site-packages/dynesty/plotting.py:786: UserWarning: Attempting to set identical low and high ylims makes transformation singular; automatically expanding.
  ax.set_ylim([0., max(y0) * 1.05])
/ligo/home/ligo.org/pratyusava.baral/dispersion/dispersion_env/lib64/python3.11/site-packages/dynesty/plotting.py:252: RuntimeWarning: overflow encountered in exp
  np.exp(logwt), logz if logplot else np.exp(logz)
/ligo/home/ligo.org/pratyusava.baral/dispersion/dispersion_env/lib64/python3.11/site-packages/dynesty/plotting.py:282: RuntimeWarning: overflow encountered in exp
  zspan = (0., 1.05 * np.exp(logz[-1] + 3. * logzerr[-1]))
22:11 bilby WARNING : Axis limits cannot be NaN or Inf
22:11 bilby WARNING : Failed to create dynesty run plot at checkpoint
22:25 bilby INFO    : Written checkpoint file results/58/None_resume.pickle
/ligo/home/ligo.org/pratyusava.baral/dispersion/dispersion_env/lib64/python3.11/site-packages/dynesty/plotting.py:786: UserWarning: Attempting to set identical low and high ylims makes transformation singular; automatically expanding.
  ax.set_ylim([0., max(y0) * 1.05])
/ligo/home/ligo.org/pratyusava.baral/dispersion/dispersion_env/lib64/python3.11/site-packages/dynesty/plotting.py:749: UserWarning: Attempting to set identical low and high xlims makes transformation singular; automatically expanding.
  ax.set_xlim(span[i])
/ligo/home/ligo.org/pratyusava.baral/dispersion/dispersion_env/lib64/python3.11/site-packages/dynesty/plotting.py:786: UserWarning: Attempting to set identical low and high ylims makes transformation singular; automatically expanding.
  ax.set_ylim([0., max(y0) * 1.05])
/ligo/home/ligo.org/pratyusava.baral/dispersion/dispersion_env/lib64/python3.11/site-packages/dynesty/plotting.py:252: RuntimeWarning: overflow encountered in exp
  np.exp(logwt), logz if logplot else np.exp(logz)
/ligo/home/ligo.org/pratyusava.baral/dispersion/dispersion_env/lib64/python3.11/site-packages/dynesty/plotting.py:282: RuntimeWarning: overflow encountered in exp
  zspan = (0., 1.05 * np.exp(logz[-1] + 3. * logzerr[-1]))
22:25 bilby WARNING : Axis limits cannot be NaN or Inf
22:25 bilby WARNING : Failed to create dynesty run plot at checkpoint
22:36 bilby INFO    : Written checkpoint file results/58/None_resume.pickle
22:36 bilby WARNING : The data appears to lie in a lower-dimensional subspace of the space in which it is expressed. This has resulted in a singular data covariance matrix, which cannot be treated using the algorithms implemented in `gaussian_kde`. Consider performing principle component analysis / dimensionality reduction and using `gaussian_kde` with the transformed data.
22:36 bilby WARNING : Failed to create dynesty state plot at checkpoint
22:36 bilby WARNING : The data appears to lie in a lower-dimensional subspace of the space in which it is expressed. This has resulted in a singular data covariance matrix, which cannot be treated using the algorithms implemented in `gaussian_kde`. Consider performing principle component analysis / dimensionality reduction and using `gaussian_kde` with the transformed data.
22:36 bilby WARNING : Failed to create dynesty unit state plot at checkpoint
/ligo/home/ligo.org/pratyusava.baral/dispersion/dispersion_env/lib64/python3.11/site-packages/dynesty/plotting.py:252: RuntimeWarning: overflow encountered in exp
  np.exp(logwt), logz if logplot else np.exp(logz)
22:36 bilby WARNING : The data appears to lie in a lower-dimensional subspace of the space in which it is expressed. This has resulted in a singular data covariance matrix, which cannot be treated using the algorithms implemented in `gaussian_kde`. Consider performing principle component analysis / dimensionality reduction and using `gaussian_kde` with the transformed data.
22:36 bilby WARNING : Failed to create dynesty run plot at checkpoint
22:50 bilby INFO    : Written checkpoint file results/58/None_resume.pickle
/ligo/home/ligo.org/pratyusava.baral/dispersion/dispersion_env/lib64/python3.11/site-packages/dynesty/plotting.py:786: UserWarning: Attempting to set identical low and high ylims makes transformation singular; automatically expanding.
  ax.set_ylim([0., max(y0) * 1.05])
22:51 bilby WARNING : Too many bins for data range. Cannot create 500 finite-sized bins.
22:51 bilby WARNING : Failed to create dynesty state plot at checkpoint
/ligo/home/ligo.org/pratyusava.baral/dispersion/dispersion_env/lib64/python3.11/site-packages/dynesty/plotting.py:786: UserWarning: Attempting to set identical low and high ylims makes transformation singular; automatically expanding.
  ax.set_ylim([0., max(y0) * 1.05])
/ligo/home/ligo.org/pratyusava.baral/dispersion/dispersion_env/lib64/python3.11/site-packages/dynesty/plotting.py:252: RuntimeWarning: overflow encountered in exp
  np.exp(logwt), logz if logplot else np.exp(logz)
/ligo/home/ligo.org/pratyusava.baral/dispersion/dispersion_env/lib64/python3.11/site-packages/dynesty/plotting.py:282: RuntimeWarning: overflow encountered in exp
  zspan = (0., 1.05 * np.exp(logz[-1] + 3. * logzerr[-1]))
22:51 bilby WARNING : Axis limits cannot be NaN or Inf
22:51 bilby WARNING : Failed to create dynesty run plot at checkpoint
23:07 bilby INFO    : Written checkpoint file results/58/None_resume.pickle
/ligo/home/ligo.org/pratyusava.baral/dispersion/dispersion_env/lib64/python3.11/site-packages/dynesty/plotting.py:786: UserWarning: Attempting to set identical low and high ylims makes transformation singular; automatically expanding.
  ax.set_ylim([0., max(y0) * 1.05])
/ligo/home/ligo.org/pratyusava.baral/dispersion/dispersion_env/lib64/python3.11/site-packages/dynesty/plotting.py:749: UserWarning: Attempting to set identical low and high xlims makes transformation singular; automatically expanding.
  ax.set_xlim(span[i])
/ligo/home/ligo.org/pratyusava.baral/dispersion/dispersion_env/lib64/python3.11/site-packages/dynesty/plotting.py:786: UserWarning: Attempting to set identical low and high ylims makes transformation singular; automatically expanding.
  ax.set_ylim([0., max(y0) * 1.05])
/ligo/home/ligo.org/pratyusava.baral/dispersion/dispersion_env/lib64/python3.11/site-packages/dynesty/plotting.py:252: RuntimeWarning: overflow encountered in exp
  np.exp(logwt), logz if logplot else np.exp(logz)
/ligo/home/ligo.org/pratyusava.baral/dispersion/dispersion_env/lib64/python3.11/site-packages/dynesty/plotting.py:282: RuntimeWarning: overflow encountered in exp
  zspan = (0., 1.05 * np.exp(logz[-1] + 3. * logzerr[-1]))
23:08 bilby WARNING : Axis limits cannot be NaN or Inf
23:08 bilby WARNING : Failed to create dynesty run plot at checkpoint
23:20 bilby INFO    : Written checkpoint file results/58/None_resume.pickle
/ligo/home/ligo.org/pratyusava.baral/dispersion/dispersion_env/lib64/python3.11/site-packages/dynesty/plotting.py:786: UserWarning: Attempting to set identical low and high ylims makes transformation singular; automatically expanding.
  ax.set_ylim([0., max(y0) * 1.05])
/ligo/home/ligo.org/pratyusava.baral/dispersion/dispersion_env/lib64/python3.11/site-packages/dynesty/plotting.py:749: UserWarning: Attempting to set identical low and high xlims makes transformation singular; automatically expanding.
  ax.set_xlim(span[i])
/ligo/home/ligo.org/pratyusava.baral/dispersion/dispersion_env/lib64/python3.11/site-packages/dynesty/plotting.py:786: UserWarning: Attempting to set identical low and high ylims makes transformation singular; automatically expanding.
  ax.set_ylim([0., max(y0) * 1.05])
/ligo/home/ligo.org/pratyusava.baral/dispersion/dispersion_env/lib64/python3.11/site-packages/dynesty/plotting.py:252: RuntimeWarning: overflow encountered in exp
  np.exp(logwt), logz if logplot else np.exp(logz)
/ligo/home/ligo.org/pratyusava.baral/dispersion/dispersion_env/lib64/python3.11/site-packages/dynesty/plotting.py:282: RuntimeWarning: overflow encountered in exp
  zspan = (0., 1.05 * np.exp(logz[-1] + 3. * logzerr[-1]))
23:20 bilby WARNING : Axis limits cannot be NaN or Inf
23:20 bilby WARNING : Failed to create dynesty run plot at checkpoint
23:31 bilby INFO    : Written checkpoint file results/58/None_resume.pickle
/ligo/home/ligo.org/pratyusava.baral/dispersion/dispersion_env/lib64/python3.11/site-packages/dynesty/plotting.py:786: UserWarning: Attempting to set identical low and high ylims makes transformation singular; automatically expanding.
  ax.set_ylim([0., max(y0) * 1.05])
/ligo/home/ligo.org/pratyusava.baral/dispersion/dispersion_env/lib64/python3.11/site-packages/dynesty/plotting.py:749: UserWarning: Attempting to set identical low and high xlims makes transformation singular; automatically expanding.
  ax.set_xlim(span[i])
/ligo/home/ligo.org/pratyusava.baral/dispersion/dispersion_env/lib64/python3.11/site-packages/dynesty/plotting.py:786: UserWarning: Attempting to set identical low and high ylims makes transformation singular; automatically expanding.
  ax.set_ylim([0., max(y0) * 1.05])
/ligo/home/ligo.org/pratyusava.baral/dispersion/dispersion_env/lib64/python3.11/site-packages/dynesty/plotting.py:252: RuntimeWarning: overflow encountered in exp
  np.exp(logwt), logz if logplot else np.exp(logz)
/ligo/home/ligo.org/pratyusava.baral/dispersion/dispersion_env/lib64/python3.11/site-packages/dynesty/plotting.py:282: RuntimeWarning: overflow encountered in exp
  zspan = (0., 1.05 * np.exp(logz[-1] + 3. * logzerr[-1]))
23:32 bilby WARNING : Axis limits cannot be NaN or Inf
23:32 bilby WARNING : Failed to create dynesty run plot at checkpoint
23:42 bilby INFO    : Written checkpoint file results/58/None_resume.pickle
23:42 bilby WARNING : The data appears to lie in a lower-dimensional subspace of the space in which it is expressed. This has resulted in a singular data covariance matrix, which cannot be treated using the algorithms implemented in `gaussian_kde`. Consider performing principle component analysis / dimensionality reduction and using `gaussian_kde` with the transformed data.
23:42 bilby WARNING : Failed to create dynesty state plot at checkpoint
23:42 bilby WARNING : The data appears to lie in a lower-dimensional subspace of the space in which it is expressed. This has resulted in a singular data covariance matrix, which cannot be treated using the algorithms implemented in `gaussian_kde`. Consider performing principle component analysis / dimensionality reduction and using `gaussian_kde` with the transformed data.
23:42 bilby WARNING : Failed to create dynesty unit state plot at checkpoint
/ligo/home/ligo.org/pratyusava.baral/dispersion/dispersion_env/lib64/python3.11/site-packages/dynesty/plotting.py:252: RuntimeWarning: overflow encountered in exp
  np.exp(logwt), logz if logplot else np.exp(logz)
23:42 bilby WARNING : The data appears to lie in a lower-dimensional subspace of the space in which it is expressed. This has resulted in a singular data covariance matrix, which cannot be treated using the algorithms implemented in `gaussian_kde`. Consider performing principle component analysis / dimensionality reduction and using `gaussian_kde` with the transformed data.
23:42 bilby WARNING : Failed to create dynesty run plot at checkpoint
23:53 bilby INFO    : Written checkpoint file results/58/None_resume.pickle
23:53 bilby WARNING : The data appears to lie in a lower-dimensional subspace of the space in which it is expressed. This has resulted in a singular data covariance matrix, which cannot be treated using the algorithms implemented in `gaussian_kde`. Consider performing principle component analysis / dimensionality reduction and using `gaussian_kde` with the transformed data.
23:53 bilby WARNING : Failed to create dynesty state plot at checkpoint
23:53 bilby WARNING : The data appears to lie in a lower-dimensional subspace of the space in which it is expressed. This has resulted in a singular data covariance matrix, which cannot be treated using the algorithms implemented in `gaussian_kde`. Consider performing principle component analysis / dimensionality reduction and using `gaussian_kde` with the transformed data.
23:53 bilby WARNING : Failed to create dynesty unit state plot at checkpoint
/ligo/home/ligo.org/pratyusava.baral/dispersion/dispersion_env/lib64/python3.11/site-packages/dynesty/plotting.py:252: RuntimeWarning: overflow encountered in exp
  np.exp(logwt), logz if logplot else np.exp(logz)
23:53 bilby WARNING : The data appears to lie in a lower-dimensional subspace of the space in which it is expressed. This has resulted in a singular data covariance matrix, which cannot be treated using the algorithms implemented in `gaussian_kde`. Consider performing principle component analysis / dimensionality reduction and using `gaussian_kde` with the transformed data.
23:53 bilby WARNING : Failed to create dynesty run plot at checkpoint
00:06 bilby INFO    : Written checkpoint file results/58/None_resume.pickle
/ligo/home/ligo.org/pratyusava.baral/dispersion/dispersion_env/lib64/python3.11/site-packages/dynesty/plotting.py:786: UserWarning: Attempting to set identical low and high ylims makes transformation singular; automatically expanding.
  ax.set_ylim([0., max(y0) * 1.05])
/ligo/home/ligo.org/pratyusava.baral/dispersion/dispersion_env/lib64/python3.11/site-packages/dynesty/plotting.py:749: UserWarning: Attempting to set identical low and high xlims makes transformation singular; automatically expanding.
  ax.set_xlim(span[i])
/ligo/home/ligo.org/pratyusava.baral/dispersion/dispersion_env/lib64/python3.11/site-packages/dynesty/plotting.py:786: UserWarning: Attempting to set identical low and high ylims makes transformation singular; automatically expanding.
  ax.set_ylim([0., max(y0) * 1.05])
/ligo/home/ligo.org/pratyusava.baral/dispersion/dispersion_env/lib64/python3.11/site-packages/dynesty/plotting.py:252: RuntimeWarning: overflow encountered in exp
  np.exp(logwt), logz if logplot else np.exp(logz)
/ligo/home/ligo.org/pratyusava.baral/dispersion/dispersion_env/lib64/python3.11/site-packages/dynesty/plotting.py:282: RuntimeWarning: overflow encountered in exp
  zspan = (0., 1.05 * np.exp(logz[-1] + 3. * logzerr[-1]))
00:06 bilby WARNING : Axis limits cannot be NaN or Inf
00:06 bilby WARNING : Failed to create dynesty run plot at checkpoint
00:18 bilby INFO    : Written checkpoint file results/58/None_resume.pickle
00:18 bilby WARNING : The data appears to lie in a lower-dimensional subspace of the space in which it is expressed. This has resulted in a singular data covariance matrix, which cannot be treated using the algorithms implemented in `gaussian_kde`. Consider performing principle component analysis / dimensionality reduction and using `gaussian_kde` with the transformed data.
00:18 bilby WARNING : Failed to create dynesty state plot at checkpoint
00:18 bilby WARNING : The data appears to lie in a lower-dimensional subspace of the space in which it is expressed. This has resulted in a singular data covariance matrix, which cannot be treated using the algorithms implemented in `gaussian_kde`. Consider performing principle component analysis / dimensionality reduction and using `gaussian_kde` with the transformed data.
00:18 bilby WARNING : Failed to create dynesty unit state plot at checkpoint
/ligo/home/ligo.org/pratyusava.baral/dispersion/dispersion_env/lib64/python3.11/site-packages/dynesty/plotting.py:252: RuntimeWarning: overflow encountered in exp
  np.exp(logwt), logz if logplot else np.exp(logz)
00:18 bilby WARNING : The data appears to lie in a lower-dimensional subspace of the space in which it is expressed. This has resulted in a singular data covariance matrix, which cannot be treated using the algorithms implemented in `gaussian_kde`. Consider performing principle component analysis / dimensionality reduction and using `gaussian_kde` with the transformed data.
00:18 bilby WARNING : Failed to create dynesty run plot at checkpoint
00:34 bilby INFO    : Written checkpoint file results/58/None_resume.pickle
00:34 bilby WARNING : The data appears to lie in a lower-dimensional subspace of the space in which it is expressed. This has resulted in a singular data covariance matrix, which cannot be treated using the algorithms implemented in `gaussian_kde`. Consider performing principle component analysis / dimensionality reduction and using `gaussian_kde` with the transformed data.
00:34 bilby WARNING : Failed to create dynesty state plot at checkpoint
00:34 bilby WARNING : The data appears to lie in a lower-dimensional subspace of the space in which it is expressed. This has resulted in a singular data covariance matrix, which cannot be treated using the algorithms implemented in `gaussian_kde`. Consider performing principle component analysis / dimensionality reduction and using `gaussian_kde` with the transformed data.
00:34 bilby WARNING : Failed to create dynesty unit state plot at checkpoint
/ligo/home/ligo.org/pratyusava.baral/dispersion/dispersion_env/lib64/python3.11/site-packages/dynesty/plotting.py:252: RuntimeWarning: overflow encountered in exp
  np.exp(logwt), logz if logplot else np.exp(logz)
00:34 bilby WARNING : The data appears to lie in a lower-dimensional subspace of the space in which it is expressed. This has resulted in a singular data covariance matrix, which cannot be treated using the algorithms implemented in `gaussian_kde`. Consider performing principle component analysis / dimensionality reduction and using `gaussian_kde` with the transformed data.
00:34 bilby WARNING : Failed to create dynesty run plot at checkpoint
00:47 bilby INFO    : Written checkpoint file results/58/None_resume.pickle
/ligo/home/ligo.org/pratyusava.baral/dispersion/dispersion_env/lib64/python3.11/site-packages/dynesty/plotting.py:786: UserWarning: Attempting to set identical low and high ylims makes transformation singular; automatically expanding.
  ax.set_ylim([0., max(y0) * 1.05])
/ligo/home/ligo.org/pratyusava.baral/dispersion/dispersion_env/lib64/python3.11/site-packages/dynesty/plotting.py:749: UserWarning: Attempting to set identical low and high xlims makes transformation singular; automatically expanding.
  ax.set_xlim(span[i])
/ligo/home/ligo.org/pratyusava.baral/dispersion/dispersion_env/lib64/python3.11/site-packages/dynesty/plotting.py:786: UserWarning: Attempting to set identical low and high ylims makes transformation singular; automatically expanding.
  ax.set_ylim([0., max(y0) * 1.05])
/ligo/home/ligo.org/pratyusava.baral/dispersion/dispersion_env/lib64/python3.11/site-packages/dynesty/plotting.py:252: RuntimeWarning: overflow encountered in exp
  np.exp(logwt), logz if logplot else np.exp(logz)
/ligo/home/ligo.org/pratyusava.baral/dispersion/dispersion_env/lib64/python3.11/site-packages/dynesty/plotting.py:282: RuntimeWarning: overflow encountered in exp
  zspan = (0., 1.05 * np.exp(logz[-1] + 3. * logzerr[-1]))
00:47 bilby WARNING : Axis limits cannot be NaN or Inf
00:47 bilby WARNING : Failed to create dynesty run plot at checkpoint
00:58 bilby INFO    : Written checkpoint file results/58/None_resume.pickle
/ligo/home/ligo.org/pratyusava.baral/dispersion/dispersion_env/lib64/python3.11/site-packages/dynesty/plotting.py:786: UserWarning: Attempting to set identical low and high ylims makes transformation singular; automatically expanding.
  ax.set_ylim([0., max(y0) * 1.05])
00:58 bilby WARNING : Too many bins for data range. Cannot create 500 finite-sized bins.
00:58 bilby WARNING : Failed to create dynesty state plot at checkpoint
/ligo/home/ligo.org/pratyusava.baral/dispersion/dispersion_env/lib64/python3.11/site-packages/dynesty/plotting.py:786: UserWarning: Attempting to set identical low and high ylims makes transformation singular; automatically expanding.
  ax.set_ylim([0., max(y0) * 1.05])
/ligo/home/ligo.org/pratyusava.baral/dispersion/dispersion_env/lib64/python3.11/site-packages/dynesty/plotting.py:252: RuntimeWarning: overflow encountered in exp
  np.exp(logwt), logz if logplot else np.exp(logz)
/ligo/home/ligo.org/pratyusava.baral/dispersion/dispersion_env/lib64/python3.11/site-packages/dynesty/plotting.py:282: RuntimeWarning: overflow encountered in exp
  zspan = (0., 1.05 * np.exp(logz[-1] + 3. * logzerr[-1]))
00:58 bilby WARNING : Axis limits cannot be NaN or Inf
00:58 bilby WARNING : Failed to create dynesty run plot at checkpoint
01:10 bilby INFO    : Written checkpoint file results/58/None_resume.pickle
/ligo/home/ligo.org/pratyusava.baral/dispersion/dispersion_env/lib64/python3.11/site-packages/dynesty/plotting.py:786: UserWarning: Attempting to set identical low and high ylims makes transformation singular; automatically expanding.
  ax.set_ylim([0., max(y0) * 1.05])
/ligo/home/ligo.org/pratyusava.baral/dispersion/dispersion_env/lib64/python3.11/site-packages/dynesty/plotting.py:749: UserWarning: Attempting to set identical low and high xlims makes transformation singular; automatically expanding.
  ax.set_xlim(span[i])
/ligo/home/ligo.org/pratyusava.baral/dispersion/dispersion_env/lib64/python3.11/site-packages/dynesty/plotting.py:786: UserWarning: Attempting to set identical low and high ylims makes transformation singular; automatically expanding.
  ax.set_ylim([0., max(y0) * 1.05])
/ligo/home/ligo.org/pratyusava.baral/dispersion/dispersion_env/lib64/python3.11/site-packages/dynesty/plotting.py:252: RuntimeWarning: overflow encountered in exp
  np.exp(logwt), logz if logplot else np.exp(logz)
/ligo/home/ligo.org/pratyusava.baral/dispersion/dispersion_env/lib64/python3.11/site-packages/dynesty/plotting.py:282: RuntimeWarning: overflow encountered in exp
  zspan = (0., 1.05 * np.exp(logz[-1] + 3. * logzerr[-1]))
01:10 bilby WARNING : Axis limits cannot be NaN or Inf
01:10 bilby WARNING : Failed to create dynesty run plot at checkpoint
01:24 bilby INFO    : Written checkpoint file results/58/None_resume.pickle
/ligo/home/ligo.org/pratyusava.baral/dispersion/dispersion_env/lib64/python3.11/site-packages/dynesty/plotting.py:786: UserWarning: Attempting to set identical low and high ylims makes transformation singular; automatically expanding.
  ax.set_ylim([0., max(y0) * 1.05])
/ligo/home/ligo.org/pratyusava.baral/dispersion/dispersion_env/lib64/python3.11/site-packages/dynesty/plotting.py:749: UserWarning: Attempting to set identical low and high xlims makes transformation singular; automatically expanding.
  ax.set_xlim(span[i])
/ligo/home/ligo.org/pratyusava.baral/dispersion/dispersion_env/lib64/python3.11/site-packages/dynesty/plotting.py:786: UserWarning: Attempting to set identical low and high ylims makes transformation singular; automatically expanding.
  ax.set_ylim([0., max(y0) * 1.05])
/ligo/home/ligo.org/pratyusava.baral/dispersion/dispersion_env/lib64/python3.11/site-packages/dynesty/plotting.py:252: RuntimeWarning: overflow encountered in exp
  np.exp(logwt), logz if logplot else np.exp(logz)
/ligo/home/ligo.org/pratyusava.baral/dispersion/dispersion_env/lib64/python3.11/site-packages/dynesty/plotting.py:282: RuntimeWarning: overflow encountered in exp
  zspan = (0., 1.05 * np.exp(logz[-1] + 3. * logzerr[-1]))
01:24 bilby WARNING : Axis limits cannot be NaN or Inf
01:24 bilby WARNING : Failed to create dynesty run plot at checkpoint
01:34 bilby INFO    : Written checkpoint file results/58/None_resume.pickle
/ligo/home/ligo.org/pratyusava.baral/dispersion/dispersion_env/lib64/python3.11/site-packages/dynesty/plotting.py:786: UserWarning: Attempting to set identical low and high ylims makes transformation singular; automatically expanding.
  ax.set_ylim([0., max(y0) * 1.05])
/ligo/home/ligo.org/pratyusava.baral/dispersion/dispersion_env/lib64/python3.11/site-packages/dynesty/plotting.py:749: UserWarning: Attempting to set identical low and high xlims makes transformation singular; automatically expanding.
  ax.set_xlim(span[i])
/ligo/home/ligo.org/pratyusava.baral/dispersion/dispersion_env/lib64/python3.11/site-packages/dynesty/plotting.py:786: UserWarning: Attempting to set identical low and high ylims makes transformation singular; automatically expanding.
  ax.set_ylim([0., max(y0) * 1.05])
/ligo/home/ligo.org/pratyusava.baral/dispersion/dispersion_env/lib64/python3.11/site-packages/dynesty/plotting.py:252: RuntimeWarning: overflow encountered in exp
  np.exp(logwt), logz if logplot else np.exp(logz)
/ligo/home/ligo.org/pratyusava.baral/dispersion/dispersion_env/lib64/python3.11/site-packages/dynesty/plotting.py:282: RuntimeWarning: overflow encountered in exp
  zspan = (0., 1.05 * np.exp(logz[-1] + 3. * logzerr[-1]))
01:35 bilby WARNING : Axis limits cannot be NaN or Inf
01:35 bilby WARNING : Failed to create dynesty run plot at checkpoint
01:45 bilby INFO    : Written checkpoint file results/58/None_resume.pickle
/ligo/home/ligo.org/pratyusava.baral/dispersion/dispersion_env/lib64/python3.11/site-packages/dynesty/plotting.py:786: UserWarning: Attempting to set identical low and high ylims makes transformation singular; automatically expanding.
  ax.set_ylim([0., max(y0) * 1.05])
01:45 bilby WARNING : Too many bins for data range. Cannot create 500 finite-sized bins.
01:45 bilby WARNING : Failed to create dynesty state plot at checkpoint
/ligo/home/ligo.org/pratyusava.baral/dispersion/dispersion_env/lib64/python3.11/site-packages/dynesty/plotting.py:786: UserWarning: Attempting to set identical low and high ylims makes transformation singular; automatically expanding.
  ax.set_ylim([0., max(y0) * 1.05])
/ligo/home/ligo.org/pratyusava.baral/dispersion/dispersion_env/lib64/python3.11/site-packages/dynesty/plotting.py:252: RuntimeWarning: overflow encountered in exp
  np.exp(logwt), logz if logplot else np.exp(logz)
/ligo/home/ligo.org/pratyusava.baral/dispersion/dispersion_env/lib64/python3.11/site-packages/dynesty/plotting.py:282: RuntimeWarning: overflow encountered in exp
  zspan = (0., 1.05 * np.exp(logz[-1] + 3. * logzerr[-1]))
01:45 bilby WARNING : Axis limits cannot be NaN or Inf
01:45 bilby WARNING : Failed to create dynesty run plot at checkpoint
01:57 bilby INFO    : Written checkpoint file results/58/None_resume.pickle
/ligo/home/ligo.org/pratyusava.baral/dispersion/dispersion_env/lib64/python3.11/site-packages/dynesty/plotting.py:786: UserWarning: Attempting to set identical low and high ylims makes transformation singular; automatically expanding.
  ax.set_ylim([0., max(y0) * 1.05])
/ligo/home/ligo.org/pratyusava.baral/dispersion/dispersion_env/lib64/python3.11/site-packages/dynesty/plotting.py:749: UserWarning: Attempting to set identical low and high xlims makes transformation singular; automatically expanding.
  ax.set_xlim(span[i])
/ligo/home/ligo.org/pratyusava.baral/dispersion/dispersion_env/lib64/python3.11/site-packages/dynesty/plotting.py:786: UserWarning: Attempting to set identical low and high ylims makes transformation singular; automatically expanding.
  ax.set_ylim([0., max(y0) * 1.05])
/ligo/home/ligo.org/pratyusava.baral/dispersion/dispersion_env/lib64/python3.11/site-packages/dynesty/plotting.py:252: RuntimeWarning: overflow encountered in exp
  np.exp(logwt), logz if logplot else np.exp(logz)
/ligo/home/ligo.org/pratyusava.baral/dispersion/dispersion_env/lib64/python3.11/site-packages/dynesty/plotting.py:282: RuntimeWarning: overflow encountered in exp
  zspan = (0., 1.05 * np.exp(logz[-1] + 3. * logzerr[-1]))
01:57 bilby WARNING : Axis limits cannot be NaN or Inf
01:57 bilby WARNING : Failed to create dynesty run plot at checkpoint
02:08 bilby INFO    : Written checkpoint file results/58/None_resume.pickle
/ligo/home/ligo.org/pratyusava.baral/dispersion/dispersion_env/lib64/python3.11/site-packages/dynesty/plotting.py:786: UserWarning: Attempting to set identical low and high ylims makes transformation singular; automatically expanding.
  ax.set_ylim([0., max(y0) * 1.05])
02:08 bilby WARNING : Too many bins for data range. Cannot create 500 finite-sized bins.
02:08 bilby WARNING : Failed to create dynesty state plot at checkpoint
/ligo/home/ligo.org/pratyusava.baral/dispersion/dispersion_env/lib64/python3.11/site-packages/dynesty/plotting.py:786: UserWarning: Attempting to set identical low and high ylims makes transformation singular; automatically expanding.
  ax.set_ylim([0., max(y0) * 1.05])
/ligo/home/ligo.org/pratyusava.baral/dispersion/dispersion_env/lib64/python3.11/site-packages/dynesty/plotting.py:252: RuntimeWarning: overflow encountered in exp
  np.exp(logwt), logz if logplot else np.exp(logz)
/ligo/home/ligo.org/pratyusava.baral/dispersion/dispersion_env/lib64/python3.11/site-packages/dynesty/plotting.py:282: RuntimeWarning: overflow encountered in exp
  zspan = (0., 1.05 * np.exp(logz[-1] + 3. * logzerr[-1]))
02:08 bilby WARNING : Axis limits cannot be NaN or Inf
02:08 bilby WARNING : Failed to create dynesty run plot at checkpoint
02:19 bilby INFO    : Written checkpoint file results/58/None_resume.pickle
02:19 bilby WARNING : The data appears to lie in a lower-dimensional subspace of the space in which it is expressed. This has resulted in a singular data covariance matrix, which cannot be treated using the algorithms implemented in `gaussian_kde`. Consider performing principle component analysis / dimensionality reduction and using `gaussian_kde` with the transformed data.
02:19 bilby WARNING : Failed to create dynesty state plot at checkpoint
02:19 bilby WARNING : The data appears to lie in a lower-dimensional subspace of the space in which it is expressed. This has resulted in a singular data covariance matrix, which cannot be treated using the algorithms implemented in `gaussian_kde`. Consider performing principle component analysis / dimensionality reduction and using `gaussian_kde` with the transformed data.
02:19 bilby WARNING : Failed to create dynesty unit state plot at checkpoint
/ligo/home/ligo.org/pratyusava.baral/dispersion/dispersion_env/lib64/python3.11/site-packages/dynesty/plotting.py:252: RuntimeWarning: overflow encountered in exp
  np.exp(logwt), logz if logplot else np.exp(logz)
02:19 bilby WARNING : The data appears to lie in a lower-dimensional subspace of the space in which it is expressed. This has resulted in a singular data covariance matrix, which cannot be treated using the algorithms implemented in `gaussian_kde`. Consider performing principle component analysis / dimensionality reduction and using `gaussian_kde` with the transformed data.
02:19 bilby WARNING : Failed to create dynesty run plot at checkpoint
02:32 bilby INFO    : Written checkpoint file results/58/None_resume.pickle
/ligo/home/ligo.org/pratyusava.baral/dispersion/dispersion_env/lib64/python3.11/site-packages/dynesty/plotting.py:786: UserWarning: Attempting to set identical low and high ylims makes transformation singular; automatically expanding.
  ax.set_ylim([0., max(y0) * 1.05])
/ligo/home/ligo.org/pratyusava.baral/dispersion/dispersion_env/lib64/python3.11/site-packages/dynesty/plotting.py:749: UserWarning: Attempting to set identical low and high xlims makes transformation singular; automatically expanding.
  ax.set_xlim(span[i])
/ligo/home/ligo.org/pratyusava.baral/dispersion/dispersion_env/lib64/python3.11/site-packages/dynesty/plotting.py:786: UserWarning: Attempting to set identical low and high ylims makes transformation singular; automatically expanding.
  ax.set_ylim([0., max(y0) * 1.05])
/ligo/home/ligo.org/pratyusava.baral/dispersion/dispersion_env/lib64/python3.11/site-packages/dynesty/plotting.py:252: RuntimeWarning: overflow encountered in exp
  np.exp(logwt), logz if logplot else np.exp(logz)
/ligo/home/ligo.org/pratyusava.baral/dispersion/dispersion_env/lib64/python3.11/site-packages/dynesty/plotting.py:282: RuntimeWarning: overflow encountered in exp
  zspan = (0., 1.05 * np.exp(logz[-1] + 3. * logzerr[-1]))
02:32 bilby WARNING : Axis limits cannot be NaN or Inf
02:32 bilby WARNING : Failed to create dynesty run plot at checkpoint
02:45 bilby INFO    : Written checkpoint file results/58/None_resume.pickle
/ligo/home/ligo.org/pratyusava.baral/dispersion/dispersion_env/lib64/python3.11/site-packages/dynesty/plotting.py:252: RuntimeWarning: overflow encountered in exp
  np.exp(logwt), logz if logplot else np.exp(logz)
/ligo/home/ligo.org/pratyusava.baral/dispersion/dispersion_env/lib64/python3.11/site-packages/dynesty/plotting.py:282: RuntimeWarning: overflow encountered in exp
  zspan = (0., 1.05 * np.exp(logz[-1] + 3. * logzerr[-1]))
02:45 bilby WARNING : Axis limits cannot be NaN or Inf
02:45 bilby WARNING : Failed to create dynesty run plot at checkpoint
02:56 bilby INFO    : Written checkpoint file results/58/None_resume.pickle
/ligo/home/ligo.org/pratyusava.baral/dispersion/dispersion_env/lib64/python3.11/site-packages/dynesty/plotting.py:252: RuntimeWarning: overflow encountered in exp
  np.exp(logwt), logz if logplot else np.exp(logz)
/ligo/home/ligo.org/pratyusava.baral/dispersion/dispersion_env/lib64/python3.11/site-packages/dynesty/plotting.py:282: RuntimeWarning: overflow encountered in exp
  zspan = (0., 1.05 * np.exp(logz[-1] + 3. * logzerr[-1]))
02:57 bilby WARNING : Axis limits cannot be NaN or Inf
02:57 bilby WARNING : Failed to create dynesty run plot at checkpoint
03:10 bilby INFO    : Written checkpoint file results/58/None_resume.pickle
/ligo/home/ligo.org/pratyusava.baral/dispersion/dispersion_env/lib64/python3.11/site-packages/dynesty/plotting.py:252: RuntimeWarning: overflow encountered in exp
  np.exp(logwt), logz if logplot else np.exp(logz)
/ligo/home/ligo.org/pratyusava.baral/dispersion/dispersion_env/lib64/python3.11/site-packages/dynesty/plotting.py:282: RuntimeWarning: overflow encountered in exp
  zspan = (0., 1.05 * np.exp(logz[-1] + 3. * logzerr[-1]))
03:10 bilby WARNING : Axis limits cannot be NaN or Inf
03:10 bilby WARNING : Failed to create dynesty run plot at checkpoint
03:22 bilby INFO    : Written checkpoint file results/58/None_resume.pickle
/ligo/home/ligo.org/pratyusava.baral/dispersion/dispersion_env/lib64/python3.11/site-packages/dynesty/plotting.py:252: RuntimeWarning: overflow encountered in exp
  np.exp(logwt), logz if logplot else np.exp(logz)
/ligo/home/ligo.org/pratyusava.baral/dispersion/dispersion_env/lib64/python3.11/site-packages/dynesty/plotting.py:282: RuntimeWarning: overflow encountered in exp
  zspan = (0., 1.05 * np.exp(logz[-1] + 3. * logzerr[-1]))
03:23 bilby WARNING : Axis limits cannot be NaN or Inf
03:23 bilby WARNING : Failed to create dynesty run plot at checkpoint
03:33 bilby INFO    : Written checkpoint file results/58/None_resume.pickle
/ligo/home/ligo.org/pratyusava.baral/dispersion/dispersion_env/lib64/python3.11/site-packages/dynesty/plotting.py:252: RuntimeWarning: overflow encountered in exp
  np.exp(logwt), logz if logplot else np.exp(logz)
/ligo/home/ligo.org/pratyusava.baral/dispersion/dispersion_env/lib64/python3.11/site-packages/dynesty/plotting.py:282: RuntimeWarning: overflow encountered in exp
  zspan = (0., 1.05 * np.exp(logz[-1] + 3. * logzerr[-1]))
03:33 bilby WARNING : Axis limits cannot be NaN or Inf
03:33 bilby WARNING : Failed to create dynesty run plot at checkpoint
03:43 bilby INFO    : Written checkpoint file results/58/None_resume.pickle
/ligo/home/ligo.org/pratyusava.baral/dispersion/dispersion_env/lib64/python3.11/site-packages/dynesty/plotting.py:252: RuntimeWarning: overflow encountered in exp
  np.exp(logwt), logz if logplot else np.exp(logz)
/ligo/home/ligo.org/pratyusava.baral/dispersion/dispersion_env/lib64/python3.11/site-packages/dynesty/plotting.py:282: RuntimeWarning: overflow encountered in exp
  zspan = (0., 1.05 * np.exp(logz[-1] + 3. * logzerr[-1]))
03:44 bilby WARNING : Axis limits cannot be NaN or Inf
03:44 bilby WARNING : Failed to create dynesty run plot at checkpoint
03:59 bilby INFO    : Written checkpoint file results/58/None_resume.pickle
/ligo/home/ligo.org/pratyusava.baral/dispersion/dispersion_env/lib64/python3.11/site-packages/dynesty/plotting.py:252: RuntimeWarning: overflow encountered in exp
  np.exp(logwt), logz if logplot else np.exp(logz)
/ligo/home/ligo.org/pratyusava.baral/dispersion/dispersion_env/lib64/python3.11/site-packages/dynesty/plotting.py:282: RuntimeWarning: overflow encountered in exp
  zspan = (0., 1.05 * np.exp(logz[-1] + 3. * logzerr[-1]))
03:59 bilby WARNING : Axis limits cannot be NaN or Inf
03:59 bilby WARNING : Failed to create dynesty run plot at checkpoint
04:13 bilby INFO    : Written checkpoint file results/58/None_resume.pickle
/ligo/home/ligo.org/pratyusava.baral/dispersion/dispersion_env/lib64/python3.11/site-packages/dynesty/plotting.py:252: RuntimeWarning: overflow encountered in exp
  np.exp(logwt), logz if logplot else np.exp(logz)
/ligo/home/ligo.org/pratyusava.baral/dispersion/dispersion_env/lib64/python3.11/site-packages/dynesty/plotting.py:282: RuntimeWarning: overflow encountered in exp
  zspan = (0., 1.05 * np.exp(logz[-1] + 3. * logzerr[-1]))
04:13 bilby WARNING : Axis limits cannot be NaN or Inf
04:13 bilby WARNING : Failed to create dynesty run plot at checkpoint
04:27 bilby INFO    : Written checkpoint file results/58/None_resume.pickle
/ligo/home/ligo.org/pratyusava.baral/dispersion/dispersion_env/lib64/python3.11/site-packages/dynesty/plotting.py:252: RuntimeWarning: overflow encountered in exp
  np.exp(logwt), logz if logplot else np.exp(logz)
/ligo/home/ligo.org/pratyusava.baral/dispersion/dispersion_env/lib64/python3.11/site-packages/dynesty/plotting.py:282: RuntimeWarning: overflow encountered in exp
  zspan = (0., 1.05 * np.exp(logz[-1] + 3. * logzerr[-1]))
04:28 bilby WARNING : Axis limits cannot be NaN or Inf
04:28 bilby WARNING : Failed to create dynesty run plot at checkpoint
04:39 bilby INFO    : Written checkpoint file results/58/None_resume.pickle
/ligo/home/ligo.org/pratyusava.baral/dispersion/dispersion_env/lib64/python3.11/site-packages/dynesty/plotting.py:252: RuntimeWarning: overflow encountered in exp
  np.exp(logwt), logz if logplot else np.exp(logz)
/ligo/home/ligo.org/pratyusava.baral/dispersion/dispersion_env/lib64/python3.11/site-packages/dynesty/plotting.py:282: RuntimeWarning: overflow encountered in exp
  zspan = (0., 1.05 * np.exp(logz[-1] + 3. * logzerr[-1]))
04:39 bilby WARNING : Axis limits cannot be NaN or Inf
04:39 bilby WARNING : Failed to create dynesty run plot at checkpoint
04:50 bilby INFO    : Written checkpoint file results/58/None_resume.pickle
/ligo/home/ligo.org/pratyusava.baral/dispersion/dispersion_env/lib64/python3.11/site-packages/dynesty/plotting.py:252: RuntimeWarning: overflow encountered in exp
  np.exp(logwt), logz if logplot else np.exp(logz)
/ligo/home/ligo.org/pratyusava.baral/dispersion/dispersion_env/lib64/python3.11/site-packages/dynesty/plotting.py:282: RuntimeWarning: overflow encountered in exp
  zspan = (0., 1.05 * np.exp(logz[-1] + 3. * logzerr[-1]))
04:51 bilby WARNING : Axis limits cannot be NaN or Inf
04:51 bilby WARNING : Failed to create dynesty run plot at checkpoint
05:01 bilby INFO    : Written checkpoint file results/58/None_resume.pickle
/ligo/home/ligo.org/pratyusava.baral/dispersion/dispersion_env/lib64/python3.11/site-packages/dynesty/plotting.py:252: RuntimeWarning: overflow encountered in exp
  np.exp(logwt), logz if logplot else np.exp(logz)
/ligo/home/ligo.org/pratyusava.baral/dispersion/dispersion_env/lib64/python3.11/site-packages/dynesty/plotting.py:282: RuntimeWarning: overflow encountered in exp
  zspan = (0., 1.05 * np.exp(logz[-1] + 3. * logzerr[-1]))
05:01 bilby WARNING : Axis limits cannot be NaN or Inf
05:01 bilby WARNING : Failed to create dynesty run plot at checkpoint
05:12 bilby INFO    : Written checkpoint file results/58/None_resume.pickle
/ligo/home/ligo.org/pratyusava.baral/dispersion/dispersion_env/lib64/python3.11/site-packages/dynesty/plotting.py:252: RuntimeWarning: overflow encountered in exp
  np.exp(logwt), logz if logplot else np.exp(logz)
/ligo/home/ligo.org/pratyusava.baral/dispersion/dispersion_env/lib64/python3.11/site-packages/dynesty/plotting.py:282: RuntimeWarning: overflow encountered in exp
  zspan = (0., 1.05 * np.exp(logz[-1] + 3. * logzerr[-1]))
05:13 bilby WARNING : Axis limits cannot be NaN or Inf
05:13 bilby WARNING : Failed to create dynesty run plot at checkpoint
05:25 bilby INFO    : Written checkpoint file results/58/None_resume.pickle
/ligo/home/ligo.org/pratyusava.baral/dispersion/dispersion_env/lib64/python3.11/site-packages/dynesty/plotting.py:252: RuntimeWarning: overflow encountered in exp
  np.exp(logwt), logz if logplot else np.exp(logz)
/ligo/home/ligo.org/pratyusava.baral/dispersion/dispersion_env/lib64/python3.11/site-packages/dynesty/plotting.py:282: RuntimeWarning: overflow encountered in exp
  zspan = (0., 1.05 * np.exp(logz[-1] + 3. * logzerr[-1]))
05:25 bilby WARNING : Axis limits cannot be NaN or Inf
05:25 bilby WARNING : Failed to create dynesty run plot at checkpoint
05:36 bilby INFO    : Written checkpoint file results/58/None_resume.pickle
/ligo/home/ligo.org/pratyusava.baral/dispersion/dispersion_env/lib64/python3.11/site-packages/dynesty/plotting.py:252: RuntimeWarning: overflow encountered in exp
  np.exp(logwt), logz if logplot else np.exp(logz)
/ligo/home/ligo.org/pratyusava.baral/dispersion/dispersion_env/lib64/python3.11/site-packages/dynesty/plotting.py:282: RuntimeWarning: overflow encountered in exp
  zspan = (0., 1.05 * np.exp(logz[-1] + 3. * logzerr[-1]))
05:36 bilby WARNING : Axis limits cannot be NaN or Inf
05:36 bilby WARNING : Failed to create dynesty run plot at checkpoint
05:47 bilby INFO    : Written checkpoint file results/58/None_resume.pickle
/ligo/home/ligo.org/pratyusava.baral/dispersion/dispersion_env/lib64/python3.11/site-packages/dynesty/plotting.py:252: RuntimeWarning: overflow encountered in exp
  np.exp(logwt), logz if logplot else np.exp(logz)
/ligo/home/ligo.org/pratyusava.baral/dispersion/dispersion_env/lib64/python3.11/site-packages/dynesty/plotting.py:282: RuntimeWarning: overflow encountered in exp
  zspan = (0., 1.05 * np.exp(logz[-1] + 3. * logzerr[-1]))
05:47 bilby WARNING : Axis limits cannot be NaN or Inf
05:47 bilby WARNING : Failed to create dynesty run plot at checkpoint
06:00 bilby INFO    : Written checkpoint file results/58/None_resume.pickle
/ligo/home/ligo.org/pratyusava.baral/dispersion/dispersion_env/lib64/python3.11/site-packages/dynesty/plotting.py:252: RuntimeWarning: overflow encountered in exp
  np.exp(logwt), logz if logplot else np.exp(logz)
/ligo/home/ligo.org/pratyusava.baral/dispersion/dispersion_env/lib64/python3.11/site-packages/dynesty/plotting.py:282: RuntimeWarning: overflow encountered in exp
  zspan = (0., 1.05 * np.exp(logz[-1] + 3. * logzerr[-1]))
06:01 bilby WARNING : Axis limits cannot be NaN or Inf
06:01 bilby WARNING : Failed to create dynesty run plot at checkpoint
06:14 bilby INFO    : Written checkpoint file results/58/None_resume.pickle
/ligo/home/ligo.org/pratyusava.baral/dispersion/dispersion_env/lib64/python3.11/site-packages/dynesty/plotting.py:252: RuntimeWarning: overflow encountered in exp
  np.exp(logwt), logz if logplot else np.exp(logz)
/ligo/home/ligo.org/pratyusava.baral/dispersion/dispersion_env/lib64/python3.11/site-packages/dynesty/plotting.py:282: RuntimeWarning: overflow encountered in exp
  zspan = (0., 1.05 * np.exp(logz[-1] + 3. * logzerr[-1]))
06:15 bilby WARNING : Axis limits cannot be NaN or Inf
06:15 bilby WARNING : Failed to create dynesty run plot at checkpoint
06:27 bilby INFO    : Written checkpoint file results/58/None_resume.pickle
/ligo/home/ligo.org/pratyusava.baral/dispersion/dispersion_env/lib64/python3.11/site-packages/dynesty/plotting.py:252: RuntimeWarning: overflow encountered in exp
  np.exp(logwt), logz if logplot else np.exp(logz)
/ligo/home/ligo.org/pratyusava.baral/dispersion/dispersion_env/lib64/python3.11/site-packages/dynesty/plotting.py:282: RuntimeWarning: overflow encountered in exp
  zspan = (0., 1.05 * np.exp(logz[-1] + 3. * logzerr[-1]))
06:27 bilby WARNING : Axis limits cannot be NaN or Inf
06:27 bilby WARNING : Failed to create dynesty run plot at checkpoint
06:39 bilby INFO    : Written checkpoint file results/58/None_resume.pickle
/ligo/home/ligo.org/pratyusava.baral/dispersion/dispersion_env/lib64/python3.11/site-packages/dynesty/plotting.py:252: RuntimeWarning: overflow encountered in exp
  np.exp(logwt), logz if logplot else np.exp(logz)
/ligo/home/ligo.org/pratyusava.baral/dispersion/dispersion_env/lib64/python3.11/site-packages/dynesty/plotting.py:282: RuntimeWarning: overflow encountered in exp
  zspan = (0., 1.05 * np.exp(logz[-1] + 3. * logzerr[-1]))
06:40 bilby WARNING : Axis limits cannot be NaN or Inf
06:40 bilby WARNING : Failed to create dynesty run plot at checkpoint
06:51 bilby INFO    : Written checkpoint file results/58/None_resume.pickle
/ligo/home/ligo.org/pratyusava.baral/dispersion/dispersion_env/lib64/python3.11/site-packages/dynesty/plotting.py:252: RuntimeWarning: overflow encountered in exp
  np.exp(logwt), logz if logplot else np.exp(logz)
/ligo/home/ligo.org/pratyusava.baral/dispersion/dispersion_env/lib64/python3.11/site-packages/dynesty/plotting.py:282: RuntimeWarning: overflow encountered in exp
  zspan = (0., 1.05 * np.exp(logz[-1] + 3. * logzerr[-1]))
06:52 bilby WARNING : Axis limits cannot be NaN or Inf
06:52 bilby WARNING : Failed to create dynesty run plot at checkpoint
07:04 bilby INFO    : Written checkpoint file results/58/None_resume.pickle
/ligo/home/ligo.org/pratyusava.baral/dispersion/dispersion_env/lib64/python3.11/site-packages/dynesty/plotting.py:252: RuntimeWarning: overflow encountered in exp
  np.exp(logwt), logz if logplot else np.exp(logz)
/ligo/home/ligo.org/pratyusava.baral/dispersion/dispersion_env/lib64/python3.11/site-packages/dynesty/plotting.py:282: RuntimeWarning: overflow encountered in exp
  zspan = (0., 1.05 * np.exp(logz[-1] + 3. * logzerr[-1]))
07:05 bilby WARNING : Axis limits cannot be NaN or Inf
07:05 bilby WARNING : Failed to create dynesty run plot at checkpoint
07:16 bilby INFO    : Written checkpoint file results/58/None_resume.pickle
/ligo/home/ligo.org/pratyusava.baral/dispersion/dispersion_env/lib64/python3.11/site-packages/dynesty/plotting.py:252: RuntimeWarning: overflow encountered in exp
  np.exp(logwt), logz if logplot else np.exp(logz)
/ligo/home/ligo.org/pratyusava.baral/dispersion/dispersion_env/lib64/python3.11/site-packages/dynesty/plotting.py:282: RuntimeWarning: overflow encountered in exp
  zspan = (0., 1.05 * np.exp(logz[-1] + 3. * logzerr[-1]))
07:16 bilby WARNING : Axis limits cannot be NaN or Inf
07:16 bilby WARNING : Failed to create dynesty run plot at checkpoint
07:30 bilby INFO    : Written checkpoint file results/58/None_resume.pickle
/ligo/home/ligo.org/pratyusava.baral/dispersion/dispersion_env/lib64/python3.11/site-packages/dynesty/plotting.py:252: RuntimeWarning: overflow encountered in exp
  np.exp(logwt), logz if logplot else np.exp(logz)
/ligo/home/ligo.org/pratyusava.baral/dispersion/dispersion_env/lib64/python3.11/site-packages/dynesty/plotting.py:282: RuntimeWarning: overflow encountered in exp
  zspan = (0., 1.05 * np.exp(logz[-1] + 3. * logzerr[-1]))
07:30 bilby WARNING : Axis limits cannot be NaN or Inf
07:30 bilby WARNING : Failed to create dynesty run plot at checkpoint
07:43 bilby INFO    : Written checkpoint file results/58/None_resume.pickle
/ligo/home/ligo.org/pratyusava.baral/dispersion/dispersion_env/lib64/python3.11/site-packages/dynesty/plotting.py:252: RuntimeWarning: overflow encountered in exp
  np.exp(logwt), logz if logplot else np.exp(logz)
/ligo/home/ligo.org/pratyusava.baral/dispersion/dispersion_env/lib64/python3.11/site-packages/dynesty/plotting.py:282: RuntimeWarning: overflow encountered in exp
  zspan = (0., 1.05 * np.exp(logz[-1] + 3. * logzerr[-1]))
07:43 bilby WARNING : Axis limits cannot be NaN or Inf
07:43 bilby WARNING : Failed to create dynesty run plot at checkpoint
07:53 bilby INFO    : Written checkpoint file results/58/None_resume.pickle
/ligo/home/ligo.org/pratyusava.baral/dispersion/dispersion_env/lib64/python3.11/site-packages/dynesty/plotting.py:252: RuntimeWarning: overflow encountered in exp
  np.exp(logwt), logz if logplot else np.exp(logz)
/ligo/home/ligo.org/pratyusava.baral/dispersion/dispersion_env/lib64/python3.11/site-packages/dynesty/plotting.py:282: RuntimeWarning: overflow encountered in exp
  zspan = (0., 1.05 * np.exp(logz[-1] + 3. * logzerr[-1]))
07:54 bilby WARNING : Axis limits cannot be NaN or Inf
07:54 bilby WARNING : Failed to create dynesty run plot at checkpoint
08:07 bilby INFO    : Written checkpoint file results/58/None_resume.pickle
/ligo/home/ligo.org/pratyusava.baral/dispersion/dispersion_env/lib64/python3.11/site-packages/dynesty/plotting.py:252: RuntimeWarning: overflow encountered in exp
  np.exp(logwt), logz if logplot else np.exp(logz)
/ligo/home/ligo.org/pratyusava.baral/dispersion/dispersion_env/lib64/python3.11/site-packages/dynesty/plotting.py:282: RuntimeWarning: overflow encountered in exp
  zspan = (0., 1.05 * np.exp(logz[-1] + 3. * logzerr[-1]))
08:07 bilby WARNING : Axis limits cannot be NaN or Inf
08:07 bilby WARNING : Failed to create dynesty run plot at checkpoint
08:20 bilby INFO    : Written checkpoint file results/58/None_resume.pickle
/ligo/home/ligo.org/pratyusava.baral/dispersion/dispersion_env/lib64/python3.11/site-packages/dynesty/plotting.py:252: RuntimeWarning: overflow encountered in exp
  np.exp(logwt), logz if logplot else np.exp(logz)
/ligo/home/ligo.org/pratyusava.baral/dispersion/dispersion_env/lib64/python3.11/site-packages/dynesty/plotting.py:282: RuntimeWarning: overflow encountered in exp
  zspan = (0., 1.05 * np.exp(logz[-1] + 3. * logzerr[-1]))
08:20 bilby WARNING : Axis limits cannot be NaN or Inf
08:20 bilby WARNING : Failed to create dynesty run plot at checkpoint
08:33 bilby INFO    : Written checkpoint file results/58/None_resume.pickle
/ligo/home/ligo.org/pratyusava.baral/dispersion/dispersion_env/lib64/python3.11/site-packages/dynesty/plotting.py:252: RuntimeWarning: overflow encountered in exp
  np.exp(logwt), logz if logplot else np.exp(logz)
/ligo/home/ligo.org/pratyusava.baral/dispersion/dispersion_env/lib64/python3.11/site-packages/dynesty/plotting.py:282: RuntimeWarning: overflow encountered in exp
  zspan = (0., 1.05 * np.exp(logz[-1] + 3. * logzerr[-1]))
08:33 bilby WARNING : Axis limits cannot be NaN or Inf
08:33 bilby WARNING : Failed to create dynesty run plot at checkpoint
08:47 bilby INFO    : Written checkpoint file results/58/None_resume.pickle
/ligo/home/ligo.org/pratyusava.baral/dispersion/dispersion_env/lib64/python3.11/site-packages/dynesty/plotting.py:252: RuntimeWarning: overflow encountered in exp
  np.exp(logwt), logz if logplot else np.exp(logz)
/ligo/home/ligo.org/pratyusava.baral/dispersion/dispersion_env/lib64/python3.11/site-packages/dynesty/plotting.py:282: RuntimeWarning: overflow encountered in exp
  zspan = (0., 1.05 * np.exp(logz[-1] + 3. * logzerr[-1]))
08:48 bilby WARNING : Axis limits cannot be NaN or Inf
08:48 bilby WARNING : Failed to create dynesty run plot at checkpoint
08:59 bilby INFO    : Written checkpoint file results/58/None_resume.pickle
/ligo/home/ligo.org/pratyusava.baral/dispersion/dispersion_env/lib64/python3.11/site-packages/dynesty/plotting.py:252: RuntimeWarning: overflow encountered in exp
  np.exp(logwt), logz if logplot else np.exp(logz)
/ligo/home/ligo.org/pratyusava.baral/dispersion/dispersion_env/lib64/python3.11/site-packages/dynesty/plotting.py:282: RuntimeWarning: overflow encountered in exp
  zspan = (0., 1.05 * np.exp(logz[-1] + 3. * logzerr[-1]))
08:59 bilby WARNING : Axis limits cannot be NaN or Inf
08:59 bilby WARNING : Failed to create dynesty run plot at checkpoint
09:10 bilby INFO    : Written checkpoint file results/58/None_resume.pickle
/ligo/home/ligo.org/pratyusava.baral/dispersion/dispersion_env/lib64/python3.11/site-packages/dynesty/plotting.py:252: RuntimeWarning: overflow encountered in exp
  np.exp(logwt), logz if logplot else np.exp(logz)
/ligo/home/ligo.org/pratyusava.baral/dispersion/dispersion_env/lib64/python3.11/site-packages/dynesty/plotting.py:282: RuntimeWarning: overflow encountered in exp
  zspan = (0., 1.05 * np.exp(logz[-1] + 3. * logzerr[-1]))
09:11 bilby WARNING : Axis limits cannot be NaN or Inf
09:11 bilby WARNING : Failed to create dynesty run plot at checkpoint
09:22 bilby INFO    : Written checkpoint file results/58/None_resume.pickle
/ligo/home/ligo.org/pratyusava.baral/dispersion/dispersion_env/lib64/python3.11/site-packages/dynesty/plotting.py:252: RuntimeWarning: overflow encountered in exp
  np.exp(logwt), logz if logplot else np.exp(logz)
/ligo/home/ligo.org/pratyusava.baral/dispersion/dispersion_env/lib64/python3.11/site-packages/dynesty/plotting.py:282: RuntimeWarning: overflow encountered in exp
  zspan = (0., 1.05 * np.exp(logz[-1] + 3. * logzerr[-1]))
09:22 bilby WARNING : Axis limits cannot be NaN or Inf
09:22 bilby WARNING : Failed to create dynesty run plot at checkpoint
09:36 bilby INFO    : Written checkpoint file results/58/None_resume.pickle
/ligo/home/ligo.org/pratyusava.baral/dispersion/dispersion_env/lib64/python3.11/site-packages/dynesty/plotting.py:252: RuntimeWarning: overflow encountered in exp
  np.exp(logwt), logz if logplot else np.exp(logz)
/ligo/home/ligo.org/pratyusava.baral/dispersion/dispersion_env/lib64/python3.11/site-packages/dynesty/plotting.py:282: RuntimeWarning: overflow encountered in exp
  zspan = (0., 1.05 * np.exp(logz[-1] + 3. * logzerr[-1]))
09:36 bilby WARNING : Axis limits cannot be NaN or Inf
09:36 bilby WARNING : Failed to create dynesty run plot at checkpoint
09:46 bilby INFO    : Written checkpoint file results/58/None_resume.pickle
/ligo/home/ligo.org/pratyusava.baral/dispersion/dispersion_env/lib64/python3.11/site-packages/dynesty/plotting.py:252: RuntimeWarning: overflow encountered in exp
  np.exp(logwt), logz if logplot else np.exp(logz)
/ligo/home/ligo.org/pratyusava.baral/dispersion/dispersion_env/lib64/python3.11/site-packages/dynesty/plotting.py:282: RuntimeWarning: overflow encountered in exp
  zspan = (0., 1.05 * np.exp(logz[-1] + 3. * logzerr[-1]))
09:47 bilby WARNING : Axis limits cannot be NaN or Inf
09:47 bilby WARNING : Failed to create dynesty run plot at checkpoint
09:59 bilby INFO    : Written checkpoint file results/58/None_resume.pickle
/ligo/home/ligo.org/pratyusava.baral/dispersion/dispersion_env/lib64/python3.11/site-packages/dynesty/plotting.py:252: RuntimeWarning: overflow encountered in exp
  np.exp(logwt), logz if logplot else np.exp(logz)
/ligo/home/ligo.org/pratyusava.baral/dispersion/dispersion_env/lib64/python3.11/site-packages/dynesty/plotting.py:282: RuntimeWarning: overflow encountered in exp
  zspan = (0., 1.05 * np.exp(logz[-1] + 3. * logzerr[-1]))
09:59 bilby WARNING : Axis limits cannot be NaN or Inf
09:59 bilby WARNING : Failed to create dynesty run plot at checkpoint
10:12 bilby INFO    : Written checkpoint file results/58/None_resume.pickle
/ligo/home/ligo.org/pratyusava.baral/dispersion/dispersion_env/lib64/python3.11/site-packages/dynesty/plotting.py:252: RuntimeWarning: overflow encountered in exp
  np.exp(logwt), logz if logplot else np.exp(logz)
/ligo/home/ligo.org/pratyusava.baral/dispersion/dispersion_env/lib64/python3.11/site-packages/dynesty/plotting.py:282: RuntimeWarning: overflow encountered in exp
  zspan = (0., 1.05 * np.exp(logz[-1] + 3. * logzerr[-1]))
10:12 bilby WARNING : Axis limits cannot be NaN or Inf
10:12 bilby WARNING : Failed to create dynesty run plot at checkpoint
10:23 bilby INFO    : Written checkpoint file results/58/None_resume.pickle
/ligo/home/ligo.org/pratyusava.baral/dispersion/dispersion_env/lib64/python3.11/site-packages/dynesty/plotting.py:252: RuntimeWarning: overflow encountered in exp
  np.exp(logwt), logz if logplot else np.exp(logz)
/ligo/home/ligo.org/pratyusava.baral/dispersion/dispersion_env/lib64/python3.11/site-packages/dynesty/plotting.py:282: RuntimeWarning: overflow encountered in exp
  zspan = (0., 1.05 * np.exp(logz[-1] + 3. * logzerr[-1]))
10:24 bilby WARNING : Axis limits cannot be NaN or Inf
10:24 bilby WARNING : Failed to create dynesty run plot at checkpoint
10:35 bilby INFO    : Written checkpoint file results/58/None_resume.pickle
/ligo/home/ligo.org/pratyusava.baral/dispersion/dispersion_env/lib64/python3.11/site-packages/dynesty/plotting.py:252: RuntimeWarning: overflow encountered in exp
  np.exp(logwt), logz if logplot else np.exp(logz)
/ligo/home/ligo.org/pratyusava.baral/dispersion/dispersion_env/lib64/python3.11/site-packages/dynesty/plotting.py:282: RuntimeWarning: overflow encountered in exp
  zspan = (0., 1.05 * np.exp(logz[-1] + 3. * logzerr[-1]))
10:35 bilby WARNING : Axis limits cannot be NaN or Inf
10:35 bilby WARNING : Failed to create dynesty run plot at checkpoint
10:51 bilby INFO    : Written checkpoint file results/58/None_resume.pickle
/ligo/home/ligo.org/pratyusava.baral/dispersion/dispersion_env/lib64/python3.11/site-packages/dynesty/plotting.py:252: RuntimeWarning: overflow encountered in exp
  np.exp(logwt), logz if logplot else np.exp(logz)
/ligo/home/ligo.org/pratyusava.baral/dispersion/dispersion_env/lib64/python3.11/site-packages/dynesty/plotting.py:282: RuntimeWarning: overflow encountered in exp
  zspan = (0., 1.05 * np.exp(logz[-1] + 3. * logzerr[-1]))
10:51 bilby WARNING : Axis limits cannot be NaN or Inf
10:51 bilby WARNING : Failed to create dynesty run plot at checkpoint
11:02 bilby INFO    : Written checkpoint file results/58/None_resume.pickle
/ligo/home/ligo.org/pratyusava.baral/dispersion/dispersion_env/lib64/python3.11/site-packages/dynesty/plotting.py:252: RuntimeWarning: overflow encountered in exp
  np.exp(logwt), logz if logplot else np.exp(logz)
/ligo/home/ligo.org/pratyusava.baral/dispersion/dispersion_env/lib64/python3.11/site-packages/dynesty/plotting.py:282: RuntimeWarning: overflow encountered in exp
  zspan = (0., 1.05 * np.exp(logz[-1] + 3. * logzerr[-1]))
11:02 bilby WARNING : Axis limits cannot be NaN or Inf
11:02 bilby WARNING : Failed to create dynesty run plot at checkpoint
11:14 bilby INFO    : Written checkpoint file results/58/None_resume.pickle
/ligo/home/ligo.org/pratyusava.baral/dispersion/dispersion_env/lib64/python3.11/site-packages/dynesty/plotting.py:252: RuntimeWarning: overflow encountered in exp
  np.exp(logwt), logz if logplot else np.exp(logz)
/ligo/home/ligo.org/pratyusava.baral/dispersion/dispersion_env/lib64/python3.11/site-packages/dynesty/plotting.py:282: RuntimeWarning: overflow encountered in exp
  zspan = (0., 1.05 * np.exp(logz[-1] + 3. * logzerr[-1]))
11:15 bilby WARNING : Axis limits cannot be NaN or Inf
11:15 bilby WARNING : Failed to create dynesty run plot at checkpoint
11:27 bilby INFO    : Written checkpoint file results/58/None_resume.pickle
/ligo/home/ligo.org/pratyusava.baral/dispersion/dispersion_env/lib64/python3.11/site-packages/dynesty/plotting.py:252: RuntimeWarning: overflow encountered in exp
  np.exp(logwt), logz if logplot else np.exp(logz)
/ligo/home/ligo.org/pratyusava.baral/dispersion/dispersion_env/lib64/python3.11/site-packages/dynesty/plotting.py:282: RuntimeWarning: overflow encountered in exp
  zspan = (0., 1.05 * np.exp(logz[-1] + 3. * logzerr[-1]))
11:27 bilby WARNING : Axis limits cannot be NaN or Inf
11:27 bilby WARNING : Failed to create dynesty run plot at checkpoint
11:39 bilby INFO    : Written checkpoint file results/58/None_resume.pickle
/ligo/home/ligo.org/pratyusava.baral/dispersion/dispersion_env/lib64/python3.11/site-packages/dynesty/plotting.py:252: RuntimeWarning: overflow encountered in exp
  np.exp(logwt), logz if logplot else np.exp(logz)
/ligo/home/ligo.org/pratyusava.baral/dispersion/dispersion_env/lib64/python3.11/site-packages/dynesty/plotting.py:282: RuntimeWarning: overflow encountered in exp
  zspan = (0., 1.05 * np.exp(logz[-1] + 3. * logzerr[-1]))
11:39 bilby WARNING : Axis limits cannot be NaN or Inf
11:39 bilby WARNING : Failed to create dynesty run plot at checkpoint
11:50 bilby INFO    : Written checkpoint file results/58/None_resume.pickle
/ligo/home/ligo.org/pratyusava.baral/dispersion/dispersion_env/lib64/python3.11/site-packages/dynesty/plotting.py:252: RuntimeWarning: overflow encountered in exp
  np.exp(logwt), logz if logplot else np.exp(logz)
/ligo/home/ligo.org/pratyusava.baral/dispersion/dispersion_env/lib64/python3.11/site-packages/dynesty/plotting.py:282: RuntimeWarning: overflow encountered in exp
  zspan = (0., 1.05 * np.exp(logz[-1] + 3. * logzerr[-1]))
11:50 bilby WARNING : Axis limits cannot be NaN or Inf
11:50 bilby WARNING : Failed to create dynesty run plot at checkpoint
12:03 bilby INFO    : Written checkpoint file results/58/None_resume.pickle
/ligo/home/ligo.org/pratyusava.baral/dispersion/dispersion_env/lib64/python3.11/site-packages/dynesty/plotting.py:252: RuntimeWarning: overflow encountered in exp
  np.exp(logwt), logz if logplot else np.exp(logz)
/ligo/home/ligo.org/pratyusava.baral/dispersion/dispersion_env/lib64/python3.11/site-packages/dynesty/plotting.py:282: RuntimeWarning: overflow encountered in exp
  zspan = (0., 1.05 * np.exp(logz[-1] + 3. * logzerr[-1]))
12:04 bilby WARNING : Axis limits cannot be NaN or Inf
12:04 bilby WARNING : Failed to create dynesty run plot at checkpoint
12:15 bilby INFO    : Written checkpoint file results/58/None_resume.pickle
/ligo/home/ligo.org/pratyusava.baral/dispersion/dispersion_env/lib64/python3.11/site-packages/dynesty/plotting.py:252: RuntimeWarning: overflow encountered in exp
  np.exp(logwt), logz if logplot else np.exp(logz)
/ligo/home/ligo.org/pratyusava.baral/dispersion/dispersion_env/lib64/python3.11/site-packages/dynesty/plotting.py:282: RuntimeWarning: overflow encountered in exp
  zspan = (0., 1.05 * np.exp(logz[-1] + 3. * logzerr[-1]))
12:16 bilby WARNING : Axis limits cannot be NaN or Inf
12:16 bilby WARNING : Failed to create dynesty run plot at checkpoint
12:27 bilby INFO    : Written checkpoint file results/58/None_resume.pickle
/ligo/home/ligo.org/pratyusava.baral/dispersion/dispersion_env/lib64/python3.11/site-packages/dynesty/plotting.py:252: RuntimeWarning: overflow encountered in exp
  np.exp(logwt), logz if logplot else np.exp(logz)
/ligo/home/ligo.org/pratyusava.baral/dispersion/dispersion_env/lib64/python3.11/site-packages/dynesty/plotting.py:282: RuntimeWarning: overflow encountered in exp
  zspan = (0., 1.05 * np.exp(logz[-1] + 3. * logzerr[-1]))
12:28 bilby WARNING : Axis limits cannot be NaN or Inf
12:28 bilby WARNING : Failed to create dynesty run plot at checkpoint
12:41 bilby INFO    : Written checkpoint file results/58/None_resume.pickle
/ligo/home/ligo.org/pratyusava.baral/dispersion/dispersion_env/lib64/python3.11/site-packages/dynesty/plotting.py:252: RuntimeWarning: overflow encountered in exp
  np.exp(logwt), logz if logplot else np.exp(logz)
/ligo/home/ligo.org/pratyusava.baral/dispersion/dispersion_env/lib64/python3.11/site-packages/dynesty/plotting.py:282: RuntimeWarning: overflow encountered in exp
  zspan = (0., 1.05 * np.exp(logz[-1] + 3. * logzerr[-1]))
12:41 bilby WARNING : Axis limits cannot be NaN or Inf
12:41 bilby WARNING : Failed to create dynesty run plot at checkpoint
12:53 bilby INFO    : Written checkpoint file results/58/None_resume.pickle
/ligo/home/ligo.org/pratyusava.baral/dispersion/dispersion_env/lib64/python3.11/site-packages/dynesty/plotting.py:252: RuntimeWarning: overflow encountered in exp
  np.exp(logwt), logz if logplot else np.exp(logz)
/ligo/home/ligo.org/pratyusava.baral/dispersion/dispersion_env/lib64/python3.11/site-packages/dynesty/plotting.py:282: RuntimeWarning: overflow encountered in exp
  zspan = (0., 1.05 * np.exp(logz[-1] + 3. * logzerr[-1]))
12:53 bilby WARNING : Axis limits cannot be NaN or Inf
12:53 bilby WARNING : Failed to create dynesty run plot at checkpoint
13:07 bilby INFO    : Written checkpoint file results/58/None_resume.pickle
/ligo/home/ligo.org/pratyusava.baral/dispersion/dispersion_env/lib64/python3.11/site-packages/dynesty/plotting.py:252: RuntimeWarning: overflow encountered in exp
  np.exp(logwt), logz if logplot else np.exp(logz)
/ligo/home/ligo.org/pratyusava.baral/dispersion/dispersion_env/lib64/python3.11/site-packages/dynesty/plotting.py:282: RuntimeWarning: overflow encountered in exp
  zspan = (0., 1.05 * np.exp(logz[-1] + 3. * logzerr[-1]))
13:08 bilby WARNING : Axis limits cannot be NaN or Inf
13:08 bilby WARNING : Failed to create dynesty run plot at checkpoint
13:19 bilby INFO    : Written checkpoint file results/58/None_resume.pickle
/ligo/home/ligo.org/pratyusava.baral/dispersion/dispersion_env/lib64/python3.11/site-packages/dynesty/plotting.py:252: RuntimeWarning: overflow encountered in exp
  np.exp(logwt), logz if logplot else np.exp(logz)
/ligo/home/ligo.org/pratyusava.baral/dispersion/dispersion_env/lib64/python3.11/site-packages/dynesty/plotting.py:282: RuntimeWarning: overflow encountered in exp
  zspan = (0., 1.05 * np.exp(logz[-1] + 3. * logzerr[-1]))
13:19 bilby WARNING : Axis limits cannot be NaN or Inf
13:19 bilby WARNING : Failed to create dynesty run plot at checkpoint
13:34 bilby INFO    : Written checkpoint file results/58/None_resume.pickle
/ligo/home/ligo.org/pratyusava.baral/dispersion/dispersion_env/lib64/python3.11/site-packages/dynesty/plotting.py:252: RuntimeWarning: overflow encountered in exp
  np.exp(logwt), logz if logplot else np.exp(logz)
/ligo/home/ligo.org/pratyusava.baral/dispersion/dispersion_env/lib64/python3.11/site-packages/dynesty/plotting.py:282: RuntimeWarning: overflow encountered in exp
  zspan = (0., 1.05 * np.exp(logz[-1] + 3. * logzerr[-1]))
13:34 bilby WARNING : Axis limits cannot be NaN or Inf
13:34 bilby WARNING : Failed to create dynesty run plot at checkpoint
13:48 bilby INFO    : Written checkpoint file results/58/None_resume.pickle
/ligo/home/ligo.org/pratyusava.baral/dispersion/dispersion_env/lib64/python3.11/site-packages/dynesty/plotting.py:252: RuntimeWarning: overflow encountered in exp
  np.exp(logwt), logz if logplot else np.exp(logz)
/ligo/home/ligo.org/pratyusava.baral/dispersion/dispersion_env/lib64/python3.11/site-packages/dynesty/plotting.py:282: RuntimeWarning: overflow encountered in exp
  zspan = (0., 1.05 * np.exp(logz[-1] + 3. * logzerr[-1]))
13:48 bilby WARNING : Axis limits cannot be NaN or Inf
13:48 bilby WARNING : Failed to create dynesty run plot at checkpoint
14:00 bilby INFO    : Written checkpoint file results/58/None_resume.pickle
/ligo/home/ligo.org/pratyusava.baral/dispersion/dispersion_env/lib64/python3.11/site-packages/dynesty/plotting.py:252: RuntimeWarning: overflow encountered in exp
  np.exp(logwt), logz if logplot else np.exp(logz)
/ligo/home/ligo.org/pratyusava.baral/dispersion/dispersion_env/lib64/python3.11/site-packages/dynesty/plotting.py:282: RuntimeWarning: overflow encountered in exp
  zspan = (0., 1.05 * np.exp(logz[-1] + 3. * logzerr[-1]))
14:00 bilby WARNING : Axis limits cannot be NaN or Inf
14:00 bilby WARNING : Failed to create dynesty run plot at checkpoint
14:11 bilby INFO    : Written checkpoint file results/58/None_resume.pickle
/ligo/home/ligo.org/pratyusava.baral/dispersion/dispersion_env/lib64/python3.11/site-packages/dynesty/plotting.py:252: RuntimeWarning: overflow encountered in exp
  np.exp(logwt), logz if logplot else np.exp(logz)
/ligo/home/ligo.org/pratyusava.baral/dispersion/dispersion_env/lib64/python3.11/site-packages/dynesty/plotting.py:282: RuntimeWarning: overflow encountered in exp
  zspan = (0., 1.05 * np.exp(logz[-1] + 3. * logzerr[-1]))
14:12 bilby WARNING : Axis limits cannot be NaN or Inf
14:12 bilby WARNING : Failed to create dynesty run plot at checkpoint
14:24 bilby INFO    : Written checkpoint file results/58/None_resume.pickle
/ligo/home/ligo.org/pratyusava.baral/dispersion/dispersion_env/lib64/python3.11/site-packages/dynesty/plotting.py:252: RuntimeWarning: overflow encountered in exp
  np.exp(logwt), logz if logplot else np.exp(logz)
/ligo/home/ligo.org/pratyusava.baral/dispersion/dispersion_env/lib64/python3.11/site-packages/dynesty/plotting.py:282: RuntimeWarning: overflow encountered in exp
  zspan = (0., 1.05 * np.exp(logz[-1] + 3. * logzerr[-1]))
14:24 bilby WARNING : Axis limits cannot be NaN or Inf
14:24 bilby WARNING : Failed to create dynesty run plot at checkpoint
14:36 bilby INFO    : Written checkpoint file results/58/None_resume.pickle
/ligo/home/ligo.org/pratyusava.baral/dispersion/dispersion_env/lib64/python3.11/site-packages/dynesty/plotting.py:252: RuntimeWarning: overflow encountered in exp
  np.exp(logwt), logz if logplot else np.exp(logz)
/ligo/home/ligo.org/pratyusava.baral/dispersion/dispersion_env/lib64/python3.11/site-packages/dynesty/plotting.py:282: RuntimeWarning: overflow encountered in exp
  zspan = (0., 1.05 * np.exp(logz[-1] + 3. * logzerr[-1]))
14:37 bilby WARNING : Axis limits cannot be NaN or Inf
14:37 bilby WARNING : Failed to create dynesty run plot at checkpoint
14:51 bilby INFO    : Written checkpoint file results/58/None_resume.pickle
/ligo/home/ligo.org/pratyusava.baral/dispersion/dispersion_env/lib64/python3.11/site-packages/dynesty/plotting.py:252: RuntimeWarning: overflow encountered in exp
  np.exp(logwt), logz if logplot else np.exp(logz)
/ligo/home/ligo.org/pratyusava.baral/dispersion/dispersion_env/lib64/python3.11/site-packages/dynesty/plotting.py:282: RuntimeWarning: overflow encountered in exp
  zspan = (0., 1.05 * np.exp(logz[-1] + 3. * logzerr[-1]))
14:51 bilby WARNING : Axis limits cannot be NaN or Inf
14:51 bilby WARNING : Failed to create dynesty run plot at checkpoint
15:04 bilby INFO    : Written checkpoint file results/58/None_resume.pickle
/ligo/home/ligo.org/pratyusava.baral/dispersion/dispersion_env/lib64/python3.11/site-packages/dynesty/plotting.py:252: RuntimeWarning: overflow encountered in exp
  np.exp(logwt), logz if logplot else np.exp(logz)
/ligo/home/ligo.org/pratyusava.baral/dispersion/dispersion_env/lib64/python3.11/site-packages/dynesty/plotting.py:282: RuntimeWarning: overflow encountered in exp
  zspan = (0., 1.05 * np.exp(logz[-1] + 3. * logzerr[-1]))
15:04 bilby WARNING : Axis limits cannot be NaN or Inf
15:04 bilby WARNING : Failed to create dynesty run plot at checkpoint
15:19 bilby INFO    : Written checkpoint file results/58/None_resume.pickle
/ligo/home/ligo.org/pratyusava.baral/dispersion/dispersion_env/lib64/python3.11/site-packages/dynesty/plotting.py:252: RuntimeWarning: overflow encountered in exp
  np.exp(logwt), logz if logplot else np.exp(logz)
/ligo/home/ligo.org/pratyusava.baral/dispersion/dispersion_env/lib64/python3.11/site-packages/dynesty/plotting.py:282: RuntimeWarning: overflow encountered in exp
  zspan = (0., 1.05 * np.exp(logz[-1] + 3. * logzerr[-1]))
15:19 bilby WARNING : Axis limits cannot be NaN or Inf
15:19 bilby WARNING : Failed to create dynesty run plot at checkpoint
15:29 bilby INFO    : Written checkpoint file results/58/None_resume.pickle
/ligo/home/ligo.org/pratyusava.baral/dispersion/dispersion_env/lib64/python3.11/site-packages/dynesty/plotting.py:252: RuntimeWarning: overflow encountered in exp
  np.exp(logwt), logz if logplot else np.exp(logz)
/ligo/home/ligo.org/pratyusava.baral/dispersion/dispersion_env/lib64/python3.11/site-packages/dynesty/plotting.py:282: RuntimeWarning: overflow encountered in exp
  zspan = (0., 1.05 * np.exp(logz[-1] + 3. * logzerr[-1]))
15:30 bilby WARNING : Axis limits cannot be NaN or Inf
15:30 bilby WARNING : Failed to create dynesty run plot at checkpoint
15:43 bilby INFO    : Written checkpoint file results/58/None_resume.pickle
/ligo/home/ligo.org/pratyusava.baral/dispersion/dispersion_env/lib64/python3.11/site-packages/dynesty/plotting.py:252: RuntimeWarning: overflow encountered in exp
  np.exp(logwt), logz if logplot else np.exp(logz)
/ligo/home/ligo.org/pratyusava.baral/dispersion/dispersion_env/lib64/python3.11/site-packages/dynesty/plotting.py:282: RuntimeWarning: overflow encountered in exp
  zspan = (0., 1.05 * np.exp(logz[-1] + 3. * logzerr[-1]))
15:43 bilby WARNING : Axis limits cannot be NaN or Inf
15:43 bilby WARNING : Failed to create dynesty run plot at checkpoint
15:56 bilby INFO    : Written checkpoint file results/58/None_resume.pickle
/ligo/home/ligo.org/pratyusava.baral/dispersion/dispersion_env/lib64/python3.11/site-packages/dynesty/plotting.py:252: RuntimeWarning: overflow encountered in exp
  np.exp(logwt), logz if logplot else np.exp(logz)
/ligo/home/ligo.org/pratyusava.baral/dispersion/dispersion_env/lib64/python3.11/site-packages/dynesty/plotting.py:282: RuntimeWarning: overflow encountered in exp
  zspan = (0., 1.05 * np.exp(logz[-1] + 3. * logzerr[-1]))
15:56 bilby WARNING : Axis limits cannot be NaN or Inf
15:56 bilby WARNING : Failed to create dynesty run plot at checkpoint
16:10 bilby INFO    : Written checkpoint file results/58/None_resume.pickle
/ligo/home/ligo.org/pratyusava.baral/dispersion/dispersion_env/lib64/python3.11/site-packages/dynesty/plotting.py:252: RuntimeWarning: overflow encountered in exp
  np.exp(logwt), logz if logplot else np.exp(logz)
/ligo/home/ligo.org/pratyusava.baral/dispersion/dispersion_env/lib64/python3.11/site-packages/dynesty/plotting.py:282: RuntimeWarning: overflow encountered in exp
  zspan = (0., 1.05 * np.exp(logz[-1] + 3. * logzerr[-1]))
16:10 bilby WARNING : Axis limits cannot be NaN or Inf
16:10 bilby WARNING : Failed to create dynesty run plot at checkpoint
16:24 bilby INFO    : Written checkpoint file results/58/None_resume.pickle
/ligo/home/ligo.org/pratyusava.baral/dispersion/dispersion_env/lib64/python3.11/site-packages/dynesty/plotting.py:252: RuntimeWarning: overflow encountered in exp
  np.exp(logwt), logz if logplot else np.exp(logz)
/ligo/home/ligo.org/pratyusava.baral/dispersion/dispersion_env/lib64/python3.11/site-packages/dynesty/plotting.py:282: RuntimeWarning: overflow encountered in exp
  zspan = (0., 1.05 * np.exp(logz[-1] + 3. * logzerr[-1]))
16:25 bilby WARNING : Axis limits cannot be NaN or Inf
16:25 bilby WARNING : Failed to create dynesty run plot at checkpoint
16:38 bilby INFO    : Written checkpoint file results/58/None_resume.pickle
/ligo/home/ligo.org/pratyusava.baral/dispersion/dispersion_env/lib64/python3.11/site-packages/dynesty/plotting.py:252: RuntimeWarning: overflow encountered in exp
  np.exp(logwt), logz if logplot else np.exp(logz)
/ligo/home/ligo.org/pratyusava.baral/dispersion/dispersion_env/lib64/python3.11/site-packages/dynesty/plotting.py:282: RuntimeWarning: overflow encountered in exp
  zspan = (0., 1.05 * np.exp(logz[-1] + 3. * logzerr[-1]))
16:38 bilby WARNING : Axis limits cannot be NaN or Inf
16:38 bilby WARNING : Failed to create dynesty run plot at checkpoint
16:51 bilby INFO    : Written checkpoint file results/58/None_resume.pickle
/ligo/home/ligo.org/pratyusava.baral/dispersion/dispersion_env/lib64/python3.11/site-packages/dynesty/plotting.py:252: RuntimeWarning: overflow encountered in exp
  np.exp(logwt), logz if logplot else np.exp(logz)
/ligo/home/ligo.org/pratyusava.baral/dispersion/dispersion_env/lib64/python3.11/site-packages/dynesty/plotting.py:282: RuntimeWarning: overflow encountered in exp
  zspan = (0., 1.05 * np.exp(logz[-1] + 3. * logzerr[-1]))
16:51 bilby WARNING : Axis limits cannot be NaN or Inf
16:51 bilby WARNING : Failed to create dynesty run plot at checkpoint
17:03 bilby INFO    : Written checkpoint file results/58/None_resume.pickle
/ligo/home/ligo.org/pratyusava.baral/dispersion/dispersion_env/lib64/python3.11/site-packages/dynesty/plotting.py:252: RuntimeWarning: overflow encountered in exp
  np.exp(logwt), logz if logplot else np.exp(logz)
/ligo/home/ligo.org/pratyusava.baral/dispersion/dispersion_env/lib64/python3.11/site-packages/dynesty/plotting.py:282: RuntimeWarning: overflow encountered in exp
  zspan = (0., 1.05 * np.exp(logz[-1] + 3. * logzerr[-1]))
17:04 bilby WARNING : Axis limits cannot be NaN or Inf
17:04 bilby WARNING : Failed to create dynesty run plot at checkpoint
17:16 bilby INFO    : Written checkpoint file results/58/None_resume.pickle
/ligo/home/ligo.org/pratyusava.baral/dispersion/dispersion_env/lib64/python3.11/site-packages/dynesty/plotting.py:252: RuntimeWarning: overflow encountered in exp
  np.exp(logwt), logz if logplot else np.exp(logz)
/ligo/home/ligo.org/pratyusava.baral/dispersion/dispersion_env/lib64/python3.11/site-packages/dynesty/plotting.py:282: RuntimeWarning: overflow encountered in exp
  zspan = (0., 1.05 * np.exp(logz[-1] + 3. * logzerr[-1]))
17:16 bilby WARNING : Axis limits cannot be NaN or Inf
17:16 bilby WARNING : Failed to create dynesty run plot at checkpoint
17:29 bilby INFO    : Written checkpoint file results/58/None_resume.pickle
/ligo/home/ligo.org/pratyusava.baral/dispersion/dispersion_env/lib64/python3.11/site-packages/dynesty/plotting.py:252: RuntimeWarning: overflow encountered in exp
  np.exp(logwt), logz if logplot else np.exp(logz)
/ligo/home/ligo.org/pratyusava.baral/dispersion/dispersion_env/lib64/python3.11/site-packages/dynesty/plotting.py:282: RuntimeWarning: overflow encountered in exp
  zspan = (0., 1.05 * np.exp(logz[-1] + 3. * logzerr[-1]))
17:30 bilby WARNING : Axis limits cannot be NaN or Inf
17:30 bilby WARNING : Failed to create dynesty run plot at checkpoint
17:41 bilby INFO    : Written checkpoint file results/58/None_resume.pickle
/ligo/home/ligo.org/pratyusava.baral/dispersion/dispersion_env/lib64/python3.11/site-packages/dynesty/plotting.py:252: RuntimeWarning: overflow encountered in exp
  np.exp(logwt), logz if logplot else np.exp(logz)
/ligo/home/ligo.org/pratyusava.baral/dispersion/dispersion_env/lib64/python3.11/site-packages/dynesty/plotting.py:282: RuntimeWarning: overflow encountered in exp
  zspan = (0., 1.05 * np.exp(logz[-1] + 3. * logzerr[-1]))
17:42 bilby WARNING : Axis limits cannot be NaN or Inf
17:42 bilby WARNING : Failed to create dynesty run plot at checkpoint
17:54 bilby INFO    : Written checkpoint file results/58/None_resume.pickle
/ligo/home/ligo.org/pratyusava.baral/dispersion/dispersion_env/lib64/python3.11/site-packages/dynesty/plotting.py:252: RuntimeWarning: overflow encountered in exp
  np.exp(logwt), logz if logplot else np.exp(logz)
/ligo/home/ligo.org/pratyusava.baral/dispersion/dispersion_env/lib64/python3.11/site-packages/dynesty/plotting.py:282: RuntimeWarning: overflow encountered in exp
  zspan = (0., 1.05 * np.exp(logz[-1] + 3. * logzerr[-1]))
17:55 bilby WARNING : Axis limits cannot be NaN or Inf
17:55 bilby WARNING : Failed to create dynesty run plot at checkpoint
18:05 bilby INFO    : Written checkpoint file results/58/None_resume.pickle
/ligo/home/ligo.org/pratyusava.baral/dispersion/dispersion_env/lib64/python3.11/site-packages/dynesty/plotting.py:252: RuntimeWarning: overflow encountered in exp
  np.exp(logwt), logz if logplot else np.exp(logz)
/ligo/home/ligo.org/pratyusava.baral/dispersion/dispersion_env/lib64/python3.11/site-packages/dynesty/plotting.py:282: RuntimeWarning: overflow encountered in exp
  zspan = (0., 1.05 * np.exp(logz[-1] + 3. * logzerr[-1]))
18:05 bilby WARNING : Axis limits cannot be NaN or Inf
18:05 bilby WARNING : Failed to create dynesty run plot at checkpoint
18:16 bilby INFO    : Written checkpoint file results/58/None_resume.pickle
/ligo/home/ligo.org/pratyusava.baral/dispersion/dispersion_env/lib64/python3.11/site-packages/dynesty/plotting.py:252: RuntimeWarning: overflow encountered in exp
  np.exp(logwt), logz if logplot else np.exp(logz)
/ligo/home/ligo.org/pratyusava.baral/dispersion/dispersion_env/lib64/python3.11/site-packages/dynesty/plotting.py:282: RuntimeWarning: overflow encountered in exp
  zspan = (0., 1.05 * np.exp(logz[-1] + 3. * logzerr[-1]))
18:17 bilby WARNING : Axis limits cannot be NaN or Inf
18:17 bilby WARNING : Failed to create dynesty run plot at checkpoint
18:31 bilby INFO    : Written checkpoint file results/58/None_resume.pickle
/ligo/home/ligo.org/pratyusava.baral/dispersion/dispersion_env/lib64/python3.11/site-packages/dynesty/plotting.py:252: RuntimeWarning: overflow encountered in exp
  np.exp(logwt), logz if logplot else np.exp(logz)
/ligo/home/ligo.org/pratyusava.baral/dispersion/dispersion_env/lib64/python3.11/site-packages/dynesty/plotting.py:282: RuntimeWarning: overflow encountered in exp
  zspan = (0., 1.05 * np.exp(logz[-1] + 3. * logzerr[-1]))
18:32 bilby WARNING : Axis limits cannot be NaN or Inf
18:32 bilby WARNING : Failed to create dynesty run plot at checkpoint
18:45 bilby INFO    : Written checkpoint file results/58/None_resume.pickle
/ligo/home/ligo.org/pratyusava.baral/dispersion/dispersion_env/lib64/python3.11/site-packages/dynesty/plotting.py:252: RuntimeWarning: overflow encountered in exp
  np.exp(logwt), logz if logplot else np.exp(logz)
/ligo/home/ligo.org/pratyusava.baral/dispersion/dispersion_env/lib64/python3.11/site-packages/dynesty/plotting.py:282: RuntimeWarning: overflow encountered in exp
  zspan = (0., 1.05 * np.exp(logz[-1] + 3. * logzerr[-1]))
18:45 bilby WARNING : Axis limits cannot be NaN or Inf
18:45 bilby WARNING : Failed to create dynesty run plot at checkpoint
18:56 bilby INFO    : Written checkpoint file results/58/None_resume.pickle
/ligo/home/ligo.org/pratyusava.baral/dispersion/dispersion_env/lib64/python3.11/site-packages/dynesty/plotting.py:252: RuntimeWarning: overflow encountered in exp
  np.exp(logwt), logz if logplot else np.exp(logz)
/ligo/home/ligo.org/pratyusava.baral/dispersion/dispersion_env/lib64/python3.11/site-packages/dynesty/plotting.py:282: RuntimeWarning: overflow encountered in exp
  zspan = (0., 1.05 * np.exp(logz[-1] + 3. * logzerr[-1]))
18:56 bilby WARNING : Axis limits cannot be NaN or Inf
18:56 bilby WARNING : Failed to create dynesty run plot at checkpoint
19:10 bilby INFO    : Written checkpoint file results/58/None_resume.pickle
/ligo/home/ligo.org/pratyusava.baral/dispersion/dispersion_env/lib64/python3.11/site-packages/dynesty/plotting.py:252: RuntimeWarning: overflow encountered in exp
  np.exp(logwt), logz if logplot else np.exp(logz)
/ligo/home/ligo.org/pratyusava.baral/dispersion/dispersion_env/lib64/python3.11/site-packages/dynesty/plotting.py:282: RuntimeWarning: overflow encountered in exp
  zspan = (0., 1.05 * np.exp(logz[-1] + 3. * logzerr[-1]))
19:10 bilby WARNING : Axis limits cannot be NaN or Inf
19:10 bilby WARNING : Failed to create dynesty run plot at checkpoint
19:21 bilby INFO    : Written checkpoint file results/58/None_resume.pickle
/ligo/home/ligo.org/pratyusava.baral/dispersion/dispersion_env/lib64/python3.11/site-packages/dynesty/plotting.py:252: RuntimeWarning: overflow encountered in exp
  np.exp(logwt), logz if logplot else np.exp(logz)
/ligo/home/ligo.org/pratyusava.baral/dispersion/dispersion_env/lib64/python3.11/site-packages/dynesty/plotting.py:282: RuntimeWarning: overflow encountered in exp
  zspan = (0., 1.05 * np.exp(logz[-1] + 3. * logzerr[-1]))
19:21 bilby WARNING : Axis limits cannot be NaN or Inf
19:21 bilby WARNING : Failed to create dynesty run plot at checkpoint
19:35 bilby INFO    : Written checkpoint file results/58/None_resume.pickle
/ligo/home/ligo.org/pratyusava.baral/dispersion/dispersion_env/lib64/python3.11/site-packages/dynesty/plotting.py:252: RuntimeWarning: overflow encountered in exp
  np.exp(logwt), logz if logplot else np.exp(logz)
/ligo/home/ligo.org/pratyusava.baral/dispersion/dispersion_env/lib64/python3.11/site-packages/dynesty/plotting.py:282: RuntimeWarning: overflow encountered in exp
  zspan = (0., 1.05 * np.exp(logz[-1] + 3. * logzerr[-1]))
19:36 bilby WARNING : Axis limits cannot be NaN or Inf
19:36 bilby WARNING : Failed to create dynesty run plot at checkpoint
19:47 bilby INFO    : Written checkpoint file results/58/None_resume.pickle
/ligo/home/ligo.org/pratyusava.baral/dispersion/dispersion_env/lib64/python3.11/site-packages/dynesty/plotting.py:252: RuntimeWarning: overflow encountered in exp
  np.exp(logwt), logz if logplot else np.exp(logz)
/ligo/home/ligo.org/pratyusava.baral/dispersion/dispersion_env/lib64/python3.11/site-packages/dynesty/plotting.py:282: RuntimeWarning: overflow encountered in exp
  zspan = (0., 1.05 * np.exp(logz[-1] + 3. * logzerr[-1]))
19:47 bilby WARNING : Axis limits cannot be NaN or Inf
19:47 bilby WARNING : Failed to create dynesty run plot at checkpoint
20:01 bilby INFO    : Written checkpoint file results/58/None_resume.pickle
/ligo/home/ligo.org/pratyusava.baral/dispersion/dispersion_env/lib64/python3.11/site-packages/dynesty/plotting.py:252: RuntimeWarning: overflow encountered in exp
  np.exp(logwt), logz if logplot else np.exp(logz)
/ligo/home/ligo.org/pratyusava.baral/dispersion/dispersion_env/lib64/python3.11/site-packages/dynesty/plotting.py:282: RuntimeWarning: overflow encountered in exp
  zspan = (0., 1.05 * np.exp(logz[-1] + 3. * logzerr[-1]))
20:02 bilby WARNING : Axis limits cannot be NaN or Inf
20:02 bilby WARNING : Failed to create dynesty run plot at checkpoint
20:14 bilby INFO    : Written checkpoint file results/58/None_resume.pickle
/ligo/home/ligo.org/pratyusava.baral/dispersion/dispersion_env/lib64/python3.11/site-packages/dynesty/plotting.py:252: RuntimeWarning: overflow encountered in exp
  np.exp(logwt), logz if logplot else np.exp(logz)
/ligo/home/ligo.org/pratyusava.baral/dispersion/dispersion_env/lib64/python3.11/site-packages/dynesty/plotting.py:282: RuntimeWarning: overflow encountered in exp
  zspan = (0., 1.05 * np.exp(logz[-1] + 3. * logzerr[-1]))
20:14 bilby WARNING : Axis limits cannot be NaN or Inf
20:14 bilby WARNING : Failed to create dynesty run plot at checkpoint
20:26 bilby INFO    : Written checkpoint file results/58/None_resume.pickle
/ligo/home/ligo.org/pratyusava.baral/dispersion/dispersion_env/lib64/python3.11/site-packages/dynesty/plotting.py:252: RuntimeWarning: overflow encountered in exp
  np.exp(logwt), logz if logplot else np.exp(logz)
/ligo/home/ligo.org/pratyusava.baral/dispersion/dispersion_env/lib64/python3.11/site-packages/dynesty/plotting.py:282: RuntimeWarning: overflow encountered in exp
  zspan = (0., 1.05 * np.exp(logz[-1] + 3. * logzerr[-1]))
20:26 bilby WARNING : Axis limits cannot be NaN or Inf
20:26 bilby WARNING : Failed to create dynesty run plot at checkpoint
20:38 bilby INFO    : Written checkpoint file results/58/None_resume.pickle
/ligo/home/ligo.org/pratyusava.baral/dispersion/dispersion_env/lib64/python3.11/site-packages/dynesty/plotting.py:252: RuntimeWarning: overflow encountered in exp
  np.exp(logwt), logz if logplot else np.exp(logz)
/ligo/home/ligo.org/pratyusava.baral/dispersion/dispersion_env/lib64/python3.11/site-packages/dynesty/plotting.py:282: RuntimeWarning: overflow encountered in exp
  zspan = (0., 1.05 * np.exp(logz[-1] + 3. * logzerr[-1]))
20:38 bilby WARNING : Axis limits cannot be NaN or Inf
20:38 bilby WARNING : Failed to create dynesty run plot at checkpoint
20:49 bilby INFO    : Written checkpoint file results/58/None_resume.pickle
/ligo/home/ligo.org/pratyusava.baral/dispersion/dispersion_env/lib64/python3.11/site-packages/dynesty/plotting.py:252: RuntimeWarning: overflow encountered in exp
  np.exp(logwt), logz if logplot else np.exp(logz)
/ligo/home/ligo.org/pratyusava.baral/dispersion/dispersion_env/lib64/python3.11/site-packages/dynesty/plotting.py:282: RuntimeWarning: overflow encountered in exp
  zspan = (0., 1.05 * np.exp(logz[-1] + 3. * logzerr[-1]))
20:50 bilby WARNING : Axis limits cannot be NaN or Inf
20:50 bilby WARNING : Failed to create dynesty run plot at checkpoint
21:00 bilby INFO    : Written checkpoint file results/58/None_resume.pickle
/ligo/home/ligo.org/pratyusava.baral/dispersion/dispersion_env/lib64/python3.11/site-packages/dynesty/plotting.py:252: RuntimeWarning: overflow encountered in exp
  np.exp(logwt), logz if logplot else np.exp(logz)
/ligo/home/ligo.org/pratyusava.baral/dispersion/dispersion_env/lib64/python3.11/site-packages/dynesty/plotting.py:282: RuntimeWarning: overflow encountered in exp
  zspan = (0., 1.05 * np.exp(logz[-1] + 3. * logzerr[-1]))
21:00 bilby WARNING : Axis limits cannot be NaN or Inf
21:00 bilby WARNING : Failed to create dynesty run plot at checkpoint
21:14 bilby INFO    : Written checkpoint file results/58/None_resume.pickle
/ligo/home/ligo.org/pratyusava.baral/dispersion/dispersion_env/lib64/python3.11/site-packages/dynesty/plotting.py:252: RuntimeWarning: overflow encountered in exp
  np.exp(logwt), logz if logplot else np.exp(logz)
/ligo/home/ligo.org/pratyusava.baral/dispersion/dispersion_env/lib64/python3.11/site-packages/dynesty/plotting.py:282: RuntimeWarning: overflow encountered in exp
  zspan = (0., 1.05 * np.exp(logz[-1] + 3. * logzerr[-1]))
21:14 bilby WARNING : Axis limits cannot be NaN or Inf
21:14 bilby WARNING : Failed to create dynesty run plot at checkpoint
21:28 bilby INFO    : Written checkpoint file results/58/None_resume.pickle
/ligo/home/ligo.org/pratyusava.baral/dispersion/dispersion_env/lib64/python3.11/site-packages/dynesty/plotting.py:252: RuntimeWarning: overflow encountered in exp
  np.exp(logwt), logz if logplot else np.exp(logz)
/ligo/home/ligo.org/pratyusava.baral/dispersion/dispersion_env/lib64/python3.11/site-packages/dynesty/plotting.py:282: RuntimeWarning: overflow encountered in exp
  zspan = (0., 1.05 * np.exp(logz[-1] + 3. * logzerr[-1]))
21:29 bilby WARNING : Axis limits cannot be NaN or Inf
21:29 bilby WARNING : Failed to create dynesty run plot at checkpoint
21:40 bilby INFO    : Written checkpoint file results/58/None_resume.pickle
/ligo/home/ligo.org/pratyusava.baral/dispersion/dispersion_env/lib64/python3.11/site-packages/dynesty/plotting.py:252: RuntimeWarning: overflow encountered in exp
  np.exp(logwt), logz if logplot else np.exp(logz)
/ligo/home/ligo.org/pratyusava.baral/dispersion/dispersion_env/lib64/python3.11/site-packages/dynesty/plotting.py:282: RuntimeWarning: overflow encountered in exp
  zspan = (0., 1.05 * np.exp(logz[-1] + 3. * logzerr[-1]))
21:41 bilby WARNING : Axis limits cannot be NaN or Inf
21:41 bilby WARNING : Failed to create dynesty run plot at checkpoint
21:55 bilby INFO    : Written checkpoint file results/58/None_resume.pickle
/ligo/home/ligo.org/pratyusava.baral/dispersion/dispersion_env/lib64/python3.11/site-packages/dynesty/plotting.py:252: RuntimeWarning: overflow encountered in exp
  np.exp(logwt), logz if logplot else np.exp(logz)
/ligo/home/ligo.org/pratyusava.baral/dispersion/dispersion_env/lib64/python3.11/site-packages/dynesty/plotting.py:282: RuntimeWarning: overflow encountered in exp
  zspan = (0., 1.05 * np.exp(logz[-1] + 3. * logzerr[-1]))
21:55 bilby WARNING : Axis limits cannot be NaN or Inf
21:55 bilby WARNING : Failed to create dynesty run plot at checkpoint
22:09 bilby INFO    : Written checkpoint file results/58/None_resume.pickle
/ligo/home/ligo.org/pratyusava.baral/dispersion/dispersion_env/lib64/python3.11/site-packages/dynesty/plotting.py:252: RuntimeWarning: overflow encountered in exp
  np.exp(logwt), logz if logplot else np.exp(logz)
/ligo/home/ligo.org/pratyusava.baral/dispersion/dispersion_env/lib64/python3.11/site-packages/dynesty/plotting.py:282: RuntimeWarning: overflow encountered in exp
  zspan = (0., 1.05 * np.exp(logz[-1] + 3. * logzerr[-1]))
22:10 bilby WARNING : Axis limits cannot be NaN or Inf
22:10 bilby WARNING : Failed to create dynesty run plot at checkpoint
22:24 bilby INFO    : Written checkpoint file results/58/None_resume.pickle
/ligo/home/ligo.org/pratyusava.baral/dispersion/dispersion_env/lib64/python3.11/site-packages/dynesty/plotting.py:252: RuntimeWarning: overflow encountered in exp
  np.exp(logwt), logz if logplot else np.exp(logz)
/ligo/home/ligo.org/pratyusava.baral/dispersion/dispersion_env/lib64/python3.11/site-packages/dynesty/plotting.py:282: RuntimeWarning: overflow encountered in exp
  zspan = (0., 1.05 * np.exp(logz[-1] + 3. * logzerr[-1]))
22:24 bilby WARNING : Axis limits cannot be NaN or Inf
22:24 bilby WARNING : Failed to create dynesty run plot at checkpoint
22:35 bilby INFO    : Written checkpoint file results/58/None_resume.pickle
/ligo/home/ligo.org/pratyusava.baral/dispersion/dispersion_env/lib64/python3.11/site-packages/dynesty/plotting.py:252: RuntimeWarning: overflow encountered in exp
  np.exp(logwt), logz if logplot else np.exp(logz)
/ligo/home/ligo.org/pratyusava.baral/dispersion/dispersion_env/lib64/python3.11/site-packages/dynesty/plotting.py:282: RuntimeWarning: overflow encountered in exp
  zspan = (0., 1.05 * np.exp(logz[-1] + 3. * logzerr[-1]))
22:35 bilby WARNING : Axis limits cannot be NaN or Inf
22:35 bilby WARNING : Failed to create dynesty run plot at checkpoint
22:49 bilby INFO    : Written checkpoint file results/58/None_resume.pickle
/ligo/home/ligo.org/pratyusava.baral/dispersion/dispersion_env/lib64/python3.11/site-packages/dynesty/plotting.py:252: RuntimeWarning: overflow encountered in exp
  np.exp(logwt), logz if logplot else np.exp(logz)
/ligo/home/ligo.org/pratyusava.baral/dispersion/dispersion_env/lib64/python3.11/site-packages/dynesty/plotting.py:282: RuntimeWarning: overflow encountered in exp
  zspan = (0., 1.05 * np.exp(logz[-1] + 3. * logzerr[-1]))
22:50 bilby WARNING : Axis limits cannot be NaN or Inf
22:50 bilby WARNING : Failed to create dynesty run plot at checkpoint
23:04 bilby INFO    : Written checkpoint file results/58/None_resume.pickle
/ligo/home/ligo.org/pratyusava.baral/dispersion/dispersion_env/lib64/python3.11/site-packages/dynesty/plotting.py:252: RuntimeWarning: overflow encountered in exp
  np.exp(logwt), logz if logplot else np.exp(logz)
/ligo/home/ligo.org/pratyusava.baral/dispersion/dispersion_env/lib64/python3.11/site-packages/dynesty/plotting.py:282: RuntimeWarning: overflow encountered in exp
  zspan = (0., 1.05 * np.exp(logz[-1] + 3. * logzerr[-1]))
23:04 bilby WARNING : Axis limits cannot be NaN or Inf
23:04 bilby WARNING : Failed to create dynesty run plot at checkpoint
23:18 bilby INFO    : Written checkpoint file results/58/None_resume.pickle
/ligo/home/ligo.org/pratyusava.baral/dispersion/dispersion_env/lib64/python3.11/site-packages/dynesty/plotting.py:252: RuntimeWarning: overflow encountered in exp
  np.exp(logwt), logz if logplot else np.exp(logz)
/ligo/home/ligo.org/pratyusava.baral/dispersion/dispersion_env/lib64/python3.11/site-packages/dynesty/plotting.py:282: RuntimeWarning: overflow encountered in exp
  zspan = (0., 1.05 * np.exp(logz[-1] + 3. * logzerr[-1]))
23:19 bilby WARNING : Axis limits cannot be NaN or Inf
23:19 bilby WARNING : Failed to create dynesty run plot at checkpoint
23:29 bilby INFO    : Written checkpoint file results/58/None_resume.pickle
/ligo/home/ligo.org/pratyusava.baral/dispersion/dispersion_env/lib64/python3.11/site-packages/dynesty/plotting.py:252: RuntimeWarning: overflow encountered in exp
  np.exp(logwt), logz if logplot else np.exp(logz)
/ligo/home/ligo.org/pratyusava.baral/dispersion/dispersion_env/lib64/python3.11/site-packages/dynesty/plotting.py:282: RuntimeWarning: overflow encountered in exp
  zspan = (0., 1.05 * np.exp(logz[-1] + 3. * logzerr[-1]))
23:29 bilby WARNING : Axis limits cannot be NaN or Inf
23:29 bilby WARNING : Failed to create dynesty run plot at checkpoint
23:43 bilby INFO    : Written checkpoint file results/58/None_resume.pickle
/ligo/home/ligo.org/pratyusava.baral/dispersion/dispersion_env/lib64/python3.11/site-packages/dynesty/plotting.py:252: RuntimeWarning: overflow encountered in exp
  np.exp(logwt), logz if logplot else np.exp(logz)
/ligo/home/ligo.org/pratyusava.baral/dispersion/dispersion_env/lib64/python3.11/site-packages/dynesty/plotting.py:282: RuntimeWarning: overflow encountered in exp
  zspan = (0., 1.05 * np.exp(logz[-1] + 3. * logzerr[-1]))
23:43 bilby WARNING : Axis limits cannot be NaN or Inf
23:43 bilby WARNING : Failed to create dynesty run plot at checkpoint
23:54 bilby INFO    : Written checkpoint file results/58/None_resume.pickle
/ligo/home/ligo.org/pratyusava.baral/dispersion/dispersion_env/lib64/python3.11/site-packages/dynesty/plotting.py:252: RuntimeWarning: overflow encountered in exp
  np.exp(logwt), logz if logplot else np.exp(logz)
/ligo/home/ligo.org/pratyusava.baral/dispersion/dispersion_env/lib64/python3.11/site-packages/dynesty/plotting.py:282: RuntimeWarning: overflow encountered in exp
  zspan = (0., 1.05 * np.exp(logz[-1] + 3. * logzerr[-1]))
23:55 bilby WARNING : Axis limits cannot be NaN or Inf
23:55 bilby WARNING : Failed to create dynesty run plot at checkpoint
00:09 bilby INFO    : Written checkpoint file results/58/None_resume.pickle
/ligo/home/ligo.org/pratyusava.baral/dispersion/dispersion_env/lib64/python3.11/site-packages/dynesty/plotting.py:252: RuntimeWarning: overflow encountered in exp
  np.exp(logwt), logz if logplot else np.exp(logz)
/ligo/home/ligo.org/pratyusava.baral/dispersion/dispersion_env/lib64/python3.11/site-packages/dynesty/plotting.py:282: RuntimeWarning: overflow encountered in exp
  zspan = (0., 1.05 * np.exp(logz[-1] + 3. * logzerr[-1]))
00:09 bilby WARNING : Axis limits cannot be NaN or Inf
00:09 bilby WARNING : Failed to create dynesty run plot at checkpoint
00:21 bilby INFO    : Written checkpoint file results/58/None_resume.pickle
/ligo/home/ligo.org/pratyusava.baral/dispersion/dispersion_env/lib64/python3.11/site-packages/dynesty/plotting.py:252: RuntimeWarning: overflow encountered in exp
  np.exp(logwt), logz if logplot else np.exp(logz)
/ligo/home/ligo.org/pratyusava.baral/dispersion/dispersion_env/lib64/python3.11/site-packages/dynesty/plotting.py:282: RuntimeWarning: overflow encountered in exp
  zspan = (0., 1.05 * np.exp(logz[-1] + 3. * logzerr[-1]))
00:21 bilby WARNING : Axis limits cannot be NaN or Inf
00:21 bilby WARNING : Failed to create dynesty run plot at checkpoint
00:33 bilby INFO    : Written checkpoint file results/58/None_resume.pickle
/ligo/home/ligo.org/pratyusava.baral/dispersion/dispersion_env/lib64/python3.11/site-packages/dynesty/plotting.py:252: RuntimeWarning: overflow encountered in exp
  np.exp(logwt), logz if logplot else np.exp(logz)
/ligo/home/ligo.org/pratyusava.baral/dispersion/dispersion_env/lib64/python3.11/site-packages/dynesty/plotting.py:282: RuntimeWarning: overflow encountered in exp
  zspan = (0., 1.05 * np.exp(logz[-1] + 3. * logzerr[-1]))
00:34 bilby WARNING : Axis limits cannot be NaN or Inf
00:34 bilby WARNING : Failed to create dynesty run plot at checkpoint
00:44 bilby INFO    : Written checkpoint file results/58/None_resume.pickle
/ligo/home/ligo.org/pratyusava.baral/dispersion/dispersion_env/lib64/python3.11/site-packages/dynesty/plotting.py:252: RuntimeWarning: overflow encountered in exp
  np.exp(logwt), logz if logplot else np.exp(logz)
/ligo/home/ligo.org/pratyusava.baral/dispersion/dispersion_env/lib64/python3.11/site-packages/dynesty/plotting.py:282: RuntimeWarning: overflow encountered in exp
  zspan = (0., 1.05 * np.exp(logz[-1] + 3. * logzerr[-1]))
00:45 bilby WARNING : Axis limits cannot be NaN or Inf
00:45 bilby WARNING : Failed to create dynesty run plot at checkpoint
00:55 bilby INFO    : Written checkpoint file results/58/None_resume.pickle
/ligo/home/ligo.org/pratyusava.baral/dispersion/dispersion_env/lib64/python3.11/site-packages/dynesty/plotting.py:252: RuntimeWarning: overflow encountered in exp
  np.exp(logwt), logz if logplot else np.exp(logz)
/ligo/home/ligo.org/pratyusava.baral/dispersion/dispersion_env/lib64/python3.11/site-packages/dynesty/plotting.py:282: RuntimeWarning: overflow encountered in exp
  zspan = (0., 1.05 * np.exp(logz[-1] + 3. * logzerr[-1]))
00:55 bilby WARNING : Axis limits cannot be NaN or Inf
00:55 bilby WARNING : Failed to create dynesty run plot at checkpoint
01:06 bilby INFO    : Written checkpoint file results/58/None_resume.pickle
/ligo/home/ligo.org/pratyusava.baral/dispersion/dispersion_env/lib64/python3.11/site-packages/dynesty/plotting.py:252: RuntimeWarning: overflow encountered in exp
  np.exp(logwt), logz if logplot else np.exp(logz)
/ligo/home/ligo.org/pratyusava.baral/dispersion/dispersion_env/lib64/python3.11/site-packages/dynesty/plotting.py:282: RuntimeWarning: overflow encountered in exp
  zspan = (0., 1.05 * np.exp(logz[-1] + 3. * logzerr[-1]))
01:07 bilby WARNING : Axis limits cannot be NaN or Inf
01:07 bilby WARNING : Failed to create dynesty run plot at checkpoint
01:20 bilby INFO    : Written checkpoint file results/58/None_resume.pickle
/ligo/home/ligo.org/pratyusava.baral/dispersion/dispersion_env/lib64/python3.11/site-packages/dynesty/plotting.py:252: RuntimeWarning: overflow encountered in exp
  np.exp(logwt), logz if logplot else np.exp(logz)
/ligo/home/ligo.org/pratyusava.baral/dispersion/dispersion_env/lib64/python3.11/site-packages/dynesty/plotting.py:282: RuntimeWarning: overflow encountered in exp
  zspan = (0., 1.05 * np.exp(logz[-1] + 3. * logzerr[-1]))
01:20 bilby WARNING : Axis limits cannot be NaN or Inf
01:20 bilby WARNING : Failed to create dynesty run plot at checkpoint
01:30 bilby INFO    : Written checkpoint file results/58/None_resume.pickle
/ligo/home/ligo.org/pratyusava.baral/dispersion/dispersion_env/lib64/python3.11/site-packages/dynesty/plotting.py:252: RuntimeWarning: overflow encountered in exp
  np.exp(logwt), logz if logplot else np.exp(logz)
/ligo/home/ligo.org/pratyusava.baral/dispersion/dispersion_env/lib64/python3.11/site-packages/dynesty/plotting.py:282: RuntimeWarning: overflow encountered in exp
  zspan = (0., 1.05 * np.exp(logz[-1] + 3. * logzerr[-1]))
01:31 bilby WARNING : Axis limits cannot be NaN or Inf
01:31 bilby WARNING : Failed to create dynesty run plot at checkpoint
01:42 bilby INFO    : Written checkpoint file results/58/None_resume.pickle
/ligo/home/ligo.org/pratyusava.baral/dispersion/dispersion_env/lib64/python3.11/site-packages/dynesty/plotting.py:252: RuntimeWarning: overflow encountered in exp
  np.exp(logwt), logz if logplot else np.exp(logz)
/ligo/home/ligo.org/pratyusava.baral/dispersion/dispersion_env/lib64/python3.11/site-packages/dynesty/plotting.py:282: RuntimeWarning: overflow encountered in exp
  zspan = (0., 1.05 * np.exp(logz[-1] + 3. * logzerr[-1]))
01:43 bilby WARNING : Axis limits cannot be NaN or Inf
01:43 bilby WARNING : Failed to create dynesty run plot at checkpoint
01:53 bilby INFO    : Written checkpoint file results/58/None_resume.pickle
/ligo/home/ligo.org/pratyusava.baral/dispersion/dispersion_env/lib64/python3.11/site-packages/dynesty/plotting.py:252: RuntimeWarning: overflow encountered in exp
  np.exp(logwt), logz if logplot else np.exp(logz)
/ligo/home/ligo.org/pratyusava.baral/dispersion/dispersion_env/lib64/python3.11/site-packages/dynesty/plotting.py:282: RuntimeWarning: overflow encountered in exp
  zspan = (0., 1.05 * np.exp(logz[-1] + 3. * logzerr[-1]))
01:53 bilby WARNING : Axis limits cannot be NaN or Inf
01:53 bilby WARNING : Failed to create dynesty run plot at checkpoint
02:08 bilby INFO    : Written checkpoint file results/58/None_resume.pickle
/ligo/home/ligo.org/pratyusava.baral/dispersion/dispersion_env/lib64/python3.11/site-packages/dynesty/plotting.py:252: RuntimeWarning: overflow encountered in exp
  np.exp(logwt), logz if logplot else np.exp(logz)
/ligo/home/ligo.org/pratyusava.baral/dispersion/dispersion_env/lib64/python3.11/site-packages/dynesty/plotting.py:282: RuntimeWarning: overflow encountered in exp
  zspan = (0., 1.05 * np.exp(logz[-1] + 3. * logzerr[-1]))
02:08 bilby WARNING : Axis limits cannot be NaN or Inf
02:08 bilby WARNING : Failed to create dynesty run plot at checkpoint
02:19 bilby INFO    : Written checkpoint file results/58/None_resume.pickle
/ligo/home/ligo.org/pratyusava.baral/dispersion/dispersion_env/lib64/python3.11/site-packages/dynesty/plotting.py:252: RuntimeWarning: overflow encountered in exp
  np.exp(logwt), logz if logplot else np.exp(logz)
/ligo/home/ligo.org/pratyusava.baral/dispersion/dispersion_env/lib64/python3.11/site-packages/dynesty/plotting.py:282: RuntimeWarning: overflow encountered in exp
  zspan = (0., 1.05 * np.exp(logz[-1] + 3. * logzerr[-1]))
02:19 bilby WARNING : Axis limits cannot be NaN or Inf
02:19 bilby WARNING : Failed to create dynesty run plot at checkpoint
02:32 bilby INFO    : Written checkpoint file results/58/None_resume.pickle
/ligo/home/ligo.org/pratyusava.baral/dispersion/dispersion_env/lib64/python3.11/site-packages/dynesty/plotting.py:252: RuntimeWarning: overflow encountered in exp
  np.exp(logwt), logz if logplot else np.exp(logz)
/ligo/home/ligo.org/pratyusava.baral/dispersion/dispersion_env/lib64/python3.11/site-packages/dynesty/plotting.py:282: RuntimeWarning: overflow encountered in exp
  zspan = (0., 1.05 * np.exp(logz[-1] + 3. * logzerr[-1]))
02:33 bilby WARNING : Axis limits cannot be NaN or Inf
02:33 bilby WARNING : Failed to create dynesty run plot at checkpoint
02:43 bilby INFO    : Written checkpoint file results/58/None_resume.pickle
/ligo/home/ligo.org/pratyusava.baral/dispersion/dispersion_env/lib64/python3.11/site-packages/dynesty/plotting.py:252: RuntimeWarning: overflow encountered in exp
  np.exp(logwt), logz if logplot else np.exp(logz)
/ligo/home/ligo.org/pratyusava.baral/dispersion/dispersion_env/lib64/python3.11/site-packages/dynesty/plotting.py:282: RuntimeWarning: overflow encountered in exp
  zspan = (0., 1.05 * np.exp(logz[-1] + 3. * logzerr[-1]))
02:43 bilby WARNING : Axis limits cannot be NaN or Inf
02:43 bilby WARNING : Failed to create dynesty run plot at checkpoint
02:56 bilby INFO    : Written checkpoint file results/58/None_resume.pickle
/ligo/home/ligo.org/pratyusava.baral/dispersion/dispersion_env/lib64/python3.11/site-packages/dynesty/plotting.py:252: RuntimeWarning: overflow encountered in exp
  np.exp(logwt), logz if logplot else np.exp(logz)
/ligo/home/ligo.org/pratyusava.baral/dispersion/dispersion_env/lib64/python3.11/site-packages/dynesty/plotting.py:282: RuntimeWarning: overflow encountered in exp
  zspan = (0., 1.05 * np.exp(logz[-1] + 3. * logzerr[-1]))
02:56 bilby WARNING : Axis limits cannot be NaN or Inf
02:56 bilby WARNING : Failed to create dynesty run plot at checkpoint
03:11 bilby INFO    : Written checkpoint file results/58/None_resume.pickle
/ligo/home/ligo.org/pratyusava.baral/dispersion/dispersion_env/lib64/python3.11/site-packages/dynesty/plotting.py:252: RuntimeWarning: overflow encountered in exp
  np.exp(logwt), logz if logplot else np.exp(logz)
/ligo/home/ligo.org/pratyusava.baral/dispersion/dispersion_env/lib64/python3.11/site-packages/dynesty/plotting.py:282: RuntimeWarning: overflow encountered in exp
  zspan = (0., 1.05 * np.exp(logz[-1] + 3. * logzerr[-1]))
03:11 bilby WARNING : Axis limits cannot be NaN or Inf
03:11 bilby WARNING : Failed to create dynesty run plot at checkpoint
03:24 bilby INFO    : Written checkpoint file results/58/None_resume.pickle
/ligo/home/ligo.org/pratyusava.baral/dispersion/dispersion_env/lib64/python3.11/site-packages/dynesty/plotting.py:252: RuntimeWarning: overflow encountered in exp
  np.exp(logwt), logz if logplot else np.exp(logz)
/ligo/home/ligo.org/pratyusava.baral/dispersion/dispersion_env/lib64/python3.11/site-packages/dynesty/plotting.py:282: RuntimeWarning: overflow encountered in exp
  zspan = (0., 1.05 * np.exp(logz[-1] + 3. * logzerr[-1]))
03:24 bilby WARNING : Axis limits cannot be NaN or Inf
03:24 bilby WARNING : Failed to create dynesty run plot at checkpoint
03:37 bilby INFO    : Written checkpoint file results/58/None_resume.pickle
/ligo/home/ligo.org/pratyusava.baral/dispersion/dispersion_env/lib64/python3.11/site-packages/dynesty/plotting.py:252: RuntimeWarning: overflow encountered in exp
  np.exp(logwt), logz if logplot else np.exp(logz)
/ligo/home/ligo.org/pratyusava.baral/dispersion/dispersion_env/lib64/python3.11/site-packages/dynesty/plotting.py:282: RuntimeWarning: overflow encountered in exp
  zspan = (0., 1.05 * np.exp(logz[-1] + 3. * logzerr[-1]))
03:37 bilby WARNING : Axis limits cannot be NaN or Inf
03:37 bilby WARNING : Failed to create dynesty run plot at checkpoint
03:50 bilby INFO    : Written checkpoint file results/58/None_resume.pickle
/ligo/home/ligo.org/pratyusava.baral/dispersion/dispersion_env/lib64/python3.11/site-packages/dynesty/plotting.py:252: RuntimeWarning: overflow encountered in exp
  np.exp(logwt), logz if logplot else np.exp(logz)
/ligo/home/ligo.org/pratyusava.baral/dispersion/dispersion_env/lib64/python3.11/site-packages/dynesty/plotting.py:282: RuntimeWarning: overflow encountered in exp
  zspan = (0., 1.05 * np.exp(logz[-1] + 3. * logzerr[-1]))
03:51 bilby WARNING : Axis limits cannot be NaN or Inf
03:51 bilby WARNING : Failed to create dynesty run plot at checkpoint
04:04 bilby INFO    : Written checkpoint file results/58/None_resume.pickle
/ligo/home/ligo.org/pratyusava.baral/dispersion/dispersion_env/lib64/python3.11/site-packages/dynesty/plotting.py:252: RuntimeWarning: overflow encountered in exp
  np.exp(logwt), logz if logplot else np.exp(logz)
/ligo/home/ligo.org/pratyusava.baral/dispersion/dispersion_env/lib64/python3.11/site-packages/dynesty/plotting.py:282: RuntimeWarning: overflow encountered in exp
  zspan = (0., 1.05 * np.exp(logz[-1] + 3. * logzerr[-1]))
04:05 bilby WARNING : Axis limits cannot be NaN or Inf
04:05 bilby WARNING : Failed to create dynesty run plot at checkpoint
04:18 bilby INFO    : Written checkpoint file results/58/None_resume.pickle
/ligo/home/ligo.org/pratyusava.baral/dispersion/dispersion_env/lib64/python3.11/site-packages/dynesty/plotting.py:252: RuntimeWarning: overflow encountered in exp
  np.exp(logwt), logz if logplot else np.exp(logz)
/ligo/home/ligo.org/pratyusava.baral/dispersion/dispersion_env/lib64/python3.11/site-packages/dynesty/plotting.py:282: RuntimeWarning: overflow encountered in exp
  zspan = (0., 1.05 * np.exp(logz[-1] + 3. * logzerr[-1]))
04:18 bilby WARNING : Axis limits cannot be NaN or Inf
04:18 bilby WARNING : Failed to create dynesty run plot at checkpoint
04:30 bilby INFO    : Written checkpoint file results/58/None_resume.pickle
/ligo/home/ligo.org/pratyusava.baral/dispersion/dispersion_env/lib64/python3.11/site-packages/dynesty/plotting.py:252: RuntimeWarning: overflow encountered in exp
  np.exp(logwt), logz if logplot else np.exp(logz)
/ligo/home/ligo.org/pratyusava.baral/dispersion/dispersion_env/lib64/python3.11/site-packages/dynesty/plotting.py:282: RuntimeWarning: overflow encountered in exp
  zspan = (0., 1.05 * np.exp(logz[-1] + 3. * logzerr[-1]))
04:31 bilby WARNING : Axis limits cannot be NaN or Inf
04:31 bilby WARNING : Failed to create dynesty run plot at checkpoint
04:41 bilby INFO    : Written checkpoint file results/58/None_resume.pickle
/ligo/home/ligo.org/pratyusava.baral/dispersion/dispersion_env/lib64/python3.11/site-packages/dynesty/plotting.py:252: RuntimeWarning: overflow encountered in exp
  np.exp(logwt), logz if logplot else np.exp(logz)
/ligo/home/ligo.org/pratyusava.baral/dispersion/dispersion_env/lib64/python3.11/site-packages/dynesty/plotting.py:282: RuntimeWarning: overflow encountered in exp
  zspan = (0., 1.05 * np.exp(logz[-1] + 3. * logzerr[-1]))
04:41 bilby WARNING : Axis limits cannot be NaN or Inf
04:41 bilby WARNING : Failed to create dynesty run plot at checkpoint
04:55 bilby INFO    : Written checkpoint file results/58/None_resume.pickle
/ligo/home/ligo.org/pratyusava.baral/dispersion/dispersion_env/lib64/python3.11/site-packages/dynesty/plotting.py:252: RuntimeWarning: overflow encountered in exp
  np.exp(logwt), logz if logplot else np.exp(logz)
/ligo/home/ligo.org/pratyusava.baral/dispersion/dispersion_env/lib64/python3.11/site-packages/dynesty/plotting.py:282: RuntimeWarning: overflow encountered in exp
  zspan = (0., 1.05 * np.exp(logz[-1] + 3. * logzerr[-1]))
04:56 bilby WARNING : Axis limits cannot be NaN or Inf
04:56 bilby WARNING : Failed to create dynesty run plot at checkpoint
05:08 bilby INFO    : Written checkpoint file results/58/None_resume.pickle
/ligo/home/ligo.org/pratyusava.baral/dispersion/dispersion_env/lib64/python3.11/site-packages/dynesty/plotting.py:252: RuntimeWarning: overflow encountered in exp
  np.exp(logwt), logz if logplot else np.exp(logz)
/ligo/home/ligo.org/pratyusava.baral/dispersion/dispersion_env/lib64/python3.11/site-packages/dynesty/plotting.py:282: RuntimeWarning: overflow encountered in exp
  zspan = (0., 1.05 * np.exp(logz[-1] + 3. * logzerr[-1]))
05:08 bilby WARNING : Axis limits cannot be NaN or Inf
05:08 bilby WARNING : Failed to create dynesty run plot at checkpoint
05:20 bilby INFO    : Written checkpoint file results/58/None_resume.pickle
/ligo/home/ligo.org/pratyusava.baral/dispersion/dispersion_env/lib64/python3.11/site-packages/dynesty/plotting.py:252: RuntimeWarning: overflow encountered in exp
  np.exp(logwt), logz if logplot else np.exp(logz)
/ligo/home/ligo.org/pratyusava.baral/dispersion/dispersion_env/lib64/python3.11/site-packages/dynesty/plotting.py:282: RuntimeWarning: overflow encountered in exp
  zspan = (0., 1.05 * np.exp(logz[-1] + 3. * logzerr[-1]))
05:20 bilby WARNING : Axis limits cannot be NaN or Inf
05:20 bilby WARNING : Failed to create dynesty run plot at checkpoint
05:31 bilby INFO    : Written checkpoint file results/58/None_resume.pickle
/ligo/home/ligo.org/pratyusava.baral/dispersion/dispersion_env/lib64/python3.11/site-packages/dynesty/plotting.py:252: RuntimeWarning: overflow encountered in exp
  np.exp(logwt), logz if logplot else np.exp(logz)
/ligo/home/ligo.org/pratyusava.baral/dispersion/dispersion_env/lib64/python3.11/site-packages/dynesty/plotting.py:282: RuntimeWarning: overflow encountered in exp
  zspan = (0., 1.05 * np.exp(logz[-1] + 3. * logzerr[-1]))
05:31 bilby WARNING : Axis limits cannot be NaN or Inf
05:31 bilby WARNING : Failed to create dynesty run plot at checkpoint
05:43 bilby INFO    : Written checkpoint file results/58/None_resume.pickle
/ligo/home/ligo.org/pratyusava.baral/dispersion/dispersion_env/lib64/python3.11/site-packages/dynesty/plotting.py:252: RuntimeWarning: overflow encountered in exp
  np.exp(logwt), logz if logplot else np.exp(logz)
/ligo/home/ligo.org/pratyusava.baral/dispersion/dispersion_env/lib64/python3.11/site-packages/dynesty/plotting.py:282: RuntimeWarning: overflow encountered in exp
  zspan = (0., 1.05 * np.exp(logz[-1] + 3. * logzerr[-1]))
05:44 bilby WARNING : Axis limits cannot be NaN or Inf
05:44 bilby WARNING : Failed to create dynesty run plot at checkpoint
05:54 bilby INFO    : Written checkpoint file results/58/None_resume.pickle
/ligo/home/ligo.org/pratyusava.baral/dispersion/dispersion_env/lib64/python3.11/site-packages/dynesty/plotting.py:252: RuntimeWarning: overflow encountered in exp
  np.exp(logwt), logz if logplot else np.exp(logz)
/ligo/home/ligo.org/pratyusava.baral/dispersion/dispersion_env/lib64/python3.11/site-packages/dynesty/plotting.py:282: RuntimeWarning: overflow encountered in exp
  zspan = (0., 1.05 * np.exp(logz[-1] + 3. * logzerr[-1]))
05:55 bilby WARNING : Axis limits cannot be NaN or Inf
05:55 bilby WARNING : Failed to create dynesty run plot at checkpoint
06:06 bilby INFO    : Written checkpoint file results/58/None_resume.pickle
/ligo/home/ligo.org/pratyusava.baral/dispersion/dispersion_env/lib64/python3.11/site-packages/dynesty/plotting.py:252: RuntimeWarning: overflow encountered in exp
  np.exp(logwt), logz if logplot else np.exp(logz)
/ligo/home/ligo.org/pratyusava.baral/dispersion/dispersion_env/lib64/python3.11/site-packages/dynesty/plotting.py:282: RuntimeWarning: overflow encountered in exp
  zspan = (0., 1.05 * np.exp(logz[-1] + 3. * logzerr[-1]))
06:06 bilby WARNING : Axis limits cannot be NaN or Inf
06:06 bilby WARNING : Failed to create dynesty run plot at checkpoint
06:20 bilby INFO    : Written checkpoint file results/58/None_resume.pickle
/ligo/home/ligo.org/pratyusava.baral/dispersion/dispersion_env/lib64/python3.11/site-packages/dynesty/plotting.py:252: RuntimeWarning: overflow encountered in exp
  np.exp(logwt), logz if logplot else np.exp(logz)
/ligo/home/ligo.org/pratyusava.baral/dispersion/dispersion_env/lib64/python3.11/site-packages/dynesty/plotting.py:282: RuntimeWarning: overflow encountered in exp
  zspan = (0., 1.05 * np.exp(logz[-1] + 3. * logzerr[-1]))
06:20 bilby WARNING : Axis limits cannot be NaN or Inf
06:20 bilby WARNING : Failed to create dynesty run plot at checkpoint
06:32 bilby INFO    : Written checkpoint file results/58/None_resume.pickle
/ligo/home/ligo.org/pratyusava.baral/dispersion/dispersion_env/lib64/python3.11/site-packages/dynesty/plotting.py:252: RuntimeWarning: overflow encountered in exp
  np.exp(logwt), logz if logplot else np.exp(logz)
/ligo/home/ligo.org/pratyusava.baral/dispersion/dispersion_env/lib64/python3.11/site-packages/dynesty/plotting.py:282: RuntimeWarning: overflow encountered in exp
  zspan = (0., 1.05 * np.exp(logz[-1] + 3. * logzerr[-1]))
06:32 bilby WARNING : Axis limits cannot be NaN or Inf
06:32 bilby WARNING : Failed to create dynesty run plot at checkpoint
06:43 bilby INFO    : Written checkpoint file results/58/None_resume.pickle
/ligo/home/ligo.org/pratyusava.baral/dispersion/dispersion_env/lib64/python3.11/site-packages/dynesty/plotting.py:252: RuntimeWarning: overflow encountered in exp
  np.exp(logwt), logz if logplot else np.exp(logz)
/ligo/home/ligo.org/pratyusava.baral/dispersion/dispersion_env/lib64/python3.11/site-packages/dynesty/plotting.py:282: RuntimeWarning: overflow encountered in exp
  zspan = (0., 1.05 * np.exp(logz[-1] + 3. * logzerr[-1]))
06:43 bilby WARNING : Axis limits cannot be NaN or Inf
06:43 bilby WARNING : Failed to create dynesty run plot at checkpoint
06:55 bilby INFO    : Written checkpoint file results/58/None_resume.pickle
/ligo/home/ligo.org/pratyusava.baral/dispersion/dispersion_env/lib64/python3.11/site-packages/dynesty/plotting.py:252: RuntimeWarning: overflow encountered in exp
  np.exp(logwt), logz if logplot else np.exp(logz)
/ligo/home/ligo.org/pratyusava.baral/dispersion/dispersion_env/lib64/python3.11/site-packages/dynesty/plotting.py:282: RuntimeWarning: overflow encountered in exp
  zspan = (0., 1.05 * np.exp(logz[-1] + 3. * logzerr[-1]))
06:55 bilby WARNING : Axis limits cannot be NaN or Inf
06:55 bilby WARNING : Failed to create dynesty run plot at checkpoint
07:08 bilby INFO    : Written checkpoint file results/58/None_resume.pickle
/ligo/home/ligo.org/pratyusava.baral/dispersion/dispersion_env/lib64/python3.11/site-packages/dynesty/plotting.py:252: RuntimeWarning: overflow encountered in exp
  np.exp(logwt), logz if logplot else np.exp(logz)
/ligo/home/ligo.org/pratyusava.baral/dispersion/dispersion_env/lib64/python3.11/site-packages/dynesty/plotting.py:282: RuntimeWarning: overflow encountered in exp
  zspan = (0., 1.05 * np.exp(logz[-1] + 3. * logzerr[-1]))
07:08 bilby WARNING : Axis limits cannot be NaN or Inf
07:08 bilby WARNING : Failed to create dynesty run plot at checkpoint
07:22 bilby INFO    : Written checkpoint file results/58/None_resume.pickle
/ligo/home/ligo.org/pratyusava.baral/dispersion/dispersion_env/lib64/python3.11/site-packages/dynesty/plotting.py:252: RuntimeWarning: overflow encountered in exp
  np.exp(logwt), logz if logplot else np.exp(logz)
/ligo/home/ligo.org/pratyusava.baral/dispersion/dispersion_env/lib64/python3.11/site-packages/dynesty/plotting.py:282: RuntimeWarning: overflow encountered in exp
  zspan = (0., 1.05 * np.exp(logz[-1] + 3. * logzerr[-1]))
07:22 bilby WARNING : Axis limits cannot be NaN or Inf
07:22 bilby WARNING : Failed to create dynesty run plot at checkpoint
07:35 bilby INFO    : Written checkpoint file results/58/None_resume.pickle
/ligo/home/ligo.org/pratyusava.baral/dispersion/dispersion_env/lib64/python3.11/site-packages/dynesty/plotting.py:252: RuntimeWarning: overflow encountered in exp
  np.exp(logwt), logz if logplot else np.exp(logz)
/ligo/home/ligo.org/pratyusava.baral/dispersion/dispersion_env/lib64/python3.11/site-packages/dynesty/plotting.py:282: RuntimeWarning: overflow encountered in exp
  zspan = (0., 1.05 * np.exp(logz[-1] + 3. * logzerr[-1]))
07:35 bilby WARNING : Axis limits cannot be NaN or Inf
07:35 bilby WARNING : Failed to create dynesty run plot at checkpoint
07:48 bilby INFO    : Written checkpoint file results/58/None_resume.pickle
/ligo/home/ligo.org/pratyusava.baral/dispersion/dispersion_env/lib64/python3.11/site-packages/dynesty/plotting.py:252: RuntimeWarning: overflow encountered in exp
  np.exp(logwt), logz if logplot else np.exp(logz)
/ligo/home/ligo.org/pratyusava.baral/dispersion/dispersion_env/lib64/python3.11/site-packages/dynesty/plotting.py:282: RuntimeWarning: overflow encountered in exp
  zspan = (0., 1.05 * np.exp(logz[-1] + 3. * logzerr[-1]))
07:48 bilby WARNING : Axis limits cannot be NaN or Inf
07:48 bilby WARNING : Failed to create dynesty run plot at checkpoint
08:01 bilby INFO    : Written checkpoint file results/58/None_resume.pickle
/ligo/home/ligo.org/pratyusava.baral/dispersion/dispersion_env/lib64/python3.11/site-packages/dynesty/plotting.py:252: RuntimeWarning: overflow encountered in exp
  np.exp(logwt), logz if logplot else np.exp(logz)
/ligo/home/ligo.org/pratyusava.baral/dispersion/dispersion_env/lib64/python3.11/site-packages/dynesty/plotting.py:282: RuntimeWarning: overflow encountered in exp
  zspan = (0., 1.05 * np.exp(logz[-1] + 3. * logzerr[-1]))
08:02 bilby WARNING : Axis limits cannot be NaN or Inf
08:02 bilby WARNING : Failed to create dynesty run plot at checkpoint
08:14 bilby INFO    : Written checkpoint file results/58/None_resume.pickle
/ligo/home/ligo.org/pratyusava.baral/dispersion/dispersion_env/lib64/python3.11/site-packages/dynesty/plotting.py:252: RuntimeWarning: overflow encountered in exp
  np.exp(logwt), logz if logplot else np.exp(logz)
/ligo/home/ligo.org/pratyusava.baral/dispersion/dispersion_env/lib64/python3.11/site-packages/dynesty/plotting.py:282: RuntimeWarning: overflow encountered in exp
  zspan = (0., 1.05 * np.exp(logz[-1] + 3. * logzerr[-1]))
08:14 bilby WARNING : Axis limits cannot be NaN or Inf
08:14 bilby WARNING : Failed to create dynesty run plot at checkpoint
08:25 bilby INFO    : Written checkpoint file results/58/None_resume.pickle
/ligo/home/ligo.org/pratyusava.baral/dispersion/dispersion_env/lib64/python3.11/site-packages/dynesty/plotting.py:252: RuntimeWarning: overflow encountered in exp
  np.exp(logwt), logz if logplot else np.exp(logz)
/ligo/home/ligo.org/pratyusava.baral/dispersion/dispersion_env/lib64/python3.11/site-packages/dynesty/plotting.py:282: RuntimeWarning: overflow encountered in exp
  zspan = (0., 1.05 * np.exp(logz[-1] + 3. * logzerr[-1]))
08:26 bilby WARNING : Axis limits cannot be NaN or Inf
08:26 bilby WARNING : Failed to create dynesty run plot at checkpoint
08:40 bilby INFO    : Written checkpoint file results/58/None_resume.pickle
/ligo/home/ligo.org/pratyusava.baral/dispersion/dispersion_env/lib64/python3.11/site-packages/dynesty/plotting.py:252: RuntimeWarning: overflow encountered in exp
  np.exp(logwt), logz if logplot else np.exp(logz)
/ligo/home/ligo.org/pratyusava.baral/dispersion/dispersion_env/lib64/python3.11/site-packages/dynesty/plotting.py:282: RuntimeWarning: overflow encountered in exp
  zspan = (0., 1.05 * np.exp(logz[-1] + 3. * logzerr[-1]))
08:41 bilby WARNING : Axis limits cannot be NaN or Inf
08:41 bilby WARNING : Failed to create dynesty run plot at checkpoint
08:55 bilby INFO    : Written checkpoint file results/58/None_resume.pickle
/ligo/home/ligo.org/pratyusava.baral/dispersion/dispersion_env/lib64/python3.11/site-packages/dynesty/plotting.py:252: RuntimeWarning: overflow encountered in exp
  np.exp(logwt), logz if logplot else np.exp(logz)
/ligo/home/ligo.org/pratyusava.baral/dispersion/dispersion_env/lib64/python3.11/site-packages/dynesty/plotting.py:282: RuntimeWarning: overflow encountered in exp
  zspan = (0., 1.05 * np.exp(logz[-1] + 3. * logzerr[-1]))
08:55 bilby WARNING : Axis limits cannot be NaN or Inf
08:55 bilby WARNING : Failed to create dynesty run plot at checkpoint
09:07 bilby INFO    : Written checkpoint file results/58/None_resume.pickle
/ligo/home/ligo.org/pratyusava.baral/dispersion/dispersion_env/lib64/python3.11/site-packages/dynesty/plotting.py:252: RuntimeWarning: overflow encountered in exp
  np.exp(logwt), logz if logplot else np.exp(logz)
/ligo/home/ligo.org/pratyusava.baral/dispersion/dispersion_env/lib64/python3.11/site-packages/dynesty/plotting.py:282: RuntimeWarning: overflow encountered in exp
  zspan = (0., 1.05 * np.exp(logz[-1] + 3. * logzerr[-1]))
09:07 bilby WARNING : Axis limits cannot be NaN or Inf
09:07 bilby WARNING : Failed to create dynesty run plot at checkpoint
09:19 bilby INFO    : Written checkpoint file results/58/None_resume.pickle
/ligo/home/ligo.org/pratyusava.baral/dispersion/dispersion_env/lib64/python3.11/site-packages/dynesty/plotting.py:252: RuntimeWarning: overflow encountered in exp
  np.exp(logwt), logz if logplot else np.exp(logz)
/ligo/home/ligo.org/pratyusava.baral/dispersion/dispersion_env/lib64/python3.11/site-packages/dynesty/plotting.py:282: RuntimeWarning: overflow encountered in exp
  zspan = (0., 1.05 * np.exp(logz[-1] + 3. * logzerr[-1]))
09:20 bilby WARNING : Axis limits cannot be NaN or Inf
09:20 bilby WARNING : Failed to create dynesty run plot at checkpoint
09:30 bilby INFO    : Written checkpoint file results/58/None_resume.pickle
/ligo/home/ligo.org/pratyusava.baral/dispersion/dispersion_env/lib64/python3.11/site-packages/dynesty/plotting.py:252: RuntimeWarning: overflow encountered in exp
  np.exp(logwt), logz if logplot else np.exp(logz)
/ligo/home/ligo.org/pratyusava.baral/dispersion/dispersion_env/lib64/python3.11/site-packages/dynesty/plotting.py:282: RuntimeWarning: overflow encountered in exp
  zspan = (0., 1.05 * np.exp(logz[-1] + 3. * logzerr[-1]))
09:30 bilby WARNING : Axis limits cannot be NaN or Inf
09:30 bilby WARNING : Failed to create dynesty run plot at checkpoint
09:43 bilby INFO    : Written checkpoint file results/58/None_resume.pickle
/ligo/home/ligo.org/pratyusava.baral/dispersion/dispersion_env/lib64/python3.11/site-packages/dynesty/plotting.py:252: RuntimeWarning: overflow encountered in exp
  np.exp(logwt), logz if logplot else np.exp(logz)
/ligo/home/ligo.org/pratyusava.baral/dispersion/dispersion_env/lib64/python3.11/site-packages/dynesty/plotting.py:282: RuntimeWarning: overflow encountered in exp
  zspan = (0., 1.05 * np.exp(logz[-1] + 3. * logzerr[-1]))
09:43 bilby WARNING : Axis limits cannot be NaN or Inf
09:43 bilby WARNING : Failed to create dynesty run plot at checkpoint
09:55 bilby INFO    : Written checkpoint file results/58/None_resume.pickle
/ligo/home/ligo.org/pratyusava.baral/dispersion/dispersion_env/lib64/python3.11/site-packages/dynesty/plotting.py:252: RuntimeWarning: overflow encountered in exp
  np.exp(logwt), logz if logplot else np.exp(logz)
/ligo/home/ligo.org/pratyusava.baral/dispersion/dispersion_env/lib64/python3.11/site-packages/dynesty/plotting.py:282: RuntimeWarning: overflow encountered in exp
  zspan = (0., 1.05 * np.exp(logz[-1] + 3. * logzerr[-1]))
09:55 bilby WARNING : Axis limits cannot be NaN or Inf
09:55 bilby WARNING : Failed to create dynesty run plot at checkpoint
10:09 bilby INFO    : Written checkpoint file results/58/None_resume.pickle
/ligo/home/ligo.org/pratyusava.baral/dispersion/dispersion_env/lib64/python3.11/site-packages/dynesty/plotting.py:252: RuntimeWarning: overflow encountered in exp
  np.exp(logwt), logz if logplot else np.exp(logz)
/ligo/home/ligo.org/pratyusava.baral/dispersion/dispersion_env/lib64/python3.11/site-packages/dynesty/plotting.py:282: RuntimeWarning: overflow encountered in exp
  zspan = (0., 1.05 * np.exp(logz[-1] + 3. * logzerr[-1]))
10:09 bilby WARNING : Axis limits cannot be NaN or Inf
10:09 bilby WARNING : Failed to create dynesty run plot at checkpoint
10:20 bilby INFO    : Written checkpoint file results/58/None_resume.pickle
/ligo/home/ligo.org/pratyusava.baral/dispersion/dispersion_env/lib64/python3.11/site-packages/dynesty/plotting.py:252: RuntimeWarning: overflow encountered in exp
  np.exp(logwt), logz if logplot else np.exp(logz)
/ligo/home/ligo.org/pratyusava.baral/dispersion/dispersion_env/lib64/python3.11/site-packages/dynesty/plotting.py:282: RuntimeWarning: overflow encountered in exp
  zspan = (0., 1.05 * np.exp(logz[-1] + 3. * logzerr[-1]))
10:20 bilby WARNING : Axis limits cannot be NaN or Inf
10:20 bilby WARNING : Failed to create dynesty run plot at checkpoint
10:32 bilby INFO    : Written checkpoint file results/58/None_resume.pickle
/ligo/home/ligo.org/pratyusava.baral/dispersion/dispersion_env/lib64/python3.11/site-packages/dynesty/plotting.py:252: RuntimeWarning: overflow encountered in exp
  np.exp(logwt), logz if logplot else np.exp(logz)
/ligo/home/ligo.org/pratyusava.baral/dispersion/dispersion_env/lib64/python3.11/site-packages/dynesty/plotting.py:282: RuntimeWarning: overflow encountered in exp
  zspan = (0., 1.05 * np.exp(logz[-1] + 3. * logzerr[-1]))
10:32 bilby WARNING : Axis limits cannot be NaN or Inf
10:32 bilby WARNING : Failed to create dynesty run plot at checkpoint
10:44 bilby INFO    : Written checkpoint file results/58/None_resume.pickle
/ligo/home/ligo.org/pratyusava.baral/dispersion/dispersion_env/lib64/python3.11/site-packages/dynesty/plotting.py:252: RuntimeWarning: overflow encountered in exp
  np.exp(logwt), logz if logplot else np.exp(logz)
/ligo/home/ligo.org/pratyusava.baral/dispersion/dispersion_env/lib64/python3.11/site-packages/dynesty/plotting.py:282: RuntimeWarning: overflow encountered in exp
  zspan = (0., 1.05 * np.exp(logz[-1] + 3. * logzerr[-1]))
10:44 bilby WARNING : Axis limits cannot be NaN or Inf
10:44 bilby WARNING : Failed to create dynesty run plot at checkpoint
10:57 bilby INFO    : Written checkpoint file results/58/None_resume.pickle
/ligo/home/ligo.org/pratyusava.baral/dispersion/dispersion_env/lib64/python3.11/site-packages/dynesty/plotting.py:252: RuntimeWarning: overflow encountered in exp
  np.exp(logwt), logz if logplot else np.exp(logz)
/ligo/home/ligo.org/pratyusava.baral/dispersion/dispersion_env/lib64/python3.11/site-packages/dynesty/plotting.py:282: RuntimeWarning: overflow encountered in exp
  zspan = (0., 1.05 * np.exp(logz[-1] + 3. * logzerr[-1]))
10:58 bilby WARNING : Axis limits cannot be NaN or Inf
10:58 bilby WARNING : Failed to create dynesty run plot at checkpoint
11:08 bilby INFO    : Written checkpoint file results/58/None_resume.pickle
/ligo/home/ligo.org/pratyusava.baral/dispersion/dispersion_env/lib64/python3.11/site-packages/dynesty/plotting.py:252: RuntimeWarning: overflow encountered in exp
  np.exp(logwt), logz if logplot else np.exp(logz)
/ligo/home/ligo.org/pratyusava.baral/dispersion/dispersion_env/lib64/python3.11/site-packages/dynesty/plotting.py:282: RuntimeWarning: overflow encountered in exp
  zspan = (0., 1.05 * np.exp(logz[-1] + 3. * logzerr[-1]))
11:08 bilby WARNING : Axis limits cannot be NaN or Inf
11:08 bilby WARNING : Failed to create dynesty run plot at checkpoint
11:19 bilby INFO    : Written checkpoint file results/58/None_resume.pickle
/ligo/home/ligo.org/pratyusava.baral/dispersion/dispersion_env/lib64/python3.11/site-packages/dynesty/plotting.py:252: RuntimeWarning: overflow encountered in exp
  np.exp(logwt), logz if logplot else np.exp(logz)
/ligo/home/ligo.org/pratyusava.baral/dispersion/dispersion_env/lib64/python3.11/site-packages/dynesty/plotting.py:282: RuntimeWarning: overflow encountered in exp
  zspan = (0., 1.05 * np.exp(logz[-1] + 3. * logzerr[-1]))
11:19 bilby WARNING : Axis limits cannot be NaN or Inf
11:19 bilby WARNING : Failed to create dynesty run plot at checkpoint
11:31 bilby INFO    : Written checkpoint file results/58/None_resume.pickle
/ligo/home/ligo.org/pratyusava.baral/dispersion/dispersion_env/lib64/python3.11/site-packages/dynesty/plotting.py:252: RuntimeWarning: overflow encountered in exp
  np.exp(logwt), logz if logplot else np.exp(logz)
/ligo/home/ligo.org/pratyusava.baral/dispersion/dispersion_env/lib64/python3.11/site-packages/dynesty/plotting.py:282: RuntimeWarning: overflow encountered in exp
  zspan = (0., 1.05 * np.exp(logz[-1] + 3. * logzerr[-1]))
11:32 bilby WARNING : Axis limits cannot be NaN or Inf
11:32 bilby WARNING : Failed to create dynesty run plot at checkpoint
11:43 bilby INFO    : Written checkpoint file results/58/None_resume.pickle
/ligo/home/ligo.org/pratyusava.baral/dispersion/dispersion_env/lib64/python3.11/site-packages/dynesty/plotting.py:252: RuntimeWarning: overflow encountered in exp
  np.exp(logwt), logz if logplot else np.exp(logz)
/ligo/home/ligo.org/pratyusava.baral/dispersion/dispersion_env/lib64/python3.11/site-packages/dynesty/plotting.py:282: RuntimeWarning: overflow encountered in exp
  zspan = (0., 1.05 * np.exp(logz[-1] + 3. * logzerr[-1]))
11:44 bilby WARNING : Axis limits cannot be NaN or Inf
11:44 bilby WARNING : Failed to create dynesty run plot at checkpoint
11:56 bilby INFO    : Written checkpoint file results/58/None_resume.pickle
/ligo/home/ligo.org/pratyusava.baral/dispersion/dispersion_env/lib64/python3.11/site-packages/dynesty/plotting.py:252: RuntimeWarning: overflow encountered in exp
  np.exp(logwt), logz if logplot else np.exp(logz)
/ligo/home/ligo.org/pratyusava.baral/dispersion/dispersion_env/lib64/python3.11/site-packages/dynesty/plotting.py:282: RuntimeWarning: overflow encountered in exp
  zspan = (0., 1.05 * np.exp(logz[-1] + 3. * logzerr[-1]))
11:57 bilby WARNING : Axis limits cannot be NaN or Inf
11:57 bilby WARNING : Failed to create dynesty run plot at checkpoint
12:09 bilby INFO    : Written checkpoint file results/58/None_resume.pickle
/ligo/home/ligo.org/pratyusava.baral/dispersion/dispersion_env/lib64/python3.11/site-packages/dynesty/plotting.py:252: RuntimeWarning: overflow encountered in exp
  np.exp(logwt), logz if logplot else np.exp(logz)
/ligo/home/ligo.org/pratyusava.baral/dispersion/dispersion_env/lib64/python3.11/site-packages/dynesty/plotting.py:282: RuntimeWarning: overflow encountered in exp
  zspan = (0., 1.05 * np.exp(logz[-1] + 3. * logzerr[-1]))
12:10 bilby WARNING : Axis limits cannot be NaN or Inf
12:10 bilby WARNING : Failed to create dynesty run plot at checkpoint
12:20 bilby INFO    : Written checkpoint file results/58/None_resume.pickle
/ligo/home/ligo.org/pratyusava.baral/dispersion/dispersion_env/lib64/python3.11/site-packages/dynesty/plotting.py:252: RuntimeWarning: overflow encountered in exp
  np.exp(logwt), logz if logplot else np.exp(logz)
/ligo/home/ligo.org/pratyusava.baral/dispersion/dispersion_env/lib64/python3.11/site-packages/dynesty/plotting.py:282: RuntimeWarning: overflow encountered in exp
  zspan = (0., 1.05 * np.exp(logz[-1] + 3. * logzerr[-1]))
12:20 bilby WARNING : Axis limits cannot be NaN or Inf
12:20 bilby WARNING : Failed to create dynesty run plot at checkpoint
12:33 bilby INFO    : Written checkpoint file results/58/None_resume.pickle
/ligo/home/ligo.org/pratyusava.baral/dispersion/dispersion_env/lib64/python3.11/site-packages/dynesty/plotting.py:252: RuntimeWarning: overflow encountered in exp
  np.exp(logwt), logz if logplot else np.exp(logz)
/ligo/home/ligo.org/pratyusava.baral/dispersion/dispersion_env/lib64/python3.11/site-packages/dynesty/plotting.py:282: RuntimeWarning: overflow encountered in exp
  zspan = (0., 1.05 * np.exp(logz[-1] + 3. * logzerr[-1]))
12:34 bilby WARNING : Axis limits cannot be NaN or Inf
12:34 bilby WARNING : Failed to create dynesty run plot at checkpoint
12:44 bilby INFO    : Written checkpoint file results/58/None_resume.pickle
/ligo/home/ligo.org/pratyusava.baral/dispersion/dispersion_env/lib64/python3.11/site-packages/dynesty/plotting.py:252: RuntimeWarning: overflow encountered in exp
  np.exp(logwt), logz if logplot else np.exp(logz)
/ligo/home/ligo.org/pratyusava.baral/dispersion/dispersion_env/lib64/python3.11/site-packages/dynesty/plotting.py:282: RuntimeWarning: overflow encountered in exp
  zspan = (0., 1.05 * np.exp(logz[-1] + 3. * logzerr[-1]))
12:44 bilby WARNING : Axis limits cannot be NaN or Inf
12:44 bilby WARNING : Failed to create dynesty run plot at checkpoint
12:55 bilby INFO    : Written checkpoint file results/58/None_resume.pickle
/ligo/home/ligo.org/pratyusava.baral/dispersion/dispersion_env/lib64/python3.11/site-packages/dynesty/plotting.py:252: RuntimeWarning: overflow encountered in exp
  np.exp(logwt), logz if logplot else np.exp(logz)
/ligo/home/ligo.org/pratyusava.baral/dispersion/dispersion_env/lib64/python3.11/site-packages/dynesty/plotting.py:282: RuntimeWarning: overflow encountered in exp
  zspan = (0., 1.05 * np.exp(logz[-1] + 3. * logzerr[-1]))
12:55 bilby WARNING : Axis limits cannot be NaN or Inf
12:55 bilby WARNING : Failed to create dynesty run plot at checkpoint
13:07 bilby INFO    : Written checkpoint file results/58/None_resume.pickle
/ligo/home/ligo.org/pratyusava.baral/dispersion/dispersion_env/lib64/python3.11/site-packages/dynesty/plotting.py:252: RuntimeWarning: overflow encountered in exp
  np.exp(logwt), logz if logplot else np.exp(logz)
/ligo/home/ligo.org/pratyusava.baral/dispersion/dispersion_env/lib64/python3.11/site-packages/dynesty/plotting.py:282: RuntimeWarning: overflow encountered in exp
  zspan = (0., 1.05 * np.exp(logz[-1] + 3. * logzerr[-1]))
13:08 bilby WARNING : Axis limits cannot be NaN or Inf
13:08 bilby WARNING : Failed to create dynesty run plot at checkpoint
13:20 bilby INFO    : Written checkpoint file results/58/None_resume.pickle
/ligo/home/ligo.org/pratyusava.baral/dispersion/dispersion_env/lib64/python3.11/site-packages/dynesty/plotting.py:252: RuntimeWarning: overflow encountered in exp
  np.exp(logwt), logz if logplot else np.exp(logz)
/ligo/home/ligo.org/pratyusava.baral/dispersion/dispersion_env/lib64/python3.11/site-packages/dynesty/plotting.py:282: RuntimeWarning: overflow encountered in exp
  zspan = (0., 1.05 * np.exp(logz[-1] + 3. * logzerr[-1]))
13:21 bilby WARNING : Axis limits cannot be NaN or Inf
13:21 bilby WARNING : Failed to create dynesty run plot at checkpoint
13:31 bilby INFO    : Written checkpoint file results/58/None_resume.pickle
/ligo/home/ligo.org/pratyusava.baral/dispersion/dispersion_env/lib64/python3.11/site-packages/dynesty/plotting.py:252: RuntimeWarning: overflow encountered in exp
  np.exp(logwt), logz if logplot else np.exp(logz)
/ligo/home/ligo.org/pratyusava.baral/dispersion/dispersion_env/lib64/python3.11/site-packages/dynesty/plotting.py:282: RuntimeWarning: overflow encountered in exp
  zspan = (0., 1.05 * np.exp(logz[-1] + 3. * logzerr[-1]))
13:32 bilby WARNING : Axis limits cannot be NaN or Inf
13:32 bilby WARNING : Failed to create dynesty run plot at checkpoint
13:44 bilby INFO    : Written checkpoint file results/58/None_resume.pickle
/ligo/home/ligo.org/pratyusava.baral/dispersion/dispersion_env/lib64/python3.11/site-packages/dynesty/plotting.py:252: RuntimeWarning: overflow encountered in exp
  np.exp(logwt), logz if logplot else np.exp(logz)
/ligo/home/ligo.org/pratyusava.baral/dispersion/dispersion_env/lib64/python3.11/site-packages/dynesty/plotting.py:282: RuntimeWarning: overflow encountered in exp
  zspan = (0., 1.05 * np.exp(logz[-1] + 3. * logzerr[-1]))
13:45 bilby WARNING : Axis limits cannot be NaN or Inf
13:45 bilby WARNING : Failed to create dynesty run plot at checkpoint
13:56 bilby INFO    : Written checkpoint file results/58/None_resume.pickle
/ligo/home/ligo.org/pratyusava.baral/dispersion/dispersion_env/lib64/python3.11/site-packages/dynesty/plotting.py:252: RuntimeWarning: overflow encountered in exp
  np.exp(logwt), logz if logplot else np.exp(logz)
/ligo/home/ligo.org/pratyusava.baral/dispersion/dispersion_env/lib64/python3.11/site-packages/dynesty/plotting.py:282: RuntimeWarning: overflow encountered in exp
  zspan = (0., 1.05 * np.exp(logz[-1] + 3. * logzerr[-1]))
13:57 bilby WARNING : Axis limits cannot be NaN or Inf
13:57 bilby WARNING : Failed to create dynesty run plot at checkpoint
14:09 bilby INFO    : Written checkpoint file results/58/None_resume.pickle
/ligo/home/ligo.org/pratyusava.baral/dispersion/dispersion_env/lib64/python3.11/site-packages/dynesty/plotting.py:252: RuntimeWarning: overflow encountered in exp
  np.exp(logwt), logz if logplot else np.exp(logz)
/ligo/home/ligo.org/pratyusava.baral/dispersion/dispersion_env/lib64/python3.11/site-packages/dynesty/plotting.py:282: RuntimeWarning: overflow encountered in exp
  zspan = (0., 1.05 * np.exp(logz[-1] + 3. * logzerr[-1]))
14:10 bilby WARNING : Axis limits cannot be NaN or Inf
14:10 bilby WARNING : Failed to create dynesty run plot at checkpoint
14:22 bilby INFO    : Written checkpoint file results/58/None_resume.pickle
/ligo/home/ligo.org/pratyusava.baral/dispersion/dispersion_env/lib64/python3.11/site-packages/dynesty/plotting.py:252: RuntimeWarning: overflow encountered in exp
  np.exp(logwt), logz if logplot else np.exp(logz)
/ligo/home/ligo.org/pratyusava.baral/dispersion/dispersion_env/lib64/python3.11/site-packages/dynesty/plotting.py:282: RuntimeWarning: overflow encountered in exp
  zspan = (0., 1.05 * np.exp(logz[-1] + 3. * logzerr[-1]))
14:23 bilby WARNING : Axis limits cannot be NaN or Inf
14:23 bilby WARNING : Failed to create dynesty run plot at checkpoint
14:35 bilby INFO    : Written checkpoint file results/58/None_resume.pickle
/ligo/home/ligo.org/pratyusava.baral/dispersion/dispersion_env/lib64/python3.11/site-packages/dynesty/plotting.py:252: RuntimeWarning: overflow encountered in exp
  np.exp(logwt), logz if logplot else np.exp(logz)
/ligo/home/ligo.org/pratyusava.baral/dispersion/dispersion_env/lib64/python3.11/site-packages/dynesty/plotting.py:282: RuntimeWarning: overflow encountered in exp
  zspan = (0., 1.05 * np.exp(logz[-1] + 3. * logzerr[-1]))
14:35 bilby WARNING : Axis limits cannot be NaN or Inf
14:35 bilby WARNING : Failed to create dynesty run plot at checkpoint
14:49 bilby INFO    : Written checkpoint file results/58/None_resume.pickle
/ligo/home/ligo.org/pratyusava.baral/dispersion/dispersion_env/lib64/python3.11/site-packages/dynesty/plotting.py:252: RuntimeWarning: overflow encountered in exp
  np.exp(logwt), logz if logplot else np.exp(logz)
/ligo/home/ligo.org/pratyusava.baral/dispersion/dispersion_env/lib64/python3.11/site-packages/dynesty/plotting.py:282: RuntimeWarning: overflow encountered in exp
  zspan = (0., 1.05 * np.exp(logz[-1] + 3. * logzerr[-1]))
14:50 bilby WARNING : Axis limits cannot be NaN or Inf
14:50 bilby WARNING : Failed to create dynesty run plot at checkpoint
15:04 bilby INFO    : Written checkpoint file results/58/None_resume.pickle
/ligo/home/ligo.org/pratyusava.baral/dispersion/dispersion_env/lib64/python3.11/site-packages/dynesty/plotting.py:252: RuntimeWarning: overflow encountered in exp
  np.exp(logwt), logz if logplot else np.exp(logz)
/ligo/home/ligo.org/pratyusava.baral/dispersion/dispersion_env/lib64/python3.11/site-packages/dynesty/plotting.py:282: RuntimeWarning: overflow encountered in exp
  zspan = (0., 1.05 * np.exp(logz[-1] + 3. * logzerr[-1]))
15:04 bilby WARNING : Axis limits cannot be NaN or Inf
15:04 bilby WARNING : Failed to create dynesty run plot at checkpoint
15:16 bilby INFO    : Written checkpoint file results/58/None_resume.pickle
/ligo/home/ligo.org/pratyusava.baral/dispersion/dispersion_env/lib64/python3.11/site-packages/dynesty/plotting.py:252: RuntimeWarning: overflow encountered in exp
  np.exp(logwt), logz if logplot else np.exp(logz)
/ligo/home/ligo.org/pratyusava.baral/dispersion/dispersion_env/lib64/python3.11/site-packages/dynesty/plotting.py:282: RuntimeWarning: overflow encountered in exp
  zspan = (0., 1.05 * np.exp(logz[-1] + 3. * logzerr[-1]))
15:17 bilby WARNING : Axis limits cannot be NaN or Inf
15:17 bilby WARNING : Failed to create dynesty run plot at checkpoint
15:29 bilby INFO    : Written checkpoint file results/58/None_resume.pickle
/ligo/home/ligo.org/pratyusava.baral/dispersion/dispersion_env/lib64/python3.11/site-packages/dynesty/plotting.py:252: RuntimeWarning: overflow encountered in exp
  np.exp(logwt), logz if logplot else np.exp(logz)
/ligo/home/ligo.org/pratyusava.baral/dispersion/dispersion_env/lib64/python3.11/site-packages/dynesty/plotting.py:282: RuntimeWarning: overflow encountered in exp
  zspan = (0., 1.05 * np.exp(logz[-1] + 3. * logzerr[-1]))
15:30 bilby WARNING : Axis limits cannot be NaN or Inf
15:30 bilby WARNING : Failed to create dynesty run plot at checkpoint
15:43 bilby INFO    : Written checkpoint file results/58/None_resume.pickle
/ligo/home/ligo.org/pratyusava.baral/dispersion/dispersion_env/lib64/python3.11/site-packages/dynesty/plotting.py:252: RuntimeWarning: overflow encountered in exp
  np.exp(logwt), logz if logplot else np.exp(logz)
/ligo/home/ligo.org/pratyusava.baral/dispersion/dispersion_env/lib64/python3.11/site-packages/dynesty/plotting.py:282: RuntimeWarning: overflow encountered in exp
  zspan = (0., 1.05 * np.exp(logz[-1] + 3. * logzerr[-1]))
15:43 bilby WARNING : Axis limits cannot be NaN or Inf
15:43 bilby WARNING : Failed to create dynesty run plot at checkpoint
15:57 bilby INFO    : Written checkpoint file results/58/None_resume.pickle
/ligo/home/ligo.org/pratyusava.baral/dispersion/dispersion_env/lib64/python3.11/site-packages/dynesty/plotting.py:252: RuntimeWarning: overflow encountered in exp
  np.exp(logwt), logz if logplot else np.exp(logz)
/ligo/home/ligo.org/pratyusava.baral/dispersion/dispersion_env/lib64/python3.11/site-packages/dynesty/plotting.py:282: RuntimeWarning: overflow encountered in exp
  zspan = (0., 1.05 * np.exp(logz[-1] + 3. * logzerr[-1]))
15:57 bilby WARNING : Axis limits cannot be NaN or Inf
15:57 bilby WARNING : Failed to create dynesty run plot at checkpoint
16:11 bilby INFO    : Written checkpoint file results/58/None_resume.pickle
/ligo/home/ligo.org/pratyusava.baral/dispersion/dispersion_env/lib64/python3.11/site-packages/dynesty/plotting.py:252: RuntimeWarning: overflow encountered in exp
  np.exp(logwt), logz if logplot else np.exp(logz)
/ligo/home/ligo.org/pratyusava.baral/dispersion/dispersion_env/lib64/python3.11/site-packages/dynesty/plotting.py:282: RuntimeWarning: overflow encountered in exp
  zspan = (0., 1.05 * np.exp(logz[-1] + 3. * logzerr[-1]))
16:11 bilby WARNING : Axis limits cannot be NaN or Inf
16:11 bilby WARNING : Failed to create dynesty run plot at checkpoint
16:25 bilby INFO    : Written checkpoint file results/58/None_resume.pickle
/ligo/home/ligo.org/pratyusava.baral/dispersion/dispersion_env/lib64/python3.11/site-packages/dynesty/plotting.py:252: RuntimeWarning: overflow encountered in exp
  np.exp(logwt), logz if logplot else np.exp(logz)
/ligo/home/ligo.org/pratyusava.baral/dispersion/dispersion_env/lib64/python3.11/site-packages/dynesty/plotting.py:282: RuntimeWarning: overflow encountered in exp
  zspan = (0., 1.05 * np.exp(logz[-1] + 3. * logzerr[-1]))
16:26 bilby WARNING : Axis limits cannot be NaN or Inf
16:26 bilby WARNING : Failed to create dynesty run plot at checkpoint
16:38 bilby INFO    : Written checkpoint file results/58/None_resume.pickle
/ligo/home/ligo.org/pratyusava.baral/dispersion/dispersion_env/lib64/python3.11/site-packages/dynesty/plotting.py:252: RuntimeWarning: overflow encountered in exp
  np.exp(logwt), logz if logplot else np.exp(logz)
/ligo/home/ligo.org/pratyusava.baral/dispersion/dispersion_env/lib64/python3.11/site-packages/dynesty/plotting.py:282: RuntimeWarning: overflow encountered in exp
  zspan = (0., 1.05 * np.exp(logz[-1] + 3. * logzerr[-1]))
16:39 bilby WARNING : Axis limits cannot be NaN or Inf
16:39 bilby WARNING : Failed to create dynesty run plot at checkpoint
16:51 bilby INFO    : Written checkpoint file results/58/None_resume.pickle
/ligo/home/ligo.org/pratyusava.baral/dispersion/dispersion_env/lib64/python3.11/site-packages/dynesty/plotting.py:252: RuntimeWarning: overflow encountered in exp
  np.exp(logwt), logz if logplot else np.exp(logz)
/ligo/home/ligo.org/pratyusava.baral/dispersion/dispersion_env/lib64/python3.11/site-packages/dynesty/plotting.py:282: RuntimeWarning: overflow encountered in exp
  zspan = (0., 1.05 * np.exp(logz[-1] + 3. * logzerr[-1]))
16:51 bilby WARNING : Axis limits cannot be NaN or Inf
16:51 bilby WARNING : Failed to create dynesty run plot at checkpoint
17:04 bilby INFO    : Written checkpoint file results/58/None_resume.pickle
/ligo/home/ligo.org/pratyusava.baral/dispersion/dispersion_env/lib64/python3.11/site-packages/dynesty/plotting.py:252: RuntimeWarning: overflow encountered in exp
  np.exp(logwt), logz if logplot else np.exp(logz)
/ligo/home/ligo.org/pratyusava.baral/dispersion/dispersion_env/lib64/python3.11/site-packages/dynesty/plotting.py:282: RuntimeWarning: overflow encountered in exp
  zspan = (0., 1.05 * np.exp(logz[-1] + 3. * logzerr[-1]))
17:05 bilby WARNING : Axis limits cannot be NaN or Inf
17:05 bilby WARNING : Failed to create dynesty run plot at checkpoint
17:17 bilby INFO    : Written checkpoint file results/58/None_resume.pickle
/ligo/home/ligo.org/pratyusava.baral/dispersion/dispersion_env/lib64/python3.11/site-packages/dynesty/plotting.py:252: RuntimeWarning: overflow encountered in exp
  np.exp(logwt), logz if logplot else np.exp(logz)
/ligo/home/ligo.org/pratyusava.baral/dispersion/dispersion_env/lib64/python3.11/site-packages/dynesty/plotting.py:282: RuntimeWarning: overflow encountered in exp
  zspan = (0., 1.05 * np.exp(logz[-1] + 3. * logzerr[-1]))
17:18 bilby WARNING : Axis limits cannot be NaN or Inf
17:18 bilby WARNING : Failed to create dynesty run plot at checkpoint
17:31 bilby INFO    : Written checkpoint file results/58/None_resume.pickle
/ligo/home/ligo.org/pratyusava.baral/dispersion/dispersion_env/lib64/python3.11/site-packages/dynesty/plotting.py:252: RuntimeWarning: overflow encountered in exp
  np.exp(logwt), logz if logplot else np.exp(logz)
/ligo/home/ligo.org/pratyusava.baral/dispersion/dispersion_env/lib64/python3.11/site-packages/dynesty/plotting.py:282: RuntimeWarning: overflow encountered in exp
  zspan = (0., 1.05 * np.exp(logz[-1] + 3. * logzerr[-1]))
17:32 bilby WARNING : Axis limits cannot be NaN or Inf
17:32 bilby WARNING : Failed to create dynesty run plot at checkpoint
17:44 bilby INFO    : Written checkpoint file results/58/None_resume.pickle
/ligo/home/ligo.org/pratyusava.baral/dispersion/dispersion_env/lib64/python3.11/site-packages/dynesty/plotting.py:252: RuntimeWarning: overflow encountered in exp
  np.exp(logwt), logz if logplot else np.exp(logz)
/ligo/home/ligo.org/pratyusava.baral/dispersion/dispersion_env/lib64/python3.11/site-packages/dynesty/plotting.py:282: RuntimeWarning: overflow encountered in exp
  zspan = (0., 1.05 * np.exp(logz[-1] + 3. * logzerr[-1]))
17:44 bilby WARNING : Axis limits cannot be NaN or Inf
17:44 bilby WARNING : Failed to create dynesty run plot at checkpoint
17:55 bilby INFO    : Written checkpoint file results/58/None_resume.pickle
/ligo/home/ligo.org/pratyusava.baral/dispersion/dispersion_env/lib64/python3.11/site-packages/dynesty/plotting.py:252: RuntimeWarning: overflow encountered in exp
  np.exp(logwt), logz if logplot else np.exp(logz)
/ligo/home/ligo.org/pratyusava.baral/dispersion/dispersion_env/lib64/python3.11/site-packages/dynesty/plotting.py:282: RuntimeWarning: overflow encountered in exp
  zspan = (0., 1.05 * np.exp(logz[-1] + 3. * logzerr[-1]))
17:55 bilby WARNING : Axis limits cannot be NaN or Inf
17:55 bilby WARNING : Failed to create dynesty run plot at checkpoint
18:06 bilby INFO    : Written checkpoint file results/58/None_resume.pickle
/ligo/home/ligo.org/pratyusava.baral/dispersion/dispersion_env/lib64/python3.11/site-packages/dynesty/plotting.py:252: RuntimeWarning: overflow encountered in exp
  np.exp(logwt), logz if logplot else np.exp(logz)
/ligo/home/ligo.org/pratyusava.baral/dispersion/dispersion_env/lib64/python3.11/site-packages/dynesty/plotting.py:282: RuntimeWarning: overflow encountered in exp
  zspan = (0., 1.05 * np.exp(logz[-1] + 3. * logzerr[-1]))
18:07 bilby WARNING : Axis limits cannot be NaN or Inf
18:07 bilby WARNING : Failed to create dynesty run plot at checkpoint
18:18 bilby INFO    : Written checkpoint file results/58/None_resume.pickle
/ligo/home/ligo.org/pratyusava.baral/dispersion/dispersion_env/lib64/python3.11/site-packages/dynesty/plotting.py:252: RuntimeWarning: overflow encountered in exp
  np.exp(logwt), logz if logplot else np.exp(logz)
/ligo/home/ligo.org/pratyusava.baral/dispersion/dispersion_env/lib64/python3.11/site-packages/dynesty/plotting.py:282: RuntimeWarning: overflow encountered in exp
  zspan = (0., 1.05 * np.exp(logz[-1] + 3. * logzerr[-1]))
18:19 bilby WARNING : Axis limits cannot be NaN or Inf
18:19 bilby WARNING : Failed to create dynesty run plot at checkpoint
18:29 bilby INFO    : Written checkpoint file results/58/None_resume.pickle
/ligo/home/ligo.org/pratyusava.baral/dispersion/dispersion_env/lib64/python3.11/site-packages/dynesty/plotting.py:252: RuntimeWarning: overflow encountered in exp
  np.exp(logwt), logz if logplot else np.exp(logz)
/ligo/home/ligo.org/pratyusava.baral/dispersion/dispersion_env/lib64/python3.11/site-packages/dynesty/plotting.py:282: RuntimeWarning: overflow encountered in exp
  zspan = (0., 1.05 * np.exp(logz[-1] + 3. * logzerr[-1]))
18:30 bilby WARNING : Axis limits cannot be NaN or Inf
18:30 bilby WARNING : Failed to create dynesty run plot at checkpoint
18:41 bilby INFO    : Written checkpoint file results/58/None_resume.pickle
/ligo/home/ligo.org/pratyusava.baral/dispersion/dispersion_env/lib64/python3.11/site-packages/dynesty/plotting.py:252: RuntimeWarning: overflow encountered in exp
  np.exp(logwt), logz if logplot else np.exp(logz)
/ligo/home/ligo.org/pratyusava.baral/dispersion/dispersion_env/lib64/python3.11/site-packages/dynesty/plotting.py:282: RuntimeWarning: overflow encountered in exp
  zspan = (0., 1.05 * np.exp(logz[-1] + 3. * logzerr[-1]))
18:42 bilby WARNING : Axis limits cannot be NaN or Inf
18:42 bilby WARNING : Failed to create dynesty run plot at checkpoint
18:52 bilby INFO    : Written checkpoint file results/58/None_resume.pickle
/ligo/home/ligo.org/pratyusava.baral/dispersion/dispersion_env/lib64/python3.11/site-packages/dynesty/plotting.py:252: RuntimeWarning: overflow encountered in exp
  np.exp(logwt), logz if logplot else np.exp(logz)
/ligo/home/ligo.org/pratyusava.baral/dispersion/dispersion_env/lib64/python3.11/site-packages/dynesty/plotting.py:282: RuntimeWarning: overflow encountered in exp
  zspan = (0., 1.05 * np.exp(logz[-1] + 3. * logzerr[-1]))
18:52 bilby WARNING : Axis limits cannot be NaN or Inf
18:52 bilby WARNING : Failed to create dynesty run plot at checkpoint
19:03 bilby INFO    : Written checkpoint file results/58/None_resume.pickle
/ligo/home/ligo.org/pratyusava.baral/dispersion/dispersion_env/lib64/python3.11/site-packages/dynesty/plotting.py:252: RuntimeWarning: overflow encountered in exp
  np.exp(logwt), logz if logplot else np.exp(logz)
/ligo/home/ligo.org/pratyusava.baral/dispersion/dispersion_env/lib64/python3.11/site-packages/dynesty/plotting.py:282: RuntimeWarning: overflow encountered in exp
  zspan = (0., 1.05 * np.exp(logz[-1] + 3. * logzerr[-1]))
19:03 bilby WARNING : Axis limits cannot be NaN or Inf
19:03 bilby WARNING : Failed to create dynesty run plot at checkpoint
19:14 bilby INFO    : Written checkpoint file results/58/None_resume.pickle
/ligo/home/ligo.org/pratyusava.baral/dispersion/dispersion_env/lib64/python3.11/site-packages/dynesty/plotting.py:252: RuntimeWarning: overflow encountered in exp
  np.exp(logwt), logz if logplot else np.exp(logz)
/ligo/home/ligo.org/pratyusava.baral/dispersion/dispersion_env/lib64/python3.11/site-packages/dynesty/plotting.py:282: RuntimeWarning: overflow encountered in exp
  zspan = (0., 1.05 * np.exp(logz[-1] + 3. * logzerr[-1]))
19:15 bilby WARNING : Axis limits cannot be NaN or Inf
19:15 bilby WARNING : Failed to create dynesty run plot at checkpoint
19:26 bilby INFO    : Written checkpoint file results/58/None_resume.pickle
/ligo/home/ligo.org/pratyusava.baral/dispersion/dispersion_env/lib64/python3.11/site-packages/dynesty/plotting.py:252: RuntimeWarning: overflow encountered in exp
  np.exp(logwt), logz if logplot else np.exp(logz)
/ligo/home/ligo.org/pratyusava.baral/dispersion/dispersion_env/lib64/python3.11/site-packages/dynesty/plotting.py:282: RuntimeWarning: overflow encountered in exp
  zspan = (0., 1.05 * np.exp(logz[-1] + 3. * logzerr[-1]))
19:26 bilby WARNING : Axis limits cannot be NaN or Inf
19:26 bilby WARNING : Failed to create dynesty run plot at checkpoint
19:39 bilby INFO    : Written checkpoint file results/58/None_resume.pickle
/ligo/home/ligo.org/pratyusava.baral/dispersion/dispersion_env/lib64/python3.11/site-packages/dynesty/plotting.py:252: RuntimeWarning: overflow encountered in exp
  np.exp(logwt), logz if logplot else np.exp(logz)
/ligo/home/ligo.org/pratyusava.baral/dispersion/dispersion_env/lib64/python3.11/site-packages/dynesty/plotting.py:282: RuntimeWarning: overflow encountered in exp
  zspan = (0., 1.05 * np.exp(logz[-1] + 3. * logzerr[-1]))
19:39 bilby WARNING : Axis limits cannot be NaN or Inf
19:39 bilby WARNING : Failed to create dynesty run plot at checkpoint
19:50 bilby INFO    : Written checkpoint file results/58/None_resume.pickle
/ligo/home/ligo.org/pratyusava.baral/dispersion/dispersion_env/lib64/python3.11/site-packages/dynesty/plotting.py:252: RuntimeWarning: overflow encountered in exp
  np.exp(logwt), logz if logplot else np.exp(logz)
/ligo/home/ligo.org/pratyusava.baral/dispersion/dispersion_env/lib64/python3.11/site-packages/dynesty/plotting.py:282: RuntimeWarning: overflow encountered in exp
  zspan = (0., 1.05 * np.exp(logz[-1] + 3. * logzerr[-1]))
19:51 bilby WARNING : Axis limits cannot be NaN or Inf
19:51 bilby WARNING : Failed to create dynesty run plot at checkpoint
20:02 bilby INFO    : Written checkpoint file results/58/None_resume.pickle
/ligo/home/ligo.org/pratyusava.baral/dispersion/dispersion_env/lib64/python3.11/site-packages/dynesty/plotting.py:252: RuntimeWarning: overflow encountered in exp
  np.exp(logwt), logz if logplot else np.exp(logz)
/ligo/home/ligo.org/pratyusava.baral/dispersion/dispersion_env/lib64/python3.11/site-packages/dynesty/plotting.py:282: RuntimeWarning: overflow encountered in exp
  zspan = (0., 1.05 * np.exp(logz[-1] + 3. * logzerr[-1]))
20:02 bilby WARNING : Axis limits cannot be NaN or Inf
20:02 bilby WARNING : Failed to create dynesty run plot at checkpoint
20:14 bilby INFO    : Written checkpoint file results/58/None_resume.pickle
/ligo/home/ligo.org/pratyusava.baral/dispersion/dispersion_env/lib64/python3.11/site-packages/dynesty/plotting.py:252: RuntimeWarning: overflow encountered in exp
  np.exp(logwt), logz if logplot else np.exp(logz)
/ligo/home/ligo.org/pratyusava.baral/dispersion/dispersion_env/lib64/python3.11/site-packages/dynesty/plotting.py:282: RuntimeWarning: overflow encountered in exp
  zspan = (0., 1.05 * np.exp(logz[-1] + 3. * logzerr[-1]))
20:14 bilby WARNING : Axis limits cannot be NaN or Inf
20:14 bilby WARNING : Failed to create dynesty run plot at checkpoint
20:25 bilby INFO    : Written checkpoint file results/58/None_resume.pickle
/ligo/home/ligo.org/pratyusava.baral/dispersion/dispersion_env/lib64/python3.11/site-packages/dynesty/plotting.py:252: RuntimeWarning: overflow encountered in exp
  np.exp(logwt), logz if logplot else np.exp(logz)
/ligo/home/ligo.org/pratyusava.baral/dispersion/dispersion_env/lib64/python3.11/site-packages/dynesty/plotting.py:282: RuntimeWarning: overflow encountered in exp
  zspan = (0., 1.05 * np.exp(logz[-1] + 3. * logzerr[-1]))
20:25 bilby WARNING : Axis limits cannot be NaN or Inf
20:25 bilby WARNING : Failed to create dynesty run plot at checkpoint
20:38 bilby INFO    : Written checkpoint file results/58/None_resume.pickle
/ligo/home/ligo.org/pratyusava.baral/dispersion/dispersion_env/lib64/python3.11/site-packages/dynesty/plotting.py:252: RuntimeWarning: overflow encountered in exp
  np.exp(logwt), logz if logplot else np.exp(logz)
/ligo/home/ligo.org/pratyusava.baral/dispersion/dispersion_env/lib64/python3.11/site-packages/dynesty/plotting.py:282: RuntimeWarning: overflow encountered in exp
  zspan = (0., 1.05 * np.exp(logz[-1] + 3. * logzerr[-1]))
20:38 bilby WARNING : Axis limits cannot be NaN or Inf
20:38 bilby WARNING : Failed to create dynesty run plot at checkpoint
20:49 bilby INFO    : Written checkpoint file results/58/None_resume.pickle
/ligo/home/ligo.org/pratyusava.baral/dispersion/dispersion_env/lib64/python3.11/site-packages/dynesty/plotting.py:252: RuntimeWarning: overflow encountered in exp
  np.exp(logwt), logz if logplot else np.exp(logz)
/ligo/home/ligo.org/pratyusava.baral/dispersion/dispersion_env/lib64/python3.11/site-packages/dynesty/plotting.py:282: RuntimeWarning: overflow encountered in exp
  zspan = (0., 1.05 * np.exp(logz[-1] + 3. * logzerr[-1]))
20:49 bilby WARNING : Axis limits cannot be NaN or Inf
20:49 bilby WARNING : Failed to create dynesty run plot at checkpoint
21:00 bilby INFO    : Written checkpoint file results/58/None_resume.pickle
/ligo/home/ligo.org/pratyusava.baral/dispersion/dispersion_env/lib64/python3.11/site-packages/dynesty/plotting.py:252: RuntimeWarning: overflow encountered in exp
  np.exp(logwt), logz if logplot else np.exp(logz)
/ligo/home/ligo.org/pratyusava.baral/dispersion/dispersion_env/lib64/python3.11/site-packages/dynesty/plotting.py:282: RuntimeWarning: overflow encountered in exp
  zspan = (0., 1.05 * np.exp(logz[-1] + 3. * logzerr[-1]))
21:00 bilby WARNING : Axis limits cannot be NaN or Inf
21:00 bilby WARNING : Failed to create dynesty run plot at checkpoint
21:11 bilby INFO    : Written checkpoint file results/58/None_resume.pickle
/ligo/home/ligo.org/pratyusava.baral/dispersion/dispersion_env/lib64/python3.11/site-packages/dynesty/plotting.py:252: RuntimeWarning: overflow encountered in exp
  np.exp(logwt), logz if logplot else np.exp(logz)
/ligo/home/ligo.org/pratyusava.baral/dispersion/dispersion_env/lib64/python3.11/site-packages/dynesty/plotting.py:282: RuntimeWarning: overflow encountered in exp
  zspan = (0., 1.05 * np.exp(logz[-1] + 3. * logzerr[-1]))
21:11 bilby WARNING : Axis limits cannot be NaN or Inf
21:11 bilby WARNING : Failed to create dynesty run plot at checkpoint
21:22 bilby INFO    : Written checkpoint file results/58/None_resume.pickle
/ligo/home/ligo.org/pratyusava.baral/dispersion/dispersion_env/lib64/python3.11/site-packages/dynesty/plotting.py:252: RuntimeWarning: overflow encountered in exp
  np.exp(logwt), logz if logplot else np.exp(logz)
/ligo/home/ligo.org/pratyusava.baral/dispersion/dispersion_env/lib64/python3.11/site-packages/dynesty/plotting.py:282: RuntimeWarning: overflow encountered in exp
  zspan = (0., 1.05 * np.exp(logz[-1] + 3. * logzerr[-1]))
21:22 bilby WARNING : Axis limits cannot be NaN or Inf
21:22 bilby WARNING : Failed to create dynesty run plot at checkpoint
21:35 bilby INFO    : Written checkpoint file results/58/None_resume.pickle
/ligo/home/ligo.org/pratyusava.baral/dispersion/dispersion_env/lib64/python3.11/site-packages/dynesty/plotting.py:252: RuntimeWarning: overflow encountered in exp
  np.exp(logwt), logz if logplot else np.exp(logz)
/ligo/home/ligo.org/pratyusava.baral/dispersion/dispersion_env/lib64/python3.11/site-packages/dynesty/plotting.py:282: RuntimeWarning: overflow encountered in exp
  zspan = (0., 1.05 * np.exp(logz[-1] + 3. * logzerr[-1]))
21:35 bilby WARNING : Axis limits cannot be NaN or Inf
21:35 bilby WARNING : Failed to create dynesty run plot at checkpoint
21:48 bilby INFO    : Written checkpoint file results/58/None_resume.pickle
/ligo/home/ligo.org/pratyusava.baral/dispersion/dispersion_env/lib64/python3.11/site-packages/dynesty/plotting.py:252: RuntimeWarning: overflow encountered in exp
  np.exp(logwt), logz if logplot else np.exp(logz)
/ligo/home/ligo.org/pratyusava.baral/dispersion/dispersion_env/lib64/python3.11/site-packages/dynesty/plotting.py:282: RuntimeWarning: overflow encountered in exp
  zspan = (0., 1.05 * np.exp(logz[-1] + 3. * logzerr[-1]))
21:48 bilby WARNING : Axis limits cannot be NaN or Inf
21:48 bilby WARNING : Failed to create dynesty run plot at checkpoint
21:59 bilby INFO    : Written checkpoint file results/58/None_resume.pickle
/ligo/home/ligo.org/pratyusava.baral/dispersion/dispersion_env/lib64/python3.11/site-packages/dynesty/plotting.py:252: RuntimeWarning: overflow encountered in exp
  np.exp(logwt), logz if logplot else np.exp(logz)
/ligo/home/ligo.org/pratyusava.baral/dispersion/dispersion_env/lib64/python3.11/site-packages/dynesty/plotting.py:282: RuntimeWarning: overflow encountered in exp
  zspan = (0., 1.05 * np.exp(logz[-1] + 3. * logzerr[-1]))
21:59 bilby WARNING : Axis limits cannot be NaN or Inf
21:59 bilby WARNING : Failed to create dynesty run plot at checkpoint
22:10 bilby INFO    : Written checkpoint file results/58/None_resume.pickle
/ligo/home/ligo.org/pratyusava.baral/dispersion/dispersion_env/lib64/python3.11/site-packages/dynesty/plotting.py:252: RuntimeWarning: overflow encountered in exp
  np.exp(logwt), logz if logplot else np.exp(logz)
/ligo/home/ligo.org/pratyusava.baral/dispersion/dispersion_env/lib64/python3.11/site-packages/dynesty/plotting.py:282: RuntimeWarning: overflow encountered in exp
  zspan = (0., 1.05 * np.exp(logz[-1] + 3. * logzerr[-1]))
22:10 bilby WARNING : Axis limits cannot be NaN or Inf
22:10 bilby WARNING : Failed to create dynesty run plot at checkpoint
22:22 bilby INFO    : Written checkpoint file results/58/None_resume.pickle
/ligo/home/ligo.org/pratyusava.baral/dispersion/dispersion_env/lib64/python3.11/site-packages/dynesty/plotting.py:252: RuntimeWarning: overflow encountered in exp
  np.exp(logwt), logz if logplot else np.exp(logz)
/ligo/home/ligo.org/pratyusava.baral/dispersion/dispersion_env/lib64/python3.11/site-packages/dynesty/plotting.py:282: RuntimeWarning: overflow encountered in exp
  zspan = (0., 1.05 * np.exp(logz[-1] + 3. * logzerr[-1]))
22:22 bilby WARNING : Axis limits cannot be NaN or Inf
22:22 bilby WARNING : Failed to create dynesty run plot at checkpoint
22:34 bilby INFO    : Written checkpoint file results/58/None_resume.pickle
/ligo/home/ligo.org/pratyusava.baral/dispersion/dispersion_env/lib64/python3.11/site-packages/dynesty/plotting.py:252: RuntimeWarning: overflow encountered in exp
  np.exp(logwt), logz if logplot else np.exp(logz)
/ligo/home/ligo.org/pratyusava.baral/dispersion/dispersion_env/lib64/python3.11/site-packages/dynesty/plotting.py:282: RuntimeWarning: overflow encountered in exp
  zspan = (0., 1.05 * np.exp(logz[-1] + 3. * logzerr[-1]))
22:34 bilby WARNING : Axis limits cannot be NaN or Inf
22:34 bilby WARNING : Failed to create dynesty run plot at checkpoint
22:45 bilby INFO    : Written checkpoint file results/58/None_resume.pickle
/ligo/home/ligo.org/pratyusava.baral/dispersion/dispersion_env/lib64/python3.11/site-packages/dynesty/plotting.py:252: RuntimeWarning: overflow encountered in exp
  np.exp(logwt), logz if logplot else np.exp(logz)
/ligo/home/ligo.org/pratyusava.baral/dispersion/dispersion_env/lib64/python3.11/site-packages/dynesty/plotting.py:282: RuntimeWarning: overflow encountered in exp
  zspan = (0., 1.05 * np.exp(logz[-1] + 3. * logzerr[-1]))
22:46 bilby WARNING : Axis limits cannot be NaN or Inf
22:46 bilby WARNING : Failed to create dynesty run plot at checkpoint
22:57 bilby INFO    : Written checkpoint file results/58/None_resume.pickle
/ligo/home/ligo.org/pratyusava.baral/dispersion/dispersion_env/lib64/python3.11/site-packages/dynesty/plotting.py:252: RuntimeWarning: overflow encountered in exp
  np.exp(logwt), logz if logplot else np.exp(logz)
/ligo/home/ligo.org/pratyusava.baral/dispersion/dispersion_env/lib64/python3.11/site-packages/dynesty/plotting.py:282: RuntimeWarning: overflow encountered in exp
  zspan = (0., 1.05 * np.exp(logz[-1] + 3. * logzerr[-1]))
22:57 bilby WARNING : Axis limits cannot be NaN or Inf
22:57 bilby WARNING : Failed to create dynesty run plot at checkpoint
23:08 bilby INFO    : Written checkpoint file results/58/None_resume.pickle
/ligo/home/ligo.org/pratyusava.baral/dispersion/dispersion_env/lib64/python3.11/site-packages/dynesty/plotting.py:252: RuntimeWarning: overflow encountered in exp
  np.exp(logwt), logz if logplot else np.exp(logz)
/ligo/home/ligo.org/pratyusava.baral/dispersion/dispersion_env/lib64/python3.11/site-packages/dynesty/plotting.py:282: RuntimeWarning: overflow encountered in exp
  zspan = (0., 1.05 * np.exp(logz[-1] + 3. * logzerr[-1]))
23:08 bilby WARNING : Axis limits cannot be NaN or Inf
23:08 bilby WARNING : Failed to create dynesty run plot at checkpoint
23:21 bilby INFO    : Written checkpoint file results/58/None_resume.pickle
/ligo/home/ligo.org/pratyusava.baral/dispersion/dispersion_env/lib64/python3.11/site-packages/dynesty/plotting.py:252: RuntimeWarning: overflow encountered in exp
  np.exp(logwt), logz if logplot else np.exp(logz)
/ligo/home/ligo.org/pratyusava.baral/dispersion/dispersion_env/lib64/python3.11/site-packages/dynesty/plotting.py:282: RuntimeWarning: overflow encountered in exp
  zspan = (0., 1.05 * np.exp(logz[-1] + 3. * logzerr[-1]))
23:21 bilby WARNING : Axis limits cannot be NaN or Inf
23:21 bilby WARNING : Failed to create dynesty run plot at checkpoint
23:32 bilby INFO    : Written checkpoint file results/58/None_resume.pickle
/ligo/home/ligo.org/pratyusava.baral/dispersion/dispersion_env/lib64/python3.11/site-packages/dynesty/plotting.py:252: RuntimeWarning: overflow encountered in exp
  np.exp(logwt), logz if logplot else np.exp(logz)
/ligo/home/ligo.org/pratyusava.baral/dispersion/dispersion_env/lib64/python3.11/site-packages/dynesty/plotting.py:282: RuntimeWarning: overflow encountered in exp
  zspan = (0., 1.05 * np.exp(logz[-1] + 3. * logzerr[-1]))
23:33 bilby WARNING : Axis limits cannot be NaN or Inf
23:33 bilby WARNING : Failed to create dynesty run plot at checkpoint
23:46 bilby INFO    : Written checkpoint file results/58/None_resume.pickle
/ligo/home/ligo.org/pratyusava.baral/dispersion/dispersion_env/lib64/python3.11/site-packages/dynesty/plotting.py:252: RuntimeWarning: overflow encountered in exp
  np.exp(logwt), logz if logplot else np.exp(logz)
/ligo/home/ligo.org/pratyusava.baral/dispersion/dispersion_env/lib64/python3.11/site-packages/dynesty/plotting.py:282: RuntimeWarning: overflow encountered in exp
  zspan = (0., 1.05 * np.exp(logz[-1] + 3. * logzerr[-1]))
23:46 bilby WARNING : Axis limits cannot be NaN or Inf
23:46 bilby WARNING : Failed to create dynesty run plot at checkpoint
23:58 bilby INFO    : Written checkpoint file results/58/None_resume.pickle
/ligo/home/ligo.org/pratyusava.baral/dispersion/dispersion_env/lib64/python3.11/site-packages/dynesty/plotting.py:252: RuntimeWarning: overflow encountered in exp
  np.exp(logwt), logz if logplot else np.exp(logz)
/ligo/home/ligo.org/pratyusava.baral/dispersion/dispersion_env/lib64/python3.11/site-packages/dynesty/plotting.py:282: RuntimeWarning: overflow encountered in exp
  zspan = (0., 1.05 * np.exp(logz[-1] + 3. * logzerr[-1]))
23:59 bilby WARNING : Axis limits cannot be NaN or Inf
23:59 bilby WARNING : Failed to create dynesty run plot at checkpoint
00:09 bilby INFO    : Written checkpoint file results/58/None_resume.pickle
/ligo/home/ligo.org/pratyusava.baral/dispersion/dispersion_env/lib64/python3.11/site-packages/dynesty/plotting.py:252: RuntimeWarning: overflow encountered in exp
  np.exp(logwt), logz if logplot else np.exp(logz)
/ligo/home/ligo.org/pratyusava.baral/dispersion/dispersion_env/lib64/python3.11/site-packages/dynesty/plotting.py:282: RuntimeWarning: overflow encountered in exp
  zspan = (0., 1.05 * np.exp(logz[-1] + 3. * logzerr[-1]))
00:09 bilby WARNING : Axis limits cannot be NaN or Inf
00:09 bilby WARNING : Failed to create dynesty run plot at checkpoint
00:21 bilby INFO    : Written checkpoint file results/58/None_resume.pickle
/ligo/home/ligo.org/pratyusava.baral/dispersion/dispersion_env/lib64/python3.11/site-packages/dynesty/plotting.py:252: RuntimeWarning: overflow encountered in exp
  np.exp(logwt), logz if logplot else np.exp(logz)
/ligo/home/ligo.org/pratyusava.baral/dispersion/dispersion_env/lib64/python3.11/site-packages/dynesty/plotting.py:282: RuntimeWarning: overflow encountered in exp
  zspan = (0., 1.05 * np.exp(logz[-1] + 3. * logzerr[-1]))
00:21 bilby WARNING : Axis limits cannot be NaN or Inf
00:21 bilby WARNING : Failed to create dynesty run plot at checkpoint
00:33 bilby INFO    : Written checkpoint file results/58/None_resume.pickle
/ligo/home/ligo.org/pratyusava.baral/dispersion/dispersion_env/lib64/python3.11/site-packages/dynesty/plotting.py:252: RuntimeWarning: overflow encountered in exp
  np.exp(logwt), logz if logplot else np.exp(logz)
/ligo/home/ligo.org/pratyusava.baral/dispersion/dispersion_env/lib64/python3.11/site-packages/dynesty/plotting.py:282: RuntimeWarning: overflow encountered in exp
  zspan = (0., 1.05 * np.exp(logz[-1] + 3. * logzerr[-1]))
00:33 bilby WARNING : Axis limits cannot be NaN or Inf
00:33 bilby WARNING : Failed to create dynesty run plot at checkpoint
00:44 bilby INFO    : Written checkpoint file results/58/None_resume.pickle
/ligo/home/ligo.org/pratyusava.baral/dispersion/dispersion_env/lib64/python3.11/site-packages/dynesty/plotting.py:252: RuntimeWarning: overflow encountered in exp
  np.exp(logwt), logz if logplot else np.exp(logz)
/ligo/home/ligo.org/pratyusava.baral/dispersion/dispersion_env/lib64/python3.11/site-packages/dynesty/plotting.py:282: RuntimeWarning: overflow encountered in exp
  zspan = (0., 1.05 * np.exp(logz[-1] + 3. * logzerr[-1]))
00:44 bilby WARNING : Axis limits cannot be NaN or Inf
00:44 bilby WARNING : Failed to create dynesty run plot at checkpoint
00:55 bilby INFO    : Written checkpoint file results/58/None_resume.pickle
/ligo/home/ligo.org/pratyusava.baral/dispersion/dispersion_env/lib64/python3.11/site-packages/dynesty/plotting.py:252: RuntimeWarning: overflow encountered in exp
  np.exp(logwt), logz if logplot else np.exp(logz)
/ligo/home/ligo.org/pratyusava.baral/dispersion/dispersion_env/lib64/python3.11/site-packages/dynesty/plotting.py:282: RuntimeWarning: overflow encountered in exp
  zspan = (0., 1.05 * np.exp(logz[-1] + 3. * logzerr[-1]))
00:55 bilby WARNING : Axis limits cannot be NaN or Inf
00:55 bilby WARNING : Failed to create dynesty run plot at checkpoint
01:06 bilby INFO    : Written checkpoint file results/58/None_resume.pickle
/ligo/home/ligo.org/pratyusava.baral/dispersion/dispersion_env/lib64/python3.11/site-packages/dynesty/plotting.py:252: RuntimeWarning: overflow encountered in exp
  np.exp(logwt), logz if logplot else np.exp(logz)
/ligo/home/ligo.org/pratyusava.baral/dispersion/dispersion_env/lib64/python3.11/site-packages/dynesty/plotting.py:282: RuntimeWarning: overflow encountered in exp
  zspan = (0., 1.05 * np.exp(logz[-1] + 3. * logzerr[-1]))
01:06 bilby WARNING : Axis limits cannot be NaN or Inf
01:06 bilby WARNING : Failed to create dynesty run plot at checkpoint
01:17 bilby INFO    : Written checkpoint file results/58/None_resume.pickle
/ligo/home/ligo.org/pratyusava.baral/dispersion/dispersion_env/lib64/python3.11/site-packages/dynesty/plotting.py:252: RuntimeWarning: overflow encountered in exp
  np.exp(logwt), logz if logplot else np.exp(logz)
/ligo/home/ligo.org/pratyusava.baral/dispersion/dispersion_env/lib64/python3.11/site-packages/dynesty/plotting.py:282: RuntimeWarning: overflow encountered in exp
  zspan = (0., 1.05 * np.exp(logz[-1] + 3. * logzerr[-1]))
01:18 bilby WARNING : Axis limits cannot be NaN or Inf
01:18 bilby WARNING : Failed to create dynesty run plot at checkpoint
01:29 bilby INFO    : Written checkpoint file results/58/None_resume.pickle
/ligo/home/ligo.org/pratyusava.baral/dispersion/dispersion_env/lib64/python3.11/site-packages/dynesty/plotting.py:252: RuntimeWarning: overflow encountered in exp
  np.exp(logwt), logz if logplot else np.exp(logz)
/ligo/home/ligo.org/pratyusava.baral/dispersion/dispersion_env/lib64/python3.11/site-packages/dynesty/plotting.py:282: RuntimeWarning: overflow encountered in exp
  zspan = (0., 1.05 * np.exp(logz[-1] + 3. * logzerr[-1]))
01:29 bilby WARNING : Axis limits cannot be NaN or Inf
01:29 bilby WARNING : Failed to create dynesty run plot at checkpoint
01:40 bilby INFO    : Written checkpoint file results/58/None_resume.pickle
/ligo/home/ligo.org/pratyusava.baral/dispersion/dispersion_env/lib64/python3.11/site-packages/dynesty/plotting.py:252: RuntimeWarning: overflow encountered in exp
  np.exp(logwt), logz if logplot else np.exp(logz)
/ligo/home/ligo.org/pratyusava.baral/dispersion/dispersion_env/lib64/python3.11/site-packages/dynesty/plotting.py:282: RuntimeWarning: overflow encountered in exp
  zspan = (0., 1.05 * np.exp(logz[-1] + 3. * logzerr[-1]))
01:40 bilby WARNING : Axis limits cannot be NaN or Inf
01:40 bilby WARNING : Failed to create dynesty run plot at checkpoint
01:50 bilby INFO    : Written checkpoint file results/58/None_resume.pickle
/ligo/home/ligo.org/pratyusava.baral/dispersion/dispersion_env/lib64/python3.11/site-packages/dynesty/plotting.py:252: RuntimeWarning: overflow encountered in exp
  np.exp(logwt), logz if logplot else np.exp(logz)
/ligo/home/ligo.org/pratyusava.baral/dispersion/dispersion_env/lib64/python3.11/site-packages/dynesty/plotting.py:282: RuntimeWarning: overflow encountered in exp
  zspan = (0., 1.05 * np.exp(logz[-1] + 3. * logzerr[-1]))
01:50 bilby WARNING : Axis limits cannot be NaN or Inf
01:50 bilby WARNING : Failed to create dynesty run plot at checkpoint
02:02 bilby INFO    : Written checkpoint file results/58/None_resume.pickle
/ligo/home/ligo.org/pratyusava.baral/dispersion/dispersion_env/lib64/python3.11/site-packages/dynesty/plotting.py:252: RuntimeWarning: overflow encountered in exp
  np.exp(logwt), logz if logplot else np.exp(logz)
/ligo/home/ligo.org/pratyusava.baral/dispersion/dispersion_env/lib64/python3.11/site-packages/dynesty/plotting.py:282: RuntimeWarning: overflow encountered in exp
  zspan = (0., 1.05 * np.exp(logz[-1] + 3. * logzerr[-1]))
02:02 bilby WARNING : Axis limits cannot be NaN or Inf
02:02 bilby WARNING : Failed to create dynesty run plot at checkpoint
02:14 bilby INFO    : Written checkpoint file results/58/None_resume.pickle
/ligo/home/ligo.org/pratyusava.baral/dispersion/dispersion_env/lib64/python3.11/site-packages/dynesty/plotting.py:252: RuntimeWarning: overflow encountered in exp
  np.exp(logwt), logz if logplot else np.exp(logz)
/ligo/home/ligo.org/pratyusava.baral/dispersion/dispersion_env/lib64/python3.11/site-packages/dynesty/plotting.py:282: RuntimeWarning: overflow encountered in exp
  zspan = (0., 1.05 * np.exp(logz[-1] + 3. * logzerr[-1]))
02:14 bilby WARNING : Axis limits cannot be NaN or Inf
02:14 bilby WARNING : Failed to create dynesty run plot at checkpoint
02:25 bilby INFO    : Written checkpoint file results/58/None_resume.pickle
/ligo/home/ligo.org/pratyusava.baral/dispersion/dispersion_env/lib64/python3.11/site-packages/dynesty/plotting.py:252: RuntimeWarning: overflow encountered in exp
  np.exp(logwt), logz if logplot else np.exp(logz)
/ligo/home/ligo.org/pratyusava.baral/dispersion/dispersion_env/lib64/python3.11/site-packages/dynesty/plotting.py:282: RuntimeWarning: overflow encountered in exp
  zspan = (0., 1.05 * np.exp(logz[-1] + 3. * logzerr[-1]))
02:25 bilby WARNING : Axis limits cannot be NaN or Inf
02:25 bilby WARNING : Failed to create dynesty run plot at checkpoint
02:36 bilby INFO    : Written checkpoint file results/58/None_resume.pickle
/ligo/home/ligo.org/pratyusava.baral/dispersion/dispersion_env/lib64/python3.11/site-packages/dynesty/plotting.py:252: RuntimeWarning: overflow encountered in exp
  np.exp(logwt), logz if logplot else np.exp(logz)
/ligo/home/ligo.org/pratyusava.baral/dispersion/dispersion_env/lib64/python3.11/site-packages/dynesty/plotting.py:282: RuntimeWarning: overflow encountered in exp
  zspan = (0., 1.05 * np.exp(logz[-1] + 3. * logzerr[-1]))
02:36 bilby WARNING : Axis limits cannot be NaN or Inf
02:36 bilby WARNING : Failed to create dynesty run plot at checkpoint
02:48 bilby INFO    : Written checkpoint file results/58/None_resume.pickle
/ligo/home/ligo.org/pratyusava.baral/dispersion/dispersion_env/lib64/python3.11/site-packages/dynesty/plotting.py:252: RuntimeWarning: overflow encountered in exp
  np.exp(logwt), logz if logplot else np.exp(logz)
/ligo/home/ligo.org/pratyusava.baral/dispersion/dispersion_env/lib64/python3.11/site-packages/dynesty/plotting.py:282: RuntimeWarning: overflow encountered in exp
  zspan = (0., 1.05 * np.exp(logz[-1] + 3. * logzerr[-1]))
02:48 bilby WARNING : Axis limits cannot be NaN or Inf
02:48 bilby WARNING : Failed to create dynesty run plot at checkpoint
03:00 bilby INFO    : Written checkpoint file results/58/None_resume.pickle
/ligo/home/ligo.org/pratyusava.baral/dispersion/dispersion_env/lib64/python3.11/site-packages/dynesty/plotting.py:252: RuntimeWarning: overflow encountered in exp
  np.exp(logwt), logz if logplot else np.exp(logz)
/ligo/home/ligo.org/pratyusava.baral/dispersion/dispersion_env/lib64/python3.11/site-packages/dynesty/plotting.py:282: RuntimeWarning: overflow encountered in exp
  zspan = (0., 1.05 * np.exp(logz[-1] + 3. * logzerr[-1]))
03:00 bilby WARNING : Axis limits cannot be NaN or Inf
03:00 bilby WARNING : Failed to create dynesty run plot at checkpoint
03:12 bilby INFO    : Written checkpoint file results/58/None_resume.pickle
/ligo/home/ligo.org/pratyusava.baral/dispersion/dispersion_env/lib64/python3.11/site-packages/dynesty/plotting.py:252: RuntimeWarning: overflow encountered in exp
  np.exp(logwt), logz if logplot else np.exp(logz)
/ligo/home/ligo.org/pratyusava.baral/dispersion/dispersion_env/lib64/python3.11/site-packages/dynesty/plotting.py:282: RuntimeWarning: overflow encountered in exp
  zspan = (0., 1.05 * np.exp(logz[-1] + 3. * logzerr[-1]))
03:12 bilby WARNING : Axis limits cannot be NaN or Inf
03:12 bilby WARNING : Failed to create dynesty run plot at checkpoint
03:23 bilby INFO    : Written checkpoint file results/58/None_resume.pickle
/ligo/home/ligo.org/pratyusava.baral/dispersion/dispersion_env/lib64/python3.11/site-packages/dynesty/plotting.py:252: RuntimeWarning: overflow encountered in exp
  np.exp(logwt), logz if logplot else np.exp(logz)
/ligo/home/ligo.org/pratyusava.baral/dispersion/dispersion_env/lib64/python3.11/site-packages/dynesty/plotting.py:282: RuntimeWarning: overflow encountered in exp
  zspan = (0., 1.05 * np.exp(logz[-1] + 3. * logzerr[-1]))
03:23 bilby WARNING : Axis limits cannot be NaN or Inf
03:23 bilby WARNING : Failed to create dynesty run plot at checkpoint
03:35 bilby INFO    : Written checkpoint file results/58/None_resume.pickle
/ligo/home/ligo.org/pratyusava.baral/dispersion/dispersion_env/lib64/python3.11/site-packages/dynesty/plotting.py:252: RuntimeWarning: overflow encountered in exp
  np.exp(logwt), logz if logplot else np.exp(logz)
/ligo/home/ligo.org/pratyusava.baral/dispersion/dispersion_env/lib64/python3.11/site-packages/dynesty/plotting.py:282: RuntimeWarning: overflow encountered in exp
  zspan = (0., 1.05 * np.exp(logz[-1] + 3. * logzerr[-1]))
03:36 bilby WARNING : Axis limits cannot be NaN or Inf
03:36 bilby WARNING : Failed to create dynesty run plot at checkpoint
03:47 bilby INFO    : Written checkpoint file results/58/None_resume.pickle
/ligo/home/ligo.org/pratyusava.baral/dispersion/dispersion_env/lib64/python3.11/site-packages/dynesty/plotting.py:252: RuntimeWarning: overflow encountered in exp
  np.exp(logwt), logz if logplot else np.exp(logz)
/ligo/home/ligo.org/pratyusava.baral/dispersion/dispersion_env/lib64/python3.11/site-packages/dynesty/plotting.py:282: RuntimeWarning: overflow encountered in exp
  zspan = (0., 1.05 * np.exp(logz[-1] + 3. * logzerr[-1]))
03:48 bilby WARNING : Axis limits cannot be NaN or Inf
03:48 bilby WARNING : Failed to create dynesty run plot at checkpoint
03:58 bilby INFO    : Written checkpoint file results/58/None_resume.pickle
/ligo/home/ligo.org/pratyusava.baral/dispersion/dispersion_env/lib64/python3.11/site-packages/dynesty/plotting.py:252: RuntimeWarning: overflow encountered in exp
  np.exp(logwt), logz if logplot else np.exp(logz)
/ligo/home/ligo.org/pratyusava.baral/dispersion/dispersion_env/lib64/python3.11/site-packages/dynesty/plotting.py:282: RuntimeWarning: overflow encountered in exp
  zspan = (0., 1.05 * np.exp(logz[-1] + 3. * logzerr[-1]))
03:58 bilby WARNING : Axis limits cannot be NaN or Inf
03:58 bilby WARNING : Failed to create dynesty run plot at checkpoint
04:09 bilby INFO    : Written checkpoint file results/58/None_resume.pickle
/ligo/home/ligo.org/pratyusava.baral/dispersion/dispersion_env/lib64/python3.11/site-packages/dynesty/plotting.py:252: RuntimeWarning: overflow encountered in exp
  np.exp(logwt), logz if logplot else np.exp(logz)
/ligo/home/ligo.org/pratyusava.baral/dispersion/dispersion_env/lib64/python3.11/site-packages/dynesty/plotting.py:282: RuntimeWarning: overflow encountered in exp
  zspan = (0., 1.05 * np.exp(logz[-1] + 3. * logzerr[-1]))
04:10 bilby WARNING : Axis limits cannot be NaN or Inf
04:10 bilby WARNING : Failed to create dynesty run plot at checkpoint
04:20 bilby INFO    : Written checkpoint file results/58/None_resume.pickle
/ligo/home/ligo.org/pratyusava.baral/dispersion/dispersion_env/lib64/python3.11/site-packages/dynesty/plotting.py:252: RuntimeWarning: overflow encountered in exp
  np.exp(logwt), logz if logplot else np.exp(logz)
/ligo/home/ligo.org/pratyusava.baral/dispersion/dispersion_env/lib64/python3.11/site-packages/dynesty/plotting.py:282: RuntimeWarning: overflow encountered in exp
  zspan = (0., 1.05 * np.exp(logz[-1] + 3. * logzerr[-1]))
04:20 bilby WARNING : Axis limits cannot be NaN or Inf
04:20 bilby WARNING : Failed to create dynesty run plot at checkpoint
04:31 bilby INFO    : Written checkpoint file results/58/None_resume.pickle
/ligo/home/ligo.org/pratyusava.baral/dispersion/dispersion_env/lib64/python3.11/site-packages/dynesty/plotting.py:252: RuntimeWarning: overflow encountered in exp
  np.exp(logwt), logz if logplot else np.exp(logz)
/ligo/home/ligo.org/pratyusava.baral/dispersion/dispersion_env/lib64/python3.11/site-packages/dynesty/plotting.py:282: RuntimeWarning: overflow encountered in exp
  zspan = (0., 1.05 * np.exp(logz[-1] + 3. * logzerr[-1]))
04:32 bilby WARNING : Axis limits cannot be NaN or Inf
04:32 bilby WARNING : Failed to create dynesty run plot at checkpoint
04:42 bilby INFO    : Written checkpoint file results/58/None_resume.pickle
/ligo/home/ligo.org/pratyusava.baral/dispersion/dispersion_env/lib64/python3.11/site-packages/dynesty/plotting.py:252: RuntimeWarning: overflow encountered in exp
  np.exp(logwt), logz if logplot else np.exp(logz)
/ligo/home/ligo.org/pratyusava.baral/dispersion/dispersion_env/lib64/python3.11/site-packages/dynesty/plotting.py:282: RuntimeWarning: overflow encountered in exp
  zspan = (0., 1.05 * np.exp(logz[-1] + 3. * logzerr[-1]))
04:42 bilby WARNING : Axis limits cannot be NaN or Inf
04:42 bilby WARNING : Failed to create dynesty run plot at checkpoint
04:53 bilby INFO    : Written checkpoint file results/58/None_resume.pickle
/ligo/home/ligo.org/pratyusava.baral/dispersion/dispersion_env/lib64/python3.11/site-packages/dynesty/plotting.py:252: RuntimeWarning: overflow encountered in exp
  np.exp(logwt), logz if logplot else np.exp(logz)
/ligo/home/ligo.org/pratyusava.baral/dispersion/dispersion_env/lib64/python3.11/site-packages/dynesty/plotting.py:282: RuntimeWarning: overflow encountered in exp
  zspan = (0., 1.05 * np.exp(logz[-1] + 3. * logzerr[-1]))
04:54 bilby WARNING : Axis limits cannot be NaN or Inf
04:54 bilby WARNING : Failed to create dynesty run plot at checkpoint
05:04 bilby INFO    : Written checkpoint file results/58/None_resume.pickle
/ligo/home/ligo.org/pratyusava.baral/dispersion/dispersion_env/lib64/python3.11/site-packages/dynesty/plotting.py:252: RuntimeWarning: overflow encountered in exp
  np.exp(logwt), logz if logplot else np.exp(logz)
/ligo/home/ligo.org/pratyusava.baral/dispersion/dispersion_env/lib64/python3.11/site-packages/dynesty/plotting.py:282: RuntimeWarning: overflow encountered in exp
  zspan = (0., 1.05 * np.exp(logz[-1] + 3. * logzerr[-1]))
05:05 bilby WARNING : Axis limits cannot be NaN or Inf
05:05 bilby WARNING : Failed to create dynesty run plot at checkpoint
05:16 bilby INFO    : Written checkpoint file results/58/None_resume.pickle
/ligo/home/ligo.org/pratyusava.baral/dispersion/dispersion_env/lib64/python3.11/site-packages/dynesty/plotting.py:252: RuntimeWarning: overflow encountered in exp
  np.exp(logwt), logz if logplot else np.exp(logz)
/ligo/home/ligo.org/pratyusava.baral/dispersion/dispersion_env/lib64/python3.11/site-packages/dynesty/plotting.py:282: RuntimeWarning: overflow encountered in exp
  zspan = (0., 1.05 * np.exp(logz[-1] + 3. * logzerr[-1]))
05:16 bilby WARNING : Axis limits cannot be NaN or Inf
05:16 bilby WARNING : Failed to create dynesty run plot at checkpoint
05:27 bilby INFO    : Written checkpoint file results/58/None_resume.pickle
/ligo/home/ligo.org/pratyusava.baral/dispersion/dispersion_env/lib64/python3.11/site-packages/dynesty/plotting.py:252: RuntimeWarning: overflow encountered in exp
  np.exp(logwt), logz if logplot else np.exp(logz)
/ligo/home/ligo.org/pratyusava.baral/dispersion/dispersion_env/lib64/python3.11/site-packages/dynesty/plotting.py:282: RuntimeWarning: overflow encountered in exp
  zspan = (0., 1.05 * np.exp(logz[-1] + 3. * logzerr[-1]))
05:28 bilby WARNING : Axis limits cannot be NaN or Inf
05:28 bilby WARNING : Failed to create dynesty run plot at checkpoint
05:38 bilby INFO    : Written checkpoint file results/58/None_resume.pickle
/ligo/home/ligo.org/pratyusava.baral/dispersion/dispersion_env/lib64/python3.11/site-packages/dynesty/plotting.py:252: RuntimeWarning: overflow encountered in exp
  np.exp(logwt), logz if logplot else np.exp(logz)
/ligo/home/ligo.org/pratyusava.baral/dispersion/dispersion_env/lib64/python3.11/site-packages/dynesty/plotting.py:282: RuntimeWarning: overflow encountered in exp
  zspan = (0., 1.05 * np.exp(logz[-1] + 3. * logzerr[-1]))
05:39 bilby WARNING : Axis limits cannot be NaN or Inf
05:39 bilby WARNING : Failed to create dynesty run plot at checkpoint
05:50 bilby INFO    : Written checkpoint file results/58/None_resume.pickle
/ligo/home/ligo.org/pratyusava.baral/dispersion/dispersion_env/lib64/python3.11/site-packages/dynesty/plotting.py:252: RuntimeWarning: overflow encountered in exp
  np.exp(logwt), logz if logplot else np.exp(logz)
/ligo/home/ligo.org/pratyusava.baral/dispersion/dispersion_env/lib64/python3.11/site-packages/dynesty/plotting.py:282: RuntimeWarning: overflow encountered in exp
  zspan = (0., 1.05 * np.exp(logz[-1] + 3. * logzerr[-1]))
05:50 bilby WARNING : Axis limits cannot be NaN or Inf
05:50 bilby WARNING : Failed to create dynesty run plot at checkpoint
06:00 bilby INFO    : Written checkpoint file results/58/None_resume.pickle
/ligo/home/ligo.org/pratyusava.baral/dispersion/dispersion_env/lib64/python3.11/site-packages/dynesty/plotting.py:252: RuntimeWarning: overflow encountered in exp
  np.exp(logwt), logz if logplot else np.exp(logz)
/ligo/home/ligo.org/pratyusava.baral/dispersion/dispersion_env/lib64/python3.11/site-packages/dynesty/plotting.py:282: RuntimeWarning: overflow encountered in exp
  zspan = (0., 1.05 * np.exp(logz[-1] + 3. * logzerr[-1]))
06:01 bilby WARNING : Axis limits cannot be NaN or Inf
06:01 bilby WARNING : Failed to create dynesty run plot at checkpoint
06:12 bilby INFO    : Written checkpoint file results/58/None_resume.pickle
/ligo/home/ligo.org/pratyusava.baral/dispersion/dispersion_env/lib64/python3.11/site-packages/dynesty/plotting.py:252: RuntimeWarning: overflow encountered in exp
  np.exp(logwt), logz if logplot else np.exp(logz)
/ligo/home/ligo.org/pratyusava.baral/dispersion/dispersion_env/lib64/python3.11/site-packages/dynesty/plotting.py:282: RuntimeWarning: overflow encountered in exp
  zspan = (0., 1.05 * np.exp(logz[-1] + 3. * logzerr[-1]))
06:12 bilby WARNING : Axis limits cannot be NaN or Inf
06:12 bilby WARNING : Failed to create dynesty run plot at checkpoint
06:16 bilby INFO    : Written checkpoint file results/58/None_resume.pickle
/ligo/home/ligo.org/pratyusava.baral/dispersion/dispersion_env/lib64/python3.11/site-packages/dynesty/plotting.py:252: RuntimeWarning: overflow encountered in exp
  np.exp(logwt), logz if logplot else np.exp(logz)
/ligo/home/ligo.org/pratyusava.baral/dispersion/dispersion_env/lib64/python3.11/site-packages/dynesty/plotting.py:282: RuntimeWarning: overflow encountered in exp
  zspan = (0., 1.05 * np.exp(logz[-1] + 3. * logzerr[-1]))
06:16 bilby WARNING : Axis limits cannot be NaN or Inf
06:16 bilby WARNING : Failed to create dynesty run plot at checkpoint
06:16 bilby INFO    : Starting to close worker pool.
06:16 bilby INFO    : Finished closing worker pool.
06:16 bilby INFO    : Rejection sampling nested samples to obtain 2939 posterior samples
06:16 bilby INFO    : Sampling time: 4 days, 7:09:52.858678
06:16 bilby INFO    : Summary of results:
nsamples: 2939
ln_noise_evidence: -244349.316
ln_evidence: -57.158 +/-  0.327
ln_bayes_factor: 244292.159 +/-  0.327

