CE40 ASD: /home/pratyusava.baral/Modified_Dispersion/asd/CE40km_1p5MW_aLIGO_coat_strain.txt
CE20 ASD: /home/pratyusava.baral/Modified_Dispersion/asd/CE20km_1p5MW_aLIGO_coat_strain.txt
The injected SNR is (1463.8942882813012-2.941465327562875e-16j) in Interferometer(name='CE40', power_spectral_density=PowerSpectralDensity(frequency_array=[   5.            5.03469316    5.06962704    5.10480331    5.14022366
    5.17588978    5.21180337    5.24796615    5.28437986    5.32104622
    5.357967      5.39514396    5.43257887    5.47027354    5.50822975
    5.54644932    5.58493409    5.62368589    5.66270658    5.70199801
    5.74156207    5.78140066    5.82151566    5.86190902    5.90258264
    5.94353849    5.98477851    6.02630468    6.06811899    6.11022343
    6.15262002    6.19531078    6.23829776    6.28158301    6.3251686
    6.36905662    6.41324915    6.45774833    6.50255626    6.5476751
    6.59310701    6.63885415    6.68491871    6.7313029     6.77800893
    6.82503903    6.87239546    6.92008048    6.96809637    7.01644542
    7.06512995    7.11415229    7.16351477    7.21321976    7.26326963
    7.31366678    7.36441362    7.41551257    7.46696608    7.51877661
    7.57094663    7.62347864    7.67637514    7.72963868    7.7832718
    7.83727705    7.89165703    7.94641433    8.00155157    8.05707139
    8.11297644    8.16926939    8.22595294    8.28302979    8.34050269
    8.39837436    8.45664759    8.51532515    8.57440985    8.63390452
    8.693812      8.75413516    8.81487688    8.87604006    8.93762763
    8.99964253    9.06208774    9.12496622    9.188281      9.2520351
    9.31623156    9.38087346    9.44596388    9.51150594    9.57750278
    9.64395754    9.71087341    9.77825358    9.84610128    9.91441975
    9.98321225   10.05248208   10.12223255   10.19246699   10.26318876
   10.33440125   10.40610785   10.478312     10.55101714   10.62422676
   10.69794436   10.77217345   10.84691759   10.92218036   10.99796534
   11.07427617   11.15111649   11.22848998   11.30640033   11.38485128
   11.46384656   11.54338997   11.6234853    11.70413638   11.78534707
   11.86712125   11.94946283   12.03237575   12.11586397   12.19993149
   12.28458231   12.3698205    12.45565013   12.5420753    12.62910013
   12.71672881   12.8049655    12.89381444   12.98327986   13.07336606
   13.16407733   13.25541801   13.34739247   13.44000511   13.53326035
   13.62716266   13.72171652   13.81692645   13.91279701   14.00933278
   14.10653838   14.20441845   14.30297768   14.40222077   14.50215247
   14.60277756   14.70410085   14.80612719   14.90886145   15.01230855
   15.11647342   15.22136106   15.32697648   15.43332472   15.54041087
   15.64824005   15.75681742   15.86614817   15.97623753   16.08709075
   16.19871315   16.31111005   16.42428683   16.5382489    16.65300172
   16.76855076   16.88490155   17.00205966   17.12003069   17.23882027
   17.35843409   17.47887787   17.60015736   17.72227837   17.84524673
   17.96906832   18.09374906   18.21929492   18.34571189   18.47300603
   18.60118341   18.73025016   18.86021247   18.99107653   19.12284861
   19.25553501   19.38914207   19.52367618   19.65914378   19.79555133
   19.93290537   20.07121245   20.2104792    20.35071227   20.49191836
   20.63410423   20.77727667   20.92144254   21.06660872   21.21278215
   21.35996983   21.50817879   21.65741612   21.80768895   21.95900446
   22.1113699    22.26479255   22.41927974   22.57483886   22.73147735
   22.88920269   23.04802243   23.20794417   23.36897554   23.53112425
   23.69439805   23.85880474   24.0243522    24.19104832   24.35890109
   24.52791853   24.69810872   24.86947979   25.04203995   25.21579744
   25.39076056   25.56693769   25.74433725   25.92296772   26.10283764
   26.28395561   26.46633029   26.6499704    26.83488473   27.0210821
   27.20857143   27.39736168   27.58746188   27.77888111   27.97162853
   28.16571335   28.36114486   28.55793239   28.75608536   28.95561324
   29.15652557   29.35883195   29.56254207   29.76766565   29.97421252
   30.18219253   30.39161564   30.60249186   30.81483128   31.02864403
   31.24394036   31.46073055   31.67902496   31.89883404   32.1201683
   32.34303831   32.56745473   32.7934283    33.02096981   33.25009015
   33.48080027   33.71311121   33.94703406   34.18258002   34.41976035
   34.65858638   34.89906954   35.14122132   35.38505331   35.63057715
   35.87780459   36.12674746   36.37741765   36.62982714   36.88398801
   37.13991241   37.39761258   37.65710083   37.91838957   38.18149131
   38.4464186    38.71318413   38.98180065   39.252281     39.52463811
   39.79888501   40.07503481   40.35310071   40.633096     40.91503408
   41.19892842   41.4847926    41.77264029   42.06248525   42.35434133
   42.6482225    42.9441428    43.24211638   43.54215749   43.84428047
   44.14849978   44.45482995   44.76328563   45.07388157   45.38663263
   45.70155374   46.01865998   46.33796651   46.65948858   46.98324157
   47.30924097   47.63750236   47.96804144   48.300874     48.63601596
   48.97348335   49.31329231   49.65545907   50.           50.34693157
   50.69627038   51.04803312   51.4022366    51.75889778   52.1180337
   52.47966153   52.84379856   53.2104622    53.57966999   53.95143958
   54.32578873   54.70273536   55.08229748   55.46449324   55.84934092
   56.23685892   56.62706576   57.0199801    57.41562073   57.81400656
   58.21515665   58.61909016   59.02582643   59.43538489   59.84778512
   60.26304684   60.68118992   61.10223433   61.52620022   61.95310785
   62.38297763   62.81583012   63.25168602   63.69056616   64.13249153
   64.57748325   65.02556261   65.47675102   65.93107007   66.38854147
   66.84918709   67.31302896   67.78008927   68.25039033   68.72395463
   69.20080483   69.68096371   70.16445424   70.65129953   71.14152286
   71.63514767   72.13219756   72.6326963    73.13666781   73.6441362
   74.15512572   74.66966081   75.18776606   75.70946627   76.23478635
   76.76375144   77.29638682   77.83271796   78.37277051   78.91657028
   79.46414328   80.01551569   80.57071386   81.12976435   81.69269389
   82.25952939   82.83029795   83.40502686   83.9837436    84.56647585
   85.15325146   85.74409849   86.33904519   86.93812001   87.54135159
   88.14876876   88.76040059   89.3762763    89.99642534   90.62087737
   91.24966224   91.88281002   92.52035098   93.1623156    93.80873457
   94.45963881   95.11505943   95.77502778   96.4395754    97.10873407
   97.78253579   98.46101277   99.14419746   99.83212251  100.52482081
  101.2223255   101.92466991  102.63188764  103.34401248  104.0610785
  104.78311997  105.51017143  106.24226762  106.97944357  107.7217345
  108.46917592  109.22180356  109.9796534   110.74276169  111.5111649
  112.28489978  113.06400332  113.84851277  114.63846564  115.43389971
  116.234853    117.04136381  117.8534707   118.6712125   119.49462831
  120.3237575   121.15863971  121.99931486  122.84582315  123.69820504
  124.5565013   125.42075296  126.29100135  127.16728807  128.04965501
  128.93814438  129.83279865  130.73366059  131.64077328  132.5541801
  133.4739247   134.40005108  135.3326035   136.27162656  137.21716516
  138.1692645   139.12797011  140.09332782  141.0653838   142.04418451
  143.02977676  144.02220767  145.02152469  146.02777561  147.04100853
  148.0612719   149.0886145   150.12308545  151.16473422  152.2136106
  153.26976475  154.33324717  155.40410869  156.48240053  157.56817424
  158.66148174  159.76237529  160.87090753  161.98713148  163.11110049
  164.2428683   165.38248904  166.53001718  167.6855076   168.84901554
  170.02059664  171.2003069   172.38820274  173.58434095  174.78877872
  176.00157364  177.2227837   178.45246728  179.69068319  180.93749062
  182.19294919  183.45711892  184.73006026  186.01183407  187.30250164
  188.60212467  189.91076531  191.22848612  192.55535012  193.89142073
  195.23676184  196.59143779  197.95551332  199.32905368  200.71212452
  202.10479199  203.50712266  204.91918359  206.34104229  207.77276674
  209.2144254   210.66608719  212.12782154  213.59969832  215.08178791
  216.57416117  218.07688946  219.59004463  221.11369903  222.6479255
  224.1927974   225.7483886   227.31477348  228.89202692  230.48022434
  232.07944168  233.6897554   235.31124249  236.94398049  238.58804745
  240.24352198  241.91048325  243.58901094  245.27918532  246.98108719
  248.69479794  250.42039949  252.15797436  253.90760562  255.66937692
  257.44337251  259.22967719  261.02837639  262.8395561   264.66330292
  266.49970404  268.34884728  270.21082104  272.08571434  273.97361685
  275.87461881  277.78881112  279.71628531  281.65713353  283.61144858
  285.57932391  287.56085359  289.55613238  291.56525568  293.58831954
  295.62542069  297.67665654  299.74212516  301.8219253   303.91615641
  306.02491862  308.14831276  310.28644034  312.4394036   314.60730548
  316.79024963  318.98834043  321.20168297  323.43038308  325.67454731
  327.93428298  330.20969812  332.50090152  334.80800274  337.13111209
  339.47034063  341.82580023  344.19760348  346.58586381  348.99069539
  351.41221322  353.85053306  356.30577151  358.77804595  361.26747459
  363.77417646  366.29827141  368.83988013  371.39912413  373.97612578
  376.5710083   379.18389575  381.81491306  384.46418604  387.13184134
  389.81800652  392.52281001  395.24638113  397.98885012  400.75034808
  403.53100706  406.33096     409.15034079  411.98928423  414.84792604
  417.72640292  420.62485249  423.54341333  426.48222499  429.44142798
  432.42116379  435.42157488  438.44280473  441.48499777  444.54829948
  447.6328563   450.73881573  453.86632626  457.01553744  460.18659983
  463.37966506  466.59488579  469.83241575  473.09240974  476.37502362
  479.68041435  483.00873998  486.36015962  489.73483353  493.13292307
  496.55459069  500.          503.46931574  506.96270378  510.48033115
  514.02236605  517.58897782  521.18033699  524.79661528  528.43798559
  532.10462203  535.79669991  539.51439576  543.25788733  547.0273536
  550.82297482  554.64493245  558.49340923  562.36858918  566.27065758
  570.19980099  574.15620727  578.1400656   582.15156646  586.19090164
  590.25826428  594.35384886  598.47785118  602.63046844  606.81189917
  611.02234332  615.26200218  619.53107847  623.82977632  628.15830124
  632.5168602   636.90566159  641.32491526  645.77483251  650.25562609
  654.76751024  659.3107007   663.88541468  668.49187091  673.13028965
  677.80089266  682.50390327  687.23954634  692.00804829  696.80963711
  701.64454239  706.5129953   711.41522861  716.3514767   721.32197561
  726.32696297  731.3666781   736.44136195  741.55125717  746.69660806
  751.87766065  757.09466265  762.34786351  767.63751439  772.96386821
  778.32717964  783.7277051   789.16570283  794.64143281  800.15515687
  805.70713863  811.29764354  816.9269389   822.59529388  828.30297947
  834.0502686   839.83743605  845.66475851  851.53251463  857.44098494
  863.39045194  869.38120011  875.41351587  881.48768764  887.60400586
  893.76276295  899.96425339  906.20877369  912.49662241  918.82810019
  925.20350977  931.62315597  938.08734572  944.5963881   951.15059433
  957.75027779  964.39575401  971.08734074  977.82535793  984.61012774
  991.44197456  998.32122505 1005.24820813 1012.22325499 1019.24669913
 1026.31887635 1033.44012481 1040.61078499 1047.83119974 1055.10171428
 1062.42267625 1069.79443567 1077.21734502 1084.69175919 1092.21803557
 1099.79653402 1107.42761686 1115.11164898 1122.84899777 1130.64003317
 1138.48512769 1146.38465643 1154.33899709 1162.34852999 1170.41363809
 1178.534707   1186.71212501 1194.94628312 1203.23757501 1211.58639712
 1219.99314863 1228.45823149 1236.98205044 1245.56501303 1254.20752964
 1262.91001348 1271.67288065 1280.49655013 1289.3814438  1298.32798647
 1307.3366059  1316.40773282 1325.54180095 1334.73924702 1344.00051077
 1353.32603502 1362.71626564 1372.17165161 1381.69264503 1391.2797011
 1400.93327823 1410.65383797 1420.44184509 1430.29776759 1440.2220767
 1450.21524693 1460.27775609 1470.41008529 1480.61271899 1490.88614501
 1501.23085454 1511.6473422  1522.13610603 1532.69764753 1543.33247167
 1554.04108693 1564.82400534 1575.68174243 1586.61481737 1597.62375288
 1608.70907534 1619.87131476 1631.11100486 1642.42868302 1653.82489037
 1665.30017181 1676.855076   1688.49015541 1700.20596635 1712.00306899
 1723.88202737 1735.84340946 1747.88778718 1760.0157364  1772.22783699
 1784.52467284 1796.9068319  1809.37490621 1821.92949188 1834.5711892
 1847.3006026  1860.11834071 1873.02501637 1886.02124671 1899.1076531
 1912.28486123 1925.55350116 1938.91420729 1952.36761844 1965.91437785
 1979.55513323 1993.29053679 2007.12124525 2021.0479199  2035.07122661
 2049.19183588 2063.41042285 2077.72766736 2092.14425395 2106.66087192
 2121.27821536 2135.99698315 2150.81787905 2165.74161169 2180.7688946
 2195.9004463  2211.13699025 2226.47925497 2241.92797401 2257.48388602
 2273.14773477 2288.92026919 2304.80224341 2320.79441681 2336.897554
 2353.11242492 2369.43980486 2385.88047447 2402.43521983 2419.10483246
 2435.8901094  2452.79185318 2469.81087194 2486.9479794  2504.20399492
 2521.57974359 2539.07605616 2556.69376921 2574.43372507 2592.29677195
 2610.28376392 2628.39556101 2646.63302918 2664.99704042 2683.48847277
 2702.10821035 2720.85714343 2739.73616845 2758.74618806 2777.8881112
 2797.16285308 2816.5713353  2836.11448582 2855.79323906 2875.60853592
 2895.56132382 2915.65255676 2935.88319537 2956.25420692 2976.76656541
 2997.42125159 3018.21925304 3039.16156415 3060.24918624 3081.48312757
 3102.86440339 3124.394036   3146.07305481 3167.90249633 3189.8834043
 3212.0168297  3234.30383077 3256.74547314 3279.34282979 3302.09698117
 3325.00901522 3348.08002743 3371.31112089 3394.70340635 3418.25800226
 3441.97603482 3465.85863808 3489.90695392 3514.12213215 3538.50533059
 3563.05771506 3587.78045947 3612.67474589 3637.7417646  3662.98271411
 3688.39880126 3713.99124128 3739.76125781 3765.71008299 3791.8389575
 3818.14913064 3844.64186038 3871.31841341 3898.1800652  3925.2281001
 3952.46381135 3979.88850116 4007.50348078 4035.31007057 4063.30960005
 4091.50340793 4119.89284226 4148.47926042 4177.26402919 4206.24852487
 4235.43413328 4264.82224987 4294.41427977 4324.21163787 4354.21574885
 4384.42804729 4414.84997775 4445.48299476 4476.328563   4507.38815726
 4538.66326261 4570.15537438 4601.86599831 4633.79665057 4665.94885787
 4698.32415748 4730.92409736 4763.75023621 4796.80414355 4830.08739976
 4863.60159623 4897.34833535 4931.32923066 4965.54590687 5000.        ], psd_array=[5.32629213e-47 4.98494505e-47 4.67102962e-47 4.38182875e-47
 4.11493640e-47 3.86821884e-47 3.63978103e-47 3.42793735e-47
 3.23118611e-47 3.04818732e-47 2.87774334e-47 2.71878196e-47
 2.57034160e-47 2.43155847e-47 2.30165519e-47 2.17993094e-47
 2.06575280e-47 1.95854809e-47 1.85779774e-47 1.76303042e-47
 1.67381732e-47 1.58976766e-47 1.51052467e-47 1.43576201e-47
 1.36443291e-47 1.29638983e-47 1.23217106e-47 1.17152860e-47
 1.11423378e-47 1.06007541e-47 1.00885821e-47 9.60401309e-48
 9.14536995e-48 8.71109552e-48 8.29974217e-48 7.90996257e-48
 7.54050119e-48 7.19018692e-48 6.85792614e-48 6.54269663e-48
 6.24354203e-48 5.95956668e-48 5.68596030e-48 5.42614842e-48
 5.17947575e-48 4.94522695e-48 4.72272945e-48 4.51135058e-48
 4.31049484e-48 4.11960141e-48 3.93814184e-48 3.76561798e-48
 3.60155999e-48 3.44552457e-48 3.29709329e-48 3.15587105e-48
 3.02148462e-48 2.89358137e-48 2.77182797e-48 2.65590929e-48
 2.54552730e-48 2.44040008e-48 2.34026087e-48 2.24485723e-48
 2.15395019e-48 2.06731348e-48 1.98473286e-48 1.90600537e-48
 1.83093878e-48 1.75935093e-48 1.69106922e-48 1.62593004e-48
 1.56377833e-48 1.50446705e-48 1.44785679e-48 1.39381535e-48
 1.34221735e-48 1.29294382e-48 1.24588193e-48 1.20092459e-48
 1.15797021e-48 1.11692235e-48 1.07768946e-48 1.04018466e-48
 1.00432543e-48 9.70033422e-49 9.37234242e-49 9.05857215e-49
 8.75835211e-49 8.47104450e-49 8.19604334e-49 7.93277272e-49
 7.68068533e-49 7.43926089e-49 7.20800480e-49 6.98644683e-49
 6.77413979e-49 6.57065840e-49 6.37559817e-49 6.18857428e-49
 6.00922064e-49 5.84157813e-49 5.68187966e-49 5.52837045e-49
 5.38078349e-49 5.23886410e-49 5.10236931e-49 4.97106731e-49
 4.84473688e-49 4.72316688e-49 4.60615579e-49 4.49351122e-49
 4.38504948e-49 4.28059516e-49 4.17998074e-49 4.08304622e-49
 3.98963872e-49 3.89961221e-49 3.81282714e-49 3.72915013e-49
 3.64845372e-49 3.57061605e-49 3.49552061e-49 3.42305602e-49
 3.35311575e-49 3.28559790e-49 3.22040502e-49 3.15744388e-49
 3.09662526e-49 3.03786380e-49 2.98107780e-49 2.92618908e-49
 2.87312277e-49 2.82180722e-49 2.77217379e-49 2.72415679e-49
 2.67769327e-49 2.63272297e-49 2.58918812e-49 2.54703340e-49
 2.50620581e-49 2.46665454e-49 2.42833089e-49 2.39118821e-49
 2.35518174e-49 2.32026859e-49 2.28640765e-49 2.25355945e-49
 2.22168619e-49 2.19075157e-49 2.16072079e-49 2.13156046e-49
 2.10323853e-49 2.07572427e-49 2.04898816e-49 2.02300189e-49
 1.99773827e-49 1.97317119e-49 1.94927562e-49 1.92602747e-49
 1.90340365e-49 1.88138196e-49 1.85994109e-49 1.83906056e-49
 1.81872069e-49 1.79890258e-49 1.77958807e-49 1.76075970e-49
 1.74240069e-49 1.72449490e-49 1.70702685e-49 1.68998161e-49
 1.67334485e-49 1.65710280e-49 1.64124218e-49 1.62575026e-49
 1.61061475e-49 1.59582387e-49 1.58136626e-49 1.56723098e-49
 1.55340753e-49 1.53988579e-49 1.52665601e-49 1.51370882e-49
 1.50103519e-49 1.48862643e-49 1.47647416e-49 1.46457032e-49
 1.45290715e-49 1.44147716e-49 1.43027316e-49 1.41928819e-49
 1.40851558e-49 1.39794886e-49 1.38758183e-49 1.37740849e-49
 1.36742308e-49 1.35762002e-49 1.34799395e-49 1.33853969e-49
 1.32925225e-49 1.32012681e-49 1.31115873e-49 1.30234352e-49
 1.29367687e-49 1.28515459e-49 1.27677266e-49 1.26852720e-49
 1.26041445e-49 1.25243078e-49 1.24457271e-49 1.23683685e-49
 1.22921993e-49 1.22171882e-49 1.21433046e-49 1.20705191e-49
 1.19988033e-49 1.19281298e-49 1.18584719e-49 1.17898041e-49
 1.17221015e-49 1.16553402e-49 1.15894969e-49 1.15245492e-49
 1.14604755e-49 1.13972547e-49 1.13348665e-49 1.12732913e-49
 1.12125100e-49 1.11525043e-49 1.10932563e-49 1.10347488e-49
 1.09769651e-49 1.09198890e-49 1.08635048e-49 1.08077973e-49
 1.07527519e-49 1.06983543e-49 1.06445906e-49 1.05914475e-49
 1.05389121e-49 1.04869716e-49 1.04356140e-49 1.03848273e-49
 1.03346002e-49 1.02849214e-49 1.02357802e-49 1.01871660e-49
 1.01390688e-49 1.00914785e-49 1.00443856e-49 9.99778087e-50
 9.95165514e-50 9.90599964e-50 9.86080585e-50 9.81606546e-50
 9.77177039e-50 9.72791282e-50 9.68448512e-50 9.64147986e-50
 9.59888984e-50 9.55670805e-50 9.51492767e-50 9.47354204e-50
 9.43254472e-50 9.39192941e-50 9.35168998e-50 9.31182048e-50
 9.27231510e-50 9.23316817e-50 9.19437419e-50 9.15592779e-50
 9.11782374e-50 9.08005693e-50 9.04262238e-50 9.00551526e-50
 8.96873082e-50 8.93226446e-50 8.89611167e-50 8.86026805e-50
 8.82472933e-50 8.78949131e-50 8.75454990e-50 8.71990113e-50
 8.68554108e-50 8.65146595e-50 8.61767203e-50 8.58415567e-50
 8.55091331e-50 8.51794150e-50 8.48523682e-50 8.45279596e-50
 8.42061566e-50 8.38869276e-50 8.35702413e-50 8.32560673e-50
 8.29443759e-50 8.26351378e-50 8.23283245e-50 8.20239081e-50
 8.17218610e-50 8.14221566e-50 8.11247684e-50 8.08296707e-50
 8.05368382e-50 8.02462461e-50 7.99578702e-50 7.96716866e-50
 7.93876720e-50 7.91058035e-50 7.88260585e-50 7.85484149e-50
 7.82728512e-50 7.79993461e-50 7.77278786e-50 7.74584283e-50
 7.71909750e-50 7.69254990e-50 7.66619808e-50 7.64004013e-50
 7.61407418e-50 7.58829839e-50 7.56271093e-50 7.53731003e-50
 7.51209393e-50 7.48706092e-50 7.46220929e-50 7.43753738e-50
 7.41304355e-50 7.38872618e-50 7.36458368e-50 7.34061450e-50
 7.31681709e-50 7.29318994e-50 7.26973155e-50 7.24644045e-50
 7.22331521e-50 7.20035438e-50 7.17755658e-50 7.15492041e-50
 7.13244452e-50 7.11012756e-50 7.08796820e-50 7.06596515e-50
 7.04411711e-50 7.02242282e-50 7.00088103e-50 6.97949051e-50
 6.95825004e-50 6.93715842e-50 6.91621448e-50 6.89541703e-50
 6.87476495e-50 6.85425708e-50 6.83389232e-50 6.81366955e-50
 6.79358768e-50 6.77364565e-50 6.75384238e-50 6.73417683e-50
 6.71464797e-50 6.69525477e-50 6.67599622e-50 6.65687134e-50
 6.63787913e-50 6.61901863e-50 6.60028888e-50 6.58168893e-50
 6.56321784e-50 6.54487470e-50 6.52665859e-50 6.50856862e-50
 6.49060388e-50 6.47276351e-50 6.45504663e-50 6.43745239e-50
 6.41997993e-50 6.40262844e-50 6.38539706e-50 6.36828500e-50
 6.35129143e-50 6.33441557e-50 6.31765663e-50 6.30101382e-50
 6.28448638e-50 6.26807354e-50 6.25177455e-50 6.23558868e-50
 6.21951518e-50 6.20355334e-50 6.18770243e-50 6.17196175e-50
 6.15633059e-50 6.14080827e-50 6.12539410e-50 6.11008740e-50
 6.09488751e-50 6.07979377e-50 6.06480552e-50 6.04992213e-50
 6.03514295e-50 6.02046736e-50 6.00589473e-50 5.99142445e-50
 5.97705591e-50 5.96278852e-50 5.94862168e-50 5.93455481e-50
 5.92058732e-50 5.90671865e-50 5.89294824e-50 5.87927552e-50
 5.86569995e-50 5.85222098e-50 5.83883807e-50 5.82555070e-50
 5.81235835e-50 5.79926049e-50 5.78625661e-50 5.77334622e-50
 5.76052882e-50 5.74780390e-50 5.73517100e-50 5.72262963e-50
 5.71017933e-50 5.69781962e-50 5.68555004e-50 5.67337015e-50
 5.66127951e-50 5.64927765e-50 5.63736417e-50 5.62553862e-50
 5.61380059e-50 5.60214965e-50 5.59058541e-50 5.57910745e-50
 5.56771539e-50 5.55640882e-50 5.54518737e-50 5.53405065e-50
 5.52299829e-50 5.51202993e-50 5.50114520e-50 5.49034374e-50
 5.47962522e-50 5.46898928e-50 5.45843559e-50 5.44796382e-50
 5.43757364e-50 5.42726473e-50 5.41703678e-50 5.40688949e-50
 5.39682254e-50 5.38683565e-50 5.37692852e-50 5.36710088e-50
 5.35735244e-50 5.34768293e-50 5.33809209e-50 5.32857967e-50
 5.31914539e-50 5.30978903e-50 5.30051033e-50 5.29130907e-50
 5.28218501e-50 5.27313794e-50 5.26416763e-50 5.25527388e-50
 5.24645648e-50 5.23771524e-50 5.22904997e-50 5.22046048e-50
 5.21194660e-50 5.20350815e-50 5.19514498e-50 5.18685692e-50
 5.17864383e-50 5.17050557e-50 5.16244199e-50 5.15445297e-50
 5.14653840e-50 5.13869815e-50 5.13093213e-50 5.12324023e-50
 5.11562238e-50 5.10807849e-50 5.10060849e-50 5.09321232e-50
 5.08588994e-50 5.07864131e-50 5.07146640e-50 5.06436520e-50
 5.05733771e-50 5.05038395e-50 5.04350396e-50 5.03669778e-50
 5.02996549e-50 5.02330720e-50 5.01672303e-50 5.01021316e-50
 5.00377780e-50 4.99741721e-50 4.99113172e-50 4.98492173e-50
 4.97878778e-50 4.97273050e-50 4.96675073e-50 4.96084954e-50
 4.95502835e-50 4.94928904e-50 4.94363416e-50 4.93806727e-50
 4.93259345e-50 4.92722020e-50 4.92195895e-50 4.91682793e-50
 4.91185771e-50 4.90710301e-50 4.90267005e-50 4.89878875e-50
 4.89603848e-50 4.89626008e-50 4.90824887e-50 5.04899758e-50
 5.48514267e-50 4.90529405e-50 4.87417105e-50 4.86319881e-50
 4.85629918e-50 4.85077637e-50 4.84587496e-50 4.84131740e-50
 4.83698273e-50 4.83281159e-50 4.82877225e-50 4.82484658e-50
 4.82102370e-50 4.81729685e-50 4.81366167e-50 4.81011535e-50
 4.80665604e-50 4.80328252e-50 4.79999404e-50 4.79679014e-50
 4.79367058e-50 4.79063531e-50 4.78768438e-50 4.78481796e-50
 4.78203626e-50 4.77933959e-50 4.77672829e-50 4.77420273e-50
 4.77176335e-50 4.76941059e-50 4.76714493e-50 4.76496689e-50
 4.76287700e-50 4.76087580e-50 4.75896388e-50 4.75714183e-50
 4.75541027e-50 4.75376983e-50 4.75222116e-50 4.75076495e-50
 4.74940189e-50 4.74813267e-50 4.74695805e-50 4.74587875e-50
 4.74489556e-50 4.74400926e-50 4.74322066e-50 4.74253057e-50
 4.74193985e-50 4.74144937e-50 4.74105999e-50 4.74077265e-50
 4.74058825e-50 4.74050774e-50 4.74053211e-50 4.74066233e-50
 4.74089942e-50 4.74124441e-50 4.74169837e-50 4.74226238e-50
 4.74293754e-50 4.74372497e-50 4.74462584e-50 4.74564132e-50
 4.74677262e-50 4.74802097e-50 4.74938762e-50 4.75087386e-50
 4.75248100e-50 4.75421038e-50 4.75606336e-50 4.75804134e-50
 4.76014575e-50 4.76237805e-50 4.76473972e-50 4.76723229e-50
 4.76985730e-50 4.77261635e-50 4.77551105e-50 4.77854307e-50
 4.78171409e-50 4.78502584e-50 4.78848011e-50 4.79207871e-50
 4.79582350e-50 4.79971640e-50 4.80375938e-50 4.80795448e-50
 4.81230382e-50 4.81680964e-50 4.82147433e-50 4.82630051e-50
 4.83129117e-50 4.83645002e-50 4.84178216e-50 4.84729591e-50
 4.85300814e-50 4.85896454e-50 4.86535003e-50 4.87383051e-50
 5.09314082e-50 4.88559951e-50 4.89097082e-50 4.89761520e-50
 4.90462727e-50 4.91188620e-50 4.91936324e-50 4.92705027e-50
 4.93494566e-50 4.94305021e-50 4.95136586e-50 4.95989511e-50
 4.96864081e-50 4.97760601e-50 4.98679392e-50 4.99620787e-50
 5.00585131e-50 5.01572775e-50 5.02584084e-50 5.03619429e-50
 5.04679189e-50 5.05763753e-50 5.06873517e-50 5.08008889e-50
 5.09170282e-50 5.10358120e-50 5.11572836e-50 5.12814872e-50
 5.14084680e-50 5.15382720e-50 5.16709465e-50 5.18065395e-50
 5.19451002e-50 5.20866788e-50 5.22313268e-50 5.23790964e-50
 5.25300413e-50 5.26842162e-50 5.28416769e-50 5.30024808e-50
 5.31666860e-50 5.33343523e-50 5.35055407e-50 5.36803135e-50
 5.38587344e-50 5.40408686e-50 5.42267826e-50 5.44165446e-50
 5.46102243e-50 5.48078934e-50 5.50096250e-50 5.52154949e-50
 5.54255813e-50 5.56399668e-50 5.58587418e-50 5.60820161e-50
 5.63099672e-50 5.65431677e-50 5.67902372e-50 5.70347545e-50
 5.72686444e-50 5.75193823e-50 5.77758645e-50 5.80376580e-50
 5.83047647e-50 5.85772577e-50 5.88552299e-50 5.91387826e-50
 5.94280218e-50 5.97230572e-50 6.00240016e-50 6.03309705e-50
 6.06440826e-50 6.09634591e-50 6.12892243e-50 6.16215055e-50
 6.19604328e-50 6.23061395e-50 6.26587620e-50 6.30184399e-50
 6.33853162e-50 6.37595371e-50 6.41412524e-50 6.45306155e-50
 6.49277833e-50 6.53329165e-50 6.57461797e-50 6.61677414e-50
 6.65977741e-50 6.70364546e-50 6.74839639e-50 6.79404874e-50
 6.84062151e-50 6.88813418e-50 6.93660674e-50 6.98605975e-50
 7.03651449e-50 7.08799348e-50 7.14052287e-50 7.19415486e-50
 7.25344823e-50 7.30465658e-50 7.36150361e-50 7.41958027e-50
 7.47885290e-50 7.53934138e-50 7.60107095e-50 7.66406845e-50
 7.72836170e-50 7.79398409e-50 7.86095051e-50 7.92930557e-50
 7.99907538e-50 8.07029158e-50 8.14298667e-50 8.21719395e-50
 8.29294759e-50 8.37028260e-50 8.44923491e-50 8.52984135e-50
 8.61213972e-50 8.69616875e-50 8.78196822e-50 8.86957888e-50
 8.95904257e-50 9.05040222e-50 9.14370186e-50 9.23898670e-50
 9.33630318e-50 9.43569916e-50 9.53722440e-50 9.64093460e-50
 9.74702867e-50 9.85513382e-50 9.96561851e-50 1.00785515e-49
 1.01939375e-49 1.03118318e-49 1.04322937e-49 1.05553846e-49
 1.06811678e-49 1.08097083e-49 1.09410728e-49 1.10753299e-49
 1.12125499e-49 1.13528052e-49 1.14961700e-49 1.16427206e-49
 1.17925352e-49 1.19456943e-49 1.21022806e-49 1.22623790e-49
 1.24260767e-49 1.25934633e-49 1.27646309e-49 1.29396743e-49
 1.31186909e-49 1.33017818e-49 1.34890632e-49 1.36807805e-49
 1.38765274e-49 1.40769573e-49 1.42820065e-49 1.44917897e-49
 1.47064275e-49 1.49260442e-49 1.51507680e-49 1.53807304e-49
 1.56160668e-49 1.58569164e-49 1.61034225e-49 1.63557322e-49
 1.66139972e-49 1.68783733e-49 1.71490207e-49 1.74261045e-49
 1.77097943e-49 1.80002648e-49 1.82976957e-49 1.86022723e-49
 1.89141879e-49 1.92377246e-49 1.95608061e-49 1.98959173e-49
 2.02391864e-49 2.05908301e-49 2.09510744e-49 2.13201524e-49
 2.16983040e-49 2.20857767e-49 2.24828251e-49 2.28897114e-49
 2.33067060e-49 2.37340870e-49 2.41721414e-49 2.46211646e-49
 2.50814612e-49 2.55533448e-49 2.60371390e-49 2.65331780e-49
 2.70418314e-49 2.75633745e-49 2.80982409e-49 2.86467960e-49
 2.92094228e-49 2.97865213e-49 3.03785042e-49 3.09857975e-49
 3.16088404e-49 3.22480862e-49 3.29040024e-49 3.35770716e-49
 3.42677917e-49 3.49766766e-49 3.57042567e-49 3.64510799e-49
 3.72177117e-49 3.80047503e-49 3.88127555e-49 3.96423854e-49
 4.04942790e-49 4.13690969e-49 4.22675248e-49 4.31902715e-49
 4.41380694e-49 4.51116755e-49 4.61118719e-49 4.71394674e-49
 4.81952978e-49 4.92802274e-49 5.03951500e-49 5.15409899e-49
 5.27187060e-49 5.39292836e-49 5.51737337e-49 5.64531335e-49
 5.77685707e-49 5.91211781e-49 6.05121280e-49 6.19426340e-49
 6.34139522e-49 6.49273830e-49 6.64842727e-49 6.80860152e-49
 6.97340540e-49 7.14298839e-49 7.31750602e-49 7.49711633e-49
 7.68198725e-49 7.87229048e-49 8.06820393e-49 8.26991203e-49
 8.47760581e-49 8.69148310e-49 8.91174878e-49 9.13861500e-49
 9.37230139e-49 9.61303535e-49 9.86105228e-49 1.01166118e-48
 1.03799171e-48 1.06512775e-48 1.09309461e-48 1.12192012e-48
 1.15163301e-48 1.18226294e-48 1.21384051e-48 1.24639723e-48
 1.27996555e-48 1.31457884e-48 1.35027139e-48 1.38707828e-48
 1.42503548e-48 1.46417978e-48 1.50454857e-48 1.54617991e-48
 1.58911229e-48 1.63338457e-48 1.67903576e-48 1.72610477e-48
 1.77463020e-48 1.82465012e-48 1.87620084e-48 1.92931819e-48
 1.98403521e-48 2.04038233e-48 2.09838643e-48 2.15806989e-48
 2.21944951e-48 2.28253518e-48 2.34732841e-48 2.41382078e-48
 2.48199048e-48 2.55180272e-48 2.62320413e-48 2.69612087e-48
 2.77045466e-48 2.84607851e-48 2.92283183e-48 3.00051495e-48
 3.07888289e-48 3.15763840e-48 3.23642454e-48 3.31481634e-48
 3.39231203e-48 3.46832396e-48 3.54216952e-48 3.61306234e-48
 3.68010465e-48 3.74228145e-48 3.79845685e-48 3.84737667e-48
 3.88767388e-48 3.91788366e-48 3.93646690e-48 3.94184484e-48
 3.93244608e-48 3.90676682e-48 3.86344350e-48 3.80133653e-48
 3.71962052e-48 3.61787540e-48 3.49617062e-48 3.35513296e-48
 3.19598852e-48 3.02057069e-48 2.83128770e-48 2.63105038e-48
 2.42316059e-48 2.21117173e-48 1.99873222e-48 1.78942677e-48
 1.58662971e-48 1.39338234e-48 1.21230213e-48 1.04552799e-48
 8.94699743e-49 7.60968664e-49 6.45032112e-49 5.47185025e-49
 4.67381156e-49 4.05297719e-49 3.60398962e-49 3.31994399e-49
 3.19290501e-49 3.21434288e-49 3.37548885e-49 3.66761386e-49
 4.08223993e-49 4.61129105e-49 5.24719592e-49 5.98295117e-49
 6.81215358e-49 7.72900927e-49 8.72832384e-49 9.80548526e-49
 1.09564321e-48 1.21776217e-48 1.34659941e-48 1.48189408e-48
 1.62342381e-48 1.77100725e-48 1.92449461e-48 2.08376756e-48
 2.24873572e-48 2.41933392e-48 2.59551970e-48 2.77727117e-48
 2.96458481e-48 3.15747366e-48 3.35596563e-48 3.56010190e-48
 3.76993551e-48 3.98553007e-48 4.20695853e-48 4.43430203e-48], asd_array=[7.29814506e-24 7.06041433e-24 6.83449312e-24 6.61953831e-24
 6.41477700e-24 6.21950065e-24 6.03305978e-24 5.85485897e-24
 5.68435230e-24 5.52103914e-24 5.36446022e-24 5.21419405e-24
 5.06985365e-24 4.93108352e-24 4.79755687e-24 4.66897306e-24
 4.54505533e-24 4.42554865e-24 4.31021779e-24 4.19884557e-24
 4.09123125e-24 3.98718906e-24 3.88654688e-24 3.78914504e-24
 3.69382310e-24 3.60054139e-24 3.51022942e-24 3.42275999e-24
 3.33801404e-24 3.25587993e-24 3.17625284e-24 3.09903422e-24
 3.02413127e-24 2.95145651e-24 2.88092731e-24 2.81246557e-24
 2.74599730e-24 2.68145239e-24 2.61876424e-24 2.55786955e-24
 2.49870807e-24 2.44122237e-24 2.38452517e-24 2.32940946e-24
 2.27584616e-24 2.22378662e-24 2.17318417e-24 2.12399402e-24
 2.07617312e-24 2.02968012e-24 1.98447520e-24 1.94052003e-24
 1.89777765e-24 1.85621243e-24 1.81578999e-24 1.77647714e-24
 1.73824182e-24 1.70105302e-24 1.66488077e-24 1.62969607e-24
 1.59547087e-24 1.56217799e-24 1.52979112e-24 1.49828476e-24
 1.46763421e-24 1.43781553e-24 1.40880547e-24 1.38058153e-24
 1.35312186e-24 1.32640527e-24 1.30041117e-24 1.27511962e-24
 1.25051123e-24 1.22656718e-24 1.20326921e-24 1.18059957e-24
 1.15854104e-24 1.13707688e-24 1.11619081e-24 1.09586705e-24
 1.07609024e-24 1.05684547e-24 1.03811823e-24 1.01989444e-24
 1.00216038e-24 9.84902748e-25 9.68108590e-25 9.51765315e-25
 9.35860679e-25 9.20382774e-25 9.05320017e-25 8.90661143e-25
 8.76395192e-25 8.62511501e-25 8.48999694e-25 8.35849677e-25
 8.23051626e-25 8.10595978e-25 7.98473429e-25 7.86674919e-25
 7.75191630e-25 7.64302174e-25 7.53782440e-25 7.43530124e-25
 7.33538239e-25 7.23799979e-25 7.14308709e-25 7.05057963e-25
 6.96041441e-25 6.87253002e-25 6.78686658e-25 6.70336574e-25
 6.62197061e-25 6.54262574e-25 6.46527706e-25 6.38987184e-25
 6.31635870e-25 6.24468751e-25 6.17480942e-25 6.10667678e-25
 6.04024314e-25 5.97546320e-25 5.91229280e-25 5.85068887e-25
 5.79060942e-25 5.73201352e-25 5.67486125e-25 5.61911370e-25
 5.56473293e-25 5.51168196e-25 5.45992473e-25 5.40942611e-25
 5.36015184e-25 5.31206854e-25 5.26514368e-25 5.21934554e-25
 5.17464325e-25 5.13100669e-25 5.08840655e-25 5.04681425e-25
 5.00620196e-25 4.96654260e-25 4.92780975e-25 4.88997772e-25
 4.85302147e-25 4.81691664e-25 4.78163952e-25 4.74716700e-25
 4.71347663e-25 4.68054652e-25 4.64835540e-25 4.61688256e-25
 4.58610786e-25 4.55601171e-25 4.52657504e-25 4.49777933e-25
 4.46960654e-25 4.44203917e-25 4.41506015e-25 4.38865295e-25
 4.36280145e-25 4.33749002e-25 4.31270343e-25 4.28842694e-25
 4.26464616e-25 4.24134717e-25 4.21851641e-25 4.19614072e-25
 4.17420733e-25 4.15270382e-25 4.13161814e-25 4.11093859e-25
 4.09065380e-25 4.07075275e-25 4.05122473e-25 4.03205935e-25
 4.01324651e-25 3.99477643e-25 3.97663961e-25 3.95882682e-25
 3.94132913e-25 3.92413786e-25 3.90724457e-25 3.89064111e-25
 3.87431954e-25 3.85827219e-25 3.84249158e-25 3.82697049e-25
 3.81170191e-25 3.79667902e-25 3.78189524e-25 3.76734415e-25
 3.75301955e-25 3.73891543e-25 3.72502594e-25 3.71134544e-25
 3.69786842e-25 3.68458956e-25 3.67150372e-25 3.65860587e-25
 3.64589118e-25 3.63335494e-25 3.62099259e-25 3.60879969e-25
 3.59677198e-25 3.58490529e-25 3.57319558e-25 3.56163895e-25
 3.55023161e-25 3.53896988e-25 3.52785021e-25 3.51686913e-25
 3.50602329e-25 3.49530946e-25 3.48472446e-25 3.47426526e-25
 3.46392888e-25 3.45371246e-25 3.44361321e-25 3.43362842e-25
 3.42375547e-25 3.41399182e-25 3.40433501e-25 3.39478265e-25
 3.38533240e-25 3.37598203e-25 3.36672934e-25 3.35757223e-25
 3.34850862e-25 3.33953654e-25 3.33065404e-25 3.32185924e-25
 3.31315033e-25 3.30452553e-25 3.29598313e-25 3.28752146e-25
 3.27913890e-25 3.27083388e-25 3.26260488e-25 3.25445042e-25
 3.24636906e-25 3.23835940e-25 3.23042009e-25 3.22254982e-25
 3.21474730e-25 3.20701129e-25 3.19934059e-25 3.19173402e-25
 3.18419044e-25 3.17670875e-25 3.16928788e-25 3.16192677e-25
 3.15462440e-25 3.14737981e-25 3.14019201e-25 3.13306008e-25
 3.12598311e-25 3.11896021e-25 3.11199054e-25 3.10507325e-25
 3.09820752e-25 3.09139258e-25 3.08462764e-25 3.07791196e-25
 3.07124482e-25 3.06462549e-25 3.05805330e-25 3.05152757e-25
 3.04504763e-25 3.03861287e-25 3.03222265e-25 3.02587637e-25
 3.01957344e-25 3.01331328e-25 3.00709534e-25 3.00091907e-25
 2.99478394e-25 2.98868942e-25 2.98263502e-25 2.97662024e-25
 2.97064460e-25 2.96470763e-25 2.95880887e-25 2.95294787e-25
 2.94712421e-25 2.94133744e-25 2.93558717e-25 2.92987298e-25
 2.92419447e-25 2.91855127e-25 2.91294298e-25 2.90736925e-25
 2.90182971e-25 2.89632401e-25 2.89085180e-25 2.88541275e-25
 2.88000653e-25 2.87463281e-25 2.86929128e-25 2.86398164e-25
 2.85870357e-25 2.85345679e-25 2.84824101e-25 2.84305594e-25
 2.83790130e-25 2.83277684e-25 2.82768227e-25 2.82261734e-25
 2.81758180e-25 2.81257539e-25 2.80759788e-25 2.80264901e-25
 2.79772857e-25 2.79283630e-25 2.78797200e-25 2.78313543e-25
 2.77832639e-25 2.77354465e-25 2.76879000e-25 2.76406225e-25
 2.75936119e-25 2.75468662e-25 2.75003835e-25 2.74541618e-25
 2.74081994e-25 2.73624943e-25 2.73170447e-25 2.72718488e-25
 2.72269050e-25 2.71822114e-25 2.71377665e-25 2.70935684e-25
 2.70496157e-25 2.70059066e-25 2.69624397e-25 2.69192133e-25
 2.68762259e-25 2.68334761e-25 2.67909622e-25 2.67486830e-25
 2.67066369e-25 2.66648224e-25 2.66232383e-25 2.65818832e-25
 2.65407557e-25 2.64998544e-25 2.64591781e-25 2.64187254e-25
 2.63784951e-25 2.63384860e-25 2.62986967e-25 2.62591261e-25
 2.62197730e-25 2.61806361e-25 2.61417144e-25 2.61030066e-25
 2.60645117e-25 2.60262284e-25 2.59881557e-25 2.59502925e-25
 2.59126378e-25 2.58751904e-25 2.58379493e-25 2.58009134e-25
 2.57640818e-25 2.57274535e-25 2.56910274e-25 2.56548025e-25
 2.56187780e-25 2.55829527e-25 2.55473259e-25 2.55118965e-25
 2.54766636e-25 2.54416263e-25 2.54067838e-25 2.53721351e-25
 2.53376793e-25 2.53034157e-25 2.52693432e-25 2.52354612e-25
 2.52017687e-25 2.51682649e-25 2.51349490e-25 2.51018203e-25
 2.50688779e-25 2.50361210e-25 2.50035489e-25 2.49711607e-25
 2.49389558e-25 2.49069335e-25 2.48750928e-25 2.48434332e-25
 2.48119540e-25 2.47806543e-25 2.47495335e-25 2.47185910e-25
 2.46878260e-25 2.46572378e-25 2.46268259e-25 2.45965895e-25
 2.45665279e-25 2.45366407e-25 2.45069270e-25 2.44773864e-25
 2.44480181e-25 2.44188217e-25 2.43897964e-25 2.43609417e-25
 2.43322570e-25 2.43037418e-25 2.42753954e-25 2.42472174e-25
 2.42192071e-25 2.41913641e-25 2.41636878e-25 2.41361776e-25
 2.41088331e-25 2.40816538e-25 2.40546391e-25 2.40277885e-25
 2.40011017e-25 2.39745780e-25 2.39482171e-25 2.39220184e-25
 2.38959815e-25 2.38701060e-25 2.38443915e-25 2.38188374e-25
 2.37934434e-25 2.37682091e-25 2.37431341e-25 2.37182179e-25
 2.36934602e-25 2.36688607e-25 2.36444188e-25 2.36201343e-25
 2.35960068e-25 2.35720360e-25 2.35482215e-25 2.35245630e-25
 2.35010602e-25 2.34777127e-25 2.34545202e-25 2.34314825e-25
 2.34085993e-25 2.33858703e-25 2.33632951e-25 2.33408736e-25
 2.33186055e-25 2.32964906e-25 2.32745285e-25 2.32527192e-25
 2.32310623e-25 2.32095576e-25 2.31882050e-25 2.31670043e-25
 2.31459552e-25 2.31250577e-25 2.31043115e-25 2.30837165e-25
 2.30632725e-25 2.30429795e-25 2.30228372e-25 2.30028456e-25
 2.29830046e-25 2.29633141e-25 2.29437739e-25 2.29243841e-25
 2.29051446e-25 2.28860552e-25 2.28671161e-25 2.28483270e-25
 2.28296881e-25 2.28111993e-25 2.27928607e-25 2.27746722e-25
 2.27566338e-25 2.27387457e-25 2.27210079e-25 2.27034204e-25
 2.26859833e-25 2.26686968e-25 2.26515609e-25 2.26345758e-25
 2.26177417e-25 2.26010586e-25 2.25845268e-25 2.25681464e-25
 2.25519178e-25 2.25358410e-25 2.25199165e-25 2.25041445e-25
 2.24885253e-25 2.24730593e-25 2.24577469e-25 2.24425885e-25
 2.24275846e-25 2.24127357e-25 2.23980424e-25 2.23835055e-25
 2.23691256e-25 2.23549037e-25 2.23408409e-25 2.23269383e-25
 2.23131974e-25 2.22996199e-25 2.22862081e-25 2.22729647e-25
 2.22598930e-25 2.22469976e-25 2.22342847e-25 2.22217625e-25
 2.22094427e-25 2.21973426e-25 2.21854884e-25 2.21739215e-25
 2.21627113e-25 2.21519819e-25 2.21419738e-25 2.21332075e-25
 2.21269936e-25 2.21274944e-25 2.21545681e-25 2.24699746e-25
 2.34203814e-25 2.21478984e-25 2.20775249e-25 2.20526615e-25
 2.20370124e-25 2.20244781e-25 2.20133481e-25 2.20029939e-25
 2.19931415e-25 2.19836566e-25 2.19744676e-25 2.19655334e-25
 2.19568297e-25 2.19483413e-25 2.19400585e-25 2.19319752e-25
 2.19240873e-25 2.19163923e-25 2.19088887e-25 2.19015756e-25
 2.18944527e-25 2.18875200e-25 2.18807778e-25 2.18742267e-25
 2.18678674e-25 2.18617007e-25 2.18557276e-25 2.18499490e-25
 2.18443662e-25 2.18389803e-25 2.18337925e-25 2.18288041e-25
 2.18240166e-25 2.18194312e-25 2.18150496e-25 2.18108730e-25
 2.18069032e-25 2.18031416e-25 2.17995898e-25 2.17962496e-25
 2.17931225e-25 2.17902104e-25 2.17875149e-25 2.17850379e-25
 2.17827812e-25 2.17807467e-25 2.17789363e-25 2.17773519e-25
 2.17759956e-25 2.17748694e-25 2.17739753e-25 2.17733154e-25
 2.17728920e-25 2.17727071e-25 2.17727630e-25 2.17730621e-25
 2.17736065e-25 2.17743988e-25 2.17754412e-25 2.17767362e-25
 2.17782863e-25 2.17800941e-25 2.17821621e-25 2.17844929e-25
 2.17870894e-25 2.17899540e-25 2.17930898e-25 2.17964994e-25
 2.18001858e-25 2.18041518e-25 2.18084006e-25 2.18129350e-25
 2.18177583e-25 2.18228734e-25 2.18282838e-25 2.18339925e-25
 2.18400030e-25 2.18463186e-25 2.18529427e-25 2.18598789e-25
 2.18671308e-25 2.18747019e-25 2.18825961e-25 2.18908171e-25
 2.18993687e-25 2.19082551e-25 2.19174802e-25 2.19270483e-25
 2.19369638e-25 2.19472314e-25 2.19578558e-25 2.19688427e-25
 2.19801983e-25 2.19919304e-25 2.20040500e-25 2.20165754e-25
 2.20295441e-25 2.20430591e-25 2.20575385e-25 2.20767536e-25
 2.25679880e-25 2.21033923e-25 2.21155394e-25 2.21305562e-25
 2.21463931e-25 2.21627756e-25 2.21796376e-25 2.21969599e-25
 2.22147376e-25 2.22329715e-25 2.22516648e-25 2.22708220e-25
 2.22904482e-25 2.23105491e-25 2.23311306e-25 2.23521987e-25
 2.23737599e-25 2.23958205e-25 2.24183872e-25 2.24414667e-25
 2.24650660e-25 2.24891919e-25 2.25138517e-25 2.25390525e-25
 2.25648018e-25 2.25911071e-25 2.26179760e-25 2.26454161e-25
 2.26734356e-25 2.27020422e-25 2.27312442e-25 2.27610499e-25
 2.27914677e-25 2.28225062e-25 2.28541740e-25 2.28864799e-25
 2.29194331e-25 2.29530425e-25 2.29873176e-25 2.30222676e-25
 2.30579023e-25 2.30942314e-25 2.31312647e-25 2.31690124e-25
 2.32074847e-25 2.32466919e-25 2.32866448e-25 2.33273540e-25
 2.33688306e-25 2.34110857e-25 2.34541308e-25 2.34979775e-25
 2.35426382e-25 2.35881256e-25 2.36344541e-25 2.36816419e-25
 2.37297213e-25 2.37788073e-25 2.38307023e-25 2.38819502e-25
 2.39308680e-25 2.39831988e-25 2.40366105e-25 2.40910062e-25
 2.41463796e-25 2.42027390e-25 2.42600968e-25 2.43184668e-25
 2.43778633e-25 2.44383013e-25 2.44997962e-25 2.45623636e-25
 2.46260193e-25 2.46907795e-25 2.47566606e-25 2.48236793e-25
 2.48918526e-25 2.49611978e-25 2.50317323e-25 2.51034739e-25
 2.51764406e-25 2.52506509e-25 2.53261234e-25 2.54028769e-25
 2.54809308e-25 2.55603045e-25 2.56410179e-25 2.57230911e-25
 2.58065445e-25 2.58913991e-25 2.59776758e-25 2.60653961e-25
 2.61545818e-25 2.62452552e-25 2.63374386e-25 2.64311554e-25
 2.65264293e-25 2.66232858e-25 2.67217568e-25 2.68219217e-25
 2.69322265e-25 2.70271282e-25 2.71320910e-25 2.72389065e-25
 2.73474915e-25 2.74578611e-25 2.75700398e-25 2.76840540e-25
 2.77999311e-25 2.79177078e-25 2.80373867e-25 2.81590227e-25
 2.82826367e-25 2.84082586e-25 2.85359189e-25 2.86656484e-25
 2.87974783e-25 2.89314407e-25 2.90675677e-25 2.92058921e-25
 2.93464473e-25 2.94892671e-25 2.96343858e-25 2.97818382e-25
 2.99316598e-25 3.00838864e-25 3.02385546e-25 3.03957015e-25
 3.05553648e-25 3.07175832e-25 3.08823969e-25 3.10498544e-25
 3.12202317e-25 3.13928874e-25 3.15683679e-25 3.17467344e-25
 3.19279463e-25 3.21120410e-25 3.22990614e-25 3.24890513e-25
 3.26820559e-25 3.28781208e-25 3.30772925e-25 3.32796182e-25
 3.34851459e-25 3.36939241e-25 3.39060025e-25 3.41214311e-25
 3.43402609e-25 3.45625438e-25 3.47883323e-25 3.50176798e-25
 3.52506407e-25 3.54872700e-25 3.57276237e-25 3.59717588e-25
 3.62197334e-25 3.64716079e-25 3.67274600e-25 3.69875391e-25
 3.72512113e-25 3.75192714e-25 3.77915420e-25 3.80680833e-25
 3.83489602e-25 3.86342390e-25 3.89239875e-25 3.92182743e-25
 3.95171694e-25 3.98207438e-25 4.01290698e-25 4.04422208e-25
 4.07602714e-25 4.10832975e-25 4.14113761e-25 4.17445859e-25
 4.20830064e-25 4.24267189e-25 4.27758058e-25 4.31303516e-25
 4.34904448e-25 4.38608305e-25 4.42276001e-25 4.46048397e-25
 4.49879833e-25 4.53771199e-25 4.57723436e-25 4.61737505e-25
 4.65814384e-25 4.69955070e-25 4.74160575e-25 4.78431933e-25
 4.82770193e-25 4.87176426e-25 4.91651721e-25 4.96197185e-25
 5.00813949e-25 5.05503163e-25 5.10266000e-25 5.15103660e-25
 5.20017609e-25 5.25008329e-25 5.30077739e-25 5.35227017e-25
 5.40457425e-25 5.45770293e-25 5.51166982e-25 5.56648880e-25
 5.62217400e-25 5.67873984e-25 5.73620104e-25 5.79457260e-25
 5.85386980e-25 5.91410827e-25 5.97530390e-25 6.03747297e-25
 6.10063207e-25 6.16479929e-25 6.22998840e-25 6.29621993e-25
 6.36351153e-25 6.43188129e-25 6.50134792e-25 6.57193058e-25
 6.64364881e-25 6.71652257e-25 6.79057228e-25 6.86581877e-25
 6.94228333e-25 7.01998771e-25 7.09895415e-25 7.17920538e-25
 7.26076484e-25 7.34365601e-25 7.42790238e-25 7.51353003e-25
 7.60056384e-25 7.68902972e-25 7.77895417e-25 7.87036428e-25
 7.96328777e-25 8.05775297e-25 8.15378885e-25 8.25142504e-25
 8.35069183e-25 8.45162019e-25 8.55424223e-25 8.65858899e-25
 8.76469466e-25 8.87259290e-25 8.98231815e-25 9.09390567e-25
 9.20739149e-25 9.32281240e-25 9.44020592e-25 9.55961035e-25
 9.68106471e-25 9.80460879e-25 9.93028312e-25 1.00581369e-24
 1.01881878e-24 1.03205026e-24 1.04551165e-24 1.05920731e-24
 1.07314165e-24 1.08731915e-24 1.10174430e-24 1.11642162e-24
 1.13135562e-24 1.14655084e-24 1.16201179e-24 1.17774287e-24
 1.19374850e-24 1.21003296e-24 1.22660041e-24 1.24345483e-24
 1.26059997e-24 1.27803935e-24 1.29577612e-24 1.31381307e-24
 1.33215247e-24 1.35079611e-24 1.36974481e-24 1.38899899e-24
 1.40855785e-24 1.42841952e-24 1.44858083e-24 1.46903706e-24
 1.48978170e-24 1.51080614e-24 1.53209935e-24 1.55364757e-24
 1.57543343e-24 1.59743630e-24 1.61963086e-24 1.64198687e-24
 1.66446828e-24 1.68703246e-24 1.70962915e-24 1.73219945e-24
 1.75467458e-24 1.77697451e-24 1.79900654e-24 1.82066371e-24
 1.84182302e-24 1.86234367e-24 1.88206523e-24 1.90080571e-24
 1.91835988e-24 1.93449773e-24 1.94896302e-24 1.96147309e-24
 1.97171851e-24 1.97936446e-24 1.98405315e-24 1.98540798e-24
 1.98303961e-24 1.97655428e-24 1.96556442e-24 1.94970165e-24
 1.92863177e-24 1.90207135e-24 1.86980497e-24 1.83170220e-24
 1.78773279e-24 1.73797891e-24 1.68264307e-24 1.62205129e-24
 1.55665044e-24 1.48700092e-24 1.41376526e-24 1.33769457e-24
 1.25961491e-24 1.18041617e-24 1.10104593e-24 1.02251063e-24
 9.45885692e-25 8.72335179e-25 8.03138912e-25 7.39719558e-25
 6.83652804e-25 6.36629970e-25 6.00332376e-25 5.76189552e-25
 5.65057963e-25 5.66951751e-25 5.80989574e-25 6.05608277e-25
 6.38924090e-25 6.79064875e-25 7.24375312e-25 7.73495389e-25
 8.25357715e-25 8.79147841e-25 9.34254989e-25 9.90226502e-25
 1.04672977e-24 1.10352262e-24 1.16043070e-24 1.21733072e-24
 1.27413650e-24 1.33079196e-24 1.38726155e-24 1.44352609e-24
 1.49957851e-24 1.55542082e-24 1.61106167e-24 1.66651468e-24
 1.72179697e-24 1.77692815e-24 1.83192948e-24 1.88682323e-24
 1.94163218e-24 1.99637924e-24 2.05108716e-24 2.10577825e-24]), minimum_frequency=5.0, maximum_frequency=2048.0, length=40.0, latitude=46.0, longitude=-124.99999999999999, elevation=0.0, xarm_azimuth=260.0, yarm_azimuth=349.99999999999994, xarm_tilt=0.0, yarm_tilt=0.0).
The injected SNR is (66.88899400479525-7.0257624316237e-18j) in Interferometer(name='A1', power_spectral_density=PowerSpectralDensity(frequency_array=[   5.           5.01153      5.0230867 ... 4977.0194    4988.4965
 5000.       ], psd_array=[3.99805824e-40 3.78691522e-40 3.58724926e-40 ... 1.51962966e-46
 1.52659591e-46 1.53359419e-46], asd_array=[1.9995145e-20 1.9459998e-20 1.8940035e-20 ... 1.2327326e-23 1.2355549e-23
 1.2383837e-23]), minimum_frequency=5.0, maximum_frequency=2048.0, length=4.0, latitude=19.613306027777778, longitude=77.03086102777777, elevation=440.0, xarm_azimuth=117.6157, yarm_azimuth=207.6165, xarm_tilt=0.0, yarm_tilt=0.0).
The injected SNR is (482.2446668400884-4.3550650143767903e-17j) in Interferometer(name='CE20', power_spectral_density=PowerSpectralDensity(frequency_array=[   5.            5.03469316    5.06962704    5.10480331    5.14022366
    5.17588978    5.21180337    5.24796615    5.28437986    5.32104622
    5.357967      5.39514396    5.43257887    5.47027354    5.50822975
    5.54644932    5.58493409    5.62368589    5.66270658    5.70199801
    5.74156207    5.78140066    5.82151566    5.86190902    5.90258264
    5.94353849    5.98477851    6.02630468    6.06811899    6.11022343
    6.15262002    6.19531078    6.23829776    6.28158301    6.3251686
    6.36905662    6.41324915    6.45774833    6.50255626    6.5476751
    6.59310701    6.63885415    6.68491871    6.7313029     6.77800893
    6.82503903    6.87239546    6.92008048    6.96809637    7.01644542
    7.06512995    7.11415229    7.16351477    7.21321976    7.26326963
    7.31366678    7.36441362    7.41551257    7.46696608    7.51877661
    7.57094663    7.62347864    7.67637514    7.72963868    7.7832718
    7.83727705    7.89165703    7.94641433    8.00155157    8.05707139
    8.11297644    8.16926939    8.22595294    8.28302979    8.34050269
    8.39837436    8.45664759    8.51532515    8.57440985    8.63390452
    8.693812      8.75413516    8.81487688    8.87604006    8.93762763
    8.99964253    9.06208774    9.12496622    9.188281      9.2520351
    9.31623156    9.38087346    9.44596388    9.51150594    9.57750278
    9.64395754    9.71087341    9.77825358    9.84610128    9.91441975
    9.98321225   10.05248208   10.12223255   10.19246699   10.26318876
   10.33440125   10.40610785   10.478312     10.55101714   10.62422676
   10.69794436   10.77217345   10.84691759   10.92218036   10.99796534
   11.07427617   11.15111649   11.22848998   11.30640033   11.38485128
   11.46384656   11.54338997   11.6234853    11.70413638   11.78534707
   11.86712125   11.94946283   12.03237575   12.11586397   12.19993149
   12.28458231   12.3698205    12.45565013   12.5420753    12.62910013
   12.71672881   12.8049655    12.89381444   12.98327986   13.07336606
   13.16407733   13.25541801   13.34739247   13.44000511   13.53326035
   13.62716266   13.72171652   13.81692645   13.91279701   14.00933278
   14.10653838   14.20441845   14.30297768   14.40222077   14.50215247
   14.60277756   14.70410085   14.80612719   14.90886145   15.01230855
   15.11647342   15.22136106   15.32697648   15.43332472   15.54041087
   15.64824005   15.75681742   15.86614817   15.97623753   16.08709075
   16.19871315   16.31111005   16.42428683   16.5382489    16.65300172
   16.76855076   16.88490155   17.00205966   17.12003069   17.23882027
   17.35843409   17.47887787   17.60015736   17.72227837   17.84524673
   17.96906832   18.09374906   18.21929492   18.34571189   18.47300603
   18.60118341   18.73025016   18.86021247   18.99107653   19.12284861
   19.25553501   19.38914207   19.52367618   19.65914378   19.79555133
   19.93290537   20.07121245   20.2104792    20.35071227   20.49191836
   20.63410423   20.77727667   20.92144254   21.06660872   21.21278215
   21.35996983   21.50817879   21.65741612   21.80768895   21.95900446
   22.1113699    22.26479255   22.41927974   22.57483886   22.73147735
   22.88920269   23.04802243   23.20794417   23.36897554   23.53112425
   23.69439805   23.85880474   24.0243522    24.19104832   24.35890109
   24.52791853   24.69810872   24.86947979   25.04203995   25.21579744
   25.39076056   25.56693769   25.74433725   25.92296772   26.10283764
   26.28395561   26.46633029   26.6499704    26.83488473   27.0210821
   27.20857143   27.39736168   27.58746188   27.77888111   27.97162853
   28.16571335   28.36114486   28.55793239   28.75608536   28.95561324
   29.15652557   29.35883195   29.56254207   29.76766565   29.97421252
   30.18219253   30.39161564   30.60249186   30.81483128   31.02864403
   31.24394036   31.46073055   31.67902496   31.89883404   32.1201683
   32.34303831   32.56745473   32.7934283    33.02096981   33.25009015
   33.48080027   33.71311121   33.94703406   34.18258002   34.41976035
   34.65858638   34.89906954   35.14122132   35.38505331   35.63057715
   35.87780459   36.12674746   36.37741765   36.62982714   36.88398801
   37.13991241   37.39761258   37.65710083   37.91838957   38.18149131
   38.4464186    38.71318413   38.98180065   39.252281     39.52463811
   39.79888501   40.07503481   40.35310071   40.633096     40.91503408
   41.19892842   41.4847926    41.77264029   42.06248525   42.35434133
   42.6482225    42.9441428    43.24211638   43.54215749   43.84428047
   44.14849978   44.45482995   44.76328563   45.07388157   45.38663263
   45.70155374   46.01865998   46.33796651   46.65948858   46.98324157
   47.30924097   47.63750236   47.96804144   48.300874     48.63601596
   48.97348335   49.31329231   49.65545907   50.           50.34693157
   50.69627038   51.04803312   51.4022366    51.75889778   52.1180337
   52.47966153   52.84379856   53.2104622    53.57966999   53.95143958
   54.32578873   54.70273536   55.08229748   55.46449324   55.84934092
   56.23685892   56.62706576   57.0199801    57.41562073   57.81400656
   58.21515665   58.61909016   59.02582643   59.43538489   59.84778512
   60.26304684   60.68118992   61.10223433   61.52620022   61.95310785
   62.38297763   62.81583012   63.25168602   63.69056616   64.13249153
   64.57748325   65.02556261   65.47675102   65.93107007   66.38854147
   66.84918709   67.31302896   67.78008927   68.25039033   68.72395463
   69.20080483   69.68096371   70.16445424   70.65129953   71.14152286
   71.63514767   72.13219756   72.6326963    73.13666781   73.6441362
   74.15512572   74.66966081   75.18776606   75.70946627   76.23478635
   76.76375144   77.29638682   77.83271796   78.37277051   78.91657028
   79.46414328   80.01551569   80.57071386   81.12976435   81.69269389
   82.25952939   82.83029795   83.40502686   83.9837436    84.56647585
   85.15325146   85.74409849   86.33904519   86.93812001   87.54135159
   88.14876876   88.76040059   89.3762763    89.99642534   90.62087737
   91.24966224   91.88281002   92.52035098   93.1623156    93.80873457
   94.45963881   95.11505943   95.77502778   96.4395754    97.10873407
   97.78253579   98.46101277   99.14419746   99.83212251  100.52482081
  101.2223255   101.92466991  102.63188764  103.34401248  104.0610785
  104.78311997  105.51017143  106.24226762  106.97944357  107.7217345
  108.46917592  109.22180356  109.9796534   110.74276169  111.5111649
  112.28489978  113.06400332  113.84851277  114.63846564  115.43389971
  116.234853    117.04136381  117.8534707   118.6712125   119.49462831
  120.3237575   121.15863971  121.99931486  122.84582315  123.69820504
  124.5565013   125.42075296  126.29100135  127.16728807  128.04965501
  128.93814438  129.83279865  130.73366059  131.64077328  132.5541801
  133.4739247   134.40005108  135.3326035   136.27162656  137.21716516
  138.1692645   139.12797011  140.09332782  141.0653838   142.04418451
  143.02977676  144.02220767  145.02152469  146.02777561  147.04100853
  148.0612719   149.0886145   150.12308545  151.16473422  152.2136106
  153.26976475  154.33324717  155.40410869  156.48240053  157.56817424
  158.66148174  159.76237529  160.87090753  161.98713148  163.11110049
  164.2428683   165.38248904  166.53001718  167.6855076   168.84901554
  170.02059664  171.2003069   172.38820274  173.58434095  174.78877872
  176.00157364  177.2227837   178.45246728  179.69068319  180.93749062
  182.19294919  183.45711892  184.73006026  186.01183407  187.30250164
  188.60212467  189.91076531  191.22848612  192.55535012  193.89142073
  195.23676184  196.59143779  197.95551332  199.32905368  200.71212452
  202.10479199  203.50712266  204.91918359  206.34104229  207.77276674
  209.2144254   210.66608719  212.12782154  213.59969832  215.08178791
  216.57416117  218.07688946  219.59004463  221.11369903  222.6479255
  224.1927974   225.7483886   227.31477348  228.89202692  230.48022434
  232.07944168  233.6897554   235.31124249  236.94398049  238.58804745
  240.24352198  241.91048325  243.58901094  245.27918532  246.98108719
  248.69479794  250.42039949  252.15797436  253.90760562  255.66937692
  257.44337251  259.22967719  261.02837639  262.8395561   264.66330292
  266.49970404  268.34884728  270.21082104  272.08571434  273.97361685
  275.87461881  277.78881112  279.71628531  281.65713353  283.61144858
  285.57932391  287.56085359  289.55613238  291.56525568  293.58831954
  295.62542069  297.67665654  299.74212516  301.8219253   303.91615641
  306.02491862  308.14831276  310.28644034  312.4394036   314.60730548
  316.79024963  318.98834043  321.20168297  323.43038308  325.67454731
  327.93428298  330.20969812  332.50090152  334.80800274  337.13111209
  339.47034063  341.82580023  344.19760348  346.58586381  348.99069539
  351.41221322  353.85053306  356.30577151  358.77804595  361.26747459
  363.77417646  366.29827141  368.83988013  371.39912413  373.97612578
  376.5710083   379.18389575  381.81491306  384.46418604  387.13184134
  389.81800652  392.52281001  395.24638113  397.98885012  400.75034808
  403.53100706  406.33096     409.15034079  411.98928423  414.84792604
  417.72640292  420.62485249  423.54341333  426.48222499  429.44142798
  432.42116379  435.42157488  438.44280473  441.48499777  444.54829948
  447.6328563   450.73881573  453.86632626  457.01553744  460.18659983
  463.37966506  466.59488579  469.83241575  473.09240974  476.37502362
  479.68041435  483.00873998  486.36015962  489.73483353  493.13292307
  496.55459069  500.          503.46931574  506.96270378  510.48033115
  514.02236605  517.58897782  521.18033699  524.79661528  528.43798559
  532.10462203  535.79669991  539.51439576  543.25788733  547.0273536
  550.82297482  554.64493245  558.49340923  562.36858918  566.27065758
  570.19980099  574.15620727  578.1400656   582.15156646  586.19090164
  590.25826428  594.35384886  598.47785118  602.63046844  606.81189917
  611.02234332  615.26200218  619.53107847  623.82977632  628.15830124
  632.5168602   636.90566159  641.32491526  645.77483251  650.25562609
  654.76751024  659.3107007   663.88541468  668.49187091  673.13028965
  677.80089266  682.50390327  687.23954634  692.00804829  696.80963711
  701.64454239  706.5129953   711.41522861  716.3514767   721.32197561
  726.32696297  731.3666781   736.44136195  741.55125717  746.69660806
  751.87766065  757.09466265  762.34786351  767.63751439  772.96386821
  778.32717964  783.7277051   789.16570283  794.64143281  800.15515687
  805.70713863  811.29764354  816.9269389   822.59529388  828.30297947
  834.0502686   839.83743605  845.66475851  851.53251463  857.44098494
  863.39045194  869.38120011  875.41351587  881.48768764  887.60400586
  893.76276295  899.96425339  906.20877369  912.49662241  918.82810019
  925.20350977  931.62315597  938.08734572  944.5963881   951.15059433
  957.75027779  964.39575401  971.08734074  977.82535793  984.61012774
  991.44197456  998.32122505 1005.24820813 1012.22325499 1019.24669913
 1026.31887635 1033.44012481 1040.61078499 1047.83119974 1055.10171428
 1062.42267625 1069.79443567 1077.21734502 1084.69175919 1092.21803557
 1099.79653402 1107.42761686 1115.11164898 1122.84899777 1130.64003317
 1138.48512769 1146.38465643 1154.33899709 1162.34852999 1170.41363809
 1178.534707   1186.71212501 1194.94628312 1203.23757501 1211.58639712
 1219.99314863 1228.45823149 1236.98205044 1245.56501303 1254.20752964
 1262.91001348 1271.67288065 1280.49655013 1289.3814438  1298.32798647
 1307.3366059  1316.40773282 1325.54180095 1334.73924702 1344.00051077
 1353.32603502 1362.71626564 1372.17165161 1381.69264503 1391.2797011
 1400.93327823 1410.65383797 1420.44184509 1430.29776759 1440.2220767
 1450.21524693 1460.27775609 1470.41008529 1480.61271899 1490.88614501
 1501.23085454 1511.6473422  1522.13610603 1532.69764753 1543.33247167
 1554.04108693 1564.82400534 1575.68174243 1586.61481737 1597.62375288
 1608.70907534 1619.87131476 1631.11100486 1642.42868302 1653.82489037
 1665.30017181 1676.855076   1688.49015541 1700.20596635 1712.00306899
 1723.88202737 1735.84340946 1747.88778718 1760.0157364  1772.22783699
 1784.52467284 1796.9068319  1809.37490621 1821.92949188 1834.5711892
 1847.3006026  1860.11834071 1873.02501637 1886.02124671 1899.1076531
 1912.28486123 1925.55350116 1938.91420729 1952.36761844 1965.91437785
 1979.55513323 1993.29053679 2007.12124525 2021.0479199  2035.07122661
 2049.19183588 2063.41042285 2077.72766736 2092.14425395 2106.66087192
 2121.27821536 2135.99698315 2150.81787905 2165.74161169 2180.7688946
 2195.9004463  2211.13699025 2226.47925497 2241.92797401 2257.48388602
 2273.14773477 2288.92026919 2304.80224341 2320.79441681 2336.897554
 2353.11242492 2369.43980486 2385.88047447 2402.43521983 2419.10483246
 2435.8901094  2452.79185318 2469.81087194 2486.9479794  2504.20399492
 2521.57974359 2539.07605616 2556.69376921 2574.43372507 2592.29677195
 2610.28376392 2628.39556101 2646.63302918 2664.99704042 2683.48847277
 2702.10821035 2720.85714343 2739.73616845 2758.74618806 2777.8881112
 2797.16285308 2816.5713353  2836.11448582 2855.79323906 2875.60853592
 2895.56132382 2915.65255676 2935.88319537 2956.25420692 2976.76656541
 2997.42125159 3018.21925304 3039.16156415 3060.24918624 3081.48312757
 3102.86440339 3124.394036   3146.07305481 3167.90249633 3189.8834043
 3212.0168297  3234.30383077 3256.74547314 3279.34282979 3302.09698117
 3325.00901522 3348.08002743 3371.31112089 3394.70340635 3418.25800226
 3441.97603482 3465.85863808 3489.90695392 3514.12213215 3538.50533059
 3563.05771506 3587.78045947 3612.67474589 3637.7417646  3662.98271411
 3688.39880126 3713.99124128 3739.76125781 3765.71008299 3791.8389575
 3818.14913064 3844.64186038 3871.31841341 3898.1800652  3925.2281001
 3952.46381135 3979.88850116 4007.50348078 4035.31007057 4063.30960005
 4091.50340793 4119.89284226 4148.47926042 4177.26402919 4206.24852487
 4235.43413328 4264.82224987 4294.41427977 4324.21163787 4354.21574885
 4384.42804729 4414.84997775 4445.48299476 4476.328563   4507.38815726
 4538.66326261 4570.15537438 4601.86599831 4633.79665057 4665.94885787
 4698.32415748 4730.92409736 4763.75023621 4796.80414355 4830.08739976
 4863.60159623 4897.34833535 4931.32923066 4965.54590687 5000.        ], psd_array=[2.10299107e-46 1.96837741e-46 1.84459711e-46 1.73057372e-46
 1.62535442e-46 1.52809456e-46 1.43804429e-46 1.35453690e-46
 1.27697868e-46 1.20484006e-46 1.13764794e-46 1.07497892e-46
 1.01645346e-46 9.61730740e-47 9.10504157e-47 8.62497410e-47
 8.17461054e-47 7.75169472e-47 7.35418232e-47 6.98021755e-47
 6.62811268e-47 6.29632999e-47 5.98346593e-47 5.68823705e-47
 5.40647644e-47 5.13761284e-47 4.88381672e-47 4.64411231e-47
 4.41759989e-47 4.20344868e-47 4.00089039e-47 3.80921359e-47
 3.62775856e-47 3.45591277e-47 3.29310676e-47 3.13881052e-47
 2.99253013e-47 2.85380482e-47 2.72220430e-47 2.59732631e-47
 2.47879449e-47 2.36625631e-47 2.25779299e-47 2.15477968e-47
 2.05695888e-47 1.96404873e-47 1.87578417e-47 1.79191585e-47
 1.71220901e-47 1.63644251e-47 1.56440795e-47 1.49590885e-47
 1.43075985e-47 1.36878602e-47 1.30982223e-47 1.25371250e-47
 1.20030949e-47 1.14947394e-47 1.10107421e-47 1.05498579e-47
 1.01109093e-47 9.69278226e-48 9.29442239e-48 8.91483167e-48
 8.55306523e-48 8.20822832e-48 7.87947347e-48 7.56599790e-48
 7.26704097e-48 6.98188191e-48 6.70983758e-48 6.45026043e-48
 6.20253654e-48 5.96608380e-48 5.74035018e-48 5.52481212e-48
 5.31897300e-48 5.12236164e-48 4.93453101e-48 4.75505690e-48
 4.58353673e-48 4.41958835e-48 4.26284903e-48 4.11297439e-48
 3.96963741e-48 3.83252756e-48 3.70134993e-48 3.57582438e-48
 3.45568479e-48 3.34067832e-48 3.23056473e-48 3.12511571e-48
 3.02411424e-48 2.92735407e-48 2.83463910e-48 2.74578286e-48
 2.66060808e-48 2.57894612e-48 2.50063659e-48 2.42552693e-48
 2.35347196e-48 2.28608924e-48 2.22187310e-48 2.16012273e-48
 2.10073239e-48 2.04360120e-48 1.98863292e-48 1.93573571e-48
 1.88482194e-48 1.83580798e-48 1.78861398e-48 1.74316371e-48
 1.69938440e-48 1.65720653e-48 1.61656373e-48 1.57739257e-48
 1.53963246e-48 1.50322552e-48 1.46811641e-48 1.43425225e-48
 1.40158250e-48 1.37005881e-48 1.33963498e-48 1.31026681e-48
 1.28191200e-48 1.25453014e-48 1.22808251e-48 1.20253210e-48
 1.17784346e-48 1.15398268e-48 1.13091728e-48 1.10861617e-48
 1.08704960e-48 1.06618903e-48 1.04600716e-48 1.02647784e-48
 1.00757598e-48 9.89277575e-49 9.71559599e-49 9.54399988e-49
 9.37777588e-49 9.21672120e-49 9.06064137e-49 8.90934989e-49
 8.76266788e-49 8.62042376e-49 8.48245290e-49 8.34859737e-49
 8.21870557e-49 8.09263203e-49 7.97023713e-49 7.85138680e-49
 7.73595235e-49 7.62381019e-49 7.51484165e-49 7.40893276e-49
 7.30597401e-49 7.20586023e-49 7.10849037e-49 7.01376732e-49
 6.92159776e-49 6.83189201e-49 6.74456387e-49 6.65953047e-49
 6.57671212e-49 6.49603222e-49 6.41741711e-49 6.34079593e-49
 6.26610054e-49 6.19326540e-49 6.12222743e-49 6.05292597e-49
 5.98530263e-49 5.91930124e-49 5.85486773e-49 5.79195006e-49
 5.73049812e-49 5.67046369e-49 5.61180034e-49 5.55446336e-49
 5.49840968e-49 5.44359785e-49 5.38998793e-49 5.33754143e-49
 5.28622131e-49 5.23599184e-49 5.18681863e-49 5.13866853e-49
 5.09150957e-49 5.04531096e-49 5.00004302e-49 4.95567713e-49
 4.91218570e-49 4.86954213e-49 4.82772077e-49 4.78669689e-49
 4.74644662e-49 4.70694695e-49 4.66817569e-49 4.63011142e-49
 4.59273348e-49 4.55602192e-49 4.51995751e-49 4.48452167e-49
 4.44969649e-49 4.41546465e-49 4.38180946e-49 4.34871478e-49
 4.31616505e-49 4.28414523e-49 4.25264078e-49 4.22163769e-49
 4.19112239e-49 4.16108179e-49 4.13150325e-49 4.10237453e-49
 4.07368383e-49 4.04541972e-49 4.01757117e-49 3.99012751e-49
 3.96307841e-49 3.93641390e-49 3.91012434e-49 3.88420040e-49
 3.85863305e-49 3.83341355e-49 3.80853346e-49 3.78398461e-49
 3.75975909e-49 3.73584923e-49 3.71224763e-49 3.68894712e-49
 3.66594074e-49 3.64322178e-49 3.62078371e-49 3.59862022e-49
 3.57672521e-49 3.55509275e-49 3.53371710e-49 3.51259271e-49
 3.49171417e-49 3.47107627e-49 3.45067394e-49 3.43050227e-49
 3.41055649e-49 3.39083199e-49 3.37132428e-49 3.35202902e-49
 3.33294199e-49 3.31405909e-49 3.29537634e-49 3.27688990e-49
 3.25859601e-49 3.24049105e-49 3.22257146e-49 3.20483384e-49
 3.18727483e-49 3.16989121e-49 3.15267982e-49 3.13563760e-49
 3.11876159e-49 3.10204889e-49 3.08549668e-49 3.06910224e-49
 3.05286290e-49 3.03677608e-49 3.02083925e-49 3.00504997e-49
 2.98940584e-49 2.97390455e-49 2.95854384e-49 2.94332149e-49
 2.92823538e-49 2.91328339e-49 2.89846350e-49 2.88377373e-49
 2.86921213e-49 2.85477682e-49 2.84046596e-49 2.82627776e-49
 2.81221047e-49 2.79826237e-49 2.78443181e-49 2.77071715e-49
 2.75711681e-49 2.74362924e-49 2.73025293e-49 2.71698639e-49
 2.70382819e-49 2.69077691e-49 2.67783117e-49 2.66498963e-49
 2.65225097e-49 2.63961391e-49 2.62707717e-49 2.61463954e-49
 2.60229980e-49 2.59005678e-49 2.57790931e-49 2.56585629e-49
 2.55389658e-49 2.54202913e-49 2.53025285e-49 2.51856672e-49
 2.50696972e-49 2.49546085e-49 2.48403913e-49 2.47270361e-49
 2.46145335e-49 2.45028742e-49 2.43920492e-49 2.42820497e-49
 2.41728670e-49 2.40644925e-49 2.39569179e-49 2.38501350e-49
 2.37441358e-49 2.36389122e-49 2.35344565e-49 2.34307611e-49
 2.33278186e-49 2.32256214e-49 2.31241624e-49 2.30234344e-49
 2.29234306e-49 2.28241439e-49 2.27255676e-49 2.26276951e-49
 2.25305198e-49 2.24340353e-49 2.23382352e-49 2.22431134e-49
 2.21486637e-49 2.20548801e-49 2.19617565e-49 2.18692873e-49
 2.17774665e-49 2.16862886e-49 2.15957480e-49 2.15058391e-49
 2.14165565e-49 2.13278950e-49 2.12398491e-49 2.11524138e-49
 2.10655839e-49 2.09793544e-49 2.08937202e-49 2.08086766e-49
 2.07242187e-49 2.06403417e-49 2.05570408e-49 2.04743116e-49
 2.03921493e-49 2.03105495e-49 2.02295077e-49 2.01490195e-49
 2.00690806e-49 1.99896867e-49 1.99108336e-49 1.98325171e-49
 1.97547330e-49 1.96774773e-49 1.96007460e-49 1.95245352e-49
 1.94488408e-49 1.93736590e-49 1.92989860e-49 1.92248180e-49
 1.91511513e-49 1.90779822e-49 1.90053071e-49 1.89331222e-49
 1.88614242e-49 1.87902093e-49 1.87194743e-49 1.86492156e-49
 1.85794299e-49 1.85101137e-49 1.84412638e-49 1.83728769e-49
 1.83049497e-49 1.82374790e-49 1.81704616e-49 1.81038945e-49
 1.80377744e-49 1.79720984e-49 1.79068634e-49 1.78420663e-49
 1.77777042e-49 1.77137743e-49 1.76502734e-49 1.75871989e-49
 1.75245478e-49 1.74623173e-49 1.74005047e-49 1.73391072e-49
 1.72781220e-49 1.72175465e-49 1.71573780e-49 1.70976138e-49
 1.70382514e-49 1.69792882e-49 1.69207215e-49 1.68625490e-49
 1.68047680e-49 1.67473760e-49 1.66903708e-49 1.66337497e-49
 1.65775104e-49 1.65216506e-49 1.64661679e-49 1.64110599e-49
 1.63563244e-49 1.63019591e-49 1.62479617e-49 1.61943300e-49
 1.61410618e-49 1.60881549e-49 1.60356072e-49 1.59834164e-49
 1.59315806e-49 1.58800976e-49 1.58289653e-49 1.57781817e-49
 1.57277448e-49 1.56776525e-49 1.56279029e-49 1.55784940e-49
 1.55294238e-49 1.54806906e-49 1.54322923e-49 1.53842270e-49
 1.53364930e-49 1.52890884e-49 1.52420113e-49 1.51952600e-49
 1.51488328e-49 1.51027277e-49 1.50569432e-49 1.50114774e-49
 1.49663288e-49 1.49214956e-49 1.48769761e-49 1.48327688e-49
 1.47888719e-49 1.47452840e-49 1.47020034e-49 1.46590286e-49
 1.46163580e-49 1.45739901e-49 1.45319234e-49 1.44901564e-49
 1.44486877e-49 1.44075158e-49 1.43666392e-49 1.43260566e-49
 1.42857666e-49 1.42457678e-49 1.42060589e-49 1.41666385e-49
 1.41275052e-49 1.40886579e-49 1.40500952e-49 1.40118159e-49
 1.39738187e-49 1.39361024e-49 1.38986658e-49 1.38615077e-49
 1.38246270e-49 1.37880225e-49 1.37516930e-49 1.37156376e-49
 1.36798550e-49 1.36443443e-49 1.36091043e-49 1.35741341e-49
 1.35394326e-49 1.35049989e-49 1.34708320e-49 1.34369309e-49
 1.34032948e-49 1.33699228e-49 1.33368139e-49 1.33039673e-49
 1.32713823e-49 1.32390580e-49 1.32069936e-49 1.31751885e-49
 1.31436419e-49 1.31123532e-49 1.30813217e-49 1.30505469e-49
 1.30200282e-49 1.29897652e-49 1.29597574e-49 1.29300045e-49
 1.29005062e-49 1.28712622e-49 1.28422727e-49 1.28135375e-49
 1.27850570e-49 1.27568315e-49 1.27288617e-49 1.27011485e-49
 1.26736935e-49 1.26464985e-49 1.26195660e-49 1.25928998e-49
 1.25665047e-49 1.25403874e-49 1.25145573e-49 1.24890280e-49
 1.24638188e-49 1.24389587e-49 1.24144924e-49 1.23904916e-49
 1.23670771e-49 1.23444654e-49 1.23230782e-49 1.23038286e-49
 1.22890191e-49 1.22859669e-49 1.23296354e-49 1.28850973e-49
 1.46145872e-49 1.23055125e-49 1.21775673e-49 1.21296553e-49
 1.20978668e-49 1.20714855e-49 1.20475079e-49 1.20248298e-49
 1.20029692e-49 1.19816893e-49 1.19608628e-49 1.19404165e-49
 1.19203060e-49 1.19005033e-49 1.18809899e-49 1.18617533e-49
 1.18427849e-49 1.18240787e-49 1.18056304e-49 1.17874368e-49
 1.17694957e-49 1.17518055e-49 1.17343650e-49 1.17171735e-49
 1.17002304e-49 1.16835354e-49 1.16670884e-49 1.16508894e-49
 1.16349385e-49 1.16192360e-49 1.16037822e-49 1.15885774e-49
 1.15736222e-49 1.15589170e-49 1.15444623e-49 1.15302589e-49
 1.15163073e-49 1.15026083e-49 1.14891626e-49 1.14759710e-49
 1.14630342e-49 1.14503533e-49 1.14379291e-49 1.14257624e-49
 1.14138543e-49 1.14022059e-49 1.13908180e-49 1.13796919e-49
 1.13688286e-49 1.13582293e-49 1.13478952e-49 1.13378274e-49
 1.13280273e-49 1.13184962e-49 1.13092354e-49 1.13002462e-49
 1.12915300e-49 1.12830884e-49 1.12749228e-49 1.12670346e-49
 1.12594256e-49 1.12520972e-49 1.12450512e-49 1.12382892e-49
 1.12318128e-49 1.12256240e-49 1.12197245e-49 1.12141162e-49
 1.12088008e-49 1.12037805e-49 1.11990571e-49 1.11946327e-49
 1.11905094e-49 1.11866893e-49 1.11831745e-49 1.11799674e-49
 1.11770700e-49 1.11744849e-49 1.11722143e-49 1.11702608e-49
 1.11686267e-49 1.11673147e-49 1.11663274e-49 1.11656675e-49
 1.11653379e-49 1.11653414e-49 1.11656811e-49 1.11663602e-49
 1.11673821e-49 1.11687506e-49 1.11704700e-49 1.11725453e-49
 1.11749829e-49 1.11777920e-49 1.11809868e-49 1.11845942e-49
 1.11886743e-49 1.11933996e-49 1.11994856e-49 1.12134260e-49
 1.20494615e-49 1.12200582e-49 1.12208720e-49 1.12263057e-49
 1.12328212e-49 1.12399403e-49 1.12475437e-49 1.12555926e-49
 1.12640730e-49 1.12729805e-49 1.12823148e-49 1.12920779e-49
 1.13022725e-49 1.13129023e-49 1.13239713e-49 1.13354838e-49
 1.13474443e-49 1.13598575e-49 1.13727281e-49 1.13860612e-49
 1.13998618e-49 1.14141351e-49 1.14288865e-49 1.14441212e-49
 1.14598448e-49 1.14760629e-49 1.14927812e-49 1.15100056e-49
 1.15277419e-49 1.15459961e-49 1.15647745e-49 1.15840831e-49
 1.16039285e-49 1.16243170e-49 1.16452552e-49 1.16667499e-49
 1.16888077e-49 1.17114358e-49 1.17346410e-49 1.17584306e-49
 1.17828119e-49 1.18077923e-49 1.18333794e-49 1.18595809e-49
 1.18864046e-49 1.19138585e-49 1.19419509e-49 1.19706898e-49
 1.20000840e-49 1.20301420e-49 1.20608729e-49 1.20922861e-49
 1.21243914e-49 1.21571999e-49 1.21907251e-49 1.22249873e-49
 1.22600320e-49 1.22960534e-49 1.23362877e-49 1.23744985e-49
 1.24076201e-49 1.24460066e-49 1.24854369e-49 1.25257217e-49
 1.25668353e-49 1.26087783e-49 1.26515580e-49 1.26951842e-49
 1.27396680e-49 1.27850208e-49 1.28312545e-49 1.28783815e-49
 1.29264143e-49 1.29753657e-49 1.30252488e-49 1.30760768e-49
 1.31278634e-49 1.31806223e-49 1.32343675e-49 1.32891134e-49
 1.33448745e-49 1.34016656e-49 1.34595018e-49 1.35183984e-49
 1.35783711e-49 1.36394358e-49 1.37016086e-49 1.37649060e-49
 1.38293449e-49 1.38949422e-49 1.39617155e-49 1.40296824e-49
 1.40988610e-49 1.41692698e-49 1.42409278e-49 1.43138546e-49
 1.43880710e-49 1.44636007e-49 1.45404790e-49 1.46188340e-49
 1.47150825e-49 1.47794680e-49 1.48615364e-49 1.49452807e-49
 1.50305098e-49 1.51172245e-49 1.52054429e-49 1.52951869e-49
 1.53864799e-49 1.54793503e-49 1.55738101e-49 1.56698974e-49
 1.57676338e-49 1.58670455e-49 1.59681596e-49 1.60710032e-49
 1.61756043e-49 1.62819912e-49 1.63901929e-49 1.65002389e-49
 1.66121592e-49 1.67259844e-49 1.68417458e-49 1.69594751e-49
 1.70792047e-49 1.72009678e-49 1.73247980e-49 1.74507299e-49
 1.75787987e-49 1.77090411e-49 1.78414969e-49 1.79762222e-49
 1.81137580e-49 1.82526907e-49 1.83941335e-49 1.85381700e-49
 1.86846633e-49 1.88336434e-49 1.89851501e-49 1.91392262e-49
 1.92959154e-49 1.94552627e-49 1.96173138e-49 1.97821155e-49
 1.99497155e-49 2.01201626e-49 2.02935063e-49 2.04697974e-49
 2.06490875e-49 2.08314295e-49 2.10168771e-49 2.12054852e-49
 2.13973099e-49 2.15924085e-49 2.17908394e-49 2.19926624e-49
 2.21979391e-49 2.24067354e-49 2.26191573e-49 2.28357120e-49
 2.30548363e-49 2.32783127e-49 2.35056460e-49 2.37368960e-49
 2.39721329e-49 2.42114295e-49 2.44548602e-49 2.47025014e-49
 2.49544309e-49 2.52107281e-49 2.54714745e-49 2.57367529e-49
 2.60066481e-49 2.62812467e-49 2.65606371e-49 2.68449097e-49
 2.71341569e-49 2.74284731e-49 2.77279548e-49 2.80327016e-49
 2.83428227e-49 2.86702759e-49 2.89795459e-49 2.93063588e-49
 2.96389722e-49 2.99774883e-49 3.03220207e-49 3.06726863e-49
 3.10296046e-49 3.13928982e-49 3.17626922e-49 3.21391146e-49
 3.25222962e-49 3.29123708e-49 3.33094753e-49 3.37137496e-49
 3.41253369e-49 3.45443835e-49 3.49710396e-49 3.54054602e-49
 3.58478706e-49 3.62982244e-49 3.67568646e-49 3.72239300e-49
 3.76995786e-49 3.81839847e-49 3.86773277e-49 3.91797914e-49
 3.96915637e-49 4.02128371e-49 4.07438083e-49 4.12846791e-49
 4.18356557e-49 4.23969493e-49 4.29687760e-49 4.35513574e-49
 4.41449210e-49 4.47497321e-49 4.53659287e-49 4.59938366e-49
 4.66336957e-49 4.72857527e-49 4.79502681e-49 4.86275091e-49
 4.93177495e-49 5.00212696e-49 5.07383568e-49 5.14693053e-49
 5.22144164e-49 5.29739990e-49 5.37483695e-49 5.45378525e-49
 5.53427863e-49 5.61635041e-49 5.70003317e-49 5.78536640e-49
 5.87238533e-49 5.96112742e-49 6.05163113e-49 6.14393588e-49
 6.23808208e-49 6.33411114e-49 6.43206553e-49 6.53198877e-49
 6.63392552e-49 6.73792156e-49 6.84402510e-49 6.95228038e-49
 7.06274001e-49 7.17545416e-49 7.29047441e-49 7.40785396e-49
 7.52764737e-49 7.64991063e-49 7.77470117e-49 7.90207788e-49
 8.03210121e-49 8.16483315e-49 8.30033740e-49 8.43870163e-49
 8.57992500e-49 8.72414414e-49 8.87140703e-49 9.02178597e-49
 9.17535523e-49 9.33219104e-49 9.49237165e-49 9.65597737e-49
 9.82309064e-49 9.99379612e-49 1.01681810e-48 1.03463337e-48
 1.05283461e-48 1.07143127e-48 1.09043298e-48 1.10984966e-48
 1.12969149e-48 1.14996892e-48 1.17069271e-48 1.19187389e-48
 1.21352379e-48 1.23565421e-48 1.25827664e-48 1.28140382e-48
 1.30504825e-48 1.32922288e-48 1.35394104e-48 1.37921643e-48
 1.40506312e-48 1.43149557e-48 1.45852865e-48 1.48617781e-48
 1.51445821e-48 1.54338654e-48 1.57297920e-48 1.60325326e-48
 1.63422626e-48 1.66591621e-48 1.69834165e-48 1.73152166e-48
 1.76547583e-48 1.80022430e-48 1.83578780e-48 1.87218768e-48
 1.90944584e-48 1.94758483e-48 1.98662787e-48 2.02659881e-48
 2.06752221e-48 2.10942336e-48 2.15232811e-48 2.19626333e-48
 2.24125651e-48 2.28733593e-48 2.33453073e-48 2.38287089e-48
 2.43238726e-48 2.48311160e-48 2.53507657e-48 2.58831581e-48
 2.64286396e-48 2.69875664e-48 2.75603054e-48 2.81472343e-48
 2.87487418e-48 2.93652283e-48 2.99971053e-48 3.06447974e-48
 3.13087413e-48 3.19893866e-48 3.26871960e-48 3.34026461e-48
 3.41362277e-48 3.48884458e-48 3.56598202e-48 3.64508865e-48
 3.72621957e-48 3.80943150e-48 3.89478283e-48 3.98233367e-48
 4.07214585e-48 4.16428301e-48 4.25881064e-48 4.35579612e-48
 4.45530874e-48 4.55741977e-48 4.66220249e-48 4.76973222e-48
 4.88008639e-48 4.99334456e-48 5.10958841e-48 5.22890183e-48
 5.35137092e-48 5.47708398e-48 5.60613151e-48 5.73860632e-48
 5.87460338e-48 6.01421989e-48 6.15755518e-48 6.30471131e-48
 6.45579005e-48 6.61089861e-48 6.77014372e-48 6.93363439e-48
 7.10148115e-48 7.27379587e-48 7.45069136e-48 7.63228131e-48
 7.81867970e-48 8.01000045e-48 8.20635691e-48 8.40786123e-48
 8.61462367e-48 8.82675177e-48 9.04434940e-48 9.26751560e-48], asd_array=[1.45016932e-23 1.40298874e-23 1.35815946e-23 1.31551272e-23
 1.27489389e-23 1.23616122e-23 1.19918484e-23 1.16384574e-23
 1.13003481e-23 1.09765207e-23 1.06660580e-23 1.03681190e-23
 1.00819317e-23 9.80678714e-24 9.54203415e-24 9.28707387e-24
 9.04135528e-24 8.80437091e-24 8.57565293e-24 8.35476962e-24
 8.14132218e-24 7.93494171e-24 7.73528663e-24 7.54204021e-24
 7.35287457e-24 7.16771431e-24 6.98843095e-24 6.81477241e-24
 6.64650276e-24 6.48340087e-24 6.32525920e-24 6.17188269e-24
 6.02308772e-24 5.87870119e-24 5.73855972e-24 5.60250883e-24
 5.47040230e-24 5.34210148e-24 5.21747477e-24 5.09639707e-24
 4.97874933e-24 4.86441806e-24 4.75162392e-24 4.64196045e-24
 4.53537086e-24 4.43175893e-24 4.33103241e-24 4.23310271e-24
 4.13788473e-24 4.04529666e-24 3.95525973e-24 3.86769809e-24
 3.78253863e-24 3.69971083e-24 3.61914662e-24 3.54078028e-24
 3.46454830e-24 3.39038928e-24 3.31824382e-24 3.24805448e-24
 3.17976561e-24 3.11332335e-24 3.04867551e-24 2.98577154e-24
 2.92456240e-24 2.86500058e-24 2.80703998e-24 2.75063591e-24
 2.69574498e-24 2.64232510e-24 2.59033542e-24 2.53973629e-24
 2.49048922e-24 2.44255682e-24 2.39590279e-24 2.35049189e-24
 2.30628988e-24 2.26326349e-24 2.22138043e-24 2.18060930e-24
 2.14091960e-24 2.10228170e-24 2.06466681e-24 2.02804694e-24
 1.99239489e-24 1.95768423e-24 1.92388927e-24 1.89098503e-24
 1.85894723e-24 1.82775226e-24 1.79737718e-24 1.76779968e-24
 1.73899806e-24 1.71095122e-24 1.68363865e-24 1.65704039e-24
 1.63113705e-24 1.60590975e-24 1.58134013e-24 1.55741033e-24
 1.53410298e-24 1.51198189e-24 1.49059488e-24 1.46973560e-24
 1.44939035e-24 1.42954580e-24 1.41018897e-24 1.39130719e-24
 1.37288818e-24 1.35491992e-24 1.33739073e-24 1.32028925e-24
 1.30360439e-24 1.28732534e-24 1.27144159e-24 1.25594290e-24
 1.24081927e-24 1.22606098e-24 1.21165854e-24 1.19760271e-24
 1.18388450e-24 1.17049512e-24 1.15742602e-24 1.14466886e-24
 1.13221553e-24 1.12005810e-24 1.10818884e-24 1.09660024e-24
 1.08528497e-24 1.07423586e-24 1.06344594e-24 1.05290844e-24
 1.04261671e-24 1.03256430e-24 1.02274492e-24 1.01315243e-24
 1.00378084e-24 9.94624339e-25 9.85677229e-25 9.76933973e-25
 9.68389172e-25 9.60037562e-25 9.51874013e-25 9.43893526e-25
 9.36091228e-25 9.28462372e-25 9.21002329e-25 9.13706592e-25
 9.06570768e-25 8.99590575e-25 8.92761845e-25 8.86080515e-25
 8.79542628e-25 8.73144329e-25 8.66881864e-25 8.60751576e-25
 8.54749906e-25 8.48873385e-25 8.43118637e-25 8.37482377e-25
 8.31961403e-25 8.26552601e-25 8.21252938e-25 8.16059463e-25
 8.10969304e-25 8.05979666e-25 8.01087830e-25 7.96291149e-25
 7.91587048e-25 7.86973023e-25 7.82446639e-25 7.78005525e-25
 7.73647376e-25 7.69369953e-25 7.65171074e-25 7.61048622e-25
 7.57000536e-25 7.53024813e-25 7.49119506e-25 7.45282722e-25
 7.41512622e-25 7.37807417e-25 7.34165371e-25 7.30584795e-25
 7.27064049e-25 7.23601537e-25 7.20195712e-25 7.16845069e-25
 7.13548146e-25 7.10303524e-25 7.07109823e-25 7.03965704e-25
 7.00869866e-25 6.97821047e-25 6.94818017e-25 6.91859587e-25
 6.88944600e-25 6.86071932e-25 6.83240492e-25 6.80449221e-25
 6.77697091e-25 6.74983105e-25 6.72306292e-25 6.69665713e-25
 6.67060453e-25 6.64489627e-25 6.61952374e-25 6.59447859e-25
 6.56975270e-25 6.54533821e-25 6.52122748e-25 6.49741309e-25
 6.47388785e-25 6.45064477e-25 6.42767707e-25 6.40497817e-25
 6.38254168e-25 6.36036141e-25 6.33843133e-25 6.31674561e-25
 6.29529857e-25 6.27408472e-25 6.25309871e-25 6.23233536e-25
 6.21178963e-25 6.19145665e-25 6.17133167e-25 6.15141009e-25
 6.13168744e-25 6.11215938e-25 6.09282171e-25 6.07367032e-25
 6.05470127e-25 6.03591068e-25 6.01729483e-25 5.99885008e-25
 5.98057289e-25 5.96245985e-25 5.94450764e-25 5.92671301e-25
 5.90907283e-25 5.89158406e-25 5.87424373e-25 5.85704897e-25
 5.83999699e-25 5.82308508e-25 5.80631060e-25 5.78967099e-25
 5.77316377e-25 5.75678650e-25 5.74053686e-25 5.72441255e-25
 5.70841135e-25 5.69253111e-25 5.67676974e-25 5.66112519e-25
 5.64559548e-25 5.63017869e-25 5.61487294e-25 5.59967642e-25
 5.58458735e-25 5.56960402e-25 5.55472473e-25 5.53994787e-25
 5.52527185e-25 5.51069513e-25 5.49621620e-25 5.48183361e-25
 5.46754592e-25 5.45335177e-25 5.43924980e-25 5.42523870e-25
 5.41131719e-25 5.39748403e-25 5.38373802e-25 5.37007796e-25
 5.35650271e-25 5.34301116e-25 5.32960220e-25 5.31627479e-25
 5.30302788e-25 5.28986046e-25 5.27677156e-25 5.26376021e-25
 5.25082547e-25 5.23796644e-25 5.22518222e-25 5.21247196e-25
 5.19983479e-25 5.18726991e-25 5.17477649e-25 5.16235376e-25
 5.15000095e-25 5.13771730e-25 5.12550210e-25 5.11335461e-25
 5.10127415e-25 5.08926004e-25 5.07731161e-25 5.06542820e-25
 5.05360919e-25 5.04185395e-25 5.03016188e-25 5.01853238e-25
 5.00696487e-25 4.99545879e-25 4.98401358e-25 4.97262869e-25
 4.96130360e-25 4.95003779e-25 4.93883075e-25 4.92768198e-25
 4.91659099e-25 4.90555731e-25 4.89458047e-25 4.88366001e-25
 4.87279548e-25 4.86198644e-25 4.85123247e-25 4.84053315e-25
 4.82988805e-25 4.81929677e-25 4.80875892e-25 4.79827411e-25
 4.78784195e-25 4.77746207e-25 4.76713411e-25 4.75685769e-25
 4.74663247e-25 4.73645809e-25 4.72633423e-25 4.71626053e-25
 4.70623668e-25 4.69626235e-25 4.68633722e-25 4.67646098e-25
 4.66663332e-25 4.65685394e-25 4.64712255e-25 4.63743885e-25
 4.62780256e-25 4.61821340e-25 4.60867108e-25 4.59917534e-25
 4.58972591e-25 4.58032252e-25 4.57096491e-25 4.56165284e-25
 4.55238604e-25 4.54316428e-25 4.53398730e-25 4.52485487e-25
 4.51576674e-25 4.50672270e-25 4.49772250e-25 4.48876592e-25
 4.47985275e-25 4.47098275e-25 4.46215571e-25 4.45337143e-25
 4.44462968e-25 4.43593027e-25 4.42727298e-25 4.41865762e-25
 4.41008399e-25 4.40155189e-25 4.39306112e-25 4.38461150e-25
 4.37620284e-25 4.36783496e-25 4.35950766e-25 4.35122077e-25
 4.34297411e-25 4.33476751e-25 4.32660078e-25 4.31847376e-25
 4.31038628e-25 4.30233817e-25 4.29432926e-25 4.28635940e-25
 4.27842841e-25 4.27053615e-25 4.26268245e-25 4.25486715e-25
 4.24709011e-25 4.23935118e-25 4.23165019e-25 4.22398701e-25
 4.21636149e-25 4.20877349e-25 4.20122285e-25 4.19370944e-25
 4.18623313e-25 4.17879377e-25 4.17139122e-25 4.16402536e-25
 4.15669605e-25 4.14940315e-25 4.14214654e-25 4.13492610e-25
 4.12774169e-25 4.12059318e-25 4.11348046e-25 4.10640341e-25
 4.09936190e-25 4.09235581e-25 4.08538502e-25 4.07844942e-25
 4.07154890e-25 4.06468334e-25 4.05785262e-25 4.05105664e-25
 4.04429529e-25 4.03756846e-25 4.03087605e-25 4.02421794e-25
 4.01759403e-25 4.01100423e-25 4.00444842e-25 3.99792652e-25
 3.99143841e-25 3.98498401e-25 3.97856322e-25 3.97217594e-25
 3.96582208e-25 3.95950154e-25 3.95321424e-25 3.94696009e-25
 3.94073900e-25 3.93455087e-25 3.92839563e-25 3.92227320e-25
 3.91618348e-25 3.91012639e-25 3.90410186e-25 3.89810980e-25
 3.89215015e-25 3.88622281e-25 3.88032772e-25 3.87446479e-25
 3.86863397e-25 3.86283517e-25 3.85706833e-25 3.85133337e-25
 3.84563024e-25 3.83995885e-25 3.83431916e-25 3.82871109e-25
 3.82313458e-25 3.81758956e-25 3.81207599e-25 3.80659381e-25
 3.80114294e-25 3.79572335e-25 3.79033497e-25 3.78497776e-25
 3.77965166e-25 3.77435661e-25 3.76909258e-25 3.76385952e-25
 3.75865737e-25 3.75348610e-25 3.74834566e-25 3.74323602e-25
 3.73815712e-25 3.73310894e-25 3.72809144e-25 3.72310458e-25
 3.71814833e-25 3.71322265e-25 3.70832752e-25 3.70346292e-25
 3.69862880e-25 3.69382515e-25 3.68905195e-25 3.68430917e-25
 3.67959680e-25 3.67491481e-25 3.67026320e-25 3.66564195e-25
 3.66105105e-25 3.65649050e-25 3.65196028e-25 3.64746039e-25
 3.64299084e-25 3.63855163e-25 3.63414276e-25 3.62976425e-25
 3.62541610e-25 3.62109834e-25 3.61681099e-25 3.61255407e-25
 3.60832762e-25 3.60413169e-25 3.59996631e-25 3.59583154e-25
 3.59172746e-25 3.58765414e-25 3.58361168e-25 3.57960019e-25
 3.57561980e-25 3.57167068e-25 3.56775303e-25 3.56386708e-25
 3.56001313e-25 3.55619157e-25 3.55240286e-25 3.54864760e-25
 3.54492661e-25 3.54124093e-25 3.53759202e-25 3.53398189e-25
 3.53041340e-25 3.52689079e-25 3.52342055e-25 3.52001301e-25
 3.51668552e-25 3.51346914e-25 3.51042422e-25 3.50768138e-25
 3.50556972e-25 3.50513436e-25 3.51135806e-25 3.58958178e-25
 3.82290299e-25 3.50792139e-25 3.48963713e-25 3.48276547e-25
 3.47819878e-25 3.47440434e-25 3.47095202e-25 3.46768363e-25
 3.46453016e-25 3.46145769e-25 3.45844804e-25 3.45549078e-25
 3.45257962e-25 3.44971061e-25 3.44688118e-25 3.44408961e-25
 3.44133476e-25 3.43861582e-25 3.43593225e-25 3.43328368e-25
 3.43066986e-25 3.42809065e-25 3.42554595e-25 3.42303571e-25
 3.42055995e-25 3.41811869e-25 3.41571199e-25 3.41333991e-25
 3.41100257e-25 3.40870005e-25 3.40643247e-25 3.40419997e-25
 3.40200267e-25 3.39984073e-25 3.39771428e-25 3.39562349e-25
 3.39356852e-25 3.39154954e-25 3.38956672e-25 3.38762025e-25
 3.38571030e-25 3.38383707e-25 3.38200075e-25 3.38020153e-25
 3.37843963e-25 3.37671525e-25 3.37502860e-25 3.37337990e-25
 3.37176936e-25 3.37019722e-25 3.36866371e-25 3.36716905e-25
 3.36571350e-25 3.36429728e-25 3.36292066e-25 3.36158388e-25
 3.36028719e-25 3.35903087e-25 3.35781518e-25 3.35664038e-25
 3.35550676e-25 3.35441459e-25 3.35336416e-25 3.35235576e-25
 3.35138969e-25 3.35046624e-25 3.34958572e-25 3.34874845e-25
 3.34795472e-25 3.34720488e-25 3.34649923e-25 3.34583812e-25
 3.34522188e-25 3.34465085e-25 3.34412538e-25 3.34364582e-25
 3.34321253e-25 3.34282589e-25 3.34248625e-25 3.34219400e-25
 3.34194953e-25 3.34175324e-25 3.34160551e-25 3.34150678e-25
 3.34145745e-25 3.34145798e-25 3.34150880e-25 3.34161042e-25
 3.34176332e-25 3.34196808e-25 3.34222531e-25 3.34253576e-25
 3.34290038e-25 3.34332050e-25 3.34379825e-25 3.34433763e-25
 3.34494758e-25 3.34565384e-25 3.34656326e-25 3.34864539e-25
 3.47123342e-25 3.34963553e-25 3.34975701e-25 3.35056797e-25
 3.35154013e-25 3.35260202e-25 3.35373579e-25 3.35493556e-25
 3.35619919e-25 3.35752595e-25 3.35891572e-25 3.36036871e-25
 3.36188526e-25 3.36346582e-25 3.36511090e-25 3.36682103e-25
 3.36859679e-25 3.37043876e-25 3.37234757e-25 3.37432381e-25
 3.37636814e-25 3.37848119e-25 3.38066361e-25 3.38291608e-25
 3.38523925e-25 3.38763382e-25 3.39010048e-25 3.39263991e-25
 3.39525284e-25 3.39793998e-25 3.40070205e-25 3.40353979e-25
 3.40645395e-25 3.40944526e-25 3.41251450e-25 3.41566243e-25
 3.41888984e-25 3.42219750e-25 3.42558622e-25 3.42905681e-25
 3.43261007e-25 3.43624683e-25 3.43996794e-25 3.44377422e-25
 3.44766655e-25 3.45164577e-25 3.45571278e-25 3.45986847e-25
 3.46411374e-25 3.46844951e-25 3.47287675e-25 3.47739645e-25
 3.48200968e-25 3.48671764e-25 3.49152189e-25 3.49642493e-25
 3.50143285e-25 3.50657289e-25 3.51230518e-25 3.51774053e-25
 3.52244519e-25 3.52788983e-25 3.53347378e-25 3.53916963e-25
 3.54497324e-25 3.55088415e-25 3.55690286e-25 3.56303021e-25
 3.56926715e-25 3.57561474e-25 3.58207406e-25 3.58864620e-25
 3.59533230e-25 3.60213350e-25 3.60905095e-25 3.61608584e-25
 3.62323935e-25 3.63051267e-25 3.63790702e-25 3.64542362e-25
 3.65306371e-25 3.66082854e-25 3.66871936e-25 3.67673747e-25
 3.68488414e-25 3.69316068e-25 3.70156840e-25 3.71010863e-25
 3.71878272e-25 3.72759202e-25 3.73653790e-25 3.74562176e-25
 3.75484500e-25 3.76420906e-25 3.77371539e-25 3.78336552e-25
 3.79316109e-25 3.80310409e-25 3.81319801e-25 3.82345838e-25
 3.83602431e-25 3.84440737e-25 3.85506634e-25 3.86591266e-25
 3.87692014e-25 3.88808751e-25 3.89941571e-25 3.91090615e-25
 3.92256038e-25 3.93438055e-25 3.94636669e-25 3.95852212e-25
 3.97084799e-25 3.98334602e-25 3.99601797e-25 4.00886558e-25
 4.02189064e-25 4.03509495e-25 4.04848032e-25 4.06204861e-25
 4.07580166e-25 4.08974136e-25 4.10386961e-25 4.11818832e-25
 4.13269944e-25 4.14740494e-25 4.16230681e-25 4.17740707e-25
 4.19270780e-25 4.20821115e-25 4.22391961e-25 4.23983752e-25
 4.25602608e-25 4.27231679e-25 4.28883825e-25 4.30559752e-25
 4.32257601e-25 4.33977457e-25 4.35719521e-25 4.37484014e-25
 4.39271163e-25 4.41081202e-25 4.42914369e-25 4.44770902e-25
 4.46651044e-25 4.48555042e-25 4.50483144e-25 4.52435602e-25
 4.54412671e-25 4.56414609e-25 4.58441677e-25 4.60494139e-25
 4.62572264e-25 4.64676323e-25 4.66806591e-25 4.68963350e-25
 4.71146889e-25 4.73357533e-25 4.75596018e-25 4.77867262e-25
 4.80154520e-25 4.82476038e-25 4.84826216e-25 4.87205254e-25
 4.89613449e-25 4.92051110e-25 4.94518556e-25 4.97016110e-25
 4.99544101e-25 5.02102859e-25 5.04692723e-25 5.07314034e-25
 5.09967137e-25 5.12652384e-25 5.15370130e-25 5.18120736e-25
 5.20904568e-25 5.23721998e-25 5.26573402e-25 5.29459174e-25
 5.32379777e-25 5.35446318e-25 5.38326535e-25 5.41353478e-25
 5.44416864e-25 5.47517017e-25 5.50654345e-25 5.53829272e-25
 5.57042230e-25 5.60293657e-25 5.63583997e-25 5.66913702e-25
 5.70283229e-25 5.73693043e-25 5.77143616e-25 5.80635425e-25
 5.84168956e-25 5.87744702e-25 5.91363167e-25 5.95024875e-25
 5.98730912e-25 6.02480077e-25 6.06274398e-25 6.10114170e-25
 6.13999825e-25 6.17931911e-25 6.21910988e-25 6.25937628e-25
 6.30012410e-25 6.34135924e-25 6.38308768e-25 6.42531549e-25
 6.46804883e-25 6.51129398e-25 6.55505729e-25 6.59934522e-25
 6.64416443e-25 6.68952405e-25 6.73542343e-25 6.78187560e-25
 6.82888686e-25 6.87646368e-25 6.92461321e-25 6.97334275e-25
 7.02265972e-25 7.07257164e-25 7.12308619e-25 7.17421112e-25
 7.22595436e-25 7.27832391e-25 7.33132795e-25 7.38497478e-25
 7.43927324e-25 7.49423139e-25 7.54985640e-25 7.60615961e-25
 7.66314904e-25 7.72083378e-25 7.77922306e-25 7.83832628e-25
 7.89815300e-25 7.95871292e-25 8.02001591e-25 8.08207200e-25
 8.14489135e-25 8.20848437e-25 8.27286232e-25 8.33803357e-25
 8.40401095e-25 8.47080525e-25 8.53842750e-25 8.60688908e-25
 8.67620157e-25 8.74637675e-25 8.81742659e-25 8.88936324e-25
 8.96219906e-25 9.03594663e-25 9.11061875e-25 9.18624060e-25
 9.26278846e-25 9.34031271e-25 9.41881470e-25 9.49830825e-25
 9.57880746e-25 9.66032662e-25 9.74288030e-25 9.82648328e-25
 9.91115061e-25 9.99689758e-25 1.00837399e-24 1.01716929e-24
 1.02607729e-24 1.03509964e-24 1.04423799e-24 1.05349402e-24
 1.06286946e-24 1.07236604e-24 1.08198554e-24 1.09172977e-24
 1.10160056e-24 1.11159984e-24 1.12172931e-24 1.13199109e-24
 1.14238708e-24 1.15291928e-24 1.16358972e-24 1.17440045e-24
 1.18535358e-24 1.19645124e-24 1.20769559e-24 1.21908893e-24
 1.23063326e-24 1.24233109e-24 1.25418468e-24 1.26619638e-24
 1.27836859e-24 1.29070376e-24 1.30320438e-24 1.31587296e-24
 1.32871210e-24 1.34172438e-24 1.35491247e-24 1.36827909e-24
 1.38182699e-24 1.39555897e-24 1.40947787e-24 1.42358660e-24
 1.43788811e-24 1.45238540e-24 1.46708149e-24 1.48197953e-24
 1.49708267e-24 1.51239410e-24 1.52791712e-24 1.54365504e-24
 1.55961125e-24 1.57578920e-24 1.59219238e-24 1.60882436e-24
 1.62568876e-24 1.64278929e-24 1.66012968e-24 1.67771375e-24
 1.69554539e-24 1.71362856e-24 1.73196724e-24 1.75056555e-24
 1.76942763e-24 1.78855770e-24 1.80796007e-24 1.82763908e-24
 1.84759919e-24 1.86784490e-24 1.88838079e-24 1.90921153e-24
 1.93034183e-24 1.95177650e-24 1.97352042e-24 1.99557853e-24
 2.01795586e-24 2.04065749e-24 2.06368860e-24 2.08705441e-24
 2.11076023e-24 2.13481141e-24 2.15921339e-24 2.18397166e-24
 2.20909176e-24 2.23457928e-24 2.26043987e-24 2.28667922e-24
 2.31330303e-24 2.34031707e-24 2.36772708e-24 2.39553884e-24
 2.42375811e-24 2.45239065e-24 2.48144216e-24 2.51091842e-24
 2.54082468e-24 2.57116678e-24 2.60194998e-24 2.63317952e-24
 2.66486044e-24 2.69699757e-24 2.72959546e-24 2.76265838e-24
 2.79619021e-24 2.83019442e-24 2.86467396e-24 2.89963122e-24
 2.93506792e-24 2.97098498e-24 3.00738248e-24 3.04425945e-24]), minimum_frequency=5.0, maximum_frequency=2048.0, length=20.0, latitude=29.0, longitude=-94.0, elevation=0.0, xarm_azimuth=200.0, yarm_azimuth=290.0, xarm_tilt=0.0, yarm_tilt=0.0).
18955it [00:00, ?it/s]18955it [00:27, ?it/s, bound:4240 nc:1565 ncall:1.7e+07 eff:0.1% logz-ratio=1189659.92+/-0.18 dlogz:233.729>0.01]18959it [00:53,  6.49s/it, bound:4241 nc:1493 ncall:1.7e+07 eff:0.1% logz-ratio=1189660.32+/-0.12 dlogz:233.299>0.01]18963it [01:17,  6.21s/it, bound:4242 nc:1686 ncall:1.7e+07 eff:0.1% logz-ratio=1189660.79+/-0.16 dlogz:232.887>0.01]18967it [01:42,  6.18s/it, bound:4243 nc:1717 ncall:1.7e+07 eff:0.1% logz-ratio=1189661.57+/-0.21 dlogz:232.130>0.01]18971it [02:09,  6.44s/it, bound:4244 nc:1389 ncall:1.7e+07 eff:0.1% logz-ratio=1189662.39+/-0.21 dlogz:231.288>0.01]18975it [02:31,  6.11s/it, bound:4245 nc:1403 ncall:1.7e+07 eff:0.1% logz-ratio=1189663.07+/-0.12 dlogz:230.594>0.01]18979it [02:56,  6.11s/it, bound:4246 nc:1173 ncall:1.7e+07 eff:0.1% logz-ratio=1189663.59+/-0.09 dlogz:230.004>0.01]18983it [03:23,  6.33s/it, bound:4247 nc:1919 ncall:1.7e+07 eff:0.1% logz-ratio=1189663.99+/-0.09 dlogz:229.588>0.01]18987it [03:50,  6.44s/it, bound:4248 nc:1668 ncall:1.7e+07 eff:0.1% logz-ratio=1189664.38+/-0.12 dlogz:229.173>0.01]18991it [04:19,  6.71s/it, bound:4249 nc:1653 ncall:1.7e+07 eff:0.1% logz-ratio=1189664.71+/-0.13 dlogz:228.828>0.01]18995it [04:47,  6.79s/it, bound:4250 nc:1965 ncall:1.7e+07 eff:0.1% logz-ratio=1189665.02+/-0.08 dlogz:228.512>0.01]18999it [05:15,  6.86s/it, bound:4251 nc:1978 ncall:1.7e+07 eff:0.1% logz-ratio=1189665.48+/-0.13 dlogz:228.074>0.01]19003it [05:42,  6.81s/it, bound:4252 nc:1844 ncall:1.7e+07 eff:0.1% logz-ratio=1189665.88+/-0.14 dlogz:227.649>0.01]19004it [05:48,  6.73s/it, bound:4252 nc:1889 ncall:1.7e+07 eff:0.1% logz-ratio=1189665.98+/-0.09 dlogz:227.555>0.01]19007it [06:18,  7.73s/it, bound:4253 nc:1938 ncall:1.7e+07 eff:0.1% logz-ratio=1189666.29+/-0.09 dlogz:227.239>0.01]19011it [06:47,  7.59s/it, bound:4254 nc:1668 ncall:1.7e+07 eff:0.1% logz-ratio=1189666.67+/-0.12 dlogz:226.848>0.01]19015it [07:15,  7.33s/it, bound:4255 nc:1773 ncall:1.7e+07 eff:0.1% logz-ratio=1189667.09+/-0.15 dlogz:226.432>0.01]19019it [07:39,  6.96s/it, bound:4256 nc:1412 ncall:1.7e+07 eff:0.1% logz-ratio=1189667.72+/-0.11 dlogz:225.855>0.01]19023it [08:03,  6.64s/it, bound:4257 nc:1600 ncall:1.7e+07 eff:0.1% logz-ratio=1189668.34+/-0.15 dlogz:225.205>0.01]19027it [08:25,  6.31s/it, bound:4258 nc:1466 ncall:1.7e+07 eff:0.1% logz-ratio=1189668.93+/-0.17 dlogz:224.596>0.01]19031it [08:47,  6.06s/it, bound:4259 nc:1322 ncall:1.7e+07 eff:0.1% logz-ratio=1189669.44+/-0.16 dlogz:224.064>0.01]19035it [09:12,  6.05s/it, bound:4260 nc:1630 ncall:1.7e+07 eff:0.1% logz-ratio=1189669.89+/-0.15 dlogz:223.586>0.01]19039it [09:37,  6.15s/it, bound:4261 nc:1395 ncall:1.7e+07 eff:0.1% logz-ratio=1189670.35+/-0.15 dlogz:223.119>0.01]19043it [10:00,  6.02s/it, bound:4262 nc:1559 ncall:1.7e+07 eff:0.1% logz-ratio=1189670.92+/-0.17 dlogz:222.571>0.01]19047it [10:21,  5.82s/it, bound:4263 nc:1511 ncall:1.7e+07 eff:0.1% logz-ratio=1189671.60+/-0.19 dlogz:221.940>0.01]19051it [10:45,  5.84s/it, bound:4264 nc:1658 ncall:1.7e+07 eff:0.1% logz-ratio=1189672.21+/-0.17 dlogz:221.256>0.01]19055it [11:09,  5.91s/it, bound:4265 nc:1744 ncall:1.8e+07 eff:0.1% logz-ratio=1189672.68+/-0.16 dlogz:220.770>0.01]19059it [11:35,  6.10s/it, bound:4266 nc:1657 ncall:1.8e+07 eff:0.1% logz-ratio=1189673.21+/-0.18 dlogz:220.245>0.01]19063it [12:02,  6.26s/it, bound:4267 nc:1877 ncall:1.8e+07 eff:0.1% logz-ratio=1189673.69+/-0.09 dlogz:219.735>0.01]19067it [12:30,  6.47s/it, bound:4268 nc:1544 ncall:1.8e+07 eff:0.1% logz-ratio=1189674.10+/-0.12 dlogz:219.315>0.01]19071it [12:56,  6.53s/it, bound:4269 nc:1913 ncall:1.8e+07 eff:0.1% logz-ratio=1189674.72+/-0.18 dlogz:218.755>0.01]19075it [13:21,  6.42s/it, bound:4270 nc:1588 ncall:1.8e+07 eff:0.1% logz-ratio=1189675.44+/-0.21 dlogz:218.031>0.01]19079it [13:44,  6.24s/it, bound:4271 nc:1633 ncall:1.8e+07 eff:0.1% logz-ratio=1189676.10+/-0.20 dlogz:217.333>0.01]19083it [14:11,  6.33s/it, bound:4272 nc:1760 ncall:1.8e+07 eff:0.1% logz-ratio=1189676.57+/-0.18 dlogz:216.812>0.01]19086it [14:38,  6.99s/it, bound:4273 nc:1847 ncall:1.8e+07 eff:0.1% logz-ratio=1189676.86+/-0.09 dlogz:216.505>0.01]19090it [15:00,  6.51s/it, bound:4274 nc:1532 ncall:1.8e+07 eff:0.1% logz-ratio=1189677.24+/-0.12 dlogz:216.128>0.01]19094it [15:24,  6.40s/it, bound:4275 nc:1732 ncall:1.8e+07 eff:0.1% logz-ratio=1189677.75+/-0.15 dlogz:215.663>0.01]19098it [15:48,  6.25s/it, bound:4276 nc:1675 ncall:1.8e+07 eff:0.1% logz-ratio=1189678.39+/-0.15 dlogz:215.024>0.01]19101it [16:01,  5.79s/it, bound:4277 nc:1272 ncall:1.8e+07 eff:0.1% logz-ratio=1189678.81+/-0.10 dlogz:214.558>0.01]19102it [16:25,  7.67s/it, bound:4277 nc:1297 ncall:1.8e+07 eff:0.1% logz-ratio=1189678.93+/-0.13 dlogz:214.427>0.01]19106it [16:49,  7.04s/it, bound:4278 nc:1221 ncall:1.8e+07 eff:0.1% logz-ratio=1189679.34+/-0.12 dlogz:213.984>0.01]19110it [17:13,  6.69s/it, bound:4279 nc:1437 ncall:1.8e+07 eff:0.1% logz-ratio=1189679.74+/-0.12 dlogz:213.579>0.01]19114it [17:34,  6.22s/it, bound:4280 nc:1532 ncall:1.8e+07 eff:0.1% logz-ratio=1189680.10+/-0.12 dlogz:213.201>0.01]19118it [17:55,  5.92s/it, bound:4281 nc:1191 ncall:1.8e+07 eff:0.1% logz-ratio=1189680.50+/-0.13 dlogz:212.808>0.01]19122it [18:18,  5.88s/it, bound:4282 nc:1269 ncall:1.8e+07 eff:0.1% logz-ratio=1189680.87+/-0.11 dlogz:212.407>0.01]19126it [18:41,  5.82s/it, bound:4283 nc:1268 ncall:1.8e+07 eff:0.1% logz-ratio=1189681.27+/-0.13 dlogz:212.041>0.01]19130it [19:06,  5.96s/it, bound:4284 nc:1227 ncall:1.8e+07 eff:0.1% logz-ratio=1189681.69+/-0.12 dlogz:211.585>0.01]19134it [19:27,  5.71s/it, bound:4285 nc:1337 ncall:1.8e+07 eff:0.1% logz-ratio=1189682.09+/-0.12 dlogz:211.183>0.01]19138it [19:48,  5.56s/it, bound:4286 nc:1181 ncall:1.8e+07 eff:0.1% logz-ratio=1189682.45+/-0.12 dlogz:210.802>0.01]19142it [20:11,  5.63s/it, bound:4287 nc:1498 ncall:1.8e+07 eff:0.1% logz-ratio=1189682.83+/-0.12 dlogz:210.421>0.01]19146it [20:33,  5.58s/it, bound:4288 nc:1568 ncall:1.8e+07 eff:0.1% logz-ratio=1189683.25+/-0.13 dlogz:210.020>0.01]19150it [20:54,  5.54s/it, bound:4289 nc:1539 ncall:1.8e+07 eff:0.1% logz-ratio=1189683.68+/-0.12 dlogz:209.563>0.01]19154it [21:16,  5.47s/it, bound:4290 nc:1380 ncall:1.8e+07 eff:0.1% logz-ratio=1189684.14+/-0.14 dlogz:209.130>0.01]19158it [21:36,  5.35s/it, bound:4291 nc:1223 ncall:1.8e+07 eff:0.1% logz-ratio=1189684.66+/-0.14 dlogz:208.596>0.01]19162it [21:55,  5.17s/it, bound:4292 nc:1170 ncall:1.8e+07 eff:0.1% logz-ratio=1189685.20+/-0.14 dlogz:208.054>0.01]19166it [22:15,  5.13s/it, bound:4293 nc:1263 ncall:1.8e+07 eff:0.1% logz-ratio=1189685.74+/-0.14 dlogz:207.497>0.01]19170it [22:33,  4.98s/it, bound:4294 nc:1300 ncall:1.8e+07 eff:0.1% logz-ratio=1189686.31+/-0.14 dlogz:206.931>0.01]19173it [22:52,  5.30s/it, bound:4295 nc:1324 ncall:1.8e+07 eff:0.1% logz-ratio=1189686.73+/-0.14 dlogz:206.492>0.01]19177it [23:12,  5.14s/it, bound:4296 nc:855 ncall:1.8e+07 eff:0.1% logz-ratio=1189687.14+/-0.12 dlogz:206.042>0.01] 19181it [23:31,  5.09s/it, bound:4297 nc:1179 ncall:1.8e+07 eff:0.1% logz-ratio=1189687.65+/-0.14 dlogz:205.568>0.01]19185it [23:51,  5.01s/it, bound:4298 nc:1377 ncall:1.8e+07 eff:0.1% logz-ratio=1189688.23+/-0.14 dlogz:204.981>0.01]19189it [24:08,  4.81s/it, bound:4299 nc:1116 ncall:1.8e+07 eff:0.1% logz-ratio=1189688.73+/-0.13 dlogz:204.455>0.01]19193it [24:28,  4.85s/it, bound:4300 nc:1420 ncall:1.8e+07 eff:0.1% logz-ratio=1189689.19+/-0.13 dlogz:203.981>0.01]19197it [24:47,  4.81s/it, bound:4301 nc:1168 ncall:1.8e+07 eff:0.1% logz-ratio=1189689.64+/-0.13 dlogz:203.523>0.01]19201it [25:05,  4.73s/it, bound:4302 nc:1286 ncall:1.8e+07 eff:0.1% logz-ratio=1189690.05+/-0.13 dlogz:203.095>0.01]19205it [25:23,  4.67s/it, bound:4303 nc:1284 ncall:1.8e+07 eff:0.1% logz-ratio=1189690.41+/-0.11 dlogz:202.702>0.01]19209it [25:41,  4.58s/it, bound:4304 nc:1222 ncall:1.8e+07 eff:0.1% logz-ratio=1189690.81+/-0.12 dlogz:202.318>0.01]19213it [26:01,  4.73s/it, bound:4305 nc:1195 ncall:1.8e+07 eff:0.1% logz-ratio=1189691.25+/-0.09 dlogz:201.877>0.01]19217it [26:33,  5.75s/it, bound:4306 nc:1366 ncall:1.8e+07 eff:0.1% logz-ratio=1189691.70+/-0.09 dlogz:201.414>0.01]19221it [26:50,  5.30s/it, bound:4307 nc:814 ncall:1.8e+07 eff:0.1% logz-ratio=1189692.15+/-0.09 dlogz:200.968>0.01] 19225it [27:08,  5.06s/it, bound:4308 nc:1283 ncall:1.8e+07 eff:0.1% logz-ratio=1189692.64+/-0.19 dlogz:200.468>0.01]19229it [27:28,  5.02s/it, bound:4309 nc:1278 ncall:1.8e+07 eff:0.1% logz-ratio=1189693.08+/-0.17 dlogz:200.005>0.01]19233it [27:49,  5.11s/it, bound:4310 nc:1276 ncall:1.8e+07 eff:0.1% logz-ratio=1189693.53+/-0.15 dlogz:199.561>0.01]19237it [28:08,  4.95s/it, bound:4311 nc:1224 ncall:1.8e+07 eff:0.1% logz-ratio=1189694.05+/-0.16 dlogz:199.032>0.01]19241it [28:26,  4.85s/it, bound:4312 nc:1149 ncall:1.8e+07 eff:0.1% logz-ratio=1189694.45+/-0.12 dlogz:198.608>0.01]19245it [28:45,  4.78s/it, bound:4313 nc:1152 ncall:1.8e+07 eff:0.1% logz-ratio=1189694.79+/-0.11 dlogz:198.246>0.01]19249it [29:02,  4.64s/it, bound:4314 nc:1219 ncall:1.8e+07 eff:0.1% logz-ratio=1189695.10+/-0.11 dlogz:197.920>0.01]19253it [29:21,  4.69s/it, bound:4315 nc:1376 ncall:1.8e+07 eff:0.1% logz-ratio=1189695.39+/-0.07 dlogz:197.619>0.01]19257it [29:40,  4.72s/it, bound:4316 nc:1280 ncall:1.8e+07 eff:0.1% logz-ratio=1189695.69+/-0.08 dlogz:197.314>0.01]19261it [30:00,  4.79s/it, bound:4317 nc:1094 ncall:1.8e+07 eff:0.1% logz-ratio=1189696.02+/-0.08 dlogz:196.988>0.01]19265it [30:23,  5.08s/it, bound:4318 nc:1218 ncall:1.8e+07 eff:0.1% logz-ratio=1189696.33+/-0.08 dlogz:196.654>0.01]19268it [31:13,  7.93s/it, bound:4319 nc:3067 ncall:1.8e+07 eff:0.1% logz-ratio=1189696.54+/-0.08 dlogz:196.440>0.01]19272it [32:02,  9.24s/it, bound:4320 nc:3229 ncall:1.8e+07 eff:0.1% logz-ratio=1189696.88+/-0.08 dlogz:196.099>0.01]19276it [32:44,  9.69s/it, bound:4321 nc:3013 ncall:1.8e+07 eff:0.1% logz-ratio=1189697.18+/-0.08 dlogz:195.777>0.01]19280it [33:29, 10.17s/it, bound:4322 nc:3171 ncall:1.8e+07 eff:0.1% logz-ratio=1189697.47+/-0.07 dlogz:195.485>0.01]19284it [34:12, 10.27s/it, bound:4323 nc:2773 ncall:1.8e+07 eff:0.1% logz-ratio=1189697.73+/-0.07 dlogz:195.209>0.01]19288it [34:59, 10.77s/it, bound:4324 nc:3384 ncall:1.8e+07 eff:0.1% logz-ratio=1189698.07+/-0.08 dlogz:194.887>0.01]19292it [35:40, 10.59s/it, bound:4325 nc:2856 ncall:1.8e+07 eff:0.1% logz-ratio=1189698.39+/-0.08 dlogz:194.556>0.01]19296it [36:20, 10.43s/it, bound:4326 nc:2859 ncall:1.8e+07 eff:0.1% logz-ratio=1189698.77+/-0.08 dlogz:194.173>0.01]19298it [36:33,  9.73s/it, bound:4326 nc:1911 ncall:1.8e+07 eff:0.1% logz-ratio=1189698.94+/-0.08 dlogz:193.990>0.01]19300it [37:12, 11.71s/it, bound:4327 nc:2396 ncall:1.8e+07 eff:0.1% logz-ratio=1189699.11+/-0.14 dlogz:193.817>0.01]19304it [37:47, 10.63s/it, bound:4328 nc:2483 ncall:1.8e+07 eff:0.1% logz-ratio=1189699.43+/-0.11 dlogz:193.480>0.01]19308it [38:22, 10.00s/it, bound:4329 nc:2206 ncall:1.8e+07 eff:0.1% logz-ratio=1189699.75+/-0.08 dlogz:193.153>0.01]19312it [38:57,  9.58s/it, bound:4330 nc:2274 ncall:1.8e+07 eff:0.1% logz-ratio=1189700.12+/-0.12 dlogz:192.796>0.01]19316it [39:30,  9.15s/it, bound:4331 nc:2118 ncall:1.8e+07 eff:0.1% logz-ratio=1189700.50+/-0.14 dlogz:192.392>0.01]19320it [40:02,  8.81s/it, bound:4332 nc:1888 ncall:1.8e+07 eff:0.1% logz-ratio=1189700.80+/-0.08 dlogz:192.072>0.01]19324it [40:39,  8.92s/it, bound:4333 nc:2496 ncall:1.8e+07 eff:0.1% logz-ratio=1189701.05+/-0.10 dlogz:191.799>0.01]19328it [41:11,  8.61s/it, bound:4334 nc:2283 ncall:1.8e+07 eff:0.1% logz-ratio=1189701.34+/-0.11 dlogz:191.521>0.01]19332it [41:44,  8.52s/it, bound:4335 nc:1876 ncall:1.8e+07 eff:0.1% logz-ratio=1189701.72+/-0.15 dlogz:191.164>0.01]19336it [42:13,  8.13s/it, bound:4336 nc:1746 ncall:1.8e+07 eff:0.1% logz-ratio=1189702.16+/-0.10 dlogz:190.729>0.01]19340it [42:45,  8.07s/it, bound:4337 nc:1591 ncall:1.8e+07 eff:0.1% logz-ratio=1189702.70+/-0.15 dlogz:190.221>0.01]19344it [43:13,  7.78s/it, bound:4338 nc:2005 ncall:1.8e+07 eff:0.1% logz-ratio=1189703.29+/-0.17 dlogz:189.593>0.01]19348it [43:44,  7.73s/it, bound:4339 nc:1873 ncall:1.8e+07 eff:0.1% logz-ratio=1189703.70+/-0.09 dlogz:189.149>0.01]19352it [44:11,  7.50s/it, bound:4340 nc:1692 ncall:1.8e+07 eff:0.1% logz-ratio=1189704.07+/-0.11 dlogz:188.750>0.01]19356it [44:37,  7.15s/it, bound:4341 nc:1769 ncall:1.8e+07 eff:0.1% logz-ratio=1189704.43+/-0.14 dlogz:188.391>0.01]19360it [45:04,  7.09s/it, bound:4342 nc:1990 ncall:1.8e+07 eff:0.1% logz-ratio=1189704.79+/-0.08 dlogz:188.013>0.01]19364it [45:32,  7.01s/it, bound:4343 nc:1835 ncall:1.8e+07 eff:0.1% logz-ratio=1189705.12+/-0.11 dlogz:187.682>0.01]19368it [45:59,  6.96s/it, bound:4344 nc:1739 ncall:1.8e+07 eff:0.1% logz-ratio=1189705.46+/-0.14 dlogz:187.333>0.01]19372it [46:26,  6.92s/it, bound:4345 nc:1672 ncall:1.8e+07 eff:0.1% logz-ratio=1189705.85+/-0.09 dlogz:186.959>0.01]19375it [46:37,  6.06s/it, bound:4346 nc:1928 ncall:1.8e+07 eff:0.1% logz-ratio=1189706.16+/-0.09 dlogz:186.632>0.01]19376it [47:04,  8.25s/it, bound:4346 nc:1955 ncall:1.8e+07 eff:0.1% logz-ratio=1189706.25+/-0.12 dlogz:186.534>0.01]19380it [47:27,  7.37s/it, bound:4347 nc:1316 ncall:1.8e+07 eff:0.1% logz-ratio=1189706.56+/-0.13 dlogz:186.198>0.01]19384it [47:52,  6.91s/it, bound:4348 nc:1630 ncall:1.8e+07 eff:0.1% logz-ratio=1189706.87+/-0.13 dlogz:185.879>0.01]19388it [48:19,  6.89s/it, bound:4349 nc:1372 ncall:1.8e+07 eff:0.1% logz-ratio=1189707.21+/-0.15 dlogz:185.541>0.01]19392it [48:45,  6.75s/it, bound:4350 nc:1806 ncall:1.8e+07 eff:0.1% logz-ratio=1189707.56+/-0.08 dlogz:185.181>0.01]19396it [49:12,  6.79s/it, bound:4351 nc:1964 ncall:1.8e+07 eff:0.1% logz-ratio=1189708.04+/-0.13 dlogz:184.720>0.01]19400it [49:38,  6.68s/it, bound:4352 nc:1535 ncall:1.8e+07 eff:0.1% logz-ratio=1189708.54+/-0.16 dlogz:184.228>0.01]19404it [50:01,  6.37s/it, bound:4353 nc:1419 ncall:1.8e+07 eff:0.1% logz-ratio=1189708.97+/-0.09 dlogz:183.763>0.01]19408it [50:25,  6.24s/it, bound:4354 nc:1224 ncall:1.8e+07 eff:0.1% logz-ratio=1189709.37+/-0.09 dlogz:183.353>0.01]19412it [50:49,  6.21s/it, bound:4355 nc:1310 ncall:1.8e+07 eff:0.1% logz-ratio=1189709.73+/-0.08 dlogz:182.973>0.01]19416it [51:14,  6.23s/it, bound:4356 nc:1700 ncall:1.8e+07 eff:0.1% logz-ratio=1189710.05+/-0.11 dlogz:182.647>0.01]19420it [51:38,  6.16s/it, bound:4357 nc:1702 ncall:1.8e+07 eff:0.1% logz-ratio=1189710.41+/-0.12 dlogz:182.279>0.01]19424it [52:04,  6.26s/it, bound:4358 nc:1551 ncall:1.8e+07 eff:0.1% logz-ratio=1189710.73+/-0.13 dlogz:181.938>0.01]19428it [52:29,  6.26s/it, bound:4359 nc:1789 ncall:1.8e+07 eff:0.1% logz-ratio=1189711.10+/-0.09 dlogz:181.591>0.01]19432it [52:52,  6.12s/it, bound:4360 nc:1494 ncall:1.8e+07 eff:0.1% logz-ratio=1189711.59+/-0.13 dlogz:181.104>0.01]19436it [53:16,  6.03s/it, bound:4361 nc:1432 ncall:1.8e+07 eff:0.1% logz-ratio=1189712.02+/-0.13 dlogz:180.653>0.01]19440it [53:37,  5.83s/it, bound:4362 nc:1296 ncall:1.8e+07 eff:0.1% logz-ratio=1189712.41+/-0.12 dlogz:180.247>0.01]19444it [54:00,  5.78s/it, bound:4363 nc:1545 ncall:1.8e+07 eff:0.1% logz-ratio=1189712.75+/-0.11 dlogz:179.885>0.01]19448it [54:22,  5.70s/it, bound:4364 nc:1521 ncall:1.8e+07 eff:0.1% logz-ratio=1189713.10+/-0.12 dlogz:179.542>0.01]19452it [54:47,  5.90s/it, bound:4365 nc:1649 ncall:1.8e+07 eff:0.1% logz-ratio=1189713.42+/-0.11 dlogz:179.194>0.01]19456it [55:11,  5.90s/it, bound:4366 nc:1376 ncall:1.8e+07 eff:0.1% logz-ratio=1189713.79+/-0.12 dlogz:178.830>0.01]19460it [55:33,  5.82s/it, bound:4367 nc:1463 ncall:1.8e+07 eff:0.1% logz-ratio=1189714.10+/-0.13 dlogz:178.492>0.01]19464it [55:53,  5.56s/it, bound:4368 nc:1259 ncall:1.8e+07 eff:0.1% logz-ratio=1189714.41+/-0.13 dlogz:178.187>0.01]19468it [56:18,  5.72s/it, bound:4369 nc:1508 ncall:1.8e+07 eff:0.1% logz-ratio=1189714.73+/-0.13 dlogz:177.860>0.01]19472it [56:45,  6.07s/it, bound:4370 nc:1681 ncall:1.8e+07 eff:0.1% logz-ratio=1189715.03+/-0.13 dlogz:177.549>0.01]19473it [56:55,  6.46s/it, bound:4370 nc:1934 ncall:1.8e+07 eff:0.1% logz-ratio=1189715.11+/-0.08 dlogz:177.466>0.01]19476it [57:23,  7.31s/it, bound:4371 nc:1712 ncall:1.8e+07 eff:0.1% logz-ratio=1189715.35+/-0.08 dlogz:177.218>0.01]19480it [57:49,  6.94s/it, bound:4372 nc:1649 ncall:1.8e+07 eff:0.1% logz-ratio=1189715.66+/-0.11 dlogz:176.893>0.01]19484it [58:13,  6.70s/it, bound:4373 nc:1631 ncall:1.8e+07 eff:0.1% logz-ratio=1189715.96+/-0.13 dlogz:176.593>0.01]19488it [58:36,  6.36s/it, bound:4374 nc:1467 ncall:1.8e+07 eff:0.1% logz-ratio=1189716.35+/-0.09 dlogz:176.215>0.01]19492it [59:00,  6.22s/it, bound:4375 nc:1346 ncall:1.8e+07 eff:0.1% logz-ratio=1189716.71+/-0.09 dlogz:175.835>0.01]19496it [59:23,  6.07s/it, bound:4376 nc:1589 ncall:1.8e+07 eff:0.1% logz-ratio=1189717.08+/-0.08 dlogz:175.462>0.01]19500it [59:48,  6.19s/it, bound:4377 nc:1495 ncall:1.8e+07 eff:0.1% logz-ratio=1189717.41+/-0.08 dlogz:175.115>0.01]19504it [1:00:13,  6.17s/it, bound:4378 nc:1632 ncall:1.8e+07 eff:0.1% logz-ratio=1189717.74+/-0.11 dlogz:174.772>0.01]19508it [1:00:37,  6.13s/it, bound:4379 nc:1728 ncall:1.8e+07 eff:0.1% logz-ratio=1189718.11+/-0.12 dlogz:174.410>0.01]19512it [1:01:01,  6.08s/it, bound:4380 nc:1703 ncall:1.8e+07 eff:0.1% logz-ratio=1189718.49+/-0.14 dlogz:174.026>0.01]19516it [1:01:24,  5.99s/it, bound:4381 nc:1638 ncall:1.8e+07 eff:0.1% logz-ratio=1189718.85+/-0.14 dlogz:173.643>0.01]19520it [1:01:47,  5.87s/it, bound:4382 nc:1322 ncall:1.8e+07 eff:0.1% logz-ratio=1189719.14+/-0.13 dlogz:173.330>0.01]19524it [1:02:07,  5.63s/it, bound:4383 nc:1433 ncall:1.8e+07 eff:0.1% logz-ratio=1189719.44+/-0.13 dlogz:173.031>0.01]19528it [1:02:28,  5.51s/it, bound:4384 nc:1092 ncall:1.8e+07 eff:0.1% logz-ratio=1189719.75+/-0.13 dlogz:172.710>0.01]19532it [1:02:46,  5.26s/it, bound:4385 nc:1324 ncall:1.8e+07 eff:0.1% logz-ratio=1189720.03+/-0.12 dlogz:172.422>0.01]19536it [1:03:08,  5.28s/it, bound:4386 nc:1195 ncall:1.8e+07 eff:0.1% logz-ratio=1189720.52+/-0.17 dlogz:171.983>0.01]19540it [1:03:27,  5.11s/it, bound:4387 nc:1224 ncall:1.8e+07 eff:0.1% logz-ratio=1189721.04+/-0.16 dlogz:171.456>0.01]19544it [1:03:48,  5.16s/it, bound:4388 nc:1405 ncall:1.8e+07 eff:0.1% logz-ratio=1189721.56+/-0.17 dlogz:170.913>0.01]19548it [1:04:12,  5.46s/it, bound:4389 nc:1418 ncall:1.8e+07 eff:0.1% logz-ratio=1189721.98+/-0.15 dlogz:170.461>0.01]19552it [1:04:32,  5.28s/it, bound:4390 nc:1383 ncall:1.8e+07 eff:0.1% logz-ratio=1189722.40+/-0.16 dlogz:170.046>0.01]19556it [1:04:53,  5.25s/it, bound:4391 nc:1275 ncall:1.8e+07 eff:0.1% logz-ratio=1189722.89+/-0.16 dlogz:169.551>0.01]19560it [1:05:12,  5.16s/it, bound:4392 nc:1392 ncall:1.8e+07 eff:0.1% logz-ratio=1189723.29+/-0.14 dlogz:169.124>0.01]19564it [1:05:35,  5.33s/it, bound:4393 nc:1348 ncall:1.8e+07 eff:0.1% logz-ratio=1189723.73+/-0.16 dlogz:168.720>0.01]19568it [1:06:00,  5.62s/it, bound:4394 nc:1810 ncall:1.8e+07 eff:0.1% logz-ratio=1189724.26+/-0.17 dlogz:168.186>0.01]19572it [1:06:25,  5.79s/it, bound:4395 nc:1346 ncall:1.8e+07 eff:0.1% logz-ratio=1189724.73+/-0.18 dlogz:167.669>0.01]19576it [1:06:46,  5.61s/it, bound:4396 nc:1242 ncall:1.8e+07 eff:0.1% logz-ratio=1189725.13+/-0.16 dlogz:167.261>0.01]19580it [1:07:09,  5.63s/it, bound:4397 nc:1422 ncall:1.8e+07 eff:0.1% logz-ratio=1189725.48+/-0.16 dlogz:166.889>0.01]19581it [1:07:19,  6.07s/it, bound:4397 nc:1532 ncall:1.8e+07 eff:0.1% logz-ratio=1189725.56+/-0.08 dlogz:166.802>0.01]19584it [1:07:41,  6.42s/it, bound:4398 nc:1428 ncall:1.8e+07 eff:0.1% logz-ratio=1189725.82+/-0.15 dlogz:166.538>0.01]19588it [1:08:02,  6.01s/it, bound:4399 nc:1496 ncall:1.8e+07 eff:0.1% logz-ratio=1189726.11+/-0.15 dlogz:166.230>0.01]19592it [1:08:25,  5.93s/it, bound:4400 nc:1523 ncall:1.8e+07 eff:0.1% logz-ratio=1189726.42+/-0.15 dlogz:165.921>0.01]19596it [1:08:45,  5.68s/it, bound:4401 nc:1361 ncall:1.8e+07 eff:0.1% logz-ratio=1189726.73+/-0.15 dlogz:165.593>0.01]19600it [1:09:06,  5.52s/it, bound:4402 nc:1265 ncall:1.8e+07 eff:0.1% logz-ratio=1189727.03+/-0.15 dlogz:165.278>0.01]19604it [1:09:25,  5.30s/it, bound:4403 nc:1349 ncall:1.8e+07 eff:0.1% logz-ratio=1189727.32+/-0.14 dlogz:164.989>0.01]19608it [1:09:44,  5.13s/it, bound:4404 nc:1037 ncall:1.8e+07 eff:0.1% logz-ratio=1189727.66+/-0.16 dlogz:164.654>0.01]19612it [1:10:03,  5.01s/it, bound:4405 nc:1341 ncall:1.8e+07 eff:0.1% logz-ratio=1189727.97+/-0.15 dlogz:164.324>0.01]19616it [1:10:23,  5.02s/it, bound:4406 nc:1329 ncall:1.8e+07 eff:0.1% logz-ratio=1189728.29+/-0.15 dlogz:164.013>0.01]19620it [1:10:45,  5.10s/it, bound:4407 nc:1279 ncall:1.8e+07 eff:0.1% logz-ratio=1189728.67+/-0.16 dlogz:163.633>0.01]19624it [1:11:09,  5.38s/it, bound:4408 nc:1378 ncall:1.8e+07 eff:0.1% logz-ratio=1189729.07+/-0.17 dlogz:163.214>0.01]19628it [1:11:33,  5.57s/it, bound:4409 nc:1312 ncall:1.8e+07 eff:0.1% logz-ratio=1189729.44+/-0.09 dlogz:162.836>0.01]19632it [1:11:56,  5.67s/it, bound:4410 nc:1567 ncall:1.8e+07 eff:0.1% logz-ratio=1189729.83+/-0.09 dlogz:162.445>0.01]19636it [1:12:19,  5.70s/it, bound:4411 nc:1504 ncall:1.8e+07 eff:0.1% logz-ratio=1189730.33+/-0.14 dlogz:161.975>0.01]19640it [1:12:41,  5.64s/it, bound:4412 nc:1349 ncall:1.8e+07 eff:0.1% logz-ratio=1189730.81+/-0.16 dlogz:161.470>0.01]19644it [1:13:02,  5.50s/it, bound:4413 nc:1392 ncall:1.8e+07 eff:0.1% logz-ratio=1189731.19+/-0.14 dlogz:161.054>0.01]19648it [1:13:24,  5.46s/it, bound:4414 nc:998 ncall:1.8e+07 eff:0.1% logz-ratio=1189731.54+/-0.14 dlogz:160.690>0.01] 19652it [1:13:45,  5.42s/it, bound:4415 nc:1506 ncall:1.8e+07 eff:0.1% logz-ratio=1189731.87+/-0.14 dlogz:160.349>0.01]19656it [1:14:05,  5.27s/it, bound:4416 nc:1157 ncall:1.8e+07 eff:0.1% logz-ratio=1189732.26+/-0.15 dlogz:159.965>0.01]19660it [1:14:25,  5.25s/it, bound:4417 nc:1286 ncall:1.8e+07 eff:0.1% logz-ratio=1189732.60+/-0.14 dlogz:159.605>0.01]19664it [1:14:47,  5.28s/it, bound:4418 nc:1528 ncall:1.8e+07 eff:0.1% logz-ratio=1189732.92+/-0.13 dlogz:159.281>0.01]19668it [1:15:08,  5.30s/it, bound:4419 nc:1505 ncall:1.8e+07 eff:0.1% logz-ratio=1189733.25+/-0.14 dlogz:158.946>0.01]19672it [1:15:27,  5.11s/it, bound:4420 nc:1283 ncall:1.8e+07 eff:0.1% logz-ratio=1189733.80+/-0.17 dlogz:158.443>0.01]19676it [1:15:46,  5.02s/it, bound:4421 nc:1236 ncall:1.8e+07 eff:0.1% logz-ratio=1189734.27+/-0.16 dlogz:157.931>0.01]19680it [1:16:05,  4.93s/it, bound:4422 nc:1267 ncall:1.8e+07 eff:0.1% logz-ratio=1189734.68+/-0.15 dlogz:157.488>0.01]19684it [1:16:24,  4.91s/it, bound:4423 nc:867 ncall:1.8e+07 eff:0.1% logz-ratio=1189735.09+/-0.15 dlogz:157.091>0.01] 19688it [1:16:47,  5.12s/it, bound:4424 nc:1574 ncall:1.8e+07 eff:0.1% logz-ratio=1189735.48+/-0.12 dlogz:156.677>0.01]19692it [1:17:09,  5.27s/it, bound:4425 nc:1356 ncall:1.8e+07 eff:0.1% logz-ratio=1189735.91+/-0.13 dlogz:156.257>0.01]19696it [1:17:31,  5.31s/it, bound:4426 nc:1385 ncall:1.9e+07 eff:0.1% logz-ratio=1189736.39+/-0.13 dlogz:155.778>0.01]19699it [1:17:41,  4.85s/it, bound:4427 nc:1526 ncall:1.9e+07 eff:0.1% logz-ratio=1189736.70+/-0.09 dlogz:155.443>0.01]19700it [1:18:03,  6.64s/it, bound:4427 nc:1384 ncall:1.9e+07 eff:0.1% logz-ratio=1189736.80+/-0.12 dlogz:155.341>0.01]19704it [1:18:26,  6.27s/it, bound:4428 nc:1583 ncall:1.9e+07 eff:0.1% logz-ratio=1189737.23+/-0.13 dlogz:154.922>0.01]19708it [1:18:47,  5.96s/it, bound:4429 nc:1379 ncall:1.9e+07 eff:0.1% logz-ratio=1189737.66+/-0.13 dlogz:154.469>0.01]19712it [1:19:09,  5.81s/it, bound:4430 nc:1225 ncall:1.9e+07 eff:0.1% logz-ratio=1189738.00+/-0.11 dlogz:154.093>0.01]19716it [1:19:30,  5.57s/it, bound:4431 nc:1184 ncall:1.9e+07 eff:0.1% logz-ratio=1189738.31+/-0.11 dlogz:153.777>0.01]19720it [1:19:49,  5.31s/it, bound:4432 nc:1168 ncall:1.9e+07 eff:0.1% logz-ratio=1189738.60+/-0.11 dlogz:153.471>0.01]19724it [1:20:08,  5.18s/it, bound:4433 nc:1098 ncall:1.9e+07 eff:0.1% logz-ratio=1189738.89+/-0.11 dlogz:153.179>0.01]19728it [1:20:28,  5.11s/it, bound:4434 nc:1383 ncall:1.9e+07 eff:0.1% logz-ratio=1189739.16+/-0.10 dlogz:152.893>0.01]19732it [1:20:48,  5.06s/it, bound:4435 nc:1225 ncall:1.9e+07 eff:0.1% logz-ratio=1189739.46+/-0.11 dlogz:152.594>0.01]19736it [1:21:07,  4.99s/it, bound:4436 nc:1389 ncall:1.9e+07 eff:0.1% logz-ratio=1189739.74+/-0.11 dlogz:152.294>0.01]19740it [1:21:26,  4.90s/it, bound:4437 nc:1340 ncall:1.9e+07 eff:0.1% logz-ratio=1189740.08+/-0.12 dlogz:151.965>0.01]19744it [1:21:45,  4.84s/it, bound:4438 nc:1040 ncall:1.9e+07 eff:0.1% logz-ratio=1189740.50+/-0.10 dlogz:151.577>0.01]19748it [1:22:02,  4.67s/it, bound:4439 nc:1038 ncall:1.9e+07 eff:0.1% logz-ratio=1189740.93+/-0.19 dlogz:151.117>0.01]19752it [1:22:20,  4.64s/it, bound:4440 nc:1048 ncall:1.9e+07 eff:0.1% logz-ratio=1189741.30+/-0.16 dlogz:150.725>0.01]19756it [1:22:39,  4.64s/it, bound:4441 nc:1083 ncall:1.9e+07 eff:0.1% logz-ratio=1189741.62+/-0.14 dlogz:150.386>0.01]19760it [1:22:56,  4.58s/it, bound:4442 nc:1211 ncall:1.9e+07 eff:0.1% logz-ratio=1189741.96+/-0.14 dlogz:150.055>0.01]19764it [1:23:15,  4.56s/it, bound:4443 nc:998 ncall:1.9e+07 eff:0.1% logz-ratio=1189742.33+/-0.15 dlogz:149.677>0.01] 19768it [1:23:33,  4.58s/it, bound:4444 nc:1303 ncall:1.9e+07 eff:0.1% logz-ratio=1189742.69+/-0.12 dlogz:149.304>0.01]19772it [1:23:51,  4.56s/it, bound:4445 nc:1039 ncall:1.9e+07 eff:0.1% logz-ratio=1189743.07+/-0.12 dlogz:148.934>0.01]19776it [1:24:10,  4.60s/it, bound:4446 nc:1255 ncall:1.9e+07 eff:0.1% logz-ratio=1189743.47+/-0.09 dlogz:148.524>0.01]19780it [1:24:29,  4.64s/it, bound:4447 nc:1282 ncall:1.9e+07 eff:0.1% logz-ratio=1189743.85+/-0.08 dlogz:148.123>0.01]19784it [1:24:51,  4.91s/it, bound:4448 nc:1479 ncall:1.9e+07 eff:0.1% logz-ratio=1189744.14+/-0.16 dlogz:147.804>0.01]19788it [1:25:13,  5.10s/it, bound:4449 nc:1566 ncall:1.9e+07 eff:0.1% logz-ratio=1189744.43+/-0.15 dlogz:147.506>0.01]19792it [1:25:34,  5.15s/it, bound:4450 nc:1456 ncall:1.9e+07 eff:0.1% logz-ratio=1189744.71+/-0.14 dlogz:147.216>0.01]19796it [1:25:55,  5.18s/it, bound:4451 nc:1421 ncall:1.9e+07 eff:0.1% logz-ratio=1189744.99+/-0.14 dlogz:146.926>0.01]19800it [1:26:22,  5.64s/it, bound:4452 nc:1909 ncall:1.9e+07 eff:0.1% logz-ratio=1189745.26+/-0.14 dlogz:146.651>0.01]19804it [1:26:49,  5.94s/it, bound:4453 nc:1468 ncall:1.9e+07 eff:0.1% logz-ratio=1189745.56+/-0.08 dlogz:146.351>0.01]19808it [1:27:14,  6.08s/it, bound:4454 nc:1592 ncall:1.9e+07 eff:0.1% logz-ratio=1189745.95+/-0.12 dlogz:145.972>0.01]19812it [1:27:38,  6.02s/it, bound:4455 nc:1519 ncall:1.9e+07 eff:0.1% logz-ratio=1189746.32+/-0.14 dlogz:145.588>0.01]19813it [1:27:48,  6.43s/it, bound:4455 nc:1690 ncall:1.9e+07 eff:0.1% logz-ratio=1189746.41+/-0.09 dlogz:145.492>0.01]19816it [1:28:14,  7.06s/it, bound:4456 nc:1839 ncall:1.9e+07 eff:0.1% logz-ratio=1189746.66+/-0.16 dlogz:145.227>0.01]19820it [1:28:40,  6.87s/it, bound:4457 nc:1863 ncall:1.9e+07 eff:0.1% logz-ratio=1189747.03+/-0.16 dlogz:144.861>0.01]19824it [1:29:04,  6.55s/it, bound:4458 nc:1589 ncall:1.9e+07 eff:0.1% logz-ratio=1189747.38+/-0.16 dlogz:156.691>0.01]19828it [1:29:26,  6.25s/it, bound:4459 nc:1278 ncall:1.9e+07 eff:0.1% logz-ratio=1189747.69+/-0.15 dlogz:156.360>0.01]19832it [1:29:49,  6.13s/it, bound:4460 nc:1307 ncall:1.9e+07 eff:0.1% logz-ratio=1189748.04+/-0.16 dlogz:156.025>0.01]19836it [1:30:13,  6.05s/it, bound:4461 nc:1673 ncall:1.9e+07 eff:0.1% logz-ratio=1189748.39+/-0.08 dlogz:155.660>0.01]19840it [1:30:39,  6.17s/it, bound:4462 nc:1354 ncall:1.9e+07 eff:0.1% logz-ratio=1189748.75+/-0.09 dlogz:155.297>0.01]19844it [1:31:03,  6.15s/it, bound:4463 nc:1639 ncall:1.9e+07 eff:0.1% logz-ratio=1189749.14+/-0.09 dlogz:154.903>0.01]19848it [1:31:28,  6.16s/it, bound:4464 nc:1251 ncall:1.9e+07 eff:0.1% logz-ratio=1189749.49+/-0.08 dlogz:154.538>0.01]19852it [1:32:00,  6.72s/it, bound:4465 nc:1212 ncall:1.9e+07 eff:0.1% logz-ratio=1189749.83+/-0.08 dlogz:154.187>0.01]19856it [1:32:24,  6.48s/it, bound:4466 nc:1581 ncall:1.9e+07 eff:0.1% logz-ratio=1189750.16+/-0.08 dlogz:153.834>0.01]19860it [1:32:47,  6.26s/it, bound:4467 nc:1330 ncall:1.9e+07 eff:0.1% logz-ratio=1189750.47+/-0.08 dlogz:153.522>0.01]19864it [1:33:08,  5.99s/it, bound:4468 nc:1261 ncall:1.9e+07 eff:0.1% logz-ratio=1189750.77+/-0.08 dlogz:153.211>0.01]19868it [1:33:31,  5.93s/it, bound:4469 nc:1322 ncall:1.9e+07 eff:0.1% logz-ratio=1189751.02+/-0.07 dlogz:152.934>0.01]19872it [1:33:53,  5.75s/it, bound:4470 nc:1346 ncall:1.9e+07 eff:0.1% logz-ratio=1189751.25+/-0.07 dlogz:152.702>0.01]19876it [1:34:15,  5.68s/it, bound:4471 nc:1512 ncall:1.9e+07 eff:0.1% logz-ratio=1189751.56+/-0.08 dlogz:152.412>0.01]19880it [1:34:34,  5.45s/it, bound:4472 nc:1355 ncall:1.9e+07 eff:0.1% logz-ratio=1189751.91+/-0.08 dlogz:152.051>0.01]19884it [1:34:56,  5.43s/it, bound:4473 nc:1523 ncall:1.9e+07 eff:0.1% logz-ratio=1189752.28+/-0.08 dlogz:151.676>0.01]19888it [1:35:19,  5.54s/it, bound:4474 nc:1465 ncall:1.9e+07 eff:0.1% logz-ratio=1189752.57+/-0.08 dlogz:151.353>0.01]19892it [1:35:42,  5.58s/it, bound:4475 nc:1534 ncall:1.9e+07 eff:0.1% logz-ratio=1189752.84+/-0.08 dlogz:151.075>0.01]19896it [1:36:03,  5.49s/it, bound:4476 nc:1454 ncall:1.9e+07 eff:0.1% logz-ratio=1189753.14+/-0.08 dlogz:150.777>0.01]19900it [1:36:26,  5.61s/it, bound:4477 nc:1626 ncall:1.9e+07 eff:0.1% logz-ratio=1189753.39+/-0.07 dlogz:150.504>0.01]19904it [1:36:48,  5.58s/it, bound:4478 nc:1492 ncall:1.9e+07 eff:0.1% logz-ratio=1189753.61+/-0.07 dlogz:150.272>0.01]19908it [1:37:11,  5.62s/it, bound:4479 nc:1455 ncall:1.9e+07 eff:0.1% logz-ratio=1189753.93+/-0.08 dlogz:149.976>0.01]19912it [1:37:35,  5.71s/it, bound:4480 nc:1644 ncall:1.9e+07 eff:0.1% logz-ratio=1189754.29+/-0.08 dlogz:149.611>0.01]19916it [1:37:56,  5.59s/it, bound:4481 nc:1422 ncall:1.9e+07 eff:0.1% logz-ratio=1189754.64+/-0.09 dlogz:149.254>0.01]19920it [1:38:26,  6.15s/it, bound:4482 nc:1401 ncall:1.9e+07 eff:0.1% logz-ratio=1189755.02+/-0.09 dlogz:148.859>0.01]19924it [1:38:47,  5.85s/it, bound:4483 nc:1316 ncall:1.9e+07 eff:0.1% logz-ratio=1189755.35+/-0.08 dlogz:148.510>0.01]19928it [1:39:10,  5.83s/it, bound:4484 nc:1498 ncall:1.9e+07 eff:0.1% logz-ratio=1189755.76+/-0.09 dlogz:148.125>0.01]19932it [1:39:34,  5.92s/it, bound:4485 nc:1658 ncall:1.9e+07 eff:0.1% logz-ratio=1189756.21+/-0.09 dlogz:147.665>0.01]19936it [1:39:57,  5.86s/it, bound:4486 nc:1428 ncall:1.9e+07 eff:0.1% logz-ratio=1189756.61+/-0.13 dlogz:147.266>0.01]19940it [1:40:22,  5.98s/it, bound:4487 nc:1727 ncall:1.9e+07 eff:0.1% logz-ratio=1189757.07+/-0.13 dlogz:146.796>0.01]19944it [1:40:46,  5.97s/it, bound:4488 nc:1413 ncall:1.9e+07 eff:0.1% logz-ratio=1189757.49+/-0.13 dlogz:146.351>0.01]19948it [1:41:10,  5.99s/it, bound:4489 nc:1464 ncall:1.9e+07 eff:0.1% logz-ratio=1189757.85+/-0.12 dlogz:145.979>0.01]19952it [1:41:49,  7.15s/it, bound:4490 nc:1779 ncall:1.9e+07 eff:0.1% logz-ratio=1189758.26+/-0.13 dlogz:145.584>0.01]19956it [1:42:18,  7.17s/it, bound:4491 nc:1622 ncall:1.9e+07 eff:0.1% logz-ratio=1189758.73+/-0.16 dlogz:145.098>0.01]19960it [1:42:48,  7.28s/it, bound:4492 nc:1552 ncall:1.9e+07 eff:0.1% logz-ratio=1189759.13+/-0.09 dlogz:144.677>0.01]19964it [1:43:13,  6.96s/it, bound:4493 nc:1628 ncall:1.9e+07 eff:0.1% logz-ratio=1189759.56+/-0.10 dlogz:144.259>0.01]19968it [1:43:38,  6.72s/it, bound:4494 nc:1713 ncall:1.9e+07 eff:0.1% logz-ratio=1189760.02+/-0.13 dlogz:143.786>0.01]19972it [1:44:01,  6.41s/it, bound:4495 nc:1606 ncall:1.9e+07 eff:0.1% logz-ratio=1189760.53+/-0.17 dlogz:143.271>0.01]19976it [1:44:25,  6.27s/it, bound:4496 nc:1604 ncall:1.9e+07 eff:0.1% logz-ratio=1189760.93+/-0.17 dlogz:142.843>0.01]19980it [1:45:06,  7.48s/it, bound:4497 nc:1394 ncall:1.9e+07 eff:0.1% logz-ratio=1189761.30+/-0.16 dlogz:142.462>0.01]19984it [1:45:35,  7.45s/it, bound:4498 nc:1426 ncall:1.9e+07 eff:0.1% logz-ratio=1189761.60+/-0.08 dlogz:142.134>0.01]19988it [1:45:58,  6.92s/it, bound:4499 nc:1495 ncall:1.9e+07 eff:0.1% logz-ratio=1189761.87+/-0.08 dlogz:141.856>0.01]19992it [1:46:26,  6.95s/it, bound:4500 nc:1328 ncall:1.9e+07 eff:0.1% logz-ratio=1189762.14+/-0.07 dlogz:141.578>0.01]19996it [1:46:49,  6.60s/it, bound:4501 nc:1359 ncall:1.9e+07 eff:0.1% logz-ratio=1189762.39+/-0.07 dlogz:141.314>0.01]20000it [1:47:13,  6.41s/it, bound:4502 nc:1526 ncall:1.9e+07 eff:0.1% logz-ratio=1189762.68+/-0.08 dlogz:141.032>0.01]20004it [1:47:33,  5.96s/it, bound:4503 nc:1318 ncall:1.9e+07 eff:0.1% logz-ratio=1189762.97+/-0.11 dlogz:140.724>0.01]20008it [1:47:52,  5.64s/it, bound:4504 nc:1330 ncall:1.9e+07 eff:0.1% logz-ratio=1189763.25+/-0.10 dlogz:140.438>0.01]20012it [1:48:14,  5.54s/it, bound:4505 nc:1425 ncall:1.9e+07 eff:0.1% logz-ratio=1189763.57+/-0.11 dlogz:140.121>0.01]20015it [1:48:20,  4.67s/it, bound:4506 nc:1422 ncall:1.9e+07 eff:0.1% logz-ratio=1189763.79+/-0.08 dlogz:139.887>0.01]20016it [1:48:39,  6.23s/it, bound:4506 nc:1159 ncall:1.9e+07 eff:0.1% logz-ratio=1189763.86+/-0.11 dlogz:139.814>0.01]20020it [1:49:02,  6.02s/it, bound:4507 nc:1310 ncall:1.9e+07 eff:0.1% logz-ratio=1189764.14+/-0.11 dlogz:139.523>0.01]20024it [1:49:23,  5.74s/it, bound:4508 nc:885 ncall:1.9e+07 eff:0.1% logz-ratio=1189764.42+/-0.11 dlogz:139.237>0.01] 20027it [1:49:52,  6.87s/it, bound:4509 nc:2015 ncall:1.9e+07 eff:0.1% logz-ratio=1189764.64+/-0.11 dlogz:139.016>0.01]20031it [1:50:26,  7.39s/it, bound:4510 nc:2137 ncall:1.9e+07 eff:0.1% logz-ratio=1189764.94+/-0.13 dlogz:138.711>0.01]20035it [1:50:55,  7.37s/it, bound:4511 nc:1742 ncall:1.9e+07 eff:0.1% logz-ratio=1189765.24+/-0.08 dlogz:138.395>0.01]20039it [1:51:26,  7.49s/it, bound:4512 nc:2079 ncall:1.9e+07 eff:0.1% logz-ratio=1189765.57+/-0.12 dlogz:142.858>0.01]20043it [1:51:57,  7.51s/it, bound:4513 nc:1982 ncall:1.9e+07 eff:0.1% logz-ratio=1189765.90+/-0.14 dlogz:142.515>0.01]20047it [1:52:23,  7.24s/it, bound:4514 nc:1699 ncall:1.9e+07 eff:0.1% logz-ratio=1189766.20+/-0.08 dlogz:142.202>0.01]20051it [1:52:51,  7.15s/it, bound:4515 nc:1820 ncall:1.9e+07 eff:0.1% logz-ratio=1189766.45+/-0.10 dlogz:141.930>0.01]20055it [1:53:18,  7.03s/it, bound:4516 nc:1472 ncall:1.9e+07 eff:0.1% logz-ratio=1189766.72+/-0.13 dlogz:141.667>0.01]20059it [1:53:41,  6.68s/it, bound:4517 nc:970 ncall:1.9e+07 eff:0.1% logz-ratio=1189767.02+/-0.08 dlogz:141.362>0.01] 20063it [1:54:04,  6.38s/it, bound:4518 nc:1463 ncall:1.9e+07 eff:0.1% logz-ratio=1189767.33+/-0.08 dlogz:141.039>0.01]20067it [1:54:28,  6.26s/it, bound:4519 nc:1678 ncall:1.9e+07 eff:0.1% logz-ratio=1189767.62+/-0.08 dlogz:140.742>0.01]20071it [1:54:50,  6.06s/it, bound:4520 nc:1493 ncall:1.9e+07 eff:0.1% logz-ratio=1189767.94+/-0.08 dlogz:140.422>0.01]20075it [1:55:13,  5.92s/it, bound:4521 nc:1573 ncall:1.9e+07 eff:0.1% logz-ratio=1189768.31+/-0.09 dlogz:140.056>0.01]20079it [1:55:36,  5.88s/it, bound:4522 nc:1527 ncall:1.9e+07 eff:0.1% logz-ratio=1189768.67+/-0.08 dlogz:139.682>0.01]20083it [1:55:59,  5.81s/it, bound:4523 nc:1543 ncall:1.9e+07 eff:0.1% logz-ratio=1189769.01+/-0.08 dlogz:139.326>0.01]20087it [1:56:23,  5.88s/it, bound:4524 nc:1632 ncall:1.9e+07 eff:0.1% logz-ratio=1189769.35+/-0.08 dlogz:138.974>0.01]20091it [1:56:45,  5.79s/it, bound:4525 nc:1454 ncall:1.9e+07 eff:0.1% logz-ratio=1189769.64+/-0.11 dlogz:138.671>0.01]20095it [1:57:06,  5.61s/it, bound:4526 nc:1204 ncall:1.9e+07 eff:0.1% logz-ratio=1189769.92+/-0.10 dlogz:138.389>0.01]20099it [1:57:26,  5.42s/it, bound:4527 nc:1138 ncall:1.9e+07 eff:0.1% logz-ratio=1189770.22+/-0.11 dlogz:138.080>0.01]20103it [1:57:46,  5.31s/it, bound:4528 nc:1380 ncall:1.9e+07 eff:0.1% logz-ratio=1189770.51+/-0.11 dlogz:137.774>0.01]20107it [1:58:04,  5.07s/it, bound:4529 nc:1048 ncall:1.9e+07 eff:0.1% logz-ratio=1189770.76+/-0.07 dlogz:137.511>0.01]20111it [1:58:25,  5.13s/it, bound:4530 nc:1246 ncall:1.9e+07 eff:0.1% logz-ratio=1189771.00+/-0.15 dlogz:137.262>0.01]20112it [1:58:35,  5.64s/it, bound:4530 nc:1185 ncall:1.9e+07 eff:0.1% logz-ratio=1189771.07+/-0.07 dlogz:137.197>0.01]20115it [1:58:57,  6.05s/it, bound:4531 nc:1192 ncall:1.9e+07 eff:0.1% logz-ratio=1189771.29+/-0.15 dlogz:136.986>0.01]20119it [1:59:16,  5.59s/it, bound:4532 nc:1361 ncall:1.9e+07 eff:0.1% logz-ratio=1189771.58+/-0.15 dlogz:136.674>0.01]20123it [1:59:36,  5.39s/it, bound:4533 nc:1162 ncall:1.9e+07 eff:0.1% logz-ratio=1189771.85+/-0.14 dlogz:136.391>0.01]20127it [1:59:56,  5.26s/it, bound:4534 nc:1370 ncall:1.9e+07 eff:0.1% logz-ratio=1189772.13+/-0.13 dlogz:136.110>0.01]20131it [2:00:15,  5.09s/it, bound:4535 nc:1142 ncall:1.9e+07 eff:0.1% logz-ratio=1189772.45+/-0.14 dlogz:135.796>0.01]20135it [2:00:32,  4.83s/it, bound:4536 nc:877 ncall:1.9e+07 eff:0.1% logz-ratio=1189772.83+/-0.15 dlogz:135.418>0.01] 20139it [2:00:49,  4.71s/it, bound:4537 nc:1199 ncall:1.9e+07 eff:0.1% logz-ratio=1189773.15+/-0.11 dlogz:165.238>0.01]20143it [2:01:08,  4.68s/it, bound:4538 nc:1058 ncall:1.9e+07 eff:0.1% logz-ratio=1189773.51+/-0.09 dlogz:164.890>0.01]20147it [2:01:27,  4.68s/it, bound:4539 nc:1307 ncall:1.9e+07 eff:0.1% logz-ratio=1189773.87+/-0.09 dlogz:164.521>0.01]20151it [2:01:50,  5.00s/it, bound:4540 nc:1194 ncall:1.9e+07 eff:0.1% logz-ratio=1189774.23+/-0.08 dlogz:164.149>0.01]20155it [2:02:13,  5.25s/it, bound:4541 nc:1609 ncall:1.9e+07 eff:0.1% logz-ratio=1189774.53+/-0.08 dlogz:163.824>0.01]20159it [2:02:35,  5.31s/it, bound:4542 nc:1300 ncall:1.9e+07 eff:0.1% logz-ratio=1189774.81+/-0.07 dlogz:163.531>0.01]20163it [2:02:54,  5.19s/it, bound:4543 nc:1162 ncall:1.9e+07 eff:0.1% logz-ratio=1189775.05+/-0.07 dlogz:163.275>0.01]20167it [2:03:17,  5.31s/it, bound:4544 nc:1340 ncall:1.9e+07 eff:0.1% logz-ratio=1189775.29+/-0.07 dlogz:163.028>0.01]20171it [2:03:39,  5.39s/it, bound:4545 nc:1320 ncall:1.9e+07 eff:0.1% logz-ratio=1189775.50+/-0.07 dlogz:162.810>0.01]20175it [2:04:01,  5.43s/it, bound:4546 nc:1554 ncall:1.9e+07 eff:0.1% logz-ratio=1189775.72+/-0.07 dlogz:162.582>0.01]20179it [2:04:26,  5.65s/it, bound:4547 nc:1605 ncall:1.9e+07 eff:0.1% logz-ratio=1189775.93+/-0.07 dlogz:162.362>0.01]20183it [2:04:50,  5.79s/it, bound:4548 nc:1654 ncall:1.9e+07 eff:0.1% logz-ratio=1189776.14+/-0.09 dlogz:162.139>0.01]20187it [2:05:13,  5.77s/it, bound:4549 nc:1434 ncall:1.9e+07 eff:0.1% logz-ratio=1189776.35+/-0.11 dlogz:161.915>0.01]20191it [2:05:41,  6.10s/it, bound:4550 nc:1814 ncall:1.9e+07 eff:0.1% logz-ratio=1189776.55+/-0.11 dlogz:161.714>0.01]20195it [2:06:10,  6.48s/it, bound:4551 nc:1817 ncall:1.9e+07 eff:0.1% logz-ratio=1189776.74+/-0.06 dlogz:161.509>0.01]20199it [2:06:37,  6.54s/it, bound:4552 nc:1727 ncall:1.9e+07 eff:0.1% logz-ratio=1189776.96+/-0.09 dlogz:161.293>0.01]20203it [2:07:03,  6.56s/it, bound:4553 nc:1784 ncall:1.9e+07 eff:0.1% logz-ratio=1189777.17+/-0.11 dlogz:161.070>0.01]20207it [2:07:29,  6.49s/it, bound:4554 nc:1718 ncall:1.9e+07 eff:0.1% logz-ratio=1189777.38+/-0.07 dlogz:160.851>0.01]20211it [2:07:51,  6.23s/it, bound:4555 nc:1451 ncall:1.9e+07 eff:0.1% logz-ratio=1189777.60+/-0.09 dlogz:160.622>0.01]20215it [2:08:13,  6.00s/it, bound:4556 nc:1547 ncall:1.9e+07 eff:0.1% logz-ratio=1189777.82+/-0.09 dlogz:160.397>0.01]20219it [2:08:35,  5.84s/it, bound:4557 nc:1442 ncall:1.9e+07 eff:0.1% logz-ratio=1189778.01+/-0.09 dlogz:160.196>0.01]20222it [2:08:48,  5.53s/it, bound:4558 nc:1427 ncall:1.9e+07 eff:0.1% logz-ratio=1189778.14+/-0.06 dlogz:160.054>0.01]20223it [2:09:13,  7.46s/it, bound:4558 nc:1363 ncall:1.9e+07 eff:0.1% logz-ratio=1189778.19+/-0.09 dlogz:160.005>0.01]20227it [2:09:34,  6.71s/it, bound:4559 nc:1542 ncall:1.9e+07 eff:0.1% logz-ratio=1189778.38+/-0.09 dlogz:159.809>0.01]20231it [2:09:57,  6.39s/it, bound:4560 nc:1325 ncall:1.9e+07 eff:0.1% logz-ratio=1189778.63+/-0.10 dlogz:159.563>0.01]20235it [2:10:23,  6.35s/it, bound:4561 nc:1777 ncall:1.9e+07 eff:0.1% logz-ratio=1189778.89+/-0.10 dlogz:159.300>0.01]20239it [2:10:47,  6.26s/it, bound:4562 nc:1644 ncall:1.9e+07 eff:0.1% logz-ratio=1189779.15+/-0.10 dlogz:159.030>0.01]20243it [2:11:09,  6.02s/it, bound:4563 nc:1507 ncall:1.9e+07 eff:0.1% logz-ratio=1189779.39+/-0.12 dlogz:158.774>0.01]20247it [2:11:33,  6.06s/it, bound:4564 nc:1471 ncall:1.9e+07 eff:0.1% logz-ratio=1189779.66+/-0.14 dlogz:158.508>0.01]20251it [2:11:54,  5.80s/it, bound:4565 nc:1275 ncall:1.9e+07 eff:0.1% logz-ratio=1189779.94+/-0.15 dlogz:158.216>0.01]20255it [2:12:16,  5.68s/it, bound:4566 nc:1160 ncall:1.9e+07 eff:0.1% logz-ratio=1189780.20+/-0.14 dlogz:157.950>0.01]20259it [2:12:36,  5.46s/it, bound:4567 nc:1401 ncall:1.9e+07 eff:0.1% logz-ratio=1189780.46+/-0.14 dlogz:157.680>0.01]20263it [2:12:58,  5.49s/it, bound:4568 nc:992 ncall:1.9e+07 eff:0.1% logz-ratio=1189780.74+/-0.14 dlogz:157.396>0.01] 20267it [2:13:17,  5.26s/it, bound:4569 nc:945 ncall:1.9e+07 eff:0.1% logz-ratio=1189781.00+/-0.12 dlogz:157.122>0.01]20271it [2:13:36,  5.08s/it, bound:4570 nc:1310 ncall:1.9e+07 eff:0.1% logz-ratio=1189781.27+/-0.13 dlogz:156.847>0.01]20275it [2:13:56,  5.10s/it, bound:4571 nc:1191 ncall:1.9e+07 eff:0.1% logz-ratio=1189781.54+/-0.13 dlogz:156.568>0.01]20279it [2:14:15,  4.99s/it, bound:4572 nc:1261 ncall:1.9e+07 eff:0.1% logz-ratio=1189781.85+/-0.13 dlogz:156.268>0.01]20283it [2:14:34,  4.90s/it, bound:4573 nc:983 ncall:1.9e+07 eff:0.1% logz-ratio=1189782.16+/-0.13 dlogz:155.941>0.01] 20287it [2:14:52,  4.80s/it, bound:4574 nc:1162 ncall:1.9e+07 eff:0.1% logz-ratio=1189782.45+/-0.13 dlogz:155.642>0.01]20291it [2:15:13,  4.90s/it, bound:4575 nc:1119 ncall:1.9e+07 eff:0.1% logz-ratio=1189782.76+/-0.11 dlogz:155.331>0.01]20295it [2:15:34,  5.00s/it, bound:4576 nc:1211 ncall:1.9e+07 eff:0.1% logz-ratio=1189783.07+/-0.11 dlogz:155.001>0.01]20299it [2:15:55,  5.13s/it, bound:4577 nc:1506 ncall:1.9e+07 eff:0.1% logz-ratio=1189783.33+/-0.10 dlogz:154.730>0.01]20303it [2:16:15,  5.05s/it, bound:4578 nc:1375 ncall:1.9e+07 eff:0.1% logz-ratio=1189783.57+/-0.10 dlogz:154.479>0.01]20307it [2:16:34,  4.99s/it, bound:4579 nc:1292 ncall:1.9e+07 eff:0.1% logz-ratio=1189783.81+/-0.10 dlogz:154.238>0.01]20311it [2:16:52,  4.81s/it, bound:4580 nc:1056 ncall:1.9e+07 eff:0.1% logz-ratio=1189784.05+/-0.10 dlogz:153.981>0.01]20315it [2:17:11,  4.82s/it, bound:4581 nc:1323 ncall:1.9e+07 eff:0.1% logz-ratio=1189784.31+/-0.10 dlogz:153.719>0.01]20319it [2:17:30,  4.83s/it, bound:4582 nc:1375 ncall:1.9e+07 eff:0.1% logz-ratio=1189784.56+/-0.10 dlogz:153.458>0.01]20323it [2:17:51,  4.93s/it, bound:4583 nc:1241 ncall:1.9e+07 eff:0.1% logz-ratio=1189784.82+/-0.07 dlogz:153.194>0.01]20327it [2:18:12,  4.99s/it, bound:4584 nc:931 ncall:1.9e+07 eff:0.1% logz-ratio=1189785.08+/-0.07 dlogz:152.923>0.01] 20331it [2:18:32,  5.03s/it, bound:4585 nc:1212 ncall:1.9e+07 eff:0.1% logz-ratio=1189785.32+/-0.07 dlogz:152.665>0.01]20335it [2:18:57,  5.37s/it, bound:4586 nc:1618 ncall:1.9e+07 eff:0.1% logz-ratio=1189785.57+/-0.07 dlogz:152.419>0.01]20338it [2:19:03,  4.57s/it, bound:4587 nc:1541 ncall:1.9e+07 eff:0.1% logz-ratio=1189785.77+/-0.08 dlogz:152.211>0.01]20339it [2:19:27,  6.61s/it, bound:4587 nc:1691 ncall:1.9e+07 eff:0.1% logz-ratio=1189785.84+/-0.10 dlogz:152.141>0.01]20343it [2:19:50,  6.31s/it, bound:4588 nc:1577 ncall:1.9e+07 eff:0.1% logz-ratio=1189786.10+/-0.12 dlogz:151.866>0.01]20347it [2:20:12,  6.01s/it, bound:4589 nc:1346 ncall:1.9e+07 eff:0.1% logz-ratio=1189786.37+/-0.14 dlogz:151.605>0.01]20351it [2:20:34,  5.79s/it, bound:4590 nc:1256 ncall:1.9e+07 eff:0.1% logz-ratio=1189786.67+/-0.15 dlogz:151.294>0.01]20355it [2:20:55,  5.64s/it, bound:4591 nc:1402 ncall:1.9e+07 eff:0.1% logz-ratio=1189786.96+/-0.15 dlogz:151.004>0.01]20359it [2:21:17,  5.64s/it, bound:4592 nc:1306 ncall:1.9e+07 eff:0.1% logz-ratio=1189787.30+/-0.16 dlogz:150.669>0.01]20363it [2:21:37,  5.42s/it, bound:4593 nc:1321 ncall:1.9e+07 eff:0.1% logz-ratio=1189787.64+/-0.16 dlogz:150.304>0.01]20367it [2:21:58,  5.33s/it, bound:4594 nc:1195 ncall:1.9e+07 eff:0.1% logz-ratio=1189787.95+/-0.15 dlogz:149.984>0.01]20371it [2:22:17,  5.20s/it, bound:4595 nc:1349 ncall:1.9e+07 eff:0.1% logz-ratio=1189788.24+/-0.15 dlogz:149.677>0.01]20375it [2:22:35,  4.99s/it, bound:4596 nc:1217 ncall:1.9e+07 eff:0.1% logz-ratio=1189788.52+/-0.14 dlogz:149.397>0.01]20379it [2:22:54,  4.86s/it, bound:4597 nc:1072 ncall:1.9e+07 eff:0.1% logz-ratio=1189788.78+/-0.14 dlogz:149.117>0.01]20383it [2:23:14,  4.90s/it, bound:4598 nc:1384 ncall:1.9e+07 eff:0.1% logz-ratio=1189789.05+/-0.14 dlogz:148.845>0.01]20387it [2:23:35,  5.00s/it, bound:4599 nc:1406 ncall:1.9e+07 eff:0.1% logz-ratio=1189789.33+/-0.14 dlogz:148.554>0.01]20391it [2:23:54,  4.98s/it, bound:4600 nc:1096 ncall:1.9e+07 eff:0.1% logz-ratio=1189789.56+/-0.13 dlogz:148.308>0.01]20395it [2:24:12,  4.83s/it, bound:4601 nc:1287 ncall:1.9e+07 eff:0.1% logz-ratio=1189789.77+/-0.13 dlogz:148.086>0.01]20399it [2:24:31,  4.82s/it, bound:4602 nc:2364 ncall:1.9e+07 eff:0.1% logz-ratio=1189789.99+/-0.13 dlogz:147.865>0.01]20402it [2:25:00,  5.95s/it, bound:4603 nc:2017 ncall:1.9e+07 eff:0.1% logz-ratio=1189790.15+/-0.11 dlogz:147.694>0.01]20406it [2:25:28,  6.29s/it, bound:4604 nc:1981 ncall:1.9e+07 eff:0.1% logz-ratio=1189790.37+/-0.12 dlogz:147.465>0.01]20410it [2:25:57,  6.59s/it, bound:4605 nc:1911 ncall:2.0e+07 eff:0.1% logz-ratio=1189790.61+/-0.07 dlogz:147.226>0.01]20414it [2:26:26,  6.81s/it, bound:4606 nc:1883 ncall:2.0e+07 eff:0.1% logz-ratio=1189790.89+/-0.10 dlogz:146.944>0.01]20418it [2:26:57,  7.11s/it, bound:4607 nc:1944 ncall:2.0e+07 eff:0.1% logz-ratio=1189791.16+/-0.13 dlogz:146.663>0.01]20422it [2:27:28,  7.28s/it, bound:4608 nc:2074 ncall:2.0e+07 eff:0.1% logz-ratio=1189791.43+/-0.07 dlogz:146.386>0.01]20426it [2:27:57,  7.25s/it, bound:4609 nc:1856 ncall:2.0e+07 eff:0.1% logz-ratio=1189791.67+/-0.10 dlogz:146.132>0.01]20430it [2:28:25,  7.22s/it, bound:4610 nc:1531 ncall:2.0e+07 eff:0.1% logz-ratio=1189791.90+/-0.12 dlogz:145.890>0.01]20434it [2:29:03,  7.87s/it, bound:4611 nc:1781 ncall:2.0e+07 eff:0.1% logz-ratio=1189792.15+/-0.07 dlogz:145.635>0.01]20437it [2:29:19,  7.31s/it, bound:4612 nc:1461 ncall:2.0e+07 eff:0.1% logz-ratio=1189792.33+/-0.07 dlogz:145.448>0.01]20438it [2:30:07, 11.51s/it, bound:4612 nc:2108 ncall:2.0e+07 eff:0.1% logz-ratio=1189792.39+/-0.10 dlogz:145.388>0.01]20442it [2:30:50, 11.24s/it, bound:4613 nc:1662 ncall:2.0e+07 eff:0.1% logz-ratio=1189792.64+/-0.12 dlogz:145.130>0.01]20446it [2:31:34, 11.14s/it, bound:4614 nc:1642 ncall:2.0e+07 eff:0.1% logz-ratio=1189792.88+/-0.07 dlogz:144.876>0.01]20450it [2:32:09, 10.36s/it, bound:4615 nc:1419 ncall:2.0e+07 eff:0.1% logz-ratio=1189793.13+/-0.10 dlogz:144.623>0.01]20454it [2:32:50, 10.28s/it, bound:4616 nc:1629 ncall:2.0e+07 eff:0.1% logz-ratio=1189793.37+/-0.10 dlogz:144.372>0.01]20458it [2:33:31, 10.31s/it, bound:4617 nc:1638 ncall:2.0e+07 eff:0.1% logz-ratio=1189793.61+/-0.10 dlogz:144.129>0.01]20462it [2:34:12, 10.25s/it, bound:4618 nc:1489 ncall:2.0e+07 eff:0.1% logz-ratio=1189793.83+/-0.11 dlogz:143.895>0.01]20466it [2:34:48,  9.87s/it, bound:4619 nc:1247 ncall:2.0e+07 eff:0.1% logz-ratio=1189794.07+/-0.13 dlogz:143.655>0.01]20470it [2:35:23,  9.59s/it, bound:4620 nc:1335 ncall:2.0e+07 eff:0.1% logz-ratio=1189794.28+/-0.13 dlogz:143.425>0.01]20474it [2:36:02,  9.58s/it, bound:4621 nc:1393 ncall:2.0e+07 eff:0.1% logz-ratio=1189794.55+/-0.14 dlogz:143.161>0.01]20478it [2:36:42,  9.76s/it, bound:4622 nc:1531 ncall:2.0e+07 eff:0.1% logz-ratio=1189794.80+/-0.14 dlogz:142.897>0.01]20482it [2:37:21,  9.69s/it, bound:4623 nc:1575 ncall:2.0e+07 eff:0.1% logz-ratio=1189795.05+/-0.14 dlogz:142.639>0.01]20486it [2:38:01,  9.81s/it, bound:4624 nc:1686 ncall:2.0e+07 eff:0.1% logz-ratio=1189795.28+/-0.13 dlogz:142.400>0.01]20490it [2:38:40,  9.80s/it, bound:4625 nc:1443 ncall:2.0e+07 eff:0.1% logz-ratio=1189795.53+/-0.14 dlogz:142.146>0.01]20494it [2:39:11,  9.20s/it, bound:4626 nc:1258 ncall:2.0e+07 eff:0.1% logz-ratio=1189795.76+/-0.13 dlogz:141.906>0.01]20495it [2:39:28,  9.91s/it, bound:4626 nc:1023 ncall:2.0e+07 eff:0.1% logz-ratio=1189795.81+/-0.07 dlogz:141.847>0.01]20498it [2:40:04, 10.53s/it, bound:4627 nc:1380 ncall:2.0e+07 eff:0.1% logz-ratio=1189795.98+/-0.13 dlogz:141.672>0.01]20502it [2:40:35,  9.59s/it, bound:4628 nc:1285 ncall:2.0e+07 eff:0.1% logz-ratio=1189796.19+/-0.13 dlogz:141.450>0.01]20506it [2:41:06,  8.93s/it, bound:4629 nc:1076 ncall:2.0e+07 eff:0.1% logz-ratio=1189796.41+/-0.13 dlogz:141.234>0.01]20510it [2:41:38,  8.67s/it, bound:4630 nc:1404 ncall:2.0e+07 eff:0.1% logz-ratio=1189796.64+/-0.12 dlogz:140.991>0.01]20514it [2:42:15,  8.84s/it, bound:4631 nc:1352 ncall:2.0e+07 eff:0.1% logz-ratio=1189796.89+/-0.12 dlogz:140.736>0.01]20518it [2:42:51,  8.89s/it, bound:4632 nc:1378 ncall:2.0e+07 eff:0.1% logz-ratio=1189797.12+/-0.12 dlogz:140.496>0.01]20522it [2:43:25,  8.78s/it, bound:4633 nc:1506 ncall:2.0e+07 eff:0.1% logz-ratio=1189797.36+/-0.12 dlogz:140.245>0.01]20526it [2:44:00,  8.77s/it, bound:4634 nc:1266 ncall:2.0e+07 eff:0.1% logz-ratio=1189797.58+/-0.11 dlogz:140.013>0.01]20530it [2:44:32,  8.51s/it, bound:4635 nc:1370 ncall:2.0e+07 eff:0.1% logz-ratio=1189797.81+/-0.12 dlogz:139.782>0.01]20534it [2:45:07,  8.57s/it, bound:4636 nc:1212 ncall:2.0e+07 eff:0.1% logz-ratio=1189798.02+/-0.11 dlogz:139.559>0.01]20538it [2:45:43,  8.68s/it, bound:4637 nc:1451 ncall:2.0e+07 eff:0.1% logz-ratio=1189798.24+/-0.12 dlogz:139.334>0.01]20542it [2:46:17,  8.63s/it, bound:4638 nc:1389 ncall:2.0e+07 eff:0.1% logz-ratio=1189798.47+/-0.12 dlogz:139.096>0.01]20546it [2:46:51,  8.61s/it, bound:4639 nc:1219 ncall:2.0e+07 eff:0.1% logz-ratio=1189798.69+/-0.11 dlogz:138.869>0.01]20550it [2:47:27,  8.76s/it, bound:4640 nc:1516 ncall:2.0e+07 eff:0.1% logz-ratio=1189798.91+/-0.12 dlogz:138.638>0.01]20554it [2:48:00,  8.61s/it, bound:4641 nc:1104 ncall:2.0e+07 eff:0.1% logz-ratio=1189799.17+/-0.12 dlogz:138.377>0.01]20558it [2:48:32,  8.39s/it, bound:4642 nc:1196 ncall:2.0e+07 eff:0.1% logz-ratio=1189799.41+/-0.12 dlogz:138.126>0.01]20562it [2:49:07,  8.53s/it, bound:4643 nc:1378 ncall:2.0e+07 eff:0.1% logz-ratio=1189799.64+/-0.12 dlogz:137.886>0.01]20566it [2:49:37,  8.16s/it, bound:4644 nc:936 ncall:2.0e+07 eff:0.1% logz-ratio=1189799.89+/-0.12 dlogz:137.633>0.01] 20569it [2:49:44,  6.78s/it, bound:4645 nc:805 ncall:2.0e+07 eff:0.1% logz-ratio=1189800.07+/-0.07 dlogz:137.442>0.01]20570it [2:50:12,  9.01s/it, bound:4645 nc:1022 ncall:2.0e+07 eff:0.1% logz-ratio=1189800.13+/-0.10 dlogz:137.383>0.01]20574it [2:50:43,  8.49s/it, bound:4646 nc:1239 ncall:2.0e+07 eff:0.1% logz-ratio=1189800.34+/-0.07 dlogz:137.156>0.01]20578it [2:51:13,  8.16s/it, bound:4647 nc:1324 ncall:2.0e+07 eff:0.1% logz-ratio=1189800.55+/-0.07 dlogz:136.944>0.01]20582it [2:51:46,  8.16s/it, bound:4648 nc:1223 ncall:2.0e+07 eff:0.1% logz-ratio=1189800.77+/-0.07 dlogz:136.714>0.01]20586it [2:52:18,  8.12s/it, bound:4649 nc:1083 ncall:2.0e+07 eff:0.1% logz-ratio=1189801.00+/-0.15 dlogz:136.480>0.01]20590it [2:52:51,  8.23s/it, bound:4650 nc:1167 ncall:2.0e+07 eff:0.1% logz-ratio=1189801.29+/-0.15 dlogz:136.204>0.01]20594it [2:53:25,  8.27s/it, bound:4651 nc:1278 ncall:2.0e+07 eff:0.1% logz-ratio=1189801.58+/-0.15 dlogz:135.900>0.01]20598it [2:53:59,  8.32s/it, bound:4652 nc:1136 ncall:2.0e+07 eff:0.1% logz-ratio=1189801.85+/-0.14 dlogz:135.609>0.01]20602it [2:54:32,  8.33s/it, bound:4653 nc:1314 ncall:2.0e+07 eff:0.1% logz-ratio=1189802.09+/-0.14 dlogz:135.357>0.01]20606it [2:55:04,  8.24s/it, bound:4654 nc:1358 ncall:2.0e+07 eff:0.1% logz-ratio=1189802.33+/-0.13 dlogz:135.113>0.01]20610it [2:55:35,  8.07s/it, bound:4655 nc:1174 ncall:2.0e+07 eff:0.1% logz-ratio=1189802.55+/-0.13 dlogz:134.874>0.01]20614it [2:56:06,  8.01s/it, bound:4656 nc:1100 ncall:2.0e+07 eff:0.1% logz-ratio=1189802.78+/-0.13 dlogz:134.643>0.01]20618it [2:56:40,  8.09s/it, bound:4657 nc:1261 ncall:2.0e+07 eff:0.1% logz-ratio=1189803.01+/-0.12 dlogz:134.403>0.01]20622it [2:57:08,  7.80s/it, bound:4658 nc:985 ncall:2.0e+07 eff:0.1% logz-ratio=1189803.27+/-0.13 dlogz:134.141>0.01] 20626it [2:57:39,  7.76s/it, bound:4659 nc:1239 ncall:2.0e+07 eff:0.1% logz-ratio=1189803.56+/-0.11 dlogz:133.845>0.01]20630it [2:58:10,  7.77s/it, bound:4660 nc:1100 ncall:2.0e+07 eff:0.1% logz-ratio=1189803.82+/-0.07 dlogz:133.575>0.01]20634it [2:58:40,  7.70s/it, bound:4661 nc:1329 ncall:2.0e+07 eff:0.1% logz-ratio=1189804.06+/-0.07 dlogz:133.328>0.01]20638it [2:59:13,  7.88s/it, bound:4662 nc:1080 ncall:2.0e+07 eff:0.1% logz-ratio=1189804.28+/-0.07 dlogz:133.097>0.01]20642it [2:59:45,  7.93s/it, bound:4663 nc:1294 ncall:2.0e+07 eff:0.1% logz-ratio=1189804.49+/-0.07 dlogz:132.873>0.01]20646it [3:00:28,  8.77s/it, bound:4664 nc:1131 ncall:2.0e+07 eff:0.1% logz-ratio=1189804.71+/-0.07 dlogz:132.640>0.01]20650it [3:00:52,  7.91s/it, bound:4665 nc:1003 ncall:2.0e+07 eff:0.1% logz-ratio=1189804.94+/-0.15 dlogz:132.419>0.01]20654it [3:01:23,  7.87s/it, bound:4666 nc:1266 ncall:2.0e+07 eff:0.1% logz-ratio=1189805.19+/-0.14 dlogz:132.157>0.01]20658it [3:01:54,  7.82s/it, bound:4667 nc:1678 ncall:2.0e+07 eff:0.1% logz-ratio=1189805.42+/-0.12 dlogz:131.921>0.01]20662it [3:02:22,  7.60s/it, bound:4668 nc:1512 ncall:2.0e+07 eff:0.1% logz-ratio=1189805.68+/-0.07 dlogz:131.656>0.01]20666it [3:02:53,  7.65s/it, bound:4669 nc:1837 ncall:2.0e+07 eff:0.1% logz-ratio=1189805.93+/-0.10 dlogz:131.396>0.01]20670it [3:03:19,  7.32s/it, bound:4670 nc:1427 ncall:2.0e+07 eff:0.1% logz-ratio=1189806.22+/-0.13 dlogz:131.110>0.01]20674it [3:03:46,  7.11s/it, bound:4671 nc:1874 ncall:2.0e+07 eff:0.1% logz-ratio=1189806.52+/-0.13 dlogz:130.802>0.01]20678it [3:04:11,  6.84s/it, bound:4672 nc:1694 ncall:2.0e+07 eff:0.1% logz-ratio=1189806.79+/-0.07 dlogz:130.511>0.01]20682it [3:04:37,  6.77s/it, bound:4673 nc:1694 ncall:2.0e+07 eff:0.1% logz-ratio=1189807.03+/-0.10 dlogz:130.257>0.01]20686it [3:05:04,  6.75s/it, bound:4674 nc:1859 ncall:2.0e+07 eff:0.1% logz-ratio=1189807.28+/-0.12 dlogz:130.007>0.01]20690it [3:05:31,  6.78s/it, bound:4675 nc:1765 ncall:2.0e+07 eff:0.1% logz-ratio=1189807.60+/-0.08 dlogz:129.697>0.01]20694it [3:05:55,  6.52s/it, bound:4676 nc:1586 ncall:2.0e+07 eff:0.1% logz-ratio=1189807.95+/-0.12 dlogz:129.346>0.01]20698it [3:06:17,  6.21s/it, bound:4677 nc:1392 ncall:2.0e+07 eff:0.1% logz-ratio=1189808.27+/-0.14 dlogz:129.003>0.01]20702it [3:06:38,  5.95s/it, bound:4678 nc:1516 ncall:2.0e+07 eff:0.1% logz-ratio=1189808.55+/-0.13 dlogz:128.705>0.01]20706it [3:07:00,  5.81s/it, bound:4679 nc:1557 ncall:2.0e+07 eff:0.1% logz-ratio=1189808.80+/-0.12 dlogz:128.446>0.01]20710it [3:07:23,  5.79s/it, bound:4680 nc:1490 ncall:2.0e+07 eff:0.1% logz-ratio=1189809.02+/-0.11 dlogz:128.208>0.01]20714it [3:07:45,  5.68s/it, bound:4681 nc:1536 ncall:2.0e+07 eff:0.1% logz-ratio=1189809.21+/-0.11 dlogz:128.001>0.01]20718it [3:08:07,  5.65s/it, bound:4682 nc:1209 ncall:2.0e+07 eff:0.1% logz-ratio=1189809.42+/-0.11 dlogz:127.794>0.01]20722it [3:08:29,  5.56s/it, bound:4683 nc:1363 ncall:2.0e+07 eff:0.1% logz-ratio=1189809.64+/-0.12 dlogz:127.572>0.01]20726it [3:08:49,  5.44s/it, bound:4684 nc:1383 ncall:2.0e+07 eff:0.1% logz-ratio=1189809.86+/-0.12 dlogz:127.335>0.01]20730it [3:09:09,  5.30s/it, bound:4685 nc:1359 ncall:2.0e+07 eff:0.1% logz-ratio=1189810.09+/-0.12 dlogz:127.100>0.01]20734it [3:09:29,  5.18s/it, bound:4686 nc:1202 ncall:2.0e+07 eff:0.1% logz-ratio=1189810.29+/-0.11 dlogz:126.885>0.01]20738it [3:09:47,  5.00s/it, bound:4687 nc:1274 ncall:2.0e+07 eff:0.1% logz-ratio=1189810.49+/-0.11 dlogz:126.679>0.01]20742it [3:10:07,  4.97s/it, bound:4688 nc:1042 ncall:2.0e+07 eff:0.1% logz-ratio=1189810.69+/-0.11 dlogz:126.468>0.01]20745it [3:10:17,  4.62s/it, bound:4689 nc:1398 ncall:2.0e+07 eff:0.1% logz-ratio=1189810.85+/-0.07 dlogz:126.309>0.01]20746it [3:10:35,  5.97s/it, bound:4689 nc:1201 ncall:2.0e+07 eff:0.1% logz-ratio=1189810.90+/-0.09 dlogz:126.254>0.01]20750it [3:10:55,  5.57s/it, bound:4690 nc:1262 ncall:2.0e+07 eff:0.1% logz-ratio=1189811.13+/-0.10 dlogz:126.026>0.01]20754it [3:11:14,  5.33s/it, bound:4691 nc:1041 ncall:2.0e+07 eff:0.1% logz-ratio=1189811.35+/-0.09 dlogz:125.788>0.01]20758it [3:11:34,  5.23s/it, bound:4692 nc:1425 ncall:2.0e+07 eff:0.1% logz-ratio=1189811.54+/-0.09 dlogz:125.585>0.01]20762it [3:11:53,  5.03s/it, bound:4693 nc:1047 ncall:2.0e+07 eff:0.1% logz-ratio=1189811.74+/-0.09 dlogz:125.379>0.01]20766it [3:12:11,  4.87s/it, bound:4694 nc:1272 ncall:2.0e+07 eff:0.1% logz-ratio=1189811.95+/-0.09 dlogz:125.165>0.01]20770it [3:12:29,  4.81s/it, bound:4695 nc:1120 ncall:2.0e+07 eff:0.1% logz-ratio=1189812.18+/-0.09 dlogz:124.933>0.01]20774it [3:12:50,  4.88s/it, bound:4696 nc:1253 ncall:2.0e+07 eff:0.1% logz-ratio=1189812.41+/-0.10 dlogz:124.691>0.01]20778it [3:13:09,  4.87s/it, bound:4697 nc:1371 ncall:2.0e+07 eff:0.1% logz-ratio=1189812.65+/-0.10 dlogz:124.445>0.01]20782it [3:13:29,  4.88s/it, bound:4698 nc:1162 ncall:2.0e+07 eff:0.1% logz-ratio=1189812.88+/-0.10 dlogz:124.209>0.01]20786it [3:13:49,  4.91s/it, bound:4699 nc:1044 ncall:2.0e+07 eff:0.1% logz-ratio=1189813.14+/-0.10 dlogz:123.946>0.01]20790it [3:14:07,  4.81s/it, bound:4700 nc:1294 ncall:2.0e+07 eff:0.1% logz-ratio=1189813.38+/-0.10 dlogz:123.694>0.01]20794it [3:14:26,  4.84s/it, bound:4701 nc:1175 ncall:2.0e+07 eff:0.1% logz-ratio=1189813.60+/-0.09 dlogz:123.464>0.01]20798it [3:14:47,  4.94s/it, bound:4702 nc:1200 ncall:2.0e+07 eff:0.1% logz-ratio=1189813.82+/-0.10 dlogz:123.236>0.01]20802it [3:15:08,  5.02s/it, bound:4703 nc:1372 ncall:2.0e+07 eff:0.1% logz-ratio=1189814.04+/-0.10 dlogz:123.010>0.01]20806it [3:15:28,  5.01s/it, bound:4704 nc:1348 ncall:2.0e+07 eff:0.1% logz-ratio=1189814.25+/-0.09 dlogz:122.787>0.01]20810it [3:15:48,  5.03s/it, bound:4705 nc:1383 ncall:2.0e+07 eff:0.1% logz-ratio=1189814.46+/-0.09 dlogz:122.569>0.01]20814it [3:16:09,  5.05s/it, bound:4706 nc:1415 ncall:2.0e+07 eff:0.1% logz-ratio=1189814.66+/-0.09 dlogz:122.357>0.01]20817it [3:16:28,  5.43s/it, bound:4707 nc:1343 ncall:2.0e+07 eff:0.1% logz-ratio=1189814.82+/-0.10 dlogz:122.196>0.01]20821it [3:16:49,  5.30s/it, bound:4708 nc:1325 ncall:2.0e+07 eff:0.1% logz-ratio=1189815.07+/-0.10 dlogz:121.949>0.01]20825it [3:17:08,  5.13s/it, bound:4709 nc:1341 ncall:2.0e+07 eff:0.1% logz-ratio=1189815.31+/-0.10 dlogz:121.691>0.01]20829it [3:17:27,  5.04s/it, bound:4710 nc:1026 ncall:2.0e+07 eff:0.1% logz-ratio=1189815.55+/-0.10 dlogz:121.451>0.01]20833it [3:17:43,  4.74s/it, bound:4711 nc:1146 ncall:2.0e+07 eff:0.1% logz-ratio=1189815.79+/-0.10 dlogz:121.197>0.01]20837it [3:18:05,  4.93s/it, bound:4712 nc:1534 ncall:2.0e+07 eff:0.1% logz-ratio=1189816.04+/-0.07 dlogz:120.941>0.01]20841it [3:18:24,  4.89s/it, bound:4713 nc:1359 ncall:2.0e+07 eff:0.1% logz-ratio=1189816.29+/-0.07 dlogz:120.682>0.01]20845it [3:18:43,  4.89s/it, bound:4714 nc:1328 ncall:2.0e+07 eff:0.1% logz-ratio=1189816.52+/-0.07 dlogz:120.446>0.01]20849it [3:19:06,  5.15s/it, bound:4715 nc:1405 ncall:2.0e+07 eff:0.1% logz-ratio=1189816.76+/-0.07 dlogz:120.196>0.01]20853it [3:19:26,  5.04s/it, bound:4716 nc:1183 ncall:2.0e+07 eff:0.1% logz-ratio=1189817.03+/-0.07 dlogz:119.923>0.01]20857it [3:19:44,  4.90s/it, bound:4717 nc:1309 ncall:2.0e+07 eff:0.1% logz-ratio=1189817.26+/-0.07 dlogz:119.677>0.01]20861it [3:20:02,  4.81s/it, bound:4718 nc:924 ncall:2.0e+07 eff:0.1% logz-ratio=1189817.47+/-0.07 dlogz:119.457>0.01] 20865it [3:20:20,  4.73s/it, bound:4719 nc:1120 ncall:2.0e+07 eff:0.1% logz-ratio=1189817.65+/-0.06 dlogz:119.254>0.01]20869it [3:20:50,  5.51s/it, bound:4720 nc:1159 ncall:2.0e+07 eff:0.1% logz-ratio=1189817.83+/-0.06 dlogz:119.075>0.01]20873it [3:21:07,  5.14s/it, bound:4721 nc:892 ncall:2.0e+07 eff:0.1% logz-ratio=1189818.01+/-0.13 dlogz:118.888>0.01] 20877it [3:21:24,  4.90s/it, bound:4722 nc:1086 ncall:2.0e+07 eff:0.1% logz-ratio=1189818.22+/-0.13 dlogz:118.676>0.01]20881it [3:21:42,  4.79s/it, bound:4723 nc:1251 ncall:2.0e+07 eff:0.1% logz-ratio=1189818.43+/-0.11 dlogz:118.456>0.01]20885it [3:22:00,  4.69s/it, bound:4724 nc:1111 ncall:2.0e+07 eff:0.1% logz-ratio=1189818.64+/-0.11 dlogz:118.235>0.01]20889it [3:22:19,  4.67s/it, bound:4725 nc:1027 ncall:2.0e+07 eff:0.1% logz-ratio=1189818.88+/-0.12 dlogz:117.996>0.01]20893it [3:22:34,  4.46s/it, bound:4726 nc:1123 ncall:2.0e+07 eff:0.1% logz-ratio=1189819.17+/-0.11 dlogz:117.709>0.01]20897it [3:22:54,  4.59s/it, bound:4727 nc:1067 ncall:2.0e+07 eff:0.1% logz-ratio=1189819.43+/-0.07 dlogz:117.428>0.01]20901it [3:23:15,  4.79s/it, bound:4728 nc:1497 ncall:2.0e+07 eff:0.1% logz-ratio=1189819.71+/-0.08 dlogz:117.158>0.01]20905it [3:23:35,  4.86s/it, bound:4729 nc:1378 ncall:2.0e+07 eff:0.1% logz-ratio=1189819.98+/-0.08 dlogz:116.878>0.01]20909it [3:23:58,  5.09s/it, bound:4730 nc:1248 ncall:2.0e+07 eff:0.1% logz-ratio=1189820.26+/-0.08 dlogz:116.587>0.01]20913it [3:24:19,  5.15s/it, bound:4731 nc:1449 ncall:2.0e+07 eff:0.1% logz-ratio=1189820.52+/-0.07 dlogz:116.310>0.01]20917it [3:24:39,  5.10s/it, bound:4732 nc:1375 ncall:2.0e+07 eff:0.1% logz-ratio=1189820.76+/-0.07 dlogz:116.056>0.01]20921it [3:25:00,  5.16s/it, bound:4733 nc:1396 ncall:2.0e+07 eff:0.1% logz-ratio=1189820.98+/-0.07 dlogz:115.824>0.01]20924it [3:25:21,  5.63s/it, bound:4734 nc:2833 ncall:2.0e+07 eff:0.1% logz-ratio=1189821.15+/-0.13 dlogz:115.655>0.01]20928it [3:25:42,  5.49s/it, bound:4735 nc:1391 ncall:2.0e+07 eff:0.1% logz-ratio=1189821.43+/-0.15 dlogz:115.383>0.01]20932it [3:26:03,  5.41s/it, bound:4736 nc:1416 ncall:2.0e+07 eff:0.1% logz-ratio=1189821.71+/-0.15 dlogz:115.084>0.01]20936it [3:26:27,  5.57s/it, bound:4737 nc:1080 ncall:2.0e+07 eff:0.1% logz-ratio=1189821.99+/-0.15 dlogz:114.799>0.01]20940it [3:26:51,  5.77s/it, bound:4738 nc:1649 ncall:2.0e+07 eff:0.1% logz-ratio=1189822.29+/-0.08 dlogz:114.503>0.01]20944it [3:27:26,  6.61s/it, bound:4739 nc:2425 ncall:2.0e+07 eff:0.1% logz-ratio=1189822.60+/-0.11 dlogz:114.180>0.01]20948it [3:27:59,  7.13s/it, bound:4740 nc:2246 ncall:2.0e+07 eff:0.1% logz-ratio=1189822.87+/-0.13 dlogz:113.900>0.01]20952it [3:28:30,  7.31s/it, bound:4741 nc:1785 ncall:2.0e+07 eff:0.1% logz-ratio=1189823.12+/-0.07 dlogz:113.631>0.01]20956it [3:29:00,  7.39s/it, bound:4742 nc:2148 ncall:2.0e+07 eff:0.1% logz-ratio=1189823.39+/-0.11 dlogz:113.359>0.01]20960it [3:29:29,  7.36s/it, bound:4743 nc:1815 ncall:2.0e+07 eff:0.1% logz-ratio=1189823.66+/-0.13 dlogz:113.086>0.01]20964it [3:30:00,  7.44s/it, bound:4744 nc:1734 ncall:2.0e+07 eff:0.1% logz-ratio=1189823.94+/-0.08 dlogz:112.790>0.01]20968it [3:30:28,  7.34s/it, bound:4745 nc:2004 ncall:2.0e+07 eff:0.1% logz-ratio=1189824.21+/-0.10 dlogz:112.517>0.01]20970it [3:30:39,  7.00s/it, bound:4745 nc:1875 ncall:2.0e+07 eff:0.1% logz-ratio=1189824.35+/-0.08 dlogz:112.380>0.01]20972it [3:31:06,  8.35s/it, bound:4746 nc:1923 ncall:2.0e+07 eff:0.1% logz-ratio=1189824.49+/-0.13 dlogz:112.230>0.01]20976it [3:31:35,  7.94s/it, bound:4747 nc:1875 ncall:2.0e+07 eff:0.1% logz-ratio=1189824.76+/-0.08 dlogz:111.945>0.01]20980it [3:32:02,  7.54s/it, bound:4748 nc:1917 ncall:2.0e+07 eff:0.1% logz-ratio=1189825.01+/-0.10 dlogz:111.682>0.01]20984it [3:32:27,  7.10s/it, bound:4749 nc:1755 ncall:2.0e+07 eff:0.1% logz-ratio=1189825.25+/-0.12 dlogz:111.434>0.01]20988it [3:32:52,  6.82s/it, bound:4750 nc:1750 ncall:2.0e+07 eff:0.1% logz-ratio=1189825.49+/-0.07 dlogz:111.193>0.01]20992it [3:33:16,  6.57s/it, bound:4751 nc:1255 ncall:2.0e+07 eff:0.1% logz-ratio=1189825.74+/-0.10 dlogz:110.933>0.01]20996it [3:33:41,  6.43s/it, bound:4752 nc:1748 ncall:2.0e+07 eff:0.1% logz-ratio=1189826.00+/-0.10 dlogz:110.671>0.01]21000it [3:34:01,  6.02s/it, bound:4753 nc:1194 ncall:2.0e+07 eff:0.1% logz-ratio=1189826.26+/-0.13 dlogz:110.401>0.01]21004it [3:34:23,  5.87s/it, bound:4754 nc:1331 ncall:2.0e+07 eff:0.1% logz-ratio=1189826.51+/-0.12 dlogz:110.136>0.01]21008it [3:34:45,  5.77s/it, bound:4755 nc:1581 ncall:2.0e+07 eff:0.1% logz-ratio=1189826.74+/-0.12 dlogz:109.892>0.01]21012it [3:35:09,  5.77s/it, bound:4756 nc:1420 ncall:2.0e+07 eff:0.1% logz-ratio=1189826.96+/-0.13 dlogz:109.669>0.01]21016it [3:35:31,  5.71s/it, bound:4757 nc:1413 ncall:2.0e+07 eff:0.1% logz-ratio=1189827.18+/-0.07 dlogz:109.439>0.01]21020it [3:35:53,  5.69s/it, bound:4758 nc:1588 ncall:2.0e+07 eff:0.1% logz-ratio=1189827.40+/-0.07 dlogz:109.210>0.01]21024it [3:36:16,  5.69s/it, bound:4759 nc:1525 ncall:2.0e+07 eff:0.1% logz-ratio=1189827.63+/-0.07 dlogz:108.972>0.01]21028it [3:36:42,  5.96s/it, bound:4760 nc:1661 ncall:2.0e+07 eff:0.1% logz-ratio=1189827.84+/-0.07 dlogz:108.753>0.01]21032it [3:37:08,  6.06s/it, bound:4761 nc:1782 ncall:2.0e+07 eff:0.1% logz-ratio=1189828.08+/-0.10 dlogz:108.511>0.01]21036it [3:37:35,  6.27s/it, bound:4762 nc:1425 ncall:2.0e+07 eff:0.1% logz-ratio=1189828.32+/-0.12 dlogz:108.255>0.01]21040it [3:37:59,  6.21s/it, bound:4763 nc:1640 ncall:2.0e+07 eff:0.1% logz-ratio=1189828.58+/-0.07 dlogz:107.997>0.01]21044it [3:38:24,  6.19s/it, bound:4764 nc:1740 ncall:2.0e+07 eff:0.1% logz-ratio=1189828.81+/-0.10 dlogz:107.750>0.01]21048it [3:38:48,  6.20s/it, bound:4765 nc:1758 ncall:2.0e+07 eff:0.1% logz-ratio=1189829.03+/-0.11 dlogz:107.523>0.01]21052it [3:39:14,  6.23s/it, bound:4766 nc:1221 ncall:2.0e+07 eff:0.1% logz-ratio=1189829.23+/-0.07 dlogz:107.311>0.01]21056it [3:39:37,  6.12s/it, bound:4767 nc:1673 ncall:2.0e+07 eff:0.1% logz-ratio=1189829.43+/-0.06 dlogz:107.104>0.01]21060it [3:40:03,  6.21s/it, bound:4768 nc:1818 ncall:2.0e+07 eff:0.1% logz-ratio=1189829.61+/-0.09 dlogz:106.909>0.01]21064it [3:40:30,  6.41s/it, bound:4769 nc:1178 ncall:2.0e+07 eff:0.1% logz-ratio=1189829.78+/-0.10 dlogz:106.729>0.01]21068it [3:40:58,  6.53s/it, bound:4770 nc:1680 ncall:2.0e+07 eff:0.1% logz-ratio=1189829.97+/-0.11 dlogz:106.534>0.01]21069it [3:41:08,  6.93s/it, bound:4770 nc:1781 ncall:2.0e+07 eff:0.1% logz-ratio=1189830.02+/-0.07 dlogz:106.485>0.01]21071it [3:41:34,  8.28s/it, bound:4771 nc:1676 ncall:2.0e+07 eff:0.1% logz-ratio=1189830.14+/-0.07 dlogz:106.371>0.01]21075it [3:42:00,  7.57s/it, bound:4772 nc:1518 ncall:2.0e+07 eff:0.1% logz-ratio=1189830.42+/-0.11 dlogz:106.099>0.01]21079it [3:42:29,  7.42s/it, bound:4773 nc:1839 ncall:2.0e+07 eff:0.1% logz-ratio=1189830.70+/-0.13 dlogz:105.807>0.01]21083it [3:42:55,  7.15s/it, bound:4774 nc:1823 ncall:2.0e+07 eff:0.1% logz-ratio=1189830.95+/-0.07 dlogz:105.538>0.01]21087it [3:43:19,  6.76s/it, bound:4775 nc:1599 ncall:2.0e+07 eff:0.1% logz-ratio=1189831.19+/-0.10 dlogz:105.286>0.01]21091it [3:43:44,  6.62s/it, bound:4776 nc:1495 ncall:2.0e+07 eff:0.1% logz-ratio=1189831.42+/-0.12 dlogz:105.045>0.01]21095it [3:44:09,  6.48s/it, bound:4777 nc:1639 ncall:2.0e+07 eff:0.1% logz-ratio=1189831.63+/-0.07 dlogz:104.823>0.01]21099it [3:44:36,  6.56s/it, bound:4778 nc:1821 ncall:2.1e+07 eff:0.1% logz-ratio=1189831.83+/-0.09 dlogz:104.615>0.01]21103it [3:44:58,  6.26s/it, bound:4779 nc:1588 ncall:2.1e+07 eff:0.1% logz-ratio=1189832.00+/-0.10 dlogz:104.428>0.01]21107it [3:45:22,  6.19s/it, bound:4780 nc:1663 ncall:2.1e+07 eff:0.1% logz-ratio=1189832.16+/-0.11 dlogz:104.255>0.01]21111it [3:45:47,  6.18s/it, bound:4781 nc:1557 ncall:2.1e+07 eff:0.1% logz-ratio=1189832.31+/-0.05 dlogz:104.098>0.01]21115it [3:46:10,  6.08s/it, bound:4782 nc:1667 ncall:2.1e+07 eff:0.1% logz-ratio=1189832.46+/-0.08 dlogz:103.945>0.01]21119it [3:46:35,  6.10s/it, bound:4783 nc:1235 ncall:2.1e+07 eff:0.1% logz-ratio=1189832.64+/-0.09 dlogz:103.757>0.01]21123it [3:47:03,  6.33s/it, bound:4784 nc:1938 ncall:2.1e+07 eff:0.1% logz-ratio=1189832.81+/-0.09 dlogz:103.577>0.01]21127it [3:47:28,  6.32s/it, bound:4785 nc:1765 ncall:2.1e+07 eff:0.1% logz-ratio=1189832.99+/-0.10 dlogz:103.398>0.01]21131it [3:47:51,  6.18s/it, bound:4786 nc:1449 ncall:2.1e+07 eff:0.1% logz-ratio=1189833.18+/-0.07 dlogz:103.205>0.01]21135it [3:48:15,  6.11s/it, bound:4787 nc:1505 ncall:2.1e+07 eff:0.1% logz-ratio=1189833.43+/-0.11 dlogz:102.962>0.01]21139it [3:48:39,  6.06s/it, bound:4788 nc:1512 ncall:2.1e+07 eff:0.1% logz-ratio=1189833.75+/-0.12 dlogz:102.651>0.01]21143it [3:49:01,  5.95s/it, bound:4789 nc:1586 ncall:2.1e+07 eff:0.1% logz-ratio=1189834.04+/-0.13 dlogz:102.345>0.01]21147it [3:49:26,  5.98s/it, bound:4790 nc:1441 ncall:2.1e+07 eff:0.1% logz-ratio=1189834.33+/-0.15 dlogz:102.040>0.01]21151it [3:49:48,  5.87s/it, bound:4791 nc:1533 ncall:2.1e+07 eff:0.1% logz-ratio=1189834.64+/-0.08 dlogz:101.731>0.01]21155it [3:50:08,  5.60s/it, bound:4792 nc:1311 ncall:2.1e+07 eff:0.1% logz-ratio=1189834.93+/-0.08 dlogz:101.419>0.01]21159it [3:50:28,  5.44s/it, bound:4793 nc:1445 ncall:2.1e+07 eff:0.1% logz-ratio=1189835.18+/-0.07 dlogz:101.158>0.01]21163it [3:50:48,  5.32s/it, bound:4794 nc:1260 ncall:2.1e+07 eff:0.1% logz-ratio=1189835.39+/-0.07 dlogz:100.931>0.01]21167it [3:51:08,  5.16s/it, bound:4795 nc:1346 ncall:2.1e+07 eff:0.1% logz-ratio=1189835.58+/-0.06 dlogz:100.730>0.01]21171it [3:51:39,  5.99s/it, bound:4796 nc:1380 ncall:2.1e+07 eff:0.1% logz-ratio=1189835.78+/-0.07 dlogz:100.522>0.01]21175it [3:52:01,  5.79s/it, bound:4797 nc:1520 ncall:2.1e+07 eff:0.1% logz-ratio=1189835.97+/-0.06 dlogz:100.319>0.01]21179it [3:52:21,  5.59s/it, bound:4798 nc:1411 ncall:2.1e+07 eff:0.1% logz-ratio=1189836.15+/-0.06 dlogz:100.131>0.01]21183it [3:52:42,  5.46s/it, bound:4799 nc:1334 ncall:2.1e+07 eff:0.1% logz-ratio=1189836.32+/-0.06 dlogz:99.951>0.01] 21187it [3:53:04,  5.48s/it, bound:4800 nc:1588 ncall:2.1e+07 eff:0.1% logz-ratio=1189836.49+/-0.06 dlogz:99.774>0.01]21191it [3:53:22,  5.23s/it, bound:4801 nc:1307 ncall:2.1e+07 eff:0.1% logz-ratio=1189836.67+/-0.06 dlogz:99.588>0.01]21195it [3:53:44,  5.26s/it, bound:4802 nc:1398 ncall:2.1e+07 eff:0.1% logz-ratio=1189836.84+/-0.06 dlogz:99.407>0.01]21199it [3:54:04,  5.17s/it, bound:4803 nc:1404 ncall:2.1e+07 eff:0.1% logz-ratio=1189837.02+/-0.06 dlogz:99.221>0.01]21203it [3:54:22,  5.02s/it, bound:4804 nc:1005 ncall:2.1e+07 eff:0.1% logz-ratio=1189837.18+/-0.06 dlogz:99.049>0.01]21207it [3:54:42,  5.01s/it, bound:4805 nc:1370 ncall:2.1e+07 eff:0.1% logz-ratio=1189837.36+/-0.06 dlogz:98.867>0.01]21211it [3:55:03,  5.07s/it, bound:4806 nc:1478 ncall:2.1e+07 eff:0.1% logz-ratio=1189837.53+/-0.06 dlogz:98.688>0.01]21215it [3:55:23,  5.01s/it, bound:4807 nc:1395 ncall:2.1e+07 eff:0.1% logz-ratio=1189837.72+/-0.07 dlogz:98.495>0.01]21219it [3:55:42,  4.97s/it, bound:4808 nc:1260 ncall:2.1e+07 eff:0.1% logz-ratio=1189837.95+/-0.07 dlogz:98.271>0.01]21223it [3:56:02,  5.00s/it, bound:4809 nc:1177 ncall:2.1e+07 eff:0.1% logz-ratio=1189838.18+/-0.07 dlogz:98.023>0.01]21227it [3:56:24,  5.16s/it, bound:4810 nc:1418 ncall:2.1e+07 eff:0.1% logz-ratio=1189838.40+/-0.07 dlogz:97.795>0.01]21231it [3:56:45,  5.16s/it, bound:4811 nc:1409 ncall:2.1e+07 eff:0.1% logz-ratio=1189838.63+/-0.07 dlogz:97.557>0.01]21235it [3:57:05,  5.14s/it, bound:4812 nc:1283 ncall:2.1e+07 eff:0.1% logz-ratio=1189838.85+/-0.07 dlogz:97.330>0.01]21239it [3:57:26,  5.17s/it, bound:4813 nc:1282 ncall:2.1e+07 eff:0.1% logz-ratio=1189839.08+/-0.07 dlogz:97.094>0.01]21243it [3:57:46,  5.11s/it, bound:4814 nc:1294 ncall:2.1e+07 eff:0.1% logz-ratio=1189839.30+/-0.07 dlogz:96.860>0.01]21247it [3:58:06,  5.05s/it, bound:4815 nc:1360 ncall:2.1e+07 eff:0.1% logz-ratio=1189839.51+/-0.07 dlogz:96.642>0.01]21251it [3:58:26,  5.01s/it, bound:4816 nc:1254 ncall:2.1e+07 eff:0.1% logz-ratio=1189839.73+/-0.07 dlogz:96.413>0.01]21255it [3:58:45,  4.93s/it, bound:4817 nc:1331 ncall:2.1e+07 eff:0.1% logz-ratio=1189839.96+/-0.07 dlogz:96.179>0.01]21259it [3:59:03,  4.86s/it, bound:4818 nc:1078 ncall:2.1e+07 eff:0.1% logz-ratio=1189840.18+/-0.07 dlogz:95.946>0.01]21263it [3:59:23,  4.84s/it, bound:4819 nc:1075 ncall:2.1e+07 eff:0.1% logz-ratio=1189840.39+/-0.07 dlogz:95.732>0.01]21267it [3:59:42,  4.85s/it, bound:4820 nc:1290 ncall:2.1e+07 eff:0.1% logz-ratio=1189840.58+/-0.07 dlogz:95.528>0.01]21271it [4:00:01,  4.80s/it, bound:4821 nc:1295 ncall:2.1e+07 eff:0.1% logz-ratio=1189840.77+/-0.06 dlogz:95.331>0.01]21275it [4:00:20,  4.81s/it, bound:4822 nc:1367 ncall:2.1e+07 eff:0.1% logz-ratio=1189840.95+/-0.06 dlogz:95.139>0.01]21279it [4:00:41,  4.93s/it, bound:4823 nc:1466 ncall:2.1e+07 eff:0.1% logz-ratio=1189841.11+/-0.06 dlogz:94.966>0.01]21283it [4:01:01,  4.97s/it, bound:4824 nc:1436 ncall:2.1e+07 eff:0.1% logz-ratio=1189841.26+/-0.06 dlogz:94.802>0.01]21287it [4:01:21,  4.93s/it, bound:4825 nc:1129 ncall:2.1e+07 eff:0.1% logz-ratio=1189841.44+/-0.06 dlogz:94.631>0.01]21291it [4:01:54,  5.97s/it, bound:4826 nc:1551 ncall:2.1e+07 eff:0.1% logz-ratio=1189841.63+/-0.07 dlogz:94.428>0.01]21295it [4:02:15,  5.76s/it, bound:4827 nc:1331 ncall:2.1e+07 eff:0.1% logz-ratio=1189841.83+/-0.06 dlogz:94.226>0.01]21299it [4:02:37,  5.64s/it, bound:4828 nc:1432 ncall:2.1e+07 eff:0.1% logz-ratio=1189842.01+/-0.06 dlogz:94.029>0.01]21303it [4:02:59,  5.64s/it, bound:4829 nc:1129 ncall:2.1e+07 eff:0.1% logz-ratio=1189842.19+/-0.06 dlogz:93.840>0.01]21307it [4:03:22,  5.65s/it, bound:4830 nc:1542 ncall:2.1e+07 eff:0.1% logz-ratio=1189842.39+/-0.07 dlogz:93.646>0.01]21311it [4:03:53,  6.28s/it, bound:4831 nc:1833 ncall:2.1e+07 eff:0.1% logz-ratio=1189842.58+/-0.07 dlogz:93.441>0.01]21315it [4:04:25,  6.79s/it, bound:4832 nc:1582 ncall:2.1e+07 eff:0.1% logz-ratio=1189842.78+/-0.09 dlogz:93.233>0.01]21319it [4:04:56,  7.13s/it, bound:4833 nc:2015 ncall:2.1e+07 eff:0.1% logz-ratio=1189842.98+/-0.11 dlogz:93.022>0.01]21323it [4:05:30,  7.54s/it, bound:4834 nc:1868 ncall:2.1e+07 eff:0.1% logz-ratio=1189843.17+/-0.06 dlogz:92.825>0.01]21327it [4:06:05,  7.90s/it, bound:4835 nc:2062 ncall:2.1e+07 eff:0.1% logz-ratio=1189843.35+/-0.09 dlogz:92.638>0.01]21331it [4:06:42,  8.28s/it, bound:4836 nc:2002 ncall:2.1e+07 eff:0.1% logz-ratio=1189843.53+/-0.11 dlogz:92.450>0.01]21334it [4:06:42,  6.27s/it, bound:4837 nc:  1 ncall:2.1e+07 eff:0.1% logz-ratio=1189862.08+/-0.31 dlogz:72.911>0.01] 21334it [4:07:00,  6.27s/it, bound:4837 nc:  1 ncall:2.1e+07 eff:0.1% logz-ratio=1189929.02+/-0.81 dlogz:1.098>0.01] 21335it [4:07:18,  9.34s/it, bound:4837 nc:1847 ncall:2.1e+07 eff:0.1% logz-ratio=1189843.70+/-0.06 dlogz:92.268>0.01]21339it [4:07:50,  8.84s/it, bound:4838 nc:1848 ncall:2.1e+07 eff:0.1% logz-ratio=1189843.86+/-0.08 dlogz:92.099>0.01]21343it [4:08:27,  8.98s/it, bound:4839 nc:1634 ncall:2.1e+07 eff:0.1% logz-ratio=1189844.03+/-0.11 dlogz:91.924>0.01]21347it [4:09:06,  9.28s/it, bound:4840 nc:1859 ncall:2.1e+07 eff:0.1% logz-ratio=1189844.20+/-0.06 dlogz:91.741>0.01]21351it [4:09:43,  9.19s/it, bound:4841 nc:1808 ncall:2.1e+07 eff:0.1% logz-ratio=1189844.35+/-0.08 dlogz:91.575>0.01]21355it [4:10:11,  8.55s/it, bound:4842 nc:1505 ncall:2.1e+07 eff:0.1% logz-ratio=1189844.50+/-0.09 dlogz:91.425>0.01]21359it [4:10:37,  7.93s/it, bound:4843 nc:1717 ncall:2.1e+07 eff:0.1% logz-ratio=1189844.64+/-0.06 dlogz:91.273>0.01]21363it [4:11:03,  7.50s/it, bound:4844 nc:1858 ncall:2.1e+07 eff:0.1% logz-ratio=1189844.79+/-0.08 dlogz:91.118>0.01]21367it [4:11:28,  7.08s/it, bound:4845 nc:1225 ncall:2.1e+07 eff:0.1% logz-ratio=1189844.96+/-0.10 dlogz:90.946>0.01]21368it [4:11:39,  7.46s/it, bound:4845 nc:1589 ncall:2.1e+07 eff:0.1% logz-ratio=1189845.00+/-0.06 dlogz:90.904>0.01]21371it [4:12:04,  7.75s/it, bound:4846 nc:1390 ncall:2.1e+07 eff:0.1% logz-ratio=1189845.12+/-0.06 dlogz:90.778>0.01]21375it [4:12:27,  6.99s/it, bound:4847 nc:1550 ncall:2.1e+07 eff:0.1% logz-ratio=1189845.27+/-0.06 dlogz:90.615>0.01]21379it [4:12:47,  6.34s/it, bound:4848 nc:1441 ncall:2.1e+07 eff:0.1% logz-ratio=1189845.41+/-0.06 dlogz:90.459>0.01]21383it [4:13:12,  6.28s/it, bound:4849 nc:1743 ncall:2.1e+07 eff:0.1% logz-ratio=1189845.56+/-0.06 dlogz:90.307>0.01]21387it [4:13:34,  6.08s/it, bound:4850 nc:1483 ncall:2.1e+07 eff:0.1% logz-ratio=1189845.70+/-0.08 dlogz:90.156>0.01]21391it [4:13:54,  5.74s/it, bound:4851 nc:1420 ncall:2.1e+07 eff:0.1% logz-ratio=1189845.83+/-0.08 dlogz:90.011>0.01]21395it [4:14:18,  5.76s/it, bound:4852 nc:1651 ncall:2.1e+07 eff:0.1% logz-ratio=1189845.97+/-0.08 dlogz:89.873>0.01]21399it [4:14:39,  5.65s/it, bound:4853 nc:1541 ncall:2.1e+07 eff:0.1% logz-ratio=1189846.11+/-0.08 dlogz:89.723>0.01]21403it [4:15:00,  5.53s/it, bound:4854 nc:1025 ncall:2.1e+07 eff:0.1% logz-ratio=1189846.24+/-0.07 dlogz:89.583>0.01]21407it [4:15:21,  5.41s/it, bound:4855 nc:1393 ncall:2.1e+07 eff:0.1% logz-ratio=1189846.36+/-0.07 dlogz:89.452>0.01]21411it [4:15:40,  5.26s/it, bound:4856 nc:986 ncall:2.1e+07 eff:0.1% logz-ratio=1189846.48+/-0.07 dlogz:89.325>0.01] 21415it [4:16:01,  5.26s/it, bound:4857 nc:1497 ncall:2.1e+07 eff:0.1% logz-ratio=1189846.60+/-0.07 dlogz:89.194>0.01]21419it [4:16:23,  5.31s/it, bound:4858 nc:1188 ncall:2.1e+07 eff:0.1% logz-ratio=1189846.73+/-0.07 dlogz:89.059>0.01]21423it [4:16:50,  5.72s/it, bound:4859 nc:1557 ncall:2.1e+07 eff:0.1% logz-ratio=1189846.86+/-0.08 dlogz:88.919>0.01]21427it [4:17:15,  5.86s/it, bound:4860 nc:1493 ncall:2.1e+07 eff:0.1% logz-ratio=1189847.00+/-0.09 dlogz:88.771>0.01]21431it [4:17:40,  5.98s/it, bound:4861 nc:1784 ncall:2.1e+07 eff:0.1% logz-ratio=1189847.14+/-0.05 dlogz:88.629>0.01]21435it [4:18:06,  6.16s/it, bound:4862 nc:1656 ncall:2.1e+07 eff:0.1% logz-ratio=1189847.28+/-0.08 dlogz:88.482>0.01]21439it [4:18:32,  6.25s/it, bound:4863 nc:1563 ncall:2.1e+07 eff:0.1% logz-ratio=1189847.44+/-0.10 dlogz:88.315>0.01]21443it [4:18:58,  6.38s/it, bound:4864 nc:1889 ncall:2.1e+07 eff:0.1% logz-ratio=1189847.61+/-0.06 dlogz:88.147>0.01]21447it [4:19:23,  6.32s/it, bound:4865 nc:1680 ncall:2.1e+07 eff:0.1% logz-ratio=1189847.78+/-0.09 dlogz:87.963>0.01]21451it [4:19:48,  6.27s/it, bound:4866 nc:1748 ncall:2.1e+07 eff:0.1% logz-ratio=1189847.94+/-0.10 dlogz:87.788>0.01]21455it [4:20:12,  6.24s/it, bound:4867 nc:1658 ncall:2.1e+07 eff:0.1% logz-ratio=1189848.09+/-0.06 dlogz:87.629>0.01]21459it [4:20:36,  6.12s/it, bound:4868 nc:1117 ncall:2.1e+07 eff:0.1% logz-ratio=1189848.24+/-0.08 dlogz:87.477>0.01]21463it [4:21:00,  6.08s/it, bound:4869 nc:1448 ncall:2.1e+07 eff:0.1% logz-ratio=1189848.39+/-0.08 dlogz:87.319>0.01]21467it [4:21:23,  5.99s/it, bound:4870 nc:1525 ncall:2.1e+07 eff:0.1% logz-ratio=1189848.54+/-0.10 dlogz:87.160>0.01]21471it [4:21:46,  5.96s/it, bound:4871 nc:1587 ncall:2.1e+07 eff:0.1% logz-ratio=1189848.69+/-0.10 dlogz:87.001>0.01]21472it [4:21:57,  6.45s/it, bound:4871 nc:1677 ncall:2.1e+07 eff:0.1% logz-ratio=1189848.73+/-0.06 dlogz:86.957>0.01]21475it [4:22:21,  6.89s/it, bound:4872 nc:1469 ncall:2.1e+07 eff:0.1% logz-ratio=1189848.85+/-0.06 dlogz:86.835>0.01]21479it [4:22:45,  6.55s/it, bound:4873 nc:1610 ncall:2.1e+07 eff:0.1% logz-ratio=1189849.00+/-0.08 dlogz:86.675>0.01]21483it [4:23:10,  6.42s/it, bound:4874 nc:1634 ncall:2.1e+07 eff:0.1% logz-ratio=1189849.16+/-0.08 dlogz:86.514>0.01]21487it [4:23:33,  6.24s/it, bound:4875 nc:1577 ncall:2.1e+07 eff:0.1% logz-ratio=1189849.32+/-0.10 dlogz:86.341>0.01]21491it [4:23:55,  6.00s/it, bound:4876 nc:1422 ncall:2.1e+07 eff:0.1% logz-ratio=1189849.50+/-0.12 dlogz:86.158>0.01]21495it [4:24:18,  5.91s/it, bound:4877 nc:1498 ncall:2.1e+07 eff:0.1% logz-ratio=1189849.69+/-0.12 dlogz:85.966>0.01]21499it [4:24:41,  5.82s/it, bound:4878 nc:1611 ncall:2.1e+07 eff:0.1% logz-ratio=1189849.87+/-0.12 dlogz:85.774>0.01]21503it [4:25:03,  5.75s/it, bound:4879 nc:1543 ncall:2.1e+07 eff:0.1% logz-ratio=1189850.04+/-0.12 dlogz:85.590>0.01]21507it [4:25:25,  5.68s/it, bound:4880 nc:1345 ncall:2.1e+07 eff:0.1% logz-ratio=1189850.21+/-0.12 dlogz:85.409>0.01]21511it [4:25:45,  5.50s/it, bound:4881 nc:1296 ncall:2.1e+07 eff:0.1% logz-ratio=1189850.39+/-0.12 dlogz:85.232>0.01]21515it [4:26:07,  5.45s/it, bound:4882 nc:1331 ncall:2.1e+07 eff:0.1% logz-ratio=1189850.55+/-0.12 dlogz:85.053>0.01]21519it [4:26:26,  5.30s/it, bound:4883 nc:1307 ncall:2.1e+07 eff:0.1% logz-ratio=1189850.70+/-0.11 dlogz:84.891>0.01]21523it [4:26:49,  5.43s/it, bound:4884 nc:1480 ncall:2.1e+07 eff:0.1% logz-ratio=1189850.86+/-0.12 dlogz:84.725>0.01]21527it [4:27:10,  5.38s/it, bound:4885 nc:1262 ncall:2.1e+07 eff:0.1% logz-ratio=1189851.03+/-0.12 dlogz:84.554>0.01]21531it [4:27:36,  5.66s/it, bound:4886 nc:1344 ncall:2.1e+07 eff:0.1% logz-ratio=1189851.22+/-0.13 dlogz:84.365>0.01]21535it [4:28:04,  6.07s/it, bound:4887 nc:1330 ncall:2.1e+07 eff:0.1% logz-ratio=1189851.43+/-0.13 dlogz:84.144>0.01]21539it [4:28:27,  5.96s/it, bound:4888 nc:1530 ncall:2.1e+07 eff:0.1% logz-ratio=1189851.62+/-0.13 dlogz:83.944>0.01]21543it [4:28:59,  6.61s/it, bound:4889 nc:1301 ncall:2.1e+07 eff:0.1% logz-ratio=1189851.80+/-0.12 dlogz:83.754>0.01]21547it [4:29:29,  6.88s/it, bound:4890 nc:1324 ncall:2.1e+07 eff:0.1% logz-ratio=1189851.96+/-0.12 dlogz:83.582>0.01]21551it [4:29:52,  6.50s/it, bound:4891 nc:1381 ncall:2.1e+07 eff:0.1% logz-ratio=1189852.11+/-0.11 dlogz:83.422>0.01]21555it [4:30:22,  6.85s/it, bound:4892 nc:1450 ncall:2.1e+07 eff:0.1% logz-ratio=1189852.27+/-0.11 dlogz:83.261>0.01]21559it [4:30:52,  7.04s/it, bound:4893 nc:1434 ncall:2.1e+07 eff:0.1% logz-ratio=1189852.42+/-0.11 dlogz:83.095>0.01]21563it [4:31:14,  6.55s/it, bound:4894 nc:1157 ncall:2.1e+07 eff:0.1% logz-ratio=1189852.58+/-0.12 dlogz:82.930>0.01]21567it [4:31:39,  6.44s/it, bound:4895 nc:1440 ncall:2.1e+07 eff:0.1% logz-ratio=1189852.74+/-0.12 dlogz:82.758>0.01]21571it [4:32:05,  6.48s/it, bound:4896 nc:1529 ncall:2.1e+07 eff:0.1% logz-ratio=1189852.91+/-0.12 dlogz:82.588>0.01]21572it [4:32:17,  7.00s/it, bound:4896 nc:1536 ncall:2.1e+07 eff:0.1% logz-ratio=1189852.95+/-0.06 dlogz:82.546>0.01]21575it [4:32:47,  7.89s/it, bound:4897 nc:1327 ncall:2.1e+07 eff:0.1% logz-ratio=1189853.07+/-0.06 dlogz:82.416>0.01]21579it [4:33:16,  7.67s/it, bound:4898 nc:1445 ncall:2.1e+07 eff:0.1% logz-ratio=1189853.23+/-0.06 dlogz:82.249>0.01]21583it [4:33:44,  7.48s/it, bound:4899 nc:1391 ncall:2.1e+07 eff:0.1% logz-ratio=1189853.40+/-0.06 dlogz:82.069>0.01]21587it [4:34:08,  6.97s/it, bound:4900 nc:1211 ncall:2.1e+07 eff:0.1% logz-ratio=1189853.57+/-0.06 dlogz:81.893>0.01]21591it [4:34:36,  6.95s/it, bound:4901 nc:1320 ncall:2.1e+07 eff:0.1% logz-ratio=1189853.72+/-0.06 dlogz:81.729>0.01]21595it [4:35:03,  6.93s/it, bound:4902 nc:1297 ncall:2.1e+07 eff:0.1% logz-ratio=1189853.87+/-0.06 dlogz:81.569>0.01]21599it [4:35:32,  6.99s/it, bound:4903 nc:967 ncall:2.1e+07 eff:0.1% logz-ratio=1189854.03+/-0.06 dlogz:81.410>0.01] 21603it [4:35:56,  6.71s/it, bound:4904 nc:1194 ncall:2.1e+07 eff:0.1% logz-ratio=1189854.17+/-0.06 dlogz:81.251>0.01]21607it [4:36:13,  6.00s/it, bound:4905 nc:1166 ncall:2.1e+07 eff:0.1% logz-ratio=1189854.31+/-0.06 dlogz:81.107>0.01]21611it [4:36:32,  5.59s/it, bound:4906 nc:1213 ncall:2.1e+07 eff:0.1% logz-ratio=1189854.46+/-0.06 dlogz:80.953>0.01]21615it [4:36:51,  5.30s/it, bound:4907 nc:1234 ncall:2.1e+07 eff:0.1% logz-ratio=1189854.61+/-0.06 dlogz:80.793>0.01]21619it [4:37:10,  5.15s/it, bound:4908 nc:1337 ncall:2.1e+07 eff:0.1% logz-ratio=1189854.75+/-0.06 dlogz:80.643>0.01]21623it [4:37:26,  4.83s/it, bound:4909 nc:1045 ncall:2.1e+07 eff:0.1% logz-ratio=1189854.89+/-0.05 dlogz:80.497>0.01]21627it [4:37:44,  4.71s/it, bound:4910 nc:1180 ncall:2.1e+07 eff:0.1% logz-ratio=1189855.02+/-0.12 dlogz:80.357>0.01]21631it [4:38:02,  4.70s/it, bound:4911 nc:1101 ncall:2.1e+07 eff:0.1% logz-ratio=1189855.16+/-0.11 dlogz:80.213>0.01]21635it [4:38:21,  4.67s/it, bound:4912 nc:1284 ncall:2.1e+07 eff:0.1% logz-ratio=1189855.31+/-0.10 dlogz:80.051>0.01]21639it [4:38:40,  4.70s/it, bound:4913 nc:1105 ncall:2.1e+07 eff:0.1% logz-ratio=1189855.48+/-0.10 dlogz:79.880>0.01]21643it [4:38:58,  4.64s/it, bound:4914 nc:1104 ncall:2.1e+07 eff:0.1% logz-ratio=1189855.63+/-0.10 dlogz:79.716>0.01]21647it [4:39:15,  4.56s/it, bound:4915 nc:1130 ncall:2.1e+07 eff:0.1% logz-ratio=1189855.77+/-0.09 dlogz:79.564>0.01]21651it [4:39:34,  4.58s/it, bound:4916 nc:805 ncall:2.1e+07 eff:0.1% logz-ratio=1189855.91+/-0.08 dlogz:79.418>0.01] 21655it [4:39:52,  4.56s/it, bound:4917 nc:1126 ncall:2.1e+07 eff:0.1% logz-ratio=1189856.04+/-0.05 dlogz:79.276>0.01]21659it [4:40:09,  4.44s/it, bound:4918 nc:1125 ncall:2.1e+07 eff:0.1% logz-ratio=1189856.18+/-0.06 dlogz:79.129>0.01]21663it [4:40:26,  4.38s/it, bound:4919 nc:1180 ncall:2.1e+07 eff:0.1% logz-ratio=1189856.35+/-0.13 dlogz:78.967>0.01]21667it [4:40:51,  4.96s/it, bound:4920 nc:1681 ncall:2.1e+07 eff:0.1% logz-ratio=1189856.52+/-0.12 dlogz:78.788>0.01]21671it [4:41:17,  5.44s/it, bound:4921 nc:1776 ncall:2.1e+07 eff:0.1% logz-ratio=1189856.68+/-0.06 dlogz:78.616>0.01]21675it [4:41:43,  5.78s/it, bound:4922 nc:1807 ncall:2.1e+07 eff:0.1% logz-ratio=1189856.83+/-0.08 dlogz:78.455>0.01]21679it [4:42:07,  5.79s/it, bound:4923 nc:1606 ncall:2.1e+07 eff:0.1% logz-ratio=1189856.99+/-0.10 dlogz:78.287>0.01]21683it [4:42:32,  5.96s/it, bound:4924 nc:1715 ncall:2.1e+07 eff:0.1% logz-ratio=1189857.18+/-0.07 dlogz:78.100>0.01]21686it [4:42:43,  5.41s/it, bound:4925 nc:1518 ncall:2.1e+07 eff:0.1% logz-ratio=1189857.32+/-0.06 dlogz:77.950>0.01]21687it [4:43:07,  7.37s/it, bound:4925 nc:1601 ncall:2.1e+07 eff:0.1% logz-ratio=1189857.37+/-0.09 dlogz:77.901>0.01]21691it [4:43:31,  6.84s/it, bound:4926 nc:1433 ncall:2.1e+07 eff:0.1% logz-ratio=1189857.56+/-0.11 dlogz:77.704>0.01]21695it [4:43:54,  6.42s/it, bound:4927 nc:1537 ncall:2.1e+07 eff:0.1% logz-ratio=1189857.76+/-0.13 dlogz:77.497>0.01]21699it [4:44:16,  6.12s/it, bound:4928 nc:1334 ncall:2.1e+07 eff:0.1% logz-ratio=1189857.94+/-0.12 dlogz:77.306>0.01]21703it [4:44:38,  5.94s/it, bound:4929 nc:1555 ncall:2.1e+07 eff:0.1% logz-ratio=1189858.12+/-0.12 dlogz:77.119>0.01]21707it [4:45:02,  5.94s/it, bound:4930 nc:1429 ncall:2.1e+07 eff:0.1% logz-ratio=1189858.28+/-0.12 dlogz:76.940>0.01]21711it [4:45:25,  5.86s/it, bound:4931 nc:1327 ncall:2.1e+07 eff:0.1% logz-ratio=1189858.44+/-0.12 dlogz:76.771>0.01]21715it [4:45:45,  5.63s/it, bound:4932 nc:1323 ncall:2.1e+07 eff:0.1% logz-ratio=1189858.59+/-0.11 dlogz:76.614>0.01]21719it [4:46:07,  5.62s/it, bound:4933 nc:1580 ncall:2.1e+07 eff:0.1% logz-ratio=1189858.73+/-0.11 dlogz:76.464>0.01]21723it [4:46:29,  5.53s/it, bound:4934 nc:1496 ncall:2.1e+07 eff:0.1% logz-ratio=1189858.87+/-0.11 dlogz:76.318>0.01]21724it [4:46:29,  5.02s/it, bound:4934 nc:1405 ncall:2.1e+07 eff:0.1% logz-ratio=1189858.90+/-0.05 dlogz:76.282>0.01]21727it [4:46:56,  6.23s/it, bound:4935 nc:1910 ncall:2.1e+07 eff:0.1% logz-ratio=1189859.00+/-0.11 dlogz:76.176>0.01]21731it [4:47:23,  6.36s/it, bound:4936 nc:1673 ncall:2.1e+07 eff:0.1% logz-ratio=1189859.13+/-0.05 dlogz:76.036>0.01]21735it [4:47:50,  6.53s/it, bound:4937 nc:1882 ncall:2.1e+07 eff:0.1% logz-ratio=1189859.27+/-0.08 dlogz:75.892>0.01]21739it [4:48:17,  6.56s/it, bound:4938 nc:1688 ncall:2.1e+07 eff:0.1% logz-ratio=1189859.43+/-0.10 dlogz:75.730>0.01]21743it [4:48:41,  6.42s/it, bound:4939 nc:1688 ncall:2.1e+07 eff:0.1% logz-ratio=1189859.58+/-0.06 dlogz:75.568>0.01]21747it [4:49:09,  6.59s/it, bound:4940 nc:1547 ncall:2.1e+07 eff:0.1% logz-ratio=1189859.75+/-0.09 dlogz:75.397>0.01]21751it [4:49:34,  6.47s/it, bound:4941 nc:1594 ncall:2.1e+07 eff:0.1% logz-ratio=1189859.96+/-0.09 dlogz:75.187>0.01]21755it [4:49:59,  6.44s/it, bound:4942 nc:1472 ncall:2.1e+07 eff:0.1% logz-ratio=1189860.14+/-0.09 dlogz:74.988>0.01]21759it [4:50:24,  6.39s/it, bound:4943 nc:1519 ncall:2.1e+07 eff:0.1% logz-ratio=1189860.32+/-0.10 dlogz:74.802>0.01]21763it [4:50:49,  6.29s/it, bound:4944 nc:1720 ncall:2.1e+07 eff:0.1% logz-ratio=1189860.50+/-0.12 dlogz:74.615>0.01]21767it [4:51:12,  6.13s/it, bound:4945 nc:1563 ncall:2.1e+07 eff:0.1% logz-ratio=1189860.69+/-0.12 dlogz:74.422>0.01]21771it [4:51:35,  6.00s/it, bound:4946 nc:1432 ncall:2.1e+07 eff:0.1% logz-ratio=1189860.88+/-0.07 dlogz:74.225>0.01]21775it [4:51:55,  5.75s/it, bound:4947 nc:1305 ncall:2.1e+07 eff:0.1% logz-ratio=1189861.06+/-0.06 dlogz:74.030>0.01]21779it [4:52:16,  5.61s/it, bound:4948 nc:1387 ncall:2.1e+07 eff:0.1% logz-ratio=1189861.23+/-0.06 dlogz:73.851>0.01]21783it [4:52:36,  5.40s/it, bound:4949 nc:1201 ncall:2.2e+07 eff:0.1% logz-ratio=1189861.39+/-0.06 dlogz:73.680>0.01]21787it [4:52:57,  5.37s/it, bound:4950 nc:1354 ncall:2.2e+07 eff:0.1% logz-ratio=1189861.54+/-0.06 dlogz:73.518>0.01]21791it [4:53:30,  6.22s/it, bound:4951 nc:1369 ncall:2.2e+07 eff:0.1% logz-ratio=1189861.69+/-0.06 dlogz:73.363>0.01]21795it [4:53:57,  6.35s/it, bound:4952 nc:1407 ncall:2.2e+07 eff:0.1% logz-ratio=1189861.83+/-0.06 dlogz:73.216>0.01]21799it [4:54:19,  6.11s/it, bound:4953 nc:1243 ncall:2.2e+07 eff:0.1% logz-ratio=1189861.97+/-0.06 dlogz:73.061>0.01]21803it [4:54:43,  6.08s/it, bound:4954 nc:1377 ncall:2.2e+07 eff:0.1% logz-ratio=1189862.13+/-0.06 dlogz:72.901>0.01]21807it [4:55:06,  6.01s/it, bound:4955 nc:1301 ncall:2.2e+07 eff:0.1% logz-ratio=1189862.30+/-0.06 dlogz:72.726>0.01]21811it [4:55:32,  6.17s/it, bound:4956 nc:1233 ncall:2.2e+07 eff:0.1% logz-ratio=1189862.48+/-0.06 dlogz:72.537>0.01]21815it [4:56:01,  6.44s/it, bound:4957 nc:1474 ncall:2.2e+07 eff:0.1% logz-ratio=1189862.65+/-0.06 dlogz:72.359>0.01]21819it [4:56:27,  6.48s/it, bound:4958 nc:1251 ncall:2.2e+07 eff:0.1% logz-ratio=1189862.82+/-0.06 dlogz:72.185>0.01]21823it [4:56:51,  6.34s/it, bound:4959 nc:1405 ncall:2.2e+07 eff:0.1% logz-ratio=1189862.98+/-0.06 dlogz:72.008>0.01]21827it [4:57:17,  6.41s/it, bound:4960 nc:1252 ncall:2.2e+07 eff:0.1% logz-ratio=1189863.13+/-0.06 dlogz:71.847>0.01]21831it [4:57:44,  6.48s/it, bound:4961 nc:1145 ncall:2.2e+07 eff:0.1% logz-ratio=1189863.28+/-0.06 dlogz:71.687>0.01]21835it [4:58:07,  6.28s/it, bound:4962 nc:912 ncall:2.2e+07 eff:0.1% logz-ratio=1189863.43+/-0.06 dlogz:71.532>0.01] 21839it [4:58:32,  6.23s/it, bound:4963 nc:1432 ncall:2.2e+07 eff:0.1% logz-ratio=1189863.59+/-0.13 dlogz:71.366>0.01]21843it [4:59:00,  6.46s/it, bound:4964 nc:1401 ncall:2.2e+07 eff:0.1% logz-ratio=1189863.75+/-0.11 dlogz:71.201>0.01]21847it [4:59:27,  6.54s/it, bound:4965 nc:1458 ncall:2.2e+07 eff:0.1% logz-ratio=1189863.89+/-0.11 dlogz:71.046>0.01]21851it [4:59:51,  6.41s/it, bound:4966 nc:1417 ncall:2.2e+07 eff:0.1% logz-ratio=1189864.03+/-0.11 dlogz:70.899>0.01]21855it [5:00:13,  6.14s/it, bound:4967 nc:1092 ncall:2.2e+07 eff:0.1% logz-ratio=1189864.16+/-0.11 dlogz:70.756>0.01]21859it [5:00:34,  5.87s/it, bound:4968 nc:1362 ncall:2.2e+07 eff:0.1% logz-ratio=1189864.30+/-0.11 dlogz:70.615>0.01]21863it [5:00:57,  5.85s/it, bound:4969 nc:1256 ncall:2.2e+07 eff:0.1% logz-ratio=1189864.42+/-0.10 dlogz:70.476>0.01]21867it [5:01:26,  6.23s/it, bound:4970 nc:1471 ncall:2.2e+07 eff:0.1% logz-ratio=1189864.55+/-0.09 dlogz:70.346>0.01]21871it [5:01:54,  6.53s/it, bound:4971 nc:1514 ncall:2.2e+07 eff:0.1% logz-ratio=1189864.67+/-0.09 dlogz:70.212>0.01]21875it [5:02:25,  6.83s/it, bound:4972 nc:1672 ncall:2.2e+07 eff:0.1% logz-ratio=1189864.81+/-0.09 dlogz:70.075>0.01]21879it [5:02:53,  6.91s/it, bound:4973 nc:1606 ncall:2.2e+07 eff:0.1% logz-ratio=1189864.94+/-0.09 dlogz:69.932>0.01]21882it [5:03:23,  7.64s/it, bound:4974 nc:1541 ncall:2.2e+07 eff:0.1% logz-ratio=1189865.03+/-0.09 dlogz:69.831>0.01]21883it [5:03:35,  8.09s/it, bound:4974 nc:1521 ncall:2.2e+07 eff:0.1% logz-ratio=1189865.06+/-0.05 dlogz:69.798>0.01]21886it [5:04:08,  9.00s/it, bound:4975 nc:1758 ncall:2.2e+07 eff:0.1% logz-ratio=1189865.16+/-0.10 dlogz:70.052>0.01]21890it [5:04:38,  8.42s/it, bound:4976 nc:1411 ncall:2.2e+07 eff:0.1% logz-ratio=1189865.30+/-0.11 dlogz:69.902>0.01]21894it [5:05:10,  8.27s/it, bound:4977 nc:1703 ncall:2.2e+07 eff:0.1% logz-ratio=1189865.44+/-0.11 dlogz:69.756>0.01]21898it [5:05:42,  8.26s/it, bound:4978 nc:1614 ncall:2.2e+07 eff:0.1% logz-ratio=1189865.57+/-0.06 dlogz:69.612>0.01]21902it [5:06:09,  7.77s/it, bound:4979 nc:1266 ncall:2.2e+07 eff:0.1% logz-ratio=1189865.71+/-0.08 dlogz:69.464>0.01]21906it [5:06:42,  7.86s/it, bound:4980 nc:1849 ncall:2.2e+07 eff:0.1% logz-ratio=1189865.87+/-0.08 dlogz:69.307>0.01]21910it [5:07:18,  8.27s/it, bound:4981 nc:1502 ncall:2.2e+07 eff:0.1% logz-ratio=1189866.03+/-0.10 dlogz:69.139>0.01]21914it [5:07:54,  8.48s/it, bound:4982 nc:1621 ncall:2.2e+07 eff:0.1% logz-ratio=1189866.18+/-0.06 dlogz:68.973>0.01]21918it [5:08:29,  8.57s/it, bound:4983 nc:1915 ncall:2.2e+07 eff:0.1% logz-ratio=1189866.34+/-0.08 dlogz:68.809>0.01]21922it [5:09:00,  8.28s/it, bound:4984 nc:1873 ncall:2.2e+07 eff:0.1% logz-ratio=1189866.49+/-0.10 dlogz:68.649>0.01]21926it [5:09:30,  8.10s/it, bound:4985 nc:1787 ncall:2.2e+07 eff:0.1% logz-ratio=1189866.63+/-0.06 dlogz:68.497>0.01]21930it [5:09:59,  7.83s/it, bound:4986 nc:1457 ncall:2.2e+07 eff:0.1% logz-ratio=1189866.78+/-0.08 dlogz:68.343>0.01]21934it [5:10:29,  7.74s/it, bound:4987 nc:1716 ncall:2.2e+07 eff:0.1% logz-ratio=1189866.92+/-0.10 dlogz:68.190>0.01]21938it [5:10:58,  7.58s/it, bound:4988 nc:1512 ncall:2.2e+07 eff:0.1% logz-ratio=1189867.08+/-0.06 dlogz:68.033>0.01]21942it [5:11:27,  7.46s/it, bound:4989 nc:1697 ncall:2.2e+07 eff:0.1% logz-ratio=1189867.23+/-0.08 dlogz:67.872>0.01]21946it [5:11:55,  7.31s/it, bound:4990 nc:1420 ncall:2.2e+07 eff:0.1% logz-ratio=1189867.39+/-0.10 dlogz:67.706>0.01]21950it [5:12:20,  6.99s/it, bound:4991 nc:1658 ncall:2.2e+07 eff:0.1% logz-ratio=1189867.55+/-0.10 dlogz:67.538>0.01]21954it [5:12:46,  6.88s/it, bound:4992 nc:1574 ncall:2.2e+07 eff:0.1% logz-ratio=1189867.71+/-0.10 dlogz:67.372>0.01]21958it [5:13:14,  6.92s/it, bound:4993 nc:1604 ncall:2.2e+07 eff:0.1% logz-ratio=1189867.87+/-0.10 dlogz:67.203>0.01]21962it [5:13:45,  7.15s/it, bound:4994 nc:1650 ncall:2.2e+07 eff:0.1% logz-ratio=1189868.03+/-0.10 dlogz:67.031>0.01]21964it [5:13:57,  6.94s/it, bound:4994 nc:1466 ncall:2.2e+07 eff:0.1% logz-ratio=1189868.12+/-0.06 dlogz:66.940>0.01]21966it [5:14:26,  8.47s/it, bound:4995 nc:1502 ncall:2.2e+07 eff:0.1% logz-ratio=1189868.20+/-0.10 dlogz:66.851>0.01]21970it [5:14:54,  7.96s/it, bound:4996 nc:1372 ncall:2.2e+07 eff:0.1% logz-ratio=1189868.38+/-0.11 dlogz:66.673>0.01]21974it [5:15:15,  7.00s/it, bound:4997 nc:1446 ncall:2.2e+07 eff:0.1% logz-ratio=1189868.55+/-0.11 dlogz:66.489>0.01]21978it [5:15:38,  6.56s/it, bound:4998 nc:1399 ncall:2.2e+07 eff:0.1% logz-ratio=1189868.73+/-0.11 dlogz:66.305>0.01]21982it [5:16:00,  6.21s/it, bound:4999 nc:1541 ncall:2.2e+07 eff:0.1% logz-ratio=1189868.91+/-0.11 dlogz:66.121>0.01]21986it [5:16:21,  5.90s/it, bound:5000 nc:1330 ncall:2.2e+07 eff:0.1% logz-ratio=1189869.08+/-0.10 dlogz:65.942>0.01]21990it [5:16:42,  5.77s/it, bound:5001 nc:1294 ncall:2.2e+07 eff:0.1% logz-ratio=1189869.25+/-0.11 dlogz:65.762>0.01]21994it [5:17:04,  5.63s/it, bound:5002 nc:1498 ncall:2.2e+07 eff:0.1% logz-ratio=1189869.41+/-0.10 dlogz:65.586>0.01]21998it [5:17:25,  5.57s/it, bound:5003 nc:1251 ncall:2.2e+07 eff:0.1% logz-ratio=1189869.57+/-0.10 dlogz:65.420>0.01]22002it [5:17:45,  5.34s/it, bound:5004 nc:1298 ncall:2.2e+07 eff:0.1% logz-ratio=1189869.72+/-0.10 dlogz:65.261>0.01]22006it [5:18:07,  5.41s/it, bound:5005 nc:1428 ncall:2.2e+07 eff:0.1% logz-ratio=1189869.87+/-0.10 dlogz:65.104>0.01]22010it [5:18:29,  5.41s/it, bound:5006 nc:1370 ncall:2.2e+07 eff:0.1% logz-ratio=1189870.00+/-0.09 dlogz:64.957>0.01]22014it [5:18:51,  5.45s/it, bound:5007 nc:1382 ncall:2.2e+07 eff:0.1% logz-ratio=1189870.13+/-0.09 dlogz:64.817>0.01]22018it [5:19:11,  5.36s/it, bound:5008 nc:1429 ncall:2.2e+07 eff:0.1% logz-ratio=1189870.26+/-0.09 dlogz:64.682>0.01]22022it [5:19:32,  5.30s/it, bound:5009 nc:1440 ncall:2.2e+07 eff:0.1% logz-ratio=1189870.38+/-0.09 dlogz:64.551>0.01]22026it [5:19:59,  5.73s/it, bound:5010 nc:1686 ncall:2.2e+07 eff:0.1% logz-ratio=1189870.49+/-0.09 dlogz:64.428>0.01]22030it [5:20:24,  5.90s/it, bound:5011 nc:1566 ncall:2.2e+07 eff:0.1% logz-ratio=1189870.61+/-0.09 dlogz:64.310>0.01]22034it [5:20:53,  6.27s/it, bound:5012 nc:1818 ncall:2.2e+07 eff:0.1% logz-ratio=1189870.72+/-0.05 dlogz:64.186>0.01]22038it [5:21:22,  6.58s/it, bound:5013 nc:2024 ncall:2.2e+07 eff:0.1% logz-ratio=1189870.84+/-0.07 dlogz:64.060>0.01]22042it [5:21:50,  6.76s/it, bound:5014 nc:2001 ncall:2.2e+07 eff:0.1% logz-ratio=1189870.98+/-0.10 dlogz:63.915>0.01]22046it [5:22:19,  6.88s/it, bound:5015 nc:1976 ncall:2.2e+07 eff:0.1% logz-ratio=1189871.13+/-0.06 dlogz:63.761>0.01]22050it [5:22:48,  7.00s/it, bound:5016 nc:1556 ncall:2.2e+07 eff:0.1% logz-ratio=1189871.28+/-0.08 dlogz:63.602>0.01]22054it [5:23:16,  7.01s/it, bound:5017 nc:1850 ncall:2.2e+07 eff:0.1% logz-ratio=1189871.45+/-0.10 dlogz:63.431>0.01]22058it [5:23:42,  6.84s/it, bound:5018 nc:1825 ncall:2.2e+07 eff:0.1% logz-ratio=1189871.60+/-0.06 dlogz:63.269>0.01]22062it [5:24:10,  6.84s/it, bound:5019 nc:1855 ncall:2.2e+07 eff:0.1% logz-ratio=1189871.74+/-0.08 dlogz:63.120>0.01]22064it [5:24:21,  6.64s/it, bound:5019 nc:1587 ncall:2.2e+07 eff:0.1% logz-ratio=1189871.82+/-0.06 dlogz:63.040>0.01]22066it [5:24:46,  7.85s/it, bound:5020 nc:1591 ncall:2.2e+07 eff:0.1% logz-ratio=1189871.89+/-0.10 dlogz:62.959>0.01]22070it [5:25:13,  7.41s/it, bound:5021 nc:1634 ncall:2.2e+07 eff:0.1% logz-ratio=1189872.06+/-0.06 dlogz:62.792>0.01]22074it [5:25:37,  6.95s/it, bound:5022 nc:1675 ncall:2.2e+07 eff:0.1% logz-ratio=1189872.23+/-0.09 dlogz:62.615>0.01]22078it [5:26:00,  6.51s/it, bound:5023 nc:1484 ncall:2.2e+07 eff:0.1% logz-ratio=1189872.42+/-0.11 dlogz:62.421>0.01]22082it [5:26:28,  6.71s/it, bound:5024 nc:1728 ncall:2.2e+07 eff:0.1% logz-ratio=1189872.61+/-0.11 dlogz:62.225>0.01]22086it [5:26:51,  6.36s/it, bound:5025 nc:1519 ncall:2.2e+07 eff:0.1% logz-ratio=1189872.81+/-0.07 dlogz:62.016>0.01]22090it [5:27:15,  6.27s/it, bound:5026 nc:1556 ncall:2.2e+07 eff:0.1% logz-ratio=1189873.00+/-0.06 dlogz:61.815>0.01]22094it [5:27:37,  6.04s/it, bound:5027 nc:1166 ncall:2.2e+07 eff:0.1% logz-ratio=1189873.18+/-0.06 dlogz:61.626>0.01]22098it [5:27:59,  5.91s/it, bound:5028 nc:1313 ncall:2.2e+07 eff:0.1% logz-ratio=1189873.34+/-0.06 dlogz:61.453>0.01]22101it [5:28:21,  6.20s/it, bound:5029 nc:2861 ncall:2.2e+07 eff:0.1% logz-ratio=1189873.46+/-0.12 dlogz:61.323>0.01]22105it [5:28:42,  5.93s/it, bound:5030 nc:1323 ncall:2.2e+07 eff:0.1% logz-ratio=1189873.62+/-0.12 dlogz:61.156>0.01]22109it [5:29:03,  5.73s/it, bound:5031 nc:1204 ncall:2.2e+07 eff:0.1% logz-ratio=1189873.79+/-0.12 dlogz:60.985>0.01]22113it [5:29:25,  5.65s/it, bound:5032 nc:1285 ncall:2.2e+07 eff:0.1% logz-ratio=1189873.96+/-0.12 dlogz:60.804>0.01]22117it [5:29:46,  5.48s/it, bound:5033 nc:1035 ncall:2.2e+07 eff:0.1% logz-ratio=1189874.13+/-0.12 dlogz:60.623>0.01]22121it [5:30:06,  5.41s/it, bound:5034 nc:1332 ncall:2.2e+07 eff:0.1% logz-ratio=1189874.30+/-0.12 dlogz:60.443>0.01]22125it [5:30:27,  5.32s/it, bound:5035 nc:1279 ncall:2.2e+07 eff:0.1% logz-ratio=1189874.46+/-0.12 dlogz:60.273>0.01]22129it [5:30:47,  5.23s/it, bound:5036 nc:1362 ncall:2.2e+07 eff:0.1% logz-ratio=1189874.63+/-0.12 dlogz:60.097>0.01]22133it [5:31:06,  5.08s/it, bound:5037 nc:1156 ncall:2.2e+07 eff:0.1% logz-ratio=1189874.81+/-0.12 dlogz:59.917>0.01]22137it [5:31:28,  5.22s/it, bound:5038 nc:1264 ncall:2.2e+07 eff:0.1% logz-ratio=1189874.99+/-0.12 dlogz:59.729>0.01]22141it [5:31:49,  5.25s/it, bound:5039 nc:945 ncall:2.2e+07 eff:0.1% logz-ratio=1189875.16+/-0.12 dlogz:59.551>0.01] 22145it [5:32:11,  5.31s/it, bound:5040 nc:1405 ncall:2.2e+07 eff:0.1% logz-ratio=1189875.32+/-0.12 dlogz:59.381>0.01]22149it [5:32:36,  5.56s/it, bound:5041 nc:1404 ncall:2.2e+07 eff:0.1% logz-ratio=1189875.47+/-0.11 dlogz:59.219>0.01]22153it [5:33:05,  6.07s/it, bound:5042 nc:1593 ncall:2.2e+07 eff:0.1% logz-ratio=1189875.61+/-0.11 dlogz:59.067>0.01]22157it [5:33:34,  6.42s/it, bound:5043 nc:1716 ncall:2.2e+07 eff:0.1% logz-ratio=1189875.76+/-0.06 dlogz:58.911>0.01]22161it [5:34:03,  6.66s/it, bound:5044 nc:1788 ncall:2.2e+07 eff:0.1% logz-ratio=1189875.91+/-0.08 dlogz:58.749>0.01]22165it [5:34:31,  6.76s/it, bound:5045 nc:1811 ncall:2.2e+07 eff:0.1% logz-ratio=1189876.07+/-0.10 dlogz:58.589>0.01]22166it [5:34:42,  7.19s/it, bound:5045 nc:1490 ncall:2.2e+07 eff:0.1% logz-ratio=1189876.10+/-0.06 dlogz:58.550>0.01]22169it [5:35:07,  7.50s/it, bound:5046 nc:1381 ncall:2.2e+07 eff:0.1% logz-ratio=1189876.21+/-0.06 dlogz:58.438>0.01]22173it [5:35:31,  7.03s/it, bound:5047 nc:1760 ncall:2.2e+07 eff:0.1% logz-ratio=1189876.34+/-0.08 dlogz:62.668>0.01]22177it [5:35:54,  6.54s/it, bound:5048 nc:1583 ncall:2.2e+07 eff:0.1% logz-ratio=1189876.47+/-0.09 dlogz:62.531>0.01]22181it [5:36:17,  6.31s/it, bound:5049 nc:1371 ncall:2.2e+07 eff:0.1% logz-ratio=1189876.60+/-0.11 dlogz:62.394>0.01]22185it [5:36:40,  6.14s/it, bound:5050 nc:1614 ncall:2.2e+07 eff:0.1% logz-ratio=1189876.72+/-0.05 dlogz:62.261>0.01]22189it [5:37:03,  6.03s/it, bound:5051 nc:1358 ncall:2.2e+07 eff:0.1% logz-ratio=1189876.84+/-0.07 dlogz:62.133>0.01]22193it [5:37:27,  6.02s/it, bound:5052 nc:1721 ncall:2.2e+07 eff:0.1% logz-ratio=1189876.96+/-0.07 dlogz:62.008>0.01]22197it [5:37:50,  5.90s/it, bound:5053 nc:1520 ncall:2.2e+07 eff:0.1% logz-ratio=1189877.08+/-0.09 dlogz:61.881>0.01]22201it [5:38:10,  5.68s/it, bound:5054 nc:1465 ncall:2.2e+07 eff:0.1% logz-ratio=1189877.20+/-0.09 dlogz:61.748>0.01]22205it [5:38:34,  5.73s/it, bound:5055 nc:1486 ncall:2.2e+07 eff:0.1% logz-ratio=1189877.34+/-0.09 dlogz:61.610>0.01]22209it [5:38:58,  5.81s/it, bound:5056 nc:1707 ncall:2.2e+07 eff:0.1% logz-ratio=1189877.47+/-0.09 dlogz:61.470>0.01]22213it [5:39:20,  5.77s/it, bound:5057 nc:1483 ncall:2.2e+07 eff:0.1% logz-ratio=1189877.60+/-0.11 dlogz:61.333>0.01]22217it [5:39:43,  5.74s/it, bound:5058 nc:1562 ncall:2.2e+07 eff:0.1% logz-ratio=1189877.73+/-0.05 dlogz:61.194>0.01]22221it [5:40:06,  5.70s/it, bound:5059 nc:1575 ncall:2.2e+07 eff:0.1% logz-ratio=1189877.85+/-0.05 dlogz:61.058>0.01]22225it [5:40:28,  5.70s/it, bound:5060 nc:1619 ncall:2.2e+07 eff:0.1% logz-ratio=1189877.99+/-0.06 dlogz:60.916>0.01]22229it [5:40:51,  5.66s/it, bound:5061 nc:1568 ncall:2.2e+07 eff:0.1% logz-ratio=1189878.12+/-0.07 dlogz:60.779>0.01]22233it [5:41:12,  5.54s/it, bound:5062 nc:1300 ncall:2.2e+07 eff:0.1% logz-ratio=1189878.24+/-0.07 dlogz:60.651>0.01]22237it [5:41:34,  5.53s/it, bound:5063 nc:1522 ncall:2.2e+07 eff:0.1% logz-ratio=1189878.36+/-0.07 dlogz:60.519>0.01]22241it [5:41:55,  5.44s/it, bound:5064 nc:1458 ncall:2.2e+07 eff:0.1% logz-ratio=1189878.48+/-0.07 dlogz:60.389>0.01]22245it [5:42:15,  5.31s/it, bound:5065 nc:1209 ncall:2.2e+07 eff:0.1% logz-ratio=1189878.60+/-0.07 dlogz:60.262>0.01]22249it [5:42:36,  5.29s/it, bound:5066 nc:1430 ncall:2.2e+07 eff:0.1% logz-ratio=1189878.72+/-0.07 dlogz:60.137>0.01]22253it [5:42:59,  5.44s/it, bound:5067 nc:1377 ncall:2.2e+07 eff:0.1% logz-ratio=1189878.84+/-0.08 dlogz:60.008>0.01]22257it [5:43:21,  5.51s/it, bound:5068 nc:1378 ncall:2.2e+07 eff:0.1% logz-ratio=1189878.97+/-0.08 dlogz:59.870>0.01]22261it [5:43:44,  5.57s/it, bound:5069 nc:1585 ncall:2.2e+07 eff:0.1% logz-ratio=1189879.10+/-0.08 dlogz:59.735>0.01]22265it [5:44:09,  5.77s/it, bound:5070 nc:1318 ncall:2.2e+07 eff:0.1% logz-ratio=1189879.23+/-0.08 dlogz:59.593>0.01]22269it [5:44:33,  5.85s/it, bound:5071 nc:1130 ncall:2.2e+07 eff:0.1% logz-ratio=1189879.37+/-0.08 dlogz:59.451>0.01]22273it [5:44:56,  5.77s/it, bound:5072 nc:1254 ncall:2.2e+07 eff:0.1% logz-ratio=1189879.51+/-0.08 dlogz:59.304>0.01]22276it [5:45:08,  5.33s/it, bound:5073 nc:1484 ncall:2.2e+07 eff:0.1% logz-ratio=1189879.61+/-0.06 dlogz:59.196>0.01]22277it [5:45:30,  7.06s/it, bound:5073 nc:1389 ncall:2.2e+07 eff:0.1% logz-ratio=1189879.65+/-0.08 dlogz:59.158>0.01]22281it [5:45:53,  6.64s/it, bound:5074 nc:1122 ncall:2.2e+07 eff:0.1% logz-ratio=1189879.78+/-0.08 dlogz:59.010>0.01]22285it [5:46:17,  6.40s/it, bound:5075 nc:1468 ncall:2.2e+07 eff:0.1% logz-ratio=1189879.92+/-0.08 dlogz:58.866>0.01]22289it [5:46:40,  6.20s/it, bound:5076 nc:1456 ncall:2.2e+07 eff:0.1% logz-ratio=1189880.04+/-0.07 dlogz:58.731>0.01]22293it [5:47:06,  6.25s/it, bound:5077 nc:1699 ncall:2.2e+07 eff:0.1% logz-ratio=1189880.17+/-0.08 dlogz:58.594>0.01]22297it [5:47:27,  5.97s/it, bound:5078 nc:1118 ncall:2.2e+07 eff:0.1% logz-ratio=1189880.30+/-0.07 dlogz:58.461>0.01]22301it [5:47:48,  5.73s/it, bound:5079 nc:1437 ncall:2.2e+07 eff:0.1% logz-ratio=1189880.42+/-0.07 dlogz:58.326>0.01]22305it [5:48:12,  5.79s/it, bound:5080 nc:1390 ncall:2.2e+07 eff:0.1% logz-ratio=1189880.55+/-0.07 dlogz:58.196>0.01]22309it [5:48:34,  5.74s/it, bound:5081 nc:1531 ncall:2.2e+07 eff:0.1% logz-ratio=1189880.67+/-0.07 dlogz:58.067>0.01]22313it [5:48:55,  5.56s/it, bound:5082 nc:1378 ncall:2.2e+07 eff:0.1% logz-ratio=1189880.78+/-0.07 dlogz:57.944>0.01]22317it [5:49:16,  5.49s/it, bound:5083 nc:1315 ncall:2.2e+07 eff:0.1% logz-ratio=1189880.91+/-0.08 dlogz:57.816>0.01]22321it [5:49:35,  5.28s/it, bound:5084 nc:1335 ncall:2.2e+07 eff:0.1% logz-ratio=1189881.04+/-0.08 dlogz:57.673>0.01]22325it [5:50:01,  5.62s/it, bound:5085 nc:1723 ncall:2.2e+07 eff:0.1% logz-ratio=1189881.17+/-0.07 dlogz:57.536>0.01]22329it [5:50:30,  6.15s/it, bound:5086 nc:1650 ncall:2.2e+07 eff:0.1% logz-ratio=1189881.29+/-0.07 dlogz:57.404>0.01]22333it [5:50:54,  6.06s/it, bound:5087 nc:1415 ncall:2.2e+07 eff:0.1% logz-ratio=1189881.41+/-0.09 dlogz:57.278>0.01]22337it [5:51:20,  6.20s/it, bound:5088 nc:1559 ncall:2.2e+07 eff:0.1% logz-ratio=1189881.52+/-0.05 dlogz:57.158>0.01]22341it [5:51:45,  6.26s/it, bound:5089 nc:1703 ncall:2.2e+07 eff:0.1% logz-ratio=1189881.63+/-0.07 dlogz:57.040>0.01]22345it [5:52:09,  6.17s/it, bound:5090 nc:1608 ncall:2.2e+07 eff:0.1% logz-ratio=1189881.73+/-0.08 dlogz:56.929>0.01]22349it [5:52:33,  6.07s/it, bound:5091 nc:1550 ncall:2.2e+07 eff:0.1% logz-ratio=1189881.82+/-0.05 dlogz:56.826>0.01]22353it [5:52:55,  5.92s/it, bound:5092 nc:1503 ncall:2.2e+07 eff:0.1% logz-ratio=1189881.91+/-0.05 dlogz:56.729>0.01]22357it [5:53:16,  5.74s/it, bound:5093 nc:1478 ncall:2.2e+07 eff:0.1% logz-ratio=1189882.00+/-0.05 dlogz:56.628>0.01]22361it [5:53:38,  5.65s/it, bound:5094 nc:1525 ncall:2.2e+07 eff:0.1% logz-ratio=1189882.10+/-0.05 dlogz:56.523>0.01]22365it [5:54:00,  5.64s/it, bound:5095 nc:1443 ncall:2.2e+07 eff:0.1% logz-ratio=1189882.21+/-0.05 dlogz:56.410>0.01]22369it [5:54:22,  5.55s/it, bound:5096 nc:1500 ncall:2.2e+07 eff:0.1% logz-ratio=1189882.32+/-0.05 dlogz:56.287>0.01]22373it [5:54:46,  5.69s/it, bound:5097 nc:1379 ncall:2.2e+07 eff:0.1% logz-ratio=1189882.43+/-0.05 dlogz:56.172>0.01]22377it [5:55:08,  5.63s/it, bound:5098 nc:1520 ncall:2.2e+07 eff:0.1% logz-ratio=1189882.54+/-0.05 dlogz:56.054>0.01]22381it [5:55:42,  6.48s/it, bound:5099 nc:1285 ncall:2.2e+07 eff:0.1% logz-ratio=1189882.66+/-0.05 dlogz:55.926>0.01]22385it [5:56:05,  6.31s/it, bound:5100 nc:1319 ncall:2.2e+07 eff:0.1% logz-ratio=1189882.78+/-0.05 dlogz:55.802>0.01]22389it [5:56:27,  6.06s/it, bound:5101 nc:1542 ncall:2.2e+07 eff:0.1% logz-ratio=1189882.89+/-0.05 dlogz:55.683>0.01]22393it [5:56:49,  5.86s/it, bound:5102 nc:1363 ncall:2.2e+07 eff:0.1% logz-ratio=1189883.00+/-0.05 dlogz:55.565>0.01]22397it [5:57:11,  5.75s/it, bound:5103 nc:1556 ncall:2.2e+07 eff:0.1% logz-ratio=1189883.12+/-0.05 dlogz:55.436>0.01]22401it [5:57:33,  5.68s/it, bound:5104 nc:1463 ncall:2.2e+07 eff:0.1% logz-ratio=1189883.25+/-0.05 dlogz:55.302>0.01]22405it [5:57:57,  5.76s/it, bound:5105 nc:1374 ncall:2.2e+07 eff:0.1% logz-ratio=1189883.38+/-0.05 dlogz:55.167>0.01]22409it [5:58:16,  5.45s/it, bound:5106 nc:1229 ncall:2.2e+07 eff:0.1% logz-ratio=1189883.50+/-0.06 dlogz:55.036>0.01]22413it [5:58:37,  5.41s/it, bound:5107 nc:1471 ncall:2.2e+07 eff:0.1% logz-ratio=1189883.63+/-0.05 dlogz:54.894>0.01]22417it [5:59:04,  5.82s/it, bound:5108 nc:1599 ncall:2.2e+07 eff:0.1% logz-ratio=1189883.76+/-0.05 dlogz:54.762>0.01]22421it [5:59:28,  5.87s/it, bound:5109 nc:1706 ncall:2.2e+07 eff:0.1% logz-ratio=1189883.88+/-0.07 dlogz:54.631>0.01]22425it [5:59:52,  5.89s/it, bound:5110 nc:1447 ncall:2.2e+07 eff:0.1% logz-ratio=1189884.00+/-0.09 dlogz:54.505>0.01]22429it [6:00:14,  5.83s/it, bound:5111 nc:1435 ncall:2.2e+07 eff:0.1% logz-ratio=1189884.11+/-0.09 dlogz:54.382>0.01]22433it [6:00:39,  5.89s/it, bound:5112 nc:1638 ncall:2.2e+07 eff:0.1% logz-ratio=1189884.23+/-0.09 dlogz:54.252>0.01]22437it [6:01:00,  5.74s/it, bound:5113 nc:1511 ncall:2.2e+07 eff:0.1% logz-ratio=1189884.35+/-0.10 dlogz:54.127>0.01]22441it [6:01:21,  5.60s/it, bound:5114 nc:1388 ncall:2.2e+07 eff:0.1% logz-ratio=1189884.47+/-0.10 dlogz:53.997>0.01]22445it [6:01:42,  5.49s/it, bound:5115 nc:1403 ncall:2.2e+07 eff:0.1% logz-ratio=1189884.60+/-0.10 dlogz:53.867>0.01]22449it [6:02:04,  5.51s/it, bound:5116 nc:1390 ncall:2.2e+07 eff:0.1% logz-ratio=1189884.72+/-0.10 dlogz:53.739>0.01]22453it [6:02:28,  5.61s/it, bound:5117 nc:1521 ncall:2.2e+07 eff:0.1% logz-ratio=1189884.83+/-0.10 dlogz:53.613>0.01]22457it [6:02:50,  5.58s/it, bound:5118 nc:1538 ncall:2.2e+07 eff:0.1% logz-ratio=1189884.95+/-0.10 dlogz:53.486>0.01]22461it [6:03:11,  5.47s/it, bound:5119 nc:1361 ncall:2.3e+07 eff:0.1% logz-ratio=1189885.08+/-0.11 dlogz:53.352>0.01]22465it [6:03:33,  5.54s/it, bound:5120 nc:1438 ncall:2.3e+07 eff:0.1% logz-ratio=1189885.20+/-0.10 dlogz:53.223>0.01]22469it [6:03:55,  5.49s/it, bound:5121 nc:1382 ncall:2.3e+07 eff:0.1% logz-ratio=1189885.31+/-0.10 dlogz:53.100>0.01]22473it [6:04:16,  5.46s/it, bound:5122 nc:1321 ncall:2.3e+07 eff:0.1% logz-ratio=1189885.42+/-0.10 dlogz:52.984>0.01]22477it [6:04:37,  5.35s/it, bound:5123 nc:1259 ncall:2.3e+07 eff:0.1% logz-ratio=1189885.53+/-0.10 dlogz:52.864>0.01]22481it [6:04:57,  5.27s/it, bound:5124 nc:1451 ncall:2.3e+07 eff:0.1% logz-ratio=1189885.66+/-0.10 dlogz:52.734>0.01]22485it [6:05:18,  5.23s/it, bound:5125 nc:1403 ncall:2.3e+07 eff:0.1% logz-ratio=1189885.78+/-0.11 dlogz:52.599>0.01]22486it [6:05:29,  5.84s/it, bound:5125 nc:1046 ncall:2.3e+07 eff:0.1% logz-ratio=1189885.82+/-0.05 dlogz:52.566>0.01]22489it [6:05:48,  5.92s/it, bound:5126 nc:1228 ncall:2.3e+07 eff:0.1% logz-ratio=1189885.90+/-0.10 dlogz:52.471>0.01]22493it [6:06:07,  5.57s/it, bound:5127 nc:1323 ncall:2.3e+07 eff:0.1% logz-ratio=1189886.02+/-0.10 dlogz:52.343>0.01]22497it [6:06:26,  5.27s/it, bound:5128 nc:1045 ncall:2.3e+07 eff:0.1% logz-ratio=1189886.15+/-0.10 dlogz:52.211>0.01]22501it [6:06:46,  5.14s/it, bound:5129 nc:1372 ncall:2.3e+07 eff:0.1% logz-ratio=1189886.28+/-0.11 dlogz:52.075>0.01]22505it [6:07:04,  5.00s/it, bound:5130 nc:1261 ncall:2.3e+07 eff:0.1% logz-ratio=1189886.42+/-0.11 dlogz:52.481>0.01]22509it [6:07:24,  4.95s/it, bound:5131 nc:1286 ncall:2.3e+07 eff:0.1% logz-ratio=1189886.56+/-0.11 dlogz:52.333>0.01]22513it [6:07:46,  5.15s/it, bound:5132 nc:1160 ncall:2.3e+07 eff:0.1% logz-ratio=1189886.69+/-0.11 dlogz:52.192>0.01]22517it [6:08:09,  5.32s/it, bound:5133 nc:1619 ncall:2.3e+07 eff:0.1% logz-ratio=1189886.82+/-0.11 dlogz:52.054>0.01]22521it [6:08:33,  5.52s/it, bound:5134 nc:1198 ncall:2.3e+07 eff:0.1% logz-ratio=1189886.94+/-0.10 dlogz:51.924>0.01]22525it [6:08:57,  5.68s/it, bound:5135 nc:1551 ncall:2.3e+07 eff:0.1% logz-ratio=1189887.05+/-0.05 dlogz:51.803>0.01]22529it [6:09:20,  5.72s/it, bound:5136 nc:1614 ncall:2.3e+07 eff:0.1% logz-ratio=1189887.16+/-0.05 dlogz:51.689>0.01]22533it [6:09:45,  5.89s/it, bound:5137 nc:1581 ncall:2.3e+07 eff:0.1% logz-ratio=1189887.26+/-0.07 dlogz:51.577>0.01]22537it [6:10:08,  5.85s/it, bound:5138 nc:1308 ncall:2.3e+07 eff:0.1% logz-ratio=1189887.36+/-0.08 dlogz:51.466>0.01]22541it [6:10:31,  5.78s/it, bound:5139 nc:1536 ncall:2.3e+07 eff:0.1% logz-ratio=1189887.46+/-0.09 dlogz:51.362>0.01]22545it [6:10:54,  5.81s/it, bound:5140 nc:1540 ncall:2.3e+07 eff:0.1% logz-ratio=1189887.55+/-0.09 dlogz:51.263>0.01]22549it [6:11:18,  5.85s/it, bound:5141 nc:1669 ncall:2.3e+07 eff:0.1% logz-ratio=1189887.65+/-0.09 dlogz:51.158>0.01]22553it [6:11:40,  5.74s/it, bound:5142 nc:1369 ncall:2.3e+07 eff:0.1% logz-ratio=1189887.75+/-0.05 dlogz:51.050>0.01]22557it [6:12:02,  5.66s/it, bound:5143 nc:1480 ncall:2.3e+07 eff:0.1% logz-ratio=1189887.85+/-0.05 dlogz:50.942>0.01]22560it [6:12:24,  6.07s/it, bound:5144 nc:2976 ncall:2.3e+07 eff:0.1% logz-ratio=1189887.92+/-0.09 dlogz:50.863>0.01]22564it [6:12:46,  5.90s/it, bound:5145 nc:1573 ncall:2.3e+07 eff:0.1% logz-ratio=1189888.02+/-0.09 dlogz:50.756>0.01]22568it [6:13:07,  5.72s/it, bound:5146 nc:1489 ncall:2.3e+07 eff:0.1% logz-ratio=1189888.12+/-0.09 dlogz:50.648>0.01]22572it [6:13:30,  5.69s/it, bound:5147 nc:1211 ncall:2.3e+07 eff:0.1% logz-ratio=1189888.22+/-0.10 dlogz:50.538>0.01]22576it [6:13:51,  5.57s/it, bound:5148 nc:1451 ncall:2.3e+07 eff:0.1% logz-ratio=1189888.33+/-0.10 dlogz:50.420>0.01]22580it [6:14:13,  5.51s/it, bound:5149 nc:1499 ncall:2.3e+07 eff:0.1% logz-ratio=1189888.44+/-0.10 dlogz:50.302>0.01]22584it [6:14:34,  5.49s/it, bound:5150 nc:1420 ncall:2.3e+07 eff:0.1% logz-ratio=1189888.55+/-0.10 dlogz:50.184>0.01]22588it [6:14:54,  5.35s/it, bound:5151 nc:1312 ncall:2.3e+07 eff:0.1% logz-ratio=1189888.66+/-0.10 dlogz:50.065>0.01]22592it [6:15:15,  5.27s/it, bound:5152 nc:1384 ncall:2.3e+07 eff:0.1% logz-ratio=1189888.78+/-0.10 dlogz:49.943>0.01]22596it [6:15:36,  5.29s/it, bound:5153 nc:1465 ncall:2.3e+07 eff:0.1% logz-ratio=1189888.89+/-0.10 dlogz:49.825>0.01]22597it [6:15:48,  5.90s/it, bound:5153 nc:1500 ncall:2.3e+07 eff:0.1% logz-ratio=1189888.92+/-0.05 dlogz:49.794>0.01]22600it [6:16:09,  6.28s/it, bound:5154 nc:1513 ncall:2.3e+07 eff:0.1% logz-ratio=1189889.01+/-0.10 dlogz:49.697>0.01]22604it [6:16:29,  5.76s/it, bound:5155 nc:1278 ncall:2.3e+07 eff:0.1% logz-ratio=1189889.13+/-0.10 dlogz:49.567>0.01]22608it [6:16:52,  5.77s/it, bound:5156 nc:1496 ncall:2.3e+07 eff:0.1% logz-ratio=1189889.25+/-0.10 dlogz:49.437>0.01]22612it [6:17:15,  5.79s/it, bound:5157 nc:1626 ncall:2.3e+07 eff:0.1% logz-ratio=1189889.37+/-0.10 dlogz:49.313>0.01]22616it [6:17:38,  5.76s/it, bound:5158 nc:1381 ncall:2.3e+07 eff:0.1% logz-ratio=1189889.48+/-0.05 dlogz:49.196>0.01]22620it [6:18:01,  5.77s/it, bound:5159 nc:1408 ncall:2.3e+07 eff:0.1% logz-ratio=1189889.59+/-0.05 dlogz:49.081>0.01]22624it [6:18:23,  5.72s/it, bound:5160 nc:1575 ncall:2.3e+07 eff:0.1% logz-ratio=1189889.70+/-0.05 dlogz:48.959>0.01]22628it [6:18:48,  5.83s/it, bound:5161 nc:1642 ncall:2.3e+07 eff:0.1% logz-ratio=1189889.82+/-0.05 dlogz:48.832>0.01]22632it [6:19:14,  6.03s/it, bound:5162 nc:1502 ncall:2.3e+07 eff:0.1% logz-ratio=1189889.93+/-0.05 dlogz:48.708>0.01]22636it [6:19:36,  5.90s/it, bound:5163 nc:1485 ncall:2.3e+07 eff:0.1% logz-ratio=1189890.05+/-0.05 dlogz:48.582>0.01]22640it [6:19:58,  5.74s/it, bound:5164 nc:1404 ncall:2.3e+07 eff:0.1% logz-ratio=1189890.17+/-0.05 dlogz:48.460>0.01]22644it [6:20:18,  5.57s/it, bound:5165 nc:1443 ncall:2.3e+07 eff:0.1% logz-ratio=1189890.28+/-0.05 dlogz:48.337>0.01]22648it [6:20:39,  5.43s/it, bound:5166 nc:1178 ncall:2.3e+07 eff:0.1% logz-ratio=1189890.40+/-0.05 dlogz:48.212>0.01]22652it [6:20:59,  5.34s/it, bound:5167 nc:1449 ncall:2.3e+07 eff:0.1% logz-ratio=1189890.52+/-0.05 dlogz:48.088>0.01]22655it [6:21:32,  6.72s/it, bound:5168 nc:2173 ncall:2.3e+07 eff:0.1% logz-ratio=1189890.61+/-0.05 dlogz:47.992>0.01]22659it [6:22:05,  7.22s/it, bound:5169 nc:2257 ncall:2.3e+07 eff:0.1% logz-ratio=1189890.73+/-0.08 dlogz:47.857>0.01]22663it [6:22:35,  7.24s/it, bound:5170 nc:2018 ncall:2.3e+07 eff:0.1% logz-ratio=1189890.86+/-0.09 dlogz:47.724>0.01]22667it [6:23:03,  7.22s/it, bound:5171 nc:1987 ncall:2.3e+07 eff:0.1% logz-ratio=1189890.99+/-0.06 dlogz:47.589>0.01]22671it [6:23:33,  7.32s/it, bound:5172 nc:2127 ncall:2.3e+07 eff:0.1% logz-ratio=1189891.12+/-0.08 dlogz:47.446>0.01]22675it [6:24:05,  7.46s/it, bound:5173 nc:2079 ncall:2.3e+07 eff:0.1% logz-ratio=1189891.26+/-0.10 dlogz:47.303>0.01]22679it [6:24:33,  7.34s/it, bound:5174 nc:1912 ncall:2.3e+07 eff:0.1% logz-ratio=1189891.39+/-0.05 dlogz:47.160>0.01]22683it [6:24:59,  7.11s/it, bound:5175 nc:1725 ncall:2.3e+07 eff:0.1% logz-ratio=1189891.52+/-0.08 dlogz:47.024>0.01]22687it [6:25:26,  7.02s/it, bound:5176 nc:1817 ncall:2.3e+07 eff:0.1% logz-ratio=1189891.65+/-0.09 dlogz:46.891>0.01]22691it [6:25:57,  7.18s/it, bound:5177 nc:2117 ncall:2.3e+07 eff:0.1% logz-ratio=1189891.77+/-0.05 dlogz:46.753>0.01]22694it [6:26:08,  6.38s/it, bound:5178 nc:2041 ncall:2.3e+07 eff:0.1% logz-ratio=1189891.88+/-0.06 dlogz:46.648>0.01]22695it [6:26:36,  8.65s/it, bound:5178 nc:1964 ncall:2.3e+07 eff:0.1% logz-ratio=1189891.91+/-0.08 dlogz:46.612>0.01]22699it [6:27:07,  8.23s/it, bound:5179 nc:2056 ncall:2.3e+07 eff:0.1% logz-ratio=1189892.04+/-0.09 dlogz:46.475>0.01]22703it [6:27:35,  7.82s/it, bound:5180 nc:1737 ncall:2.3e+07 eff:0.1% logz-ratio=1189892.15+/-0.05 dlogz:46.347>0.01]22707it [6:28:04,  7.63s/it, bound:5181 nc:1993 ncall:2.3e+07 eff:0.1% logz-ratio=1189892.27+/-0.07 dlogz:46.223>0.01]22711it [6:28:33,  7.51s/it, bound:5182 nc:1906 ncall:2.3e+07 eff:0.1% logz-ratio=1189892.38+/-0.09 dlogz:46.102>0.01]22715it [6:29:02,  7.44s/it, bound:5183 nc:1841 ncall:2.3e+07 eff:0.1% logz-ratio=1189892.48+/-0.05 dlogz:45.990>0.01]22719it [6:29:29,  7.24s/it, bound:5184 nc:1490 ncall:2.3e+07 eff:0.1% logz-ratio=1189892.59+/-0.07 dlogz:45.875>0.01]22723it [6:29:58,  7.21s/it, bound:5185 nc:1754 ncall:2.3e+07 eff:0.1% logz-ratio=1189892.70+/-0.09 dlogz:45.758>0.01]22727it [6:30:30,  7.51s/it, bound:5186 nc:1831 ncall:2.3e+07 eff:0.1% logz-ratio=1189892.81+/-0.05 dlogz:45.638>0.01]22731it [6:30:59,  7.37s/it, bound:5187 nc:1839 ncall:2.3e+07 eff:0.1% logz-ratio=1189892.93+/-0.07 dlogz:45.518>0.01]22735it [6:31:30,  7.50s/it, bound:5188 nc:1698 ncall:2.3e+07 eff:0.1% logz-ratio=1189893.04+/-0.09 dlogz:45.399>0.01]22739it [6:32:02,  7.65s/it, bound:5189 nc:1478 ncall:2.3e+07 eff:0.1% logz-ratio=1189893.14+/-0.05 dlogz:51.456>0.01]22743it [6:32:28,  7.35s/it, bound:5190 nc:1428 ncall:2.3e+07 eff:0.1% logz-ratio=1189893.24+/-0.05 dlogz:51.343>0.01]22747it [6:32:58,  7.34s/it, bound:5191 nc:1323 ncall:2.3e+07 eff:0.1% logz-ratio=1189893.35+/-0.05 dlogz:51.229>0.01]22751it [6:33:29,  7.51s/it, bound:5192 nc:1676 ncall:2.3e+07 eff:0.1% logz-ratio=1189893.46+/-0.05 dlogz:51.113>0.01]22755it [6:34:04,  7.83s/it, bound:5193 nc:1621 ncall:2.3e+07 eff:0.1% logz-ratio=1189893.58+/-0.07 dlogz:50.989>0.01]22759it [6:34:36,  7.91s/it, bound:5194 nc:1570 ncall:2.3e+07 eff:0.1% logz-ratio=1189893.69+/-0.09 dlogz:50.867>0.01]22763it [6:35:05,  7.70s/it, bound:5195 nc:1491 ncall:2.3e+07 eff:0.1% logz-ratio=1189893.81+/-0.09 dlogz:50.741>0.01]22767it [6:35:29,  7.21s/it, bound:5196 nc:1477 ncall:2.3e+07 eff:0.1% logz-ratio=1189893.94+/-0.09 dlogz:50.606>0.01]22771it [6:35:52,  6.73s/it, bound:5197 nc:1577 ncall:2.3e+07 eff:0.1% logz-ratio=1189894.06+/-0.09 dlogz:50.479>0.01]22775it [6:36:12,  6.27s/it, bound:5198 nc:1389 ncall:2.3e+07 eff:0.1% logz-ratio=1189894.17+/-0.09 dlogz:50.357>0.01]22777it [6:36:24,  6.19s/it, bound:5198 nc:1443 ncall:2.3e+07 eff:0.1% logz-ratio=1189894.22+/-0.05 dlogz:50.298>0.01]22779it [6:36:45,  7.09s/it, bound:5199 nc:1277 ncall:2.3e+07 eff:0.1% logz-ratio=1189894.28+/-0.09 dlogz:50.240>0.01]22783it [6:37:08,  6.55s/it, bound:5200 nc:1433 ncall:2.3e+07 eff:0.1% logz-ratio=1189894.39+/-0.09 dlogz:50.124>0.01]22787it [6:37:30,  6.18s/it, bound:5201 nc:1411 ncall:2.3e+07 eff:0.1% logz-ratio=1189894.50+/-0.09 dlogz:50.007>0.01]22791it [6:37:51,  5.92s/it, bound:5202 nc:1399 ncall:2.3e+07 eff:0.1% logz-ratio=1189894.61+/-0.09 dlogz:49.884>0.01]22795it [6:38:12,  5.68s/it, bound:5203 nc:1444 ncall:2.3e+07 eff:0.1% logz-ratio=1189894.72+/-0.09 dlogz:49.766>0.01]22799it [6:38:32,  5.47s/it, bound:5204 nc:1390 ncall:2.3e+07 eff:0.1% logz-ratio=1189894.83+/-0.09 dlogz:49.649>0.01]22803it [6:38:51,  5.26s/it, bound:5205 nc:1120 ncall:2.3e+07 eff:0.1% logz-ratio=1189894.94+/-0.09 dlogz:49.531>0.01]22807it [6:39:12,  5.24s/it, bound:5206 nc:1477 ncall:2.3e+07 eff:0.1% logz-ratio=1189895.05+/-0.09 dlogz:49.411>0.01]22811it [6:39:32,  5.16s/it, bound:5207 nc:1411 ncall:2.3e+07 eff:0.1% logz-ratio=1189895.17+/-0.09 dlogz:49.287>0.01]22815it [6:39:52,  5.14s/it, bound:5208 nc:1359 ncall:2.3e+07 eff:0.1% logz-ratio=1189895.29+/-0.09 dlogz:49.160>0.01]22819it [6:40:13,  5.13s/it, bound:5209 nc:1187 ncall:2.3e+07 eff:0.1% logz-ratio=1189895.40+/-0.09 dlogz:49.038>0.01]22823it [6:40:34,  5.19s/it, bound:5210 nc:1518 ncall:2.3e+07 eff:0.1% logz-ratio=1189895.51+/-0.09 dlogz:48.922>0.01]22827it [6:40:57,  5.35s/it, bound:5211 nc:1616 ncall:2.3e+07 eff:0.1% logz-ratio=1189895.62+/-0.09 dlogz:48.803>0.01]22831it [6:41:20,  5.48s/it, bound:5212 nc:1577 ncall:2.3e+07 eff:0.1% logz-ratio=1189895.72+/-0.08 dlogz:48.688>0.01]22835it [6:41:45,  5.69s/it, bound:5213 nc:1695 ncall:2.3e+07 eff:0.1% logz-ratio=1189895.83+/-0.09 dlogz:48.577>0.01]22839it [6:42:09,  5.78s/it, bound:5214 nc:1454 ncall:2.3e+07 eff:0.1% logz-ratio=1189895.94+/-0.09 dlogz:48.461>0.01]22843it [6:42:30,  5.69s/it, bound:5215 nc:1516 ncall:2.3e+07 eff:0.1% logz-ratio=1189896.05+/-0.05 dlogz:48.344>0.01]22846it [6:42:54,  6.21s/it, bound:5216 nc:3141 ncall:2.3e+07 eff:0.1% logz-ratio=1189896.13+/-0.10 dlogz:48.255>0.01]22850it [6:43:18,  6.15s/it, bound:5217 nc:1561 ncall:2.3e+07 eff:0.1% logz-ratio=1189896.23+/-0.05 dlogz:48.140>0.01]22854it [6:43:38,  5.81s/it, bound:5218 nc:994 ncall:2.3e+07 eff:0.1% logz-ratio=1189896.34+/-0.07 dlogz:48.028>0.01] 22858it [6:43:59,  5.63s/it, bound:5219 nc:1127 ncall:2.3e+07 eff:0.1% logz-ratio=1189896.44+/-0.07 dlogz:47.916>0.01]22862it [6:44:21,  5.61s/it, bound:5220 nc:1496 ncall:2.3e+07 eff:0.1% logz-ratio=1189896.55+/-0.07 dlogz:47.802>0.01]22866it [6:44:43,  5.52s/it, bound:5221 nc:1310 ncall:2.3e+07 eff:0.1% logz-ratio=1189896.65+/-0.07 dlogz:47.694>0.01]22870it [6:45:05,  5.52s/it, bound:5222 nc:1482 ncall:2.3e+07 eff:0.1% logz-ratio=1189896.74+/-0.07 dlogz:47.588>0.01]22874it [6:45:26,  5.42s/it, bound:5223 nc:1295 ncall:2.3e+07 eff:0.1% logz-ratio=1189896.85+/-0.07 dlogz:47.478>0.01]22878it [6:45:46,  5.36s/it, bound:5224 nc:1495 ncall:2.3e+07 eff:0.1% logz-ratio=1189896.95+/-0.07 dlogz:47.367>0.01]22882it [6:46:07,  5.26s/it, bound:5225 nc:1269 ncall:2.3e+07 eff:0.1% logz-ratio=1189897.05+/-0.07 dlogz:47.258>0.01]22886it [6:46:26,  5.16s/it, bound:5226 nc:1388 ncall:2.3e+07 eff:0.1% logz-ratio=1189897.15+/-0.07 dlogz:47.153>0.01]22889it [6:46:38,  4.85s/it, bound:5227 nc:1370 ncall:2.3e+07 eff:0.1% logz-ratio=1189897.22+/-0.05 dlogz:47.075>0.01]22890it [6:46:58,  6.48s/it, bound:5227 nc:1257 ncall:2.3e+07 eff:0.1% logz-ratio=1189897.24+/-0.07 dlogz:47.049>0.01]22894it [6:47:18,  5.89s/it, bound:5228 nc:1040 ncall:2.3e+07 eff:0.1% logz-ratio=1189897.33+/-0.06 dlogz:46.950>0.01]22898it [6:47:39,  5.64s/it, bound:5229 nc:1379 ncall:2.3e+07 eff:0.1% logz-ratio=1189897.43+/-0.07 dlogz:46.846>0.01]22902it [6:47:59,  5.48s/it, bound:5230 nc:1315 ncall:2.3e+07 eff:0.1% logz-ratio=1189897.53+/-0.07 dlogz:46.735>0.01]22906it [6:48:20,  5.35s/it, bound:5231 nc:1174 ncall:2.3e+07 eff:0.1% logz-ratio=1189897.64+/-0.07 dlogz:46.625>0.01]22910it [6:48:40,  5.30s/it, bound:5232 nc:1452 ncall:2.3e+07 eff:0.1% logz-ratio=1189897.74+/-0.07 dlogz:46.517>0.01]22914it [6:49:04,  5.47s/it, bound:5233 nc:1659 ncall:2.3e+07 eff:0.1% logz-ratio=1189897.84+/-0.07 dlogz:46.408>0.01]22918it [6:49:27,  5.59s/it, bound:5234 nc:1675 ncall:2.3e+07 eff:0.1% logz-ratio=1189897.95+/-0.07 dlogz:46.293>0.01]22922it [6:49:51,  5.68s/it, bound:5235 nc:1506 ncall:2.3e+07 eff:0.1% logz-ratio=1189898.05+/-0.07 dlogz:46.178>0.01]22926it [6:50:15,  5.76s/it, bound:5236 nc:1684 ncall:2.3e+07 eff:0.1% logz-ratio=1189898.16+/-0.09 dlogz:46.062>0.01]22930it [6:50:40,  5.94s/it, bound:5237 nc:1637 ncall:2.3e+07 eff:0.1% logz-ratio=1189898.27+/-0.10 dlogz:45.948>0.01]22934it [6:51:04,  5.97s/it, bound:5238 nc:1568 ncall:2.3e+07 eff:0.1% logz-ratio=1189898.37+/-0.05 dlogz:45.832>0.01]22938it [6:51:29,  6.01s/it, bound:5239 nc:1719 ncall:2.3e+07 eff:0.1% logz-ratio=1189898.48+/-0.07 dlogz:45.721>0.01]22942it [6:51:53,  6.05s/it, bound:5240 nc:1667 ncall:2.3e+07 eff:0.1% logz-ratio=1189898.57+/-0.08 dlogz:45.617>0.01]22946it [6:52:16,  5.97s/it, bound:5241 nc:1611 ncall:2.3e+07 eff:0.1% logz-ratio=1189898.66+/-0.05 dlogz:45.517>0.01]22950it [6:52:40,  5.97s/it, bound:5242 nc:1488 ncall:2.3e+07 eff:0.1% logz-ratio=1189898.75+/-0.06 dlogz:45.420>0.01]22954it [6:53:04,  5.94s/it, bound:5243 nc:1677 ncall:2.3e+07 eff:0.1% logz-ratio=1189898.84+/-0.08 dlogz:45.323>0.01]22958it [6:53:25,  5.76s/it, bound:5244 nc:1470 ncall:2.3e+07 eff:0.1% logz-ratio=1189898.93+/-0.09 dlogz:45.227>0.01]22962it [6:53:47,  5.70s/it, bound:5245 nc:1412 ncall:2.3e+07 eff:0.1% logz-ratio=1189899.01+/-0.09 dlogz:45.132>0.01]22966it [6:54:09,  5.61s/it, bound:5246 nc:1333 ncall:2.3e+07 eff:0.1% logz-ratio=1189899.10+/-0.09 dlogz:45.035>0.01]22970it [6:54:30,  5.49s/it, bound:5247 nc:1234 ncall:2.3e+07 eff:0.1% logz-ratio=1189899.19+/-0.09 dlogz:44.942>0.01]22974it [6:54:52,  5.50s/it, bound:5248 nc:1515 ncall:2.3e+07 eff:0.1% logz-ratio=1189899.27+/-0.08 dlogz:44.854>0.01]22978it [6:55:13,  5.43s/it, bound:5249 nc:1441 ncall:2.3e+07 eff:0.1% logz-ratio=1189899.34+/-0.08 dlogz:44.769>0.01]22982it [6:55:34,  5.37s/it, bound:5250 nc:1458 ncall:2.3e+07 eff:0.1% logz-ratio=1189899.42+/-0.08 dlogz:44.685>0.01]22986it [6:55:54,  5.30s/it, bound:5251 nc:1385 ncall:2.3e+07 eff:0.1% logz-ratio=1189899.50+/-0.08 dlogz:44.600>0.01]22990it [6:56:14,  5.20s/it, bound:5252 nc:1339 ncall:2.3e+07 eff:0.1% logz-ratio=1189899.57+/-0.08 dlogz:44.517>0.01]22994it [6:56:35,  5.18s/it, bound:5253 nc:1391 ncall:2.3e+07 eff:0.1% logz-ratio=1189899.64+/-0.08 dlogz:44.435>0.01]22995it [6:56:46,  5.80s/it, bound:5253 nc:1452 ncall:2.3e+07 eff:0.1% logz-ratio=1189899.66+/-0.04 dlogz:44.414>0.01]22998it [6:57:07,  6.14s/it, bound:5254 nc:1131 ncall:2.3e+07 eff:0.1% logz-ratio=1189899.72+/-0.08 dlogz:44.353>0.01]23002it [6:57:28,  5.80s/it, bound:5255 nc:1357 ncall:2.3e+07 eff:0.1% logz-ratio=1189899.81+/-0.09 dlogz:44.261>0.01]23006it [6:57:48,  5.55s/it, bound:5256 nc:1357 ncall:2.3e+07 eff:0.1% logz-ratio=1189899.90+/-0.09 dlogz:44.163>0.01]23010it [6:58:08,  5.39s/it, bound:5257 nc:1257 ncall:2.3e+07 eff:0.1% logz-ratio=1189899.98+/-0.09 dlogz:44.067>0.01]23014it [6:58:28,  5.22s/it, bound:5258 nc:1221 ncall:2.3e+07 eff:0.1% logz-ratio=1189900.07+/-0.09 dlogz:43.969>0.01]23018it [6:58:47,  5.11s/it, bound:5259 nc:1305 ncall:2.3e+07 eff:0.1% logz-ratio=1189900.16+/-0.09 dlogz:43.875>0.01]23022it [6:59:07,  5.03s/it, bound:5260 nc:1315 ncall:2.3e+07 eff:0.1% logz-ratio=1189900.25+/-0.09 dlogz:43.779>0.01]23026it [6:59:25,  4.89s/it, bound:5261 nc:1144 ncall:2.3e+07 eff:0.1% logz-ratio=1189900.33+/-0.09 dlogz:43.688>0.01]23030it [6:59:44,  4.85s/it, bound:5262 nc:1083 ncall:2.3e+07 eff:0.1% logz-ratio=1189900.41+/-0.09 dlogz:43.596>0.01]23034it [7:00:04,  4.87s/it, bound:5263 nc:1315 ncall:2.3e+07 eff:0.1% logz-ratio=1189900.50+/-0.09 dlogz:43.504>0.01]23038it [7:00:26,  5.05s/it, bound:5264 nc:1417 ncall:2.3e+07 eff:0.1% logz-ratio=1189900.58+/-0.09 dlogz:43.412>0.01]23041it [7:00:47,  5.54s/it, bound:5265 nc:2577 ncall:2.3e+07 eff:0.1% logz-ratio=1189900.64+/-0.08 dlogz:43.344>0.01]23045it [7:01:08,  5.46s/it, bound:5266 nc:1488 ncall:2.3e+07 eff:0.1% logz-ratio=1189900.73+/-0.09 dlogz:43.254>0.01]23049it [7:01:32,  5.67s/it, bound:5267 nc:1484 ncall:2.3e+07 eff:0.1% logz-ratio=1189900.81+/-0.09 dlogz:43.164>0.01]23053it [7:01:57,  5.79s/it, bound:5268 nc:1654 ncall:2.3e+07 eff:0.1% logz-ratio=1189900.89+/-0.09 dlogz:43.074>0.01]23057it [7:02:22,  5.98s/it, bound:5269 nc:1636 ncall:2.3e+07 eff:0.1% logz-ratio=1189900.97+/-0.04 dlogz:42.982>0.01]23061it [7:02:49,  6.17s/it, bound:5270 nc:1632 ncall:2.3e+07 eff:0.1% logz-ratio=1189901.06+/-0.06 dlogz:42.889>0.01]23065it [7:03:15,  6.31s/it, bound:5271 nc:1605 ncall:2.3e+07 eff:0.1% logz-ratio=1189901.14+/-0.08 dlogz:42.798>0.01]23069it [7:03:39,  6.22s/it, bound:5272 nc:1680 ncall:2.3e+07 eff:0.1% logz-ratio=1189901.22+/-0.04 dlogz:42.710>0.01]23073it [7:04:08,  6.49s/it, bound:5273 nc:1673 ncall:2.3e+07 eff:0.1% logz-ratio=1189901.30+/-0.06 dlogz:42.622>0.01]23077it [7:04:33,  6.40s/it, bound:5274 nc:1739 ncall:2.3e+07 eff:0.1% logz-ratio=1189901.38+/-0.07 dlogz:42.534>0.01]23081it [7:04:57,  6.32s/it, bound:5275 nc:1666 ncall:2.3e+07 eff:0.1% logz-ratio=1189901.46+/-0.08 dlogz:42.444>0.01]23085it [7:05:22,  6.27s/it, bound:5276 nc:1735 ncall:2.3e+07 eff:0.1% logz-ratio=1189901.54+/-0.04 dlogz:42.355>0.01]23089it [7:05:46,  6.23s/it, bound:5277 nc:1605 ncall:2.3e+07 eff:0.1% logz-ratio=1189901.62+/-0.06 dlogz:42.268>0.01]23093it [7:06:08,  5.98s/it, bound:5278 nc:1395 ncall:2.3e+07 eff:0.1% logz-ratio=1189901.70+/-0.07 dlogz:42.182>0.01]23097it [7:06:30,  5.87s/it, bound:5279 nc:1418 ncall:2.3e+07 eff:0.1% logz-ratio=1189901.78+/-0.07 dlogz:42.097>0.01]23101it [7:06:53,  5.81s/it, bound:5280 nc:1559 ncall:2.3e+07 eff:0.1% logz-ratio=1189901.85+/-0.07 dlogz:42.012>0.01]23103it [7:07:05,  5.82s/it, bound:5280 nc:1396 ncall:2.3e+07 eff:0.1% logz-ratio=1189901.89+/-0.04 dlogz:41.970>0.01]23105it [7:07:29,  7.14s/it, bound:5281 nc:1679 ncall:2.3e+07 eff:0.1% logz-ratio=1189901.93+/-0.07 dlogz:41.929>0.01]23109it [7:07:53,  6.69s/it, bound:5282 nc:1544 ncall:2.3e+07 eff:0.1% logz-ratio=1189902.01+/-0.07 dlogz:41.845>0.01]23113it [7:08:18,  6.49s/it, bound:5283 nc:1488 ncall:2.3e+07 eff:0.1% logz-ratio=1189902.08+/-0.07 dlogz:41.758>0.01]23117it [7:08:41,  6.25s/it, bound:5284 nc:1511 ncall:2.3e+07 eff:0.1% logz-ratio=1189902.16+/-0.08 dlogz:41.672>0.01]23121it [7:09:04,  6.11s/it, bound:5285 nc:1513 ncall:2.3e+07 eff:0.1% logz-ratio=1189902.24+/-0.04 dlogz:41.587>0.01]23125it [7:09:26,  5.97s/it, bound:5286 nc:1506 ncall:2.4e+07 eff:0.1% logz-ratio=1189902.31+/-0.04 dlogz:41.503>0.01]23129it [7:09:50,  5.97s/it, bound:5287 nc:1692 ncall:2.4e+07 eff:0.1% logz-ratio=1189902.38+/-0.04 dlogz:41.424>0.01]23133it [7:10:14,  5.92s/it, bound:5288 nc:1355 ncall:2.4e+07 eff:0.1% logz-ratio=1189902.46+/-0.06 dlogz:41.343>0.01]23137it [7:10:35,  5.78s/it, bound:5289 nc:1280 ncall:2.4e+07 eff:0.1% logz-ratio=1189902.54+/-0.06 dlogz:41.258>0.01]23141it [7:10:56,  5.62s/it, bound:5290 nc:1426 ncall:2.4e+07 eff:0.1% logz-ratio=1189902.61+/-0.06 dlogz:41.173>0.01]23145it [7:11:15,  5.34s/it, bound:5291 nc:1316 ncall:2.4e+07 eff:0.1% logz-ratio=1189902.69+/-0.06 dlogz:41.090>0.01]23149it [7:11:36,  5.32s/it, bound:5292 nc:1482 ncall:2.4e+07 eff:0.1% logz-ratio=1189902.76+/-0.06 dlogz:41.009>0.01]23153it [7:11:57,  5.25s/it, bound:5293 nc:1293 ncall:2.4e+07 eff:0.1% logz-ratio=1189902.83+/-0.06 dlogz:40.929>0.01]23157it [7:12:17,  5.22s/it, bound:5294 nc:1387 ncall:2.4e+07 eff:0.1% logz-ratio=1189902.90+/-0.06 dlogz:40.851>0.01]23161it [7:12:38,  5.22s/it, bound:5295 nc:1388 ncall:2.4e+07 eff:0.1% logz-ratio=1189902.97+/-0.06 dlogz:40.774>0.01]23165it [7:13:00,  5.27s/it, bound:5296 nc:1523 ncall:2.4e+07 eff:0.1% logz-ratio=1189903.04+/-0.06 dlogz:40.697>0.01]23169it [7:13:22,  5.33s/it, bound:5297 nc:1548 ncall:2.4e+07 eff:0.1% logz-ratio=1189903.11+/-0.06 dlogz:40.622>0.01]23173it [7:13:43,  5.31s/it, bound:5298 nc:1349 ncall:2.4e+07 eff:0.1% logz-ratio=1189903.17+/-0.06 dlogz:40.547>0.01]23177it [7:14:04,  5.32s/it, bound:5299 nc:1215 ncall:2.4e+07 eff:0.1% logz-ratio=1189903.24+/-0.06 dlogz:40.472>0.01]23181it [7:14:23,  5.18s/it, bound:5300 nc:1362 ncall:2.4e+07 eff:0.1% logz-ratio=1189903.31+/-0.06 dlogz:40.396>0.01]23185it [7:14:45,  5.22s/it, bound:5301 nc:1488 ncall:2.4e+07 eff:0.1% logz-ratio=1189903.38+/-0.06 dlogz:40.318>0.01]23189it [7:15:05,  5.18s/it, bound:5302 nc:1436 ncall:2.4e+07 eff:0.1% logz-ratio=1189903.45+/-0.06 dlogz:40.241>0.01]23193it [7:15:26,  5.21s/it, bound:5303 nc:1331 ncall:2.4e+07 eff:0.1% logz-ratio=1189903.52+/-0.06 dlogz:40.165>0.01]23197it [7:15:47,  5.22s/it, bound:5304 nc:1187 ncall:2.4e+07 eff:0.1% logz-ratio=1189903.58+/-0.06 dlogz:40.088>0.01]23200it [7:16:22,  6.81s/it, bound:5305 nc:3758 ncall:2.4e+07 eff:0.1% logz-ratio=1189903.64+/-0.04 dlogz:40.028>0.01]23204it [7:16:55,  7.24s/it, bound:5306 nc:2184 ncall:2.4e+07 eff:0.1% logz-ratio=1189903.71+/-0.04 dlogz:39.949>0.01]23208it [7:17:26,  7.36s/it, bound:5307 nc:1931 ncall:2.4e+07 eff:0.1% logz-ratio=1189903.78+/-0.06 dlogz:39.870>0.01]23210it [7:17:37,  7.10s/it, bound:5307 nc:2132 ncall:2.4e+07 eff:0.1% logz-ratio=1189903.82+/-0.04 dlogz:39.830>0.01]23212it [7:18:09,  8.90s/it, bound:5308 nc:2253 ncall:2.4e+07 eff:0.1% logz-ratio=1189903.85+/-0.07 dlogz:39.790>0.01]23216it [7:18:39,  8.41s/it, bound:5309 nc:1720 ncall:2.4e+07 eff:0.1% logz-ratio=1189903.92+/-0.04 dlogz:39.711>0.01]23220it [7:19:08,  8.00s/it, bound:5310 nc:2067 ncall:2.4e+07 eff:0.1% logz-ratio=1189903.99+/-0.06 dlogz:39.634>0.01]23224it [7:19:36,  7.65s/it, bound:5311 nc:1926 ncall:2.4e+07 eff:0.1% logz-ratio=1189904.06+/-0.07 dlogz:39.560>0.01]23228it [7:20:03,  7.36s/it, bound:5312 nc:1911 ncall:2.4e+07 eff:0.1% logz-ratio=1189904.12+/-0.04 dlogz:39.489>0.01]23232it [7:20:29,  7.12s/it, bound:5313 nc:1638 ncall:2.4e+07 eff:0.1% logz-ratio=1189904.18+/-0.05 dlogz:39.416>0.01]23236it [7:20:55,  6.90s/it, bound:5314 nc:1735 ncall:2.4e+07 eff:0.1% logz-ratio=1189904.25+/-0.07 dlogz:39.341>0.01]23240it [7:21:20,  6.70s/it, bound:5315 nc:1571 ncall:2.4e+07 eff:0.1% logz-ratio=1189904.33+/-0.04 dlogz:39.261>0.01]23244it [7:21:45,  6.56s/it, bound:5316 nc:1588 ncall:2.4e+07 eff:0.1% logz-ratio=1189904.40+/-0.06 dlogz:39.181>0.01]23248it [7:22:10,  6.45s/it, bound:5317 nc:1713 ncall:2.4e+07 eff:0.1% logz-ratio=1189904.48+/-0.07 dlogz:39.096>0.01]23252it [7:22:34,  6.32s/it, bound:5318 nc:1654 ncall:2.4e+07 eff:0.1% logz-ratio=1189904.55+/-0.04 dlogz:39.011>0.01]23256it [7:22:59,  6.33s/it, bound:5319 nc:1787 ncall:2.4e+07 eff:0.1% logz-ratio=1189904.63+/-0.06 dlogz:38.926>0.01]23260it [7:23:23,  6.23s/it, bound:5320 nc:1620 ncall:2.4e+07 eff:0.1% logz-ratio=1189904.70+/-0.07 dlogz:38.843>0.01]23264it [7:23:46,  6.03s/it, bound:5321 nc:1384 ncall:2.4e+07 eff:0.1% logz-ratio=1189904.77+/-0.04 dlogz:38.764>0.01]23268it [7:24:09,  5.97s/it, bound:5322 nc:1656 ncall:2.4e+07 eff:0.1% logz-ratio=1189904.84+/-0.04 dlogz:38.686>0.01]23272it [7:24:32,  5.94s/it, bound:5323 nc:1180 ncall:2.4e+07 eff:0.1% logz-ratio=1189904.91+/-0.04 dlogz:38.609>0.01]23275it [7:24:56,  6.41s/it, bound:5324 nc:1364 ncall:2.4e+07 eff:0.1% logz-ratio=1189904.97+/-0.04 dlogz:38.550>0.01]23279it [7:25:19,  6.18s/it, bound:5325 nc:1594 ncall:2.4e+07 eff:0.1% logz-ratio=1189905.04+/-0.04 dlogz:38.470>0.01]23283it [7:25:41,  6.00s/it, bound:5326 nc:1302 ncall:2.4e+07 eff:0.1% logz-ratio=1189905.11+/-0.06 dlogz:38.390>0.01]23287it [7:26:03,  5.81s/it, bound:5327 nc:1486 ncall:2.4e+07 eff:0.1% logz-ratio=1189905.18+/-0.06 dlogz:38.314>0.01]23291it [7:26:25,  5.77s/it, bound:5328 nc:1599 ncall:2.4e+07 eff:0.1% logz-ratio=1189905.25+/-0.06 dlogz:38.237>0.01]23295it [7:26:48,  5.76s/it, bound:5329 nc:1610 ncall:2.4e+07 eff:0.1% logz-ratio=1189905.32+/-0.07 dlogz:38.157>0.01]23299it [7:27:11,  5.73s/it, bound:5330 nc:1536 ncall:2.4e+07 eff:0.1% logz-ratio=1189905.40+/-0.07 dlogz:38.075>0.01]23303it [7:27:31,  5.50s/it, bound:5331 nc:1387 ncall:2.4e+07 eff:0.1% logz-ratio=1189905.47+/-0.07 dlogz:37.992>0.01]23307it [7:27:53,  5.49s/it, bound:5332 nc:1234 ncall:2.4e+07 eff:0.1% logz-ratio=1189905.55+/-0.08 dlogz:37.901>0.01]23309it [7:28:04,  5.57s/it, bound:5332 nc:1475 ncall:2.4e+07 eff:0.1% logz-ratio=1189905.60+/-0.04 dlogz:37.856>0.01]23311it [7:28:26,  6.61s/it, bound:5333 nc:1195 ncall:2.4e+07 eff:0.1% logz-ratio=1189905.64+/-0.07 dlogz:37.812>0.01]23315it [7:28:48,  6.24s/it, bound:5334 nc:1375 ncall:2.4e+07 eff:0.1% logz-ratio=1189905.71+/-0.07 dlogz:37.725>0.01]23319it [7:29:10,  5.94s/it, bound:5335 nc:1402 ncall:2.4e+07 eff:0.1% logz-ratio=1189905.79+/-0.07 dlogz:37.640>0.01]23323it [7:29:31,  5.70s/it, bound:5336 nc:1311 ncall:2.4e+07 eff:0.1% logz-ratio=1189905.86+/-0.07 dlogz:37.558>0.01]23327it [7:29:49,  5.38s/it, bound:5337 nc:1307 ncall:2.4e+07 eff:0.1% logz-ratio=1189905.94+/-0.07 dlogz:37.478>0.01]23331it [7:30:09,  5.25s/it, bound:5338 nc:1362 ncall:2.4e+07 eff:0.1% logz-ratio=1189906.01+/-0.07 dlogz:37.399>0.01]23335it [7:30:30,  5.24s/it, bound:5339 nc:1246 ncall:2.4e+07 eff:0.1% logz-ratio=1189906.08+/-0.06 dlogz:37.320>0.01]23339it [7:30:51,  5.20s/it, bound:5340 nc:1187 ncall:2.4e+07 eff:0.1% logz-ratio=1189906.14+/-0.06 dlogz:37.244>0.01]23343it [7:31:11,  5.18s/it, bound:5341 nc:1454 ncall:2.4e+07 eff:0.1% logz-ratio=1189906.21+/-0.06 dlogz:37.167>0.01]23347it [7:31:31,  5.11s/it, bound:5342 nc:1324 ncall:2.4e+07 eff:0.1% logz-ratio=1189906.28+/-0.06 dlogz:37.089>0.01]23351it [7:31:52,  5.17s/it, bound:5343 nc:1505 ncall:2.4e+07 eff:0.1% logz-ratio=1189906.36+/-0.06 dlogz:37.010>0.01]23355it [7:32:12,  5.12s/it, bound:5344 nc:1418 ncall:2.4e+07 eff:0.1% logz-ratio=1189906.43+/-0.06 dlogz:36.924>0.01]23359it [7:32:33,  5.15s/it, bound:5345 nc:1474 ncall:2.4e+07 eff:0.1% logz-ratio=1189906.51+/-0.06 dlogz:36.840>0.01]23363it [7:32:55,  5.23s/it, bound:5346 nc:1494 ncall:2.4e+07 eff:0.1% logz-ratio=1189906.59+/-0.06 dlogz:36.754>0.01]23367it [7:33:16,  5.23s/it, bound:5347 nc:1265 ncall:2.4e+07 eff:0.1% logz-ratio=1189906.67+/-0.06 dlogz:36.667>0.01]23371it [7:33:35,  5.13s/it, bound:5348 nc:1374 ncall:2.4e+07 eff:0.1% logz-ratio=1189906.75+/-0.06 dlogz:36.581>0.01]23375it [7:33:52,  4.88s/it, bound:5349 nc:1179 ncall:2.4e+07 eff:0.1% logz-ratio=1189906.82+/-0.06 dlogz:36.496>0.01]23379it [7:34:11,  4.82s/it, bound:5350 nc:986 ncall:2.4e+07 eff:0.1% logz-ratio=1189906.90+/-0.06 dlogz:36.409>0.01] 23383it [7:34:33,  5.01s/it, bound:5351 nc:1458 ncall:2.4e+07 eff:0.1% logz-ratio=1189906.98+/-0.06 dlogz:36.324>0.01]23387it [7:34:55,  5.16s/it, bound:5352 nc:1336 ncall:2.4e+07 eff:0.1% logz-ratio=1189907.05+/-0.06 dlogz:36.240>0.01]23391it [7:35:17,  5.24s/it, bound:5353 nc:1501 ncall:2.4e+07 eff:0.1% logz-ratio=1189907.13+/-0.06 dlogz:36.158>0.01]23395it [7:35:39,  5.31s/it, bound:5354 nc:1545 ncall:2.4e+07 eff:0.1% logz-ratio=1189907.20+/-0.06 dlogz:36.075>0.01]23399it [7:36:01,  5.40s/it, bound:5355 nc:1582 ncall:2.4e+07 eff:0.1% logz-ratio=1189907.28+/-0.06 dlogz:35.991>0.01]23403it [7:36:22,  5.34s/it, bound:5356 nc:1391 ncall:2.4e+07 eff:0.1% logz-ratio=1189907.36+/-0.06 dlogz:35.906>0.01]23407it [7:36:43,  5.33s/it, bound:5357 nc:1358 ncall:2.4e+07 eff:0.1% logz-ratio=1189907.43+/-0.06 dlogz:35.820>0.01]23411it [7:37:04,  5.29s/it, bound:5358 nc:1367 ncall:2.4e+07 eff:0.1% logz-ratio=1189907.51+/-0.06 dlogz:35.735>0.01]23415it [7:37:25,  5.29s/it, bound:5359 nc:1356 ncall:2.4e+07 eff:0.1% logz-ratio=1189907.58+/-0.06 dlogz:35.653>0.01]23419it [7:37:46,  5.28s/it, bound:5360 nc:1297 ncall:2.4e+07 eff:0.1% logz-ratio=1189907.65+/-0.06 dlogz:35.575>0.01]23423it [7:38:07,  5.25s/it, bound:5361 nc:1418 ncall:2.4e+07 eff:0.1% logz-ratio=1189907.72+/-0.06 dlogz:35.497>0.01]23426it [7:38:19,  4.96s/it, bound:5362 nc:1461 ncall:2.4e+07 eff:0.1% logz-ratio=1189907.77+/-0.04 dlogz:35.440>0.01]23427it [7:38:39,  6.52s/it, bound:5362 nc:1339 ncall:2.4e+07 eff:0.1% logz-ratio=1189907.79+/-0.06 dlogz:35.421>0.01]23431it [7:38:59,  6.00s/it, bound:5363 nc:1332 ncall:2.4e+07 eff:0.1% logz-ratio=1189907.86+/-0.06 dlogz:35.345>0.01]23435it [7:39:19,  5.62s/it, bound:5364 nc:1279 ncall:2.4e+07 eff:0.1% logz-ratio=1189907.93+/-0.06 dlogz:35.263>0.01]23439it [7:39:40,  5.46s/it, bound:5365 nc:1116 ncall:2.4e+07 eff:0.1% logz-ratio=1189908.01+/-0.06 dlogz:35.180>0.01]23443it [7:40:02,  5.51s/it, bound:5366 nc:1333 ncall:2.4e+07 eff:0.1% logz-ratio=1189908.08+/-0.06 dlogz:35.098>0.01]23447it [7:40:24,  5.49s/it, bound:5367 nc:1385 ncall:2.4e+07 eff:0.1% logz-ratio=1189908.16+/-0.06 dlogz:35.015>0.01]23451it [7:40:46,  5.50s/it, bound:5368 nc:1499 ncall:2.4e+07 eff:0.1% logz-ratio=1189908.24+/-0.06 dlogz:34.930>0.01]23455it [7:41:07,  5.40s/it, bound:5369 nc:1460 ncall:2.4e+07 eff:0.1% logz-ratio=1189908.31+/-0.06 dlogz:34.850>0.01]23459it [7:41:27,  5.33s/it, bound:5370 nc:1314 ncall:2.4e+07 eff:0.1% logz-ratio=1189908.38+/-0.06 dlogz:34.771>0.01]23463it [7:41:47,  5.23s/it, bound:5371 nc:1180 ncall:2.4e+07 eff:0.1% logz-ratio=1189908.45+/-0.06 dlogz:34.695>0.01]23467it [7:42:07,  5.16s/it, bound:5372 nc:1342 ncall:2.4e+07 eff:0.1% logz-ratio=1189908.52+/-0.06 dlogz:34.616>0.01]23471it [7:42:27,  5.12s/it, bound:5373 nc:1133 ncall:2.4e+07 eff:0.1% logz-ratio=1189908.59+/-0.06 dlogz:34.539>0.01]23475it [7:42:46,  4.98s/it, bound:5374 nc:1155 ncall:2.4e+07 eff:0.1% logz-ratio=1189908.65+/-0.06 dlogz:34.462>0.01]23479it [7:43:06,  4.96s/it, bound:5375 nc:1379 ncall:2.4e+07 eff:0.1% logz-ratio=1189908.72+/-0.06 dlogz:34.387>0.01]23483it [7:43:25,  4.92s/it, bound:5376 nc:1369 ncall:2.4e+07 eff:0.1% logz-ratio=1189908.79+/-0.06 dlogz:34.309>0.01]23487it [7:43:50,  5.31s/it, bound:5377 nc:1735 ncall:2.4e+07 eff:0.1% logz-ratio=1189908.87+/-0.06 dlogz:34.227>0.01]23491it [7:44:16,  5.68s/it, bound:5378 nc:1666 ncall:2.4e+07 eff:0.1% logz-ratio=1189908.94+/-0.06 dlogz:37.573>0.01]23495it [7:44:40,  5.79s/it, bound:5379 nc:1636 ncall:2.4e+07 eff:0.1% logz-ratio=1189909.02+/-0.07 dlogz:37.492>0.01]23499it [7:45:05,  5.94s/it, bound:5380 nc:1719 ncall:2.4e+07 eff:0.1% logz-ratio=1189909.09+/-0.04 dlogz:37.412>0.01]23503it [7:45:31,  6.06s/it, bound:5381 nc:1784 ncall:2.4e+07 eff:0.1% logz-ratio=1189909.16+/-0.06 dlogz:37.334>0.01]23507it [7:45:57,  6.20s/it, bound:5382 nc:1603 ncall:2.4e+07 eff:0.1% logz-ratio=1189909.23+/-0.07 dlogz:37.257>0.01]23511it [7:46:22,  6.25s/it, bound:5383 nc:1632 ncall:2.4e+07 eff:0.1% logz-ratio=1189909.29+/-0.04 dlogz:37.181>0.01]23515it [7:46:46,  6.16s/it, bound:5384 nc:1470 ncall:2.4e+07 eff:0.1% logz-ratio=1189909.36+/-0.05 dlogz:37.107>0.01]23519it [7:47:09,  6.00s/it, bound:5385 nc:1582 ncall:2.4e+07 eff:0.1% logz-ratio=1189909.42+/-0.07 dlogz:37.036>0.01]23523it [7:47:31,  5.88s/it, bound:5386 nc:1560 ncall:2.4e+07 eff:0.1% logz-ratio=1189909.48+/-0.07 dlogz:36.967>0.01]23527it [7:47:53,  5.77s/it, bound:5387 nc:1500 ncall:2.4e+07 eff:0.1% logz-ratio=1189909.54+/-0.07 dlogz:36.900>0.01]23531it [7:48:15,  5.71s/it, bound:5388 nc:1355 ncall:2.4e+07 eff:0.1% logz-ratio=1189909.60+/-0.07 dlogz:36.832>0.01]23532it [7:48:27,  6.33s/it, bound:5388 nc:1588 ncall:2.4e+07 eff:0.1% logz-ratio=1189909.61+/-0.04 dlogz:36.815>0.01]23535it [7:48:50,  6.65s/it, bound:5389 nc:1462 ncall:2.4e+07 eff:0.1% logz-ratio=1189909.66+/-0.07 dlogz:36.765>0.01]23539it [7:49:15,  6.54s/it, bound:5390 nc:1490 ncall:2.4e+07 eff:0.1% logz-ratio=1189909.72+/-0.07 dlogz:36.700>0.01]23543it [7:49:36,  6.10s/it, bound:5391 nc:1468 ncall:2.4e+07 eff:0.1% logz-ratio=1189909.77+/-0.07 dlogz:36.633>0.01]23547it [7:49:58,  5.91s/it, bound:5392 nc:1329 ncall:2.4e+07 eff:0.1% logz-ratio=1189909.84+/-0.08 dlogz:36.564>0.01]23551it [7:50:18,  5.63s/it, bound:5393 nc:1326 ncall:2.4e+07 eff:0.1% logz-ratio=1189909.90+/-0.08 dlogz:36.492>0.01]23555it [7:50:40,  5.55s/it, bound:5394 nc:1450 ncall:2.4e+07 eff:0.1% logz-ratio=1189909.96+/-0.08 dlogz:36.420>0.01]23559it [7:50:59,  5.29s/it, bound:5395 nc:1329 ncall:2.4e+07 eff:0.1% logz-ratio=1189910.03+/-0.08 dlogz:36.350>0.01]23563it [7:51:23,  5.52s/it, bound:5396 nc:1708 ncall:2.4e+07 eff:0.1% logz-ratio=1189910.09+/-0.08 dlogz:36.277>0.01]23567it [7:51:47,  5.69s/it, bound:5397 nc:1509 ncall:2.4e+07 eff:0.1% logz-ratio=1189910.16+/-0.08 dlogz:36.204>0.01]23571it [7:52:10,  5.72s/it, bound:5398 nc:1434 ncall:2.4e+07 eff:0.1% logz-ratio=1189910.22+/-0.04 dlogz:36.132>0.01]23575it [7:52:35,  5.84s/it, bound:5399 nc:1304 ncall:2.4e+07 eff:0.1% logz-ratio=1189910.29+/-0.04 dlogz:42.934>0.01]23579it [7:52:58,  5.81s/it, bound:5400 nc:1592 ncall:2.4e+07 eff:0.1% logz-ratio=1189910.36+/-0.04 dlogz:42.859>0.01]23583it [7:53:20,  5.76s/it, bound:5401 nc:1513 ncall:2.4e+07 eff:0.1% logz-ratio=1189910.42+/-0.06 dlogz:42.782>0.01]23587it [7:53:42,  5.66s/it, bound:5402 nc:1220 ncall:2.4e+07 eff:0.1% logz-ratio=1189910.50+/-0.06 dlogz:42.704>0.01]23591it [7:54:03,  5.56s/it, bound:5403 nc:1318 ncall:2.4e+07 eff:0.1% logz-ratio=1189910.57+/-0.06 dlogz:42.618>0.01]23595it [7:54:23,  5.41s/it, bound:5404 nc:1370 ncall:2.4e+07 eff:0.1% logz-ratio=1189910.65+/-0.06 dlogz:42.533>0.01]23599it [7:54:44,  5.30s/it, bound:5405 nc:1210 ncall:2.4e+07 eff:0.1% logz-ratio=1189910.73+/-0.06 dlogz:42.449>0.01]23603it [7:55:03,  5.19s/it, bound:5406 nc:1268 ncall:2.4e+07 eff:0.1% logz-ratio=1189910.80+/-0.06 dlogz:42.368>0.01]23607it [7:55:25,  5.25s/it, bound:5407 nc:1320 ncall:2.4e+07 eff:0.1% logz-ratio=1189910.87+/-0.06 dlogz:42.291>0.01]23611it [7:55:46,  5.28s/it, bound:5408 nc:1516 ncall:2.4e+07 eff:0.1% logz-ratio=1189910.94+/-0.06 dlogz:42.215>0.01]23615it [7:56:06,  5.16s/it, bound:5409 nc:1365 ncall:2.4e+07 eff:0.1% logz-ratio=1189911.00+/-0.06 dlogz:42.139>0.01]23619it [7:56:26,  5.12s/it, bound:5410 nc:1420 ncall:2.4e+07 eff:0.1% logz-ratio=1189911.07+/-0.06 dlogz:42.064>0.01]23623it [7:56:46,  5.09s/it, bound:5411 nc:1124 ncall:2.4e+07 eff:0.1% logz-ratio=1189911.14+/-0.06 dlogz:41.988>0.01]23627it [7:57:05,  5.01s/it, bound:5412 nc:1221 ncall:2.4e+07 eff:0.1% logz-ratio=1189911.20+/-0.06 dlogz:41.913>0.01]23631it [7:57:26,  5.03s/it, bound:5413 nc:1225 ncall:2.4e+07 eff:0.1% logz-ratio=1189911.27+/-0.06 dlogz:41.839>0.01]23635it [7:57:45,  4.97s/it, bound:5414 nc:1311 ncall:2.4e+07 eff:0.1% logz-ratio=1189911.34+/-0.06 dlogz:41.763>0.01]23639it [7:58:04,  4.88s/it, bound:5415 nc:1289 ncall:2.4e+07 eff:0.1% logz-ratio=1189911.41+/-0.06 dlogz:41.685>0.01]23643it [7:58:22,  4.79s/it, bound:5416 nc:1115 ncall:2.4e+07 eff:0.1% logz-ratio=1189911.48+/-0.06 dlogz:41.607>0.01]23646it [7:58:34,  4.59s/it, bound:5417 nc:1294 ncall:2.4e+07 eff:0.1% logz-ratio=1189911.53+/-0.04 dlogz:41.549>0.01]23647it [7:58:52,  5.99s/it, bound:5417 nc:1127 ncall:2.4e+07 eff:0.1% logz-ratio=1189911.55+/-0.06 dlogz:41.530>0.01]23651it [7:59:16,  5.99s/it, bound:5418 nc:1645 ncall:2.4e+07 eff:0.1% logz-ratio=1189911.62+/-0.06 dlogz:41.454>0.01]23655it [7:59:39,  5.88s/it, bound:5419 nc:1435 ncall:2.4e+07 eff:0.1% logz-ratio=1189911.69+/-0.06 dlogz:41.374>0.01]23658it [8:00:01,  6.33s/it, bound:5420 nc:1277 ncall:2.4e+07 eff:0.1% logz-ratio=1189911.75+/-0.06 dlogz:41.311>0.01]23662it [8:00:23,  6.05s/it, bound:5421 nc:1552 ncall:2.4e+07 eff:0.1% logz-ratio=1189911.82+/-0.06 dlogz:41.226>0.01]23666it [8:00:46,  5.94s/it, bound:5422 nc:1347 ncall:2.4e+07 eff:0.1% logz-ratio=1189911.90+/-0.06 dlogz:41.143>0.01]23670it [8:01:08,  5.82s/it, bound:5423 nc:1275 ncall:2.4e+07 eff:0.1% logz-ratio=1189911.97+/-0.06 dlogz:41.063>0.01]23674it [8:01:30,  5.69s/it, bound:5424 nc:1504 ncall:2.4e+07 eff:0.1% logz-ratio=1189912.04+/-0.06 dlogz:40.985>0.01]23678it [8:01:51,  5.56s/it, bound:5425 nc:1479 ncall:2.4e+07 eff:0.1% logz-ratio=1189912.11+/-0.06 dlogz:40.908>0.01]23682it [8:02:10,  5.28s/it, bound:5426 nc:1267 ncall:2.4e+07 eff:0.1% logz-ratio=1189912.18+/-0.06 dlogz:40.833>0.01]23686it [8:02:29,  5.15s/it, bound:5427 nc:1337 ncall:2.4e+07 eff:0.1% logz-ratio=1189912.24+/-0.06 dlogz:40.758>0.01]23690it [8:02:48,  5.06s/it, bound:5428 nc:1259 ncall:2.4e+07 eff:0.1% logz-ratio=1189912.31+/-0.06 dlogz:40.685>0.01]23694it [8:03:09,  5.07s/it, bound:5429 nc:1419 ncall:2.4e+07 eff:0.1% logz-ratio=1189912.37+/-0.06 dlogz:40.611>0.01]23698it [8:03:27,  4.94s/it, bound:5430 nc:1282 ncall:2.4e+07 eff:0.1% logz-ratio=1189912.44+/-0.06 dlogz:40.537>0.01]23702it [8:03:46,  4.86s/it, bound:5431 nc:1122 ncall:2.4e+07 eff:0.1% logz-ratio=1189912.51+/-0.06 dlogz:40.457>0.01]23706it [8:04:03,  4.66s/it, bound:5432 nc:1096 ncall:2.4e+07 eff:0.1% logz-ratio=1189912.58+/-0.06 dlogz:40.378>0.01]23709it [8:04:32,  5.88s/it, bound:5433 nc:1939 ncall:2.4e+07 eff:0.1% logz-ratio=1189912.64+/-0.04 dlogz:40.318>0.01]23713it [8:04:58,  6.11s/it, bound:5434 nc:1782 ncall:2.4e+07 eff:0.1% logz-ratio=1189912.71+/-0.06 dlogz:40.240>0.01]23717it [8:05:24,  6.23s/it, bound:5435 nc:1830 ncall:2.4e+07 eff:0.1% logz-ratio=1189912.78+/-0.07 dlogz:40.160>0.01]23721it [8:05:50,  6.29s/it, bound:5436 nc:1829 ncall:2.4e+07 eff:0.1% logz-ratio=1189912.85+/-0.04 dlogz:40.082>0.01]23725it [8:06:15,  6.26s/it, bound:5437 nc:1608 ncall:2.4e+07 eff:0.1% logz-ratio=1189912.92+/-0.06 dlogz:40.003>0.01]23729it [8:06:41,  6.35s/it, bound:5438 nc:1718 ncall:2.4e+07 eff:0.1% logz-ratio=1189912.99+/-0.07 dlogz:39.927>0.01]23733it [8:07:05,  6.27s/it, bound:5439 nc:1716 ncall:2.4e+07 eff:0.1% logz-ratio=1189913.05+/-0.04 dlogz:39.852>0.01]23737it [8:07:28,  6.11s/it, bound:5440 nc:1624 ncall:2.4e+07 eff:0.1% logz-ratio=1189913.12+/-0.06 dlogz:39.776>0.01]23741it [8:07:49,  5.84s/it, bound:5441 nc:1366 ncall:2.4e+07 eff:0.1% logz-ratio=1189913.19+/-0.07 dlogz:39.700>0.01]23745it [8:08:11,  5.76s/it, bound:5442 nc:1513 ncall:2.4e+07 eff:0.1% logz-ratio=1189913.26+/-0.07 dlogz:39.624>0.01]23749it [8:08:35,  5.80s/it, bound:5443 nc:1564 ncall:2.4e+07 eff:0.1% logz-ratio=1189913.33+/-0.07 dlogz:39.545>0.01]23751it [8:08:47,  5.84s/it, bound:5443 nc:1660 ncall:2.4e+07 eff:0.1% logz-ratio=1189913.36+/-0.04 dlogz:39.506>0.01]23753it [8:09:10,  6.96s/it, bound:5444 nc:1330 ncall:2.4e+07 eff:0.1% logz-ratio=1189913.40+/-0.07 dlogz:39.467>0.01]23757it [8:09:31,  6.32s/it, bound:5445 nc:1306 ncall:2.4e+07 eff:0.1% logz-ratio=1189913.47+/-0.07 dlogz:39.392>0.01]23761it [8:09:52,  6.00s/it, bound:5446 nc:1134 ncall:2.4e+07 eff:0.1% logz-ratio=1189913.53+/-0.07 dlogz:39.318>0.01]23765it [8:10:14,  5.82s/it, bound:5447 nc:1511 ncall:2.4e+07 eff:0.1% logz-ratio=1189913.60+/-0.07 dlogz:39.244>0.01]23769it [8:10:42,  6.18s/it, bound:5448 nc:1842 ncall:2.4e+07 eff:0.1% logz-ratio=1189913.66+/-0.07 dlogz:39.170>0.01]23773it [8:11:11,  6.52s/it, bound:5449 nc:2055 ncall:2.4e+07 eff:0.1% logz-ratio=1189913.73+/-0.04 dlogz:39.095>0.01]23777it [8:11:38,  6.59s/it, bound:5450 nc:1881 ncall:2.4e+07 eff:0.1% logz-ratio=1189913.80+/-0.06 dlogz:39.021>0.01]23781it [8:12:03,  6.50s/it, bound:5451 nc:1613 ncall:2.4e+07 eff:0.1% logz-ratio=1189913.86+/-0.07 dlogz:38.948>0.01]23785it [8:12:30,  6.54s/it, bound:5452 nc:1637 ncall:2.4e+07 eff:0.1% logz-ratio=1189913.93+/-0.04 dlogz:38.876>0.01]23789it [8:12:56,  6.59s/it, bound:5453 nc:1632 ncall:2.4e+07 eff:0.1% logz-ratio=1189913.99+/-0.05 dlogz:38.804>0.01]23793it [8:13:21,  6.47s/it, bound:5454 nc:1496 ncall:2.4e+07 eff:0.1% logz-ratio=1189914.05+/-0.07 dlogz:38.732>0.01]23797it [8:13:44,  6.26s/it, bound:5455 nc:1651 ncall:2.4e+07 eff:0.1% logz-ratio=1189914.12+/-0.04 dlogz:38.656>0.01]23801it [8:14:07,  6.12s/it, bound:5456 nc:1412 ncall:2.4e+07 eff:0.1% logz-ratio=1189914.20+/-0.04 dlogz:38.574>0.01]23805it [8:14:31,  6.05s/it, bound:5457 nc:1644 ncall:2.5e+07 eff:0.1% logz-ratio=1189914.27+/-0.04 dlogz:38.491>0.01]23809it [8:14:54,  6.00s/it, bound:5458 nc:1291 ncall:2.5e+07 eff:0.1% logz-ratio=1189914.35+/-0.06 dlogz:38.410>0.01]23813it [8:15:17,  5.91s/it, bound:5459 nc:1612 ncall:2.5e+07 eff:0.1% logz-ratio=1189914.42+/-0.06 dlogz:38.328>0.01]23817it [8:15:39,  5.80s/it, bound:5460 nc:1371 ncall:2.5e+07 eff:0.1% logz-ratio=1189914.50+/-0.07 dlogz:38.243>0.01]23821it [8:16:02,  5.78s/it, bound:5461 nc:1457 ncall:2.5e+07 eff:0.1% logz-ratio=1189914.57+/-0.07 dlogz:38.158>0.01]23825it [8:16:24,  5.69s/it, bound:5462 nc:1450 ncall:2.5e+07 eff:0.1% logz-ratio=1189914.66+/-0.08 dlogz:38.070>0.01]23829it [8:16:46,  5.61s/it, bound:5463 nc:1365 ncall:2.5e+07 eff:0.1% logz-ratio=1189914.73+/-0.08 dlogz:37.983>0.01]23833it [8:17:08,  5.56s/it, bound:5464 nc:1453 ncall:2.5e+07 eff:0.1% logz-ratio=1189914.81+/-0.08 dlogz:37.895>0.01]23837it [8:17:29,  5.47s/it, bound:5465 nc:1406 ncall:2.5e+07 eff:0.1% logz-ratio=1189914.89+/-0.07 dlogz:37.808>0.01]23841it [8:17:49,  5.36s/it, bound:5466 nc:1451 ncall:2.5e+07 eff:0.1% logz-ratio=1189914.97+/-0.07 dlogz:37.723>0.01]23845it [8:18:09,  5.26s/it, bound:5467 nc:1423 ncall:2.5e+07 eff:0.1% logz-ratio=1189915.05+/-0.08 dlogz:37.636>0.01]23849it [8:18:27,  5.02s/it, bound:5468 nc:1251 ncall:2.5e+07 eff:0.1% logz-ratio=1189915.13+/-0.08 dlogz:37.548>0.01]23853it [8:18:47,  5.00s/it, bound:5469 nc:1260 ncall:2.5e+07 eff:0.1% logz-ratio=1189915.21+/-0.07 dlogz:37.462>0.01]23855it [8:18:59,  5.17s/it, bound:5469 nc:1392 ncall:2.5e+07 eff:0.1% logz-ratio=1189915.25+/-0.04 dlogz:37.420>0.01]23857it [8:19:19,  6.13s/it, bound:5470 nc:1397 ncall:2.5e+07 eff:0.1% logz-ratio=1189915.28+/-0.07 dlogz:37.378>0.01]23861it [8:19:38,  5.61s/it, bound:5471 nc:1296 ncall:2.5e+07 eff:0.1% logz-ratio=1189915.36+/-0.07 dlogz:37.296>0.01]23865it [8:19:57,  5.35s/it, bound:5472 nc:1349 ncall:2.5e+07 eff:0.1% logz-ratio=1189915.43+/-0.07 dlogz:37.215>0.01]23869it [8:20:15,  5.10s/it, bound:5473 nc:1310 ncall:2.5e+07 eff:0.1% logz-ratio=1189915.50+/-0.07 dlogz:37.136>0.01]23873it [8:20:34,  4.97s/it, bound:5474 nc:1201 ncall:2.5e+07 eff:0.1% logz-ratio=1189915.57+/-0.07 dlogz:37.061>0.01]23877it [8:20:52,  4.81s/it, bound:5475 nc:1244 ncall:2.5e+07 eff:0.1% logz-ratio=1189915.63+/-0.07 dlogz:36.987>0.01]23881it [8:21:09,  4.67s/it, bound:5476 nc:1226 ncall:2.5e+07 eff:0.1% logz-ratio=1189915.70+/-0.07 dlogz:36.909>0.01]23885it [8:21:26,  4.52s/it, bound:5477 nc:1181 ncall:2.5e+07 eff:0.1% logz-ratio=1189915.77+/-0.07 dlogz:36.830>0.01]23889it [8:21:44,  4.47s/it, bound:5478 nc:1071 ncall:2.5e+07 eff:0.1% logz-ratio=1189915.84+/-0.06 dlogz:36.752>0.01]23893it [8:22:02,  4.50s/it, bound:5479 nc:1212 ncall:2.5e+07 eff:0.1% logz-ratio=1189915.91+/-0.04 dlogz:36.673>0.01]23897it [8:22:19,  4.47s/it, bound:5480 nc:1163 ncall:2.5e+07 eff:0.1% logz-ratio=1189915.98+/-0.04 dlogz:36.597>0.01]23901it [8:22:38,  4.51s/it, bound:5481 nc:1275 ncall:2.5e+07 eff:0.1% logz-ratio=1189916.05+/-0.04 dlogz:36.521>0.01]23905it [8:22:56,  4.51s/it, bound:5482 nc:1214 ncall:2.5e+07 eff:0.1% logz-ratio=1189916.12+/-0.04 dlogz:36.447>0.01]23909it [8:23:14,  4.53s/it, bound:5483 nc:1281 ncall:2.5e+07 eff:0.1% logz-ratio=1189916.18+/-0.04 dlogz:36.373>0.01]23913it [8:23:33,  4.56s/it, bound:5484 nc:1265 ncall:2.5e+07 eff:0.1% logz-ratio=1189916.25+/-0.04 dlogz:36.299>0.01]23917it [8:23:51,  4.57s/it, bound:5485 nc:1148 ncall:2.5e+07 eff:0.1% logz-ratio=1189916.32+/-0.04 dlogz:36.223>0.01]23921it [8:24:10,  4.61s/it, bound:5486 nc:1275 ncall:2.5e+07 eff:0.1% logz-ratio=1189916.38+/-0.09 dlogz:36.146>0.01]23925it [8:24:30,  4.72s/it, bound:5487 nc:1300 ncall:2.5e+07 eff:0.1% logz-ratio=1189916.45+/-0.08 dlogz:36.072>0.01]23929it [8:24:49,  4.73s/it, bound:5488 nc:1328 ncall:2.5e+07 eff:0.1% logz-ratio=1189916.52+/-0.08 dlogz:35.996>0.01]23933it [8:25:08,  4.75s/it, bound:5489 nc:1361 ncall:2.5e+07 eff:0.1% logz-ratio=1189916.59+/-0.08 dlogz:35.916>0.01]23937it [8:25:26,  4.69s/it, bound:5490 nc:1205 ncall:2.5e+07 eff:0.1% logz-ratio=1189916.66+/-0.08 dlogz:35.837>0.01]23941it [8:25:45,  4.68s/it, bound:5491 nc:1088 ncall:2.5e+07 eff:0.1% logz-ratio=1189916.73+/-0.08 dlogz:35.760>0.01]23945it [8:26:04,  4.73s/it, bound:5492 nc:1358 ncall:2.5e+07 eff:0.1% logz-ratio=1189916.80+/-0.08 dlogz:35.686>0.01]23949it [8:26:22,  4.65s/it, bound:5493 nc:1218 ncall:2.5e+07 eff:0.1% logz-ratio=1189916.86+/-0.08 dlogz:35.614>0.01]23953it [8:26:40,  4.57s/it, bound:5494 nc:1068 ncall:2.5e+07 eff:0.1% logz-ratio=1189916.92+/-0.08 dlogz:35.542>0.01]23957it [8:26:57,  4.52s/it, bound:5495 nc:1145 ncall:2.5e+07 eff:0.1% logz-ratio=1189916.99+/-0.08 dlogz:35.471>0.01]23961it [8:27:15,  4.46s/it, bound:5496 nc:1217 ncall:2.5e+07 eff:0.1% logz-ratio=1189917.05+/-0.08 dlogz:35.402>0.01]23965it [8:27:33,  4.48s/it, bound:5497 nc:1285 ncall:2.5e+07 eff:0.1% logz-ratio=1189917.11+/-0.08 dlogz:35.332>0.01]23969it [8:27:50,  4.47s/it, bound:5498 nc:1129 ncall:2.5e+07 eff:0.1% logz-ratio=1189917.17+/-0.08 dlogz:35.262>0.01]23973it [8:28:08,  4.44s/it, bound:5499 nc:1147 ncall:2.5e+07 eff:0.1% logz-ratio=1189917.23+/-0.07 dlogz:35.193>0.01]23977it [8:28:26,  4.48s/it, bound:5500 nc:1235 ncall:2.5e+07 eff:0.1% logz-ratio=1189917.29+/-0.07 dlogz:35.125>0.01]23981it [8:28:46,  4.63s/it, bound:5501 nc:1408 ncall:2.5e+07 eff:0.1% logz-ratio=1189917.35+/-0.06 dlogz:35.058>0.01]23985it [8:29:05,  4.66s/it, bound:5502 nc:1343 ncall:2.5e+07 eff:0.1% logz-ratio=1189917.41+/-0.06 dlogz:34.993>0.01]23987it [8:29:17,  4.92s/it, bound:5502 nc:1119 ncall:2.5e+07 eff:0.1% logz-ratio=1189917.44+/-0.04 dlogz:34.960>0.01]23989it [8:29:36,  5.77s/it, bound:5503 nc:1314 ncall:2.5e+07 eff:0.1% logz-ratio=1189917.47+/-0.07 dlogz:34.926>0.01]23993it [8:29:55,  5.39s/it, bound:5504 nc:1323 ncall:2.5e+07 eff:0.1% logz-ratio=1189917.53+/-0.07 dlogz:34.857>0.01]23997it [8:30:12,  5.04s/it, bound:5505 nc:1212 ncall:2.5e+07 eff:0.1% logz-ratio=1189917.59+/-0.07 dlogz:34.790>0.01]24001it [8:30:31,  4.92s/it, bound:5506 nc:1329 ncall:2.5e+07 eff:0.1% logz-ratio=1189917.65+/-0.07 dlogz:34.722>0.01]24005it [8:30:48,  4.77s/it, bound:5507 nc:1066 ncall:2.5e+07 eff:0.1% logz-ratio=1189917.71+/-0.06 dlogz:34.655>0.01]24009it [8:31:06,  4.64s/it, bound:5508 nc:1201 ncall:2.5e+07 eff:0.1% logz-ratio=1189917.76+/-0.05 dlogz:34.589>0.01]24013it [8:31:22,  4.47s/it, bound:5509 nc:968 ncall:2.5e+07 eff:0.1% logz-ratio=1189917.82+/-0.04 dlogz:34.522>0.01] 24017it [8:31:39,  4.39s/it, bound:5510 nc:1073 ncall:2.5e+07 eff:0.1% logz-ratio=1189917.89+/-0.09 dlogz:34.452>0.01]24021it [8:31:55,  4.29s/it, bound:5511 nc:768 ncall:2.5e+07 eff:0.1% logz-ratio=1189917.95+/-0.08 dlogz:34.383>0.01] 24025it [8:32:18,  4.70s/it, bound:5512 nc:1467 ncall:2.5e+07 eff:0.1% logz-ratio=1189918.01+/-0.07 dlogz:34.314>0.01]24029it [8:32:39,  4.85s/it, bound:5513 nc:1461 ncall:2.5e+07 eff:0.1% logz-ratio=1189918.07+/-0.07 dlogz:34.245>0.01]24033it [8:33:00,  5.01s/it, bound:5514 nc:1341 ncall:2.5e+07 eff:0.1% logz-ratio=1189918.13+/-0.07 dlogz:34.178>0.01]24037it [8:33:23,  5.19s/it, bound:5515 nc:1397 ncall:2.5e+07 eff:0.1% logz-ratio=1189918.19+/-0.07 dlogz:34.107>0.01]24041it [8:33:45,  5.31s/it, bound:5516 nc:1552 ncall:2.5e+07 eff:0.1% logz-ratio=1189918.25+/-0.07 dlogz:34.038>0.01]24045it [8:34:12,  5.73s/it, bound:5517 nc:1531 ncall:2.5e+07 eff:0.1% logz-ratio=1189918.31+/-0.07 dlogz:33.971>0.01]24049it [8:34:34,  5.67s/it, bound:5518 nc:1536 ncall:2.5e+07 eff:0.1% logz-ratio=1189918.37+/-0.07 dlogz:33.902>0.01]24053it [8:34:56,  5.62s/it, bound:5519 nc:1556 ncall:2.5e+07 eff:0.1% logz-ratio=1189918.43+/-0.07 dlogz:33.833>0.01]24057it [8:35:17,  5.53s/it, bound:5520 nc:1496 ncall:2.5e+07 eff:0.1% logz-ratio=1189918.49+/-0.06 dlogz:33.767>0.01]24061it [8:35:40,  5.56s/it, bound:5521 nc:1431 ncall:2.5e+07 eff:0.1% logz-ratio=1189918.55+/-0.06 dlogz:33.702>0.01]24065it [8:36:02,  5.57s/it, bound:5522 nc:1412 ncall:2.5e+07 eff:0.1% logz-ratio=1189918.61+/-0.07 dlogz:33.636>0.01]24069it [8:36:24,  5.52s/it, bound:5523 nc:1453 ncall:2.5e+07 eff:0.1% logz-ratio=1189918.67+/-0.07 dlogz:33.566>0.01]24073it [8:36:45,  5.44s/it, bound:5524 nc:1374 ncall:2.5e+07 eff:0.1% logz-ratio=1189918.73+/-0.06 dlogz:33.499>0.01]24077it [8:37:05,  5.33s/it, bound:5525 nc:1426 ncall:2.5e+07 eff:0.1% logz-ratio=1189918.78+/-0.07 dlogz:33.433>0.01]24081it [8:37:27,  5.35s/it, bound:5526 nc:1310 ncall:2.5e+07 eff:0.1% logz-ratio=1189918.85+/-0.07 dlogz:33.364>0.01]24085it [8:37:47,  5.28s/it, bound:5527 nc:1447 ncall:2.5e+07 eff:0.1% logz-ratio=1189918.90+/-0.06 dlogz:33.297>0.01]24088it [8:38:14,  6.18s/it, bound:5528 nc:2942 ncall:2.5e+07 eff:0.1% logz-ratio=1189918.95+/-0.05 dlogz:33.247>0.01]24092it [8:38:40,  6.26s/it, bound:5529 nc:1727 ncall:2.5e+07 eff:0.1% logz-ratio=1189919.01+/-0.07 dlogz:33.178>0.01]24096it [8:39:04,  6.20s/it, bound:5530 nc:1629 ncall:2.5e+07 eff:0.1% logz-ratio=1189919.07+/-0.04 dlogz:33.106>0.01]24100it [8:39:30,  6.25s/it, bound:5531 nc:1788 ncall:2.5e+07 eff:0.1% logz-ratio=1189919.14+/-0.05 dlogz:33.036>0.01]24102it [8:39:42,  6.23s/it, bound:5531 nc:1596 ncall:2.5e+07 eff:0.1% logz-ratio=1189919.17+/-0.04 dlogz:33.001>0.01]24104it [8:40:06,  7.41s/it, bound:5532 nc:1662 ncall:2.5e+07 eff:0.1% logz-ratio=1189919.20+/-0.07 dlogz:32.967>0.01]24108it [8:40:30,  6.91s/it, bound:5533 nc:1717 ncall:2.5e+07 eff:0.1% logz-ratio=1189919.25+/-0.07 dlogz:32.900>0.01]24112it [8:40:54,  6.57s/it, bound:5534 nc:1526 ncall:2.5e+07 eff:0.1% logz-ratio=1189919.31+/-0.07 dlogz:32.834>0.01]24116it [8:41:16,  6.24s/it, bound:5535 nc:1358 ncall:2.5e+07 eff:0.1% logz-ratio=1189919.37+/-0.07 dlogz:32.768>0.01]24120it [8:41:38,  5.99s/it, bound:5536 nc:1523 ncall:2.5e+07 eff:0.1% logz-ratio=1189919.43+/-0.07 dlogz:32.704>0.01]24124it [8:42:00,  5.82s/it, bound:5537 nc:1529 ncall:2.5e+07 eff:0.1% logz-ratio=1189919.48+/-0.07 dlogz:32.641>0.01]24128it [8:42:21,  5.68s/it, bound:5538 nc:1283 ncall:2.5e+07 eff:0.1% logz-ratio=1189919.53+/-0.07 dlogz:32.579>0.01]24132it [8:42:42,  5.55s/it, bound:5539 nc:1386 ncall:2.5e+07 eff:0.1% logz-ratio=1189919.59+/-0.07 dlogz:32.517>0.01]24136it [8:43:04,  5.52s/it, bound:5540 nc:1275 ncall:2.5e+07 eff:0.1% logz-ratio=1189919.64+/-0.07 dlogz:32.455>0.01]24140it [8:43:26,  5.50s/it, bound:5541 nc:1524 ncall:2.5e+07 eff:0.1% logz-ratio=1189919.70+/-0.07 dlogz:32.393>0.01]24144it [8:43:49,  5.55s/it, bound:5542 nc:1460 ncall:2.5e+07 eff:0.1% logz-ratio=1189919.75+/-0.07 dlogz:32.330>0.01]24148it [8:44:10,  5.53s/it, bound:5543 nc:1428 ncall:2.5e+07 eff:0.1% logz-ratio=1189919.81+/-0.07 dlogz:32.265>0.01]24152it [8:44:31,  5.42s/it, bound:5544 nc:1345 ncall:2.5e+07 eff:0.1% logz-ratio=1189919.87+/-0.07 dlogz:32.200>0.01]24155it [8:44:51,  5.70s/it, bound:5545 nc:1420 ncall:2.5e+07 eff:0.1% logz-ratio=1189919.91+/-0.06 dlogz:32.154>0.01]24159it [8:45:11,  5.47s/it, bound:5546 nc:1350 ncall:2.5e+07 eff:0.1% logz-ratio=1189919.96+/-0.07 dlogz:32.093>0.01]24163it [8:45:32,  5.41s/it, bound:5547 nc:1376 ncall:2.5e+07 eff:0.1% logz-ratio=1189920.01+/-0.07 dlogz:32.033>0.01]24167it [8:45:54,  5.42s/it, bound:5548 nc:1508 ncall:2.5e+07 eff:0.1% logz-ratio=1189920.06+/-0.07 dlogz:31.973>0.01]24171it [8:46:15,  5.37s/it, bound:5549 nc:1244 ncall:2.5e+07 eff:0.1% logz-ratio=1189920.11+/-0.07 dlogz:31.914>0.01]24175it [8:46:35,  5.27s/it, bound:5550 nc:1424 ncall:2.5e+07 eff:0.1% logz-ratio=1189920.16+/-0.07 dlogz:31.856>0.01]24179it [8:46:55,  5.20s/it, bound:5551 nc:1202 ncall:2.5e+07 eff:0.1% logz-ratio=1189920.21+/-0.07 dlogz:31.799>0.01]24183it [8:47:18,  5.40s/it, bound:5552 nc:1664 ncall:2.5e+07 eff:0.1% logz-ratio=1189920.26+/-0.07 dlogz:31.740>0.01]24186it [8:47:40,  5.83s/it, bound:5553 nc:1513 ncall:2.5e+07 eff:0.1% logz-ratio=1189920.30+/-0.06 dlogz:31.695>0.01]24190it [8:48:03,  5.79s/it, bound:5554 nc:1540 ncall:2.5e+07 eff:0.1% logz-ratio=1189920.36+/-0.07 dlogz:31.631>0.01]24194it [8:48:24,  5.67s/it, bound:5555 nc:1366 ncall:2.5e+07 eff:0.1% logz-ratio=1189920.42+/-0.08 dlogz:31.563>0.01]24197it [8:48:46,  6.04s/it, bound:5556 nc:1500 ncall:2.5e+07 eff:0.1% logz-ratio=1189920.47+/-0.07 dlogz:31.510>0.01]24201it [8:49:07,  5.84s/it, bound:5557 nc:1349 ncall:2.5e+07 eff:0.1% logz-ratio=1189920.53+/-0.08 dlogz:31.437>0.01]24205it [8:49:28,  5.59s/it, bound:5558 nc:1403 ncall:2.5e+07 eff:0.1% logz-ratio=1189920.60+/-0.08 dlogz:31.363>0.01]24209it [8:49:49,  5.50s/it, bound:5559 nc:1497 ncall:2.5e+07 eff:0.1% logz-ratio=1189920.67+/-0.08 dlogz:31.289>0.01]24210it [8:50:01,  6.17s/it, bound:5559 nc:1408 ncall:2.5e+07 eff:0.1% logz-ratio=1189920.68+/-0.04 dlogz:31.270>0.01]24213it [8:50:22,  6.43s/it, bound:5560 nc:1310 ncall:2.5e+07 eff:0.1% logz-ratio=1189920.73+/-0.08 dlogz:31.215>0.01]24217it [8:50:43,  5.99s/it, bound:5561 nc:1301 ncall:2.5e+07 eff:0.1% logz-ratio=1189920.80+/-0.08 dlogz:31.140>0.01]24221it [8:51:03,  5.62s/it, bound:5562 nc:1293 ncall:2.5e+07 eff:0.1% logz-ratio=1189920.87+/-0.08 dlogz:31.065>0.01]24225it [8:51:23,  5.47s/it, bound:5563 nc:1466 ncall:2.5e+07 eff:0.1% logz-ratio=1189920.93+/-0.08 dlogz:30.992>0.01]24229it [8:51:44,  5.34s/it, bound:5564 nc:1326 ncall:2.5e+07 eff:0.1% logz-ratio=1189920.99+/-0.08 dlogz:30.920>0.01]24233it [8:52:04,  5.30s/it, bound:5565 nc:1306 ncall:2.5e+07 eff:0.1% logz-ratio=1189921.06+/-0.08 dlogz:30.846>0.01]24237it [8:52:24,  5.16s/it, bound:5566 nc:1268 ncall:2.5e+07 eff:0.1% logz-ratio=1189921.13+/-0.08 dlogz:30.767>0.01]24241it [8:52:44,  5.15s/it, bound:5567 nc:1356 ncall:2.5e+07 eff:0.1% logz-ratio=1189921.20+/-0.08 dlogz:30.689>0.01]24245it [8:53:07,  5.28s/it, bound:5568 nc:1584 ncall:2.5e+07 eff:0.1% logz-ratio=1189921.27+/-0.08 dlogz:30.609>0.01]24249it [8:53:28,  5.26s/it, bound:5569 nc:1430 ncall:2.5e+07 eff:0.1% logz-ratio=1189921.35+/-0.08 dlogz:30.530>0.01]24253it [8:53:48,  5.21s/it, bound:5570 nc:1243 ncall:2.5e+07 eff:0.1% logz-ratio=1189921.42+/-0.08 dlogz:30.450>0.01]24257it [8:54:08,  5.17s/it, bound:5571 nc:1327 ncall:2.5e+07 eff:0.1% logz-ratio=1189921.49+/-0.08 dlogz:30.374>0.01]24261it [8:54:29,  5.21s/it, bound:5572 nc:1500 ncall:2.5e+07 eff:0.1% logz-ratio=1189921.55+/-0.08 dlogz:30.300>0.01]24265it [8:54:50,  5.23s/it, bound:5573 nc:1320 ncall:2.5e+07 eff:0.1% logz-ratio=1189921.61+/-0.08 dlogz:30.228>0.01]24269it [8:55:10,  5.15s/it, bound:5574 nc:1374 ncall:2.5e+07 eff:0.1% logz-ratio=1189921.68+/-0.08 dlogz:30.156>0.01]24273it [8:55:32,  5.20s/it, bound:5575 nc:1437 ncall:2.5e+07 eff:0.1% logz-ratio=1189921.74+/-0.08 dlogz:30.084>0.01]24277it [8:55:53,  5.24s/it, bound:5576 nc:1508 ncall:2.5e+07 eff:0.1% logz-ratio=1189921.81+/-0.08 dlogz:30.010>0.01]24281it [8:56:13,  5.20s/it, bound:5577 nc:1450 ncall:2.5e+07 eff:0.1% logz-ratio=1189921.87+/-0.08 dlogz:29.938>0.01]24285it [8:56:34,  5.16s/it, bound:5578 nc:1411 ncall:2.5e+07 eff:0.1% logz-ratio=1189921.93+/-0.08 dlogz:29.867>0.01]24289it [8:56:53,  5.09s/it, bound:5579 nc:1322 ncall:2.5e+07 eff:0.1% logz-ratio=1189921.99+/-0.08 dlogz:29.799>0.01]24293it [8:57:14,  5.12s/it, bound:5580 nc:1240 ncall:2.5e+07 eff:0.1% logz-ratio=1189922.05+/-0.07 dlogz:29.733>0.01]24297it [8:57:36,  5.23s/it, bound:5581 nc:1548 ncall:2.5e+07 eff:0.1% logz-ratio=1189922.11+/-0.07 dlogz:29.668>0.01]24301it [8:57:58,  5.29s/it, bound:5582 nc:1525 ncall:2.5e+07 eff:0.1% logz-ratio=1189922.17+/-0.07 dlogz:29.603>0.01]24305it [8:58:18,  5.24s/it, bound:5583 nc:1447 ncall:2.5e+07 eff:0.1% logz-ratio=1189922.23+/-0.08 dlogz:29.536>0.01]24309it [8:58:39,  5.21s/it, bound:5584 nc:1458 ncall:2.5e+07 eff:0.1% logz-ratio=1189922.28+/-0.08 dlogz:29.469>0.01]24313it [8:58:59,  5.14s/it, bound:5585 nc:1435 ncall:2.5e+07 eff:0.1% logz-ratio=1189922.34+/-0.07 dlogz:29.402>0.01]24317it [8:59:21,  5.24s/it, bound:5586 nc:1256 ncall:2.5e+07 eff:0.1% logz-ratio=1189922.40+/-0.07 dlogz:29.337>0.01]24321it [8:59:45,  5.53s/it, bound:5587 nc:1667 ncall:2.5e+07 eff:0.1% logz-ratio=1189922.46+/-0.06 dlogz:29.273>0.01]24325it [9:00:11,  5.75s/it, bound:5588 nc:1774 ncall:2.5e+07 eff:0.1% logz-ratio=1189922.51+/-0.04 dlogz:29.209>0.01]24328it [9:00:23,  5.35s/it, bound:5589 nc:1439 ncall:2.5e+07 eff:0.1% logz-ratio=1189922.55+/-0.04 dlogz:29.161>0.01]24329it [9:00:47,  7.29s/it, bound:5589 nc:1598 ncall:2.5e+07 eff:0.1% logz-ratio=1189922.57+/-0.05 dlogz:29.145>0.01]24333it [9:01:11,  6.81s/it, bound:5590 nc:1419 ncall:2.5e+07 eff:0.1% logz-ratio=1189922.63+/-0.05 dlogz:29.079>0.01]24337it [9:01:35,  6.52s/it, bound:5591 nc:1532 ncall:2.5e+07 eff:0.1% logz-ratio=1189922.69+/-0.07 dlogz:29.012>0.01]24341it [9:01:58,  6.30s/it, bound:5592 nc:1259 ncall:2.5e+07 eff:0.1% logz-ratio=1189922.74+/-0.04 dlogz:28.946>0.01]24345it [9:02:21,  6.09s/it, bound:5593 nc:1408 ncall:2.5e+07 eff:0.1% logz-ratio=1189922.80+/-0.04 dlogz:28.880>0.01]24349it [9:02:43,  5.92s/it, bound:5594 nc:1431 ncall:2.5e+07 eff:0.1% logz-ratio=1189922.86+/-0.04 dlogz:28.816>0.01]24353it [9:03:04,  5.70s/it, bound:5595 nc:1360 ncall:2.5e+07 eff:0.1% logz-ratio=1189922.91+/-0.04 dlogz:28.753>0.01]24357it [9:03:27,  5.72s/it, bound:5596 nc:1625 ncall:2.5e+07 eff:0.1% logz-ratio=1189922.97+/-0.04 dlogz:28.690>0.01]24361it [9:03:50,  5.75s/it, bound:5597 nc:1384 ncall:2.5e+07 eff:0.1% logz-ratio=1189923.02+/-0.05 dlogz:28.628>0.01]24365it [9:04:13,  5.72s/it, bound:5598 nc:1531 ncall:2.5e+07 eff:0.1% logz-ratio=1189923.08+/-0.05 dlogz:28.565>0.01]24369it [9:04:35,  5.65s/it, bound:5599 nc:1451 ncall:2.5e+07 eff:0.1% logz-ratio=1189923.13+/-0.05 dlogz:28.503>0.01]24373it [9:04:57,  5.60s/it, bound:5600 nc:1480 ncall:2.5e+07 eff:0.1% logz-ratio=1189923.18+/-0.05 dlogz:28.441>0.01]24377it [9:05:18,  5.51s/it, bound:5601 nc:1252 ncall:2.5e+07 eff:0.1% logz-ratio=1189923.23+/-0.05 dlogz:28.381>0.01]24381it [9:05:38,  5.39s/it, bound:5602 nc:1349 ncall:2.5e+07 eff:0.1% logz-ratio=1189923.29+/-0.05 dlogz:28.322>0.01]24385it [9:05:57,  5.19s/it, bound:5603 nc:1204 ncall:2.5e+07 eff:0.1% logz-ratio=1189923.33+/-0.05 dlogz:28.265>0.01]24389it [9:06:18,  5.20s/it, bound:5604 nc:1229 ncall:2.5e+07 eff:0.1% logz-ratio=1189923.38+/-0.05 dlogz:28.209>0.01]24393it [9:06:40,  5.29s/it, bound:5605 nc:1554 ncall:2.5e+07 eff:0.1% logz-ratio=1189923.43+/-0.05 dlogz:28.151>0.01]24397it [9:06:59,  5.15s/it, bound:5606 nc:1276 ncall:2.5e+07 eff:0.1% logz-ratio=1189923.48+/-0.05 dlogz:28.092>0.01]24401it [9:07:20,  5.16s/it, bound:5607 nc:1457 ncall:2.5e+07 eff:0.1% logz-ratio=1189923.54+/-0.05 dlogz:28.031>0.01]24405it [9:07:40,  5.07s/it, bound:5608 nc:1369 ncall:2.5e+07 eff:0.1% logz-ratio=1189923.59+/-0.05 dlogz:27.970>0.01]24409it [9:08:02,  5.24s/it, bound:5609 nc:1440 ncall:2.5e+07 eff:0.1% logz-ratio=1189923.64+/-0.05 dlogz:27.909>0.01]24413it [9:08:24,  5.33s/it, bound:5610 nc:1553 ncall:2.5e+07 eff:0.1% logz-ratio=1189923.70+/-0.05 dlogz:27.848>0.01]24417it [9:08:46,  5.37s/it, bound:5611 nc:1383 ncall:2.5e+07 eff:0.1% logz-ratio=1189923.75+/-0.05 dlogz:27.786>0.01]24421it [9:09:06,  5.22s/it, bound:5612 nc:1342 ncall:2.5e+07 eff:0.1% logz-ratio=1189923.80+/-0.05 dlogz:27.726>0.01]24425it [9:09:26,  5.22s/it, bound:5613 nc:1347 ncall:2.5e+07 eff:0.1% logz-ratio=1189923.85+/-0.05 dlogz:27.667>0.01]24429it [9:09:45,  5.08s/it, bound:5614 nc:1344 ncall:2.5e+07 eff:0.1% logz-ratio=1189923.90+/-0.05 dlogz:27.609>0.01]24433it [9:10:05,  5.02s/it, bound:5615 nc:1223 ncall:2.5e+07 eff:0.1% logz-ratio=1189923.95+/-0.05 dlogz:27.551>0.01]24437it [9:10:23,  4.84s/it, bound:5616 nc:1084 ncall:2.5e+07 eff:0.1% logz-ratio=1189924.00+/-0.05 dlogz:27.494>0.01]24441it [9:10:53,  5.69s/it, bound:5617 nc:1291 ncall:2.5e+07 eff:0.1% logz-ratio=1189924.05+/-0.03 dlogz:27.436>0.01]24445it [9:11:11,  5.31s/it, bound:5618 nc:1242 ncall:2.5e+07 eff:0.1% logz-ratio=1189924.10+/-0.04 dlogz:27.378>0.01]24449it [9:11:29,  5.04s/it, bound:5619 nc:1245 ncall:2.5e+07 eff:0.1% logz-ratio=1189924.15+/-0.03 dlogz:27.320>0.01]24453it [9:11:47,  4.87s/it, bound:5620 nc:1041 ncall:2.5e+07 eff:0.1% logz-ratio=1189924.20+/-0.08 dlogz:27.263>0.01]24457it [9:12:05,  4.82s/it, bound:5621 nc:1045 ncall:2.5e+07 eff:0.1% logz-ratio=1189924.25+/-0.07 dlogz:27.206>0.01]24461it [9:12:24,  4.75s/it, bound:5622 nc:1170 ncall:2.5e+07 eff:0.1% logz-ratio=1189924.30+/-0.07 dlogz:27.149>0.01]24465it [9:12:42,  4.68s/it, bound:5623 nc:1257 ncall:2.5e+07 eff:0.1% logz-ratio=1189924.35+/-0.07 dlogz:27.093>0.01]24469it [9:13:00,  4.62s/it, bound:5624 nc:1240 ncall:2.5e+07 eff:0.1% logz-ratio=1189924.39+/-0.07 dlogz:27.038>0.01]24473it [9:13:18,  4.62s/it, bound:5625 nc:1075 ncall:2.5e+07 eff:0.1% logz-ratio=1189924.44+/-0.07 dlogz:26.984>0.01]24476it [9:13:46,  5.79s/it, bound:5626 nc:1985 ncall:2.5e+07 eff:0.1% logz-ratio=1189924.47+/-0.05 dlogz:26.943>0.01]24480it [9:14:14,  6.15s/it, bound:5627 nc:1950 ncall:2.5e+07 eff:0.1% logz-ratio=1189924.52+/-0.06 dlogz:26.889>0.01]24484it [9:14:40,  6.26s/it, bound:5628 nc:1848 ncall:2.5e+07 eff:0.1% logz-ratio=1189924.56+/-0.03 dlogz:26.836>0.01]24488it [9:15:07,  6.38s/it, bound:5629 nc:1655 ncall:2.5e+07 eff:0.1% logz-ratio=1189924.61+/-0.05 dlogz:26.781>0.01]24492it [9:15:32,  6.33s/it, bound:5630 nc:1749 ncall:2.5e+07 eff:0.1% logz-ratio=1189924.66+/-0.06 dlogz:26.726>0.01]24496it [9:15:57,  6.30s/it, bound:5631 nc:1661 ncall:2.5e+07 eff:0.1% logz-ratio=1189924.70+/-0.03 dlogz:26.673>0.01]24500it [9:16:23,  6.38s/it, bound:5632 nc:1456 ncall:2.5e+07 eff:0.1% logz-ratio=1189924.75+/-0.05 dlogz:26.619>0.01]24504it [9:16:53,  6.73s/it, bound:5633 nc:1624 ncall:2.5e+07 eff:0.1% logz-ratio=1189924.80+/-0.06 dlogz:26.564>0.01]24508it [9:17:26,  7.21s/it, bound:5634 nc:1688 ncall:2.5e+07 eff:0.1% logz-ratio=1189924.84+/-0.06 dlogz:26.508>0.01]24512it [9:18:00,  7.57s/it, bound:5635 nc:1736 ncall:2.5e+07 eff:0.1% logz-ratio=1189924.89+/-0.03 dlogz:26.452>0.01]24516it [9:18:41,  8.34s/it, bound:5636 nc:1651 ncall:2.5e+07 eff:0.1% logz-ratio=1189924.94+/-0.05 dlogz:26.396>0.01]24520it [9:19:18,  8.69s/it, bound:5637 nc:1610 ncall:2.5e+07 eff:0.1% logz-ratio=1189924.99+/-0.06 dlogz:26.342>0.01]24524it [9:19:51,  8.50s/it, bound:5638 nc:1530 ncall:2.5e+07 eff:0.1% logz-ratio=1189925.03+/-0.06 dlogz:26.289>0.01]24528it [9:20:27,  8.68s/it, bound:5639 nc:1617 ncall:2.6e+07 eff:0.1% logz-ratio=1189925.08+/-0.06 dlogz:26.236>0.01]24532it [9:21:01,  8.63s/it, bound:5640 nc:1501 ncall:2.6e+07 eff:0.1% logz-ratio=1189925.12+/-0.06 dlogz:26.185>0.01]24534it [9:21:16,  8.38s/it, bound:5640 nc:1598 ncall:2.6e+07 eff:0.1% logz-ratio=1189925.14+/-0.03 dlogz:26.160>0.01]24536it [9:21:47,  9.83s/it, bound:5641 nc:1387 ncall:2.6e+07 eff:0.1% logz-ratio=1189925.16+/-0.06 dlogz:26.135>0.01]24540it [9:22:16,  8.92s/it, bound:5642 nc:1309 ncall:2.6e+07 eff:0.1% logz-ratio=1189925.20+/-0.06 dlogz:26.085>0.01]24544it [9:22:43,  8.16s/it, bound:5643 nc:1385 ncall:2.6e+07 eff:0.1% logz-ratio=1189925.25+/-0.06 dlogz:26.034>0.01]24548it [9:23:13,  7.92s/it, bound:5644 nc:1457 ncall:2.6e+07 eff:0.1% logz-ratio=1189925.29+/-0.05 dlogz:25.985>0.01]24552it [9:23:40,  7.60s/it, bound:5645 nc:1316 ncall:2.6e+07 eff:0.1% logz-ratio=1189925.33+/-0.05 dlogz:25.937>0.01]24556it [9:24:08,  7.37s/it, bound:5646 nc:1342 ncall:2.6e+07 eff:0.1% logz-ratio=1189925.37+/-0.05 dlogz:25.890>0.01]24560it [9:24:34,  7.10s/it, bound:5647 nc:1368 ncall:2.6e+07 eff:0.1% logz-ratio=1189925.40+/-0.05 dlogz:25.844>0.01]24564it [9:25:01,  7.04s/it, bound:5648 nc:1340 ncall:2.6e+07 eff:0.1% logz-ratio=1189925.44+/-0.06 dlogz:25.795>0.01]24568it [9:25:24,  6.63s/it, bound:5649 nc:1232 ncall:2.6e+07 eff:0.1% logz-ratio=1189925.49+/-0.06 dlogz:25.746>0.01]24572it [9:25:48,  6.45s/it, bound:5650 nc:1242 ncall:2.6e+07 eff:0.1% logz-ratio=1189925.53+/-0.05 dlogz:25.697>0.01]24576it [9:26:16,  6.56s/it, bound:5651 nc:1128 ncall:2.6e+07 eff:0.1% logz-ratio=1189925.57+/-0.05 dlogz:25.648>0.01]24580it [9:26:40,  6.44s/it, bound:5652 nc:1357 ncall:2.6e+07 eff:0.1% logz-ratio=1189925.61+/-0.05 dlogz:25.599>0.01]24584it [9:27:05,  6.35s/it, bound:5653 nc:1346 ncall:2.6e+07 eff:0.1% logz-ratio=1189925.65+/-0.05 dlogz:25.552>0.01]24587it [9:27:27,  6.58s/it, bound:5654 nc:1009 ncall:2.6e+07 eff:0.1% logz-ratio=1189925.68+/-0.05 dlogz:25.515>0.01]24591it [9:27:49,  6.25s/it, bound:5655 nc:966 ncall:2.6e+07 eff:0.1% logz-ratio=1189925.72+/-0.05 dlogz:25.466>0.01] 24595it [9:28:13,  6.22s/it, bound:5656 nc:1272 ncall:2.6e+07 eff:0.1% logz-ratio=1189925.76+/-0.05 dlogz:25.417>0.01]24599it [9:28:39,  6.24s/it, bound:5657 nc:1095 ncall:2.6e+07 eff:0.1% logz-ratio=1189925.80+/-0.05 dlogz:25.369>0.01]24603it [9:29:05,  6.38s/it, bound:5658 nc:1251 ncall:2.6e+07 eff:0.1% logz-ratio=1189925.84+/-0.05 dlogz:25.321>0.01]24607it [9:29:25,  5.96s/it, bound:5659 nc:1121 ncall:2.6e+07 eff:0.1% logz-ratio=1189925.88+/-0.05 dlogz:25.274>0.01]24611it [9:29:51,  6.10s/it, bound:5660 nc:1290 ncall:2.6e+07 eff:0.1% logz-ratio=1189925.92+/-0.04 dlogz:25.227>0.01]24615it [9:30:17,  6.23s/it, bound:5661 nc:1312 ncall:2.6e+07 eff:0.1% logz-ratio=1189925.96+/-0.04 dlogz:25.180>0.01]24619it [9:30:43,  6.27s/it, bound:5662 nc:1309 ncall:2.6e+07 eff:0.1% logz-ratio=1189926.00+/-0.04 dlogz:25.132>0.01]24623it [9:31:05,  6.04s/it, bound:5663 nc:1221 ncall:2.6e+07 eff:0.1% logz-ratio=1189926.04+/-0.04 dlogz:25.084>0.01]24627it [9:31:26,  5.86s/it, bound:5664 nc:1019 ncall:2.6e+07 eff:0.1% logz-ratio=1189926.08+/-0.05 dlogz:25.035>0.01]24630it [9:31:40,  5.50s/it, bound:5665 nc:1078 ncall:2.6e+07 eff:0.1% logz-ratio=1189926.11+/-0.03 dlogz:24.996>0.01]24631it [9:32:04,  7.51s/it, bound:5665 nc:1286 ncall:2.6e+07 eff:0.1% logz-ratio=1189926.12+/-0.05 dlogz:24.983>0.01]24635it [9:32:30,  7.14s/it, bound:5666 nc:861 ncall:2.6e+07 eff:0.1% logz-ratio=1189926.17+/-0.05 dlogz:24.930>0.01] 24639it [9:33:05,  7.70s/it, bound:5667 nc:1542 ncall:2.6e+07 eff:0.1% logz-ratio=1189926.21+/-0.05 dlogz:24.877>0.01]24643it [9:33:38,  7.86s/it, bound:5668 nc:1804 ncall:2.6e+07 eff:0.1% logz-ratio=1189926.26+/-0.05 dlogz:24.822>0.01]24647it [9:34:14,  8.23s/it, bound:5669 nc:1815 ncall:2.6e+07 eff:0.1% logz-ratio=1189926.31+/-0.06 dlogz:24.767>0.01]24651it [9:34:51,  8.50s/it, bound:5670 nc:1815 ncall:2.6e+07 eff:0.1% logz-ratio=1189926.36+/-0.03 dlogz:24.712>0.01]24655it [9:35:16,  7.81s/it, bound:5671 nc:1524 ncall:2.6e+07 eff:0.1% logz-ratio=1189926.40+/-0.05 dlogz:24.657>0.01]24658it [9:35:59,  9.49s/it, bound:5672 nc:2253 ncall:2.6e+07 eff:0.1% logz-ratio=1189926.44+/-0.05 dlogz:24.617>0.01]24662it [9:36:40,  9.74s/it, bound:5673 nc:2212 ncall:2.6e+07 eff:0.1% logz-ratio=1189926.48+/-0.05 dlogz:24.563>0.01]24666it [9:37:24, 10.11s/it, bound:5674 nc:2399 ncall:2.6e+07 eff:0.1% logz-ratio=1189926.53+/-0.06 dlogz:24.507>0.01]24670it [9:38:03, 10.00s/it, bound:5675 nc:2103 ncall:2.6e+07 eff:0.1% logz-ratio=1189926.58+/-0.05 dlogz:24.451>0.01]24674it [9:38:43,  9.97s/it, bound:5676 nc:2210 ncall:2.6e+07 eff:0.1% logz-ratio=1189926.62+/-0.06 dlogz:24.397>0.01]24678it [9:39:20,  9.76s/it, bound:5677 nc:2110 ncall:2.6e+07 eff:0.1% logz-ratio=1189926.67+/-0.03 dlogz:24.342>0.01]24682it [9:39:59,  9.77s/it, bound:5678 nc:1905 ncall:2.6e+07 eff:0.1% logz-ratio=1189926.72+/-0.05 dlogz:24.288>0.01]24686it [9:40:37,  9.69s/it, bound:5679 nc:1973 ncall:2.6e+07 eff:0.1% logz-ratio=1189926.76+/-0.06 dlogz:24.233>0.01]24690it [9:41:15,  9.62s/it, bound:5680 nc:1761 ncall:2.6e+07 eff:0.1% logz-ratio=1189926.81+/-0.03 dlogz:24.178>0.01]24694it [9:41:48,  9.19s/it, bound:5681 nc:1724 ncall:2.6e+07 eff:0.1% logz-ratio=1189926.86+/-0.05 dlogz:24.124>0.01]24696it [9:42:01,  8.72s/it, bound:5681 nc:1459 ncall:2.6e+07 eff:0.1% logz-ratio=1189926.88+/-0.03 dlogz:24.096>0.01]24698it [9:42:34, 10.37s/it, bound:5682 nc:1716 ncall:2.6e+07 eff:0.1% logz-ratio=1189926.90+/-0.06 dlogz:24.069>0.01]24702it [9:43:05,  9.35s/it, bound:5683 nc:1699 ncall:2.6e+07 eff:0.1% logz-ratio=1189926.95+/-0.03 dlogz:24.014>0.01]24706it [9:43:36,  8.79s/it, bound:5684 nc:1305 ncall:2.6e+07 eff:0.1% logz-ratio=1189927.00+/-0.05 dlogz:23.960>0.01]24710it [9:44:04,  8.23s/it, bound:5685 nc:1417 ncall:2.6e+07 eff:0.1% logz-ratio=1189927.04+/-0.05 dlogz:23.906>0.01]24714it [9:44:36,  8.16s/it, bound:5686 nc:1570 ncall:2.6e+07 eff:0.1% logz-ratio=1189927.09+/-0.06 dlogz:23.852>0.01]24718it [9:45:07,  8.05s/it, bound:5687 nc:1504 ncall:2.6e+07 eff:0.1% logz-ratio=1189927.13+/-0.03 dlogz:23.798>0.01]24722it [9:45:39,  8.01s/it, bound:5688 nc:1613 ncall:2.6e+07 eff:0.1% logz-ratio=1189927.18+/-0.05 dlogz:23.744>0.01]24726it [9:46:07,  7.67s/it, bound:5689 nc:1506 ncall:2.6e+07 eff:0.1% logz-ratio=1189927.23+/-0.06 dlogz:23.689>0.01]24730it [9:46:36,  7.56s/it, bound:5690 nc:1409 ncall:2.6e+07 eff:0.1% logz-ratio=1189927.27+/-0.06 dlogz:23.635>0.01]24734it [9:46:59,  7.03s/it, bound:5691 nc:1576 ncall:2.6e+07 eff:0.1% logz-ratio=1189927.32+/-0.06 dlogz:23.580>0.01]24738it [9:47:21,  6.60s/it, bound:5692 nc:1555 ncall:2.6e+07 eff:0.1% logz-ratio=1189927.37+/-0.06 dlogz:23.526>0.01]24742it [9:47:43,  6.25s/it, bound:5693 nc:1533 ncall:2.6e+07 eff:0.1% logz-ratio=1189927.41+/-0.06 dlogz:23.472>0.01]24746it [9:48:04,  5.93s/it, bound:5694 nc:1368 ncall:2.6e+07 eff:0.1% logz-ratio=1189927.46+/-0.06 dlogz:23.419>0.01]24750it [9:48:23,  5.59s/it, bound:5695 nc:1366 ncall:2.6e+07 eff:0.1% logz-ratio=1189927.50+/-0.06 dlogz:23.368>0.01]24754it [9:48:43,  5.39s/it, bound:5696 nc:1400 ncall:2.6e+07 eff:0.1% logz-ratio=1189927.54+/-0.06 dlogz:23.317>0.01]24758it [9:49:03,  5.26s/it, bound:5697 nc:1398 ncall:2.6e+07 eff:0.1% logz-ratio=1189927.59+/-0.06 dlogz:23.266>0.01]24762it [9:49:22,  5.14s/it, bound:5698 nc:1238 ncall:2.6e+07 eff:0.1% logz-ratio=1189927.63+/-0.06 dlogz:23.215>0.01]24766it [9:49:41,  4.98s/it, bound:5699 nc:1118 ncall:2.6e+07 eff:0.1% logz-ratio=1189927.67+/-0.06 dlogz:23.165>0.01]24770it [9:49:59,  4.90s/it, bound:5700 nc:1338 ncall:2.6e+07 eff:0.1% logz-ratio=1189927.71+/-0.06 dlogz:23.116>0.01]24774it [9:50:18,  4.83s/it, bound:5701 nc:1221 ncall:2.6e+07 eff:0.1% logz-ratio=1189927.75+/-0.06 dlogz:23.066>0.01]24778it [9:50:37,  4.82s/it, bound:5702 nc:1361 ncall:2.6e+07 eff:0.1% logz-ratio=1189927.79+/-0.06 dlogz:23.017>0.01]24782it [9:50:56,  4.77s/it, bound:5703 nc:1314 ncall:2.6e+07 eff:0.1% logz-ratio=1189927.84+/-0.06 dlogz:22.967>0.01]24786it [9:51:14,  4.69s/it, bound:5704 nc:1276 ncall:2.6e+07 eff:0.1% logz-ratio=1189927.88+/-0.06 dlogz:22.916>0.01]24790it [9:51:31,  4.59s/it, bound:5705 nc:1210 ncall:2.6e+07 eff:0.1% logz-ratio=1189927.92+/-0.06 dlogz:22.865>0.01]24794it [9:51:48,  4.49s/it, bound:5706 nc:1186 ncall:2.6e+07 eff:0.1% logz-ratio=1189927.97+/-0.06 dlogz:22.814>0.01]24798it [9:52:05,  4.41s/it, bound:5707 nc:1134 ncall:2.6e+07 eff:0.1% logz-ratio=1189928.01+/-0.06 dlogz:22.762>0.01]24801it [9:52:18,  4.35s/it, bound:5708 nc:1032 ncall:2.6e+07 eff:0.1% logz-ratio=1189928.04+/-0.03 dlogz:22.723>0.01]24802it [9:52:35,  5.70s/it, bound:5708 nc:991 ncall:2.6e+07 eff:0.1% logz-ratio=1189928.06+/-0.05 dlogz:22.710>0.01] 24806it [9:52:54,  5.31s/it, bound:5709 nc:1232 ncall:2.6e+07 eff:0.1% logz-ratio=1189928.10+/-0.03 dlogz:22.657>0.01]24810it [9:53:13,  5.09s/it, bound:5710 nc:1233 ncall:2.6e+07 eff:0.1% logz-ratio=1189928.14+/-0.03 dlogz:22.605>0.01]24814it [9:53:32,  4.98s/it, bound:5711 nc:1309 ncall:2.6e+07 eff:0.1% logz-ratio=1189928.19+/-0.03 dlogz:22.553>0.01]24818it [9:53:50,  4.88s/it, bound:5712 nc:1301 ncall:2.6e+07 eff:0.1% logz-ratio=1189928.23+/-0.03 dlogz:22.503>0.01]24822it [9:54:08,  4.77s/it, bound:5713 nc:1113 ncall:2.6e+07 eff:0.1% logz-ratio=1189928.27+/-0.03 dlogz:22.451>0.01]24826it [9:54:26,  4.66s/it, bound:5714 nc:960 ncall:2.6e+07 eff:0.1% logz-ratio=1189928.32+/-0.03 dlogz:22.400>0.01] 24830it [9:54:45,  4.71s/it, bound:5715 nc:1210 ncall:2.6e+07 eff:0.1% logz-ratio=1189928.36+/-0.07 dlogz:22.347>0.01]24834it [9:55:04,  4.70s/it, bound:5716 nc:1250 ncall:2.6e+07 eff:0.1% logz-ratio=1189928.41+/-0.07 dlogz:22.294>0.01]24838it [9:55:22,  4.62s/it, bound:5717 nc:1162 ncall:2.6e+07 eff:0.1% logz-ratio=1189928.45+/-0.07 dlogz:22.241>0.01]24842it [9:55:40,  4.59s/it, bound:5718 nc:1243 ncall:2.6e+07 eff:0.1% logz-ratio=1189928.50+/-0.07 dlogz:22.189>0.01]24846it [9:55:57,  4.53s/it, bound:5719 nc:1218 ncall:2.6e+07 eff:0.1% logz-ratio=1189928.54+/-0.07 dlogz:22.136>0.01]24850it [9:56:16,  4.53s/it, bound:5720 nc:1197 ncall:2.6e+07 eff:0.1% logz-ratio=1189928.58+/-0.07 dlogz:22.085>0.01]24854it [9:56:33,  4.48s/it, bound:5721 nc:1248 ncall:2.6e+07 eff:0.1% logz-ratio=1189928.63+/-0.06 dlogz:22.033>0.01]24858it [9:56:51,  4.48s/it, bound:5722 nc:1277 ncall:2.6e+07 eff:0.1% logz-ratio=1189928.67+/-0.06 dlogz:21.982>0.01]24862it [9:57:09,  4.52s/it, bound:5723 nc:1033 ncall:2.6e+07 eff:0.1% logz-ratio=1189928.71+/-0.05 dlogz:21.932>0.01]24866it [9:57:28,  4.54s/it, bound:5724 nc:1207 ncall:2.6e+07 eff:0.1% logz-ratio=1189928.75+/-0.05 dlogz:21.882>0.01]24870it [9:57:47,  4.60s/it, bound:5725 nc:1336 ncall:2.6e+07 eff:0.1% logz-ratio=1189928.80+/-0.05 dlogz:21.832>0.01]24874it [9:58:05,  4.61s/it, bound:5726 nc:1148 ncall:2.6e+07 eff:0.1% logz-ratio=1189928.84+/-0.05 dlogz:24.193>0.01]24878it [9:58:24,  4.61s/it, bound:5727 nc:1293 ncall:2.6e+07 eff:0.1% logz-ratio=1189928.88+/-0.04 dlogz:24.144>0.01]24882it [9:58:44,  4.79s/it, bound:5728 nc:1391 ncall:2.6e+07 eff:0.1% logz-ratio=1189928.92+/-0.04 dlogz:24.096>0.01]24886it [9:59:05,  4.92s/it, bound:5729 nc:1446 ncall:2.6e+07 eff:0.1% logz-ratio=1189928.96+/-0.04 dlogz:24.048>0.01]24890it [9:59:27,  5.09s/it, bound:5730 nc:1545 ncall:2.6e+07 eff:0.1% logz-ratio=1189929.00+/-0.04 dlogz:24.001>0.01]24894it [9:59:51,  5.33s/it, bound:5731 nc:1625 ncall:2.6e+07 eff:0.1% logz-ratio=1189929.03+/-0.04 dlogz:23.955>0.01]24898it [10:00:13,  5.37s/it, bound:5732 nc:1297 ncall:2.6e+07 eff:0.1% logz-ratio=1189929.07+/-0.04 dlogz:23.911>0.01]24902it [10:00:34,  5.38s/it, bound:5733 nc:1467 ncall:2.6e+07 eff:0.1% logz-ratio=1189929.11+/-0.04 dlogz:23.867>0.01]24906it [10:00:55,  5.32s/it, bound:5734 nc:1325 ncall:2.6e+07 eff:0.1% logz-ratio=1189929.14+/-0.04 dlogz:23.823>0.01]24910it [10:01:16,  5.29s/it, bound:5735 nc:1222 ncall:2.6e+07 eff:0.1% logz-ratio=1189929.18+/-0.04 dlogz:23.780>0.01]24914it [10:01:35,  5.13s/it, bound:5736 nc:1267 ncall:2.6e+07 eff:0.1% logz-ratio=1189929.21+/-0.04 dlogz:23.736>0.01]24918it [10:01:53,  4.96s/it, bound:5737 nc:1177 ncall:2.6e+07 eff:0.1% logz-ratio=1189929.25+/-0.04 dlogz:23.692>0.01]24922it [10:02:12,  4.92s/it, bound:5738 nc:1350 ncall:2.6e+07 eff:0.1% logz-ratio=1189929.28+/-0.04 dlogz:23.648>0.01]24925it [10:02:25,  4.74s/it, bound:5739 nc:1178 ncall:2.6e+07 eff:0.1% logz-ratio=1189929.31+/-0.03 dlogz:23.616>0.01]24926it [10:02:42,  6.05s/it, bound:5739 nc:1155 ncall:2.6e+07 eff:0.1% logz-ratio=1189929.32+/-0.04 dlogz:23.606>0.01]24930it [10:03:01,  5.50s/it, bound:5740 nc:1199 ncall:2.6e+07 eff:0.1% logz-ratio=1189929.35+/-0.04 dlogz:23.564>0.01]24934it [10:03:18,  5.08s/it, bound:5741 nc:1105 ncall:2.6e+07 eff:0.1% logz-ratio=1189929.39+/-0.04 dlogz:23.522>0.01]24938it [10:03:36,  4.91s/it, bound:5742 nc:1200 ncall:2.6e+07 eff:0.1% logz-ratio=1189929.42+/-0.04 dlogz:23.482>0.01]24942it [10:03:55,  4.86s/it, bound:5743 nc:1240 ncall:2.6e+07 eff:0.1% logz-ratio=1189929.45+/-0.04 dlogz:23.442>0.01]24946it [10:04:15,  4.90s/it, bound:5744 nc:1208 ncall:2.6e+07 eff:0.1% logz-ratio=1189929.49+/-0.04 dlogz:23.400>0.01]24950it [10:04:32,  4.70s/it, bound:5745 nc:1213 ncall:2.6e+07 eff:0.1% logz-ratio=1189929.52+/-0.03 dlogz:23.357>0.01]24954it [10:04:49,  4.52s/it, bound:5746 nc:1081 ncall:2.6e+07 eff:0.1% logz-ratio=1189929.56+/-0.07 dlogz:23.314>0.01]24958it [10:05:05,  4.43s/it, bound:5747 nc:1137 ncall:2.6e+07 eff:0.1% logz-ratio=1189929.59+/-0.06 dlogz:23.270>0.01]24962it [10:05:23,  4.41s/it, bound:5748 nc:1185 ncall:2.6e+07 eff:0.1% logz-ratio=1189929.63+/-0.05 dlogz:23.225>0.01]24966it [10:05:40,  4.38s/it, bound:5749 nc:1182 ncall:2.6e+07 eff:0.1% logz-ratio=1189929.67+/-0.04 dlogz:23.180>0.01]24970it [10:05:56,  4.29s/it, bound:5750 nc:1136 ncall:2.6e+07 eff:0.1% logz-ratio=1189929.70+/-0.04 dlogz:23.134>0.01]24974it [10:06:13,  4.25s/it, bound:5751 nc:1097 ncall:2.6e+07 eff:0.1% logz-ratio=1189929.74+/-0.03 dlogz:23.087>0.01]24978it [10:06:31,  4.29s/it, bound:5752 nc:969 ncall:2.6e+07 eff:0.1% logz-ratio=1189929.78+/-0.07 dlogz:23.039>0.01] 24982it [10:06:49,  4.37s/it, bound:5753 nc:1247 ncall:2.6e+07 eff:0.1% logz-ratio=1189929.82+/-0.06 dlogz:22.991>0.01]24986it [10:07:07,  4.39s/it, bound:5754 nc:963 ncall:2.6e+07 eff:0.1% logz-ratio=1189929.86+/-0.06 dlogz:22.942>0.01] 24990it [10:07:25,  4.45s/it, bound:5755 nc:1094 ncall:2.6e+07 eff:0.1% logz-ratio=1189929.90+/-0.05 dlogz:22.894>0.01]24994it [10:07:42,  4.41s/it, bound:5756 nc:1077 ncall:2.6e+07 eff:0.1% logz-ratio=1189929.94+/-0.05 dlogz:22.846>0.01]24998it [10:08:00,  4.41s/it, bound:5757 nc:1139 ncall:2.6e+07 eff:0.1% logz-ratio=1189929.98+/-0.06 dlogz:22.798>0.01]25002it [10:08:18,  4.46s/it, bound:5758 nc:1286 ncall:2.6e+07 eff:0.1% logz-ratio=1189930.03+/-0.06 dlogz:22.749>0.01]25006it [10:08:34,  4.28s/it, bound:5759 nc:1088 ncall:2.6e+07 eff:0.1% logz-ratio=1189930.07+/-0.06 dlogz:22.699>0.01]25010it [10:08:51,  4.31s/it, bound:5760 nc:1218 ncall:2.6e+07 eff:0.1% logz-ratio=1189930.11+/-0.05 dlogz:22.650>0.01]25014it [10:09:08,  4.26s/it, bound:5761 nc:1132 ncall:2.6e+07 eff:0.1% logz-ratio=1189930.15+/-0.03 dlogz:22.601>0.01]25018it [10:09:25,  4.25s/it, bound:5762 nc:1200 ncall:2.6e+07 eff:0.1% logz-ratio=1189930.19+/-0.07 dlogz:22.551>0.01]25022it [10:09:42,  4.25s/it, bound:5763 nc:1105 ncall:2.6e+07 eff:0.1% logz-ratio=1189930.23+/-0.06 dlogz:22.502>0.01]25026it [10:09:59,  4.25s/it, bound:5764 nc:923 ncall:2.6e+07 eff:0.1% logz-ratio=1189930.27+/-0.05 dlogz:22.454>0.01] 25030it [10:10:16,  4.30s/it, bound:5765 nc:1206 ncall:2.6e+07 eff:0.1% logz-ratio=1189930.31+/-0.04 dlogz:22.407>0.01]25034it [10:10:34,  4.32s/it, bound:5766 nc:1198 ncall:2.6e+07 eff:0.1% logz-ratio=1189930.35+/-0.04 dlogz:22.360>0.01]25038it [10:10:52,  4.37s/it, bound:5767 nc:1238 ncall:2.6e+07 eff:0.1% logz-ratio=1189930.39+/-0.04 dlogz:22.313>0.01]25042it [10:11:10,  4.40s/it, bound:5768 nc:1097 ncall:2.6e+07 eff:0.1% logz-ratio=1189930.43+/-0.03 dlogz:22.266>0.01]25046it [10:11:28,  4.45s/it, bound:5769 nc:1203 ncall:2.6e+07 eff:0.1% logz-ratio=1189930.47+/-0.03 dlogz:22.219>0.01]25050it [10:11:45,  4.39s/it, bound:5770 nc:1202 ncall:2.6e+07 eff:0.1% logz-ratio=1189930.51+/-0.03 dlogz:22.173>0.01]25054it [10:12:03,  4.40s/it, bound:5771 nc:1148 ncall:2.6e+07 eff:0.1% logz-ratio=1189930.54+/-0.07 dlogz:22.126>0.01]25058it [10:12:19,  4.31s/it, bound:5772 nc:1088 ncall:2.6e+07 eff:0.1% logz-ratio=1189930.58+/-0.06 dlogz:22.079>0.01]25062it [10:12:36,  4.28s/it, bound:5773 nc:1036 ncall:2.6e+07 eff:0.1% logz-ratio=1189930.62+/-0.06 dlogz:22.032>0.01]25064it [10:12:48,  4.64s/it, bound:5773 nc:1197 ncall:2.6e+07 eff:0.1% logz-ratio=1189930.64+/-0.03 dlogz:22.009>0.01]25066it [10:13:06,  5.43s/it, bound:5774 nc:1114 ncall:2.6e+07 eff:0.1% logz-ratio=1189930.66+/-0.05 dlogz:21.986>0.01]25070it [10:13:23,  5.05s/it, bound:5775 nc:1017 ncall:2.6e+07 eff:0.1% logz-ratio=1189930.70+/-0.05 dlogz:21.936>0.01]25074it [10:13:41,  4.83s/it, bound:5776 nc:1076 ncall:2.6e+07 eff:0.1% logz-ratio=1189930.74+/-0.03 dlogz:21.887>0.01]25077it [10:14:09,  6.05s/it, bound:5777 nc:1657 ncall:2.6e+07 eff:0.1% logz-ratio=1189930.77+/-0.06 dlogz:21.850>0.01]25081it [10:14:36,  6.26s/it, bound:5778 nc:1746 ncall:2.6e+07 eff:0.1% logz-ratio=1189930.82+/-0.03 dlogz:21.799>0.01]25085it [10:15:05,  6.60s/it, bound:5779 nc:1647 ncall:2.6e+07 eff:0.1% logz-ratio=1189930.86+/-0.05 dlogz:21.748>0.01]25089it [10:15:34,  6.86s/it, bound:5780 nc:1718 ncall:2.6e+07 eff:0.1% logz-ratio=1189930.90+/-0.06 dlogz:21.697>0.01]25093it [10:16:06,  7.16s/it, bound:5781 nc:1992 ncall:2.6e+07 eff:0.1% logz-ratio=1189930.95+/-0.03 dlogz:21.646>0.01]25097it [10:16:36,  7.26s/it, bound:5782 nc:1866 ncall:2.6e+07 eff:0.1% logz-ratio=1189930.99+/-0.05 dlogz:21.596>0.01]25101it [10:17:02,  7.05s/it, bound:5783 nc:1594 ncall:2.6e+07 eff:0.1% logz-ratio=1189931.03+/-0.05 dlogz:21.548>0.01]25105it [10:17:36,  7.50s/it, bound:5784 nc:2173 ncall:2.6e+07 eff:0.1% logz-ratio=1189931.07+/-0.06 dlogz:21.500>0.01]25109it [10:18:08,  7.65s/it, bound:5785 nc:2019 ncall:2.6e+07 eff:0.1% logz-ratio=1189931.11+/-0.03 dlogz:21.452>0.01]25113it [10:18:40,  7.74s/it, bound:5786 nc:1524 ncall:2.6e+07 eff:0.1% logz-ratio=1189931.15+/-0.04 dlogz:21.404>0.01]25117it [10:19:10,  7.66s/it, bound:5787 nc:1825 ncall:2.6e+07 eff:0.1% logz-ratio=1189931.19+/-0.06 dlogz:21.354>0.01]25121it [10:19:38,  7.46s/it, bound:5788 nc:1905 ncall:2.6e+07 eff:0.1% logz-ratio=1189931.23+/-0.03 dlogz:21.304>0.01]25125it [10:20:06,  7.38s/it, bound:5789 nc:1785 ncall:2.6e+07 eff:0.1% logz-ratio=1189931.28+/-0.05 dlogz:21.252>0.01]25129it [10:20:32,  7.11s/it, bound:5790 nc:1804 ncall:2.6e+07 eff:0.1% logz-ratio=1189931.32+/-0.06 dlogz:21.202>0.01]25133it [10:21:00,  7.01s/it, bound:5791 nc:1633 ncall:2.6e+07 eff:0.1% logz-ratio=1189931.36+/-0.03 dlogz:21.152>0.01]25137it [10:21:25,  6.84s/it, bound:5792 nc:1756 ncall:2.6e+07 eff:0.1% logz-ratio=1189931.40+/-0.04 dlogz:21.104>0.01]25141it [10:21:50,  6.63s/it, bound:5793 nc:1704 ncall:2.6e+07 eff:0.1% logz-ratio=1189931.44+/-0.05 dlogz:21.057>0.01]25145it [10:22:14,  6.44s/it, bound:5794 nc:1667 ncall:2.6e+07 eff:0.1% logz-ratio=1189931.48+/-0.06 dlogz:21.011>0.01]25149it [10:22:36,  6.20s/it, bound:5795 nc:1437 ncall:2.6e+07 eff:0.1% logz-ratio=1189931.51+/-0.06 dlogz:20.965>0.01]25153it [10:23:00,  6.10s/it, bound:5796 nc:1591 ncall:2.6e+07 eff:0.1% logz-ratio=1189931.55+/-0.06 dlogz:20.921>0.01]25154it [10:23:13,  6.75s/it, bound:5796 nc:1640 ncall:2.6e+07 eff:0.1% logz-ratio=1189931.56+/-0.03 dlogz:20.910>0.01]25157it [10:23:36,  7.01s/it, bound:5797 nc:1595 ncall:2.6e+07 eff:0.1% logz-ratio=1189931.59+/-0.06 dlogz:20.877>0.01]25161it [10:23:59,  6.60s/it, bound:5798 nc:1466 ncall:2.6e+07 eff:0.1% logz-ratio=1189931.62+/-0.06 dlogz:20.834>0.01]25165it [10:24:21,  6.24s/it, bound:5799 nc:1437 ncall:2.6e+07 eff:0.1% logz-ratio=1189931.66+/-0.03 dlogz:20.792>0.01]25169it [10:24:45,  6.17s/it, bound:5800 nc:1419 ncall:2.6e+07 eff:0.1% logz-ratio=1189931.69+/-0.03 dlogz:20.749>0.01]25173it [10:25:08,  5.97s/it, bound:5801 nc:1512 ncall:2.6e+07 eff:0.1% logz-ratio=1189931.72+/-0.03 dlogz:20.708>0.01]25177it [10:25:28,  5.67s/it, bound:5802 nc:1241 ncall:2.6e+07 eff:0.1% logz-ratio=1189931.76+/-0.03 dlogz:20.666>0.01]25181it [10:25:48,  5.48s/it, bound:5803 nc:1206 ncall:2.6e+07 eff:0.1% logz-ratio=1189931.79+/-0.03 dlogz:20.625>0.01]25185it [10:26:08,  5.34s/it, bound:5804 nc:1072 ncall:2.6e+07 eff:0.1% logz-ratio=1189931.82+/-0.03 dlogz:20.585>0.01]25189it [10:26:35,  5.74s/it, bound:5805 nc:1699 ncall:2.6e+07 eff:0.1% logz-ratio=1189931.85+/-0.03 dlogz:20.546>0.01]25193it [10:27:00,  5.94s/it, bound:5806 nc:1762 ncall:2.6e+07 eff:0.1% logz-ratio=1189931.88+/-0.04 dlogz:20.507>0.01]25197it [10:27:25,  5.99s/it, bound:5807 nc:1510 ncall:2.6e+07 eff:0.1% logz-ratio=1189931.91+/-0.05 dlogz:20.468>0.01]25201it [10:27:48,  5.94s/it, bound:5808 nc:1494 ncall:2.6e+07 eff:0.1% logz-ratio=1189931.94+/-0.03 dlogz:20.430>0.01]25205it [10:28:12,  6.01s/it, bound:5809 nc:1707 ncall:2.6e+07 eff:0.1% logz-ratio=1189931.98+/-0.03 dlogz:20.391>0.01]25209it [10:28:35,  5.90s/it, bound:5810 nc:1477 ncall:2.6e+07 eff:0.1% logz-ratio=1189932.01+/-0.04 dlogz:20.351>0.01]25213it [10:28:57,  5.81s/it, bound:5811 nc:1504 ncall:2.6e+07 eff:0.1% logz-ratio=1189932.04+/-0.04 dlogz:20.311>0.01]25217it [10:29:19,  5.68s/it, bound:5812 nc:1449 ncall:2.6e+07 eff:0.1% logz-ratio=1189932.07+/-0.04 dlogz:20.272>0.01]25221it [10:29:45,  5.92s/it, bound:5813 nc:1665 ncall:2.6e+07 eff:0.1% logz-ratio=1189932.10+/-0.04 dlogz:20.232>0.01]25225it [10:30:10,  6.03s/it, bound:5814 nc:1753 ncall:2.6e+07 eff:0.1% logz-ratio=1189932.13+/-0.04 dlogz:20.193>0.01]25229it [10:30:35,  6.09s/it, bound:5815 nc:1752 ncall:2.6e+07 eff:0.1% logz-ratio=1189932.16+/-0.05 dlogz:20.154>0.01]25233it [10:31:00,  6.12s/it, bound:5816 nc:1572 ncall:2.6e+07 eff:0.1% logz-ratio=1189932.20+/-0.06 dlogz:20.115>0.01]25237it [10:31:24,  6.13s/it, bound:5817 nc:1573 ncall:2.7e+07 eff:0.1% logz-ratio=1189932.23+/-0.03 dlogz:20.076>0.01]25241it [10:31:48,  6.06s/it, bound:5818 nc:1647 ncall:2.7e+07 eff:0.1% logz-ratio=1189932.26+/-0.04 dlogz:20.038>0.01]25245it [10:32:12,  6.01s/it, bound:5819 nc:1447 ncall:2.7e+07 eff:0.1% logz-ratio=1189932.29+/-0.04 dlogz:19.999>0.01]25249it [10:32:34,  5.92s/it, bound:5820 nc:1153 ncall:2.7e+07 eff:0.1% logz-ratio=1189932.32+/-0.04 dlogz:19.961>0.01]25253it [10:32:57,  5.84s/it, bound:5821 nc:1458 ncall:2.7e+07 eff:0.1% logz-ratio=1189932.35+/-0.04 dlogz:19.923>0.01]25256it [10:33:18,  6.09s/it, bound:5822 nc:1436 ncall:2.7e+07 eff:0.1% logz-ratio=1189932.37+/-0.04 dlogz:19.894>0.01]25259it [10:33:31,  5.65s/it, bound:5823 nc:1384 ncall:2.7e+07 eff:0.1% logz-ratio=1189932.39+/-0.03 dlogz:19.866>0.01]25260it [10:33:52,  7.38s/it, bound:5823 nc:1464 ncall:2.7e+07 eff:0.1% logz-ratio=1189932.40+/-0.04 dlogz:19.856>0.01]25264it [10:34:13,  6.55s/it, bound:5824 nc:1375 ncall:2.7e+07 eff:0.1% logz-ratio=1189932.43+/-0.04 dlogz:19.819>0.01]25268it [10:34:34,  6.11s/it, bound:5825 nc:1386 ncall:2.7e+07 eff:0.1% logz-ratio=1189932.46+/-0.04 dlogz:19.781>0.01]25272it [10:34:55,  5.81s/it, bound:5826 nc:1311 ncall:2.7e+07 eff:0.1% logz-ratio=1189932.49+/-0.04 dlogz:19.743>0.01]25276it [10:35:19,  5.90s/it, bound:5827 nc:1377 ncall:2.7e+07 eff:0.1% logz-ratio=1189932.52+/-0.04 dlogz:19.705>0.01]25280it [10:35:44,  5.96s/it, bound:5828 nc:972 ncall:2.7e+07 eff:0.1% logz-ratio=1189932.55+/-0.04 dlogz:19.667>0.01] 25284it [10:36:11,  6.18s/it, bound:5829 nc:1315 ncall:2.7e+07 eff:0.1% logz-ratio=1189932.58+/-0.04 dlogz:19.629>0.01]25288it [10:36:38,  6.38s/it, bound:5830 nc:1508 ncall:2.7e+07 eff:0.1% logz-ratio=1189932.61+/-0.04 dlogz:19.590>0.01]25292it [10:37:09,  6.85s/it, bound:5831 nc:1611 ncall:2.7e+07 eff:0.1% logz-ratio=1189932.64+/-0.04 dlogz:19.552>0.01]25296it [10:37:42,  7.21s/it, bound:5832 nc:1582 ncall:2.7e+07 eff:0.1% logz-ratio=1189932.67+/-0.04 dlogz:19.513>0.01]25300it [10:38:16,  7.59s/it, bound:5833 nc:1714 ncall:2.7e+07 eff:0.1% logz-ratio=1189932.70+/-0.05 dlogz:19.475>0.01]25304it [10:38:52,  8.07s/it, bound:5834 nc:1737 ncall:2.7e+07 eff:0.1% logz-ratio=1189932.73+/-0.05 dlogz:19.437>0.01]25308it [10:39:22,  7.89s/it, bound:5835 nc:1737 ncall:2.7e+07 eff:0.1% logz-ratio=1189932.76+/-0.03 dlogz:19.399>0.01]25312it [10:39:52,  7.78s/it, bound:5836 nc:1348 ncall:2.7e+07 eff:0.1% logz-ratio=1189932.79+/-0.03 dlogz:19.361>0.01]25316it [10:40:25,  7.94s/it, bound:5837 nc:1622 ncall:2.7e+07 eff:0.1% logz-ratio=1189932.82+/-0.04 dlogz:19.324>0.01]25319it [10:40:59,  8.70s/it, bound:5838 nc:3597 ncall:2.7e+07 eff:0.1% logz-ratio=1189932.84+/-0.04 dlogz:19.295>0.01]25323it [10:41:22,  7.78s/it, bound:5839 nc:1597 ncall:2.7e+07 eff:0.1% logz-ratio=1189932.87+/-0.05 dlogz:19.258>0.01]25327it [10:41:45,  7.12s/it, bound:5840 nc:1597 ncall:2.7e+07 eff:0.1% logz-ratio=1189932.90+/-0.03 dlogz:19.220>0.01]25331it [10:42:07,  6.63s/it, bound:5841 nc:1560 ncall:2.7e+07 eff:0.1% logz-ratio=1189932.93+/-0.04 dlogz:19.182>0.01]25335it [10:42:27,  6.16s/it, bound:5842 nc:1415 ncall:2.7e+07 eff:0.1% logz-ratio=1189932.96+/-0.04 dlogz:19.144>0.01]25339it [10:42:51,  6.09s/it, bound:5843 nc:1474 ncall:2.7e+07 eff:0.1% logz-ratio=1189932.99+/-0.04 dlogz:19.106>0.01]25343it [10:43:20,  6.49s/it, bound:5844 nc:1439 ncall:2.7e+07 eff:0.1% logz-ratio=1189933.02+/-0.04 dlogz:19.068>0.01]25347it [10:43:46,  6.50s/it, bound:5845 nc:1392 ncall:2.7e+07 eff:0.1% logz-ratio=1189933.05+/-0.04 dlogz:19.030>0.01]25350it [10:44:00,  6.01s/it, bound:5846 nc:1402 ncall:2.7e+07 eff:0.1% logz-ratio=1189933.07+/-0.03 dlogz:19.002>0.01]25351it [10:44:28,  8.26s/it, bound:5846 nc:1369 ncall:2.7e+07 eff:0.1% logz-ratio=1189933.08+/-0.04 dlogz:18.993>0.01]25355it [10:44:55,  7.72s/it, bound:5847 nc:1308 ncall:2.7e+07 eff:0.1% logz-ratio=1189933.11+/-0.04 dlogz:18.955>0.01]25359it [10:45:20,  7.23s/it, bound:5848 nc:1194 ncall:2.7e+07 eff:0.1% logz-ratio=1189933.14+/-0.04 dlogz:18.918>0.01]25363it [10:45:47,  7.03s/it, bound:5849 nc:1405 ncall:2.7e+07 eff:0.1% logz-ratio=1189933.17+/-0.04 dlogz:18.879>0.01]25367it [10:46:14,  6.97s/it, bound:5850 nc:949 ncall:2.7e+07 eff:0.1% logz-ratio=1189933.20+/-0.04 dlogz:18.841>0.01] 25371it [10:46:42,  6.99s/it, bound:5851 nc:1462 ncall:2.7e+07 eff:0.1% logz-ratio=1189933.23+/-0.04 dlogz:18.802>0.01]25375it [10:47:07,  6.75s/it, bound:5852 nc:1405 ncall:2.7e+07 eff:0.1% logz-ratio=1189933.26+/-0.04 dlogz:18.763>0.01]25379it [10:47:32,  6.63s/it, bound:5853 nc:1359 ncall:2.7e+07 eff:0.1% logz-ratio=1189933.30+/-0.04 dlogz:18.724>0.01]25383it [10:47:56,  6.39s/it, bound:5854 nc:1230 ncall:2.7e+07 eff:0.1% logz-ratio=1189933.33+/-0.04 dlogz:18.684>0.01]25387it [10:48:22,  6.47s/it, bound:5855 nc:1257 ncall:2.7e+07 eff:0.1% logz-ratio=1189933.36+/-0.04 dlogz:18.645>0.01]25391it [10:48:49,  6.53s/it, bound:5856 nc:1161 ncall:2.7e+07 eff:0.1% logz-ratio=1189933.39+/-0.04 dlogz:18.606>0.01]25395it [10:49:14,  6.41s/it, bound:5857 nc:1180 ncall:2.7e+07 eff:0.1% logz-ratio=1189933.42+/-0.04 dlogz:18.567>0.01]25399it [10:49:37,  6.27s/it, bound:5858 nc:1224 ncall:2.7e+07 eff:0.1% logz-ratio=1189933.45+/-0.03 dlogz:18.527>0.01]25403it [10:50:01,  6.17s/it, bound:5859 nc:1290 ncall:2.7e+07 eff:0.1% logz-ratio=1189933.48+/-0.03 dlogz:18.488>0.01]25407it [10:50:25,  6.09s/it, bound:5860 nc:1145 ncall:2.7e+07 eff:0.1% logz-ratio=1189933.52+/-0.03 dlogz:18.448>0.01]25411it [10:50:49,  6.08s/it, bound:5861 nc:1113 ncall:2.7e+07 eff:0.1% logz-ratio=1189933.55+/-0.06 dlogz:18.407>0.01]25415it [10:51:15,  6.19s/it, bound:5862 nc:1199 ncall:2.7e+07 eff:0.1% logz-ratio=1189933.58+/-0.06 dlogz:18.366>0.01]25419it [10:51:40,  6.21s/it, bound:5863 nc:1163 ncall:2.7e+07 eff:0.1% logz-ratio=1189933.61+/-0.05 dlogz:18.325>0.01]25423it [10:52:06,  6.29s/it, bound:5864 nc:1201 ncall:2.7e+07 eff:0.1% logz-ratio=1189933.65+/-0.04 dlogz:18.284>0.01]25427it [10:52:32,  6.40s/it, bound:5865 nc:1068 ncall:2.7e+07 eff:0.1% logz-ratio=1189933.68+/-0.03 dlogz:18.243>0.01]25431it [10:52:56,  6.28s/it, bound:5866 nc:1065 ncall:2.7e+07 eff:0.1% logz-ratio=1189933.71+/-0.06 dlogz:18.203>0.01]25435it [10:53:29,  6.84s/it, bound:5867 nc:1497 ncall:2.7e+07 eff:0.1% logz-ratio=1189933.74+/-0.06 dlogz:18.164>0.01]25439it [10:53:57,  6.91s/it, bound:5868 nc:1095 ncall:2.7e+07 eff:0.1% logz-ratio=1189933.77+/-0.05 dlogz:18.124>0.01]25441it [10:54:12,  6.97s/it, bound:5868 nc:1462 ncall:2.7e+07 eff:0.1% logz-ratio=1189933.79+/-0.03 dlogz:18.104>0.01]25443it [10:54:43,  8.71s/it, bound:5869 nc:1439 ncall:2.7e+07 eff:0.1% logz-ratio=1189933.81+/-0.05 dlogz:18.084>0.01]25447it [10:55:14,  8.36s/it, bound:5870 nc:1360 ncall:2.7e+07 eff:0.1% logz-ratio=1189933.84+/-0.05 dlogz:18.043>0.01]25451it [10:55:44,  8.10s/it, bound:5871 nc:1283 ncall:2.7e+07 eff:0.1% logz-ratio=1189933.87+/-0.05 dlogz:18.002>0.01]25455it [10:56:20,  8.34s/it, bound:5872 nc:1358 ncall:2.7e+07 eff:0.1% logz-ratio=1189933.91+/-0.05 dlogz:17.960>0.01]25459it [10:56:48,  7.93s/it, bound:5873 nc:1173 ncall:2.7e+07 eff:0.1% logz-ratio=1189933.94+/-0.05 dlogz:17.920>0.01]25463it [10:57:22,  8.09s/it, bound:5874 nc:1359 ncall:2.7e+07 eff:0.1% logz-ratio=1189933.97+/-0.05 dlogz:17.879>0.01]25467it [10:57:51,  7.88s/it, bound:5875 nc:1411 ncall:2.7e+07 eff:0.1% logz-ratio=1189934.00+/-0.05 dlogz:17.839>0.01]25471it [10:58:20,  7.64s/it, bound:5876 nc:1302 ncall:2.7e+07 eff:0.1% logz-ratio=1189934.04+/-0.05 dlogz:17.798>0.01]25475it [10:58:48,  7.46s/it, bound:5877 nc:1264 ncall:2.7e+07 eff:0.1% logz-ratio=1189934.07+/-0.05 dlogz:17.758>0.01]25479it [10:59:20,  7.66s/it, bound:5878 nc:1362 ncall:2.7e+07 eff:0.1% logz-ratio=1189934.10+/-0.05 dlogz:17.717>0.01]25483it [11:00:01,  8.40s/it, bound:5879 nc:1729 ncall:2.7e+07 eff:0.1% logz-ratio=1189934.14+/-0.05 dlogz:17.676>0.01]25487it [11:00:34,  8.38s/it, bound:5880 nc:1518 ncall:2.7e+07 eff:0.1% logz-ratio=1189934.17+/-0.05 dlogz:17.635>0.01]25491it [11:01:09,  8.45s/it, bound:5881 nc:1454 ncall:2.7e+07 eff:0.1% logz-ratio=1189934.20+/-0.03 dlogz:17.594>0.01]25495it [11:01:41,  8.35s/it, bound:5882 nc:1397 ncall:2.7e+07 eff:0.1% logz-ratio=1189934.23+/-0.03 dlogz:17.553>0.01]25499it [11:02:14,  8.32s/it, bound:5883 nc:1423 ncall:2.7e+07 eff:0.1% logz-ratio=1189934.27+/-0.03 dlogz:17.513>0.01]25503it [11:02:46,  8.21s/it, bound:5884 nc:1537 ncall:2.7e+07 eff:0.1% logz-ratio=1189934.30+/-0.03 dlogz:17.473>0.01]25507it [11:03:20,  8.34s/it, bound:5885 nc:1492 ncall:2.7e+07 eff:0.1% logz-ratio=1189934.33+/-0.03 dlogz:17.433>0.01]25511it [11:03:53,  8.32s/it, bound:5886 nc:1410 ncall:2.7e+07 eff:0.1% logz-ratio=1189934.36+/-0.03 dlogz:17.394>0.01]25515it [11:04:25,  8.21s/it, bound:5887 nc:1409 ncall:2.7e+07 eff:0.1% logz-ratio=1189934.39+/-0.03 dlogz:17.354>0.01]25519it [11:05:13,  9.30s/it, bound:5888 nc:1404 ncall:2.7e+07 eff:0.1% logz-ratio=1189934.42+/-0.03 dlogz:17.316>0.01]25523it [11:05:42,  8.68s/it, bound:5889 nc:1346 ncall:2.7e+07 eff:0.1% logz-ratio=1189934.45+/-0.03 dlogz:17.277>0.01]25527it [11:06:08,  8.08s/it, bound:5890 nc:1296 ncall:2.7e+07 eff:0.1% logz-ratio=1189934.48+/-0.03 dlogz:17.238>0.01]25531it [11:06:32,  7.45s/it, bound:5891 nc:1242 ncall:2.7e+07 eff:0.1% logz-ratio=1189934.52+/-0.03 dlogz:17.200>0.01]25535it [11:06:57,  7.08s/it, bound:5892 nc:1219 ncall:2.7e+07 eff:0.1% logz-ratio=1189934.55+/-0.03 dlogz:17.162>0.01]25539it [11:07:33,  7.63s/it, bound:5893 nc:1696 ncall:2.7e+07 eff:0.1% logz-ratio=1189934.57+/-0.03 dlogz:17.124>0.01]25543it [11:08:02,  7.53s/it, bound:5894 nc:1593 ncall:2.7e+07 eff:0.1% logz-ratio=1189934.60+/-0.04 dlogz:17.087>0.01]25547it [11:08:44,  8.46s/it, bound:5895 nc:2220 ncall:2.7e+07 eff:0.1% logz-ratio=1189934.63+/-0.05 dlogz:17.050>0.01]25551it [11:09:24,  8.91s/it, bound:5896 nc:2087 ncall:2.7e+07 eff:0.1% logz-ratio=1189934.66+/-0.03 dlogz:17.013>0.01]25555it [11:10:00,  8.89s/it, bound:5897 nc:1851 ncall:2.7e+07 eff:0.1% logz-ratio=1189934.69+/-0.04 dlogz:16.976>0.01]25559it [11:10:38,  9.13s/it, bound:5898 nc:2029 ncall:2.7e+07 eff:0.1% logz-ratio=1189934.72+/-0.05 dlogz:16.939>0.01]25563it [11:11:17,  9.25s/it, bound:5899 nc:1734 ncall:2.7e+07 eff:0.1% logz-ratio=1189934.75+/-0.03 dlogz:16.903>0.01]25567it [11:11:52,  9.11s/it, bound:5900 nc:1929 ncall:2.7e+07 eff:0.1% logz-ratio=1189934.78+/-0.04 dlogz:16.867>0.01]25571it [11:12:23,  8.72s/it, bound:5901 nc:1629 ncall:2.7e+07 eff:0.1% logz-ratio=1189934.80+/-0.05 dlogz:16.831>0.01]25575it [11:12:54,  8.45s/it, bound:5902 nc:1782 ncall:2.7e+07 eff:0.1% logz-ratio=1189934.83+/-0.03 dlogz:16.795>0.01]25579it [11:13:28,  8.45s/it, bound:5903 nc:1754 ncall:2.7e+07 eff:0.1% logz-ratio=1189934.86+/-0.04 dlogz:16.760>0.01]25583it [11:14:01,  8.42s/it, bound:5904 nc:1501 ncall:2.7e+07 eff:0.1% logz-ratio=1189934.89+/-0.05 dlogz:16.724>0.01]25587it [11:14:30,  8.04s/it, bound:5905 nc:1405 ncall:2.7e+07 eff:0.1% logz-ratio=1189934.91+/-0.03 dlogz:16.689>0.01]25590it [11:15:01,  8.56s/it, bound:5906 nc:2879 ncall:2.7e+07 eff:0.1% logz-ratio=1189934.93+/-0.05 dlogz:16.663>0.01]25591it [11:15:14,  9.09s/it, bound:5906 nc:1461 ncall:2.7e+07 eff:0.1% logz-ratio=1189934.94+/-0.03 dlogz:16.654>0.01]25594it [11:15:39,  8.84s/it, bound:5907 nc:1575 ncall:2.7e+07 eff:0.1% logz-ratio=1189934.96+/-0.05 dlogz:16.628>0.01]25598it [11:16:08,  8.26s/it, bound:5908 nc:1465 ncall:2.7e+07 eff:0.1% logz-ratio=1189934.99+/-0.05 dlogz:16.592>0.01]25602it [11:16:35,  7.72s/it, bound:5909 nc:1308 ncall:2.7e+07 eff:0.1% logz-ratio=1189935.01+/-0.05 dlogz:16.557>0.01]25606it [11:17:04,  7.60s/it, bound:5910 nc:1443 ncall:2.7e+07 eff:0.1% logz-ratio=1189935.04+/-0.05 dlogz:16.522>0.01]25610it [11:17:30,  7.22s/it, bound:5911 nc:1487 ncall:2.7e+07 eff:0.1% logz-ratio=1189935.07+/-0.05 dlogz:16.488>0.01]25614it [11:17:58,  7.18s/it, bound:5912 nc:1485 ncall:2.7e+07 eff:0.1% logz-ratio=1189935.10+/-0.05 dlogz:16.453>0.01]25618it [11:18:28,  7.22s/it, bound:5913 nc:1399 ncall:2.7e+07 eff:0.1% logz-ratio=1189935.12+/-0.05 dlogz:16.418>0.01]25622it [11:18:52,  6.85s/it, bound:5914 nc:1407 ncall:2.7e+07 eff:0.1% logz-ratio=1189935.15+/-0.05 dlogz:16.383>0.01]25625it [11:19:17,  7.24s/it, bound:5915 nc:1398 ncall:2.7e+07 eff:0.1% logz-ratio=1189935.17+/-0.05 dlogz:16.355>0.01]25629it [11:19:43,  6.98s/it, bound:5916 nc:1368 ncall:2.7e+07 eff:0.1% logz-ratio=1189935.20+/-0.05 dlogz:16.319>0.01]25633it [11:20:06,  6.60s/it, bound:5917 nc:1307 ncall:2.7e+07 eff:0.1% logz-ratio=1189935.23+/-0.05 dlogz:16.284>0.01]25637it [11:20:32,  6.55s/it, bound:5918 nc:1377 ncall:2.7e+07 eff:0.1% logz-ratio=1189935.25+/-0.05 dlogz:16.248>0.01]25641it [11:20:57,  6.52s/it, bound:5919 nc:1148 ncall:2.7e+07 eff:0.1% logz-ratio=1189935.28+/-0.05 dlogz:16.213>0.01]25645it [11:21:25,  6.65s/it, bound:5920 nc:1376 ncall:2.7e+07 eff:0.1% logz-ratio=1189935.31+/-0.04 dlogz:16.178>0.01]25649it [11:21:51,  6.58s/it, bound:5921 nc:1322 ncall:2.7e+07 eff:0.1% logz-ratio=1189935.34+/-0.05 dlogz:16.143>0.01]25653it [11:22:13,  6.28s/it, bound:5922 nc:1284 ncall:2.7e+07 eff:0.1% logz-ratio=1189935.36+/-0.04 dlogz:16.109>0.01]25657it [11:22:38,  6.28s/it, bound:5923 nc:1218 ncall:2.7e+07 eff:0.1% logz-ratio=1189935.39+/-0.05 dlogz:16.074>0.01]25661it [11:23:03,  6.25s/it, bound:5924 nc:1246 ncall:2.7e+07 eff:0.1% logz-ratio=1189935.42+/-0.05 dlogz:16.039>0.01]25665it [11:23:25,  6.01s/it, bound:5925 nc:1246 ncall:2.7e+07 eff:0.1% logz-ratio=1189935.44+/-0.04 dlogz:16.005>0.01]25669it [11:23:49,  5.99s/it, bound:5926 nc:1275 ncall:2.7e+07 eff:0.1% logz-ratio=1189935.47+/-0.04 dlogz:15.970>0.01]25673it [11:24:14,  6.09s/it, bound:5927 nc:1175 ncall:2.7e+07 eff:0.1% logz-ratio=1189935.49+/-0.04 dlogz:15.936>0.01]25677it [11:24:38,  6.05s/it, bound:5928 nc:1227 ncall:2.7e+07 eff:0.1% logz-ratio=1189935.52+/-0.04 dlogz:15.902>0.01]25681it [11:24:59,  5.81s/it, bound:5929 nc:1165 ncall:2.7e+07 eff:0.1% logz-ratio=1189935.55+/-0.05 dlogz:15.867>0.01]25685it [11:25:22,  5.84s/it, bound:5930 nc:961 ncall:2.7e+07 eff:0.1% logz-ratio=1189935.57+/-0.05 dlogz:15.832>0.01] 25688it [11:25:36,  5.51s/it, bound:5931 nc:1236 ncall:2.7e+07 eff:0.1% logz-ratio=1189935.59+/-0.03 dlogz:15.806>0.01]25689it [11:26:00,  7.41s/it, bound:5931 nc:1238 ncall:2.7e+07 eff:0.1% logz-ratio=1189935.60+/-0.04 dlogz:15.797>0.01]25693it [11:26:20,  6.55s/it, bound:5932 nc:1107 ncall:2.7e+07 eff:0.1% logz-ratio=1189935.63+/-0.04 dlogz:15.762>0.01]25697it [11:26:43,  6.28s/it, bound:5933 nc:1126 ncall:2.7e+07 eff:0.1% logz-ratio=1189935.66+/-0.03 dlogz:15.727>0.01]25701it [11:27:02,  5.75s/it, bound:5934 nc:1009 ncall:2.7e+07 eff:0.1% logz-ratio=1189935.68+/-0.06 dlogz:15.693>0.01]25705it [11:27:20,  5.36s/it, bound:5935 nc:852 ncall:2.7e+07 eff:0.1% logz-ratio=1189935.71+/-0.05 dlogz:15.658>0.01] 25709it [11:27:42,  5.42s/it, bound:5936 nc:1126 ncall:2.7e+07 eff:0.1% logz-ratio=1189935.73+/-0.05 dlogz:15.623>0.01]25713it [11:28:03,  5.37s/it, bound:5937 nc:1106 ncall:2.7e+07 eff:0.1% logz-ratio=1189935.76+/-0.04 dlogz:15.589>0.01]25717it [11:28:24,  5.33s/it, bound:5938 nc:966 ncall:2.7e+07 eff:0.1% logz-ratio=1189935.79+/-0.03 dlogz:15.555>0.01] 25721it [11:28:45,  5.25s/it, bound:5939 nc:969 ncall:2.7e+07 eff:0.1% logz-ratio=1189935.81+/-0.06 dlogz:15.521>0.01]25725it [11:29:03,  5.09s/it, bound:5940 nc:1107 ncall:2.7e+07 eff:0.1% logz-ratio=1189935.84+/-0.05 dlogz:15.487>0.01]25727it [11:29:04,  4.21s/it, bound:5940 nc:991 ncall:2.7e+07 eff:0.1% logz-ratio=1189935.85+/-0.03 dlogz:15.470>0.01] 25729it [11:29:24,  5.39s/it, bound:5941 nc:1088 ncall:2.7e+07 eff:0.1% logz-ratio=1189935.86+/-0.04 dlogz:15.453>0.01]25733it [11:29:44,  5.28s/it, bound:5942 nc:1105 ncall:2.7e+07 eff:0.1% logz-ratio=1189935.89+/-0.04 dlogz:15.420>0.01]25737it [11:30:08,  5.47s/it, bound:5943 nc:1079 ncall:2.7e+07 eff:0.1% logz-ratio=1189935.92+/-0.03 dlogz:16.777>0.01]25741it [11:30:28,  5.37s/it, bound:5944 nc:1124 ncall:2.7e+07 eff:0.1% logz-ratio=1189935.94+/-0.06 dlogz:16.743>0.01]25745it [11:30:47,  5.14s/it, bound:5945 nc:1019 ncall:2.7e+07 eff:0.1% logz-ratio=1189935.97+/-0.05 dlogz:16.710>0.01]25749it [11:31:13,  5.59s/it, bound:5946 nc:1471 ncall:2.7e+07 eff:0.1% logz-ratio=1189935.99+/-0.04 dlogz:16.677>0.01]25753it [11:31:40,  5.96s/it, bound:5947 nc:1327 ncall:2.7e+07 eff:0.1% logz-ratio=1189936.02+/-0.04 dlogz:16.644>0.01]25757it [11:32:08,  6.24s/it, bound:5948 nc:1345 ncall:2.7e+07 eff:0.1% logz-ratio=1189936.04+/-0.04 dlogz:16.612>0.01]25761it [11:32:31,  6.11s/it, bound:5949 nc:959 ncall:2.7e+07 eff:0.1% logz-ratio=1189936.07+/-0.04 dlogz:16.578>0.01] 25765it [11:33:01,  6.52s/it, bound:5950 nc:1686 ncall:2.7e+07 eff:0.1% logz-ratio=1189936.09+/-0.03 dlogz:16.544>0.01]25769it [11:33:27,  6.52s/it, bound:5951 nc:1523 ncall:2.7e+07 eff:0.1% logz-ratio=1189936.12+/-0.03 dlogz:16.511>0.01]25773it [11:34:00,  7.08s/it, bound:5952 nc:1695 ncall:2.7e+07 eff:0.1% logz-ratio=1189936.14+/-0.03 dlogz:16.477>0.01]25777it [11:34:30,  7.19s/it, bound:5953 nc:1147 ncall:2.7e+07 eff:0.1% logz-ratio=1189936.17+/-0.03 dlogz:16.444>0.01]25781it [11:35:03,  7.50s/it, bound:5954 nc:1671 ncall:2.7e+07 eff:0.1% logz-ratio=1189936.19+/-0.03 dlogz:16.411>0.01]25785it [11:35:34,  7.60s/it, bound:5955 nc:1681 ncall:2.7e+07 eff:0.1% logz-ratio=1189936.22+/-0.04 dlogz:16.379>0.01]25788it [11:35:48,  6.84s/it, bound:5956 nc:1681 ncall:2.7e+07 eff:0.1% logz-ratio=1189936.24+/-0.03 dlogz:16.354>0.01]25789it [11:36:16,  9.05s/it, bound:5956 nc:1442 ncall:2.7e+07 eff:0.1% logz-ratio=1189936.24+/-0.04 dlogz:16.346>0.01]25793it [11:36:47,  8.54s/it, bound:5957 nc:1426 ncall:2.7e+07 eff:0.1% logz-ratio=1189936.27+/-0.04 dlogz:16.313>0.01]25797it [11:37:15,  7.99s/it, bound:5958 nc:1520 ncall:2.7e+07 eff:0.1% logz-ratio=1189936.29+/-0.04 dlogz:16.279>0.01]25801it [11:37:42,  7.62s/it, bound:5959 nc:1159 ncall:2.7e+07 eff:0.1% logz-ratio=1189936.32+/-0.05 dlogz:16.246>0.01]25805it [11:38:12,  7.59s/it, bound:5960 nc:1488 ncall:2.7e+07 eff:0.1% logz-ratio=1189936.34+/-0.03 dlogz:16.213>0.01]25809it [11:38:41,  7.45s/it, bound:5961 nc:1558 ncall:2.7e+07 eff:0.1% logz-ratio=1189936.37+/-0.03 dlogz:16.179>0.01]25813it [11:39:08,  7.27s/it, bound:5962 nc:1382 ncall:2.7e+07 eff:0.1% logz-ratio=1189936.39+/-0.03 dlogz:16.146>0.01]25817it [11:39:33,  6.97s/it, bound:5963 nc:1329 ncall:2.7e+07 eff:0.1% logz-ratio=1189936.42+/-0.03 dlogz:16.114>0.01]25821it [11:40:01,  6.97s/it, bound:5964 nc:1397 ncall:2.7e+07 eff:0.1% logz-ratio=1189936.44+/-0.03 dlogz:16.081>0.01]25825it [11:40:29,  6.99s/it, bound:5965 nc:1443 ncall:2.7e+07 eff:0.1% logz-ratio=1189936.47+/-0.03 dlogz:16.049>0.01]25829it [11:40:56,  6.87s/it, bound:5966 nc:1318 ncall:2.7e+07 eff:0.1% logz-ratio=1189936.49+/-0.03 dlogz:16.016>0.01]25833it [11:41:25,  6.99s/it, bound:5967 nc:1376 ncall:2.7e+07 eff:0.1% logz-ratio=1189936.52+/-0.03 dlogz:15.984>0.01]25837it [11:41:51,  6.87s/it, bound:5968 nc:1174 ncall:2.7e+07 eff:0.1% logz-ratio=1189936.54+/-0.03 dlogz:15.951>0.01]25841it [11:42:14,  6.51s/it, bound:5969 nc:1206 ncall:2.7e+07 eff:0.1% logz-ratio=1189936.57+/-0.03 dlogz:15.919>0.01]25845it [11:42:41,  6.60s/it, bound:5970 nc:1322 ncall:2.7e+07 eff:0.1% logz-ratio=1189936.59+/-0.02 dlogz:15.886>0.01]25849it [11:43:03,  6.27s/it, bound:5971 nc:973 ncall:2.7e+07 eff:0.1% logz-ratio=1189936.61+/-0.02 dlogz:15.855>0.01] 25853it [11:43:27,  6.16s/it, bound:5972 nc:1366 ncall:2.7e+07 eff:0.1% logz-ratio=1189936.64+/-0.02 dlogz:15.823>0.01]25857it [11:43:53,  6.31s/it, bound:5973 nc:1366 ncall:2.7e+07 eff:0.1% logz-ratio=1189936.66+/-0.02 dlogz:15.791>0.01]25861it [11:44:15,  6.03s/it, bound:5974 nc:1303 ncall:2.7e+07 eff:0.1% logz-ratio=1189936.69+/-0.03 dlogz:15.758>0.01]25865it [11:44:37,  5.85s/it, bound:5975 nc:1164 ncall:2.7e+07 eff:0.1% logz-ratio=1189936.71+/-0.03 dlogz:15.726>0.01]25869it [11:45:04,  6.15s/it, bound:5976 nc:1442 ncall:2.7e+07 eff:0.1% logz-ratio=1189936.74+/-0.03 dlogz:15.693>0.01]25873it [11:45:28,  6.11s/it, bound:5977 nc:1417 ncall:2.7e+07 eff:0.1% logz-ratio=1189936.76+/-0.03 dlogz:15.661>0.01]25877it [11:45:54,  6.24s/it, bound:5978 nc:1324 ncall:2.7e+07 eff:0.1% logz-ratio=1189936.78+/-0.03 dlogz:15.628>0.01]25881it [11:46:34,  7.31s/it, bound:5979 nc:1125 ncall:2.7e+07 eff:0.1% logz-ratio=1189936.81+/-0.03 dlogz:15.596>0.01]25885it [11:47:00,  7.07s/it, bound:5980 nc:1379 ncall:2.7e+07 eff:0.1% logz-ratio=1189936.83+/-0.03 dlogz:15.564>0.01]25889it [11:47:27,  7.02s/it, bound:5981 nc:1347 ncall:2.7e+07 eff:0.1% logz-ratio=1189936.86+/-0.03 dlogz:15.531>0.01]25893it [11:47:53,  6.86s/it, bound:5982 nc:1370 ncall:2.7e+07 eff:0.1% logz-ratio=1189936.88+/-0.03 dlogz:15.499>0.01]25897it [11:48:20,  6.81s/it, bound:5983 nc:1215 ncall:2.7e+07 eff:0.1% logz-ratio=1189936.91+/-0.03 dlogz:15.466>0.01]25901it [11:48:43,  6.48s/it, bound:5984 nc:1306 ncall:2.7e+07 eff:0.1% logz-ratio=1189936.93+/-0.03 dlogz:15.433>0.01]25905it [11:49:09,  6.48s/it, bound:5985 nc:960 ncall:2.7e+07 eff:0.1% logz-ratio=1189936.96+/-0.03 dlogz:15.401>0.01] 25909it [11:49:33,  6.40s/it, bound:5986 nc:1061 ncall:2.7e+07 eff:0.1% logz-ratio=1189936.98+/-0.03 dlogz:15.368>0.01]25913it [11:49:55,  6.10s/it, bound:5987 nc:1042 ncall:2.7e+07 eff:0.1% logz-ratio=1189937.00+/-0.03 dlogz:15.336>0.01]25917it [11:50:21,  6.20s/it, bound:5988 nc:1280 ncall:2.7e+07 eff:0.1% logz-ratio=1189937.03+/-0.02 dlogz:15.304>0.01]25921it [11:50:40,  5.77s/it, bound:5989 nc:1082 ncall:2.7e+07 eff:0.1% logz-ratio=1189937.05+/-0.02 dlogz:15.272>0.01]25925it [11:51:06,  6.03s/it, bound:5990 nc:1309 ncall:2.7e+07 eff:0.1% logz-ratio=1189937.08+/-0.06 dlogz:15.240>0.01]25929it [11:51:33,  6.21s/it, bound:5991 nc:1335 ncall:2.7e+07 eff:0.1% logz-ratio=1189937.10+/-0.05 dlogz:15.209>0.01]25933it [11:51:59,  6.32s/it, bound:5992 nc:1352 ncall:2.7e+07 eff:0.1% logz-ratio=1189937.12+/-0.05 dlogz:15.177>0.01]25937it [11:52:25,  6.39s/it, bound:5993 nc:1257 ncall:2.7e+07 eff:0.1% logz-ratio=1189937.15+/-0.05 dlogz:15.145>0.01]25941it [11:52:45,  5.94s/it, bound:5994 nc:1126 ncall:2.7e+07 eff:0.1% logz-ratio=1189937.17+/-0.05 dlogz:15.114>0.01]25945it [11:53:08,  5.89s/it, bound:5995 nc:1329 ncall:2.7e+07 eff:0.1% logz-ratio=1189937.19+/-0.05 dlogz:15.083>0.01]25949it [11:53:32,  5.90s/it, bound:5996 nc:1260 ncall:2.7e+07 eff:0.1% logz-ratio=1189937.22+/-0.04 dlogz:15.052>0.01]25953it [11:53:55,  5.87s/it, bound:5997 nc:1147 ncall:2.7e+07 eff:0.1% logz-ratio=1189937.24+/-0.04 dlogz:15.021>0.01]25957it [11:54:15,  5.60s/it, bound:5998 nc:1126 ncall:2.7e+07 eff:0.1% logz-ratio=1189937.26+/-0.03 dlogz:14.990>0.01]25960it [11:54:54,  7.41s/it, bound:5999 nc:2752 ncall:2.7e+07 eff:0.1% logz-ratio=1189937.28+/-0.02 dlogz:14.968>0.01]25964it [11:55:28,  7.73s/it, bound:6000 nc:1818 ncall:2.7e+07 eff:0.1% logz-ratio=1189937.30+/-0.03 dlogz:14.937>0.01]25968it [11:56:01,  7.95s/it, bound:6001 nc:1736 ncall:2.7e+07 eff:0.1% logz-ratio=1189937.32+/-0.04 dlogz:14.907>0.01]25972it [11:56:34,  7.99s/it, bound:6002 nc:1588 ncall:2.8e+07 eff:0.1% logz-ratio=1189937.35+/-0.02 dlogz:14.876>0.01]25975it [11:56:47,  7.14s/it, bound:6003 nc:1520 ncall:2.8e+07 eff:0.1% logz-ratio=1189937.36+/-0.02 dlogz:14.853>0.01]25976it [11:57:20,  9.79s/it, bound:6003 nc:1690 ncall:2.8e+07 eff:0.1% logz-ratio=1189937.37+/-0.03 dlogz:14.846>0.01]25980it [11:57:49,  8.91s/it, bound:6004 nc:1773 ncall:2.8e+07 eff:0.1% logz-ratio=1189937.39+/-0.04 dlogz:14.815>0.01]25984it [11:58:22,  8.68s/it, bound:6005 nc:1560 ncall:2.8e+07 eff:0.1% logz-ratio=1189937.41+/-0.02 dlogz:14.785>0.01]25988it [11:58:54,  8.43s/it, bound:6006 nc:1615 ncall:2.8e+07 eff:0.1% logz-ratio=1189937.44+/-0.02 dlogz:14.755>0.01]25992it [11:59:20,  7.82s/it, bound:6007 nc:1573 ncall:2.8e+07 eff:0.1% logz-ratio=1189937.46+/-0.02 dlogz:14.725>0.01]25996it [11:59:48,  7.56s/it, bound:6008 nc:1647 ncall:2.8e+07 eff:0.1% logz-ratio=1189937.48+/-0.02 dlogz:14.695>0.01]26000it [12:00:21,  7.77s/it, bound:6009 nc:1549 ncall:2.8e+07 eff:0.1% logz-ratio=1189937.50+/-0.02 dlogz:14.665>0.01]26004it [12:00:52,  7.78s/it, bound:6010 nc:1431 ncall:2.8e+07 eff:0.1% logz-ratio=1189937.52+/-0.03 dlogz:14.636>0.01]26008it [12:01:18,  7.36s/it, bound:6011 nc:1220 ncall:2.8e+07 eff:0.1% logz-ratio=1189937.54+/-0.03 dlogz:14.606>0.01]26012it [12:01:45,  7.20s/it, bound:6012 nc:1326 ncall:2.8e+07 eff:0.1% logz-ratio=1189937.56+/-0.03 dlogz:14.577>0.01]26016it [12:02:13,  7.08s/it, bound:6013 nc:1387 ncall:2.8e+07 eff:0.1% logz-ratio=1189937.59+/-0.03 dlogz:14.548>0.01]26020it [12:02:35,  6.60s/it, bound:6014 nc:1311 ncall:2.8e+07 eff:0.1% logz-ratio=1189937.61+/-0.03 dlogz:14.519>0.01]26024it [12:02:58,  6.39s/it, bound:6015 nc:1076 ncall:2.8e+07 eff:0.1% logz-ratio=1189937.63+/-0.03 dlogz:14.491>0.01]26028it [12:03:22,  6.26s/it, bound:6016 nc:1403 ncall:2.8e+07 eff:0.1% logz-ratio=1189937.65+/-0.03 dlogz:14.462>0.01]26032it [12:03:48,  6.35s/it, bound:6017 nc:1428 ncall:2.8e+07 eff:0.1% logz-ratio=1189937.67+/-0.03 dlogz:14.433>0.01]26036it [12:04:16,  6.52s/it, bound:6018 nc:1493 ncall:2.8e+07 eff:0.1% logz-ratio=1189937.69+/-0.03 dlogz:14.404>0.01]26040it [12:04:47,  6.93s/it, bound:6019 nc:1654 ncall:2.8e+07 eff:0.1% logz-ratio=1189937.71+/-0.03 dlogz:14.375>0.01]26044it [12:05:17,  7.04s/it, bound:6020 nc:1476 ncall:2.8e+07 eff:0.1% logz-ratio=1189937.73+/-0.04 dlogz:14.345>0.01]26048it [12:05:45,  7.06s/it, bound:6021 nc:1523 ncall:2.8e+07 eff:0.1% logz-ratio=1189937.75+/-0.04 dlogz:14.316>0.01]26052it [12:06:12,  6.94s/it, bound:6022 nc:1486 ncall:2.8e+07 eff:0.1% logz-ratio=1189937.78+/-0.04 dlogz:14.287>0.01]26056it [12:06:41,  7.06s/it, bound:6023 nc:1415 ncall:2.8e+07 eff:0.1% logz-ratio=1189937.80+/-0.04 dlogz:14.257>0.01]26058it [12:06:55,  7.03s/it, bound:6023 nc:1451 ncall:2.8e+07 eff:0.1% logz-ratio=1189937.81+/-0.02 dlogz:14.243>0.01]26060it [12:07:21,  8.28s/it, bound:6024 nc:1427 ncall:2.8e+07 eff:0.1% logz-ratio=1189937.82+/-0.04 dlogz:14.228>0.01]26064it [12:07:50,  7.91s/it, bound:6025 nc:1498 ncall:2.8e+07 eff:0.1% logz-ratio=1189937.84+/-0.04 dlogz:14.199>0.01]26068it [12:08:13,  7.13s/it, bound:6026 nc:932 ncall:2.8e+07 eff:0.1% logz-ratio=1189937.86+/-0.04 dlogz:14.171>0.01] 26072it [12:08:40,  7.03s/it, bound:6027 nc:1414 ncall:2.8e+07 eff:0.1% logz-ratio=1189937.88+/-0.04 dlogz:14.142>0.01]26076it [12:09:09,  7.11s/it, bound:6028 nc:1256 ncall:2.8e+07 eff:0.1% logz-ratio=1189937.90+/-0.04 dlogz:14.113>0.01]26080it [12:09:37,  7.05s/it, bound:6029 nc:1342 ncall:2.8e+07 eff:0.1% logz-ratio=1189937.92+/-0.04 dlogz:14.084>0.01]26084it [12:10:08,  7.23s/it, bound:6030 nc:1486 ncall:2.8e+07 eff:0.1% logz-ratio=1189937.94+/-0.04 dlogz:14.054>0.01]26088it [12:10:35,  7.11s/it, bound:6031 nc:1306 ncall:2.8e+07 eff:0.1% logz-ratio=1189937.97+/-0.04 dlogz:14.025>0.01]26092it [12:11:03,  7.05s/it, bound:6032 nc:1388 ncall:2.8e+07 eff:0.1% logz-ratio=1189937.99+/-0.04 dlogz:13.995>0.01]26096it [12:11:29,  6.89s/it, bound:6033 nc:1356 ncall:2.8e+07 eff:0.1% logz-ratio=1189938.01+/-0.04 dlogz:13.966>0.01]26100it [12:11:53,  6.67s/it, bound:6034 nc:1330 ncall:2.8e+07 eff:0.1% logz-ratio=1189938.03+/-0.04 dlogz:13.935>0.01]26104it [12:12:19,  6.62s/it, bound:6035 nc:1328 ncall:2.8e+07 eff:0.1% logz-ratio=1189938.05+/-0.04 dlogz:13.905>0.01]26108it [12:12:43,  6.43s/it, bound:6036 nc:1136 ncall:2.8e+07 eff:0.1% logz-ratio=1189938.08+/-0.04 dlogz:13.875>0.01]26112it [12:13:08,  6.31s/it, bound:6037 nc:985 ncall:2.8e+07 eff:0.1% logz-ratio=1189938.10+/-0.04 dlogz:13.844>0.01] 26116it [12:13:35,  6.48s/it, bound:6038 nc:1460 ncall:2.8e+07 eff:0.1% logz-ratio=1189938.12+/-0.04 dlogz:13.814>0.01]26120it [12:14:00,  6.39s/it, bound:6039 nc:1407 ncall:2.8e+07 eff:0.1% logz-ratio=1189938.14+/-0.04 dlogz:13.783>0.01]26124it [12:14:26,  6.44s/it, bound:6040 nc:1305 ncall:2.8e+07 eff:0.1% logz-ratio=1189938.17+/-0.04 dlogz:13.753>0.01]26128it [12:14:54,  6.62s/it, bound:6041 nc:1365 ncall:2.8e+07 eff:0.1% logz-ratio=1189938.19+/-0.04 dlogz:13.723>0.01]26132it [12:15:20,  6.58s/it, bound:6042 nc:1342 ncall:2.8e+07 eff:0.1% logz-ratio=1189938.21+/-0.04 dlogz:13.693>0.01]26136it [12:15:45,  6.48s/it, bound:6043 nc:1187 ncall:2.8e+07 eff:0.1% logz-ratio=1189938.23+/-0.04 dlogz:13.663>0.01]26140it [12:16:08,  6.27s/it, bound:6044 nc:892 ncall:2.8e+07 eff:0.1% logz-ratio=1189938.25+/-0.04 dlogz:13.632>0.01] 26144it [12:16:32,  6.19s/it, bound:6045 nc:1350 ncall:2.8e+07 eff:0.1% logz-ratio=1189938.28+/-0.03 dlogz:13.601>0.01]26148it [12:16:56,  6.11s/it, bound:6046 nc:1306 ncall:2.8e+07 eff:0.1% logz-ratio=1189938.30+/-0.03 dlogz:13.571>0.01]26151it [12:17:10,  5.75s/it, bound:6047 nc:1121 ncall:2.8e+07 eff:0.1% logz-ratio=1189938.32+/-0.02 dlogz:13.548>0.01]26152it [12:17:36,  7.87s/it, bound:6047 nc:1271 ncall:2.8e+07 eff:0.1% logz-ratio=1189938.32+/-0.03 dlogz:13.540>0.01]26156it [12:17:59,  7.04s/it, bound:6048 nc:1132 ncall:2.8e+07 eff:0.1% logz-ratio=1189938.34+/-0.03 dlogz:13.510>0.01]26160it [12:18:21,  6.50s/it, bound:6049 nc:1263 ncall:2.8e+07 eff:0.1% logz-ratio=1189938.37+/-0.03 dlogz:13.479>0.01]26164it [12:18:41,  6.05s/it, bound:6050 nc:1234 ncall:2.8e+07 eff:0.1% logz-ratio=1189938.39+/-0.03 dlogz:13.449>0.01]26168it [12:19:04,  5.95s/it, bound:6051 nc:1022 ncall:2.8e+07 eff:0.1% logz-ratio=1189938.41+/-0.03 dlogz:13.419>0.01]26172it [12:19:26,  5.81s/it, bound:6052 nc:1216 ncall:2.8e+07 eff:0.1% logz-ratio=1189938.43+/-0.02 dlogz:13.389>0.01]26176it [12:19:47,  5.59s/it, bound:6053 nc:1071 ncall:2.8e+07 eff:0.1% logz-ratio=1189938.46+/-0.05 dlogz:13.359>0.01]26180it [12:20:09,  5.59s/it, bound:6054 nc:1167 ncall:2.8e+07 eff:0.1% logz-ratio=1189938.48+/-0.05 dlogz:13.329>0.01]26184it [12:20:29,  5.41s/it, bound:6055 nc:1128 ncall:2.8e+07 eff:0.1% logz-ratio=1189938.50+/-0.04 dlogz:13.299>0.01]26188it [12:20:51,  5.44s/it, bound:6056 nc:1292 ncall:2.8e+07 eff:0.1% logz-ratio=1189938.52+/-0.03 dlogz:13.270>0.01]26192it [12:21:16,  5.66s/it, bound:6057 nc:1204 ncall:2.8e+07 eff:0.1% logz-ratio=1189938.54+/-0.02 dlogz:13.240>0.01]26196it [12:21:40,  5.80s/it, bound:6058 nc:1206 ncall:2.8e+07 eff:0.1% logz-ratio=1189938.56+/-0.02 dlogz:13.211>0.01]26200it [12:22:04,  5.89s/it, bound:6059 nc:1331 ncall:2.8e+07 eff:0.1% logz-ratio=1189938.58+/-0.05 dlogz:13.181>0.01]26204it [12:22:32,  6.16s/it, bound:6060 nc:1388 ncall:2.8e+07 eff:0.1% logz-ratio=1189938.61+/-0.05 dlogz:13.152>0.01]26208it [12:22:58,  6.26s/it, bound:6061 nc:1340 ncall:2.8e+07 eff:0.1% logz-ratio=1189938.63+/-0.05 dlogz:13.123>0.01]26212it [12:23:27,  6.59s/it, bound:6062 nc:1475 ncall:2.8e+07 eff:0.1% logz-ratio=1189938.65+/-0.05 dlogz:13.094>0.01]26216it [12:23:53,  6.53s/it, bound:6063 nc:1375 ncall:2.8e+07 eff:0.1% logz-ratio=1189938.67+/-0.05 dlogz:13.065>0.01]26220it [12:24:20,  6.66s/it, bound:6064 nc:1417 ncall:2.8e+07 eff:0.1% logz-ratio=1189938.69+/-0.05 dlogz:13.035>0.01]26224it [12:24:48,  6.74s/it, bound:6065 nc:1462 ncall:2.8e+07 eff:0.1% logz-ratio=1189938.71+/-0.05 dlogz:13.006>0.01]26228it [12:25:19,  7.02s/it, bound:6066 nc:1479 ncall:2.8e+07 eff:0.1% logz-ratio=1189938.73+/-0.05 dlogz:12.977>0.01]26232it [12:25:47,  7.06s/it, bound:6067 nc:1524 ncall:2.8e+07 eff:0.1% logz-ratio=1189938.75+/-0.05 dlogz:12.948>0.01]26236it [12:26:14,  6.93s/it, bound:6068 nc:1318 ncall:2.8e+07 eff:0.1% logz-ratio=1189938.77+/-0.05 dlogz:12.920>0.01]26240it [12:26:42,  6.95s/it, bound:6069 nc:1419 ncall:2.8e+07 eff:0.1% logz-ratio=1189938.79+/-0.05 dlogz:12.891>0.01]26244it [12:27:10,  6.94s/it, bound:6070 nc:1290 ncall:2.8e+07 eff:0.1% logz-ratio=1189938.81+/-0.05 dlogz:12.863>0.01]26245it [12:27:23,  7.60s/it, bound:6070 nc:1165 ncall:2.8e+07 eff:0.1% logz-ratio=1189938.82+/-0.02 dlogz:12.856>0.01]26248it [12:27:52,  8.16s/it, bound:6071 nc:1358 ncall:2.8e+07 eff:0.1% logz-ratio=1189938.83+/-0.05 dlogz:12.835>0.01]26252it [12:28:17,  7.51s/it, bound:6072 nc:1332 ncall:2.8e+07 eff:0.1% logz-ratio=1189938.86+/-0.05 dlogz:12.807>0.01]26256it [12:28:41,  7.00s/it, bound:6073 nc:1169 ncall:2.8e+07 eff:0.1% logz-ratio=1189938.88+/-0.05 dlogz:12.778>0.01]26260it [12:29:05,  6.65s/it, bound:6074 nc:1323 ncall:2.8e+07 eff:0.1% logz-ratio=1189938.90+/-0.05 dlogz:12.749>0.01]26264it [12:29:27,  6.28s/it, bound:6075 nc:1287 ncall:2.8e+07 eff:0.1% logz-ratio=1189938.92+/-0.05 dlogz:12.720>0.01]26268it [12:29:52,  6.28s/it, bound:6076 nc:1281 ncall:2.8e+07 eff:0.1% logz-ratio=1189938.94+/-0.05 dlogz:12.692>0.01]26272it [12:30:14,  6.01s/it, bound:6077 nc:1095 ncall:2.8e+07 eff:0.1% logz-ratio=1189938.96+/-0.05 dlogz:12.663>0.01]26276it [12:30:37,  5.96s/it, bound:6078 nc:1192 ncall:2.8e+07 eff:0.1% logz-ratio=1189938.98+/-0.05 dlogz:12.635>0.01]26280it [12:30:58,  5.74s/it, bound:6079 nc:915 ncall:2.8e+07 eff:0.1% logz-ratio=1189939.00+/-0.05 dlogz:12.607>0.01] 26284it [12:31:20,  5.68s/it, bound:6080 nc:1199 ncall:2.8e+07 eff:0.1% logz-ratio=1189939.02+/-0.04 dlogz:12.578>0.01]26288it [12:31:43,  5.68s/it, bound:6081 nc:1083 ncall:2.8e+07 eff:0.1% logz-ratio=1189939.04+/-0.03 dlogz:12.550>0.01]26292it [12:32:05,  5.63s/it, bound:6082 nc:1243 ncall:2.8e+07 eff:0.1% logz-ratio=1189939.06+/-0.02 dlogz:12.521>0.01]26296it [12:32:24,  5.38s/it, bound:6083 nc:988 ncall:2.8e+07 eff:0.1% logz-ratio=1189939.08+/-0.05 dlogz:12.493>0.01] 26300it [12:32:47,  5.52s/it, bound:6084 nc:1124 ncall:2.8e+07 eff:0.1% logz-ratio=1189939.10+/-0.05 dlogz:12.464>0.01]26304it [12:33:10,  5.59s/it, bound:6085 nc:1238 ncall:2.8e+07 eff:0.1% logz-ratio=1189939.12+/-0.04 dlogz:12.436>0.01]26308it [12:33:35,  5.74s/it, bound:6086 nc:1098 ncall:2.8e+07 eff:0.1% logz-ratio=1189939.14+/-0.03 dlogz:12.408>0.01]26312it [12:33:58,  5.77s/it, bound:6087 nc:1297 ncall:2.8e+07 eff:0.1% logz-ratio=1189939.16+/-0.03 dlogz:12.380>0.01]26316it [12:34:22,  5.80s/it, bound:6088 nc:1206 ncall:2.8e+07 eff:0.1% logz-ratio=1189939.18+/-0.03 dlogz:12.352>0.01]26320it [12:34:46,  5.88s/it, bound:6089 nc:1333 ncall:2.8e+07 eff:0.1% logz-ratio=1189939.20+/-0.03 dlogz:12.323>0.01]26324it [12:35:12,  6.11s/it, bound:6090 nc:1412 ncall:2.8e+07 eff:0.1% logz-ratio=1189939.22+/-0.03 dlogz:12.295>0.01]26328it [12:35:42,  6.46s/it, bound:6091 nc:1198 ncall:2.8e+07 eff:0.1% logz-ratio=1189939.24+/-0.03 dlogz:12.267>0.01]26332it [12:36:08,  6.47s/it, bound:6092 nc:1305 ncall:2.8e+07 eff:0.1% logz-ratio=1189939.26+/-0.03 dlogz:12.238>0.01]26336it [12:36:33,  6.46s/it, bound:6093 nc:1280 ncall:2.8e+07 eff:0.1% logz-ratio=1189939.28+/-0.03 dlogz:12.210>0.01]26340it [12:37:00,  6.55s/it, bound:6094 nc:1408 ncall:2.8e+07 eff:0.1% logz-ratio=1189939.30+/-0.03 dlogz:12.182>0.01]26344it [12:37:25,  6.46s/it, bound:6095 nc:1133 ncall:2.8e+07 eff:0.1% logz-ratio=1189939.32+/-0.03 dlogz:12.154>0.01]26347it [12:37:39,  6.01s/it, bound:6096 nc:1241 ncall:2.8e+07 eff:0.1% logz-ratio=1189939.34+/-0.02 dlogz:12.192>0.01]26348it [12:38:04,  8.00s/it, bound:6096 nc:1299 ncall:2.8e+07 eff:0.1% logz-ratio=1189939.34+/-0.03 dlogz:12.185>0.01]26352it [12:38:30,  7.40s/it, bound:6097 nc:1154 ncall:2.8e+07 eff:0.1% logz-ratio=1189939.36+/-0.03 dlogz:12.157>0.01]26356it [12:38:52,  6.76s/it, bound:6098 nc:1129 ncall:2.8e+07 eff:0.1% logz-ratio=1189939.38+/-0.03 dlogz:12.129>0.01]26360it [12:39:12,  6.15s/it, bound:6099 nc:1234 ncall:2.8e+07 eff:0.1% logz-ratio=1189939.40+/-0.03 dlogz:12.101>0.01]26364it [12:39:32,  5.77s/it, bound:6100 nc:969 ncall:2.8e+07 eff:0.1% logz-ratio=1189939.42+/-0.02 dlogz:12.072>0.01] 26368it [12:39:53,  5.59s/it, bound:6101 nc:1125 ncall:2.8e+07 eff:0.1% logz-ratio=1189939.45+/-0.05 dlogz:12.044>0.01]26372it [12:40:16,  5.67s/it, bound:6102 nc:1141 ncall:2.8e+07 eff:0.1% logz-ratio=1189939.47+/-0.05 dlogz:12.016>0.01]26376it [12:40:39,  5.69s/it, bound:6103 nc:1154 ncall:2.8e+07 eff:0.1% logz-ratio=1189939.49+/-0.05 dlogz:11.988>0.01]26380it [12:41:01,  5.67s/it, bound:6104 nc:1076 ncall:2.8e+07 eff:0.1% logz-ratio=1189939.51+/-0.05 dlogz:11.960>0.01]26384it [12:41:25,  5.71s/it, bound:6105 nc:1146 ncall:2.8e+07 eff:0.1% logz-ratio=1189939.53+/-0.04 dlogz:11.932>0.01]26388it [12:41:48,  5.72s/it, bound:6106 nc:1115 ncall:2.8e+07 eff:0.1% logz-ratio=1189939.55+/-0.03 dlogz:11.903>0.01]26392it [12:42:10,  5.66s/it, bound:6107 nc:1060 ncall:2.8e+07 eff:0.1% logz-ratio=1189939.57+/-0.03 dlogz:11.874>0.01]26396it [12:42:31,  5.54s/it, bound:6108 nc:1043 ncall:2.8e+07 eff:0.1% logz-ratio=1189939.59+/-0.03 dlogz:11.845>0.01]26400it [12:42:52,  5.50s/it, bound:6109 nc:1163 ncall:2.8e+07 eff:0.1% logz-ratio=1189939.61+/-0.05 dlogz:11.816>0.01]26404it [12:43:14,  5.47s/it, bound:6110 nc:935 ncall:2.8e+07 eff:0.1% logz-ratio=1189939.63+/-0.05 dlogz:11.787>0.01] 26408it [12:43:42,  5.95s/it, bound:6111 nc:1195 ncall:2.8e+07 eff:0.1% logz-ratio=1189939.65+/-0.04 dlogz:11.758>0.01]26412it [12:44:10,  6.25s/it, bound:6112 nc:966 ncall:2.8e+07 eff:0.1% logz-ratio=1189939.67+/-0.03 dlogz:11.729>0.01] 26416it [12:44:35,  6.26s/it, bound:6113 nc:1190 ncall:2.8e+07 eff:0.1% logz-ratio=1189939.69+/-0.03 dlogz:11.700>0.01]26420it [12:45:01,  6.36s/it, bound:6114 nc:1151 ncall:2.8e+07 eff:0.1% logz-ratio=1189939.71+/-0.05 dlogz:11.671>0.01]26424it [12:45:30,  6.58s/it, bound:6115 nc:1088 ncall:2.8e+07 eff:0.1% logz-ratio=1189939.74+/-0.05 dlogz:11.642>0.01]26428it [12:45:55,  6.53s/it, bound:6116 nc:1272 ncall:2.8e+07 eff:0.1% logz-ratio=1189939.76+/-0.04 dlogz:11.613>0.01]26432it [12:46:22,  6.53s/it, bound:6117 nc:1054 ncall:2.8e+07 eff:0.1% logz-ratio=1189939.78+/-0.04 dlogz:11.584>0.01]26436it [12:46:48,  6.57s/it, bound:6118 nc:1286 ncall:2.8e+07 eff:0.1% logz-ratio=1189939.80+/-0.03 dlogz:11.555>0.01]26440it [12:47:18,  6.86s/it, bound:6119 nc:1177 ncall:2.8e+07 eff:0.1% logz-ratio=1189939.82+/-0.03 dlogz:11.527>0.01]26444it [12:47:47,  6.97s/it, bound:6120 nc:1318 ncall:2.8e+07 eff:0.1% logz-ratio=1189939.84+/-0.03 dlogz:11.497>0.01]26447it [12:48:02,  6.47s/it, bound:6121 nc:1239 ncall:2.8e+07 eff:0.1% logz-ratio=1189939.86+/-0.03 dlogz:11.475>0.01]26448it [12:48:30,  8.69s/it, bound:6121 nc:993 ncall:2.8e+07 eff:0.1% logz-ratio=1189939.86+/-0.04 dlogz:11.468>0.01] 26452it [12:48:58,  8.06s/it, bound:6122 nc:953 ncall:2.8e+07 eff:0.1% logz-ratio=1189939.88+/-0.03 dlogz:11.439>0.01]26456it [12:49:28,  7.84s/it, bound:6123 nc:1249 ncall:2.8e+07 eff:0.1% logz-ratio=1189939.90+/-0.05 dlogz:11.410>0.01]26460it [12:49:57,  7.66s/it, bound:6124 nc:1160 ncall:2.8e+07 eff:0.1% logz-ratio=1189939.92+/-0.05 dlogz:11.381>0.01]26464it [12:50:26,  7.55s/it, bound:6125 nc:1186 ncall:2.8e+07 eff:0.1% logz-ratio=1189939.95+/-0.05 dlogz:11.352>0.01]26468it [12:50:52,  7.25s/it, bound:6126 nc:1148 ncall:2.8e+07 eff:0.1% logz-ratio=1189939.97+/-0.05 dlogz:11.323>0.01]26472it [12:51:19,  7.08s/it, bound:6127 nc:1191 ncall:2.8e+07 eff:0.1% logz-ratio=1189939.99+/-0.05 dlogz:11.294>0.01]26476it [12:51:46,  6.93s/it, bound:6128 nc:978 ncall:2.8e+07 eff:0.1% logz-ratio=1189940.01+/-0.04 dlogz:12.584>0.01] 26480it [12:52:11,  6.72s/it, bound:6129 nc:1272 ncall:2.8e+07 eff:0.1% logz-ratio=1189940.03+/-0.03 dlogz:12.556>0.01]26484it [12:52:38,  6.73s/it, bound:6130 nc:1134 ncall:2.8e+07 eff:0.1% logz-ratio=1189940.05+/-0.03 dlogz:12.527>0.01]26488it [12:53:01,  6.44s/it, bound:6131 nc:1250 ncall:2.8e+07 eff:0.1% logz-ratio=1189940.07+/-0.02 dlogz:12.499>0.01]26492it [12:53:30,  6.67s/it, bound:6132 nc:1325 ncall:2.8e+07 eff:0.1% logz-ratio=1189940.09+/-0.05 dlogz:12.470>0.01]26496it [12:53:58,  6.83s/it, bound:6133 nc:1287 ncall:2.8e+07 eff:0.1% logz-ratio=1189940.11+/-0.05 dlogz:12.442>0.01]26500it [12:54:28,  6.97s/it, bound:6134 nc:1294 ncall:2.8e+07 eff:0.1% logz-ratio=1189940.13+/-0.04 dlogz:12.415>0.01]26504it [12:54:56,  6.99s/it, bound:6135 nc:1336 ncall:2.8e+07 eff:0.1% logz-ratio=1189940.15+/-0.04 dlogz:12.387>0.01]26508it [12:55:28,  7.30s/it, bound:6136 nc:1276 ncall:2.8e+07 eff:0.1% logz-ratio=1189940.17+/-0.04 dlogz:12.359>0.01]26512it [12:55:58,  7.36s/it, bound:6137 nc:1266 ncall:2.8e+07 eff:0.1% logz-ratio=1189940.19+/-0.04 dlogz:12.331>0.01]26516it [12:56:25,  7.17s/it, bound:6138 nc:1297 ncall:2.8e+07 eff:0.1% logz-ratio=1189940.21+/-0.04 dlogz:12.304>0.01]26520it [12:56:51,  6.98s/it, bound:6139 nc:1335 ncall:2.8e+07 eff:0.1% logz-ratio=1189940.23+/-0.04 dlogz:12.277>0.01]26524it [12:57:21,  7.13s/it, bound:6140 nc:1345 ncall:2.8e+07 eff:0.1% logz-ratio=1189940.25+/-0.04 dlogz:12.250>0.01]26528it [12:57:51,  7.30s/it, bound:6141 nc:1352 ncall:2.8e+07 eff:0.1% logz-ratio=1189940.26+/-0.04 dlogz:12.223>0.01]26532it [12:58:18,  7.13s/it, bound:6142 nc:1290 ncall:2.8e+07 eff:0.1% logz-ratio=1189940.28+/-0.04 dlogz:12.196>0.01]26534it [12:58:33,  7.19s/it, bound:6142 nc:1115 ncall:2.8e+07 eff:0.1% logz-ratio=1189940.29+/-0.02 dlogz:12.182>0.01]26536it [12:59:00,  8.46s/it, bound:6143 nc:1280 ncall:2.8e+07 eff:0.1% logz-ratio=1189940.30+/-0.04 dlogz:12.168>0.01]26540it [12:59:28,  7.93s/it, bound:6144 nc:1206 ncall:2.8e+07 eff:0.1% logz-ratio=1189940.32+/-0.04 dlogz:12.141>0.01]26544it [12:59:55,  7.51s/it, bound:6145 nc:2326 ncall:2.8e+07 eff:0.1% logz-ratio=1189940.34+/-0.04 dlogz:12.114>0.01]26547it [13:00:36,  9.17s/it, bound:6146 nc:1924 ncall:2.8e+07 eff:0.1% logz-ratio=1189940.36+/-0.04 dlogz:12.094>0.01]26550it [13:01:17, 10.35s/it, bound:6147 nc:1806 ncall:2.8e+07 eff:0.1% logz-ratio=1189940.37+/-0.03 dlogz:12.074>0.01]26554it [13:01:58, 10.33s/it, bound:6148 nc:1594 ncall:2.8e+07 eff:0.1% logz-ratio=1189940.39+/-0.02 dlogz:12.047>0.01]26558it [13:02:39, 10.36s/it, bound:6149 nc:1534 ncall:2.8e+07 eff:0.1% logz-ratio=1189940.41+/-0.03 dlogz:12.020>0.01]26562it [13:03:16, 10.01s/it, bound:6150 nc:1582 ncall:2.8e+07 eff:0.1% logz-ratio=1189940.43+/-0.04 dlogz:11.993>0.01]26566it [13:03:57, 10.05s/it, bound:6151 nc:1675 ncall:2.8e+07 eff:0.1% logz-ratio=1189940.44+/-0.02 dlogz:11.967>0.01]26570it [13:04:30,  9.47s/it, bound:6152 nc:1627 ncall:2.8e+07 eff:0.1% logz-ratio=1189940.46+/-0.03 dlogz:11.940>0.01]26574it [13:05:03,  9.08s/it, bound:6153 nc:1536 ncall:2.8e+07 eff:0.1% logz-ratio=1189940.48+/-0.04 dlogz:11.913>0.01]26578it [13:05:35,  8.82s/it, bound:6154 nc:1463 ncall:2.8e+07 eff:0.1% logz-ratio=1189940.50+/-0.04 dlogz:11.887>0.01]26582it [13:06:06,  8.47s/it, bound:6155 nc:1471 ncall:2.8e+07 eff:0.1% logz-ratio=1189940.52+/-0.04 dlogz:11.860>0.01]26586it [13:06:37,  8.27s/it, bound:6156 nc:1303 ncall:2.8e+07 eff:0.1% logz-ratio=1189940.54+/-0.04 dlogz:11.834>0.01]26590it [13:07:12,  8.40s/it, bound:6157 nc:1316 ncall:2.8e+07 eff:0.1% logz-ratio=1189940.56+/-0.04 dlogz:11.807>0.01]26594it [13:07:45,  8.31s/it, bound:6158 nc:1428 ncall:2.8e+07 eff:0.1% logz-ratio=1189940.57+/-0.04 dlogz:11.781>0.01]26598it [13:08:13,  7.93s/it, bound:6159 nc:1255 ncall:2.8e+07 eff:0.1% logz-ratio=1189940.59+/-0.04 dlogz:11.754>0.01]26602it [13:08:42,  7.71s/it, bound:6160 nc:1151 ncall:2.8e+07 eff:0.1% logz-ratio=1189940.61+/-0.04 dlogz:11.727>0.01]26604it [13:08:55,  7.57s/it, bound:6160 nc:1276 ncall:2.8e+07 eff:0.1% logz-ratio=1189940.62+/-0.02 dlogz:11.714>0.01]26606it [13:09:17,  8.26s/it, bound:6161 nc:1278 ncall:2.8e+07 eff:0.1% logz-ratio=1189940.63+/-0.04 dlogz:11.701>0.01]26610it [13:09:41,  7.43s/it, bound:6162 nc:1274 ncall:2.8e+07 eff:0.1% logz-ratio=1189940.65+/-0.04 dlogz:11.674>0.01]26614it [13:10:07,  7.08s/it, bound:6163 nc:1246 ncall:2.8e+07 eff:0.1% logz-ratio=1189940.67+/-0.04 dlogz:11.648>0.01]26618it [13:10:32,  6.77s/it, bound:6164 nc:1195 ncall:2.8e+07 eff:0.1% logz-ratio=1189940.69+/-0.04 dlogz:11.621>0.01]26622it [13:10:54,  6.38s/it, bound:6165 nc:1178 ncall:2.8e+07 eff:0.1% logz-ratio=1189940.71+/-0.04 dlogz:11.594>0.01]26626it [13:11:17,  6.17s/it, bound:6166 nc:1171 ncall:2.8e+07 eff:0.1% logz-ratio=1189940.72+/-0.04 dlogz:11.567>0.01]26630it [13:11:40,  6.08s/it, bound:6167 nc:1202 ncall:2.8e+07 eff:0.1% logz-ratio=1189940.74+/-0.03 dlogz:11.540>0.01]26634it [13:12:06,  6.17s/it, bound:6168 nc:1315 ncall:2.8e+07 eff:0.1% logz-ratio=1189940.76+/-0.03 dlogz:11.514>0.01]26638it [13:12:31,  6.26s/it, bound:6169 nc:1294 ncall:2.8e+07 eff:0.1% logz-ratio=1189940.78+/-0.03 dlogz:11.487>0.01]26642it [13:12:57,  6.27s/it, bound:6170 nc:1340 ncall:2.8e+07 eff:0.1% logz-ratio=1189940.80+/-0.03 dlogz:11.461>0.01]26646it [13:13:22,  6.28s/it, bound:6171 nc:1356 ncall:2.8e+07 eff:0.1% logz-ratio=1189940.82+/-0.03 dlogz:11.435>0.01]26650it [13:13:46,  6.22s/it, bound:6172 nc:1131 ncall:2.8e+07 eff:0.1% logz-ratio=1189940.83+/-0.03 dlogz:11.409>0.01]26654it [13:14:12,  6.29s/it, bound:6173 nc:1149 ncall:2.8e+07 eff:0.1% logz-ratio=1189940.85+/-0.03 dlogz:11.383>0.01]26658it [13:14:36,  6.20s/it, bound:6174 nc:1225 ncall:2.8e+07 eff:0.1% logz-ratio=1189940.87+/-0.03 dlogz:11.357>0.01]26662it [13:15:00,  6.17s/it, bound:6175 nc:1205 ncall:2.8e+07 eff:0.1% logz-ratio=1189940.89+/-0.03 dlogz:11.332>0.01]26666it [13:15:26,  6.25s/it, bound:6176 nc:1128 ncall:2.8e+07 eff:0.1% logz-ratio=1189940.91+/-0.02 dlogz:11.306>0.01]26670it [13:15:49,  6.12s/it, bound:6177 nc:935 ncall:2.8e+07 eff:0.1% logz-ratio=1189940.92+/-0.02 dlogz:11.281>0.01] 26674it [13:16:13,  6.09s/it, bound:6178 nc:1273 ncall:2.8e+07 eff:0.1% logz-ratio=1189940.94+/-0.02 dlogz:11.255>0.01]26678it [13:16:37,  6.01s/it, bound:6179 nc:1230 ncall:2.8e+07 eff:0.1% logz-ratio=1189940.96+/-0.02 dlogz:11.229>0.01]26682it [13:17:01,  6.01s/it, bound:6180 nc:1025 ncall:2.8e+07 eff:0.1% logz-ratio=1189940.98+/-0.02 dlogz:11.204>0.01]26686it [13:17:24,  5.95s/it, bound:6181 nc:1230 ncall:2.8e+07 eff:0.1% logz-ratio=1189940.99+/-0.05 dlogz:11.178>0.01]26690it [13:17:45,  5.72s/it, bound:6182 nc:991 ncall:2.8e+07 eff:0.1% logz-ratio=1189941.01+/-0.04 dlogz:11.153>0.01] 26694it [13:18:07,  5.66s/it, bound:6183 nc:1116 ncall:2.8e+07 eff:0.1% logz-ratio=1189941.03+/-0.04 dlogz:11.128>0.01]26698it [13:18:29,  5.63s/it, bound:6184 nc:1041 ncall:2.8e+07 eff:0.1% logz-ratio=1189941.05+/-0.03 dlogz:11.102>0.01]26702it [13:18:49,  5.45s/it, bound:6185 nc:996 ncall:2.8e+07 eff:0.1% logz-ratio=1189941.06+/-0.03 dlogz:11.076>0.01] 26706it [13:19:08,  5.27s/it, bound:6186 nc:1116 ncall:2.8e+07 eff:0.1% logz-ratio=1189941.08+/-0.05 dlogz:11.051>0.01]26707it [13:19:23,  6.13s/it, bound:6186 nc:1035 ncall:2.8e+07 eff:0.1% logz-ratio=1189941.09+/-0.03 dlogz:11.044>0.01]26710it [13:19:43,  6.37s/it, bound:6187 nc:1061 ncall:2.8e+07 eff:0.1% logz-ratio=1189941.10+/-0.04 dlogz:11.025>0.01]26714it [13:20:06,  6.12s/it, bound:6188 nc:1158 ncall:2.8e+07 eff:0.1% logz-ratio=1189941.12+/-0.04 dlogz:11.000>0.01]26718it [13:20:29,  6.00s/it, bound:6189 nc:1034 ncall:2.8e+07 eff:0.1% logz-ratio=1189941.13+/-0.03 dlogz:10.974>0.01]26722it [13:20:50,  5.77s/it, bound:6190 nc:983 ncall:2.8e+07 eff:0.1% logz-ratio=1189941.15+/-0.03 dlogz:10.948>0.01] 26726it [13:21:21,  6.33s/it, bound:6191 nc:1310 ncall:2.8e+07 eff:0.1% logz-ratio=1189941.17+/-0.05 dlogz:10.923>0.01]26730it [13:21:53,  6.86s/it, bound:6192 nc:1611 ncall:2.8e+07 eff:0.1% logz-ratio=1189941.19+/-0.04 dlogz:10.898>0.01]26734it [13:22:18,  6.74s/it, bound:6193 nc:1501 ncall:2.8e+07 eff:0.1% logz-ratio=1189941.20+/-0.04 dlogz:10.872>0.01]26738it [13:22:46,  6.78s/it, bound:6194 nc:1482 ncall:2.8e+07 eff:0.1% logz-ratio=1189941.22+/-0.04 dlogz:10.847>0.01]26742it [13:23:13,  6.75s/it, bound:6195 nc:1183 ncall:2.8e+07 eff:0.1% logz-ratio=1189941.24+/-0.04 dlogz:10.822>0.01]26746it [13:23:41,  6.87s/it, bound:6196 nc:1449 ncall:2.8e+07 eff:0.1% logz-ratio=1189941.25+/-0.04 dlogz:10.797>0.01]26750it [13:24:08,  6.78s/it, bound:6197 nc:1177 ncall:2.9e+07 eff:0.1% logz-ratio=1189941.27+/-0.04 dlogz:10.772>0.01]26754it [13:24:32,  6.61s/it, bound:6198 nc:1233 ncall:2.9e+07 eff:0.1% logz-ratio=1189941.29+/-0.04 dlogz:10.747>0.01]26758it [13:25:00,  6.67s/it, bound:6199 nc:1399 ncall:2.9e+07 eff:0.1% logz-ratio=1189941.31+/-0.04 dlogz:10.722>0.01]26762it [13:25:25,  6.59s/it, bound:6200 nc:1035 ncall:2.9e+07 eff:0.1% logz-ratio=1189941.32+/-0.05 dlogz:10.697>0.01]26766it [13:25:51,  6.52s/it, bound:6201 nc:1289 ncall:2.9e+07 eff:0.1% logz-ratio=1189941.34+/-0.05 dlogz:10.672>0.01]26770it [13:26:16,  6.50s/it, bound:6202 nc:1256 ncall:2.9e+07 eff:0.1% logz-ratio=1189941.36+/-0.05 dlogz:10.647>0.01]26774it [13:26:43,  6.51s/it, bound:6203 nc:1335 ncall:2.9e+07 eff:0.1% logz-ratio=1189941.37+/-0.05 dlogz:10.622>0.01]26778it [13:27:08,  6.44s/it, bound:6204 nc:1257 ncall:2.9e+07 eff:0.1% logz-ratio=1189941.39+/-0.04 dlogz:10.597>0.01]26782it [13:27:33,  6.43s/it, bound:6205 nc:1201 ncall:2.9e+07 eff:0.1% logz-ratio=1189941.41+/-0.04 dlogz:10.572>0.01]26786it [13:27:57,  6.26s/it, bound:6206 nc:1222 ncall:2.9e+07 eff:0.1% logz-ratio=1189941.42+/-0.04 dlogz:10.547>0.01]26790it [13:28:20,  6.09s/it, bound:6207 nc:1078 ncall:2.9e+07 eff:0.1% logz-ratio=1189941.44+/-0.04 dlogz:10.523>0.01]26794it [13:28:44,  6.08s/it, bound:6208 nc:1345 ncall:2.9e+07 eff:0.1% logz-ratio=1189941.46+/-0.04 dlogz:10.498>0.01]26798it [13:29:08,  6.03s/it, bound:6209 nc:1226 ncall:2.9e+07 eff:0.1% logz-ratio=1189941.47+/-0.04 dlogz:10.747>0.01]26802it [13:29:30,  5.92s/it, bound:6210 nc:1318 ncall:2.9e+07 eff:0.1% logz-ratio=1189941.49+/-0.04 dlogz:10.723>0.01]26804it [13:29:44,  6.12s/it, bound:6210 nc:1028 ncall:2.9e+07 eff:0.1% logz-ratio=1189941.50+/-0.03 dlogz:10.711>0.01]26806it [13:30:06,  7.08s/it, bound:6211 nc:1025 ncall:2.9e+07 eff:0.1% logz-ratio=1189941.51+/-0.04 dlogz:10.698>0.01]26810it [13:30:34,  7.02s/it, bound:6212 nc:1280 ncall:2.9e+07 eff:0.1% logz-ratio=1189941.52+/-0.03 dlogz:10.674>0.01]26814it [13:30:59,  6.79s/it, bound:6213 nc:1199 ncall:2.9e+07 eff:0.1% logz-ratio=1189941.54+/-0.03 dlogz:10.650>0.01]26818it [13:31:26,  6.74s/it, bound:6214 nc:1363 ncall:2.9e+07 eff:0.1% logz-ratio=1189941.56+/-0.03 dlogz:10.625>0.01]26822it [13:31:52,  6.67s/it, bound:6215 nc:1315 ncall:2.9e+07 eff:0.1% logz-ratio=1189941.57+/-0.03 dlogz:10.601>0.01]26826it [13:32:17,  6.54s/it, bound:6216 nc:1230 ncall:2.9e+07 eff:0.1% logz-ratio=1189941.59+/-0.03 dlogz:10.576>0.01]26830it [13:32:42,  6.49s/it, bound:6217 nc:1252 ncall:2.9e+07 eff:0.1% logz-ratio=1189941.61+/-0.03 dlogz:10.552>0.01]26834it [13:33:08,  6.45s/it, bound:6218 nc:1264 ncall:2.9e+07 eff:0.1% logz-ratio=1189941.62+/-0.03 dlogz:10.527>0.01]26838it [13:33:28,  6.04s/it, bound:6219 nc:1123 ncall:2.9e+07 eff:0.1% logz-ratio=1189941.64+/-0.03 dlogz:10.503>0.01]26842it [13:33:50,  5.90s/it, bound:6220 nc:1205 ncall:2.9e+07 eff:0.1% logz-ratio=1189941.66+/-0.03 dlogz:10.478>0.01]26846it [13:34:13,  5.84s/it, bound:6221 nc:1132 ncall:2.9e+07 eff:0.1% logz-ratio=1189941.67+/-0.05 dlogz:10.453>0.01]26850it [13:34:36,  5.82s/it, bound:6222 nc:1184 ncall:2.9e+07 eff:0.1% logz-ratio=1189941.69+/-0.05 dlogz:10.429>0.01]26854it [13:35:00,  5.84s/it, bound:6223 nc:1272 ncall:2.9e+07 eff:0.1% logz-ratio=1189941.71+/-0.05 dlogz:10.404>0.01]26858it [13:35:21,  5.67s/it, bound:6224 nc:1160 ncall:2.9e+07 eff:0.1% logz-ratio=1189941.72+/-0.04 dlogz:10.379>0.01]26862it [13:35:44,  5.66s/it, bound:6225 nc:1053 ncall:2.9e+07 eff:0.1% logz-ratio=1189941.74+/-0.03 dlogz:10.354>0.01]26866it [13:36:06,  5.64s/it, bound:6226 nc:1169 ncall:2.9e+07 eff:0.1% logz-ratio=1189941.76+/-0.03 dlogz:10.330>0.01]26870it [13:36:28,  5.57s/it, bound:6227 nc:1145 ncall:2.9e+07 eff:0.1% logz-ratio=1189941.77+/-0.03 dlogz:10.305>0.01]26874it [13:36:49,  5.55s/it, bound:6228 nc:1049 ncall:2.9e+07 eff:0.1% logz-ratio=1189941.79+/-0.05 dlogz:10.281>0.01]26878it [13:37:13,  5.62s/it, bound:6229 nc:1126 ncall:2.9e+07 eff:0.1% logz-ratio=1189941.80+/-0.05 dlogz:10.256>0.01]26882it [13:37:33,  5.44s/it, bound:6230 nc:1006 ncall:2.9e+07 eff:0.1% logz-ratio=1189941.82+/-0.04 dlogz:10.232>0.01]26886it [13:37:54,  5.38s/it, bound:6231 nc:977 ncall:2.9e+07 eff:0.1% logz-ratio=1189941.84+/-0.03 dlogz:10.208>0.01] 26890it [13:38:15,  5.37s/it, bound:6232 nc:1074 ncall:2.9e+07 eff:0.1% logz-ratio=1189941.85+/-0.03 dlogz:10.184>0.01]26894it [13:38:37,  5.37s/it, bound:6233 nc:1060 ncall:2.9e+07 eff:0.1% logz-ratio=1189941.87+/-0.05 dlogz:10.161>0.01]26898it [13:38:56,  5.19s/it, bound:6234 nc:1016 ncall:2.9e+07 eff:0.1% logz-ratio=1189941.88+/-0.05 dlogz:10.137>0.01]26902it [13:39:14,  5.02s/it, bound:6235 nc:956 ncall:2.9e+07 eff:0.1% logz-ratio=1189941.90+/-0.04 dlogz:10.113>0.01] 26906it [13:39:34,  5.04s/it, bound:6236 nc:1061 ncall:2.9e+07 eff:0.1% logz-ratio=1189941.92+/-0.03 dlogz:10.089>0.01]26910it [13:39:55,  5.09s/it, bound:6237 nc:1214 ncall:2.9e+07 eff:0.1% logz-ratio=1189941.93+/-0.03 dlogz:11.306>0.01]26914it [13:40:18,  5.25s/it, bound:6238 nc:1096 ncall:2.9e+07 eff:0.1% logz-ratio=1189941.95+/-0.05 dlogz:11.282>0.01]26915it [13:40:32,  6.12s/it, bound:6238 nc:1142 ncall:2.9e+07 eff:0.1% logz-ratio=1189941.95+/-0.03 dlogz:11.276>0.01]26918it [13:40:52,  6.30s/it, bound:6239 nc:1123 ncall:2.9e+07 eff:0.1% logz-ratio=1189941.96+/-0.04 dlogz:11.258>0.01]26922it [13:41:16,  6.19s/it, bound:6240 nc:1169 ncall:2.9e+07 eff:0.1% logz-ratio=1189941.98+/-0.04 dlogz:11.234>0.01]26926it [13:41:40,  6.14s/it, bound:6241 nc:1230 ncall:2.9e+07 eff:0.1% logz-ratio=1189942.00+/-0.04 dlogz:11.210>0.01]26930it [13:42:02,  5.91s/it, bound:6242 nc:1090 ncall:2.9e+07 eff:0.1% logz-ratio=1189942.01+/-0.04 dlogz:11.186>0.01]26934it [13:42:27,  6.04s/it, bound:6243 nc:1268 ncall:2.9e+07 eff:0.1% logz-ratio=1189942.03+/-0.04 dlogz:11.162>0.01]26938it [13:42:51,  5.96s/it, bound:6244 nc:1243 ncall:2.9e+07 eff:0.1% logz-ratio=1189942.04+/-0.03 dlogz:11.138>0.01]26942it [13:43:11,  5.69s/it, bound:6245 nc:967 ncall:2.9e+07 eff:0.1% logz-ratio=1189942.06+/-0.03 dlogz:11.114>0.01] 26946it [13:43:34,  5.74s/it, bound:6246 nc:1167 ncall:2.9e+07 eff:0.1% logz-ratio=1189942.08+/-0.03 dlogz:11.090>0.01]26950it [13:43:55,  5.58s/it, bound:6247 nc:1085 ncall:2.9e+07 eff:0.1% logz-ratio=1189942.09+/-0.05 dlogz:11.066>0.01]26954it [13:44:18,  5.61s/it, bound:6248 nc:1201 ncall:2.9e+07 eff:0.1% logz-ratio=1189942.11+/-0.04 dlogz:11.043>0.01]26958it [13:44:40,  5.58s/it, bound:6249 nc:1044 ncall:2.9e+07 eff:0.1% logz-ratio=1189942.12+/-0.04 dlogz:11.019>0.01]26962it [13:45:01,  5.47s/it, bound:6250 nc:1007 ncall:2.9e+07 eff:0.1% logz-ratio=1189942.14+/-0.03 dlogz:10.995>0.01]26966it [13:45:24,  5.59s/it, bound:6251 nc:1251 ncall:2.9e+07 eff:0.1% logz-ratio=1189942.15+/-0.03 dlogz:10.971>0.01]26970it [13:45:47,  5.64s/it, bound:6252 nc:1204 ncall:2.9e+07 eff:0.1% logz-ratio=1189942.17+/-0.03 dlogz:10.948>0.01]26974it [13:46:07,  5.44s/it, bound:6253 nc:1095 ncall:2.9e+07 eff:0.1% logz-ratio=1189942.19+/-0.03 dlogz:10.924>0.01]26978it [13:46:32,  5.67s/it, bound:6254 nc:1396 ncall:2.9e+07 eff:0.1% logz-ratio=1189942.20+/-0.05 dlogz:10.901>0.01]26981it [13:46:59,  6.44s/it, bound:6255 nc:2771 ncall:2.9e+07 eff:0.1% logz-ratio=1189942.21+/-0.04 dlogz:10.884>0.01]26985it [13:47:22,  6.28s/it, bound:6256 nc:1172 ncall:2.9e+07 eff:0.1% logz-ratio=1189942.23+/-0.04 dlogz:10.860>0.01]26989it [13:47:46,  6.21s/it, bound:6257 nc:1227 ncall:2.9e+07 eff:0.1% logz-ratio=1189942.24+/-0.04 dlogz:10.837>0.01]26993it [13:48:10,  6.07s/it, bound:6258 nc:1242 ncall:2.9e+07 eff:0.1% logz-ratio=1189942.26+/-0.04 dlogz:10.814>0.01]26997it [13:48:34,  6.09s/it, bound:6259 nc:1214 ncall:2.9e+07 eff:0.1% logz-ratio=1189942.27+/-0.04 dlogz:10.791>0.01]27001it [13:48:58,  6.03s/it, bound:6260 nc:1038 ncall:2.9e+07 eff:0.1% logz-ratio=1189942.29+/-0.04 dlogz:10.769>0.01]27005it [13:49:22,  6.08s/it, bound:6261 nc:1190 ncall:2.9e+07 eff:0.1% logz-ratio=1189942.30+/-0.04 dlogz:10.746>0.01]27009it [13:49:45,  5.99s/it, bound:6262 nc:1143 ncall:2.9e+07 eff:0.1% logz-ratio=1189942.32+/-0.03 dlogz:10.724>0.01]27013it [13:50:06,  5.72s/it, bound:6263 nc:883 ncall:2.9e+07 eff:0.1% logz-ratio=1189942.33+/-0.03 dlogz:10.701>0.01] 27017it [13:50:30,  5.83s/it, bound:6264 nc:1116 ncall:2.9e+07 eff:0.1% logz-ratio=1189942.34+/-0.05 dlogz:10.679>0.01]27018it [13:50:45,  6.67s/it, bound:6264 nc:1249 ncall:2.9e+07 eff:0.1% logz-ratio=1189942.35+/-0.03 dlogz:10.674>0.01]27021it [13:51:09,  7.12s/it, bound:6265 nc:1282 ncall:2.9e+07 eff:0.1% logz-ratio=1189942.36+/-0.04 dlogz:10.657>0.01]27025it [13:51:31,  6.48s/it, bound:6266 nc:1139 ncall:2.9e+07 eff:0.1% logz-ratio=1189942.37+/-0.04 dlogz:10.635>0.01]27029it [13:51:55,  6.33s/it, bound:6267 nc:1212 ncall:2.9e+07 eff:0.1% logz-ratio=1189942.39+/-0.04 dlogz:10.613>0.01]27033it [13:52:19,  6.23s/it, bound:6268 nc:1210 ncall:2.9e+07 eff:0.1% logz-ratio=1189942.40+/-0.04 dlogz:10.591>0.01]27037it [13:52:37,  5.70s/it, bound:6269 nc:1101 ncall:2.9e+07 eff:0.1% logz-ratio=1189942.41+/-0.04 dlogz:10.569>0.01]27041it [13:53:00,  5.74s/it, bound:6270 nc:1201 ncall:2.9e+07 eff:0.1% logz-ratio=1189942.43+/-0.03 dlogz:10.547>0.01]27045it [13:53:24,  5.78s/it, bound:6271 nc:998 ncall:2.9e+07 eff:0.1% logz-ratio=1189942.44+/-0.03 dlogz:10.525>0.01] 27049it [13:53:46,  5.68s/it, bound:6272 nc:1266 ncall:2.9e+07 eff:0.1% logz-ratio=1189942.46+/-0.05 dlogz:10.503>0.01]27050it [13:53:46,  5.15s/it, bound:6272 nc:1191 ncall:2.9e+07 eff:0.1% logz-ratio=1189942.46+/-0.03 dlogz:10.498>0.01]27053it [13:54:11,  6.09s/it, bound:6273 nc:1159 ncall:2.9e+07 eff:0.1% logz-ratio=1189942.47+/-0.04 dlogz:10.481>0.01]27057it [13:54:33,  5.92s/it, bound:6274 nc:1087 ncall:2.9e+07 eff:0.1% logz-ratio=1189942.48+/-0.04 dlogz:10.459>0.01]27061it [13:54:54,  5.61s/it, bound:6275 nc:1106 ncall:2.9e+07 eff:0.1% logz-ratio=1189942.50+/-0.04 dlogz:10.437>0.01]27065it [13:55:17,  5.68s/it, bound:6276 nc:1230 ncall:2.9e+07 eff:0.1% logz-ratio=1189942.51+/-0.04 dlogz:10.415>0.01]27069it [13:55:39,  5.64s/it, bound:6277 nc:1103 ncall:2.9e+07 eff:0.1% logz-ratio=1189942.53+/-0.04 dlogz:10.393>0.01]27073it [13:55:57,  5.31s/it, bound:6278 nc:1188 ncall:2.9e+07 eff:0.1% logz-ratio=1189942.54+/-0.03 dlogz:10.371>0.01]27077it [13:56:24,  5.75s/it, bound:6279 nc:1313 ncall:2.9e+07 eff:0.1% logz-ratio=1189942.56+/-0.05 dlogz:10.349>0.01]27081it [13:56:48,  5.80s/it, bound:6280 nc:1341 ncall:2.9e+07 eff:0.1% logz-ratio=1189942.57+/-0.05 dlogz:10.326>0.01]27085it [13:57:11,  5.75s/it, bound:6281 nc:943 ncall:2.9e+07 eff:0.1% logz-ratio=1189942.58+/-0.05 dlogz:10.304>0.01] 27089it [13:57:32,  5.67s/it, bound:6282 nc:1166 ncall:2.9e+07 eff:0.1% logz-ratio=1189942.60+/-0.05 dlogz:10.281>0.01]27093it [13:57:58,  5.90s/it, bound:6283 nc:1295 ncall:2.9e+07 eff:0.1% logz-ratio=1189942.61+/-0.05 dlogz:10.259>0.01]27097it [13:58:21,  5.83s/it, bound:6284 nc:1219 ncall:2.9e+07 eff:0.1% logz-ratio=1189942.63+/-0.05 dlogz:10.236>0.01]27101it [13:58:45,  5.88s/it, bound:6285 nc:1396 ncall:2.9e+07 eff:0.1% logz-ratio=1189942.64+/-0.05 dlogz:10.214>0.01]27105it [13:59:10,  6.03s/it, bound:6286 nc:1422 ncall:2.9e+07 eff:0.1% logz-ratio=1189942.66+/-0.05 dlogz:10.192>0.01]27109it [13:59:33,  5.90s/it, bound:6287 nc:1347 ncall:2.9e+07 eff:0.1% logz-ratio=1189942.67+/-0.05 dlogz:10.170>0.01]27113it [13:59:56,  5.87s/it, bound:6288 nc:1134 ncall:2.9e+07 eff:0.1% logz-ratio=1189942.68+/-0.05 dlogz:10.147>0.01]27117it [14:00:23,  6.14s/it, bound:6289 nc:1328 ncall:2.9e+07 eff:0.1% logz-ratio=1189942.70+/-0.05 dlogz:10.125>0.01]27121it [14:00:47,  6.13s/it, bound:6290 nc:1208 ncall:2.9e+07 eff:0.1% logz-ratio=1189942.71+/-0.05 dlogz:10.103>0.01]27122it [14:01:02,  6.93s/it, bound:6290 nc:1210 ncall:2.9e+07 eff:0.1% logz-ratio=1189942.72+/-0.03 dlogz:10.097>0.01]27124it [14:01:28,  8.22s/it, bound:6291 nc:2648 ncall:2.9e+07 eff:0.1% logz-ratio=1189942.72+/-0.04 dlogz:10.086>0.01]27128it [14:01:53,  7.52s/it, bound:6292 nc:1259 ncall:2.9e+07 eff:0.1% logz-ratio=1189942.74+/-0.05 dlogz:10.064>0.01]27132it [14:02:16,  6.92s/it, bound:6293 nc:1130 ncall:2.9e+07 eff:0.1% logz-ratio=1189942.75+/-0.05 dlogz:10.042>0.01]27136it [14:02:41,  6.62s/it, bound:6294 nc:1225 ncall:2.9e+07 eff:0.1% logz-ratio=1189942.77+/-0.05 dlogz:10.020>0.01]27140it [14:03:04,  6.37s/it, bound:6295 nc:1262 ncall:2.9e+07 eff:0.1% logz-ratio=1189942.78+/-0.05 dlogz:9.998>0.01] 27144it [14:03:25,  6.03s/it, bound:6296 nc:1234 ncall:2.9e+07 eff:0.1% logz-ratio=1189942.79+/-0.05 dlogz:9.977>0.01]27148it [14:03:46,  5.77s/it, bound:6297 nc:1252 ncall:2.9e+07 eff:0.1% logz-ratio=1189942.81+/-0.05 dlogz:9.955>0.01]27152it [14:04:06,  5.57s/it, bound:6298 nc:1170 ncall:2.9e+07 eff:0.1% logz-ratio=1189942.82+/-0.05 dlogz:9.933>0.01]27156it [14:04:30,  5.69s/it, bound:6299 nc:1224 ncall:2.9e+07 eff:0.1% logz-ratio=1189942.83+/-0.04 dlogz:9.912>0.01]27160it [14:04:51,  5.55s/it, bound:6300 nc:1067 ncall:2.9e+07 eff:0.1% logz-ratio=1189942.85+/-0.04 dlogz:9.890>0.01]27164it [14:05:13,  5.50s/it, bound:6301 nc:1129 ncall:2.9e+07 eff:0.1% logz-ratio=1189942.86+/-0.04 dlogz:9.869>0.01]27168it [14:05:32,  5.28s/it, bound:6302 nc:1098 ncall:2.9e+07 eff:0.1% logz-ratio=1189942.87+/-0.03 dlogz:9.847>0.01]27172it [14:05:52,  5.24s/it, bound:6303 nc:1074 ncall:2.9e+07 eff:0.1% logz-ratio=1189942.89+/-0.05 dlogz:9.826>0.01]27176it [14:06:13,  5.23s/it, bound:6304 nc:1105 ncall:2.9e+07 eff:0.1% logz-ratio=1189942.90+/-0.05 dlogz:9.804>0.01]27180it [14:06:32,  5.09s/it, bound:6305 nc:960 ncall:2.9e+07 eff:0.1% logz-ratio=1189942.91+/-0.04 dlogz:9.783>0.01] 27184it [14:06:52,  5.03s/it, bound:6306 nc:1079 ncall:2.9e+07 eff:0.1% logz-ratio=1189942.93+/-0.04 dlogz:9.762>0.01]27188it [14:07:17,  5.38s/it, bound:6307 nc:972 ncall:2.9e+07 eff:0.1% logz-ratio=1189942.94+/-0.03 dlogz:9.740>0.01] 27192it [14:07:40,  5.53s/it, bound:6308 nc:1291 ncall:2.9e+07 eff:0.1% logz-ratio=1189942.95+/-0.03 dlogz:9.719>0.01]27196it [14:08:06,  5.82s/it, bound:6309 nc:1334 ncall:2.9e+07 eff:0.1% logz-ratio=1189942.97+/-0.04 dlogz:9.697>0.01]27200it [14:08:29,  5.82s/it, bound:6310 nc:1123 ncall:2.9e+07 eff:0.1% logz-ratio=1189942.98+/-0.04 dlogz:9.676>0.01]27204it [14:08:55,  6.00s/it, bound:6311 nc:1194 ncall:2.9e+07 eff:0.1% logz-ratio=1189943.00+/-0.05 dlogz:9.654>0.01]27208it [14:09:20,  6.08s/it, bound:6312 nc:1289 ncall:2.9e+07 eff:0.1% logz-ratio=1189943.01+/-0.05 dlogz:9.633>0.01]27212it [14:09:44,  6.06s/it, bound:6313 nc:1044 ncall:2.9e+07 eff:0.1% logz-ratio=1189943.02+/-0.05 dlogz:9.611>0.01]27216it [14:10:07,  5.93s/it, bound:6314 nc:1205 ncall:2.9e+07 eff:0.1% logz-ratio=1189943.04+/-0.05 dlogz:9.590>0.01]27220it [14:10:28,  5.72s/it, bound:6315 nc:1188 ncall:2.9e+07 eff:0.1% logz-ratio=1189943.05+/-0.05 dlogz:9.568>0.01]27224it [14:10:51,  5.78s/it, bound:6316 nc:1214 ncall:2.9e+07 eff:0.1% logz-ratio=1189943.06+/-0.05 dlogz:9.547>0.01]27228it [14:11:17,  5.95s/it, bound:6317 nc:1248 ncall:2.9e+07 eff:0.1% logz-ratio=1189943.08+/-0.05 dlogz:9.525>0.01]27230it [14:11:31,  6.16s/it, bound:6317 nc:1152 ncall:2.9e+07 eff:0.1% logz-ratio=1189943.08+/-0.04 dlogz:9.515>0.01]27232it [14:11:56,  7.42s/it, bound:6318 nc:1205 ncall:2.9e+07 eff:0.1% logz-ratio=1189943.09+/-0.05 dlogz:9.504>0.01]27236it [14:12:19,  6.79s/it, bound:6319 nc:1246 ncall:2.9e+07 eff:0.1% logz-ratio=1189943.10+/-0.05 dlogz:9.483>0.01]27240it [14:12:41,  6.39s/it, bound:6320 nc:1138 ncall:2.9e+07 eff:0.1% logz-ratio=1189943.12+/-0.05 dlogz:9.461>0.01]27244it [14:13:04,  6.18s/it, bound:6321 nc:1229 ncall:2.9e+07 eff:0.1% logz-ratio=1189943.13+/-0.04 dlogz:9.440>0.01]27248it [14:13:28,  6.13s/it, bound:6322 nc:1128 ncall:2.9e+07 eff:0.1% logz-ratio=1189943.14+/-0.04 dlogz:9.419>0.01]27252it [14:13:51,  6.04s/it, bound:6323 nc:1266 ncall:2.9e+07 eff:0.1% logz-ratio=1189943.16+/-0.05 dlogz:9.398>0.01]27256it [14:14:16,  6.04s/it, bound:6324 nc:1241 ncall:2.9e+07 eff:0.1% logz-ratio=1189943.17+/-0.05 dlogz:9.377>0.01]27260it [14:14:39,  5.96s/it, bound:6325 nc:1139 ncall:2.9e+07 eff:0.1% logz-ratio=1189943.18+/-0.05 dlogz:9.356>0.01]27264it [14:15:03,  5.99s/it, bound:6326 nc:1189 ncall:2.9e+07 eff:0.1% logz-ratio=1189943.19+/-0.05 dlogz:9.335>0.01]27268it [14:15:23,  5.71s/it, bound:6327 nc:1049 ncall:2.9e+07 eff:0.1% logz-ratio=1189943.21+/-0.05 dlogz:9.314>0.01]27272it [14:15:47,  5.74s/it, bound:6328 nc:1097 ncall:2.9e+07 eff:0.1% logz-ratio=1189943.22+/-0.05 dlogz:9.294>0.01]27276it [14:16:09,  5.73s/it, bound:6329 nc:1162 ncall:2.9e+07 eff:0.1% logz-ratio=1189943.23+/-0.04 dlogz:9.273>0.01]27279it [14:16:44,  7.18s/it, bound:6330 nc:1888 ncall:2.9e+07 eff:0.1% logz-ratio=1189943.24+/-0.04 dlogz:9.258>0.01]27283it [14:17:19,  7.63s/it, bound:6331 nc:1641 ncall:2.9e+07 eff:0.1% logz-ratio=1189943.26+/-0.04 dlogz:9.237>0.01]27287it [14:17:52,  7.85s/it, bound:6332 nc:1706 ncall:2.9e+07 eff:0.1% logz-ratio=1189943.27+/-0.05 dlogz:9.215>0.01]27291it [14:18:20,  7.61s/it, bound:6333 nc:1304 ncall:2.9e+07 eff:0.1% logz-ratio=1189943.28+/-0.04 dlogz:9.194>0.01]27295it [14:18:52,  7.73s/it, bound:6334 nc:1743 ncall:2.9e+07 eff:0.1% logz-ratio=1189943.29+/-0.04 dlogz:9.173>0.01]27299it [14:19:26,  7.97s/it, bound:6335 nc:1697 ncall:2.9e+07 eff:0.1% logz-ratio=1189943.31+/-0.04 dlogz:9.152>0.01]27303it [14:19:59,  8.00s/it, bound:6336 nc:1546 ncall:2.9e+07 eff:0.1% logz-ratio=1189943.32+/-0.05 dlogz:9.131>0.01]27307it [14:20:30,  7.94s/it, bound:6337 nc:1361 ncall:2.9e+07 eff:0.1% logz-ratio=1189943.33+/-0.04 dlogz:9.110>0.01]27311it [14:21:03,  8.05s/it, bound:6338 nc:1437 ncall:2.9e+07 eff:0.1% logz-ratio=1189943.35+/-0.04 dlogz:9.089>0.01]27315it [14:21:34,  7.97s/it, bound:6339 nc:1260 ncall:2.9e+07 eff:0.1% logz-ratio=1189943.36+/-0.04 dlogz:9.069>0.01]27319it [14:22:20,  9.00s/it, bound:6340 nc:1458 ncall:2.9e+07 eff:0.1% logz-ratio=1189943.37+/-0.04 dlogz:9.048>0.01]27323it [14:22:50,  8.53s/it, bound:6341 nc:1318 ncall:2.9e+07 eff:0.1% logz-ratio=1189943.38+/-0.04 dlogz:9.027>0.01]27327it [14:23:18,  8.12s/it, bound:6342 nc:1246 ncall:2.9e+07 eff:0.1% logz-ratio=1189943.40+/-0.04 dlogz:9.007>0.01]27331it [14:23:46,  7.76s/it, bound:6343 nc:1363 ncall:2.9e+07 eff:0.1% logz-ratio=1189943.41+/-0.04 dlogz:8.986>0.01]27335it [14:24:13,  7.44s/it, bound:6344 nc:1103 ncall:2.9e+07 eff:0.1% logz-ratio=1189943.42+/-0.04 dlogz:8.966>0.01]27339it [14:24:42,  7.36s/it, bound:6345 nc:1251 ncall:2.9e+07 eff:0.1% logz-ratio=1189943.43+/-0.04 dlogz:8.945>0.01]27343it [14:25:11,  7.33s/it, bound:6346 nc:1358 ncall:2.9e+07 eff:0.1% logz-ratio=1189943.45+/-0.04 dlogz:8.925>0.01]27347it [14:25:39,  7.27s/it, bound:6347 nc:1133 ncall:2.9e+07 eff:0.1% logz-ratio=1189943.46+/-0.04 dlogz:8.904>0.01]27351it [14:26:06,  7.13s/it, bound:6348 nc:1322 ncall:2.9e+07 eff:0.1% logz-ratio=1189943.47+/-0.04 dlogz:8.884>0.01]27355it [14:26:32,  6.92s/it, bound:6349 nc:1261 ncall:2.9e+07 eff:0.1% logz-ratio=1189943.48+/-0.04 dlogz:8.864>0.01]27359it [14:26:58,  6.77s/it, bound:6350 nc:1301 ncall:2.9e+07 eff:0.1% logz-ratio=1189943.50+/-0.04 dlogz:8.844>0.01]27363it [14:27:22,  6.53s/it, bound:6351 nc:1318 ncall:2.9e+07 eff:0.1% logz-ratio=1189943.51+/-0.04 dlogz:8.823>0.01]27367it [14:27:46,  6.44s/it, bound:6352 nc:1312 ncall:2.9e+07 eff:0.1% logz-ratio=1189943.52+/-0.05 dlogz:8.803>0.01]27371it [14:28:10,  6.24s/it, bound:6353 nc:1292 ncall:2.9e+07 eff:0.1% logz-ratio=1189943.53+/-0.05 dlogz:8.783>0.01]27375it [14:28:33,  6.13s/it, bound:6354 nc:1138 ncall:2.9e+07 eff:0.1% logz-ratio=1189943.55+/-0.05 dlogz:8.763>0.01]27379it [14:28:57,  6.08s/it, bound:6355 nc:1186 ncall:2.9e+07 eff:0.1% logz-ratio=1189943.56+/-0.05 dlogz:8.742>0.01]27383it [14:29:21,  6.03s/it, bound:6356 nc:1258 ncall:2.9e+07 eff:0.1% logz-ratio=1189943.57+/-0.05 dlogz:8.722>0.01]27387it [14:29:43,  5.93s/it, bound:6357 nc:915 ncall:2.9e+07 eff:0.1% logz-ratio=1189943.58+/-0.05 dlogz:8.701>0.01] 27391it [14:30:06,  5.86s/it, bound:6358 nc:1239 ncall:2.9e+07 eff:0.1% logz-ratio=1189943.60+/-0.06 dlogz:8.681>0.01]27395it [14:30:28,  5.77s/it, bound:6359 nc:1143 ncall:2.9e+07 eff:0.1% logz-ratio=1189943.61+/-0.06 dlogz:8.661>0.01]27399it [14:30:50,  5.64s/it, bound:6360 nc:988 ncall:2.9e+07 eff:0.1% logz-ratio=1189943.62+/-0.05 dlogz:8.640>0.01] 27403it [14:31:13,  5.72s/it, bound:6361 nc:1194 ncall:2.9e+07 eff:0.1% logz-ratio=1189943.63+/-0.05 dlogz:8.620>0.01]27407it [14:31:35,  5.61s/it, bound:6362 nc:1173 ncall:2.9e+07 eff:0.1% logz-ratio=1189943.65+/-0.05 dlogz:8.599>0.01]27411it [14:32:01,  5.92s/it, bound:6363 nc:1318 ncall:2.9e+07 eff:0.1% logz-ratio=1189943.66+/-0.05 dlogz:8.579>0.01]27415it [14:32:36,  6.77s/it, bound:6364 nc:1277 ncall:2.9e+07 eff:0.1% logz-ratio=1189943.67+/-0.05 dlogz:8.558>0.01]27419it [14:33:03,  6.75s/it, bound:6365 nc:1321 ncall:2.9e+07 eff:0.1% logz-ratio=1189943.68+/-0.05 dlogz:8.538>0.01]27423it [14:33:29,  6.64s/it, bound:6366 nc:1293 ncall:2.9e+07 eff:0.1% logz-ratio=1189943.69+/-0.05 dlogz:8.517>0.01]27427it [14:33:54,  6.56s/it, bound:6367 nc:1236 ncall:2.9e+07 eff:0.1% logz-ratio=1189943.71+/-0.05 dlogz:8.497>0.01]27431it [14:34:22,  6.71s/it, bound:6368 nc:1503 ncall:2.9e+07 eff:0.1% logz-ratio=1189943.72+/-0.05 dlogz:8.477>0.01]27435it [14:34:48,  6.61s/it, bound:6369 nc:1372 ncall:2.9e+07 eff:0.1% logz-ratio=1189943.73+/-0.05 dlogz:8.457>0.01]27439it [14:35:15,  6.64s/it, bound:6370 nc:1404 ncall:2.9e+07 eff:0.1% logz-ratio=1189943.74+/-0.05 dlogz:8.437>0.01]27443it [14:35:41,  6.61s/it, bound:6371 nc:1252 ncall:2.9e+07 eff:0.1% logz-ratio=1189943.75+/-0.05 dlogz:8.417>0.01]27447it [14:36:08,  6.67s/it, bound:6372 nc:1374 ncall:2.9e+07 eff:0.1% logz-ratio=1189943.77+/-0.05 dlogz:8.398>0.01]27451it [14:36:33,  6.56s/it, bound:6373 nc:1359 ncall:2.9e+07 eff:0.1% logz-ratio=1189943.78+/-0.05 dlogz:8.896>0.01]27455it [14:36:59,  6.50s/it, bound:6374 nc:1353 ncall:2.9e+07 eff:0.1% logz-ratio=1189943.79+/-0.05 dlogz:8.877>0.01]27459it [14:37:23,  6.40s/it, bound:6375 nc:1385 ncall:2.9e+07 eff:0.1% logz-ratio=1189943.80+/-0.05 dlogz:8.857>0.01]27463it [14:37:47,  6.28s/it, bound:6376 nc:1375 ncall:2.9e+07 eff:0.1% logz-ratio=1189943.81+/-0.05 dlogz:8.838>0.01]27467it [14:38:12,  6.23s/it, bound:6377 nc:1371 ncall:2.9e+07 eff:0.1% logz-ratio=1189943.82+/-0.05 dlogz:8.818>0.01]27471it [14:38:36,  6.16s/it, bound:6378 nc:1307 ncall:2.9e+07 eff:0.1% logz-ratio=1189943.84+/-0.05 dlogz:8.798>0.01]27475it [14:39:01,  6.21s/it, bound:6379 nc:1292 ncall:2.9e+07 eff:0.1% logz-ratio=1189943.85+/-0.05 dlogz:8.779>0.01]27479it [14:39:23,  5.99s/it, bound:6380 nc:1242 ncall:2.9e+07 eff:0.1% logz-ratio=1189943.86+/-0.05 dlogz:8.760>0.01]27483it [14:39:47,  6.02s/it, bound:6381 nc:1263 ncall:2.9e+07 eff:0.1% logz-ratio=1189943.87+/-0.05 dlogz:8.740>0.01]27487it [14:40:10,  5.90s/it, bound:6382 nc:1137 ncall:2.9e+07 eff:0.1% logz-ratio=1189943.88+/-0.05 dlogz:8.721>0.01]27491it [14:40:33,  5.83s/it, bound:6383 nc:1250 ncall:2.9e+07 eff:0.1% logz-ratio=1189943.89+/-0.05 dlogz:8.702>0.01]27495it [14:40:58,  6.02s/it, bound:6384 nc:1322 ncall:2.9e+07 eff:0.1% logz-ratio=1189943.90+/-0.06 dlogz:8.683>0.01]27499it [14:41:26,  6.25s/it, bound:6385 nc:1318 ncall:2.9e+07 eff:0.1% logz-ratio=1189943.91+/-0.06 dlogz:8.664>0.01]27503it [14:41:54,  6.52s/it, bound:6386 nc:1491 ncall:2.9e+07 eff:0.1% logz-ratio=1189943.93+/-0.06 dlogz:8.645>0.01]27507it [14:42:20,  6.53s/it, bound:6387 nc:1310 ncall:2.9e+07 eff:0.1% logz-ratio=1189943.94+/-0.06 dlogz:8.626>0.01]27508it [14:42:35,  7.28s/it, bound:6387 nc:1307 ncall:2.9e+07 eff:0.1% logz-ratio=1189943.94+/-0.05 dlogz:8.621>0.01]27511it [14:43:00,  7.60s/it, bound:6388 nc:1255 ncall:2.9e+07 eff:0.1% logz-ratio=1189943.95+/-0.06 dlogz:8.607>0.01]27515it [14:43:24,  7.06s/it, bound:6389 nc:1349 ncall:2.9e+07 eff:0.1% logz-ratio=1189943.96+/-0.06 dlogz:8.588>0.01]27519it [14:43:50,  6.85s/it, bound:6390 nc:1165 ncall:2.9e+07 eff:0.1% logz-ratio=1189943.97+/-0.06 dlogz:8.570>0.01]27523it [14:44:16,  6.74s/it, bound:6391 nc:1389 ncall:2.9e+07 eff:0.1% logz-ratio=1189943.98+/-0.06 dlogz:8.551>0.01]27527it [14:44:43,  6.72s/it, bound:6392 nc:1361 ncall:2.9e+07 eff:0.1% logz-ratio=1189943.99+/-0.06 dlogz:8.532>0.01]27531it [14:45:09,  6.67s/it, bound:6393 nc:1208 ncall:2.9e+07 eff:0.1% logz-ratio=1189944.00+/-0.06 dlogz:8.514>0.01]27535it [14:45:35,  6.63s/it, bound:6394 nc:1226 ncall:2.9e+07 eff:0.1% logz-ratio=1189944.01+/-0.06 dlogz:8.496>0.01]27539it [14:46:00,  6.53s/it, bound:6395 nc:1151 ncall:2.9e+07 eff:0.1% logz-ratio=1189944.02+/-0.06 dlogz:8.477>0.01]27543it [14:46:23,  6.29s/it, bound:6396 nc:1125 ncall:2.9e+07 eff:0.1% logz-ratio=1189944.03+/-0.06 dlogz:8.459>0.01]27547it [14:46:48,  6.28s/it, bound:6397 nc:1126 ncall:2.9e+07 eff:0.1% logz-ratio=1189944.04+/-0.06 dlogz:8.440>0.01]27551it [14:47:15,  6.39s/it, bound:6398 nc:1199 ncall:2.9e+07 eff:0.1% logz-ratio=1189944.05+/-0.05 dlogz:8.421>0.01]27555it [14:47:40,  6.40s/it, bound:6399 nc:994 ncall:2.9e+07 eff:0.1% logz-ratio=1189944.06+/-0.06 dlogz:8.403>0.01] 27559it [14:48:07,  6.47s/it, bound:6400 nc:1162 ncall:2.9e+07 eff:0.1% logz-ratio=1189944.07+/-0.05 dlogz:8.384>0.01]27563it [14:48:31,  6.37s/it, bound:6401 nc:1219 ncall:2.9e+07 eff:0.1% logz-ratio=1189944.08+/-0.06 dlogz:8.366>0.01]27567it [14:48:57,  6.39s/it, bound:6402 nc:1183 ncall:3.0e+07 eff:0.1% logz-ratio=1189944.10+/-0.06 dlogz:8.347>0.01]27571it [14:49:21,  6.25s/it, bound:6403 nc:1020 ncall:3.0e+07 eff:0.1% logz-ratio=1189944.11+/-0.06 dlogz:8.329>0.01]27575it [14:49:45,  6.18s/it, bound:6404 nc:1156 ncall:3.0e+07 eff:0.1% logz-ratio=1189944.12+/-0.06 dlogz:8.311>0.01]27579it [14:50:12,  6.38s/it, bound:6405 nc:1349 ncall:3.0e+07 eff:0.1% logz-ratio=1189944.13+/-0.06 dlogz:8.293>0.01]27583it [14:50:41,  6.59s/it, bound:6406 nc:1300 ncall:3.0e+07 eff:0.1% logz-ratio=1189944.14+/-0.06 dlogz:8.275>0.01]27587it [14:51:08,  6.65s/it, bound:6407 nc:1126 ncall:3.0e+07 eff:0.1% logz-ratio=1189944.15+/-0.06 dlogz:8.257>0.01]27591it [14:51:36,  6.72s/it, bound:6408 nc:1204 ncall:3.0e+07 eff:0.1% logz-ratio=1189944.16+/-0.06 dlogz:8.239>0.01]27595it [14:52:01,  6.65s/it, bound:6409 nc:1189 ncall:3.0e+07 eff:0.1% logz-ratio=1189944.17+/-0.06 dlogz:8.221>0.01]27599it [14:52:26,  6.50s/it, bound:6410 nc:1191 ncall:3.0e+07 eff:0.1% logz-ratio=1189944.18+/-0.06 dlogz:8.203>0.01]27603it [14:52:49,  6.30s/it, bound:6411 nc:1182 ncall:3.0e+07 eff:0.1% logz-ratio=1189944.19+/-0.06 dlogz:8.185>0.01]27607it [14:53:28,  7.32s/it, bound:6412 nc:1232 ncall:3.0e+07 eff:0.1% logz-ratio=1189944.20+/-0.06 dlogz:8.167>0.01]27611it [14:53:52,  6.94s/it, bound:6413 nc:1273 ncall:3.0e+07 eff:0.1% logz-ratio=1189944.20+/-0.06 dlogz:8.149>0.01]27615it [14:54:13,  6.39s/it, bound:6414 nc:1142 ncall:3.0e+07 eff:0.1% logz-ratio=1189944.21+/-0.06 dlogz:8.132>0.01]27619it [14:54:43,  6.77s/it, bound:6415 nc:1636 ncall:3.0e+07 eff:0.1% logz-ratio=1189944.22+/-0.07 dlogz:8.114>0.01]27623it [14:55:18,  7.30s/it, bound:6416 nc:1729 ncall:3.0e+07 eff:0.1% logz-ratio=1189944.23+/-0.06 dlogz:8.096>0.01]27627it [14:55:46,  7.22s/it, bound:6417 nc:1786 ncall:3.0e+07 eff:0.1% logz-ratio=1189944.24+/-0.06 dlogz:8.079>0.01]27631it [14:56:17,  7.41s/it, bound:6418 nc:1508 ncall:3.0e+07 eff:0.1% logz-ratio=1189944.25+/-0.06 dlogz:8.061>0.01]27635it [14:56:48,  7.51s/it, bound:6419 nc:1709 ncall:3.0e+07 eff:0.1% logz-ratio=1189944.26+/-0.06 dlogz:8.043>0.01]27639it [14:57:20,  7.66s/it, bound:6420 nc:1561 ncall:3.0e+07 eff:0.1% logz-ratio=1189944.27+/-0.06 dlogz:8.025>0.01]27643it [14:57:49,  7.50s/it, bound:6421 nc:1351 ncall:3.0e+07 eff:0.1% logz-ratio=1189944.28+/-0.07 dlogz:8.008>0.01]27647it [14:58:20,  7.63s/it, bound:6422 nc:1582 ncall:3.0e+07 eff:0.1% logz-ratio=1189944.29+/-0.06 dlogz:7.990>0.01]27651it [14:58:52,  7.74s/it, bound:6423 nc:1522 ncall:3.0e+07 eff:0.1% logz-ratio=1189944.30+/-0.06 dlogz:7.972>0.01]27655it [14:59:21,  7.61s/it, bound:6424 nc:1455 ncall:3.0e+07 eff:0.1% logz-ratio=1189944.31+/-0.07 dlogz:7.955>0.01]27659it [14:59:51,  7.51s/it, bound:6425 nc:1363 ncall:3.0e+07 eff:0.1% logz-ratio=1189944.32+/-0.07 dlogz:7.937>0.01]27663it [15:00:20,  7.46s/it, bound:6426 nc:1468 ncall:3.0e+07 eff:0.1% logz-ratio=1189944.33+/-0.07 dlogz:7.920>0.01]27667it [15:00:45,  7.09s/it, bound:6427 nc:1269 ncall:3.0e+07 eff:0.1% logz-ratio=1189944.34+/-0.07 dlogz:7.902>0.01]27671it [15:01:12,  6.97s/it, bound:6428 nc:1213 ncall:3.0e+07 eff:0.1% logz-ratio=1189944.35+/-0.07 dlogz:7.884>0.01]27675it [15:01:39,  6.96s/it, bound:6429 nc:1292 ncall:3.0e+07 eff:0.1% logz-ratio=1189944.36+/-0.07 dlogz:7.867>0.01]27679it [15:02:02,  6.58s/it, bound:6430 nc:1300 ncall:3.0e+07 eff:0.1% logz-ratio=1189944.37+/-0.07 dlogz:7.849>0.01]27683it [15:02:26,  6.39s/it, bound:6431 nc:1316 ncall:3.0e+07 eff:0.1% logz-ratio=1189944.38+/-0.07 dlogz:7.831>0.01]27687it [15:02:49,  6.24s/it, bound:6432 nc:1215 ncall:3.0e+07 eff:0.1% logz-ratio=1189944.39+/-0.07 dlogz:7.813>0.01]27691it [15:03:18,  6.53s/it, bound:6433 nc:1506 ncall:3.0e+07 eff:0.1% logz-ratio=1189944.40+/-0.07 dlogz:7.796>0.01]27693it [15:03:33,  6.66s/it, bound:6433 nc:1479 ncall:3.0e+07 eff:0.1% logz-ratio=1189944.40+/-0.06 dlogz:7.787>0.01]27695it [15:03:59,  7.98s/it, bound:6434 nc:1413 ncall:3.0e+07 eff:0.1% logz-ratio=1189944.41+/-0.07 dlogz:7.778>0.01]27699it [15:04:25,  7.37s/it, bound:6435 nc:1441 ncall:3.0e+07 eff:0.1% logz-ratio=1189944.42+/-0.07 dlogz:7.761>0.01]27703it [15:04:50,  7.00s/it, bound:6436 nc:1126 ncall:3.0e+07 eff:0.1% logz-ratio=1189944.43+/-0.07 dlogz:7.743>0.01]27707it [15:05:13,  6.65s/it, bound:6437 nc:1431 ncall:3.0e+07 eff:0.1% logz-ratio=1189944.44+/-0.07 dlogz:7.725>0.01]27711it [15:05:37,  6.41s/it, bound:6438 nc:1326 ncall:3.0e+07 eff:0.1% logz-ratio=1189944.45+/-0.07 dlogz:7.708>0.01]27715it [15:06:03,  6.41s/it, bound:6439 nc:1430 ncall:3.0e+07 eff:0.1% logz-ratio=1189944.46+/-0.07 dlogz:7.691>0.01]27719it [15:06:31,  6.60s/it, bound:6440 nc:1489 ncall:3.0e+07 eff:0.1% logz-ratio=1189944.47+/-0.07 dlogz:7.673>0.01]27723it [15:06:57,  6.57s/it, bound:6441 nc:1342 ncall:3.0e+07 eff:0.1% logz-ratio=1189944.47+/-0.07 dlogz:8.628>0.01]27727it [15:07:25,  6.69s/it, bound:6442 nc:1328 ncall:3.0e+07 eff:0.1% logz-ratio=1189944.48+/-0.06 dlogz:8.611>0.01]27731it [15:07:50,  6.60s/it, bound:6443 nc:1379 ncall:3.0e+07 eff:0.1% logz-ratio=1189944.49+/-0.06 dlogz:8.594>0.01]27735it [15:08:16,  6.54s/it, bound:6444 nc:1280 ncall:3.0e+07 eff:0.1% logz-ratio=1189944.50+/-0.06 dlogz:8.577>0.01]27739it [15:08:41,  6.49s/it, bound:6445 nc:1205 ncall:3.0e+07 eff:0.1% logz-ratio=1189944.51+/-0.06 dlogz:8.560>0.01]27743it [15:09:07,  6.49s/it, bound:6446 nc:1348 ncall:3.0e+07 eff:0.1% logz-ratio=1189944.52+/-0.06 dlogz:8.542>0.01]27747it [15:09:32,  6.42s/it, bound:6447 nc:1330 ncall:3.0e+07 eff:0.1% logz-ratio=1189944.53+/-0.06 dlogz:8.525>0.01]27751it [15:09:54,  6.13s/it, bound:6448 nc:1344 ncall:3.0e+07 eff:0.1% logz-ratio=1189944.54+/-0.06 dlogz:8.508>0.01]27755it [15:10:17,  6.04s/it, bound:6449 nc:1267 ncall:3.0e+07 eff:0.1% logz-ratio=1189944.55+/-0.06 dlogz:8.491>0.01]27759it [15:10:41,  6.03s/it, bound:6450 nc:1328 ncall:3.0e+07 eff:0.1% logz-ratio=1189944.56+/-0.06 dlogz:8.474>0.01]27763it [15:11:06,  6.05s/it, bound:6451 nc:1326 ncall:3.0e+07 eff:0.1% logz-ratio=1189944.57+/-0.06 dlogz:8.457>0.01]27767it [15:11:30,  6.08s/it, bound:6452 nc:1301 ncall:3.0e+07 eff:0.1% logz-ratio=1189944.58+/-0.06 dlogz:8.439>0.01]27771it [15:11:55,  6.07s/it, bound:6453 nc:1122 ncall:3.0e+07 eff:0.1% logz-ratio=1189944.58+/-0.06 dlogz:8.422>0.01]27775it [15:12:18,  5.98s/it, bound:6454 nc:1168 ncall:3.0e+07 eff:0.1% logz-ratio=1189944.59+/-0.06 dlogz:8.405>0.01]27779it [15:12:43,  6.07s/it, bound:6455 nc:1108 ncall:3.0e+07 eff:0.1% logz-ratio=1189944.60+/-0.06 dlogz:8.388>0.01]27783it [15:13:07,  6.06s/it, bound:6456 nc:1201 ncall:3.0e+07 eff:0.1% logz-ratio=1189944.61+/-0.06 dlogz:8.370>0.01]27787it [15:13:42,  6.86s/it, bound:6457 nc:1556 ncall:3.0e+07 eff:0.1% logz-ratio=1189944.62+/-0.06 dlogz:8.353>0.01]27791it [15:14:28,  8.26s/it, bound:6458 nc:1470 ncall:3.0e+07 eff:0.1% logz-ratio=1189944.63+/-0.06 dlogz:8.336>0.01]27795it [15:14:57,  7.94s/it, bound:6459 nc:1642 ncall:3.0e+07 eff:0.1% logz-ratio=1189944.64+/-0.06 dlogz:8.319>0.01]27799it [15:15:26,  7.75s/it, bound:6460 nc:1567 ncall:3.0e+07 eff:0.1% logz-ratio=1189944.65+/-0.06 dlogz:8.301>0.01]27803it [15:15:58,  7.84s/it, bound:6461 nc:1497 ncall:3.0e+07 eff:0.1% logz-ratio=1189944.66+/-0.07 dlogz:8.284>0.01]27807it [15:16:21,  7.18s/it, bound:6462 nc:1473 ncall:3.0e+07 eff:0.1% logz-ratio=1189944.67+/-0.07 dlogz:8.267>0.01]27811it [15:16:42,  6.60s/it, bound:6463 nc:1352 ncall:3.0e+07 eff:0.1% logz-ratio=1189944.68+/-0.07 dlogz:8.250>0.01]27815it [15:17:03,  6.19s/it, bound:6464 nc:1406 ncall:3.0e+07 eff:0.1% logz-ratio=1189944.69+/-0.07 dlogz:8.233>0.01]27819it [15:17:27,  6.12s/it, bound:6465 nc:1312 ncall:3.0e+07 eff:0.1% logz-ratio=1189944.70+/-0.07 dlogz:8.216>0.01]27823it [15:17:51,  6.11s/it, bound:6466 nc:1302 ncall:3.0e+07 eff:0.1% logz-ratio=1189944.70+/-0.07 dlogz:8.199>0.01]27827it [15:18:16,  6.14s/it, bound:6467 nc:1343 ncall:3.0e+07 eff:0.1% logz-ratio=1189944.71+/-0.07 dlogz:8.182>0.01]27831it [15:18:46,  6.56s/it, bound:6468 nc:1474 ncall:3.0e+07 eff:0.1% logz-ratio=1189944.72+/-0.07 dlogz:8.165>0.01]27835it [15:19:16,  6.88s/it, bound:6469 nc:1595 ncall:3.0e+07 eff:0.1% logz-ratio=1189944.73+/-0.07 dlogz:8.148>0.01]27839it [15:19:47,  7.12s/it, bound:6470 nc:1522 ncall:3.0e+07 eff:0.1% logz-ratio=1189944.74+/-0.07 dlogz:8.131>0.01]27843it [15:20:13,  6.94s/it, bound:6471 nc:1486 ncall:3.0e+07 eff:0.1% logz-ratio=1189944.75+/-0.07 dlogz:8.114>0.01]27846it [15:20:41,  7.54s/it, bound:6472 nc:2821 ncall:3.0e+07 eff:0.1% logz-ratio=1189944.76+/-0.07 dlogz:8.101>0.01]27848it [15:20:42,  6.15s/it, bound:6472 nc:1444 ncall:3.0e+07 eff:0.1% logz-ratio=1189944.76+/-0.07 dlogz:8.092>0.01]27850it [15:21:09,  7.78s/it, bound:6473 nc:1440 ncall:3.0e+07 eff:0.1% logz-ratio=1189944.77+/-0.07 dlogz:8.084>0.01]27854it [15:21:40,  7.76s/it, bound:6474 nc:1546 ncall:3.0e+07 eff:0.1% logz-ratio=1189944.77+/-0.07 dlogz:8.067>0.01]27858it [15:22:09,  7.55s/it, bound:6475 nc:1487 ncall:3.0e+07 eff:0.1% logz-ratio=1189944.78+/-0.07 dlogz:8.050>0.01]27862it [15:22:38,  7.50s/it, bound:6476 nc:1291 ncall:3.0e+07 eff:0.1% logz-ratio=1189944.79+/-0.07 dlogz:8.033>0.01]27866it [15:23:08,  7.42s/it, bound:6477 nc:1118 ncall:3.0e+07 eff:0.1% logz-ratio=1189944.80+/-0.07 dlogz:8.016>0.01]27870it [15:23:34,  7.20s/it, bound:6478 nc:1455 ncall:3.0e+07 eff:0.1% logz-ratio=1189944.81+/-0.07 dlogz:7.999>0.01]27874it [15:23:57,  6.75s/it, bound:6479 nc:1300 ncall:3.0e+07 eff:0.1% logz-ratio=1189944.82+/-0.07 dlogz:7.981>0.01]27876it [15:24:13,  6.91s/it, bound:6479 nc:1400 ncall:3.0e+07 eff:0.1% logz-ratio=1189944.82+/-0.07 dlogz:7.973>0.01]27878it [15:24:39,  8.24s/it, bound:6480 nc:1388 ncall:3.0e+07 eff:0.1% logz-ratio=1189944.83+/-0.07 dlogz:7.964>0.01]27882it [15:25:05,  7.52s/it, bound:6481 nc:942 ncall:3.0e+07 eff:0.1% logz-ratio=1189944.84+/-0.07 dlogz:7.947>0.01] 27886it [15:25:33,  7.41s/it, bound:6482 nc:1445 ncall:3.0e+07 eff:0.1% logz-ratio=1189944.85+/-0.07 dlogz:7.930>0.01]27890it [15:26:00,  7.12s/it, bound:6483 nc:1398 ncall:3.0e+07 eff:0.1% logz-ratio=1189944.86+/-0.07 dlogz:7.913>0.01]27894it [15:26:28,  7.16s/it, bound:6484 nc:1462 ncall:3.0e+07 eff:0.1% logz-ratio=1189944.87+/-0.07 dlogz:7.896>0.01]27898it [15:26:59,  7.31s/it, bound:6485 nc:1717 ncall:3.0e+07 eff:0.1% logz-ratio=1189944.87+/-0.07 dlogz:7.879>0.01]27902it [15:27:32,  7.56s/it, bound:6486 nc:1645 ncall:3.0e+07 eff:0.1% logz-ratio=1189944.88+/-0.07 dlogz:7.862>0.01]27906it [15:28:02,  7.58s/it, bound:6487 nc:1632 ncall:3.0e+07 eff:0.1% logz-ratio=1189944.89+/-0.07 dlogz:7.845>0.01]27910it [15:28:32,  7.54s/it, bound:6488 nc:1598 ncall:3.0e+07 eff:0.1% logz-ratio=1189944.90+/-0.07 dlogz:7.828>0.01]27914it [15:29:04,  7.68s/it, bound:6489 nc:1447 ncall:3.0e+07 eff:0.1% logz-ratio=1189944.91+/-0.07 dlogz:7.811>0.01]27918it [15:29:37,  7.84s/it, bound:6490 nc:1572 ncall:3.0e+07 eff:0.1% logz-ratio=1189944.92+/-0.07 dlogz:7.795>0.01]27922it [15:30:02,  7.35s/it, bound:6491 nc:1514 ncall:3.0e+07 eff:0.1% logz-ratio=1189944.93+/-0.08 dlogz:7.778>0.01]27926it [15:30:32,  7.39s/it, bound:6492 nc:1529 ncall:3.0e+07 eff:0.1% logz-ratio=1189944.94+/-0.08 dlogz:7.761>0.01]27930it [15:30:57,  7.08s/it, bound:6493 nc:1225 ncall:3.0e+07 eff:0.1% logz-ratio=1189944.94+/-0.08 dlogz:7.745>0.01]27934it [15:31:22,  6.85s/it, bound:6494 nc:1144 ncall:3.0e+07 eff:0.1% logz-ratio=1189944.95+/-0.08 dlogz:7.728>0.01]27938it [15:31:47,  6.69s/it, bound:6495 nc:1400 ncall:3.0e+07 eff:0.1% logz-ratio=1189944.96+/-0.08 dlogz:7.711>0.01]27942it [15:32:12,  6.55s/it, bound:6496 nc:1394 ncall:3.0e+07 eff:0.1% logz-ratio=1189944.97+/-0.08 dlogz:7.694>0.01]27946it [15:32:36,  6.39s/it, bound:6497 nc:1286 ncall:3.0e+07 eff:0.1% logz-ratio=1189944.98+/-0.08 dlogz:7.678>0.01]27950it [15:33:04,  6.53s/it, bound:6498 nc:1298 ncall:3.0e+07 eff:0.1% logz-ratio=1189944.99+/-0.08 dlogz:7.661>0.01]27954it [15:33:29,  6.45s/it, bound:6499 nc:1283 ncall:3.0e+07 eff:0.1% logz-ratio=1189945.00+/-0.08 dlogz:7.645>0.01]27958it [15:33:53,  6.29s/it, bound:6500 nc:1185 ncall:3.0e+07 eff:0.1% logz-ratio=1189945.01+/-0.08 dlogz:7.628>0.01]27962it [15:34:18,  6.32s/it, bound:6501 nc:1206 ncall:3.0e+07 eff:0.1% logz-ratio=1189945.01+/-0.08 dlogz:7.611>0.01]27963it [15:34:34,  7.20s/it, bound:6501 nc:1278 ncall:3.0e+07 eff:0.1% logz-ratio=1189945.02+/-0.08 dlogz:7.607>0.01]27966it [15:34:56,  7.24s/it, bound:6502 nc:1073 ncall:3.0e+07 eff:0.1% logz-ratio=1189945.02+/-0.08 dlogz:7.595>0.01]27970it [15:35:21,  6.94s/it, bound:6503 nc:1226 ncall:3.0e+07 eff:0.1% logz-ratio=1189945.03+/-0.08 dlogz:7.578>0.01]27974it [15:35:46,  6.70s/it, bound:6504 nc:1288 ncall:3.0e+07 eff:0.1% logz-ratio=1189945.04+/-0.08 dlogz:7.562>0.01]27978it [15:36:12,  6.61s/it, bound:6505 nc:1357 ncall:3.0e+07 eff:0.1% logz-ratio=1189945.05+/-0.08 dlogz:7.545>0.01]27982it [15:36:37,  6.53s/it, bound:6506 nc:1307 ncall:3.0e+07 eff:0.1% logz-ratio=1189945.06+/-0.08 dlogz:7.529>0.01]27986it [15:37:00,  6.29s/it, bound:6507 nc:1056 ncall:3.0e+07 eff:0.1% logz-ratio=1189945.07+/-0.08 dlogz:7.512>0.01]27990it [15:37:28,  6.46s/it, bound:6508 nc:1337 ncall:3.0e+07 eff:0.1% logz-ratio=1189945.07+/-0.08 dlogz:7.496>0.01]27994it [15:37:53,  6.43s/it, bound:6509 nc:1269 ncall:3.0e+07 eff:0.1% logz-ratio=1189945.08+/-0.08 dlogz:7.480>0.01]27998it [15:38:17,  6.29s/it, bound:6510 nc:1240 ncall:3.0e+07 eff:0.1% logz-ratio=1189945.09+/-0.08 dlogz:7.464>0.01]28002it [15:38:42,  6.28s/it, bound:6511 nc:1218 ncall:3.0e+07 eff:0.1% logz-ratio=1189945.10+/-0.08 dlogz:7.448>0.01]28006it [15:39:00,  5.75s/it, bound:6512 nc:1261 ncall:3.0e+07 eff:0.1% logz-ratio=1189945.11+/-0.08 dlogz:7.431>0.01]28010it [15:39:18,  5.34s/it, bound:6513 nc:1200 ncall:3.0e+07 eff:0.1% logz-ratio=1189945.11+/-0.08 dlogz:7.415>0.01]28014it [15:39:38,  5.26s/it, bound:6514 nc:1274 ncall:3.0e+07 eff:0.1% logz-ratio=1189945.12+/-0.08 dlogz:7.399>0.01]28018it [15:40:06,  5.81s/it, bound:6515 nc:1345 ncall:3.0e+07 eff:0.1% logz-ratio=1189945.13+/-0.09 dlogz:7.384>0.01]28022it [15:40:35,  6.21s/it, bound:6516 nc:1407 ncall:3.0e+07 eff:0.1% logz-ratio=1189945.14+/-0.09 dlogz:7.368>0.01]28026it [15:41:02,  6.40s/it, bound:6517 nc:1399 ncall:3.0e+07 eff:0.1% logz-ratio=1189945.15+/-0.09 dlogz:7.352>0.01]28030it [15:41:30,  6.55s/it, bound:6518 nc:1148 ncall:3.0e+07 eff:0.1% logz-ratio=1189945.15+/-0.09 dlogz:7.336>0.01]28034it [15:41:56,  6.56s/it, bound:6519 nc:1384 ncall:3.0e+07 eff:0.1% logz-ratio=1189945.16+/-0.09 dlogz:7.320>0.01]28038it [15:42:20,  6.37s/it, bound:6520 nc:1343 ncall:3.0e+07 eff:0.1% logz-ratio=1189945.17+/-0.09 dlogz:7.304>0.01]28042it [15:42:48,  6.55s/it, bound:6521 nc:1237 ncall:3.0e+07 eff:0.1% logz-ratio=1189945.18+/-0.09 dlogz:7.288>0.01]28046it [15:43:16,  6.71s/it, bound:6522 nc:1455 ncall:3.0e+07 eff:0.1% logz-ratio=1189945.19+/-0.09 dlogz:7.272>0.01]28050it [15:43:40,  6.46s/it, bound:6523 nc:1338 ncall:3.0e+07 eff:0.1% logz-ratio=1189945.19+/-0.09 dlogz:7.257>0.01]28054it [15:44:11,  6.87s/it, bound:6524 nc:1452 ncall:3.0e+07 eff:0.1% logz-ratio=1189945.20+/-0.09 dlogz:7.241>0.01]28058it [15:44:42,  7.18s/it, bound:6525 nc:1115 ncall:3.0e+07 eff:0.1% logz-ratio=1189945.21+/-0.09 dlogz:7.225>0.01]28059it [15:44:58,  7.96s/it, bound:6525 nc:1365 ncall:3.0e+07 eff:0.1% logz-ratio=1189945.21+/-0.08 dlogz:7.221>0.01]28062it [15:45:25,  8.25s/it, bound:6526 nc:1434 ncall:3.0e+07 eff:0.1% logz-ratio=1189945.22+/-0.09 dlogz:7.210>0.01]28066it [15:45:52,  7.76s/it, bound:6527 nc:1465 ncall:3.0e+07 eff:0.1% logz-ratio=1189945.22+/-0.09 dlogz:7.194>0.01]28070it [15:46:20,  7.53s/it, bound:6528 nc:1732 ncall:3.0e+07 eff:0.1% logz-ratio=1189945.23+/-0.09 dlogz:7.178>0.01]28074it [15:46:51,  7.55s/it, bound:6529 nc:1720 ncall:3.0e+07 eff:0.1% logz-ratio=1189945.24+/-0.09 dlogz:7.163>0.01]28078it [15:47:25,  7.86s/it, bound:6530 nc:1348 ncall:3.0e+07 eff:0.1% logz-ratio=1189945.25+/-0.09 dlogz:7.147>0.01]28082it [15:47:59,  8.07s/it, bound:6531 nc:1648 ncall:3.0e+07 eff:0.1% logz-ratio=1189945.25+/-0.09 dlogz:7.131>0.01]28085it [15:48:29,  8.52s/it, bound:6532 nc:3260 ncall:3.0e+07 eff:0.1% logz-ratio=1189945.26+/-0.09 dlogz:7.120>0.01]28089it [15:48:54,  7.84s/it, bound:6533 nc:1501 ncall:3.0e+07 eff:0.1% logz-ratio=1189945.27+/-0.09 dlogz:7.104>0.01]28093it [15:49:25,  7.82s/it, bound:6534 nc:1588 ncall:3.0e+07 eff:0.1% logz-ratio=1189945.28+/-0.09 dlogz:7.088>0.01]28097it [15:49:51,  7.41s/it, bound:6535 nc:1414 ncall:3.0e+07 eff:0.1% logz-ratio=1189945.28+/-0.09 dlogz:7.073>0.01]28101it [15:50:23,  7.56s/it, bound:6536 nc:1572 ncall:3.0e+07 eff:0.1% logz-ratio=1189945.29+/-0.09 dlogz:7.057>0.01]28105it [15:50:55,  7.73s/it, bound:6537 nc:1578 ncall:3.0e+07 eff:0.1% logz-ratio=1189945.30+/-0.09 dlogz:7.042>0.01]28109it [15:51:25,  7.62s/it, bound:6538 nc:1607 ncall:3.0e+07 eff:0.1% logz-ratio=1189945.31+/-0.09 dlogz:7.026>0.01]28113it [15:51:48,  7.05s/it, bound:6539 nc:1609 ncall:3.0e+07 eff:0.1% logz-ratio=1189945.31+/-0.09 dlogz:7.011>0.01]28117it [15:52:11,  6.66s/it, bound:6540 nc:1579 ncall:3.0e+07 eff:0.1% logz-ratio=1189945.32+/-0.09 dlogz:6.995>0.01]28121it [15:52:32,  6.25s/it, bound:6541 nc:1400 ncall:3.0e+07 eff:0.1% logz-ratio=1189945.33+/-0.09 dlogz:6.980>0.01]28125it [15:52:54,  6.01s/it, bound:6542 nc:1400 ncall:3.0e+07 eff:0.1% logz-ratio=1189945.34+/-0.09 dlogz:6.965>0.01]28129it [15:53:17,  5.91s/it, bound:6543 nc:1416 ncall:3.0e+07 eff:0.1% logz-ratio=1189945.34+/-0.09 dlogz:6.949>0.01]28133it [15:53:39,  5.84s/it, bound:6544 nc:1360 ncall:3.0e+07 eff:0.1% logz-ratio=1189945.35+/-0.09 dlogz:6.934>0.01]28136it [15:54:01,  6.18s/it, bound:6545 nc:1339 ncall:3.0e+07 eff:0.1% logz-ratio=1189945.36+/-0.09 dlogz:6.922>0.01]28140it [15:54:24,  6.06s/it, bound:6546 nc:1421 ncall:3.0e+07 eff:0.1% logz-ratio=1189945.36+/-0.09 dlogz:6.907>0.01]28144it [15:54:48,  6.01s/it, bound:6547 nc:1338 ncall:3.0e+07 eff:0.1% logz-ratio=1189945.37+/-0.09 dlogz:6.892>0.01]28148it [15:55:11,  5.94s/it, bound:6548 nc:1186 ncall:3.0e+07 eff:0.1% logz-ratio=1189945.38+/-0.09 dlogz:6.877>0.01]28152it [15:55:51,  7.21s/it, bound:6549 nc:1449 ncall:3.0e+07 eff:0.1% logz-ratio=1189945.38+/-0.09 dlogz:6.862>0.01]28156it [15:56:18,  7.04s/it, bound:6550 nc:1372 ncall:3.0e+07 eff:0.1% logz-ratio=1189945.39+/-0.09 dlogz:6.847>0.01]28160it [15:56:45,  6.94s/it, bound:6551 nc:1426 ncall:3.0e+07 eff:0.1% logz-ratio=1189945.40+/-0.09 dlogz:6.831>0.01]28164it [15:57:15,  7.15s/it, bound:6552 nc:1475 ncall:3.0e+07 eff:0.1% logz-ratio=1189945.41+/-0.09 dlogz:6.816>0.01]28168it [15:57:44,  7.20s/it, bound:6553 nc:1452 ncall:3.0e+07 eff:0.1% logz-ratio=1189945.41+/-0.09 dlogz:6.801>0.01]28172it [15:58:12,  7.09s/it, bound:6554 nc:1314 ncall:3.0e+07 eff:0.1% logz-ratio=1189945.42+/-0.09 dlogz:6.786>0.01]28176it [15:58:39,  6.99s/it, bound:6555 nc:1328 ncall:3.0e+07 eff:0.1% logz-ratio=1189945.43+/-0.09 dlogz:6.771>0.01]28180it [15:59:06,  6.92s/it, bound:6556 nc:1292 ncall:3.0e+07 eff:0.1% logz-ratio=1189945.43+/-0.09 dlogz:6.756>0.01]28184it [15:59:33,  6.87s/it, bound:6557 nc:1281 ncall:3.0e+07 eff:0.1% logz-ratio=1189945.44+/-0.09 dlogz:6.741>0.01]28188it [15:59:58,  6.66s/it, bound:6558 nc:1312 ncall:3.0e+07 eff:0.1% logz-ratio=1189945.45+/-0.09 dlogz:6.726>0.01]28192it [16:00:23,  6.55s/it, bound:6559 nc:1366 ncall:3.0e+07 eff:0.1% logz-ratio=1189945.45+/-0.09 dlogz:6.711>0.01]28196it [16:00:50,  6.61s/it, bound:6560 nc:1372 ncall:3.0e+07 eff:0.1% logz-ratio=1189945.46+/-0.09 dlogz:6.696>0.01]28200it [16:01:15,  6.49s/it, bound:6561 nc:1093 ncall:3.0e+07 eff:0.1% logz-ratio=1189945.47+/-0.09 dlogz:6.682>0.01]28204it [16:01:41,  6.51s/it, bound:6562 nc:1204 ncall:3.0e+07 eff:0.1% logz-ratio=1189945.48+/-0.09 dlogz:6.667>0.01]28208it [16:02:08,  6.60s/it, bound:6563 nc:1186 ncall:3.0e+07 eff:0.1% logz-ratio=1189945.48+/-0.09 dlogz:6.652>0.01]28212it [16:02:35,  6.65s/it, bound:6564 nc:1366 ncall:3.0e+07 eff:0.1% logz-ratio=1189945.49+/-0.09 dlogz:6.637>0.01]28216it [16:02:58,  6.37s/it, bound:6565 nc:1174 ncall:3.0e+07 eff:0.1% logz-ratio=1189945.50+/-0.10 dlogz:6.622>0.01]28220it [16:03:22,  6.23s/it, bound:6566 nc:1322 ncall:3.0e+07 eff:0.1% logz-ratio=1189945.50+/-0.10 dlogz:6.608>0.01]28224it [16:03:47,  6.27s/it, bound:6567 nc:1225 ncall:3.0e+07 eff:0.1% logz-ratio=1189945.51+/-0.10 dlogz:6.593>0.01]28228it [16:04:11,  6.21s/it, bound:6568 nc:1320 ncall:3.0e+07 eff:0.1% logz-ratio=1189945.52+/-0.10 dlogz:6.578>0.01]28232it [16:04:30,  5.75s/it, bound:6569 nc:1263 ncall:3.0e+07 eff:0.1% logz-ratio=1189945.52+/-0.10 dlogz:6.564>0.01]28236it [16:04:49,  5.45s/it, bound:6570 nc:1123 ncall:3.0e+07 eff:0.1% logz-ratio=1189945.53+/-0.10 dlogz:6.549>0.01]28240it [16:05:08,  5.24s/it, bound:6571 nc:1237 ncall:3.0e+07 eff:0.1% logz-ratio=1189945.54+/-0.10 dlogz:6.535>0.01]28244it [16:05:27,  5.12s/it, bound:6572 nc:1259 ncall:3.0e+07 eff:0.1% logz-ratio=1189945.54+/-0.10 dlogz:6.520>0.01]28248it [16:06:01,  6.07s/it, bound:6573 nc:1261 ncall:3.0e+07 eff:0.1% logz-ratio=1189945.55+/-0.10 dlogz:6.506>0.01]28252it [16:06:19,  5.62s/it, bound:6574 nc:1199 ncall:3.0e+07 eff:0.1% logz-ratio=1189945.56+/-0.10 dlogz:6.491>0.01]28256it [16:06:37,  5.32s/it, bound:6575 nc:1269 ncall:3.0e+07 eff:0.1% logz-ratio=1189945.56+/-0.10 dlogz:6.477>0.01]28260it [16:06:54,  4.97s/it, bound:6576 nc:1168 ncall:3.0e+07 eff:0.1% logz-ratio=1189945.57+/-0.10 dlogz:6.463>0.01]28264it [16:07:12,  4.82s/it, bound:6577 nc:1184 ncall:3.0e+07 eff:0.1% logz-ratio=1189945.57+/-0.10 dlogz:6.448>0.01]28268it [16:07:31,  4.77s/it, bound:6578 nc:1249 ncall:3.0e+07 eff:0.1% logz-ratio=1189945.58+/-0.10 dlogz:6.434>0.01]28272it [16:07:49,  4.69s/it, bound:6579 nc:1112 ncall:3.0e+07 eff:0.1% logz-ratio=1189945.59+/-0.10 dlogz:6.420>0.01]28276it [16:08:06,  4.57s/it, bound:6580 nc:1163 ncall:3.0e+07 eff:0.1% logz-ratio=1189945.59+/-0.10 dlogz:6.405>0.01]28280it [16:08:23,  4.47s/it, bound:6581 nc:1160 ncall:3.0e+07 eff:0.1% logz-ratio=1189945.60+/-0.10 dlogz:6.391>0.01]28284it [16:08:40,  4.45s/it, bound:6582 nc:1110 ncall:3.0e+07 eff:0.1% logz-ratio=1189945.61+/-0.10 dlogz:6.377>0.01]28288it [16:08:58,  4.46s/it, bound:6583 nc:1251 ncall:3.0e+07 eff:0.1% logz-ratio=1189945.61+/-0.10 dlogz:6.363>0.01]28292it [16:09:16,  4.46s/it, bound:6584 nc:974 ncall:3.0e+07 eff:0.1% logz-ratio=1189945.62+/-0.10 dlogz:6.349>0.01] 28296it [16:09:35,  4.55s/it, bound:6585 nc:1274 ncall:3.0e+07 eff:0.1% logz-ratio=1189945.62+/-0.10 dlogz:6.334>0.01]28300it [16:09:53,  4.52s/it, bound:6586 nc:1145 ncall:3.0e+07 eff:0.1% logz-ratio=1189945.63+/-0.10 dlogz:6.320>0.01]28304it [16:10:10,  4.47s/it, bound:6587 nc:1218 ncall:3.0e+07 eff:0.1% logz-ratio=1189945.64+/-0.11 dlogz:6.306>0.01]28308it [16:10:28,  4.48s/it, bound:6588 nc:1151 ncall:3.1e+07 eff:0.1% logz-ratio=1189945.64+/-0.11 dlogz:6.292>0.01]28312it [16:10:47,  4.55s/it, bound:6589 nc:1299 ncall:3.1e+07 eff:0.1% logz-ratio=1189945.65+/-0.11 dlogz:6.277>0.01]28316it [16:11:06,  4.57s/it, bound:6590 nc:1020 ncall:3.1e+07 eff:0.1% logz-ratio=1189945.66+/-0.11 dlogz:6.263>0.01]28320it [16:11:24,  4.60s/it, bound:6591 nc:1131 ncall:3.1e+07 eff:0.1% logz-ratio=1189945.66+/-0.11 dlogz:6.249>0.01]28323it [16:11:42,  4.94s/it, bound:6592 nc:1183 ncall:3.1e+07 eff:0.1% logz-ratio=1189945.67+/-0.11 dlogz:6.238>0.01]28327it [16:12:01,  4.85s/it, bound:6593 nc:1288 ncall:3.1e+07 eff:0.1% logz-ratio=1189945.67+/-0.11 dlogz:6.224>0.01]28331it [16:12:19,  4.71s/it, bound:6594 nc:1129 ncall:3.1e+07 eff:0.1% logz-ratio=1189945.68+/-0.11 dlogz:6.210>0.01]28335it [16:12:38,  4.75s/it, bound:6595 nc:1310 ncall:3.1e+07 eff:0.1% logz-ratio=1189945.69+/-0.11 dlogz:6.195>0.01]28339it [16:12:57,  4.74s/it, bound:6596 nc:1212 ncall:3.1e+07 eff:0.1% logz-ratio=1189945.69+/-0.11 dlogz:6.181>0.01]28343it [16:13:16,  4.72s/it, bound:6597 nc:1259 ncall:3.1e+07 eff:0.1% logz-ratio=1189945.70+/-0.11 dlogz:6.167>0.01]28347it [16:13:33,  4.63s/it, bound:6598 nc:1203 ncall:3.1e+07 eff:0.1% logz-ratio=1189945.70+/-0.11 dlogz:6.152>0.01]28351it [16:13:51,  4.61s/it, bound:6599 nc:1016 ncall:3.1e+07 eff:0.1% logz-ratio=1189945.71+/-0.11 dlogz:6.138>0.01]28355it [16:14:09,  4.57s/it, bound:6600 nc:1110 ncall:3.1e+07 eff:0.1% logz-ratio=1189945.72+/-0.11 dlogz:6.124>0.01]28359it [16:14:27,  4.51s/it, bound:6601 nc:1220 ncall:3.1e+07 eff:0.1% logz-ratio=1189945.72+/-0.11 dlogz:6.110>0.01]28363it [16:14:44,  4.47s/it, bound:6602 nc:1195 ncall:3.1e+07 eff:0.1% logz-ratio=1189945.73+/-0.11 dlogz:6.095>0.01]28367it [16:15:03,  4.52s/it, bound:6603 nc:1203 ncall:3.1e+07 eff:0.1% logz-ratio=1189945.74+/-0.11 dlogz:6.081>0.01]28371it [16:15:22,  4.59s/it, bound:6604 nc:1146 ncall:3.1e+07 eff:0.1% logz-ratio=1189945.74+/-0.11 dlogz:6.067>0.01]28375it [16:15:43,  4.82s/it, bound:6605 nc:1283 ncall:3.1e+07 eff:0.1% logz-ratio=1189945.75+/-0.11 dlogz:6.053>0.01]28377it [16:15:58,  5.28s/it, bound:6605 nc:1245 ncall:3.1e+07 eff:0.1% logz-ratio=1189945.75+/-0.11 dlogz:6.045>0.01]28379it [16:16:24,  6.78s/it, bound:6606 nc:1247 ncall:3.1e+07 eff:0.1% logz-ratio=1189945.76+/-0.11 dlogz:6.038>0.01]28383it [16:16:50,  6.67s/it, bound:6607 nc:1217 ncall:3.1e+07 eff:0.1% logz-ratio=1189945.76+/-0.11 dlogz:6.024>0.01]28387it [16:17:14,  6.49s/it, bound:6608 nc:1186 ncall:3.1e+07 eff:0.1% logz-ratio=1189945.77+/-0.12 dlogz:6.010>0.01]28391it [16:17:37,  6.21s/it, bound:6609 nc:1205 ncall:3.1e+07 eff:0.1% logz-ratio=1189945.77+/-0.12 dlogz:5.995>0.01]28395it [16:17:52,  5.47s/it, bound:6610 nc:1098 ncall:3.1e+07 eff:0.1% logz-ratio=1189945.78+/-0.12 dlogz:5.981>0.01]28399it [16:18:09,  5.08s/it, bound:6611 nc:1133 ncall:3.1e+07 eff:0.1% logz-ratio=1189945.79+/-0.12 dlogz:5.967>0.01]28403it [16:18:26,  4.83s/it, bound:6612 nc:1213 ncall:3.1e+07 eff:0.1% logz-ratio=1189945.79+/-0.12 dlogz:5.953>0.01]28407it [16:18:43,  4.66s/it, bound:6613 nc:827 ncall:3.1e+07 eff:0.1% logz-ratio=1189945.80+/-0.12 dlogz:5.939>0.01] 28411it [16:19:00,  4.54s/it, bound:6614 nc:1105 ncall:3.1e+07 eff:0.1% logz-ratio=1189945.81+/-0.12 dlogz:5.924>0.01]28415it [16:19:17,  4.46s/it, bound:6615 nc:1214 ncall:3.1e+07 eff:0.1% logz-ratio=1189945.81+/-0.12 dlogz:5.910>0.01]28419it [16:19:34,  4.38s/it, bound:6616 nc:1144 ncall:3.1e+07 eff:0.1% logz-ratio=1189945.82+/-0.12 dlogz:5.896>0.01]28423it [16:19:51,  4.30s/it, bound:6617 nc:1168 ncall:3.1e+07 eff:0.1% logz-ratio=1189945.82+/-0.12 dlogz:5.882>0.01]28427it [16:20:08,  4.32s/it, bound:6618 nc:1144 ncall:3.1e+07 eff:0.1% logz-ratio=1189945.83+/-0.12 dlogz:5.868>0.01]28431it [16:20:26,  4.39s/it, bound:6619 nc:1266 ncall:3.1e+07 eff:0.1% logz-ratio=1189945.84+/-0.12 dlogz:5.854>0.01]28435it [16:20:44,  4.42s/it, bound:6620 nc:1230 ncall:3.1e+07 eff:0.1% logz-ratio=1189945.84+/-0.12 dlogz:5.840>0.01]28439it [16:21:03,  4.48s/it, bound:6621 nc:1210 ncall:3.1e+07 eff:0.1% logz-ratio=1189945.85+/-0.12 dlogz:5.826>0.01]28443it [16:21:22,  4.56s/it, bound:6622 nc:1244 ncall:3.1e+07 eff:0.1% logz-ratio=1189945.85+/-0.12 dlogz:5.812>0.01]28446it [16:21:40,  4.94s/it, bound:6623 nc:1247 ncall:3.1e+07 eff:0.1% logz-ratio=1189945.86+/-0.12 dlogz:5.802>0.01]28450it [16:21:59,  4.84s/it, bound:6624 nc:1316 ncall:3.1e+07 eff:0.1% logz-ratio=1189945.86+/-0.12 dlogz:5.788>0.01]28454it [16:22:17,  4.79s/it, bound:6625 nc:1312 ncall:3.1e+07 eff:0.1% logz-ratio=1189945.87+/-0.12 dlogz:5.774>0.01]28458it [16:22:37,  4.80s/it, bound:6626 nc:1259 ncall:3.1e+07 eff:0.1% logz-ratio=1189945.88+/-0.12 dlogz:5.760>0.01]28462it [16:22:57,  4.92s/it, bound:6627 nc:1299 ncall:3.1e+07 eff:0.1% logz-ratio=1189945.88+/-0.12 dlogz:5.747>0.01]28466it [16:23:17,  4.87s/it, bound:6628 nc:1195 ncall:3.1e+07 eff:0.1% logz-ratio=1189945.89+/-0.12 dlogz:5.733>0.01]28470it [16:23:38,  5.01s/it, bound:6629 nc:1376 ncall:3.1e+07 eff:0.1% logz-ratio=1189945.89+/-0.12 dlogz:5.719>0.01]28474it [16:24:01,  5.22s/it, bound:6630 nc:1416 ncall:3.1e+07 eff:0.1% logz-ratio=1189945.90+/-0.12 dlogz:5.706>0.01]28478it [16:24:25,  5.48s/it, bound:6631 nc:1459 ncall:3.1e+07 eff:0.1% logz-ratio=1189945.90+/-0.12 dlogz:5.692>0.01]28482it [16:24:49,  5.66s/it, bound:6632 nc:1443 ncall:3.1e+07 eff:0.1% logz-ratio=1189945.91+/-0.13 dlogz:5.678>0.01]28486it [16:25:17,  6.07s/it, bound:6633 nc:1509 ncall:3.1e+07 eff:0.1% logz-ratio=1189945.92+/-0.12 dlogz:5.665>0.01]28490it [16:25:43,  6.15s/it, bound:6634 nc:1427 ncall:3.1e+07 eff:0.1% logz-ratio=1189945.92+/-0.13 dlogz:5.651>0.01]28494it [16:26:09,  6.31s/it, bound:6635 nc:1370 ncall:3.1e+07 eff:0.1% logz-ratio=1189945.93+/-0.12 dlogz:5.637>0.01]28495it [16:26:25,  7.21s/it, bound:6635 nc:1160 ncall:3.1e+07 eff:0.1% logz-ratio=1189945.93+/-0.12 dlogz:5.634>0.01]28498it [16:26:54,  7.96s/it, bound:6636 nc:1403 ncall:3.1e+07 eff:0.1% logz-ratio=1189945.93+/-0.13 dlogz:5.624>0.01]28502it [16:27:22,  7.57s/it, bound:6637 nc:1429 ncall:3.1e+07 eff:0.1% logz-ratio=1189945.94+/-0.13 dlogz:5.610>0.01]28506it [16:27:53,  7.64s/it, bound:6638 nc:1531 ncall:3.1e+07 eff:0.1% logz-ratio=1189945.94+/-0.13 dlogz:5.596>0.01]28510it [16:28:18,  7.16s/it, bound:6639 nc:1380 ncall:3.1e+07 eff:0.1% logz-ratio=1189945.95+/-0.13 dlogz:5.583>0.01]28514it [16:28:46,  7.16s/it, bound:6640 nc:1414 ncall:3.1e+07 eff:0.1% logz-ratio=1189945.96+/-0.13 dlogz:5.569>0.01]28518it [16:29:14,  7.09s/it, bound:6641 nc:1366 ncall:3.1e+07 eff:0.1% logz-ratio=1189945.96+/-0.13 dlogz:5.556>0.01]28522it [16:29:42,  7.07s/it, bound:6642 nc:1365 ncall:3.1e+07 eff:0.1% logz-ratio=1189945.97+/-0.13 dlogz:5.542>0.01]28526it [16:30:09,  6.98s/it, bound:6643 nc:1131 ncall:3.1e+07 eff:0.1% logz-ratio=1189945.97+/-0.13 dlogz:5.528>0.01]28530it [16:30:34,  6.77s/it, bound:6644 nc:1200 ncall:3.1e+07 eff:0.1% logz-ratio=1189945.98+/-0.13 dlogz:5.515>0.01]28534it [16:31:00,  6.69s/it, bound:6645 nc:1419 ncall:3.1e+07 eff:0.1% logz-ratio=1189945.98+/-0.13 dlogz:5.501>0.01]28538it [16:31:28,  6.76s/it, bound:6646 nc:1399 ncall:3.1e+07 eff:0.1% logz-ratio=1189945.99+/-0.13 dlogz:5.488>0.01]28542it [16:31:53,  6.62s/it, bound:6647 nc:1232 ncall:3.1e+07 eff:0.1% logz-ratio=1189946.00+/-0.13 dlogz:5.474>0.01]28546it [16:32:20,  6.64s/it, bound:6648 nc:1257 ncall:3.1e+07 eff:0.1% logz-ratio=1189946.00+/-0.13 dlogz:5.461>0.01]28550it [16:32:48,  6.76s/it, bound:6649 nc:1301 ncall:3.1e+07 eff:0.1% logz-ratio=1189946.01+/-0.13 dlogz:5.447>0.01]28554it [16:33:13,  6.57s/it, bound:6650 nc:1325 ncall:3.1e+07 eff:0.1% logz-ratio=1189946.01+/-0.13 dlogz:5.434>0.01]28558it [16:33:40,  6.65s/it, bound:6651 nc:1326 ncall:3.1e+07 eff:0.1% logz-ratio=1189946.02+/-0.13 dlogz:5.421>0.01]28562it [16:34:08,  6.73s/it, bound:6652 nc:1333 ncall:3.1e+07 eff:0.1% logz-ratio=1189946.02+/-0.13 dlogz:5.407>0.01]28566it [16:34:35,  6.72s/it, bound:6653 nc:1151 ncall:3.1e+07 eff:0.1% logz-ratio=1189946.03+/-0.13 dlogz:5.394>0.01]28570it [16:35:01,  6.68s/it, bound:6654 nc:1334 ncall:3.1e+07 eff:0.1% logz-ratio=1189946.03+/-0.13 dlogz:5.381>0.01]28574it [16:35:24,  6.41s/it, bound:6655 nc:1181 ncall:3.1e+07 eff:0.1% logz-ratio=1189946.04+/-0.13 dlogz:5.368>0.01]28578it [16:35:49,  6.40s/it, bound:6656 nc:1239 ncall:3.1e+07 eff:0.1% logz-ratio=1189946.04+/-0.13 dlogz:5.354>0.01]28582it [16:36:11,  6.08s/it, bound:6657 nc:1175 ncall:3.1e+07 eff:0.1% logz-ratio=1189946.05+/-0.13 dlogz:5.341>0.01]28585it [16:36:37,  6.69s/it, bound:6658 nc:2254 ncall:3.1e+07 eff:0.1% logz-ratio=1189946.05+/-0.13 dlogz:5.331>0.01]28587it [16:36:52,  6.90s/it, bound:6658 nc:1265 ncall:3.1e+07 eff:0.1% logz-ratio=1189946.06+/-0.13 dlogz:5.325>0.01]28589it [16:37:14,  7.79s/it, bound:6659 nc:1104 ncall:3.1e+07 eff:0.1% logz-ratio=1189946.06+/-0.13 dlogz:5.529>0.01]28593it [16:37:38,  7.09s/it, bound:6660 nc:1256 ncall:3.1e+07 eff:0.1% logz-ratio=1189946.06+/-0.13 dlogz:5.516>0.01]28597it [16:38:00,  6.55s/it, bound:6661 nc:1112 ncall:3.1e+07 eff:0.1% logz-ratio=1189946.07+/-0.13 dlogz:5.503>0.01]28601it [16:38:24,  6.36s/it, bound:6662 nc:1264 ncall:3.1e+07 eff:0.1% logz-ratio=1189946.07+/-0.13 dlogz:5.490>0.01]28605it [16:38:47,  6.11s/it, bound:6663 nc:1296 ncall:3.1e+07 eff:0.1% logz-ratio=1189946.08+/-0.13 dlogz:5.477>0.01]28609it [16:39:12,  6.17s/it, bound:6664 nc:1184 ncall:3.1e+07 eff:0.1% logz-ratio=1189946.08+/-0.13 dlogz:5.463>0.01]28613it [16:39:36,  6.11s/it, bound:6665 nc:2088 ncall:3.1e+07 eff:0.1% logz-ratio=1189946.09+/-0.13 dlogz:5.450>0.01]28616it [16:40:14,  7.81s/it, bound:6666 nc:1784 ncall:3.1e+07 eff:0.1% logz-ratio=1189946.09+/-0.13 dlogz:5.440>0.01]28620it [16:40:52,  8.32s/it, bound:6667 nc:1843 ncall:3.1e+07 eff:0.1% logz-ratio=1189946.10+/-0.13 dlogz:5.427>0.01]28624it [16:41:29,  8.63s/it, bound:6668 nc:1911 ncall:3.1e+07 eff:0.1% logz-ratio=1189946.10+/-0.13 dlogz:5.414>0.01]28628it [16:42:01,  8.44s/it, bound:6669 nc:1695 ncall:3.1e+07 eff:0.1% logz-ratio=1189946.11+/-0.13 dlogz:5.401>0.01]28632it [16:42:31,  8.16s/it, bound:6670 nc:1719 ncall:3.1e+07 eff:0.1% logz-ratio=1189946.11+/-0.13 dlogz:5.388>0.01]28636it [16:43:07,  8.36s/it, bound:6671 nc:1672 ncall:3.1e+07 eff:0.1% logz-ratio=1189946.12+/-0.14 dlogz:5.374>0.01]28640it [16:43:39,  8.27s/it, bound:6672 nc:1655 ncall:3.1e+07 eff:0.1% logz-ratio=1189946.13+/-0.14 dlogz:5.361>0.01]28644it [16:44:10,  8.10s/it, bound:6673 nc:1633 ncall:3.1e+07 eff:0.1% logz-ratio=1189946.13+/-0.14 dlogz:5.348>0.01]28648it [16:44:42,  8.12s/it, bound:6674 nc:1466 ncall:3.1e+07 eff:0.1% logz-ratio=1189946.14+/-0.14 dlogz:5.335>0.01]28652it [16:45:12,  7.90s/it, bound:6675 nc:1502 ncall:3.1e+07 eff:0.1% logz-ratio=1189946.14+/-0.14 dlogz:5.321>0.01]28656it [16:45:44,  7.91s/it, bound:6676 nc:1556 ncall:3.1e+07 eff:0.1% logz-ratio=1189946.15+/-0.14 dlogz:5.308>0.01]28660it [16:46:14,  7.78s/it, bound:6677 nc:1493 ncall:3.1e+07 eff:0.1% logz-ratio=1189946.15+/-0.14 dlogz:5.295>0.01]28664it [16:46:45,  7.79s/it, bound:6678 nc:1519 ncall:3.1e+07 eff:0.1% logz-ratio=1189946.16+/-0.14 dlogz:5.282>0.01]28668it [16:47:29,  8.78s/it, bound:6679 nc:1475 ncall:3.1e+07 eff:0.1% logz-ratio=1189946.16+/-0.14 dlogz:5.269>0.01]28672it [16:47:53,  7.96s/it, bound:6680 nc:1230 ncall:3.1e+07 eff:0.1% logz-ratio=1189946.17+/-0.14 dlogz:5.255>0.01]28676it [16:48:19,  7.52s/it, bound:6681 nc:1344 ncall:3.1e+07 eff:0.1% logz-ratio=1189946.17+/-0.14 dlogz:5.242>0.01]28680it [16:48:48,  7.44s/it, bound:6682 nc:1361 ncall:3.1e+07 eff:0.1% logz-ratio=1189946.18+/-0.14 dlogz:5.229>0.01]28684it [16:49:16,  7.28s/it, bound:6683 nc:1347 ncall:3.1e+07 eff:0.1% logz-ratio=1189946.18+/-0.14 dlogz:5.216>0.01]28688it [16:49:43,  7.09s/it, bound:6684 nc:1384 ncall:3.1e+07 eff:0.1% logz-ratio=1189946.19+/-0.14 dlogz:5.203>0.01]28692it [16:50:09,  6.92s/it, bound:6685 nc:1373 ncall:3.1e+07 eff:0.1% logz-ratio=1189946.19+/-0.14 dlogz:5.190>0.01]28696it [16:50:33,  6.70s/it, bound:6686 nc:1391 ncall:3.1e+07 eff:0.1% logz-ratio=1189946.20+/-0.14 dlogz:5.177>0.01]28700it [16:50:58,  6.55s/it, bound:6687 nc:1341 ncall:3.1e+07 eff:0.1% logz-ratio=1189946.20+/-0.14 dlogz:5.163>0.01]28704it [16:51:25,  6.60s/it, bound:6688 nc:1321 ncall:3.1e+07 eff:0.1% logz-ratio=1189946.21+/-0.14 dlogz:5.150>0.01]28708it [16:51:50,  6.52s/it, bound:6689 nc:1217 ncall:3.1e+07 eff:0.1% logz-ratio=1189946.21+/-0.14 dlogz:5.137>0.01]28712it [16:52:17,  6.54s/it, bound:6690 nc:1170 ncall:3.1e+07 eff:0.1% logz-ratio=1189946.22+/-0.14 dlogz:5.124>0.01]28716it [16:52:43,  6.57s/it, bound:6691 nc:1353 ncall:3.1e+07 eff:0.1% logz-ratio=1189946.22+/-0.14 dlogz:5.111>0.01]28720it [16:53:11,  6.67s/it, bound:6692 nc:1296 ncall:3.1e+07 eff:0.1% logz-ratio=1189946.23+/-0.15 dlogz:5.098>0.01]28724it [16:53:37,  6.58s/it, bound:6693 nc:1323 ncall:3.1e+07 eff:0.1% logz-ratio=1189946.24+/-0.15 dlogz:5.085>0.01]28728it [16:53:54,  5.94s/it, bound:6694 nc:1241 ncall:3.1e+07 eff:0.1% logz-ratio=1189946.24+/-0.15 dlogz:5.072>0.01]28732it [16:54:12,  5.50s/it, bound:6695 nc:1246 ncall:3.1e+07 eff:0.1% logz-ratio=1189946.25+/-0.15 dlogz:5.059>0.01]28736it [16:54:31,  5.25s/it, bound:6696 nc:1251 ncall:3.1e+07 eff:0.1% logz-ratio=1189946.25+/-0.15 dlogz:5.046>0.01]28740it [16:54:50,  5.14s/it, bound:6697 nc:1246 ncall:3.1e+07 eff:0.1% logz-ratio=1189946.26+/-0.15 dlogz:5.033>0.01]28744it [16:55:09,  5.02s/it, bound:6698 nc:1224 ncall:3.1e+07 eff:0.1% logz-ratio=1189946.26+/-0.15 dlogz:5.020>0.01]28748it [16:55:28,  4.91s/it, bound:6699 nc:1281 ncall:3.1e+07 eff:0.1% logz-ratio=1189946.27+/-0.15 dlogz:5.007>0.01]28752it [16:55:46,  4.82s/it, bound:6700 nc:1227 ncall:3.1e+07 eff:0.1% logz-ratio=1189946.27+/-0.15 dlogz:4.993>0.01]28756it [16:56:05,  4.80s/it, bound:6701 nc:1299 ncall:3.1e+07 eff:0.1% logz-ratio=1189946.28+/-0.15 dlogz:4.980>0.01]28760it [16:56:24,  4.74s/it, bound:6702 nc:1276 ncall:3.1e+07 eff:0.1% logz-ratio=1189946.28+/-0.15 dlogz:4.967>0.01]28764it [16:56:44,  4.81s/it, bound:6703 nc:1355 ncall:3.1e+07 eff:0.1% logz-ratio=1189946.29+/-0.15 dlogz:4.955>0.01]28768it [16:57:04,  4.92s/it, bound:6704 nc:1379 ncall:3.1e+07 eff:0.1% logz-ratio=1189946.29+/-0.15 dlogz:4.942>0.01]28769it [16:57:19,  5.89s/it, bound:6704 nc:1350 ncall:3.1e+07 eff:0.1% logz-ratio=1189946.29+/-0.15 dlogz:4.938>0.01]28772it [16:57:39,  6.07s/it, bound:6705 nc:1244 ncall:3.1e+07 eff:0.1% logz-ratio=1189946.30+/-0.15 dlogz:4.929>0.01]28776it [16:57:58,  5.65s/it, bound:6706 nc:1311 ncall:3.1e+07 eff:0.1% logz-ratio=1189946.30+/-0.15 dlogz:4.916>0.01]28780it [16:58:17,  5.32s/it, bound:6707 nc:1225 ncall:3.1e+07 eff:0.1% logz-ratio=1189946.31+/-0.15 dlogz:4.903>0.01]28784it [16:58:34,  4.96s/it, bound:6708 nc:1155 ncall:3.1e+07 eff:0.1% logz-ratio=1189946.31+/-0.16 dlogz:4.890>0.01]28788it [16:58:55,  5.02s/it, bound:6709 nc:1382 ncall:3.1e+07 eff:0.1% logz-ratio=1189946.32+/-0.16 dlogz:4.877>0.01]28792it [16:59:14,  4.98s/it, bound:6710 nc:1367 ncall:3.1e+07 eff:0.1% logz-ratio=1189946.32+/-0.16 dlogz:4.864>0.01]28796it [16:59:35,  5.09s/it, bound:6711 nc:1454 ncall:3.1e+07 eff:0.1% logz-ratio=1189946.33+/-0.16 dlogz:4.851>0.01]28800it [16:59:57,  5.20s/it, bound:6712 nc:1177 ncall:3.1e+07 eff:0.1% logz-ratio=1189946.33+/-0.16 dlogz:4.838>0.01]28804it [17:00:20,  5.33s/it, bound:6713 nc:1545 ncall:3.1e+07 eff:0.1% logz-ratio=1189946.34+/-0.16 dlogz:4.825>0.01]28808it [17:00:41,  5.33s/it, bound:6714 nc:1396 ncall:3.1e+07 eff:0.1% logz-ratio=1189946.34+/-0.16 dlogz:4.813>0.01]28812it [17:01:02,  5.27s/it, bound:6715 nc:1253 ncall:3.1e+07 eff:0.1% logz-ratio=1189946.35+/-0.16 dlogz:4.800>0.01]28816it [17:01:21,  5.18s/it, bound:6716 nc:1336 ncall:3.1e+07 eff:0.1% logz-ratio=1189946.35+/-0.16 dlogz:4.787>0.01]28820it [17:01:40,  5.04s/it, bound:6717 nc:1213 ncall:3.1e+07 eff:0.1% logz-ratio=1189946.36+/-0.16 dlogz:4.774>0.01]28824it [17:02:01,  5.07s/it, bound:6718 nc:1289 ncall:3.1e+07 eff:0.1% logz-ratio=1189946.36+/-0.16 dlogz:4.761>0.01]28828it [17:02:20,  4.98s/it, bound:6719 nc:1260 ncall:3.1e+07 eff:0.1% logz-ratio=1189946.37+/-0.16 dlogz:4.748>0.01]28832it [17:02:39,  4.92s/it, bound:6720 nc:1280 ncall:3.1e+07 eff:0.1% logz-ratio=1189946.37+/-0.16 dlogz:4.735>0.01]28836it [17:02:58,  4.83s/it, bound:6721 nc:1286 ncall:3.1e+07 eff:0.1% logz-ratio=1189946.38+/-0.16 dlogz:4.722>0.01]28840it [17:03:15,  4.72s/it, bound:6722 nc:1262 ncall:3.1e+07 eff:0.1% logz-ratio=1189946.38+/-0.16 dlogz:4.710>0.01]28844it [17:03:34,  4.68s/it, bound:6723 nc:1293 ncall:3.1e+07 eff:0.1% logz-ratio=1189946.39+/-0.16 dlogz:4.697>0.01]28848it [17:03:53,  4.68s/it, bound:6724 nc:1226 ncall:3.1e+07 eff:0.1% logz-ratio=1189946.39+/-0.16 dlogz:4.684>0.01]28852it [17:04:10,  4.59s/it, bound:6725 nc:1095 ncall:3.1e+07 eff:0.1% logz-ratio=1189946.40+/-0.16 dlogz:4.671>0.01]28856it [17:04:30,  4.73s/it, bound:6726 nc:1270 ncall:3.1e+07 eff:0.1% logz-ratio=1189946.40+/-0.16 dlogz:4.659>0.01]28860it [17:04:50,  4.81s/it, bound:6727 nc:1196 ncall:3.1e+07 eff:0.1% logz-ratio=1189946.41+/-0.17 dlogz:4.646>0.01]28864it [17:05:12,  4.99s/it, bound:6728 nc:1157 ncall:3.1e+07 eff:0.1% logz-ratio=1189946.41+/-0.17 dlogz:4.633>0.01]28868it [17:05:30,  4.87s/it, bound:6729 nc:1200 ncall:3.1e+07 eff:0.1% logz-ratio=1189946.42+/-0.17 dlogz:4.621>0.01]28872it [17:06:02,  5.76s/it, bound:6730 nc:1555 ncall:3.1e+07 eff:0.1% logz-ratio=1189946.42+/-0.17 dlogz:4.608>0.01]28876it [17:06:31,  6.22s/it, bound:6731 nc:1534 ncall:3.1e+07 eff:0.1% logz-ratio=1189946.42+/-0.17 dlogz:4.595>0.01]28880it [17:06:59,  6.49s/it, bound:6732 nc:1396 ncall:3.1e+07 eff:0.1% logz-ratio=1189946.43+/-0.17 dlogz:4.583>0.01]28884it [17:07:27,  6.65s/it, bound:6733 nc:1368 ncall:3.1e+07 eff:0.1% logz-ratio=1189946.43+/-0.17 dlogz:4.570>0.01]28888it [17:08:03,  7.30s/it, bound:6734 nc:1243 ncall:3.1e+07 eff:0.1% logz-ratio=1189946.44+/-0.17 dlogz:4.557>0.01]28892it [17:08:24,  6.75s/it, bound:6735 nc:1281 ncall:3.1e+07 eff:0.1% logz-ratio=1189946.44+/-0.17 dlogz:4.545>0.01]28896it [17:08:45,  6.29s/it, bound:6736 nc:1062 ncall:3.1e+07 eff:0.1% logz-ratio=1189946.45+/-0.17 dlogz:4.532>0.01]28900it [17:09:05,  5.91s/it, bound:6737 nc:1253 ncall:3.1e+07 eff:0.1% logz-ratio=1189946.45+/-0.17 dlogz:4.520>0.01]28904it [17:09:25,  5.60s/it, bound:6738 nc:1227 ncall:3.1e+07 eff:0.1% logz-ratio=1189946.46+/-0.17 dlogz:4.507>0.01]28908it [17:09:45,  5.41s/it, bound:6739 nc:922 ncall:3.1e+07 eff:0.1% logz-ratio=1189946.46+/-0.17 dlogz:4.495>0.01] 28912it [17:10:05,  5.26s/it, bound:6740 nc:1330 ncall:3.1e+07 eff:0.1% logz-ratio=1189946.47+/-0.17 dlogz:4.482>0.01]28916it [17:10:24,  5.14s/it, bound:6741 nc:1292 ncall:3.1e+07 eff:0.1% logz-ratio=1189946.47+/-0.17 dlogz:4.470>0.01]28920it [17:10:44,  5.11s/it, bound:6742 nc:1232 ncall:3.1e+07 eff:0.1% logz-ratio=1189946.48+/-0.17 dlogz:4.457>0.01]28924it [17:11:04,  5.04s/it, bound:6743 nc:1274 ncall:3.1e+07 eff:0.1% logz-ratio=1189946.48+/-0.17 dlogz:4.445>0.01]28928it [17:11:24,  5.05s/it, bound:6744 nc:1362 ncall:3.1e+07 eff:0.1% logz-ratio=1189946.49+/-0.17 dlogz:4.432>0.01]28932it [17:11:44,  5.06s/it, bound:6745 nc:1365 ncall:3.1e+07 eff:0.1% logz-ratio=1189946.49+/-0.17 dlogz:4.420>0.01]28936it [17:12:05,  5.09s/it, bound:6746 nc:1214 ncall:3.1e+07 eff:0.1% logz-ratio=1189946.50+/-0.17 dlogz:4.407>0.01]28940it [17:12:25,  5.07s/it, bound:6747 nc:1261 ncall:3.1e+07 eff:0.1% logz-ratio=1189946.50+/-0.17 dlogz:4.395>0.01]28944it [17:12:46,  5.15s/it, bound:6748 nc:1235 ncall:3.1e+07 eff:0.1% logz-ratio=1189946.50+/-0.17 dlogz:4.382>0.01]28948it [17:13:09,  5.29s/it, bound:6749 nc:1261 ncall:3.1e+07 eff:0.1% logz-ratio=1189946.51+/-0.17 dlogz:4.370>0.01]28952it [17:13:30,  5.30s/it, bound:6750 nc:841 ncall:3.1e+07 eff:0.1% logz-ratio=1189946.51+/-0.17 dlogz:4.358>0.01] 28956it [17:14:00,  5.97s/it, bound:6751 nc:1429 ncall:3.1e+07 eff:0.1% logz-ratio=1189946.52+/-0.17 dlogz:4.345>0.01]28960it [17:14:27,  6.18s/it, bound:6752 nc:1566 ncall:3.1e+07 eff:0.1% logz-ratio=1189946.52+/-0.17 dlogz:4.333>0.01]28964it [17:14:56,  6.55s/it, bound:6753 nc:1409 ncall:3.1e+07 eff:0.1% logz-ratio=1189946.53+/-0.17 dlogz:4.321>0.01]28968it [17:15:26,  6.83s/it, bound:6754 nc:1324 ncall:3.1e+07 eff:0.1% logz-ratio=1189946.53+/-0.17 dlogz:4.308>0.01]28972it [17:15:58,  7.17s/it, bound:6755 nc:1309 ncall:3.1e+07 eff:0.1% logz-ratio=1189946.54+/-0.18 dlogz:4.296>0.01]28976it [17:16:36,  7.87s/it, bound:6756 nc:1750 ncall:3.1e+07 eff:0.1% logz-ratio=1189946.54+/-0.18 dlogz:4.284>0.01]28980it [17:17:09,  8.00s/it, bound:6757 nc:1495 ncall:3.1e+07 eff:0.1% logz-ratio=1189946.54+/-0.18 dlogz:4.271>0.01]28984it [17:17:47,  8.43s/it, bound:6758 nc:1923 ncall:3.1e+07 eff:0.1% logz-ratio=1189946.55+/-0.18 dlogz:4.259>0.01]28985it [17:18:03,  9.16s/it, bound:6758 nc:1866 ncall:3.1e+07 eff:0.1% logz-ratio=1189946.55+/-0.18 dlogz:4.256>0.01]28988it [17:18:37,  9.79s/it, bound:6759 nc:1983 ncall:3.1e+07 eff:0.1% logz-ratio=1189946.55+/-0.18 dlogz:4.247>0.01]28992it [17:19:14,  9.60s/it, bound:6760 nc:1771 ncall:3.1e+07 eff:0.1% logz-ratio=1189946.56+/-0.18 dlogz:4.235>0.01]28996it [17:19:48,  9.24s/it, bound:6761 nc:1669 ncall:3.1e+07 eff:0.1% logz-ratio=1189946.56+/-0.18 dlogz:4.222>0.01]29000it [17:20:20,  8.79s/it, bound:6762 nc:1708 ncall:3.1e+07 eff:0.1% logz-ratio=1189946.57+/-0.18 dlogz:4.210>0.01]29004it [17:20:53,  8.65s/it, bound:6763 nc:1487 ncall:3.1e+07 eff:0.1% logz-ratio=1189946.57+/-0.18 dlogz:4.198>0.01]29008it [17:21:26,  8.55s/it, bound:6764 nc:1581 ncall:3.1e+07 eff:0.1% logz-ratio=1189946.58+/-0.18 dlogz:4.186>0.01]29012it [17:21:58,  8.37s/it, bound:6765 nc:1505 ncall:3.1e+07 eff:0.1% logz-ratio=1189946.58+/-0.18 dlogz:4.174>0.01]29016it [17:22:34,  8.55s/it, bound:6766 nc:1782 ncall:3.1e+07 eff:0.1% logz-ratio=1189946.58+/-0.18 dlogz:4.162>0.01]29020it [17:23:03,  8.18s/it, bound:6767 nc:1683 ncall:3.1e+07 eff:0.1% logz-ratio=1189946.59+/-0.18 dlogz:4.149>0.01]29024it [17:23:35,  8.07s/it, bound:6768 nc:1399 ncall:3.1e+07 eff:0.1% logz-ratio=1189946.59+/-0.18 dlogz:4.137>0.01]29028it [17:24:07,  8.08s/it, bound:6769 nc:1576 ncall:3.1e+07 eff:0.1% logz-ratio=1189946.60+/-0.18 dlogz:4.125>0.01]29032it [17:24:35,  7.72s/it, bound:6770 nc:1314 ncall:3.1e+07 eff:0.1% logz-ratio=1189946.60+/-0.18 dlogz:4.113>0.01]29036it [17:25:05,  7.67s/it, bound:6771 nc:1591 ncall:3.1e+07 eff:0.1% logz-ratio=1189946.61+/-0.18 dlogz:4.101>0.01]29040it [17:25:32,  7.37s/it, bound:6772 nc:1461 ncall:3.1e+07 eff:0.1% logz-ratio=1189946.61+/-0.18 dlogz:4.089>0.01]29044it [17:25:59,  7.21s/it, bound:6773 nc:1427 ncall:3.1e+07 eff:0.1% logz-ratio=1189946.61+/-0.18 dlogz:4.077>0.01]29048it [17:26:24,  6.95s/it, bound:6774 nc:1494 ncall:3.1e+07 eff:0.1% logz-ratio=1189946.62+/-0.18 dlogz:4.065>0.01]29052it [17:26:50,  6.78s/it, bound:6775 nc:1423 ncall:3.1e+07 eff:0.1% logz-ratio=1189946.62+/-0.18 dlogz:4.054>0.01]29056it [17:27:19,  6.90s/it, bound:6776 nc:1399 ncall:3.1e+07 eff:0.1% logz-ratio=1189946.63+/-0.18 dlogz:4.042>0.01]29060it [17:27:49,  7.13s/it, bound:6777 nc:1429 ncall:3.1e+07 eff:0.1% logz-ratio=1189946.63+/-0.19 dlogz:4.030>0.01]29064it [17:28:16,  6.97s/it, bound:6778 nc:1341 ncall:3.2e+07 eff:0.1% logz-ratio=1189946.63+/-0.19 dlogz:4.018>0.01]29066it [17:28:31,  7.14s/it, bound:6778 nc:1215 ncall:3.2e+07 eff:0.1% logz-ratio=1189946.64+/-0.19 dlogz:4.012>0.01]29068it [17:28:56,  8.16s/it, bound:6779 nc:1289 ncall:3.2e+07 eff:0.1% logz-ratio=1189946.64+/-0.19 dlogz:4.006>0.01]29072it [17:29:23,  7.63s/it, bound:6780 nc:1291 ncall:3.2e+07 eff:0.1% logz-ratio=1189946.64+/-0.19 dlogz:3.994>0.01]29076it [17:29:57,  7.98s/it, bound:6781 nc:1641 ncall:3.2e+07 eff:0.1% logz-ratio=1189946.65+/-0.19 dlogz:3.982>0.01]29080it [17:30:31,  8.16s/it, bound:6782 nc:1710 ncall:3.2e+07 eff:0.1% logz-ratio=1189946.65+/-0.19 dlogz:3.970>0.01]29084it [17:31:01,  7.89s/it, bound:6783 nc:1599 ncall:3.2e+07 eff:0.1% logz-ratio=1189946.66+/-0.19 dlogz:3.958>0.01]29088it [17:31:35,  8.10s/it, bound:6784 nc:1629 ncall:3.2e+07 eff:0.1% logz-ratio=1189946.66+/-0.19 dlogz:3.946>0.01]29092it [17:32:10,  8.29s/it, bound:6785 nc:1658 ncall:3.2e+07 eff:0.1% logz-ratio=1189946.66+/-0.19 dlogz:3.934>0.01]29096it [17:32:40,  8.08s/it, bound:6786 nc:1519 ncall:3.2e+07 eff:0.1% logz-ratio=1189946.67+/-0.19 dlogz:3.922>0.01]29100it [17:33:13,  8.11s/it, bound:6787 nc:1551 ncall:3.2e+07 eff:0.1% logz-ratio=1189946.67+/-0.19 dlogz:3.910>0.01]29104it [17:33:41,  7.79s/it, bound:6788 nc:1462 ncall:3.2e+07 eff:0.1% logz-ratio=1189946.68+/-0.19 dlogz:3.899>0.01]29108it [17:34:16,  8.08s/it, bound:6789 nc:1322 ncall:3.2e+07 eff:0.1% logz-ratio=1189946.68+/-0.19 dlogz:3.887>0.01]29112it [17:34:43,  7.71s/it, bound:6790 nc:1533 ncall:3.2e+07 eff:0.1% logz-ratio=1189946.68+/-0.19 dlogz:3.875>0.01]29116it [17:35:15,  7.73s/it, bound:6791 nc:1467 ncall:3.2e+07 eff:0.1% logz-ratio=1189946.69+/-0.19 dlogz:3.863>0.01]29120it [17:35:46,  7.73s/it, bound:6792 nc:1459 ncall:3.2e+07 eff:0.1% logz-ratio=1189946.69+/-0.19 dlogz:3.852>0.01]29123it [17:36:15,  8.28s/it, bound:6793 nc:1598 ncall:3.2e+07 eff:0.1% logz-ratio=1189946.70+/-0.19 dlogz:3.843>0.01]29127it [17:36:48,  8.24s/it, bound:6794 nc:1546 ncall:3.2e+07 eff:0.1% logz-ratio=1189946.70+/-0.19 dlogz:3.831>0.01]29131it [17:37:17,  7.95s/it, bound:6795 nc:1526 ncall:3.2e+07 eff:0.1% logz-ratio=1189946.70+/-0.19 dlogz:3.819>0.01]29135it [17:37:47,  7.76s/it, bound:6796 nc:1292 ncall:3.2e+07 eff:0.1% logz-ratio=1189946.71+/-0.19 dlogz:3.808>0.01]29139it [17:38:18,  7.81s/it, bound:6797 nc:1570 ncall:3.2e+07 eff:0.1% logz-ratio=1189946.71+/-0.19 dlogz:3.796>0.01]29143it [17:38:46,  7.51s/it, bound:6798 nc:1320 ncall:3.2e+07 eff:0.1% logz-ratio=1189946.72+/-0.19 dlogz:3.784>0.01]29146it [17:39:02,  6.97s/it, bound:6799 nc:1456 ncall:3.2e+07 eff:0.1% logz-ratio=1189946.72+/-0.19 dlogz:3.775>0.01]29147it [17:39:31,  9.36s/it, bound:6799 nc:1174 ncall:3.2e+07 eff:0.1% logz-ratio=1189946.72+/-0.19 dlogz:3.772>0.01]29151it [17:40:00,  8.53s/it, bound:6800 nc:1395 ncall:3.2e+07 eff:0.1% logz-ratio=1189946.72+/-0.19 dlogz:3.761>0.01]29155it [17:40:24,  7.69s/it, bound:6801 nc:1272 ncall:3.2e+07 eff:0.1% logz-ratio=1189946.73+/-0.19 dlogz:3.749>0.01]29159it [17:40:51,  7.35s/it, bound:6802 nc:1407 ncall:3.2e+07 eff:0.1% logz-ratio=1189946.73+/-0.19 dlogz:3.737>0.01]29163it [17:41:15,  6.87s/it, bound:6803 nc:1256 ncall:3.2e+07 eff:0.1% logz-ratio=1189946.73+/-0.19 dlogz:3.726>0.01]29167it [17:41:37,  6.43s/it, bound:6804 nc:1258 ncall:3.2e+07 eff:0.1% logz-ratio=1189946.74+/-0.19 dlogz:3.714>0.01]29171it [17:41:55,  5.88s/it, bound:6805 nc:1300 ncall:3.2e+07 eff:0.1% logz-ratio=1189946.74+/-0.20 dlogz:3.703>0.01]29175it [17:42:13,  5.44s/it, bound:6806 nc:1217 ncall:3.2e+07 eff:0.1% logz-ratio=1189946.75+/-0.20 dlogz:3.691>0.01]29179it [17:42:31,  5.16s/it, bound:6807 nc:1266 ncall:3.2e+07 eff:0.1% logz-ratio=1189946.75+/-0.20 dlogz:3.680>0.01]29183it [17:42:48,  4.89s/it, bound:6808 nc:1200 ncall:3.2e+07 eff:0.1% logz-ratio=1189946.75+/-0.20 dlogz:3.668>0.01]29187it [17:43:09,  5.02s/it, bound:6809 nc:1222 ncall:3.2e+07 eff:0.1% logz-ratio=1189946.76+/-0.20 dlogz:3.657>0.01]29191it [17:43:32,  5.19s/it, bound:6810 nc:1310 ncall:3.2e+07 eff:0.1% logz-ratio=1189946.76+/-0.20 dlogz:3.645>0.01]29195it [17:43:56,  5.49s/it, bound:6811 nc:1435 ncall:3.2e+07 eff:0.1% logz-ratio=1189946.77+/-0.20 dlogz:3.634>0.01]29199it [17:44:23,  5.81s/it, bound:6812 nc:1568 ncall:3.2e+07 eff:0.1% logz-ratio=1189946.77+/-0.20 dlogz:3.622>0.01]29203it [17:44:52,  6.29s/it, bound:6813 nc:1446 ncall:3.2e+07 eff:0.1% logz-ratio=1189946.77+/-0.20 dlogz:3.611>0.01]29207it [17:45:17,  6.29s/it, bound:6814 nc:1401 ncall:3.2e+07 eff:0.1% logz-ratio=1189946.78+/-0.20 dlogz:3.599>0.01]29211it [17:45:48,  6.66s/it, bound:6815 nc:1461 ncall:3.2e+07 eff:0.1% logz-ratio=1189946.78+/-0.20 dlogz:3.588>0.01]29215it [17:46:17,  6.88s/it, bound:6816 nc:1473 ncall:3.2e+07 eff:0.1% logz-ratio=1189946.78+/-0.20 dlogz:3.577>0.01]29218it [17:46:45,  7.45s/it, bound:6817 nc:2664 ncall:3.2e+07 eff:0.1% logz-ratio=1189946.79+/-0.20 dlogz:3.568>0.01]29222it [17:47:11,  7.17s/it, bound:6818 nc:1345 ncall:3.2e+07 eff:0.1% logz-ratio=1189946.79+/-0.20 dlogz:3.557>0.01]29226it [17:47:39,  7.13s/it, bound:6819 nc:1383 ncall:3.2e+07 eff:0.1% logz-ratio=1189946.79+/-0.20 dlogz:3.545>0.01]29230it [17:48:02,  6.71s/it, bound:6820 nc:1329 ncall:3.2e+07 eff:0.1% logz-ratio=1189946.80+/-0.20 dlogz:3.534>0.01]29234it [17:48:25,  6.38s/it, bound:6821 nc:1043 ncall:3.2e+07 eff:0.1% logz-ratio=1189946.80+/-0.20 dlogz:3.523>0.01]29238it [17:48:48,  6.19s/it, bound:6822 nc:1309 ncall:3.2e+07 eff:0.1% logz-ratio=1189946.81+/-0.20 dlogz:3.511>0.01]29242it [17:49:17,  6.51s/it, bound:6823 nc:1338 ncall:3.2e+07 eff:0.1% logz-ratio=1189946.81+/-0.20 dlogz:3.500>0.01]29244it [17:49:33,  6.77s/it, bound:6823 nc:1391 ncall:3.2e+07 eff:0.1% logz-ratio=1189946.81+/-0.20 dlogz:3.494>0.01]29246it [17:49:55,  7.61s/it, bound:6824 nc:1386 ncall:3.2e+07 eff:0.1% logz-ratio=1189946.81+/-0.20 dlogz:3.489>0.01]29250it [17:50:18,  6.93s/it, bound:6825 nc:1310 ncall:3.2e+07 eff:0.1% logz-ratio=1189946.82+/-0.20 dlogz:3.477>0.01]29254it [17:50:39,  6.40s/it, bound:6826 nc:1303 ncall:3.2e+07 eff:0.1% logz-ratio=1189946.82+/-0.20 dlogz:3.466>0.01]29258it [17:51:04,  6.35s/it, bound:6827 nc:1287 ncall:3.2e+07 eff:0.1% logz-ratio=1189946.82+/-0.20 dlogz:3.455>0.01]29262it [17:51:26,  6.05s/it, bound:6828 nc:1360 ncall:3.2e+07 eff:0.1% logz-ratio=1189946.83+/-0.20 dlogz:3.444>0.01]29266it [17:51:51,  6.14s/it, bound:6829 nc:1324 ncall:3.2e+07 eff:0.1% logz-ratio=1189946.83+/-0.20 dlogz:3.432>0.01]29270it [17:52:14,  6.01s/it, bound:6830 nc:1179 ncall:3.2e+07 eff:0.1% logz-ratio=1189946.83+/-0.20 dlogz:3.421>0.01]29274it [17:52:41,  6.24s/it, bound:6831 nc:1273 ncall:3.2e+07 eff:0.1% logz-ratio=1189946.84+/-0.21 dlogz:3.410>0.01]29278it [17:53:05,  6.16s/it, bound:6832 nc:1230 ncall:3.2e+07 eff:0.1% logz-ratio=1189946.84+/-0.21 dlogz:3.399>0.01]29282it [17:53:28,  6.03s/it, bound:6833 nc:1278 ncall:3.2e+07 eff:0.1% logz-ratio=1189946.85+/-0.21 dlogz:3.388>0.01]29286it [17:53:52,  6.01s/it, bound:6834 nc:1363 ncall:3.2e+07 eff:0.1% logz-ratio=1189946.85+/-0.21 dlogz:3.377>0.01]29289it [17:54:18,  6.68s/it, bound:6835 nc:1337 ncall:3.2e+07 eff:0.1% logz-ratio=1189946.85+/-0.21 dlogz:3.368>0.01]29293it [17:54:42,  6.48s/it, bound:6836 nc:1083 ncall:3.2e+07 eff:0.1% logz-ratio=1189946.85+/-0.21 dlogz:3.357>0.01]29297it [17:55:09,  6.53s/it, bound:6837 nc:1318 ncall:3.2e+07 eff:0.1% logz-ratio=1189946.86+/-0.21 dlogz:3.346>0.01]29301it [17:55:36,  6.63s/it, bound:6838 nc:1308 ncall:3.2e+07 eff:0.1% logz-ratio=1189946.86+/-0.21 dlogz:3.335>0.01]29305it [17:56:03,  6.61s/it, bound:6839 nc:1218 ncall:3.2e+07 eff:0.1% logz-ratio=1189946.87+/-0.21 dlogz:3.324>0.01]29309it [17:56:27,  6.46s/it, bound:6840 nc:1233 ncall:3.2e+07 eff:0.1% logz-ratio=1189946.87+/-0.21 dlogz:3.313>0.01]29313it [17:56:56,  6.68s/it, bound:6841 nc:1384 ncall:3.2e+07 eff:0.1% logz-ratio=1189946.87+/-0.21 dlogz:3.302>0.01]29317it [17:57:18,  6.37s/it, bound:6842 nc:1223 ncall:3.2e+07 eff:0.1% logz-ratio=1189946.88+/-0.21 dlogz:3.291>0.01]29321it [17:57:41,  6.14s/it, bound:6843 nc:1294 ncall:3.2e+07 eff:0.1% logz-ratio=1189946.88+/-0.21 dlogz:3.280>0.01]29325it [17:58:02,  5.87s/it, bound:6844 nc:1335 ncall:3.2e+07 eff:0.1% logz-ratio=1189946.88+/-0.21 dlogz:3.269>0.01]29329it [17:58:23,  5.73s/it, bound:6845 nc:1389 ncall:3.2e+07 eff:0.1% logz-ratio=1189946.89+/-0.21 dlogz:3.258>0.01]29333it [17:58:50,  6.01s/it, bound:6846 nc:1710 ncall:3.2e+07 eff:0.1% logz-ratio=1189946.89+/-0.21 dlogz:3.247>0.01]29337it [17:59:17,  6.23s/it, bound:6847 nc:1570 ncall:3.2e+07 eff:0.1% logz-ratio=1189946.89+/-0.21 dlogz:3.236>0.01]29341it [17:59:48,  6.72s/it, bound:6848 nc:1498 ncall:3.2e+07 eff:0.1% logz-ratio=1189946.90+/-0.21 dlogz:3.225>0.01]29344it [18:00:05,  6.40s/it, bound:6849 nc:1682 ncall:3.2e+07 eff:0.1% logz-ratio=1189946.90+/-0.21 dlogz:3.217>0.01]29345it [18:00:34,  8.78s/it, bound:6849 nc:1654 ncall:3.2e+07 eff:0.1% logz-ratio=1189946.90+/-0.21 dlogz:3.214>0.01]29349it [18:01:00,  7.97s/it, bound:6850 nc:1585 ncall:3.2e+07 eff:0.1% logz-ratio=1189946.90+/-0.21 dlogz:3.203>0.01]29353it [18:01:28,  7.57s/it, bound:6851 nc:1565 ncall:3.2e+07 eff:0.1% logz-ratio=1189946.91+/-0.21 dlogz:3.193>0.01]29357it [18:01:55,  7.32s/it, bound:6852 nc:1528 ncall:3.2e+07 eff:0.1% logz-ratio=1189946.91+/-0.21 dlogz:3.182>0.01]29361it [18:02:25,  7.34s/it, bound:6853 nc:1553 ncall:3.2e+07 eff:0.1% logz-ratio=1189946.91+/-0.21 dlogz:3.171>0.01]29365it [18:02:56,  7.54s/it, bound:6854 nc:1555 ncall:3.2e+07 eff:0.1% logz-ratio=1189946.92+/-0.21 dlogz:3.160>0.01]29369it [18:03:22,  7.18s/it, bound:6855 nc:1520 ncall:3.2e+07 eff:0.1% logz-ratio=1189946.92+/-0.21 dlogz:3.149>0.01]29373it [18:03:50,  7.17s/it, bound:6856 nc:1406 ncall:3.2e+07 eff:0.1% logz-ratio=1189946.92+/-0.21 dlogz:3.139>0.01]29377it [18:04:17,  6.97s/it, bound:6857 nc:1369 ncall:3.2e+07 eff:0.1% logz-ratio=1189946.93+/-0.21 dlogz:3.128>0.01]29381it [18:04:43,  6.88s/it, bound:6858 nc:1322 ncall:3.2e+07 eff:0.1% logz-ratio=1189946.93+/-0.21 dlogz:3.117>0.01]29385it [18:05:03,  6.26s/it, bound:6859 nc:1337 ncall:3.2e+07 eff:0.1% logz-ratio=1189946.93+/-0.21 dlogz:3.106>0.01]29389it [18:05:22,  5.82s/it, bound:6860 nc:1352 ncall:3.2e+07 eff:0.1% logz-ratio=1189946.94+/-0.21 dlogz:3.096>0.01]29393it [18:05:45,  5.83s/it, bound:6861 nc:1277 ncall:3.2e+07 eff:0.1% logz-ratio=1189946.94+/-0.22 dlogz:3.085>0.01]29397it [18:06:08,  5.83s/it, bound:6862 nc:1178 ncall:3.2e+07 eff:0.1% logz-ratio=1189946.94+/-0.22 dlogz:3.074>0.01]29401it [18:06:30,  5.69s/it, bound:6863 nc:1133 ncall:3.2e+07 eff:0.1% logz-ratio=1189946.94+/-0.22 dlogz:3.064>0.01]29405it [18:06:50,  5.52s/it, bound:6864 nc:1103 ncall:3.2e+07 eff:0.1% logz-ratio=1189946.95+/-0.22 dlogz:3.053>0.01]29409it [18:07:10,  5.31s/it, bound:6865 nc:1160 ncall:3.2e+07 eff:0.1% logz-ratio=1189946.95+/-0.22 dlogz:3.042>0.01]29413it [18:07:30,  5.27s/it, bound:6866 nc:986 ncall:3.2e+07 eff:0.1% logz-ratio=1189946.95+/-0.22 dlogz:3.032>0.01] 29417it [18:07:51,  5.26s/it, bound:6867 nc:1194 ncall:3.2e+07 eff:0.1% logz-ratio=1189946.96+/-0.22 dlogz:3.021>0.01]29421it [18:08:11,  5.17s/it, bound:6868 nc:1218 ncall:3.2e+07 eff:0.1% logz-ratio=1189946.96+/-0.22 dlogz:3.010>0.01]29425it [18:08:31,  5.13s/it, bound:6869 nc:1222 ncall:3.2e+07 eff:0.1% logz-ratio=1189946.96+/-0.22 dlogz:3.000>0.01]29429it [18:08:50,  5.01s/it, bound:6870 nc:1089 ncall:3.2e+07 eff:0.1% logz-ratio=1189946.97+/-0.22 dlogz:2.989>0.01]29433it [18:09:11,  5.06s/it, bound:6871 nc:1233 ncall:3.2e+07 eff:0.1% logz-ratio=1189946.97+/-0.22 dlogz:2.979>0.01]29437it [18:09:33,  5.17s/it, bound:6872 nc:1285 ncall:3.2e+07 eff:0.1% logz-ratio=1189946.97+/-0.22 dlogz:2.968>0.01]29441it [18:09:53,  5.13s/it, bound:6873 nc:1204 ncall:3.2e+07 eff:0.1% logz-ratio=1189946.98+/-0.22 dlogz:2.958>0.01]29445it [18:10:13,  5.11s/it, bound:6874 nc:1176 ncall:3.2e+07 eff:0.1% logz-ratio=1189946.98+/-0.22 dlogz:2.947>0.01]29448it [18:10:29,  5.16s/it, bound:6875 nc:1159 ncall:3.2e+07 eff:0.1% logz-ratio=1189946.98+/-0.22 dlogz:2.939>0.01]29449it [18:10:48,  6.63s/it, bound:6875 nc:1141 ncall:3.2e+07 eff:0.1% logz-ratio=1189946.98+/-0.22 dlogz:2.936>0.01]29453it [18:11:07,  5.86s/it, bound:6876 nc:1110 ncall:3.2e+07 eff:0.1% logz-ratio=1189946.99+/-0.22 dlogz:2.926>0.01]29457it [18:11:29,  5.77s/it, bound:6877 nc:1254 ncall:3.2e+07 eff:0.1% logz-ratio=1189946.99+/-0.22 dlogz:2.915>0.01]29461it [18:11:51,  5.66s/it, bound:6878 nc:1323 ncall:3.2e+07 eff:0.1% logz-ratio=1189946.99+/-0.22 dlogz:2.905>0.01]29465it [18:12:14,  5.72s/it, bound:6879 nc:1256 ncall:3.2e+07 eff:0.1% logz-ratio=1189947.00+/-0.22 dlogz:2.894>0.01]29469it [18:12:37,  5.72s/it, bound:6880 nc:1246 ncall:3.2e+07 eff:0.1% logz-ratio=1189947.00+/-0.22 dlogz:2.884>0.01]29473it [18:13:03,  5.94s/it, bound:6881 nc:1177 ncall:3.2e+07 eff:0.1% logz-ratio=1189947.00+/-0.22 dlogz:2.873>0.01]29477it [18:13:32,  6.38s/it, bound:6882 nc:1447 ncall:3.2e+07 eff:0.1% logz-ratio=1189947.00+/-0.22 dlogz:2.863>0.01]29481it [18:14:02,  6.73s/it, bound:6883 nc:1351 ncall:3.2e+07 eff:0.1% logz-ratio=1189947.01+/-0.22 dlogz:2.853>0.01]29485it [18:14:27,  6.54s/it, bound:6884 nc:1378 ncall:3.2e+07 eff:0.1% logz-ratio=1189947.01+/-0.22 dlogz:2.842>0.01]29489it [18:14:51,  6.39s/it, bound:6885 nc:1313 ncall:3.2e+07 eff:0.1% logz-ratio=1189947.01+/-0.22 dlogz:2.832>0.01]29493it [18:15:14,  6.20s/it, bound:6886 nc:1185 ncall:3.2e+07 eff:0.1% logz-ratio=1189947.02+/-0.22 dlogz:2.821>0.01]29497it [18:15:36,  5.96s/it, bound:6887 nc:1126 ncall:3.2e+07 eff:0.1% logz-ratio=1189947.02+/-0.22 dlogz:2.811>0.01]29501it [18:15:59,  5.95s/it, bound:6888 nc:1260 ncall:3.2e+07 eff:0.1% logz-ratio=1189947.02+/-0.23 dlogz:2.801>0.01]29505it [18:16:20,  5.72s/it, bound:6889 nc:1263 ncall:3.2e+07 eff:0.1% logz-ratio=1189947.03+/-0.23 dlogz:2.790>0.01]29509it [18:16:44,  5.83s/it, bound:6890 nc:1230 ncall:3.2e+07 eff:0.1% logz-ratio=1189947.03+/-0.23 dlogz:2.780>0.01]29513it [18:17:08,  5.88s/it, bound:6891 nc:1212 ncall:3.2e+07 eff:0.1% logz-ratio=1189947.03+/-0.23 dlogz:2.770>0.01]29517it [18:17:34,  6.03s/it, bound:6892 nc:1092 ncall:3.2e+07 eff:0.1% logz-ratio=1189947.03+/-0.23 dlogz:2.760>0.01]29521it [18:17:53,  5.69s/it, bound:6893 nc:1217 ncall:3.2e+07 eff:0.1% logz-ratio=1189947.04+/-0.23 dlogz:2.749>0.01]29525it [18:18:17,  5.77s/it, bound:6894 nc:1278 ncall:3.2e+07 eff:0.1% logz-ratio=1189947.04+/-0.23 dlogz:2.739>0.01]29529it [18:18:38,  5.59s/it, bound:6895 nc:1196 ncall:3.2e+07 eff:0.1% logz-ratio=1189947.04+/-0.23 dlogz:2.729>0.01]29533it [18:19:01,  5.62s/it, bound:6896 nc:1196 ncall:3.2e+07 eff:0.1% logz-ratio=1189947.05+/-0.23 dlogz:2.719>0.01]29537it [18:19:24,  5.72s/it, bound:6897 nc:1200 ncall:3.2e+07 eff:0.1% logz-ratio=1189947.05+/-0.23 dlogz:2.709>0.01]29541it [18:19:45,  5.58s/it, bound:6898 nc:1113 ncall:3.2e+07 eff:0.1% logz-ratio=1189947.05+/-0.23 dlogz:2.698>0.01]29545it [18:20:09,  5.67s/it, bound:6899 nc:1162 ncall:3.2e+07 eff:0.1% logz-ratio=1189947.06+/-0.23 dlogz:2.688>0.01]29549it [18:20:30,  5.57s/it, bound:6900 nc:1258 ncall:3.2e+07 eff:0.1% logz-ratio=1189947.06+/-0.23 dlogz:2.678>0.01]29550it [18:20:47,  6.61s/it, bound:6900 nc:1095 ncall:3.2e+07 eff:0.1% logz-ratio=1189947.06+/-0.23 dlogz:2.676>0.01]29553it [18:21:10,  6.91s/it, bound:6901 nc:1154 ncall:3.2e+07 eff:0.1% logz-ratio=1189947.06+/-0.23 dlogz:2.668>0.01]29557it [18:21:34,  6.57s/it, bound:6902 nc:1226 ncall:3.2e+07 eff:0.1% logz-ratio=1189947.06+/-0.23 dlogz:2.658>0.01]29561it [18:21:58,  6.42s/it, bound:6903 nc:1215 ncall:3.2e+07 eff:0.1% logz-ratio=1189947.07+/-0.23 dlogz:2.648>0.01]29565it [18:22:23,  6.33s/it, bound:6904 nc:1119 ncall:3.2e+07 eff:0.1% logz-ratio=1189947.07+/-0.23 dlogz:2.638>0.01]29569it [18:22:44,  6.05s/it, bound:6905 nc:1007 ncall:3.2e+07 eff:0.1% logz-ratio=1189947.07+/-0.23 dlogz:2.628>0.01]29573it [18:23:08,  6.01s/it, bound:6906 nc:1189 ncall:3.2e+07 eff:0.1% logz-ratio=1189947.07+/-0.23 dlogz:2.618>0.01]29577it [18:23:32,  5.98s/it, bound:6907 nc:1080 ncall:3.2e+07 eff:0.1% logz-ratio=1189947.08+/-0.23 dlogz:2.608>0.01]29581it [18:23:53,  5.79s/it, bound:6908 nc:990 ncall:3.2e+07 eff:0.1% logz-ratio=1189947.08+/-0.23 dlogz:2.598>0.01] 29585it [18:24:12,  5.48s/it, bound:6909 nc:1048 ncall:3.2e+07 eff:0.1% logz-ratio=1189947.08+/-0.23 dlogz:2.588>0.01]29589it [18:24:30,  5.17s/it, bound:6910 nc:1243 ncall:3.2e+07 eff:0.1% logz-ratio=1189947.09+/-0.23 dlogz:2.578>0.01]29593it [18:24:49,  5.02s/it, bound:6911 nc:1314 ncall:3.2e+07 eff:0.1% logz-ratio=1189947.09+/-0.23 dlogz:3.127>0.01]29597it [18:25:08,  4.93s/it, bound:6912 nc:1213 ncall:3.2e+07 eff:0.1% logz-ratio=1189947.09+/-0.23 dlogz:3.117>0.01]29601it [18:25:26,  4.85s/it, bound:6913 nc:1129 ncall:3.2e+07 eff:0.1% logz-ratio=1189947.09+/-0.23 dlogz:3.107>0.01]29605it [18:25:43,  4.64s/it, bound:6914 nc:1155 ncall:3.2e+07 eff:0.1% logz-ratio=1189947.10+/-0.23 dlogz:3.097>0.01]29609it [18:26:03,  4.73s/it, bound:6915 nc:1285 ncall:3.2e+07 eff:0.1% logz-ratio=1189947.10+/-0.23 dlogz:3.087>0.01]29613it [18:26:24,  4.91s/it, bound:6916 nc:1241 ncall:3.2e+07 eff:0.1% logz-ratio=1189947.10+/-0.23 dlogz:3.076>0.01]29617it [18:26:50,  5.35s/it, bound:6917 nc:1248 ncall:3.2e+07 eff:0.1% logz-ratio=1189947.10+/-0.23 dlogz:3.066>0.01]29621it [18:27:15,  5.65s/it, bound:6918 nc:1245 ncall:3.2e+07 eff:0.1% logz-ratio=1189947.11+/-0.23 dlogz:3.056>0.01]29625it [18:27:41,  5.88s/it, bound:6919 nc:1178 ncall:3.2e+07 eff:0.1% logz-ratio=1189947.11+/-0.23 dlogz:3.046>0.01]29629it [18:28:07,  6.11s/it, bound:6920 nc:1240 ncall:3.2e+07 eff:0.1% logz-ratio=1189947.11+/-0.23 dlogz:3.036>0.01]29633it [18:28:34,  6.26s/it, bound:6921 nc:1227 ncall:3.2e+07 eff:0.1% logz-ratio=1189947.12+/-0.24 dlogz:3.026>0.01]29637it [18:29:02,  6.54s/it, bound:6922 nc:1391 ncall:3.2e+07 eff:0.1% logz-ratio=1189947.12+/-0.24 dlogz:3.016>0.01]29641it [18:29:31,  6.73s/it, bound:6923 nc:1287 ncall:3.2e+07 eff:0.1% logz-ratio=1189947.12+/-0.24 dlogz:3.005>0.01]29645it [18:29:53,  6.38s/it, bound:6924 nc:1068 ncall:3.2e+07 eff:0.1% logz-ratio=1189947.12+/-0.24 dlogz:2.995>0.01]29649it [18:30:16,  6.20s/it, bound:6925 nc:1226 ncall:3.2e+07 eff:0.1% logz-ratio=1189947.13+/-0.24 dlogz:2.985>0.01]29653it [18:30:41,  6.16s/it, bound:6926 nc:1256 ncall:3.2e+07 eff:0.1% logz-ratio=1189947.13+/-0.24 dlogz:2.975>0.01]29656it [18:30:57,  5.97s/it, bound:6927 nc:1228 ncall:3.2e+07 eff:0.1% logz-ratio=1189947.13+/-0.24 dlogz:2.968>0.01]29657it [18:31:18,  7.56s/it, bound:6927 nc:1208 ncall:3.2e+07 eff:0.1% logz-ratio=1189947.13+/-0.24 dlogz:2.965>0.01]29661it [18:31:45,  7.26s/it, bound:6928 nc:1268 ncall:3.2e+07 eff:0.1% logz-ratio=1189947.13+/-0.24 dlogz:2.955>0.01]29665it [18:32:14,  7.20s/it, bound:6929 nc:1329 ncall:3.2e+07 eff:0.1% logz-ratio=1189947.14+/-0.24 dlogz:2.945>0.01]29669it [18:32:42,  7.15s/it, bound:6930 nc:1343 ncall:3.2e+07 eff:0.1% logz-ratio=1189947.14+/-0.24 dlogz:2.935>0.01]29673it [18:33:10,  7.14s/it, bound:6931 nc:1341 ncall:3.2e+07 eff:0.1% logz-ratio=1189947.14+/-0.24 dlogz:2.925>0.01]29677it [18:33:38,  7.08s/it, bound:6932 nc:1320 ncall:3.2e+07 eff:0.1% logz-ratio=1189947.14+/-0.24 dlogz:2.915>0.01]29681it [18:34:06,  7.07s/it, bound:6933 nc:1245 ncall:3.2e+07 eff:0.1% logz-ratio=1189947.15+/-0.24 dlogz:2.905>0.01]29685it [18:34:33,  6.93s/it, bound:6934 nc:1256 ncall:3.2e+07 eff:0.1% logz-ratio=1189947.15+/-0.24 dlogz:2.895>0.01]29689it [18:34:57,  6.64s/it, bound:6935 nc:1219 ncall:3.2e+07 eff:0.1% logz-ratio=1189947.15+/-0.24 dlogz:2.885>0.01]29692it [18:35:19,  6.86s/it, bound:6936 nc:1239 ncall:3.2e+07 eff:0.1% logz-ratio=1189947.15+/-0.24 dlogz:2.878>0.01]29693it [18:35:37,  8.06s/it, bound:6936 nc:1101 ncall:3.2e+07 eff:0.1% logz-ratio=1189947.15+/-0.24 dlogz:2.875>0.01]29697it [18:35:58,  7.00s/it, bound:6937 nc:1427 ncall:3.2e+07 eff:0.1% logz-ratio=1189947.16+/-0.24 dlogz:2.865>0.01]29698it [18:36:30,  9.95s/it, bound:6937 nc:1468 ncall:3.2e+07 eff:0.1% logz-ratio=1189947.16+/-0.24 dlogz:2.863>0.01]29701it [18:36:55,  9.32s/it, bound:6938 nc:1272 ncall:3.2e+07 eff:0.1% logz-ratio=1189947.16+/-0.24 dlogz:2.855>0.01]29705it [18:37:19,  8.04s/it, bound:6939 nc:1384 ncall:3.2e+07 eff:0.1% logz-ratio=1189947.16+/-0.24 dlogz:2.846>0.01]29709it [18:37:45,  7.48s/it, bound:6940 nc:1346 ncall:3.2e+07 eff:0.1% logz-ratio=1189947.16+/-0.24 dlogz:2.836>0.01]29710it [18:37:55,  7.84s/it, bound:6940 nc:1283 ncall:3.2e+07 eff:0.1% logz-ratio=1189947.16+/-0.24 dlogz:2.833>0.01]29713it [18:38:21,  8.04s/it, bound:6941 nc:1381 ncall:3.2e+07 eff:0.1% logz-ratio=1189947.17+/-0.24 dlogz:2.826>0.01]29717it [18:38:43,  7.14s/it, bound:6942 nc:1252 ncall:3.2e+07 eff:0.1% logz-ratio=1189947.17+/-0.24 dlogz:2.816>0.01]29721it [18:39:06,  6.61s/it, bound:6943 nc:969 ncall:3.2e+07 eff:0.1% logz-ratio=1189947.17+/-0.24 dlogz:2.806>0.01] 29725it [18:39:30,  6.42s/it, bound:6944 nc:1265 ncall:3.2e+07 eff:0.1% logz-ratio=1189947.17+/-0.24 dlogz:2.796>0.01]29729it [18:39:55,  6.35s/it, bound:6945 nc:1317 ncall:3.2e+07 eff:0.1% logz-ratio=1189947.18+/-0.24 dlogz:2.787>0.01]29733it [18:40:18,  6.18s/it, bound:6946 nc:1261 ncall:3.2e+07 eff:0.1% logz-ratio=1189947.18+/-0.24 dlogz:2.777>0.01]29737it [18:40:44,  6.28s/it, bound:6947 nc:1329 ncall:3.2e+07 eff:0.1% logz-ratio=1189947.18+/-0.24 dlogz:2.767>0.01]29741it [18:41:07,  6.09s/it, bound:6948 nc:1281 ncall:3.2e+07 eff:0.1% logz-ratio=1189947.18+/-0.24 dlogz:2.757>0.01]29745it [18:41:44,  7.08s/it, bound:6949 nc:948 ncall:3.2e+07 eff:0.1% logz-ratio=1189947.19+/-0.24 dlogz:2.747>0.01] 29749it [18:42:09,  6.85s/it, bound:6950 nc:1404 ncall:3.2e+07 eff:0.1% logz-ratio=1189947.19+/-0.25 dlogz:2.738>0.01]29753it [18:42:35,  6.74s/it, bound:6951 nc:1183 ncall:3.2e+07 eff:0.1% logz-ratio=1189947.19+/-0.24 dlogz:2.728>0.01]29757it [18:43:01,  6.60s/it, bound:6952 nc:1393 ncall:3.2e+07 eff:0.1% logz-ratio=1189947.19+/-0.24 dlogz:2.718>0.01]29761it [18:43:24,  6.36s/it, bound:6953 nc:1256 ncall:3.2e+07 eff:0.1% logz-ratio=1189947.20+/-0.25 dlogz:2.709>0.01]29765it [18:43:49,  6.37s/it, bound:6954 nc:1313 ncall:3.2e+07 eff:0.1% logz-ratio=1189947.20+/-0.25 dlogz:2.699>0.01]29769it [18:44:11,  6.06s/it, bound:6955 nc:1296 ncall:3.2e+07 eff:0.1% logz-ratio=1189947.20+/-0.25 dlogz:2.689>0.01]29773it [18:44:33,  5.94s/it, bound:6956 nc:1244 ncall:3.2e+07 eff:0.1% logz-ratio=1189947.20+/-0.25 dlogz:2.680>0.01]29777it [18:44:55,  5.80s/it, bound:6957 nc:1060 ncall:3.2e+07 eff:0.1% logz-ratio=1189947.21+/-0.25 dlogz:2.670>0.01]29781it [18:45:17,  5.72s/it, bound:6958 nc:1145 ncall:3.2e+07 eff:0.1% logz-ratio=1189947.21+/-0.25 dlogz:2.660>0.01]29785it [18:45:41,  5.77s/it, bound:6959 nc:1222 ncall:3.2e+07 eff:0.1% logz-ratio=1189947.21+/-0.25 dlogz:2.651>0.01]29789it [18:46:02,  5.63s/it, bound:6960 nc:1102 ncall:3.2e+07 eff:0.1% logz-ratio=1189947.21+/-0.25 dlogz:2.641>0.01]29793it [18:46:22,  5.47s/it, bound:6961 nc:1109 ncall:3.2e+07 eff:0.1% logz-ratio=1189947.21+/-0.25 dlogz:2.631>0.01]29797it [18:46:43,  5.34s/it, bound:6962 nc:1039 ncall:3.2e+07 eff:0.1% logz-ratio=1189947.22+/-0.25 dlogz:2.622>0.01]29801it [18:47:02,  5.17s/it, bound:6963 nc:1174 ncall:3.2e+07 eff:0.1% logz-ratio=1189947.22+/-0.25 dlogz:2.612>0.01]29805it [18:47:23,  5.21s/it, bound:6964 nc:1134 ncall:3.2e+07 eff:0.1% logz-ratio=1189947.22+/-0.25 dlogz:2.603>0.01]29809it [18:47:43,  5.15s/it, bound:6965 nc:1160 ncall:3.2e+07 eff:0.1% logz-ratio=1189947.22+/-0.25 dlogz:2.593>0.01]29813it [18:48:03,  5.13s/it, bound:6966 nc:1122 ncall:3.2e+07 eff:0.1% logz-ratio=1189947.23+/-0.25 dlogz:2.584>0.01]29817it [18:48:25,  5.23s/it, bound:6967 nc:1171 ncall:3.2e+07 eff:0.1% logz-ratio=1189947.23+/-0.25 dlogz:2.574>0.01]29821it [18:48:48,  5.33s/it, bound:6968 nc:1085 ncall:3.2e+07 eff:0.1% logz-ratio=1189947.23+/-0.25 dlogz:2.565>0.01]29825it [18:49:07,  5.23s/it, bound:6969 nc:1134 ncall:3.2e+07 eff:0.1% logz-ratio=1189947.23+/-0.25 dlogz:2.555>0.01]29829it [18:49:30,  5.32s/it, bound:6970 nc:1270 ncall:3.2e+07 eff:0.1% logz-ratio=1189947.24+/-0.25 dlogz:2.546>0.01]29833it [18:49:52,  5.42s/it, bound:6971 nc:1076 ncall:3.2e+07 eff:0.1% logz-ratio=1189947.24+/-0.25 dlogz:2.536>0.01]29837it [18:50:16,  5.60s/it, bound:6972 nc:1314 ncall:3.3e+07 eff:0.1% logz-ratio=1189947.24+/-0.25 dlogz:2.527>0.01]29840it [18:50:39,  6.06s/it, bound:6973 nc:2427 ncall:3.3e+07 eff:0.1% logz-ratio=1189947.24+/-0.25 dlogz:2.520>0.01]29844it [18:51:02,  5.97s/it, bound:6974 nc:1258 ncall:3.3e+07 eff:0.1% logz-ratio=1189947.24+/-0.25 dlogz:2.510>0.01]29848it [18:51:23,  5.73s/it, bound:6975 nc:1199 ncall:3.3e+07 eff:0.1% logz-ratio=1189947.25+/-0.25 dlogz:2.501>0.01]29851it [18:51:38,  5.56s/it, bound:6976 nc:1081 ncall:3.3e+07 eff:0.1% logz-ratio=1189947.25+/-0.25 dlogz:2.494>0.01]29852it [18:51:57,  7.05s/it, bound:6976 nc:954 ncall:3.3e+07 eff:0.1% logz-ratio=1189947.25+/-0.25 dlogz:2.492>0.01] 29856it [18:52:20,  6.57s/it, bound:6977 nc:1204 ncall:3.3e+07 eff:0.1% logz-ratio=1189947.25+/-0.25 dlogz:2.482>0.01]29860it [18:52:43,  6.25s/it, bound:6978 nc:1243 ncall:3.3e+07 eff:0.1% logz-ratio=1189947.25+/-0.25 dlogz:2.473>0.01]29864it [18:53:03,  5.80s/it, bound:6979 nc:1147 ncall:3.3e+07 eff:0.1% logz-ratio=1189947.25+/-0.25 dlogz:2.464>0.01]29868it [18:53:22,  5.49s/it, bound:6980 nc:1181 ncall:3.3e+07 eff:0.1% logz-ratio=1189947.26+/-0.25 dlogz:2.454>0.01]29872it [18:53:45,  5.58s/it, bound:6981 nc:1160 ncall:3.3e+07 eff:0.1% logz-ratio=1189947.26+/-0.25 dlogz:2.445>0.01]29876it [18:54:09,  5.69s/it, bound:6982 nc:1360 ncall:3.3e+07 eff:0.1% logz-ratio=1189947.26+/-0.25 dlogz:2.436>0.01]29879it [18:54:32,  6.23s/it, bound:6983 nc:1276 ncall:3.3e+07 eff:0.1% logz-ratio=1189947.26+/-0.25 dlogz:2.429>0.01]29883it [18:54:56,  6.10s/it, bound:6984 nc:1172 ncall:3.3e+07 eff:0.1% logz-ratio=1189947.27+/-0.25 dlogz:2.420>0.01]29887it [18:55:18,  5.94s/it, bound:6985 nc:1260 ncall:3.3e+07 eff:0.1% logz-ratio=1189947.27+/-0.25 dlogz:2.410>0.01]29891it [18:55:41,  5.86s/it, bound:6986 nc:1313 ncall:3.3e+07 eff:0.1% logz-ratio=1189947.27+/-0.25 dlogz:2.401>0.01]29895it [18:56:02,  5.65s/it, bound:6987 nc:1290 ncall:3.3e+07 eff:0.1% logz-ratio=1189947.27+/-0.25 dlogz:2.392>0.01]29899it [18:56:27,  5.84s/it, bound:6988 nc:1338 ncall:3.3e+07 eff:0.1% logz-ratio=1189947.27+/-0.25 dlogz:2.383>0.01]29903it [18:56:51,  5.89s/it, bound:6989 nc:1283 ncall:3.3e+07 eff:0.1% logz-ratio=1189947.28+/-0.26 dlogz:2.373>0.01]29907it [18:57:17,  6.09s/it, bound:6990 nc:1355 ncall:3.3e+07 eff:0.1% logz-ratio=1189947.28+/-0.26 dlogz:2.364>0.01]29911it [18:57:37,  5.80s/it, bound:6991 nc:1285 ncall:3.3e+07 eff:0.1% logz-ratio=1189947.28+/-0.26 dlogz:2.355>0.01]29915it [18:58:02,  5.89s/it, bound:6992 nc:1269 ncall:3.3e+07 eff:0.1% logz-ratio=1189947.28+/-0.26 dlogz:2.346>0.01]29919it [18:58:26,  5.94s/it, bound:6993 nc:1251 ncall:3.3e+07 eff:0.1% logz-ratio=1189947.28+/-0.26 dlogz:2.337>0.01]29923it [18:58:48,  5.83s/it, bound:6994 nc:1096 ncall:3.3e+07 eff:0.1% logz-ratio=1189947.29+/-0.26 dlogz:2.328>0.01]29927it [18:59:10,  5.72s/it, bound:6995 nc:1295 ncall:3.3e+07 eff:0.1% logz-ratio=1189947.29+/-0.26 dlogz:2.319>0.01]29931it [18:59:35,  5.88s/it, bound:6996 nc:1392 ncall:3.3e+07 eff:0.1% logz-ratio=1189947.29+/-0.26 dlogz:2.310>0.01]29935it [18:59:58,  5.83s/it, bound:6997 nc:998 ncall:3.3e+07 eff:0.1% logz-ratio=1189947.29+/-0.26 dlogz:2.301>0.01] 29939it [19:00:26,  6.16s/it, bound:6998 nc:1447 ncall:3.3e+07 eff:0.1% logz-ratio=1189947.29+/-0.26 dlogz:2.292>0.01]29942it [19:00:53,  6.85s/it, bound:6999 nc:2787 ncall:3.3e+07 eff:0.1% logz-ratio=1189947.30+/-0.26 dlogz:2.285>0.01]29946it [19:01:21,  6.90s/it, bound:7000 nc:1436 ncall:3.3e+07 eff:0.1% logz-ratio=1189947.30+/-0.26 dlogz:2.276>0.01]29950it [19:01:47,  6.82s/it, bound:7001 nc:1295 ncall:3.3e+07 eff:0.1% logz-ratio=1189947.30+/-0.26 dlogz:2.267>0.01]29951it [19:02:03,  7.67s/it, bound:7001 nc:1391 ncall:3.3e+07 eff:0.1% logz-ratio=1189947.30+/-0.26 dlogz:2.264>0.01]29954it [19:02:29,  8.05s/it, bound:7002 nc:1405 ncall:3.3e+07 eff:0.1% logz-ratio=1189947.30+/-0.26 dlogz:2.258>0.01]29958it [19:02:55,  7.49s/it, bound:7003 nc:1422 ncall:3.3e+07 eff:0.1% logz-ratio=1189947.30+/-0.26 dlogz:2.249>0.01]29962it [19:03:19,  6.95s/it, bound:7004 nc:1480 ncall:3.3e+07 eff:0.1% logz-ratio=1189947.31+/-0.26 dlogz:2.240>0.01]29966it [19:03:43,  6.62s/it, bound:7005 nc:1367 ncall:3.3e+07 eff:0.1% logz-ratio=1189947.31+/-0.26 dlogz:2.231>0.01]29970it [19:04:12,  6.80s/it, bound:7006 nc:1237 ncall:3.3e+07 eff:0.1% logz-ratio=1189947.31+/-0.26 dlogz:2.222>0.01]29974it [19:04:33,  6.36s/it, bound:7007 nc:1337 ncall:3.3e+07 eff:0.1% logz-ratio=1189947.31+/-0.26 dlogz:2.213>0.01]29978it [19:05:00,  6.44s/it, bound:7008 nc:1455 ncall:3.3e+07 eff:0.1% logz-ratio=1189947.31+/-0.26 dlogz:2.204>0.01]29982it [19:05:26,  6.50s/it, bound:7009 nc:1381 ncall:3.3e+07 eff:0.1% logz-ratio=1189947.32+/-0.26 dlogz:2.195>0.01]29986it [19:05:51,  6.44s/it, bound:7010 nc:1341 ncall:3.3e+07 eff:0.1% logz-ratio=1189947.32+/-0.26 dlogz:2.186>0.01]29990it [19:06:14,  6.21s/it, bound:7011 nc:1361 ncall:3.3e+07 eff:0.1% logz-ratio=1189947.32+/-0.26 dlogz:2.177>0.01]29994it [19:06:38,  6.11s/it, bound:7012 nc:1309 ncall:3.3e+07 eff:0.1% logz-ratio=1189947.32+/-0.26 dlogz:2.168>0.01]29998it [19:07:01,  6.07s/it, bound:7013 nc:1338 ncall:3.3e+07 eff:0.1% logz-ratio=1189947.32+/-0.26 dlogz:2.160>0.01]30002it [19:07:24,  5.91s/it, bound:7014 nc:1330 ncall:3.3e+07 eff:0.1% logz-ratio=1189947.33+/-0.26 dlogz:2.151>0.01]30006it [19:07:48,  5.96s/it, bound:7015 nc:1336 ncall:3.3e+07 eff:0.1% logz-ratio=1189947.33+/-0.26 dlogz:2.142>0.01]30010it [19:08:07,  5.63s/it, bound:7016 nc:1250 ncall:3.3e+07 eff:0.1% logz-ratio=1189947.33+/-0.26 dlogz:2.133>0.01]30014it [19:08:27,  5.43s/it, bound:7017 nc:1378 ncall:3.3e+07 eff:0.1% logz-ratio=1189947.33+/-0.26 dlogz:2.124>0.01]30018it [19:08:47,  5.31s/it, bound:7018 nc:1241 ncall:3.3e+07 eff:0.1% logz-ratio=1189947.33+/-0.26 dlogz:2.116>0.01]30022it [19:09:07,  5.16s/it, bound:7019 nc:1325 ncall:3.3e+07 eff:0.1% logz-ratio=1189947.34+/-0.26 dlogz:2.107>0.01]30026it [19:09:26,  5.05s/it, bound:7020 nc:1330 ncall:3.3e+07 eff:0.1% logz-ratio=1189947.34+/-0.26 dlogz:2.098>0.01]30030it [19:09:44,  4.92s/it, bound:7021 nc:1211 ncall:3.3e+07 eff:0.1% logz-ratio=1189947.34+/-0.26 dlogz:2.089>0.01]30033it [19:10:13,  6.09s/it, bound:7022 nc:2734 ncall:3.3e+07 eff:0.1% logz-ratio=1189947.34+/-0.26 dlogz:2.083>0.01]30037it [19:10:41,  6.36s/it, bound:7023 nc:1946 ncall:3.3e+07 eff:0.1% logz-ratio=1189947.34+/-0.26 dlogz:2.074>0.01]30041it [19:11:09,  6.55s/it, bound:7024 nc:1871 ncall:3.3e+07 eff:0.1% logz-ratio=1189947.35+/-0.27 dlogz:2.066>0.01]30045it [19:11:37,  6.72s/it, bound:7025 nc:1808 ncall:3.3e+07 eff:0.1% logz-ratio=1189947.35+/-0.27 dlogz:2.057>0.01]30049it [19:12:06,  6.87s/it, bound:7026 nc:1755 ncall:3.3e+07 eff:0.1% logz-ratio=1189947.35+/-0.27 dlogz:2.048>0.01]30052it [19:12:22,  6.43s/it, bound:7027 nc:2004 ncall:3.3e+07 eff:0.1% logz-ratio=1189947.35+/-0.27 dlogz:2.042>0.01]30053it [19:12:50,  8.71s/it, bound:7027 nc:1865 ncall:3.3e+07 eff:0.1% logz-ratio=1189947.35+/-0.27 dlogz:2.040>0.01]30057it [19:13:17,  8.00s/it, bound:7028 nc:1841 ncall:3.3e+07 eff:0.1% logz-ratio=1189947.35+/-0.27 dlogz:2.031>0.01]30061it [19:13:43,  7.50s/it, bound:7029 nc:1836 ncall:3.3e+07 eff:0.1% logz-ratio=1189947.36+/-0.27 dlogz:2.022>0.01]30065it [19:14:07,  6.98s/it, bound:7030 nc:1219 ncall:3.3e+07 eff:0.1% logz-ratio=1189947.36+/-0.27 dlogz:2.014>0.01]30069it [19:14:40,  7.38s/it, bound:7031 nc:2257 ncall:3.3e+07 eff:0.1% logz-ratio=1189947.36+/-0.27 dlogz:2.005>0.01]30073it [19:15:12,  7.62s/it, bound:7032 nc:2185 ncall:3.3e+07 eff:0.1% logz-ratio=1189947.36+/-0.27 dlogz:1.997>0.01]30077it [19:15:43,  7.63s/it, bound:7033 nc:1919 ncall:3.3e+07 eff:0.1% logz-ratio=1189947.36+/-0.27 dlogz:1.988>0.01]30081it [19:16:13,  7.59s/it, bound:7034 nc:1851 ncall:3.3e+07 eff:0.1% logz-ratio=1189947.36+/-0.27 dlogz:1.980>0.01]30084it [19:16:42,  8.14s/it, bound:7035 nc:1892 ncall:3.3e+07 eff:0.1% logz-ratio=1189947.37+/-0.27 dlogz:1.974>0.01]30087it [19:16:42,  6.02s/it, bound:7036 nc:  1 ncall:3.3e+07 eff:0.1% logz-ratio=1189947.74+/-0.36 dlogz:0.177>0.01] 30087it [19:16:55,  6.02s/it, bound:7036 nc:  1 ncall:3.3e+07 eff:0.1% logz-ratio=1189947.81+/-0.58 dlogz:0.008>0.01]30088it [19:17:11,  8.52s/it, bound:7036 nc:1944 ncall:3.3e+07 eff:0.1% logz-ratio=1189947.37+/-0.27 dlogz:1.965>0.01]30092it [19:17:39,  7.93s/it, bound:7037 nc:1894 ncall:3.3e+07 eff:0.1% logz-ratio=1189947.37+/-0.27 dlogz:1.957>0.01]30096it [19:18:06,  7.51s/it, bound:7038 nc:1825 ncall:3.3e+07 eff:0.1% logz-ratio=1189947.37+/-0.27 dlogz:1.948>0.01]30100it [19:18:32,  7.20s/it, bound:7039 nc:1791 ncall:3.3e+07 eff:0.1% logz-ratio=1189947.37+/-0.27 dlogz:1.940>0.01]30104it [19:18:59,  6.98s/it, bound:7040 nc:1568 ncall:3.3e+07 eff:0.1% logz-ratio=1189947.38+/-0.27 dlogz:1.931>0.01]30108it [19:19:25,  6.85s/it, bound:7041 nc:1709 ncall:3.3e+07 eff:0.1% logz-ratio=1189947.38+/-0.27 dlogz:1.923>0.01]30112it [19:19:52,  6.81s/it, bound:7042 nc:1629 ncall:3.3e+07 eff:0.1% logz-ratio=1189947.38+/-0.27 dlogz:1.915>0.01]30116it [19:20:16,  6.58s/it, bound:7043 nc:1381 ncall:3.3e+07 eff:0.1% logz-ratio=1189947.38+/-0.27 dlogz:1.906>0.01]30120it [19:20:42,  6.56s/it, bound:7044 nc:1611 ncall:3.3e+07 eff:0.1% logz-ratio=1189947.38+/-0.27 dlogz:1.898>0.01]30124it [19:21:05,  6.32s/it, bound:7045 nc:1627 ncall:3.3e+07 eff:0.1% logz-ratio=1189947.38+/-0.27 dlogz:1.890>0.01]30128it [19:21:30,  6.29s/it, bound:7046 nc:1604 ncall:3.3e+07 eff:0.1% logz-ratio=1189947.39+/-0.27 dlogz:1.882>0.01]30132it [19:21:54,  6.23s/it, bound:7047 nc:1569 ncall:3.3e+07 eff:0.1% logz-ratio=1189947.39+/-0.27 dlogz:1.873>0.01]30136it [19:22:17,  6.08s/it, bound:7048 nc:1589 ncall:3.3e+07 eff:0.1% logz-ratio=1189947.39+/-0.27 dlogz:1.865>0.01]30138it [19:22:33,  6.41s/it, bound:7048 nc:1562 ncall:3.3e+07 eff:0.1% logz-ratio=1189947.39+/-0.27 dlogz:1.861>0.01]30140it [19:22:55,  7.36s/it, bound:7049 nc:1353 ncall:3.3e+07 eff:0.1% logz-ratio=1189947.39+/-0.27 dlogz:1.857>0.01]30144it [19:23:18,  6.74s/it, bound:7050 nc:1382 ncall:3.3e+07 eff:0.1% logz-ratio=1189947.39+/-0.27 dlogz:1.849>0.01]30148it [19:23:44,  6.63s/it, bound:7051 nc:1747 ncall:3.3e+07 eff:0.1% logz-ratio=1189947.39+/-0.27 dlogz:1.840>0.01]30152it [19:24:09,  6.53s/it, bound:7052 nc:1525 ncall:3.3e+07 eff:0.1% logz-ratio=1189947.40+/-0.27 dlogz:1.832>0.01]30156it [19:24:32,  6.31s/it, bound:7053 nc:1591 ncall:3.3e+07 eff:0.1% logz-ratio=1189947.40+/-0.27 dlogz:1.824>0.01]30160it [19:24:56,  6.16s/it, bound:7054 nc:1435 ncall:3.3e+07 eff:0.1% logz-ratio=1189947.40+/-0.27 dlogz:1.816>0.01]30164it [19:25:17,  5.90s/it, bound:7055 nc:1350 ncall:3.3e+07 eff:0.1% logz-ratio=1189947.40+/-0.27 dlogz:1.808>0.01]30168it [19:25:40,  5.83s/it, bound:7056 nc:1480 ncall:3.3e+07 eff:0.1% logz-ratio=1189947.40+/-0.27 dlogz:1.800>0.01]30172it [19:26:03,  5.82s/it, bound:7057 nc:1516 ncall:3.3e+07 eff:0.1% logz-ratio=1189947.40+/-0.27 dlogz:1.792>0.01]30176it [19:26:28,  5.97s/it, bound:7058 nc:1538 ncall:3.3e+07 eff:0.1% logz-ratio=1189947.41+/-0.27 dlogz:1.784>0.01]30180it [19:26:51,  5.88s/it, bound:7059 nc:1592 ncall:3.3e+07 eff:0.1% logz-ratio=1189947.41+/-0.27 dlogz:1.775>0.01]30184it [19:27:17,  6.11s/it, bound:7060 nc:1617 ncall:3.3e+07 eff:0.1% logz-ratio=1189947.41+/-0.27 dlogz:1.767>0.01]30188it [19:27:43,  6.23s/it, bound:7061 nc:1460 ncall:3.3e+07 eff:0.1% logz-ratio=1189947.41+/-0.28 dlogz:1.759>0.01]30192it [19:28:09,  6.25s/it, bound:7062 nc:1456 ncall:3.3e+07 eff:0.1% logz-ratio=1189947.41+/-0.28 dlogz:1.751>0.01]30196it [19:28:31,  6.09s/it, bound:7063 nc:1451 ncall:3.3e+07 eff:0.1% logz-ratio=1189947.41+/-0.28 dlogz:1.743>0.01]30200it [19:28:52,  5.80s/it, bound:7064 nc:1333 ncall:3.3e+07 eff:0.1% logz-ratio=1189947.42+/-0.28 dlogz:1.735>0.01]30204it [19:29:11,  5.50s/it, bound:7065 nc:1315 ncall:3.3e+07 eff:0.1% logz-ratio=1189947.42+/-0.28 dlogz:1.728>0.01]30208it [19:29:33,  5.50s/it, bound:7066 nc:1309 ncall:3.3e+07 eff:0.1% logz-ratio=1189947.42+/-0.28 dlogz:1.720>0.01]30212it [19:29:55,  5.47s/it, bound:7067 nc:1233 ncall:3.3e+07 eff:0.1% logz-ratio=1189947.42+/-0.28 dlogz:1.712>0.01]30216it [19:30:18,  5.54s/it, bound:7068 nc:1456 ncall:3.3e+07 eff:0.1% logz-ratio=1189947.42+/-0.28 dlogz:1.704>0.01]30220it [19:30:40,  5.59s/it, bound:7069 nc:1481 ncall:3.3e+07 eff:0.1% logz-ratio=1189947.42+/-0.28 dlogz:1.696>0.01]30224it [19:31:02,  5.55s/it, bound:7070 nc:1489 ncall:3.3e+07 eff:0.1% logz-ratio=1189947.43+/-0.28 dlogz:1.688>0.01]30228it [19:31:25,  5.60s/it, bound:7071 nc:1404 ncall:3.3e+07 eff:0.1% logz-ratio=1189947.43+/-0.28 dlogz:1.680>0.01]30232it [19:31:46,  5.47s/it, bound:7072 nc:1322 ncall:3.3e+07 eff:0.1% logz-ratio=1189947.43+/-0.28 dlogz:1.672>0.01]30236it [19:32:07,  5.43s/it, bound:7073 nc:1338 ncall:3.3e+07 eff:0.1% logz-ratio=1189947.43+/-0.28 dlogz:1.664>0.01]30240it [19:32:29,  5.41s/it, bound:7074 nc:977 ncall:3.3e+07 eff:0.1% logz-ratio=1189947.43+/-0.28 dlogz:1.657>0.01] 30243it [19:32:44,  5.35s/it, bound:7075 nc:1382 ncall:3.3e+07 eff:0.1% logz-ratio=1189947.43+/-0.28 dlogz:1.651>0.01]30244it [19:33:07,  7.17s/it, bound:7075 nc:1544 ncall:3.3e+07 eff:0.1% logz-ratio=1189947.43+/-0.28 dlogz:1.649>0.01]30248it [19:33:29,  6.53s/it, bound:7076 nc:1369 ncall:3.3e+07 eff:0.1% logz-ratio=1189947.44+/-0.28 dlogz:1.641>0.01]30252it [19:33:51,  6.15s/it, bound:7077 nc:1513 ncall:3.3e+07 eff:0.1% logz-ratio=1189947.44+/-0.28 dlogz:1.633>0.01]30256it [19:34:12,  5.89s/it, bound:7078 nc:1446 ncall:3.3e+07 eff:0.1% logz-ratio=1189947.44+/-0.28 dlogz:1.626>0.01]30260it [19:34:34,  5.75s/it, bound:7079 nc:1420 ncall:3.3e+07 eff:0.1% logz-ratio=1189947.44+/-0.28 dlogz:1.618>0.01]30264it [19:34:55,  5.63s/it, bound:7080 nc:1408 ncall:3.3e+07 eff:0.1% logz-ratio=1189947.44+/-0.28 dlogz:1.610>0.01]30268it [19:35:17,  5.57s/it, bound:7081 nc:1412 ncall:3.3e+07 eff:0.1% logz-ratio=1189947.44+/-0.28 dlogz:1.603>0.01]30272it [19:35:37,  5.42s/it, bound:7082 nc:1391 ncall:3.3e+07 eff:0.1% logz-ratio=1189947.45+/-0.28 dlogz:1.595>0.01]30276it [19:35:58,  5.31s/it, bound:7083 nc:1340 ncall:3.3e+07 eff:0.1% logz-ratio=1189947.45+/-0.28 dlogz:1.587>0.01]30280it [19:36:19,  5.31s/it, bound:7084 nc:1235 ncall:3.3e+07 eff:0.1% logz-ratio=1189947.45+/-0.28 dlogz:1.580>0.01]30284it [19:36:40,  5.32s/it, bound:7085 nc:1221 ncall:3.3e+07 eff:0.1% logz-ratio=1189947.45+/-0.28 dlogz:1.572>0.01]30288it [19:37:00,  5.19s/it, bound:7086 nc:1350 ncall:3.3e+07 eff:0.1% logz-ratio=1189947.45+/-0.28 dlogz:1.564>0.01]30292it [19:37:20,  5.13s/it, bound:7087 nc:1222 ncall:3.3e+07 eff:0.1% logz-ratio=1189947.45+/-0.28 dlogz:1.557>0.01]30296it [19:37:39,  5.03s/it, bound:7088 nc:1327 ncall:3.3e+07 eff:0.1% logz-ratio=1189947.46+/-0.28 dlogz:1.549>0.01]30300it [19:37:58,  4.96s/it, bound:7089 nc:1278 ncall:3.3e+07 eff:0.1% logz-ratio=1189947.46+/-0.28 dlogz:1.542>0.01]30304it [19:38:17,  4.86s/it, bound:7090 nc:1153 ncall:3.3e+07 eff:0.1% logz-ratio=1189947.46+/-0.28 dlogz:1.534>0.01]30308it [19:38:34,  4.71s/it, bound:7091 nc:1081 ncall:3.3e+07 eff:0.1% logz-ratio=1189947.46+/-0.28 dlogz:1.527>0.01]30312it [19:38:52,  4.65s/it, bound:7092 nc:1168 ncall:3.3e+07 eff:0.1% logz-ratio=1189947.46+/-0.28 dlogz:1.519>0.01]30316it [19:39:10,  4.60s/it, bound:7093 nc:1236 ncall:3.3e+07 eff:0.1% logz-ratio=1189947.46+/-0.28 dlogz:1.512>0.01]30320it [19:39:28,  4.57s/it, bound:7094 nc:1208 ncall:3.3e+07 eff:0.1% logz-ratio=1189947.46+/-0.28 dlogz:1.505>0.01]30324it [19:39:46,  4.54s/it, bound:7095 nc:1218 ncall:3.3e+07 eff:0.1% logz-ratio=1189947.47+/-0.28 dlogz:1.497>0.01]30328it [19:40:05,  4.59s/it, bound:7096 nc:1208 ncall:3.3e+07 eff:0.1% logz-ratio=1189947.47+/-0.28 dlogz:1.490>0.01]30332it [19:40:22,  4.52s/it, bound:7097 nc:1158 ncall:3.3e+07 eff:0.1% logz-ratio=1189947.47+/-0.28 dlogz:1.482>0.01]30336it [19:40:40,  4.53s/it, bound:7098 nc:1091 ncall:3.3e+07 eff:0.1% logz-ratio=1189947.47+/-0.28 dlogz:1.475>0.01]30340it [19:40:59,  4.54s/it, bound:7099 nc:1096 ncall:3.3e+07 eff:0.1% logz-ratio=1189947.47+/-0.28 dlogz:1.468>0.01]30344it [19:41:16,  4.46s/it, bound:7100 nc:1024 ncall:3.3e+07 eff:0.1% logz-ratio=1189947.47+/-0.28 dlogz:1.460>0.01]30348it [19:41:36,  4.63s/it, bound:7101 nc:1324 ncall:3.3e+07 eff:0.1% logz-ratio=1189947.48+/-0.28 dlogz:1.453>0.01]30352it [19:41:55,  4.65s/it, bound:7102 nc:1206 ncall:3.3e+07 eff:0.1% logz-ratio=1189947.48+/-0.28 dlogz:1.446>0.01]30356it [19:42:16,  4.87s/it, bound:7103 nc:1267 ncall:3.3e+07 eff:0.1% logz-ratio=1189947.48+/-0.28 dlogz:1.439>0.01]30360it [19:42:36,  4.94s/it, bound:7104 nc:1323 ncall:3.3e+07 eff:0.1% logz-ratio=1189947.48+/-0.28 dlogz:1.431>0.01]30364it [19:42:56,  4.94s/it, bound:7105 nc:1284 ncall:3.3e+07 eff:0.1% logz-ratio=1189947.48+/-0.28 dlogz:1.424>0.01]30365it [19:43:12,  6.03s/it, bound:7105 nc:1246 ncall:3.3e+07 eff:0.1% logz-ratio=1189947.48+/-0.29 dlogz:1.422>0.01]30368it [19:43:31,  6.10s/it, bound:7106 nc:1308 ncall:3.3e+07 eff:0.1% logz-ratio=1189947.48+/-0.29 dlogz:1.417>0.01]30372it [19:43:52,  5.77s/it, bound:7107 nc:1160 ncall:3.3e+07 eff:0.1% logz-ratio=1189947.48+/-0.29 dlogz:1.410>0.01]30376it [19:44:12,  5.54s/it, bound:7108 nc:1188 ncall:3.3e+07 eff:0.1% logz-ratio=1189947.49+/-0.29 dlogz:1.403>0.01]30380it [19:44:31,  5.26s/it, bound:7109 nc:1282 ncall:3.3e+07 eff:0.1% logz-ratio=1189947.49+/-0.29 dlogz:1.396>0.01]30384it [19:44:51,  5.20s/it, bound:7110 nc:1177 ncall:3.3e+07 eff:0.1% logz-ratio=1189947.49+/-0.29 dlogz:1.389>0.01]30388it [19:45:11,  5.13s/it, bound:7111 nc:1267 ncall:3.3e+07 eff:0.1% logz-ratio=1189947.49+/-0.29 dlogz:1.381>0.01]30392it [19:45:30,  4.97s/it, bound:7112 nc:1227 ncall:3.3e+07 eff:0.1% logz-ratio=1189947.49+/-0.29 dlogz:1.374>0.01]30396it [19:45:49,  4.90s/it, bound:7113 nc:946 ncall:3.3e+07 eff:0.1% logz-ratio=1189947.49+/-0.29 dlogz:1.367>0.01] 30400it [19:46:09,  4.92s/it, bound:7114 nc:1360 ncall:3.3e+07 eff:0.1% logz-ratio=1189947.49+/-0.29 dlogz:1.360>0.01]30404it [19:46:29,  4.95s/it, bound:7115 nc:1279 ncall:3.3e+07 eff:0.1% logz-ratio=1189947.50+/-0.29 dlogz:1.353>0.01]30408it [19:46:51,  5.14s/it, bound:7116 nc:1398 ncall:3.3e+07 eff:0.1% logz-ratio=1189947.50+/-0.29 dlogz:1.346>0.01]30412it [19:47:12,  5.17s/it, bound:7117 nc:1346 ncall:3.3e+07 eff:0.1% logz-ratio=1189947.50+/-0.29 dlogz:1.339>0.01]30416it [19:47:32,  5.15s/it, bound:7118 nc:1158 ncall:3.3e+07 eff:0.1% logz-ratio=1189947.50+/-0.29 dlogz:1.332>0.01]30420it [19:47:55,  5.30s/it, bound:7119 nc:1387 ncall:3.3e+07 eff:0.1% logz-ratio=1189947.50+/-0.29 dlogz:1.326>0.01]30424it [19:48:15,  5.21s/it, bound:7120 nc:1275 ncall:3.3e+07 eff:0.1% logz-ratio=1189947.50+/-0.29 dlogz:1.319>0.01]30428it [19:48:34,  5.08s/it, bound:7121 nc:1335 ncall:3.3e+07 eff:0.1% logz-ratio=1189947.50+/-0.29 dlogz:1.312>0.01]30432it [19:48:55,  5.15s/it, bound:7122 nc:1151 ncall:3.3e+07 eff:0.1% logz-ratio=1189947.51+/-0.29 dlogz:1.305>0.01]30436it [19:49:17,  5.24s/it, bound:7123 nc:1240 ncall:3.3e+07 eff:0.1% logz-ratio=1189947.51+/-0.29 dlogz:1.298>0.01]30440it [19:49:35,  4.98s/it, bound:7124 nc:1146 ncall:3.3e+07 eff:0.1% logz-ratio=1189947.51+/-0.29 dlogz:1.291>0.01]30444it [19:49:53,  4.87s/it, bound:7125 nc:1093 ncall:3.3e+07 eff:0.1% logz-ratio=1189947.51+/-0.29 dlogz:1.285>0.01]30448it [19:50:11,  4.75s/it, bound:7126 nc:1179 ncall:3.3e+07 eff:0.1% logz-ratio=1189947.51+/-0.29 dlogz:1.278>0.01]30452it [19:50:29,  4.69s/it, bound:7127 nc:1229 ncall:3.3e+07 eff:0.1% logz-ratio=1189947.51+/-0.29 dlogz:1.271>0.01]30456it [19:50:47,  4.60s/it, bound:7128 nc:1211 ncall:3.3e+07 eff:0.1% logz-ratio=1189947.51+/-0.29 dlogz:1.265>0.01]30460it [19:51:05,  4.61s/it, bound:7129 nc:1204 ncall:3.3e+07 eff:0.1% logz-ratio=1189947.52+/-0.29 dlogz:1.258>0.01]30464it [19:51:23,  4.59s/it, bound:7130 nc:1236 ncall:3.3e+07 eff:0.1% logz-ratio=1189947.52+/-0.29 dlogz:1.251>0.01]30468it [19:51:42,  4.61s/it, bound:7131 nc:1284 ncall:3.3e+07 eff:0.1% logz-ratio=1189947.52+/-0.29 dlogz:1.245>0.01]30472it [19:52:04,  4.84s/it, bound:7132 nc:1228 ncall:3.3e+07 eff:0.1% logz-ratio=1189947.52+/-0.29 dlogz:1.238>0.01]30476it [19:52:30,  5.35s/it, bound:7133 nc:1261 ncall:3.3e+07 eff:0.1% logz-ratio=1189947.52+/-0.29 dlogz:1.231>0.01]30480it [19:52:52,  5.43s/it, bound:7134 nc:1309 ncall:3.3e+07 eff:0.1% logz-ratio=1189947.52+/-0.29 dlogz:1.225>0.01]30484it [19:53:19,  5.79s/it, bound:7135 nc:1259 ncall:3.3e+07 eff:0.1% logz-ratio=1189947.52+/-0.29 dlogz:1.218>0.01]30488it [19:54:01,  7.20s/it, bound:7136 nc:1227 ncall:3.3e+07 eff:0.1% logz-ratio=1189947.52+/-0.29 dlogz:1.212>0.01]30492it [19:54:26,  6.96s/it, bound:7137 nc:1143 ncall:3.3e+07 eff:0.1% logz-ratio=1189947.53+/-0.29 dlogz:1.205>0.01]30496it [19:54:50,  6.68s/it, bound:7138 nc:1137 ncall:3.3e+07 eff:0.1% logz-ratio=1189947.53+/-0.29 dlogz:1.199>0.01]30500it [19:55:17,  6.71s/it, bound:7139 nc:1121 ncall:3.3e+07 eff:0.1% logz-ratio=1189947.53+/-0.29 dlogz:1.192>0.01]30504it [19:55:42,  6.58s/it, bound:7140 nc:1248 ncall:3.3e+07 eff:0.1% logz-ratio=1189947.53+/-0.29 dlogz:1.186>0.01]30508it [19:56:07,  6.42s/it, bound:7141 nc:1193 ncall:3.3e+07 eff:0.1% logz-ratio=1189947.53+/-0.29 dlogz:1.179>0.01]30512it [19:56:32,  6.39s/it, bound:7142 nc:1075 ncall:3.3e+07 eff:0.1% logz-ratio=1189947.53+/-0.29 dlogz:1.173>0.01]30516it [19:56:55,  6.18s/it, bound:7143 nc:1056 ncall:3.3e+07 eff:0.1% logz-ratio=1189947.53+/-0.29 dlogz:1.167>0.01]30520it [19:57:19,  6.18s/it, bound:7144 nc:1168 ncall:3.3e+07 eff:0.1% logz-ratio=1189947.53+/-0.29 dlogz:1.160>0.01]30524it [19:57:44,  6.15s/it, bound:7145 nc:1119 ncall:3.3e+07 eff:0.1% logz-ratio=1189947.54+/-0.29 dlogz:1.154>0.01]30528it [19:58:12,  6.44s/it, bound:7146 nc:1241 ncall:3.3e+07 eff:0.1% logz-ratio=1189947.54+/-0.29 dlogz:1.148>0.01]30532it [19:58:38,  6.46s/it, bound:7147 nc:1227 ncall:3.3e+07 eff:0.1% logz-ratio=1189947.54+/-0.29 dlogz:1.141>0.01]30536it [19:59:05,  6.56s/it, bound:7148 nc:1198 ncall:3.3e+07 eff:0.1% logz-ratio=1189947.54+/-0.29 dlogz:1.135>0.01]30540it [19:59:31,  6.53s/it, bound:7149 nc:1210 ncall:3.3e+07 eff:0.1% logz-ratio=1189947.54+/-0.29 dlogz:1.129>0.01]30544it [19:59:57,  6.48s/it, bound:7150 nc:1174 ncall:3.3e+07 eff:0.1% logz-ratio=1189947.54+/-0.29 dlogz:1.123>0.01]30548it [20:00:22,  6.45s/it, bound:7151 nc:1260 ncall:3.3e+07 eff:0.1% logz-ratio=1189947.54+/-0.29 dlogz:1.116>0.01]30552it [20:00:47,  6.37s/it, bound:7152 nc:829 ncall:3.3e+07 eff:0.1% logz-ratio=1189947.54+/-0.29 dlogz:1.110>0.01] 30556it [20:01:15,  6.55s/it, bound:7153 nc:1283 ncall:3.3e+07 eff:0.1% logz-ratio=1189947.55+/-0.29 dlogz:1.104>0.01]30560it [20:01:44,  6.75s/it, bound:7154 nc:1401 ncall:3.3e+07 eff:0.1% logz-ratio=1189947.55+/-0.30 dlogz:1.162>0.01]30564it [20:02:05,  6.30s/it, bound:7155 nc:1286 ncall:3.3e+07 eff:0.1% logz-ratio=1189947.55+/-0.29 dlogz:1.156>0.01]30568it [20:02:27,  6.10s/it, bound:7156 nc:1309 ncall:3.4e+07 eff:0.1% logz-ratio=1189947.55+/-0.30 dlogz:1.149>0.01]30572it [20:02:49,  5.90s/it, bound:7157 nc:1308 ncall:3.4e+07 eff:0.1% logz-ratio=1189947.55+/-0.30 dlogz:1.143>0.01]30576it [20:03:10,  5.71s/it, bound:7158 nc:1250 ncall:3.4e+07 eff:0.1% logz-ratio=1189947.55+/-0.30 dlogz:1.137>0.01]30580it [20:03:28,  5.33s/it, bound:7159 nc:1151 ncall:3.4e+07 eff:0.1% logz-ratio=1189947.55+/-0.30 dlogz:1.131>0.01]30581it [20:03:43,  6.28s/it, bound:7159 nc:1202 ncall:3.4e+07 eff:0.1% logz-ratio=1189947.55+/-0.30 dlogz:1.129>0.01]30584it [20:04:02,  6.30s/it, bound:7160 nc:1226 ncall:3.4e+07 eff:0.1% logz-ratio=1189947.55+/-0.30 dlogz:1.124>0.01]30588it [20:04:22,  5.82s/it, bound:7161 nc:1274 ncall:3.4e+07 eff:0.1% logz-ratio=1189947.55+/-0.30 dlogz:1.118>0.01]30592it [20:04:48,  6.08s/it, bound:7162 nc:1149 ncall:3.4e+07 eff:0.1% logz-ratio=1189947.56+/-0.30 dlogz:1.112>0.01]30596it [20:05:15,  6.28s/it, bound:7163 nc:1286 ncall:3.4e+07 eff:0.1% logz-ratio=1189947.56+/-0.30 dlogz:1.106>0.01]30600it [20:05:40,  6.26s/it, bound:7164 nc:1238 ncall:3.4e+07 eff:0.1% logz-ratio=1189947.56+/-0.30 dlogz:1.100>0.01]30604it [20:05:59,  5.80s/it, bound:7165 nc:1170 ncall:3.4e+07 eff:0.1% logz-ratio=1189947.56+/-0.30 dlogz:1.094>0.01]30608it [20:06:17,  5.39s/it, bound:7166 nc:1273 ncall:3.4e+07 eff:0.1% logz-ratio=1189947.56+/-0.30 dlogz:1.088>0.01]30612it [20:06:34,  5.05s/it, bound:7167 nc:1211 ncall:3.4e+07 eff:0.1% logz-ratio=1189947.56+/-0.30 dlogz:1.082>0.01]30616it [20:06:53,  4.93s/it, bound:7168 nc:1289 ncall:3.4e+07 eff:0.1% logz-ratio=1189947.56+/-0.30 dlogz:1.076>0.01]30620it [20:07:15,  5.10s/it, bound:7169 nc:1382 ncall:3.4e+07 eff:0.1% logz-ratio=1189947.56+/-0.30 dlogz:1.070>0.01]30624it [20:07:42,  5.65s/it, bound:7170 nc:1321 ncall:3.4e+07 eff:0.1% logz-ratio=1189947.57+/-0.30 dlogz:1.064>0.01]30628it [20:08:05,  5.70s/it, bound:7171 nc:1325 ncall:3.4e+07 eff:0.1% logz-ratio=1189947.57+/-0.30 dlogz:1.058>0.01]30632it [20:08:26,  5.51s/it, bound:7172 nc:1292 ncall:3.4e+07 eff:0.1% logz-ratio=1189947.57+/-0.30 dlogz:1.052>0.01]30636it [20:08:50,  5.65s/it, bound:7173 nc:1425 ncall:3.4e+07 eff:0.1% logz-ratio=1189947.57+/-0.30 dlogz:1.046>0.01]30640it [20:09:16,  5.93s/it, bound:7174 nc:1193 ncall:3.4e+07 eff:0.1% logz-ratio=1189947.57+/-0.30 dlogz:1.040>0.01]30644it [20:09:37,  5.72s/it, bound:7175 nc:1347 ncall:3.4e+07 eff:0.1% logz-ratio=1189947.57+/-0.30 dlogz:1.034>0.01]30648it [20:09:56,  5.42s/it, bound:7176 nc:1293 ncall:3.4e+07 eff:0.1% logz-ratio=1189947.57+/-0.30 dlogz:1.028>0.01]30652it [20:10:14,  5.18s/it, bound:7177 nc:1235 ncall:3.4e+07 eff:0.1% logz-ratio=1189947.57+/-0.30 dlogz:1.022>0.01]30656it [20:10:33,  5.03s/it, bound:7178 nc:1087 ncall:3.4e+07 eff:0.1% logz-ratio=1189947.57+/-0.30 dlogz:1.017>0.01]30660it [20:10:52,  4.92s/it, bound:7179 nc:1276 ncall:3.4e+07 eff:0.1% logz-ratio=1189947.58+/-0.30 dlogz:1.011>0.01]30664it [20:11:12,  4.93s/it, bound:7180 nc:1176 ncall:3.4e+07 eff:0.1% logz-ratio=1189947.58+/-0.30 dlogz:1.005>0.01]30668it [20:11:35,  5.24s/it, bound:7181 nc:1292 ncall:3.4e+07 eff:0.1% logz-ratio=1189947.58+/-0.30 dlogz:0.999>0.01]30672it [20:11:55,  5.11s/it, bound:7182 nc:1115 ncall:3.4e+07 eff:0.1% logz-ratio=1189947.58+/-0.30 dlogz:0.994>0.01]30676it [20:12:16,  5.19s/it, bound:7183 nc:1227 ncall:3.4e+07 eff:0.1% logz-ratio=1189947.58+/-0.30 dlogz:0.988>0.01]30680it [20:12:42,  5.58s/it, bound:7184 nc:1229 ncall:3.4e+07 eff:0.1% logz-ratio=1189947.58+/-0.30 dlogz:0.982>0.01]30684it [20:13:08,  5.84s/it, bound:7185 nc:1179 ncall:3.4e+07 eff:0.1% logz-ratio=1189947.58+/-0.30 dlogz:0.977>0.01]30687it [20:13:29,  6.17s/it, bound:7186 nc:1093 ncall:3.4e+07 eff:0.1% logz-ratio=1189947.58+/-0.30 dlogz:0.972>0.01]30691it [20:13:55,  6.21s/it, bound:7187 nc:1304 ncall:3.4e+07 eff:0.1% logz-ratio=1189947.58+/-0.30 dlogz:0.967>0.01]30694it [20:14:10,  5.95s/it, bound:7188 nc:1312 ncall:3.4e+07 eff:0.1% logz-ratio=1189947.58+/-0.30 dlogz:0.963>0.01]30695it [20:14:32,  7.65s/it, bound:7188 nc:1246 ncall:3.4e+07 eff:0.1% logz-ratio=1189947.58+/-0.30 dlogz:0.961>0.01]30699it [20:14:53,  6.72s/it, bound:7189 nc:1246 ncall:3.4e+07 eff:0.1% logz-ratio=1189947.59+/-0.30 dlogz:0.956>0.01]30703it [20:15:15,  6.30s/it, bound:7190 nc:1262 ncall:3.4e+07 eff:0.1% logz-ratio=1189947.59+/-0.30 dlogz:0.950>0.01]30707it [20:15:34,  5.79s/it, bound:7191 nc:1095 ncall:3.4e+07 eff:0.1% logz-ratio=1189947.59+/-0.30 dlogz:0.945>0.01]30711it [20:15:55,  5.64s/it, bound:7192 nc:1238 ncall:3.4e+07 eff:0.1% logz-ratio=1189947.59+/-0.30 dlogz:0.939>0.01]30715it [20:16:17,  5.56s/it, bound:7193 nc:1080 ncall:3.4e+07 eff:0.1% logz-ratio=1189947.59+/-0.30 dlogz:0.934>0.01]30719it [20:16:38,  5.49s/it, bound:7194 nc:1348 ncall:3.4e+07 eff:0.1% logz-ratio=1189947.59+/-0.30 dlogz:0.928>0.01]30723it [20:16:57,  5.27s/it, bound:7195 nc:1285 ncall:3.4e+07 eff:0.1% logz-ratio=1189947.59+/-0.30 dlogz:0.923>0.01]30727it [20:17:21,  5.49s/it, bound:7196 nc:1193 ncall:3.4e+07 eff:0.1% logz-ratio=1189947.59+/-0.30 dlogz:0.917>0.01]30731it [20:17:41,  5.36s/it, bound:7197 nc:1203 ncall:3.4e+07 eff:0.1% logz-ratio=1189947.59+/-0.30 dlogz:0.912>0.01]30735it [20:18:02,  5.33s/it, bound:7198 nc:1170 ncall:3.4e+07 eff:0.1% logz-ratio=1189947.59+/-0.30 dlogz:0.907>0.01]30739it [20:18:21,  5.16s/it, bound:7199 nc:1111 ncall:3.4e+07 eff:0.1% logz-ratio=1189947.60+/-0.30 dlogz:0.901>0.01]30743it [20:18:39,  4.94s/it, bound:7200 nc:1167 ncall:3.4e+07 eff:0.1% logz-ratio=1189947.60+/-0.30 dlogz:0.896>0.01]30747it [20:18:57,  4.78s/it, bound:7201 nc:1240 ncall:3.4e+07 eff:0.1% logz-ratio=1189947.60+/-0.30 dlogz:0.891>0.01]30751it [20:19:16,  4.75s/it, bound:7202 nc:1329 ncall:3.4e+07 eff:0.1% logz-ratio=1189947.60+/-0.30 dlogz:0.885>0.01]30755it [20:19:36,  4.85s/it, bound:7203 nc:1283 ncall:3.4e+07 eff:0.1% logz-ratio=1189947.60+/-0.30 dlogz:0.880>0.01]30759it [20:19:57,  5.01s/it, bound:7204 nc:1210 ncall:3.4e+07 eff:0.1% logz-ratio=1189947.60+/-0.30 dlogz:0.875>0.01]30762it [20:20:21,  5.71s/it, bound:7205 nc:2426 ncall:3.4e+07 eff:0.1% logz-ratio=1189947.60+/-0.30 dlogz:0.871>0.01]30766it [20:20:44,  5.75s/it, bound:7206 nc:1142 ncall:3.4e+07 eff:0.1% logz-ratio=1189947.60+/-0.30 dlogz:0.866>0.01]30770it [20:21:09,  5.84s/it, bound:7207 nc:1095 ncall:3.4e+07 eff:0.1% logz-ratio=1189947.60+/-0.30 dlogz:0.860>0.01]30774it [20:21:31,  5.74s/it, bound:7208 nc:1069 ncall:3.4e+07 eff:0.1% logz-ratio=1189947.60+/-0.30 dlogz:0.855>0.01]30778it [20:21:55,  5.86s/it, bound:7209 nc:1148 ncall:3.4e+07 eff:0.1% logz-ratio=1189947.61+/-0.30 dlogz:0.850>0.01]30782it [20:22:19,  5.86s/it, bound:7210 nc:1118 ncall:3.4e+07 eff:0.1% logz-ratio=1189947.61+/-0.30 dlogz:0.845>0.01]30786it [20:22:42,  5.82s/it, bound:7211 nc:1064 ncall:3.4e+07 eff:0.1% logz-ratio=1189947.61+/-0.30 dlogz:0.840>0.01]30790it [20:23:03,  5.68s/it, bound:7212 nc:921 ncall:3.4e+07 eff:0.1% logz-ratio=1189947.61+/-0.30 dlogz:0.835>0.01] 30794it [20:23:26,  5.72s/it, bound:7213 nc:1127 ncall:3.4e+07 eff:0.1% logz-ratio=1189947.61+/-0.30 dlogz:0.830>0.01]30798it [20:23:50,  5.75s/it, bound:7214 nc:1063 ncall:3.4e+07 eff:0.1% logz-ratio=1189947.61+/-0.30 dlogz:0.825>0.01]30802it [20:24:16,  5.99s/it, bound:7215 nc:1234 ncall:3.4e+07 eff:0.1% logz-ratio=1189947.61+/-0.30 dlogz:0.820>0.01]30805it [20:24:32,  5.89s/it, bound:7216 nc:1276 ncall:3.4e+07 eff:0.1% logz-ratio=1189947.61+/-0.31 dlogz:0.816>0.01]30806it [20:25:00,  8.18s/it, bound:7216 nc:1286 ncall:3.4e+07 eff:0.1% logz-ratio=1189947.61+/-0.31 dlogz:0.815>0.01]30810it [20:25:26,  7.56s/it, bound:7217 nc:1302 ncall:3.4e+07 eff:0.1% logz-ratio=1189947.61+/-0.31 dlogz:0.810>0.01]30814it [20:25:56,  7.48s/it, bound:7218 nc:1381 ncall:3.4e+07 eff:0.1% logz-ratio=1189947.61+/-0.31 dlogz:0.805>0.01]30818it [20:26:22,  7.20s/it, bound:7219 nc:1253 ncall:3.4e+07 eff:0.1% logz-ratio=1189947.61+/-0.31 dlogz:0.800>0.01]30822it [20:26:49,  7.00s/it, bound:7220 nc:1206 ncall:3.4e+07 eff:0.1% logz-ratio=1189947.62+/-0.31 dlogz:0.795>0.01]30826it [20:27:12,  6.65s/it, bound:7221 nc:1253 ncall:3.4e+07 eff:0.1% logz-ratio=1189947.62+/-0.31 dlogz:0.790>0.01]30830it [20:27:37,  6.50s/it, bound:7222 nc:1230 ncall:3.4e+07 eff:0.1% logz-ratio=1189947.62+/-0.31 dlogz:0.785>0.01]30834it [20:28:03,  6.51s/it, bound:7223 nc:1292 ncall:3.4e+07 eff:0.1% logz-ratio=1189947.62+/-0.31 dlogz:0.781>0.01]30838it [20:28:28,  6.46s/it, bound:7224 nc:1266 ncall:3.4e+07 eff:0.1% logz-ratio=1189947.62+/-0.31 dlogz:0.776>0.01]30842it [20:28:52,  6.29s/it, bound:7225 nc:860 ncall:3.4e+07 eff:0.1% logz-ratio=1189947.62+/-0.31 dlogz:0.771>0.01] 30846it [20:29:11,  5.83s/it, bound:7226 nc:1333 ncall:3.4e+07 eff:0.1% logz-ratio=1189947.62+/-0.31 dlogz:0.766>0.01]30850it [20:29:33,  5.75s/it, bound:7227 nc:1093 ncall:3.4e+07 eff:0.1% logz-ratio=1189947.62+/-0.31 dlogz:0.761>0.01]30854it [20:29:59,  5.98s/it, bound:7228 nc:1243 ncall:3.4e+07 eff:0.1% logz-ratio=1189947.62+/-0.31 dlogz:0.757>0.01]30858it [20:30:26,  6.18s/it, bound:7229 nc:1196 ncall:3.4e+07 eff:0.1% logz-ratio=1189947.62+/-0.31 dlogz:0.752>0.01]30862it [20:30:50,  6.12s/it, bound:7230 nc:1217 ncall:3.4e+07 eff:0.1% logz-ratio=1189947.62+/-0.31 dlogz:0.747>0.01]30866it [20:31:17,  6.31s/it, bound:7231 nc:1183 ncall:3.4e+07 eff:0.1% logz-ratio=1189947.63+/-0.31 dlogz:0.743>0.01]30870it [20:31:42,  6.31s/it, bound:7232 nc:1179 ncall:3.4e+07 eff:0.1% logz-ratio=1189947.63+/-0.31 dlogz:0.738>0.01]30874it [20:32:09,  6.40s/it, bound:7233 nc:1292 ncall:3.4e+07 eff:0.1% logz-ratio=1189947.63+/-0.31 dlogz:0.733>0.01]30878it [20:32:33,  6.31s/it, bound:7234 nc:1245 ncall:3.4e+07 eff:0.1% logz-ratio=1189947.63+/-0.31 dlogz:0.729>0.01]30882it [20:32:56,  6.17s/it, bound:7235 nc:1290 ncall:3.4e+07 eff:0.1% logz-ratio=1189947.63+/-0.31 dlogz:0.724>0.01]30886it [20:33:20,  6.10s/it, bound:7236 nc:1205 ncall:3.4e+07 eff:0.1% logz-ratio=1189947.63+/-0.31 dlogz:0.720>0.01]30890it [20:33:43,  6.02s/it, bound:7237 nc:1151 ncall:3.4e+07 eff:0.1% logz-ratio=1189947.63+/-0.31 dlogz:0.715>0.01]30894it [20:34:03,  5.70s/it, bound:7238 nc:1207 ncall:3.4e+07 eff:0.1% logz-ratio=1189947.63+/-0.31 dlogz:0.711>0.01]30898it [20:34:26,  5.71s/it, bound:7239 nc:1178 ncall:3.4e+07 eff:0.1% logz-ratio=1189947.63+/-0.31 dlogz:0.706>0.01]30899it [20:34:43,  6.76s/it, bound:7239 nc:1226 ncall:3.4e+07 eff:0.1% logz-ratio=1189947.63+/-0.31 dlogz:0.705>0.01]30902it [20:35:08,  7.25s/it, bound:7240 nc:1209 ncall:3.4e+07 eff:0.1% logz-ratio=1189947.63+/-0.31 dlogz:0.702>0.01]30906it [20:35:31,  6.68s/it, bound:7241 nc:1049 ncall:3.4e+07 eff:0.1% logz-ratio=1189947.63+/-0.31 dlogz:0.697>0.01]30910it [20:35:53,  6.27s/it, bound:7242 nc:1116 ncall:3.4e+07 eff:0.1% logz-ratio=1189947.63+/-0.31 dlogz:0.693>0.01]30914it [20:36:14,  5.95s/it, bound:7243 nc:1176 ncall:3.4e+07 eff:0.1% logz-ratio=1189947.64+/-0.31 dlogz:0.689>0.01]30918it [20:36:37,  5.93s/it, bound:7244 nc:1108 ncall:3.4e+07 eff:0.1% logz-ratio=1189947.64+/-0.31 dlogz:0.684>0.01]30922it [20:37:03,  6.11s/it, bound:7245 nc:1252 ncall:3.4e+07 eff:0.1% logz-ratio=1189947.64+/-0.31 dlogz:0.680>0.01]30926it [20:37:27,  6.07s/it, bound:7246 nc:1106 ncall:3.4e+07 eff:0.1% logz-ratio=1189947.64+/-0.31 dlogz:0.675>0.01]30930it [20:37:53,  6.16s/it, bound:7247 nc:1131 ncall:3.4e+07 eff:0.1% logz-ratio=1189947.64+/-0.31 dlogz:0.671>0.01]30934it [20:38:16,  6.04s/it, bound:7248 nc:1162 ncall:3.4e+07 eff:0.1% logz-ratio=1189947.64+/-0.31 dlogz:0.667>0.01]30938it [20:38:41,  6.10s/it, bound:7249 nc:1181 ncall:3.4e+07 eff:0.1% logz-ratio=1189947.64+/-0.31 dlogz:0.663>0.01]30942it [20:39:01,  5.78s/it, bound:7250 nc:1119 ncall:3.4e+07 eff:0.1% logz-ratio=1189947.64+/-0.31 dlogz:0.658>0.01]30946it [20:39:27,  5.99s/it, bound:7251 nc:1231 ncall:3.4e+07 eff:0.1% logz-ratio=1189947.64+/-0.31 dlogz:0.654>0.01]30950it [20:39:53,  6.13s/it, bound:7252 nc:1154 ncall:3.4e+07 eff:0.1% logz-ratio=1189947.64+/-0.31 dlogz:0.650>0.01]30954it [20:40:18,  6.23s/it, bound:7253 nc:1216 ncall:3.4e+07 eff:0.1% logz-ratio=1189947.64+/-0.31 dlogz:0.646>0.01]30958it [20:40:39,  5.87s/it, bound:7254 nc:1040 ncall:3.4e+07 eff:0.1% logz-ratio=1189947.64+/-0.31 dlogz:0.642>0.01]30962it [20:41:03,  5.92s/it, bound:7255 nc:1093 ncall:3.4e+07 eff:0.1% logz-ratio=1189947.64+/-0.31 dlogz:0.637>0.01]30966it [20:41:26,  5.89s/it, bound:7256 nc:1302 ncall:3.4e+07 eff:0.1% logz-ratio=1189947.65+/-0.31 dlogz:0.633>0.01]30970it [20:41:50,  5.92s/it, bound:7257 nc:1267 ncall:3.4e+07 eff:0.1% logz-ratio=1189947.65+/-0.31 dlogz:0.629>0.01]30974it [20:42:14,  5.97s/it, bound:7258 nc:1204 ncall:3.4e+07 eff:0.1% logz-ratio=1189947.65+/-0.31 dlogz:0.625>0.01]30978it [20:42:39,  6.07s/it, bound:7259 nc:1258 ncall:3.4e+07 eff:0.1% logz-ratio=1189947.65+/-0.31 dlogz:0.621>0.01]30982it [20:43:05,  6.13s/it, bound:7260 nc:1198 ncall:3.4e+07 eff:0.1% logz-ratio=1189947.65+/-0.31 dlogz:0.617>0.01]30986it [20:43:22,  5.61s/it, bound:7261 nc:1243 ncall:3.4e+07 eff:0.1% logz-ratio=1189947.65+/-0.31 dlogz:0.613>0.01]30990it [20:43:39,  5.19s/it, bound:7262 nc:1188 ncall:3.4e+07 eff:0.1% logz-ratio=1189947.65+/-0.31 dlogz:0.609>0.01]30994it [20:43:55,  4.87s/it, bound:7263 nc:1162 ncall:3.4e+07 eff:0.1% logz-ratio=1189947.65+/-0.31 dlogz:0.605>0.01]30998it [20:44:13,  4.70s/it, bound:7264 nc:1139 ncall:3.4e+07 eff:0.1% logz-ratio=1189947.65+/-0.31 dlogz:0.601>0.01]31002it [20:44:31,  4.69s/it, bound:7265 nc:1307 ncall:3.4e+07 eff:0.1% logz-ratio=1189947.65+/-0.31 dlogz:0.597>0.01]31006it [20:44:49,  4.60s/it, bound:7266 nc:1151 ncall:3.4e+07 eff:0.1% logz-ratio=1189947.65+/-0.31 dlogz:0.593>0.01]31008it [20:45:04,  5.13s/it, bound:7266 nc:1152 ncall:3.4e+07 eff:0.1% logz-ratio=1189947.65+/-0.31 dlogz:0.591>0.01]31010it [20:45:22,  5.93s/it, bound:7267 nc:1289 ncall:3.4e+07 eff:0.1% logz-ratio=1189947.65+/-0.31 dlogz:0.589>0.01]31014it [20:45:41,  5.43s/it, bound:7268 nc:1302 ncall:3.4e+07 eff:0.1% logz-ratio=1189947.65+/-0.31 dlogz:0.585>0.01]31018it [20:45:59,  5.17s/it, bound:7269 nc:1299 ncall:3.4e+07 eff:0.1% logz-ratio=1189947.66+/-0.31 dlogz:0.582>0.01]31022it [20:46:19,  5.06s/it, bound:7270 nc:1364 ncall:3.4e+07 eff:0.1% logz-ratio=1189947.66+/-0.31 dlogz:0.578>0.01]31026it [20:46:40,  5.16s/it, bound:7271 nc:1330 ncall:3.4e+07 eff:0.1% logz-ratio=1189947.66+/-0.31 dlogz:0.574>0.01]31030it [20:47:09,  5.80s/it, bound:7272 nc:1334 ncall:3.4e+07 eff:0.1% logz-ratio=1189947.66+/-0.31 dlogz:0.570>0.01]31034it [20:47:33,  5.90s/it, bound:7273 nc:1258 ncall:3.4e+07 eff:0.1% logz-ratio=1189947.66+/-0.31 dlogz:0.566>0.01]31038it [20:47:59,  6.03s/it, bound:7274 nc:1228 ncall:3.4e+07 eff:0.1% logz-ratio=1189947.66+/-0.31 dlogz:0.563>0.01]31042it [20:48:25,  6.16s/it, bound:7275 nc:995 ncall:3.4e+07 eff:0.1% logz-ratio=1189947.66+/-0.31 dlogz:0.559>0.01] 31046it [20:48:51,  6.30s/it, bound:7276 nc:1206 ncall:3.4e+07 eff:0.1% logz-ratio=1189947.66+/-0.31 dlogz:0.555>0.01]31050it [20:49:14,  6.13s/it, bound:7277 nc:1215 ncall:3.4e+07 eff:0.1% logz-ratio=1189947.66+/-0.31 dlogz:0.551>0.01]31054it [20:49:40,  6.27s/it, bound:7278 nc:1341 ncall:3.4e+07 eff:0.1% logz-ratio=1189947.66+/-0.31 dlogz:0.548>0.01]31058it [20:50:07,  6.42s/it, bound:7279 nc:1363 ncall:3.4e+07 eff:0.1% logz-ratio=1189947.66+/-0.31 dlogz:0.544>0.01]31062it [20:50:33,  6.44s/it, bound:7280 nc:1286 ncall:3.4e+07 eff:0.1% logz-ratio=1189947.66+/-0.31 dlogz:0.540>0.01]31066it [20:51:12,  7.41s/it, bound:7281 nc:1820 ncall:3.4e+07 eff:0.1% logz-ratio=1189947.66+/-0.31 dlogz:0.537>0.01]31070it [20:51:44,  7.55s/it, bound:7282 nc:1817 ncall:3.4e+07 eff:0.1% logz-ratio=1189947.66+/-0.31 dlogz:0.533>0.01]31074it [20:52:08,  7.08s/it, bound:7283 nc:1654 ncall:3.4e+07 eff:0.1% logz-ratio=1189947.67+/-0.31 dlogz:0.530>0.01]31077it [20:52:46,  8.46s/it, bound:7284 nc:2690 ncall:3.4e+07 eff:0.1% logz-ratio=1189947.67+/-0.31 dlogz:0.527>0.01]31081it [20:53:21,  8.60s/it, bound:7285 nc:2471 ncall:3.4e+07 eff:0.1% logz-ratio=1189947.67+/-0.31 dlogz:0.523>0.01]31085it [20:53:59,  8.86s/it, bound:7286 nc:2477 ncall:3.4e+07 eff:0.1% logz-ratio=1189947.67+/-0.31 dlogz:0.520>0.01]31089it [20:54:33,  8.76s/it, bound:7287 nc:2280 ncall:3.4e+07 eff:0.1% logz-ratio=1189947.67+/-0.31 dlogz:0.516>0.01]31093it [20:55:06,  8.60s/it, bound:7288 nc:2134 ncall:3.4e+07 eff:0.1% logz-ratio=1189947.67+/-0.31 dlogz:0.513>0.01]31095it [20:55:21,  8.43s/it, bound:7288 nc:2322 ncall:3.4e+07 eff:0.1% logz-ratio=1189947.67+/-0.31 dlogz:0.511>0.01]31097it [20:55:55, 10.09s/it, bound:7289 nc:2219 ncall:3.4e+07 eff:0.1% logz-ratio=1189947.67+/-0.31 dlogz:0.509>0.01]31101it [20:56:29,  9.54s/it, bound:7290 nc:2141 ncall:3.4e+07 eff:0.1% logz-ratio=1189947.67+/-0.31 dlogz:0.506>0.01]31105it [20:57:02,  9.11s/it, bound:7291 nc:2042 ncall:3.4e+07 eff:0.1% logz-ratio=1189947.67+/-0.31 dlogz:0.503>0.01]31109it [20:57:35,  8.81s/it, bound:7292 nc:1744 ncall:3.4e+07 eff:0.1% logz-ratio=1189947.67+/-0.31 dlogz:0.499>0.01]31113it [20:58:07,  8.52s/it, bound:7293 nc:1731 ncall:3.4e+07 eff:0.1% logz-ratio=1189947.67+/-0.32 dlogz:0.496>0.01]31117it [20:58:42,  8.63s/it, bound:7294 nc:1856 ncall:3.4e+07 eff:0.1% logz-ratio=1189947.67+/-0.32 dlogz:0.492>0.01]31121it [20:59:23,  9.15s/it, bound:7295 nc:1929 ncall:3.4e+07 eff:0.1% logz-ratio=1189947.67+/-0.32 dlogz:0.489>0.01]31125it [21:00:08,  9.79s/it, bound:7296 nc:1900 ncall:3.4e+07 eff:0.1% logz-ratio=1189947.67+/-0.32 dlogz:0.486>0.01]31129it [21:00:52, 10.14s/it, bound:7297 nc:1814 ncall:3.4e+07 eff:0.1% logz-ratio=1189947.67+/-0.32 dlogz:0.482>0.01]31133it [21:01:29,  9.85s/it, bound:7298 nc:1831 ncall:3.4e+07 eff:0.1% logz-ratio=1189947.68+/-0.32 dlogz:0.479>0.01]31136it [21:01:29,  7.44s/it, bound:7299 nc:  1 ncall:3.4e+07 eff:0.1% logz-ratio=1189947.79+/-0.33 dlogz:0.016>0.01] 31136it [21:01:46,  7.44s/it, bound:7299 nc:  1 ncall:3.4e+07 eff:0.1% logz-ratio=1189947.80+/-0.36 dlogz:0.001>0.01]31137it [21:02:09, 10.84s/it, bound:7299 nc:1819 ncall:3.4e+07 eff:0.1% logz-ratio=1189947.68+/-0.32 dlogz:0.476>0.01]31141it [21:02:47, 10.37s/it, bound:7300 nc:1674 ncall:3.4e+07 eff:0.1% logz-ratio=1189947.68+/-0.32 dlogz:0.473>0.01]31145it [21:03:23,  9.89s/it, bound:7301 nc:1560 ncall:3.4e+07 eff:0.1% logz-ratio=1189947.68+/-0.32 dlogz:0.469>0.01]31149it [21:04:01,  9.72s/it, bound:7302 nc:1585 ncall:3.4e+07 eff:0.1% logz-ratio=1189947.68+/-0.32 dlogz:0.466>0.01]31153it [21:04:38,  9.61s/it, bound:7303 nc:1603 ncall:3.4e+07 eff:0.1% logz-ratio=1189947.68+/-0.32 dlogz:0.463>0.01]31157it [21:05:11,  9.15s/it, bound:7304 nc:1462 ncall:3.4e+07 eff:0.1% logz-ratio=1189947.68+/-0.32 dlogz:0.460>0.01]31159it [21:21:40, 98.30s/it, bound:7304 nc:1532 ncall:3.4e+07 eff:0.1% logz-ratio=1189947.68+/-0.32 dlogz:0.458>0.01]31161it [21:22:09, 80.86s/it, bound:7305 nc:1451 ncall:3.4e+07 eff:0.1% logz-ratio=1189947.68+/-0.32 dlogz:0.457>0.01]31165it [21:22:34, 53.11s/it, bound:7306 nc:1426 ncall:3.4e+07 eff:0.1% logz-ratio=1189947.68+/-0.32 dlogz:0.453>0.01]31169it [21:23:02, 37.04s/it, bound:7307 nc:1441 ncall:3.4e+07 eff:0.1% logz-ratio=1189947.68+/-0.32 dlogz:0.450>0.01]31173it [21:23:28, 26.94s/it, bound:7308 nc:1429 ncall:3.4e+07 eff:0.1% logz-ratio=1189947.68+/-0.32 dlogz:0.447>0.01]31177it [21:23:53, 20.29s/it, bound:7309 nc:1413 ncall:3.4e+07 eff:0.1% logz-ratio=1189947.68+/-0.32 dlogz:0.444>0.01]31181it [21:24:21, 16.10s/it, bound:7310 nc:1448 ncall:3.4e+07 eff:0.1% logz-ratio=1189947.68+/-0.32 dlogz:0.441>0.01]31185it [21:24:47, 13.15s/it, bound:7311 nc:1350 ncall:3.4e+07 eff:0.1% logz-ratio=1189947.68+/-0.32 dlogz:0.438>0.01]31189it [21:25:12, 11.00s/it, bound:7312 nc:1316 ncall:3.4e+07 eff:0.1% logz-ratio=1189947.68+/-0.32 dlogz:0.435>0.01]31193it [21:25:36,  9.53s/it, bound:7313 nc:1251 ncall:3.4e+07 eff:0.1% logz-ratio=1189947.68+/-0.32 dlogz:0.432>0.01]31197it [21:26:01,  8.50s/it, bound:7314 nc:1374 ncall:3.4e+07 eff:0.1% logz-ratio=1189947.68+/-0.32 dlogz:0.429>0.01]31201it [21:26:24,  7.67s/it, bound:7315 nc:1391 ncall:3.4e+07 eff:0.1% logz-ratio=1189947.69+/-0.32 dlogz:0.426>0.01]31205it [21:26:52,  7.47s/it, bound:7316 nc:1383 ncall:3.4e+07 eff:0.1% logz-ratio=1189947.69+/-0.32 dlogz:0.423>0.01]31209it [21:27:20,  7.31s/it, bound:7317 nc:1310 ncall:3.4e+07 eff:0.1% logz-ratio=1189947.69+/-0.32 dlogz:0.420>0.01]31213it [21:27:44,  6.95s/it, bound:7318 nc:1160 ncall:3.4e+07 eff:0.1% logz-ratio=1189947.69+/-0.32 dlogz:0.417>0.01]31217it [21:28:15,  7.18s/it, bound:7319 nc:1404 ncall:3.4e+07 eff:0.1% logz-ratio=1189947.69+/-0.32 dlogz:0.414>0.01]31221it [21:28:42,  7.05s/it, bound:7320 nc:1340 ncall:3.4e+07 eff:0.1% logz-ratio=1189947.69+/-0.32 dlogz:0.411>0.01]31225it [21:29:10,  7.04s/it, bound:7321 nc:1325 ncall:3.4e+07 eff:0.1% logz-ratio=1189947.69+/-0.32 dlogz:0.408>0.01]31229it [21:29:40,  7.13s/it, bound:7322 nc:1279 ncall:3.4e+07 eff:0.1% logz-ratio=1189947.69+/-0.32 dlogz:0.405>0.01]31233it [21:30:05,  6.89s/it, bound:7323 nc:1227 ncall:3.4e+07 eff:0.1% logz-ratio=1189947.69+/-0.32 dlogz:0.403>0.01]31237it [21:30:31,  6.79s/it, bound:7324 nc:1272 ncall:3.4e+07 eff:0.1% logz-ratio=1189947.69+/-0.32 dlogz:0.400>0.01]31240it [21:31:13,  8.54s/it, bound:7325 nc:3093 ncall:3.4e+07 eff:0.1% logz-ratio=1189947.69+/-0.32 dlogz:0.398>0.01]31244it [21:31:53,  8.99s/it, bound:7326 nc:1978 ncall:3.4e+07 eff:0.1% logz-ratio=1189947.69+/-0.32 dlogz:0.395>0.01]31247it [21:32:10,  8.12s/it, bound:7327 nc:1968 ncall:3.4e+07 eff:0.1% logz-ratio=1189947.69+/-0.32 dlogz:0.393>0.01]31248it [21:32:48, 11.38s/it, bound:7327 nc:1957 ncall:3.4e+07 eff:0.1% logz-ratio=1189947.69+/-0.32 dlogz:0.392>0.01]31252it [21:33:26, 10.64s/it, bound:7328 nc:1776 ncall:3.4e+07 eff:0.1% logz-ratio=1189947.69+/-0.32 dlogz:0.389>0.01]31256it [21:34:03, 10.21s/it, bound:7329 nc:1453 ncall:3.4e+07 eff:0.1% logz-ratio=1189947.69+/-0.32 dlogz:0.387>0.01]31260it [21:34:40,  9.83s/it, bound:7330 nc:1576 ncall:3.4e+07 eff:0.1% logz-ratio=1189947.69+/-0.32 dlogz:0.384>0.01]31264it [21:35:18,  9.74s/it, bound:7331 nc:1833 ncall:3.4e+07 eff:0.1% logz-ratio=1189947.69+/-0.32 dlogz:0.381>0.01]31268it [21:35:56,  9.68s/it, bound:7332 nc:1822 ncall:3.4e+07 eff:0.1% logz-ratio=1189947.70+/-0.32 dlogz:0.378>0.01]31272it [21:36:33,  9.58s/it, bound:7333 nc:1837 ncall:3.4e+07 eff:0.1% logz-ratio=1189947.70+/-0.32 dlogz:0.376>0.01]31276it [21:37:07,  9.19s/it, bound:7334 nc:1758 ncall:3.4e+07 eff:0.1% logz-ratio=1189947.70+/-0.32 dlogz:0.373>0.01]31280it [21:37:42,  9.07s/it, bound:7335 nc:1596 ncall:3.4e+07 eff:0.1% logz-ratio=1189947.70+/-0.32 dlogz:0.370>0.01]31284it [21:38:15,  8.86s/it, bound:7336 nc:1701 ncall:3.4e+07 eff:0.1% logz-ratio=1189947.70+/-0.32 dlogz:0.368>0.01]31288it [21:38:50,  8.83s/it, bound:7337 nc:1622 ncall:3.4e+07 eff:0.1% logz-ratio=1189947.70+/-0.32 dlogz:0.365>0.01]31292it [21:39:23,  8.60s/it, bound:7338 nc:1508 ncall:3.4e+07 eff:0.1% logz-ratio=1189947.70+/-0.32 dlogz:0.363>0.01]31296it [21:39:53,  8.29s/it, bound:7339 nc:1152 ncall:3.4e+07 eff:0.1% logz-ratio=1189947.70+/-0.32 dlogz:0.360>0.01]31300it [21:40:23,  8.05s/it, bound:7340 nc:1419 ncall:3.4e+07 eff:0.1% logz-ratio=1189947.70+/-0.32 dlogz:0.357>0.01]31304it [21:40:53,  7.85s/it, bound:7341 nc:1490 ncall:3.5e+07 eff:0.1% logz-ratio=1189947.70+/-0.32 dlogz:0.355>0.01]31308it [21:41:19,  7.45s/it, bound:7342 nc:1286 ncall:3.5e+07 eff:0.1% logz-ratio=1189947.70+/-0.32 dlogz:0.352>0.01]31312it [21:41:44,  7.12s/it, bound:7343 nc:1406 ncall:3.5e+07 eff:0.1% logz-ratio=1189947.70+/-0.32 dlogz:0.350>0.01]31316it [21:42:11,  6.97s/it, bound:7344 nc:1393 ncall:3.5e+07 eff:0.1% logz-ratio=1189947.70+/-0.32 dlogz:0.347>0.01]31320it [21:42:54,  8.16s/it, bound:7345 nc:1414 ncall:3.5e+07 eff:0.1% logz-ratio=1189947.70+/-0.32 dlogz:0.345>0.01]31324it [21:43:21,  7.72s/it, bound:7346 nc:1436 ncall:3.5e+07 eff:0.1% logz-ratio=1189947.70+/-0.32 dlogz:0.342>0.01]31328it [21:43:48,  7.41s/it, bound:7347 nc:1218 ncall:3.5e+07 eff:0.1% logz-ratio=1189947.70+/-0.32 dlogz:0.340>0.01]31332it [21:44:14,  7.18s/it, bound:7348 nc:1474 ncall:3.5e+07 eff:0.1% logz-ratio=1189947.70+/-0.32 dlogz:0.337>0.01]31336it [21:44:42,  7.07s/it, bound:7349 nc:1314 ncall:3.5e+07 eff:0.1% logz-ratio=1189947.70+/-0.32 dlogz:0.335>0.01]31340it [21:45:09,  6.97s/it, bound:7350 nc:1359 ncall:3.5e+07 eff:0.1% logz-ratio=1189947.70+/-0.32 dlogz:0.333>0.01]31344it [21:45:35,  6.88s/it, bound:7351 nc:1326 ncall:3.5e+07 eff:0.1% logz-ratio=1189947.71+/-0.32 dlogz:0.330>0.01]31348it [21:46:02,  6.78s/it, bound:7352 nc:1364 ncall:3.5e+07 eff:0.1% logz-ratio=1189947.71+/-0.32 dlogz:0.328>0.01]31352it [21:46:24,  6.46s/it, bound:7353 nc:1193 ncall:3.5e+07 eff:0.1% logz-ratio=1189947.71+/-0.32 dlogz:0.325>0.01]31356it [21:46:52,  6.63s/it, bound:7354 nc:1361 ncall:3.5e+07 eff:0.1% logz-ratio=1189947.71+/-0.32 dlogz:0.323>0.01]31360it [21:47:17,  6.50s/it, bound:7355 nc:1291 ncall:3.5e+07 eff:0.1% logz-ratio=1189947.71+/-0.32 dlogz:0.321>0.01]31364it [21:47:42,  6.40s/it, bound:7356 nc:1223 ncall:3.5e+07 eff:0.1% logz-ratio=1189947.71+/-0.32 dlogz:0.318>0.01]31368it [21:48:07,  6.35s/it, bound:7357 nc:1352 ncall:3.5e+07 eff:0.1% logz-ratio=1189947.71+/-0.32 dlogz:0.316>0.01]31372it [21:48:31,  6.25s/it, bound:7358 nc:1345 ncall:3.5e+07 eff:0.1% logz-ratio=1189947.71+/-0.32 dlogz:0.314>0.01]31376it [21:48:55,  6.18s/it, bound:7359 nc:1227 ncall:3.5e+07 eff:0.1% logz-ratio=1189947.71+/-0.32 dlogz:0.312>0.01]31380it [21:49:21,  6.28s/it, bound:7360 nc:1289 ncall:3.5e+07 eff:0.1% logz-ratio=1189947.71+/-0.32 dlogz:0.309>0.01]31384it [21:49:45,  6.22s/it, bound:7361 nc:1269 ncall:3.5e+07 eff:0.1% logz-ratio=1189947.71+/-0.32 dlogz:0.307>0.01]31388it [21:50:08,  6.08s/it, bound:7362 nc:1228 ncall:3.5e+07 eff:0.1% logz-ratio=1189947.71+/-0.32 dlogz:0.305>0.01]31392it [21:50:33,  6.09s/it, bound:7363 nc:1300 ncall:3.5e+07 eff:0.1% logz-ratio=1189947.71+/-0.32 dlogz:0.303>0.01]31396it [21:50:57,  6.08s/it, bound:7364 nc:1252 ncall:3.5e+07 eff:0.1% logz-ratio=1189947.71+/-0.32 dlogz:0.300>0.01]31400it [21:51:19,  5.93s/it, bound:7365 nc:2124 ncall:3.5e+07 eff:0.1% logz-ratio=1189947.71+/-0.32 dlogz:0.298>0.01]31403it [21:51:51,  7.07s/it, bound:7366 nc:1540 ncall:3.5e+07 eff:0.1% logz-ratio=1189947.71+/-0.32 dlogz:0.297>0.01]31407it [21:52:32,  8.06s/it, bound:7367 nc:2118 ncall:3.5e+07 eff:0.1% logz-ratio=1189947.71+/-0.32 dlogz:0.294>0.01]31408it [21:52:48,  8.89s/it, bound:7367 nc:2031 ncall:3.5e+07 eff:0.1% logz-ratio=1189947.71+/-0.32 dlogz:0.294>0.01]31411it [21:53:23,  9.75s/it, bound:7368 nc:1897 ncall:3.5e+07 eff:0.1% logz-ratio=1189947.71+/-0.32 dlogz:0.292>0.01]31415it [21:53:54,  9.02s/it, bound:7369 nc:1826 ncall:3.5e+07 eff:0.1% logz-ratio=1189947.71+/-0.32 dlogz:0.290>0.01]31419it [21:54:29,  8.88s/it, bound:7370 nc:1868 ncall:3.5e+07 eff:0.1% logz-ratio=1189947.71+/-0.32 dlogz:0.288>0.01]31423it [21:54:58,  8.37s/it, bound:7371 nc:1823 ncall:3.5e+07 eff:0.1% logz-ratio=1189947.71+/-0.32 dlogz:0.286>0.01]31427it [21:55:26,  7.91s/it, bound:7372 nc:1500 ncall:3.5e+07 eff:0.1% logz-ratio=1189947.72+/-0.32 dlogz:0.284>0.01]31431it [21:55:58,  7.90s/it, bound:7373 nc:1628 ncall:3.5e+07 eff:0.1% logz-ratio=1189947.72+/-0.32 dlogz:0.282>0.01]31435it [21:56:26,  7.68s/it, bound:7374 nc:1286 ncall:3.5e+07 eff:0.1% logz-ratio=1189947.72+/-0.32 dlogz:0.280>0.01]31439it [21:56:52,  7.27s/it, bound:7375 nc:1479 ncall:3.5e+07 eff:0.1% logz-ratio=1189947.72+/-0.32 dlogz:0.278>0.01]31443it [21:57:22,  7.38s/it, bound:7376 nc:1557 ncall:3.5e+07 eff:0.1% logz-ratio=1189947.72+/-0.32 dlogz:0.276>0.01]31447it [21:57:49,  7.21s/it, bound:7377 nc:1520 ncall:3.5e+07 eff:0.1% logz-ratio=1189947.72+/-0.32 dlogz:0.274>0.01]31451it [21:58:19,  7.26s/it, bound:7378 nc:1424 ncall:3.5e+07 eff:0.1% logz-ratio=1189947.72+/-0.32 dlogz:0.272>0.01]31455it [21:58:49,  7.37s/it, bound:7379 nc:1470 ncall:3.5e+07 eff:0.1% logz-ratio=1189947.72+/-0.32 dlogz:0.270>0.01]31459it [21:59:16,  7.16s/it, bound:7380 nc:1343 ncall:3.5e+07 eff:0.1% logz-ratio=1189947.72+/-0.32 dlogz:0.268>0.01]31463it [21:59:49,  7.51s/it, bound:7381 nc:1467 ncall:3.5e+07 eff:0.1% logz-ratio=1189947.72+/-0.32 dlogz:0.266>0.01]31467it [22:00:18,  7.40s/it, bound:7382 nc:1549 ncall:3.5e+07 eff:0.1% logz-ratio=1189947.72+/-0.32 dlogz:0.264>0.01]31471it [22:00:53,  7.78s/it, bound:7383 nc:1661 ncall:3.5e+07 eff:0.1% logz-ratio=1189947.72+/-0.32 dlogz:0.262>0.01]31475it [22:01:25,  7.88s/it, bound:7384 nc:1501 ncall:3.5e+07 eff:0.1% logz-ratio=1189947.72+/-0.32 dlogz:0.260>0.01]31479it [22:01:57,  7.89s/it, bound:7385 nc:1518 ncall:3.5e+07 eff:0.1% logz-ratio=1189947.72+/-0.32 dlogz:0.258>0.01]31483it [22:02:27,  7.78s/it, bound:7386 nc:1559 ncall:3.5e+07 eff:0.1% logz-ratio=1189947.72+/-0.32 dlogz:0.256>0.01]31487it [22:02:58,  7.81s/it, bound:7387 nc:1427 ncall:3.5e+07 eff:0.1% logz-ratio=1189947.72+/-0.32 dlogz:0.254>0.01]31488it [22:03:15,  8.65s/it, bound:7387 nc:1208 ncall:3.5e+07 eff:0.1% logz-ratio=1189947.72+/-0.32 dlogz:0.254>0.01]31491it [22:03:47,  9.22s/it, bound:7388 nc:1497 ncall:3.5e+07 eff:0.1% logz-ratio=1189947.72+/-0.32 dlogz:0.252>0.01]31495it [22:04:19,  8.83s/it, bound:7389 nc:1553 ncall:3.5e+07 eff:0.1% logz-ratio=1189947.72+/-0.32 dlogz:0.250>0.01]31499it [22:04:50,  8.48s/it, bound:7390 nc:1407 ncall:3.5e+07 eff:0.1% logz-ratio=1189947.72+/-0.32 dlogz:0.248>0.01]31503it [22:05:21,  8.24s/it, bound:7391 nc:1444 ncall:3.5e+07 eff:0.1% logz-ratio=1189947.72+/-0.32 dlogz:0.247>0.01]31507it [22:05:51,  7.96s/it, bound:7392 nc:1334 ncall:3.5e+07 eff:0.1% logz-ratio=1189947.72+/-0.32 dlogz:0.245>0.01]31511it [22:06:21,  7.83s/it, bound:7393 nc:1343 ncall:3.5e+07 eff:0.1% logz-ratio=1189947.72+/-0.32 dlogz:0.243>0.01]31514it [22:06:48,  8.17s/it, bound:7394 nc:2753 ncall:3.5e+07 eff:0.1% logz-ratio=1189947.72+/-0.32 dlogz:0.242>0.01]31518it [22:07:15,  7.67s/it, bound:7395 nc:1342 ncall:3.5e+07 eff:0.1% logz-ratio=1189947.72+/-0.32 dlogz:0.240>0.01]31522it [22:07:42,  7.40s/it, bound:7396 nc:1320 ncall:3.5e+07 eff:0.1% logz-ratio=1189947.73+/-0.32 dlogz:0.238>0.01]31526it [22:08:09,  7.18s/it, bound:7397 nc:1304 ncall:3.5e+07 eff:0.1% logz-ratio=1189947.73+/-0.32 dlogz:0.236>0.01]31530it [22:08:36,  7.05s/it, bound:7398 nc:1321 ncall:3.5e+07 eff:0.1% logz-ratio=1189947.73+/-0.32 dlogz:0.234>0.01]31534it [22:09:03,  6.95s/it, bound:7399 nc:1290 ncall:3.5e+07 eff:0.1% logz-ratio=1189947.73+/-0.32 dlogz:0.233>0.01]31538it [22:09:29,  6.78s/it, bound:7400 nc:919 ncall:3.5e+07 eff:0.1% logz-ratio=1189947.73+/-0.32 dlogz:0.231>0.01] 31542it [22:09:56,  6.81s/it, bound:7401 nc:1297 ncall:3.5e+07 eff:0.1% logz-ratio=1189947.73+/-0.32 dlogz:0.229>0.01]31546it [22:10:23,  6.80s/it, bound:7402 nc:1226 ncall:3.5e+07 eff:0.1% logz-ratio=1189947.73+/-0.32 dlogz:0.228>0.01]31550it [22:10:50,  6.79s/it, bound:7403 nc:1342 ncall:3.5e+07 eff:0.1% logz-ratio=1189947.73+/-0.32 dlogz:0.226>0.01]31554it [22:11:16,  6.70s/it, bound:7404 nc:1165 ncall:3.5e+07 eff:0.1% logz-ratio=1189947.73+/-0.32 dlogz:0.242>0.01]31558it [22:11:42,  6.61s/it, bound:7405 nc:1333 ncall:3.5e+07 eff:0.1% logz-ratio=1189947.73+/-0.32 dlogz:0.241>0.01]31562it [22:12:07,  6.51s/it, bound:7406 nc:1150 ncall:3.5e+07 eff:0.1% logz-ratio=1189947.73+/-0.32 dlogz:0.239>0.01]31566it [22:12:34,  6.56s/it, bound:7407 nc:1119 ncall:3.5e+07 eff:0.1% logz-ratio=1189947.73+/-0.32 dlogz:0.237>0.01]31570it [22:13:01,  6.66s/it, bound:7408 nc:1271 ncall:3.5e+07 eff:0.1% logz-ratio=1189947.73+/-0.32 dlogz:0.235>0.01]31574it [22:13:27,  6.63s/it, bound:7409 nc:1298 ncall:3.5e+07 eff:0.1% logz-ratio=1189947.73+/-0.33 dlogz:0.233>0.01]31575it [22:13:44,  7.58s/it, bound:7409 nc:1253 ncall:3.5e+07 eff:0.1% logz-ratio=1189947.73+/-0.33 dlogz:0.233>0.01]31578it [22:14:11,  8.02s/it, bound:7410 nc:1205 ncall:3.5e+07 eff:0.1% logz-ratio=1189947.73+/-0.33 dlogz:0.232>0.01]31582it [22:14:37,  7.48s/it, bound:7411 nc:1168 ncall:3.5e+07 eff:0.1% logz-ratio=1189947.73+/-0.33 dlogz:0.230>0.01]31586it [22:15:04,  7.23s/it, bound:7412 nc:1324 ncall:3.5e+07 eff:0.1% logz-ratio=1189947.73+/-0.33 dlogz:0.228>0.01]31590it [22:15:30,  6.99s/it, bound:7413 nc:1242 ncall:3.5e+07 eff:0.1% logz-ratio=1189947.73+/-0.33 dlogz:0.227>0.01]31594it [22:15:56,  6.86s/it, bound:7414 nc:1231 ncall:3.5e+07 eff:0.1% logz-ratio=1189947.73+/-0.33 dlogz:0.225>0.01]31598it [22:16:22,  6.75s/it, bound:7415 nc:1134 ncall:3.5e+07 eff:0.1% logz-ratio=1189947.73+/-0.33 dlogz:0.223>0.01]31602it [22:16:50,  6.81s/it, bound:7416 nc:1217 ncall:3.5e+07 eff:0.1% logz-ratio=1189947.73+/-0.33 dlogz:0.222>0.01]31606it [22:17:16,  6.69s/it, bound:7417 nc:1176 ncall:3.5e+07 eff:0.1% logz-ratio=1189947.73+/-0.33 dlogz:0.220>0.01]31610it [22:17:42,  6.65s/it, bound:7418 nc:1154 ncall:3.5e+07 eff:0.1% logz-ratio=1189947.73+/-0.33 dlogz:0.218>0.01]31614it [22:18:05,  6.40s/it, bound:7419 nc:1096 ncall:3.5e+07 eff:0.1% logz-ratio=1189947.73+/-0.33 dlogz:0.217>0.01]31618it [22:18:28,  6.19s/it, bound:7420 nc:1202 ncall:3.5e+07 eff:0.1% logz-ratio=1189947.73+/-0.33 dlogz:0.215>0.01]31622it [22:18:53,  6.21s/it, bound:7421 nc:1268 ncall:3.5e+07 eff:0.1% logz-ratio=1189947.73+/-0.33 dlogz:0.213>0.01]31625it [22:19:19,  6.80s/it, bound:7422 nc:1228 ncall:3.5e+07 eff:0.1% logz-ratio=1189947.74+/-0.33 dlogz:0.212>0.01]31629it [22:19:43,  6.56s/it, bound:7423 nc:1216 ncall:3.5e+07 eff:0.1% logz-ratio=1189947.74+/-0.33 dlogz:0.211>0.01]31633it [22:20:07,  6.36s/it, bound:7424 nc:1117 ncall:3.5e+07 eff:0.1% logz-ratio=1189947.74+/-0.33 dlogz:0.209>0.01]31637it [22:20:31,  6.27s/it, bound:7425 nc:1113 ncall:3.5e+07 eff:0.1% logz-ratio=1189947.74+/-0.33 dlogz:0.207>0.01]31641it [22:20:58,  6.41s/it, bound:7426 nc:1223 ncall:3.5e+07 eff:0.1% logz-ratio=1189947.74+/-0.33 dlogz:0.206>0.01]31645it [22:21:24,  6.43s/it, bound:7427 nc:1259 ncall:3.5e+07 eff:0.1% logz-ratio=1189947.74+/-0.33 dlogz:0.204>0.01]31649it [22:21:52,  6.59s/it, bound:7428 nc:1307 ncall:3.5e+07 eff:0.1% logz-ratio=1189947.74+/-0.33 dlogz:0.203>0.01]31653it [22:22:16,  6.39s/it, bound:7429 nc:1072 ncall:3.5e+07 eff:0.1% logz-ratio=1189947.74+/-0.33 dlogz:0.201>0.01]31657it [22:22:44,  6.56s/it, bound:7430 nc:1220 ncall:3.5e+07 eff:0.1% logz-ratio=1189947.74+/-0.33 dlogz:0.200>0.01]31661it [22:23:10,  6.55s/it, bound:7431 nc:1352 ncall:3.5e+07 eff:0.1% logz-ratio=1189947.74+/-0.33 dlogz:0.198>0.01]31665it [22:23:36,  6.56s/it, bound:7432 nc:1230 ncall:3.5e+07 eff:0.1% logz-ratio=1189947.74+/-0.33 dlogz:0.197>0.01]31669it [22:24:03,  6.59s/it, bound:7433 nc:1268 ncall:3.5e+07 eff:0.1% logz-ratio=1189947.74+/-0.33 dlogz:0.195>0.01]31670it [22:24:19,  7.53s/it, bound:7433 nc:1151 ncall:3.5e+07 eff:0.1% logz-ratio=1189947.74+/-0.33 dlogz:0.195>0.01]31673it [22:24:44,  7.78s/it, bound:7434 nc:1268 ncall:3.5e+07 eff:0.1% logz-ratio=1189947.74+/-0.33 dlogz:0.194>0.01]31677it [22:25:08,  7.15s/it, bound:7435 nc:1189 ncall:3.5e+07 eff:0.1% logz-ratio=1189947.74+/-0.33 dlogz:0.192>0.01]31681it [22:25:33,  6.81s/it, bound:7436 nc:1216 ncall:3.5e+07 eff:0.1% logz-ratio=1189947.74+/-0.33 dlogz:0.191>0.01]31685it [22:25:57,  6.58s/it, bound:7437 nc:1182 ncall:3.5e+07 eff:0.1% logz-ratio=1189947.74+/-0.33 dlogz:0.189>0.01]31689it [22:26:21,  6.37s/it, bound:7438 nc:1201 ncall:3.5e+07 eff:0.1% logz-ratio=1189947.74+/-0.33 dlogz:0.188>0.01]31693it [22:26:48,  6.53s/it, bound:7439 nc:1380 ncall:3.5e+07 eff:0.1% logz-ratio=1189947.74+/-0.33 dlogz:0.187>0.01]31697it [22:27:15,  6.58s/it, bound:7440 nc:1312 ncall:3.5e+07 eff:0.1% logz-ratio=1189947.74+/-0.33 dlogz:0.185>0.01]31701it [22:27:41,  6.57s/it, bound:7441 nc:1299 ncall:3.5e+07 eff:0.1% logz-ratio=1189947.74+/-0.33 dlogz:0.184>0.01]31705it [22:28:08,  6.56s/it, bound:7442 nc:1346 ncall:3.5e+07 eff:0.1% logz-ratio=1189947.74+/-0.33 dlogz:0.182>0.01]31709it [22:28:29,  6.22s/it, bound:7443 nc:1194 ncall:3.5e+07 eff:0.1% logz-ratio=1189947.74+/-0.33 dlogz:0.181>0.01]31713it [22:28:54,  6.20s/it, bound:7444 nc:1288 ncall:3.5e+07 eff:0.1% logz-ratio=1189947.74+/-0.33 dlogz:0.180>0.01]31717it [22:29:19,  6.23s/it, bound:7445 nc:1199 ncall:3.5e+07 eff:0.1% logz-ratio=1189947.74+/-0.33 dlogz:0.178>0.01]31721it [22:29:41,  6.04s/it, bound:7446 nc:962 ncall:3.5e+07 eff:0.1% logz-ratio=1189947.74+/-0.33 dlogz:0.177>0.01] 31725it [22:30:10,  6.34s/it, bound:7447 nc:1379 ncall:3.5e+07 eff:0.1% logz-ratio=1189947.74+/-0.33 dlogz:0.176>0.01]31729it [22:30:38,  6.58s/it, bound:7448 nc:1370 ncall:3.5e+07 eff:0.1% logz-ratio=1189947.74+/-0.33 dlogz:0.174>0.01]31733it [22:31:07,  6.76s/it, bound:7449 nc:1326 ncall:3.5e+07 eff:0.1% logz-ratio=1189947.74+/-0.33 dlogz:0.173>0.01]31736it [22:31:34,  7.27s/it, bound:7450 nc:1090 ncall:3.5e+07 eff:0.1% logz-ratio=1189947.74+/-0.33 dlogz:0.172>0.01]31740it [22:32:00,  7.08s/it, bound:7451 nc:1290 ncall:3.5e+07 eff:0.1% logz-ratio=1189947.74+/-0.33 dlogz:0.171>0.01]31744it [22:32:28,  7.03s/it, bound:7452 nc:1245 ncall:3.5e+07 eff:0.1% logz-ratio=1189947.75+/-0.33 dlogz:0.169>0.01]31748it [22:32:54,  6.90s/it, bound:7453 nc:1343 ncall:3.5e+07 eff:0.1% logz-ratio=1189947.75+/-0.33 dlogz:0.168>0.01]31752it [22:33:23,  7.00s/it, bound:7454 nc:1163 ncall:3.5e+07 eff:0.1% logz-ratio=1189947.75+/-0.33 dlogz:0.167>0.01]31756it [22:33:52,  7.08s/it, bound:7455 nc:1356 ncall:3.5e+07 eff:0.1% logz-ratio=1189947.75+/-0.33 dlogz:0.165>0.01]31760it [22:34:19,  6.98s/it, bound:7456 nc:1320 ncall:3.5e+07 eff:0.1% logz-ratio=1189947.75+/-0.33 dlogz:0.164>0.01]31764it [22:35:04,  8.26s/it, bound:7457 nc:1317 ncall:3.5e+07 eff:0.1% logz-ratio=1189947.75+/-0.33 dlogz:0.163>0.01]31768it [22:35:30,  7.72s/it, bound:7458 nc:1231 ncall:3.5e+07 eff:0.1% logz-ratio=1189947.75+/-0.33 dlogz:0.162>0.01]31772it [22:35:56,  7.32s/it, bound:7459 nc:1253 ncall:3.5e+07 eff:0.1% logz-ratio=1189947.75+/-0.33 dlogz:0.160>0.01]31776it [22:36:20,  6.98s/it, bound:7460 nc:1226 ncall:3.5e+07 eff:0.1% logz-ratio=1189947.75+/-0.33 dlogz:0.159>0.01]31780it [22:36:48,  6.97s/it, bound:7461 nc:1286 ncall:3.5e+07 eff:0.1% logz-ratio=1189947.75+/-0.33 dlogz:0.158>0.01]31784it [22:37:13,  6.78s/it, bound:7462 nc:1124 ncall:3.5e+07 eff:0.1% logz-ratio=1189947.75+/-0.33 dlogz:0.157>0.01]31788it [22:37:39,  6.65s/it, bound:7463 nc:1324 ncall:3.5e+07 eff:0.1% logz-ratio=1189947.75+/-0.33 dlogz:0.156>0.01]31792it [22:38:07,  6.77s/it, bound:7464 nc:1221 ncall:3.5e+07 eff:0.1% logz-ratio=1189947.75+/-0.33 dlogz:0.154>0.01]31796it [22:38:34,  6.76s/it, bound:7465 nc:1195 ncall:3.5e+07 eff:0.1% logz-ratio=1189947.75+/-0.33 dlogz:0.153>0.01]31800it [22:39:00,  6.69s/it, bound:7466 nc:1328 ncall:3.5e+07 eff:0.1% logz-ratio=1189947.75+/-0.33 dlogz:0.152>0.01]31804it [22:39:25,  6.53s/it, bound:7467 nc:1236 ncall:3.5e+07 eff:0.1% logz-ratio=1189947.75+/-0.33 dlogz:0.151>0.01]31808it [22:39:51,  6.56s/it, bound:7468 nc:1317 ncall:3.5e+07 eff:0.1% logz-ratio=1189947.75+/-0.33 dlogz:0.150>0.01]31811it [22:40:12,  6.68s/it, bound:7469 nc:2509 ncall:3.5e+07 eff:0.1% logz-ratio=1189947.75+/-0.33 dlogz:0.149>0.01]31815it [22:40:41,  6.80s/it, bound:7470 nc:1361 ncall:3.5e+07 eff:0.1% logz-ratio=1189947.75+/-0.33 dlogz:0.148>0.01]31819it [22:41:07,  6.76s/it, bound:7471 nc:1012 ncall:3.5e+07 eff:0.1% logz-ratio=1189947.75+/-0.33 dlogz:0.147>0.01]31823it [22:41:35,  6.79s/it, bound:7472 nc:1373 ncall:3.5e+07 eff:0.1% logz-ratio=1189947.75+/-0.33 dlogz:0.146>0.01]31827it [22:42:03,  6.84s/it, bound:7473 nc:1323 ncall:3.5e+07 eff:0.1% logz-ratio=1189947.75+/-0.33 dlogz:0.144>0.01]31831it [22:42:31,  6.89s/it, bound:7474 nc:1359 ncall:3.5e+07 eff:0.1% logz-ratio=1189947.75+/-0.33 dlogz:0.143>0.01]31835it [22:42:58,  6.89s/it, bound:7475 nc:1294 ncall:3.5e+07 eff:0.1% logz-ratio=1189947.75+/-0.33 dlogz:0.142>0.01]31839it [22:43:27,  6.95s/it, bound:7476 nc:1229 ncall:3.5e+07 eff:0.1% logz-ratio=1189947.75+/-0.33 dlogz:0.141>0.01]31843it [22:43:55,  7.02s/it, bound:7477 nc:1248 ncall:3.5e+07 eff:0.1% logz-ratio=1189947.75+/-0.33 dlogz:0.140>0.01]31847it [22:44:27,  7.33s/it, bound:7478 nc:1433 ncall:3.5e+07 eff:0.1% logz-ratio=1189947.75+/-0.33 dlogz:0.139>0.01]31851it [22:44:56,  7.27s/it, bound:7479 nc:1369 ncall:3.5e+07 eff:0.1% logz-ratio=1189947.75+/-0.33 dlogz:0.138>0.01]31853it [22:45:13,  7.45s/it, bound:7479 nc:1352 ncall:3.5e+07 eff:0.1% logz-ratio=1189947.75+/-0.33 dlogz:0.137>0.01]31855it [22:45:37,  8.46s/it, bound:7480 nc:1286 ncall:3.5e+07 eff:0.1% logz-ratio=1189947.75+/-0.33 dlogz:0.137>0.01]31859it [22:46:05,  7.85s/it, bound:7481 nc:1395 ncall:3.5e+07 eff:0.1% logz-ratio=1189947.75+/-0.33 dlogz:0.136>0.01]31863it [22:46:33,  7.59s/it, bound:7482 nc:1368 ncall:3.5e+07 eff:0.1% logz-ratio=1189947.75+/-0.33 dlogz:0.135>0.01]31867it [22:47:00,  7.33s/it, bound:7483 nc:1370 ncall:3.5e+07 eff:0.1% logz-ratio=1189947.75+/-0.33 dlogz:0.134>0.01]31871it [22:47:30,  7.39s/it, bound:7484 nc:1353 ncall:3.5e+07 eff:0.1% logz-ratio=1189947.75+/-0.33 dlogz:0.133>0.01]31875it [22:47:59,  7.32s/it, bound:7485 nc:1347 ncall:3.5e+07 eff:0.1% logz-ratio=1189947.75+/-0.33 dlogz:0.132>0.01]31879it [22:48:24,  6.99s/it, bound:7486 nc:1194 ncall:3.5e+07 eff:0.1% logz-ratio=1189947.75+/-0.33 dlogz:0.131>0.01]31883it [22:48:52,  7.04s/it, bound:7487 nc:1261 ncall:3.5e+07 eff:0.1% logz-ratio=1189947.76+/-0.33 dlogz:0.130>0.01]31887it [22:49:19,  6.94s/it, bound:7488 nc:1172 ncall:3.5e+07 eff:0.1% logz-ratio=1189947.76+/-0.33 dlogz:0.129>0.01]31891it [22:49:45,  6.76s/it, bound:7489 nc:1253 ncall:3.5e+07 eff:0.1% logz-ratio=1189947.76+/-0.33 dlogz:0.128>0.01]31895it [22:50:10,  6.64s/it, bound:7490 nc:1087 ncall:3.5e+07 eff:0.1% logz-ratio=1189947.76+/-0.33 dlogz:0.127>0.01]31899it [22:50:35,  6.47s/it, bound:7491 nc:1236 ncall:3.5e+07 eff:0.1% logz-ratio=1189947.76+/-0.33 dlogz:0.126>0.01]31903it [22:50:58,  6.27s/it, bound:7492 nc:1078 ncall:3.5e+07 eff:0.1% logz-ratio=1189947.76+/-0.33 dlogz:0.125>0.01]31907it [22:51:23,  6.31s/it, bound:7493 nc:1062 ncall:3.5e+07 eff:0.1% logz-ratio=1189947.76+/-0.33 dlogz:0.124>0.01]31911it [22:51:49,  6.36s/it, bound:7494 nc:1237 ncall:3.5e+07 eff:0.1% logz-ratio=1189947.76+/-0.33 dlogz:0.123>0.01]31915it [22:52:09,  5.97s/it, bound:7495 nc:1016 ncall:3.5e+07 eff:0.1% logz-ratio=1189947.76+/-0.33 dlogz:0.122>0.01]31919it [22:52:32,  5.83s/it, bound:7496 nc:1178 ncall:3.5e+07 eff:0.1% logz-ratio=1189947.76+/-0.33 dlogz:0.121>0.01]31923it [22:53:03,  6.44s/it, bound:7497 nc:1530 ncall:3.5e+07 eff:0.1% logz-ratio=1189947.76+/-0.33 dlogz:0.120>0.01]31927it [22:53:33,  6.77s/it, bound:7498 nc:1421 ncall:3.5e+07 eff:0.1% logz-ratio=1189947.76+/-0.33 dlogz:0.119>0.01]31931it [22:54:08,  7.36s/it, bound:7499 nc:1537 ncall:3.5e+07 eff:0.1% logz-ratio=1189947.76+/-0.33 dlogz:0.118>0.01]31935it [22:54:42,  7.70s/it, bound:7500 nc:1478 ncall:3.5e+07 eff:0.1% logz-ratio=1189947.76+/-0.33 dlogz:0.117>0.01]31939it [22:55:19,  8.19s/it, bound:7501 nc:1748 ncall:3.5e+07 eff:0.1% logz-ratio=1189947.76+/-0.33 dlogz:0.116>0.01]31941it [22:55:36,  8.22s/it, bound:7501 nc:1702 ncall:3.5e+07 eff:0.1% logz-ratio=1189947.76+/-0.33 dlogz:0.116>0.01]31943it [22:56:08,  9.82s/it, bound:7502 nc:1561 ncall:3.5e+07 eff:0.1% logz-ratio=1189947.76+/-0.33 dlogz:0.115>0.01]31947it [22:56:42,  9.28s/it, bound:7503 nc:1461 ncall:3.5e+07 eff:0.1% logz-ratio=1189947.76+/-0.33 dlogz:0.114>0.01]31951it [22:57:17,  9.12s/it, bound:7504 nc:1333 ncall:3.5e+07 eff:0.1% logz-ratio=1189947.76+/-0.33 dlogz:0.114>0.01]31955it [22:57:45,  8.43s/it, bound:7505 nc:1602 ncall:3.5e+07 eff:0.1% logz-ratio=1189947.76+/-0.33 dlogz:0.113>0.01]31959it [22:58:16,  8.24s/it, bound:7506 nc:1562 ncall:3.5e+07 eff:0.1% logz-ratio=1189947.76+/-0.33 dlogz:0.112>0.01]31963it [22:58:41,  7.60s/it, bound:7507 nc:1412 ncall:3.5e+07 eff:0.1% logz-ratio=1189947.76+/-0.33 dlogz:0.111>0.01]31967it [22:59:03,  6.96s/it, bound:7508 nc:1569 ncall:3.5e+07 eff:0.1% logz-ratio=1189947.76+/-0.33 dlogz:0.110>0.01]31971it [22:59:24,  6.41s/it, bound:7509 nc:1419 ncall:3.5e+07 eff:0.1% logz-ratio=1189947.76+/-0.33 dlogz:0.109>0.01]31975it [22:59:46,  6.10s/it, bound:7510 nc:1218 ncall:3.5e+07 eff:0.1% logz-ratio=1189947.76+/-0.33 dlogz:0.108>0.01]31979it [23:00:08,  5.93s/it, bound:7511 nc:1481 ncall:3.5e+07 eff:0.1% logz-ratio=1189947.76+/-0.33 dlogz:0.108>0.01]31983it [23:00:29,  5.71s/it, bound:7512 nc:1465 ncall:3.5e+07 eff:0.1% logz-ratio=1189947.76+/-0.33 dlogz:0.107>0.01]31987it [23:00:49,  5.53s/it, bound:7513 nc:1299 ncall:3.5e+07 eff:0.1% logz-ratio=1189947.76+/-0.33 dlogz:0.106>0.01]31991it [23:01:09,  5.37s/it, bound:7514 nc:1312 ncall:3.5e+07 eff:0.1% logz-ratio=1189947.76+/-0.33 dlogz:0.105>0.01]31995it [23:01:30,  5.36s/it, bound:7515 nc:1494 ncall:3.5e+07 eff:0.1% logz-ratio=1189947.76+/-0.33 dlogz:0.104>0.01]31999it [23:01:51,  5.28s/it, bound:7516 nc:1170 ncall:3.5e+07 eff:0.1% logz-ratio=1189947.76+/-0.33 dlogz:0.103>0.01]32003it [23:02:12,  5.29s/it, bound:7517 nc:1474 ncall:3.5e+07 eff:0.1% logz-ratio=1189947.76+/-0.33 dlogz:0.103>0.01]32007it [23:02:32,  5.23s/it, bound:7518 nc:1400 ncall:3.5e+07 eff:0.1% logz-ratio=1189947.76+/-0.33 dlogz:0.102>0.01]32011it [23:02:52,  5.15s/it, bound:7519 nc:1249 ncall:3.5e+07 eff:0.1% logz-ratio=1189947.76+/-0.33 dlogz:0.101>0.01]32015it [23:03:11,  5.02s/it, bound:7520 nc:1281 ncall:3.5e+07 eff:0.1% logz-ratio=1189947.76+/-0.33 dlogz:0.100>0.01]32019it [23:03:32,  5.08s/it, bound:7521 nc:1345 ncall:3.5e+07 eff:0.1% logz-ratio=1189947.76+/-0.33 dlogz:0.099>0.01]32023it [23:03:52,  5.07s/it, bound:7522 nc:1420 ncall:3.5e+07 eff:0.1% logz-ratio=1189947.76+/-0.33 dlogz:0.099>0.01]32027it [23:04:11,  4.97s/it, bound:7523 nc:1342 ncall:3.5e+07 eff:0.1% logz-ratio=1189947.76+/-0.33 dlogz:0.104>0.01]32031it [23:04:30,  4.91s/it, bound:7524 nc:1337 ncall:3.5e+07 eff:0.1% logz-ratio=1189947.76+/-0.33 dlogz:0.103>0.01]32035it [23:04:49,  4.85s/it, bound:7525 nc:1317 ncall:3.5e+07 eff:0.1% logz-ratio=1189947.76+/-0.33 dlogz:0.102>0.01]32039it [23:05:08,  4.82s/it, bound:7526 nc:1278 ncall:3.5e+07 eff:0.1% logz-ratio=1189947.76+/-0.33 dlogz:0.101>0.01]32043it [23:05:25,  4.64s/it, bound:7527 nc:1076 ncall:3.5e+07 eff:0.1% logz-ratio=1189947.76+/-0.33 dlogz:0.101>0.01]32047it [23:05:43,  4.63s/it, bound:7528 nc:1243 ncall:3.5e+07 eff:0.1% logz-ratio=1189947.76+/-0.33 dlogz:0.100>0.01]32051it [23:06:17,  5.76s/it, bound:7529 nc:1179 ncall:3.6e+07 eff:0.1% logz-ratio=1189947.76+/-0.33 dlogz:0.099>0.01]32055it [23:06:35,  5.38s/it, bound:7530 nc:1255 ncall:3.6e+07 eff:0.1% logz-ratio=1189947.77+/-0.33 dlogz:0.098>0.01]32059it [23:06:53,  5.10s/it, bound:7531 nc:1172 ncall:3.6e+07 eff:0.1% logz-ratio=1189947.77+/-0.33 dlogz:0.097>0.01]32063it [23:07:09,  4.82s/it, bound:7532 nc:1154 ncall:3.6e+07 eff:0.1% logz-ratio=1189947.77+/-0.33 dlogz:0.097>0.01]32067it [23:07:26,  4.64s/it, bound:7533 nc:1145 ncall:3.6e+07 eff:0.1% logz-ratio=1189947.77+/-0.33 dlogz:0.096>0.01]32071it [23:07:44,  4.57s/it, bound:7534 nc:1170 ncall:3.6e+07 eff:0.1% logz-ratio=1189947.77+/-0.33 dlogz:0.095>0.01]32075it [23:08:01,  4.48s/it, bound:7535 nc:1065 ncall:3.6e+07 eff:0.1% logz-ratio=1189947.77+/-0.33 dlogz:0.094>0.01]32079it [23:08:20,  4.58s/it, bound:7536 nc:1338 ncall:3.6e+07 eff:0.1% logz-ratio=1189947.77+/-0.33 dlogz:0.094>0.01]32083it [23:08:39,  4.61s/it, bound:7537 nc:1241 ncall:3.6e+07 eff:0.1% logz-ratio=1189947.77+/-0.33 dlogz:0.093>0.01]32087it [23:08:57,  4.60s/it, bound:7538 nc:1245 ncall:3.6e+07 eff:0.1% logz-ratio=1189947.77+/-0.33 dlogz:0.092>0.01]32091it [23:09:16,  4.64s/it, bound:7539 nc:1327 ncall:3.6e+07 eff:0.1% logz-ratio=1189947.77+/-0.33 dlogz:0.092>0.01]32095it [23:09:34,  4.60s/it, bound:7540 nc:1282 ncall:3.6e+07 eff:0.1% logz-ratio=1189947.77+/-0.33 dlogz:0.091>0.01]32099it [23:09:52,  4.53s/it, bound:7541 nc:1228 ncall:3.6e+07 eff:0.1% logz-ratio=1189947.77+/-0.33 dlogz:0.090>0.01]32103it [23:10:10,  4.55s/it, bound:7542 nc:1197 ncall:3.6e+07 eff:0.1% logz-ratio=1189947.77+/-0.33 dlogz:0.089>0.01]32107it [23:10:28,  4.56s/it, bound:7543 nc:1252 ncall:3.6e+07 eff:0.1% logz-ratio=1189947.77+/-0.33 dlogz:0.089>0.01]32111it [23:10:47,  4.61s/it, bound:7544 nc:1298 ncall:3.6e+07 eff:0.1% logz-ratio=1189947.77+/-0.33 dlogz:0.088>0.01]32115it [23:11:05,  4.58s/it, bound:7545 nc:1180 ncall:3.6e+07 eff:0.1% logz-ratio=1189947.77+/-0.33 dlogz:0.087>0.01]32119it [23:11:25,  4.66s/it, bound:7546 nc:1367 ncall:3.6e+07 eff:0.1% logz-ratio=1189947.77+/-0.33 dlogz:0.087>0.01]32123it [23:11:44,  4.75s/it, bound:7547 nc:1401 ncall:3.6e+07 eff:0.1% logz-ratio=1189947.77+/-0.33 dlogz:0.086>0.01]32127it [23:12:04,  4.77s/it, bound:7548 nc:1339 ncall:3.6e+07 eff:0.1% logz-ratio=1189947.77+/-0.33 dlogz:0.085>0.01]32131it [23:12:22,  4.73s/it, bound:7549 nc:1278 ncall:3.6e+07 eff:0.1% logz-ratio=1189947.77+/-0.33 dlogz:0.085>0.01]32135it [23:12:40,  4.66s/it, bound:7550 nc:1207 ncall:3.6e+07 eff:0.1% logz-ratio=1189947.77+/-0.33 dlogz:0.084>0.01]32139it [23:12:58,  4.59s/it, bound:7551 nc:1251 ncall:3.6e+07 eff:0.1% logz-ratio=1189947.77+/-0.33 dlogz:0.083>0.01]32143it [23:13:16,  4.56s/it, bound:7552 nc:1148 ncall:3.6e+07 eff:0.1% logz-ratio=1189947.77+/-0.33 dlogz:0.083>0.01]32147it [23:13:33,  4.47s/it, bound:7553 nc:1201 ncall:3.6e+07 eff:0.1% logz-ratio=1189947.77+/-0.33 dlogz:0.082>0.01]32151it [23:13:51,  4.47s/it, bound:7554 nc:1242 ncall:3.6e+07 eff:0.1% logz-ratio=1189947.77+/-0.33 dlogz:0.081>0.01]32155it [23:14:09,  4.46s/it, bound:7555 nc:1120 ncall:3.6e+07 eff:0.1% logz-ratio=1189947.77+/-0.33 dlogz:0.081>0.01]32159it [23:14:27,  4.50s/it, bound:7556 nc:1218 ncall:3.6e+07 eff:0.1% logz-ratio=1189947.77+/-0.33 dlogz:0.080>0.01]32162it [23:14:56,  5.73s/it, bound:7557 nc:2014 ncall:3.6e+07 eff:0.1% logz-ratio=1189947.77+/-0.33 dlogz:0.080>0.01]32166it [23:15:23,  6.06s/it, bound:7558 nc:1764 ncall:3.6e+07 eff:0.1% logz-ratio=1189947.77+/-0.33 dlogz:0.079>0.01]32170it [23:15:50,  6.31s/it, bound:7559 nc:1922 ncall:3.6e+07 eff:0.1% logz-ratio=1189947.77+/-0.33 dlogz:0.078>0.01]32174it [23:16:16,  6.39s/it, bound:7560 nc:1542 ncall:3.6e+07 eff:0.1% logz-ratio=1189947.77+/-0.33 dlogz:0.078>0.01]32177it [23:16:32,  6.12s/it, bound:7561 nc:1644 ncall:3.6e+07 eff:0.1% logz-ratio=1189947.77+/-0.33 dlogz:0.077>0.01]32178it [23:16:57,  8.04s/it, bound:7561 nc:1700 ncall:3.6e+07 eff:0.1% logz-ratio=1189947.77+/-0.33 dlogz:0.077>0.01]32182it [23:17:22,  7.41s/it, bound:7562 nc:1595 ncall:3.6e+07 eff:0.1% logz-ratio=1189947.77+/-0.33 dlogz:0.077>0.01]32186it [23:17:46,  6.92s/it, bound:7563 nc:1657 ncall:3.6e+07 eff:0.1% logz-ratio=1189947.77+/-0.33 dlogz:0.076>0.01]32190it [23:18:10,  6.63s/it, bound:7564 nc:1276 ncall:3.6e+07 eff:0.1% logz-ratio=1189947.77+/-0.33 dlogz:0.075>0.01]32194it [23:18:34,  6.41s/it, bound:7565 nc:1590 ncall:3.6e+07 eff:0.1% logz-ratio=1189947.77+/-0.33 dlogz:0.075>0.01]32198it [23:18:59,  6.36s/it, bound:7566 nc:1573 ncall:3.6e+07 eff:0.1% logz-ratio=1189947.77+/-0.33 dlogz:0.074>0.01]32202it [23:19:23,  6.21s/it, bound:7567 nc:1651 ncall:3.6e+07 eff:0.1% logz-ratio=1189947.77+/-0.33 dlogz:0.074>0.01]32206it [23:19:46,  6.08s/it, bound:7568 nc:1566 ncall:3.6e+07 eff:0.1% logz-ratio=1189947.77+/-0.33 dlogz:0.073>0.01]32210it [23:20:09,  5.97s/it, bound:7569 nc:1535 ncall:3.6e+07 eff:0.1% logz-ratio=1189947.77+/-0.33 dlogz:0.072>0.01]32214it [23:20:34,  6.04s/it, bound:7570 nc:1465 ncall:3.6e+07 eff:0.1% logz-ratio=1189947.77+/-0.33 dlogz:0.090>0.01]32218it [23:20:55,  5.84s/it, bound:7571 nc:1509 ncall:3.6e+07 eff:0.1% logz-ratio=1189947.77+/-0.33 dlogz:0.090>0.01]32222it [23:21:19,  5.90s/it, bound:7572 nc:1550 ncall:3.6e+07 eff:0.1% logz-ratio=1189947.77+/-0.33 dlogz:0.089>0.01]32226it [23:21:41,  5.78s/it, bound:7573 nc:1427 ncall:3.6e+07 eff:0.1% logz-ratio=1189947.77+/-0.33 dlogz:0.088>0.01]32230it [23:22:02,  5.59s/it, bound:7574 nc:1445 ncall:3.6e+07 eff:0.1% logz-ratio=1189947.77+/-0.33 dlogz:0.087>0.01]32234it [23:22:22,  5.43s/it, bound:7575 nc:1373 ncall:3.6e+07 eff:0.1% logz-ratio=1189947.77+/-0.33 dlogz:0.087>0.01]32238it [23:22:42,  5.31s/it, bound:7576 nc:1410 ncall:3.6e+07 eff:0.1% logz-ratio=1189947.77+/-0.33 dlogz:0.086>0.01]32242it [23:23:01,  5.17s/it, bound:7577 nc:1372 ncall:3.6e+07 eff:0.1% logz-ratio=1189947.77+/-0.33 dlogz:0.085>0.01]32246it [23:23:23,  5.21s/it, bound:7578 nc:1321 ncall:3.6e+07 eff:0.1% logz-ratio=1189947.77+/-0.33 dlogz:0.085>0.01]32250it [23:23:44,  5.22s/it, bound:7579 nc:1302 ncall:3.6e+07 eff:0.1% logz-ratio=1189947.77+/-0.33 dlogz:0.084>0.01]32254it [23:24:04,  5.22s/it, bound:7580 nc:1337 ncall:3.6e+07 eff:0.1% logz-ratio=1189947.77+/-0.33 dlogz:0.083>0.01]32258it [23:24:26,  5.24s/it, bound:7581 nc:1302 ncall:3.6e+07 eff:0.1% logz-ratio=1189947.77+/-0.33 dlogz:0.083>0.01]32262it [23:24:45,  5.15s/it, bound:7582 nc:1155 ncall:3.6e+07 eff:0.1% logz-ratio=1189947.77+/-0.33 dlogz:0.082>0.01]32266it [23:25:06,  5.12s/it, bound:7583 nc:1297 ncall:3.6e+07 eff:0.1% logz-ratio=1189947.77+/-0.33 dlogz:0.081>0.01]32270it [23:25:29,  5.32s/it, bound:7584 nc:1285 ncall:3.6e+07 eff:0.1% logz-ratio=1189947.77+/-0.33 dlogz:0.081>0.01]32274it [23:25:50,  5.34s/it, bound:7585 nc:1240 ncall:3.6e+07 eff:0.1% logz-ratio=1189947.77+/-0.33 dlogz:0.080>0.01]32278it [23:26:13,  5.44s/it, bound:7586 nc:1222 ncall:3.6e+07 eff:0.1% logz-ratio=1189947.78+/-0.33 dlogz:0.080>0.01]32282it [23:26:38,  5.69s/it, bound:7587 nc:1140 ncall:3.6e+07 eff:0.1% logz-ratio=1189947.78+/-0.33 dlogz:0.079>0.01]32285it [23:26:56,  5.74s/it, bound:7588 nc:1201 ncall:3.6e+07 eff:0.1% logz-ratio=1189947.78+/-0.33 dlogz:0.079>0.01]32286it [23:27:19,  7.58s/it, bound:7588 nc:1091 ncall:3.6e+07 eff:0.1% logz-ratio=1189947.78+/-0.33 dlogz:0.078>0.01]32289it [23:27:57,  9.12s/it, bound:7589 nc:1886 ncall:3.6e+07 eff:0.1% logz-ratio=1189947.78+/-0.33 dlogz:0.078>0.01]32293it [23:28:36,  9.37s/it, bound:7590 nc:1824 ncall:3.6e+07 eff:0.1% logz-ratio=1189947.78+/-0.33 dlogz:0.077>0.01]32297it [23:29:15,  9.46s/it, bound:7591 nc:1880 ncall:3.6e+07 eff:0.1% logz-ratio=1189947.78+/-0.33 dlogz:0.077>0.01]32301it [23:29:46,  8.90s/it, bound:7592 nc:1708 ncall:3.6e+07 eff:0.1% logz-ratio=1189947.78+/-0.33 dlogz:0.076>0.01]32305it [23:30:26,  9.26s/it, bound:7593 nc:1806 ncall:3.6e+07 eff:0.1% logz-ratio=1189947.78+/-0.33 dlogz:0.076>0.01]32309it [23:31:00,  9.03s/it, bound:7594 nc:1503 ncall:3.6e+07 eff:0.1% logz-ratio=1189947.78+/-0.33 dlogz:0.075>0.01]32313it [23:31:33,  8.78s/it, bound:7595 nc:1766 ncall:3.6e+07 eff:0.1% logz-ratio=1189947.78+/-0.33 dlogz:0.074>0.01]32317it [23:32:08,  8.78s/it, bound:7596 nc:1754 ncall:3.6e+07 eff:0.1% logz-ratio=1189947.78+/-0.33 dlogz:0.074>0.01]32321it [23:32:43,  8.76s/it, bound:7597 nc:1657 ncall:3.6e+07 eff:0.1% logz-ratio=1189947.78+/-0.33 dlogz:0.073>0.01]32325it [23:33:17,  8.70s/it, bound:7598 nc:1626 ncall:3.6e+07 eff:0.1% logz-ratio=1189947.78+/-0.33 dlogz:0.073>0.01]32329it [23:33:46,  8.26s/it, bound:7599 nc:1587 ncall:3.6e+07 eff:0.1% logz-ratio=1189947.78+/-0.33 dlogz:0.072>0.01]32333it [23:34:20,  8.33s/it, bound:7600 nc:1500 ncall:3.6e+07 eff:0.1% logz-ratio=1189947.78+/-0.33 dlogz:0.071>0.01]32337it [23:34:52,  8.22s/it, bound:7601 nc:1348 ncall:3.6e+07 eff:0.1% logz-ratio=1189947.78+/-0.33 dlogz:0.071>0.01]32341it [23:35:20,  7.87s/it, bound:7602 nc:1530 ncall:3.6e+07 eff:0.1% logz-ratio=1189947.78+/-0.33 dlogz:0.070>0.01]32345it [23:35:49,  7.70s/it, bound:7603 nc:1437 ncall:3.6e+07 eff:0.1% logz-ratio=1189947.78+/-0.33 dlogz:0.070>0.01]32349it [23:36:18,  7.54s/it, bound:7604 nc:1351 ncall:3.6e+07 eff:0.1% logz-ratio=1189947.78+/-0.33 dlogz:0.069>0.01]32353it [23:36:44,  7.19s/it, bound:7605 nc:1346 ncall:3.6e+07 eff:0.1% logz-ratio=1189947.78+/-0.33 dlogz:0.069>0.01]32357it [23:37:09,  6.98s/it, bound:7606 nc:1297 ncall:3.6e+07 eff:0.1% logz-ratio=1189947.78+/-0.33 dlogz:0.068>0.01]32359it [23:37:27,  7.28s/it, bound:7606 nc:1308 ncall:3.6e+07 eff:0.1% logz-ratio=1189947.78+/-0.33 dlogz:0.068>0.01]32361it [23:37:48,  7.95s/it, bound:7607 nc:1218 ncall:3.6e+07 eff:0.1% logz-ratio=1189947.78+/-0.33 dlogz:0.068>0.01]32365it [23:38:19,  7.87s/it, bound:7608 nc:1471 ncall:3.6e+07 eff:0.1% logz-ratio=1189947.78+/-0.33 dlogz:0.067>0.01]32369it [23:38:49,  7.76s/it, bound:7609 nc:1422 ncall:3.6e+07 eff:0.1% logz-ratio=1189947.78+/-0.33 dlogz:0.067>0.01]32373it [23:39:21,  7.79s/it, bound:7610 nc:1509 ncall:3.6e+07 eff:0.1% logz-ratio=1189947.78+/-0.33 dlogz:0.066>0.01]32377it [23:39:51,  7.76s/it, bound:7611 nc:1425 ncall:3.6e+07 eff:0.1% logz-ratio=1189947.78+/-0.33 dlogz:0.066>0.01]32381it [23:40:20,  7.61s/it, bound:7612 nc:1311 ncall:3.6e+07 eff:0.1% logz-ratio=1189947.78+/-0.33 dlogz:0.065>0.01]32385it [23:40:46,  7.22s/it, bound:7613 nc:1414 ncall:3.6e+07 eff:0.1% logz-ratio=1189947.78+/-0.33 dlogz:0.065>0.01]32389it [23:41:13,  7.11s/it, bound:7614 nc:1445 ncall:3.6e+07 eff:0.1% logz-ratio=1189947.78+/-0.33 dlogz:0.064>0.01]32393it [23:41:42,  7.13s/it, bound:7615 nc:1302 ncall:3.6e+07 eff:0.1% logz-ratio=1189947.78+/-0.33 dlogz:0.064>0.01]32397it [23:42:11,  7.13s/it, bound:7616 nc:1412 ncall:3.6e+07 eff:0.1% logz-ratio=1189947.78+/-0.33 dlogz:0.063>0.01]32401it [23:42:37,  6.98s/it, bound:7617 nc:1367 ncall:3.6e+07 eff:0.1% logz-ratio=1189947.78+/-0.33 dlogz:0.063>0.01]32405it [23:43:03,  6.84s/it, bound:7618 nc:1311 ncall:3.6e+07 eff:0.1% logz-ratio=1189947.78+/-0.33 dlogz:0.062>0.01]32409it [23:43:28,  6.66s/it, bound:7619 nc:1370 ncall:3.6e+07 eff:0.1% logz-ratio=1189947.78+/-0.33 dlogz:0.062>0.01]32413it [23:43:54,  6.57s/it, bound:7620 nc:1280 ncall:3.6e+07 eff:0.1% logz-ratio=1189947.78+/-0.33 dlogz:0.061>0.01]32417it [23:44:20,  6.55s/it, bound:7621 nc:1305 ncall:3.6e+07 eff:0.1% logz-ratio=1189947.78+/-0.33 dlogz:0.061>0.01]32421it [23:44:46,  6.56s/it, bound:7622 nc:1303 ncall:3.6e+07 eff:0.1% logz-ratio=1189947.78+/-0.33 dlogz:0.060>0.01]32425it [23:45:11,  6.46s/it, bound:7623 nc:948 ncall:3.6e+07 eff:0.1% logz-ratio=1189947.78+/-0.33 dlogz:0.060>0.01] 32429it [23:45:37,  6.46s/it, bound:7624 nc:1234 ncall:3.6e+07 eff:0.1% logz-ratio=1189947.78+/-0.33 dlogz:0.059>0.01]32433it [23:46:04,  6.56s/it, bound:7625 nc:1412 ncall:3.6e+07 eff:0.1% logz-ratio=1189947.78+/-0.33 dlogz:0.059>0.01]32437it [23:46:32,  6.67s/it, bound:7626 nc:1349 ncall:3.6e+07 eff:0.1% logz-ratio=1189947.78+/-0.33 dlogz:0.058>0.01]32441it [23:46:57,  6.60s/it, bound:7627 nc:1377 ncall:3.6e+07 eff:0.1% logz-ratio=1189947.78+/-0.33 dlogz:0.058>0.01]32445it [23:47:26,  6.79s/it, bound:7628 nc:1338 ncall:3.6e+07 eff:0.1% logz-ratio=1189947.78+/-0.33 dlogz:0.057>0.01]32448it [23:47:44,  6.56s/it, bound:7629 nc:1292 ncall:3.6e+07 eff:0.1% logz-ratio=1189947.78+/-0.33 dlogz:0.057>0.01]32449it [23:48:11,  8.67s/it, bound:7629 nc:1350 ncall:3.6e+07 eff:0.1% logz-ratio=1189947.78+/-0.33 dlogz:0.057>0.01]32453it [23:48:38,  7.95s/it, bound:7630 nc:1295 ncall:3.6e+07 eff:0.1% logz-ratio=1189947.78+/-0.33 dlogz:0.056>0.01]32457it [23:49:05,  7.58s/it, bound:7631 nc:1399 ncall:3.6e+07 eff:0.1% logz-ratio=1189947.78+/-0.33 dlogz:0.056>0.01]32461it [23:49:32,  7.27s/it, bound:7632 nc:1372 ncall:3.6e+07 eff:0.1% logz-ratio=1189947.78+/-0.33 dlogz:0.056>0.01]32465it [23:50:00,  7.24s/it, bound:7633 nc:1369 ncall:3.6e+07 eff:0.1% logz-ratio=1189947.78+/-0.33 dlogz:0.055>0.01]32469it [23:50:29,  7.20s/it, bound:7634 nc:1287 ncall:3.6e+07 eff:0.1% logz-ratio=1189947.78+/-0.33 dlogz:0.055>0.01]32473it [23:50:55,  7.00s/it, bound:7635 nc:1373 ncall:3.6e+07 eff:0.1% logz-ratio=1189947.78+/-0.33 dlogz:0.054>0.01]32477it [23:51:20,  6.79s/it, bound:7636 nc:1314 ncall:3.6e+07 eff:0.1% logz-ratio=1189947.78+/-0.33 dlogz:0.054>0.01]32481it [23:51:48,  6.84s/it, bound:7637 nc:1344 ncall:3.6e+07 eff:0.1% logz-ratio=1189947.78+/-0.33 dlogz:0.053>0.01]32485it [23:52:14,  6.74s/it, bound:7638 nc:1394 ncall:3.6e+07 eff:0.1% logz-ratio=1189947.78+/-0.33 dlogz:0.053>0.01]32489it [23:52:42,  6.77s/it, bound:7639 nc:1380 ncall:3.6e+07 eff:0.1% logz-ratio=1189947.78+/-0.33 dlogz:0.053>0.01]32493it [23:53:10,  6.84s/it, bound:7640 nc:1202 ncall:3.6e+07 eff:0.1% logz-ratio=1189947.78+/-0.33 dlogz:0.052>0.01]32497it [23:53:36,  6.76s/it, bound:7641 nc:1257 ncall:3.6e+07 eff:0.1% logz-ratio=1189947.78+/-0.33 dlogz:0.052>0.01]32501it [23:54:02,  6.67s/it, bound:7642 nc:1073 ncall:3.6e+07 eff:0.1% logz-ratio=1189947.78+/-0.33 dlogz:0.051>0.01]32505it [23:54:28,  6.65s/it, bound:7643 nc:1181 ncall:3.6e+07 eff:0.1% logz-ratio=1189947.78+/-0.33 dlogz:0.051>0.01]32509it [23:54:55,  6.64s/it, bound:7644 nc:1320 ncall:3.6e+07 eff:0.1% logz-ratio=1189947.78+/-0.33 dlogz:0.051>0.01]32513it [23:55:20,  6.55s/it, bound:7645 nc:1125 ncall:3.6e+07 eff:0.1% logz-ratio=1189947.78+/-0.33 dlogz:0.050>0.01]32517it [23:55:54,  7.10s/it, bound:7646 nc:1467 ncall:3.6e+07 eff:0.1% logz-ratio=1189947.78+/-0.33 dlogz:0.050>0.01]32521it [23:56:23,  7.19s/it, bound:7647 nc:1429 ncall:3.6e+07 eff:0.1% logz-ratio=1189947.78+/-0.33 dlogz:0.049>0.01]32525it [23:56:55,  7.41s/it, bound:7648 nc:1528 ncall:3.6e+07 eff:0.1% logz-ratio=1189947.78+/-0.33 dlogz:0.049>0.01]32529it [23:57:25,  7.49s/it, bound:7649 nc:1542 ncall:3.6e+07 eff:0.1% logz-ratio=1189947.78+/-0.33 dlogz:0.049>0.01]32533it [23:57:54,  7.40s/it, bound:7650 nc:1534 ncall:3.6e+07 eff:0.1% logz-ratio=1189947.78+/-0.33 dlogz:0.048>0.01]32534it [23:58:12,  8.42s/it, bound:7650 nc:1600 ncall:3.6e+07 eff:0.1% logz-ratio=1189947.78+/-0.33 dlogz:0.048>0.01]32537it [23:58:44,  9.11s/it, bound:7651 nc:1519 ncall:3.6e+07 eff:0.1% logz-ratio=1189947.78+/-0.33 dlogz:0.048>0.01]32541it [23:59:13,  8.39s/it, bound:7652 nc:1462 ncall:3.6e+07 eff:0.1% logz-ratio=1189947.78+/-0.33 dlogz:0.047>0.01]