CE40 ASD: /home/pratyusava.baral/Modified_Dispersion/asd/CE40km_1p5MW_aLIGO_coat_strain.txt
CE20 ASD: /home/pratyusava.baral/Modified_Dispersion/asd/CE20km_1p5MW_aLIGO_coat_strain.txt
The injected SNR is (1855.1994572630158+2.2509868270853374e-16j) in Interferometer(name='CE40', power_spectral_density=PowerSpectralDensity(frequency_array=[   5.            5.03469316    5.06962704    5.10480331    5.14022366
    5.17588978    5.21180337    5.24796615    5.28437986    5.32104622
    5.357967      5.39514396    5.43257887    5.47027354    5.50822975
    5.54644932    5.58493409    5.62368589    5.66270658    5.70199801
    5.74156207    5.78140066    5.82151566    5.86190902    5.90258264
    5.94353849    5.98477851    6.02630468    6.06811899    6.11022343
    6.15262002    6.19531078    6.23829776    6.28158301    6.3251686
    6.36905662    6.41324915    6.45774833    6.50255626    6.5476751
    6.59310701    6.63885415    6.68491871    6.7313029     6.77800893
    6.82503903    6.87239546    6.92008048    6.96809637    7.01644542
    7.06512995    7.11415229    7.16351477    7.21321976    7.26326963
    7.31366678    7.36441362    7.41551257    7.46696608    7.51877661
    7.57094663    7.62347864    7.67637514    7.72963868    7.7832718
    7.83727705    7.89165703    7.94641433    8.00155157    8.05707139
    8.11297644    8.16926939    8.22595294    8.28302979    8.34050269
    8.39837436    8.45664759    8.51532515    8.57440985    8.63390452
    8.693812      8.75413516    8.81487688    8.87604006    8.93762763
    8.99964253    9.06208774    9.12496622    9.188281      9.2520351
    9.31623156    9.38087346    9.44596388    9.51150594    9.57750278
    9.64395754    9.71087341    9.77825358    9.84610128    9.91441975
    9.98321225   10.05248208   10.12223255   10.19246699   10.26318876
   10.33440125   10.40610785   10.478312     10.55101714   10.62422676
   10.69794436   10.77217345   10.84691759   10.92218036   10.99796534
   11.07427617   11.15111649   11.22848998   11.30640033   11.38485128
   11.46384656   11.54338997   11.6234853    11.70413638   11.78534707
   11.86712125   11.94946283   12.03237575   12.11586397   12.19993149
   12.28458231   12.3698205    12.45565013   12.5420753    12.62910013
   12.71672881   12.8049655    12.89381444   12.98327986   13.07336606
   13.16407733   13.25541801   13.34739247   13.44000511   13.53326035
   13.62716266   13.72171652   13.81692645   13.91279701   14.00933278
   14.10653838   14.20441845   14.30297768   14.40222077   14.50215247
   14.60277756   14.70410085   14.80612719   14.90886145   15.01230855
   15.11647342   15.22136106   15.32697648   15.43332472   15.54041087
   15.64824005   15.75681742   15.86614817   15.97623753   16.08709075
   16.19871315   16.31111005   16.42428683   16.5382489    16.65300172
   16.76855076   16.88490155   17.00205966   17.12003069   17.23882027
   17.35843409   17.47887787   17.60015736   17.72227837   17.84524673
   17.96906832   18.09374906   18.21929492   18.34571189   18.47300603
   18.60118341   18.73025016   18.86021247   18.99107653   19.12284861
   19.25553501   19.38914207   19.52367618   19.65914378   19.79555133
   19.93290537   20.07121245   20.2104792    20.35071227   20.49191836
   20.63410423   20.77727667   20.92144254   21.06660872   21.21278215
   21.35996983   21.50817879   21.65741612   21.80768895   21.95900446
   22.1113699    22.26479255   22.41927974   22.57483886   22.73147735
   22.88920269   23.04802243   23.20794417   23.36897554   23.53112425
   23.69439805   23.85880474   24.0243522    24.19104832   24.35890109
   24.52791853   24.69810872   24.86947979   25.04203995   25.21579744
   25.39076056   25.56693769   25.74433725   25.92296772   26.10283764
   26.28395561   26.46633029   26.6499704    26.83488473   27.0210821
   27.20857143   27.39736168   27.58746188   27.77888111   27.97162853
   28.16571335   28.36114486   28.55793239   28.75608536   28.95561324
   29.15652557   29.35883195   29.56254207   29.76766565   29.97421252
   30.18219253   30.39161564   30.60249186   30.81483128   31.02864403
   31.24394036   31.46073055   31.67902496   31.89883404   32.1201683
   32.34303831   32.56745473   32.7934283    33.02096981   33.25009015
   33.48080027   33.71311121   33.94703406   34.18258002   34.41976035
   34.65858638   34.89906954   35.14122132   35.38505331   35.63057715
   35.87780459   36.12674746   36.37741765   36.62982714   36.88398801
   37.13991241   37.39761258   37.65710083   37.91838957   38.18149131
   38.4464186    38.71318413   38.98180065   39.252281     39.52463811
   39.79888501   40.07503481   40.35310071   40.633096     40.91503408
   41.19892842   41.4847926    41.77264029   42.06248525   42.35434133
   42.6482225    42.9441428    43.24211638   43.54215749   43.84428047
   44.14849978   44.45482995   44.76328563   45.07388157   45.38663263
   45.70155374   46.01865998   46.33796651   46.65948858   46.98324157
   47.30924097   47.63750236   47.96804144   48.300874     48.63601596
   48.97348335   49.31329231   49.65545907   50.           50.34693157
   50.69627038   51.04803312   51.4022366    51.75889778   52.1180337
   52.47966153   52.84379856   53.2104622    53.57966999   53.95143958
   54.32578873   54.70273536   55.08229748   55.46449324   55.84934092
   56.23685892   56.62706576   57.0199801    57.41562073   57.81400656
   58.21515665   58.61909016   59.02582643   59.43538489   59.84778512
   60.26304684   60.68118992   61.10223433   61.52620022   61.95310785
   62.38297763   62.81583012   63.25168602   63.69056616   64.13249153
   64.57748325   65.02556261   65.47675102   65.93107007   66.38854147
   66.84918709   67.31302896   67.78008927   68.25039033   68.72395463
   69.20080483   69.68096371   70.16445424   70.65129953   71.14152286
   71.63514767   72.13219756   72.6326963    73.13666781   73.6441362
   74.15512572   74.66966081   75.18776606   75.70946627   76.23478635
   76.76375144   77.29638682   77.83271796   78.37277051   78.91657028
   79.46414328   80.01551569   80.57071386   81.12976435   81.69269389
   82.25952939   82.83029795   83.40502686   83.9837436    84.56647585
   85.15325146   85.74409849   86.33904519   86.93812001   87.54135159
   88.14876876   88.76040059   89.3762763    89.99642534   90.62087737
   91.24966224   91.88281002   92.52035098   93.1623156    93.80873457
   94.45963881   95.11505943   95.77502778   96.4395754    97.10873407
   97.78253579   98.46101277   99.14419746   99.83212251  100.52482081
  101.2223255   101.92466991  102.63188764  103.34401248  104.0610785
  104.78311997  105.51017143  106.24226762  106.97944357  107.7217345
  108.46917592  109.22180356  109.9796534   110.74276169  111.5111649
  112.28489978  113.06400332  113.84851277  114.63846564  115.43389971
  116.234853    117.04136381  117.8534707   118.6712125   119.49462831
  120.3237575   121.15863971  121.99931486  122.84582315  123.69820504
  124.5565013   125.42075296  126.29100135  127.16728807  128.04965501
  128.93814438  129.83279865  130.73366059  131.64077328  132.5541801
  133.4739247   134.40005108  135.3326035   136.27162656  137.21716516
  138.1692645   139.12797011  140.09332782  141.0653838   142.04418451
  143.02977676  144.02220767  145.02152469  146.02777561  147.04100853
  148.0612719   149.0886145   150.12308545  151.16473422  152.2136106
  153.26976475  154.33324717  155.40410869  156.48240053  157.56817424
  158.66148174  159.76237529  160.87090753  161.98713148  163.11110049
  164.2428683   165.38248904  166.53001718  167.6855076   168.84901554
  170.02059664  171.2003069   172.38820274  173.58434095  174.78877872
  176.00157364  177.2227837   178.45246728  179.69068319  180.93749062
  182.19294919  183.45711892  184.73006026  186.01183407  187.30250164
  188.60212467  189.91076531  191.22848612  192.55535012  193.89142073
  195.23676184  196.59143779  197.95551332  199.32905368  200.71212452
  202.10479199  203.50712266  204.91918359  206.34104229  207.77276674
  209.2144254   210.66608719  212.12782154  213.59969832  215.08178791
  216.57416117  218.07688946  219.59004463  221.11369903  222.6479255
  224.1927974   225.7483886   227.31477348  228.89202692  230.48022434
  232.07944168  233.6897554   235.31124249  236.94398049  238.58804745
  240.24352198  241.91048325  243.58901094  245.27918532  246.98108719
  248.69479794  250.42039949  252.15797436  253.90760562  255.66937692
  257.44337251  259.22967719  261.02837639  262.8395561   264.66330292
  266.49970404  268.34884728  270.21082104  272.08571434  273.97361685
  275.87461881  277.78881112  279.71628531  281.65713353  283.61144858
  285.57932391  287.56085359  289.55613238  291.56525568  293.58831954
  295.62542069  297.67665654  299.74212516  301.8219253   303.91615641
  306.02491862  308.14831276  310.28644034  312.4394036   314.60730548
  316.79024963  318.98834043  321.20168297  323.43038308  325.67454731
  327.93428298  330.20969812  332.50090152  334.80800274  337.13111209
  339.47034063  341.82580023  344.19760348  346.58586381  348.99069539
  351.41221322  353.85053306  356.30577151  358.77804595  361.26747459
  363.77417646  366.29827141  368.83988013  371.39912413  373.97612578
  376.5710083   379.18389575  381.81491306  384.46418604  387.13184134
  389.81800652  392.52281001  395.24638113  397.98885012  400.75034808
  403.53100706  406.33096     409.15034079  411.98928423  414.84792604
  417.72640292  420.62485249  423.54341333  426.48222499  429.44142798
  432.42116379  435.42157488  438.44280473  441.48499777  444.54829948
  447.6328563   450.73881573  453.86632626  457.01553744  460.18659983
  463.37966506  466.59488579  469.83241575  473.09240974  476.37502362
  479.68041435  483.00873998  486.36015962  489.73483353  493.13292307
  496.55459069  500.          503.46931574  506.96270378  510.48033115
  514.02236605  517.58897782  521.18033699  524.79661528  528.43798559
  532.10462203  535.79669991  539.51439576  543.25788733  547.0273536
  550.82297482  554.64493245  558.49340923  562.36858918  566.27065758
  570.19980099  574.15620727  578.1400656   582.15156646  586.19090164
  590.25826428  594.35384886  598.47785118  602.63046844  606.81189917
  611.02234332  615.26200218  619.53107847  623.82977632  628.15830124
  632.5168602   636.90566159  641.32491526  645.77483251  650.25562609
  654.76751024  659.3107007   663.88541468  668.49187091  673.13028965
  677.80089266  682.50390327  687.23954634  692.00804829  696.80963711
  701.64454239  706.5129953   711.41522861  716.3514767   721.32197561
  726.32696297  731.3666781   736.44136195  741.55125717  746.69660806
  751.87766065  757.09466265  762.34786351  767.63751439  772.96386821
  778.32717964  783.7277051   789.16570283  794.64143281  800.15515687
  805.70713863  811.29764354  816.9269389   822.59529388  828.30297947
  834.0502686   839.83743605  845.66475851  851.53251463  857.44098494
  863.39045194  869.38120011  875.41351587  881.48768764  887.60400586
  893.76276295  899.96425339  906.20877369  912.49662241  918.82810019
  925.20350977  931.62315597  938.08734572  944.5963881   951.15059433
  957.75027779  964.39575401  971.08734074  977.82535793  984.61012774
  991.44197456  998.32122505 1005.24820813 1012.22325499 1019.24669913
 1026.31887635 1033.44012481 1040.61078499 1047.83119974 1055.10171428
 1062.42267625 1069.79443567 1077.21734502 1084.69175919 1092.21803557
 1099.79653402 1107.42761686 1115.11164898 1122.84899777 1130.64003317
 1138.48512769 1146.38465643 1154.33899709 1162.34852999 1170.41363809
 1178.534707   1186.71212501 1194.94628312 1203.23757501 1211.58639712
 1219.99314863 1228.45823149 1236.98205044 1245.56501303 1254.20752964
 1262.91001348 1271.67288065 1280.49655013 1289.3814438  1298.32798647
 1307.3366059  1316.40773282 1325.54180095 1334.73924702 1344.00051077
 1353.32603502 1362.71626564 1372.17165161 1381.69264503 1391.2797011
 1400.93327823 1410.65383797 1420.44184509 1430.29776759 1440.2220767
 1450.21524693 1460.27775609 1470.41008529 1480.61271899 1490.88614501
 1501.23085454 1511.6473422  1522.13610603 1532.69764753 1543.33247167
 1554.04108693 1564.82400534 1575.68174243 1586.61481737 1597.62375288
 1608.70907534 1619.87131476 1631.11100486 1642.42868302 1653.82489037
 1665.30017181 1676.855076   1688.49015541 1700.20596635 1712.00306899
 1723.88202737 1735.84340946 1747.88778718 1760.0157364  1772.22783699
 1784.52467284 1796.9068319  1809.37490621 1821.92949188 1834.5711892
 1847.3006026  1860.11834071 1873.02501637 1886.02124671 1899.1076531
 1912.28486123 1925.55350116 1938.91420729 1952.36761844 1965.91437785
 1979.55513323 1993.29053679 2007.12124525 2021.0479199  2035.07122661
 2049.19183588 2063.41042285 2077.72766736 2092.14425395 2106.66087192
 2121.27821536 2135.99698315 2150.81787905 2165.74161169 2180.7688946
 2195.9004463  2211.13699025 2226.47925497 2241.92797401 2257.48388602
 2273.14773477 2288.92026919 2304.80224341 2320.79441681 2336.897554
 2353.11242492 2369.43980486 2385.88047447 2402.43521983 2419.10483246
 2435.8901094  2452.79185318 2469.81087194 2486.9479794  2504.20399492
 2521.57974359 2539.07605616 2556.69376921 2574.43372507 2592.29677195
 2610.28376392 2628.39556101 2646.63302918 2664.99704042 2683.48847277
 2702.10821035 2720.85714343 2739.73616845 2758.74618806 2777.8881112
 2797.16285308 2816.5713353  2836.11448582 2855.79323906 2875.60853592
 2895.56132382 2915.65255676 2935.88319537 2956.25420692 2976.76656541
 2997.42125159 3018.21925304 3039.16156415 3060.24918624 3081.48312757
 3102.86440339 3124.394036   3146.07305481 3167.90249633 3189.8834043
 3212.0168297  3234.30383077 3256.74547314 3279.34282979 3302.09698117
 3325.00901522 3348.08002743 3371.31112089 3394.70340635 3418.25800226
 3441.97603482 3465.85863808 3489.90695392 3514.12213215 3538.50533059
 3563.05771506 3587.78045947 3612.67474589 3637.7417646  3662.98271411
 3688.39880126 3713.99124128 3739.76125781 3765.71008299 3791.8389575
 3818.14913064 3844.64186038 3871.31841341 3898.1800652  3925.2281001
 3952.46381135 3979.88850116 4007.50348078 4035.31007057 4063.30960005
 4091.50340793 4119.89284226 4148.47926042 4177.26402919 4206.24852487
 4235.43413328 4264.82224987 4294.41427977 4324.21163787 4354.21574885
 4384.42804729 4414.84997775 4445.48299476 4476.328563   4507.38815726
 4538.66326261 4570.15537438 4601.86599831 4633.79665057 4665.94885787
 4698.32415748 4730.92409736 4763.75023621 4796.80414355 4830.08739976
 4863.60159623 4897.34833535 4931.32923066 4965.54590687 5000.        ], psd_array=[5.32629213e-47 4.98494505e-47 4.67102962e-47 4.38182875e-47
 4.11493640e-47 3.86821884e-47 3.63978103e-47 3.42793735e-47
 3.23118611e-47 3.04818732e-47 2.87774334e-47 2.71878196e-47
 2.57034160e-47 2.43155847e-47 2.30165519e-47 2.17993094e-47
 2.06575280e-47 1.95854809e-47 1.85779774e-47 1.76303042e-47
 1.67381732e-47 1.58976766e-47 1.51052467e-47 1.43576201e-47
 1.36443291e-47 1.29638983e-47 1.23217106e-47 1.17152860e-47
 1.11423378e-47 1.06007541e-47 1.00885821e-47 9.60401309e-48
 9.14536995e-48 8.71109552e-48 8.29974217e-48 7.90996257e-48
 7.54050119e-48 7.19018692e-48 6.85792614e-48 6.54269663e-48
 6.24354203e-48 5.95956668e-48 5.68596030e-48 5.42614842e-48
 5.17947575e-48 4.94522695e-48 4.72272945e-48 4.51135058e-48
 4.31049484e-48 4.11960141e-48 3.93814184e-48 3.76561798e-48
 3.60155999e-48 3.44552457e-48 3.29709329e-48 3.15587105e-48
 3.02148462e-48 2.89358137e-48 2.77182797e-48 2.65590929e-48
 2.54552730e-48 2.44040008e-48 2.34026087e-48 2.24485723e-48
 2.15395019e-48 2.06731348e-48 1.98473286e-48 1.90600537e-48
 1.83093878e-48 1.75935093e-48 1.69106922e-48 1.62593004e-48
 1.56377833e-48 1.50446705e-48 1.44785679e-48 1.39381535e-48
 1.34221735e-48 1.29294382e-48 1.24588193e-48 1.20092459e-48
 1.15797021e-48 1.11692235e-48 1.07768946e-48 1.04018466e-48
 1.00432543e-48 9.70033422e-49 9.37234242e-49 9.05857215e-49
 8.75835211e-49 8.47104450e-49 8.19604334e-49 7.93277272e-49
 7.68068533e-49 7.43926089e-49 7.20800480e-49 6.98644683e-49
 6.77413979e-49 6.57065840e-49 6.37559817e-49 6.18857428e-49
 6.00922064e-49 5.84157813e-49 5.68187966e-49 5.52837045e-49
 5.38078349e-49 5.23886410e-49 5.10236931e-49 4.97106731e-49
 4.84473688e-49 4.72316688e-49 4.60615579e-49 4.49351122e-49
 4.38504948e-49 4.28059516e-49 4.17998074e-49 4.08304622e-49
 3.98963872e-49 3.89961221e-49 3.81282714e-49 3.72915013e-49
 3.64845372e-49 3.57061605e-49 3.49552061e-49 3.42305602e-49
 3.35311575e-49 3.28559790e-49 3.22040502e-49 3.15744388e-49
 3.09662526e-49 3.03786380e-49 2.98107780e-49 2.92618908e-49
 2.87312277e-49 2.82180722e-49 2.77217379e-49 2.72415679e-49
 2.67769327e-49 2.63272297e-49 2.58918812e-49 2.54703340e-49
 2.50620581e-49 2.46665454e-49 2.42833089e-49 2.39118821e-49
 2.35518174e-49 2.32026859e-49 2.28640765e-49 2.25355945e-49
 2.22168619e-49 2.19075157e-49 2.16072079e-49 2.13156046e-49
 2.10323853e-49 2.07572427e-49 2.04898816e-49 2.02300189e-49
 1.99773827e-49 1.97317119e-49 1.94927562e-49 1.92602747e-49
 1.90340365e-49 1.88138196e-49 1.85994109e-49 1.83906056e-49
 1.81872069e-49 1.79890258e-49 1.77958807e-49 1.76075970e-49
 1.74240069e-49 1.72449490e-49 1.70702685e-49 1.68998161e-49
 1.67334485e-49 1.65710280e-49 1.64124218e-49 1.62575026e-49
 1.61061475e-49 1.59582387e-49 1.58136626e-49 1.56723098e-49
 1.55340753e-49 1.53988579e-49 1.52665601e-49 1.51370882e-49
 1.50103519e-49 1.48862643e-49 1.47647416e-49 1.46457032e-49
 1.45290715e-49 1.44147716e-49 1.43027316e-49 1.41928819e-49
 1.40851558e-49 1.39794886e-49 1.38758183e-49 1.37740849e-49
 1.36742308e-49 1.35762002e-49 1.34799395e-49 1.33853969e-49
 1.32925225e-49 1.32012681e-49 1.31115873e-49 1.30234352e-49
 1.29367687e-49 1.28515459e-49 1.27677266e-49 1.26852720e-49
 1.26041445e-49 1.25243078e-49 1.24457271e-49 1.23683685e-49
 1.22921993e-49 1.22171882e-49 1.21433046e-49 1.20705191e-49
 1.19988033e-49 1.19281298e-49 1.18584719e-49 1.17898041e-49
 1.17221015e-49 1.16553402e-49 1.15894969e-49 1.15245492e-49
 1.14604755e-49 1.13972547e-49 1.13348665e-49 1.12732913e-49
 1.12125100e-49 1.11525043e-49 1.10932563e-49 1.10347488e-49
 1.09769651e-49 1.09198890e-49 1.08635048e-49 1.08077973e-49
 1.07527519e-49 1.06983543e-49 1.06445906e-49 1.05914475e-49
 1.05389121e-49 1.04869716e-49 1.04356140e-49 1.03848273e-49
 1.03346002e-49 1.02849214e-49 1.02357802e-49 1.01871660e-49
 1.01390688e-49 1.00914785e-49 1.00443856e-49 9.99778087e-50
 9.95165514e-50 9.90599964e-50 9.86080585e-50 9.81606546e-50
 9.77177039e-50 9.72791282e-50 9.68448512e-50 9.64147986e-50
 9.59888984e-50 9.55670805e-50 9.51492767e-50 9.47354204e-50
 9.43254472e-50 9.39192941e-50 9.35168998e-50 9.31182048e-50
 9.27231510e-50 9.23316817e-50 9.19437419e-50 9.15592779e-50
 9.11782374e-50 9.08005693e-50 9.04262238e-50 9.00551526e-50
 8.96873082e-50 8.93226446e-50 8.89611167e-50 8.86026805e-50
 8.82472933e-50 8.78949131e-50 8.75454990e-50 8.71990113e-50
 8.68554108e-50 8.65146595e-50 8.61767203e-50 8.58415567e-50
 8.55091331e-50 8.51794150e-50 8.48523682e-50 8.45279596e-50
 8.42061566e-50 8.38869276e-50 8.35702413e-50 8.32560673e-50
 8.29443759e-50 8.26351378e-50 8.23283245e-50 8.20239081e-50
 8.17218610e-50 8.14221566e-50 8.11247684e-50 8.08296707e-50
 8.05368382e-50 8.02462461e-50 7.99578702e-50 7.96716866e-50
 7.93876720e-50 7.91058035e-50 7.88260585e-50 7.85484149e-50
 7.82728512e-50 7.79993461e-50 7.77278786e-50 7.74584283e-50
 7.71909750e-50 7.69254990e-50 7.66619808e-50 7.64004013e-50
 7.61407418e-50 7.58829839e-50 7.56271093e-50 7.53731003e-50
 7.51209393e-50 7.48706092e-50 7.46220929e-50 7.43753738e-50
 7.41304355e-50 7.38872618e-50 7.36458368e-50 7.34061450e-50
 7.31681709e-50 7.29318994e-50 7.26973155e-50 7.24644045e-50
 7.22331521e-50 7.20035438e-50 7.17755658e-50 7.15492041e-50
 7.13244452e-50 7.11012756e-50 7.08796820e-50 7.06596515e-50
 7.04411711e-50 7.02242282e-50 7.00088103e-50 6.97949051e-50
 6.95825004e-50 6.93715842e-50 6.91621448e-50 6.89541703e-50
 6.87476495e-50 6.85425708e-50 6.83389232e-50 6.81366955e-50
 6.79358768e-50 6.77364565e-50 6.75384238e-50 6.73417683e-50
 6.71464797e-50 6.69525477e-50 6.67599622e-50 6.65687134e-50
 6.63787913e-50 6.61901863e-50 6.60028888e-50 6.58168893e-50
 6.56321784e-50 6.54487470e-50 6.52665859e-50 6.50856862e-50
 6.49060388e-50 6.47276351e-50 6.45504663e-50 6.43745239e-50
 6.41997993e-50 6.40262844e-50 6.38539706e-50 6.36828500e-50
 6.35129143e-50 6.33441557e-50 6.31765663e-50 6.30101382e-50
 6.28448638e-50 6.26807354e-50 6.25177455e-50 6.23558868e-50
 6.21951518e-50 6.20355334e-50 6.18770243e-50 6.17196175e-50
 6.15633059e-50 6.14080827e-50 6.12539410e-50 6.11008740e-50
 6.09488751e-50 6.07979377e-50 6.06480552e-50 6.04992213e-50
 6.03514295e-50 6.02046736e-50 6.00589473e-50 5.99142445e-50
 5.97705591e-50 5.96278852e-50 5.94862168e-50 5.93455481e-50
 5.92058732e-50 5.90671865e-50 5.89294824e-50 5.87927552e-50
 5.86569995e-50 5.85222098e-50 5.83883807e-50 5.82555070e-50
 5.81235835e-50 5.79926049e-50 5.78625661e-50 5.77334622e-50
 5.76052882e-50 5.74780390e-50 5.73517100e-50 5.72262963e-50
 5.71017933e-50 5.69781962e-50 5.68555004e-50 5.67337015e-50
 5.66127951e-50 5.64927765e-50 5.63736417e-50 5.62553862e-50
 5.61380059e-50 5.60214965e-50 5.59058541e-50 5.57910745e-50
 5.56771539e-50 5.55640882e-50 5.54518737e-50 5.53405065e-50
 5.52299829e-50 5.51202993e-50 5.50114520e-50 5.49034374e-50
 5.47962522e-50 5.46898928e-50 5.45843559e-50 5.44796382e-50
 5.43757364e-50 5.42726473e-50 5.41703678e-50 5.40688949e-50
 5.39682254e-50 5.38683565e-50 5.37692852e-50 5.36710088e-50
 5.35735244e-50 5.34768293e-50 5.33809209e-50 5.32857967e-50
 5.31914539e-50 5.30978903e-50 5.30051033e-50 5.29130907e-50
 5.28218501e-50 5.27313794e-50 5.26416763e-50 5.25527388e-50
 5.24645648e-50 5.23771524e-50 5.22904997e-50 5.22046048e-50
 5.21194660e-50 5.20350815e-50 5.19514498e-50 5.18685692e-50
 5.17864383e-50 5.17050557e-50 5.16244199e-50 5.15445297e-50
 5.14653840e-50 5.13869815e-50 5.13093213e-50 5.12324023e-50
 5.11562238e-50 5.10807849e-50 5.10060849e-50 5.09321232e-50
 5.08588994e-50 5.07864131e-50 5.07146640e-50 5.06436520e-50
 5.05733771e-50 5.05038395e-50 5.04350396e-50 5.03669778e-50
 5.02996549e-50 5.02330720e-50 5.01672303e-50 5.01021316e-50
 5.00377780e-50 4.99741721e-50 4.99113172e-50 4.98492173e-50
 4.97878778e-50 4.97273050e-50 4.96675073e-50 4.96084954e-50
 4.95502835e-50 4.94928904e-50 4.94363416e-50 4.93806727e-50
 4.93259345e-50 4.92722020e-50 4.92195895e-50 4.91682793e-50
 4.91185771e-50 4.90710301e-50 4.90267005e-50 4.89878875e-50
 4.89603848e-50 4.89626008e-50 4.90824887e-50 5.04899758e-50
 5.48514267e-50 4.90529405e-50 4.87417105e-50 4.86319881e-50
 4.85629918e-50 4.85077637e-50 4.84587496e-50 4.84131740e-50
 4.83698273e-50 4.83281159e-50 4.82877225e-50 4.82484658e-50
 4.82102370e-50 4.81729685e-50 4.81366167e-50 4.81011535e-50
 4.80665604e-50 4.80328252e-50 4.79999404e-50 4.79679014e-50
 4.79367058e-50 4.79063531e-50 4.78768438e-50 4.78481796e-50
 4.78203626e-50 4.77933959e-50 4.77672829e-50 4.77420273e-50
 4.77176335e-50 4.76941059e-50 4.76714493e-50 4.76496689e-50
 4.76287700e-50 4.76087580e-50 4.75896388e-50 4.75714183e-50
 4.75541027e-50 4.75376983e-50 4.75222116e-50 4.75076495e-50
 4.74940189e-50 4.74813267e-50 4.74695805e-50 4.74587875e-50
 4.74489556e-50 4.74400926e-50 4.74322066e-50 4.74253057e-50
 4.74193985e-50 4.74144937e-50 4.74105999e-50 4.74077265e-50
 4.74058825e-50 4.74050774e-50 4.74053211e-50 4.74066233e-50
 4.74089942e-50 4.74124441e-50 4.74169837e-50 4.74226238e-50
 4.74293754e-50 4.74372497e-50 4.74462584e-50 4.74564132e-50
 4.74677262e-50 4.74802097e-50 4.74938762e-50 4.75087386e-50
 4.75248100e-50 4.75421038e-50 4.75606336e-50 4.75804134e-50
 4.76014575e-50 4.76237805e-50 4.76473972e-50 4.76723229e-50
 4.76985730e-50 4.77261635e-50 4.77551105e-50 4.77854307e-50
 4.78171409e-50 4.78502584e-50 4.78848011e-50 4.79207871e-50
 4.79582350e-50 4.79971640e-50 4.80375938e-50 4.80795448e-50
 4.81230382e-50 4.81680964e-50 4.82147433e-50 4.82630051e-50
 4.83129117e-50 4.83645002e-50 4.84178216e-50 4.84729591e-50
 4.85300814e-50 4.85896454e-50 4.86535003e-50 4.87383051e-50
 5.09314082e-50 4.88559951e-50 4.89097082e-50 4.89761520e-50
 4.90462727e-50 4.91188620e-50 4.91936324e-50 4.92705027e-50
 4.93494566e-50 4.94305021e-50 4.95136586e-50 4.95989511e-50
 4.96864081e-50 4.97760601e-50 4.98679392e-50 4.99620787e-50
 5.00585131e-50 5.01572775e-50 5.02584084e-50 5.03619429e-50
 5.04679189e-50 5.05763753e-50 5.06873517e-50 5.08008889e-50
 5.09170282e-50 5.10358120e-50 5.11572836e-50 5.12814872e-50
 5.14084680e-50 5.15382720e-50 5.16709465e-50 5.18065395e-50
 5.19451002e-50 5.20866788e-50 5.22313268e-50 5.23790964e-50
 5.25300413e-50 5.26842162e-50 5.28416769e-50 5.30024808e-50
 5.31666860e-50 5.33343523e-50 5.35055407e-50 5.36803135e-50
 5.38587344e-50 5.40408686e-50 5.42267826e-50 5.44165446e-50
 5.46102243e-50 5.48078934e-50 5.50096250e-50 5.52154949e-50
 5.54255813e-50 5.56399668e-50 5.58587418e-50 5.60820161e-50
 5.63099672e-50 5.65431677e-50 5.67902372e-50 5.70347545e-50
 5.72686444e-50 5.75193823e-50 5.77758645e-50 5.80376580e-50
 5.83047647e-50 5.85772577e-50 5.88552299e-50 5.91387826e-50
 5.94280218e-50 5.97230572e-50 6.00240016e-50 6.03309705e-50
 6.06440826e-50 6.09634591e-50 6.12892243e-50 6.16215055e-50
 6.19604328e-50 6.23061395e-50 6.26587620e-50 6.30184399e-50
 6.33853162e-50 6.37595371e-50 6.41412524e-50 6.45306155e-50
 6.49277833e-50 6.53329165e-50 6.57461797e-50 6.61677414e-50
 6.65977741e-50 6.70364546e-50 6.74839639e-50 6.79404874e-50
 6.84062151e-50 6.88813418e-50 6.93660674e-50 6.98605975e-50
 7.03651449e-50 7.08799348e-50 7.14052287e-50 7.19415486e-50
 7.25344823e-50 7.30465658e-50 7.36150361e-50 7.41958027e-50
 7.47885290e-50 7.53934138e-50 7.60107095e-50 7.66406845e-50
 7.72836170e-50 7.79398409e-50 7.86095051e-50 7.92930557e-50
 7.99907538e-50 8.07029158e-50 8.14298667e-50 8.21719395e-50
 8.29294759e-50 8.37028260e-50 8.44923491e-50 8.52984135e-50
 8.61213972e-50 8.69616875e-50 8.78196822e-50 8.86957888e-50
 8.95904257e-50 9.05040222e-50 9.14370186e-50 9.23898670e-50
 9.33630318e-50 9.43569916e-50 9.53722440e-50 9.64093460e-50
 9.74702867e-50 9.85513382e-50 9.96561851e-50 1.00785515e-49
 1.01939375e-49 1.03118318e-49 1.04322937e-49 1.05553846e-49
 1.06811678e-49 1.08097083e-49 1.09410728e-49 1.10753299e-49
 1.12125499e-49 1.13528052e-49 1.14961700e-49 1.16427206e-49
 1.17925352e-49 1.19456943e-49 1.21022806e-49 1.22623790e-49
 1.24260767e-49 1.25934633e-49 1.27646309e-49 1.29396743e-49
 1.31186909e-49 1.33017818e-49 1.34890632e-49 1.36807805e-49
 1.38765274e-49 1.40769573e-49 1.42820065e-49 1.44917897e-49
 1.47064275e-49 1.49260442e-49 1.51507680e-49 1.53807304e-49
 1.56160668e-49 1.58569164e-49 1.61034225e-49 1.63557322e-49
 1.66139972e-49 1.68783733e-49 1.71490207e-49 1.74261045e-49
 1.77097943e-49 1.80002648e-49 1.82976957e-49 1.86022723e-49
 1.89141879e-49 1.92377246e-49 1.95608061e-49 1.98959173e-49
 2.02391864e-49 2.05908301e-49 2.09510744e-49 2.13201524e-49
 2.16983040e-49 2.20857767e-49 2.24828251e-49 2.28897114e-49
 2.33067060e-49 2.37340870e-49 2.41721414e-49 2.46211646e-49
 2.50814612e-49 2.55533448e-49 2.60371390e-49 2.65331780e-49
 2.70418314e-49 2.75633745e-49 2.80982409e-49 2.86467960e-49
 2.92094228e-49 2.97865213e-49 3.03785042e-49 3.09857975e-49
 3.16088404e-49 3.22480862e-49 3.29040024e-49 3.35770716e-49
 3.42677917e-49 3.49766766e-49 3.57042567e-49 3.64510799e-49
 3.72177117e-49 3.80047503e-49 3.88127555e-49 3.96423854e-49
 4.04942790e-49 4.13690969e-49 4.22675248e-49 4.31902715e-49
 4.41380694e-49 4.51116755e-49 4.61118719e-49 4.71394674e-49
 4.81952978e-49 4.92802274e-49 5.03951500e-49 5.15409899e-49
 5.27187060e-49 5.39292836e-49 5.51737337e-49 5.64531335e-49
 5.77685707e-49 5.91211781e-49 6.05121280e-49 6.19426340e-49
 6.34139522e-49 6.49273830e-49 6.64842727e-49 6.80860152e-49
 6.97340540e-49 7.14298839e-49 7.31750602e-49 7.49711633e-49
 7.68198725e-49 7.87229048e-49 8.06820393e-49 8.26991203e-49
 8.47760581e-49 8.69148310e-49 8.91174878e-49 9.13861500e-49
 9.37230139e-49 9.61303535e-49 9.86105228e-49 1.01166118e-48
 1.03799171e-48 1.06512775e-48 1.09309461e-48 1.12192012e-48
 1.15163301e-48 1.18226294e-48 1.21384051e-48 1.24639723e-48
 1.27996555e-48 1.31457884e-48 1.35027139e-48 1.38707828e-48
 1.42503548e-48 1.46417978e-48 1.50454857e-48 1.54617991e-48
 1.58911229e-48 1.63338457e-48 1.67903576e-48 1.72610477e-48
 1.77463020e-48 1.82465012e-48 1.87620084e-48 1.92931819e-48
 1.98403521e-48 2.04038233e-48 2.09838643e-48 2.15806989e-48
 2.21944951e-48 2.28253518e-48 2.34732841e-48 2.41382078e-48
 2.48199048e-48 2.55180272e-48 2.62320413e-48 2.69612087e-48
 2.77045466e-48 2.84607851e-48 2.92283183e-48 3.00051495e-48
 3.07888289e-48 3.15763840e-48 3.23642454e-48 3.31481634e-48
 3.39231203e-48 3.46832396e-48 3.54216952e-48 3.61306234e-48
 3.68010465e-48 3.74228145e-48 3.79845685e-48 3.84737667e-48
 3.88767388e-48 3.91788366e-48 3.93646690e-48 3.94184484e-48
 3.93244608e-48 3.90676682e-48 3.86344350e-48 3.80133653e-48
 3.71962052e-48 3.61787540e-48 3.49617062e-48 3.35513296e-48
 3.19598852e-48 3.02057069e-48 2.83128770e-48 2.63105038e-48
 2.42316059e-48 2.21117173e-48 1.99873222e-48 1.78942677e-48
 1.58662971e-48 1.39338234e-48 1.21230213e-48 1.04552799e-48
 8.94699743e-49 7.60968664e-49 6.45032112e-49 5.47185025e-49
 4.67381156e-49 4.05297719e-49 3.60398962e-49 3.31994399e-49
 3.19290501e-49 3.21434288e-49 3.37548885e-49 3.66761386e-49
 4.08223993e-49 4.61129105e-49 5.24719592e-49 5.98295117e-49
 6.81215358e-49 7.72900927e-49 8.72832384e-49 9.80548526e-49
 1.09564321e-48 1.21776217e-48 1.34659941e-48 1.48189408e-48
 1.62342381e-48 1.77100725e-48 1.92449461e-48 2.08376756e-48
 2.24873572e-48 2.41933392e-48 2.59551970e-48 2.77727117e-48
 2.96458481e-48 3.15747366e-48 3.35596563e-48 3.56010190e-48
 3.76993551e-48 3.98553007e-48 4.20695853e-48 4.43430203e-48], asd_array=[7.29814506e-24 7.06041433e-24 6.83449312e-24 6.61953831e-24
 6.41477700e-24 6.21950065e-24 6.03305978e-24 5.85485897e-24
 5.68435230e-24 5.52103914e-24 5.36446022e-24 5.21419405e-24
 5.06985365e-24 4.93108352e-24 4.79755687e-24 4.66897306e-24
 4.54505533e-24 4.42554865e-24 4.31021779e-24 4.19884557e-24
 4.09123125e-24 3.98718906e-24 3.88654688e-24 3.78914504e-24
 3.69382310e-24 3.60054139e-24 3.51022942e-24 3.42275999e-24
 3.33801404e-24 3.25587993e-24 3.17625284e-24 3.09903422e-24
 3.02413127e-24 2.95145651e-24 2.88092731e-24 2.81246557e-24
 2.74599730e-24 2.68145239e-24 2.61876424e-24 2.55786955e-24
 2.49870807e-24 2.44122237e-24 2.38452517e-24 2.32940946e-24
 2.27584616e-24 2.22378662e-24 2.17318417e-24 2.12399402e-24
 2.07617312e-24 2.02968012e-24 1.98447520e-24 1.94052003e-24
 1.89777765e-24 1.85621243e-24 1.81578999e-24 1.77647714e-24
 1.73824182e-24 1.70105302e-24 1.66488077e-24 1.62969607e-24
 1.59547087e-24 1.56217799e-24 1.52979112e-24 1.49828476e-24
 1.46763421e-24 1.43781553e-24 1.40880547e-24 1.38058153e-24
 1.35312186e-24 1.32640527e-24 1.30041117e-24 1.27511962e-24
 1.25051123e-24 1.22656718e-24 1.20326921e-24 1.18059957e-24
 1.15854104e-24 1.13707688e-24 1.11619081e-24 1.09586705e-24
 1.07609024e-24 1.05684547e-24 1.03811823e-24 1.01989444e-24
 1.00216038e-24 9.84902748e-25 9.68108590e-25 9.51765315e-25
 9.35860679e-25 9.20382774e-25 9.05320017e-25 8.90661143e-25
 8.76395192e-25 8.62511501e-25 8.48999694e-25 8.35849677e-25
 8.23051626e-25 8.10595978e-25 7.98473429e-25 7.86674919e-25
 7.75191630e-25 7.64302174e-25 7.53782440e-25 7.43530124e-25
 7.33538239e-25 7.23799979e-25 7.14308709e-25 7.05057963e-25
 6.96041441e-25 6.87253002e-25 6.78686658e-25 6.70336574e-25
 6.62197061e-25 6.54262574e-25 6.46527706e-25 6.38987184e-25
 6.31635870e-25 6.24468751e-25 6.17480942e-25 6.10667678e-25
 6.04024314e-25 5.97546320e-25 5.91229280e-25 5.85068887e-25
 5.79060942e-25 5.73201352e-25 5.67486125e-25 5.61911370e-25
 5.56473293e-25 5.51168196e-25 5.45992473e-25 5.40942611e-25
 5.36015184e-25 5.31206854e-25 5.26514368e-25 5.21934554e-25
 5.17464325e-25 5.13100669e-25 5.08840655e-25 5.04681425e-25
 5.00620196e-25 4.96654260e-25 4.92780975e-25 4.88997772e-25
 4.85302147e-25 4.81691664e-25 4.78163952e-25 4.74716700e-25
 4.71347663e-25 4.68054652e-25 4.64835540e-25 4.61688256e-25
 4.58610786e-25 4.55601171e-25 4.52657504e-25 4.49777933e-25
 4.46960654e-25 4.44203917e-25 4.41506015e-25 4.38865295e-25
 4.36280145e-25 4.33749002e-25 4.31270343e-25 4.28842694e-25
 4.26464616e-25 4.24134717e-25 4.21851641e-25 4.19614072e-25
 4.17420733e-25 4.15270382e-25 4.13161814e-25 4.11093859e-25
 4.09065380e-25 4.07075275e-25 4.05122473e-25 4.03205935e-25
 4.01324651e-25 3.99477643e-25 3.97663961e-25 3.95882682e-25
 3.94132913e-25 3.92413786e-25 3.90724457e-25 3.89064111e-25
 3.87431954e-25 3.85827219e-25 3.84249158e-25 3.82697049e-25
 3.81170191e-25 3.79667902e-25 3.78189524e-25 3.76734415e-25
 3.75301955e-25 3.73891543e-25 3.72502594e-25 3.71134544e-25
 3.69786842e-25 3.68458956e-25 3.67150372e-25 3.65860587e-25
 3.64589118e-25 3.63335494e-25 3.62099259e-25 3.60879969e-25
 3.59677198e-25 3.58490529e-25 3.57319558e-25 3.56163895e-25
 3.55023161e-25 3.53896988e-25 3.52785021e-25 3.51686913e-25
 3.50602329e-25 3.49530946e-25 3.48472446e-25 3.47426526e-25
 3.46392888e-25 3.45371246e-25 3.44361321e-25 3.43362842e-25
 3.42375547e-25 3.41399182e-25 3.40433501e-25 3.39478265e-25
 3.38533240e-25 3.37598203e-25 3.36672934e-25 3.35757223e-25
 3.34850862e-25 3.33953654e-25 3.33065404e-25 3.32185924e-25
 3.31315033e-25 3.30452553e-25 3.29598313e-25 3.28752146e-25
 3.27913890e-25 3.27083388e-25 3.26260488e-25 3.25445042e-25
 3.24636906e-25 3.23835940e-25 3.23042009e-25 3.22254982e-25
 3.21474730e-25 3.20701129e-25 3.19934059e-25 3.19173402e-25
 3.18419044e-25 3.17670875e-25 3.16928788e-25 3.16192677e-25
 3.15462440e-25 3.14737981e-25 3.14019201e-25 3.13306008e-25
 3.12598311e-25 3.11896021e-25 3.11199054e-25 3.10507325e-25
 3.09820752e-25 3.09139258e-25 3.08462764e-25 3.07791196e-25
 3.07124482e-25 3.06462549e-25 3.05805330e-25 3.05152757e-25
 3.04504763e-25 3.03861287e-25 3.03222265e-25 3.02587637e-25
 3.01957344e-25 3.01331328e-25 3.00709534e-25 3.00091907e-25
 2.99478394e-25 2.98868942e-25 2.98263502e-25 2.97662024e-25
 2.97064460e-25 2.96470763e-25 2.95880887e-25 2.95294787e-25
 2.94712421e-25 2.94133744e-25 2.93558717e-25 2.92987298e-25
 2.92419447e-25 2.91855127e-25 2.91294298e-25 2.90736925e-25
 2.90182971e-25 2.89632401e-25 2.89085180e-25 2.88541275e-25
 2.88000653e-25 2.87463281e-25 2.86929128e-25 2.86398164e-25
 2.85870357e-25 2.85345679e-25 2.84824101e-25 2.84305594e-25
 2.83790130e-25 2.83277684e-25 2.82768227e-25 2.82261734e-25
 2.81758180e-25 2.81257539e-25 2.80759788e-25 2.80264901e-25
 2.79772857e-25 2.79283630e-25 2.78797200e-25 2.78313543e-25
 2.77832639e-25 2.77354465e-25 2.76879000e-25 2.76406225e-25
 2.75936119e-25 2.75468662e-25 2.75003835e-25 2.74541618e-25
 2.74081994e-25 2.73624943e-25 2.73170447e-25 2.72718488e-25
 2.72269050e-25 2.71822114e-25 2.71377665e-25 2.70935684e-25
 2.70496157e-25 2.70059066e-25 2.69624397e-25 2.69192133e-25
 2.68762259e-25 2.68334761e-25 2.67909622e-25 2.67486830e-25
 2.67066369e-25 2.66648224e-25 2.66232383e-25 2.65818832e-25
 2.65407557e-25 2.64998544e-25 2.64591781e-25 2.64187254e-25
 2.63784951e-25 2.63384860e-25 2.62986967e-25 2.62591261e-25
 2.62197730e-25 2.61806361e-25 2.61417144e-25 2.61030066e-25
 2.60645117e-25 2.60262284e-25 2.59881557e-25 2.59502925e-25
 2.59126378e-25 2.58751904e-25 2.58379493e-25 2.58009134e-25
 2.57640818e-25 2.57274535e-25 2.56910274e-25 2.56548025e-25
 2.56187780e-25 2.55829527e-25 2.55473259e-25 2.55118965e-25
 2.54766636e-25 2.54416263e-25 2.54067838e-25 2.53721351e-25
 2.53376793e-25 2.53034157e-25 2.52693432e-25 2.52354612e-25
 2.52017687e-25 2.51682649e-25 2.51349490e-25 2.51018203e-25
 2.50688779e-25 2.50361210e-25 2.50035489e-25 2.49711607e-25
 2.49389558e-25 2.49069335e-25 2.48750928e-25 2.48434332e-25
 2.48119540e-25 2.47806543e-25 2.47495335e-25 2.47185910e-25
 2.46878260e-25 2.46572378e-25 2.46268259e-25 2.45965895e-25
 2.45665279e-25 2.45366407e-25 2.45069270e-25 2.44773864e-25
 2.44480181e-25 2.44188217e-25 2.43897964e-25 2.43609417e-25
 2.43322570e-25 2.43037418e-25 2.42753954e-25 2.42472174e-25
 2.42192071e-25 2.41913641e-25 2.41636878e-25 2.41361776e-25
 2.41088331e-25 2.40816538e-25 2.40546391e-25 2.40277885e-25
 2.40011017e-25 2.39745780e-25 2.39482171e-25 2.39220184e-25
 2.38959815e-25 2.38701060e-25 2.38443915e-25 2.38188374e-25
 2.37934434e-25 2.37682091e-25 2.37431341e-25 2.37182179e-25
 2.36934602e-25 2.36688607e-25 2.36444188e-25 2.36201343e-25
 2.35960068e-25 2.35720360e-25 2.35482215e-25 2.35245630e-25
 2.35010602e-25 2.34777127e-25 2.34545202e-25 2.34314825e-25
 2.34085993e-25 2.33858703e-25 2.33632951e-25 2.33408736e-25
 2.33186055e-25 2.32964906e-25 2.32745285e-25 2.32527192e-25
 2.32310623e-25 2.32095576e-25 2.31882050e-25 2.31670043e-25
 2.31459552e-25 2.31250577e-25 2.31043115e-25 2.30837165e-25
 2.30632725e-25 2.30429795e-25 2.30228372e-25 2.30028456e-25
 2.29830046e-25 2.29633141e-25 2.29437739e-25 2.29243841e-25
 2.29051446e-25 2.28860552e-25 2.28671161e-25 2.28483270e-25
 2.28296881e-25 2.28111993e-25 2.27928607e-25 2.27746722e-25
 2.27566338e-25 2.27387457e-25 2.27210079e-25 2.27034204e-25
 2.26859833e-25 2.26686968e-25 2.26515609e-25 2.26345758e-25
 2.26177417e-25 2.26010586e-25 2.25845268e-25 2.25681464e-25
 2.25519178e-25 2.25358410e-25 2.25199165e-25 2.25041445e-25
 2.24885253e-25 2.24730593e-25 2.24577469e-25 2.24425885e-25
 2.24275846e-25 2.24127357e-25 2.23980424e-25 2.23835055e-25
 2.23691256e-25 2.23549037e-25 2.23408409e-25 2.23269383e-25
 2.23131974e-25 2.22996199e-25 2.22862081e-25 2.22729647e-25
 2.22598930e-25 2.22469976e-25 2.22342847e-25 2.22217625e-25
 2.22094427e-25 2.21973426e-25 2.21854884e-25 2.21739215e-25
 2.21627113e-25 2.21519819e-25 2.21419738e-25 2.21332075e-25
 2.21269936e-25 2.21274944e-25 2.21545681e-25 2.24699746e-25
 2.34203814e-25 2.21478984e-25 2.20775249e-25 2.20526615e-25
 2.20370124e-25 2.20244781e-25 2.20133481e-25 2.20029939e-25
 2.19931415e-25 2.19836566e-25 2.19744676e-25 2.19655334e-25
 2.19568297e-25 2.19483413e-25 2.19400585e-25 2.19319752e-25
 2.19240873e-25 2.19163923e-25 2.19088887e-25 2.19015756e-25
 2.18944527e-25 2.18875200e-25 2.18807778e-25 2.18742267e-25
 2.18678674e-25 2.18617007e-25 2.18557276e-25 2.18499490e-25
 2.18443662e-25 2.18389803e-25 2.18337925e-25 2.18288041e-25
 2.18240166e-25 2.18194312e-25 2.18150496e-25 2.18108730e-25
 2.18069032e-25 2.18031416e-25 2.17995898e-25 2.17962496e-25
 2.17931225e-25 2.17902104e-25 2.17875149e-25 2.17850379e-25
 2.17827812e-25 2.17807467e-25 2.17789363e-25 2.17773519e-25
 2.17759956e-25 2.17748694e-25 2.17739753e-25 2.17733154e-25
 2.17728920e-25 2.17727071e-25 2.17727630e-25 2.17730621e-25
 2.17736065e-25 2.17743988e-25 2.17754412e-25 2.17767362e-25
 2.17782863e-25 2.17800941e-25 2.17821621e-25 2.17844929e-25
 2.17870894e-25 2.17899540e-25 2.17930898e-25 2.17964994e-25
 2.18001858e-25 2.18041518e-25 2.18084006e-25 2.18129350e-25
 2.18177583e-25 2.18228734e-25 2.18282838e-25 2.18339925e-25
 2.18400030e-25 2.18463186e-25 2.18529427e-25 2.18598789e-25
 2.18671308e-25 2.18747019e-25 2.18825961e-25 2.18908171e-25
 2.18993687e-25 2.19082551e-25 2.19174802e-25 2.19270483e-25
 2.19369638e-25 2.19472314e-25 2.19578558e-25 2.19688427e-25
 2.19801983e-25 2.19919304e-25 2.20040500e-25 2.20165754e-25
 2.20295441e-25 2.20430591e-25 2.20575385e-25 2.20767536e-25
 2.25679880e-25 2.21033923e-25 2.21155394e-25 2.21305562e-25
 2.21463931e-25 2.21627756e-25 2.21796376e-25 2.21969599e-25
 2.22147376e-25 2.22329715e-25 2.22516648e-25 2.22708220e-25
 2.22904482e-25 2.23105491e-25 2.23311306e-25 2.23521987e-25
 2.23737599e-25 2.23958205e-25 2.24183872e-25 2.24414667e-25
 2.24650660e-25 2.24891919e-25 2.25138517e-25 2.25390525e-25
 2.25648018e-25 2.25911071e-25 2.26179760e-25 2.26454161e-25
 2.26734356e-25 2.27020422e-25 2.27312442e-25 2.27610499e-25
 2.27914677e-25 2.28225062e-25 2.28541740e-25 2.28864799e-25
 2.29194331e-25 2.29530425e-25 2.29873176e-25 2.30222676e-25
 2.30579023e-25 2.30942314e-25 2.31312647e-25 2.31690124e-25
 2.32074847e-25 2.32466919e-25 2.32866448e-25 2.33273540e-25
 2.33688306e-25 2.34110857e-25 2.34541308e-25 2.34979775e-25
 2.35426382e-25 2.35881256e-25 2.36344541e-25 2.36816419e-25
 2.37297213e-25 2.37788073e-25 2.38307023e-25 2.38819502e-25
 2.39308680e-25 2.39831988e-25 2.40366105e-25 2.40910062e-25
 2.41463796e-25 2.42027390e-25 2.42600968e-25 2.43184668e-25
 2.43778633e-25 2.44383013e-25 2.44997962e-25 2.45623636e-25
 2.46260193e-25 2.46907795e-25 2.47566606e-25 2.48236793e-25
 2.48918526e-25 2.49611978e-25 2.50317323e-25 2.51034739e-25
 2.51764406e-25 2.52506509e-25 2.53261234e-25 2.54028769e-25
 2.54809308e-25 2.55603045e-25 2.56410179e-25 2.57230911e-25
 2.58065445e-25 2.58913991e-25 2.59776758e-25 2.60653961e-25
 2.61545818e-25 2.62452552e-25 2.63374386e-25 2.64311554e-25
 2.65264293e-25 2.66232858e-25 2.67217568e-25 2.68219217e-25
 2.69322265e-25 2.70271282e-25 2.71320910e-25 2.72389065e-25
 2.73474915e-25 2.74578611e-25 2.75700398e-25 2.76840540e-25
 2.77999311e-25 2.79177078e-25 2.80373867e-25 2.81590227e-25
 2.82826367e-25 2.84082586e-25 2.85359189e-25 2.86656484e-25
 2.87974783e-25 2.89314407e-25 2.90675677e-25 2.92058921e-25
 2.93464473e-25 2.94892671e-25 2.96343858e-25 2.97818382e-25
 2.99316598e-25 3.00838864e-25 3.02385546e-25 3.03957015e-25
 3.05553648e-25 3.07175832e-25 3.08823969e-25 3.10498544e-25
 3.12202317e-25 3.13928874e-25 3.15683679e-25 3.17467344e-25
 3.19279463e-25 3.21120410e-25 3.22990614e-25 3.24890513e-25
 3.26820559e-25 3.28781208e-25 3.30772925e-25 3.32796182e-25
 3.34851459e-25 3.36939241e-25 3.39060025e-25 3.41214311e-25
 3.43402609e-25 3.45625438e-25 3.47883323e-25 3.50176798e-25
 3.52506407e-25 3.54872700e-25 3.57276237e-25 3.59717588e-25
 3.62197334e-25 3.64716079e-25 3.67274600e-25 3.69875391e-25
 3.72512113e-25 3.75192714e-25 3.77915420e-25 3.80680833e-25
 3.83489602e-25 3.86342390e-25 3.89239875e-25 3.92182743e-25
 3.95171694e-25 3.98207438e-25 4.01290698e-25 4.04422208e-25
 4.07602714e-25 4.10832975e-25 4.14113761e-25 4.17445859e-25
 4.20830064e-25 4.24267189e-25 4.27758058e-25 4.31303516e-25
 4.34904448e-25 4.38608305e-25 4.42276001e-25 4.46048397e-25
 4.49879833e-25 4.53771199e-25 4.57723436e-25 4.61737505e-25
 4.65814384e-25 4.69955070e-25 4.74160575e-25 4.78431933e-25
 4.82770193e-25 4.87176426e-25 4.91651721e-25 4.96197185e-25
 5.00813949e-25 5.05503163e-25 5.10266000e-25 5.15103660e-25
 5.20017609e-25 5.25008329e-25 5.30077739e-25 5.35227017e-25
 5.40457425e-25 5.45770293e-25 5.51166982e-25 5.56648880e-25
 5.62217400e-25 5.67873984e-25 5.73620104e-25 5.79457260e-25
 5.85386980e-25 5.91410827e-25 5.97530390e-25 6.03747297e-25
 6.10063207e-25 6.16479929e-25 6.22998840e-25 6.29621993e-25
 6.36351153e-25 6.43188129e-25 6.50134792e-25 6.57193058e-25
 6.64364881e-25 6.71652257e-25 6.79057228e-25 6.86581877e-25
 6.94228333e-25 7.01998771e-25 7.09895415e-25 7.17920538e-25
 7.26076484e-25 7.34365601e-25 7.42790238e-25 7.51353003e-25
 7.60056384e-25 7.68902972e-25 7.77895417e-25 7.87036428e-25
 7.96328777e-25 8.05775297e-25 8.15378885e-25 8.25142504e-25
 8.35069183e-25 8.45162019e-25 8.55424223e-25 8.65858899e-25
 8.76469466e-25 8.87259290e-25 8.98231815e-25 9.09390567e-25
 9.20739149e-25 9.32281240e-25 9.44020592e-25 9.55961035e-25
 9.68106471e-25 9.80460879e-25 9.93028312e-25 1.00581369e-24
 1.01881878e-24 1.03205026e-24 1.04551165e-24 1.05920731e-24
 1.07314165e-24 1.08731915e-24 1.10174430e-24 1.11642162e-24
 1.13135562e-24 1.14655084e-24 1.16201179e-24 1.17774287e-24
 1.19374850e-24 1.21003296e-24 1.22660041e-24 1.24345483e-24
 1.26059997e-24 1.27803935e-24 1.29577612e-24 1.31381307e-24
 1.33215247e-24 1.35079611e-24 1.36974481e-24 1.38899899e-24
 1.40855785e-24 1.42841952e-24 1.44858083e-24 1.46903706e-24
 1.48978170e-24 1.51080614e-24 1.53209935e-24 1.55364757e-24
 1.57543343e-24 1.59743630e-24 1.61963086e-24 1.64198687e-24
 1.66446828e-24 1.68703246e-24 1.70962915e-24 1.73219945e-24
 1.75467458e-24 1.77697451e-24 1.79900654e-24 1.82066371e-24
 1.84182302e-24 1.86234367e-24 1.88206523e-24 1.90080571e-24
 1.91835988e-24 1.93449773e-24 1.94896302e-24 1.96147309e-24
 1.97171851e-24 1.97936446e-24 1.98405315e-24 1.98540798e-24
 1.98303961e-24 1.97655428e-24 1.96556442e-24 1.94970165e-24
 1.92863177e-24 1.90207135e-24 1.86980497e-24 1.83170220e-24
 1.78773279e-24 1.73797891e-24 1.68264307e-24 1.62205129e-24
 1.55665044e-24 1.48700092e-24 1.41376526e-24 1.33769457e-24
 1.25961491e-24 1.18041617e-24 1.10104593e-24 1.02251063e-24
 9.45885692e-25 8.72335179e-25 8.03138912e-25 7.39719558e-25
 6.83652804e-25 6.36629970e-25 6.00332376e-25 5.76189552e-25
 5.65057963e-25 5.66951751e-25 5.80989574e-25 6.05608277e-25
 6.38924090e-25 6.79064875e-25 7.24375312e-25 7.73495389e-25
 8.25357715e-25 8.79147841e-25 9.34254989e-25 9.90226502e-25
 1.04672977e-24 1.10352262e-24 1.16043070e-24 1.21733072e-24
 1.27413650e-24 1.33079196e-24 1.38726155e-24 1.44352609e-24
 1.49957851e-24 1.55542082e-24 1.61106167e-24 1.66651468e-24
 1.72179697e-24 1.77692815e-24 1.83192948e-24 1.88682323e-24
 1.94163218e-24 1.99637924e-24 2.05108716e-24 2.10577825e-24]), minimum_frequency=5.0, maximum_frequency=2048.0, length=40.0, latitude=46.0, longitude=-124.99999999999999, elevation=0.0, xarm_azimuth=260.0, yarm_azimuth=349.99999999999994, xarm_tilt=0.0, yarm_tilt=0.0).
The injected SNR is (37.403192390662404+1.939571885931416e-18j) in Interferometer(name='A1', power_spectral_density=PowerSpectralDensity(frequency_array=[   5.           5.01153      5.0230867 ... 4977.0194    4988.4965
 5000.       ], psd_array=[3.99805824e-40 3.78691522e-40 3.58724926e-40 ... 1.51962966e-46
 1.52659591e-46 1.53359419e-46], asd_array=[1.9995145e-20 1.9459998e-20 1.8940035e-20 ... 1.2327326e-23 1.2355549e-23
 1.2383837e-23]), minimum_frequency=5.0, maximum_frequency=2048.0, length=4.0, latitude=19.613306027777778, longitude=77.03086102777777, elevation=440.0, xarm_azimuth=117.6157, yarm_azimuth=207.6165, xarm_tilt=0.0, yarm_tilt=0.0).
The injected SNR is (682.5411058490284-1.6788316834173135e-16j) in Interferometer(name='CE20', power_spectral_density=PowerSpectralDensity(frequency_array=[   5.            5.03469316    5.06962704    5.10480331    5.14022366
    5.17588978    5.21180337    5.24796615    5.28437986    5.32104622
    5.357967      5.39514396    5.43257887    5.47027354    5.50822975
    5.54644932    5.58493409    5.62368589    5.66270658    5.70199801
    5.74156207    5.78140066    5.82151566    5.86190902    5.90258264
    5.94353849    5.98477851    6.02630468    6.06811899    6.11022343
    6.15262002    6.19531078    6.23829776    6.28158301    6.3251686
    6.36905662    6.41324915    6.45774833    6.50255626    6.5476751
    6.59310701    6.63885415    6.68491871    6.7313029     6.77800893
    6.82503903    6.87239546    6.92008048    6.96809637    7.01644542
    7.06512995    7.11415229    7.16351477    7.21321976    7.26326963
    7.31366678    7.36441362    7.41551257    7.46696608    7.51877661
    7.57094663    7.62347864    7.67637514    7.72963868    7.7832718
    7.83727705    7.89165703    7.94641433    8.00155157    8.05707139
    8.11297644    8.16926939    8.22595294    8.28302979    8.34050269
    8.39837436    8.45664759    8.51532515    8.57440985    8.63390452
    8.693812      8.75413516    8.81487688    8.87604006    8.93762763
    8.99964253    9.06208774    9.12496622    9.188281      9.2520351
    9.31623156    9.38087346    9.44596388    9.51150594    9.57750278
    9.64395754    9.71087341    9.77825358    9.84610128    9.91441975
    9.98321225   10.05248208   10.12223255   10.19246699   10.26318876
   10.33440125   10.40610785   10.478312     10.55101714   10.62422676
   10.69794436   10.77217345   10.84691759   10.92218036   10.99796534
   11.07427617   11.15111649   11.22848998   11.30640033   11.38485128
   11.46384656   11.54338997   11.6234853    11.70413638   11.78534707
   11.86712125   11.94946283   12.03237575   12.11586397   12.19993149
   12.28458231   12.3698205    12.45565013   12.5420753    12.62910013
   12.71672881   12.8049655    12.89381444   12.98327986   13.07336606
   13.16407733   13.25541801   13.34739247   13.44000511   13.53326035
   13.62716266   13.72171652   13.81692645   13.91279701   14.00933278
   14.10653838   14.20441845   14.30297768   14.40222077   14.50215247
   14.60277756   14.70410085   14.80612719   14.90886145   15.01230855
   15.11647342   15.22136106   15.32697648   15.43332472   15.54041087
   15.64824005   15.75681742   15.86614817   15.97623753   16.08709075
   16.19871315   16.31111005   16.42428683   16.5382489    16.65300172
   16.76855076   16.88490155   17.00205966   17.12003069   17.23882027
   17.35843409   17.47887787   17.60015736   17.72227837   17.84524673
   17.96906832   18.09374906   18.21929492   18.34571189   18.47300603
   18.60118341   18.73025016   18.86021247   18.99107653   19.12284861
   19.25553501   19.38914207   19.52367618   19.65914378   19.79555133
   19.93290537   20.07121245   20.2104792    20.35071227   20.49191836
   20.63410423   20.77727667   20.92144254   21.06660872   21.21278215
   21.35996983   21.50817879   21.65741612   21.80768895   21.95900446
   22.1113699    22.26479255   22.41927974   22.57483886   22.73147735
   22.88920269   23.04802243   23.20794417   23.36897554   23.53112425
   23.69439805   23.85880474   24.0243522    24.19104832   24.35890109
   24.52791853   24.69810872   24.86947979   25.04203995   25.21579744
   25.39076056   25.56693769   25.74433725   25.92296772   26.10283764
   26.28395561   26.46633029   26.6499704    26.83488473   27.0210821
   27.20857143   27.39736168   27.58746188   27.77888111   27.97162853
   28.16571335   28.36114486   28.55793239   28.75608536   28.95561324
   29.15652557   29.35883195   29.56254207   29.76766565   29.97421252
   30.18219253   30.39161564   30.60249186   30.81483128   31.02864403
   31.24394036   31.46073055   31.67902496   31.89883404   32.1201683
   32.34303831   32.56745473   32.7934283    33.02096981   33.25009015
   33.48080027   33.71311121   33.94703406   34.18258002   34.41976035
   34.65858638   34.89906954   35.14122132   35.38505331   35.63057715
   35.87780459   36.12674746   36.37741765   36.62982714   36.88398801
   37.13991241   37.39761258   37.65710083   37.91838957   38.18149131
   38.4464186    38.71318413   38.98180065   39.252281     39.52463811
   39.79888501   40.07503481   40.35310071   40.633096     40.91503408
   41.19892842   41.4847926    41.77264029   42.06248525   42.35434133
   42.6482225    42.9441428    43.24211638   43.54215749   43.84428047
   44.14849978   44.45482995   44.76328563   45.07388157   45.38663263
   45.70155374   46.01865998   46.33796651   46.65948858   46.98324157
   47.30924097   47.63750236   47.96804144   48.300874     48.63601596
   48.97348335   49.31329231   49.65545907   50.           50.34693157
   50.69627038   51.04803312   51.4022366    51.75889778   52.1180337
   52.47966153   52.84379856   53.2104622    53.57966999   53.95143958
   54.32578873   54.70273536   55.08229748   55.46449324   55.84934092
   56.23685892   56.62706576   57.0199801    57.41562073   57.81400656
   58.21515665   58.61909016   59.02582643   59.43538489   59.84778512
   60.26304684   60.68118992   61.10223433   61.52620022   61.95310785
   62.38297763   62.81583012   63.25168602   63.69056616   64.13249153
   64.57748325   65.02556261   65.47675102   65.93107007   66.38854147
   66.84918709   67.31302896   67.78008927   68.25039033   68.72395463
   69.20080483   69.68096371   70.16445424   70.65129953   71.14152286
   71.63514767   72.13219756   72.6326963    73.13666781   73.6441362
   74.15512572   74.66966081   75.18776606   75.70946627   76.23478635
   76.76375144   77.29638682   77.83271796   78.37277051   78.91657028
   79.46414328   80.01551569   80.57071386   81.12976435   81.69269389
   82.25952939   82.83029795   83.40502686   83.9837436    84.56647585
   85.15325146   85.74409849   86.33904519   86.93812001   87.54135159
   88.14876876   88.76040059   89.3762763    89.99642534   90.62087737
   91.24966224   91.88281002   92.52035098   93.1623156    93.80873457
   94.45963881   95.11505943   95.77502778   96.4395754    97.10873407
   97.78253579   98.46101277   99.14419746   99.83212251  100.52482081
  101.2223255   101.92466991  102.63188764  103.34401248  104.0610785
  104.78311997  105.51017143  106.24226762  106.97944357  107.7217345
  108.46917592  109.22180356  109.9796534   110.74276169  111.5111649
  112.28489978  113.06400332  113.84851277  114.63846564  115.43389971
  116.234853    117.04136381  117.8534707   118.6712125   119.49462831
  120.3237575   121.15863971  121.99931486  122.84582315  123.69820504
  124.5565013   125.42075296  126.29100135  127.16728807  128.04965501
  128.93814438  129.83279865  130.73366059  131.64077328  132.5541801
  133.4739247   134.40005108  135.3326035   136.27162656  137.21716516
  138.1692645   139.12797011  140.09332782  141.0653838   142.04418451
  143.02977676  144.02220767  145.02152469  146.02777561  147.04100853
  148.0612719   149.0886145   150.12308545  151.16473422  152.2136106
  153.26976475  154.33324717  155.40410869  156.48240053  157.56817424
  158.66148174  159.76237529  160.87090753  161.98713148  163.11110049
  164.2428683   165.38248904  166.53001718  167.6855076   168.84901554
  170.02059664  171.2003069   172.38820274  173.58434095  174.78877872
  176.00157364  177.2227837   178.45246728  179.69068319  180.93749062
  182.19294919  183.45711892  184.73006026  186.01183407  187.30250164
  188.60212467  189.91076531  191.22848612  192.55535012  193.89142073
  195.23676184  196.59143779  197.95551332  199.32905368  200.71212452
  202.10479199  203.50712266  204.91918359  206.34104229  207.77276674
  209.2144254   210.66608719  212.12782154  213.59969832  215.08178791
  216.57416117  218.07688946  219.59004463  221.11369903  222.6479255
  224.1927974   225.7483886   227.31477348  228.89202692  230.48022434
  232.07944168  233.6897554   235.31124249  236.94398049  238.58804745
  240.24352198  241.91048325  243.58901094  245.27918532  246.98108719
  248.69479794  250.42039949  252.15797436  253.90760562  255.66937692
  257.44337251  259.22967719  261.02837639  262.8395561   264.66330292
  266.49970404  268.34884728  270.21082104  272.08571434  273.97361685
  275.87461881  277.78881112  279.71628531  281.65713353  283.61144858
  285.57932391  287.56085359  289.55613238  291.56525568  293.58831954
  295.62542069  297.67665654  299.74212516  301.8219253   303.91615641
  306.02491862  308.14831276  310.28644034  312.4394036   314.60730548
  316.79024963  318.98834043  321.20168297  323.43038308  325.67454731
  327.93428298  330.20969812  332.50090152  334.80800274  337.13111209
  339.47034063  341.82580023  344.19760348  346.58586381  348.99069539
  351.41221322  353.85053306  356.30577151  358.77804595  361.26747459
  363.77417646  366.29827141  368.83988013  371.39912413  373.97612578
  376.5710083   379.18389575  381.81491306  384.46418604  387.13184134
  389.81800652  392.52281001  395.24638113  397.98885012  400.75034808
  403.53100706  406.33096     409.15034079  411.98928423  414.84792604
  417.72640292  420.62485249  423.54341333  426.48222499  429.44142798
  432.42116379  435.42157488  438.44280473  441.48499777  444.54829948
  447.6328563   450.73881573  453.86632626  457.01553744  460.18659983
  463.37966506  466.59488579  469.83241575  473.09240974  476.37502362
  479.68041435  483.00873998  486.36015962  489.73483353  493.13292307
  496.55459069  500.          503.46931574  506.96270378  510.48033115
  514.02236605  517.58897782  521.18033699  524.79661528  528.43798559
  532.10462203  535.79669991  539.51439576  543.25788733  547.0273536
  550.82297482  554.64493245  558.49340923  562.36858918  566.27065758
  570.19980099  574.15620727  578.1400656   582.15156646  586.19090164
  590.25826428  594.35384886  598.47785118  602.63046844  606.81189917
  611.02234332  615.26200218  619.53107847  623.82977632  628.15830124
  632.5168602   636.90566159  641.32491526  645.77483251  650.25562609
  654.76751024  659.3107007   663.88541468  668.49187091  673.13028965
  677.80089266  682.50390327  687.23954634  692.00804829  696.80963711
  701.64454239  706.5129953   711.41522861  716.3514767   721.32197561
  726.32696297  731.3666781   736.44136195  741.55125717  746.69660806
  751.87766065  757.09466265  762.34786351  767.63751439  772.96386821
  778.32717964  783.7277051   789.16570283  794.64143281  800.15515687
  805.70713863  811.29764354  816.9269389   822.59529388  828.30297947
  834.0502686   839.83743605  845.66475851  851.53251463  857.44098494
  863.39045194  869.38120011  875.41351587  881.48768764  887.60400586
  893.76276295  899.96425339  906.20877369  912.49662241  918.82810019
  925.20350977  931.62315597  938.08734572  944.5963881   951.15059433
  957.75027779  964.39575401  971.08734074  977.82535793  984.61012774
  991.44197456  998.32122505 1005.24820813 1012.22325499 1019.24669913
 1026.31887635 1033.44012481 1040.61078499 1047.83119974 1055.10171428
 1062.42267625 1069.79443567 1077.21734502 1084.69175919 1092.21803557
 1099.79653402 1107.42761686 1115.11164898 1122.84899777 1130.64003317
 1138.48512769 1146.38465643 1154.33899709 1162.34852999 1170.41363809
 1178.534707   1186.71212501 1194.94628312 1203.23757501 1211.58639712
 1219.99314863 1228.45823149 1236.98205044 1245.56501303 1254.20752964
 1262.91001348 1271.67288065 1280.49655013 1289.3814438  1298.32798647
 1307.3366059  1316.40773282 1325.54180095 1334.73924702 1344.00051077
 1353.32603502 1362.71626564 1372.17165161 1381.69264503 1391.2797011
 1400.93327823 1410.65383797 1420.44184509 1430.29776759 1440.2220767
 1450.21524693 1460.27775609 1470.41008529 1480.61271899 1490.88614501
 1501.23085454 1511.6473422  1522.13610603 1532.69764753 1543.33247167
 1554.04108693 1564.82400534 1575.68174243 1586.61481737 1597.62375288
 1608.70907534 1619.87131476 1631.11100486 1642.42868302 1653.82489037
 1665.30017181 1676.855076   1688.49015541 1700.20596635 1712.00306899
 1723.88202737 1735.84340946 1747.88778718 1760.0157364  1772.22783699
 1784.52467284 1796.9068319  1809.37490621 1821.92949188 1834.5711892
 1847.3006026  1860.11834071 1873.02501637 1886.02124671 1899.1076531
 1912.28486123 1925.55350116 1938.91420729 1952.36761844 1965.91437785
 1979.55513323 1993.29053679 2007.12124525 2021.0479199  2035.07122661
 2049.19183588 2063.41042285 2077.72766736 2092.14425395 2106.66087192
 2121.27821536 2135.99698315 2150.81787905 2165.74161169 2180.7688946
 2195.9004463  2211.13699025 2226.47925497 2241.92797401 2257.48388602
 2273.14773477 2288.92026919 2304.80224341 2320.79441681 2336.897554
 2353.11242492 2369.43980486 2385.88047447 2402.43521983 2419.10483246
 2435.8901094  2452.79185318 2469.81087194 2486.9479794  2504.20399492
 2521.57974359 2539.07605616 2556.69376921 2574.43372507 2592.29677195
 2610.28376392 2628.39556101 2646.63302918 2664.99704042 2683.48847277
 2702.10821035 2720.85714343 2739.73616845 2758.74618806 2777.8881112
 2797.16285308 2816.5713353  2836.11448582 2855.79323906 2875.60853592
 2895.56132382 2915.65255676 2935.88319537 2956.25420692 2976.76656541
 2997.42125159 3018.21925304 3039.16156415 3060.24918624 3081.48312757
 3102.86440339 3124.394036   3146.07305481 3167.90249633 3189.8834043
 3212.0168297  3234.30383077 3256.74547314 3279.34282979 3302.09698117
 3325.00901522 3348.08002743 3371.31112089 3394.70340635 3418.25800226
 3441.97603482 3465.85863808 3489.90695392 3514.12213215 3538.50533059
 3563.05771506 3587.78045947 3612.67474589 3637.7417646  3662.98271411
 3688.39880126 3713.99124128 3739.76125781 3765.71008299 3791.8389575
 3818.14913064 3844.64186038 3871.31841341 3898.1800652  3925.2281001
 3952.46381135 3979.88850116 4007.50348078 4035.31007057 4063.30960005
 4091.50340793 4119.89284226 4148.47926042 4177.26402919 4206.24852487
 4235.43413328 4264.82224987 4294.41427977 4324.21163787 4354.21574885
 4384.42804729 4414.84997775 4445.48299476 4476.328563   4507.38815726
 4538.66326261 4570.15537438 4601.86599831 4633.79665057 4665.94885787
 4698.32415748 4730.92409736 4763.75023621 4796.80414355 4830.08739976
 4863.60159623 4897.34833535 4931.32923066 4965.54590687 5000.        ], psd_array=[2.10299107e-46 1.96837741e-46 1.84459711e-46 1.73057372e-46
 1.62535442e-46 1.52809456e-46 1.43804429e-46 1.35453690e-46
 1.27697868e-46 1.20484006e-46 1.13764794e-46 1.07497892e-46
 1.01645346e-46 9.61730740e-47 9.10504157e-47 8.62497410e-47
 8.17461054e-47 7.75169472e-47 7.35418232e-47 6.98021755e-47
 6.62811268e-47 6.29632999e-47 5.98346593e-47 5.68823705e-47
 5.40647644e-47 5.13761284e-47 4.88381672e-47 4.64411231e-47
 4.41759989e-47 4.20344868e-47 4.00089039e-47 3.80921359e-47
 3.62775856e-47 3.45591277e-47 3.29310676e-47 3.13881052e-47
 2.99253013e-47 2.85380482e-47 2.72220430e-47 2.59732631e-47
 2.47879449e-47 2.36625631e-47 2.25779299e-47 2.15477968e-47
 2.05695888e-47 1.96404873e-47 1.87578417e-47 1.79191585e-47
 1.71220901e-47 1.63644251e-47 1.56440795e-47 1.49590885e-47
 1.43075985e-47 1.36878602e-47 1.30982223e-47 1.25371250e-47
 1.20030949e-47 1.14947394e-47 1.10107421e-47 1.05498579e-47
 1.01109093e-47 9.69278226e-48 9.29442239e-48 8.91483167e-48
 8.55306523e-48 8.20822832e-48 7.87947347e-48 7.56599790e-48
 7.26704097e-48 6.98188191e-48 6.70983758e-48 6.45026043e-48
 6.20253654e-48 5.96608380e-48 5.74035018e-48 5.52481212e-48
 5.31897300e-48 5.12236164e-48 4.93453101e-48 4.75505690e-48
 4.58353673e-48 4.41958835e-48 4.26284903e-48 4.11297439e-48
 3.96963741e-48 3.83252756e-48 3.70134993e-48 3.57582438e-48
 3.45568479e-48 3.34067832e-48 3.23056473e-48 3.12511571e-48
 3.02411424e-48 2.92735407e-48 2.83463910e-48 2.74578286e-48
 2.66060808e-48 2.57894612e-48 2.50063659e-48 2.42552693e-48
 2.35347196e-48 2.28608924e-48 2.22187310e-48 2.16012273e-48
 2.10073239e-48 2.04360120e-48 1.98863292e-48 1.93573571e-48
 1.88482194e-48 1.83580798e-48 1.78861398e-48 1.74316371e-48
 1.69938440e-48 1.65720653e-48 1.61656373e-48 1.57739257e-48
 1.53963246e-48 1.50322552e-48 1.46811641e-48 1.43425225e-48
 1.40158250e-48 1.37005881e-48 1.33963498e-48 1.31026681e-48
 1.28191200e-48 1.25453014e-48 1.22808251e-48 1.20253210e-48
 1.17784346e-48 1.15398268e-48 1.13091728e-48 1.10861617e-48
 1.08704960e-48 1.06618903e-48 1.04600716e-48 1.02647784e-48
 1.00757598e-48 9.89277575e-49 9.71559599e-49 9.54399988e-49
 9.37777588e-49 9.21672120e-49 9.06064137e-49 8.90934989e-49
 8.76266788e-49 8.62042376e-49 8.48245290e-49 8.34859737e-49
 8.21870557e-49 8.09263203e-49 7.97023713e-49 7.85138680e-49
 7.73595235e-49 7.62381019e-49 7.51484165e-49 7.40893276e-49
 7.30597401e-49 7.20586023e-49 7.10849037e-49 7.01376732e-49
 6.92159776e-49 6.83189201e-49 6.74456387e-49 6.65953047e-49
 6.57671212e-49 6.49603222e-49 6.41741711e-49 6.34079593e-49
 6.26610054e-49 6.19326540e-49 6.12222743e-49 6.05292597e-49
 5.98530263e-49 5.91930124e-49 5.85486773e-49 5.79195006e-49
 5.73049812e-49 5.67046369e-49 5.61180034e-49 5.55446336e-49
 5.49840968e-49 5.44359785e-49 5.38998793e-49 5.33754143e-49
 5.28622131e-49 5.23599184e-49 5.18681863e-49 5.13866853e-49
 5.09150957e-49 5.04531096e-49 5.00004302e-49 4.95567713e-49
 4.91218570e-49 4.86954213e-49 4.82772077e-49 4.78669689e-49
 4.74644662e-49 4.70694695e-49 4.66817569e-49 4.63011142e-49
 4.59273348e-49 4.55602192e-49 4.51995751e-49 4.48452167e-49
 4.44969649e-49 4.41546465e-49 4.38180946e-49 4.34871478e-49
 4.31616505e-49 4.28414523e-49 4.25264078e-49 4.22163769e-49
 4.19112239e-49 4.16108179e-49 4.13150325e-49 4.10237453e-49
 4.07368383e-49 4.04541972e-49 4.01757117e-49 3.99012751e-49
 3.96307841e-49 3.93641390e-49 3.91012434e-49 3.88420040e-49
 3.85863305e-49 3.83341355e-49 3.80853346e-49 3.78398461e-49
 3.75975909e-49 3.73584923e-49 3.71224763e-49 3.68894712e-49
 3.66594074e-49 3.64322178e-49 3.62078371e-49 3.59862022e-49
 3.57672521e-49 3.55509275e-49 3.53371710e-49 3.51259271e-49
 3.49171417e-49 3.47107627e-49 3.45067394e-49 3.43050227e-49
 3.41055649e-49 3.39083199e-49 3.37132428e-49 3.35202902e-49
 3.33294199e-49 3.31405909e-49 3.29537634e-49 3.27688990e-49
 3.25859601e-49 3.24049105e-49 3.22257146e-49 3.20483384e-49
 3.18727483e-49 3.16989121e-49 3.15267982e-49 3.13563760e-49
 3.11876159e-49 3.10204889e-49 3.08549668e-49 3.06910224e-49
 3.05286290e-49 3.03677608e-49 3.02083925e-49 3.00504997e-49
 2.98940584e-49 2.97390455e-49 2.95854384e-49 2.94332149e-49
 2.92823538e-49 2.91328339e-49 2.89846350e-49 2.88377373e-49
 2.86921213e-49 2.85477682e-49 2.84046596e-49 2.82627776e-49
 2.81221047e-49 2.79826237e-49 2.78443181e-49 2.77071715e-49
 2.75711681e-49 2.74362924e-49 2.73025293e-49 2.71698639e-49
 2.70382819e-49 2.69077691e-49 2.67783117e-49 2.66498963e-49
 2.65225097e-49 2.63961391e-49 2.62707717e-49 2.61463954e-49
 2.60229980e-49 2.59005678e-49 2.57790931e-49 2.56585629e-49
 2.55389658e-49 2.54202913e-49 2.53025285e-49 2.51856672e-49
 2.50696972e-49 2.49546085e-49 2.48403913e-49 2.47270361e-49
 2.46145335e-49 2.45028742e-49 2.43920492e-49 2.42820497e-49
 2.41728670e-49 2.40644925e-49 2.39569179e-49 2.38501350e-49
 2.37441358e-49 2.36389122e-49 2.35344565e-49 2.34307611e-49
 2.33278186e-49 2.32256214e-49 2.31241624e-49 2.30234344e-49
 2.29234306e-49 2.28241439e-49 2.27255676e-49 2.26276951e-49
 2.25305198e-49 2.24340353e-49 2.23382352e-49 2.22431134e-49
 2.21486637e-49 2.20548801e-49 2.19617565e-49 2.18692873e-49
 2.17774665e-49 2.16862886e-49 2.15957480e-49 2.15058391e-49
 2.14165565e-49 2.13278950e-49 2.12398491e-49 2.11524138e-49
 2.10655839e-49 2.09793544e-49 2.08937202e-49 2.08086766e-49
 2.07242187e-49 2.06403417e-49 2.05570408e-49 2.04743116e-49
 2.03921493e-49 2.03105495e-49 2.02295077e-49 2.01490195e-49
 2.00690806e-49 1.99896867e-49 1.99108336e-49 1.98325171e-49
 1.97547330e-49 1.96774773e-49 1.96007460e-49 1.95245352e-49
 1.94488408e-49 1.93736590e-49 1.92989860e-49 1.92248180e-49
 1.91511513e-49 1.90779822e-49 1.90053071e-49 1.89331222e-49
 1.88614242e-49 1.87902093e-49 1.87194743e-49 1.86492156e-49
 1.85794299e-49 1.85101137e-49 1.84412638e-49 1.83728769e-49
 1.83049497e-49 1.82374790e-49 1.81704616e-49 1.81038945e-49
 1.80377744e-49 1.79720984e-49 1.79068634e-49 1.78420663e-49
 1.77777042e-49 1.77137743e-49 1.76502734e-49 1.75871989e-49
 1.75245478e-49 1.74623173e-49 1.74005047e-49 1.73391072e-49
 1.72781220e-49 1.72175465e-49 1.71573780e-49 1.70976138e-49
 1.70382514e-49 1.69792882e-49 1.69207215e-49 1.68625490e-49
 1.68047680e-49 1.67473760e-49 1.66903708e-49 1.66337497e-49
 1.65775104e-49 1.65216506e-49 1.64661679e-49 1.64110599e-49
 1.63563244e-49 1.63019591e-49 1.62479617e-49 1.61943300e-49
 1.61410618e-49 1.60881549e-49 1.60356072e-49 1.59834164e-49
 1.59315806e-49 1.58800976e-49 1.58289653e-49 1.57781817e-49
 1.57277448e-49 1.56776525e-49 1.56279029e-49 1.55784940e-49
 1.55294238e-49 1.54806906e-49 1.54322923e-49 1.53842270e-49
 1.53364930e-49 1.52890884e-49 1.52420113e-49 1.51952600e-49
 1.51488328e-49 1.51027277e-49 1.50569432e-49 1.50114774e-49
 1.49663288e-49 1.49214956e-49 1.48769761e-49 1.48327688e-49
 1.47888719e-49 1.47452840e-49 1.47020034e-49 1.46590286e-49
 1.46163580e-49 1.45739901e-49 1.45319234e-49 1.44901564e-49
 1.44486877e-49 1.44075158e-49 1.43666392e-49 1.43260566e-49
 1.42857666e-49 1.42457678e-49 1.42060589e-49 1.41666385e-49
 1.41275052e-49 1.40886579e-49 1.40500952e-49 1.40118159e-49
 1.39738187e-49 1.39361024e-49 1.38986658e-49 1.38615077e-49
 1.38246270e-49 1.37880225e-49 1.37516930e-49 1.37156376e-49
 1.36798550e-49 1.36443443e-49 1.36091043e-49 1.35741341e-49
 1.35394326e-49 1.35049989e-49 1.34708320e-49 1.34369309e-49
 1.34032948e-49 1.33699228e-49 1.33368139e-49 1.33039673e-49
 1.32713823e-49 1.32390580e-49 1.32069936e-49 1.31751885e-49
 1.31436419e-49 1.31123532e-49 1.30813217e-49 1.30505469e-49
 1.30200282e-49 1.29897652e-49 1.29597574e-49 1.29300045e-49
 1.29005062e-49 1.28712622e-49 1.28422727e-49 1.28135375e-49
 1.27850570e-49 1.27568315e-49 1.27288617e-49 1.27011485e-49
 1.26736935e-49 1.26464985e-49 1.26195660e-49 1.25928998e-49
 1.25665047e-49 1.25403874e-49 1.25145573e-49 1.24890280e-49
 1.24638188e-49 1.24389587e-49 1.24144924e-49 1.23904916e-49
 1.23670771e-49 1.23444654e-49 1.23230782e-49 1.23038286e-49
 1.22890191e-49 1.22859669e-49 1.23296354e-49 1.28850973e-49
 1.46145872e-49 1.23055125e-49 1.21775673e-49 1.21296553e-49
 1.20978668e-49 1.20714855e-49 1.20475079e-49 1.20248298e-49
 1.20029692e-49 1.19816893e-49 1.19608628e-49 1.19404165e-49
 1.19203060e-49 1.19005033e-49 1.18809899e-49 1.18617533e-49
 1.18427849e-49 1.18240787e-49 1.18056304e-49 1.17874368e-49
 1.17694957e-49 1.17518055e-49 1.17343650e-49 1.17171735e-49
 1.17002304e-49 1.16835354e-49 1.16670884e-49 1.16508894e-49
 1.16349385e-49 1.16192360e-49 1.16037822e-49 1.15885774e-49
 1.15736222e-49 1.15589170e-49 1.15444623e-49 1.15302589e-49
 1.15163073e-49 1.15026083e-49 1.14891626e-49 1.14759710e-49
 1.14630342e-49 1.14503533e-49 1.14379291e-49 1.14257624e-49
 1.14138543e-49 1.14022059e-49 1.13908180e-49 1.13796919e-49
 1.13688286e-49 1.13582293e-49 1.13478952e-49 1.13378274e-49
 1.13280273e-49 1.13184962e-49 1.13092354e-49 1.13002462e-49
 1.12915300e-49 1.12830884e-49 1.12749228e-49 1.12670346e-49
 1.12594256e-49 1.12520972e-49 1.12450512e-49 1.12382892e-49
 1.12318128e-49 1.12256240e-49 1.12197245e-49 1.12141162e-49
 1.12088008e-49 1.12037805e-49 1.11990571e-49 1.11946327e-49
 1.11905094e-49 1.11866893e-49 1.11831745e-49 1.11799674e-49
 1.11770700e-49 1.11744849e-49 1.11722143e-49 1.11702608e-49
 1.11686267e-49 1.11673147e-49 1.11663274e-49 1.11656675e-49
 1.11653379e-49 1.11653414e-49 1.11656811e-49 1.11663602e-49
 1.11673821e-49 1.11687506e-49 1.11704700e-49 1.11725453e-49
 1.11749829e-49 1.11777920e-49 1.11809868e-49 1.11845942e-49
 1.11886743e-49 1.11933996e-49 1.11994856e-49 1.12134260e-49
 1.20494615e-49 1.12200582e-49 1.12208720e-49 1.12263057e-49
 1.12328212e-49 1.12399403e-49 1.12475437e-49 1.12555926e-49
 1.12640730e-49 1.12729805e-49 1.12823148e-49 1.12920779e-49
 1.13022725e-49 1.13129023e-49 1.13239713e-49 1.13354838e-49
 1.13474443e-49 1.13598575e-49 1.13727281e-49 1.13860612e-49
 1.13998618e-49 1.14141351e-49 1.14288865e-49 1.14441212e-49
 1.14598448e-49 1.14760629e-49 1.14927812e-49 1.15100056e-49
 1.15277419e-49 1.15459961e-49 1.15647745e-49 1.15840831e-49
 1.16039285e-49 1.16243170e-49 1.16452552e-49 1.16667499e-49
 1.16888077e-49 1.17114358e-49 1.17346410e-49 1.17584306e-49
 1.17828119e-49 1.18077923e-49 1.18333794e-49 1.18595809e-49
 1.18864046e-49 1.19138585e-49 1.19419509e-49 1.19706898e-49
 1.20000840e-49 1.20301420e-49 1.20608729e-49 1.20922861e-49
 1.21243914e-49 1.21571999e-49 1.21907251e-49 1.22249873e-49
 1.22600320e-49 1.22960534e-49 1.23362877e-49 1.23744985e-49
 1.24076201e-49 1.24460066e-49 1.24854369e-49 1.25257217e-49
 1.25668353e-49 1.26087783e-49 1.26515580e-49 1.26951842e-49
 1.27396680e-49 1.27850208e-49 1.28312545e-49 1.28783815e-49
 1.29264143e-49 1.29753657e-49 1.30252488e-49 1.30760768e-49
 1.31278634e-49 1.31806223e-49 1.32343675e-49 1.32891134e-49
 1.33448745e-49 1.34016656e-49 1.34595018e-49 1.35183984e-49
 1.35783711e-49 1.36394358e-49 1.37016086e-49 1.37649060e-49
 1.38293449e-49 1.38949422e-49 1.39617155e-49 1.40296824e-49
 1.40988610e-49 1.41692698e-49 1.42409278e-49 1.43138546e-49
 1.43880710e-49 1.44636007e-49 1.45404790e-49 1.46188340e-49
 1.47150825e-49 1.47794680e-49 1.48615364e-49 1.49452807e-49
 1.50305098e-49 1.51172245e-49 1.52054429e-49 1.52951869e-49
 1.53864799e-49 1.54793503e-49 1.55738101e-49 1.56698974e-49
 1.57676338e-49 1.58670455e-49 1.59681596e-49 1.60710032e-49
 1.61756043e-49 1.62819912e-49 1.63901929e-49 1.65002389e-49
 1.66121592e-49 1.67259844e-49 1.68417458e-49 1.69594751e-49
 1.70792047e-49 1.72009678e-49 1.73247980e-49 1.74507299e-49
 1.75787987e-49 1.77090411e-49 1.78414969e-49 1.79762222e-49
 1.81137580e-49 1.82526907e-49 1.83941335e-49 1.85381700e-49
 1.86846633e-49 1.88336434e-49 1.89851501e-49 1.91392262e-49
 1.92959154e-49 1.94552627e-49 1.96173138e-49 1.97821155e-49
 1.99497155e-49 2.01201626e-49 2.02935063e-49 2.04697974e-49
 2.06490875e-49 2.08314295e-49 2.10168771e-49 2.12054852e-49
 2.13973099e-49 2.15924085e-49 2.17908394e-49 2.19926624e-49
 2.21979391e-49 2.24067354e-49 2.26191573e-49 2.28357120e-49
 2.30548363e-49 2.32783127e-49 2.35056460e-49 2.37368960e-49
 2.39721329e-49 2.42114295e-49 2.44548602e-49 2.47025014e-49
 2.49544309e-49 2.52107281e-49 2.54714745e-49 2.57367529e-49
 2.60066481e-49 2.62812467e-49 2.65606371e-49 2.68449097e-49
 2.71341569e-49 2.74284731e-49 2.77279548e-49 2.80327016e-49
 2.83428227e-49 2.86702759e-49 2.89795459e-49 2.93063588e-49
 2.96389722e-49 2.99774883e-49 3.03220207e-49 3.06726863e-49
 3.10296046e-49 3.13928982e-49 3.17626922e-49 3.21391146e-49
 3.25222962e-49 3.29123708e-49 3.33094753e-49 3.37137496e-49
 3.41253369e-49 3.45443835e-49 3.49710396e-49 3.54054602e-49
 3.58478706e-49 3.62982244e-49 3.67568646e-49 3.72239300e-49
 3.76995786e-49 3.81839847e-49 3.86773277e-49 3.91797914e-49
 3.96915637e-49 4.02128371e-49 4.07438083e-49 4.12846791e-49
 4.18356557e-49 4.23969493e-49 4.29687760e-49 4.35513574e-49
 4.41449210e-49 4.47497321e-49 4.53659287e-49 4.59938366e-49
 4.66336957e-49 4.72857527e-49 4.79502681e-49 4.86275091e-49
 4.93177495e-49 5.00212696e-49 5.07383568e-49 5.14693053e-49
 5.22144164e-49 5.29739990e-49 5.37483695e-49 5.45378525e-49
 5.53427863e-49 5.61635041e-49 5.70003317e-49 5.78536640e-49
 5.87238533e-49 5.96112742e-49 6.05163113e-49 6.14393588e-49
 6.23808208e-49 6.33411114e-49 6.43206553e-49 6.53198877e-49
 6.63392552e-49 6.73792156e-49 6.84402510e-49 6.95228038e-49
 7.06274001e-49 7.17545416e-49 7.29047441e-49 7.40785396e-49
 7.52764737e-49 7.64991063e-49 7.77470117e-49 7.90207788e-49
 8.03210121e-49 8.16483315e-49 8.30033740e-49 8.43870163e-49
 8.57992500e-49 8.72414414e-49 8.87140703e-49 9.02178597e-49
 9.17535523e-49 9.33219104e-49 9.49237165e-49 9.65597737e-49
 9.82309064e-49 9.99379612e-49 1.01681810e-48 1.03463337e-48
 1.05283461e-48 1.07143127e-48 1.09043298e-48 1.10984966e-48
 1.12969149e-48 1.14996892e-48 1.17069271e-48 1.19187389e-48
 1.21352379e-48 1.23565421e-48 1.25827664e-48 1.28140382e-48
 1.30504825e-48 1.32922288e-48 1.35394104e-48 1.37921643e-48
 1.40506312e-48 1.43149557e-48 1.45852865e-48 1.48617781e-48
 1.51445821e-48 1.54338654e-48 1.57297920e-48 1.60325326e-48
 1.63422626e-48 1.66591621e-48 1.69834165e-48 1.73152166e-48
 1.76547583e-48 1.80022430e-48 1.83578780e-48 1.87218768e-48
 1.90944584e-48 1.94758483e-48 1.98662787e-48 2.02659881e-48
 2.06752221e-48 2.10942336e-48 2.15232811e-48 2.19626333e-48
 2.24125651e-48 2.28733593e-48 2.33453073e-48 2.38287089e-48
 2.43238726e-48 2.48311160e-48 2.53507657e-48 2.58831581e-48
 2.64286396e-48 2.69875664e-48 2.75603054e-48 2.81472343e-48
 2.87487418e-48 2.93652283e-48 2.99971053e-48 3.06447974e-48
 3.13087413e-48 3.19893866e-48 3.26871960e-48 3.34026461e-48
 3.41362277e-48 3.48884458e-48 3.56598202e-48 3.64508865e-48
 3.72621957e-48 3.80943150e-48 3.89478283e-48 3.98233367e-48
 4.07214585e-48 4.16428301e-48 4.25881064e-48 4.35579612e-48
 4.45530874e-48 4.55741977e-48 4.66220249e-48 4.76973222e-48
 4.88008639e-48 4.99334456e-48 5.10958841e-48 5.22890183e-48
 5.35137092e-48 5.47708398e-48 5.60613151e-48 5.73860632e-48
 5.87460338e-48 6.01421989e-48 6.15755518e-48 6.30471131e-48
 6.45579005e-48 6.61089861e-48 6.77014372e-48 6.93363439e-48
 7.10148115e-48 7.27379587e-48 7.45069136e-48 7.63228131e-48
 7.81867970e-48 8.01000045e-48 8.20635691e-48 8.40786123e-48
 8.61462367e-48 8.82675177e-48 9.04434940e-48 9.26751560e-48], asd_array=[1.45016932e-23 1.40298874e-23 1.35815946e-23 1.31551272e-23
 1.27489389e-23 1.23616122e-23 1.19918484e-23 1.16384574e-23
 1.13003481e-23 1.09765207e-23 1.06660580e-23 1.03681190e-23
 1.00819317e-23 9.80678714e-24 9.54203415e-24 9.28707387e-24
 9.04135528e-24 8.80437091e-24 8.57565293e-24 8.35476962e-24
 8.14132218e-24 7.93494171e-24 7.73528663e-24 7.54204021e-24
 7.35287457e-24 7.16771431e-24 6.98843095e-24 6.81477241e-24
 6.64650276e-24 6.48340087e-24 6.32525920e-24 6.17188269e-24
 6.02308772e-24 5.87870119e-24 5.73855972e-24 5.60250883e-24
 5.47040230e-24 5.34210148e-24 5.21747477e-24 5.09639707e-24
 4.97874933e-24 4.86441806e-24 4.75162392e-24 4.64196045e-24
 4.53537086e-24 4.43175893e-24 4.33103241e-24 4.23310271e-24
 4.13788473e-24 4.04529666e-24 3.95525973e-24 3.86769809e-24
 3.78253863e-24 3.69971083e-24 3.61914662e-24 3.54078028e-24
 3.46454830e-24 3.39038928e-24 3.31824382e-24 3.24805448e-24
 3.17976561e-24 3.11332335e-24 3.04867551e-24 2.98577154e-24
 2.92456240e-24 2.86500058e-24 2.80703998e-24 2.75063591e-24
 2.69574498e-24 2.64232510e-24 2.59033542e-24 2.53973629e-24
 2.49048922e-24 2.44255682e-24 2.39590279e-24 2.35049189e-24
 2.30628988e-24 2.26326349e-24 2.22138043e-24 2.18060930e-24
 2.14091960e-24 2.10228170e-24 2.06466681e-24 2.02804694e-24
 1.99239489e-24 1.95768423e-24 1.92388927e-24 1.89098503e-24
 1.85894723e-24 1.82775226e-24 1.79737718e-24 1.76779968e-24
 1.73899806e-24 1.71095122e-24 1.68363865e-24 1.65704039e-24
 1.63113705e-24 1.60590975e-24 1.58134013e-24 1.55741033e-24
 1.53410298e-24 1.51198189e-24 1.49059488e-24 1.46973560e-24
 1.44939035e-24 1.42954580e-24 1.41018897e-24 1.39130719e-24
 1.37288818e-24 1.35491992e-24 1.33739073e-24 1.32028925e-24
 1.30360439e-24 1.28732534e-24 1.27144159e-24 1.25594290e-24
 1.24081927e-24 1.22606098e-24 1.21165854e-24 1.19760271e-24
 1.18388450e-24 1.17049512e-24 1.15742602e-24 1.14466886e-24
 1.13221553e-24 1.12005810e-24 1.10818884e-24 1.09660024e-24
 1.08528497e-24 1.07423586e-24 1.06344594e-24 1.05290844e-24
 1.04261671e-24 1.03256430e-24 1.02274492e-24 1.01315243e-24
 1.00378084e-24 9.94624339e-25 9.85677229e-25 9.76933973e-25
 9.68389172e-25 9.60037562e-25 9.51874013e-25 9.43893526e-25
 9.36091228e-25 9.28462372e-25 9.21002329e-25 9.13706592e-25
 9.06570768e-25 8.99590575e-25 8.92761845e-25 8.86080515e-25
 8.79542628e-25 8.73144329e-25 8.66881864e-25 8.60751576e-25
 8.54749906e-25 8.48873385e-25 8.43118637e-25 8.37482377e-25
 8.31961403e-25 8.26552601e-25 8.21252938e-25 8.16059463e-25
 8.10969304e-25 8.05979666e-25 8.01087830e-25 7.96291149e-25
 7.91587048e-25 7.86973023e-25 7.82446639e-25 7.78005525e-25
 7.73647376e-25 7.69369953e-25 7.65171074e-25 7.61048622e-25
 7.57000536e-25 7.53024813e-25 7.49119506e-25 7.45282722e-25
 7.41512622e-25 7.37807417e-25 7.34165371e-25 7.30584795e-25
 7.27064049e-25 7.23601537e-25 7.20195712e-25 7.16845069e-25
 7.13548146e-25 7.10303524e-25 7.07109823e-25 7.03965704e-25
 7.00869866e-25 6.97821047e-25 6.94818017e-25 6.91859587e-25
 6.88944600e-25 6.86071932e-25 6.83240492e-25 6.80449221e-25
 6.77697091e-25 6.74983105e-25 6.72306292e-25 6.69665713e-25
 6.67060453e-25 6.64489627e-25 6.61952374e-25 6.59447859e-25
 6.56975270e-25 6.54533821e-25 6.52122748e-25 6.49741309e-25
 6.47388785e-25 6.45064477e-25 6.42767707e-25 6.40497817e-25
 6.38254168e-25 6.36036141e-25 6.33843133e-25 6.31674561e-25
 6.29529857e-25 6.27408472e-25 6.25309871e-25 6.23233536e-25
 6.21178963e-25 6.19145665e-25 6.17133167e-25 6.15141009e-25
 6.13168744e-25 6.11215938e-25 6.09282171e-25 6.07367032e-25
 6.05470127e-25 6.03591068e-25 6.01729483e-25 5.99885008e-25
 5.98057289e-25 5.96245985e-25 5.94450764e-25 5.92671301e-25
 5.90907283e-25 5.89158406e-25 5.87424373e-25 5.85704897e-25
 5.83999699e-25 5.82308508e-25 5.80631060e-25 5.78967099e-25
 5.77316377e-25 5.75678650e-25 5.74053686e-25 5.72441255e-25
 5.70841135e-25 5.69253111e-25 5.67676974e-25 5.66112519e-25
 5.64559548e-25 5.63017869e-25 5.61487294e-25 5.59967642e-25
 5.58458735e-25 5.56960402e-25 5.55472473e-25 5.53994787e-25
 5.52527185e-25 5.51069513e-25 5.49621620e-25 5.48183361e-25
 5.46754592e-25 5.45335177e-25 5.43924980e-25 5.42523870e-25
 5.41131719e-25 5.39748403e-25 5.38373802e-25 5.37007796e-25
 5.35650271e-25 5.34301116e-25 5.32960220e-25 5.31627479e-25
 5.30302788e-25 5.28986046e-25 5.27677156e-25 5.26376021e-25
 5.25082547e-25 5.23796644e-25 5.22518222e-25 5.21247196e-25
 5.19983479e-25 5.18726991e-25 5.17477649e-25 5.16235376e-25
 5.15000095e-25 5.13771730e-25 5.12550210e-25 5.11335461e-25
 5.10127415e-25 5.08926004e-25 5.07731161e-25 5.06542820e-25
 5.05360919e-25 5.04185395e-25 5.03016188e-25 5.01853238e-25
 5.00696487e-25 4.99545879e-25 4.98401358e-25 4.97262869e-25
 4.96130360e-25 4.95003779e-25 4.93883075e-25 4.92768198e-25
 4.91659099e-25 4.90555731e-25 4.89458047e-25 4.88366001e-25
 4.87279548e-25 4.86198644e-25 4.85123247e-25 4.84053315e-25
 4.82988805e-25 4.81929677e-25 4.80875892e-25 4.79827411e-25
 4.78784195e-25 4.77746207e-25 4.76713411e-25 4.75685769e-25
 4.74663247e-25 4.73645809e-25 4.72633423e-25 4.71626053e-25
 4.70623668e-25 4.69626235e-25 4.68633722e-25 4.67646098e-25
 4.66663332e-25 4.65685394e-25 4.64712255e-25 4.63743885e-25
 4.62780256e-25 4.61821340e-25 4.60867108e-25 4.59917534e-25
 4.58972591e-25 4.58032252e-25 4.57096491e-25 4.56165284e-25
 4.55238604e-25 4.54316428e-25 4.53398730e-25 4.52485487e-25
 4.51576674e-25 4.50672270e-25 4.49772250e-25 4.48876592e-25
 4.47985275e-25 4.47098275e-25 4.46215571e-25 4.45337143e-25
 4.44462968e-25 4.43593027e-25 4.42727298e-25 4.41865762e-25
 4.41008399e-25 4.40155189e-25 4.39306112e-25 4.38461150e-25
 4.37620284e-25 4.36783496e-25 4.35950766e-25 4.35122077e-25
 4.34297411e-25 4.33476751e-25 4.32660078e-25 4.31847376e-25
 4.31038628e-25 4.30233817e-25 4.29432926e-25 4.28635940e-25
 4.27842841e-25 4.27053615e-25 4.26268245e-25 4.25486715e-25
 4.24709011e-25 4.23935118e-25 4.23165019e-25 4.22398701e-25
 4.21636149e-25 4.20877349e-25 4.20122285e-25 4.19370944e-25
 4.18623313e-25 4.17879377e-25 4.17139122e-25 4.16402536e-25
 4.15669605e-25 4.14940315e-25 4.14214654e-25 4.13492610e-25
 4.12774169e-25 4.12059318e-25 4.11348046e-25 4.10640341e-25
 4.09936190e-25 4.09235581e-25 4.08538502e-25 4.07844942e-25
 4.07154890e-25 4.06468334e-25 4.05785262e-25 4.05105664e-25
 4.04429529e-25 4.03756846e-25 4.03087605e-25 4.02421794e-25
 4.01759403e-25 4.01100423e-25 4.00444842e-25 3.99792652e-25
 3.99143841e-25 3.98498401e-25 3.97856322e-25 3.97217594e-25
 3.96582208e-25 3.95950154e-25 3.95321424e-25 3.94696009e-25
 3.94073900e-25 3.93455087e-25 3.92839563e-25 3.92227320e-25
 3.91618348e-25 3.91012639e-25 3.90410186e-25 3.89810980e-25
 3.89215015e-25 3.88622281e-25 3.88032772e-25 3.87446479e-25
 3.86863397e-25 3.86283517e-25 3.85706833e-25 3.85133337e-25
 3.84563024e-25 3.83995885e-25 3.83431916e-25 3.82871109e-25
 3.82313458e-25 3.81758956e-25 3.81207599e-25 3.80659381e-25
 3.80114294e-25 3.79572335e-25 3.79033497e-25 3.78497776e-25
 3.77965166e-25 3.77435661e-25 3.76909258e-25 3.76385952e-25
 3.75865737e-25 3.75348610e-25 3.74834566e-25 3.74323602e-25
 3.73815712e-25 3.73310894e-25 3.72809144e-25 3.72310458e-25
 3.71814833e-25 3.71322265e-25 3.70832752e-25 3.70346292e-25
 3.69862880e-25 3.69382515e-25 3.68905195e-25 3.68430917e-25
 3.67959680e-25 3.67491481e-25 3.67026320e-25 3.66564195e-25
 3.66105105e-25 3.65649050e-25 3.65196028e-25 3.64746039e-25
 3.64299084e-25 3.63855163e-25 3.63414276e-25 3.62976425e-25
 3.62541610e-25 3.62109834e-25 3.61681099e-25 3.61255407e-25
 3.60832762e-25 3.60413169e-25 3.59996631e-25 3.59583154e-25
 3.59172746e-25 3.58765414e-25 3.58361168e-25 3.57960019e-25
 3.57561980e-25 3.57167068e-25 3.56775303e-25 3.56386708e-25
 3.56001313e-25 3.55619157e-25 3.55240286e-25 3.54864760e-25
 3.54492661e-25 3.54124093e-25 3.53759202e-25 3.53398189e-25
 3.53041340e-25 3.52689079e-25 3.52342055e-25 3.52001301e-25
 3.51668552e-25 3.51346914e-25 3.51042422e-25 3.50768138e-25
 3.50556972e-25 3.50513436e-25 3.51135806e-25 3.58958178e-25
 3.82290299e-25 3.50792139e-25 3.48963713e-25 3.48276547e-25
 3.47819878e-25 3.47440434e-25 3.47095202e-25 3.46768363e-25
 3.46453016e-25 3.46145769e-25 3.45844804e-25 3.45549078e-25
 3.45257962e-25 3.44971061e-25 3.44688118e-25 3.44408961e-25
 3.44133476e-25 3.43861582e-25 3.43593225e-25 3.43328368e-25
 3.43066986e-25 3.42809065e-25 3.42554595e-25 3.42303571e-25
 3.42055995e-25 3.41811869e-25 3.41571199e-25 3.41333991e-25
 3.41100257e-25 3.40870005e-25 3.40643247e-25 3.40419997e-25
 3.40200267e-25 3.39984073e-25 3.39771428e-25 3.39562349e-25
 3.39356852e-25 3.39154954e-25 3.38956672e-25 3.38762025e-25
 3.38571030e-25 3.38383707e-25 3.38200075e-25 3.38020153e-25
 3.37843963e-25 3.37671525e-25 3.37502860e-25 3.37337990e-25
 3.37176936e-25 3.37019722e-25 3.36866371e-25 3.36716905e-25
 3.36571350e-25 3.36429728e-25 3.36292066e-25 3.36158388e-25
 3.36028719e-25 3.35903087e-25 3.35781518e-25 3.35664038e-25
 3.35550676e-25 3.35441459e-25 3.35336416e-25 3.35235576e-25
 3.35138969e-25 3.35046624e-25 3.34958572e-25 3.34874845e-25
 3.34795472e-25 3.34720488e-25 3.34649923e-25 3.34583812e-25
 3.34522188e-25 3.34465085e-25 3.34412538e-25 3.34364582e-25
 3.34321253e-25 3.34282589e-25 3.34248625e-25 3.34219400e-25
 3.34194953e-25 3.34175324e-25 3.34160551e-25 3.34150678e-25
 3.34145745e-25 3.34145798e-25 3.34150880e-25 3.34161042e-25
 3.34176332e-25 3.34196808e-25 3.34222531e-25 3.34253576e-25
 3.34290038e-25 3.34332050e-25 3.34379825e-25 3.34433763e-25
 3.34494758e-25 3.34565384e-25 3.34656326e-25 3.34864539e-25
 3.47123342e-25 3.34963553e-25 3.34975701e-25 3.35056797e-25
 3.35154013e-25 3.35260202e-25 3.35373579e-25 3.35493556e-25
 3.35619919e-25 3.35752595e-25 3.35891572e-25 3.36036871e-25
 3.36188526e-25 3.36346582e-25 3.36511090e-25 3.36682103e-25
 3.36859679e-25 3.37043876e-25 3.37234757e-25 3.37432381e-25
 3.37636814e-25 3.37848119e-25 3.38066361e-25 3.38291608e-25
 3.38523925e-25 3.38763382e-25 3.39010048e-25 3.39263991e-25
 3.39525284e-25 3.39793998e-25 3.40070205e-25 3.40353979e-25
 3.40645395e-25 3.40944526e-25 3.41251450e-25 3.41566243e-25
 3.41888984e-25 3.42219750e-25 3.42558622e-25 3.42905681e-25
 3.43261007e-25 3.43624683e-25 3.43996794e-25 3.44377422e-25
 3.44766655e-25 3.45164577e-25 3.45571278e-25 3.45986847e-25
 3.46411374e-25 3.46844951e-25 3.47287675e-25 3.47739645e-25
 3.48200968e-25 3.48671764e-25 3.49152189e-25 3.49642493e-25
 3.50143285e-25 3.50657289e-25 3.51230518e-25 3.51774053e-25
 3.52244519e-25 3.52788983e-25 3.53347378e-25 3.53916963e-25
 3.54497324e-25 3.55088415e-25 3.55690286e-25 3.56303021e-25
 3.56926715e-25 3.57561474e-25 3.58207406e-25 3.58864620e-25
 3.59533230e-25 3.60213350e-25 3.60905095e-25 3.61608584e-25
 3.62323935e-25 3.63051267e-25 3.63790702e-25 3.64542362e-25
 3.65306371e-25 3.66082854e-25 3.66871936e-25 3.67673747e-25
 3.68488414e-25 3.69316068e-25 3.70156840e-25 3.71010863e-25
 3.71878272e-25 3.72759202e-25 3.73653790e-25 3.74562176e-25
 3.75484500e-25 3.76420906e-25 3.77371539e-25 3.78336552e-25
 3.79316109e-25 3.80310409e-25 3.81319801e-25 3.82345838e-25
 3.83602431e-25 3.84440737e-25 3.85506634e-25 3.86591266e-25
 3.87692014e-25 3.88808751e-25 3.89941571e-25 3.91090615e-25
 3.92256038e-25 3.93438055e-25 3.94636669e-25 3.95852212e-25
 3.97084799e-25 3.98334602e-25 3.99601797e-25 4.00886558e-25
 4.02189064e-25 4.03509495e-25 4.04848032e-25 4.06204861e-25
 4.07580166e-25 4.08974136e-25 4.10386961e-25 4.11818832e-25
 4.13269944e-25 4.14740494e-25 4.16230681e-25 4.17740707e-25
 4.19270780e-25 4.20821115e-25 4.22391961e-25 4.23983752e-25
 4.25602608e-25 4.27231679e-25 4.28883825e-25 4.30559752e-25
 4.32257601e-25 4.33977457e-25 4.35719521e-25 4.37484014e-25
 4.39271163e-25 4.41081202e-25 4.42914369e-25 4.44770902e-25
 4.46651044e-25 4.48555042e-25 4.50483144e-25 4.52435602e-25
 4.54412671e-25 4.56414609e-25 4.58441677e-25 4.60494139e-25
 4.62572264e-25 4.64676323e-25 4.66806591e-25 4.68963350e-25
 4.71146889e-25 4.73357533e-25 4.75596018e-25 4.77867262e-25
 4.80154520e-25 4.82476038e-25 4.84826216e-25 4.87205254e-25
 4.89613449e-25 4.92051110e-25 4.94518556e-25 4.97016110e-25
 4.99544101e-25 5.02102859e-25 5.04692723e-25 5.07314034e-25
 5.09967137e-25 5.12652384e-25 5.15370130e-25 5.18120736e-25
 5.20904568e-25 5.23721998e-25 5.26573402e-25 5.29459174e-25
 5.32379777e-25 5.35446318e-25 5.38326535e-25 5.41353478e-25
 5.44416864e-25 5.47517017e-25 5.50654345e-25 5.53829272e-25
 5.57042230e-25 5.60293657e-25 5.63583997e-25 5.66913702e-25
 5.70283229e-25 5.73693043e-25 5.77143616e-25 5.80635425e-25
 5.84168956e-25 5.87744702e-25 5.91363167e-25 5.95024875e-25
 5.98730912e-25 6.02480077e-25 6.06274398e-25 6.10114170e-25
 6.13999825e-25 6.17931911e-25 6.21910988e-25 6.25937628e-25
 6.30012410e-25 6.34135924e-25 6.38308768e-25 6.42531549e-25
 6.46804883e-25 6.51129398e-25 6.55505729e-25 6.59934522e-25
 6.64416443e-25 6.68952405e-25 6.73542343e-25 6.78187560e-25
 6.82888686e-25 6.87646368e-25 6.92461321e-25 6.97334275e-25
 7.02265972e-25 7.07257164e-25 7.12308619e-25 7.17421112e-25
 7.22595436e-25 7.27832391e-25 7.33132795e-25 7.38497478e-25
 7.43927324e-25 7.49423139e-25 7.54985640e-25 7.60615961e-25
 7.66314904e-25 7.72083378e-25 7.77922306e-25 7.83832628e-25
 7.89815300e-25 7.95871292e-25 8.02001591e-25 8.08207200e-25
 8.14489135e-25 8.20848437e-25 8.27286232e-25 8.33803357e-25
 8.40401095e-25 8.47080525e-25 8.53842750e-25 8.60688908e-25
 8.67620157e-25 8.74637675e-25 8.81742659e-25 8.88936324e-25
 8.96219906e-25 9.03594663e-25 9.11061875e-25 9.18624060e-25
 9.26278846e-25 9.34031271e-25 9.41881470e-25 9.49830825e-25
 9.57880746e-25 9.66032662e-25 9.74288030e-25 9.82648328e-25
 9.91115061e-25 9.99689758e-25 1.00837399e-24 1.01716929e-24
 1.02607729e-24 1.03509964e-24 1.04423799e-24 1.05349402e-24
 1.06286946e-24 1.07236604e-24 1.08198554e-24 1.09172977e-24
 1.10160056e-24 1.11159984e-24 1.12172931e-24 1.13199109e-24
 1.14238708e-24 1.15291928e-24 1.16358972e-24 1.17440045e-24
 1.18535358e-24 1.19645124e-24 1.20769559e-24 1.21908893e-24
 1.23063326e-24 1.24233109e-24 1.25418468e-24 1.26619638e-24
 1.27836859e-24 1.29070376e-24 1.30320438e-24 1.31587296e-24
 1.32871210e-24 1.34172438e-24 1.35491247e-24 1.36827909e-24
 1.38182699e-24 1.39555897e-24 1.40947787e-24 1.42358660e-24
 1.43788811e-24 1.45238540e-24 1.46708149e-24 1.48197953e-24
 1.49708267e-24 1.51239410e-24 1.52791712e-24 1.54365504e-24
 1.55961125e-24 1.57578920e-24 1.59219238e-24 1.60882436e-24
 1.62568876e-24 1.64278929e-24 1.66012968e-24 1.67771375e-24
 1.69554539e-24 1.71362856e-24 1.73196724e-24 1.75056555e-24
 1.76942763e-24 1.78855770e-24 1.80796007e-24 1.82763908e-24
 1.84759919e-24 1.86784490e-24 1.88838079e-24 1.90921153e-24
 1.93034183e-24 1.95177650e-24 1.97352042e-24 1.99557853e-24
 2.01795586e-24 2.04065749e-24 2.06368860e-24 2.08705441e-24
 2.11076023e-24 2.13481141e-24 2.15921339e-24 2.18397166e-24
 2.20909176e-24 2.23457928e-24 2.26043987e-24 2.28667922e-24
 2.31330303e-24 2.34031707e-24 2.36772708e-24 2.39553884e-24
 2.42375811e-24 2.45239065e-24 2.48144216e-24 2.51091842e-24
 2.54082468e-24 2.57116678e-24 2.60194998e-24 2.63317952e-24
 2.66486044e-24 2.69699757e-24 2.72959546e-24 2.76265838e-24
 2.79619021e-24 2.83019442e-24 2.86467396e-24 2.89963122e-24
 2.93506792e-24 2.97098498e-24 3.00738248e-24 3.04425945e-24]), minimum_frequency=5.0, maximum_frequency=2048.0, length=20.0, latitude=29.0, longitude=-94.0, elevation=0.0, xarm_azimuth=200.0, yarm_azimuth=290.0, xarm_tilt=0.0, yarm_tilt=0.0).
14077it [00:00, ?it/s]14077it [00:26, ?it/s, bound:3057 nc:1242 ncall:1.2e+07 eff:0.1% logz-ratio=1952051.10+/-0.26 dlogz:1827.518>0.01]14081it [01:01,  8.68s/it, bound:3058 nc:2501 ncall:1.2e+07 eff:0.1% logz-ratio=1952055.78+/-0.25 dlogz:1822.917>0.01]14085it [01:29,  7.73s/it, bound:3059 nc:1877 ncall:1.2e+07 eff:0.1% logz-ratio=1952059.32+/-0.25 dlogz:1818.918>0.01]14089it [02:01,  7.83s/it, bound:3060 nc:2191 ncall:1.2e+07 eff:0.1% logz-ratio=1952061.21+/-0.15 dlogz:1816.884>0.01]14093it [02:33,  7.89s/it, bound:3061 nc:1633 ncall:1.2e+07 eff:0.1% logz-ratio=1952067.09+/-0.26 dlogz:1813.095>0.01]14097it [03:08,  8.16s/it, bound:3062 nc:2459 ncall:1.2e+07 eff:0.1% logz-ratio=1952070.39+/-0.21 dlogz:1807.790>0.01]14101it [03:36,  7.80s/it, bound:3063 nc:1645 ncall:1.2e+07 eff:0.1% logz-ratio=1952072.43+/-0.19 dlogz:1805.969>0.01]14105it [04:12,  8.17s/it, bound:3064 nc:2568 ncall:1.3e+07 eff:0.1% logz-ratio=1952078.38+/-0.24 dlogz:1800.211>0.01]14109it [04:42,  7.96s/it, bound:3065 nc:1455 ncall:1.3e+07 eff:0.1% logz-ratio=1952081.06+/-0.23 dlogz:1797.020>0.01]14113it [05:11,  7.79s/it, bound:3066 nc:2097 ncall:1.3e+07 eff:0.1% logz-ratio=1952085.20+/-0.20 dlogz:1793.339>0.01]14116it [05:20,  6.54s/it, bound:3067 nc:1621 ncall:1.3e+07 eff:0.1% logz-ratio=1952087.33+/-0.21 dlogz:1791.340>0.01]14117it [05:52,  9.30s/it, bound:3067 nc:2316 ncall:1.3e+07 eff:0.1% logz-ratio=1952088.20+/-0.24 dlogz:1790.289>0.01]14121it [06:24,  8.77s/it, bound:3068 nc:1312 ncall:1.3e+07 eff:0.1% logz-ratio=1952091.34+/-0.24 dlogz:1786.769>0.01]14125it [06:47,  7.73s/it, bound:3069 nc:1611 ncall:1.3e+07 eff:0.1% logz-ratio=1952093.00+/-0.13 dlogz:1784.917>0.01]14129it [07:20,  7.91s/it, bound:3070 nc:1962 ncall:1.3e+07 eff:0.1% logz-ratio=1952096.68+/-0.22 dlogz:1782.198>0.01]14133it [07:51,  7.85s/it, bound:3071 nc:1479 ncall:1.3e+07 eff:0.1% logz-ratio=1952100.35+/-0.24 dlogz:1778.358>0.01]14137it [08:24,  8.00s/it, bound:3072 nc:1934 ncall:1.3e+07 eff:0.1% logz-ratio=1952103.92+/-0.25 dlogz:1775.595>0.01]14141it [08:51,  7.61s/it, bound:3073 nc:1395 ncall:1.3e+07 eff:0.1% logz-ratio=1952109.02+/-0.23 dlogz:1770.204>0.01]14145it [09:22,  7.64s/it, bound:3074 nc:2117 ncall:1.3e+07 eff:0.1% logz-ratio=1952115.20+/-0.25 dlogz:1763.844>0.01]14149it [09:55,  7.78s/it, bound:3075 nc:764 ncall:1.3e+07 eff:0.1% logz-ratio=1952117.35+/-0.22 dlogz:1760.552>0.01] 14153it [10:23,  7.57s/it, bound:3076 nc:1391 ncall:1.3e+07 eff:0.1% logz-ratio=1952118.58+/-0.13 dlogz:1759.272>0.01]14157it [10:55,  7.70s/it, bound:3077 nc:1359 ncall:1.3e+07 eff:0.1% logz-ratio=1952120.99+/-0.20 dlogz:1757.032>0.01]14161it [11:27,  7.80s/it, bound:3078 nc:2235 ncall:1.3e+07 eff:0.1% logz-ratio=1952125.19+/-0.24 dlogz:1752.788>0.01]14165it [11:57,  7.74s/it, bound:3079 nc:1989 ncall:1.3e+07 eff:0.1% logz-ratio=1952129.47+/-0.25 dlogz:1750.347>0.01]14169it [12:24,  7.41s/it, bound:3080 nc:1860 ncall:1.3e+07 eff:0.1% logz-ratio=1952134.85+/-0.26 dlogz:1744.869>0.01]14173it [12:54,  7.44s/it, bound:3081 nc:1296 ncall:1.3e+07 eff:0.1% logz-ratio=1952137.45+/-0.22 dlogz:1740.399>0.01]14177it [13:22,  7.31s/it, bound:3082 nc:1991 ncall:1.3e+07 eff:0.1% logz-ratio=1952139.21+/-0.23 dlogz:1739.085>0.01]14181it [13:51,  7.29s/it, bound:3083 nc:1979 ncall:1.3e+07 eff:0.1% logz-ratio=1952142.75+/-0.22 dlogz:1736.071>0.01]14185it [14:21,  7.33s/it, bound:3084 nc:1531 ncall:1.3e+07 eff:0.1% logz-ratio=1952149.97+/-0.26 dlogz:1729.709>0.01]14189it [14:49,  7.26s/it, bound:3085 nc:1661 ncall:1.3e+07 eff:0.1% logz-ratio=1952152.78+/-0.24 dlogz:1725.346>0.01]14193it [15:18,  7.22s/it, bound:3086 nc:1132 ncall:1.3e+07 eff:0.1% logz-ratio=1952154.59+/-0.16 dlogz:1723.387>0.01]14196it [15:26,  6.14s/it, bound:3087 nc:1678 ncall:1.3e+07 eff:0.1% logz-ratio=1952156.21+/-0.16 dlogz:1721.718>0.01]14197it [15:59,  8.87s/it, bound:3087 nc:1970 ncall:1.3e+07 eff:0.1% logz-ratio=1952156.60+/-0.19 dlogz:1721.252>0.01]14201it [16:27,  8.21s/it, bound:3088 nc:1258 ncall:1.3e+07 eff:0.1% logz-ratio=1952160.27+/-0.26 dlogz:1718.267>0.01]14205it [16:56,  7.88s/it, bound:3089 nc:1513 ncall:1.3e+07 eff:0.1% logz-ratio=1952163.94+/-0.16 dlogz:1713.995>0.01]14209it [17:30,  8.08s/it, bound:3090 nc:1699 ncall:1.3e+07 eff:0.1% logz-ratio=1952169.10+/-0.26 dlogz:1709.963>0.01]14213it [17:59,  7.81s/it, bound:3091 nc:2060 ncall:1.3e+07 eff:0.1% logz-ratio=1952172.98+/-0.25 dlogz:1705.442>0.01]14217it [18:30,  7.79s/it, bound:3092 nc:2238 ncall:1.3e+07 eff:0.1% logz-ratio=1952177.49+/-0.20 dlogz:1700.894>0.01]14221it [19:01,  7.79s/it, bound:3093 nc:1568 ncall:1.3e+07 eff:0.1% logz-ratio=1952181.32+/-0.21 dlogz:1696.596>0.01]14225it [19:33,  7.85s/it, bound:3094 nc:2289 ncall:1.3e+07 eff:0.1% logz-ratio=1952183.21+/-0.19 dlogz:1694.666>0.01]14229it [20:03,  7.76s/it, bound:3095 nc:2155 ncall:1.3e+07 eff:0.1% logz-ratio=1952185.17+/-0.23 dlogz:1692.662>0.01]14233it [20:32,  7.57s/it, bound:3096 nc:2043 ncall:1.3e+07 eff:0.1% logz-ratio=1952188.24+/-0.17 dlogz:1689.710>0.01]14237it [20:58,  7.28s/it, bound:3097 nc:1774 ncall:1.3e+07 eff:0.1% logz-ratio=1952192.87+/-0.25 dlogz:1685.989>0.01]14241it [21:28,  7.35s/it, bound:3098 nc:2165 ncall:1.3e+07 eff:0.1% logz-ratio=1952195.82+/-0.24 dlogz:1682.419>0.01]14245it [21:59,  7.43s/it, bound:3099 nc:1902 ncall:1.3e+07 eff:0.1% logz-ratio=1952198.72+/-0.17 dlogz:1679.206>0.01]14249it [22:29,  7.44s/it, bound:3100 nc:2013 ncall:1.3e+07 eff:0.1% logz-ratio=1952207.97+/-0.26 dlogz:1672.152>0.01]14253it [22:56,  7.30s/it, bound:3101 nc:1863 ncall:1.3e+07 eff:0.1% logz-ratio=1952211.29+/-0.24 dlogz:1666.685>0.01]14257it [23:28,  7.49s/it, bound:3102 nc:1855 ncall:1.3e+07 eff:0.1% logz-ratio=1952213.39+/-0.17 dlogz:1664.536>0.01]14261it [23:56,  7.30s/it, bound:3103 nc:1869 ncall:1.3e+07 eff:0.1% logz-ratio=1952216.57+/-0.24 dlogz:1661.579>0.01]14265it [24:22,  7.09s/it, bound:3104 nc:1514 ncall:1.3e+07 eff:0.1% logz-ratio=1952219.50+/-0.24 dlogz:1658.234>0.01]14269it [24:50,  7.09s/it, bound:3105 nc:1737 ncall:1.3e+07 eff:0.1% logz-ratio=1952222.38+/-0.22 dlogz:1656.252>0.01]14273it [25:18,  7.07s/it, bound:3106 nc:1819 ncall:1.3e+07 eff:0.1% logz-ratio=1952227.77+/-0.25 dlogz:1650.368>0.01]14277it [25:48,  7.14s/it, bound:3107 nc:1896 ncall:1.3e+07 eff:0.1% logz-ratio=1952229.76+/-0.22 dlogz:1647.944>0.01]14278it [25:58,  7.50s/it, bound:3107 nc:2032 ncall:1.3e+07 eff:0.1% logz-ratio=1952230.29+/-0.17 dlogz:1647.540>0.01]14281it [26:27,  8.11s/it, bound:3108 nc:1462 ncall:1.3e+07 eff:0.1% logz-ratio=1952232.31+/-0.17 dlogz:1645.581>0.01]14285it [26:55,  7.70s/it, bound:3109 nc:1590 ncall:1.3e+07 eff:0.1% logz-ratio=1952235.22+/-0.23 dlogz:1642.943>0.01]14289it [27:22,  7.35s/it, bound:3110 nc:1902 ncall:1.3e+07 eff:0.1% logz-ratio=1952237.49+/-0.21 dlogz:1640.375>0.01]14293it [27:54,  7.56s/it, bound:3111 nc:1622 ncall:1.3e+07 eff:0.1% logz-ratio=1952244.62+/-0.26 dlogz:1633.778>0.01]14297it [28:23,  7.47s/it, bound:3112 nc:1516 ncall:1.3e+07 eff:0.1% logz-ratio=1952249.62+/-0.25 dlogz:1629.667>0.01]14301it [28:52,  7.44s/it, bound:3113 nc:2133 ncall:1.3e+07 eff:0.1% logz-ratio=1952255.34+/-0.26 dlogz:1624.278>0.01]14305it [29:22,  7.39s/it, bound:3114 nc:1880 ncall:1.3e+07 eff:0.1% logz-ratio=1952259.63+/-0.25 dlogz:1618.647>0.01]14309it [29:57,  7.86s/it, bound:3115 nc:2574 ncall:1.3e+07 eff:0.1% logz-ratio=1952262.87+/-0.16 dlogz:1614.887>0.01]14313it [30:29,  7.89s/it, bound:3116 nc:2268 ncall:1.3e+07 eff:0.1% logz-ratio=1952266.29+/-0.25 dlogz:1611.432>0.01]14317it [31:05,  8.19s/it, bound:3117 nc:2353 ncall:1.3e+07 eff:0.1% logz-ratio=1952271.17+/-0.17 dlogz:1606.649>0.01]14321it [31:45,  8.75s/it, bound:3118 nc:2907 ncall:1.3e+07 eff:0.1% logz-ratio=1952275.15+/-0.26 dlogz:1603.866>0.01]14325it [32:20,  8.76s/it, bound:3119 nc:2078 ncall:1.3e+07 eff:0.1% logz-ratio=1952279.20+/-0.16 dlogz:1598.526>0.01]14329it [32:50,  8.40s/it, bound:3120 nc:1948 ncall:1.3e+07 eff:0.1% logz-ratio=1952281.08+/-0.20 dlogz:1596.494>0.01]14333it [33:24,  8.43s/it, bound:3121 nc:1903 ncall:1.3e+07 eff:0.1% logz-ratio=1952287.10+/-0.26 dlogz:1591.486>0.01]14337it [33:52,  8.01s/it, bound:3122 nc:1682 ncall:1.3e+07 eff:0.1% logz-ratio=1952290.68+/-0.23 dlogz:1587.961>0.01]14341it [34:29,  8.38s/it, bound:3123 nc:2618 ncall:1.3e+07 eff:0.1% logz-ratio=1952294.25+/-0.23 dlogz:1583.632>0.01]14345it [35:06,  8.63s/it, bound:3124 nc:1916 ncall:1.3e+07 eff:0.1% logz-ratio=1952298.31+/-0.25 dlogz:1579.836>0.01]14349it [35:39,  8.47s/it, bound:3125 nc:1980 ncall:1.3e+07 eff:0.1% logz-ratio=1952301.28+/-0.23 dlogz:1576.723>0.01]14353it [36:17,  8.84s/it, bound:3126 nc:2202 ncall:1.3e+07 eff:0.1% logz-ratio=1952306.97+/-0.26 dlogz:1573.021>0.01]14354it [36:28,  9.05s/it, bound:3126 nc:1749 ncall:1.3e+07 eff:0.1% logz-ratio=1952308.31+/-0.22 dlogz:1570.179>0.01]14357it [36:57,  9.18s/it, bound:3127 nc:1720 ncall:1.3e+07 eff:0.1% logz-ratio=1952312.55+/-0.22 dlogz:1565.917>0.01]14361it [37:31,  8.92s/it, bound:3128 nc:2420 ncall:1.3e+07 eff:0.1% logz-ratio=1952318.44+/-0.26 dlogz:1561.188>0.01]14365it [38:01,  8.46s/it, bound:3129 nc:2145 ncall:1.3e+07 eff:0.1% logz-ratio=1952323.99+/-0.26 dlogz:1554.095>0.01]14369it [38:30,  8.08s/it, bound:3130 nc:1981 ncall:1.3e+07 eff:0.1% logz-ratio=1952328.28+/-0.17 dlogz:1549.404>0.01]14373it [39:01,  7.98s/it, bound:3131 nc:1862 ncall:1.3e+07 eff:0.1% logz-ratio=1952332.51+/-0.25 dlogz:1545.942>0.01]14377it [39:27,  7.52s/it, bound:3132 nc:1664 ncall:1.3e+07 eff:0.1% logz-ratio=1952337.91+/-0.26 dlogz:1539.779>0.01]14381it [39:54,  7.24s/it, bound:3133 nc:1591 ncall:1.3e+07 eff:0.1% logz-ratio=1952340.09+/-0.21 dlogz:1538.109>0.01]14385it [40:23,  7.26s/it, bound:3134 nc:2084 ncall:1.3e+07 eff:0.1% logz-ratio=1952343.42+/-0.23 dlogz:1534.767>0.01]14389it [40:52,  7.24s/it, bound:3135 nc:2005 ncall:1.3e+07 eff:0.1% logz-ratio=1952347.29+/-0.25 dlogz:1530.999>0.01]14393it [41:18,  7.07s/it, bound:3136 nc:1701 ncall:1.3e+07 eff:0.1% logz-ratio=1952350.87+/-0.19 dlogz:1526.995>0.01]14397it [41:49,  7.24s/it, bound:3137 nc:1538 ncall:1.3e+07 eff:0.1% logz-ratio=1952358.51+/-0.25 dlogz:1519.562>0.01]14401it [42:20,  7.37s/it, bound:3138 nc:2092 ncall:1.3e+07 eff:0.1% logz-ratio=1952360.99+/-0.21 dlogz:1516.661>0.01]14405it [42:50,  7.45s/it, bound:3139 nc:1639 ncall:1.3e+07 eff:0.1% logz-ratio=1952367.44+/-0.26 dlogz:1512.039>0.01]14409it [43:22,  7.61s/it, bound:3140 nc:1797 ncall:1.3e+07 eff:0.1% logz-ratio=1952371.33+/-0.22 dlogz:1506.977>0.01]14413it [43:50,  7.44s/it, bound:3141 nc:1925 ncall:1.3e+07 eff:0.1% logz-ratio=1952377.49+/-0.23 dlogz:1500.162>0.01]14417it [44:16,  7.13s/it, bound:3142 nc:1802 ncall:1.3e+07 eff:0.1% logz-ratio=1952381.48+/-0.26 dlogz:1496.467>0.01]14421it [44:47,  7.36s/it, bound:3143 nc:1618 ncall:1.3e+07 eff:0.1% logz-ratio=1952385.50+/-0.18 dlogz:1492.178>0.01]14425it [45:14,  7.12s/it, bound:3144 nc:1640 ncall:1.3e+07 eff:0.1% logz-ratio=1952388.59+/-0.23 dlogz:1489.043>0.01]14429it [45:50,  7.73s/it, bound:3145 nc:2239 ncall:1.3e+07 eff:0.1% logz-ratio=1952390.88+/-0.22 dlogz:1486.813>0.01]14433it [46:19,  7.55s/it, bound:3146 nc:2020 ncall:1.3e+07 eff:0.1% logz-ratio=1952394.59+/-0.21 dlogz:1483.426>0.01]14437it [46:50,  7.63s/it, bound:3147 nc:1937 ncall:1.3e+07 eff:0.1% logz-ratio=1952398.42+/-0.22 dlogz:1479.065>0.01]14439it [47:01,  7.25s/it, bound:3147 nc:1979 ncall:1.3e+07 eff:0.1% logz-ratio=1952399.11+/-0.13 dlogz:1478.172>0.01]14441it [47:30,  8.73s/it, bound:3148 nc:2082 ncall:1.3e+07 eff:0.1% logz-ratio=1952399.82+/-0.21 dlogz:1477.510>0.01]14445it [47:58,  8.05s/it, bound:3149 nc:1934 ncall:1.3e+07 eff:0.1% logz-ratio=1952401.82+/-0.16 dlogz:1475.626>0.01]14449it [48:30,  8.05s/it, bound:3150 nc:2284 ncall:1.3e+07 eff:0.1% logz-ratio=1952404.27+/-0.22 dlogz:1473.361>0.01]14453it [48:59,  7.83s/it, bound:3151 nc:2034 ncall:1.3e+07 eff:0.1% logz-ratio=1952410.43+/-0.27 dlogz:1470.823>0.01]14457it [49:28,  7.62s/it, bound:3152 nc:1776 ncall:1.3e+07 eff:0.1% logz-ratio=1952416.18+/-0.20 dlogz:1461.630>0.01]14461it [50:01,  7.79s/it, bound:3153 nc:1728 ncall:1.3e+07 eff:0.1% logz-ratio=1952418.27+/-0.18 dlogz:1459.309>0.01]14465it [50:30,  7.68s/it, bound:3154 nc:2017 ncall:1.3e+07 eff:0.1% logz-ratio=1952420.63+/-0.23 dlogz:1457.270>0.01]14469it [51:01,  7.62s/it, bound:3155 nc:1728 ncall:1.3e+07 eff:0.1% logz-ratio=1952423.19+/-0.24 dlogz:1454.419>0.01]14473it [51:31,  7.64s/it, bound:3156 nc:2039 ncall:1.3e+07 eff:0.1% logz-ratio=1952425.95+/-0.19 dlogz:1451.726>0.01]14477it [52:00,  7.51s/it, bound:3157 nc:2071 ncall:1.3e+07 eff:0.1% logz-ratio=1952429.64+/-0.20 dlogz:1447.681>0.01]14481it [52:29,  7.39s/it, bound:3158 nc:1622 ncall:1.3e+07 eff:0.1% logz-ratio=1952430.75+/-0.19 dlogz:1446.461>0.01]14485it [53:02,  7.68s/it, bound:3159 nc:1379 ncall:1.3e+07 eff:0.1% logz-ratio=1952435.21+/-0.26 dlogz:1442.538>0.01]14489it [53:35,  7.83s/it, bound:3160 nc:2321 ncall:1.3e+07 eff:0.1% logz-ratio=1952441.49+/-0.21 dlogz:1436.493>0.01]14493it [54:04,  7.68s/it, bound:3161 nc:2015 ncall:1.3e+07 eff:0.1% logz-ratio=1952446.17+/-0.26 dlogz:1432.290>0.01]14497it [54:37,  7.82s/it, bound:3162 nc:1698 ncall:1.3e+07 eff:0.1% logz-ratio=1952449.77+/-0.25 dlogz:1427.657>0.01]14501it [55:10,  7.95s/it, bound:3163 nc:2358 ncall:1.3e+07 eff:0.1% logz-ratio=1952451.91+/-0.15 dlogz:1425.385>0.01]14505it [55:42,  7.96s/it, bound:3164 nc:2299 ncall:1.3e+07 eff:0.1% logz-ratio=1952454.32+/-0.23 dlogz:1423.332>0.01]14509it [56:08,  7.53s/it, bound:3165 nc:1862 ncall:1.3e+07 eff:0.1% logz-ratio=1952459.11+/-0.26 dlogz:1418.347>0.01]14513it [56:39,  7.64s/it, bound:3166 nc:2166 ncall:1.3e+07 eff:0.1% logz-ratio=1952462.39+/-0.26 dlogz:1414.926>0.01]14517it [57:09,  7.59s/it, bound:3167 nc:2029 ncall:1.3e+07 eff:0.1% logz-ratio=1952465.23+/-0.23 dlogz:1412.901>0.01]14520it [57:17,  6.42s/it, bound:3168 nc:2127 ncall:1.3e+07 eff:0.1% logz-ratio=1952471.29+/-0.25 dlogz:1408.022>0.01]14521it [57:49,  9.08s/it, bound:3168 nc:2313 ncall:1.3e+07 eff:0.1% logz-ratio=1952473.00+/-0.26 dlogz:1405.523>0.01]14525it [58:23,  8.82s/it, bound:3169 nc:2121 ncall:1.3e+07 eff:0.1% logz-ratio=1952475.73+/-0.24 dlogz:1401.753>0.01]14529it [58:56,  8.64s/it, bound:3170 nc:2012 ncall:1.3e+07 eff:0.1% logz-ratio=1952478.95+/-0.20 dlogz:1398.683>0.01]14533it [59:26,  8.27s/it, bound:3171 nc:1433 ncall:1.3e+07 eff:0.1% logz-ratio=1952480.82+/-0.18 dlogz:1396.280>0.01]14537it [59:56,  8.00s/it, bound:3172 nc:1963 ncall:1.3e+07 eff:0.1% logz-ratio=1952482.32+/-0.21 dlogz:1394.848>0.01]14541it [1:00:29,  8.08s/it, bound:3173 nc:1546 ncall:1.3e+07 eff:0.1% logz-ratio=1952484.35+/-0.16 dlogz:1392.926>0.01]14545it [1:00:59,  7.88s/it, bound:3174 nc:1798 ncall:1.3e+07 eff:0.1% logz-ratio=1952485.81+/-0.18 dlogz:1391.247>0.01]14549it [1:01:27,  7.65s/it, bound:3175 nc:2056 ncall:1.3e+07 eff:0.1% logz-ratio=1952491.23+/-0.26 dlogz:1386.458>0.01]14553it [1:02:02,  7.97s/it, bound:3176 nc:1948 ncall:1.3e+07 eff:0.1% logz-ratio=1952493.24+/-0.24 dlogz:1384.006>0.01]14557it [1:02:34,  8.00s/it, bound:3177 nc:2081 ncall:1.3e+07 eff:0.1% logz-ratio=1952494.65+/-0.13 dlogz:1382.410>0.01]14561it [1:03:06,  7.97s/it, bound:3178 nc:1689 ncall:1.3e+07 eff:0.1% logz-ratio=1952496.66+/-0.20 dlogz:1380.489>0.01]14565it [1:03:36,  7.84s/it, bound:3179 nc:1667 ncall:1.3e+07 eff:0.1% logz-ratio=1952499.45+/-0.24 dlogz:1377.808>0.01]14569it [1:04:08,  7.86s/it, bound:3180 nc:1771 ncall:1.3e+07 eff:0.1% logz-ratio=1952504.55+/-0.17 dlogz:1372.753>0.01]14573it [1:04:40,  7.93s/it, bound:3181 nc:1520 ncall:1.3e+07 eff:0.1% logz-ratio=1952508.19+/-0.25 dlogz:1369.518>0.01]14577it [1:05:07,  7.56s/it, bound:3182 nc:1923 ncall:1.3e+07 eff:0.1% logz-ratio=1952514.94+/-0.26 dlogz:1363.023>0.01]14581it [1:05:36,  7.45s/it, bound:3183 nc:1607 ncall:1.3e+07 eff:0.1% logz-ratio=1952519.50+/-0.26 dlogz:1357.935>0.01]14585it [1:06:05,  7.38s/it, bound:3184 nc:1790 ncall:1.3e+07 eff:0.1% logz-ratio=1952521.32+/-0.13 dlogz:1355.643>0.01]14589it [1:06:34,  7.38s/it, bound:3185 nc:1496 ncall:1.3e+07 eff:0.1% logz-ratio=1952522.53+/-0.16 dlogz:1354.392>0.01]14593it [1:07:07,  7.67s/it, bound:3186 nc:2255 ncall:1.3e+07 eff:0.1% logz-ratio=1952523.41+/-0.16 dlogz:1353.536>0.01]14597it [1:07:40,  7.83s/it, bound:3187 nc:2035 ncall:1.3e+07 eff:0.1% logz-ratio=1952525.95+/-0.24 dlogz:1351.413>0.01]14598it [1:07:51,  8.15s/it, bound:3187 nc:2342 ncall:1.3e+07 eff:0.1% logz-ratio=1952526.42+/-0.16 dlogz:1350.706>0.01]14601it [1:08:28,  9.35s/it, bound:3188 nc:1927 ncall:1.3e+07 eff:0.1% logz-ratio=1952528.11+/-0.18 dlogz:1349.187>0.01]14605it [1:09:02,  9.00s/it, bound:3189 nc:2227 ncall:1.3e+07 eff:0.1% logz-ratio=1952530.15+/-0.21 dlogz:1346.966>0.01]14609it [1:09:34,  8.68s/it, bound:3190 nc:2080 ncall:1.3e+07 eff:0.1% logz-ratio=1952532.55+/-0.19 dlogz:1344.896>0.01]14613it [1:10:11,  8.84s/it, bound:3191 nc:2106 ncall:1.3e+07 eff:0.1% logz-ratio=1952536.84+/-0.24 dlogz:1341.084>0.01]14617it [1:10:39,  8.26s/it, bound:3192 nc:1653 ncall:1.3e+07 eff:0.1% logz-ratio=1952539.34+/-0.17 dlogz:1337.854>0.01]14621it [1:11:10,  8.16s/it, bound:3193 nc:2078 ncall:1.3e+07 eff:0.1% logz-ratio=1952542.02+/-0.20 dlogz:1335.017>0.01]14625it [1:11:46,  8.41s/it, bound:3194 nc:2165 ncall:1.3e+07 eff:0.1% logz-ratio=1952544.92+/-0.25 dlogz:1332.338>0.01]14629it [1:12:15,  8.02s/it, bound:3195 nc:1791 ncall:1.3e+07 eff:0.1% logz-ratio=1952548.44+/-0.25 dlogz:1329.675>0.01]14633it [1:12:46,  7.95s/it, bound:3196 nc:1980 ncall:1.4e+07 eff:0.1% logz-ratio=1952553.25+/-0.26 dlogz:1325.051>0.01]14637it [1:13:20,  8.11s/it, bound:3197 nc:2431 ncall:1.4e+07 eff:0.1% logz-ratio=1952562.06+/-0.22 dlogz:1315.643>0.01]14641it [1:13:53,  8.15s/it, bound:3198 nc:2231 ncall:1.4e+07 eff:0.1% logz-ratio=1952565.73+/-0.26 dlogz:1312.044>0.01]14645it [1:14:27,  8.25s/it, bound:3199 nc:2311 ncall:1.4e+07 eff:0.1% logz-ratio=1952569.26+/-0.18 dlogz:1307.986>0.01]14649it [1:14:55,  7.93s/it, bound:3200 nc:1936 ncall:1.4e+07 eff:0.1% logz-ratio=1952572.39+/-0.24 dlogz:1304.973>0.01]14653it [1:15:26,  7.84s/it, bound:3201 nc:2143 ncall:1.4e+07 eff:0.1% logz-ratio=1952576.79+/-0.25 dlogz:1300.426>0.01]14657it [1:15:55,  7.69s/it, bound:3202 nc:1809 ncall:1.4e+07 eff:0.1% logz-ratio=1952582.49+/-0.20 dlogz:1294.973>0.01]14661it [1:16:26,  7.69s/it, bound:3203 nc:2197 ncall:1.4e+07 eff:0.1% logz-ratio=1952584.95+/-0.19 dlogz:1291.978>0.01]14665it [1:16:57,  7.73s/it, bound:3204 nc:1731 ncall:1.4e+07 eff:0.1% logz-ratio=1952587.71+/-0.25 dlogz:1289.353>0.01]14669it [1:17:25,  7.50s/it, bound:3205 nc:1862 ncall:1.4e+07 eff:0.1% logz-ratio=1952589.87+/-0.16 dlogz:1287.105>0.01]14673it [1:17:57,  7.60s/it, bound:3206 nc:1698 ncall:1.4e+07 eff:0.1% logz-ratio=1952591.89+/-0.22 dlogz:1285.348>0.01]14675it [1:18:08,  7.22s/it, bound:3206 nc:2248 ncall:1.4e+07 eff:0.1% logz-ratio=1952593.72+/-0.20 dlogz:1283.687>0.01]14677it [1:18:39,  8.94s/it, bound:3207 nc:1947 ncall:1.4e+07 eff:0.1% logz-ratio=1952594.96+/-0.25 dlogz:1282.058>0.01]14680it [1:19:11,  9.47s/it, bound:3208 nc:2324 ncall:1.4e+07 eff:0.1% logz-ratio=1952596.31+/-0.14 dlogz:1280.536>0.01]14684it [1:19:44,  9.04s/it, bound:3209 nc:2124 ncall:1.4e+07 eff:0.1% logz-ratio=1952598.42+/-0.23 dlogz:1278.751>0.01]14688it [1:20:16,  8.69s/it, bound:3210 nc:1790 ncall:1.4e+07 eff:0.1% logz-ratio=1952605.82+/-0.26 dlogz:1271.324>0.01]14692it [1:20:48,  8.47s/it, bound:3211 nc:1934 ncall:1.4e+07 eff:0.1% logz-ratio=1952610.46+/-0.22 dlogz:1267.161>0.01]14696it [1:21:19,  8.23s/it, bound:3212 nc:1788 ncall:1.4e+07 eff:0.1% logz-ratio=1952614.51+/-0.24 dlogz:1262.707>0.01]14700it [1:21:52,  8.20s/it, bound:3213 nc:1550 ncall:1.4e+07 eff:0.1% logz-ratio=1952616.70+/-0.23 dlogz:1260.224>0.01]14704it [1:22:22,  8.03s/it, bound:3214 nc:1952 ncall:1.4e+07 eff:0.1% logz-ratio=1952618.43+/-0.19 dlogz:1258.746>0.01]14708it [1:22:54,  7.99s/it, bound:3215 nc:2267 ncall:1.4e+07 eff:0.1% logz-ratio=1952622.32+/-0.25 dlogz:1255.568>0.01]14712it [1:23:25,  7.91s/it, bound:3216 nc:2189 ncall:1.4e+07 eff:0.1% logz-ratio=1952624.71+/-0.23 dlogz:1252.192>0.01]14716it [1:23:51,  7.48s/it, bound:3217 nc:1838 ncall:1.4e+07 eff:0.1% logz-ratio=1952627.65+/-0.16 dlogz:1249.270>0.01]14720it [1:24:18,  7.29s/it, bound:3218 nc:1874 ncall:1.4e+07 eff:0.1% logz-ratio=1952631.11+/-0.20 dlogz:1245.709>0.01]14724it [1:24:49,  7.40s/it, bound:3219 nc:1681 ncall:1.4e+07 eff:0.1% logz-ratio=1952632.73+/-0.22 dlogz:1244.087>0.01]14728it [1:25:19,  7.44s/it, bound:3220 nc:2111 ncall:1.4e+07 eff:0.1% logz-ratio=1952635.39+/-0.21 dlogz:1242.022>0.01]14732it [1:25:50,  7.54s/it, bound:3221 nc:1799 ncall:1.4e+07 eff:0.1% logz-ratio=1952638.04+/-0.20 dlogz:1238.806>0.01]14736it [1:26:20,  7.53s/it, bound:3222 nc:1912 ncall:1.4e+07 eff:0.1% logz-ratio=1952639.92+/-0.23 dlogz:1236.987>0.01]14740it [1:26:53,  7.73s/it, bound:3223 nc:1975 ncall:1.4e+07 eff:0.1% logz-ratio=1952642.64+/-0.21 dlogz:1234.767>0.01]14744it [1:27:24,  7.77s/it, bound:3224 nc:1694 ncall:1.4e+07 eff:0.1% logz-ratio=1952648.21+/-0.26 dlogz:1230.197>0.01]14748it [1:27:58,  8.00s/it, bound:3225 nc:1795 ncall:1.4e+07 eff:0.1% logz-ratio=1952650.80+/-0.23 dlogz:1225.929>0.01]14752it [1:28:30,  8.00s/it, bound:3226 nc:1782 ncall:1.4e+07 eff:0.1% logz-ratio=1952654.48+/-0.25 dlogz:1231.833>0.01]14755it [1:28:39,  6.75s/it, bound:3227 nc:1473 ncall:1.4e+07 eff:0.1% logz-ratio=1952657.75+/-0.20 dlogz:1339.946>0.01]14756it [1:29:10,  9.27s/it, bound:3227 nc:1593 ncall:1.4e+07 eff:0.1% logz-ratio=1952658.77+/-0.24 dlogz:1339.070>0.01]14760it [1:29:35,  8.12s/it, bound:3228 nc:1363 ncall:1.4e+07 eff:0.1% logz-ratio=1952661.36+/-0.24 dlogz:1335.979>0.01]14764it [1:30:08,  8.16s/it, bound:3229 nc:2313 ncall:1.4e+07 eff:0.1% logz-ratio=1952662.91+/-0.14 dlogz:1334.254>0.01]14768it [1:30:38,  7.93s/it, bound:3230 nc:1874 ncall:1.4e+07 eff:0.1% logz-ratio=1952665.04+/-0.23 dlogz:1332.527>0.01]14772it [1:31:10,  8.00s/it, bound:3231 nc:2003 ncall:1.4e+07 eff:0.1% logz-ratio=1952667.48+/-0.24 dlogz:1329.792>0.01]14776it [1:31:47,  8.34s/it, bound:3232 nc:2165 ncall:1.4e+07 eff:0.1% logz-ratio=1952669.53+/-0.17 dlogz:1327.810>0.01]14780it [1:32:16,  8.02s/it, bound:3233 nc:1377 ncall:1.4e+07 eff:0.1% logz-ratio=1952671.41+/-0.22 dlogz:1325.926>0.01]14784it [1:32:44,  7.76s/it, bound:3234 nc:1636 ncall:1.4e+07 eff:0.1% logz-ratio=1952675.09+/-0.26 dlogz:1322.605>0.01]14788it [1:33:21,  8.19s/it, bound:3235 nc:2319 ncall:1.4e+07 eff:0.1% logz-ratio=1952680.42+/-0.26 dlogz:1317.039>0.01]14792it [1:33:55,  8.31s/it, bound:3236 nc:2002 ncall:1.4e+07 eff:0.1% logz-ratio=1952683.87+/-0.24 dlogz:1313.702>0.01]14796it [1:34:28,  8.25s/it, bound:3237 nc:2292 ncall:1.4e+07 eff:0.1% logz-ratio=1952686.15+/-0.23 dlogz:1310.911>0.01]14800it [1:35:03,  8.42s/it, bound:3238 nc:2431 ncall:1.4e+07 eff:0.1% logz-ratio=1952687.40+/-0.15 dlogz:1309.731>0.01]14804it [1:35:38,  8.49s/it, bound:3239 nc:2130 ncall:1.4e+07 eff:0.1% logz-ratio=1952690.47+/-0.24 dlogz:1307.421>0.01]14808it [1:36:13,  8.56s/it, bound:3240 nc:1515 ncall:1.4e+07 eff:0.1% logz-ratio=1952693.89+/-0.25 dlogz:1303.284>0.01]14812it [1:36:43,  8.29s/it, bound:3241 nc:1938 ncall:1.4e+07 eff:0.1% logz-ratio=1952695.19+/-0.13 dlogz:1301.792>0.01]14816it [1:37:14,  8.13s/it, bound:3242 nc:1915 ncall:1.4e+07 eff:0.1% logz-ratio=1952697.01+/-0.19 dlogz:1300.018>0.01]14820it [1:37:45,  8.01s/it, bound:3243 nc:1540 ncall:1.4e+07 eff:0.1% logz-ratio=1952699.56+/-0.25 dlogz:1298.001>0.01]14824it [1:38:18,  8.09s/it, bound:3244 nc:1937 ncall:1.4e+07 eff:0.1% logz-ratio=1952703.47+/-0.20 dlogz:1294.050>0.01]14828it [1:38:50,  8.05s/it, bound:3245 nc:2270 ncall:1.4e+07 eff:0.1% logz-ratio=1952709.16+/-0.26 dlogz:1288.598>0.01]14830it [1:39:01,  7.61s/it, bound:3245 nc:1591 ncall:1.4e+07 eff:0.1% logz-ratio=1952711.37+/-0.23 dlogz:1286.753>0.01]14832it [1:39:31,  9.11s/it, bound:3246 nc:1851 ncall:1.4e+07 eff:0.1% logz-ratio=1952712.92+/-0.26 dlogz:1284.370>0.01]14836it [1:40:05,  8.80s/it, bound:3247 nc:1522 ncall:1.4e+07 eff:0.1% logz-ratio=1952714.85+/-0.19 dlogz:1282.491>0.01]14840it [1:40:37,  8.59s/it, bound:3248 nc:2163 ncall:1.4e+07 eff:0.1% logz-ratio=1952716.66+/-0.19 dlogz:1280.308>0.01]14844it [1:41:08,  8.32s/it, bound:3249 nc:1625 ncall:1.4e+07 eff:0.1% logz-ratio=1952719.35+/-0.25 dlogz:1279.161>0.01]14848it [1:41:40,  8.19s/it, bound:3250 nc:1914 ncall:1.4e+07 eff:0.1% logz-ratio=1952723.60+/-0.18 dlogz:1273.634>0.01]14852it [1:42:19,  8.66s/it, bound:3251 nc:2135 ncall:1.4e+07 eff:0.1% logz-ratio=1952725.96+/-0.21 dlogz:1271.158>0.01]14856it [1:42:51,  8.46s/it, bound:3252 nc:1750 ncall:1.4e+07 eff:0.1% logz-ratio=1952728.37+/-0.24 dlogz:1268.767>0.01]14860it [1:43:23,  8.32s/it, bound:3253 nc:2198 ncall:1.4e+07 eff:0.1% logz-ratio=1952732.88+/-0.19 dlogz:1264.504>0.01]14864it [1:43:52,  7.97s/it, bound:3254 nc:1853 ncall:1.4e+07 eff:0.1% logz-ratio=1952734.42+/-0.18 dlogz:1262.469>0.01]14868it [1:44:21,  7.81s/it, bound:3255 nc:1870 ncall:1.4e+07 eff:0.1% logz-ratio=1952736.15+/-0.22 dlogz:1260.803>0.01]14872it [1:45:10,  9.12s/it, bound:3256 nc:1277 ncall:1.4e+07 eff:0.1% logz-ratio=1952737.57+/-0.14 dlogz:1259.356>0.01]14876it [1:45:50,  9.41s/it, bound:3257 nc:2050 ncall:1.4e+07 eff:0.1% logz-ratio=1952740.72+/-0.25 dlogz:1256.852>0.01]14880it [1:46:33,  9.82s/it, bound:3258 nc:2348 ncall:1.4e+07 eff:0.1% logz-ratio=1952744.93+/-0.23 dlogz:1253.010>0.01]14884it [1:47:06,  9.33s/it, bound:3259 nc:2284 ncall:1.4e+07 eff:0.1% logz-ratio=1952748.37+/-0.25 dlogz:1248.810>0.01]14888it [1:47:38,  8.95s/it, bound:3260 nc:2301 ncall:1.4e+07 eff:0.1% logz-ratio=1952750.01+/-0.16 dlogz:1247.003>0.01]14892it [1:48:13,  8.83s/it, bound:3261 nc:2259 ncall:1.4e+07 eff:0.1% logz-ratio=1952753.82+/-0.26 dlogz:1244.101>0.01]14896it [1:48:51,  9.05s/it, bound:3262 nc:2102 ncall:1.4e+07 eff:0.1% logz-ratio=1952758.66+/-0.26 dlogz:1238.619>0.01]14900it [1:49:23,  8.75s/it, bound:3263 nc:2271 ncall:1.4e+07 eff:0.1% logz-ratio=1952762.05+/-0.22 dlogz:1235.563>0.01]14903it [1:49:34,  7.53s/it, bound:3264 nc:2081 ncall:1.4e+07 eff:0.1% logz-ratio=1952764.87+/-0.19 dlogz:1232.402>0.01]14904it [1:50:06, 10.06s/it, bound:3264 nc:1773 ncall:1.4e+07 eff:0.1% logz-ratio=1952765.41+/-0.22 dlogz:1231.652>0.01]14908it [1:50:36,  9.11s/it, bound:3265 nc:1990 ncall:1.4e+07 eff:0.1% logz-ratio=1952768.32+/-0.25 dlogz:1228.894>0.01]14912it [1:51:03,  8.32s/it, bound:3266 nc:1931 ncall:1.4e+07 eff:0.1% logz-ratio=1952771.42+/-0.14 dlogz:1225.437>0.01]14916it [1:51:35,  8.15s/it, bound:3267 nc:2206 ncall:1.4e+07 eff:0.1% logz-ratio=1952773.35+/-0.20 dlogz:1223.689>0.01]14920it [1:52:07,  8.13s/it, bound:3268 nc:2037 ncall:1.4e+07 eff:0.1% logz-ratio=1952774.98+/-0.21 dlogz:1221.820>0.01]14924it [1:52:41,  8.28s/it, bound:3269 nc:2272 ncall:1.4e+07 eff:0.1% logz-ratio=1952776.84+/-0.16 dlogz:1220.082>0.01]14928it [1:53:11,  8.01s/it, bound:3270 nc:2010 ncall:1.4e+07 eff:0.1% logz-ratio=1952780.26+/-0.24 dlogz:1217.435>0.01]14932it [1:53:41,  7.81s/it, bound:3271 nc:1256 ncall:1.4e+07 eff:0.1% logz-ratio=1952785.07+/-0.27 dlogz:1213.513>0.01]14936it [1:54:16,  8.17s/it, bound:3272 nc:2551 ncall:1.4e+07 eff:0.1% logz-ratio=1952789.31+/-0.22 dlogz:1208.392>0.01]14940it [1:54:52,  8.40s/it, bound:3273 nc:1946 ncall:1.4e+07 eff:0.1% logz-ratio=1952792.54+/-0.24 dlogz:1204.798>0.01]14944it [1:55:22,  8.10s/it, bound:3274 nc:1855 ncall:1.4e+07 eff:0.1% logz-ratio=1952794.72+/-0.23 dlogz:1202.268>0.01]14948it [1:55:52,  7.95s/it, bound:3275 nc:2095 ncall:1.4e+07 eff:0.1% logz-ratio=1952798.87+/-0.26 dlogz:1199.901>0.01]14952it [1:56:23,  7.84s/it, bound:3276 nc:2173 ncall:1.4e+07 eff:0.1% logz-ratio=1952803.40+/-0.24 dlogz:1193.930>0.01]14956it [1:56:53,  7.77s/it, bound:3277 nc:1931 ncall:1.4e+07 eff:0.1% logz-ratio=1952808.35+/-0.26 dlogz:1189.260>0.01]14960it [1:57:27,  7.97s/it, bound:3278 nc:2204 ncall:1.4e+07 eff:0.1% logz-ratio=1952811.45+/-0.17 dlogz:1185.520>0.01]14964it [1:57:58,  7.89s/it, bound:3279 nc:2197 ncall:1.4e+07 eff:0.1% logz-ratio=1952813.57+/-0.22 dlogz:1183.496>0.01]14968it [1:58:29,  7.90s/it, bound:3280 nc:2212 ncall:1.4e+07 eff:0.1% logz-ratio=1952815.27+/-0.21 dlogz:1181.484>0.01]14972it [1:59:03,  8.06s/it, bound:3281 nc:1455 ncall:1.4e+07 eff:0.1% logz-ratio=1952816.78+/-0.15 dlogz:1180.022>0.01]14976it [1:59:36,  8.10s/it, bound:3282 nc:2071 ncall:1.4e+07 eff:0.1% logz-ratio=1952818.47+/-0.19 dlogz:1178.304>0.01]14978it [1:59:44,  7.44s/it, bound:3282 nc:2062 ncall:1.4e+07 eff:0.1% logz-ratio=1952820.30+/-0.20 dlogz:1176.950>0.01]14979it [2:00:18, 10.39s/it, bound:3283 nc:4675 ncall:1.4e+07 eff:0.1% logz-ratio=1952821.27+/-0.24 dlogz:1176.072>0.01]14983it [2:00:48,  9.28s/it, bound:3284 nc:1508 ncall:1.4e+07 eff:0.1% logz-ratio=1952825.05+/-0.18 dlogz:1171.965>0.01]14987it [2:01:19,  8.68s/it, bound:3285 nc:1677 ncall:1.4e+07 eff:0.1% logz-ratio=1952827.62+/-0.22 dlogz:1169.197>0.01]14991it [2:01:51,  8.46s/it, bound:3286 nc:1638 ncall:1.4e+07 eff:0.1% logz-ratio=1952829.97+/-0.24 dlogz:1166.813>0.01]14995it [2:02:26,  8.56s/it, bound:3287 nc:1835 ncall:1.4e+07 eff:0.1% logz-ratio=1952832.30+/-0.23 dlogz:1165.381>0.01]14999it [2:02:58,  8.35s/it, bound:3288 nc:1345 ncall:1.4e+07 eff:0.1% logz-ratio=1952834.97+/-0.21 dlogz:1161.937>0.01]15003it [2:03:31,  8.36s/it, bound:3289 nc:2114 ncall:1.4e+07 eff:0.1% logz-ratio=1952836.37+/-0.20 dlogz:1160.176>0.01]15007it [2:04:01,  8.07s/it, bound:3290 nc:1763 ncall:1.4e+07 eff:0.1% logz-ratio=1952838.81+/-0.17 dlogz:1158.018>0.01]15011it [2:04:32,  7.99s/it, bound:3291 nc:1325 ncall:1.4e+07 eff:0.1% logz-ratio=1952843.57+/-0.27 dlogz:1154.342>0.01]15015it [2:05:10,  8.48s/it, bound:3292 nc:2735 ncall:1.4e+07 eff:0.1% logz-ratio=1952848.61+/-0.26 dlogz:1148.622>0.01]15019it [2:05:46,  8.61s/it, bound:3293 nc:2376 ncall:1.4e+07 eff:0.1% logz-ratio=1952855.62+/-0.23 dlogz:1141.973>0.01]15023it [2:06:19,  8.47s/it, bound:3294 nc:2246 ncall:1.4e+07 eff:0.1% logz-ratio=1952859.04+/-0.16 dlogz:1137.702>0.01]15027it [2:06:53,  8.51s/it, bound:3295 nc:1616 ncall:1.4e+07 eff:0.1% logz-ratio=1952860.55+/-0.20 dlogz:1136.190>0.01]15031it [2:07:27,  8.54s/it, bound:3296 nc:2288 ncall:1.4e+07 eff:0.1% logz-ratio=1952861.91+/-0.21 dlogz:1134.637>0.01]15035it [2:07:58,  8.28s/it, bound:3297 nc:2136 ncall:1.4e+07 eff:0.1% logz-ratio=1952864.50+/-0.25 dlogz:1132.676>0.01]15038it [2:08:31,  8.90s/it, bound:3298 nc:2288 ncall:1.4e+07 eff:0.1% logz-ratio=1952866.81+/-0.24 dlogz:1130.253>0.01]15042it [2:09:04,  8.73s/it, bound:3299 nc:2046 ncall:1.4e+07 eff:0.1% logz-ratio=1952869.62+/-0.17 dlogz:1127.155>0.01]15046it [2:09:32,  8.17s/it, bound:3300 nc:1772 ncall:1.4e+07 eff:0.1% logz-ratio=1952871.22+/-0.19 dlogz:1125.423>0.01]15050it [2:10:06,  8.27s/it, bound:3301 nc:2238 ncall:1.4e+07 eff:0.1% logz-ratio=1952873.10+/-0.23 dlogz:1123.682>0.01]15051it [2:10:11,  7.93s/it, bound:3301 nc:2351 ncall:1.4e+07 eff:0.1% logz-ratio=1952873.66+/-0.17 dlogz:1123.125>0.01]15054it [2:10:43,  8.81s/it, bound:3302 nc:2223 ncall:1.4e+07 eff:0.1% logz-ratio=1952876.11+/-0.20 dlogz:1121.007>0.01]15058it [2:11:14,  8.36s/it, bound:3303 nc:2053 ncall:1.4e+07 eff:0.1% logz-ratio=1952878.28+/-0.21 dlogz:1118.436>0.01]15062it [2:11:44,  8.12s/it, bound:3304 nc:2072 ncall:1.4e+07 eff:0.1% logz-ratio=1952879.77+/-0.21 dlogz:1116.740>0.01]15066it [2:12:13,  7.83s/it, bound:3305 nc:1771 ncall:1.4e+07 eff:0.1% logz-ratio=1952886.32+/-0.21 dlogz:1110.929>0.01]15070it [2:12:43,  7.75s/it, bound:3306 nc:1744 ncall:1.4e+07 eff:0.1% logz-ratio=1952888.37+/-0.21 dlogz:1108.308>0.01]15074it [2:13:16,  7.88s/it, bound:3307 nc:2031 ncall:1.4e+07 eff:0.1% logz-ratio=1952890.81+/-0.25 dlogz:1106.069>0.01]15078it [2:13:47,  7.80s/it, bound:3308 nc:1848 ncall:1.4e+07 eff:0.1% logz-ratio=1952892.76+/-0.15 dlogz:1103.812>0.01]15082it [2:14:17,  7.75s/it, bound:3309 nc:2076 ncall:1.4e+07 eff:0.1% logz-ratio=1952894.02+/-0.17 dlogz:1102.422>0.01]15086it [2:14:49,  7.83s/it, bound:3310 nc:2081 ncall:1.4e+07 eff:0.1% logz-ratio=1952895.44+/-0.22 dlogz:1101.138>0.01]15090it [2:15:17,  7.58s/it, bound:3311 nc:1806 ncall:1.4e+07 eff:0.1% logz-ratio=1952898.85+/-0.17 dlogz:1097.824>0.01]15094it [2:15:47,  7.54s/it, bound:3312 nc:1388 ncall:1.4e+07 eff:0.1% logz-ratio=1952901.83+/-0.25 dlogz:1095.708>0.01]15098it [2:16:14,  7.33s/it, bound:3313 nc:1441 ncall:1.4e+07 eff:0.1% logz-ratio=1952905.08+/-0.25 dlogz:1091.461>0.01]15102it [2:16:45,  7.40s/it, bound:3314 nc:2038 ncall:1.4e+07 eff:0.1% logz-ratio=1952908.74+/-0.18 dlogz:1088.017>0.01]15106it [2:17:12,  7.22s/it, bound:3315 nc:1252 ncall:1.4e+07 eff:0.1% logz-ratio=1952910.32+/-0.18 dlogz:1086.102>0.01]15110it [2:17:37,  6.95s/it, bound:3316 nc:1739 ncall:1.4e+07 eff:0.1% logz-ratio=1952911.31+/-0.19 dlogz:1085.001>0.01]15114it [2:18:02,  6.75s/it, bound:3317 nc:1678 ncall:1.4e+07 eff:0.1% logz-ratio=1952912.70+/-0.17 dlogz:1083.978>0.01]15118it [2:18:32,  6.95s/it, bound:3318 nc:1494 ncall:1.4e+07 eff:0.1% logz-ratio=1952914.60+/-0.19 dlogz:1081.823>0.01]15122it [2:18:59,  6.90s/it, bound:3319 nc:1567 ncall:1.4e+07 eff:0.1% logz-ratio=1952915.79+/-0.20 dlogz:1080.601>0.01]15126it [2:19:24,  6.73s/it, bound:3320 nc:1822 ncall:1.4e+07 eff:0.1% logz-ratio=1952918.37+/-0.19 dlogz:1078.454>0.01]15130it [2:19:53,  6.87s/it, bound:3321 nc:2048 ncall:1.4e+07 eff:0.1% logz-ratio=1952921.87+/-0.25 dlogz:1075.326>0.01]15134it [2:20:22,  6.96s/it, bound:3322 nc:1698 ncall:1.4e+07 eff:0.1% logz-ratio=1952924.04+/-0.20 dlogz:1072.416>0.01]15136it [2:20:31,  6.51s/it, bound:3322 nc:1996 ncall:1.4e+07 eff:0.1% logz-ratio=1952925.75+/-0.20 dlogz:1071.175>0.01]15138it [2:20:58,  7.94s/it, bound:3323 nc:1848 ncall:1.5e+07 eff:0.1% logz-ratio=1952928.67+/-0.26 dlogz:1068.364>0.01]15142it [2:21:23,  7.36s/it, bound:3324 nc:1719 ncall:1.5e+07 eff:0.1% logz-ratio=1952930.67+/-0.18 dlogz:1065.994>0.01]15146it [2:21:51,  7.19s/it, bound:3325 nc:1959 ncall:1.5e+07 eff:0.1% logz-ratio=1952932.73+/-0.20 dlogz:1063.763>0.01]15150it [2:22:20,  7.25s/it, bound:3326 nc:2039 ncall:1.5e+07 eff:0.1% logz-ratio=1952934.89+/-0.24 dlogz:1061.663>0.01]15154it [2:22:50,  7.30s/it, bound:3327 nc:2019 ncall:1.5e+07 eff:0.1% logz-ratio=1952937.00+/-0.18 dlogz:1059.664>0.01]15158it [2:23:17,  7.12s/it, bound:3328 nc:1671 ncall:1.5e+07 eff:0.1% logz-ratio=1952939.79+/-0.24 dlogz:1057.100>0.01]15162it [2:23:43,  6.94s/it, bound:3329 nc:1412 ncall:1.5e+07 eff:0.1% logz-ratio=1952941.77+/-0.23 dlogz:1054.712>0.01]15166it [2:24:12,  7.02s/it, bound:3330 nc:1725 ncall:1.5e+07 eff:0.1% logz-ratio=1952943.50+/-0.17 dlogz:1053.038>0.01]15170it [2:24:38,  6.85s/it, bound:3331 nc:1515 ncall:1.5e+07 eff:0.1% logz-ratio=1952945.34+/-0.18 dlogz:1050.960>0.01]15174it [2:25:08,  7.06s/it, bound:3332 nc:1974 ncall:1.5e+07 eff:0.1% logz-ratio=1952946.42+/-0.19 dlogz:1049.876>0.01]15178it [2:25:38,  7.20s/it, bound:3333 nc:2098 ncall:1.5e+07 eff:0.1% logz-ratio=1952947.89+/-0.16 dlogz:1048.519>0.01]15182it [2:26:03,  6.90s/it, bound:3334 nc:1404 ncall:1.5e+07 eff:0.1% logz-ratio=1952950.71+/-0.25 dlogz:1046.099>0.01]15186it [2:26:29,  6.78s/it, bound:3335 nc:1738 ncall:1.5e+07 eff:0.1% logz-ratio=1952953.04+/-0.24 dlogz:1043.470>0.01]15190it [2:26:57,  6.84s/it, bound:3336 nc:2012 ncall:1.5e+07 eff:0.1% logz-ratio=1952955.35+/-0.14 dlogz:1040.940>0.01]15194it [2:27:24,  6.87s/it, bound:3337 nc:1694 ncall:1.5e+07 eff:0.1% logz-ratio=1952956.33+/-0.16 dlogz:1039.818>0.01]15198it [2:27:53,  6.95s/it, bound:3338 nc:1960 ncall:1.5e+07 eff:0.1% logz-ratio=1952958.05+/-0.23 dlogz:1038.436>0.01]15202it [2:28:26,  7.31s/it, bound:3339 nc:2126 ncall:1.5e+07 eff:0.1% logz-ratio=1952959.58+/-0.15 dlogz:1036.750>0.01]15206it [2:29:08,  8.27s/it, bound:3340 nc:1753 ncall:1.5e+07 eff:0.1% logz-ratio=1952961.69+/-0.22 dlogz:1034.768>0.01]15210it [2:29:58,  9.56s/it, bound:3341 nc:2140 ncall:1.5e+07 eff:0.1% logz-ratio=1952963.64+/-0.24 dlogz:1032.819>0.01]15214it [2:30:48, 10.42s/it, bound:3342 nc:1748 ncall:1.5e+07 eff:0.1% logz-ratio=1952966.69+/-0.23 dlogz:1030.456>0.01]15217it [2:30:58,  8.75s/it, bound:3343 nc:1781 ncall:1.5e+07 eff:0.1% logz-ratio=1952971.64+/-0.26 dlogz:1027.058>0.01]15218it [2:31:39, 12.03s/it, bound:3343 nc:1561 ncall:1.5e+07 eff:0.1% logz-ratio=1952972.80+/-0.27 dlogz:1024.250>0.01]15222it [2:32:27, 12.02s/it, bound:3344 nc:2047 ncall:1.5e+07 eff:0.1% logz-ratio=1952974.99+/-0.23 dlogz:1021.410>0.01]15226it [2:33:13, 11.87s/it, bound:3345 nc:1937 ncall:1.5e+07 eff:0.1% logz-ratio=1952977.43+/-0.16 dlogz:1018.922>0.01]15230it [2:33:58, 11.64s/it, bound:3346 nc:1866 ncall:1.5e+07 eff:0.1% logz-ratio=1952978.96+/-0.19 dlogz:1017.323>0.01]15234it [2:34:53, 12.32s/it, bound:3347 nc:2241 ncall:1.5e+07 eff:0.1% logz-ratio=1952981.59+/-0.25 dlogz:1015.077>0.01]15238it [2:35:43, 12.42s/it, bound:3348 nc:1688 ncall:1.5e+07 eff:0.1% logz-ratio=1952983.91+/-0.16 dlogz:1012.415>0.01]15242it [2:36:35, 12.61s/it, bound:3349 nc:2008 ncall:1.5e+07 eff:0.1% logz-ratio=1952985.67+/-0.22 dlogz:1010.925>0.01]15246it [2:37:19, 12.10s/it, bound:3350 nc:1911 ncall:1.5e+07 eff:0.1% logz-ratio=1952987.88+/-0.23 dlogz:1008.287>0.01]15250it [2:38:12, 12.45s/it, bound:3351 nc:1913 ncall:1.5e+07 eff:0.1% logz-ratio=1952988.92+/-0.12 dlogz:1007.129>0.01]15254it [2:39:07, 12.86s/it, bound:3352 nc:2214 ncall:1.5e+07 eff:0.1% logz-ratio=1952990.15+/-0.19 dlogz:1006.104>0.01]15258it [2:39:57, 12.71s/it, bound:3353 nc:2177 ncall:1.5e+07 eff:0.1% logz-ratio=1952992.13+/-0.23 dlogz:1004.216>0.01]15262it [2:40:45, 12.50s/it, bound:3354 nc:1990 ncall:1.5e+07 eff:0.1% logz-ratio=1952993.65+/-0.15 dlogz:1002.521>0.01]15266it [2:41:40, 12.86s/it, bound:3355 nc:1366 ncall:1.5e+07 eff:0.1% logz-ratio=1952995.69+/-0.23 dlogz:1000.770>0.01]15268it [2:41:50, 11.54s/it, bound:3355 nc:1641 ncall:1.5e+07 eff:0.1% logz-ratio=1952997.02+/-0.19 dlogz:999.460>0.01] 15270it [2:42:39, 14.10s/it, bound:3356 nc:1939 ncall:1.5e+07 eff:0.1% logz-ratio=1952998.01+/-0.24 dlogz:998.227>0.01]15274it [2:43:24, 13.09s/it, bound:3357 nc:1834 ncall:1.5e+07 eff:0.1% logz-ratio=1953001.25+/-0.19 dlogz:995.269>0.01]15278it [2:44:19, 13.27s/it, bound:3358 nc:2149 ncall:1.5e+07 eff:0.1% logz-ratio=1953005.11+/-0.26 dlogz:992.408>0.01]15282it [2:45:07, 12.92s/it, bound:3359 nc:1580 ncall:1.5e+07 eff:0.1% logz-ratio=1953009.08+/-0.26 dlogz:987.390>0.01]15286it [2:46:04, 13.27s/it, bound:3360 nc:1971 ncall:1.5e+07 eff:0.1% logz-ratio=1953012.58+/-0.21 dlogz:984.107>0.01]15290it [2:46:53, 13.00s/it, bound:3361 nc:1939 ncall:1.5e+07 eff:0.1% logz-ratio=1953016.17+/-0.24 dlogz:980.216>0.01]15292it [2:46:53, 10.65s/it, bound:3361 nc:1919 ncall:1.5e+07 eff:0.1% logz-ratio=1953017.00+/-0.15 dlogz:979.120>0.01]15294it [2:47:46, 13.88s/it, bound:3362 nc:1775 ncall:1.5e+07 eff:0.1% logz-ratio=1953017.79+/-0.22 dlogz:978.331>0.01]15298it [2:48:41, 13.80s/it, bound:3363 nc:2110 ncall:1.5e+07 eff:0.1% logz-ratio=1953018.83+/-0.12 dlogz:977.158>0.01]15302it [2:49:34, 13.61s/it, bound:3364 nc:2030 ncall:1.5e+07 eff:0.1% logz-ratio=1953020.24+/-0.19 dlogz:975.865>0.01]15306it [2:50:25, 13.38s/it, bound:3365 nc:2122 ncall:1.5e+07 eff:0.1% logz-ratio=1953021.58+/-0.21 dlogz:974.535>0.01]15310it [2:51:18, 13.32s/it, bound:3366 nc:1982 ncall:1.5e+07 eff:0.1% logz-ratio=1953023.79+/-0.20 dlogz:1057.534>0.01]15314it [2:52:06, 12.93s/it, bound:3367 nc:1783 ncall:1.5e+07 eff:0.1% logz-ratio=1953025.96+/-0.19 dlogz:1054.850>0.01]15316it [2:52:20, 11.82s/it, bound:3367 nc:1868 ncall:1.5e+07 eff:0.1% logz-ratio=1953026.69+/-0.14 dlogz:1054.096>0.01]15318it [2:53:10, 14.56s/it, bound:3368 nc:2162 ncall:1.5e+07 eff:0.1% logz-ratio=1953027.27+/-0.20 dlogz:1053.435>0.01]15322it [2:54:01, 13.83s/it, bound:3369 nc:1545 ncall:1.5e+07 eff:0.1% logz-ratio=1953030.25+/-0.21 dlogz:1051.125>0.01]15326it [2:54:46, 12.96s/it, bound:3370 nc:1830 ncall:1.5e+07 eff:0.1% logz-ratio=1953034.74+/-0.26 dlogz:1046.941>0.01]15330it [2:55:32, 12.52s/it, bound:3371 nc:1619 ncall:1.5e+07 eff:0.1% logz-ratio=1953038.17+/-0.26 dlogz:1042.950>0.01]15334it [2:56:20, 12.29s/it, bound:3372 nc:1941 ncall:1.5e+07 eff:0.1% logz-ratio=1953042.09+/-0.18 dlogz:1038.962>0.01]15338it [2:57:06, 12.05s/it, bound:3373 nc:1444 ncall:1.5e+07 eff:0.1% logz-ratio=1953045.83+/-0.25 dlogz:1035.459>0.01]15342it [2:57:49, 11.65s/it, bound:3374 nc:1749 ncall:1.5e+07 eff:0.1% logz-ratio=1953047.50+/-0.21 dlogz:1033.215>0.01]15346it [2:58:41, 12.10s/it, bound:3375 nc:2155 ncall:1.5e+07 eff:0.1% logz-ratio=1953050.49+/-0.20 dlogz:1030.654>0.01]15350it [2:59:26, 11.84s/it, bound:3376 nc:2162 ncall:1.5e+07 eff:0.1% logz-ratio=1953052.48+/-0.20 dlogz:1028.303>0.01]15354it [3:00:05, 11.22s/it, bound:3377 nc:1652 ncall:1.5e+07 eff:0.1% logz-ratio=1953054.03+/-0.22 dlogz:1026.646>0.01]15358it [3:00:44, 10.72s/it, bound:3378 nc:1817 ncall:1.5e+07 eff:0.1% logz-ratio=1953055.79+/-0.21 dlogz:1025.548>0.01]15362it [3:01:19, 10.13s/it, bound:3379 nc:2517 ncall:1.5e+07 eff:0.1% logz-ratio=1953058.33+/-0.22 dlogz:1022.564>0.01]15366it [3:01:49,  9.37s/it, bound:3380 nc:2006 ncall:1.5e+07 eff:0.1% logz-ratio=1953061.75+/-0.26 dlogz:1019.515>0.01]15370it [3:02:19,  8.80s/it, bound:3381 nc:1918 ncall:1.5e+07 eff:0.1% logz-ratio=1953064.44+/-0.19 dlogz:1016.552>0.01]15373it [3:02:28,  7.37s/it, bound:3382 nc:2114 ncall:1.5e+07 eff:0.1% logz-ratio=1953065.98+/-0.17 dlogz:1014.829>0.01]15374it [3:02:58,  9.77s/it, bound:3382 nc:2165 ncall:1.5e+07 eff:0.1% logz-ratio=1953066.47+/-0.21 dlogz:1014.337>0.01]15378it [3:03:27,  8.80s/it, bound:3383 nc:1786 ncall:1.5e+07 eff:0.1% logz-ratio=1953069.81+/-0.25 dlogz:1011.173>0.01]15382it [3:03:58,  8.46s/it, bound:3384 nc:1046 ncall:1.5e+07 eff:0.1% logz-ratio=1953072.12+/-0.17 dlogz:1008.697>0.01]15386it [3:04:29,  8.21s/it, bound:3385 nc:1825 ncall:1.5e+07 eff:0.1% logz-ratio=1953073.98+/-0.20 dlogz:1006.666>0.01]15390it [3:05:01,  8.17s/it, bound:3386 nc:1832 ncall:1.5e+07 eff:0.1% logz-ratio=1953075.33+/-0.21 dlogz:1005.303>0.01]15394it [3:05:34,  8.16s/it, bound:3387 nc:2307 ncall:1.5e+07 eff:0.1% logz-ratio=1953077.85+/-0.19 dlogz:1003.094>0.01]15398it [3:06:06,  8.13s/it, bound:3388 nc:2306 ncall:1.5e+07 eff:0.1% logz-ratio=1953079.53+/-0.18 dlogz:1001.013>0.01]15402it [3:06:37,  8.03s/it, bound:3389 nc:1886 ncall:1.5e+07 eff:0.1% logz-ratio=1953080.46+/-0.19 dlogz:1000.070>0.01]15406it [3:07:12,  8.19s/it, bound:3390 nc:1972 ncall:1.5e+07 eff:0.1% logz-ratio=1953082.45+/-0.19 dlogz:998.492>0.01] 15410it [3:07:44,  8.14s/it, bound:3391 nc:1989 ncall:1.5e+07 eff:0.1% logz-ratio=1953084.40+/-0.19 dlogz:996.140>0.01]15414it [3:08:15,  8.01s/it, bound:3392 nc:2132 ncall:1.5e+07 eff:0.1% logz-ratio=1953086.43+/-0.24 dlogz:994.420>0.01]15418it [3:08:47,  8.06s/it, bound:3393 nc:2151 ncall:1.5e+07 eff:0.1% logz-ratio=1953088.38+/-0.15 dlogz:992.242>0.01]15422it [3:09:15,  7.73s/it, bound:3394 nc:1663 ncall:1.5e+07 eff:0.1% logz-ratio=1953089.67+/-0.18 dlogz:990.860>0.01]15426it [3:09:48,  7.91s/it, bound:3395 nc:1876 ncall:1.5e+07 eff:0.1% logz-ratio=1953090.83+/-0.20 dlogz:989.850>0.01]15430it [3:10:18,  7.77s/it, bound:3396 nc:1554 ncall:1.5e+07 eff:0.1% logz-ratio=1953092.39+/-0.14 dlogz:988.147>0.01]15434it [3:10:50,  7.83s/it, bound:3397 nc:2068 ncall:1.5e+07 eff:0.1% logz-ratio=1953093.47+/-0.17 dlogz:986.999>0.01]15438it [3:11:22,  7.87s/it, bound:3398 nc:1487 ncall:1.5e+07 eff:0.1% logz-ratio=1953094.42+/-0.19 dlogz:986.024>0.01]15442it [3:11:55,  7.97s/it, bound:3399 nc:2331 ncall:1.5e+07 eff:0.1% logz-ratio=1953096.24+/-0.18 dlogz:984.521>0.01]15446it [3:12:23,  7.72s/it, bound:3400 nc:2043 ncall:1.5e+07 eff:0.1% logz-ratio=1953099.36+/-0.22 dlogz:981.300>0.01]15450it [3:12:57,  7.92s/it, bound:3401 nc:2156 ncall:1.5e+07 eff:0.1% logz-ratio=1953100.89+/-0.22 dlogz:979.615>0.01]15451it [3:13:02,  7.64s/it, bound:3401 nc:2288 ncall:1.5e+07 eff:0.1% logz-ratio=1953101.34+/-0.16 dlogz:979.281>0.01]15454it [3:13:32,  8.36s/it, bound:3402 nc:2141 ncall:1.5e+07 eff:0.1% logz-ratio=1953102.90+/-0.16 dlogz:977.693>0.01]15458it [3:14:07,  8.50s/it, bound:3403 nc:2105 ncall:1.5e+07 eff:0.1% logz-ratio=1953105.55+/-0.25 dlogz:975.863>0.01]15462it [3:14:44,  8.71s/it, bound:3404 nc:1668 ncall:1.5e+07 eff:0.1% logz-ratio=1953108.44+/-0.25 dlogz:972.362>0.01]15466it [3:15:15,  8.40s/it, bound:3405 nc:1983 ncall:1.5e+07 eff:0.1% logz-ratio=1953110.45+/-0.15 dlogz:970.045>0.01]15470it [3:15:43,  8.00s/it, bound:3406 nc:1736 ncall:1.5e+07 eff:0.1% logz-ratio=1953112.94+/-0.24 dlogz:967.938>0.01]15474it [3:16:14,  7.88s/it, bound:3407 nc:2148 ncall:1.5e+07 eff:0.1% logz-ratio=1953116.34+/-0.25 dlogz:964.297>0.01]15478it [3:16:45,  7.86s/it, bound:3408 nc:1980 ncall:1.5e+07 eff:0.1% logz-ratio=1953119.49+/-0.18 dlogz:961.259>0.01]15482it [3:17:15,  7.74s/it, bound:3409 nc:2121 ncall:1.5e+07 eff:0.1% logz-ratio=1953121.50+/-0.20 dlogz:959.056>0.01]15486it [3:17:46,  7.76s/it, bound:3410 nc:2063 ncall:1.5e+07 eff:0.1% logz-ratio=1953123.40+/-0.23 dlogz:957.051>0.01]15490it [3:18:14,  7.54s/it, bound:3411 nc:1351 ncall:1.5e+07 eff:0.1% logz-ratio=1953125.51+/-0.17 dlogz:955.108>0.01]15494it [3:18:43,  7.43s/it, bound:3412 nc:1652 ncall:1.5e+07 eff:0.1% logz-ratio=1953127.33+/-0.20 dlogz:953.125>0.01]15498it [3:19:08,  7.13s/it, bound:3413 nc:1819 ncall:1.5e+07 eff:0.1% logz-ratio=1953129.71+/-0.25 dlogz:951.138>0.01]15502it [3:19:36,  7.03s/it, bound:3414 nc:1891 ncall:1.5e+07 eff:0.1% logz-ratio=1953131.97+/-0.25 dlogz:948.514>0.01]15506it [3:20:09,  7.41s/it, bound:3415 nc:2366 ncall:1.5e+07 eff:0.1% logz-ratio=1953135.66+/-0.18 dlogz:944.976>0.01]15510it [3:20:35,  7.18s/it, bound:3416 nc:1893 ncall:1.5e+07 eff:0.1% logz-ratio=1953138.18+/-0.22 dlogz:942.343>0.01]15513it [3:21:06,  7.87s/it, bound:3417 nc:3396 ncall:1.5e+07 eff:0.1% logz-ratio=1953140.15+/-0.24 dlogz:940.858>0.01]15517it [3:21:36,  7.83s/it, bound:3418 nc:2157 ncall:1.5e+07 eff:0.1% logz-ratio=1953143.11+/-0.20 dlogz:937.724>0.01]15521it [3:22:12,  8.12s/it, bound:3419 nc:2429 ncall:1.5e+07 eff:0.1% logz-ratio=1953145.20+/-0.20 dlogz:935.263>0.01]15525it [3:22:42,  7.98s/it, bound:3420 nc:2181 ncall:1.5e+07 eff:0.1% logz-ratio=1953147.33+/-0.24 dlogz:933.172>0.01]15529it [3:23:14,  7.96s/it, bound:3421 nc:1943 ncall:1.5e+07 eff:0.1% logz-ratio=1953149.27+/-0.17 dlogz:931.247>0.01]15532it [3:23:25,  6.94s/it, bound:3422 nc:2257 ncall:1.5e+07 eff:0.1% logz-ratio=1953150.77+/-0.17 dlogz:929.732>0.01]15533it [3:23:57,  9.52s/it, bound:3422 nc:2128 ncall:1.5e+07 eff:0.1% logz-ratio=1953151.22+/-0.21 dlogz:929.235>0.01]15537it [3:24:29,  8.94s/it, bound:3423 nc:2255 ncall:1.5e+07 eff:0.1% logz-ratio=1953154.46+/-0.25 dlogz:926.120>0.01]15541it [3:25:00,  8.57s/it, bound:3424 nc:2248 ncall:1.5e+07 eff:0.1% logz-ratio=1953155.88+/-0.14 dlogz:924.440>0.01]15545it [3:25:28,  8.06s/it, bound:3425 nc:1995 ncall:1.5e+07 eff:0.1% logz-ratio=1953157.73+/-0.20 dlogz:922.696>0.01]15549it [3:25:57,  7.80s/it, bound:3426 nc:1851 ncall:1.5e+07 eff:0.1% logz-ratio=1953161.07+/-0.26 dlogz:920.286>0.01]15553it [3:26:28,  7.75s/it, bound:3427 nc:1996 ncall:1.5e+07 eff:0.1% logz-ratio=1953164.72+/-0.22 dlogz:916.294>0.01]15557it [3:26:57,  7.58s/it, bound:3428 nc:2023 ncall:1.5e+07 eff:0.1% logz-ratio=1953168.53+/-0.26 dlogz:912.308>0.01]15561it [3:27:24,  7.37s/it, bound:3429 nc:1756 ncall:1.5e+07 eff:0.1% logz-ratio=1953172.25+/-0.26 dlogz:908.583>0.01]15565it [3:27:52,  7.26s/it, bound:3430 nc:1997 ncall:1.5e+07 eff:0.1% logz-ratio=1953173.67+/-0.12 dlogz:906.504>0.01]15568it [3:27:53,  5.49s/it, bound:3431 nc:1980 ncall:1.5e+07 eff:0.1% logz-ratio=1953174.46+/-0.13 dlogz:905.750>0.01]15569it [3:28:21,  7.86s/it, bound:3431 nc:1564 ncall:1.5e+07 eff:0.1% logz-ratio=1953174.80+/-0.18 dlogz:905.467>0.01]15573it [3:28:51,  7.77s/it, bound:3432 nc:1828 ncall:1.5e+07 eff:0.1% logz-ratio=1953175.95+/-0.20 dlogz:904.196>0.01]15577it [3:29:19,  7.50s/it, bound:3433 nc:2004 ncall:1.5e+07 eff:0.1% logz-ratio=1953176.78+/-0.12 dlogz:903.345>0.01]15581it [3:29:49,  7.50s/it, bound:3434 nc:1908 ncall:1.5e+07 eff:0.1% logz-ratio=1953177.72+/-0.16 dlogz:902.473>0.01]15585it [3:30:19,  7.50s/it, bound:3435 nc:1791 ncall:1.5e+07 eff:0.1% logz-ratio=1953179.39+/-0.23 dlogz:901.014>0.01]15589it [3:30:48,  7.40s/it, bound:3436 nc:1723 ncall:1.5e+07 eff:0.1% logz-ratio=1953183.67+/-0.23 dlogz:897.448>0.01]15593it [3:31:19,  7.54s/it, bound:3437 nc:1270 ncall:1.5e+07 eff:0.1% logz-ratio=1953187.28+/-0.23 dlogz:893.314>0.01]15597it [3:31:47,  7.37s/it, bound:3438 nc:1876 ncall:1.5e+07 eff:0.1% logz-ratio=1953190.35+/-0.25 dlogz:889.990>0.01]15601it [3:32:20,  7.65s/it, bound:3439 nc:2081 ncall:1.5e+07 eff:0.1% logz-ratio=1953192.16+/-0.17 dlogz:888.253>0.01]15605it [3:32:53,  7.79s/it, bound:3440 nc:2005 ncall:1.5e+07 eff:0.1% logz-ratio=1953195.25+/-0.25 dlogz:885.431>0.01]15609it [3:33:24,  7.76s/it, bound:3441 nc:2098 ncall:1.5e+07 eff:0.1% logz-ratio=1953198.51+/-0.26 dlogz:882.558>0.01]15610it [3:33:29,  7.50s/it, bound:3441 nc:1988 ncall:1.5e+07 eff:0.1% logz-ratio=1953199.43+/-0.21 dlogz:881.341>0.01]15613it [3:34:01,  8.45s/it, bound:3442 nc:2088 ncall:1.5e+07 eff:0.1% logz-ratio=1953201.13+/-0.19 dlogz:879.443>0.01]15617it [3:34:30,  8.04s/it, bound:3443 nc:1344 ncall:1.5e+07 eff:0.1% logz-ratio=1953203.39+/-0.21 dlogz:877.007>0.01]15621it [3:35:00,  7.82s/it, bound:3444 nc:2113 ncall:1.5e+07 eff:0.1% logz-ratio=1953206.49+/-0.25 dlogz:874.121>0.01]15625it [3:35:28,  7.59s/it, bound:3445 nc:1990 ncall:1.5e+07 eff:0.1% logz-ratio=1953209.88+/-0.19 dlogz:870.664>0.01]15629it [3:35:58,  7.59s/it, bound:3446 nc:1546 ncall:1.5e+07 eff:0.1% logz-ratio=1953211.61+/-0.20 dlogz:868.620>0.01]15633it [3:36:32,  7.83s/it, bound:3447 nc:2373 ncall:1.5e+07 eff:0.1% logz-ratio=1953213.30+/-0.23 dlogz:866.935>0.01]15637it [3:37:02,  7.77s/it, bound:3448 nc:2166 ncall:1.5e+07 eff:0.1% logz-ratio=1953214.92+/-0.15 dlogz:865.255>0.01]15641it [3:37:35,  7.91s/it, bound:3449 nc:1368 ncall:1.5e+07 eff:0.1% logz-ratio=1953216.56+/-0.21 dlogz:863.729>0.01]15645it [3:38:10,  8.18s/it, bound:3450 nc:2274 ncall:1.5e+07 eff:0.1% logz-ratio=1953218.54+/-0.23 dlogz:861.743>0.01]15649it [3:38:46,  8.43s/it, bound:3451 nc:2083 ncall:1.5e+07 eff:0.1% logz-ratio=1953222.59+/-0.20 dlogz:858.032>0.01]15653it [3:39:15,  8.05s/it, bound:3452 nc:1722 ncall:1.5e+07 eff:0.1% logz-ratio=1953224.70+/-0.24 dlogz:855.830>0.01]15657it [3:39:49,  8.19s/it, bound:3453 nc:2159 ncall:1.5e+07 eff:0.1% logz-ratio=1953227.52+/-0.17 dlogz:852.741>0.01]15661it [3:40:20,  8.01s/it, bound:3454 nc:1864 ncall:1.6e+07 eff:0.1% logz-ratio=1953230.02+/-0.23 dlogz:850.387>0.01]15665it [3:40:55,  8.24s/it, bound:3455 nc:2479 ncall:1.6e+07 eff:0.1% logz-ratio=1953231.47+/-0.21 dlogz:848.573>0.01]15669it [3:41:25,  8.07s/it, bound:3456 nc:1923 ncall:1.6e+07 eff:0.1% logz-ratio=1953235.28+/-0.27 dlogz:847.132>0.01]15673it [3:41:55,  7.84s/it, bound:3457 nc:1900 ncall:1.6e+07 eff:0.1% logz-ratio=1953239.26+/-0.25 dlogz:841.370>0.01]15677it [3:42:26,  7.82s/it, bound:3458 nc:1872 ncall:1.6e+07 eff:0.1% logz-ratio=1953241.04+/-0.22 dlogz:839.007>0.01]15681it [3:42:58,  7.87s/it, bound:3459 nc:2174 ncall:1.6e+07 eff:0.1% logz-ratio=1953242.20+/-0.12 dlogz:837.756>0.01]15685it [3:43:32,  8.06s/it, bound:3460 nc:2288 ncall:1.6e+07 eff:0.1% logz-ratio=1953245.09+/-0.25 dlogz:835.752>0.01]15687it [3:43:37,  7.10s/it, bound:3460 nc:1903 ncall:1.6e+07 eff:0.1% logz-ratio=1953246.91+/-0.20 dlogz:833.579>0.01]15689it [3:44:09,  8.92s/it, bound:3461 nc:2321 ncall:1.6e+07 eff:0.1% logz-ratio=1953248.15+/-0.25 dlogz:832.170>0.01]15693it [3:44:42,  8.71s/it, bound:3462 nc:2370 ncall:1.6e+07 eff:0.1% logz-ratio=1953250.30+/-0.16 dlogz:829.858>0.01]15697it [3:45:16,  8.63s/it, bound:3463 nc:1950 ncall:1.6e+07 eff:0.1% logz-ratio=1953251.96+/-0.22 dlogz:828.036>0.01]15701it [3:45:50,  8.53s/it, bound:3464 nc:2382 ncall:1.6e+07 eff:0.1% logz-ratio=1953253.61+/-0.15 dlogz:826.466>0.01]15705it [3:46:15,  7.81s/it, bound:3465 nc:1729 ncall:1.6e+07 eff:0.1% logz-ratio=1953255.02+/-0.19 dlogz:824.993>0.01]15709it [3:46:45,  7.74s/it, bound:3466 nc:2144 ncall:1.6e+07 eff:0.1% logz-ratio=1953257.00+/-0.24 dlogz:823.327>0.01]15713it [3:47:18,  7.87s/it, bound:3467 nc:1994 ncall:1.6e+07 eff:0.1% logz-ratio=1953259.04+/-0.14 dlogz:820.939>0.01]15717it [3:47:48,  7.75s/it, bound:3468 nc:1914 ncall:1.6e+07 eff:0.1% logz-ratio=1953261.24+/-0.24 dlogz:819.211>0.01]15721it [3:48:19,  7.80s/it, bound:3469 nc:2259 ncall:1.6e+07 eff:0.1% logz-ratio=1953263.92+/-0.25 dlogz:816.279>0.01]15725it [3:48:51,  7.86s/it, bound:3470 nc:1997 ncall:1.6e+07 eff:0.1% logz-ratio=1953266.97+/-0.21 dlogz:813.581>0.01]15729it [3:49:20,  7.65s/it, bound:3471 nc:1956 ncall:1.6e+07 eff:0.1% logz-ratio=1953269.76+/-0.24 dlogz:810.521>0.01]15733it [3:49:51,  7.68s/it, bound:3472 nc:2058 ncall:1.6e+07 eff:0.1% logz-ratio=1953271.39+/-0.22 dlogz:808.660>0.01]15736it [3:50:20,  8.17s/it, bound:3473 nc:3653 ncall:1.6e+07 eff:0.1% logz-ratio=1953273.98+/-0.26 dlogz:806.544>0.01]15740it [3:50:51,  8.00s/it, bound:3474 nc:2158 ncall:1.6e+07 eff:0.1% logz-ratio=1953276.36+/-0.18 dlogz:803.823>0.01]15744it [3:51:25,  8.19s/it, bound:3475 nc:2454 ncall:1.6e+07 eff:0.1% logz-ratio=1953279.66+/-0.25 dlogz:800.931>0.01]15748it [3:51:58,  8.23s/it, bound:3476 nc:1157 ncall:1.6e+07 eff:0.1% logz-ratio=1953282.44+/-0.25 dlogz:797.799>0.01]15752it [3:52:29,  8.05s/it, bound:3477 nc:2141 ncall:1.6e+07 eff:0.1% logz-ratio=1953283.86+/-0.14 dlogz:796.017>0.01]15756it [3:53:00,  7.96s/it, bound:3478 nc:1609 ncall:1.6e+07 eff:0.1% logz-ratio=1953285.69+/-0.22 dlogz:794.388>0.01]15760it [3:53:33,  8.03s/it, bound:3479 nc:2260 ncall:1.6e+07 eff:0.1% logz-ratio=1953288.27+/-0.26 dlogz:792.702>0.01]15764it [3:54:09,  8.37s/it, bound:3480 nc:2612 ncall:1.6e+07 eff:0.1% logz-ratio=1953290.54+/-0.14 dlogz:789.318>0.01]15766it [3:54:21,  7.92s/it, bound:3480 nc:1593 ncall:1.6e+07 eff:0.1% logz-ratio=1953291.07+/-0.13 dlogz:788.721>0.01]15768it [3:54:57,  9.93s/it, bound:3481 nc:2354 ncall:1.6e+07 eff:0.1% logz-ratio=1953291.52+/-0.19 dlogz:788.224>0.01]15772it [3:55:37,  9.94s/it, bound:3482 nc:2051 ncall:1.6e+07 eff:0.1% logz-ratio=1953292.75+/-0.19 dlogz:787.206>0.01]15776it [3:56:16,  9.91s/it, bound:3483 nc:2798 ncall:1.6e+07 eff:0.1% logz-ratio=1953294.31+/-0.22 dlogz:785.632>0.01]15780it [3:56:52,  9.61s/it, bound:3484 nc:2577 ncall:1.6e+07 eff:0.1% logz-ratio=1953295.78+/-0.19 dlogz:784.140>0.01]15784it [3:57:26,  9.25s/it, bound:3485 nc:1590 ncall:1.6e+07 eff:0.1% logz-ratio=1953297.10+/-0.13 dlogz:782.664>0.01]15788it [3:58:02,  9.17s/it, bound:3486 nc:2431 ncall:1.6e+07 eff:0.1% logz-ratio=1953298.17+/-0.18 dlogz:781.647>0.01]15792it [3:58:37,  9.04s/it, bound:3487 nc:2460 ncall:1.6e+07 eff:0.1% logz-ratio=1953299.70+/-0.23 dlogz:780.277>0.01]15796it [3:59:11,  8.90s/it, bound:3488 nc:2291 ncall:1.6e+07 eff:0.1% logz-ratio=1953301.66+/-0.17 dlogz:778.354>0.01]15800it [3:59:45,  8.73s/it, bound:3489 nc:2413 ncall:1.6e+07 eff:0.1% logz-ratio=1953303.83+/-0.24 dlogz:776.183>0.01]15804it [4:00:23,  8.97s/it, bound:3490 nc:2726 ncall:1.6e+07 eff:0.1% logz-ratio=1953306.34+/-0.16 dlogz:773.540>0.01]15808it [4:01:00,  9.07s/it, bound:3491 nc:2361 ncall:1.6e+07 eff:0.1% logz-ratio=1953308.70+/-0.25 dlogz:771.210>0.01]15812it [4:01:37,  9.10s/it, bound:3492 nc:2008 ncall:1.6e+07 eff:0.1% logz-ratio=1953309.88+/-0.17 dlogz:769.828>0.01]15816it [4:02:12,  9.02s/it, bound:3493 nc:2316 ncall:1.6e+07 eff:0.1% logz-ratio=1953312.11+/-0.15 dlogz:767.720>0.01]15820it [4:02:51,  9.21s/it, bound:3494 nc:2277 ncall:1.6e+07 eff:0.1% logz-ratio=1953313.61+/-0.19 dlogz:766.157>0.01]15824it [4:03:20,  8.66s/it, bound:3495 nc:1929 ncall:1.6e+07 eff:0.1% logz-ratio=1953315.67+/-0.23 dlogz:764.389>0.01]15828it [4:03:57,  8.84s/it, bound:3496 nc:2277 ncall:1.6e+07 eff:0.1% logz-ratio=1953316.97+/-0.20 dlogz:762.689>0.01]15832it [4:04:29,  8.58s/it, bound:3497 nc:1866 ncall:1.6e+07 eff:0.1% logz-ratio=1953318.17+/-0.17 dlogz:761.736>0.01]15835it [4:04:42,  7.55s/it, bound:3498 nc:1972 ncall:1.6e+07 eff:0.1% logz-ratio=1953320.11+/-0.18 dlogz:759.917>0.01]15836it [4:05:19, 10.57s/it, bound:3498 nc:1994 ncall:1.6e+07 eff:0.1% logz-ratio=1953320.58+/-0.22 dlogz:759.292>0.01]15840it [4:05:59, 10.43s/it, bound:3499 nc:1399 ncall:1.6e+07 eff:0.1% logz-ratio=1953322.20+/-0.22 dlogz:757.534>0.01]15844it [4:06:39, 10.26s/it, bound:3500 nc:1590 ncall:1.6e+07 eff:0.1% logz-ratio=1953323.57+/-0.14 dlogz:756.121>0.01]15848it [4:07:20, 10.21s/it, bound:3501 nc:1808 ncall:1.6e+07 eff:0.1% logz-ratio=1953324.43+/-0.15 dlogz:755.118>0.01]15852it [4:08:04, 10.49s/it, bound:3502 nc:2109 ncall:1.6e+07 eff:0.1% logz-ratio=1953325.76+/-0.22 dlogz:754.279>0.01]15856it [4:08:42, 10.17s/it, bound:3503 nc:1906 ncall:1.6e+07 eff:0.1% logz-ratio=1953327.71+/-0.15 dlogz:752.036>0.01]15860it [4:09:23, 10.20s/it, bound:3504 nc:2096 ncall:1.6e+07 eff:0.1% logz-ratio=1953328.66+/-0.15 dlogz:750.885>0.01]15864it [4:10:11, 10.74s/it, bound:3505 nc:1950 ncall:1.6e+07 eff:0.1% logz-ratio=1953329.73+/-0.20 dlogz:749.936>0.01]15868it [4:11:01, 11.27s/it, bound:3506 nc:2313 ncall:1.6e+07 eff:0.1% logz-ratio=1953330.98+/-0.17 dlogz:748.636>0.01]15872it [4:11:50, 11.59s/it, bound:3507 nc:1996 ncall:1.6e+07 eff:0.1% logz-ratio=1953332.99+/-0.24 dlogz:747.073>0.01]15875it [4:11:50,  8.76s/it, bound:3508 nc:  1 ncall:1.6e+07 eff:0.1% logz-ratio=1953710.67+/-0.28 dlogz:366.652>0.01] 15875it [4:12:10,  8.76s/it, bound:3508 nc:  1 ncall:1.6e+07 eff:0.1% logz-ratio=1954072.41+/-0.47 dlogz:1.099>0.01]  15876it [4:12:40, 13.09s/it, bound:3508 nc:1921 ncall:1.6e+07 eff:0.1% logz-ratio=1953334.57+/-0.14 dlogz:745.055>0.01]15880it [4:13:36, 13.40s/it, bound:3509 nc:2187 ncall:1.6e+07 eff:0.1% logz-ratio=1953335.70+/-0.17 dlogz:743.853>0.01]15884it [4:14:26, 13.12s/it, bound:3510 nc:1779 ncall:1.6e+07 eff:0.1% logz-ratio=1953338.27+/-0.26 dlogz:741.839>0.01]15888it [4:15:25, 13.62s/it, bound:3511 nc:2022 ncall:1.6e+07 eff:0.1% logz-ratio=1953340.57+/-0.14 dlogz:739.068>0.01]15891it [4:15:43, 11.65s/it, bound:3512 nc:2190 ncall:1.6e+07 eff:0.1% logz-ratio=1953341.59+/-0.14 dlogz:738.002>0.01]15892it [4:16:34, 15.94s/it, bound:3512 nc:1704 ncall:1.6e+07 eff:0.1% logz-ratio=1953341.92+/-0.18 dlogz:737.700>0.01]15896it [4:17:24, 14.67s/it, bound:3513 nc:1991 ncall:1.6e+07 eff:0.1% logz-ratio=1953343.78+/-0.23 dlogz:735.998>0.01]15900it [4:18:16, 14.07s/it, bound:3514 nc:1928 ncall:1.6e+07 eff:0.1% logz-ratio=1953345.52+/-0.15 dlogz:734.135>0.01]15904it [4:19:09, 13.76s/it, bound:3515 nc:2051 ncall:1.6e+07 eff:0.1% logz-ratio=1953346.77+/-0.19 dlogz:732.867>0.01]15908it [4:20:04, 13.78s/it, bound:3516 nc:2162 ncall:1.6e+07 eff:0.1% logz-ratio=1953348.32+/-0.22 dlogz:731.407>0.01]15911it [4:20:04, 10.23s/it, bound:3517 nc:  1 ncall:1.6e+07 eff:0.1% logz-ratio=1953606.78+/-0.27 dlogz:471.213>0.01] 15911it [4:20:20, 10.23s/it, bound:3517 nc:  1 ncall:1.6e+07 eff:0.1% logz-ratio=1954072.34+/-0.47 dlogz:1.099>0.01]  15912it [4:20:57, 14.94s/it, bound:3517 nc:1916 ncall:1.6e+07 eff:0.1% logz-ratio=1953352.02+/-0.23 dlogz:728.411>0.01]15916it [4:21:55, 14.74s/it, bound:3518 nc:1969 ncall:1.6e+07 eff:0.1% logz-ratio=1953355.16+/-0.24 dlogz:724.674>0.01]15920it [4:22:52, 14.56s/it, bound:3519 nc:2039 ncall:1.6e+07 eff:0.1% logz-ratio=1953357.03+/-0.23 dlogz:722.567>0.01]15924it [4:23:52, 14.75s/it, bound:3520 nc:2239 ncall:1.6e+07 eff:0.1% logz-ratio=1953358.45+/-0.16 dlogz:721.195>0.01]15928it [4:24:48, 14.46s/it, bound:3521 nc:2079 ncall:1.6e+07 eff:0.1% logz-ratio=1953359.96+/-0.19 dlogz:719.550>0.01]15932it [4:25:42, 14.15s/it, bound:3522 nc:2075 ncall:1.6e+07 eff:0.1% logz-ratio=1953360.84+/-0.18 dlogz:718.611>0.01]15933it [4:25:51, 13.61s/it, bound:3522 nc:1846 ncall:1.6e+07 eff:0.1% logz-ratio=1953361.11+/-0.13 dlogz:718.362>0.01]15935it [4:26:10, 13.61s/it, bound:3523 nc:  1 ncall:1.6e+07 eff:0.1% logz-ratio=1954072.29+/-0.48 dlogz:1.099>0.01]   15936it [4:26:48, 15.26s/it, bound:3523 nc:2185 ncall:1.6e+07 eff:0.1% logz-ratio=1953361.95+/-0.13 dlogz:717.506>0.01]15940it [4:27:46, 15.04s/it, bound:3524 nc:2154 ncall:1.6e+07 eff:0.1% logz-ratio=1953363.03+/-0.18 dlogz:716.442>0.01]15944it [4:28:50, 15.30s/it, bound:3525 nc:2157 ncall:1.6e+07 eff:0.1% logz-ratio=1953364.01+/-0.19 dlogz:715.404>0.01]15947it [4:28:50, 11.19s/it, bound:3526 nc:  1 ncall:1.6e+07 eff:0.1% logz-ratio=1953694.74+/-0.28 dlogz:382.650>0.01] 15947it [4:29:00, 11.19s/it, bound:3526 nc:  1 ncall:1.6e+07 eff:0.1% logz-ratio=1954072.26+/-0.48 dlogz:1.099>0.01]  15948it [4:29:47, 16.38s/it, bound:3526 nc:2018 ncall:1.6e+07 eff:0.1% logz-ratio=1953365.36+/-0.14 dlogz:714.138>0.01]15952it [4:30:41, 15.33s/it, bound:3527 nc:1810 ncall:1.6e+07 eff:0.1% logz-ratio=1953366.76+/-0.19 dlogz:715.592>0.01]15956it [4:31:43, 15.38s/it, bound:3528 nc:1683 ncall:1.6e+07 eff:0.1% logz-ratio=1953367.95+/-0.21 dlogz:714.415>0.01]15959it [4:31:43, 11.11s/it, bound:3529 nc:  1 ncall:1.6e+07 eff:0.1% logz-ratio=1953608.09+/-0.27 dlogz:472.743>0.01] 15959it [4:32:00, 11.11s/it, bound:3529 nc:  1 ncall:1.6e+07 eff:0.1% logz-ratio=1954075.20+/-nan dlogz:1.027>0.01]   15960it [4:32:31, 15.40s/it, bound:3529 nc:1795 ncall:1.6e+07 eff:0.1% logz-ratio=1953369.60+/-0.19 dlogz:713.082>0.01]15964it [4:33:28, 14.89s/it, bound:3530 nc:2141 ncall:1.6e+07 eff:0.1% logz-ratio=1953371.58+/-0.20 dlogz:710.764>0.01]15966it [4:33:28, 11.61s/it, bound:3530 nc:2129 ncall:1.6e+07 eff:0.1% logz-ratio=1953372.45+/-0.17 dlogz:710.009>0.01]15967it [4:33:40, 11.61s/it, bound:3531 nc:1916 ncall:1.6e+07 eff:0.1% logz-ratio=1953372.92+/-0.21 dlogz:709.534>0.01]15968it [4:34:27, 15.92s/it, bound:3531 nc:2173 ncall:1.6e+07 eff:0.1% logz-ratio=1953373.66+/-0.24 dlogz:709.070>0.01]15971it [4:34:27, 10.51s/it, bound:3532 nc:  1 ncall:1.6e+07 eff:0.1% logz-ratio=1953673.39+/-0.28 dlogz:407.008>0.01] 15971it [4:34:40, 10.51s/it, bound:3532 nc:  1 ncall:1.6e+07 eff:0.1% logz-ratio=1954075.18+/-nan dlogz:1.027>0.01]   15972it [4:35:23, 16.85s/it, bound:3532 nc:1798 ncall:1.6e+07 eff:0.1% logz-ratio=1953375.78+/-0.14 dlogz:706.499>0.01]15976it [4:36:20, 15.70s/it, bound:3533 nc:1743 ncall:1.6e+07 eff:0.1% logz-ratio=1953376.61+/-0.15 dlogz:705.555>0.01]15978it [4:36:36, 13.89s/it, bound:3533 nc:2130 ncall:1.6e+07 eff:0.1% logz-ratio=1953377.48+/-0.17 dlogz:704.963>0.01]15980it [4:37:29, 17.10s/it, bound:3534 nc:2085 ncall:1.6e+07 eff:0.1% logz-ratio=1953378.69+/-0.24 dlogz:703.830>0.01]15983it [4:37:29, 11.05s/it, bound:3535 nc:  1 ncall:1.6e+07 eff:0.1% logz-ratio=1953663.94+/-0.27 dlogz:416.507>0.01] 15983it [4:37:40, 11.05s/it, bound:3535 nc:  1 ncall:1.6e+07 eff:0.1% logz-ratio=1954075.15+/-nan dlogz:1.027>0.01]   15984it [4:38:25, 17.52s/it, bound:3535 nc:1958 ncall:1.6e+07 eff:0.1% logz-ratio=1953379.97+/-0.14 dlogz:702.290>0.01]15988it [4:39:16, 15.35s/it, bound:3536 nc:1994 ncall:1.6e+07 eff:0.1% logz-ratio=1953380.96+/-0.17 dlogz:701.233>0.01]15992it [4:40:09, 14.53s/it, bound:3537 nc:1429 ncall:1.6e+07 eff:0.1% logz-ratio=1953382.38+/-0.22 dlogz:699.898>0.01]15995it [4:40:09, 10.24s/it, bound:3538 nc:  1 ncall:1.6e+07 eff:0.1% logz-ratio=1953661.93+/-0.27 dlogz:418.528>0.01] 15995it [4:40:20, 10.24s/it, bound:3538 nc:  1 ncall:1.6e+07 eff:0.1% logz-ratio=1954075.13+/-nan dlogz:1.027>0.01]   15996it [4:41:00, 15.25s/it, bound:3538 nc:1317 ncall:1.6e+07 eff:0.1% logz-ratio=1953383.92+/-0.16 dlogz:698.466>0.01]16000it [4:42:02, 15.38s/it, bound:3539 nc:2113 ncall:1.6e+07 eff:0.1% logz-ratio=1953385.09+/-0.17 dlogz:697.096>0.01]16004it [4:43:02, 15.25s/it, bound:3540 nc:2100 ncall:1.6e+07 eff:0.1% logz-ratio=1953385.90+/-0.18 dlogz:696.196>0.01]16007it [4:43:02, 10.92s/it, bound:3541 nc:  1 ncall:1.6e+07 eff:0.1% logz-ratio=1953641.10+/-0.29 dlogz:439.461>0.01] 16007it [4:43:20, 10.92s/it, bound:3541 nc:  1 ncall:1.6e+07 eff:0.1% logz-ratio=1954075.11+/-nan dlogz:1.027>0.01]   16008it [4:44:00, 16.52s/it, bound:3541 nc:1943 ncall:1.6e+07 eff:0.1% logz-ratio=1953387.08+/-0.14 dlogz:695.125>0.01]16012it [4:44:53, 15.17s/it, bound:3542 nc:1966 ncall:1.6e+07 eff:0.1% logz-ratio=1953388.37+/-0.18 dlogz:693.818>0.01]16016it [4:45:48, 14.62s/it, bound:3543 nc:1805 ncall:1.6e+07 eff:0.1% logz-ratio=1953389.39+/-0.20 dlogz:692.746>0.01]16019it [4:45:48, 10.50s/it, bound:3544 nc:  1 ncall:1.6e+07 eff:0.1% logz-ratio=1953710.60+/-0.28 dlogz:369.463>0.01] 16019it [4:46:00, 10.50s/it, bound:3544 nc:  1 ncall:1.6e+07 eff:0.1% logz-ratio=1954075.08+/-nan dlogz:1.027>0.01]   16020it [4:46:53, 16.91s/it, bound:3544 nc:1996 ncall:1.6e+07 eff:0.1% logz-ratio=1953390.82+/-0.17 dlogz:691.567>0.01]16023it [4:47:10, 13.17s/it, bound:3545 nc:2121 ncall:1.6e+07 eff:0.1% logz-ratio=1953391.97+/-0.15 dlogz:690.251>0.01]16024it [4:48:10, 19.61s/it, bound:3545 nc:1325 ncall:1.6e+07 eff:0.1% logz-ratio=1953392.23+/-0.18 dlogz:689.902>0.01]16028it [4:49:09, 17.48s/it, bound:3546 nc:1618 ncall:1.6e+07 eff:0.1% logz-ratio=1953393.27+/-0.20 dlogz:688.829>0.01]16031it [4:49:09, 11.88s/it, bound:3547 nc:  1 ncall:1.6e+07 eff:0.1% logz-ratio=1953666.75+/-0.29 dlogz:413.654>0.01] 16031it [4:49:20, 11.88s/it, bound:3547 nc:  1 ncall:1.6e+07 eff:0.1% logz-ratio=1954075.06+/-nan dlogz:1.027>0.01]   16032it [4:50:00, 17.14s/it, bound:3547 nc:1488 ncall:1.6e+07 eff:0.1% logz-ratio=1953394.42+/-0.14 dlogz:687.737>0.01]16036it [4:51:04, 16.64s/it, bound:3548 nc:2058 ncall:1.6e+07 eff:0.1% logz-ratio=1953397.43+/-0.25 dlogz:685.237>0.01]16040it [4:52:11, 16.64s/it, bound:3549 nc:2387 ncall:1.6e+07 eff:0.1% logz-ratio=1953399.32+/-0.23 dlogz:682.936>0.01]16043it [4:52:11, 11.83s/it, bound:3550 nc:  1 ncall:1.6e+07 eff:0.1% logz-ratio=1953675.89+/-0.27 dlogz:404.431>0.01] 16043it [4:52:30, 11.83s/it, bound:3550 nc:  1 ncall:1.6e+07 eff:0.1% logz-ratio=1954075.03+/-nan dlogz:1.027>0.01]   16044it [4:53:19, 18.68s/it, bound:3550 nc:2206 ncall:1.6e+07 eff:0.1% logz-ratio=1953400.51+/-0.14 dlogz:681.634>0.01]16048it [4:54:21, 17.29s/it, bound:3551 nc:1923 ncall:1.6e+07 eff:0.1% logz-ratio=1953402.04+/-0.21 dlogz:680.279>0.01]16052it [4:55:24, 16.74s/it, bound:3552 nc:1446 ncall:1.6e+07 eff:0.1% logz-ratio=1953403.23+/-0.20 dlogz:678.832>0.01]16055it [4:55:24, 12.00s/it, bound:3553 nc:  1 ncall:1.6e+07 eff:0.1% logz-ratio=1953496.58+/-0.27 dlogz:584.789>0.01] 16055it [4:55:40, 12.00s/it, bound:3553 nc:  1 ncall:1.6e+07 eff:0.1% logz-ratio=1954075.01+/-nan dlogz:1.027>0.01]   16056it [4:56:22, 17.50s/it, bound:3553 nc:2076 ncall:1.6e+07 eff:0.1% logz-ratio=1953404.81+/-0.16 dlogz:677.459>0.01]16060it [4:57:22, 16.46s/it, bound:3554 nc:2019 ncall:1.6e+07 eff:0.1% logz-ratio=1953406.58+/-0.21 dlogz:675.688>0.01]16062it [4:57:38, 14.55s/it, bound:3554 nc:1871 ncall:1.6e+07 eff:0.1% logz-ratio=1953407.35+/-0.14 dlogz:674.790>0.01]16064it [4:58:44, 19.04s/it, bound:3555 nc:2331 ncall:1.6e+07 eff:0.1% logz-ratio=1953407.84+/-0.20 dlogz:674.174>0.01]16068it [4:59:42, 17.24s/it, bound:3556 nc:2068 ncall:1.6e+07 eff:0.1% logz-ratio=1953408.96+/-0.15 dlogz:673.203>0.01]16072it [5:00:41, 16.31s/it, bound:3557 nc:1388 ncall:1.6e+07 eff:0.1% logz-ratio=1953410.38+/-0.19 dlogz:671.689>0.01]16076it [5:01:38, 15.55s/it, bound:3558 nc:2083 ncall:1.6e+07 eff:0.1% logz-ratio=1953411.69+/-0.22 dlogz:670.389>0.01]16079it [5:01:38, 11.36s/it, bound:3559 nc:  1 ncall:1.6e+07 eff:0.1% logz-ratio=1953726.65+/-0.29 dlogz:353.385>0.01] 16079it [5:01:50, 11.36s/it, bound:3559 nc:  1 ncall:1.6e+07 eff:0.1% logz-ratio=1954074.96+/-nan dlogz:1.027>0.01]   16080it [5:02:37, 16.87s/it, bound:3559 nc:2152 ncall:1.6e+07 eff:0.1% logz-ratio=1953412.63+/-0.11 dlogz:669.339>0.01]16084it [5:03:38, 16.14s/it, bound:3560 nc:2240 ncall:1.6e+07 eff:0.1% logz-ratio=1953413.60+/-0.17 dlogz:668.397>0.01]16088it [5:04:40, 15.93s/it, bound:3561 nc:1799 ncall:1.6e+07 eff:0.1% logz-ratio=1953414.44+/-0.18 dlogz:667.485>0.01]16091it [5:04:40, 11.50s/it, bound:3562 nc:  1 ncall:1.6e+07 eff:0.1% logz-ratio=1953589.63+/-0.28 dlogz:491.311>0.01] 16091it [5:04:50, 11.50s/it, bound:3562 nc:  1 ncall:1.6e+07 eff:0.1% logz-ratio=1954074.94+/-nan dlogz:1.027>0.01]   16092it [5:05:38, 17.02s/it, bound:3562 nc:1464 ncall:1.6e+07 eff:0.1% logz-ratio=1953415.14+/-0.11 dlogz:666.775>0.01]16096it [5:06:49, 17.28s/it, bound:3563 nc:1693 ncall:1.6e+07 eff:0.1% logz-ratio=1953416.24+/-0.17 dlogz:665.711>0.01]16099it [5:06:49, 12.10s/it, bound:3564 nc:  1 ncall:1.6e+07 eff:0.1% logz-ratio=1953923.48+/-0.35 dlogz:154.969>0.01] 16099it [5:07:00, 12.10s/it, bound:3564 nc:  1 ncall:1.6e+07 eff:0.1% logz-ratio=1954074.92+/-nan dlogz:1.027>0.01]   16100it [5:07:58, 19.14s/it, bound:3564 nc:1982 ncall:1.6e+07 eff:0.1% logz-ratio=1953417.24+/-0.14 dlogz:664.779>0.01]16103it [5:08:14, 14.41s/it, bound:3565 nc:2445 ncall:1.6e+07 eff:0.1% logz-ratio=1953418.22+/-0.14 dlogz:663.821>0.01]16104it [5:09:27, 22.75s/it, bound:3565 nc:2442 ncall:1.6e+07 eff:0.1% logz-ratio=1953418.52+/-0.18 dlogz:663.496>0.01]16108it [5:10:41, 20.79s/it, bound:3566 nc:2730 ncall:1.6e+07 eff:0.1% logz-ratio=1953419.72+/-0.16 dlogz:662.410>0.01]16112it [5:11:51, 19.55s/it, bound:3567 nc:2529 ncall:1.6e+07 eff:0.1% logz-ratio=1953421.96+/-0.21 dlogz:660.179>0.01]16115it [5:11:51, 13.79s/it, bound:3568 nc:  1 ncall:1.6e+07 eff:0.1% logz-ratio=1953698.37+/-0.28 dlogz:381.860>0.01] 16115it [5:12:10, 13.79s/it, bound:3568 nc:  1 ncall:1.6e+07 eff:0.1% logz-ratio=1954074.89+/-nan dlogz:1.027>0.01]   16116it [5:13:02, 20.79s/it, bound:3568 nc:2194 ncall:1.6e+07 eff:0.1% logz-ratio=1953423.25+/-0.14 dlogz:658.745>0.01]16120it [5:14:16, 19.84s/it, bound:3569 nc:2546 ncall:1.6e+07 eff:0.1% logz-ratio=1953424.21+/-0.17 dlogz:657.773>0.01]16124it [5:15:21, 18.50s/it, bound:3570 nc:2347 ncall:1.6e+07 eff:0.1% logz-ratio=1953426.65+/-0.25 dlogz:655.522>0.01]16126it [5:15:21, 14.63s/it, bound:3570 nc:  1 ncall:1.6e+07 eff:0.1% logz-ratio=1953673.84+/-0.27 dlogz:406.563>0.01] 16127it [5:15:40, 14.63s/it, bound:3571 nc:2279 ncall:1.6e+07 eff:0.1% logz-ratio=1953427.62+/-0.14 dlogz:654.353>0.01]16128it [5:16:31, 19.30s/it, bound:3571 nc:2540 ncall:1.6e+07 eff:0.1% logz-ratio=1953428.22+/-0.21 dlogz:661.018>0.01]16131it [5:16:31, 12.93s/it, bound:3572 nc:  1 ncall:1.6e+07 eff:0.1% logz-ratio=1953947.73+/-0.36 dlogz:137.574>0.01] 16131it [5:16:50, 12.93s/it, bound:3572 nc:  1 ncall:1.6e+07 eff:0.1% logz-ratio=1954081.72+/-0.52 dlogz:1.097>0.01]  16132it [5:17:37, 20.17s/it, bound:3572 nc:2372 ncall:1.6e+07 eff:0.1% logz-ratio=1953430.82+/-0.19 dlogz:658.454>0.01]16136it [5:18:38, 18.07s/it, bound:3573 nc:2217 ncall:1.6e+07 eff:0.1% logz-ratio=1953432.41+/-0.22 dlogz:656.507>0.01]16137it [5:18:57, 18.11s/it, bound:3573 nc:2279 ncall:1.6e+07 eff:0.1% logz-ratio=1953432.78+/-0.15 dlogz:656.208>0.01]16140it [5:19:59, 19.02s/it, bound:3574 nc:1723 ncall:1.6e+07 eff:0.1% logz-ratio=1953434.10+/-0.17 dlogz:655.034>0.01]16144it [5:20:55, 16.99s/it, bound:3575 nc:1776 ncall:1.6e+07 eff:0.1% logz-ratio=1953435.99+/-0.21 dlogz:653.096>0.01]16148it [5:21:54, 16.13s/it, bound:3576 nc:1724 ncall:1.6e+07 eff:0.1% logz-ratio=1953437.77+/-0.24 dlogz:651.289>0.01]16151it [5:21:54, 11.56s/it, bound:3577 nc:  1 ncall:1.7e+07 eff:0.1% logz-ratio=1953626.60+/-0.27 dlogz:461.087>0.01] 16151it [5:22:10, 11.56s/it, bound:3577 nc:  1 ncall:1.7e+07 eff:0.1% logz-ratio=1954081.68+/-0.52 dlogz:1.097>0.01]  16152it [5:22:47, 16.60s/it, bound:3577 nc:2072 ncall:1.7e+07 eff:0.1% logz-ratio=1953441.75+/-0.18 dlogz:647.435>0.01]16156it [5:23:46, 15.80s/it, bound:3578 nc:2083 ncall:1.7e+07 eff:0.1% logz-ratio=1953443.05+/-0.17 dlogz:645.786>0.01]16160it [5:24:47, 15.63s/it, bound:3579 nc:2158 ncall:1.7e+07 eff:0.1% logz-ratio=1953444.16+/-0.20 dlogz:644.690>0.01]16163it [5:24:47, 11.23s/it, bound:3580 nc:  1 ncall:1.7e+07 eff:0.1% logz-ratio=1953566.72+/-0.27 dlogz:521.257>0.01] 16163it [5:25:00, 11.23s/it, bound:3580 nc:  1 ncall:1.7e+07 eff:0.1% logz-ratio=1954081.70+/-0.44 dlogz:1.074>0.01]  16164it [5:25:40, 16.11s/it, bound:3580 nc:1795 ncall:1.7e+07 eff:0.1% logz-ratio=1953445.14+/-0.13 dlogz:643.691>0.01]16168it [5:26:36, 15.29s/it, bound:3581 nc:2105 ncall:1.7e+07 eff:0.1% logz-ratio=1953446.40+/-0.18 dlogz:642.477>0.01]16172it [5:27:43, 15.83s/it, bound:3582 nc:2375 ncall:1.7e+07 eff:0.1% logz-ratio=1953448.15+/-0.24 dlogz:640.965>0.01]16175it [5:27:43, 11.38s/it, bound:3583 nc:  1 ncall:1.7e+07 eff:0.1% logz-ratio=1953701.04+/-0.29 dlogz:386.143>0.01] 16175it [5:28:00, 11.38s/it, bound:3583 nc:  1 ncall:1.7e+07 eff:0.1% logz-ratio=1954081.67+/-0.44 dlogz:1.074>0.01]  16176it [5:28:39, 16.59s/it, bound:3583 nc:1808 ncall:1.7e+07 eff:0.1% logz-ratio=1953449.92+/-0.16 dlogz:639.043>0.01]16180it [5:29:34, 15.43s/it, bound:3584 nc:2013 ncall:1.7e+07 eff:0.1% logz-ratio=1953451.02+/-0.16 dlogz:637.729>0.01]16182it [5:29:52, 14.01s/it, bound:3584 nc:1960 ncall:1.7e+07 eff:0.1% logz-ratio=1953451.38+/-0.11 dlogz:637.327>0.01]16184it [5:30:50, 17.68s/it, bound:3585 nc:1926 ncall:1.7e+07 eff:0.1% logz-ratio=1953451.82+/-0.18 dlogz:636.950>0.01]16188it [5:31:56, 17.17s/it, bound:3586 nc:2336 ncall:1.7e+07 eff:0.1% logz-ratio=1953453.05+/-0.15 dlogz:635.832>0.01]16192it [5:32:54, 16.24s/it, bound:3587 nc:1612 ncall:1.7e+07 eff:0.1% logz-ratio=1953454.55+/-0.20 dlogz:634.324>0.01]16196it [5:34:06, 16.81s/it, bound:3588 nc:2286 ncall:1.7e+07 eff:0.1% logz-ratio=1953456.03+/-0.23 dlogz:632.917>0.01]16199it [5:34:06, 12.28s/it, bound:3589 nc:  1 ncall:1.7e+07 eff:0.1% logz-ratio=1953714.83+/-0.29 dlogz:372.253>0.01] 16199it [5:34:20, 12.28s/it, bound:3589 nc:  1 ncall:1.7e+07 eff:0.1% logz-ratio=1954081.62+/-0.44 dlogz:1.074>0.01]  16200it [5:35:06, 17.72s/it, bound:3589 nc:1832 ncall:1.7e+07 eff:0.1% logz-ratio=1953458.31+/-0.17 dlogz:630.656>0.01]16204it [5:36:12, 17.18s/it, bound:3590 nc:2090 ncall:1.7e+07 eff:0.1% logz-ratio=1953460.64+/-0.23 dlogz:628.461>0.01]16208it [5:37:07, 15.97s/it, bound:3591 nc:2122 ncall:1.7e+07 eff:0.1% logz-ratio=1953462.48+/-0.23 dlogz:626.377>0.01]16212it [5:38:07, 15.68s/it, bound:3592 nc:1921 ncall:1.7e+07 eff:0.1% logz-ratio=1953465.57+/-0.19 dlogz:623.535>0.01]16216it [5:39:08, 15.50s/it, bound:3593 nc:2157 ncall:1.7e+07 eff:0.1% logz-ratio=1953469.12+/-0.25 dlogz:645.264>0.01]16220it [5:40:04, 15.07s/it, bound:3594 nc:2076 ncall:1.7e+07 eff:0.1% logz-ratio=1953470.67+/-0.22 dlogz:643.349>0.01]16221it [5:40:22, 15.30s/it, bound:3594 nc:1936 ncall:1.7e+07 eff:0.1% logz-ratio=1953470.94+/-0.13 dlogz:643.010>0.01]16224it [5:41:19, 16.49s/it, bound:3595 nc:2053 ncall:1.7e+07 eff:0.1% logz-ratio=1953472.28+/-0.20 dlogz:642.110>0.01]16228it [5:42:24, 16.34s/it, bound:3596 nc:2245 ncall:1.7e+07 eff:0.1% logz-ratio=1953474.13+/-0.15 dlogz:639.884>0.01]16232it [5:43:30, 16.38s/it, bound:3597 nc:1989 ncall:1.7e+07 eff:0.1% logz-ratio=1953475.79+/-0.19 dlogz:638.226>0.01]16236it [5:44:28, 15.81s/it, bound:3598 nc:1861 ncall:1.7e+07 eff:0.1% logz-ratio=1953477.35+/-0.23 dlogz:636.789>0.01]16239it [5:44:28, 11.70s/it, bound:3599 nc:  1 ncall:1.7e+07 eff:0.1% logz-ratio=1953574.07+/-0.28 dlogz:539.075>0.01] 16239it [5:44:40, 11.70s/it, bound:3599 nc:  1 ncall:1.7e+07 eff:0.1% logz-ratio=1954106.73+/-0.53 dlogz:1.099>0.01]  16240it [5:45:28, 17.00s/it, bound:3599 nc:2083 ncall:1.7e+07 eff:0.1% logz-ratio=1953479.17+/-0.17 dlogz:634.966>0.01]16244it [5:46:26, 16.04s/it, bound:3600 nc:1727 ncall:1.7e+07 eff:0.1% logz-ratio=1953481.74+/-0.22 dlogz:632.471>0.01]16248it [5:47:24, 15.52s/it, bound:3601 nc:1925 ncall:1.7e+07 eff:0.1% logz-ratio=1953483.19+/-0.21 dlogz:630.705>0.01]16252it [5:48:23, 15.24s/it, bound:3602 nc:1768 ncall:1.7e+07 eff:0.1% logz-ratio=1953484.21+/-0.14 dlogz:629.716>0.01]16256it [5:49:16, 14.60s/it, bound:3603 nc:1936 ncall:1.7e+07 eff:0.1% logz-ratio=1953485.23+/-0.17 dlogz:628.651>0.01]16260it [5:50:08, 14.07s/it, bound:3604 nc:1594 ncall:1.7e+07 eff:0.1% logz-ratio=1953487.20+/-0.24 dlogz:627.040>0.01]16263it [5:50:08, 10.51s/it, bound:3605 nc:  1 ncall:1.7e+07 eff:0.1% logz-ratio=1953627.83+/-0.27 dlogz:485.018>0.01] 16263it [5:50:20, 10.51s/it, bound:3605 nc:  1 ncall:1.7e+07 eff:0.1% logz-ratio=1954106.68+/-0.67 dlogz:1.099>0.01]  16264it [5:51:03, 15.33s/it, bound:3605 nc:1973 ncall:1.7e+07 eff:0.1% logz-ratio=1953490.68+/-0.17 dlogz:623.414>0.01]16267it [5:51:25, 12.78s/it, bound:3606 nc:1841 ncall:1.7e+07 eff:0.1% logz-ratio=1953492.34+/-0.19 dlogz:621.877>0.01]16268it [5:52:26, 19.06s/it, bound:3606 nc:2151 ncall:1.7e+07 eff:0.1% logz-ratio=1953492.87+/-0.23 dlogz:621.241>0.01]16272it [5:53:24, 17.13s/it, bound:3607 nc:1860 ncall:1.7e+07 eff:0.1% logz-ratio=1953494.00+/-0.20 dlogz:619.802>0.01]16275it [5:53:24, 11.76s/it, bound:3608 nc:  1 ncall:1.7e+07 eff:0.1% logz-ratio=1953747.72+/-0.29 dlogz:364.367>0.01] 16275it [5:53:40, 11.76s/it, bound:3608 nc:  1 ncall:1.7e+07 eff:0.1% logz-ratio=1954106.66+/-0.67 dlogz:1.099>0.01]  16276it [5:54:26, 18.25s/it, bound:3608 nc:2009 ncall:1.7e+07 eff:0.1% logz-ratio=1953495.42+/-0.16 dlogz:618.565>0.01]16280it [5:55:27, 17.02s/it, bound:3609 nc:1418 ncall:1.7e+07 eff:0.1% logz-ratio=1953496.68+/-0.17 dlogz:617.124>0.01]16284it [5:56:24, 15.95s/it, bound:3610 nc:2011 ncall:1.7e+07 eff:0.1% logz-ratio=1953497.85+/-0.21 dlogz:616.202>0.01]16288it [5:57:24, 15.63s/it, bound:3611 nc:2059 ncall:1.7e+07 eff:0.1% logz-ratio=1953500.14+/-0.18 dlogz:613.990>0.01]16292it [5:58:17, 14.81s/it, bound:3612 nc:1574 ncall:1.7e+07 eff:0.1% logz-ratio=1953501.92+/-0.20 dlogz:612.080>0.01]16296it [5:59:12, 14.48s/it, bound:3613 nc:1872 ncall:1.7e+07 eff:0.1% logz-ratio=1953503.52+/-0.22 dlogz:610.308>0.01]16300it [6:00:06, 14.21s/it, bound:3614 nc:1821 ncall:1.7e+07 eff:0.1% logz-ratio=1953504.88+/-0.14 dlogz:608.958>0.01]16304it [6:01:00, 13.92s/it, bound:3615 nc:1790 ncall:1.7e+07 eff:0.1% logz-ratio=1953506.41+/-0.21 dlogz:607.552>0.01]16308it [6:01:54, 13.84s/it, bound:3616 nc:2230 ncall:1.7e+07 eff:0.1% logz-ratio=1953507.53+/-0.20 dlogz:606.244>0.01]16309it [6:02:11, 14.12s/it, bound:3616 nc:1945 ncall:1.7e+07 eff:0.1% logz-ratio=1953507.79+/-0.13 dlogz:605.972>0.01]16312it [6:03:00, 14.81s/it, bound:3617 nc:1623 ncall:1.7e+07 eff:0.1% logz-ratio=1953508.70+/-0.14 dlogz:605.082>0.01]16316it [6:03:53, 14.23s/it, bound:3618 nc:1568 ncall:1.7e+07 eff:0.1% logz-ratio=1953509.52+/-0.14 dlogz:604.121>0.01]16320it [6:04:42, 13.55s/it, bound:3619 nc:1717 ncall:1.7e+07 eff:0.1% logz-ratio=1953510.47+/-0.20 dlogz:603.403>0.01]16324it [6:05:33, 13.30s/it, bound:3620 nc:1955 ncall:1.7e+07 eff:0.1% logz-ratio=1953511.85+/-0.14 dlogz:601.951>0.01]16328it [6:06:33, 13.86s/it, bound:3621 nc:2130 ncall:1.7e+07 eff:0.1% logz-ratio=1953513.52+/-0.21 dlogz:600.383>0.01]16332it [6:07:30, 13.97s/it, bound:3622 nc:2091 ncall:1.7e+07 eff:0.1% logz-ratio=1953514.91+/-0.22 dlogz:598.894>0.01]16335it [6:07:30, 10.47s/it, bound:3623 nc:  1 ncall:1.7e+07 eff:0.1% logz-ratio=1953772.13+/-0.28 dlogz:339.823>0.01] 16335it [6:07:40, 10.47s/it, bound:3623 nc:  1 ncall:1.7e+07 eff:0.1% logz-ratio=1954106.54+/-0.68 dlogz:1.099>0.01]  16336it [6:08:23, 15.03s/it, bound:3623 nc:1593 ncall:1.7e+07 eff:0.1% logz-ratio=1953516.56+/-0.17 dlogz:597.366>0.01]16340it [6:09:17, 14.43s/it, bound:3624 nc:1491 ncall:1.7e+07 eff:0.1% logz-ratio=1953518.00+/-0.18 dlogz:595.759>0.01]16344it [6:10:10, 14.00s/it, bound:3625 nc:1938 ncall:1.7e+07 eff:0.1% logz-ratio=1953520.02+/-0.25 dlogz:594.520>0.01]16348it [6:11:04, 13.82s/it, bound:3626 nc:1960 ncall:1.7e+07 eff:0.1% logz-ratio=1953523.01+/-0.16 dlogz:590.818>0.01]16352it [6:11:57, 13.62s/it, bound:3627 nc:1303 ncall:1.7e+07 eff:0.1% logz-ratio=1953525.02+/-0.22 dlogz:588.936>0.01]16356it [6:12:44, 13.06s/it, bound:3628 nc:1458 ncall:1.7e+07 eff:0.1% logz-ratio=1953526.59+/-0.22 dlogz:587.182>0.01]16357it [6:13:02, 13.60s/it, bound:3628 nc:1808 ncall:1.7e+07 eff:0.1% logz-ratio=1953526.92+/-0.14 dlogz:586.815>0.01]16360it [6:13:55, 14.80s/it, bound:3629 nc:1966 ncall:1.7e+07 eff:0.1% logz-ratio=1953528.24+/-0.24 dlogz:585.510>0.01]16364it [6:14:45, 13.94s/it, bound:3630 nc:1501 ncall:1.7e+07 eff:0.1% logz-ratio=1953530.15+/-0.15 dlogz:583.579>0.01]16368it [6:15:36, 13.57s/it, bound:3631 nc:1487 ncall:1.7e+07 eff:0.1% logz-ratio=1953531.46+/-0.19 dlogz:582.251>0.01]16372it [6:16:28, 13.36s/it, bound:3632 nc:1746 ncall:1.7e+07 eff:0.1% logz-ratio=1953532.67+/-0.21 dlogz:581.131>0.01]16375it [6:16:28,  9.89s/it, bound:3633 nc:  1 ncall:1.7e+07 eff:0.1% logz-ratio=1953765.37+/-0.28 dlogz:346.674>0.01] 16375it [6:16:41,  9.89s/it, bound:3633 nc:  1 ncall:1.7e+07 eff:0.1% logz-ratio=1954106.46+/-0.68 dlogz:1.099>0.01]  16376it [6:17:19, 14.37s/it, bound:3633 nc:1678 ncall:1.7e+07 eff:0.1% logz-ratio=1953536.39+/-0.20 dlogz:577.788>0.01]16380it [6:18:06, 13.39s/it, bound:3634 nc:1810 ncall:1.7e+07 eff:0.1% logz-ratio=1953538.33+/-0.19 dlogz:575.322>0.01]16384it [6:18:59, 13.36s/it, bound:3635 nc:1778 ncall:1.7e+07 eff:0.1% logz-ratio=1953539.38+/-0.20 dlogz:574.311>0.01]16388it [6:19:52, 13.33s/it, bound:3636 nc:2025 ncall:1.7e+07 eff:0.1% logz-ratio=1953540.85+/-0.15 dlogz:572.866>0.01]16392it [6:20:47, 13.44s/it, bound:3637 nc:1666 ncall:1.7e+07 eff:0.1% logz-ratio=1953542.04+/-0.18 dlogz:571.567>0.01]16396it [6:21:40, 13.35s/it, bound:3638 nc:1997 ncall:1.7e+07 eff:0.1% logz-ratio=1953542.83+/-0.18 dlogz:570.681>0.01]16399it [6:21:40,  9.97s/it, bound:3639 nc:  1 ncall:1.7e+07 eff:0.1% logz-ratio=1953766.53+/-0.28 dlogz:345.496>0.01] 16399it [6:21:51,  9.97s/it, bound:3639 nc:  1 ncall:1.7e+07 eff:0.1% logz-ratio=1954106.41+/-0.69 dlogz:1.099>0.01]  16400it [6:22:35, 14.80s/it, bound:3639 nc:1883 ncall:1.7e+07 eff:0.1% logz-ratio=1953544.01+/-0.15 dlogz:569.694>0.01]16404it [6:23:32, 14.67s/it, bound:3640 nc:1642 ncall:1.7e+07 eff:0.1% logz-ratio=1953545.46+/-0.19 dlogz:568.178>0.01]16406it [6:23:51, 13.50s/it, bound:3640 nc:1935 ncall:1.7e+07 eff:0.1% logz-ratio=1953545.97+/-0.13 dlogz:567.599>0.01]16408it [6:24:45, 16.74s/it, bound:3641 nc:1950 ncall:1.7e+07 eff:0.1% logz-ratio=1953546.44+/-0.19 dlogz:567.079>0.01]16411it [6:24:46, 11.16s/it, bound:3642 nc:  1 ncall:1.7e+07 eff:0.1% logz-ratio=1953733.92+/-0.28 dlogz:378.286>0.01] 16411it [6:25:01, 11.16s/it, bound:3642 nc:  1 ncall:1.7e+07 eff:0.1% logz-ratio=1954106.39+/-0.69 dlogz:1.099>0.01]  16412it [6:25:41, 17.19s/it, bound:3642 nc:1490 ncall:1.7e+07 eff:0.1% logz-ratio=1953547.23+/-0.12 dlogz:566.285>0.01]16416it [6:26:38, 15.90s/it, bound:3643 nc:1659 ncall:1.7e+07 eff:0.1% logz-ratio=1953548.68+/-0.19 dlogz:564.894>0.01]16420it [6:27:30, 14.83s/it, bound:3644 nc:1688 ncall:1.7e+07 eff:0.1% logz-ratio=1953549.55+/-0.19 dlogz:563.956>0.01]16424it [6:28:22, 14.13s/it, bound:3645 nc:1882 ncall:1.7e+07 eff:0.1% logz-ratio=1953550.57+/-0.14 dlogz:563.030>0.01]16428it [6:29:10, 13.46s/it, bound:3646 nc:2025 ncall:1.7e+07 eff:0.1% logz-ratio=1953551.90+/-0.19 dlogz:561.701>0.01]16432it [6:29:58, 12.93s/it, bound:3647 nc:1776 ncall:1.7e+07 eff:0.1% logz-ratio=1953553.70+/-0.24 dlogz:560.165>0.01]16436it [6:30:48, 12.83s/it, bound:3648 nc:1899 ncall:1.7e+07 eff:0.1% logz-ratio=1953555.09+/-0.14 dlogz:558.455>0.01]16440it [6:31:43, 13.15s/it, bound:3649 nc:1748 ncall:1.7e+07 eff:0.1% logz-ratio=1953556.73+/-0.21 dlogz:556.915>0.01]16444it [6:32:32, 12.81s/it, bound:3650 nc:1768 ncall:1.7e+07 eff:0.1% logz-ratio=1953558.17+/-0.22 dlogz:555.417>0.01]16447it [6:32:32,  9.64s/it, bound:3651 nc:  1 ncall:1.7e+07 eff:0.1% logz-ratio=1953795.21+/-0.27 dlogz:316.588>0.01] 16447it [6:32:51,  9.64s/it, bound:3651 nc:  1 ncall:1.7e+07 eff:0.1% logz-ratio=1954106.31+/-0.70 dlogz:1.099>0.01]  16448it [6:33:23, 14.10s/it, bound:3651 nc:1752 ncall:1.7e+07 eff:0.1% logz-ratio=1953559.43+/-0.14 dlogz:554.123>0.01]16452it [6:34:14, 13.51s/it, bound:3652 nc:1832 ncall:1.7e+07 eff:0.1% logz-ratio=1953560.74+/-0.18 dlogz:552.766>0.01]16454it [6:34:26, 11.97s/it, bound:3652 nc:1648 ncall:1.7e+07 eff:0.1% logz-ratio=1953561.50+/-0.15 dlogz:552.094>0.01]16456it [6:35:14, 14.73s/it, bound:3653 nc:1808 ncall:1.7e+07 eff:0.1% logz-ratio=1953562.08+/-0.21 dlogz:551.408>0.01]16459it [6:35:14,  9.84s/it, bound:3654 nc:  1 ncall:1.7e+07 eff:0.1% logz-ratio=1953782.09+/-0.28 dlogz:329.823>0.01] 16459it [6:35:31,  9.84s/it, bound:3654 nc:  1 ncall:1.7e+07 eff:0.1% logz-ratio=1954106.29+/-0.70 dlogz:1.099>0.01]  16460it [6:36:03, 15.22s/it, bound:3654 nc:1878 ncall:1.7e+07 eff:0.1% logz-ratio=1953563.02+/-0.12 dlogz:550.388>0.01]16464it [6:36:53, 14.05s/it, bound:3655 nc:1878 ncall:1.7e+07 eff:0.1% logz-ratio=1953563.78+/-0.16 dlogz:549.633>0.01]16468it [6:37:36, 12.72s/it, bound:3656 nc:1632 ncall:1.7e+07 eff:0.1% logz-ratio=1953564.52+/-0.18 dlogz:548.838>0.01]16472it [6:38:22, 12.31s/it, bound:3657 nc:1751 ncall:1.7e+07 eff:0.1% logz-ratio=1953565.42+/-0.21 dlogz:547.995>0.01]16476it [6:39:08, 12.08s/it, bound:3658 nc:1784 ncall:1.7e+07 eff:0.1% logz-ratio=1953566.30+/-0.21 dlogz:547.081>0.01]16479it [6:39:09,  8.89s/it, bound:3659 nc:  1 ncall:1.7e+07 eff:0.1% logz-ratio=1953679.48+/-0.27 dlogz:433.026>0.01] 16479it [6:39:21,  8.89s/it, bound:3659 nc:  1 ncall:1.7e+07 eff:0.1% logz-ratio=1954106.25+/-0.70 dlogz:1.099>0.01]  16480it [6:39:57, 13.35s/it, bound:3659 nc:1700 ncall:1.7e+07 eff:0.1% logz-ratio=1953567.36+/-0.15 dlogz:546.181>0.01]16484it [6:40:44, 12.72s/it, bound:3660 nc:1481 ncall:1.7e+07 eff:0.1% logz-ratio=1953568.86+/-0.20 dlogz:544.707>0.01]16488it [6:41:34, 12.58s/it, bound:3661 nc:1876 ncall:1.7e+07 eff:0.1% logz-ratio=1953571.72+/-0.23 dlogz:541.875>0.01]16492it [6:42:22, 12.41s/it, bound:3662 nc:1818 ncall:1.7e+07 eff:0.1% logz-ratio=1953574.57+/-0.25 dlogz:538.987>0.01]16496it [6:43:08, 12.16s/it, bound:3663 nc:1865 ncall:1.7e+07 eff:0.1% logz-ratio=1953576.16+/-0.24 dlogz:537.300>0.01]16500it [6:44:12, 13.35s/it, bound:3664 nc:1995 ncall:1.7e+07 eff:0.1% logz-ratio=1953577.65+/-0.24 dlogz:535.799>0.01]16503it [6:44:12,  9.97s/it, bound:3665 nc:  1 ncall:1.7e+07 eff:0.1% logz-ratio=1953793.76+/-0.28 dlogz:319.645>0.01] 16503it [6:44:31,  9.97s/it, bound:3665 nc:  1 ncall:1.7e+07 eff:0.1% logz-ratio=1954108.11+/-nan dlogz:0.877>0.01]   16504it [6:45:19, 16.11s/it, bound:3665 nc:2600 ncall:1.7e+07 eff:0.1% logz-ratio=1953578.69+/-0.12 dlogz:536.196>0.01]16507it [6:45:31, 12.29s/it, bound:3666 nc:2531 ncall:1.7e+07 eff:0.1% logz-ratio=1953579.78+/-0.15 dlogz:535.256>0.01]16508it [6:46:38, 19.38s/it, bound:3666 nc:2608 ncall:1.7e+07 eff:0.1% logz-ratio=1953580.12+/-0.19 dlogz:534.877>0.01]16512it [6:47:52, 19.06s/it, bound:3667 nc:2626 ncall:1.7e+07 eff:0.1% logz-ratio=1953581.17+/-0.13 dlogz:533.725>0.01]16515it [6:48:58, 20.00s/it, bound:3668 nc:2283 ncall:1.7e+07 eff:0.1% logz-ratio=1953581.91+/-0.17 dlogz:533.018>0.01]16519it [6:50:08, 18.99s/it, bound:3669 nc:2459 ncall:1.7e+07 eff:0.1% logz-ratio=1953583.16+/-0.16 dlogz:531.866>0.01]16522it [6:50:08, 13.56s/it, bound:3670 nc:  1 ncall:1.7e+07 eff:0.1% logz-ratio=1953813.83+/-0.28 dlogz:299.444>0.01] 16522it [6:50:21, 13.56s/it, bound:3670 nc:  1 ncall:1.7e+07 eff:0.1% logz-ratio=1954108.07+/-nan dlogz:0.877>0.01]   16523it [6:51:16, 20.11s/it, bound:3670 nc:2297 ncall:1.7e+07 eff:0.1% logz-ratio=1953584.73+/-0.16 dlogz:530.296>0.01]16527it [6:52:19, 18.37s/it, bound:3671 nc:2031 ncall:1.7e+07 eff:0.1% logz-ratio=1953585.84+/-0.20 dlogz:528.970>0.01]16531it [6:53:35, 18.63s/it, bound:3672 nc:2435 ncall:1.7e+07 eff:0.1% logz-ratio=1953587.31+/-0.14 dlogz:527.624>0.01]16535it [6:54:50, 18.63s/it, bound:3673 nc:2289 ncall:1.7e+07 eff:0.1% logz-ratio=1953589.65+/-0.18 dlogz:525.477>0.01]16539it [6:56:06, 18.72s/it, bound:3674 nc:2615 ncall:1.7e+07 eff:0.1% logz-ratio=1953591.33+/-0.20 dlogz:523.663>0.01]16540it [6:56:19, 18.14s/it, bound:3674 nc:2611 ncall:1.7e+07 eff:0.1% logz-ratio=1953591.70+/-0.15 dlogz:523.262>0.01]16542it [6:57:25, 21.58s/it, bound:3675 nc:2324 ncall:1.7e+07 eff:0.1% logz-ratio=1953592.46+/-0.15 dlogz:522.500>0.01]16546it [6:58:31, 19.59s/it, bound:3676 nc:2341 ncall:1.7e+07 eff:0.1% logz-ratio=1953593.89+/-0.22 dlogz:521.302>0.01]16549it [6:58:31, 13.74s/it, bound:3677 nc:  1 ncall:1.7e+07 eff:0.1% logz-ratio=1953812.57+/-0.28 dlogz:300.728>0.01] 16549it [6:58:51, 13.74s/it, bound:3677 nc:  1 ncall:1.7e+07 eff:0.1% logz-ratio=1954108.01+/-nan dlogz:0.877>0.01]   16550it [6:59:35, 19.99s/it, bound:3677 nc:2265 ncall:1.7e+07 eff:0.1% logz-ratio=1953596.11+/-0.15 dlogz:518.845>0.01]16554it [7:00:40, 18.44s/it, bound:3678 nc:2106 ncall:1.7e+07 eff:0.1% logz-ratio=1953599.94+/-0.26 dlogz:515.093>0.01]16556it [7:00:40, 14.23s/it, bound:3678 nc:  1 ncall:1.7e+07 eff:0.1% logz-ratio=1953989.75+/-0.18 dlogz:121.630>0.01] 16557it [7:00:51, 14.23s/it, bound:3679 nc:2328 ncall:1.7e+07 eff:0.1% logz-ratio=1953600.79+/-0.12 dlogz:514.004>0.01]16558it [7:01:50, 19.32s/it, bound:3679 nc:2533 ncall:1.7e+07 eff:0.1% logz-ratio=1953601.03+/-0.17 dlogz:513.765>0.01]16561it [7:01:50, 12.66s/it, bound:3680 nc:  1 ncall:1.7e+07 eff:0.1% logz-ratio=1953827.82+/-0.28 dlogz:285.344>0.01] 16561it [7:02:01, 12.66s/it, bound:3680 nc:  1 ncall:1.7e+07 eff:0.1% logz-ratio=1954107.99+/-nan dlogz:0.877>0.01]   16562it [7:02:52, 19.60s/it, bound:3680 nc:2442 ncall:1.7e+07 eff:0.1% logz-ratio=1953602.28+/-0.14 dlogz:512.588>0.01]16566it [7:03:57, 18.14s/it, bound:3681 nc:2458 ncall:1.7e+07 eff:0.1% logz-ratio=1953603.29+/-0.20 dlogz:511.464>0.01]16570it [7:04:47, 15.88s/it, bound:3682 nc:1485 ncall:1.7e+07 eff:0.1% logz-ratio=1953604.57+/-0.20 dlogz:510.358>0.01]16574it [7:05:53, 16.13s/it, bound:3683 nc:2634 ncall:1.7e+07 eff:0.1% logz-ratio=1953605.91+/-0.21 dlogz:508.958>0.01]16578it [7:06:54, 15.87s/it, bound:3684 nc:2010 ncall:1.7e+07 eff:0.1% logz-ratio=1953608.05+/-0.22 dlogz:506.944>0.01]16580it [7:07:12, 14.49s/it, bound:3684 nc:2167 ncall:1.7e+07 eff:0.1% logz-ratio=1953608.85+/-0.15 dlogz:506.015>0.01]16582it [7:08:13, 17.93s/it, bound:3685 nc:2152 ncall:1.7e+07 eff:0.1% logz-ratio=1953609.51+/-0.22 dlogz:505.315>0.01]16586it [7:09:18, 17.31s/it, bound:3686 nc:2334 ncall:1.7e+07 eff:0.1% logz-ratio=1953612.20+/-0.19 dlogz:502.911>0.01]16590it [7:10:19, 16.64s/it, bound:3687 nc:2220 ncall:1.7e+07 eff:0.1% logz-ratio=1953613.55+/-0.17 dlogz:565.001>0.01]16593it [7:10:20, 12.08s/it, bound:3688 nc:  1 ncall:1.7e+07 eff:0.1% logz-ratio=1953836.75+/-0.27 dlogz:340.122>0.01] 16593it [7:10:31, 12.08s/it, bound:3688 nc:  1 ncall:1.7e+07 eff:0.1% logz-ratio=1954171.38+/-0.86 dlogz:1.099>0.01]  16594it [7:11:18, 17.42s/it, bound:3688 nc:2198 ncall:1.7e+07 eff:0.1% logz-ratio=1953614.53+/-0.12 dlogz:563.966>0.01]16598it [7:12:19, 16.57s/it, bound:3689 nc:2393 ncall:1.7e+07 eff:0.1% logz-ratio=1953616.12+/-0.20 dlogz:562.522>0.01]16601it [7:12:19, 11.62s/it, bound:3690 nc:  1 ncall:1.7e+07 eff:0.1% logz-ratio=1953832.48+/-0.28 dlogz:344.446>0.01] 16601it [7:12:31, 11.62s/it, bound:3690 nc:  1 ncall:1.7e+07 eff:0.1% logz-ratio=1954171.36+/-0.86 dlogz:1.099>0.01]  16602it [7:13:15, 17.20s/it, bound:3690 nc:1822 ncall:1.7e+07 eff:0.1% logz-ratio=1953617.17+/-0.13 dlogz:561.367>0.01]16606it [7:14:20, 16.72s/it, bound:3691 nc:2276 ncall:1.7e+07 eff:0.1% logz-ratio=1953618.67+/-0.19 dlogz:559.889>0.01]16609it [7:14:20, 11.57s/it, bound:3692 nc:  1 ncall:1.7e+07 eff:0.1% logz-ratio=1953708.70+/-0.28 dlogz:469.039>0.01] 16609it [7:14:31, 11.57s/it, bound:3692 nc:  1 ncall:1.7e+07 eff:0.1% logz-ratio=1954171.35+/-0.86 dlogz:1.099>0.01]  16610it [7:15:25, 18.48s/it, bound:3692 nc:1978 ncall:1.7e+07 eff:0.1% logz-ratio=1953619.84+/-0.14 dlogz:558.726>0.01]16614it [7:16:35, 18.03s/it, bound:3693 nc:2333 ncall:1.7e+07 eff:0.1% logz-ratio=1953622.20+/-0.20 dlogz:556.386>0.01]16616it [7:16:35, 13.86s/it, bound:3693 nc:  1 ncall:1.7e+07 eff:0.1% logz-ratio=1953843.79+/-0.28 dlogz:332.994>0.01] 16617it [7:16:51, 13.86s/it, bound:3694 nc:2442 ncall:1.7e+07 eff:0.1% logz-ratio=1953623.24+/-0.15 dlogz:555.350>0.01]16618it [7:17:44, 19.05s/it, bound:3694 nc:2801 ncall:1.7e+07 eff:0.1% logz-ratio=1953623.82+/-0.21 dlogz:554.998>0.01]16619it [7:18:01, 18.66s/it, bound:3694 nc:2608 ncall:1.7e+07 eff:0.1% logz-ratio=1953624.40+/-0.18 dlogz:554.413>0.01]16622it [7:19:09, 20.25s/it, bound:3695 nc:2598 ncall:1.7e+07 eff:0.1% logz-ratio=1953625.35+/-0.18 dlogz:553.143>0.01]16624it [7:19:09, 14.75s/it, bound:3695 nc:  1 ncall:1.7e+07 eff:0.1% logz-ratio=1953875.55+/-0.27 dlogz:300.974>0.01] 16625it [7:19:21, 14.75s/it, bound:3696 nc:2301 ncall:1.7e+07 eff:0.1% logz-ratio=1953626.18+/-0.16 dlogz:552.431>0.01]16626it [7:20:22, 20.77s/it, bound:3696 nc:2743 ncall:1.7e+07 eff:0.1% logz-ratio=1953626.59+/-0.20 dlogz:552.040>0.01]16629it [7:20:22, 12.99s/it, bound:3697 nc:  1 ncall:1.7e+07 eff:0.1% logz-ratio=1953838.38+/-0.28 dlogz:338.465>0.01] 16629it [7:20:41, 12.99s/it, bound:3697 nc:  1 ncall:1.7e+07 eff:0.1% logz-ratio=1954171.31+/-0.86 dlogz:1.099>0.01]  16630it [7:21:31, 21.59s/it, bound:3697 nc:2711 ncall:1.7e+07 eff:0.1% logz-ratio=1953627.79+/-0.13 dlogz:550.681>0.01]16634it [7:22:37, 19.20s/it, bound:3698 nc:2576 ncall:1.7e+07 eff:0.1% logz-ratio=1953628.64+/-0.19 dlogz:549.766>0.01]16636it [7:22:37, 14.43s/it, bound:3698 nc:  1 ncall:1.7e+07 eff:0.1% logz-ratio=1953857.78+/-0.29 dlogz:318.928>0.01] 16637it [7:22:51, 14.43s/it, bound:3699 nc:2023 ncall:1.7e+07 eff:0.1% logz-ratio=1953629.15+/-0.11 dlogz:549.217>0.01]16638it [7:23:34, 18.04s/it, bound:3699 nc:2289 ncall:1.7e+07 eff:0.1% logz-ratio=1953629.34+/-0.15 dlogz:549.050>0.01]16642it [7:24:29, 16.22s/it, bound:3700 nc:2143 ncall:1.7e+07 eff:0.1% logz-ratio=1953630.52+/-0.21 dlogz:547.949>0.01]16645it [7:24:29, 11.13s/it, bound:3701 nc:  1 ncall:1.7e+07 eff:0.1% logz-ratio=1953889.10+/-0.28 dlogz:339.017>0.01] 16645it [7:24:41, 11.13s/it, bound:3701 nc:  1 ncall:1.7e+07 eff:0.1% logz-ratio=1954222.96+/-0.65 dlogz:1.099>0.01]  16646it [7:25:20, 16.33s/it, bound:3701 nc:2074 ncall:1.7e+07 eff:0.1% logz-ratio=1953631.65+/-0.13 dlogz:598.501>0.01]16650it [7:26:22, 16.01s/it, bound:3702 nc:2023 ncall:1.7e+07 eff:0.1% logz-ratio=1953632.79+/-0.17 dlogz:597.310>0.01]16653it [7:26:22, 11.00s/it, bound:3703 nc:  1 ncall:1.7e+07 eff:0.1% logz-ratio=1953835.05+/-0.27 dlogz:393.558>0.01] 16653it [7:26:41, 11.00s/it, bound:3703 nc:  1 ncall:1.7e+07 eff:0.1% logz-ratio=1954222.95+/-0.65 dlogz:1.099>0.01]  16654it [7:27:27, 18.00s/it, bound:3703 nc:1867 ncall:1.7e+07 eff:0.1% logz-ratio=1953633.72+/-0.12 dlogz:596.375>0.01]16658it [7:28:26, 16.58s/it, bound:3704 nc:1503 ncall:1.8e+07 eff:0.1% logz-ratio=1953635.29+/-0.21 dlogz:595.004>0.01]16660it [7:28:35, 13.82s/it, bound:3704 nc:1828 ncall:1.8e+07 eff:0.1% logz-ratio=1953636.05+/-0.15 dlogz:594.157>0.01]16661it [7:28:51, 13.82s/it, bound:3705 nc:1874 ncall:1.8e+07 eff:0.1% logz-ratio=1953636.35+/-0.19 dlogz:593.793>0.01]16662it [7:29:28, 16.92s/it, bound:3705 nc:2280 ncall:1.8e+07 eff:0.1% logz-ratio=1953636.67+/-0.22 dlogz:593.490>0.01]16666it [7:30:22, 15.53s/it, bound:3706 nc:2212 ncall:1.8e+07 eff:0.1% logz-ratio=1953637.95+/-0.13 dlogz:592.147>0.01]16670it [7:31:17, 14.88s/it, bound:3707 nc:2224 ncall:1.8e+07 eff:0.1% logz-ratio=1953639.78+/-0.24 dlogz:590.703>0.01]16674it [7:32:20, 15.19s/it, bound:3708 nc:1956 ncall:1.8e+07 eff:0.1% logz-ratio=1953641.66+/-0.23 dlogz:588.465>0.01]16678it [7:33:17, 14.81s/it, bound:3709 nc:1895 ncall:1.8e+07 eff:0.1% logz-ratio=1953642.58+/-0.12 dlogz:587.427>0.01]16682it [7:34:14, 14.62s/it, bound:3710 nc:2269 ncall:1.8e+07 eff:0.1% logz-ratio=1953643.54+/-0.18 dlogz:586.517>0.01]16686it [7:35:07, 14.24s/it, bound:3711 nc:1908 ncall:1.8e+07 eff:0.1% logz-ratio=1953644.47+/-0.19 dlogz:585.554>0.01]16690it [7:35:55, 13.57s/it, bound:3712 nc:1880 ncall:1.8e+07 eff:0.1% logz-ratio=1953645.81+/-0.18 dlogz:584.510>0.01]16693it [7:35:56, 10.21s/it, bound:3713 nc:1909 ncall:1.8e+07 eff:0.1% logz-ratio=1953646.99+/-0.14 dlogz:583.073>0.01]16693it [7:36:11, 10.21s/it, bound:3713 nc:1909 ncall:1.8e+07 eff:0.1% logz-ratio=1953646.99+/-0.14 dlogz:583.073>0.01]16694it [7:36:48, 14.72s/it, bound:3713 nc:2048 ncall:1.8e+07 eff:0.1% logz-ratio=1953647.42+/-0.20 dlogz:582.786>0.01]16698it [7:37:44, 14.36s/it, bound:3714 nc:1831 ncall:1.8e+07 eff:0.1% logz-ratio=1953649.86+/-0.25 dlogz:580.410>0.01]16702it [7:38:38, 14.12s/it, bound:3715 nc:1959 ncall:1.8e+07 eff:0.1% logz-ratio=1953651.59+/-0.16 dlogz:578.584>0.01]16705it [7:39:01, 12.30s/it, bound:3716 nc:1646 ncall:1.8e+07 eff:0.1% logz-ratio=1953652.73+/-0.15 dlogz:577.394>0.01]16706it [7:39:49, 16.46s/it, bound:3716 nc:1933 ncall:1.8e+07 eff:0.1% logz-ratio=1953653.12+/-0.20 dlogz:577.018>0.01]16710it [7:40:39, 14.84s/it, bound:3717 nc:1440 ncall:1.8e+07 eff:0.1% logz-ratio=1953655.00+/-0.24 dlogz:575.189>0.01]16714it [7:41:32, 14.34s/it, bound:3718 nc:1892 ncall:1.8e+07 eff:0.1% logz-ratio=1953656.51+/-0.15 dlogz:573.568>0.01]16718it [7:42:23, 13.80s/it, bound:3719 nc:1685 ncall:1.8e+07 eff:0.1% logz-ratio=1953657.49+/-0.17 dlogz:572.455>0.01]16722it [7:43:15, 13.51s/it, bound:3720 nc:1585 ncall:1.8e+07 eff:0.1% logz-ratio=1953659.16+/-0.23 dlogz:570.917>0.01]16726it [7:44:16, 14.07s/it, bound:3721 nc:2280 ncall:1.8e+07 eff:0.1% logz-ratio=1953660.71+/-0.17 dlogz:569.467>0.01]16730it [7:45:14, 14.18s/it, bound:3722 nc:1945 ncall:1.8e+07 eff:0.1% logz-ratio=1953661.97+/-0.17 dlogz:567.974>0.01]16734it [7:46:06, 13.84s/it, bound:3723 nc:1832 ncall:1.8e+07 eff:0.1% logz-ratio=1953662.94+/-0.20 dlogz:567.031>0.01]16738it [7:46:56, 13.38s/it, bound:3724 nc:1548 ncall:1.8e+07 eff:0.1% logz-ratio=1953663.79+/-0.11 dlogz:566.071>0.01]16742it [7:47:48, 13.33s/it, bound:3725 nc:1705 ncall:1.8e+07 eff:0.1% logz-ratio=1953664.35+/-0.13 dlogz:565.462>0.01]16746it [7:48:40, 13.22s/it, bound:3726 nc:1582 ncall:1.8e+07 eff:0.1% logz-ratio=1953665.26+/-0.20 dlogz:564.664>0.01]16749it [7:48:40,  9.99s/it, bound:3727 nc:  1 ncall:1.8e+07 eff:0.1% logz-ratio=1953899.94+/-0.27 dlogz:328.127>0.01] 16749it [7:48:51,  9.99s/it, bound:3727 nc:  1 ncall:1.8e+07 eff:0.1% logz-ratio=1954222.75+/-0.56 dlogz:1.099>0.01]  16750it [7:49:28, 13.95s/it, bound:3727 nc:1873 ncall:1.8e+07 eff:0.1% logz-ratio=1953666.80+/-0.17 dlogz:563.362>0.01]16753it [7:49:39, 10.74s/it, bound:3728 nc:1645 ncall:1.8e+07 eff:0.1% logz-ratio=1953667.94+/-0.15 dlogz:562.078>0.01]16754it [7:50:31, 16.03s/it, bound:3728 nc:1725 ncall:1.8e+07 eff:0.1% logz-ratio=1953668.31+/-0.20 dlogz:561.720>0.01]16758it [7:51:26, 15.07s/it, bound:3729 nc:2182 ncall:1.8e+07 eff:0.1% logz-ratio=1953670.56+/-0.25 dlogz:559.653>0.01]16762it [7:52:24, 14.84s/it, bound:3730 nc:1845 ncall:1.8e+07 eff:0.1% logz-ratio=1953672.08+/-0.14 dlogz:557.873>0.01]16766it [7:53:18, 14.40s/it, bound:3731 nc:1843 ncall:1.8e+07 eff:0.1% logz-ratio=1953672.97+/-0.16 dlogz:556.888>0.01]16770it [7:54:09, 13.85s/it, bound:3732 nc:1903 ncall:1.8e+07 eff:0.1% logz-ratio=1953673.72+/-0.18 dlogz:556.060>0.01]16773it [7:54:09, 10.22s/it, bound:3733 nc:  1 ncall:1.8e+07 eff:0.1% logz-ratio=1953911.85+/-0.29 dlogz:316.079>0.01] 16773it [7:54:21, 10.22s/it, bound:3733 nc:  1 ncall:1.8e+07 eff:0.1% logz-ratio=1954222.71+/-0.56 dlogz:1.099>0.01]  16774it [7:55:04, 15.22s/it, bound:3733 nc:2173 ncall:1.8e+07 eff:0.1% logz-ratio=1953674.66+/-0.12 dlogz:555.183>0.01]16778it [7:56:09, 15.53s/it, bound:3734 nc:2141 ncall:1.8e+07 eff:0.1% logz-ratio=1953675.49+/-0.16 dlogz:554.323>0.01]16782it [7:57:08, 15.34s/it, bound:3735 nc:1970 ncall:1.8e+07 eff:0.1% logz-ratio=1953676.47+/-0.20 dlogz:553.388>0.01]16785it [7:57:09, 11.10s/it, bound:3736 nc:  1 ncall:1.8e+07 eff:0.1% logz-ratio=1953895.53+/-0.29 dlogz:332.551>0.01] 16785it [7:57:21, 11.10s/it, bound:3736 nc:  1 ncall:1.8e+07 eff:0.1% logz-ratio=1954222.68+/-0.57 dlogz:1.099>0.01]  16786it [7:58:06, 16.44s/it, bound:3736 nc:2156 ncall:1.8e+07 eff:0.1% logz-ratio=1953678.20+/-0.15 dlogz:551.760>0.01]16790it [7:59:03, 15.61s/it, bound:3737 nc:2336 ncall:1.8e+07 eff:0.1% logz-ratio=1953679.63+/-0.19 dlogz:550.253>0.01]16794it [8:00:03, 15.43s/it, bound:3738 nc:2197 ncall:1.8e+07 eff:0.1% logz-ratio=1953680.61+/-0.19 dlogz:549.171>0.01]16795it [8:00:25, 16.09s/it, bound:3738 nc:1978 ncall:1.8e+07 eff:0.1% logz-ratio=1953680.80+/-0.11 dlogz:548.964>0.01]16798it [8:01:25, 17.44s/it, bound:3739 nc:2306 ncall:1.8e+07 eff:0.1% logz-ratio=1953681.83+/-0.16 dlogz:548.129>0.01]16802it [8:02:20, 16.05s/it, bound:3740 nc:2206 ncall:1.8e+07 eff:0.1% logz-ratio=1953683.16+/-0.18 dlogz:546.687>0.01]16806it [8:03:09, 14.69s/it, bound:3741 nc:1825 ncall:1.8e+07 eff:0.1% logz-ratio=1953684.68+/-0.23 dlogz:545.288>0.01]16809it [8:03:10, 10.65s/it, bound:3742 nc:  1 ncall:1.8e+07 eff:0.1% logz-ratio=1953909.75+/-0.28 dlogz:318.246>0.01] 16809it [8:03:21, 10.65s/it, bound:3742 nc:  1 ncall:1.8e+07 eff:0.1% logz-ratio=1954222.63+/-0.57 dlogz:1.099>0.01]  16810it [8:04:01, 15.45s/it, bound:3742 nc:1802 ncall:1.8e+07 eff:0.1% logz-ratio=1953686.59+/-0.17 dlogz:543.435>0.01]16814it [8:04:56, 14.70s/it, bound:3743 nc:2157 ncall:1.8e+07 eff:0.1% logz-ratio=1953687.85+/-0.19 dlogz:541.980>0.01]16818it [8:05:46, 13.96s/it, bound:3744 nc:1858 ncall:1.8e+07 eff:0.1% logz-ratio=1953688.90+/-0.20 dlogz:564.749>0.01]16821it [8:05:47, 10.06s/it, bound:3745 nc:  1 ncall:1.8e+07 eff:0.1% logz-ratio=1953905.24+/-0.30 dlogz:346.642>0.01] 16821it [8:06:01, 10.06s/it, bound:3745 nc:  1 ncall:1.8e+07 eff:0.1% logz-ratio=1954246.46+/-0.51 dlogz:1.099>0.01]  16822it [8:06:44, 15.63s/it, bound:3745 nc:2147 ncall:1.8e+07 eff:0.1% logz-ratio=1953690.80+/-0.16 dlogz:562.967>0.01]16826it [8:07:36, 14.60s/it, bound:3746 nc:1952 ncall:1.8e+07 eff:0.1% logz-ratio=1953691.82+/-0.17 dlogz:561.776>0.01]16830it [8:08:24, 13.66s/it, bound:3747 nc:1714 ncall:1.8e+07 eff:0.1% logz-ratio=1953694.97+/-0.27 dlogz:559.120>0.01]16833it [8:08:24,  9.83s/it, bound:3748 nc:  1 ncall:1.8e+07 eff:0.1% logz-ratio=1953935.63+/-0.30 dlogz:315.999>0.01] 16833it [8:08:41,  9.83s/it, bound:3748 nc:  1 ncall:1.8e+07 eff:0.1% logz-ratio=1954246.44+/-0.48 dlogz:1.099>0.01]  16834it [8:09:18, 14.96s/it, bound:3748 nc:1632 ncall:1.8e+07 eff:0.1% logz-ratio=1953696.49+/-0.13 dlogz:557.123>0.01]16838it [8:10:15, 14.68s/it, bound:3749 nc:2261 ncall:1.8e+07 eff:0.1% logz-ratio=1953697.68+/-0.18 dlogz:555.939>0.01]16840it [8:10:33, 13.46s/it, bound:3749 nc:1794 ncall:1.8e+07 eff:0.1% logz-ratio=1953698.18+/-0.13 dlogz:555.408>0.01]16842it [8:11:30, 17.07s/it, bound:3750 nc:1748 ncall:1.8e+07 eff:0.1% logz-ratio=1953698.75+/-0.21 dlogz:554.907>0.01]16845it [8:11:30, 11.25s/it, bound:3751 nc:  1 ncall:1.8e+07 eff:0.1% logz-ratio=1953924.59+/-0.28 dlogz:327.120>0.01] 16845it [8:11:41, 11.25s/it, bound:3751 nc:  1 ncall:1.8e+07 eff:0.1% logz-ratio=1954246.42+/-0.46 dlogz:1.099>0.01]  16846it [8:12:25, 17.33s/it, bound:3751 nc:1858 ncall:1.8e+07 eff:0.1% logz-ratio=1953700.10+/-0.15 dlogz:553.592>0.01]16850it [8:13:25, 16.34s/it, bound:3752 nc:1612 ncall:1.8e+07 eff:0.1% logz-ratio=1953701.45+/-0.20 dlogz:552.227>0.01]16854it [8:14:20, 15.35s/it, bound:3753 nc:1910 ncall:1.8e+07 eff:0.1% logz-ratio=1953702.68+/-0.21 dlogz:550.997>0.01]16857it [8:14:20, 10.85s/it, bound:3754 nc:  1 ncall:1.8e+07 eff:0.1% logz-ratio=1953925.34+/-0.28 dlogz:326.367>0.01] 16857it [8:14:31, 10.85s/it, bound:3754 nc:  1 ncall:1.8e+07 eff:0.1% logz-ratio=1954246.39+/-0.46 dlogz:1.099>0.01]  16858it [8:15:10, 15.59s/it, bound:3754 nc:1664 ncall:1.8e+07 eff:0.1% logz-ratio=1953703.87+/-0.12 dlogz:549.664>0.01]16862it [8:16:08, 15.15s/it, bound:3755 nc:2283 ncall:1.8e+07 eff:0.1% logz-ratio=1953704.93+/-0.17 dlogz:548.624>0.01]16866it [8:17:01, 14.49s/it, bound:3756 nc:1882 ncall:1.8e+07 eff:0.1% logz-ratio=1953705.99+/-0.20 dlogz:547.523>0.01]16869it [8:17:02, 10.38s/it, bound:3757 nc:  1 ncall:1.8e+07 eff:0.1% logz-ratio=1953901.61+/-0.29 dlogz:350.306>0.01] 16869it [8:17:21, 10.38s/it, bound:3757 nc:  1 ncall:1.8e+07 eff:0.1% logz-ratio=1954246.37+/-0.46 dlogz:1.099>0.01]  16870it [8:17:56, 15.62s/it, bound:3757 nc:1904 ncall:1.8e+07 eff:0.1% logz-ratio=1953707.27+/-0.15 dlogz:546.364>0.01]16874it [8:18:50, 14.76s/it, bound:3758 nc:1968 ncall:1.8e+07 eff:0.1% logz-ratio=1953708.81+/-0.20 dlogz:544.829>0.01]16878it [8:19:45, 14.38s/it, bound:3759 nc:1837 ncall:1.8e+07 eff:0.1% logz-ratio=1953710.42+/-0.22 dlogz:543.118>0.01]16881it [8:19:45, 10.33s/it, bound:3760 nc:  1 ncall:1.8e+07 eff:0.1% logz-ratio=1953913.78+/-0.28 dlogz:338.037>0.01] 16881it [8:20:01, 10.33s/it, bound:3760 nc:  1 ncall:1.8e+07 eff:0.1% logz-ratio=1954246.34+/-0.46 dlogz:1.099>0.01]  16882it [8:20:44, 16.10s/it, bound:3760 nc:2083 ncall:1.8e+07 eff:0.1% logz-ratio=1953711.90+/-0.17 dlogz:541.813>0.01]16885it [8:21:07, 13.23s/it, bound:3761 nc:2285 ncall:1.8e+07 eff:0.1% logz-ratio=1953713.06+/-0.15 dlogz:540.561>0.01]16886it [8:22:04, 19.31s/it, bound:3761 nc:2172 ncall:1.8e+07 eff:0.1% logz-ratio=1953713.41+/-0.20 dlogz:540.183>0.01]16890it [8:22:57, 16.64s/it, bound:3762 nc:2041 ncall:1.8e+07 eff:0.1% logz-ratio=1953714.81+/-0.22 dlogz:538.722>0.01]16893it [8:22:57, 11.31s/it, bound:3763 nc:  1 ncall:1.8e+07 eff:0.1% logz-ratio=1953868.60+/-0.28 dlogz:383.591>0.01] 16893it [8:23:11, 11.31s/it, bound:3763 nc:  1 ncall:1.8e+07 eff:0.1% logz-ratio=1954246.32+/-0.47 dlogz:1.099>0.01]  16894it [8:23:55, 17.48s/it, bound:3763 nc:1598 ncall:1.8e+07 eff:0.1% logz-ratio=1953715.90+/-0.13 dlogz:537.564>0.01]16898it [8:24:49, 15.78s/it, bound:3764 nc:1694 ncall:1.8e+07 eff:0.1% logz-ratio=1953716.69+/-0.15 dlogz:536.695>0.01]16902it [8:25:42, 14.81s/it, bound:3765 nc:1888 ncall:1.8e+07 eff:0.1% logz-ratio=1953717.64+/-0.20 dlogz:535.957>0.01]16905it [8:25:42, 10.53s/it, bound:3766 nc:  1 ncall:1.8e+07 eff:0.1% logz-ratio=1953925.25+/-0.28 dlogz:326.470>0.01] 16905it [8:26:01, 10.53s/it, bound:3766 nc:  1 ncall:1.8e+07 eff:0.1% logz-ratio=1954246.30+/-0.48 dlogz:1.099>0.01]  16906it [8:26:36, 15.85s/it, bound:3766 nc:1989 ncall:1.8e+07 eff:0.1% logz-ratio=1953719.32+/-0.14 dlogz:534.196>0.01]16910it [8:27:43, 16.19s/it, bound:3767 nc:2595 ncall:1.8e+07 eff:0.1% logz-ratio=1953720.74+/-0.21 dlogz:532.885>0.01]16914it [8:28:51, 16.49s/it, bound:3768 nc:2670 ncall:1.8e+07 eff:0.1% logz-ratio=1953721.94+/-0.13 dlogz:531.503>0.01]16918it [8:30:03, 17.00s/it, bound:3769 nc:2522 ncall:1.8e+07 eff:0.1% logz-ratio=1953723.37+/-0.19 dlogz:530.401>0.01]16922it [8:31:17, 17.53s/it, bound:3770 nc:2592 ncall:1.8e+07 eff:0.1% logz-ratio=1953725.07+/-0.19 dlogz:528.428>0.01]16923it [8:31:40, 18.01s/it, bound:3770 nc:2632 ncall:1.8e+07 eff:0.1% logz-ratio=1953725.36+/-0.14 dlogz:528.101>0.01]16926it [8:32:47, 19.42s/it, bound:3771 nc:2160 ncall:1.8e+07 eff:0.1% logz-ratio=1953726.25+/-0.19 dlogz:527.257>0.01]16928it [8:32:47, 14.99s/it, bound:3771 nc:  1 ncall:1.8e+07 eff:0.1% logz-ratio=1953923.73+/-0.28 dlogz:328.002>0.01] 16929it [8:33:01, 14.99s/it, bound:3772 nc:2029 ncall:1.8e+07 eff:0.1% logz-ratio=1953727.05+/-0.13 dlogz:526.354>0.01]16930it [8:33:47, 18.60s/it, bound:3772 nc:1964 ncall:1.8e+07 eff:0.1% logz-ratio=1953727.24+/-0.16 dlogz:526.112>0.01]16934it [8:34:52, 17.67s/it, bound:3773 nc:2187 ncall:1.8e+07 eff:0.1% logz-ratio=1953727.97+/-0.12 dlogz:525.401>0.01]16938it [8:36:06, 17.99s/it, bound:3774 nc:2438 ncall:1.8e+07 eff:0.1% logz-ratio=1953729.96+/-0.19 dlogz:523.806>0.01]16941it [8:36:06, 12.88s/it, bound:3775 nc:  1 ncall:1.8e+07 eff:0.1% logz-ratio=1953830.46+/-0.28 dlogz:422.051>0.01] 16941it [8:36:21, 12.88s/it, bound:3775 nc:  1 ncall:1.8e+07 eff:0.1% logz-ratio=1954246.22+/-0.48 dlogz:1.099>0.01]  16942it [8:37:14, 19.43s/it, bound:3775 nc:2556 ncall:1.8e+07 eff:0.1% logz-ratio=1953731.45+/-0.13 dlogz:521.942>0.01]16946it [8:38:20, 18.23s/it, bound:3776 nc:2263 ncall:1.8e+07 eff:0.1% logz-ratio=1953733.36+/-0.22 dlogz:520.193>0.01]16950it [8:39:28, 17.76s/it, bound:3777 nc:2340 ncall:1.8e+07 eff:0.1% logz-ratio=1953734.84+/-0.21 dlogz:518.714>0.01]16953it [8:39:28, 12.76s/it, bound:3778 nc:  1 ncall:1.8e+07 eff:0.1% logz-ratio=1953833.59+/-0.28 dlogz:418.892>0.01] 16953it [8:39:41, 12.76s/it, bound:3778 nc:  1 ncall:1.8e+07 eff:0.1% logz-ratio=1954246.20+/-0.48 dlogz:1.099>0.01]  16954it [8:40:42, 20.00s/it, bound:3778 nc:2667 ncall:1.8e+07 eff:0.1% logz-ratio=1953736.07+/-0.14 dlogz:517.344>0.01]16958it [8:41:52, 19.00s/it, bound:3779 nc:2346 ncall:1.8e+07 eff:0.1% logz-ratio=1953737.57+/-0.22 dlogz:515.882>0.01]16959it [8:42:11, 18.98s/it, bound:3779 nc:2455 ncall:1.8e+07 eff:0.1% logz-ratio=1953737.95+/-0.15 dlogz:515.525>0.01]16962it [8:43:22, 20.64s/it, bound:3780 nc:1910 ncall:1.8e+07 eff:0.1% logz-ratio=1953739.23+/-0.21 dlogz:563.308>0.01]16965it [8:43:22, 13.77s/it, bound:3781 nc:  1 ncall:1.8e+07 eff:0.1% logz-ratio=1953947.51+/-0.28 dlogz:352.926>0.01] 16965it [8:43:41, 13.77s/it, bound:3781 nc:  1 ncall:1.8e+07 eff:0.1% logz-ratio=1954295.11+/-0.46 dlogz:1.099>0.01]  16966it [8:44:25, 20.55s/it, bound:3781 nc:2258 ncall:1.8e+07 eff:0.1% logz-ratio=1953740.60+/-0.14 dlogz:561.737>0.01]16970it [8:45:29, 18.53s/it, bound:3782 nc:2191 ncall:1.8e+07 eff:0.1% logz-ratio=1953741.75+/-0.18 dlogz:560.495>0.01]16974it [8:46:34, 17.67s/it, bound:3783 nc:2256 ncall:1.8e+07 eff:0.1% logz-ratio=1953742.72+/-0.20 dlogz:559.553>0.01]16977it [8:46:34, 12.51s/it, bound:3784 nc:  1 ncall:1.8e+07 eff:0.1% logz-ratio=1953922.77+/-0.28 dlogz:377.871>0.01] 16977it [8:46:51, 12.51s/it, bound:3784 nc:  1 ncall:1.8e+07 eff:0.1% logz-ratio=1954295.08+/-0.46 dlogz:1.099>0.01]  16978it [8:47:37, 18.60s/it, bound:3784 nc:2104 ncall:1.8e+07 eff:0.1% logz-ratio=1953744.02+/-0.15 dlogz:558.327>0.01]16982it [8:48:41, 17.58s/it, bound:3785 nc:2398 ncall:1.8e+07 eff:0.1% logz-ratio=1953745.35+/-0.19 dlogz:557.001>0.01]16986it [8:49:49, 17.41s/it, bound:3786 nc:2379 ncall:1.8e+07 eff:0.1% logz-ratio=1953747.14+/-0.24 dlogz:555.282>0.01]16989it [8:49:50, 12.47s/it, bound:3787 nc:  1 ncall:1.8e+07 eff:0.1% logz-ratio=1953926.43+/-0.29 dlogz:374.184>0.01] 16989it [8:50:01, 12.47s/it, bound:3787 nc:  1 ncall:1.8e+07 eff:0.1% logz-ratio=1954295.06+/-0.47 dlogz:1.099>0.01]  16990it [8:50:53, 18.51s/it, bound:3787 nc:2217 ncall:1.8e+07 eff:0.1% logz-ratio=1953748.51+/-0.14 dlogz:553.773>0.01]16993it [8:51:57, 19.51s/it, bound:3788 nc:2318 ncall:1.8e+07 eff:0.1% logz-ratio=1953749.47+/-0.15 dlogz:552.841>0.01]16996it [8:51:57, 13.17s/it, bound:3789 nc:  1 ncall:1.8e+07 eff:0.1% logz-ratio=1953918.76+/-0.29 dlogz:381.916>0.01] 16996it [8:52:11, 13.17s/it, bound:3789 nc:  1 ncall:1.8e+07 eff:0.1% logz-ratio=1954295.04+/-0.47 dlogz:1.099>0.01]  16997it [8:53:03, 20.23s/it, bound:3789 nc:2263 ncall:1.8e+07 eff:0.1% logz-ratio=1953751.22+/-0.15 dlogz:551.057>0.01]16999it [8:53:26, 17.85s/it, bound:3789 nc:2301 ncall:1.8e+07 eff:0.1% logz-ratio=1953751.72+/-0.13 dlogz:550.460>0.01]17001it [8:54:28, 21.58s/it, bound:3790 nc:2013 ncall:1.8e+07 eff:0.1% logz-ratio=1953752.20+/-0.20 dlogz:549.989>0.01]17004it [8:54:28, 13.43s/it, bound:3791 nc:  1 ncall:1.8e+07 eff:0.1% logz-ratio=1953920.98+/-0.28 dlogz:379.685>0.01] 17004it [8:54:41, 13.43s/it, bound:3791 nc:  1 ncall:1.8e+07 eff:0.1% logz-ratio=1954295.03+/-0.47 dlogz:1.099>0.01]  17005it [8:55:27, 20.29s/it, bound:3791 nc:2044 ncall:1.8e+07 eff:0.1% logz-ratio=1953753.26+/-0.13 dlogz:548.936>0.01]17009it [8:56:29, 18.07s/it, bound:3792 nc:2326 ncall:1.8e+07 eff:0.1% logz-ratio=1953754.70+/-0.20 dlogz:547.636>0.01]17013it [8:57:32, 17.20s/it, bound:3793 nc:2395 ncall:1.8e+07 eff:0.1% logz-ratio=1953755.97+/-0.21 dlogz:546.215>0.01]17016it [8:57:32, 12.05s/it, bound:3794 nc:  1 ncall:1.8e+07 eff:0.1% logz-ratio=1953929.15+/-0.29 dlogz:371.444>0.01] 17016it [8:57:51, 12.05s/it, bound:3794 nc:  1 ncall:1.8e+07 eff:0.1% logz-ratio=1954295.00+/-0.47 dlogz:1.099>0.01]  17017it [8:58:30, 17.78s/it, bound:3794 nc:2159 ncall:1.8e+07 eff:0.1% logz-ratio=1953757.64+/-0.19 dlogz:544.885>0.01]17021it [8:59:24, 16.00s/it, bound:3795 nc:2101 ncall:1.8e+07 eff:0.1% logz-ratio=1953759.00+/-0.18 dlogz:543.174>0.01]17025it [9:00:19, 15.12s/it, bound:3796 nc:2033 ncall:1.8e+07 eff:0.1% logz-ratio=1953760.18+/-0.21 dlogz:542.051>0.01]17028it [9:00:19, 10.81s/it, bound:3797 nc:  1 ncall:1.8e+07 eff:0.1% logz-ratio=1953900.48+/-0.28 dlogz:400.330>0.01] 17028it [9:00:31, 10.81s/it, bound:3797 nc:  1 ncall:1.8e+07 eff:0.1% logz-ratio=1954294.98+/-0.47 dlogz:1.099>0.01]  17029it [9:01:17, 16.50s/it, bound:3797 nc:1738 ncall:1.8e+07 eff:0.1% logz-ratio=1953762.19+/-0.15 dlogz:540.062>0.01]17032it [9:02:11, 16.97s/it, bound:3798 nc:3683 ncall:1.8e+07 eff:0.1% logz-ratio=1953763.10+/-0.14 dlogz:539.063>0.01]17036it [9:03:09, 15.99s/it, bound:3799 nc:2105 ncall:1.8e+07 eff:0.1% logz-ratio=1953764.50+/-0.22 dlogz:537.709>0.01]17040it [9:04:05, 15.30s/it, bound:3800 nc:1954 ncall:1.8e+07 eff:0.1% logz-ratio=1953765.65+/-0.15 dlogz:536.541>0.01]17043it [9:04:29, 13.25s/it, bound:3801 nc:1967 ncall:1.8e+07 eff:0.1% logz-ratio=1953767.47+/-0.19 dlogz:535.049>0.01]17044it [9:05:25, 18.28s/it, bound:3801 nc:1729 ncall:1.8e+07 eff:0.1% logz-ratio=1953767.94+/-0.23 dlogz:534.391>0.01]17048it [9:06:17, 16.14s/it, bound:3802 nc:1627 ncall:1.8e+07 eff:0.1% logz-ratio=1953769.14+/-0.21 dlogz:533.004>0.01]17051it [9:06:17, 11.31s/it, bound:3803 nc:  1 ncall:1.8e+07 eff:0.1% logz-ratio=1953937.66+/-0.28 dlogz:362.875>0.01] 17051it [9:06:31, 11.31s/it, bound:3803 nc:  1 ncall:1.8e+07 eff:0.1% logz-ratio=1954294.93+/-0.46 dlogz:1.099>0.01]  17052it [9:07:07, 16.14s/it, bound:3803 nc:1912 ncall:1.8e+07 eff:0.1% logz-ratio=1953770.16+/-0.12 dlogz:531.908>0.01]17056it [9:07:58, 14.72s/it, bound:3804 nc:1944 ncall:1.8e+07 eff:0.1% logz-ratio=1953770.98+/-0.16 dlogz:531.060>0.01]17060it [9:08:50, 14.08s/it, bound:3805 nc:1380 ncall:1.8e+07 eff:0.1% logz-ratio=1953771.80+/-0.18 dlogz:530.209>0.01]17064it [9:09:46, 14.06s/it, bound:3806 nc:1981 ncall:1.8e+07 eff:0.1% logz-ratio=1953772.49+/-0.11 dlogz:529.497>0.01]17068it [9:10:38, 13.67s/it, bound:3807 nc:1658 ncall:1.8e+07 eff:0.1% logz-ratio=1953773.22+/-0.15 dlogz:528.766>0.01]17072it [9:11:31, 13.59s/it, bound:3808 nc:2037 ncall:1.8e+07 eff:0.1% logz-ratio=1953773.89+/-0.17 dlogz:528.091>0.01]17075it [9:11:31, 10.12s/it, bound:3809 nc:  1 ncall:1.8e+07 eff:0.1% logz-ratio=1953941.70+/-0.28 dlogz:358.786>0.01] 17075it [9:11:51, 10.12s/it, bound:3809 nc:  1 ncall:1.8e+07 eff:0.1% logz-ratio=1954294.89+/-0.47 dlogz:1.099>0.01]  17076it [9:12:21, 14.42s/it, bound:3809 nc:1649 ncall:1.8e+07 eff:0.1% logz-ratio=1953775.68+/-0.19 dlogz:526.764>0.01]17080it [9:13:13, 13.82s/it, bound:3810 nc:1628 ncall:1.8e+07 eff:0.1% logz-ratio=1953777.33+/-0.15 dlogz:524.822>0.01]17084it [9:14:02, 13.33s/it, bound:3811 nc:1667 ncall:1.8e+07 eff:0.1% logz-ratio=1953778.85+/-0.20 dlogz:523.269>0.01]17088it [9:14:53, 13.13s/it, bound:3812 nc:1957 ncall:1.8e+07 eff:0.1% logz-ratio=1953779.79+/-0.19 dlogz:522.185>0.01]17089it [9:15:16, 14.20s/it, bound:3812 nc:1346 ncall:1.8e+07 eff:0.1% logz-ratio=1953779.99+/-0.12 dlogz:521.975>0.01]17092it [9:16:16, 16.03s/it, bound:3813 nc:1868 ncall:1.8e+07 eff:0.1% logz-ratio=1953780.50+/-0.11 dlogz:521.442>0.01]17096it [9:17:20, 15.95s/it, bound:3814 nc:2158 ncall:1.8e+07 eff:0.1% logz-ratio=1953781.59+/-0.19 dlogz:520.431>0.01]17100it [9:18:26, 16.18s/it, bound:3815 nc:2425 ncall:1.8e+07 eff:0.1% logz-ratio=1953782.73+/-0.21 dlogz:519.456>0.01]17103it [9:18:26, 11.79s/it, bound:3816 nc:  1 ncall:1.8e+07 eff:0.1% logz-ratio=1953946.72+/-0.28 dlogz:353.742>0.01] 17103it [9:18:41, 11.79s/it, bound:3816 nc:  1 ncall:1.8e+07 eff:0.1% logz-ratio=1954294.83+/-0.47 dlogz:1.099>0.01]  17104it [9:19:32, 18.03s/it, bound:3816 nc:2309 ncall:1.8e+07 eff:0.1% logz-ratio=1953784.13+/-0.15 dlogz:517.963>0.01]17108it [9:20:37, 17.26s/it, bound:3817 nc:2328 ncall:1.8e+07 eff:0.1% logz-ratio=1953785.34+/-0.18 dlogz:516.706>0.01]17111it [9:20:37, 12.13s/it, bound:3818 nc:  1 ncall:1.8e+07 eff:0.1% logz-ratio=1953940.79+/-0.28 dlogz:359.727>0.01] 17111it [9:20:51, 12.13s/it, bound:3818 nc:  1 ncall:1.8e+07 eff:0.1% logz-ratio=1954294.81+/-0.45 dlogz:1.099>0.01]  17112it [9:21:40, 18.50s/it, bound:3818 nc:2339 ncall:1.8e+07 eff:0.1% logz-ratio=1953786.44+/-0.12 dlogz:515.498>0.01]17116it [9:22:35, 16.49s/it, bound:3819 nc:1677 ncall:1.8e+07 eff:0.1% logz-ratio=1953787.36+/-0.20 dlogz:514.606>0.01]17119it [9:22:35, 11.42s/it, bound:3820 nc:  1 ncall:1.8e+07 eff:0.1% logz-ratio=1953946.72+/-0.28 dlogz:353.766>0.01] 17119it [9:22:51, 11.42s/it, bound:3820 nc:  1 ncall:1.8e+07 eff:0.1% logz-ratio=1954294.80+/-0.45 dlogz:1.099>0.01]  17120it [9:23:40, 18.27s/it, bound:3820 nc:2359 ncall:1.8e+07 eff:0.1% logz-ratio=1953788.16+/-0.11 dlogz:513.732>0.01]17124it [9:24:31, 15.93s/it, bound:3821 nc:1909 ncall:1.8e+07 eff:0.1% logz-ratio=1953789.40+/-0.15 dlogz:512.628>0.01]17128it [9:25:34, 15.84s/it, bound:3822 nc:1872 ncall:1.8e+07 eff:0.1% logz-ratio=1953790.88+/-0.21 dlogz:511.267>0.01]17130it [9:25:45, 13.64s/it, bound:3822 nc:2413 ncall:1.8e+07 eff:0.1% logz-ratio=1953791.86+/-0.17 dlogz:510.277>0.01]17132it [9:26:46, 17.56s/it, bound:3823 nc:2183 ncall:1.8e+07 eff:0.1% logz-ratio=1953792.61+/-0.23 dlogz:509.430>0.01]17135it [9:26:46, 11.74s/it, bound:3824 nc:  1 ncall:1.8e+07 eff:0.1% logz-ratio=1953847.29+/-0.28 dlogz:453.985>0.01] 17135it [9:27:01, 11.74s/it, bound:3824 nc:  1 ncall:1.8e+07 eff:0.1% logz-ratio=1954294.77+/-0.45 dlogz:1.099>0.01]  17136it [9:27:44, 18.11s/it, bound:3824 nc:2089 ncall:1.8e+07 eff:0.1% logz-ratio=1953793.74+/-0.14 dlogz:508.237>0.01]17140it [9:28:41, 16.44s/it, bound:3825 nc:2056 ncall:1.8e+07 eff:0.1% logz-ratio=1953794.96+/-0.19 dlogz:507.021>0.01]17144it [9:29:43, 16.01s/it, bound:3826 nc:1819 ncall:1.8e+07 eff:0.1% logz-ratio=1953796.39+/-0.23 dlogz:505.648>0.01]17147it [9:29:43, 11.34s/it, bound:3827 nc:  1 ncall:1.8e+07 eff:0.1% logz-ratio=1953831.62+/-0.28 dlogz:469.792>0.01] 17147it [9:30:01, 11.34s/it, bound:3827 nc:  1 ncall:1.8e+07 eff:0.1% logz-ratio=1954294.74+/-0.45 dlogz:1.099>0.01]  17148it [9:30:58, 19.17s/it, bound:3827 nc:1878 ncall:1.9e+07 eff:0.1% logz-ratio=1953797.79+/-0.14 dlogz:504.163>0.01]17152it [9:32:14, 19.11s/it, bound:3828 nc:2718 ncall:1.9e+07 eff:0.1% logz-ratio=1953798.70+/-0.17 dlogz:503.168>0.01]17154it [9:32:14, 14.79s/it, bound:3828 nc:  1 ncall:1.9e+07 eff:0.1% logz-ratio=1954083.71+/-0.34 dlogz:214.964>0.01] 17155it [9:32:31, 14.79s/it, bound:3829 nc:2648 ncall:1.9e+07 eff:0.1% logz-ratio=1953799.36+/-0.13 dlogz:502.530>0.01]17156it [9:33:25, 19.85s/it, bound:3829 nc:2695 ncall:1.9e+07 eff:0.1% logz-ratio=1953799.71+/-0.19 dlogz:502.279>0.01]17160it [9:34:41, 19.50s/it, bound:3830 nc:2267 ncall:1.9e+07 eff:0.1% logz-ratio=1953801.22+/-0.14 dlogz:500.712>0.01]17163it [9:34:41, 13.54s/it, bound:3831 nc:  1 ncall:1.9e+07 eff:0.1% logz-ratio=1953947.15+/-0.28 dlogz:353.313>0.01] 17163it [9:34:51, 13.54s/it, bound:3831 nc:  1 ncall:1.9e+07 eff:0.1% logz-ratio=1954294.71+/-0.43 dlogz:1.099>0.01]  17164it [9:35:59, 21.74s/it, bound:3831 nc:2440 ncall:1.9e+07 eff:0.1% logz-ratio=1953802.60+/-0.14 dlogz:499.305>0.01]17166it [9:36:24, 19.18s/it, bound:3831 nc:2388 ncall:1.9e+07 eff:0.1% logz-ratio=1953803.39+/-0.17 dlogz:498.682>0.01]17168it [9:37:32, 23.35s/it, bound:3832 nc:2421 ncall:1.9e+07 eff:0.1% logz-ratio=1953804.20+/-0.16 dlogz:497.788>0.01]17172it [9:38:33, 19.70s/it, bound:3833 nc:2111 ncall:1.9e+07 eff:0.1% logz-ratio=1953805.31+/-0.20 dlogz:496.547>0.01]17176it [9:39:41, 18.67s/it, bound:3834 nc:2372 ncall:1.9e+07 eff:0.1% logz-ratio=1953806.76+/-0.14 dlogz:495.151>0.01]17180it [9:40:41, 17.44s/it, bound:3835 nc:2098 ncall:1.9e+07 eff:0.1% logz-ratio=1953808.23+/-0.20 dlogz:493.668>0.01]17184it [9:42:02, 18.34s/it, bound:3836 nc:2790 ncall:1.9e+07 eff:0.1% logz-ratio=1953809.22+/-0.20 dlogz:492.564>0.01]17186it [9:42:02, 14.79s/it, bound:3836 nc:  1 ncall:1.9e+07 eff:0.1% logz-ratio=1953922.48+/-0.28 dlogz:378.189>0.01] 17187it [9:42:21, 14.79s/it, bound:3837 nc:2847 ncall:1.9e+07 eff:0.1% logz-ratio=1953809.95+/-0.13 dlogz:491.856>0.01]17188it [9:43:28, 20.86s/it, bound:3837 nc:2311 ncall:1.9e+07 eff:0.1% logz-ratio=1953810.14+/-0.16 dlogz:491.621>0.01]17190it [9:43:28, 15.94s/it, bound:3837 nc:  1 ncall:1.9e+07 eff:0.1% logz-ratio=1953945.83+/-0.29 dlogz:354.629>0.01] 17191it [9:43:41, 15.94s/it, bound:3838 nc:3005 ncall:1.9e+07 eff:0.1% logz-ratio=1953810.97+/-0.13 dlogz:490.854>0.01]17192it [9:44:56, 23.02s/it, bound:3838 nc:2406 ncall:1.9e+07 eff:0.1% logz-ratio=1953811.23+/-0.18 dlogz:490.595>0.01]17195it [9:44:56, 14.95s/it, bound:3839 nc:3032 ncall:1.9e+07 eff:0.1% logz-ratio=1953812.15+/-0.14 dlogz:489.716>0.01]17195it [9:45:11, 14.95s/it, bound:3839 nc:3032 ncall:1.9e+07 eff:0.1% logz-ratio=1953812.15+/-0.14 dlogz:489.716>0.01]17196it [9:46:28, 26.05s/it, bound:3839 nc:3314 ncall:1.9e+07 eff:0.1% logz-ratio=1953812.45+/-0.19 dlogz:489.409>0.01]17197it [9:46:47, 24.85s/it, bound:3839 nc:2983 ncall:1.9e+07 eff:0.1% logz-ratio=1953812.74+/-0.14 dlogz:489.102>0.01]17200it [9:48:20, 27.40s/it, bound:3840 nc:2824 ncall:1.9e+07 eff:0.1% logz-ratio=1953813.64+/-0.19 dlogz:488.227>0.01]17202it [9:48:20, 19.57s/it, bound:3840 nc:  1 ncall:1.9e+07 eff:0.1% logz-ratio=1953997.29+/-0.28 dlogz:302.598>0.01] 17203it [9:48:31, 19.57s/it, bound:3841 nc:3275 ncall:1.9e+07 eff:0.1% logz-ratio=1953814.37+/-0.13 dlogz:487.404>0.01]17204it [9:49:49, 26.83s/it, bound:3841 nc:2884 ncall:1.9e+07 eff:0.1% logz-ratio=1953814.59+/-0.17 dlogz:487.172>0.01]17207it [9:49:49, 16.56s/it, bound:3842 nc:2774 ncall:1.9e+07 eff:0.1% logz-ratio=1953815.18+/-0.12 dlogz:486.550>0.01]17207it [9:50:01, 16.56s/it, bound:3842 nc:2774 ncall:1.9e+07 eff:0.1% logz-ratio=1953815.18+/-0.12 dlogz:486.550>0.01]17208it [9:51:17, 27.54s/it, bound:3842 nc:2988 ncall:1.9e+07 eff:0.1% logz-ratio=1953815.36+/-0.15 dlogz:486.349>0.01]17210it [9:51:17, 19.13s/it, bound:3842 nc:  1 ncall:1.9e+07 eff:0.1% logz-ratio=1953936.25+/-0.29 dlogz:364.316>0.01] 17211it [9:51:31, 19.13s/it, bound:3843 nc:2891 ncall:1.9e+07 eff:0.1% logz-ratio=1953815.83+/-0.11 dlogz:485.856>0.01]17212it [9:52:38, 25.67s/it, bound:3843 nc:3037 ncall:1.9e+07 eff:0.1% logz-ratio=1953815.98+/-0.14 dlogz:485.696>0.01]17216it [9:53:54, 22.56s/it, bound:3844 nc:2718 ncall:1.9e+07 eff:0.1% logz-ratio=1953817.24+/-0.20 dlogz:484.664>0.01]17219it [9:55:15, 24.00s/it, bound:3845 nc:3076 ncall:1.9e+07 eff:0.1% logz-ratio=1953818.20+/-0.14 dlogz:483.582>0.01]17223it [9:56:39, 22.85s/it, bound:3846 nc:2885 ncall:1.9e+07 eff:0.1% logz-ratio=1953819.19+/-0.12 dlogz:482.522>0.01]17225it [9:57:00, 20.22s/it, bound:3846 nc:2960 ncall:1.9e+07 eff:0.1% logz-ratio=1953819.82+/-0.15 dlogz:482.013>0.01]17227it [9:58:20, 24.90s/it, bound:3847 nc:2364 ncall:1.9e+07 eff:0.1% logz-ratio=1953820.52+/-0.15 dlogz:481.319>0.01]17231it [9:59:36, 22.48s/it, bound:3848 nc:2624 ncall:1.9e+07 eff:0.1% logz-ratio=1953821.99+/-0.14 dlogz:479.791>0.01]17234it [9:59:36, 15.70s/it, bound:3849 nc:  1 ncall:1.9e+07 eff:0.1% logz-ratio=1953926.69+/-0.28 dlogz:373.943>0.01] 17234it [9:59:52, 15.70s/it, bound:3849 nc:  1 ncall:1.9e+07 eff:0.1% logz-ratio=1954294.57+/-0.46 dlogz:1.099>0.01]  17235it [10:00:46, 22.54s/it, bound:3849 nc:2526 ncall:1.9e+07 eff:0.1% logz-ratio=1953822.85+/-0.11 dlogz:478.821>0.01]17239it [10:02:03, 21.11s/it, bound:3850 nc:2104 ncall:1.9e+07 eff:0.1% logz-ratio=1953823.50+/-0.10 dlogz:478.122>0.01]17242it [10:02:03, 14.59s/it, bound:3851 nc:  1 ncall:1.9e+07 eff:0.1% logz-ratio=1953931.02+/-0.28 dlogz:369.576>0.01] 17242it [10:02:22, 14.59s/it, bound:3851 nc:  1 ncall:1.9e+07 eff:0.1% logz-ratio=1954294.55+/-0.46 dlogz:1.099>0.01]  17243it [10:03:21, 22.76s/it, bound:3851 nc:2690 ncall:1.9e+07 eff:0.1% logz-ratio=1953824.41+/-0.13 dlogz:477.321>0.01]17246it [10:03:21, 14.70s/it, bound:3852 nc:  1 ncall:1.9e+07 eff:0.1% logz-ratio=1953949.25+/-0.28 dlogz:351.159>0.01] 17246it [10:03:32, 14.70s/it, bound:3852 nc:  1 ncall:1.9e+07 eff:0.1% logz-ratio=1954294.54+/-0.46 dlogz:1.099>0.01]  17247it [10:04:25, 21.78s/it, bound:3852 nc:2364 ncall:1.9e+07 eff:0.1% logz-ratio=1953825.32+/-0.13 dlogz:476.365>0.01]17251it [10:05:41, 20.51s/it, bound:3853 nc:1984 ncall:1.9e+07 eff:0.1% logz-ratio=1953826.24+/-0.17 dlogz:475.430>0.01]17255it [10:06:47, 19.01s/it, bound:3854 nc:2084 ncall:1.9e+07 eff:0.1% logz-ratio=1953828.02+/-0.24 dlogz:473.768>0.01]17259it [10:08:01, 18.80s/it, bound:3855 nc:2546 ncall:1.9e+07 eff:0.1% logz-ratio=1953829.27+/-0.14 dlogz:472.451>0.01]17262it [10:08:27, 15.96s/it, bound:3856 nc:2626 ncall:1.9e+07 eff:0.1% logz-ratio=1953830.02+/-0.13 dlogz:471.650>0.01]17263it [10:09:36, 22.18s/it, bound:3856 nc:2168 ncall:1.9e+07 eff:0.1% logz-ratio=1953830.41+/-0.19 dlogz:471.402>0.01]17266it [10:09:36, 14.79s/it, bound:3857 nc:  1 ncall:1.9e+07 eff:0.1% logz-ratio=1953959.86+/-0.28 dlogz:340.452>0.01] 17266it [10:09:52, 14.79s/it, bound:3857 nc:  1 ncall:1.9e+07 eff:0.1% logz-ratio=1954294.50+/-0.45 dlogz:1.099>0.01]  17267it [10:10:42, 21.82s/it, bound:3857 nc:2340 ncall:1.9e+07 eff:0.1% logz-ratio=1953831.72+/-0.14 dlogz:469.980>0.01]17271it [10:11:43, 18.94s/it, bound:3858 nc:1866 ncall:1.9e+07 eff:0.1% logz-ratio=1953832.74+/-0.17 dlogz:468.872>0.01]17275it [10:12:46, 17.71s/it, bound:3859 nc:1847 ncall:1.9e+07 eff:0.1% logz-ratio=1953833.37+/-0.17 dlogz:468.160>0.01]17278it [10:12:46, 12.54s/it, bound:3860 nc:  1 ncall:1.9e+07 eff:0.1% logz-ratio=1953944.93+/-0.28 dlogz:355.530>0.01] 17278it [10:13:02, 12.54s/it, bound:3860 nc:  1 ncall:1.9e+07 eff:0.1% logz-ratio=1954294.48+/-0.44 dlogz:1.099>0.01]  17279it [10:13:43, 17.97s/it, bound:3860 nc:1731 ncall:1.9e+07 eff:0.1% logz-ratio=1953834.07+/-0.12 dlogz:467.525>0.01]17283it [10:14:50, 17.46s/it, bound:3861 nc:2440 ncall:1.9e+07 eff:0.1% logz-ratio=1953834.66+/-0.13 dlogz:466.852>0.01]17287it [10:15:55, 16.94s/it, bound:3862 nc:2262 ncall:1.9e+07 eff:0.1% logz-ratio=1953835.52+/-0.20 dlogz:466.139>0.01]17291it [10:16:55, 16.28s/it, bound:3863 nc:2166 ncall:1.9e+07 eff:0.1% logz-ratio=1953836.74+/-0.13 dlogz:464.872>0.01]17295it [10:17:55, 15.92s/it, bound:3864 nc:2109 ncall:1.9e+07 eff:0.1% logz-ratio=1953838.25+/-0.19 dlogz:463.432>0.01]17299it [10:18:54, 15.53s/it, bound:3865 nc:2092 ncall:1.9e+07 eff:0.1% logz-ratio=1953839.44+/-0.21 dlogz:462.241>0.01]17300it [10:19:06, 15.17s/it, bound:3865 nc:2028 ncall:1.9e+07 eff:0.1% logz-ratio=1953839.74+/-0.14 dlogz:461.909>0.01]17303it [10:20:14, 17.41s/it, bound:3866 nc:2293 ncall:1.9e+07 eff:0.1% logz-ratio=1953840.47+/-0.13 dlogz:461.110>0.01]17307it [10:21:16, 16.69s/it, bound:3867 nc:1892 ncall:1.9e+07 eff:0.1% logz-ratio=1953841.55+/-0.19 dlogz:460.092>0.01]17311it [10:22:16, 16.11s/it, bound:3868 nc:1954 ncall:1.9e+07 eff:0.1% logz-ratio=1953842.81+/-0.22 dlogz:458.812>0.01]17314it [10:22:16, 11.77s/it, bound:3869 nc:  1 ncall:1.9e+07 eff:0.1% logz-ratio=1953954.50+/-0.28 dlogz:345.875>0.01] 17314it [10:22:32, 11.77s/it, bound:3869 nc:  1 ncall:1.9e+07 eff:0.1% logz-ratio=1954294.41+/-0.42 dlogz:1.099>0.01]  17315it [10:23:18, 17.54s/it, bound:3869 nc:1616 ncall:1.9e+07 eff:0.1% logz-ratio=1953843.82+/-0.12 dlogz:457.726>0.01]17319it [10:24:23, 17.03s/it, bound:3870 nc:1935 ncall:1.9e+07 eff:0.1% logz-ratio=1953844.85+/-0.17 dlogz:456.714>0.01]17323it [10:25:35, 17.33s/it, bound:3871 nc:2432 ncall:1.9e+07 eff:0.1% logz-ratio=1953845.79+/-0.19 dlogz:455.694>0.01]17325it [10:25:35, 13.79s/it, bound:3871 nc:  1 ncall:1.9e+07 eff:0.1% logz-ratio=1953932.68+/-0.28 dlogz:367.917>0.01] 17326it [10:25:52, 13.79s/it, bound:3872 nc:2472 ncall:1.9e+07 eff:0.1% logz-ratio=1953846.34+/-0.12 dlogz:455.161>0.01]17327it [10:26:46, 18.75s/it, bound:3872 nc:2562 ncall:1.9e+07 eff:0.1% logz-ratio=1953846.56+/-0.16 dlogz:454.954>0.01]17331it [10:27:50, 17.69s/it, bound:3873 nc:2185 ncall:1.9e+07 eff:0.1% logz-ratio=1953847.81+/-0.20 dlogz:453.798>0.01]17335it [10:29:00, 17.61s/it, bound:3874 nc:2047 ncall:1.9e+07 eff:0.1% logz-ratio=1953849.02+/-0.14 dlogz:452.552>0.01]17339it [10:30:13, 17.81s/it, bound:3875 nc:2443 ncall:1.9e+07 eff:0.1% logz-ratio=1953850.17+/-0.20 dlogz:451.445>0.01]17340it [10:30:33, 18.03s/it, bound:3875 nc:2623 ncall:1.9e+07 eff:0.1% logz-ratio=1953850.65+/-0.17 dlogz:451.099>0.01]17343it [10:31:42, 19.58s/it, bound:3876 nc:2334 ncall:1.9e+07 eff:0.1% logz-ratio=1953851.86+/-0.20 dlogz:449.752>0.01]17347it [10:32:47, 18.34s/it, bound:3877 nc:2202 ncall:1.9e+07 eff:0.1% logz-ratio=1953853.08+/-0.15 dlogz:448.492>0.01]17351it [10:33:47, 17.17s/it, bound:3878 nc:2034 ncall:1.9e+07 eff:0.1% logz-ratio=1953854.80+/-0.21 dlogz:446.812>0.01]17355it [10:34:56, 17.24s/it, bound:3879 nc:2159 ncall:1.9e+07 eff:0.1% logz-ratio=1953856.20+/-0.23 dlogz:445.369>0.01]17358it [10:34:56, 12.71s/it, bound:3880 nc:  1 ncall:1.9e+07 eff:0.1% logz-ratio=1953907.32+/-0.28 dlogz:393.486>0.01] 17358it [10:35:12, 12.71s/it, bound:3880 nc:  1 ncall:1.9e+07 eff:0.1% logz-ratio=1954294.32+/-0.44 dlogz:1.099>0.01]  17359it [10:36:01, 18.54s/it, bound:3880 nc:2151 ncall:1.9e+07 eff:0.1% logz-ratio=1953857.32+/-0.14 dlogz:444.197>0.01]17363it [10:37:06, 17.59s/it, bound:3881 nc:2118 ncall:1.9e+07 eff:0.1% logz-ratio=1953858.26+/-0.17 dlogz:443.188>0.01]17367it [10:38:14, 17.39s/it, bound:3882 nc:2328 ncall:1.9e+07 eff:0.1% logz-ratio=1953859.34+/-0.21 dlogz:442.248>0.01]17371it [10:39:22, 17.24s/it, bound:3883 nc:2168 ncall:1.9e+07 eff:0.1% logz-ratio=1953860.71+/-0.14 dlogz:440.793>0.01]17375it [10:40:30, 17.20s/it, bound:3884 nc:2499 ncall:1.9e+07 eff:0.1% logz-ratio=1953861.85+/-0.17 dlogz:439.566>0.01]17377it [10:40:46, 15.49s/it, bound:3884 nc:2189 ncall:1.9e+07 eff:0.1% logz-ratio=1953862.29+/-0.12 dlogz:439.128>0.01]17379it [10:41:53, 19.28s/it, bound:3885 nc:2048 ncall:1.9e+07 eff:0.1% logz-ratio=1953862.79+/-0.20 dlogz:438.642>0.01]17383it [10:43:02, 18.51s/it, bound:3886 nc:2270 ncall:1.9e+07 eff:0.1% logz-ratio=1953863.52+/-0.11 dlogz:437.827>0.01]17387it [10:44:15, 18.40s/it, bound:3887 nc:1833 ncall:1.9e+07 eff:0.1% logz-ratio=1953864.26+/-0.16 dlogz:437.154>0.01]17390it [10:44:15, 13.38s/it, bound:3888 nc:  1 ncall:1.9e+07 eff:0.1% logz-ratio=1953981.26+/-0.28 dlogz:318.878>0.01] 17390it [10:44:32, 13.38s/it, bound:3888 nc:  1 ncall:1.9e+07 eff:0.1% logz-ratio=1954294.26+/-0.44 dlogz:1.099>0.01]  17391it [10:45:22, 19.57s/it, bound:3888 nc:2286 ncall:1.9e+07 eff:0.1% logz-ratio=1953865.20+/-0.11 dlogz:436.153>0.01]17395it [10:46:36, 19.13s/it, bound:3889 nc:2115 ncall:1.9e+07 eff:0.1% logz-ratio=1953866.11+/-0.20 dlogz:435.264>0.01]17398it [10:46:36, 13.44s/it, bound:3890 nc:  1 ncall:1.9e+07 eff:0.1% logz-ratio=1953987.52+/-0.28 dlogz:312.544>0.01] 17398it [10:46:52, 13.44s/it, bound:3890 nc:  1 ncall:1.9e+07 eff:0.1% logz-ratio=1954294.24+/-0.44 dlogz:1.099>0.01]  17399it [10:47:45, 20.35s/it, bound:3890 nc:2094 ncall:1.9e+07 eff:0.1% logz-ratio=1953866.90+/-0.12 dlogz:434.456>0.01]17403it [10:48:58, 19.48s/it, bound:3891 nc:2417 ncall:1.9e+07 eff:0.1% logz-ratio=1953867.66+/-0.15 dlogz:433.688>0.01]17405it [10:48:58, 15.04s/it, bound:3891 nc:  1 ncall:1.9e+07 eff:0.1% logz-ratio=1953960.80+/-0.28 dlogz:339.505>0.01] 17406it [10:49:12, 15.04s/it, bound:3892 nc:2587 ncall:1.9e+07 eff:0.1% logz-ratio=1953868.51+/-0.14 dlogz:432.907>0.01]17407it [10:50:08, 19.97s/it, bound:3892 nc:1922 ncall:1.9e+07 eff:0.1% logz-ratio=1953868.75+/-0.18 dlogz:432.625>0.01]17410it [10:50:08, 13.08s/it, bound:3893 nc:  1 ncall:1.9e+07 eff:0.1% logz-ratio=1953928.44+/-0.28 dlogz:372.197>0.01] 17410it [10:50:22, 13.08s/it, bound:3893 nc:  1 ncall:1.9e+07 eff:0.1% logz-ratio=1954294.22+/-0.44 dlogz:1.099>0.01]  17411it [10:51:23, 21.77s/it, bound:3893 nc:2214 ncall:1.9e+07 eff:0.1% logz-ratio=1953869.69+/-0.12 dlogz:431.624>0.01]17414it [10:51:43, 16.11s/it, bound:3894 nc:2650 ncall:1.9e+07 eff:0.1% logz-ratio=1953870.25+/-0.12 dlogz:431.072>0.01]17415it [10:52:53, 24.29s/it, bound:3894 nc:2467 ncall:1.9e+07 eff:0.1% logz-ratio=1953870.47+/-0.16 dlogz:430.864>0.01]17417it [10:52:53, 16.94s/it, bound:3894 nc:  1 ncall:1.9e+07 eff:0.1% logz-ratio=1953968.65+/-0.28 dlogz:331.574>0.01] 17418it [10:53:12, 16.94s/it, bound:3895 nc:2441 ncall:1.9e+07 eff:0.1% logz-ratio=1953871.08+/-0.12 dlogz:430.242>0.01]17419it [10:53:59, 21.71s/it, bound:3895 nc:2233 ncall:1.9e+07 eff:0.1% logz-ratio=1953871.31+/-0.17 dlogz:430.030>0.01]17423it [10:55:06, 19.44s/it, bound:3896 nc:2171 ncall:1.9e+07 eff:0.1% logz-ratio=1953872.34+/-0.13 dlogz:428.990>0.01]17427it [10:56:12, 18.31s/it, bound:3897 nc:1894 ncall:1.9e+07 eff:0.1% logz-ratio=1953873.15+/-0.15 dlogz:428.140>0.01]17431it [10:57:16, 17.44s/it, bound:3898 nc:2234 ncall:1.9e+07 eff:0.1% logz-ratio=1953873.96+/-0.18 dlogz:427.332>0.01]17434it [10:57:16, 12.57s/it, bound:3899 nc:  1 ncall:1.9e+07 eff:0.1% logz-ratio=1953990.63+/-0.28 dlogz:309.351>0.01] 17434it [10:57:32, 12.57s/it, bound:3899 nc:  1 ncall:1.9e+07 eff:0.1% logz-ratio=1954294.17+/-0.43 dlogz:1.099>0.01]  17435it [10:58:16, 18.14s/it, bound:3899 nc:2119 ncall:1.9e+07 eff:0.1% logz-ratio=1953874.69+/-0.11 dlogz:426.568>0.01]17439it [10:59:26, 17.91s/it, bound:3900 nc:2494 ncall:1.9e+07 eff:0.1% logz-ratio=1953876.07+/-0.20 dlogz:425.328>0.01]17443it [11:00:38, 17.91s/it, bound:3901 nc:2330 ncall:1.9e+07 eff:0.1% logz-ratio=1953877.17+/-0.21 dlogz:424.160>0.01]17447it [11:01:47, 17.72s/it, bound:3902 nc:1564 ncall:1.9e+07 eff:0.1% logz-ratio=1953878.24+/-0.18 dlogz:423.053>0.01]17449it [11:02:12, 16.64s/it, bound:3902 nc:2218 ncall:1.9e+07 eff:0.1% logz-ratio=1953878.62+/-0.11 dlogz:422.612>0.01]17451it [11:03:28, 21.38s/it, bound:3903 nc:2590 ncall:1.9e+07 eff:0.1% logz-ratio=1953878.94+/-0.17 dlogz:422.257>0.01]17453it [11:03:28, 16.29s/it, bound:3903 nc:  1 ncall:1.9e+07 eff:0.1% logz-ratio=1954028.77+/-0.28 dlogz:270.758>0.01] 17454it [11:03:42, 16.29s/it, bound:3904 nc:2526 ncall:1.9e+07 eff:0.1% logz-ratio=1953879.40+/-0.11 dlogz:421.830>0.01]17455it [11:04:40, 21.22s/it, bound:3904 nc:1701 ncall:1.9e+07 eff:0.1% logz-ratio=1953879.62+/-0.16 dlogz:421.642>0.01]17459it [11:05:54, 20.10s/it, bound:3905 nc:2215 ncall:1.9e+07 eff:0.1% logz-ratio=1953880.38+/-0.18 dlogz:420.822>0.01]17462it [11:05:54, 13.87s/it, bound:3906 nc:  1 ncall:1.9e+07 eff:0.1% logz-ratio=1954010.19+/-0.28 dlogz:289.567>0.01] 17462it [11:06:12, 13.87s/it, bound:3906 nc:  1 ncall:1.9e+07 eff:0.1% logz-ratio=1954294.11+/-0.44 dlogz:1.099>0.01]  17463it [11:07:11, 21.92s/it, bound:3906 nc:2679 ncall:1.9e+07 eff:0.1% logz-ratio=1953881.10+/-0.11 dlogz:420.101>0.01]17466it [11:07:11, 14.13s/it, bound:3907 nc:  1 ncall:1.9e+07 eff:0.1% logz-ratio=1953995.90+/-0.29 dlogz:304.035>0.01] 17466it [11:07:22, 14.13s/it, bound:3907 nc:  1 ncall:1.9e+07 eff:0.1% logz-ratio=1954294.10+/-0.44 dlogz:1.099>0.01]  17467it [11:08:17, 21.64s/it, bound:3907 nc:2327 ncall:1.9e+07 eff:0.1% logz-ratio=1953881.95+/-0.12 dlogz:419.258>0.01]17471it [11:09:34, 20.61s/it, bound:3908 nc:2729 ncall:1.9e+07 eff:0.1% logz-ratio=1953882.84+/-0.16 dlogz:418.360>0.01]17474it [11:09:34, 13.89s/it, bound:3909 nc:  1 ncall:1.9e+07 eff:0.1% logz-ratio=1954028.86+/-0.28 dlogz:270.663>0.01] 17474it [11:09:52, 13.89s/it, bound:3909 nc:  1 ncall:1.9e+07 eff:0.1% logz-ratio=1954294.09+/-0.44 dlogz:1.099>0.01]  17475it [11:10:35, 20.25s/it, bound:3909 nc:2221 ncall:1.9e+07 eff:0.1% logz-ratio=1953883.62+/-0.12 dlogz:417.585>0.01]17479it [11:11:46, 19.13s/it, bound:3910 nc:2384 ncall:1.9e+07 eff:0.1% logz-ratio=1953884.28+/-0.14 dlogz:416.877>0.01]17482it [11:11:46, 13.06s/it, bound:3911 nc:  1 ncall:1.9e+07 eff:0.1% logz-ratio=1954004.52+/-0.29 dlogz:295.305>0.01] 17482it [11:12:02, 13.06s/it, bound:3911 nc:  1 ncall:1.9e+07 eff:0.1% logz-ratio=1954294.07+/-0.44 dlogz:1.099>0.01]  17483it [11:12:47, 19.33s/it, bound:3911 nc:2305 ncall:1.9e+07 eff:0.1% logz-ratio=1953884.98+/-0.12 dlogz:416.198>0.01]17486it [11:13:06, 14.72s/it, bound:3912 nc:1666 ncall:1.9e+07 eff:0.1% logz-ratio=1953885.60+/-0.12 dlogz:415.585>0.01]17487it [11:14:13, 22.33s/it, bound:3912 nc:2493 ncall:1.9e+07 eff:0.1% logz-ratio=1953885.80+/-0.16 dlogz:415.370>0.01]17491it [11:15:15, 19.19s/it, bound:3913 nc:2179 ncall:1.9e+07 eff:0.1% logz-ratio=1953886.70+/-0.20 dlogz:414.467>0.01]17495it [11:16:20, 18.00s/it, bound:3914 nc:2460 ncall:1.9e+07 eff:0.1% logz-ratio=1953887.84+/-0.14 dlogz:413.412>0.01]17499it [11:17:21, 17.08s/it, bound:3915 nc:2315 ncall:1.9e+07 eff:0.1% logz-ratio=1953888.82+/-0.17 dlogz:412.386>0.01]17502it [11:17:21, 12.33s/it, bound:3916 nc:  1 ncall:1.9e+07 eff:0.1% logz-ratio=1954028.14+/-0.28 dlogz:271.425>0.01] 17502it [11:17:32, 12.33s/it, bound:3916 nc:  1 ncall:1.9e+07 eff:0.1% logz-ratio=1954294.03+/-0.44 dlogz:1.099>0.01]  17503it [11:18:16, 17.24s/it, bound:3916 nc:1805 ncall:1.9e+07 eff:0.1% logz-ratio=1953890.02+/-0.14 dlogz:411.205>0.01]17507it [11:19:16, 16.33s/it, bound:3917 nc:1973 ncall:1.9e+07 eff:0.1% logz-ratio=1953891.32+/-0.19 dlogz:409.895>0.01]17511it [11:20:11, 15.42s/it, bound:3918 nc:2124 ncall:1.9e+07 eff:0.1% logz-ratio=1953892.18+/-0.19 dlogz:408.940>0.01]17514it [11:20:11, 11.10s/it, bound:3919 nc:  1 ncall:1.9e+07 eff:0.1% logz-ratio=1954026.36+/-0.29 dlogz:273.250>0.01] 17514it [11:20:22, 11.10s/it, bound:3919 nc:  1 ncall:1.9e+07 eff:0.1% logz-ratio=1954294.01+/-0.44 dlogz:1.099>0.01]  17515it [11:21:02, 15.81s/it, bound:3919 nc:1926 ncall:1.9e+07 eff:0.1% logz-ratio=1953892.87+/-0.10 dlogz:408.204>0.01]17519it [11:22:08, 16.06s/it, bound:3920 nc:2519 ncall:1.9e+07 eff:0.1% logz-ratio=1953893.53+/-0.15 dlogz:407.534>0.01]17523it [11:23:12, 16.10s/it, bound:3921 nc:2512 ncall:1.9e+07 eff:0.1% logz-ratio=1953894.42+/-0.20 dlogz:406.708>0.01]17524it [11:23:32, 16.46s/it, bound:3921 nc:2039 ncall:1.9e+07 eff:0.1% logz-ratio=1953894.64+/-0.12 dlogz:406.479>0.01]17527it [11:24:37, 18.22s/it, bound:3922 nc:2146 ncall:1.9e+07 eff:0.1% logz-ratio=1953895.42+/-0.14 dlogz:405.744>0.01]17531it [11:25:38, 17.05s/it, bound:3923 nc:1592 ncall:1.9e+07 eff:0.1% logz-ratio=1953896.38+/-0.17 dlogz:404.782>0.01]17535it [11:26:37, 16.21s/it, bound:3924 nc:2394 ncall:1.9e+07 eff:0.1% logz-ratio=1953897.60+/-0.22 dlogz:403.535>0.01]17539it [11:27:37, 15.80s/it, bound:3925 nc:1926 ncall:1.9e+07 eff:0.1% logz-ratio=1953898.45+/-0.12 dlogz:402.636>0.01]17543it [11:28:34, 15.34s/it, bound:3926 nc:2002 ncall:1.9e+07 eff:0.1% logz-ratio=1953899.20+/-0.15 dlogz:482.544>0.01]17547it [11:29:29, 14.84s/it, bound:3927 nc:2004 ncall:1.9e+07 eff:0.1% logz-ratio=1953899.85+/-0.17 dlogz:481.868>0.01]17550it [11:29:29, 11.08s/it, bound:3928 nc:  1 ncall:1.9e+07 eff:0.1% logz-ratio=1953983.77+/-0.29 dlogz:397.057>0.01] 17550it [11:29:42, 11.08s/it, bound:3928 nc:  1 ncall:1.9e+07 eff:0.1% logz-ratio=1954374.65+/-0.43 dlogz:1.099>0.01]  17551it [11:30:26, 16.04s/it, bound:3928 nc:2131 ncall:1.9e+07 eff:0.1% logz-ratio=1953900.46+/-0.11 dlogz:481.273>0.01]17555it [11:31:38, 16.74s/it, bound:3929 nc:2607 ncall:1.9e+07 eff:0.1% logz-ratio=1953901.08+/-0.14 dlogz:480.642>0.01]17557it [11:31:38, 13.17s/it, bound:3929 nc:  1 ncall:1.9e+07 eff:0.1% logz-ratio=1954035.04+/-0.28 dlogz:345.153>0.01] 17558it [11:31:52, 13.17s/it, bound:3930 nc:2241 ncall:1.9e+07 eff:0.1% logz-ratio=1953901.69+/-0.13 dlogz:480.085>0.01]17559it [11:32:41, 17.45s/it, bound:3930 nc:2200 ncall:1.9e+07 eff:0.1% logz-ratio=1953901.94+/-0.17 dlogz:479.858>0.01]17563it [11:33:55, 17.86s/it, bound:3931 nc:2757 ncall:1.9e+07 eff:0.1% logz-ratio=1953903.26+/-0.15 dlogz:478.606>0.01]17565it [11:34:11, 15.67s/it, bound:3931 nc:2486 ncall:1.9e+07 eff:0.1% logz-ratio=1953904.35+/-0.18 dlogz:477.716>0.01]17567it [11:35:15, 19.62s/it, bound:3932 nc:2393 ncall:1.9e+07 eff:0.1% logz-ratio=1953905.22+/-0.17 dlogz:476.754>0.01]17571it [11:36:19, 18.15s/it, bound:3933 nc:2520 ncall:1.9e+07 eff:0.1% logz-ratio=1953906.59+/-0.14 dlogz:475.220>0.01]17575it [11:37:33, 18.32s/it, bound:3934 nc:2839 ncall:1.9e+07 eff:0.1% logz-ratio=1953907.63+/-0.20 dlogz:474.149>0.01]17577it [11:37:33, 14.51s/it, bound:3934 nc:  1 ncall:1.9e+07 eff:0.1% logz-ratio=1954029.35+/-0.28 dlogz:350.915>0.01] 17578it [11:37:52, 14.51s/it, bound:3935 nc:2661 ncall:1.9e+07 eff:0.1% logz-ratio=1953908.41+/-0.13 dlogz:473.358>0.01]17579it [11:38:38, 18.53s/it, bound:3935 nc:2423 ncall:1.9e+07 eff:0.1% logz-ratio=1953908.63+/-0.17 dlogz:473.099>0.01]17583it [11:39:44, 17.74s/it, bound:3936 nc:2473 ncall:1.9e+07 eff:0.1% logz-ratio=1953909.40+/-0.13 dlogz:472.330>0.01]17587it [11:40:50, 17.30s/it, bound:3937 nc:2046 ncall:2.0e+07 eff:0.1% logz-ratio=1953910.22+/-0.11 dlogz:471.444>0.01]17591it [11:42:22, 19.30s/it, bound:3938 nc:3451 ncall:2.0e+07 eff:0.1% logz-ratio=1953911.01+/-0.16 dlogz:470.685>0.01]17593it [11:42:23, 15.53s/it, bound:3938 nc:  1 ncall:2.0e+07 eff:0.1% logz-ratio=1954030.71+/-0.29 dlogz:349.542>0.01] 17594it [11:42:42, 15.53s/it, bound:3939 nc:2759 ncall:2.0e+07 eff:0.1% logz-ratio=1953911.69+/-0.13 dlogz:470.034>0.01]17595it [11:43:47, 21.38s/it, bound:3939 nc:3158 ncall:2.0e+07 eff:0.1% logz-ratio=1953911.99+/-0.18 dlogz:469.781>0.01]17597it [11:43:47, 16.31s/it, bound:3939 nc:  1 ncall:2.0e+07 eff:0.1% logz-ratio=1954029.31+/-0.28 dlogz:350.962>0.01] 17598it [11:44:02, 16.31s/it, bound:3940 nc:2815 ncall:2.0e+07 eff:0.1% logz-ratio=1953912.66+/-0.12 dlogz:469.003>0.01]17599it [11:45:09, 22.55s/it, bound:3940 nc:2996 ncall:2.0e+07 eff:0.1% logz-ratio=1953912.85+/-0.16 dlogz:468.802>0.01]17600it [11:45:32, 22.59s/it, bound:3940 nc:3175 ncall:2.0e+07 eff:0.1% logz-ratio=1953913.03+/-0.11 dlogz:468.614>0.01]17603it [11:46:52, 24.21s/it, bound:3941 nc:2990 ncall:2.0e+07 eff:0.1% logz-ratio=1953913.71+/-0.17 dlogz:467.992>0.01]17607it [11:48:06, 21.80s/it, bound:3942 nc:2986 ncall:2.0e+07 eff:0.1% logz-ratio=1953914.66+/-0.17 dlogz:467.071>0.01]17609it [11:48:07, 16.69s/it, bound:3942 nc:  1 ncall:2.0e+07 eff:0.1% logz-ratio=1954028.67+/-0.28 dlogz:351.646>0.01] 17610it [11:48:22, 16.69s/it, bound:3943 nc:3030 ncall:2.0e+07 eff:0.1% logz-ratio=1953915.66+/-0.14 dlogz:466.061>0.01]17611it [11:49:27, 22.62s/it, bound:3943 nc:2771 ncall:2.0e+07 eff:0.1% logz-ratio=1953915.89+/-0.18 dlogz:465.786>0.01]17615it [11:50:48, 21.65s/it, bound:3944 nc:2919 ncall:2.0e+07 eff:0.1% logz-ratio=1953916.63+/-0.15 dlogz:464.989>0.01]17617it [11:50:48, 16.68s/it, bound:3944 nc:  1 ncall:2.0e+07 eff:0.1% logz-ratio=1954035.25+/-0.28 dlogz:344.965>0.01] 17618it [11:51:02, 16.68s/it, bound:3945 nc:2834 ncall:2.0e+07 eff:0.1% logz-ratio=1953917.21+/-0.11 dlogz:464.393>0.01]17619it [11:52:00, 21.44s/it, bound:3945 nc:2654 ncall:2.0e+07 eff:0.1% logz-ratio=1953917.37+/-0.15 dlogz:464.215>0.01]17621it [11:52:00, 15.86s/it, bound:3945 nc:  1 ncall:2.0e+07 eff:0.1% logz-ratio=1954031.95+/-0.29 dlogz:348.319>0.01] 17622it [11:52:12, 15.86s/it, bound:3946 nc:2455 ncall:2.0e+07 eff:0.1% logz-ratio=1953917.92+/-0.11 dlogz:463.683>0.01]17623it [11:53:14, 21.60s/it, bound:3946 nc:2362 ncall:2.0e+07 eff:0.1% logz-ratio=1953918.13+/-0.16 dlogz:463.503>0.01]17625it [11:53:14, 15.57s/it, bound:3946 nc:  1 ncall:2.0e+07 eff:0.1% logz-ratio=1954028.18+/-0.28 dlogz:352.137>0.01] 17626it [11:53:32, 15.57s/it, bound:3947 nc:2364 ncall:2.0e+07 eff:0.1% logz-ratio=1953918.97+/-0.13 dlogz:462.700>0.01]17627it [11:54:24, 21.11s/it, bound:3947 nc:2365 ncall:2.0e+07 eff:0.1% logz-ratio=1953919.23+/-0.18 dlogz:462.441>0.01]17631it [11:55:39, 19.98s/it, bound:3948 nc:2646 ncall:2.0e+07 eff:0.1% logz-ratio=1953920.02+/-0.15 dlogz:461.546>0.01]17632it [11:55:59, 19.97s/it, bound:3948 nc:2569 ncall:2.0e+07 eff:0.1% logz-ratio=1953920.19+/-0.11 dlogz:461.382>0.01]17635it [11:57:12, 21.60s/it, bound:3949 nc:2789 ncall:2.0e+07 eff:0.1% logz-ratio=1953920.80+/-0.16 dlogz:460.794>0.01]17637it [11:57:12, 15.96s/it, bound:3949 nc:  1 ncall:2.0e+07 eff:0.1% logz-ratio=1954037.43+/-0.29 dlogz:342.755>0.01] 17638it [11:57:22, 15.96s/it, bound:3950 nc:2416 ncall:2.0e+07 eff:0.1% logz-ratio=1953921.57+/-0.13 dlogz:460.085>0.01]17639it [11:58:17, 20.51s/it, bound:3950 nc:1897 ncall:2.0e+07 eff:0.1% logz-ratio=1953921.78+/-0.17 dlogz:459.822>0.01]17642it [11:58:17, 12.97s/it, bound:3951 nc:  1 ncall:2.0e+07 eff:0.1% logz-ratio=1954038.07+/-0.29 dlogz:342.114>0.01] 17642it [11:58:32, 12.97s/it, bound:3951 nc:  1 ncall:2.0e+07 eff:0.1% logz-ratio=1954374.47+/-0.45 dlogz:1.099>0.01]  17643it [11:59:32, 22.16s/it, bound:3951 nc:2839 ncall:2.0e+07 eff:0.1% logz-ratio=1953922.83+/-0.12 dlogz:458.768>0.01]17647it [12:00:44, 20.21s/it, bound:3952 nc:2721 ncall:2.0e+07 eff:0.1% logz-ratio=1953923.57+/-0.18 dlogz:457.974>0.01]17649it [12:00:44, 15.22s/it, bound:3952 nc:  1 ncall:2.0e+07 eff:0.1% logz-ratio=1954048.16+/-0.28 dlogz:331.906>0.01] 17650it [12:01:02, 15.22s/it, bound:3953 nc:2638 ncall:2.0e+07 eff:0.1% logz-ratio=1953924.27+/-0.14 dlogz:457.393>0.01]17651it [12:01:46, 19.46s/it, bound:3953 nc:2413 ncall:2.0e+07 eff:0.1% logz-ratio=1953924.57+/-0.19 dlogz:457.090>0.01]17655it [12:02:47, 17.62s/it, bound:3954 nc:2312 ncall:2.0e+07 eff:0.1% logz-ratio=1953925.74+/-0.19 dlogz:455.932>0.01]17659it [12:04:00, 17.81s/it, bound:3955 nc:2780 ncall:2.0e+07 eff:0.1% logz-ratio=1953926.71+/-0.20 dlogz:454.864>0.01]17663it [12:05:14, 18.09s/it, bound:3956 nc:2407 ncall:2.0e+07 eff:0.1% logz-ratio=1953927.47+/-0.15 dlogz:454.048>0.01]17665it [12:05:14, 14.47s/it, bound:3956 nc:  1 ncall:2.0e+07 eff:0.1% logz-ratio=1954038.05+/-0.29 dlogz:342.095>0.01] 17666it [12:05:32, 14.47s/it, bound:3957 nc:2588 ncall:2.0e+07 eff:0.1% logz-ratio=1953928.29+/-0.14 dlogz:453.317>0.01]17667it [12:06:23, 18.90s/it, bound:3957 nc:2664 ncall:2.0e+07 eff:0.1% logz-ratio=1953928.54+/-0.18 dlogz:453.038>0.01]17668it [12:06:39, 18.53s/it, bound:3957 nc:2546 ncall:2.0e+07 eff:0.1% logz-ratio=1953928.75+/-0.12 dlogz:452.792>0.01]17671it [12:07:47, 20.03s/it, bound:3958 nc:2590 ncall:2.0e+07 eff:0.1% logz-ratio=1953929.34+/-0.16 dlogz:452.177>0.01]17673it [12:07:47, 14.82s/it, bound:3958 nc:  1 ncall:2.0e+07 eff:0.1% logz-ratio=1954065.34+/-0.29 dlogz:314.449>0.01] 17674it [12:08:02, 14.82s/it, bound:3959 nc:2296 ncall:2.0e+07 eff:0.1% logz-ratio=1953929.91+/-0.12 dlogz:451.603>0.01]17675it [12:08:58, 20.46s/it, bound:3959 nc:2682 ncall:2.0e+07 eff:0.1% logz-ratio=1953930.14+/-0.16 dlogz:451.405>0.01]17678it [12:08:58, 12.95s/it, bound:3960 nc:  1 ncall:2.0e+07 eff:0.1% logz-ratio=1954042.42+/-0.29 dlogz:337.678>0.01] 17678it [12:09:12, 12.95s/it, bound:3960 nc:  1 ncall:2.0e+07 eff:0.1% logz-ratio=1954374.40+/-0.45 dlogz:1.099>0.01]  17679it [12:10:07, 21.24s/it, bound:3960 nc:2220 ncall:2.0e+07 eff:0.1% logz-ratio=1953930.92+/-0.12 dlogz:450.579>0.01]17683it [12:11:09, 18.64s/it, bound:3961 nc:2149 ncall:2.0e+07 eff:0.1% logz-ratio=1953931.64+/-0.15 dlogz:449.834>0.01]17686it [12:11:09, 12.50s/it, bound:3962 nc:2102 ncall:2.0e+07 eff:0.1% logz-ratio=1953932.22+/-0.12 dlogz:449.264>0.01]17686it [12:11:22, 12.50s/it, bound:3962 nc:2102 ncall:2.0e+07 eff:0.1% logz-ratio=1953932.22+/-0.12 dlogz:449.264>0.01]17687it [12:12:15, 19.73s/it, bound:3962 nc:2534 ncall:2.0e+07 eff:0.1% logz-ratio=1953932.41+/-0.16 dlogz:449.073>0.01]17691it [12:13:19, 18.14s/it, bound:3963 nc:2172 ncall:2.0e+07 eff:0.1% logz-ratio=1953933.09+/-0.18 dlogz:448.355>0.01]17694it [12:13:19, 12.37s/it, bound:3964 nc:  1 ncall:2.0e+07 eff:0.1% logz-ratio=1954037.38+/-0.29 dlogz:342.770>0.01] 17694it [12:13:32, 12.37s/it, bound:3964 nc:  1 ncall:2.0e+07 eff:0.1% logz-ratio=1954374.37+/-0.45 dlogz:1.099>0.01]  17695it [12:14:23, 19.06s/it, bound:3964 nc:2397 ncall:2.0e+07 eff:0.1% logz-ratio=1953934.17+/-0.14 dlogz:447.368>0.01]17699it [12:15:25, 17.63s/it, bound:3965 nc:1871 ncall:2.0e+07 eff:0.1% logz-ratio=1953935.44+/-0.19 dlogz:446.109>0.01]17703it [12:16:21, 16.16s/it, bound:3966 nc:2005 ncall:2.0e+07 eff:0.1% logz-ratio=1953936.41+/-0.20 dlogz:445.082>0.01]17706it [12:16:21, 11.49s/it, bound:3967 nc:  1 ncall:2.0e+07 eff:0.1% logz-ratio=1954050.97+/-0.29 dlogz:329.020>0.01] 17706it [12:16:32, 11.49s/it, bound:3967 nc:  1 ncall:2.0e+07 eff:0.1% logz-ratio=1954374.34+/-0.45 dlogz:1.099>0.01]  17707it [12:17:35, 19.07s/it, bound:3967 nc:2072 ncall:2.0e+07 eff:0.1% logz-ratio=1953937.07+/-0.10 dlogz:444.314>0.01]17709it [12:17:59, 17.25s/it, bound:3967 nc:2201 ncall:2.0e+07 eff:0.1% logz-ratio=1953937.36+/-0.11 dlogz:444.037>0.01]17711it [12:19:02, 21.19s/it, bound:3968 nc:1949 ncall:2.0e+07 eff:0.1% logz-ratio=1953937.70+/-0.11 dlogz:443.708>0.01]17715it [12:20:15, 19.91s/it, bound:3969 nc:2237 ncall:2.0e+07 eff:0.1% logz-ratio=1953938.25+/-0.13 dlogz:443.117>0.01]17718it [12:20:16, 13.60s/it, bound:3970 nc:2772 ncall:2.0e+07 eff:0.1% logz-ratio=1953938.62+/-0.09 dlogz:442.730>0.01]17718it [12:20:32, 13.60s/it, bound:3970 nc:2772 ncall:2.0e+07 eff:0.1% logz-ratio=1953938.62+/-0.09 dlogz:442.730>0.01]17719it [12:21:24, 20.82s/it, bound:3970 nc:2518 ncall:2.0e+07 eff:0.1% logz-ratio=1953938.73+/-0.13 dlogz:442.607>0.01]17721it [12:21:24, 15.15s/it, bound:3971 nc:  1 ncall:2.0e+07 eff:0.1% logz-ratio=1954051.85+/-0.29 dlogz:328.118>0.01] 17721it [12:21:42, 15.15s/it, bound:3971 nc:  1 ncall:2.0e+07 eff:0.1% logz-ratio=1954374.31+/-0.45 dlogz:1.099>0.01]  17722it [12:22:32, 23.75s/it, bound:3971 nc:2601 ncall:2.0e+07 eff:0.1% logz-ratio=1953939.33+/-0.12 dlogz:442.091>0.01]17726it [12:23:46, 21.26s/it, bound:3972 nc:2638 ncall:2.0e+07 eff:0.1% logz-ratio=1953940.34+/-0.17 dlogz:441.104>0.01]17728it [12:23:47, 15.83s/it, bound:3972 nc:  1 ncall:2.0e+07 eff:0.1% logz-ratio=1954056.57+/-0.28 dlogz:323.336>0.01] 17729it [12:24:02, 15.83s/it, bound:3973 nc:2292 ncall:2.0e+07 eff:0.1% logz-ratio=1953940.87+/-0.11 dlogz:440.495>0.01]17730it [12:24:59, 21.27s/it, bound:3973 nc:2693 ncall:2.0e+07 eff:0.1% logz-ratio=1953941.02+/-0.14 dlogz:440.334>0.01]17734it [12:26:11, 19.82s/it, bound:3974 nc:2451 ncall:2.0e+07 eff:0.1% logz-ratio=1953941.60+/-0.14 dlogz:439.734>0.01]17738it [12:27:23, 19.16s/it, bound:3975 nc:2715 ncall:2.0e+07 eff:0.1% logz-ratio=1953942.46+/-0.18 dlogz:439.018>0.01]17740it [12:27:23, 15.06s/it, bound:3975 nc:  1 ncall:2.0e+07 eff:0.1% logz-ratio=1954133.83+/-0.35 dlogz:244.897>0.01] 17741it [12:27:42, 15.06s/it, bound:3976 nc:2568 ncall:2.0e+07 eff:0.1% logz-ratio=1953943.15+/-0.12 dlogz:438.247>0.01]17742it [12:28:32, 19.57s/it, bound:3976 nc:2230 ncall:2.0e+07 eff:0.1% logz-ratio=1953943.36+/-0.16 dlogz:438.031>0.01]17743it [12:28:43, 18.41s/it, bound:3976 nc:2107 ncall:2.0e+07 eff:0.1% logz-ratio=1953943.54+/-0.12 dlogz:437.823>0.01]17746it [12:29:49, 19.76s/it, bound:3977 nc:2403 ncall:2.0e+07 eff:0.1% logz-ratio=1953943.99+/-0.14 dlogz:437.321>0.01]17750it [12:30:51, 18.02s/it, bound:3978 nc:2343 ncall:2.0e+07 eff:0.1% logz-ratio=1953944.57+/-0.11 dlogz:436.775>0.01]17754it [12:31:50, 16.71s/it, bound:3979 nc:2164 ncall:2.0e+07 eff:0.1% logz-ratio=1953945.48+/-0.20 dlogz:435.934>0.01]17758it [12:32:53, 16.43s/it, bound:3980 nc:2456 ncall:2.0e+07 eff:0.1% logz-ratio=1953946.41+/-0.12 dlogz:434.934>0.01]17762it [12:33:55, 16.15s/it, bound:3981 nc:2095 ncall:2.0e+07 eff:0.1% logz-ratio=1953947.09+/-0.17 dlogz:434.202>0.01]17765it [12:33:56, 11.91s/it, bound:3982 nc:  1 ncall:2.0e+07 eff:0.1% logz-ratio=1954058.47+/-0.29 dlogz:321.427>0.01] 17765it [12:34:12, 11.91s/it, bound:3982 nc:  1 ncall:2.0e+07 eff:0.1% logz-ratio=1954374.22+/-0.46 dlogz:1.099>0.01]  17766it [12:34:55, 17.23s/it, bound:3982 nc:2147 ncall:2.0e+07 eff:0.1% logz-ratio=1953947.70+/-0.11 dlogz:433.591>0.01]17770it [12:35:56, 16.38s/it, bound:3983 nc:2266 ncall:2.0e+07 eff:0.1% logz-ratio=1953948.28+/-0.14 dlogz:432.985>0.01]17774it [12:36:54, 15.72s/it, bound:3984 nc:2002 ncall:2.0e+07 eff:0.1% logz-ratio=1953949.11+/-0.19 dlogz:432.265>0.01]17777it [12:36:54, 11.38s/it, bound:3985 nc:  1 ncall:2.0e+07 eff:0.1% logz-ratio=1954059.95+/-0.29 dlogz:319.957>0.01] 17777it [12:37:12, 11.38s/it, bound:3985 nc:  1 ncall:2.0e+07 eff:0.1% logz-ratio=1954374.20+/-0.45 dlogz:1.099>0.01]  17778it [12:37:53, 16.97s/it, bound:3985 nc:2076 ncall:2.0e+07 eff:0.1% logz-ratio=1953950.10+/-0.14 dlogz:431.283>0.01]17782it [12:38:45, 15.35s/it, bound:3986 nc:1947 ncall:2.0e+07 eff:0.1% logz-ratio=1953951.49+/-0.19 dlogz:429.918>0.01]17784it [12:39:07, 14.39s/it, bound:3986 nc:1826 ncall:2.0e+07 eff:0.1% logz-ratio=1953952.13+/-0.15 dlogz:429.282>0.01]17786it [12:40:03, 17.71s/it, bound:3987 nc:2139 ncall:2.0e+07 eff:0.1% logz-ratio=1953952.70+/-0.22 dlogz:428.667>0.01]17789it [12:40:03, 11.69s/it, bound:3988 nc:  1 ncall:2.0e+07 eff:0.1% logz-ratio=1954052.28+/-0.29 dlogz:327.722>0.01] 17789it [12:40:22, 11.69s/it, bound:3988 nc:  1 ncall:2.0e+07 eff:0.1% logz-ratio=1954374.18+/-0.46 dlogz:1.099>0.01]  17790it [12:41:00, 18.00s/it, bound:3988 nc:2233 ncall:2.0e+07 eff:0.1% logz-ratio=1953953.55+/-0.12 dlogz:427.741>0.01]17794it [12:41:58, 16.44s/it, bound:3989 nc:2171 ncall:2.0e+07 eff:0.1% logz-ratio=1953954.19+/-0.14 dlogz:427.024>0.01]17798it [12:42:54, 15.53s/it, bound:3990 nc:1757 ncall:2.0e+07 eff:0.1% logz-ratio=1953954.73+/-0.16 dlogz:426.482>0.01]17802it [12:43:50, 14.92s/it, bound:3991 nc:2134 ncall:2.0e+07 eff:0.1% logz-ratio=1953955.31+/-0.11 dlogz:425.930>0.01]17806it [12:44:44, 14.50s/it, bound:3992 nc:2097 ncall:2.0e+07 eff:0.1% logz-ratio=1953956.09+/-0.16 dlogz:425.165>0.01]17810it [12:45:34, 13.85s/it, bound:3993 nc:1895 ncall:2.0e+07 eff:0.1% logz-ratio=1953956.72+/-0.17 dlogz:424.475>0.01]17813it [12:45:35, 10.28s/it, bound:3994 nc:  1 ncall:2.0e+07 eff:0.1% logz-ratio=1954059.89+/-0.29 dlogz:320.014>0.01] 17813it [12:45:52, 10.28s/it, bound:3994 nc:  1 ncall:2.0e+07 eff:0.1% logz-ratio=1954374.13+/-0.46 dlogz:1.099>0.01]  17814it [12:46:27, 14.93s/it, bound:3994 nc:1994 ncall:2.0e+07 eff:0.1% logz-ratio=1953957.49+/-0.12 dlogz:423.761>0.01]17818it [12:47:26, 14.88s/it, bound:3995 nc:1805 ncall:2.0e+07 eff:0.1% logz-ratio=1953958.40+/-0.17 dlogz:422.837>0.01]17822it [12:48:28, 15.03s/it, bound:3996 nc:2397 ncall:2.0e+07 eff:0.1% logz-ratio=1953959.18+/-0.19 dlogz:422.019>0.01]17826it [12:49:33, 15.47s/it, bound:3997 nc:2352 ncall:2.0e+07 eff:0.1% logz-ratio=1953960.03+/-0.12 dlogz:421.169>0.01]17829it [12:49:49, 12.75s/it, bound:3998 nc:2288 ncall:2.0e+07 eff:0.1% logz-ratio=1953960.50+/-0.10 dlogz:420.651>0.01]17830it [12:50:50, 18.21s/it, bound:3998 nc:2174 ncall:2.0e+07 eff:0.1% logz-ratio=1953960.64+/-0.14 dlogz:420.508>0.01]17834it [12:51:52, 17.19s/it, bound:3999 nc:1913 ncall:2.0e+07 eff:0.1% logz-ratio=1953961.32+/-0.18 dlogz:419.865>0.01]17837it [12:51:53, 12.13s/it, bound:4000 nc:  1 ncall:2.0e+07 eff:0.1% logz-ratio=1954070.84+/-0.28 dlogz:308.878>0.01] 17837it [12:52:12, 12.13s/it, bound:4000 nc:  1 ncall:2.0e+07 eff:0.1% logz-ratio=1954374.08+/-0.46 dlogz:1.099>0.01]  17838it [12:52:56, 18.48s/it, bound:4000 nc:2318 ncall:2.0e+07 eff:0.1% logz-ratio=1953962.20+/-0.12 dlogz:418.994>0.01]17842it [12:53:57, 17.13s/it, bound:4001 nc:2209 ncall:2.0e+07 eff:0.1% logz-ratio=1953962.89+/-0.18 dlogz:418.277>0.01]17846it [12:54:54, 16.02s/it, bound:4002 nc:2091 ncall:2.0e+07 eff:0.1% logz-ratio=1953963.71+/-0.12 dlogz:417.481>0.01]17850it [12:55:45, 14.87s/it, bound:4003 nc:1936 ncall:2.0e+07 eff:0.1% logz-ratio=1953964.58+/-0.17 dlogz:416.592>0.01]17854it [12:56:42, 14.75s/it, bound:4004 nc:2237 ncall:2.0e+07 eff:0.1% logz-ratio=1953965.36+/-0.18 dlogz:415.799>0.01]17858it [12:57:49, 15.34s/it, bound:4005 nc:2175 ncall:2.0e+07 eff:0.1% logz-ratio=1953966.04+/-0.10 dlogz:415.061>0.01]17862it [12:58:49, 15.27s/it, bound:4006 nc:2225 ncall:2.0e+07 eff:0.1% logz-ratio=1953966.72+/-0.16 dlogz:414.415>0.01]17865it [12:58:49, 11.43s/it, bound:4007 nc:  1 ncall:2.0e+07 eff:0.1% logz-ratio=1954076.57+/-0.28 dlogz:303.065>0.01] 17865it [12:59:02, 11.43s/it, bound:4007 nc:  1 ncall:2.0e+07 eff:0.1% logz-ratio=1954374.02+/-0.47 dlogz:1.099>0.01]  17866it [12:59:52, 16.91s/it, bound:4007 nc:2216 ncall:2.0e+07 eff:0.1% logz-ratio=1953967.35+/-0.10 dlogz:413.727>0.01]17869it [13:00:12, 13.69s/it, bound:4008 nc:2161 ncall:2.0e+07 eff:0.1% logz-ratio=1953967.95+/-0.14 dlogz:413.255>0.01]17870it [13:01:09, 19.28s/it, bound:4008 nc:2180 ncall:2.0e+07 eff:0.1% logz-ratio=1953968.27+/-0.19 dlogz:412.978>0.01]17874it [13:02:03, 16.89s/it, bound:4009 nc:1877 ncall:2.0e+07 eff:0.1% logz-ratio=1953969.36+/-0.20 dlogz:411.772>0.01]17878it [13:03:00, 15.82s/it, bound:4010 nc:1826 ncall:2.0e+07 eff:0.1% logz-ratio=1953970.04+/-0.10 dlogz:411.016>0.01]17882it [13:03:54, 15.03s/it, bound:4011 nc:1877 ncall:2.0e+07 eff:0.1% logz-ratio=1953970.55+/-0.13 dlogz:410.487>0.01]17886it [13:04:51, 14.77s/it, bound:4012 nc:2096 ncall:2.0e+07 eff:0.1% logz-ratio=1953971.23+/-0.18 dlogz:409.841>0.01]17890it [13:05:50, 14.80s/it, bound:4013 nc:2319 ncall:2.0e+07 eff:0.1% logz-ratio=1953972.10+/-0.13 dlogz:409.037>0.01]17894it [13:06:44, 14.37s/it, bound:4014 nc:2052 ncall:2.0e+07 eff:0.1% logz-ratio=1953973.38+/-0.20 dlogz:407.832>0.01]17898it [13:07:42, 14.42s/it, bound:4015 nc:1825 ncall:2.0e+07 eff:0.1% logz-ratio=1953974.36+/-0.20 dlogz:406.710>0.01]17901it [13:07:42, 10.82s/it, bound:4016 nc:  1 ncall:2.0e+07 eff:0.1% logz-ratio=1954073.92+/-0.29 dlogz:305.760>0.01] 17901it [13:08:02, 10.82s/it, bound:4016 nc:  1 ncall:2.0e+07 eff:0.1% logz-ratio=1954373.95+/-0.50 dlogz:1.099>0.01]  17902it [13:08:35, 15.32s/it, bound:4016 nc:2053 ncall:2.0e+07 eff:0.1% logz-ratio=1953975.06+/-0.12 dlogz:405.998>0.01]17906it [13:09:30, 14.72s/it, bound:4017 nc:1865 ncall:2.0e+07 eff:0.1% logz-ratio=1953975.81+/-0.15 dlogz:405.213>0.01]17910it [13:10:25, 14.39s/it, bound:4018 nc:2246 ncall:2.0e+07 eff:0.1% logz-ratio=1953976.43+/-0.17 dlogz:404.565>0.01]17911it [13:10:41, 14.56s/it, bound:4018 nc:2040 ncall:2.0e+07 eff:0.1% logz-ratio=1953976.57+/-0.10 dlogz:404.414>0.01]17914it [13:11:33, 15.39s/it, bound:4019 nc:1759 ncall:2.0e+07 eff:0.1% logz-ratio=1953977.36+/-0.15 dlogz:403.826>0.01]17918it [13:12:31, 15.07s/it, bound:4020 nc:2160 ncall:2.0e+07 eff:0.1% logz-ratio=1953978.43+/-0.19 dlogz:402.683>0.01]17922it [13:13:24, 14.41s/it, bound:4021 nc:1983 ncall:2.0e+07 eff:0.1% logz-ratio=1953979.34+/-0.20 dlogz:401.683>0.01]17926it [13:14:19, 14.18s/it, bound:4022 nc:2046 ncall:2.0e+07 eff:0.1% logz-ratio=1953980.38+/-0.13 dlogz:400.694>0.01]17930it [13:15:15, 14.17s/it, bound:4023 nc:1765 ncall:2.0e+07 eff:0.1% logz-ratio=1953981.33+/-0.17 dlogz:399.709>0.01]17934it [13:16:08, 13.83s/it, bound:4024 nc:2057 ncall:2.0e+07 eff:0.1% logz-ratio=1953982.81+/-0.24 dlogz:398.475>0.01]17937it [13:16:08, 10.34s/it, bound:4025 nc:  1 ncall:2.0e+07 eff:0.1% logz-ratio=1954084.41+/-0.28 dlogz:295.117>0.01] 17937it [13:16:22, 10.34s/it, bound:4025 nc:  1 ncall:2.0e+07 eff:0.1% logz-ratio=1954373.88+/-0.51 dlogz:1.099>0.01]  17938it [13:17:04, 15.27s/it, bound:4025 nc:2039 ncall:2.0e+07 eff:0.1% logz-ratio=1953984.02+/-0.13 dlogz:396.989>0.01]17942it [13:18:00, 14.85s/it, bound:4026 nc:2093 ncall:2.0e+07 eff:0.1% logz-ratio=1953984.77+/-0.15 dlogz:396.184>0.01]17946it [13:18:57, 14.61s/it, bound:4027 nc:1933 ncall:2.0e+07 eff:0.1% logz-ratio=1953985.35+/-0.16 dlogz:395.574>0.01]17949it [13:18:57, 10.62s/it, bound:4028 nc:  1 ncall:2.0e+07 eff:0.1% logz-ratio=1954076.73+/-0.28 dlogz:302.894>0.01] 17949it [13:19:12, 10.62s/it, bound:4028 nc:  1 ncall:2.0e+07 eff:0.1% logz-ratio=1954373.86+/-0.51 dlogz:1.099>0.01]  17950it [13:19:56, 16.17s/it, bound:4028 nc:2236 ncall:2.0e+07 eff:0.1% logz-ratio=1953986.01+/-0.11 dlogz:394.915>0.01]17954it [13:20:53, 15.44s/it, bound:4029 nc:2178 ncall:2.0e+07 eff:0.1% logz-ratio=1953986.81+/-0.17 dlogz:394.166>0.01]17956it [13:21:16, 14.54s/it, bound:4029 nc:2065 ncall:2.0e+07 eff:0.1% logz-ratio=1953987.19+/-0.11 dlogz:393.737>0.01]17958it [13:22:02, 16.51s/it, bound:4030 nc:1854 ncall:2.0e+07 eff:0.1% logz-ratio=1953987.51+/-0.18 dlogz:393.391>0.01]17962it [13:22:57, 15.47s/it, bound:4031 nc:1902 ncall:2.0e+07 eff:0.1% logz-ratio=1953988.09+/-0.10 dlogz:392.780>0.01]17966it [13:23:49, 14.51s/it, bound:4032 nc:1767 ncall:2.0e+07 eff:0.1% logz-ratio=1953988.64+/-0.14 dlogz:392.228>0.01]17970it [13:24:46, 14.44s/it, bound:4033 nc:2255 ncall:2.0e+07 eff:0.1% logz-ratio=1953989.24+/-0.17 dlogz:391.647>0.01]17974it [13:25:39, 14.01s/it, bound:4034 nc:1924 ncall:2.0e+07 eff:0.1% logz-ratio=1953990.12+/-0.13 dlogz:390.849>0.01]17978it [13:26:37, 14.21s/it, bound:4035 nc:2101 ncall:2.0e+07 eff:0.1% logz-ratio=1953991.27+/-0.19 dlogz:389.766>0.01]17982it [13:27:37, 14.49s/it, bound:4036 nc:2157 ncall:2.0e+07 eff:0.1% logz-ratio=1953992.27+/-0.20 dlogz:388.635>0.01]17985it [13:27:38, 10.85s/it, bound:4037 nc:  1 ncall:2.0e+07 eff:0.1% logz-ratio=1954095.63+/-0.28 dlogz:283.708>0.01] 17985it [13:27:52, 10.85s/it, bound:4037 nc:  1 ncall:2.0e+07 eff:0.1% logz-ratio=1954373.78+/-0.50 dlogz:1.099>0.01]  17986it [13:28:34, 15.74s/it, bound:4037 nc:1917 ncall:2.0e+07 eff:0.1% logz-ratio=1953992.98+/-0.12 dlogz:387.905>0.01]17990it [13:29:44, 16.37s/it, bound:4038 nc:2366 ncall:2.0e+07 eff:0.1% logz-ratio=1953993.66+/-0.15 dlogz:387.174>0.01]17994it [13:30:45, 16.00s/it, bound:4039 nc:2176 ncall:2.0e+07 eff:0.1% logz-ratio=1953994.39+/-0.19 dlogz:386.527>0.01]17997it [13:30:45, 11.63s/it, bound:4040 nc:  1 ncall:2.0e+07 eff:0.1% logz-ratio=1954080.02+/-0.29 dlogz:299.566>0.01] 17997it [13:31:02, 11.63s/it, bound:4040 nc:  1 ncall:2.0e+07 eff:0.1% logz-ratio=1954373.76+/-0.50 dlogz:1.099>0.01]  17998it [13:31:52, 18.01s/it, bound:4040 nc:2070 ncall:2.0e+07 eff:0.1% logz-ratio=1953995.30+/-0.12 dlogz:385.582>0.01]18001it [13:32:06, 13.56s/it, bound:4041 nc:2333 ncall:2.0e+07 eff:0.1% logz-ratio=1953995.96+/-0.12 dlogz:384.919>0.01]18002it [13:33:05, 19.77s/it, bound:4041 nc:1882 ncall:2.0e+07 eff:0.1% logz-ratio=1953996.17+/-0.17 dlogz:384.701>0.01]18006it [13:34:09, 18.16s/it, bound:4042 nc:2161 ncall:2.0e+07 eff:0.1% logz-ratio=1953997.05+/-0.20 dlogz:383.821>0.01]18009it [13:34:09, 12.38s/it, bound:4043 nc:  1 ncall:2.0e+07 eff:0.1% logz-ratio=1954087.86+/-0.29 dlogz:291.614>0.01] 18009it [13:34:22, 12.38s/it, bound:4043 nc:  1 ncall:2.0e+07 eff:0.1% logz-ratio=1954373.74+/-0.51 dlogz:1.099>0.01]  18010it [13:35:11, 18.87s/it, bound:4043 nc:2254 ncall:2.0e+07 eff:0.1% logz-ratio=1953997.74+/-0.10 dlogz:383.053>0.01]18014it [13:36:06, 16.66s/it, bound:4044 nc:1909 ncall:2.0e+07 eff:0.1% logz-ratio=1953998.28+/-0.13 dlogz:382.483>0.01]18018it [13:37:04, 15.84s/it, bound:4045 nc:1998 ncall:2.0e+07 eff:0.1% logz-ratio=1953998.76+/-0.15 dlogz:381.987>0.01]18021it [13:37:04, 11.26s/it, bound:4046 nc:  1 ncall:2.0e+07 eff:0.1% logz-ratio=1954056.05+/-0.28 dlogz:323.885>0.01] 18021it [13:37:22, 11.26s/it, bound:4046 nc:  1 ncall:2.0e+07 eff:0.1% logz-ratio=1954373.71+/-0.48 dlogz:1.099>0.01]  18022it [13:38:08, 17.66s/it, bound:4046 nc:2244 ncall:2.0e+07 eff:0.1% logz-ratio=1953999.33+/-0.12 dlogz:381.475>0.01]18026it [13:39:08, 16.59s/it, bound:4047 nc:2050 ncall:2.0e+07 eff:0.1% logz-ratio=1954000.15+/-0.16 dlogz:380.652>0.01]18030it [13:40:09, 16.07s/it, bound:4048 nc:1365 ncall:2.0e+07 eff:0.1% logz-ratio=1954000.83+/-0.18 dlogz:379.954>0.01]18033it [13:40:09, 11.53s/it, bound:4049 nc:  1 ncall:2.0e+07 eff:0.1% logz-ratio=1954061.31+/-0.28 dlogz:318.551>0.01] 18033it [13:40:22, 11.53s/it, bound:4049 nc:  1 ncall:2.0e+07 eff:0.1% logz-ratio=1954373.69+/-0.49 dlogz:1.099>0.01]  18034it [13:41:06, 16.93s/it, bound:4049 nc:1502 ncall:2.0e+07 eff:0.1% logz-ratio=1954001.51+/-0.10 dlogz:379.238>0.01]18038it [13:42:11, 16.62s/it, bound:4050 nc:2270 ncall:2.1e+07 eff:0.1% logz-ratio=1954002.06+/-0.14 dlogz:378.672>0.01]18040it [13:42:23, 14.27s/it, bound:4050 nc:1988 ncall:2.1e+07 eff:0.1% logz-ratio=1954002.37+/-0.11 dlogz:378.370>0.01]18042it [13:43:23, 18.09s/it, bound:4051 nc:1557 ncall:2.1e+07 eff:0.1% logz-ratio=1954002.68+/-0.17 dlogz:378.047>0.01]18045it [13:43:23, 11.92s/it, bound:4052 nc:  1 ncall:2.1e+07 eff:0.1% logz-ratio=1954020.89+/-0.28 dlogz:359.485>0.01] 18045it [13:43:43, 11.92s/it, bound:4052 nc:  1 ncall:2.1e+07 eff:0.1% logz-ratio=1954373.66+/-0.49 dlogz:1.099>0.01]  18046it [13:44:23, 18.57s/it, bound:4052 nc:2119 ncall:2.1e+07 eff:0.1% logz-ratio=1954003.46+/-0.12 dlogz:377.301>0.01]18050it [13:45:29, 17.68s/it, bound:4053 nc:2297 ncall:2.1e+07 eff:0.1% logz-ratio=1954004.15+/-0.15 dlogz:376.570>0.01]18054it [13:46:28, 16.56s/it, bound:4054 nc:1925 ncall:2.1e+07 eff:0.1% logz-ratio=1954004.84+/-0.18 dlogz:375.915>0.01]18057it [13:46:28, 11.70s/it, bound:4055 nc:  1 ncall:2.1e+07 eff:0.1% logz-ratio=1954134.75+/-0.30 dlogz:244.028>0.01] 18057it [13:46:43, 11.70s/it, bound:4055 nc:  1 ncall:2.1e+07 eff:0.1% logz-ratio=1954373.64+/-0.49 dlogz:1.099>0.01]  18058it [13:47:27, 17.46s/it, bound:4055 nc:1983 ncall:2.1e+07 eff:0.1% logz-ratio=1954005.62+/-0.11 dlogz:375.105>0.01]18062it [13:48:13, 15.07s/it, bound:4056 nc:2089 ncall:2.1e+07 eff:0.1% logz-ratio=1954006.20+/-0.14 dlogz:374.490>0.01]18066it [13:49:14, 15.09s/it, bound:4057 nc:2359 ncall:2.1e+07 eff:0.1% logz-ratio=1954006.75+/-0.16 dlogz:373.908>0.01]18070it [13:50:11, 14.77s/it, bound:4058 nc:2051 ncall:2.1e+07 eff:0.1% logz-ratio=1954007.36+/-0.11 dlogz:373.338>0.01]18074it [13:51:06, 14.48s/it, bound:4059 nc:2089 ncall:2.1e+07 eff:0.1% logz-ratio=1954008.20+/-0.17 dlogz:372.544>0.01]18078it [13:52:00, 14.19s/it, bound:4060 nc:2361 ncall:2.1e+07 eff:0.1% logz-ratio=1954009.08+/-0.19 dlogz:371.616>0.01]18082it [13:52:57, 14.18s/it, bound:4061 nc:2097 ncall:2.1e+07 eff:0.1% logz-ratio=1954009.64+/-0.10 dlogz:370.994>0.01]18085it [13:53:09, 11.60s/it, bound:4062 nc:2005 ncall:2.1e+07 eff:0.1% logz-ratio=1954010.03+/-0.10 dlogz:370.604>0.01]18086it [13:54:04, 16.21s/it, bound:4062 nc:2229 ncall:2.1e+07 eff:0.1% logz-ratio=1954010.17+/-0.14 dlogz:370.462>0.01]18090it [13:55:00, 15.38s/it, bound:4063 nc:1943 ncall:2.1e+07 eff:0.1% logz-ratio=1954010.69+/-0.16 dlogz:369.927>0.01]18094it [13:55:53, 14.64s/it, bound:4064 nc:1995 ncall:2.1e+07 eff:0.1% logz-ratio=1954011.49+/-0.12 dlogz:369.177>0.01]18098it [13:56:42, 13.85s/it, bound:4065 nc:1598 ncall:2.1e+07 eff:0.1% logz-ratio=1954012.23+/-0.16 dlogz:368.448>0.01]18102it [13:57:35, 13.70s/it, bound:4066 nc:1726 ncall:2.1e+07 eff:0.1% logz-ratio=1954012.89+/-0.17 dlogz:367.715>0.01]18106it [13:58:26, 13.38s/it, bound:4067 nc:1871 ncall:2.1e+07 eff:0.1% logz-ratio=1954013.88+/-0.14 dlogz:366.864>0.01]18110it [13:59:17, 13.14s/it, bound:4068 nc:2115 ncall:2.1e+07 eff:0.1% logz-ratio=1954014.90+/-0.17 dlogz:365.752>0.01]18114it [14:00:09, 13.10s/it, bound:4069 nc:2304 ncall:2.1e+07 eff:0.1% logz-ratio=1954015.67+/-0.19 dlogz:364.944>0.01]18118it [14:01:00, 13.05s/it, bound:4070 nc:2032 ncall:2.1e+07 eff:0.1% logz-ratio=1954016.27+/-0.11 dlogz:364.330>0.01]18122it [14:01:55, 13.22s/it, bound:4071 nc:2183 ncall:2.1e+07 eff:0.1% logz-ratio=1954017.08+/-0.17 dlogz:363.551>0.01]18126it [14:02:50, 13.39s/it, bound:4072 nc:2086 ncall:2.1e+07 eff:0.1% logz-ratio=1954017.80+/-0.18 dlogz:362.780>0.01]18130it [14:03:44, 13.41s/it, bound:4073 nc:2321 ncall:2.1e+07 eff:0.1% logz-ratio=1954018.50+/-0.12 dlogz:362.093>0.01]18133it [14:04:00, 11.45s/it, bound:4074 nc:2276 ncall:2.1e+07 eff:0.1% logz-ratio=1954019.07+/-0.12 dlogz:361.523>0.01]18134it [14:04:57, 16.17s/it, bound:4074 nc:2334 ncall:2.1e+07 eff:0.1% logz-ratio=1954019.26+/-0.16 dlogz:361.328>0.01]18138it [14:06:07, 16.69s/it, bound:4075 nc:2797 ncall:2.1e+07 eff:0.1% logz-ratio=1954019.91+/-0.17 dlogz:360.622>0.01]18141it [14:06:07, 11.93s/it, bound:4076 nc:2649 ncall:2.1e+07 eff:0.1% logz-ratio=1954020.27+/-0.09 dlogz:360.227>0.01]18141it [14:06:23, 11.93s/it, bound:4076 nc:2649 ncall:2.1e+07 eff:0.1% logz-ratio=1954020.27+/-0.09 dlogz:360.227>0.01]18142it [14:07:17, 18.83s/it, bound:4076 nc:2692 ncall:2.1e+07 eff:0.1% logz-ratio=1954020.40+/-0.13 dlogz:360.108>0.01]18146it [14:08:18, 17.38s/it, bound:4077 nc:2402 ncall:2.1e+07 eff:0.1% logz-ratio=1954020.87+/-0.13 dlogz:359.623>0.01]18150it [14:09:22, 16.94s/it, bound:4078 nc:2617 ncall:2.1e+07 eff:0.1% logz-ratio=1954021.47+/-0.11 dlogz:359.056>0.01]18154it [14:10:29, 16.87s/it, bound:4079 nc:2478 ncall:2.1e+07 eff:0.1% logz-ratio=1954022.20+/-0.11 dlogz:358.335>0.01]18158it [14:11:24, 15.82s/it, bound:4080 nc:2325 ncall:2.1e+07 eff:0.1% logz-ratio=1954023.26+/-0.15 dlogz:357.402>0.01]18162it [14:12:29, 15.96s/it, bound:4081 nc:2427 ncall:2.1e+07 eff:0.1% logz-ratio=1954024.16+/-0.12 dlogz:356.397>0.01]18166it [14:13:34, 16.07s/it, bound:4082 nc:2268 ncall:2.1e+07 eff:0.1% logz-ratio=1954025.08+/-0.17 dlogz:355.465>0.01]18169it [14:13:34, 12.03s/it, bound:4083 nc:2247 ncall:2.1e+07 eff:0.1% logz-ratio=1954025.63+/-0.11 dlogz:354.871>0.01]18169it [14:13:53, 12.03s/it, bound:4083 nc:2247 ncall:2.1e+07 eff:0.1% logz-ratio=1954025.63+/-0.11 dlogz:354.871>0.01]18170it [14:14:37, 17.45s/it, bound:4083 nc:2386 ncall:2.1e+07 eff:0.1% logz-ratio=1954025.78+/-0.15 dlogz:354.697>0.01]18172it [14:14:50, 14.86s/it, bound:4083 nc:2012 ncall:2.1e+07 eff:0.1% logz-ratio=1954026.20+/-0.13 dlogz:354.344>0.01]18174it [14:15:51, 18.76s/it, bound:4084 nc:2381 ncall:2.1e+07 eff:0.1% logz-ratio=1954026.54+/-0.18 dlogz:353.938>0.01]18178it [14:16:45, 16.62s/it, bound:4085 nc:2310 ncall:2.1e+07 eff:0.1% logz-ratio=1954027.14+/-0.11 dlogz:353.336>0.01]18182it [14:17:45, 16.00s/it, bound:4086 nc:2104 ncall:2.1e+07 eff:0.1% logz-ratio=1954027.75+/-0.14 dlogz:363.658>0.01]18186it [14:18:42, 15.36s/it, bound:4087 nc:2198 ncall:2.1e+07 eff:0.1% logz-ratio=1954028.27+/-0.10 dlogz:363.120>0.01]18190it [14:19:39, 15.06s/it, bound:4088 nc:2242 ncall:2.1e+07 eff:0.1% logz-ratio=1954028.77+/-0.13 dlogz:362.615>0.01]18194it [14:20:41, 15.14s/it, bound:4089 nc:2627 ncall:2.1e+07 eff:0.1% logz-ratio=1954029.39+/-0.17 dlogz:362.008>0.01]18198it [14:21:47, 15.57s/it, bound:4090 nc:2389 ncall:2.1e+07 eff:0.1% logz-ratio=1954030.25+/-0.13 dlogz:361.234>0.01]18202it [14:22:46, 15.32s/it, bound:4091 nc:2335 ncall:2.1e+07 eff:0.1% logz-ratio=1954031.16+/-0.13 dlogz:360.314>0.01]18206it [14:23:48, 15.39s/it, bound:4092 nc:2389 ncall:2.1e+07 eff:0.1% logz-ratio=1954032.38+/-0.19 dlogz:359.106>0.01]18210it [14:24:47, 15.22s/it, bound:4093 nc:2430 ncall:2.1e+07 eff:0.1% logz-ratio=1954033.30+/-0.20 dlogz:358.144>0.01]18211it [14:25:00, 14.96s/it, bound:4093 nc:2089 ncall:2.1e+07 eff:0.1% logz-ratio=1954033.51+/-0.12 dlogz:357.913>0.01]18214it [14:26:18, 18.24s/it, bound:4094 nc:2827 ncall:2.1e+07 eff:0.1% logz-ratio=1954034.01+/-0.11 dlogz:357.355>0.01]18218it [14:27:34, 18.52s/it, bound:4095 nc:2677 ncall:2.1e+07 eff:0.1% logz-ratio=1954034.49+/-0.09 dlogz:356.822>0.01]18222it [14:28:45, 18.23s/it, bound:4096 nc:2694 ncall:2.1e+07 eff:0.1% logz-ratio=1954034.93+/-0.09 dlogz:356.376>0.01]18226it [14:30:02, 18.58s/it, bound:4097 nc:3022 ncall:2.1e+07 eff:0.1% logz-ratio=1954035.39+/-0.09 dlogz:355.900>0.01]18230it [14:31:17, 18.62s/it, bound:4098 nc:3006 ncall:2.1e+07 eff:0.1% logz-ratio=1954035.89+/-0.10 dlogz:355.432>0.01]18234it [14:32:29, 18.46s/it, bound:4099 nc:3018 ncall:2.1e+07 eff:0.1% logz-ratio=1954036.44+/-0.11 dlogz:354.881>0.01]18238it [14:33:34, 17.79s/it, bound:4100 nc:2631 ncall:2.1e+07 eff:0.1% logz-ratio=1954037.61+/-0.15 dlogz:353.882>0.01]18242it [14:34:42, 17.52s/it, bound:4101 nc:2970 ncall:2.1e+07 eff:0.1% logz-ratio=1954038.63+/-0.13 dlogz:352.756>0.01]18246it [14:35:45, 17.02s/it, bound:4102 nc:2621 ncall:2.1e+07 eff:0.1% logz-ratio=1954039.42+/-0.19 dlogz:351.915>0.01]18247it [14:35:57, 16.49s/it, bound:4102 nc:2721 ncall:2.1e+07 eff:0.1% logz-ratio=1954039.59+/-0.11 dlogz:351.727>0.01]18250it [14:37:02, 18.03s/it, bound:4103 nc:2382 ncall:2.1e+07 eff:0.1% logz-ratio=1954040.13+/-0.16 dlogz:351.178>0.01]18253it [14:37:02, 12.68s/it, bound:4104 nc:2760 ncall:2.1e+07 eff:0.1% logz-ratio=1954040.61+/-0.11 dlogz:350.688>0.01]18253it [14:37:13, 12.68s/it, bound:4104 nc:2760 ncall:2.1e+07 eff:0.1% logz-ratio=1954040.61+/-0.11 dlogz:350.688>0.01]18254it [14:38:07, 19.12s/it, bound:4104 nc:2418 ncall:2.1e+07 eff:0.1% logz-ratio=1954040.79+/-0.15 dlogz:350.519>0.01]18258it [14:39:07, 17.46s/it, bound:4105 nc:2024 ncall:2.1e+07 eff:0.1% logz-ratio=1954041.38+/-0.14 dlogz:349.878>0.01]18262it [14:40:03, 16.17s/it, bound:4106 nc:2004 ncall:2.1e+07 eff:0.1% logz-ratio=1954042.04+/-0.18 dlogz:349.240>0.01]18266it [14:41:06, 15.98s/it, bound:4107 nc:2440 ncall:2.1e+07 eff:0.1% logz-ratio=1954042.58+/-0.10 dlogz:348.645>0.01]18270it [14:42:15, 16.44s/it, bound:4108 nc:2306 ncall:2.1e+07 eff:0.1% logz-ratio=1954043.02+/-0.15 dlogz:348.180>0.01]18273it [14:43:22, 18.00s/it, bound:4109 nc:2308 ncall:2.1e+07 eff:0.1% logz-ratio=1954043.48+/-0.11 dlogz:347.759>0.01]18277it [14:44:21, 16.85s/it, bound:4110 nc:2073 ncall:2.1e+07 eff:0.1% logz-ratio=1954044.11+/-0.11 dlogz:347.127>0.01]18281it [14:45:28, 16.81s/it, bound:4111 nc:2732 ncall:2.1e+07 eff:0.1% logz-ratio=1954044.92+/-0.17 dlogz:346.375>0.01]18284it [14:46:37, 18.41s/it, bound:4112 nc:2531 ncall:2.1e+07 eff:0.1% logz-ratio=1954045.79+/-0.19 dlogz:345.554>0.01]18285it [14:46:50, 17.81s/it, bound:4112 nc:2088 ncall:2.1e+07 eff:0.1% logz-ratio=1954046.07+/-0.14 dlogz:345.280>0.01]18288it [14:48:00, 19.57s/it, bound:4113 nc:2514 ncall:2.1e+07 eff:0.1% logz-ratio=1954046.88+/-0.13 dlogz:344.411>0.01]18292it [14:49:02, 18.05s/it, bound:4114 nc:2482 ncall:2.1e+07 eff:0.1% logz-ratio=1954047.57+/-0.11 dlogz:343.636>0.01]18296it [14:49:59, 16.69s/it, bound:4115 nc:1900 ncall:2.1e+07 eff:0.1% logz-ratio=1954048.08+/-0.10 dlogz:343.094>0.01]18300it [14:50:56, 15.93s/it, bound:4116 nc:2537 ncall:2.1e+07 eff:0.1% logz-ratio=1954048.54+/-0.12 dlogz:342.596>0.01]18304it [14:52:02, 16.09s/it, bound:4117 nc:2409 ncall:2.1e+07 eff:0.1% logz-ratio=1954048.98+/-0.15 dlogz:342.167>0.01]18307it [14:52:02, 11.97s/it, bound:4118 nc:  1 ncall:2.1e+07 eff:0.1% logz-ratio=1954373.14+/-0.47 dlogz:12.356>0.01]  18307it [14:52:13, 11.97s/it, bound:4118 nc:  1 ncall:2.1e+07 eff:0.1% logz-ratio=1954384.11+/-0.47 dlogz:1.099>0.01] 18308it [14:53:09, 17.94s/it, bound:4118 nc:2454 ncall:2.1e+07 eff:0.1% logz-ratio=1954049.63+/-0.12 dlogz:341.584>0.01]18312it [14:54:12, 17.17s/it, bound:4119 nc:2769 ncall:2.1e+07 eff:0.1% logz-ratio=1954050.42+/-0.19 dlogz:340.764>0.01]18316it [14:55:19, 17.02s/it, bound:4120 nc:2380 ncall:2.1e+07 eff:0.1% logz-ratio=1954050.94+/-0.13 dlogz:340.194>0.01]18320it [14:56:14, 15.86s/it, bound:4121 nc:1903 ncall:2.1e+07 eff:0.1% logz-ratio=1954051.50+/-0.10 dlogz:339.620>0.01]18324it [14:57:10, 15.29s/it, bound:4122 nc:2287 ncall:2.1e+07 eff:0.1% logz-ratio=1954052.22+/-0.16 dlogz:338.963>0.01]18326it [14:57:21, 13.39s/it, bound:4122 nc:1823 ncall:2.1e+07 eff:0.1% logz-ratio=1954052.63+/-0.12 dlogz:338.568>0.01]18328it [14:58:15, 16.30s/it, bound:4123 nc:2205 ncall:2.1e+07 eff:0.1% logz-ratio=1954053.04+/-0.19 dlogz:338.140>0.01]18332it [14:59:10, 15.37s/it, bound:4124 nc:2245 ncall:2.1e+07 eff:0.1% logz-ratio=1954053.77+/-0.12 dlogz:337.416>0.01]18336it [15:00:08, 15.02s/it, bound:4125 nc:1964 ncall:2.1e+07 eff:0.1% logz-ratio=1954054.48+/-0.15 dlogz:336.655>0.01]18340it [15:01:01, 14.42s/it, bound:4126 nc:1969 ncall:2.1e+07 eff:0.1% logz-ratio=1954055.13+/-0.18 dlogz:335.970>0.01]18343it [15:01:01, 10.64s/it, bound:4127 nc:  1 ncall:2.1e+07 eff:0.1% logz-ratio=1954125.62+/-0.29 dlogz:264.353>0.01] 18343it [15:01:13, 10.64s/it, bound:4127 nc:  1 ncall:2.1e+07 eff:0.1% logz-ratio=1954384.04+/-0.47 dlogz:1.099>0.01]  18344it [15:01:52, 15.20s/it, bound:4127 nc:1865 ncall:2.1e+07 eff:0.1% logz-ratio=1954055.59+/-0.09 dlogz:335.459>0.01]18348it [15:02:48, 14.71s/it, bound:4128 nc:2020 ncall:2.1e+07 eff:0.1% logz-ratio=1954056.03+/-0.13 dlogz:335.019>0.01]18352it [15:03:49, 14.92s/it, bound:4129 nc:2444 ncall:2.1e+07 eff:0.1% logz-ratio=1954056.42+/-0.14 dlogz:334.600>0.01]18356it [15:04:50, 15.01s/it, bound:4130 nc:2447 ncall:2.1e+07 eff:0.1% logz-ratio=1954056.80+/-0.09 dlogz:334.233>0.01]18360it [15:05:45, 14.63s/it, bound:4131 nc:2063 ncall:2.1e+07 eff:0.1% logz-ratio=1954057.22+/-0.12 dlogz:333.799>0.01]18364it [15:06:41, 14.43s/it, bound:4132 nc:2043 ncall:2.1e+07 eff:0.1% logz-ratio=1954057.65+/-0.15 dlogz:333.364>0.01]18368it [15:07:40, 14.51s/it, bound:4133 nc:2380 ncall:2.1e+07 eff:0.1% logz-ratio=1954058.13+/-0.14 dlogz:332.921>0.01]18370it [15:07:53, 13.03s/it, bound:4133 nc:2296 ncall:2.1e+07 eff:0.1% logz-ratio=1954058.50+/-0.12 dlogz:332.578>0.01]18372it [15:08:52, 16.45s/it, bound:4134 nc:2330 ncall:2.1e+07 eff:0.1% logz-ratio=1954058.91+/-0.19 dlogz:332.202>0.01]18376it [15:09:44, 15.21s/it, bound:4135 nc:2152 ncall:2.1e+07 eff:0.1% logz-ratio=1954059.67+/-0.11 dlogz:331.375>0.01]18380it [15:10:33, 14.19s/it, bound:4136 nc:2059 ncall:2.1e+07 eff:0.1% logz-ratio=1954060.26+/-0.14 dlogz:330.760>0.01]18383it [15:11:32, 15.67s/it, bound:4137 nc:3595 ncall:2.1e+07 eff:0.1% logz-ratio=1954060.68+/-0.14 dlogz:330.323>0.01]18387it [15:12:27, 14.98s/it, bound:4138 nc:1883 ncall:2.1e+07 eff:0.1% logz-ratio=1954061.15+/-0.09 dlogz:329.828>0.01]18391it [15:13:25, 14.80s/it, bound:4139 nc:2150 ncall:2.1e+07 eff:0.1% logz-ratio=1954061.70+/-0.15 dlogz:329.316>0.01]18395it [15:14:24, 14.82s/it, bound:4140 nc:2372 ncall:2.1e+07 eff:0.1% logz-ratio=1954062.44+/-0.19 dlogz:328.628>0.01]18399it [15:15:23, 14.77s/it, bound:4141 nc:2418 ncall:2.1e+07 eff:0.1% logz-ratio=1954063.19+/-0.11 dlogz:327.827>0.01]18403it [15:16:22, 14.79s/it, bound:4142 nc:2279 ncall:2.1e+07 eff:0.1% logz-ratio=1954063.89+/-0.15 dlogz:327.096>0.01]18407it [15:17:23, 14.88s/it, bound:4143 nc:1852 ncall:2.1e+07 eff:0.1% logz-ratio=1954064.54+/-0.18 dlogz:326.434>0.01]18411it [15:18:19, 14.66s/it, bound:4144 nc:1999 ncall:2.1e+07 eff:0.1% logz-ratio=1954065.09+/-0.10 dlogz:325.864>0.01]18414it [15:18:32, 12.09s/it, bound:4145 nc:2087 ncall:2.1e+07 eff:0.1% logz-ratio=1954065.53+/-0.10 dlogz:325.426>0.01]18415it [15:19:30, 16.98s/it, bound:4145 nc:1887 ncall:2.1e+07 eff:0.1% logz-ratio=1954065.66+/-0.14 dlogz:325.278>0.01]18419it [15:20:25, 15.69s/it, bound:4146 nc:2272 ncall:2.1e+07 eff:0.1% logz-ratio=1954066.35+/-0.18 dlogz:324.620>0.01]18423it [15:21:12, 14.36s/it, bound:4147 nc:2107 ncall:2.1e+07 eff:0.1% logz-ratio=1954066.90+/-0.10 dlogz:324.029>0.01]18427it [15:22:11, 14.51s/it, bound:4148 nc:2301 ncall:2.1e+07 eff:0.1% logz-ratio=1954067.42+/-0.13 dlogz:323.478>0.01]18431it [15:23:16, 15.06s/it, bound:4149 nc:2129 ncall:2.1e+07 eff:0.1% logz-ratio=1954067.85+/-0.09 dlogz:323.039>0.01]18435it [15:24:11, 14.63s/it, bound:4150 nc:2233 ncall:2.1e+07 eff:0.1% logz-ratio=1954068.28+/-0.13 dlogz:322.590>0.01]18439it [15:25:03, 14.15s/it, bound:4151 nc:1896 ncall:2.1e+07 eff:0.1% logz-ratio=1954068.68+/-0.14 dlogz:322.174>0.01]18443it [15:25:55, 13.80s/it, bound:4152 nc:1993 ncall:2.1e+07 eff:0.1% logz-ratio=1954069.07+/-0.08 dlogz:321.776>0.01]18447it [15:26:51, 13.84s/it, bound:4153 nc:2330 ncall:2.1e+07 eff:0.1% logz-ratio=1954069.43+/-0.12 dlogz:321.409>0.01]18451it [15:27:44, 13.67s/it, bound:4154 nc:2162 ncall:2.1e+07 eff:0.1% logz-ratio=1954069.91+/-0.16 dlogz:320.961>0.01]18455it [15:28:34, 13.29s/it, bound:4155 nc:2093 ncall:2.1e+07 eff:0.1% logz-ratio=1954070.42+/-0.10 dlogz:320.431>0.01]18458it [15:28:46, 11.02s/it, bound:4156 nc:2157 ncall:2.1e+07 eff:0.1% logz-ratio=1954070.79+/-0.10 dlogz:320.071>0.01]18459it [15:29:50, 16.55s/it, bound:4156 nc:2349 ncall:2.1e+07 eff:0.1% logz-ratio=1954070.94+/-0.14 dlogz:319.931>0.01]18463it [15:30:48, 15.78s/it, bound:4157 nc:2402 ncall:2.1e+07 eff:0.1% logz-ratio=1954071.62+/-0.18 dlogz:319.266>0.01]18467it [15:31:45, 15.29s/it, bound:4158 nc:2136 ncall:2.1e+07 eff:0.1% logz-ratio=1954072.29+/-0.12 dlogz:318.601>0.01]18471it [15:32:36, 14.39s/it, bound:4159 nc:1920 ncall:2.1e+07 eff:0.1% logz-ratio=1954073.03+/-0.16 dlogz:317.871>0.01]18474it [15:33:25, 14.92s/it, bound:4160 nc:3805 ncall:2.1e+07 eff:0.1% logz-ratio=1954073.62+/-0.16 dlogz:317.294>0.01]18478it [15:34:22, 14.71s/it, bound:4161 nc:2398 ncall:2.1e+07 eff:0.1% logz-ratio=1954074.44+/-0.11 dlogz:316.415>0.01]18482it [15:35:24, 14.94s/it, bound:4162 nc:2334 ncall:2.2e+07 eff:0.1% logz-ratio=1954075.03+/-0.14 dlogz:315.780>0.01]18485it [15:35:24, 11.11s/it, bound:4163 nc:  1 ncall:2.2e+07 eff:0.1% logz-ratio=1954095.56+/-0.29 dlogz:294.838>0.01] 18485it [15:35:43, 11.11s/it, bound:4163 nc:  1 ncall:2.2e+07 eff:0.1% logz-ratio=1954383.75+/-0.47 dlogz:1.099>0.01]  18486it [15:36:22, 16.22s/it, bound:4163 nc:2355 ncall:2.2e+07 eff:0.1% logz-ratio=1954075.53+/-0.10 dlogz:315.255>0.01]18490it [15:37:17, 15.25s/it, bound:4164 nc:2127 ncall:2.2e+07 eff:0.1% logz-ratio=1954075.99+/-0.12 dlogz:314.773>0.01]18494it [15:38:12, 14.70s/it, bound:4165 nc:2268 ncall:2.2e+07 eff:0.1% logz-ratio=1954076.48+/-0.16 dlogz:314.292>0.01]18497it [15:39:12, 16.19s/it, bound:4166 nc:2093 ncall:2.2e+07 eff:0.1% logz-ratio=1954076.90+/-0.10 dlogz:313.888>0.01]18500it [15:39:25, 12.82s/it, bound:4167 nc:2410 ncall:2.2e+07 eff:0.1% logz-ratio=1954077.30+/-0.10 dlogz:313.467>0.01]18501it [15:40:22, 18.07s/it, bound:4167 nc:2343 ncall:2.2e+07 eff:0.1% logz-ratio=1954077.45+/-0.14 dlogz:313.331>0.01]18505it [15:41:13, 15.96s/it, bound:4168 nc:2243 ncall:2.2e+07 eff:0.1% logz-ratio=1954078.35+/-0.14 dlogz:312.534>0.01]18509it [15:42:09, 15.22s/it, bound:4169 nc:2185 ncall:2.2e+07 eff:0.1% logz-ratio=1954079.12+/-0.15 dlogz:311.653>0.01]18513it [15:42:57, 14.11s/it, bound:4170 nc:2028 ncall:2.2e+07 eff:0.1% logz-ratio=1954079.69+/-0.17 dlogz:311.065>0.01]18517it [15:43:48, 13.66s/it, bound:4171 nc:2328 ncall:2.2e+07 eff:0.1% logz-ratio=1954080.18+/-0.10 dlogz:310.550>0.01]18521it [15:44:42, 13.64s/it, bound:4172 nc:2494 ncall:2.2e+07 eff:0.1% logz-ratio=1954080.65+/-0.13 dlogz:310.059>0.01]18525it [15:45:36, 13.55s/it, bound:4173 nc:2446 ncall:2.2e+07 eff:0.1% logz-ratio=1954081.11+/-0.10 dlogz:309.601>0.01]18529it [15:46:27, 13.31s/it, bound:4174 nc:2464 ncall:2.2e+07 eff:0.1% logz-ratio=1954081.79+/-0.13 dlogz:309.008>0.01]18533it [15:47:16, 13.03s/it, bound:4175 nc:2602 ncall:2.2e+07 eff:0.1% logz-ratio=1954082.54+/-0.15 dlogz:308.183>0.01]18537it [15:48:05, 12.76s/it, bound:4176 nc:2608 ncall:2.2e+07 eff:0.1% logz-ratio=1954083.09+/-0.10 dlogz:307.598>0.01]18541it [15:48:49, 12.21s/it, bound:4177 nc:2240 ncall:2.2e+07 eff:0.1% logz-ratio=1954083.69+/-0.17 dlogz:307.035>0.01]18545it [15:49:45, 12.77s/it, bound:4178 nc:2224 ncall:2.2e+07 eff:0.1% logz-ratio=1954084.30+/-0.15 dlogz:306.417>0.01]18547it [15:49:57, 11.56s/it, bound:4178 nc:2214 ncall:2.2e+07 eff:0.1% logz-ratio=1954084.78+/-0.14 dlogz:306.046>0.01]18549it [15:50:56, 15.25s/it, bound:4179 nc:2296 ncall:2.2e+07 eff:0.1% logz-ratio=1954085.34+/-0.13 dlogz:305.452>0.01]18553it [15:51:55, 15.01s/it, bound:4180 nc:1974 ncall:2.2e+07 eff:0.1% logz-ratio=1954086.25+/-0.17 dlogz:304.488>0.01]18557it [15:52:55, 15.06s/it, bound:4181 nc:2392 ncall:2.2e+07 eff:0.1% logz-ratio=1954087.19+/-0.20 dlogz:303.528>0.01]18561it [15:53:52, 14.75s/it, bound:4182 nc:2201 ncall:2.2e+07 eff:0.1% logz-ratio=1954087.88+/-0.11 dlogz:302.788>0.01]18565it [15:54:41, 14.00s/it, bound:4183 nc:2251 ncall:2.2e+07 eff:0.1% logz-ratio=1954088.38+/-0.16 dlogz:302.240>0.01]18568it [15:54:42, 10.44s/it, bound:4184 nc:  1 ncall:2.2e+07 eff:0.1% logz-ratio=1954163.67+/-0.29 dlogz:225.681>0.01] 18568it [15:54:53, 10.44s/it, bound:4184 nc:  1 ncall:2.2e+07 eff:0.1% logz-ratio=1954383.60+/-0.50 dlogz:1.093>0.01]  18569it [15:55:38, 15.45s/it, bound:4184 nc:2212 ncall:2.2e+07 eff:0.1% logz-ratio=1954088.85+/-0.09 dlogz:301.763>0.01]18573it [15:56:39, 15.39s/it, bound:4185 nc:2534 ncall:2.2e+07 eff:0.1% logz-ratio=1954089.31+/-0.13 dlogz:301.290>0.01]18577it [15:57:40, 15.31s/it, bound:4186 nc:2485 ncall:2.2e+07 eff:0.1% logz-ratio=1954089.76+/-0.15 dlogz:300.838>0.01]18581it [15:58:43, 15.48s/it, bound:4187 nc:2281 ncall:2.2e+07 eff:0.1% logz-ratio=1954090.28+/-0.11 dlogz:300.345>0.01]18585it [15:59:43, 15.27s/it, bound:4188 nc:2132 ncall:2.2e+07 eff:0.1% logz-ratio=1954091.03+/-0.16 dlogz:299.609>0.01]18589it [16:00:44, 15.29s/it, bound:4189 nc:2339 ncall:2.2e+07 eff:0.1% logz-ratio=1954091.57+/-0.10 dlogz:299.012>0.01]18591it [16:00:57, 13.65s/it, bound:4189 nc:2096 ncall:2.2e+07 eff:0.1% logz-ratio=1954091.81+/-0.09 dlogz:298.759>0.01]18593it [16:01:54, 16.75s/it, bound:4190 nc:2178 ncall:2.2e+07 eff:0.1% logz-ratio=1954092.04+/-0.10 dlogz:298.530>0.01]18597it [16:02:50, 15.78s/it, bound:4191 nc:2050 ncall:2.2e+07 eff:0.1% logz-ratio=1954092.52+/-0.13 dlogz:298.046>0.01]18601it [16:03:48, 15.26s/it, bound:4192 nc:2170 ncall:2.2e+07 eff:0.1% logz-ratio=1954093.14+/-0.17 dlogz:297.441>0.01]18605it [16:04:43, 14.79s/it, bound:4193 nc:2194 ncall:2.2e+07 eff:0.1% logz-ratio=1954093.66+/-0.10 dlogz:296.898>0.01]18609it [16:05:35, 14.18s/it, bound:4194 nc:1822 ncall:2.2e+07 eff:0.1% logz-ratio=1954094.10+/-0.12 dlogz:296.433>0.01]18613it [16:06:28, 13.91s/it, bound:4195 nc:2151 ncall:2.2e+07 eff:0.1% logz-ratio=1954094.59+/-0.16 dlogz:295.936>0.01]18617it [16:07:15, 13.22s/it, bound:4196 nc:1743 ncall:2.2e+07 eff:0.1% logz-ratio=1954094.97+/-0.08 dlogz:295.515>0.01]18621it [16:08:12, 13.55s/it, bound:4197 nc:2073 ncall:2.2e+07 eff:0.1% logz-ratio=1954095.37+/-0.12 dlogz:295.122>0.01]18625it [16:09:07, 13.62s/it, bound:4198 nc:2079 ncall:2.2e+07 eff:0.1% logz-ratio=1954095.79+/-0.15 dlogz:294.707>0.01]18629it [16:09:57, 13.26s/it, bound:4199 nc:1983 ncall:2.2e+07 eff:0.1% logz-ratio=1954096.36+/-0.10 dlogz:294.162>0.01]18633it [16:10:53, 13.49s/it, bound:4200 nc:1856 ncall:2.2e+07 eff:0.1% logz-ratio=1954096.92+/-0.14 dlogz:293.584>0.01]18635it [16:11:05, 12.23s/it, bound:4200 nc:2333 ncall:2.2e+07 eff:0.1% logz-ratio=1954097.18+/-0.10 dlogz:293.312>0.01]18637it [16:12:01, 15.35s/it, bound:4201 nc:2250 ncall:2.2e+07 eff:0.1% logz-ratio=1954097.41+/-0.16 dlogz:293.061>0.01]18641it [16:12:57, 14.88s/it, bound:4202 nc:2302 ncall:2.2e+07 eff:0.1% logz-ratio=1954098.00+/-0.11 dlogz:292.509>0.01]18645it [16:13:48, 14.16s/it, bound:4203 nc:2061 ncall:2.2e+07 eff:0.1% logz-ratio=1954098.52+/-0.13 dlogz:291.940>0.01]18649it [16:14:40, 13.79s/it, bound:4204 nc:2380 ncall:2.2e+07 eff:0.1% logz-ratio=1954098.97+/-0.15 dlogz:291.481>0.01]18653it [16:15:27, 13.10s/it, bound:4205 nc:1969 ncall:2.2e+07 eff:0.1% logz-ratio=1954099.47+/-0.14 dlogz:290.998>0.01]18657it [16:16:25, 13.52s/it, bound:4206 nc:2353 ncall:2.2e+07 eff:0.1% logz-ratio=1954100.10+/-0.18 dlogz:290.390>0.01]18661it [16:17:28, 14.24s/it, bound:4207 nc:2520 ncall:2.2e+07 eff:0.1% logz-ratio=1954100.74+/-0.15 dlogz:289.735>0.01]18665it [16:18:26, 14.35s/it, bound:4208 nc:2101 ncall:2.2e+07 eff:0.1% logz-ratio=1954101.29+/-0.14 dlogz:289.154>0.01]18669it [16:19:29, 14.76s/it, bound:4209 nc:2554 ncall:2.2e+07 eff:0.1% logz-ratio=1954101.85+/-0.11 dlogz:288.607>0.01]18673it [16:20:23, 14.33s/it, bound:4210 nc:2235 ncall:2.2e+07 eff:0.1% logz-ratio=1954102.44+/-0.11 dlogz:288.020>0.01]18677it [16:21:21, 14.39s/it, bound:4211 nc:2129 ncall:2.2e+07 eff:0.1% logz-ratio=1954103.07+/-0.14 dlogz:287.346>0.01]18679it [16:21:33, 12.91s/it, bound:4211 nc:2103 ncall:2.2e+07 eff:0.1% logz-ratio=1954103.33+/-0.10 dlogz:287.074>0.01]18681it [16:22:34, 16.45s/it, bound:4212 nc:1937 ncall:2.2e+07 eff:0.1% logz-ratio=1954103.58+/-0.16 dlogz:286.820>0.01]18685it [16:23:27, 15.36s/it, bound:4213 nc:2142 ncall:2.2e+07 eff:0.1% logz-ratio=1954104.15+/-0.14 dlogz:286.268>0.01]18689it [16:24:17, 14.36s/it, bound:4214 nc:1711 ncall:2.2e+07 eff:0.1% logz-ratio=1954104.74+/-0.17 dlogz:285.651>0.01]18693it [16:25:07, 13.76s/it, bound:4215 nc:2063 ncall:2.2e+07 eff:0.1% logz-ratio=1954105.28+/-0.10 dlogz:285.117>0.01]18697it [16:26:03, 13.82s/it, bound:4216 nc:2413 ncall:2.2e+07 eff:0.1% logz-ratio=1954105.83+/-0.14 dlogz:284.546>0.01]18701it [16:26:58, 13.78s/it, bound:4217 nc:2243 ncall:2.2e+07 eff:0.1% logz-ratio=1954106.33+/-0.16 dlogz:284.036>0.01]18705it [16:27:54, 13.85s/it, bound:4218 nc:2232 ncall:2.2e+07 eff:0.1% logz-ratio=1954106.84+/-0.10 dlogz:283.517>0.01]18709it [16:28:53, 14.14s/it, bound:4219 nc:2273 ncall:2.2e+07 eff:0.1% logz-ratio=1954107.31+/-0.13 dlogz:283.018>0.01]18713it [16:29:53, 14.37s/it, bound:4220 nc:2378 ncall:2.2e+07 eff:0.1% logz-ratio=1954107.72+/-0.09 dlogz:282.592>0.01]18716it [16:29:53, 10.84s/it, bound:4221 nc:  1 ncall:2.2e+07 eff:0.1% logz-ratio=1954285.67+/-0.41 dlogz:100.960>0.01] 18716it [16:30:03, 10.84s/it, bound:4221 nc:  1 ncall:2.2e+07 eff:0.1% logz-ratio=1954383.30+/-0.51 dlogz:1.093>0.01]  18717it [16:30:51, 15.84s/it, bound:4221 nc:2279 ncall:2.2e+07 eff:0.1% logz-ratio=1954108.16+/-0.09 dlogz:282.155>0.01]18721it [16:31:47, 15.11s/it, bound:4222 nc:2559 ncall:2.2e+07 eff:0.1% logz-ratio=1954108.73+/-0.10 dlogz:281.599>0.01]18723it [16:31:59, 13.16s/it, bound:4222 nc:2260 ncall:2.2e+07 eff:0.1% logz-ratio=1954108.96+/-0.09 dlogz:281.347>0.01]18725it [16:32:51, 16.13s/it, bound:4223 nc:2112 ncall:2.2e+07 eff:0.1% logz-ratio=1954109.17+/-0.15 dlogz:281.118>0.01]18729it [16:33:51, 15.75s/it, bound:4224 nc:2497 ncall:2.2e+07 eff:0.1% logz-ratio=1954109.55+/-0.09 dlogz:280.721>0.01]18733it [16:34:48, 15.18s/it, bound:4225 nc:2642 ncall:2.2e+07 eff:0.1% logz-ratio=1954110.17+/-0.16 dlogz:280.225>0.01]18737it [16:35:46, 14.95s/it, bound:4226 nc:2581 ncall:2.2e+07 eff:0.1% logz-ratio=1954111.10+/-0.17 dlogz:279.254>0.01]18741it [16:36:38, 14.28s/it, bound:4227 nc:2419 ncall:2.2e+07 eff:0.1% logz-ratio=1954111.71+/-0.14 dlogz:278.584>0.01]18745it [16:37:27, 13.66s/it, bound:4228 nc:2066 ncall:2.2e+07 eff:0.1% logz-ratio=1954112.17+/-0.09 dlogz:278.087>0.01]18749it [16:38:14, 13.04s/it, bound:4229 nc:2127 ncall:2.2e+07 eff:0.1% logz-ratio=1954112.63+/-0.13 dlogz:277.639>0.01]18753it [16:38:58, 12.45s/it, bound:4230 nc:2313 ncall:2.2e+07 eff:0.1% logz-ratio=1954113.24+/-0.17 dlogz:277.060>0.01]18757it [16:39:46, 12.29s/it, bound:4231 nc:2103 ncall:2.2e+07 eff:0.1% logz-ratio=1954114.27+/-0.13 dlogz:276.074>0.01]18761it [16:40:33, 12.10s/it, bound:4232 nc:2051 ncall:2.2e+07 eff:0.1% logz-ratio=1954114.94+/-0.14 dlogz:275.315>0.01]18765it [16:41:16, 11.70s/it, bound:4233 nc:2043 ncall:2.2e+07 eff:0.1% logz-ratio=1954115.51+/-0.17 dlogz:274.741>0.01]18769it [16:42:01, 11.54s/it, bound:4234 nc:1731 ncall:2.2e+07 eff:0.1% logz-ratio=1954116.07+/-0.10 dlogz:274.168>0.01]18772it [16:42:13,  9.75s/it, bound:4235 nc:1437 ncall:2.2e+07 eff:0.1% logz-ratio=1954116.46+/-0.10 dlogz:273.761>0.01]18773it [16:43:00, 13.63s/it, bound:4235 nc:1994 ncall:2.2e+07 eff:0.1% logz-ratio=1954116.60+/-0.14 dlogz:273.634>0.01]18777it [16:43:50, 13.15s/it, bound:4236 nc:2092 ncall:2.2e+07 eff:0.1% logz-ratio=1954117.18+/-0.17 dlogz:273.046>0.01]18781it [16:44:39, 12.86s/it, bound:4237 nc:2113 ncall:2.2e+07 eff:0.1% logz-ratio=1954117.65+/-0.10 dlogz:272.543>0.01]18785it [16:45:29, 12.73s/it, bound:4238 nc:2159 ncall:2.2e+07 eff:0.1% logz-ratio=1954118.19+/-0.14 dlogz:272.020>0.01]18789it [16:46:18, 12.63s/it, bound:4239 nc:2184 ncall:2.2e+07 eff:0.1% logz-ratio=1954118.83+/-0.17 dlogz:271.372>0.01]18793it [16:47:09, 12.66s/it, bound:4240 nc:2206 ncall:2.2e+07 eff:0.1% logz-ratio=1954119.36+/-0.10 dlogz:270.819>0.01]18797it [16:48:01, 12.78s/it, bound:4241 nc:2159 ncall:2.2e+07 eff:0.1% logz-ratio=1954119.82+/-0.13 dlogz:270.340>0.01]18801it [16:48:52, 12.73s/it, bound:4242 nc:1933 ncall:2.2e+07 eff:0.1% logz-ratio=1954120.26+/-0.15 dlogz:269.891>0.01]18805it [16:49:50, 13.25s/it, bound:4243 nc:2526 ncall:2.2e+07 eff:0.1% logz-ratio=1954120.83+/-0.11 dlogz:269.367>0.01]18809it [16:50:45, 13.40s/it, bound:4244 nc:2695 ncall:2.2e+07 eff:0.1% logz-ratio=1954121.59+/-0.16 dlogz:268.639>0.01]18813it [16:51:38, 13.39s/it, bound:4245 nc:2098 ncall:2.2e+07 eff:0.1% logz-ratio=1954122.37+/-0.11 dlogz:267.808>0.01]18817it [16:52:31, 13.37s/it, bound:4246 nc:2548 ncall:2.2e+07 eff:0.1% logz-ratio=1954122.89+/-0.09 dlogz:267.226>0.01]18820it [16:52:45, 11.21s/it, bound:4247 nc:1529 ncall:2.2e+07 eff:0.1% logz-ratio=1954123.22+/-0.09 dlogz:266.887>0.01]18821it [16:53:38, 15.55s/it, bound:4247 nc:2221 ncall:2.2e+07 eff:0.1% logz-ratio=1954123.34+/-0.13 dlogz:266.770>0.01]18825it [16:54:33, 14.92s/it, bound:4248 nc:2604 ncall:2.2e+07 eff:0.1% logz-ratio=1954123.83+/-0.16 dlogz:266.278>0.01]18829it [16:55:24, 14.11s/it, bound:4249 nc:2294 ncall:2.2e+07 eff:0.1% logz-ratio=1954124.22+/-0.12 dlogz:265.848>0.01]18832it [16:55:24, 10.29s/it, bound:4250 nc:  1 ncall:2.2e+07 eff:0.1% logz-ratio=1954203.18+/-0.29 dlogz:185.301>0.01] 18832it [16:55:43, 10.29s/it, bound:4250 nc:  1 ncall:2.2e+07 eff:0.1% logz-ratio=1954383.07+/-0.51 dlogz:1.093>0.01]  18833it [16:56:11, 14.56s/it, bound:4250 nc:2323 ncall:2.2e+07 eff:0.1% logz-ratio=1954124.69+/-0.10 dlogz:265.408>0.01]18837it [16:57:02, 13.85s/it, bound:4251 nc:2158 ncall:2.2e+07 eff:0.1% logz-ratio=1954125.23+/-0.14 dlogz:264.889>0.01]18841it [16:57:56, 13.70s/it, bound:4252 nc:2004 ncall:2.2e+07 eff:0.1% logz-ratio=1954125.87+/-0.18 dlogz:264.226>0.01]18844it [16:58:47, 14.61s/it, bound:4253 nc:4651 ncall:2.2e+07 eff:0.1% logz-ratio=1954126.34+/-0.17 dlogz:263.769>0.01]18848it [16:59:38, 13.98s/it, bound:4254 nc:2206 ncall:2.2e+07 eff:0.1% logz-ratio=1954126.95+/-0.11 dlogz:263.137>0.01]18852it [17:00:27, 13.39s/it, bound:4255 nc:2138 ncall:2.2e+07 eff:0.1% logz-ratio=1954127.48+/-0.14 dlogz:262.604>0.01]18856it [17:01:18, 13.21s/it, bound:4256 nc:2260 ncall:2.2e+07 eff:0.1% logz-ratio=1954128.18+/-0.18 dlogz:261.930>0.01]18860it [17:02:13, 13.33s/it, bound:4257 nc:2059 ncall:2.2e+07 eff:0.1% logz-ratio=1954128.84+/-0.11 dlogz:261.229>0.01]18864it [17:02:55, 12.45s/it, bound:4258 nc:2036 ncall:2.2e+07 eff:0.1% logz-ratio=1954129.61+/-0.17 dlogz:260.492>0.01]18866it [17:03:07, 11.28s/it, bound:4258 nc:1687 ncall:2.2e+07 eff:0.1% logz-ratio=1954129.96+/-0.11 dlogz:260.119>0.01]18868it [17:03:55, 13.93s/it, bound:4259 nc:2579 ncall:2.2e+07 eff:0.1% logz-ratio=1954130.28+/-0.18 dlogz:259.777>0.01]18872it [17:04:41, 13.04s/it, bound:4260 nc:2192 ncall:2.2e+07 eff:0.1% logz-ratio=1954130.94+/-0.11 dlogz:259.130>0.01]18876it [17:05:28, 12.58s/it, bound:4261 nc:1819 ncall:2.2e+07 eff:0.1% logz-ratio=1954131.81+/-0.17 dlogz:258.272>0.01]18880it [17:06:20, 12.72s/it, bound:4262 nc:2201 ncall:2.2e+07 eff:0.1% logz-ratio=1954132.42+/-0.17 dlogz:257.598>0.01]18884it [17:07:17, 13.18s/it, bound:4263 nc:1412 ncall:2.2e+07 eff:0.1% logz-ratio=1954132.97+/-0.10 dlogz:257.034>0.01]18888it [17:08:25, 14.44s/it, bound:4264 nc:2814 ncall:2.2e+07 eff:0.1% logz-ratio=1954133.42+/-0.13 dlogz:256.550>0.01]18892it [17:09:32, 15.15s/it, bound:4265 nc:2398 ncall:2.2e+07 eff:0.1% logz-ratio=1954133.85+/-0.12 dlogz:256.100>0.01]18896it [17:10:34, 15.27s/it, bound:4266 nc:2376 ncall:2.2e+07 eff:0.1% logz-ratio=1954134.28+/-0.12 dlogz:255.669>0.01]18900it [17:11:39, 15.55s/it, bound:4267 nc:2358 ncall:2.2e+07 eff:0.1% logz-ratio=1954134.68+/-0.09 dlogz:255.256>0.01]18904it [17:12:31, 14.76s/it, bound:4268 nc:1599 ncall:2.2e+07 eff:0.1% logz-ratio=1954135.06+/-0.12 dlogz:254.857>0.01]18908it [17:13:30, 14.74s/it, bound:4269 nc:2344 ncall:2.2e+07 eff:0.1% logz-ratio=1954135.53+/-0.16 dlogz:254.405>0.01]18909it [17:13:41, 14.43s/it, bound:4269 nc:2331 ncall:2.2e+07 eff:0.1% logz-ratio=1954135.63+/-0.09 dlogz:254.293>0.01]18912it [17:14:37, 15.67s/it, bound:4270 nc:2380 ncall:2.2e+07 eff:0.1% logz-ratio=1954135.95+/-0.12 dlogz:253.968>0.01]18916it [17:15:34, 15.14s/it, bound:4271 nc:2104 ncall:2.2e+07 eff:0.1% logz-ratio=1954136.32+/-0.14 dlogz:253.571>0.01]18920it [17:16:27, 14.54s/it, bound:4272 nc:2367 ncall:2.2e+07 eff:0.1% logz-ratio=1954136.77+/-0.14 dlogz:253.171>0.01]18924it [17:17:18, 13.88s/it, bound:4273 nc:2181 ncall:2.2e+07 eff:0.1% logz-ratio=1954137.28+/-0.16 dlogz:252.630>0.01]18928it [17:18:06, 13.29s/it, bound:4274 nc:2425 ncall:2.2e+07 eff:0.1% logz-ratio=1954137.96+/-0.11 dlogz:251.987>0.01]18932it [17:18:58, 13.19s/it, bound:4275 nc:1920 ncall:2.3e+07 eff:0.1% logz-ratio=1954138.55+/-0.14 dlogz:251.351>0.01]18936it [17:19:49, 13.10s/it, bound:4276 nc:2142 ncall:2.3e+07 eff:0.1% logz-ratio=1954139.12+/-0.17 dlogz:250.798>0.01]18939it [17:20:36, 13.77s/it, bound:4277 nc:4496 ncall:2.3e+07 eff:0.1% logz-ratio=1954139.57+/-0.17 dlogz:250.347>0.01]18943it [17:21:28, 13.46s/it, bound:4278 nc:2345 ncall:2.3e+07 eff:0.1% logz-ratio=1954140.16+/-0.10 dlogz:249.730>0.01]18947it [17:22:17, 13.13s/it, bound:4279 nc:2249 ncall:2.3e+07 eff:0.1% logz-ratio=1954140.67+/-0.14 dlogz:249.222>0.01]18951it [17:23:08, 12.95s/it, bound:4280 nc:1755 ncall:2.3e+07 eff:0.1% logz-ratio=1954141.34+/-0.18 dlogz:248.552>0.01]18955it [17:23:59, 12.91s/it, bound:4281 nc:2071 ncall:2.3e+07 eff:0.1% logz-ratio=1954141.89+/-0.10 dlogz:247.962>0.01]18958it [17:24:11, 10.69s/it, bound:4282 nc:2027 ncall:2.3e+07 eff:0.1% logz-ratio=1954142.27+/-0.10 dlogz:247.569>0.01]18959it [17:25:06, 15.36s/it, bound:4282 nc:2284 ncall:2.3e+07 eff:0.1% logz-ratio=1954142.38+/-0.13 dlogz:247.449>0.01]18963it [17:25:53, 14.04s/it, bound:4283 nc:1664 ncall:2.3e+07 eff:0.1% logz-ratio=1954142.87+/-0.16 dlogz:246.978>0.01]18967it [17:26:42, 13.38s/it, bound:4284 nc:1866 ncall:2.3e+07 eff:0.1% logz-ratio=1954143.69+/-0.13 dlogz:246.254>0.01]18971it [17:27:33, 13.17s/it, bound:4285 nc:2210 ncall:2.3e+07 eff:0.1% logz-ratio=1954144.36+/-0.14 dlogz:245.474>0.01]18975it [17:28:22, 12.89s/it, bound:4286 nc:1867 ncall:2.3e+07 eff:0.1% logz-ratio=1954144.85+/-0.16 dlogz:244.945>0.01]18979it [17:29:08, 12.45s/it, bound:4287 nc:1869 ncall:2.3e+07 eff:0.1% logz-ratio=1954145.34+/-0.10 dlogz:244.465>0.01]18983it [17:29:58, 12.44s/it, bound:4288 nc:2172 ncall:2.3e+07 eff:0.1% logz-ratio=1954145.79+/-0.13 dlogz:243.989>0.01]18987it [17:30:45, 12.25s/it, bound:4289 nc:2175 ncall:2.3e+07 eff:0.1% logz-ratio=1954146.21+/-0.15 dlogz:243.569>0.01]18991it [17:31:35, 12.32s/it, bound:4290 nc:2175 ncall:2.3e+07 eff:0.1% logz-ratio=1954146.63+/-0.09 dlogz:243.134>0.01]18995it [17:32:27, 12.51s/it, bound:4291 nc:2143 ncall:2.3e+07 eff:0.1% logz-ratio=1954147.00+/-0.12 dlogz:242.739>0.01]18999it [17:33:15, 12.39s/it, bound:4292 nc:1923 ncall:2.3e+07 eff:0.1% logz-ratio=1954147.42+/-0.15 dlogz:242.327>0.01]19003it [17:34:05, 12.38s/it, bound:4293 nc:2124 ncall:2.3e+07 eff:0.1% logz-ratio=1954147.93+/-0.10 dlogz:241.832>0.01]19007it [17:35:00, 12.82s/it, bound:4294 nc:2321 ncall:2.3e+07 eff:0.1% logz-ratio=1954148.46+/-0.14 dlogz:241.303>0.01]19009it [17:35:12, 11.61s/it, bound:4294 nc:2382 ncall:2.3e+07 eff:0.1% logz-ratio=1954148.78+/-0.11 dlogz:240.999>0.01]19011it [17:36:02, 14.35s/it, bound:4295 nc:2018 ncall:2.3e+07 eff:0.1% logz-ratio=1954149.05+/-0.10 dlogz:240.693>0.01]19015it [17:36:56, 14.03s/it, bound:4296 nc:2340 ncall:2.3e+07 eff:0.1% logz-ratio=1954149.59+/-0.14 dlogz:240.157>0.01]19019it [17:37:47, 13.60s/it, bound:4297 nc:2148 ncall:2.3e+07 eff:0.1% logz-ratio=1954150.23+/-0.18 dlogz:239.531>0.01]19023it [17:38:35, 13.08s/it, bound:4298 nc:2062 ncall:2.3e+07 eff:0.1% logz-ratio=1954150.72+/-0.09 dlogz:238.974>0.01]19027it [17:39:27, 13.07s/it, bound:4299 nc:2220 ncall:2.3e+07 eff:0.1% logz-ratio=1954151.14+/-0.13 dlogz:238.580>0.01]19031it [17:40:18, 12.94s/it, bound:4300 nc:2099 ncall:2.3e+07 eff:0.1% logz-ratio=1954151.80+/-0.18 dlogz:237.989>0.01]19035it [17:41:14, 13.28s/it, bound:4301 nc:2263 ncall:2.3e+07 eff:0.1% logz-ratio=1954152.56+/-0.11 dlogz:237.160>0.01]19039it [17:42:02, 12.88s/it, bound:4302 nc:1979 ncall:2.3e+07 eff:0.1% logz-ratio=1954153.29+/-0.15 dlogz:236.426>0.01]19043it [17:42:56, 13.05s/it, bound:4303 nc:1928 ncall:2.3e+07 eff:0.1% logz-ratio=1954153.80+/-0.16 dlogz:235.875>0.01]19047it [17:43:51, 13.23s/it, bound:4304 nc:2239 ncall:2.3e+07 eff:0.1% logz-ratio=1954154.33+/-0.10 dlogz:235.352>0.01]19051it [17:44:39, 12.89s/it, bound:4305 nc:1598 ncall:2.3e+07 eff:0.1% logz-ratio=1954154.89+/-0.14 dlogz:234.777>0.01]19055it [17:45:41, 13.68s/it, bound:4306 nc:2414 ncall:2.3e+07 eff:0.1% logz-ratio=1954155.42+/-0.16 dlogz:234.230>0.01]19056it [17:45:54, 13.62s/it, bound:4306 nc:2184 ncall:2.3e+07 eff:0.1% logz-ratio=1954155.55+/-0.10 dlogz:234.102>0.01]19059it [17:46:52, 15.27s/it, bound:4307 nc:2193 ncall:2.3e+07 eff:0.1% logz-ratio=1954155.87+/-0.09 dlogz:233.754>0.01]19063it [17:47:47, 14.73s/it, bound:4308 nc:2349 ncall:2.3e+07 eff:0.1% logz-ratio=1954156.29+/-0.13 dlogz:233.332>0.01]19067it [17:48:39, 14.14s/it, bound:4309 nc:1963 ncall:2.3e+07 eff:0.1% logz-ratio=1954156.78+/-0.10 dlogz:232.864>0.01]19071it [17:49:32, 13.83s/it, bound:4310 nc:2039 ncall:2.3e+07 eff:0.1% logz-ratio=1954157.24+/-0.13 dlogz:232.371>0.01]19075it [17:50:18, 13.11s/it, bound:4311 nc:2122 ncall:2.3e+07 eff:0.1% logz-ratio=1954157.67+/-0.15 dlogz:231.910>0.01]19079it [17:51:21, 13.97s/it, bound:4312 nc:2761 ncall:2.3e+07 eff:0.1% logz-ratio=1954158.04+/-0.08 dlogz:231.526>0.01]19083it [17:52:33, 15.17s/it, bound:4313 nc:2697 ncall:2.3e+07 eff:0.1% logz-ratio=1954158.57+/-0.10 dlogz:231.040>0.01]19087it [17:53:39, 15.61s/it, bound:4314 nc:2225 ncall:2.3e+07 eff:0.1% logz-ratio=1954159.12+/-0.10 dlogz:230.483>0.01]19091it [17:54:46, 15.98s/it, bound:4315 nc:2829 ncall:2.3e+07 eff:0.1% logz-ratio=1954159.60+/-0.13 dlogz:229.968>0.01]19094it [17:54:46, 12.06s/it, bound:4316 nc:2220 ncall:2.3e+07 eff:0.1% logz-ratio=1954160.04+/-0.11 dlogz:229.583>0.01]19094it [17:55:03, 12.06s/it, bound:4316 nc:2220 ncall:2.3e+07 eff:0.1% logz-ratio=1954160.04+/-0.11 dlogz:229.583>0.01]19095it [17:55:52, 17.62s/it, bound:4316 nc:2790 ncall:2.3e+07 eff:0.1% logz-ratio=1954160.19+/-0.15 dlogz:229.412>0.01]19096it [17:56:05, 17.02s/it, bound:4316 nc:2463 ncall:2.3e+07 eff:0.1% logz-ratio=1954160.34+/-0.11 dlogz:229.251>0.01]19099it [17:57:18, 19.68s/it, bound:4317 nc:2346 ncall:2.3e+07 eff:0.1% logz-ratio=1954160.78+/-0.15 dlogz:228.812>0.01]19103it [17:58:18, 17.76s/it, bound:4318 nc:2551 ncall:2.3e+07 eff:0.1% logz-ratio=1954161.33+/-0.10 dlogz:228.247>0.01]19107it [17:59:13, 16.32s/it, bound:4319 nc:2199 ncall:2.3e+07 eff:0.1% logz-ratio=1954161.84+/-0.09 dlogz:227.701>0.01]19111it [18:00:09, 15.50s/it, bound:4320 nc:2715 ncall:2.3e+07 eff:0.1% logz-ratio=1954162.38+/-0.11 dlogz:227.179>0.01]19115it [18:01:13, 15.71s/it, bound:4321 nc:2711 ncall:2.3e+07 eff:0.1% logz-ratio=1954162.86+/-0.15 dlogz:226.659>0.01]19118it [18:01:14, 11.62s/it, bound:4322 nc:2404 ncall:2.3e+07 eff:0.1% logz-ratio=1954163.19+/-0.09 dlogz:226.322>0.01]19118it [18:01:33, 11.62s/it, bound:4322 nc:2404 ncall:2.3e+07 eff:0.1% logz-ratio=1954163.19+/-0.09 dlogz:226.322>0.01]19119it [18:02:20, 17.68s/it, bound:4322 nc:2670 ncall:2.3e+07 eff:0.1% logz-ratio=1954163.31+/-0.13 dlogz:226.206>0.01]19123it [18:03:22, 16.80s/it, bound:4323 nc:2142 ncall:2.3e+07 eff:0.1% logz-ratio=1954163.73+/-0.09 dlogz:225.760>0.01]19127it [18:04:24, 16.38s/it, bound:4324 nc:2372 ncall:2.3e+07 eff:0.1% logz-ratio=1954164.11+/-0.12 dlogz:225.378>0.01]19131it [18:05:25, 16.03s/it, bound:4325 nc:2147 ncall:2.3e+07 eff:0.1% logz-ratio=1954164.55+/-0.09 dlogz:224.941>0.01]19135it [18:06:29, 16.02s/it, bound:4326 nc:2206 ncall:2.3e+07 eff:0.1% logz-ratio=1954164.96+/-0.12 dlogz:224.502>0.01]19136it [18:06:42, 15.71s/it, bound:4326 nc:2054 ncall:2.3e+07 eff:0.1% logz-ratio=1954165.06+/-0.09 dlogz:224.403>0.01]19138it [18:07:29, 17.42s/it, bound:4327 nc:4711 ncall:2.3e+07 eff:0.1% logz-ratio=1954165.29+/-0.15 dlogz:224.196>0.01]19142it [18:08:22, 15.79s/it, bound:4328 nc:2632 ncall:2.3e+07 eff:0.1% logz-ratio=1954165.72+/-0.09 dlogz:223.739>0.01]19146it [18:09:14, 14.74s/it, bound:4329 nc:2358 ncall:2.3e+07 eff:0.1% logz-ratio=1954166.17+/-0.16 dlogz:223.292>0.01]19150it [18:10:13, 14.75s/it, bound:4330 nc:2489 ncall:2.3e+07 eff:0.1% logz-ratio=1954166.54+/-0.12 dlogz:222.879>0.01]19154it [18:11:14, 14.97s/it, bound:4331 nc:2554 ncall:2.3e+07 eff:0.1% logz-ratio=1954166.97+/-0.10 dlogz:222.478>0.01]19158it [18:12:11, 14.69s/it, bound:4332 nc:2521 ncall:2.3e+07 eff:0.1% logz-ratio=1954167.46+/-0.09 dlogz:221.972>0.01]19162it [18:13:08, 14.56s/it, bound:4333 nc:2230 ncall:2.3e+07 eff:0.1% logz-ratio=1954167.97+/-0.11 dlogz:221.487>0.01]19166it [18:14:10, 14.84s/it, bound:4334 nc:2658 ncall:2.3e+07 eff:0.1% logz-ratio=1954168.46+/-0.13 dlogz:220.962>0.01]19170it [18:15:04, 14.43s/it, bound:4335 nc:2355 ncall:2.3e+07 eff:0.1% logz-ratio=1954168.89+/-0.09 dlogz:220.509>0.01]19174it [18:15:55, 13.93s/it, bound:4336 nc:2087 ncall:2.3e+07 eff:0.1% logz-ratio=1954169.26+/-0.12 dlogz:220.125>0.01]19178it [18:16:46, 13.55s/it, bound:4337 nc:2217 ncall:2.3e+07 eff:0.1% logz-ratio=1954169.66+/-0.15 dlogz:219.718>0.01]19179it [18:16:58, 13.42s/it, bound:4337 nc:2233 ncall:2.3e+07 eff:0.1% logz-ratio=1954169.75+/-0.09 dlogz:219.624>0.01]19182it [18:17:49, 14.53s/it, bound:4338 nc:1989 ncall:2.3e+07 eff:0.1% logz-ratio=1954170.02+/-0.08 dlogz:219.343>0.01]19186it [18:18:46, 14.40s/it, bound:4339 nc:2480 ncall:2.3e+07 eff:0.1% logz-ratio=1954170.42+/-0.13 dlogz:218.957>0.01]19190it [18:19:48, 14.78s/it, bound:4340 nc:2392 ncall:2.3e+07 eff:0.1% logz-ratio=1954170.88+/-0.13 dlogz:218.486>0.01]19194it [18:20:41, 14.29s/it, bound:4341 nc:2128 ncall:2.3e+07 eff:0.1% logz-ratio=1954171.25+/-0.08 dlogz:218.087>0.01]19198it [18:21:35, 14.04s/it, bound:4342 nc:2153 ncall:2.3e+07 eff:0.1% logz-ratio=1954171.59+/-0.11 dlogz:217.727>0.01]19202it [18:22:37, 14.45s/it, bound:4343 nc:2472 ncall:2.3e+07 eff:0.1% logz-ratio=1954171.90+/-0.08 dlogz:217.419>0.01]19206it [18:23:34, 14.42s/it, bound:4344 nc:2495 ncall:2.3e+07 eff:0.1% logz-ratio=1954172.28+/-0.09 dlogz:217.053>0.01]19210it [18:24:32, 14.41s/it, bound:4345 nc:2453 ncall:2.3e+07 eff:0.1% logz-ratio=1954172.76+/-0.16 dlogz:216.575>0.01]19214it [18:25:30, 14.48s/it, bound:4346 nc:2461 ncall:2.3e+07 eff:0.1% logz-ratio=1954173.25+/-0.09 dlogz:216.080>0.01]19218it [18:26:22, 14.05s/it, bound:4347 nc:2223 ncall:2.3e+07 eff:0.1% logz-ratio=1954173.66+/-0.09 dlogz:215.646>0.01]19222it [18:27:19, 14.05s/it, bound:4348 nc:2353 ncall:2.3e+07 eff:0.1% logz-ratio=1954174.09+/-0.13 dlogz:215.211>0.01]19224it [18:27:31, 12.63s/it, bound:4348 nc:2356 ncall:2.3e+07 eff:0.1% logz-ratio=1954174.33+/-0.10 dlogz:214.984>0.01]19226it [18:28:26, 15.69s/it, bound:4349 nc:2402 ncall:2.3e+07 eff:0.1% logz-ratio=1954174.55+/-0.16 dlogz:214.738>0.01]19230it [18:29:20, 14.85s/it, bound:4350 nc:2177 ncall:2.3e+07 eff:0.1% logz-ratio=1954174.94+/-0.09 dlogz:214.340>0.01]19234it [18:30:19, 14.82s/it, bound:4351 nc:2392 ncall:2.3e+07 eff:0.1% logz-ratio=1954175.29+/-0.11 dlogz:213.973>0.01]19238it [18:31:17, 14.71s/it, bound:4352 nc:2563 ncall:2.3e+07 eff:0.1% logz-ratio=1954175.70+/-0.12 dlogz:213.568>0.01]19242it [18:32:31, 15.95s/it, bound:4353 nc:2894 ncall:2.3e+07 eff:0.1% logz-ratio=1954176.09+/-0.12 dlogz:213.166>0.01]19246it [18:33:32, 15.75s/it, bound:4354 nc:2266 ncall:2.3e+07 eff:0.1% logz-ratio=1954176.45+/-0.11 dlogz:212.785>0.01]19250it [18:34:37, 15.87s/it, bound:4355 nc:2576 ncall:2.3e+07 eff:0.1% logz-ratio=1954176.83+/-0.12 dlogz:212.406>0.01]19254it [18:35:44, 16.15s/it, bound:4356 nc:2850 ncall:2.3e+07 eff:0.1% logz-ratio=1954177.17+/-0.11 dlogz:212.037>0.01]19255it [18:35:55, 15.65s/it, bound:4356 nc:2844 ncall:2.3e+07 eff:0.1% logz-ratio=1954177.25+/-0.08 dlogz:211.954>0.01]19258it [18:37:04, 17.83s/it, bound:4357 nc:2719 ncall:2.3e+07 eff:0.1% logz-ratio=1954177.50+/-0.11 dlogz:211.703>0.01]19259it [18:37:25, 18.19s/it, bound:4357 nc:2678 ncall:2.3e+07 eff:0.1% logz-ratio=1954177.57+/-0.08 dlogz:211.623>0.01]19262it [18:38:29, 19.30s/it, bound:4358 nc:2607 ncall:2.3e+07 eff:0.1% logz-ratio=1954177.78+/-0.10 dlogz:211.403>0.01]19263it [18:38:42, 18.34s/it, bound:4358 nc:2903 ncall:2.3e+07 eff:0.1% logz-ratio=1954177.85+/-0.07 dlogz:211.336>0.01]19266it [18:39:49, 19.93s/it, bound:4359 nc:2783 ncall:2.3e+07 eff:0.1% logz-ratio=1954178.07+/-0.11 dlogz:211.113>0.01]19270it [18:40:56, 18.59s/it, bound:4360 nc:2073 ncall:2.3e+07 eff:0.1% logz-ratio=1954178.38+/-0.11 dlogz:210.791>0.01]19274it [18:41:58, 17.41s/it, bound:4361 nc:2927 ncall:2.3e+07 eff:0.1% logz-ratio=1954178.66+/-0.10 dlogz:210.500>0.01]19278it [18:42:58, 16.61s/it, bound:4362 nc:2827 ncall:2.3e+07 eff:0.1% logz-ratio=1954178.98+/-0.11 dlogz:210.188>0.01]19281it [18:44:01, 17.75s/it, bound:4363 nc:2218 ncall:2.3e+07 eff:0.1% logz-ratio=1954179.23+/-0.08 dlogz:209.935>0.01]19285it [18:45:01, 16.85s/it, bound:4364 nc:2240 ncall:2.3e+07 eff:0.1% logz-ratio=1954179.60+/-0.08 dlogz:209.561>0.01]19289it [18:46:01, 16.25s/it, bound:4365 nc:2453 ncall:2.3e+07 eff:0.1% logz-ratio=1954179.91+/-0.08 dlogz:209.230>0.01]19293it [18:46:59, 15.67s/it, bound:4366 nc:2553 ncall:2.3e+07 eff:0.1% logz-ratio=1954180.21+/-0.08 dlogz:208.921>0.01]19297it [18:47:58, 15.37s/it, bound:4367 nc:2680 ncall:2.3e+07 eff:0.1% logz-ratio=1954180.53+/-0.14 dlogz:208.607>0.01]19301it [18:48:55, 15.07s/it, bound:4368 nc:2580 ncall:2.3e+07 eff:0.1% logz-ratio=1954180.95+/-0.09 dlogz:208.184>0.01]19303it [18:49:07, 13.43s/it, bound:4368 nc:2341 ncall:2.3e+07 eff:0.1% logz-ratio=1954181.14+/-0.09 dlogz:207.989>0.01]19305it [18:50:04, 16.45s/it, bound:4369 nc:2586 ncall:2.3e+07 eff:0.1% logz-ratio=1954181.35+/-0.09 dlogz:207.778>0.01]19309it [18:50:53, 14.96s/it, bound:4370 nc:2181 ncall:2.3e+07 eff:0.1% logz-ratio=1954181.74+/-0.09 dlogz:207.382>0.01]19313it [18:51:50, 14.66s/it, bound:4371 nc:2791 ncall:2.3e+07 eff:0.1% logz-ratio=1954182.24+/-0.13 dlogz:206.889>0.01]19317it [18:52:38, 13.83s/it, bound:4372 nc:1563 ncall:2.3e+07 eff:0.1% logz-ratio=1954182.77+/-0.14 dlogz:206.360>0.01]19321it [18:53:36, 13.98s/it, bound:4373 nc:2503 ncall:2.3e+07 eff:0.1% logz-ratio=1954183.23+/-0.15 dlogz:205.870>0.01]19325it [18:54:30, 13.87s/it, bound:4374 nc:1630 ncall:2.3e+07 eff:0.1% logz-ratio=1954183.60+/-0.12 dlogz:205.471>0.01]19329it [18:55:42, 15.17s/it, bound:4375 nc:3428 ncall:2.3e+07 eff:0.1% logz-ratio=1954183.94+/-0.08 dlogz:205.122>0.01]19333it [18:56:56, 16.20s/it, bound:4376 nc:3269 ncall:2.3e+07 eff:0.1% logz-ratio=1954184.21+/-0.07 dlogz:204.829>0.01]19336it [18:56:57, 12.20s/it, bound:4377 nc:  1 ncall:2.3e+07 eff:0.1% logz-ratio=1954224.58+/-0.29 dlogz:163.619>0.01] 19336it [18:57:15, 12.20s/it, bound:4377 nc:  1 ncall:2.3e+07 eff:0.1% logz-ratio=1954382.06+/-0.56 dlogz:1.093>0.01]  19337it [18:58:12, 18.88s/it, bound:4377 nc:3174 ncall:2.3e+07 eff:0.1% logz-ratio=1954184.48+/-0.08 dlogz:204.560>0.01]19341it [18:59:14, 17.62s/it, bound:4378 nc:2600 ncall:2.3e+07 eff:0.1% logz-ratio=1954184.83+/-0.09 dlogz:204.223>0.01]19343it [18:59:26, 15.19s/it, bound:4378 nc:2360 ncall:2.3e+07 eff:0.1% logz-ratio=1954185.03+/-0.09 dlogz:204.027>0.01]19345it [19:00:38, 19.97s/it, bound:4379 nc:3071 ncall:2.3e+07 eff:0.1% logz-ratio=1954185.25+/-0.09 dlogz:203.811>0.01]19349it [19:01:50, 19.15s/it, bound:4380 nc:3122 ncall:2.3e+07 eff:0.1% logz-ratio=1954185.65+/-0.09 dlogz:203.384>0.01]19353it [19:03:00, 18.59s/it, bound:4381 nc:2536 ncall:2.4e+07 eff:0.1% logz-ratio=1954186.08+/-0.10 dlogz:202.986>0.01]19357it [19:04:05, 17.82s/it, bound:4382 nc:2847 ncall:2.4e+07 eff:0.1% logz-ratio=1954186.54+/-0.09 dlogz:202.499>0.01]19361it [19:05:11, 17.34s/it, bound:4383 nc:2280 ncall:2.4e+07 eff:0.1% logz-ratio=1954187.02+/-0.10 dlogz:202.013>0.01]19365it [19:06:23, 17.52s/it, bound:4384 nc:2520 ncall:2.4e+07 eff:0.1% logz-ratio=1954187.41+/-0.12 dlogz:201.587>0.01]19369it [19:07:34, 17.62s/it, bound:4385 nc:3025 ncall:2.4e+07 eff:0.1% logz-ratio=1954187.78+/-0.12 dlogz:201.221>0.01]19373it [19:08:32, 16.67s/it, bound:4386 nc:2486 ncall:2.4e+07 eff:0.1% logz-ratio=1954188.20+/-0.13 dlogz:200.795>0.01]19377it [19:09:39, 16.66s/it, bound:4387 nc:2676 ncall:2.4e+07 eff:0.1% logz-ratio=1954188.80+/-0.16 dlogz:200.273>0.01]19378it [19:09:51, 16.21s/it, bound:4387 nc:3015 ncall:2.4e+07 eff:0.1% logz-ratio=1954188.96+/-0.11 dlogz:200.082>0.01]19381it [19:11:05, 18.75s/it, bound:4388 nc:2783 ncall:2.4e+07 eff:0.1% logz-ratio=1954189.35+/-0.14 dlogz:199.647>0.01]19385it [19:12:18, 18.59s/it, bound:4389 nc:3178 ncall:2.4e+07 eff:0.1% logz-ratio=1954189.83+/-0.13 dlogz:199.162>0.01]19389it [19:13:30, 18.37s/it, bound:4390 nc:3198 ncall:2.4e+07 eff:0.1% logz-ratio=1954190.31+/-0.14 dlogz:198.680>0.01]19393it [19:14:36, 17.79s/it, bound:4391 nc:2988 ncall:2.4e+07 eff:0.1% logz-ratio=1954190.79+/-0.13 dlogz:198.179>0.01]19397it [19:15:43, 17.43s/it, bound:4392 nc:2566 ncall:2.4e+07 eff:0.1% logz-ratio=1954191.26+/-0.13 dlogz:197.695>0.01]19401it [19:16:48, 17.08s/it, bound:4393 nc:2807 ncall:2.4e+07 eff:0.1% logz-ratio=1954191.70+/-0.13 dlogz:197.249>0.01]19405it [19:17:57, 17.10s/it, bound:4394 nc:2807 ncall:2.4e+07 eff:0.1% logz-ratio=1954192.11+/-0.12 dlogz:196.823>0.01]19409it [19:19:01, 16.80s/it, bound:4395 nc:2839 ncall:2.4e+07 eff:0.1% logz-ratio=1954192.57+/-0.14 dlogz:196.380>0.01]19413it [19:20:09, 16.81s/it, bound:4396 nc:3054 ncall:2.4e+07 eff:0.1% logz-ratio=1954193.03+/-0.12 dlogz:195.887>0.01]19414it [19:20:21, 16.34s/it, bound:4396 nc:3070 ncall:2.4e+07 eff:0.1% logz-ratio=1954193.13+/-0.09 dlogz:195.785>0.01]19417it [19:21:24, 17.74s/it, bound:4397 nc:2625 ncall:2.4e+07 eff:0.1% logz-ratio=1954193.52+/-0.14 dlogz:195.408>0.01]19421it [19:22:28, 17.12s/it, bound:4398 nc:2719 ncall:2.4e+07 eff:0.1% logz-ratio=1954194.08+/-0.15 dlogz:194.889>0.01]19425it [19:23:25, 16.11s/it, bound:4399 nc:2580 ncall:2.4e+07 eff:0.1% logz-ratio=1954194.74+/-0.16 dlogz:194.227>0.01]19429it [19:24:24, 15.72s/it, bound:4400 nc:2608 ncall:2.4e+07 eff:0.1% logz-ratio=1954195.31+/-0.14 dlogz:193.593>0.01]19433it [19:25:23, 15.37s/it, bound:4401 nc:2826 ncall:2.4e+07 eff:0.1% logz-ratio=1954195.83+/-0.14 dlogz:193.079>0.01]19437it [19:26:21, 15.11s/it, bound:4402 nc:2429 ncall:2.4e+07 eff:0.1% logz-ratio=1954196.42+/-0.11 dlogz:192.496>0.01]19441it [19:27:24, 15.29s/it, bound:4403 nc:2699 ncall:2.4e+07 eff:0.1% logz-ratio=1954196.94+/-0.09 dlogz:191.931>0.01]19445it [19:28:24, 15.23s/it, bound:4404 nc:2635 ncall:2.4e+07 eff:0.1% logz-ratio=1954197.32+/-0.08 dlogz:191.518>0.01]19448it [19:28:24, 11.48s/it, bound:4405 nc:  1 ncall:2.4e+07 eff:0.1% logz-ratio=1954246.73+/-0.30 dlogz:140.937>0.01] 19448it [19:28:35, 11.48s/it, bound:4405 nc:  1 ncall:2.4e+07 eff:0.1% logz-ratio=1954381.84+/-0.57 dlogz:1.093>0.01]  19449it [19:29:21, 16.30s/it, bound:4405 nc:2450 ncall:2.4e+07 eff:0.1% logz-ratio=1954197.67+/-0.08 dlogz:191.148>0.01]19453it [19:30:33, 16.91s/it, bound:4406 nc:2714 ncall:2.4e+07 eff:0.1% logz-ratio=1954197.98+/-0.08 dlogz:190.828>0.01]19455it [19:30:45, 14.61s/it, bound:4406 nc:2283 ncall:2.4e+07 eff:0.1% logz-ratio=1954198.12+/-0.07 dlogz:190.681>0.01]19457it [19:31:48, 18.54s/it, bound:4407 nc:2706 ncall:2.4e+07 eff:0.1% logz-ratio=1954198.25+/-0.07 dlogz:190.540>0.01]19461it [19:32:53, 17.60s/it, bound:4408 nc:2590 ncall:2.4e+07 eff:0.1% logz-ratio=1954198.54+/-0.08 dlogz:190.256>0.01]19465it [19:33:53, 16.63s/it, bound:4409 nc:2481 ncall:2.4e+07 eff:0.1% logz-ratio=1954198.88+/-0.14 dlogz:189.907>0.01]19469it [19:34:52, 15.98s/it, bound:4410 nc:2673 ncall:2.4e+07 eff:0.1% logz-ratio=1954199.24+/-0.12 dlogz:189.563>0.01]19473it [19:35:53, 15.76s/it, bound:4411 nc:2431 ncall:2.4e+07 eff:0.1% logz-ratio=1954199.68+/-0.13 dlogz:189.124>0.01]19477it [19:36:48, 15.17s/it, bound:4412 nc:2651 ncall:2.4e+07 eff:0.1% logz-ratio=1954200.11+/-0.13 dlogz:188.677>0.01]19481it [19:37:43, 14.71s/it, bound:4413 nc:2595 ncall:2.4e+07 eff:0.1% logz-ratio=1954200.55+/-0.13 dlogz:188.247>0.01]19485it [19:38:40, 14.52s/it, bound:4414 nc:2520 ncall:2.4e+07 eff:0.1% logz-ratio=1954201.13+/-0.10 dlogz:187.672>0.01]19489it [19:39:40, 14.73s/it, bound:4415 nc:2178 ncall:2.4e+07 eff:0.1% logz-ratio=1954201.67+/-0.10 dlogz:187.111>0.01]19492it [19:39:41, 11.10s/it, bound:4416 nc:  1 ncall:2.4e+07 eff:0.1% logz-ratio=1954337.69+/-0.31 dlogz:47.311>0.01]  19492it [19:39:55, 11.10s/it, bound:4416 nc:  1 ncall:2.4e+07 eff:0.1% logz-ratio=1954381.76+/-0.76 dlogz:1.089>0.01] 19493it [19:40:54, 17.62s/it, bound:4416 nc:2580 ncall:2.4e+07 eff:0.1% logz-ratio=1954202.10+/-0.09 dlogz:186.648>0.01]19495it [19:41:07, 15.10s/it, bound:4416 nc:2524 ncall:2.4e+07 eff:0.1% logz-ratio=1954202.30+/-0.09 dlogz:186.446>0.01]19497it [19:42:11, 19.26s/it, bound:4417 nc:2525 ncall:2.4e+07 eff:0.1% logz-ratio=1954202.48+/-0.08 dlogz:186.253>0.01]19501it [19:43:16, 18.08s/it, bound:4418 nc:2603 ncall:2.4e+07 eff:0.1% logz-ratio=1954202.83+/-0.09 dlogz:185.898>0.01]19505it [19:44:16, 16.92s/it, bound:4419 nc:2437 ncall:2.4e+07 eff:0.1% logz-ratio=1954203.22+/-0.09 dlogz:185.500>0.01]19509it [19:45:16, 16.25s/it, bound:4420 nc:2028 ncall:2.4e+07 eff:0.1% logz-ratio=1954203.60+/-0.15 dlogz:185.115>0.01]19513it [19:46:14, 15.67s/it, bound:4421 nc:2096 ncall:2.4e+07 eff:0.1% logz-ratio=1954203.99+/-0.09 dlogz:184.712>0.01]19517it [19:47:12, 15.31s/it, bound:4422 nc:2682 ncall:2.4e+07 eff:0.1% logz-ratio=1954204.35+/-0.12 dlogz:184.342>0.01]19520it [19:47:12, 11.39s/it, bound:4423 nc:  1 ncall:2.4e+07 eff:0.1% logz-ratio=1954377.06+/-nan dlogz:6.012>0.01]    19520it [19:47:25, 11.39s/it, bound:4423 nc:  1 ncall:2.4e+07 eff:0.1% logz-ratio=1954381.70+/-0.76 dlogz:1.089>0.01]19521it [19:48:13, 16.71s/it, bound:4423 nc:1709 ncall:2.4e+07 eff:0.1% logz-ratio=1954204.68+/-0.08 dlogz:184.007>0.01]19525it [19:49:17, 16.50s/it, bound:4424 nc:2342 ncall:2.4e+07 eff:0.1% logz-ratio=1954205.02+/-0.11 dlogz:183.653>0.01]19529it [19:50:24, 16.58s/it, bound:4425 nc:2612 ncall:2.4e+07 eff:0.1% logz-ratio=1954205.34+/-0.11 dlogz:183.323>0.01]19533it [19:51:24, 16.00s/it, bound:4426 nc:2276 ncall:2.4e+07 eff:0.1% logz-ratio=1954205.69+/-0.09 dlogz:182.992>0.01]19536it [19:51:38, 13.01s/it, bound:4427 nc:2265 ncall:2.4e+07 eff:0.1% logz-ratio=1954206.03+/-0.09 dlogz:182.647>0.01]19537it [19:52:43, 18.82s/it, bound:4427 nc:2339 ncall:2.4e+07 eff:0.1% logz-ratio=1954206.13+/-0.13 dlogz:182.540>0.01]19540it [19:52:43, 12.73s/it, bound:4428 nc:  1 ncall:2.4e+07 eff:0.1% logz-ratio=1954259.59+/-0.30 dlogz:127.778>0.01] 19540it [19:52:55, 12.73s/it, bound:4428 nc:  1 ncall:2.4e+07 eff:0.1% logz-ratio=1954381.66+/-0.76 dlogz:1.089>0.01]  19541it [19:53:53, 20.41s/it, bound:4428 nc:2535 ncall:2.4e+07 eff:0.1% logz-ratio=1954206.51+/-0.09 dlogz:182.136>0.01]19545it [19:54:59, 18.68s/it, bound:4429 nc:2656 ncall:2.4e+07 eff:0.1% logz-ratio=1954206.88+/-0.08 dlogz:181.751>0.01]19549it [19:55:59, 17.34s/it, bound:4430 nc:2452 ncall:2.4e+07 eff:0.1% logz-ratio=1954207.26+/-0.09 dlogz:181.380>0.01]19553it [19:57:08, 17.30s/it, bound:4431 nc:2308 ncall:2.4e+07 eff:0.1% logz-ratio=1954207.66+/-0.15 dlogz:180.971>0.01]19555it [19:57:08, 13.83s/it, bound:4431 nc:  1 ncall:2.4e+07 eff:0.1% logz-ratio=1954218.11+/-0.29 dlogz:170.230>0.01] 19556it [19:57:25, 13.83s/it, bound:4432 nc:2109 ncall:2.4e+07 eff:0.1% logz-ratio=1954207.95+/-0.09 dlogz:180.681>0.01]19557it [19:58:18, 18.48s/it, bound:4432 nc:2798 ncall:2.4e+07 eff:0.1% logz-ratio=1954208.05+/-0.13 dlogz:180.574>0.01]19561it [19:59:25, 17.82s/it, bound:4433 nc:2840 ncall:2.4e+07 eff:0.1% logz-ratio=1954208.48+/-0.13 dlogz:180.147>0.01]19565it [20:00:28, 17.11s/it, bound:4434 nc:2494 ncall:2.4e+07 eff:0.1% logz-ratio=1954208.92+/-0.09 dlogz:179.696>0.01]19568it [20:00:28, 12.38s/it, bound:4435 nc:  1 ncall:2.4e+07 eff:0.1% logz-ratio=1954305.70+/-0.33 dlogz:80.300>0.01]  19568it [20:00:45, 12.38s/it, bound:4435 nc:  1 ncall:2.4e+07 eff:0.1% logz-ratio=1954381.60+/-0.76 dlogz:1.089>0.01] 19569it [20:01:31, 18.26s/it, bound:4435 nc:2680 ncall:2.4e+07 eff:0.1% logz-ratio=1954209.33+/-0.09 dlogz:179.268>0.01]19571it [20:01:44, 15.26s/it, bound:4435 nc:2744 ncall:2.4e+07 eff:0.1% logz-ratio=1954209.50+/-0.08 dlogz:179.083>0.01]19573it [20:02:47, 19.60s/it, bound:4436 nc:2732 ncall:2.4e+07 eff:0.1% logz-ratio=1954209.68+/-0.09 dlogz:178.905>0.01]19577it [20:03:49, 17.86s/it, bound:4437 nc:3074 ncall:2.4e+07 eff:0.1% logz-ratio=1954210.04+/-0.08 dlogz:178.535>0.01]19581it [20:04:55, 17.29s/it, bound:4438 nc:2589 ncall:2.4e+07 eff:0.1% logz-ratio=1954210.45+/-0.09 dlogz:178.130>0.01]19585it [20:05:56, 16.63s/it, bound:4439 nc:2581 ncall:2.4e+07 eff:0.1% logz-ratio=1954210.84+/-0.09 dlogz:177.728>0.01]19589it [20:06:57, 16.15s/it, bound:4440 nc:2496 ncall:2.4e+07 eff:0.1% logz-ratio=1954211.27+/-0.09 dlogz:177.300>0.01]19593it [20:08:02, 16.14s/it, bound:4441 nc:2592 ncall:2.4e+07 eff:0.1% logz-ratio=1954211.69+/-0.09 dlogz:176.865>0.01]19597it [20:09:05, 16.07s/it, bound:4442 nc:2936 ncall:2.4e+07 eff:0.1% logz-ratio=1954212.15+/-0.09 dlogz:176.410>0.01]19601it [20:10:06, 15.76s/it, bound:4443 nc:2589 ncall:2.4e+07 eff:0.1% logz-ratio=1954212.52+/-0.08 dlogz:176.004>0.01]19605it [20:11:01, 15.20s/it, bound:4444 nc:2193 ncall:2.4e+07 eff:0.1% logz-ratio=1954212.85+/-0.08 dlogz:175.665>0.01]19609it [20:12:04, 15.34s/it, bound:4445 nc:2679 ncall:2.4e+07 eff:0.1% logz-ratio=1954213.26+/-0.09 dlogz:175.270>0.01]19611it [20:12:16, 13.67s/it, bound:4445 nc:2774 ncall:2.4e+07 eff:0.1% logz-ratio=1954213.49+/-0.09 dlogz:175.037>0.01]19613it [20:13:21, 17.46s/it, bound:4446 nc:2444 ncall:2.4e+07 eff:0.1% logz-ratio=1954213.67+/-0.08 dlogz:174.830>0.01]19617it [20:14:21, 16.60s/it, bound:4447 nc:2892 ncall:2.4e+07 eff:0.1% logz-ratio=1954213.99+/-0.08 dlogz:174.493>0.01]19621it [20:15:24, 16.27s/it, bound:4448 nc:2353 ncall:2.4e+07 eff:0.1% logz-ratio=1954214.32+/-0.13 dlogz:174.164>0.01]19625it [20:16:30, 16.41s/it, bound:4449 nc:2731 ncall:2.4e+07 eff:0.1% logz-ratio=1954214.65+/-0.11 dlogz:173.824>0.01]19629it [20:17:37, 16.46s/it, bound:4450 nc:2350 ncall:2.4e+07 eff:0.1% logz-ratio=1954215.09+/-0.13 dlogz:173.398>0.01]19632it [20:18:40, 17.64s/it, bound:4451 nc:5319 ncall:2.4e+07 eff:0.1% logz-ratio=1954215.41+/-0.10 dlogz:173.083>0.01]19636it [20:19:40, 16.78s/it, bound:4452 nc:2473 ncall:2.4e+07 eff:0.1% logz-ratio=1954215.91+/-0.14 dlogz:172.579>0.01]19639it [20:19:40, 12.43s/it, bound:4453 nc:2773 ncall:2.4e+07 eff:0.1% logz-ratio=1954216.23+/-0.09 dlogz:172.233>0.01]19639it [20:19:56, 12.43s/it, bound:4453 nc:2773 ncall:2.4e+07 eff:0.1% logz-ratio=1954216.23+/-0.09 dlogz:172.233>0.01]19640it [20:20:48, 18.55s/it, bound:4453 nc:2474 ncall:2.4e+07 eff:0.1% logz-ratio=1954216.34+/-0.13 dlogz:172.130>0.01]19643it [20:20:48, 12.62s/it, bound:4454 nc:2654 ncall:2.4e+07 eff:0.1% logz-ratio=1954216.81+/-0.11 dlogz:171.692>0.01]19643it [20:21:06, 12.62s/it, bound:4454 nc:2654 ncall:2.4e+07 eff:0.1% logz-ratio=1954216.81+/-0.11 dlogz:171.692>0.01]19644it [20:21:50, 19.14s/it, bound:4454 nc:2531 ncall:2.4e+07 eff:0.1% logz-ratio=1954216.94+/-0.14 dlogz:171.541>0.01]19647it [20:22:56, 20.14s/it, bound:4455 nc:2534 ncall:2.4e+07 eff:0.1% logz-ratio=1954217.44+/-0.12 dlogz:171.084>0.01]19649it [20:23:09, 16.69s/it, bound:4455 nc:2384 ncall:2.4e+07 eff:0.1% logz-ratio=1954217.78+/-0.12 dlogz:170.735>0.01]19651it [20:24:17, 21.36s/it, bound:4456 nc:2521 ncall:2.4e+07 eff:0.1% logz-ratio=1954218.09+/-0.11 dlogz:170.397>0.01]19655it [20:25:22, 19.06s/it, bound:4457 nc:2395 ncall:2.4e+07 eff:0.1% logz-ratio=1954218.69+/-0.11 dlogz:169.788>0.01]19659it [20:26:14, 16.77s/it, bound:4458 nc:2183 ncall:2.4e+07 eff:0.1% logz-ratio=1954219.22+/-0.14 dlogz:169.223>0.01]19663it [20:27:09, 15.68s/it, bound:4459 nc:2674 ncall:2.4e+07 eff:0.1% logz-ratio=1954219.65+/-0.09 dlogz:168.763>0.01]19667it [20:28:14, 15.90s/it, bound:4460 nc:2694 ncall:2.4e+07 eff:0.1% logz-ratio=1954220.11+/-0.10 dlogz:168.317>0.01]19671it [20:29:19, 16.00s/it, bound:4461 nc:2447 ncall:2.4e+07 eff:0.1% logz-ratio=1954220.61+/-0.10 dlogz:167.810>0.01]19675it [20:30:28, 16.37s/it, bound:4462 nc:2691 ncall:2.4e+07 eff:0.1% logz-ratio=1954221.10+/-0.10 dlogz:167.319>0.01]19679it [20:31:35, 16.55s/it, bound:4463 nc:2486 ncall:2.4e+07 eff:0.1% logz-ratio=1954221.60+/-0.16 dlogz:166.806>0.01]19683it [20:32:45, 16.78s/it, bound:4464 nc:2631 ncall:2.4e+07 eff:0.1% logz-ratio=1954222.05+/-0.13 dlogz:166.323>0.01]19687it [20:33:46, 16.34s/it, bound:4465 nc:2352 ncall:2.4e+07 eff:0.1% logz-ratio=1954222.44+/-0.12 dlogz:165.915>0.01]19688it [20:34:00, 16.08s/it, bound:4465 nc:2640 ncall:2.4e+07 eff:0.1% logz-ratio=1954222.52+/-0.08 dlogz:165.825>0.01]19691it [20:35:04, 17.72s/it, bound:4466 nc:2567 ncall:2.4e+07 eff:0.1% logz-ratio=1954222.75+/-0.11 dlogz:165.583>0.01]19695it [20:36:16, 17.78s/it, bound:4467 nc:2834 ncall:2.4e+07 eff:0.1% logz-ratio=1954223.07+/-0.08 dlogz:165.263>0.01]19699it [20:37:36, 18.51s/it, bound:4468 nc:2695 ncall:2.4e+07 eff:0.1% logz-ratio=1954223.39+/-0.08 dlogz:164.936>0.01]19703it [20:38:49, 18.49s/it, bound:4469 nc:2705 ncall:2.4e+07 eff:0.1% logz-ratio=1954223.71+/-0.08 dlogz:164.605>0.01]19707it [20:40:05, 18.63s/it, bound:4470 nc:2645 ncall:2.4e+07 eff:0.1% logz-ratio=1954224.02+/-0.08 dlogz:164.283>0.01]19711it [20:41:07, 17.63s/it, bound:4471 nc:2697 ncall:2.4e+07 eff:0.1% logz-ratio=1954224.39+/-0.09 dlogz:163.921>0.01]19715it [20:42:07, 16.86s/it, bound:4472 nc:2762 ncall:2.4e+07 eff:0.1% logz-ratio=1954224.73+/-0.08 dlogz:163.558>0.01]19719it [20:43:20, 17.25s/it, bound:4473 nc:2653 ncall:2.4e+07 eff:0.1% logz-ratio=1954225.04+/-0.08 dlogz:163.240>0.01]19723it [20:44:31, 17.39s/it, bound:4474 nc:2474 ncall:2.4e+07 eff:0.1% logz-ratio=1954225.37+/-0.08 dlogz:162.901>0.01]19725it [20:44:44, 15.48s/it, bound:4474 nc:2858 ncall:2.4e+07 eff:0.1% logz-ratio=1954225.53+/-0.08 dlogz:162.737>0.01]19727it [20:46:00, 19.99s/it, bound:4475 nc:2842 ncall:2.4e+07 eff:0.1% logz-ratio=1954225.66+/-0.07 dlogz:162.588>0.01]19731it [20:47:10, 19.11s/it, bound:4476 nc:2408 ncall:2.4e+07 eff:0.1% logz-ratio=1954225.91+/-0.07 dlogz:162.327>0.01]19735it [20:48:16, 18.19s/it, bound:4477 nc:1976 ncall:2.4e+07 eff:0.1% logz-ratio=1954226.18+/-0.08 dlogz:162.062>0.01]19739it [20:49:16, 17.20s/it, bound:4478 nc:2240 ncall:2.5e+07 eff:0.1% logz-ratio=1954226.45+/-0.12 dlogz:161.772>0.01]19743it [20:50:23, 17.01s/it, bound:4479 nc:2404 ncall:2.5e+07 eff:0.1% logz-ratio=1954226.69+/-0.09 dlogz:161.519>0.01]19747it [20:51:21, 16.27s/it, bound:4480 nc:2166 ncall:2.5e+07 eff:0.1% logz-ratio=1954226.90+/-0.09 dlogz:161.300>0.01]19751it [20:52:26, 16.24s/it, bound:4481 nc:2387 ncall:2.5e+07 eff:0.1% logz-ratio=1954227.14+/-0.12 dlogz:161.067>0.01]19755it [20:53:28, 16.00s/it, bound:4482 nc:2376 ncall:2.5e+07 eff:0.1% logz-ratio=1954227.41+/-0.07 dlogz:160.784>0.01]19759it [20:54:27, 15.63s/it, bound:4483 nc:2419 ncall:2.5e+07 eff:0.1% logz-ratio=1954227.76+/-0.08 dlogz:160.451>0.01]19763it [20:55:30, 15.65s/it, bound:4484 nc:2395 ncall:2.5e+07 eff:0.1% logz-ratio=1954228.08+/-0.11 dlogz:160.113>0.01]19765it [20:55:44, 14.08s/it, bound:4484 nc:2032 ncall:2.5e+07 eff:0.1% logz-ratio=1954228.23+/-0.08 dlogz:159.952>0.01]19767it [20:56:35, 16.45s/it, bound:4485 nc:2197 ncall:2.5e+07 eff:0.1% logz-ratio=1954228.40+/-0.14 dlogz:159.788>0.01]19771it [20:57:27, 15.19s/it, bound:4486 nc:2189 ncall:2.5e+07 eff:0.1% logz-ratio=1954228.72+/-0.08 dlogz:159.453>0.01]19775it [20:58:19, 14.42s/it, bound:4487 nc:2142 ncall:2.5e+07 eff:0.1% logz-ratio=1954229.00+/-0.13 dlogz:159.155>0.01]19779it [20:59:13, 14.14s/it, bound:4488 nc:2292 ncall:2.5e+07 eff:0.1% logz-ratio=1954229.26+/-0.10 dlogz:158.881>0.01]19783it [21:00:14, 14.50s/it, bound:4489 nc:2366 ncall:2.5e+07 eff:0.1% logz-ratio=1954229.50+/-0.12 dlogz:158.634>0.01]19787it [21:01:15, 14.74s/it, bound:4490 nc:1920 ncall:2.5e+07 eff:0.1% logz-ratio=1954229.75+/-0.10 dlogz:158.379>0.01]19791it [21:02:25, 15.56s/it, bound:4491 nc:2657 ncall:2.5e+07 eff:0.1% logz-ratio=1954230.01+/-0.12 dlogz:158.109>0.01]19793it [21:02:25, 12.75s/it, bound:4491 nc:  1 ncall:2.5e+07 eff:0.1% logz-ratio=1954255.36+/-0.30 dlogz:132.121>0.01] 19794it [21:02:36, 12.75s/it, bound:4492 nc:2472 ncall:2.5e+07 eff:0.1% logz-ratio=1954230.20+/-0.07 dlogz:157.913>0.01]19795it [21:03:30, 16.85s/it, bound:4492 nc:2057 ncall:2.5e+07 eff:0.1% logz-ratio=1954230.26+/-0.10 dlogz:157.849>0.01]19799it [21:04:40, 17.02s/it, bound:4493 nc:2599 ncall:2.5e+07 eff:0.1% logz-ratio=1954230.52+/-0.12 dlogz:157.590>0.01]19800it [21:21:32, 133.18s/it, bound:4493 nc:2697 ncall:2.5e+07 eff:0.1% logz-ratio=1954230.59+/-0.07 dlogz:157.519>0.01]19803it [21:22:35, 95.83s/it, bound:4494 nc:2227 ncall:2.5e+07 eff:0.1% logz-ratio=1954230.78+/-0.10 dlogz:157.314>0.01] 19804it [21:22:36, 82.74s/it, bound:4494 nc:2584 ncall:2.5e+07 eff:0.1% logz-ratio=1954230.85+/-0.08 dlogz:157.248>0.01]19806it [21:22:56, 82.74s/it, bound:4495 nc:2073 ncall:2.5e+07 eff:0.1% logz-ratio=1954231.00+/-0.08 dlogz:157.097>0.01]19807it [21:23:43, 60.45s/it, bound:4495 nc:2366 ncall:2.5e+07 eff:0.1% logz-ratio=1954231.08+/-0.11 dlogz:157.021>0.01]19810it [21:23:43, 39.56s/it, bound:4496 nc:  1 ncall:2.5e+07 eff:0.1% logz-ratio=1954243.32+/-0.29 dlogz:144.411>0.01] 19810it [21:23:56, 39.56s/it, bound:4496 nc:  1 ncall:2.5e+07 eff:0.1% logz-ratio=1954381.12+/-0.84 dlogz:1.089>0.01]  19811it [21:24:54, 43.89s/it, bound:4496 nc:2431 ncall:2.5e+07 eff:0.1% logz-ratio=1954231.39+/-0.08 dlogz:156.701>0.01]19814it [21:24:54, 27.34s/it, bound:4497 nc:  1 ncall:2.5e+07 eff:0.1% logz-ratio=1954278.99+/-0.30 dlogz:107.770>0.01] 19814it [21:25:06, 27.34s/it, bound:4497 nc:  1 ncall:2.5e+07 eff:0.1% logz-ratio=1954381.11+/-0.84 dlogz:1.089>0.01]  19815it [21:26:04, 33.83s/it, bound:4497 nc:2740 ncall:2.5e+07 eff:0.1% logz-ratio=1954231.72+/-0.09 dlogz:156.388>0.01]19818it [21:26:04, 20.48s/it, bound:4498 nc:  1 ncall:2.5e+07 eff:0.1% logz-ratio=1954256.47+/-0.29 dlogz:130.982>0.01] 19818it [21:26:16, 20.48s/it, bound:4498 nc:  1 ncall:2.5e+07 eff:0.1% logz-ratio=1954381.11+/-0.84 dlogz:1.089>0.01]  19819it [21:27:13, 28.16s/it, bound:4498 nc:2355 ncall:2.5e+07 eff:0.1% logz-ratio=1954232.09+/-0.09 dlogz:156.004>0.01]19822it [21:27:13, 16.79s/it, bound:4499 nc:  1 ncall:2.5e+07 eff:0.1% logz-ratio=1954278.69+/-0.30 dlogz:108.102>0.01] 19822it [21:27:26, 16.79s/it, bound:4499 nc:  1 ncall:2.5e+07 eff:0.1% logz-ratio=1954381.10+/-0.94 dlogz:1.087>0.01]  19823it [21:28:21, 25.08s/it, bound:4499 nc:2602 ncall:2.5e+07 eff:0.1% logz-ratio=1954232.51+/-0.09 dlogz:155.593>0.01]19827it [21:29:25, 20.70s/it, bound:4500 nc:2470 ncall:2.5e+07 eff:0.1% logz-ratio=1954232.88+/-0.08 dlogz:155.193>0.01]19831it [21:30:31, 19.05s/it, bound:4501 nc:2335 ncall:2.5e+07 eff:0.1% logz-ratio=1954233.20+/-0.13 dlogz:154.856>0.01]19833it [21:30:31, 14.77s/it, bound:4501 nc:  1 ncall:2.5e+07 eff:0.1% logz-ratio=1954259.17+/-0.30 dlogz:128.217>0.01] 19834it [21:30:46, 14.77s/it, bound:4502 nc:2460 ncall:2.5e+07 eff:0.1% logz-ratio=1954233.42+/-0.08 dlogz:154.623>0.01]19835it [21:31:36, 19.00s/it, bound:4502 nc:2318 ncall:2.5e+07 eff:0.1% logz-ratio=1954233.49+/-0.11 dlogz:154.549>0.01]19836it [21:31:53, 18.72s/it, bound:4502 nc:2468 ncall:2.5e+07 eff:0.1% logz-ratio=1954233.56+/-0.07 dlogz:154.477>0.01]19839it [21:32:59, 19.99s/it, bound:4503 nc:2358 ncall:2.5e+07 eff:0.1% logz-ratio=1954233.78+/-0.11 dlogz:154.262>0.01]19842it [21:32:59, 12.87s/it, bound:4504 nc:  1 ncall:2.5e+07 eff:0.1% logz-ratio=1954279.53+/-0.30 dlogz:107.254>0.01] 19842it [21:33:16, 12.87s/it, bound:4504 nc:  1 ncall:2.5e+07 eff:0.1% logz-ratio=1954381.06+/-0.94 dlogz:1.087>0.01]  19843it [21:34:03, 20.32s/it, bound:4504 nc:2451 ncall:2.5e+07 eff:0.1% logz-ratio=1954234.07+/-0.08 dlogz:153.956>0.01]19847it [21:35:06, 18.22s/it, bound:4505 nc:2446 ncall:2.5e+07 eff:0.1% logz-ratio=1954234.33+/-0.12 dlogz:153.679>0.01]19849it [21:35:06, 13.77s/it, bound:4506 nc:  1 ncall:2.5e+07 eff:0.1% logz-ratio=1954283.90+/-0.30 dlogz:102.787>0.01] 19849it [21:35:26, 13.77s/it, bound:4506 nc:  1 ncall:2.5e+07 eff:0.1% logz-ratio=1954381.05+/-0.94 dlogz:1.087>0.01]  19850it [21:36:08, 21.03s/it, bound:4506 nc:1941 ncall:2.5e+07 eff:0.1% logz-ratio=1954234.53+/-0.07 dlogz:153.480>0.01]19854it [21:37:11, 18.54s/it, bound:4507 nc:2245 ncall:2.5e+07 eff:0.1% logz-ratio=1954234.78+/-0.10 dlogz:153.216>0.01]19857it [21:37:11, 12.43s/it, bound:4508 nc:  1 ncall:2.5e+07 eff:0.1% logz-ratio=1954284.07+/-0.30 dlogz:102.601>0.01] 19857it [21:37:26, 12.43s/it, bound:4508 nc:  1 ncall:2.5e+07 eff:0.1% logz-ratio=1954381.03+/-0.94 dlogz:1.087>0.01]  19858it [21:38:15, 19.48s/it, bound:4508 nc:2174 ncall:2.5e+07 eff:0.1% logz-ratio=1954235.08+/-0.08 dlogz:152.927>0.01]19862it [21:39:17, 17.69s/it, bound:4509 nc:2363 ncall:2.5e+07 eff:0.1% logz-ratio=1954235.50+/-0.13 dlogz:152.526>0.01]19866it [21:40:19, 16.86s/it, bound:4510 nc:2346 ncall:2.5e+07 eff:0.1% logz-ratio=1954235.88+/-0.15 dlogz:152.120>0.01]19870it [21:41:21, 16.38s/it, bound:4511 nc:1967 ncall:2.5e+07 eff:0.1% logz-ratio=1954236.23+/-0.08 dlogz:151.760>0.01]19874it [21:42:26, 16.31s/it, bound:4512 nc:2334 ncall:2.5e+07 eff:0.1% logz-ratio=1954236.57+/-0.11 dlogz:151.407>0.01]19875it [21:42:40, 16.14s/it, bound:4512 nc:2547 ncall:2.5e+07 eff:0.1% logz-ratio=1954236.66+/-0.09 dlogz:151.320>0.01]19878it [21:43:47, 18.10s/it, bound:4513 nc:2275 ncall:2.5e+07 eff:0.1% logz-ratio=1954236.90+/-0.11 dlogz:151.060>0.01]19881it [21:43:48, 12.50s/it, bound:4514 nc:  1 ncall:2.5e+07 eff:0.1% logz-ratio=1954283.38+/-0.30 dlogz:103.292>0.01] 19881it [21:44:06, 12.50s/it, bound:4514 nc:  1 ncall:2.5e+07 eff:0.1% logz-ratio=1954380.98+/-0.94 dlogz:1.087>0.01]  19882it [21:44:48, 18.69s/it, bound:4514 nc:2299 ncall:2.5e+07 eff:0.1% logz-ratio=1954237.24+/-0.08 dlogz:150.720>0.01]19886it [21:45:46, 16.85s/it, bound:4515 nc:2120 ncall:2.5e+07 eff:0.1% logz-ratio=1954237.57+/-0.11 dlogz:150.375>0.01]19890it [21:46:48, 16.41s/it, bound:4516 nc:2165 ncall:2.5e+07 eff:0.1% logz-ratio=1954237.86+/-0.13 dlogz:150.072>0.01]19894it [21:47:54, 16.43s/it, bound:4517 nc:2302 ncall:2.5e+07 eff:0.1% logz-ratio=1954238.18+/-0.08 dlogz:149.751>0.01]19898it [21:48:52, 15.78s/it, bound:4518 nc:2262 ncall:2.5e+07 eff:0.1% logz-ratio=1954238.53+/-0.14 dlogz:149.404>0.01]19901it [21:48:52, 11.63s/it, bound:4519 nc:  1 ncall:2.5e+07 eff:0.1% logz-ratio=1954285.50+/-0.30 dlogz:101.086>0.01] 19901it [21:49:06, 11.63s/it, bound:4519 nc:  1 ncall:2.5e+07 eff:0.1% logz-ratio=1954380.94+/-0.94 dlogz:1.087>0.01]  19902it [21:49:52, 16.95s/it, bound:4519 nc:2208 ncall:2.5e+07 eff:0.1% logz-ratio=1954238.94+/-0.09 dlogz:149.002>0.01]19906it [21:50:59, 16.88s/it, bound:4520 nc:2615 ncall:2.5e+07 eff:0.1% logz-ratio=1954239.41+/-0.14 dlogz:148.537>0.01]19908it [21:50:59, 13.22s/it, bound:4520 nc:  1 ncall:2.5e+07 eff:0.1% logz-ratio=1954285.96+/-0.30 dlogz:100.604>0.01] 19909it [21:51:16, 13.22s/it, bound:4521 nc:2393 ncall:2.5e+07 eff:0.1% logz-ratio=1954239.90+/-0.12 dlogz:148.093>0.01]19910it [21:52:08, 18.29s/it, bound:4521 nc:2479 ncall:2.5e+07 eff:0.1% logz-ratio=1954240.06+/-0.16 dlogz:147.916>0.01]19912it [21:52:08, 13.68s/it, bound:4521 nc:  1 ncall:2.5e+07 eff:0.1% logz-ratio=1954286.76+/-0.30 dlogz:99.782>0.01]  19913it [21:52:26, 13.68s/it, bound:4522 nc:2650 ncall:2.5e+07 eff:0.1% logz-ratio=1954240.46+/-0.10 dlogz:147.474>0.01]19914it [21:53:20, 19.61s/it, bound:4522 nc:2635 ncall:2.5e+07 eff:0.1% logz-ratio=1954240.57+/-0.13 dlogz:147.351>0.01]19915it [21:53:39, 19.51s/it, bound:4522 nc:2261 ncall:2.5e+07 eff:0.1% logz-ratio=1954240.68+/-0.09 dlogz:147.236>0.01]19918it [21:54:53, 21.58s/it, bound:4523 nc:2849 ncall:2.5e+07 eff:0.1% logz-ratio=1954240.97+/-0.09 dlogz:146.926>0.01]19922it [21:56:00, 19.50s/it, bound:4524 nc:2583 ncall:2.5e+07 eff:0.1% logz-ratio=1954241.30+/-0.08 dlogz:146.572>0.01]19925it [21:56:00, 13.30s/it, bound:4525 nc:  1 ncall:2.5e+07 eff:0.1% logz-ratio=1954271.58+/-0.30 dlogz:115.445>0.01] 19925it [21:56:16, 13.30s/it, bound:4525 nc:  1 ncall:2.5e+07 eff:0.1% logz-ratio=1954380.89+/-0.95 dlogz:1.087>0.01]  19926it [21:57:10, 20.69s/it, bound:4525 nc:2516 ncall:2.5e+07 eff:0.1% logz-ratio=1954241.62+/-0.08 dlogz:146.248>0.01]19930it [21:58:18, 19.18s/it, bound:4526 nc:2548 ncall:2.5e+07 eff:0.1% logz-ratio=1954241.91+/-0.08 dlogz:145.941>0.01]19934it [21:59:26, 18.30s/it, bound:4527 nc:2492 ncall:2.5e+07 eff:0.1% logz-ratio=1954242.22+/-0.13 dlogz:145.634>0.01]19938it [22:00:30, 17.49s/it, bound:4528 nc:2452 ncall:2.5e+07 eff:0.1% logz-ratio=1954242.53+/-0.11 dlogz:145.315>0.01]19942it [22:01:31, 16.78s/it, bound:4529 nc:2139 ncall:2.5e+07 eff:0.1% logz-ratio=1954242.85+/-0.11 dlogz:144.984>0.01]19946it [22:02:37, 16.68s/it, bound:4530 nc:1842 ncall:2.5e+07 eff:0.1% logz-ratio=1954243.12+/-0.07 dlogz:144.690>0.01]19950it [22:03:44, 16.66s/it, bound:4531 nc:2437 ncall:2.5e+07 eff:0.1% logz-ratio=1954243.43+/-0.11 dlogz:144.390>0.01]19952it [22:04:03, 15.35s/it, bound:4531 nc:2383 ncall:2.5e+07 eff:0.1% logz-ratio=1954243.59+/-0.08 dlogz:144.233>0.01]19954it [22:05:08, 18.94s/it, bound:4532 nc:2474 ncall:2.5e+07 eff:0.1% logz-ratio=1954243.79+/-0.09 dlogz:144.051>0.01]19958it [22:06:12, 17.86s/it, bound:4533 nc:2448 ncall:2.5e+07 eff:0.1% logz-ratio=1954244.28+/-0.10 dlogz:143.565>0.01]19961it [22:06:12, 12.77s/it, bound:4534 nc:  1 ncall:2.5e+07 eff:0.1% logz-ratio=1954269.07+/-0.30 dlogz:118.042>0.01] 19961it [22:06:26, 12.77s/it, bound:4534 nc:  1 ncall:2.5e+07 eff:0.1% logz-ratio=1954380.82+/-0.98 dlogz:1.087>0.01]  19962it [22:07:16, 18.88s/it, bound:4534 nc:2001 ncall:2.5e+07 eff:0.1% logz-ratio=1954244.87+/-0.11 dlogz:142.982>0.01]19966it [22:08:12, 16.93s/it, bound:4535 nc:2065 ncall:2.5e+07 eff:0.1% logz-ratio=1954245.42+/-0.14 dlogz:151.243>0.01]19970it [22:09:10, 15.97s/it, bound:4536 nc:1856 ncall:2.5e+07 eff:0.1% logz-ratio=1954245.90+/-0.16 dlogz:150.732>0.01]19973it [22:09:10, 11.47s/it, bound:4537 nc:  1 ncall:2.5e+07 eff:0.1% logz-ratio=1954255.95+/-0.29 dlogz:140.342>0.01] 19973it [22:09:26, 11.47s/it, bound:4537 nc:  1 ncall:2.5e+07 eff:0.1% logz-ratio=1954389.60+/-0.83 dlogz:1.098>0.01]  19974it [22:10:11, 17.42s/it, bound:4537 nc:1883 ncall:2.5e+07 eff:0.1% logz-ratio=1954246.31+/-0.09 dlogz:150.304>0.01]19978it [22:11:13, 16.57s/it, bound:4538 nc:2146 ncall:2.5e+07 eff:0.1% logz-ratio=1954246.67+/-0.12 dlogz:149.924>0.01]19982it [22:12:17, 16.44s/it, bound:4539 nc:2436 ncall:2.5e+07 eff:0.1% logz-ratio=1954246.98+/-0.08 dlogz:149.592>0.01]19985it [22:12:18, 11.82s/it, bound:4540 nc:  1 ncall:2.5e+07 eff:0.1% logz-ratio=1954289.42+/-0.30 dlogz:105.890>0.01] 19985it [22:12:36, 11.82s/it, bound:4540 nc:  1 ncall:2.5e+07 eff:0.1% logz-ratio=1954389.58+/-0.83 dlogz:1.098>0.01]  19986it [22:13:22, 18.05s/it, bound:4540 nc:2297 ncall:2.5e+07 eff:0.1% logz-ratio=1954247.26+/-0.08 dlogz:149.296>0.01]19990it [22:14:20, 16.58s/it, bound:4541 nc:2136 ncall:2.5e+07 eff:0.1% logz-ratio=1954247.53+/-0.08 dlogz:149.022>0.01]19993it [22:14:35, 13.08s/it, bound:4542 nc:2106 ncall:2.5e+07 eff:0.1% logz-ratio=1954247.72+/-0.07 dlogz:148.815>0.01]19994it [22:15:35, 19.01s/it, bound:4542 nc:1821 ncall:2.5e+07 eff:0.1% logz-ratio=1954247.79+/-0.10 dlogz:148.752>0.01]19998it [22:16:39, 17.71s/it, bound:4543 nc:2325 ncall:2.5e+07 eff:0.1% logz-ratio=1954248.07+/-0.13 dlogz:148.465>0.01]20000it [22:16:39, 13.65s/it, bound:4543 nc:  1 ncall:2.5e+07 eff:0.1% logz-ratio=1954271.93+/-0.30 dlogz:123.942>0.01] 20001it [22:16:56, 13.65s/it, bound:4544 nc:2133 ncall:2.5e+07 eff:0.1% logz-ratio=1954248.30+/-0.08 dlogz:148.235>0.01]20002it [22:17:42, 18.13s/it, bound:4544 nc:2489 ncall:2.5e+07 eff:0.1% logz-ratio=1954248.39+/-0.11 dlogz:148.157>0.01]20006it [22:18:45, 17.11s/it, bound:4545 nc:2649 ncall:2.5e+07 eff:0.1% logz-ratio=1954248.81+/-0.15 dlogz:147.746>0.01]20010it [22:19:54, 17.17s/it, bound:4546 nc:2503 ncall:2.5e+07 eff:0.1% logz-ratio=1954249.22+/-0.09 dlogz:147.325>0.01]20014it [22:21:01, 17.04s/it, bound:4547 nc:2365 ncall:2.5e+07 eff:0.1% logz-ratio=1954249.62+/-0.09 dlogz:146.908>0.01]20018it [22:22:03, 16.48s/it, bound:4548 nc:2227 ncall:2.5e+07 eff:0.1% logz-ratio=1954250.12+/-0.11 dlogz:146.448>0.01]20022it [22:23:07, 16.35s/it, bound:4549 nc:2364 ncall:2.5e+07 eff:0.1% logz-ratio=1954250.56+/-0.13 dlogz:145.967>0.01]20026it [22:24:14, 16.51s/it, bound:4550 nc:2393 ncall:2.5e+07 eff:0.1% logz-ratio=1954250.97+/-0.15 dlogz:145.541>0.01]20028it [22:24:14, 13.49s/it, bound:4550 nc:  1 ncall:2.5e+07 eff:0.1% logz-ratio=1954292.31+/-0.30 dlogz:102.911>0.01] 20029it [22:24:26, 13.49s/it, bound:4551 nc:2113 ncall:2.5e+07 eff:0.1% logz-ratio=1954251.28+/-0.09 dlogz:145.219>0.01]20030it [22:25:18, 17.28s/it, bound:4551 nc:2018 ncall:2.5e+07 eff:0.1% logz-ratio=1954251.37+/-0.12 dlogz:145.123>0.01]20032it [22:25:33, 15.10s/it, bound:4551 nc:2484 ncall:2.5e+07 eff:0.1% logz-ratio=1954251.53+/-0.08 dlogz:144.949>0.01]20034it [22:26:39, 19.54s/it, bound:4552 nc:2523 ncall:2.5e+07 eff:0.1% logz-ratio=1954251.69+/-0.13 dlogz:144.789>0.01]20037it [22:26:40, 12.80s/it, bound:4553 nc:  1 ncall:2.5e+07 eff:0.1% logz-ratio=1954293.84+/-0.30 dlogz:101.329>0.01] 20037it [22:26:56, 12.80s/it, bound:4553 nc:  1 ncall:2.5e+07 eff:0.1% logz-ratio=1954389.48+/-0.83 dlogz:1.098>0.01]  20038it [22:27:42, 19.87s/it, bound:4553 nc:2389 ncall:2.5e+07 eff:0.1% logz-ratio=1954252.07+/-0.09 dlogz:144.410>0.01]20042it [22:28:50, 18.57s/it, bound:4554 nc:2580 ncall:2.5e+07 eff:0.1% logz-ratio=1954252.45+/-0.14 dlogz:157.880>0.01]20046it [22:29:57, 17.87s/it, bound:4555 nc:2509 ncall:2.5e+07 eff:0.1% logz-ratio=1954252.76+/-0.08 dlogz:157.550>0.01]20050it [22:31:03, 17.30s/it, bound:4556 nc:2353 ncall:2.5e+07 eff:0.1% logz-ratio=1954253.05+/-0.07 dlogz:157.246>0.01]20054it [22:32:07, 16.88s/it, bound:4557 nc:2461 ncall:2.5e+07 eff:0.1% logz-ratio=1954253.36+/-0.08 dlogz:156.935>0.01]20058it [22:33:14, 16.86s/it, bound:4558 nc:2545 ncall:2.5e+07 eff:0.1% logz-ratio=1954253.68+/-0.14 dlogz:156.612>0.01]20062it [22:34:23, 16.95s/it, bound:4559 nc:2500 ncall:2.5e+07 eff:0.1% logz-ratio=1954254.03+/-0.11 dlogz:156.255>0.01]20066it [22:35:28, 16.77s/it, bound:4560 nc:2255 ncall:2.5e+07 eff:0.1% logz-ratio=1954254.38+/-0.12 dlogz:155.910>0.01]20067it [22:35:45, 16.77s/it, bound:4560 nc:2533 ncall:2.5e+07 eff:0.1% logz-ratio=1954254.47+/-0.08 dlogz:155.814>0.01]20070it [22:36:54, 18.68s/it, bound:4561 nc:2283 ncall:2.5e+07 eff:0.1% logz-ratio=1954254.70+/-0.11 dlogz:155.561>0.01]20072it [22:36:54, 14.53s/it, bound:4561 nc:  1 ncall:2.5e+07 eff:0.1% logz-ratio=1954296.64+/-0.30 dlogz:112.310>0.01] 20073it [22:37:06, 14.53s/it, bound:4562 nc:2665 ncall:2.5e+07 eff:0.1% logz-ratio=1954254.93+/-0.08 dlogz:155.329>0.01]20074it [22:38:00, 18.99s/it, bound:4562 nc:2286 ncall:2.5e+07 eff:0.1% logz-ratio=1954255.01+/-0.11 dlogz:155.250>0.01]20076it [22:38:00, 14.14s/it, bound:4562 nc:  1 ncall:2.5e+07 eff:0.1% logz-ratio=1954269.07+/-0.30 dlogz:140.729>0.01] 20077it [22:38:16, 14.14s/it, bound:4563 nc:2331 ncall:2.5e+07 eff:0.1% logz-ratio=1954255.25+/-0.08 dlogz:154.999>0.01]20078it [22:39:06, 19.19s/it, bound:4563 nc:2505 ncall:2.5e+07 eff:0.1% logz-ratio=1954255.33+/-0.11 dlogz:154.916>0.01]20082it [22:40:18, 18.59s/it, bound:4564 nc:2479 ncall:2.5e+07 eff:0.1% logz-ratio=1954255.62+/-0.11 dlogz:154.621>0.01]20086it [22:41:20, 17.41s/it, bound:4565 nc:2089 ncall:2.5e+07 eff:0.1% logz-ratio=1954255.91+/-0.11 dlogz:154.315>0.01]20089it [22:41:20, 12.36s/it, bound:4566 nc:  1 ncall:2.5e+07 eff:0.1% logz-ratio=1954272.53+/-0.30 dlogz:137.185>0.01] 20089it [22:41:36, 12.36s/it, bound:4566 nc:  1 ncall:2.5e+07 eff:0.1% logz-ratio=1954403.24+/-0.72 dlogz:1.099>0.01]  20090it [22:42:24, 18.63s/it, bound:4566 nc:2170 ncall:2.5e+07 eff:0.1% logz-ratio=1954256.17+/-0.07 dlogz:154.041>0.01]20094it [22:43:27, 17.47s/it, bound:4567 nc:2458 ncall:2.5e+07 eff:0.1% logz-ratio=1954256.45+/-0.13 dlogz:153.755>0.01]20098it [22:44:29, 16.71s/it, bound:4568 nc:1455 ncall:2.5e+07 eff:0.1% logz-ratio=1954256.77+/-0.12 dlogz:153.449>0.01]20102it [22:45:31, 16.36s/it, bound:4569 nc:2160 ncall:2.5e+07 eff:0.1% logz-ratio=1954257.08+/-0.13 dlogz:153.116>0.01]20106it [22:46:33, 16.03s/it, bound:4570 nc:2518 ncall:2.5e+07 eff:0.1% logz-ratio=1954257.42+/-0.12 dlogz:152.778>0.01]20107it [22:46:50, 16.14s/it, bound:4570 nc:2192 ncall:2.5e+07 eff:0.1% logz-ratio=1954257.50+/-0.08 dlogz:152.693>0.01]20110it [22:47:46, 16.93s/it, bound:4571 nc:2039 ncall:2.5e+07 eff:0.1% logz-ratio=1954257.74+/-0.08 dlogz:152.448>0.01]20114it [22:48:49, 16.49s/it, bound:4572 nc:2444 ncall:2.5e+07 eff:0.1% logz-ratio=1954258.03+/-0.11 dlogz:152.141>0.01]20118it [22:49:49, 15.97s/it, bound:4573 nc:2427 ncall:2.5e+07 eff:0.1% logz-ratio=1954258.32+/-0.13 dlogz:151.843>0.01]20122it [22:51:01, 16.67s/it, bound:4574 nc:2734 ncall:2.5e+07 eff:0.1% logz-ratio=1954258.64+/-0.08 dlogz:151.520>0.01]20125it [22:51:01, 12.31s/it, bound:4575 nc:  1 ncall:2.5e+07 eff:0.1% logz-ratio=1954277.98+/-0.30 dlogz:131.583>0.01] 20125it [22:51:16, 12.31s/it, bound:4575 nc:  1 ncall:2.5e+07 eff:0.1% logz-ratio=1954403.16+/-0.72 dlogz:1.099>0.01]  20126it [22:52:06, 18.18s/it, bound:4575 nc:2528 ncall:2.5e+07 eff:0.1% logz-ratio=1954258.92+/-0.07 dlogz:151.218>0.01]20130it [22:53:12, 17.45s/it, bound:4576 nc:2534 ncall:2.5e+07 eff:0.1% logz-ratio=1954259.17+/-0.12 dlogz:150.958>0.01]20134it [22:54:15, 16.84s/it, bound:4577 nc:2420 ncall:2.5e+07 eff:0.1% logz-ratio=1954259.44+/-0.10 dlogz:150.684>0.01]20137it [22:54:15, 12.19s/it, bound:4578 nc:  1 ncall:2.5e+07 eff:0.1% logz-ratio=1954293.48+/-0.30 dlogz:115.620>0.01] 20137it [22:54:26, 12.19s/it, bound:4578 nc:  1 ncall:2.5e+07 eff:0.1% logz-ratio=1954403.14+/-0.72 dlogz:1.099>0.01]  20138it [22:55:22, 18.55s/it, bound:4578 nc:2546 ncall:2.5e+07 eff:0.1% logz-ratio=1954259.68+/-0.07 dlogz:150.423>0.01]20141it [22:56:26, 19.57s/it, bound:4579 nc:2559 ncall:2.5e+07 eff:0.1% logz-ratio=1954259.88+/-0.10 dlogz:150.232>0.01]20145it [22:57:32, 18.37s/it, bound:4580 nc:2232 ncall:2.5e+07 eff:0.1% logz-ratio=1954260.13+/-0.07 dlogz:149.968>0.01]20147it [22:57:42, 15.48s/it, bound:4580 nc:2592 ncall:2.5e+07 eff:0.1% logz-ratio=1954260.23+/-0.07 dlogz:149.852>0.01]20149it [22:58:47, 19.50s/it, bound:4581 nc:2250 ncall:2.5e+07 eff:0.1% logz-ratio=1954260.35+/-0.07 dlogz:149.739>0.01]20152it [22:58:47, 12.95s/it, bound:4582 nc:  1 ncall:2.5e+07 eff:0.1% logz-ratio=1954301.19+/-0.30 dlogz:107.671>0.01] 20152it [22:59:06, 12.95s/it, bound:4582 nc:  1 ncall:2.5e+07 eff:0.1% logz-ratio=1954403.11+/-0.73 dlogz:1.099>0.01]  20153it [22:59:52, 20.06s/it, bound:4582 nc:2457 ncall:2.5e+07 eff:0.1% logz-ratio=1954260.62+/-0.08 dlogz:149.473>0.01]20157it [23:00:52, 17.88s/it, bound:4583 nc:2229 ncall:2.5e+07 eff:0.1% logz-ratio=1954260.92+/-0.13 dlogz:149.171>0.01]20160it [23:00:52, 12.15s/it, bound:4584 nc:  1 ncall:2.5e+07 eff:0.1% logz-ratio=1954301.18+/-0.30 dlogz:107.668>0.01] 20160it [23:01:06, 12.15s/it, bound:4584 nc:  1 ncall:2.5e+07 eff:0.1% logz-ratio=1954403.09+/-0.73 dlogz:1.099>0.01]  20161it [23:01:56, 18.95s/it, bound:4584 nc:2365 ncall:2.5e+07 eff:0.1% logz-ratio=1954261.22+/-0.08 dlogz:148.857>0.01]20164it [23:01:56, 12.10s/it, bound:4585 nc:  1 ncall:2.6e+07 eff:0.1% logz-ratio=1954301.76+/-0.30 dlogz:107.068>0.01] 20164it [23:02:06, 12.10s/it, bound:4585 nc:  1 ncall:2.6e+07 eff:0.1% logz-ratio=1954403.09+/-0.73 dlogz:1.099>0.01]  20165it [23:03:01, 19.95s/it, bound:4585 nc:2600 ncall:2.6e+07 eff:0.1% logz-ratio=1954261.58+/-0.08 dlogz:148.505>0.01]20168it [23:03:02, 12.25s/it, bound:4586 nc:  1 ncall:2.6e+07 eff:0.1% logz-ratio=1954340.67+/-0.31 dlogz:66.739>0.01]  20168it [23:03:16, 12.25s/it, bound:4586 nc:  1 ncall:2.6e+07 eff:0.1% logz-ratio=1954403.08+/-0.73 dlogz:1.099>0.01] 20169it [23:04:03, 19.91s/it, bound:4586 nc:2270 ncall:2.6e+07 eff:0.1% logz-ratio=1954261.90+/-0.08 dlogz:148.169>0.01]20173it [23:05:02, 17.50s/it, bound:4587 nc:2325 ncall:2.6e+07 eff:0.1% logz-ratio=1954262.21+/-0.11 dlogz:147.843>0.01]20177it [23:06:08, 17.05s/it, bound:4588 nc:2472 ncall:2.6e+07 eff:0.1% logz-ratio=1954262.56+/-0.09 dlogz:147.510>0.01]20181it [23:07:07, 16.20s/it, bound:4589 nc:1966 ncall:2.6e+07 eff:0.1% logz-ratio=1954262.98+/-0.13 dlogz:147.083>0.01]20185it [23:08:08, 15.91s/it, bound:4590 nc:1830 ncall:2.6e+07 eff:0.1% logz-ratio=1954263.39+/-0.15 dlogz:146.674>0.01]20186it [23:08:19, 15.36s/it, bound:4590 nc:2435 ncall:2.6e+07 eff:0.1% logz-ratio=1954263.49+/-0.09 dlogz:146.565>0.01]20189it [23:09:20, 16.92s/it, bound:4591 nc:2275 ncall:2.6e+07 eff:0.1% logz-ratio=1954263.78+/-0.12 dlogz:146.258>0.01]20193it [23:10:24, 16.64s/it, bound:4592 nc:2255 ncall:2.6e+07 eff:0.1% logz-ratio=1954264.17+/-0.09 dlogz:145.862>0.01]20197it [23:11:25, 16.13s/it, bound:4593 nc:2316 ncall:2.6e+07 eff:0.1% logz-ratio=1954264.51+/-0.14 dlogz:145.500>0.01]20200it [23:11:25, 11.73s/it, bound:4594 nc:  1 ncall:2.6e+07 eff:0.1% logz-ratio=1954287.07+/-0.30 dlogz:122.260>0.01] 20200it [23:11:36, 11.73s/it, bound:4594 nc:  1 ncall:2.6e+07 eff:0.1% logz-ratio=1954403.01+/-0.73 dlogz:1.099>0.01]  20201it [23:12:28, 17.61s/it, bound:4594 nc:2498 ncall:2.6e+07 eff:0.1% logz-ratio=1954264.83+/-0.08 dlogz:145.183>0.01]20203it [23:12:28, 13.29s/it, bound:4594 nc:2185 ncall:2.6e+07 eff:0.1% logz-ratio=1954265.00+/-0.08 dlogz:145.008>0.01]20204it [23:12:46, 13.29s/it, bound:4595 nc:2078 ncall:2.6e+07 eff:0.1% logz-ratio=1954265.08+/-0.11 dlogz:144.923>0.01]20205it [23:13:30, 17.91s/it, bound:4595 nc:2139 ncall:2.6e+07 eff:0.1% logz-ratio=1954265.15+/-0.14 dlogz:144.840>0.01]20209it [23:14:31, 16.76s/it, bound:4596 nc:2148 ncall:2.6e+07 eff:0.1% logz-ratio=1954265.43+/-0.07 dlogz:144.546>0.01]20213it [23:15:32, 16.22s/it, bound:4597 nc:2338 ncall:2.6e+07 eff:0.1% logz-ratio=1954265.72+/-0.11 dlogz:144.253>0.01]20217it [23:16:39, 16.33s/it, bound:4598 nc:2011 ncall:2.6e+07 eff:0.1% logz-ratio=1954266.00+/-0.12 dlogz:143.957>0.01]20219it [23:16:39, 13.06s/it, bound:4598 nc:  1 ncall:2.6e+07 eff:0.1% logz-ratio=1954279.75+/-0.30 dlogz:141.084>0.01] 20220it [23:16:56, 13.06s/it, bound:4599 nc:2524 ncall:2.6e+07 eff:0.1% logz-ratio=1954266.19+/-0.07 dlogz:155.081>0.01]20221it [23:17:41, 17.13s/it, bound:4599 nc:2229 ncall:2.6e+07 eff:0.1% logz-ratio=1954266.25+/-0.10 dlogz:155.017>0.01]20223it [23:17:41, 13.01s/it, bound:4599 nc:  1 ncall:2.6e+07 eff:0.1% logz-ratio=1954286.68+/-0.30 dlogz:133.965>0.01] 20224it [23:17:56, 13.01s/it, bound:4600 nc:2243 ncall:2.6e+07 eff:0.1% logz-ratio=1954266.42+/-0.07 dlogz:154.833>0.01]20225it [23:18:41, 17.32s/it, bound:4600 nc:2152 ncall:2.6e+07 eff:0.1% logz-ratio=1954266.48+/-0.10 dlogz:154.773>0.01]20227it [23:18:54, 14.47s/it, bound:4600 nc:2377 ncall:2.6e+07 eff:0.1% logz-ratio=1954266.60+/-0.07 dlogz:154.656>0.01]20229it [23:20:00, 19.55s/it, bound:4601 nc:2574 ncall:2.6e+07 eff:0.1% logz-ratio=1954266.72+/-0.12 dlogz:154.527>0.01]20233it [23:21:00, 17.49s/it, bound:4602 nc:2222 ncall:2.6e+07 eff:0.1% logz-ratio=1954266.97+/-0.07 dlogz:154.271>0.01]20237it [23:22:04, 16.92s/it, bound:4603 nc:2512 ncall:2.6e+07 eff:0.1% logz-ratio=1954267.22+/-0.10 dlogz:154.021>0.01]20239it [23:22:04, 13.27s/it, bound:4603 nc:  1 ncall:2.6e+07 eff:0.1% logz-ratio=1954306.73+/-0.30 dlogz:113.268>0.01] 20239it [23:22:16, 13.27s/it, bound:4603 nc:  1 ncall:2.6e+07 eff:0.1% logz-ratio=1954414.26+/-0.66 dlogz:1.099>0.01]  20240it [23:23:08, 20.08s/it, bound:4604 nc:4718 ncall:2.6e+07 eff:0.1% logz-ratio=1954267.44+/-0.08 dlogz:153.810>0.01]20242it [23:23:08, 14.54s/it, bound:4604 nc:  1 ncall:2.6e+07 eff:0.1% logz-ratio=1954299.26+/-0.30 dlogz:120.982>0.01] 20243it [23:23:26, 14.54s/it, bound:4605 nc:2425 ncall:2.6e+07 eff:0.1% logz-ratio=1954267.78+/-0.10 dlogz:153.501>0.01]20244it [23:24:12, 19.49s/it, bound:4605 nc:2079 ncall:2.6e+07 eff:0.1% logz-ratio=1954267.91+/-0.14 dlogz:153.377>0.01]20247it [23:24:12, 12.14s/it, bound:4606 nc:  1 ncall:2.6e+07 eff:0.1% logz-ratio=1954294.23+/-0.30 dlogz:126.169>0.01] 20247it [23:24:26, 12.14s/it, bound:4606 nc:  1 ncall:2.6e+07 eff:0.1% logz-ratio=1954414.24+/-0.67 dlogz:1.099>0.01]  20248it [23:25:11, 19.25s/it, bound:4606 nc:2162 ncall:2.6e+07 eff:0.1% logz-ratio=1954268.44+/-0.10 dlogz:152.834>0.01]20252it [23:26:19, 18.22s/it, bound:4607 nc:2519 ncall:2.6e+07 eff:0.1% logz-ratio=1954268.87+/-0.13 dlogz:152.377>0.01]20255it [23:26:19, 12.17s/it, bound:4608 nc:  1 ncall:2.6e+07 eff:0.1% logz-ratio=1954288.35+/-0.30 dlogz:132.235>0.01] 20255it [23:26:36, 12.17s/it, bound:4608 nc:  1 ncall:2.6e+07 eff:0.1% logz-ratio=1954414.23+/-0.67 dlogz:1.099>0.01]  20256it [23:27:25, 19.47s/it, bound:4608 nc:2425 ncall:2.6e+07 eff:0.1% logz-ratio=1954269.21+/-0.08 dlogz:152.003>0.01]20260it [23:28:26, 17.70s/it, bound:4609 nc:2127 ncall:2.6e+07 eff:0.1% logz-ratio=1954269.50+/-0.08 dlogz:151.708>0.01]20264it [23:29:30, 17.04s/it, bound:4610 nc:2220 ncall:2.6e+07 eff:0.1% logz-ratio=1954269.82+/-0.11 dlogz:151.374>0.01]20266it [23:29:45, 14.99s/it, bound:4610 nc:2250 ncall:2.6e+07 eff:0.1% logz-ratio=1954269.99+/-0.08 dlogz:151.213>0.01]20268it [23:30:52, 19.27s/it, bound:4611 nc:2290 ncall:2.6e+07 eff:0.1% logz-ratio=1954270.14+/-0.08 dlogz:151.045>0.01]20272it [23:31:57, 18.08s/it, bound:4612 nc:2543 ncall:2.6e+07 eff:0.1% logz-ratio=1954270.47+/-0.14 dlogz:150.717>0.01]20275it [23:31:57, 12.65s/it, bound:4613 nc:  1 ncall:2.6e+07 eff:0.1% logz-ratio=1954362.99+/-0.34 dlogz:54.665>0.01]  20275it [23:32:16, 12.65s/it, bound:4613 nc:  1 ncall:2.6e+07 eff:0.1% logz-ratio=1954414.19+/-0.67 dlogz:1.099>0.01] 20276it [23:32:57, 18.52s/it, bound:4613 nc:2242 ncall:2.6e+07 eff:0.1% logz-ratio=1954270.83+/-0.09 dlogz:150.352>0.01]20280it [23:34:02, 17.56s/it, bound:4614 nc:2348 ncall:2.6e+07 eff:0.1% logz-ratio=1954271.16+/-0.11 dlogz:150.003>0.01]20282it [23:34:02, 13.54s/it, bound:4614 nc:  1 ncall:2.6e+07 eff:0.1% logz-ratio=1954308.95+/-0.31 dlogz:110.952>0.01] 20283it [23:34:16, 13.54s/it, bound:4615 nc:2311 ncall:2.6e+07 eff:0.1% logz-ratio=1954271.38+/-0.08 dlogz:149.770>0.01]20284it [23:35:04, 17.88s/it, bound:4615 nc:1972 ncall:2.6e+07 eff:0.1% logz-ratio=1954271.45+/-0.11 dlogz:149.699>0.01]20287it [23:36:07, 19.02s/it, bound:4616 nc:4161 ncall:2.6e+07 eff:0.1% logz-ratio=1954271.66+/-0.10 dlogz:149.485>0.01]20291it [23:37:06, 17.31s/it, bound:4617 nc:2122 ncall:2.6e+07 eff:0.1% logz-ratio=1954271.90+/-0.07 dlogz:149.225>0.01]20295it [23:38:05, 16.35s/it, bound:4618 nc:2286 ncall:2.6e+07 eff:0.1% logz-ratio=1954272.14+/-0.10 dlogz:148.980>0.01]20299it [23:39:07, 16.10s/it, bound:4619 nc:2483 ncall:2.6e+07 eff:0.1% logz-ratio=1954272.37+/-0.12 dlogz:148.739>0.01]20303it [23:40:12, 16.08s/it, bound:4620 nc:2210 ncall:2.6e+07 eff:0.1% logz-ratio=1954272.60+/-0.10 dlogz:148.502>0.01]20305it [23:40:29, 14.66s/it, bound:4620 nc:2475 ncall:2.6e+07 eff:0.1% logz-ratio=1954272.73+/-0.07 dlogz:148.370>0.01]20307it [23:41:38, 18.90s/it, bound:4621 nc:2753 ncall:2.6e+07 eff:0.1% logz-ratio=1954272.86+/-0.12 dlogz:148.236>0.01]20311it [23:42:46, 18.17s/it, bound:4622 nc:2664 ncall:2.6e+07 eff:0.1% logz-ratio=1954273.15+/-0.11 dlogz:147.961>0.01]20313it [23:42:46, 14.31s/it, bound:4622 nc:  1 ncall:2.6e+07 eff:0.1% logz-ratio=1954310.42+/-0.30 dlogz:109.445>0.01] 20314it [23:42:56, 14.31s/it, bound:4623 nc:2567 ncall:2.6e+07 eff:0.1% logz-ratio=1954273.38+/-0.08 dlogz:147.717>0.01]20315it [23:43:54, 18.93s/it, bound:4623 nc:2596 ncall:2.6e+07 eff:0.1% logz-ratio=1954273.44+/-0.11 dlogz:147.643>0.01]20317it [23:43:54, 14.22s/it, bound:4623 nc:  1 ncall:2.6e+07 eff:0.1% logz-ratio=1954314.14+/-0.31 dlogz:105.634>0.01] 20318it [23:44:06, 14.22s/it, bound:4624 nc:2419 ncall:2.6e+07 eff:0.1% logz-ratio=1954273.66+/-0.08 dlogz:147.426>0.01]20319it [23:45:01, 19.29s/it, bound:4624 nc:2425 ncall:2.6e+07 eff:0.1% logz-ratio=1954273.75+/-0.11 dlogz:147.345>0.01]20323it [23:46:15, 18.98s/it, bound:4625 nc:2703 ncall:2.6e+07 eff:0.1% logz-ratio=1954274.05+/-0.08 dlogz:147.024>0.01]20326it [23:46:16, 13.02s/it, bound:4626 nc:  1 ncall:2.6e+07 eff:0.1% logz-ratio=1954313.66+/-0.31 dlogz:106.137>0.01] 20326it [23:46:26, 13.02s/it, bound:4626 nc:  1 ncall:2.6e+07 eff:0.1% logz-ratio=1954414.08+/-0.70 dlogz:1.099>0.01]  20327it [23:47:23, 20.14s/it, bound:4626 nc:2262 ncall:2.6e+07 eff:0.1% logz-ratio=1954274.34+/-0.08 dlogz:146.728>0.01]20331it [23:48:29, 18.55s/it, bound:4627 nc:2364 ncall:2.6e+07 eff:0.1% logz-ratio=1954274.67+/-0.08 dlogz:146.399>0.01]20335it [23:49:34, 17.68s/it, bound:4628 nc:2245 ncall:2.6e+07 eff:0.1% logz-ratio=1954275.01+/-0.14 dlogz:146.049>0.01]20339it [23:50:45, 17.70s/it, bound:4629 nc:2699 ncall:2.6e+07 eff:0.1% logz-ratio=1954275.31+/-0.11 dlogz:145.726>0.01]20340it [23:51:06, 18.05s/it, bound:4629 nc:2718 ncall:2.6e+07 eff:0.1% logz-ratio=1954275.38+/-0.08 dlogz:145.654>0.01]20343it [23:52:07, 18.81s/it, bound:4630 nc:2280 ncall:2.6e+07 eff:0.1% logz-ratio=1954275.58+/-0.10 dlogz:145.446>0.01]20345it [23:52:07, 14.40s/it, bound:4630 nc:  1 ncall:2.6e+07 eff:0.1% logz-ratio=1954295.22+/-0.30 dlogz:125.180>0.01] 20346it [23:52:26, 14.40s/it, bound:4631 nc:2091 ncall:2.6e+07 eff:0.1% logz-ratio=1954275.76+/-0.07 dlogz:145.254>0.01]20347it [23:53:17, 19.53s/it, bound:4631 nc:2087 ncall:2.6e+07 eff:0.1% logz-ratio=1954275.83+/-0.10 dlogz:145.191>0.01]20350it [23:53:17, 12.70s/it, bound:4632 nc:  1 ncall:2.6e+07 eff:0.1% logz-ratio=1954317.73+/-0.31 dlogz:101.949>0.01] 20350it [23:53:36, 12.70s/it, bound:4632 nc:  1 ncall:2.6e+07 eff:0.1% logz-ratio=1954414.04+/-0.70 dlogz:1.099>0.01]  20351it [23:54:27, 20.93s/it, bound:4632 nc:2640 ncall:2.6e+07 eff:0.1% logz-ratio=1954276.08+/-0.07 dlogz:144.927>0.01]20354it [23:54:27, 12.99s/it, bound:4633 nc:  1 ncall:2.6e+07 eff:0.1% logz-ratio=1954310.05+/-0.30 dlogz:109.856>0.01] 20354it [23:54:46, 12.99s/it, bound:4633 nc:  1 ncall:2.6e+07 eff:0.1% logz-ratio=1954414.03+/-0.70 dlogz:1.099>0.01]  20355it [23:55:32, 20.90s/it, bound:4633 nc:2251 ncall:2.6e+07 eff:0.1% logz-ratio=1954276.31+/-0.07 dlogz:144.684>0.01]20359it [23:56:34, 18.47s/it, bound:4634 nc:2265 ncall:2.6e+07 eff:0.1% logz-ratio=1954276.55+/-0.10 dlogz:144.434>0.01]20363it [23:57:36, 17.28s/it, bound:4635 nc:2417 ncall:2.6e+07 eff:0.1% logz-ratio=1954276.79+/-0.10 dlogz:144.196>0.01]20366it [23:57:37, 12.11s/it, bound:4636 nc:  1 ncall:2.6e+07 eff:0.1% logz-ratio=1954312.19+/-0.31 dlogz:107.665>0.01] 20366it [23:57:56, 12.11s/it, bound:4636 nc:  1 ncall:2.6e+07 eff:0.1% logz-ratio=1954414.00+/-0.70 dlogz:1.099>0.01]  20367it [23:58:43, 18.87s/it, bound:4636 nc:2380 ncall:2.6e+07 eff:0.1% logz-ratio=1954277.03+/-0.07 dlogz:143.945>0.01]