CE40 ASD: /home/pratyusava.baral/Modified_Dispersion/asd/CE40km_1p5MW_aLIGO_coat_strain.txt
CE20 ASD: /home/pratyusava.baral/Modified_Dispersion/asd/CE20km_1p5MW_aLIGO_coat_strain.txt
The injected SNR is (6374.623871461175-1.7087550969589325e-17j) in Interferometer(name='CE40', power_spectral_density=PowerSpectralDensity(frequency_array=[   5.            5.03469316    5.06962704    5.10480331    5.14022366
    5.17588978    5.21180337    5.24796615    5.28437986    5.32104622
    5.357967      5.39514396    5.43257887    5.47027354    5.50822975
    5.54644932    5.58493409    5.62368589    5.66270658    5.70199801
    5.74156207    5.78140066    5.82151566    5.86190902    5.90258264
    5.94353849    5.98477851    6.02630468    6.06811899    6.11022343
    6.15262002    6.19531078    6.23829776    6.28158301    6.3251686
    6.36905662    6.41324915    6.45774833    6.50255626    6.5476751
    6.59310701    6.63885415    6.68491871    6.7313029     6.77800893
    6.82503903    6.87239546    6.92008048    6.96809637    7.01644542
    7.06512995    7.11415229    7.16351477    7.21321976    7.26326963
    7.31366678    7.36441362    7.41551257    7.46696608    7.51877661
    7.57094663    7.62347864    7.67637514    7.72963868    7.7832718
    7.83727705    7.89165703    7.94641433    8.00155157    8.05707139
    8.11297644    8.16926939    8.22595294    8.28302979    8.34050269
    8.39837436    8.45664759    8.51532515    8.57440985    8.63390452
    8.693812      8.75413516    8.81487688    8.87604006    8.93762763
    8.99964253    9.06208774    9.12496622    9.188281      9.2520351
    9.31623156    9.38087346    9.44596388    9.51150594    9.57750278
    9.64395754    9.71087341    9.77825358    9.84610128    9.91441975
    9.98321225   10.05248208   10.12223255   10.19246699   10.26318876
   10.33440125   10.40610785   10.478312     10.55101714   10.62422676
   10.69794436   10.77217345   10.84691759   10.92218036   10.99796534
   11.07427617   11.15111649   11.22848998   11.30640033   11.38485128
   11.46384656   11.54338997   11.6234853    11.70413638   11.78534707
   11.86712125   11.94946283   12.03237575   12.11586397   12.19993149
   12.28458231   12.3698205    12.45565013   12.5420753    12.62910013
   12.71672881   12.8049655    12.89381444   12.98327986   13.07336606
   13.16407733   13.25541801   13.34739247   13.44000511   13.53326035
   13.62716266   13.72171652   13.81692645   13.91279701   14.00933278
   14.10653838   14.20441845   14.30297768   14.40222077   14.50215247
   14.60277756   14.70410085   14.80612719   14.90886145   15.01230855
   15.11647342   15.22136106   15.32697648   15.43332472   15.54041087
   15.64824005   15.75681742   15.86614817   15.97623753   16.08709075
   16.19871315   16.31111005   16.42428683   16.5382489    16.65300172
   16.76855076   16.88490155   17.00205966   17.12003069   17.23882027
   17.35843409   17.47887787   17.60015736   17.72227837   17.84524673
   17.96906832   18.09374906   18.21929492   18.34571189   18.47300603
   18.60118341   18.73025016   18.86021247   18.99107653   19.12284861
   19.25553501   19.38914207   19.52367618   19.65914378   19.79555133
   19.93290537   20.07121245   20.2104792    20.35071227   20.49191836
   20.63410423   20.77727667   20.92144254   21.06660872   21.21278215
   21.35996983   21.50817879   21.65741612   21.80768895   21.95900446
   22.1113699    22.26479255   22.41927974   22.57483886   22.73147735
   22.88920269   23.04802243   23.20794417   23.36897554   23.53112425
   23.69439805   23.85880474   24.0243522    24.19104832   24.35890109
   24.52791853   24.69810872   24.86947979   25.04203995   25.21579744
   25.39076056   25.56693769   25.74433725   25.92296772   26.10283764
   26.28395561   26.46633029   26.6499704    26.83488473   27.0210821
   27.20857143   27.39736168   27.58746188   27.77888111   27.97162853
   28.16571335   28.36114486   28.55793239   28.75608536   28.95561324
   29.15652557   29.35883195   29.56254207   29.76766565   29.97421252
   30.18219253   30.39161564   30.60249186   30.81483128   31.02864403
   31.24394036   31.46073055   31.67902496   31.89883404   32.1201683
   32.34303831   32.56745473   32.7934283    33.02096981   33.25009015
   33.48080027   33.71311121   33.94703406   34.18258002   34.41976035
   34.65858638   34.89906954   35.14122132   35.38505331   35.63057715
   35.87780459   36.12674746   36.37741765   36.62982714   36.88398801
   37.13991241   37.39761258   37.65710083   37.91838957   38.18149131
   38.4464186    38.71318413   38.98180065   39.252281     39.52463811
   39.79888501   40.07503481   40.35310071   40.633096     40.91503408
   41.19892842   41.4847926    41.77264029   42.06248525   42.35434133
   42.6482225    42.9441428    43.24211638   43.54215749   43.84428047
   44.14849978   44.45482995   44.76328563   45.07388157   45.38663263
   45.70155374   46.01865998   46.33796651   46.65948858   46.98324157
   47.30924097   47.63750236   47.96804144   48.300874     48.63601596
   48.97348335   49.31329231   49.65545907   50.           50.34693157
   50.69627038   51.04803312   51.4022366    51.75889778   52.1180337
   52.47966153   52.84379856   53.2104622    53.57966999   53.95143958
   54.32578873   54.70273536   55.08229748   55.46449324   55.84934092
   56.23685892   56.62706576   57.0199801    57.41562073   57.81400656
   58.21515665   58.61909016   59.02582643   59.43538489   59.84778512
   60.26304684   60.68118992   61.10223433   61.52620022   61.95310785
   62.38297763   62.81583012   63.25168602   63.69056616   64.13249153
   64.57748325   65.02556261   65.47675102   65.93107007   66.38854147
   66.84918709   67.31302896   67.78008927   68.25039033   68.72395463
   69.20080483   69.68096371   70.16445424   70.65129953   71.14152286
   71.63514767   72.13219756   72.6326963    73.13666781   73.6441362
   74.15512572   74.66966081   75.18776606   75.70946627   76.23478635
   76.76375144   77.29638682   77.83271796   78.37277051   78.91657028
   79.46414328   80.01551569   80.57071386   81.12976435   81.69269389
   82.25952939   82.83029795   83.40502686   83.9837436    84.56647585
   85.15325146   85.74409849   86.33904519   86.93812001   87.54135159
   88.14876876   88.76040059   89.3762763    89.99642534   90.62087737
   91.24966224   91.88281002   92.52035098   93.1623156    93.80873457
   94.45963881   95.11505943   95.77502778   96.4395754    97.10873407
   97.78253579   98.46101277   99.14419746   99.83212251  100.52482081
  101.2223255   101.92466991  102.63188764  103.34401248  104.0610785
  104.78311997  105.51017143  106.24226762  106.97944357  107.7217345
  108.46917592  109.22180356  109.9796534   110.74276169  111.5111649
  112.28489978  113.06400332  113.84851277  114.63846564  115.43389971
  116.234853    117.04136381  117.8534707   118.6712125   119.49462831
  120.3237575   121.15863971  121.99931486  122.84582315  123.69820504
  124.5565013   125.42075296  126.29100135  127.16728807  128.04965501
  128.93814438  129.83279865  130.73366059  131.64077328  132.5541801
  133.4739247   134.40005108  135.3326035   136.27162656  137.21716516
  138.1692645   139.12797011  140.09332782  141.0653838   142.04418451
  143.02977676  144.02220767  145.02152469  146.02777561  147.04100853
  148.0612719   149.0886145   150.12308545  151.16473422  152.2136106
  153.26976475  154.33324717  155.40410869  156.48240053  157.56817424
  158.66148174  159.76237529  160.87090753  161.98713148  163.11110049
  164.2428683   165.38248904  166.53001718  167.6855076   168.84901554
  170.02059664  171.2003069   172.38820274  173.58434095  174.78877872
  176.00157364  177.2227837   178.45246728  179.69068319  180.93749062
  182.19294919  183.45711892  184.73006026  186.01183407  187.30250164
  188.60212467  189.91076531  191.22848612  192.55535012  193.89142073
  195.23676184  196.59143779  197.95551332  199.32905368  200.71212452
  202.10479199  203.50712266  204.91918359  206.34104229  207.77276674
  209.2144254   210.66608719  212.12782154  213.59969832  215.08178791
  216.57416117  218.07688946  219.59004463  221.11369903  222.6479255
  224.1927974   225.7483886   227.31477348  228.89202692  230.48022434
  232.07944168  233.6897554   235.31124249  236.94398049  238.58804745
  240.24352198  241.91048325  243.58901094  245.27918532  246.98108719
  248.69479794  250.42039949  252.15797436  253.90760562  255.66937692
  257.44337251  259.22967719  261.02837639  262.8395561   264.66330292
  266.49970404  268.34884728  270.21082104  272.08571434  273.97361685
  275.87461881  277.78881112  279.71628531  281.65713353  283.61144858
  285.57932391  287.56085359  289.55613238  291.56525568  293.58831954
  295.62542069  297.67665654  299.74212516  301.8219253   303.91615641
  306.02491862  308.14831276  310.28644034  312.4394036   314.60730548
  316.79024963  318.98834043  321.20168297  323.43038308  325.67454731
  327.93428298  330.20969812  332.50090152  334.80800274  337.13111209
  339.47034063  341.82580023  344.19760348  346.58586381  348.99069539
  351.41221322  353.85053306  356.30577151  358.77804595  361.26747459
  363.77417646  366.29827141  368.83988013  371.39912413  373.97612578
  376.5710083   379.18389575  381.81491306  384.46418604  387.13184134
  389.81800652  392.52281001  395.24638113  397.98885012  400.75034808
  403.53100706  406.33096     409.15034079  411.98928423  414.84792604
  417.72640292  420.62485249  423.54341333  426.48222499  429.44142798
  432.42116379  435.42157488  438.44280473  441.48499777  444.54829948
  447.6328563   450.73881573  453.86632626  457.01553744  460.18659983
  463.37966506  466.59488579  469.83241575  473.09240974  476.37502362
  479.68041435  483.00873998  486.36015962  489.73483353  493.13292307
  496.55459069  500.          503.46931574  506.96270378  510.48033115
  514.02236605  517.58897782  521.18033699  524.79661528  528.43798559
  532.10462203  535.79669991  539.51439576  543.25788733  547.0273536
  550.82297482  554.64493245  558.49340923  562.36858918  566.27065758
  570.19980099  574.15620727  578.1400656   582.15156646  586.19090164
  590.25826428  594.35384886  598.47785118  602.63046844  606.81189917
  611.02234332  615.26200218  619.53107847  623.82977632  628.15830124
  632.5168602   636.90566159  641.32491526  645.77483251  650.25562609
  654.76751024  659.3107007   663.88541468  668.49187091  673.13028965
  677.80089266  682.50390327  687.23954634  692.00804829  696.80963711
  701.64454239  706.5129953   711.41522861  716.3514767   721.32197561
  726.32696297  731.3666781   736.44136195  741.55125717  746.69660806
  751.87766065  757.09466265  762.34786351  767.63751439  772.96386821
  778.32717964  783.7277051   789.16570283  794.64143281  800.15515687
  805.70713863  811.29764354  816.9269389   822.59529388  828.30297947
  834.0502686   839.83743605  845.66475851  851.53251463  857.44098494
  863.39045194  869.38120011  875.41351587  881.48768764  887.60400586
  893.76276295  899.96425339  906.20877369  912.49662241  918.82810019
  925.20350977  931.62315597  938.08734572  944.5963881   951.15059433
  957.75027779  964.39575401  971.08734074  977.82535793  984.61012774
  991.44197456  998.32122505 1005.24820813 1012.22325499 1019.24669913
 1026.31887635 1033.44012481 1040.61078499 1047.83119974 1055.10171428
 1062.42267625 1069.79443567 1077.21734502 1084.69175919 1092.21803557
 1099.79653402 1107.42761686 1115.11164898 1122.84899777 1130.64003317
 1138.48512769 1146.38465643 1154.33899709 1162.34852999 1170.41363809
 1178.534707   1186.71212501 1194.94628312 1203.23757501 1211.58639712
 1219.99314863 1228.45823149 1236.98205044 1245.56501303 1254.20752964
 1262.91001348 1271.67288065 1280.49655013 1289.3814438  1298.32798647
 1307.3366059  1316.40773282 1325.54180095 1334.73924702 1344.00051077
 1353.32603502 1362.71626564 1372.17165161 1381.69264503 1391.2797011
 1400.93327823 1410.65383797 1420.44184509 1430.29776759 1440.2220767
 1450.21524693 1460.27775609 1470.41008529 1480.61271899 1490.88614501
 1501.23085454 1511.6473422  1522.13610603 1532.69764753 1543.33247167
 1554.04108693 1564.82400534 1575.68174243 1586.61481737 1597.62375288
 1608.70907534 1619.87131476 1631.11100486 1642.42868302 1653.82489037
 1665.30017181 1676.855076   1688.49015541 1700.20596635 1712.00306899
 1723.88202737 1735.84340946 1747.88778718 1760.0157364  1772.22783699
 1784.52467284 1796.9068319  1809.37490621 1821.92949188 1834.5711892
 1847.3006026  1860.11834071 1873.02501637 1886.02124671 1899.1076531
 1912.28486123 1925.55350116 1938.91420729 1952.36761844 1965.91437785
 1979.55513323 1993.29053679 2007.12124525 2021.0479199  2035.07122661
 2049.19183588 2063.41042285 2077.72766736 2092.14425395 2106.66087192
 2121.27821536 2135.99698315 2150.81787905 2165.74161169 2180.7688946
 2195.9004463  2211.13699025 2226.47925497 2241.92797401 2257.48388602
 2273.14773477 2288.92026919 2304.80224341 2320.79441681 2336.897554
 2353.11242492 2369.43980486 2385.88047447 2402.43521983 2419.10483246
 2435.8901094  2452.79185318 2469.81087194 2486.9479794  2504.20399492
 2521.57974359 2539.07605616 2556.69376921 2574.43372507 2592.29677195
 2610.28376392 2628.39556101 2646.63302918 2664.99704042 2683.48847277
 2702.10821035 2720.85714343 2739.73616845 2758.74618806 2777.8881112
 2797.16285308 2816.5713353  2836.11448582 2855.79323906 2875.60853592
 2895.56132382 2915.65255676 2935.88319537 2956.25420692 2976.76656541
 2997.42125159 3018.21925304 3039.16156415 3060.24918624 3081.48312757
 3102.86440339 3124.394036   3146.07305481 3167.90249633 3189.8834043
 3212.0168297  3234.30383077 3256.74547314 3279.34282979 3302.09698117
 3325.00901522 3348.08002743 3371.31112089 3394.70340635 3418.25800226
 3441.97603482 3465.85863808 3489.90695392 3514.12213215 3538.50533059
 3563.05771506 3587.78045947 3612.67474589 3637.7417646  3662.98271411
 3688.39880126 3713.99124128 3739.76125781 3765.71008299 3791.8389575
 3818.14913064 3844.64186038 3871.31841341 3898.1800652  3925.2281001
 3952.46381135 3979.88850116 4007.50348078 4035.31007057 4063.30960005
 4091.50340793 4119.89284226 4148.47926042 4177.26402919 4206.24852487
 4235.43413328 4264.82224987 4294.41427977 4324.21163787 4354.21574885
 4384.42804729 4414.84997775 4445.48299476 4476.328563   4507.38815726
 4538.66326261 4570.15537438 4601.86599831 4633.79665057 4665.94885787
 4698.32415748 4730.92409736 4763.75023621 4796.80414355 4830.08739976
 4863.60159623 4897.34833535 4931.32923066 4965.54590687 5000.        ], psd_array=[5.32629213e-47 4.98494505e-47 4.67102962e-47 4.38182875e-47
 4.11493640e-47 3.86821884e-47 3.63978103e-47 3.42793735e-47
 3.23118611e-47 3.04818732e-47 2.87774334e-47 2.71878196e-47
 2.57034160e-47 2.43155847e-47 2.30165519e-47 2.17993094e-47
 2.06575280e-47 1.95854809e-47 1.85779774e-47 1.76303042e-47
 1.67381732e-47 1.58976766e-47 1.51052467e-47 1.43576201e-47
 1.36443291e-47 1.29638983e-47 1.23217106e-47 1.17152860e-47
 1.11423378e-47 1.06007541e-47 1.00885821e-47 9.60401309e-48
 9.14536995e-48 8.71109552e-48 8.29974217e-48 7.90996257e-48
 7.54050119e-48 7.19018692e-48 6.85792614e-48 6.54269663e-48
 6.24354203e-48 5.95956668e-48 5.68596030e-48 5.42614842e-48
 5.17947575e-48 4.94522695e-48 4.72272945e-48 4.51135058e-48
 4.31049484e-48 4.11960141e-48 3.93814184e-48 3.76561798e-48
 3.60155999e-48 3.44552457e-48 3.29709329e-48 3.15587105e-48
 3.02148462e-48 2.89358137e-48 2.77182797e-48 2.65590929e-48
 2.54552730e-48 2.44040008e-48 2.34026087e-48 2.24485723e-48
 2.15395019e-48 2.06731348e-48 1.98473286e-48 1.90600537e-48
 1.83093878e-48 1.75935093e-48 1.69106922e-48 1.62593004e-48
 1.56377833e-48 1.50446705e-48 1.44785679e-48 1.39381535e-48
 1.34221735e-48 1.29294382e-48 1.24588193e-48 1.20092459e-48
 1.15797021e-48 1.11692235e-48 1.07768946e-48 1.04018466e-48
 1.00432543e-48 9.70033422e-49 9.37234242e-49 9.05857215e-49
 8.75835211e-49 8.47104450e-49 8.19604334e-49 7.93277272e-49
 7.68068533e-49 7.43926089e-49 7.20800480e-49 6.98644683e-49
 6.77413979e-49 6.57065840e-49 6.37559817e-49 6.18857428e-49
 6.00922064e-49 5.84157813e-49 5.68187966e-49 5.52837045e-49
 5.38078349e-49 5.23886410e-49 5.10236931e-49 4.97106731e-49
 4.84473688e-49 4.72316688e-49 4.60615579e-49 4.49351122e-49
 4.38504948e-49 4.28059516e-49 4.17998074e-49 4.08304622e-49
 3.98963872e-49 3.89961221e-49 3.81282714e-49 3.72915013e-49
 3.64845372e-49 3.57061605e-49 3.49552061e-49 3.42305602e-49
 3.35311575e-49 3.28559790e-49 3.22040502e-49 3.15744388e-49
 3.09662526e-49 3.03786380e-49 2.98107780e-49 2.92618908e-49
 2.87312277e-49 2.82180722e-49 2.77217379e-49 2.72415679e-49
 2.67769327e-49 2.63272297e-49 2.58918812e-49 2.54703340e-49
 2.50620581e-49 2.46665454e-49 2.42833089e-49 2.39118821e-49
 2.35518174e-49 2.32026859e-49 2.28640765e-49 2.25355945e-49
 2.22168619e-49 2.19075157e-49 2.16072079e-49 2.13156046e-49
 2.10323853e-49 2.07572427e-49 2.04898816e-49 2.02300189e-49
 1.99773827e-49 1.97317119e-49 1.94927562e-49 1.92602747e-49
 1.90340365e-49 1.88138196e-49 1.85994109e-49 1.83906056e-49
 1.81872069e-49 1.79890258e-49 1.77958807e-49 1.76075970e-49
 1.74240069e-49 1.72449490e-49 1.70702685e-49 1.68998161e-49
 1.67334485e-49 1.65710280e-49 1.64124218e-49 1.62575026e-49
 1.61061475e-49 1.59582387e-49 1.58136626e-49 1.56723098e-49
 1.55340753e-49 1.53988579e-49 1.52665601e-49 1.51370882e-49
 1.50103519e-49 1.48862643e-49 1.47647416e-49 1.46457032e-49
 1.45290715e-49 1.44147716e-49 1.43027316e-49 1.41928819e-49
 1.40851558e-49 1.39794886e-49 1.38758183e-49 1.37740849e-49
 1.36742308e-49 1.35762002e-49 1.34799395e-49 1.33853969e-49
 1.32925225e-49 1.32012681e-49 1.31115873e-49 1.30234352e-49
 1.29367687e-49 1.28515459e-49 1.27677266e-49 1.26852720e-49
 1.26041445e-49 1.25243078e-49 1.24457271e-49 1.23683685e-49
 1.22921993e-49 1.22171882e-49 1.21433046e-49 1.20705191e-49
 1.19988033e-49 1.19281298e-49 1.18584719e-49 1.17898041e-49
 1.17221015e-49 1.16553402e-49 1.15894969e-49 1.15245492e-49
 1.14604755e-49 1.13972547e-49 1.13348665e-49 1.12732913e-49
 1.12125100e-49 1.11525043e-49 1.10932563e-49 1.10347488e-49
 1.09769651e-49 1.09198890e-49 1.08635048e-49 1.08077973e-49
 1.07527519e-49 1.06983543e-49 1.06445906e-49 1.05914475e-49
 1.05389121e-49 1.04869716e-49 1.04356140e-49 1.03848273e-49
 1.03346002e-49 1.02849214e-49 1.02357802e-49 1.01871660e-49
 1.01390688e-49 1.00914785e-49 1.00443856e-49 9.99778087e-50
 9.95165514e-50 9.90599964e-50 9.86080585e-50 9.81606546e-50
 9.77177039e-50 9.72791282e-50 9.68448512e-50 9.64147986e-50
 9.59888984e-50 9.55670805e-50 9.51492767e-50 9.47354204e-50
 9.43254472e-50 9.39192941e-50 9.35168998e-50 9.31182048e-50
 9.27231510e-50 9.23316817e-50 9.19437419e-50 9.15592779e-50
 9.11782374e-50 9.08005693e-50 9.04262238e-50 9.00551526e-50
 8.96873082e-50 8.93226446e-50 8.89611167e-50 8.86026805e-50
 8.82472933e-50 8.78949131e-50 8.75454990e-50 8.71990113e-50
 8.68554108e-50 8.65146595e-50 8.61767203e-50 8.58415567e-50
 8.55091331e-50 8.51794150e-50 8.48523682e-50 8.45279596e-50
 8.42061566e-50 8.38869276e-50 8.35702413e-50 8.32560673e-50
 8.29443759e-50 8.26351378e-50 8.23283245e-50 8.20239081e-50
 8.17218610e-50 8.14221566e-50 8.11247684e-50 8.08296707e-50
 8.05368382e-50 8.02462461e-50 7.99578702e-50 7.96716866e-50
 7.93876720e-50 7.91058035e-50 7.88260585e-50 7.85484149e-50
 7.82728512e-50 7.79993461e-50 7.77278786e-50 7.74584283e-50
 7.71909750e-50 7.69254990e-50 7.66619808e-50 7.64004013e-50
 7.61407418e-50 7.58829839e-50 7.56271093e-50 7.53731003e-50
 7.51209393e-50 7.48706092e-50 7.46220929e-50 7.43753738e-50
 7.41304355e-50 7.38872618e-50 7.36458368e-50 7.34061450e-50
 7.31681709e-50 7.29318994e-50 7.26973155e-50 7.24644045e-50
 7.22331521e-50 7.20035438e-50 7.17755658e-50 7.15492041e-50
 7.13244452e-50 7.11012756e-50 7.08796820e-50 7.06596515e-50
 7.04411711e-50 7.02242282e-50 7.00088103e-50 6.97949051e-50
 6.95825004e-50 6.93715842e-50 6.91621448e-50 6.89541703e-50
 6.87476495e-50 6.85425708e-50 6.83389232e-50 6.81366955e-50
 6.79358768e-50 6.77364565e-50 6.75384238e-50 6.73417683e-50
 6.71464797e-50 6.69525477e-50 6.67599622e-50 6.65687134e-50
 6.63787913e-50 6.61901863e-50 6.60028888e-50 6.58168893e-50
 6.56321784e-50 6.54487470e-50 6.52665859e-50 6.50856862e-50
 6.49060388e-50 6.47276351e-50 6.45504663e-50 6.43745239e-50
 6.41997993e-50 6.40262844e-50 6.38539706e-50 6.36828500e-50
 6.35129143e-50 6.33441557e-50 6.31765663e-50 6.30101382e-50
 6.28448638e-50 6.26807354e-50 6.25177455e-50 6.23558868e-50
 6.21951518e-50 6.20355334e-50 6.18770243e-50 6.17196175e-50
 6.15633059e-50 6.14080827e-50 6.12539410e-50 6.11008740e-50
 6.09488751e-50 6.07979377e-50 6.06480552e-50 6.04992213e-50
 6.03514295e-50 6.02046736e-50 6.00589473e-50 5.99142445e-50
 5.97705591e-50 5.96278852e-50 5.94862168e-50 5.93455481e-50
 5.92058732e-50 5.90671865e-50 5.89294824e-50 5.87927552e-50
 5.86569995e-50 5.85222098e-50 5.83883807e-50 5.82555070e-50
 5.81235835e-50 5.79926049e-50 5.78625661e-50 5.77334622e-50
 5.76052882e-50 5.74780390e-50 5.73517100e-50 5.72262963e-50
 5.71017933e-50 5.69781962e-50 5.68555004e-50 5.67337015e-50
 5.66127951e-50 5.64927765e-50 5.63736417e-50 5.62553862e-50
 5.61380059e-50 5.60214965e-50 5.59058541e-50 5.57910745e-50
 5.56771539e-50 5.55640882e-50 5.54518737e-50 5.53405065e-50
 5.52299829e-50 5.51202993e-50 5.50114520e-50 5.49034374e-50
 5.47962522e-50 5.46898928e-50 5.45843559e-50 5.44796382e-50
 5.43757364e-50 5.42726473e-50 5.41703678e-50 5.40688949e-50
 5.39682254e-50 5.38683565e-50 5.37692852e-50 5.36710088e-50
 5.35735244e-50 5.34768293e-50 5.33809209e-50 5.32857967e-50
 5.31914539e-50 5.30978903e-50 5.30051033e-50 5.29130907e-50
 5.28218501e-50 5.27313794e-50 5.26416763e-50 5.25527388e-50
 5.24645648e-50 5.23771524e-50 5.22904997e-50 5.22046048e-50
 5.21194660e-50 5.20350815e-50 5.19514498e-50 5.18685692e-50
 5.17864383e-50 5.17050557e-50 5.16244199e-50 5.15445297e-50
 5.14653840e-50 5.13869815e-50 5.13093213e-50 5.12324023e-50
 5.11562238e-50 5.10807849e-50 5.10060849e-50 5.09321232e-50
 5.08588994e-50 5.07864131e-50 5.07146640e-50 5.06436520e-50
 5.05733771e-50 5.05038395e-50 5.04350396e-50 5.03669778e-50
 5.02996549e-50 5.02330720e-50 5.01672303e-50 5.01021316e-50
 5.00377780e-50 4.99741721e-50 4.99113172e-50 4.98492173e-50
 4.97878778e-50 4.97273050e-50 4.96675073e-50 4.96084954e-50
 4.95502835e-50 4.94928904e-50 4.94363416e-50 4.93806727e-50
 4.93259345e-50 4.92722020e-50 4.92195895e-50 4.91682793e-50
 4.91185771e-50 4.90710301e-50 4.90267005e-50 4.89878875e-50
 4.89603848e-50 4.89626008e-50 4.90824887e-50 5.04899758e-50
 5.48514267e-50 4.90529405e-50 4.87417105e-50 4.86319881e-50
 4.85629918e-50 4.85077637e-50 4.84587496e-50 4.84131740e-50
 4.83698273e-50 4.83281159e-50 4.82877225e-50 4.82484658e-50
 4.82102370e-50 4.81729685e-50 4.81366167e-50 4.81011535e-50
 4.80665604e-50 4.80328252e-50 4.79999404e-50 4.79679014e-50
 4.79367058e-50 4.79063531e-50 4.78768438e-50 4.78481796e-50
 4.78203626e-50 4.77933959e-50 4.77672829e-50 4.77420273e-50
 4.77176335e-50 4.76941059e-50 4.76714493e-50 4.76496689e-50
 4.76287700e-50 4.76087580e-50 4.75896388e-50 4.75714183e-50
 4.75541027e-50 4.75376983e-50 4.75222116e-50 4.75076495e-50
 4.74940189e-50 4.74813267e-50 4.74695805e-50 4.74587875e-50
 4.74489556e-50 4.74400926e-50 4.74322066e-50 4.74253057e-50
 4.74193985e-50 4.74144937e-50 4.74105999e-50 4.74077265e-50
 4.74058825e-50 4.74050774e-50 4.74053211e-50 4.74066233e-50
 4.74089942e-50 4.74124441e-50 4.74169837e-50 4.74226238e-50
 4.74293754e-50 4.74372497e-50 4.74462584e-50 4.74564132e-50
 4.74677262e-50 4.74802097e-50 4.74938762e-50 4.75087386e-50
 4.75248100e-50 4.75421038e-50 4.75606336e-50 4.75804134e-50
 4.76014575e-50 4.76237805e-50 4.76473972e-50 4.76723229e-50
 4.76985730e-50 4.77261635e-50 4.77551105e-50 4.77854307e-50
 4.78171409e-50 4.78502584e-50 4.78848011e-50 4.79207871e-50
 4.79582350e-50 4.79971640e-50 4.80375938e-50 4.80795448e-50
 4.81230382e-50 4.81680964e-50 4.82147433e-50 4.82630051e-50
 4.83129117e-50 4.83645002e-50 4.84178216e-50 4.84729591e-50
 4.85300814e-50 4.85896454e-50 4.86535003e-50 4.87383051e-50
 5.09314082e-50 4.88559951e-50 4.89097082e-50 4.89761520e-50
 4.90462727e-50 4.91188620e-50 4.91936324e-50 4.92705027e-50
 4.93494566e-50 4.94305021e-50 4.95136586e-50 4.95989511e-50
 4.96864081e-50 4.97760601e-50 4.98679392e-50 4.99620787e-50
 5.00585131e-50 5.01572775e-50 5.02584084e-50 5.03619429e-50
 5.04679189e-50 5.05763753e-50 5.06873517e-50 5.08008889e-50
 5.09170282e-50 5.10358120e-50 5.11572836e-50 5.12814872e-50
 5.14084680e-50 5.15382720e-50 5.16709465e-50 5.18065395e-50
 5.19451002e-50 5.20866788e-50 5.22313268e-50 5.23790964e-50
 5.25300413e-50 5.26842162e-50 5.28416769e-50 5.30024808e-50
 5.31666860e-50 5.33343523e-50 5.35055407e-50 5.36803135e-50
 5.38587344e-50 5.40408686e-50 5.42267826e-50 5.44165446e-50
 5.46102243e-50 5.48078934e-50 5.50096250e-50 5.52154949e-50
 5.54255813e-50 5.56399668e-50 5.58587418e-50 5.60820161e-50
 5.63099672e-50 5.65431677e-50 5.67902372e-50 5.70347545e-50
 5.72686444e-50 5.75193823e-50 5.77758645e-50 5.80376580e-50
 5.83047647e-50 5.85772577e-50 5.88552299e-50 5.91387826e-50
 5.94280218e-50 5.97230572e-50 6.00240016e-50 6.03309705e-50
 6.06440826e-50 6.09634591e-50 6.12892243e-50 6.16215055e-50
 6.19604328e-50 6.23061395e-50 6.26587620e-50 6.30184399e-50
 6.33853162e-50 6.37595371e-50 6.41412524e-50 6.45306155e-50
 6.49277833e-50 6.53329165e-50 6.57461797e-50 6.61677414e-50
 6.65977741e-50 6.70364546e-50 6.74839639e-50 6.79404874e-50
 6.84062151e-50 6.88813418e-50 6.93660674e-50 6.98605975e-50
 7.03651449e-50 7.08799348e-50 7.14052287e-50 7.19415486e-50
 7.25344823e-50 7.30465658e-50 7.36150361e-50 7.41958027e-50
 7.47885290e-50 7.53934138e-50 7.60107095e-50 7.66406845e-50
 7.72836170e-50 7.79398409e-50 7.86095051e-50 7.92930557e-50
 7.99907538e-50 8.07029158e-50 8.14298667e-50 8.21719395e-50
 8.29294759e-50 8.37028260e-50 8.44923491e-50 8.52984135e-50
 8.61213972e-50 8.69616875e-50 8.78196822e-50 8.86957888e-50
 8.95904257e-50 9.05040222e-50 9.14370186e-50 9.23898670e-50
 9.33630318e-50 9.43569916e-50 9.53722440e-50 9.64093460e-50
 9.74702867e-50 9.85513382e-50 9.96561851e-50 1.00785515e-49
 1.01939375e-49 1.03118318e-49 1.04322937e-49 1.05553846e-49
 1.06811678e-49 1.08097083e-49 1.09410728e-49 1.10753299e-49
 1.12125499e-49 1.13528052e-49 1.14961700e-49 1.16427206e-49
 1.17925352e-49 1.19456943e-49 1.21022806e-49 1.22623790e-49
 1.24260767e-49 1.25934633e-49 1.27646309e-49 1.29396743e-49
 1.31186909e-49 1.33017818e-49 1.34890632e-49 1.36807805e-49
 1.38765274e-49 1.40769573e-49 1.42820065e-49 1.44917897e-49
 1.47064275e-49 1.49260442e-49 1.51507680e-49 1.53807304e-49
 1.56160668e-49 1.58569164e-49 1.61034225e-49 1.63557322e-49
 1.66139972e-49 1.68783733e-49 1.71490207e-49 1.74261045e-49
 1.77097943e-49 1.80002648e-49 1.82976957e-49 1.86022723e-49
 1.89141879e-49 1.92377246e-49 1.95608061e-49 1.98959173e-49
 2.02391864e-49 2.05908301e-49 2.09510744e-49 2.13201524e-49
 2.16983040e-49 2.20857767e-49 2.24828251e-49 2.28897114e-49
 2.33067060e-49 2.37340870e-49 2.41721414e-49 2.46211646e-49
 2.50814612e-49 2.55533448e-49 2.60371390e-49 2.65331780e-49
 2.70418314e-49 2.75633745e-49 2.80982409e-49 2.86467960e-49
 2.92094228e-49 2.97865213e-49 3.03785042e-49 3.09857975e-49
 3.16088404e-49 3.22480862e-49 3.29040024e-49 3.35770716e-49
 3.42677917e-49 3.49766766e-49 3.57042567e-49 3.64510799e-49
 3.72177117e-49 3.80047503e-49 3.88127555e-49 3.96423854e-49
 4.04942790e-49 4.13690969e-49 4.22675248e-49 4.31902715e-49
 4.41380694e-49 4.51116755e-49 4.61118719e-49 4.71394674e-49
 4.81952978e-49 4.92802274e-49 5.03951500e-49 5.15409899e-49
 5.27187060e-49 5.39292836e-49 5.51737337e-49 5.64531335e-49
 5.77685707e-49 5.91211781e-49 6.05121280e-49 6.19426340e-49
 6.34139522e-49 6.49273830e-49 6.64842727e-49 6.80860152e-49
 6.97340540e-49 7.14298839e-49 7.31750602e-49 7.49711633e-49
 7.68198725e-49 7.87229048e-49 8.06820393e-49 8.26991203e-49
 8.47760581e-49 8.69148310e-49 8.91174878e-49 9.13861500e-49
 9.37230139e-49 9.61303535e-49 9.86105228e-49 1.01166118e-48
 1.03799171e-48 1.06512775e-48 1.09309461e-48 1.12192012e-48
 1.15163301e-48 1.18226294e-48 1.21384051e-48 1.24639723e-48
 1.27996555e-48 1.31457884e-48 1.35027139e-48 1.38707828e-48
 1.42503548e-48 1.46417978e-48 1.50454857e-48 1.54617991e-48
 1.58911229e-48 1.63338457e-48 1.67903576e-48 1.72610477e-48
 1.77463020e-48 1.82465012e-48 1.87620084e-48 1.92931819e-48
 1.98403521e-48 2.04038233e-48 2.09838643e-48 2.15806989e-48
 2.21944951e-48 2.28253518e-48 2.34732841e-48 2.41382078e-48
 2.48199048e-48 2.55180272e-48 2.62320413e-48 2.69612087e-48
 2.77045466e-48 2.84607851e-48 2.92283183e-48 3.00051495e-48
 3.07888289e-48 3.15763840e-48 3.23642454e-48 3.31481634e-48
 3.39231203e-48 3.46832396e-48 3.54216952e-48 3.61306234e-48
 3.68010465e-48 3.74228145e-48 3.79845685e-48 3.84737667e-48
 3.88767388e-48 3.91788366e-48 3.93646690e-48 3.94184484e-48
 3.93244608e-48 3.90676682e-48 3.86344350e-48 3.80133653e-48
 3.71962052e-48 3.61787540e-48 3.49617062e-48 3.35513296e-48
 3.19598852e-48 3.02057069e-48 2.83128770e-48 2.63105038e-48
 2.42316059e-48 2.21117173e-48 1.99873222e-48 1.78942677e-48
 1.58662971e-48 1.39338234e-48 1.21230213e-48 1.04552799e-48
 8.94699743e-49 7.60968664e-49 6.45032112e-49 5.47185025e-49
 4.67381156e-49 4.05297719e-49 3.60398962e-49 3.31994399e-49
 3.19290501e-49 3.21434288e-49 3.37548885e-49 3.66761386e-49
 4.08223993e-49 4.61129105e-49 5.24719592e-49 5.98295117e-49
 6.81215358e-49 7.72900927e-49 8.72832384e-49 9.80548526e-49
 1.09564321e-48 1.21776217e-48 1.34659941e-48 1.48189408e-48
 1.62342381e-48 1.77100725e-48 1.92449461e-48 2.08376756e-48
 2.24873572e-48 2.41933392e-48 2.59551970e-48 2.77727117e-48
 2.96458481e-48 3.15747366e-48 3.35596563e-48 3.56010190e-48
 3.76993551e-48 3.98553007e-48 4.20695853e-48 4.43430203e-48], asd_array=[7.29814506e-24 7.06041433e-24 6.83449312e-24 6.61953831e-24
 6.41477700e-24 6.21950065e-24 6.03305978e-24 5.85485897e-24
 5.68435230e-24 5.52103914e-24 5.36446022e-24 5.21419405e-24
 5.06985365e-24 4.93108352e-24 4.79755687e-24 4.66897306e-24
 4.54505533e-24 4.42554865e-24 4.31021779e-24 4.19884557e-24
 4.09123125e-24 3.98718906e-24 3.88654688e-24 3.78914504e-24
 3.69382310e-24 3.60054139e-24 3.51022942e-24 3.42275999e-24
 3.33801404e-24 3.25587993e-24 3.17625284e-24 3.09903422e-24
 3.02413127e-24 2.95145651e-24 2.88092731e-24 2.81246557e-24
 2.74599730e-24 2.68145239e-24 2.61876424e-24 2.55786955e-24
 2.49870807e-24 2.44122237e-24 2.38452517e-24 2.32940946e-24
 2.27584616e-24 2.22378662e-24 2.17318417e-24 2.12399402e-24
 2.07617312e-24 2.02968012e-24 1.98447520e-24 1.94052003e-24
 1.89777765e-24 1.85621243e-24 1.81578999e-24 1.77647714e-24
 1.73824182e-24 1.70105302e-24 1.66488077e-24 1.62969607e-24
 1.59547087e-24 1.56217799e-24 1.52979112e-24 1.49828476e-24
 1.46763421e-24 1.43781553e-24 1.40880547e-24 1.38058153e-24
 1.35312186e-24 1.32640527e-24 1.30041117e-24 1.27511962e-24
 1.25051123e-24 1.22656718e-24 1.20326921e-24 1.18059957e-24
 1.15854104e-24 1.13707688e-24 1.11619081e-24 1.09586705e-24
 1.07609024e-24 1.05684547e-24 1.03811823e-24 1.01989444e-24
 1.00216038e-24 9.84902748e-25 9.68108590e-25 9.51765315e-25
 9.35860679e-25 9.20382774e-25 9.05320017e-25 8.90661143e-25
 8.76395192e-25 8.62511501e-25 8.48999694e-25 8.35849677e-25
 8.23051626e-25 8.10595978e-25 7.98473429e-25 7.86674919e-25
 7.75191630e-25 7.64302174e-25 7.53782440e-25 7.43530124e-25
 7.33538239e-25 7.23799979e-25 7.14308709e-25 7.05057963e-25
 6.96041441e-25 6.87253002e-25 6.78686658e-25 6.70336574e-25
 6.62197061e-25 6.54262574e-25 6.46527706e-25 6.38987184e-25
 6.31635870e-25 6.24468751e-25 6.17480942e-25 6.10667678e-25
 6.04024314e-25 5.97546320e-25 5.91229280e-25 5.85068887e-25
 5.79060942e-25 5.73201352e-25 5.67486125e-25 5.61911370e-25
 5.56473293e-25 5.51168196e-25 5.45992473e-25 5.40942611e-25
 5.36015184e-25 5.31206854e-25 5.26514368e-25 5.21934554e-25
 5.17464325e-25 5.13100669e-25 5.08840655e-25 5.04681425e-25
 5.00620196e-25 4.96654260e-25 4.92780975e-25 4.88997772e-25
 4.85302147e-25 4.81691664e-25 4.78163952e-25 4.74716700e-25
 4.71347663e-25 4.68054652e-25 4.64835540e-25 4.61688256e-25
 4.58610786e-25 4.55601171e-25 4.52657504e-25 4.49777933e-25
 4.46960654e-25 4.44203917e-25 4.41506015e-25 4.38865295e-25
 4.36280145e-25 4.33749002e-25 4.31270343e-25 4.28842694e-25
 4.26464616e-25 4.24134717e-25 4.21851641e-25 4.19614072e-25
 4.17420733e-25 4.15270382e-25 4.13161814e-25 4.11093859e-25
 4.09065380e-25 4.07075275e-25 4.05122473e-25 4.03205935e-25
 4.01324651e-25 3.99477643e-25 3.97663961e-25 3.95882682e-25
 3.94132913e-25 3.92413786e-25 3.90724457e-25 3.89064111e-25
 3.87431954e-25 3.85827219e-25 3.84249158e-25 3.82697049e-25
 3.81170191e-25 3.79667902e-25 3.78189524e-25 3.76734415e-25
 3.75301955e-25 3.73891543e-25 3.72502594e-25 3.71134544e-25
 3.69786842e-25 3.68458956e-25 3.67150372e-25 3.65860587e-25
 3.64589118e-25 3.63335494e-25 3.62099259e-25 3.60879969e-25
 3.59677198e-25 3.58490529e-25 3.57319558e-25 3.56163895e-25
 3.55023161e-25 3.53896988e-25 3.52785021e-25 3.51686913e-25
 3.50602329e-25 3.49530946e-25 3.48472446e-25 3.47426526e-25
 3.46392888e-25 3.45371246e-25 3.44361321e-25 3.43362842e-25
 3.42375547e-25 3.41399182e-25 3.40433501e-25 3.39478265e-25
 3.38533240e-25 3.37598203e-25 3.36672934e-25 3.35757223e-25
 3.34850862e-25 3.33953654e-25 3.33065404e-25 3.32185924e-25
 3.31315033e-25 3.30452553e-25 3.29598313e-25 3.28752146e-25
 3.27913890e-25 3.27083388e-25 3.26260488e-25 3.25445042e-25
 3.24636906e-25 3.23835940e-25 3.23042009e-25 3.22254982e-25
 3.21474730e-25 3.20701129e-25 3.19934059e-25 3.19173402e-25
 3.18419044e-25 3.17670875e-25 3.16928788e-25 3.16192677e-25
 3.15462440e-25 3.14737981e-25 3.14019201e-25 3.13306008e-25
 3.12598311e-25 3.11896021e-25 3.11199054e-25 3.10507325e-25
 3.09820752e-25 3.09139258e-25 3.08462764e-25 3.07791196e-25
 3.07124482e-25 3.06462549e-25 3.05805330e-25 3.05152757e-25
 3.04504763e-25 3.03861287e-25 3.03222265e-25 3.02587637e-25
 3.01957344e-25 3.01331328e-25 3.00709534e-25 3.00091907e-25
 2.99478394e-25 2.98868942e-25 2.98263502e-25 2.97662024e-25
 2.97064460e-25 2.96470763e-25 2.95880887e-25 2.95294787e-25
 2.94712421e-25 2.94133744e-25 2.93558717e-25 2.92987298e-25
 2.92419447e-25 2.91855127e-25 2.91294298e-25 2.90736925e-25
 2.90182971e-25 2.89632401e-25 2.89085180e-25 2.88541275e-25
 2.88000653e-25 2.87463281e-25 2.86929128e-25 2.86398164e-25
 2.85870357e-25 2.85345679e-25 2.84824101e-25 2.84305594e-25
 2.83790130e-25 2.83277684e-25 2.82768227e-25 2.82261734e-25
 2.81758180e-25 2.81257539e-25 2.80759788e-25 2.80264901e-25
 2.79772857e-25 2.79283630e-25 2.78797200e-25 2.78313543e-25
 2.77832639e-25 2.77354465e-25 2.76879000e-25 2.76406225e-25
 2.75936119e-25 2.75468662e-25 2.75003835e-25 2.74541618e-25
 2.74081994e-25 2.73624943e-25 2.73170447e-25 2.72718488e-25
 2.72269050e-25 2.71822114e-25 2.71377665e-25 2.70935684e-25
 2.70496157e-25 2.70059066e-25 2.69624397e-25 2.69192133e-25
 2.68762259e-25 2.68334761e-25 2.67909622e-25 2.67486830e-25
 2.67066369e-25 2.66648224e-25 2.66232383e-25 2.65818832e-25
 2.65407557e-25 2.64998544e-25 2.64591781e-25 2.64187254e-25
 2.63784951e-25 2.63384860e-25 2.62986967e-25 2.62591261e-25
 2.62197730e-25 2.61806361e-25 2.61417144e-25 2.61030066e-25
 2.60645117e-25 2.60262284e-25 2.59881557e-25 2.59502925e-25
 2.59126378e-25 2.58751904e-25 2.58379493e-25 2.58009134e-25
 2.57640818e-25 2.57274535e-25 2.56910274e-25 2.56548025e-25
 2.56187780e-25 2.55829527e-25 2.55473259e-25 2.55118965e-25
 2.54766636e-25 2.54416263e-25 2.54067838e-25 2.53721351e-25
 2.53376793e-25 2.53034157e-25 2.52693432e-25 2.52354612e-25
 2.52017687e-25 2.51682649e-25 2.51349490e-25 2.51018203e-25
 2.50688779e-25 2.50361210e-25 2.50035489e-25 2.49711607e-25
 2.49389558e-25 2.49069335e-25 2.48750928e-25 2.48434332e-25
 2.48119540e-25 2.47806543e-25 2.47495335e-25 2.47185910e-25
 2.46878260e-25 2.46572378e-25 2.46268259e-25 2.45965895e-25
 2.45665279e-25 2.45366407e-25 2.45069270e-25 2.44773864e-25
 2.44480181e-25 2.44188217e-25 2.43897964e-25 2.43609417e-25
 2.43322570e-25 2.43037418e-25 2.42753954e-25 2.42472174e-25
 2.42192071e-25 2.41913641e-25 2.41636878e-25 2.41361776e-25
 2.41088331e-25 2.40816538e-25 2.40546391e-25 2.40277885e-25
 2.40011017e-25 2.39745780e-25 2.39482171e-25 2.39220184e-25
 2.38959815e-25 2.38701060e-25 2.38443915e-25 2.38188374e-25
 2.37934434e-25 2.37682091e-25 2.37431341e-25 2.37182179e-25
 2.36934602e-25 2.36688607e-25 2.36444188e-25 2.36201343e-25
 2.35960068e-25 2.35720360e-25 2.35482215e-25 2.35245630e-25
 2.35010602e-25 2.34777127e-25 2.34545202e-25 2.34314825e-25
 2.34085993e-25 2.33858703e-25 2.33632951e-25 2.33408736e-25
 2.33186055e-25 2.32964906e-25 2.32745285e-25 2.32527192e-25
 2.32310623e-25 2.32095576e-25 2.31882050e-25 2.31670043e-25
 2.31459552e-25 2.31250577e-25 2.31043115e-25 2.30837165e-25
 2.30632725e-25 2.30429795e-25 2.30228372e-25 2.30028456e-25
 2.29830046e-25 2.29633141e-25 2.29437739e-25 2.29243841e-25
 2.29051446e-25 2.28860552e-25 2.28671161e-25 2.28483270e-25
 2.28296881e-25 2.28111993e-25 2.27928607e-25 2.27746722e-25
 2.27566338e-25 2.27387457e-25 2.27210079e-25 2.27034204e-25
 2.26859833e-25 2.26686968e-25 2.26515609e-25 2.26345758e-25
 2.26177417e-25 2.26010586e-25 2.25845268e-25 2.25681464e-25
 2.25519178e-25 2.25358410e-25 2.25199165e-25 2.25041445e-25
 2.24885253e-25 2.24730593e-25 2.24577469e-25 2.24425885e-25
 2.24275846e-25 2.24127357e-25 2.23980424e-25 2.23835055e-25
 2.23691256e-25 2.23549037e-25 2.23408409e-25 2.23269383e-25
 2.23131974e-25 2.22996199e-25 2.22862081e-25 2.22729647e-25
 2.22598930e-25 2.22469976e-25 2.22342847e-25 2.22217625e-25
 2.22094427e-25 2.21973426e-25 2.21854884e-25 2.21739215e-25
 2.21627113e-25 2.21519819e-25 2.21419738e-25 2.21332075e-25
 2.21269936e-25 2.21274944e-25 2.21545681e-25 2.24699746e-25
 2.34203814e-25 2.21478984e-25 2.20775249e-25 2.20526615e-25
 2.20370124e-25 2.20244781e-25 2.20133481e-25 2.20029939e-25
 2.19931415e-25 2.19836566e-25 2.19744676e-25 2.19655334e-25
 2.19568297e-25 2.19483413e-25 2.19400585e-25 2.19319752e-25
 2.19240873e-25 2.19163923e-25 2.19088887e-25 2.19015756e-25
 2.18944527e-25 2.18875200e-25 2.18807778e-25 2.18742267e-25
 2.18678674e-25 2.18617007e-25 2.18557276e-25 2.18499490e-25
 2.18443662e-25 2.18389803e-25 2.18337925e-25 2.18288041e-25
 2.18240166e-25 2.18194312e-25 2.18150496e-25 2.18108730e-25
 2.18069032e-25 2.18031416e-25 2.17995898e-25 2.17962496e-25
 2.17931225e-25 2.17902104e-25 2.17875149e-25 2.17850379e-25
 2.17827812e-25 2.17807467e-25 2.17789363e-25 2.17773519e-25
 2.17759956e-25 2.17748694e-25 2.17739753e-25 2.17733154e-25
 2.17728920e-25 2.17727071e-25 2.17727630e-25 2.17730621e-25
 2.17736065e-25 2.17743988e-25 2.17754412e-25 2.17767362e-25
 2.17782863e-25 2.17800941e-25 2.17821621e-25 2.17844929e-25
 2.17870894e-25 2.17899540e-25 2.17930898e-25 2.17964994e-25
 2.18001858e-25 2.18041518e-25 2.18084006e-25 2.18129350e-25
 2.18177583e-25 2.18228734e-25 2.18282838e-25 2.18339925e-25
 2.18400030e-25 2.18463186e-25 2.18529427e-25 2.18598789e-25
 2.18671308e-25 2.18747019e-25 2.18825961e-25 2.18908171e-25
 2.18993687e-25 2.19082551e-25 2.19174802e-25 2.19270483e-25
 2.19369638e-25 2.19472314e-25 2.19578558e-25 2.19688427e-25
 2.19801983e-25 2.19919304e-25 2.20040500e-25 2.20165754e-25
 2.20295441e-25 2.20430591e-25 2.20575385e-25 2.20767536e-25
 2.25679880e-25 2.21033923e-25 2.21155394e-25 2.21305562e-25
 2.21463931e-25 2.21627756e-25 2.21796376e-25 2.21969599e-25
 2.22147376e-25 2.22329715e-25 2.22516648e-25 2.22708220e-25
 2.22904482e-25 2.23105491e-25 2.23311306e-25 2.23521987e-25
 2.23737599e-25 2.23958205e-25 2.24183872e-25 2.24414667e-25
 2.24650660e-25 2.24891919e-25 2.25138517e-25 2.25390525e-25
 2.25648018e-25 2.25911071e-25 2.26179760e-25 2.26454161e-25
 2.26734356e-25 2.27020422e-25 2.27312442e-25 2.27610499e-25
 2.27914677e-25 2.28225062e-25 2.28541740e-25 2.28864799e-25
 2.29194331e-25 2.29530425e-25 2.29873176e-25 2.30222676e-25
 2.30579023e-25 2.30942314e-25 2.31312647e-25 2.31690124e-25
 2.32074847e-25 2.32466919e-25 2.32866448e-25 2.33273540e-25
 2.33688306e-25 2.34110857e-25 2.34541308e-25 2.34979775e-25
 2.35426382e-25 2.35881256e-25 2.36344541e-25 2.36816419e-25
 2.37297213e-25 2.37788073e-25 2.38307023e-25 2.38819502e-25
 2.39308680e-25 2.39831988e-25 2.40366105e-25 2.40910062e-25
 2.41463796e-25 2.42027390e-25 2.42600968e-25 2.43184668e-25
 2.43778633e-25 2.44383013e-25 2.44997962e-25 2.45623636e-25
 2.46260193e-25 2.46907795e-25 2.47566606e-25 2.48236793e-25
 2.48918526e-25 2.49611978e-25 2.50317323e-25 2.51034739e-25
 2.51764406e-25 2.52506509e-25 2.53261234e-25 2.54028769e-25
 2.54809308e-25 2.55603045e-25 2.56410179e-25 2.57230911e-25
 2.58065445e-25 2.58913991e-25 2.59776758e-25 2.60653961e-25
 2.61545818e-25 2.62452552e-25 2.63374386e-25 2.64311554e-25
 2.65264293e-25 2.66232858e-25 2.67217568e-25 2.68219217e-25
 2.69322265e-25 2.70271282e-25 2.71320910e-25 2.72389065e-25
 2.73474915e-25 2.74578611e-25 2.75700398e-25 2.76840540e-25
 2.77999311e-25 2.79177078e-25 2.80373867e-25 2.81590227e-25
 2.82826367e-25 2.84082586e-25 2.85359189e-25 2.86656484e-25
 2.87974783e-25 2.89314407e-25 2.90675677e-25 2.92058921e-25
 2.93464473e-25 2.94892671e-25 2.96343858e-25 2.97818382e-25
 2.99316598e-25 3.00838864e-25 3.02385546e-25 3.03957015e-25
 3.05553648e-25 3.07175832e-25 3.08823969e-25 3.10498544e-25
 3.12202317e-25 3.13928874e-25 3.15683679e-25 3.17467344e-25
 3.19279463e-25 3.21120410e-25 3.22990614e-25 3.24890513e-25
 3.26820559e-25 3.28781208e-25 3.30772925e-25 3.32796182e-25
 3.34851459e-25 3.36939241e-25 3.39060025e-25 3.41214311e-25
 3.43402609e-25 3.45625438e-25 3.47883323e-25 3.50176798e-25
 3.52506407e-25 3.54872700e-25 3.57276237e-25 3.59717588e-25
 3.62197334e-25 3.64716079e-25 3.67274600e-25 3.69875391e-25
 3.72512113e-25 3.75192714e-25 3.77915420e-25 3.80680833e-25
 3.83489602e-25 3.86342390e-25 3.89239875e-25 3.92182743e-25
 3.95171694e-25 3.98207438e-25 4.01290698e-25 4.04422208e-25
 4.07602714e-25 4.10832975e-25 4.14113761e-25 4.17445859e-25
 4.20830064e-25 4.24267189e-25 4.27758058e-25 4.31303516e-25
 4.34904448e-25 4.38608305e-25 4.42276001e-25 4.46048397e-25
 4.49879833e-25 4.53771199e-25 4.57723436e-25 4.61737505e-25
 4.65814384e-25 4.69955070e-25 4.74160575e-25 4.78431933e-25
 4.82770193e-25 4.87176426e-25 4.91651721e-25 4.96197185e-25
 5.00813949e-25 5.05503163e-25 5.10266000e-25 5.15103660e-25
 5.20017609e-25 5.25008329e-25 5.30077739e-25 5.35227017e-25
 5.40457425e-25 5.45770293e-25 5.51166982e-25 5.56648880e-25
 5.62217400e-25 5.67873984e-25 5.73620104e-25 5.79457260e-25
 5.85386980e-25 5.91410827e-25 5.97530390e-25 6.03747297e-25
 6.10063207e-25 6.16479929e-25 6.22998840e-25 6.29621993e-25
 6.36351153e-25 6.43188129e-25 6.50134792e-25 6.57193058e-25
 6.64364881e-25 6.71652257e-25 6.79057228e-25 6.86581877e-25
 6.94228333e-25 7.01998771e-25 7.09895415e-25 7.17920538e-25
 7.26076484e-25 7.34365601e-25 7.42790238e-25 7.51353003e-25
 7.60056384e-25 7.68902972e-25 7.77895417e-25 7.87036428e-25
 7.96328777e-25 8.05775297e-25 8.15378885e-25 8.25142504e-25
 8.35069183e-25 8.45162019e-25 8.55424223e-25 8.65858899e-25
 8.76469466e-25 8.87259290e-25 8.98231815e-25 9.09390567e-25
 9.20739149e-25 9.32281240e-25 9.44020592e-25 9.55961035e-25
 9.68106471e-25 9.80460879e-25 9.93028312e-25 1.00581369e-24
 1.01881878e-24 1.03205026e-24 1.04551165e-24 1.05920731e-24
 1.07314165e-24 1.08731915e-24 1.10174430e-24 1.11642162e-24
 1.13135562e-24 1.14655084e-24 1.16201179e-24 1.17774287e-24
 1.19374850e-24 1.21003296e-24 1.22660041e-24 1.24345483e-24
 1.26059997e-24 1.27803935e-24 1.29577612e-24 1.31381307e-24
 1.33215247e-24 1.35079611e-24 1.36974481e-24 1.38899899e-24
 1.40855785e-24 1.42841952e-24 1.44858083e-24 1.46903706e-24
 1.48978170e-24 1.51080614e-24 1.53209935e-24 1.55364757e-24
 1.57543343e-24 1.59743630e-24 1.61963086e-24 1.64198687e-24
 1.66446828e-24 1.68703246e-24 1.70962915e-24 1.73219945e-24
 1.75467458e-24 1.77697451e-24 1.79900654e-24 1.82066371e-24
 1.84182302e-24 1.86234367e-24 1.88206523e-24 1.90080571e-24
 1.91835988e-24 1.93449773e-24 1.94896302e-24 1.96147309e-24
 1.97171851e-24 1.97936446e-24 1.98405315e-24 1.98540798e-24
 1.98303961e-24 1.97655428e-24 1.96556442e-24 1.94970165e-24
 1.92863177e-24 1.90207135e-24 1.86980497e-24 1.83170220e-24
 1.78773279e-24 1.73797891e-24 1.68264307e-24 1.62205129e-24
 1.55665044e-24 1.48700092e-24 1.41376526e-24 1.33769457e-24
 1.25961491e-24 1.18041617e-24 1.10104593e-24 1.02251063e-24
 9.45885692e-25 8.72335179e-25 8.03138912e-25 7.39719558e-25
 6.83652804e-25 6.36629970e-25 6.00332376e-25 5.76189552e-25
 5.65057963e-25 5.66951751e-25 5.80989574e-25 6.05608277e-25
 6.38924090e-25 6.79064875e-25 7.24375312e-25 7.73495389e-25
 8.25357715e-25 8.79147841e-25 9.34254989e-25 9.90226502e-25
 1.04672977e-24 1.10352262e-24 1.16043070e-24 1.21733072e-24
 1.27413650e-24 1.33079196e-24 1.38726155e-24 1.44352609e-24
 1.49957851e-24 1.55542082e-24 1.61106167e-24 1.66651468e-24
 1.72179697e-24 1.77692815e-24 1.83192948e-24 1.88682323e-24
 1.94163218e-24 1.99637924e-24 2.05108716e-24 2.10577825e-24]), minimum_frequency=5.0, maximum_frequency=2048.0, length=40.0, latitude=46.0, longitude=-124.99999999999999, elevation=0.0, xarm_azimuth=260.0, yarm_azimuth=349.99999999999994, xarm_tilt=0.0, yarm_tilt=0.0).
The injected SNR is (261.6855162579729-4.3917127615319884e-18j) in Interferometer(name='A1', power_spectral_density=PowerSpectralDensity(frequency_array=[   5.           5.01153      5.0230867 ... 4977.0194    4988.4965
 5000.       ], psd_array=[3.99805824e-40 3.78691522e-40 3.58724926e-40 ... 1.51962966e-46
 1.52659591e-46 1.53359419e-46], asd_array=[1.9995145e-20 1.9459998e-20 1.8940035e-20 ... 1.2327326e-23 1.2355549e-23
 1.2383837e-23]), minimum_frequency=5.0, maximum_frequency=2048.0, length=4.0, latitude=19.613306027777778, longitude=77.03086102777777, elevation=440.0, xarm_azimuth=117.6157, yarm_azimuth=207.6165, xarm_tilt=0.0, yarm_tilt=0.0).
The injected SNR is (2653.632089451095+4.504936332151895e-17j) in Interferometer(name='CE20', power_spectral_density=PowerSpectralDensity(frequency_array=[   5.            5.03469316    5.06962704    5.10480331    5.14022366
    5.17588978    5.21180337    5.24796615    5.28437986    5.32104622
    5.357967      5.39514396    5.43257887    5.47027354    5.50822975
    5.54644932    5.58493409    5.62368589    5.66270658    5.70199801
    5.74156207    5.78140066    5.82151566    5.86190902    5.90258264
    5.94353849    5.98477851    6.02630468    6.06811899    6.11022343
    6.15262002    6.19531078    6.23829776    6.28158301    6.3251686
    6.36905662    6.41324915    6.45774833    6.50255626    6.5476751
    6.59310701    6.63885415    6.68491871    6.7313029     6.77800893
    6.82503903    6.87239546    6.92008048    6.96809637    7.01644542
    7.06512995    7.11415229    7.16351477    7.21321976    7.26326963
    7.31366678    7.36441362    7.41551257    7.46696608    7.51877661
    7.57094663    7.62347864    7.67637514    7.72963868    7.7832718
    7.83727705    7.89165703    7.94641433    8.00155157    8.05707139
    8.11297644    8.16926939    8.22595294    8.28302979    8.34050269
    8.39837436    8.45664759    8.51532515    8.57440985    8.63390452
    8.693812      8.75413516    8.81487688    8.87604006    8.93762763
    8.99964253    9.06208774    9.12496622    9.188281      9.2520351
    9.31623156    9.38087346    9.44596388    9.51150594    9.57750278
    9.64395754    9.71087341    9.77825358    9.84610128    9.91441975
    9.98321225   10.05248208   10.12223255   10.19246699   10.26318876
   10.33440125   10.40610785   10.478312     10.55101714   10.62422676
   10.69794436   10.77217345   10.84691759   10.92218036   10.99796534
   11.07427617   11.15111649   11.22848998   11.30640033   11.38485128
   11.46384656   11.54338997   11.6234853    11.70413638   11.78534707
   11.86712125   11.94946283   12.03237575   12.11586397   12.19993149
   12.28458231   12.3698205    12.45565013   12.5420753    12.62910013
   12.71672881   12.8049655    12.89381444   12.98327986   13.07336606
   13.16407733   13.25541801   13.34739247   13.44000511   13.53326035
   13.62716266   13.72171652   13.81692645   13.91279701   14.00933278
   14.10653838   14.20441845   14.30297768   14.40222077   14.50215247
   14.60277756   14.70410085   14.80612719   14.90886145   15.01230855
   15.11647342   15.22136106   15.32697648   15.43332472   15.54041087
   15.64824005   15.75681742   15.86614817   15.97623753   16.08709075
   16.19871315   16.31111005   16.42428683   16.5382489    16.65300172
   16.76855076   16.88490155   17.00205966   17.12003069   17.23882027
   17.35843409   17.47887787   17.60015736   17.72227837   17.84524673
   17.96906832   18.09374906   18.21929492   18.34571189   18.47300603
   18.60118341   18.73025016   18.86021247   18.99107653   19.12284861
   19.25553501   19.38914207   19.52367618   19.65914378   19.79555133
   19.93290537   20.07121245   20.2104792    20.35071227   20.49191836
   20.63410423   20.77727667   20.92144254   21.06660872   21.21278215
   21.35996983   21.50817879   21.65741612   21.80768895   21.95900446
   22.1113699    22.26479255   22.41927974   22.57483886   22.73147735
   22.88920269   23.04802243   23.20794417   23.36897554   23.53112425
   23.69439805   23.85880474   24.0243522    24.19104832   24.35890109
   24.52791853   24.69810872   24.86947979   25.04203995   25.21579744
   25.39076056   25.56693769   25.74433725   25.92296772   26.10283764
   26.28395561   26.46633029   26.6499704    26.83488473   27.0210821
   27.20857143   27.39736168   27.58746188   27.77888111   27.97162853
   28.16571335   28.36114486   28.55793239   28.75608536   28.95561324
   29.15652557   29.35883195   29.56254207   29.76766565   29.97421252
   30.18219253   30.39161564   30.60249186   30.81483128   31.02864403
   31.24394036   31.46073055   31.67902496   31.89883404   32.1201683
   32.34303831   32.56745473   32.7934283    33.02096981   33.25009015
   33.48080027   33.71311121   33.94703406   34.18258002   34.41976035
   34.65858638   34.89906954   35.14122132   35.38505331   35.63057715
   35.87780459   36.12674746   36.37741765   36.62982714   36.88398801
   37.13991241   37.39761258   37.65710083   37.91838957   38.18149131
   38.4464186    38.71318413   38.98180065   39.252281     39.52463811
   39.79888501   40.07503481   40.35310071   40.633096     40.91503408
   41.19892842   41.4847926    41.77264029   42.06248525   42.35434133
   42.6482225    42.9441428    43.24211638   43.54215749   43.84428047
   44.14849978   44.45482995   44.76328563   45.07388157   45.38663263
   45.70155374   46.01865998   46.33796651   46.65948858   46.98324157
   47.30924097   47.63750236   47.96804144   48.300874     48.63601596
   48.97348335   49.31329231   49.65545907   50.           50.34693157
   50.69627038   51.04803312   51.4022366    51.75889778   52.1180337
   52.47966153   52.84379856   53.2104622    53.57966999   53.95143958
   54.32578873   54.70273536   55.08229748   55.46449324   55.84934092
   56.23685892   56.62706576   57.0199801    57.41562073   57.81400656
   58.21515665   58.61909016   59.02582643   59.43538489   59.84778512
   60.26304684   60.68118992   61.10223433   61.52620022   61.95310785
   62.38297763   62.81583012   63.25168602   63.69056616   64.13249153
   64.57748325   65.02556261   65.47675102   65.93107007   66.38854147
   66.84918709   67.31302896   67.78008927   68.25039033   68.72395463
   69.20080483   69.68096371   70.16445424   70.65129953   71.14152286
   71.63514767   72.13219756   72.6326963    73.13666781   73.6441362
   74.15512572   74.66966081   75.18776606   75.70946627   76.23478635
   76.76375144   77.29638682   77.83271796   78.37277051   78.91657028
   79.46414328   80.01551569   80.57071386   81.12976435   81.69269389
   82.25952939   82.83029795   83.40502686   83.9837436    84.56647585
   85.15325146   85.74409849   86.33904519   86.93812001   87.54135159
   88.14876876   88.76040059   89.3762763    89.99642534   90.62087737
   91.24966224   91.88281002   92.52035098   93.1623156    93.80873457
   94.45963881   95.11505943   95.77502778   96.4395754    97.10873407
   97.78253579   98.46101277   99.14419746   99.83212251  100.52482081
  101.2223255   101.92466991  102.63188764  103.34401248  104.0610785
  104.78311997  105.51017143  106.24226762  106.97944357  107.7217345
  108.46917592  109.22180356  109.9796534   110.74276169  111.5111649
  112.28489978  113.06400332  113.84851277  114.63846564  115.43389971
  116.234853    117.04136381  117.8534707   118.6712125   119.49462831
  120.3237575   121.15863971  121.99931486  122.84582315  123.69820504
  124.5565013   125.42075296  126.29100135  127.16728807  128.04965501
  128.93814438  129.83279865  130.73366059  131.64077328  132.5541801
  133.4739247   134.40005108  135.3326035   136.27162656  137.21716516
  138.1692645   139.12797011  140.09332782  141.0653838   142.04418451
  143.02977676  144.02220767  145.02152469  146.02777561  147.04100853
  148.0612719   149.0886145   150.12308545  151.16473422  152.2136106
  153.26976475  154.33324717  155.40410869  156.48240053  157.56817424
  158.66148174  159.76237529  160.87090753  161.98713148  163.11110049
  164.2428683   165.38248904  166.53001718  167.6855076   168.84901554
  170.02059664  171.2003069   172.38820274  173.58434095  174.78877872
  176.00157364  177.2227837   178.45246728  179.69068319  180.93749062
  182.19294919  183.45711892  184.73006026  186.01183407  187.30250164
  188.60212467  189.91076531  191.22848612  192.55535012  193.89142073
  195.23676184  196.59143779  197.95551332  199.32905368  200.71212452
  202.10479199  203.50712266  204.91918359  206.34104229  207.77276674
  209.2144254   210.66608719  212.12782154  213.59969832  215.08178791
  216.57416117  218.07688946  219.59004463  221.11369903  222.6479255
  224.1927974   225.7483886   227.31477348  228.89202692  230.48022434
  232.07944168  233.6897554   235.31124249  236.94398049  238.58804745
  240.24352198  241.91048325  243.58901094  245.27918532  246.98108719
  248.69479794  250.42039949  252.15797436  253.90760562  255.66937692
  257.44337251  259.22967719  261.02837639  262.8395561   264.66330292
  266.49970404  268.34884728  270.21082104  272.08571434  273.97361685
  275.87461881  277.78881112  279.71628531  281.65713353  283.61144858
  285.57932391  287.56085359  289.55613238  291.56525568  293.58831954
  295.62542069  297.67665654  299.74212516  301.8219253   303.91615641
  306.02491862  308.14831276  310.28644034  312.4394036   314.60730548
  316.79024963  318.98834043  321.20168297  323.43038308  325.67454731
  327.93428298  330.20969812  332.50090152  334.80800274  337.13111209
  339.47034063  341.82580023  344.19760348  346.58586381  348.99069539
  351.41221322  353.85053306  356.30577151  358.77804595  361.26747459
  363.77417646  366.29827141  368.83988013  371.39912413  373.97612578
  376.5710083   379.18389575  381.81491306  384.46418604  387.13184134
  389.81800652  392.52281001  395.24638113  397.98885012  400.75034808
  403.53100706  406.33096     409.15034079  411.98928423  414.84792604
  417.72640292  420.62485249  423.54341333  426.48222499  429.44142798
  432.42116379  435.42157488  438.44280473  441.48499777  444.54829948
  447.6328563   450.73881573  453.86632626  457.01553744  460.18659983
  463.37966506  466.59488579  469.83241575  473.09240974  476.37502362
  479.68041435  483.00873998  486.36015962  489.73483353  493.13292307
  496.55459069  500.          503.46931574  506.96270378  510.48033115
  514.02236605  517.58897782  521.18033699  524.79661528  528.43798559
  532.10462203  535.79669991  539.51439576  543.25788733  547.0273536
  550.82297482  554.64493245  558.49340923  562.36858918  566.27065758
  570.19980099  574.15620727  578.1400656   582.15156646  586.19090164
  590.25826428  594.35384886  598.47785118  602.63046844  606.81189917
  611.02234332  615.26200218  619.53107847  623.82977632  628.15830124
  632.5168602   636.90566159  641.32491526  645.77483251  650.25562609
  654.76751024  659.3107007   663.88541468  668.49187091  673.13028965
  677.80089266  682.50390327  687.23954634  692.00804829  696.80963711
  701.64454239  706.5129953   711.41522861  716.3514767   721.32197561
  726.32696297  731.3666781   736.44136195  741.55125717  746.69660806
  751.87766065  757.09466265  762.34786351  767.63751439  772.96386821
  778.32717964  783.7277051   789.16570283  794.64143281  800.15515687
  805.70713863  811.29764354  816.9269389   822.59529388  828.30297947
  834.0502686   839.83743605  845.66475851  851.53251463  857.44098494
  863.39045194  869.38120011  875.41351587  881.48768764  887.60400586
  893.76276295  899.96425339  906.20877369  912.49662241  918.82810019
  925.20350977  931.62315597  938.08734572  944.5963881   951.15059433
  957.75027779  964.39575401  971.08734074  977.82535793  984.61012774
  991.44197456  998.32122505 1005.24820813 1012.22325499 1019.24669913
 1026.31887635 1033.44012481 1040.61078499 1047.83119974 1055.10171428
 1062.42267625 1069.79443567 1077.21734502 1084.69175919 1092.21803557
 1099.79653402 1107.42761686 1115.11164898 1122.84899777 1130.64003317
 1138.48512769 1146.38465643 1154.33899709 1162.34852999 1170.41363809
 1178.534707   1186.71212501 1194.94628312 1203.23757501 1211.58639712
 1219.99314863 1228.45823149 1236.98205044 1245.56501303 1254.20752964
 1262.91001348 1271.67288065 1280.49655013 1289.3814438  1298.32798647
 1307.3366059  1316.40773282 1325.54180095 1334.73924702 1344.00051077
 1353.32603502 1362.71626564 1372.17165161 1381.69264503 1391.2797011
 1400.93327823 1410.65383797 1420.44184509 1430.29776759 1440.2220767
 1450.21524693 1460.27775609 1470.41008529 1480.61271899 1490.88614501
 1501.23085454 1511.6473422  1522.13610603 1532.69764753 1543.33247167
 1554.04108693 1564.82400534 1575.68174243 1586.61481737 1597.62375288
 1608.70907534 1619.87131476 1631.11100486 1642.42868302 1653.82489037
 1665.30017181 1676.855076   1688.49015541 1700.20596635 1712.00306899
 1723.88202737 1735.84340946 1747.88778718 1760.0157364  1772.22783699
 1784.52467284 1796.9068319  1809.37490621 1821.92949188 1834.5711892
 1847.3006026  1860.11834071 1873.02501637 1886.02124671 1899.1076531
 1912.28486123 1925.55350116 1938.91420729 1952.36761844 1965.91437785
 1979.55513323 1993.29053679 2007.12124525 2021.0479199  2035.07122661
 2049.19183588 2063.41042285 2077.72766736 2092.14425395 2106.66087192
 2121.27821536 2135.99698315 2150.81787905 2165.74161169 2180.7688946
 2195.9004463  2211.13699025 2226.47925497 2241.92797401 2257.48388602
 2273.14773477 2288.92026919 2304.80224341 2320.79441681 2336.897554
 2353.11242492 2369.43980486 2385.88047447 2402.43521983 2419.10483246
 2435.8901094  2452.79185318 2469.81087194 2486.9479794  2504.20399492
 2521.57974359 2539.07605616 2556.69376921 2574.43372507 2592.29677195
 2610.28376392 2628.39556101 2646.63302918 2664.99704042 2683.48847277
 2702.10821035 2720.85714343 2739.73616845 2758.74618806 2777.8881112
 2797.16285308 2816.5713353  2836.11448582 2855.79323906 2875.60853592
 2895.56132382 2915.65255676 2935.88319537 2956.25420692 2976.76656541
 2997.42125159 3018.21925304 3039.16156415 3060.24918624 3081.48312757
 3102.86440339 3124.394036   3146.07305481 3167.90249633 3189.8834043
 3212.0168297  3234.30383077 3256.74547314 3279.34282979 3302.09698117
 3325.00901522 3348.08002743 3371.31112089 3394.70340635 3418.25800226
 3441.97603482 3465.85863808 3489.90695392 3514.12213215 3538.50533059
 3563.05771506 3587.78045947 3612.67474589 3637.7417646  3662.98271411
 3688.39880126 3713.99124128 3739.76125781 3765.71008299 3791.8389575
 3818.14913064 3844.64186038 3871.31841341 3898.1800652  3925.2281001
 3952.46381135 3979.88850116 4007.50348078 4035.31007057 4063.30960005
 4091.50340793 4119.89284226 4148.47926042 4177.26402919 4206.24852487
 4235.43413328 4264.82224987 4294.41427977 4324.21163787 4354.21574885
 4384.42804729 4414.84997775 4445.48299476 4476.328563   4507.38815726
 4538.66326261 4570.15537438 4601.86599831 4633.79665057 4665.94885787
 4698.32415748 4730.92409736 4763.75023621 4796.80414355 4830.08739976
 4863.60159623 4897.34833535 4931.32923066 4965.54590687 5000.        ], psd_array=[2.10299107e-46 1.96837741e-46 1.84459711e-46 1.73057372e-46
 1.62535442e-46 1.52809456e-46 1.43804429e-46 1.35453690e-46
 1.27697868e-46 1.20484006e-46 1.13764794e-46 1.07497892e-46
 1.01645346e-46 9.61730740e-47 9.10504157e-47 8.62497410e-47
 8.17461054e-47 7.75169472e-47 7.35418232e-47 6.98021755e-47
 6.62811268e-47 6.29632999e-47 5.98346593e-47 5.68823705e-47
 5.40647644e-47 5.13761284e-47 4.88381672e-47 4.64411231e-47
 4.41759989e-47 4.20344868e-47 4.00089039e-47 3.80921359e-47
 3.62775856e-47 3.45591277e-47 3.29310676e-47 3.13881052e-47
 2.99253013e-47 2.85380482e-47 2.72220430e-47 2.59732631e-47
 2.47879449e-47 2.36625631e-47 2.25779299e-47 2.15477968e-47
 2.05695888e-47 1.96404873e-47 1.87578417e-47 1.79191585e-47
 1.71220901e-47 1.63644251e-47 1.56440795e-47 1.49590885e-47
 1.43075985e-47 1.36878602e-47 1.30982223e-47 1.25371250e-47
 1.20030949e-47 1.14947394e-47 1.10107421e-47 1.05498579e-47
 1.01109093e-47 9.69278226e-48 9.29442239e-48 8.91483167e-48
 8.55306523e-48 8.20822832e-48 7.87947347e-48 7.56599790e-48
 7.26704097e-48 6.98188191e-48 6.70983758e-48 6.45026043e-48
 6.20253654e-48 5.96608380e-48 5.74035018e-48 5.52481212e-48
 5.31897300e-48 5.12236164e-48 4.93453101e-48 4.75505690e-48
 4.58353673e-48 4.41958835e-48 4.26284903e-48 4.11297439e-48
 3.96963741e-48 3.83252756e-48 3.70134993e-48 3.57582438e-48
 3.45568479e-48 3.34067832e-48 3.23056473e-48 3.12511571e-48
 3.02411424e-48 2.92735407e-48 2.83463910e-48 2.74578286e-48
 2.66060808e-48 2.57894612e-48 2.50063659e-48 2.42552693e-48
 2.35347196e-48 2.28608924e-48 2.22187310e-48 2.16012273e-48
 2.10073239e-48 2.04360120e-48 1.98863292e-48 1.93573571e-48
 1.88482194e-48 1.83580798e-48 1.78861398e-48 1.74316371e-48
 1.69938440e-48 1.65720653e-48 1.61656373e-48 1.57739257e-48
 1.53963246e-48 1.50322552e-48 1.46811641e-48 1.43425225e-48
 1.40158250e-48 1.37005881e-48 1.33963498e-48 1.31026681e-48
 1.28191200e-48 1.25453014e-48 1.22808251e-48 1.20253210e-48
 1.17784346e-48 1.15398268e-48 1.13091728e-48 1.10861617e-48
 1.08704960e-48 1.06618903e-48 1.04600716e-48 1.02647784e-48
 1.00757598e-48 9.89277575e-49 9.71559599e-49 9.54399988e-49
 9.37777588e-49 9.21672120e-49 9.06064137e-49 8.90934989e-49
 8.76266788e-49 8.62042376e-49 8.48245290e-49 8.34859737e-49
 8.21870557e-49 8.09263203e-49 7.97023713e-49 7.85138680e-49
 7.73595235e-49 7.62381019e-49 7.51484165e-49 7.40893276e-49
 7.30597401e-49 7.20586023e-49 7.10849037e-49 7.01376732e-49
 6.92159776e-49 6.83189201e-49 6.74456387e-49 6.65953047e-49
 6.57671212e-49 6.49603222e-49 6.41741711e-49 6.34079593e-49
 6.26610054e-49 6.19326540e-49 6.12222743e-49 6.05292597e-49
 5.98530263e-49 5.91930124e-49 5.85486773e-49 5.79195006e-49
 5.73049812e-49 5.67046369e-49 5.61180034e-49 5.55446336e-49
 5.49840968e-49 5.44359785e-49 5.38998793e-49 5.33754143e-49
 5.28622131e-49 5.23599184e-49 5.18681863e-49 5.13866853e-49
 5.09150957e-49 5.04531096e-49 5.00004302e-49 4.95567713e-49
 4.91218570e-49 4.86954213e-49 4.82772077e-49 4.78669689e-49
 4.74644662e-49 4.70694695e-49 4.66817569e-49 4.63011142e-49
 4.59273348e-49 4.55602192e-49 4.51995751e-49 4.48452167e-49
 4.44969649e-49 4.41546465e-49 4.38180946e-49 4.34871478e-49
 4.31616505e-49 4.28414523e-49 4.25264078e-49 4.22163769e-49
 4.19112239e-49 4.16108179e-49 4.13150325e-49 4.10237453e-49
 4.07368383e-49 4.04541972e-49 4.01757117e-49 3.99012751e-49
 3.96307841e-49 3.93641390e-49 3.91012434e-49 3.88420040e-49
 3.85863305e-49 3.83341355e-49 3.80853346e-49 3.78398461e-49
 3.75975909e-49 3.73584923e-49 3.71224763e-49 3.68894712e-49
 3.66594074e-49 3.64322178e-49 3.62078371e-49 3.59862022e-49
 3.57672521e-49 3.55509275e-49 3.53371710e-49 3.51259271e-49
 3.49171417e-49 3.47107627e-49 3.45067394e-49 3.43050227e-49
 3.41055649e-49 3.39083199e-49 3.37132428e-49 3.35202902e-49
 3.33294199e-49 3.31405909e-49 3.29537634e-49 3.27688990e-49
 3.25859601e-49 3.24049105e-49 3.22257146e-49 3.20483384e-49
 3.18727483e-49 3.16989121e-49 3.15267982e-49 3.13563760e-49
 3.11876159e-49 3.10204889e-49 3.08549668e-49 3.06910224e-49
 3.05286290e-49 3.03677608e-49 3.02083925e-49 3.00504997e-49
 2.98940584e-49 2.97390455e-49 2.95854384e-49 2.94332149e-49
 2.92823538e-49 2.91328339e-49 2.89846350e-49 2.88377373e-49
 2.86921213e-49 2.85477682e-49 2.84046596e-49 2.82627776e-49
 2.81221047e-49 2.79826237e-49 2.78443181e-49 2.77071715e-49
 2.75711681e-49 2.74362924e-49 2.73025293e-49 2.71698639e-49
 2.70382819e-49 2.69077691e-49 2.67783117e-49 2.66498963e-49
 2.65225097e-49 2.63961391e-49 2.62707717e-49 2.61463954e-49
 2.60229980e-49 2.59005678e-49 2.57790931e-49 2.56585629e-49
 2.55389658e-49 2.54202913e-49 2.53025285e-49 2.51856672e-49
 2.50696972e-49 2.49546085e-49 2.48403913e-49 2.47270361e-49
 2.46145335e-49 2.45028742e-49 2.43920492e-49 2.42820497e-49
 2.41728670e-49 2.40644925e-49 2.39569179e-49 2.38501350e-49
 2.37441358e-49 2.36389122e-49 2.35344565e-49 2.34307611e-49
 2.33278186e-49 2.32256214e-49 2.31241624e-49 2.30234344e-49
 2.29234306e-49 2.28241439e-49 2.27255676e-49 2.26276951e-49
 2.25305198e-49 2.24340353e-49 2.23382352e-49 2.22431134e-49
 2.21486637e-49 2.20548801e-49 2.19617565e-49 2.18692873e-49
 2.17774665e-49 2.16862886e-49 2.15957480e-49 2.15058391e-49
 2.14165565e-49 2.13278950e-49 2.12398491e-49 2.11524138e-49
 2.10655839e-49 2.09793544e-49 2.08937202e-49 2.08086766e-49
 2.07242187e-49 2.06403417e-49 2.05570408e-49 2.04743116e-49
 2.03921493e-49 2.03105495e-49 2.02295077e-49 2.01490195e-49
 2.00690806e-49 1.99896867e-49 1.99108336e-49 1.98325171e-49
 1.97547330e-49 1.96774773e-49 1.96007460e-49 1.95245352e-49
 1.94488408e-49 1.93736590e-49 1.92989860e-49 1.92248180e-49
 1.91511513e-49 1.90779822e-49 1.90053071e-49 1.89331222e-49
 1.88614242e-49 1.87902093e-49 1.87194743e-49 1.86492156e-49
 1.85794299e-49 1.85101137e-49 1.84412638e-49 1.83728769e-49
 1.83049497e-49 1.82374790e-49 1.81704616e-49 1.81038945e-49
 1.80377744e-49 1.79720984e-49 1.79068634e-49 1.78420663e-49
 1.77777042e-49 1.77137743e-49 1.76502734e-49 1.75871989e-49
 1.75245478e-49 1.74623173e-49 1.74005047e-49 1.73391072e-49
 1.72781220e-49 1.72175465e-49 1.71573780e-49 1.70976138e-49
 1.70382514e-49 1.69792882e-49 1.69207215e-49 1.68625490e-49
 1.68047680e-49 1.67473760e-49 1.66903708e-49 1.66337497e-49
 1.65775104e-49 1.65216506e-49 1.64661679e-49 1.64110599e-49
 1.63563244e-49 1.63019591e-49 1.62479617e-49 1.61943300e-49
 1.61410618e-49 1.60881549e-49 1.60356072e-49 1.59834164e-49
 1.59315806e-49 1.58800976e-49 1.58289653e-49 1.57781817e-49
 1.57277448e-49 1.56776525e-49 1.56279029e-49 1.55784940e-49
 1.55294238e-49 1.54806906e-49 1.54322923e-49 1.53842270e-49
 1.53364930e-49 1.52890884e-49 1.52420113e-49 1.51952600e-49
 1.51488328e-49 1.51027277e-49 1.50569432e-49 1.50114774e-49
 1.49663288e-49 1.49214956e-49 1.48769761e-49 1.48327688e-49
 1.47888719e-49 1.47452840e-49 1.47020034e-49 1.46590286e-49
 1.46163580e-49 1.45739901e-49 1.45319234e-49 1.44901564e-49
 1.44486877e-49 1.44075158e-49 1.43666392e-49 1.43260566e-49
 1.42857666e-49 1.42457678e-49 1.42060589e-49 1.41666385e-49
 1.41275052e-49 1.40886579e-49 1.40500952e-49 1.40118159e-49
 1.39738187e-49 1.39361024e-49 1.38986658e-49 1.38615077e-49
 1.38246270e-49 1.37880225e-49 1.37516930e-49 1.37156376e-49
 1.36798550e-49 1.36443443e-49 1.36091043e-49 1.35741341e-49
 1.35394326e-49 1.35049989e-49 1.34708320e-49 1.34369309e-49
 1.34032948e-49 1.33699228e-49 1.33368139e-49 1.33039673e-49
 1.32713823e-49 1.32390580e-49 1.32069936e-49 1.31751885e-49
 1.31436419e-49 1.31123532e-49 1.30813217e-49 1.30505469e-49
 1.30200282e-49 1.29897652e-49 1.29597574e-49 1.29300045e-49
 1.29005062e-49 1.28712622e-49 1.28422727e-49 1.28135375e-49
 1.27850570e-49 1.27568315e-49 1.27288617e-49 1.27011485e-49
 1.26736935e-49 1.26464985e-49 1.26195660e-49 1.25928998e-49
 1.25665047e-49 1.25403874e-49 1.25145573e-49 1.24890280e-49
 1.24638188e-49 1.24389587e-49 1.24144924e-49 1.23904916e-49
 1.23670771e-49 1.23444654e-49 1.23230782e-49 1.23038286e-49
 1.22890191e-49 1.22859669e-49 1.23296354e-49 1.28850973e-49
 1.46145872e-49 1.23055125e-49 1.21775673e-49 1.21296553e-49
 1.20978668e-49 1.20714855e-49 1.20475079e-49 1.20248298e-49
 1.20029692e-49 1.19816893e-49 1.19608628e-49 1.19404165e-49
 1.19203060e-49 1.19005033e-49 1.18809899e-49 1.18617533e-49
 1.18427849e-49 1.18240787e-49 1.18056304e-49 1.17874368e-49
 1.17694957e-49 1.17518055e-49 1.17343650e-49 1.17171735e-49
 1.17002304e-49 1.16835354e-49 1.16670884e-49 1.16508894e-49
 1.16349385e-49 1.16192360e-49 1.16037822e-49 1.15885774e-49
 1.15736222e-49 1.15589170e-49 1.15444623e-49 1.15302589e-49
 1.15163073e-49 1.15026083e-49 1.14891626e-49 1.14759710e-49
 1.14630342e-49 1.14503533e-49 1.14379291e-49 1.14257624e-49
 1.14138543e-49 1.14022059e-49 1.13908180e-49 1.13796919e-49
 1.13688286e-49 1.13582293e-49 1.13478952e-49 1.13378274e-49
 1.13280273e-49 1.13184962e-49 1.13092354e-49 1.13002462e-49
 1.12915300e-49 1.12830884e-49 1.12749228e-49 1.12670346e-49
 1.12594256e-49 1.12520972e-49 1.12450512e-49 1.12382892e-49
 1.12318128e-49 1.12256240e-49 1.12197245e-49 1.12141162e-49
 1.12088008e-49 1.12037805e-49 1.11990571e-49 1.11946327e-49
 1.11905094e-49 1.11866893e-49 1.11831745e-49 1.11799674e-49
 1.11770700e-49 1.11744849e-49 1.11722143e-49 1.11702608e-49
 1.11686267e-49 1.11673147e-49 1.11663274e-49 1.11656675e-49
 1.11653379e-49 1.11653414e-49 1.11656811e-49 1.11663602e-49
 1.11673821e-49 1.11687506e-49 1.11704700e-49 1.11725453e-49
 1.11749829e-49 1.11777920e-49 1.11809868e-49 1.11845942e-49
 1.11886743e-49 1.11933996e-49 1.11994856e-49 1.12134260e-49
 1.20494615e-49 1.12200582e-49 1.12208720e-49 1.12263057e-49
 1.12328212e-49 1.12399403e-49 1.12475437e-49 1.12555926e-49
 1.12640730e-49 1.12729805e-49 1.12823148e-49 1.12920779e-49
 1.13022725e-49 1.13129023e-49 1.13239713e-49 1.13354838e-49
 1.13474443e-49 1.13598575e-49 1.13727281e-49 1.13860612e-49
 1.13998618e-49 1.14141351e-49 1.14288865e-49 1.14441212e-49
 1.14598448e-49 1.14760629e-49 1.14927812e-49 1.15100056e-49
 1.15277419e-49 1.15459961e-49 1.15647745e-49 1.15840831e-49
 1.16039285e-49 1.16243170e-49 1.16452552e-49 1.16667499e-49
 1.16888077e-49 1.17114358e-49 1.17346410e-49 1.17584306e-49
 1.17828119e-49 1.18077923e-49 1.18333794e-49 1.18595809e-49
 1.18864046e-49 1.19138585e-49 1.19419509e-49 1.19706898e-49
 1.20000840e-49 1.20301420e-49 1.20608729e-49 1.20922861e-49
 1.21243914e-49 1.21571999e-49 1.21907251e-49 1.22249873e-49
 1.22600320e-49 1.22960534e-49 1.23362877e-49 1.23744985e-49
 1.24076201e-49 1.24460066e-49 1.24854369e-49 1.25257217e-49
 1.25668353e-49 1.26087783e-49 1.26515580e-49 1.26951842e-49
 1.27396680e-49 1.27850208e-49 1.28312545e-49 1.28783815e-49
 1.29264143e-49 1.29753657e-49 1.30252488e-49 1.30760768e-49
 1.31278634e-49 1.31806223e-49 1.32343675e-49 1.32891134e-49
 1.33448745e-49 1.34016656e-49 1.34595018e-49 1.35183984e-49
 1.35783711e-49 1.36394358e-49 1.37016086e-49 1.37649060e-49
 1.38293449e-49 1.38949422e-49 1.39617155e-49 1.40296824e-49
 1.40988610e-49 1.41692698e-49 1.42409278e-49 1.43138546e-49
 1.43880710e-49 1.44636007e-49 1.45404790e-49 1.46188340e-49
 1.47150825e-49 1.47794680e-49 1.48615364e-49 1.49452807e-49
 1.50305098e-49 1.51172245e-49 1.52054429e-49 1.52951869e-49
 1.53864799e-49 1.54793503e-49 1.55738101e-49 1.56698974e-49
 1.57676338e-49 1.58670455e-49 1.59681596e-49 1.60710032e-49
 1.61756043e-49 1.62819912e-49 1.63901929e-49 1.65002389e-49
 1.66121592e-49 1.67259844e-49 1.68417458e-49 1.69594751e-49
 1.70792047e-49 1.72009678e-49 1.73247980e-49 1.74507299e-49
 1.75787987e-49 1.77090411e-49 1.78414969e-49 1.79762222e-49
 1.81137580e-49 1.82526907e-49 1.83941335e-49 1.85381700e-49
 1.86846633e-49 1.88336434e-49 1.89851501e-49 1.91392262e-49
 1.92959154e-49 1.94552627e-49 1.96173138e-49 1.97821155e-49
 1.99497155e-49 2.01201626e-49 2.02935063e-49 2.04697974e-49
 2.06490875e-49 2.08314295e-49 2.10168771e-49 2.12054852e-49
 2.13973099e-49 2.15924085e-49 2.17908394e-49 2.19926624e-49
 2.21979391e-49 2.24067354e-49 2.26191573e-49 2.28357120e-49
 2.30548363e-49 2.32783127e-49 2.35056460e-49 2.37368960e-49
 2.39721329e-49 2.42114295e-49 2.44548602e-49 2.47025014e-49
 2.49544309e-49 2.52107281e-49 2.54714745e-49 2.57367529e-49
 2.60066481e-49 2.62812467e-49 2.65606371e-49 2.68449097e-49
 2.71341569e-49 2.74284731e-49 2.77279548e-49 2.80327016e-49
 2.83428227e-49 2.86702759e-49 2.89795459e-49 2.93063588e-49
 2.96389722e-49 2.99774883e-49 3.03220207e-49 3.06726863e-49
 3.10296046e-49 3.13928982e-49 3.17626922e-49 3.21391146e-49
 3.25222962e-49 3.29123708e-49 3.33094753e-49 3.37137496e-49
 3.41253369e-49 3.45443835e-49 3.49710396e-49 3.54054602e-49
 3.58478706e-49 3.62982244e-49 3.67568646e-49 3.72239300e-49
 3.76995786e-49 3.81839847e-49 3.86773277e-49 3.91797914e-49
 3.96915637e-49 4.02128371e-49 4.07438083e-49 4.12846791e-49
 4.18356557e-49 4.23969493e-49 4.29687760e-49 4.35513574e-49
 4.41449210e-49 4.47497321e-49 4.53659287e-49 4.59938366e-49
 4.66336957e-49 4.72857527e-49 4.79502681e-49 4.86275091e-49
 4.93177495e-49 5.00212696e-49 5.07383568e-49 5.14693053e-49
 5.22144164e-49 5.29739990e-49 5.37483695e-49 5.45378525e-49
 5.53427863e-49 5.61635041e-49 5.70003317e-49 5.78536640e-49
 5.87238533e-49 5.96112742e-49 6.05163113e-49 6.14393588e-49
 6.23808208e-49 6.33411114e-49 6.43206553e-49 6.53198877e-49
 6.63392552e-49 6.73792156e-49 6.84402510e-49 6.95228038e-49
 7.06274001e-49 7.17545416e-49 7.29047441e-49 7.40785396e-49
 7.52764737e-49 7.64991063e-49 7.77470117e-49 7.90207788e-49
 8.03210121e-49 8.16483315e-49 8.30033740e-49 8.43870163e-49
 8.57992500e-49 8.72414414e-49 8.87140703e-49 9.02178597e-49
 9.17535523e-49 9.33219104e-49 9.49237165e-49 9.65597737e-49
 9.82309064e-49 9.99379612e-49 1.01681810e-48 1.03463337e-48
 1.05283461e-48 1.07143127e-48 1.09043298e-48 1.10984966e-48
 1.12969149e-48 1.14996892e-48 1.17069271e-48 1.19187389e-48
 1.21352379e-48 1.23565421e-48 1.25827664e-48 1.28140382e-48
 1.30504825e-48 1.32922288e-48 1.35394104e-48 1.37921643e-48
 1.40506312e-48 1.43149557e-48 1.45852865e-48 1.48617781e-48
 1.51445821e-48 1.54338654e-48 1.57297920e-48 1.60325326e-48
 1.63422626e-48 1.66591621e-48 1.69834165e-48 1.73152166e-48
 1.76547583e-48 1.80022430e-48 1.83578780e-48 1.87218768e-48
 1.90944584e-48 1.94758483e-48 1.98662787e-48 2.02659881e-48
 2.06752221e-48 2.10942336e-48 2.15232811e-48 2.19626333e-48
 2.24125651e-48 2.28733593e-48 2.33453073e-48 2.38287089e-48
 2.43238726e-48 2.48311160e-48 2.53507657e-48 2.58831581e-48
 2.64286396e-48 2.69875664e-48 2.75603054e-48 2.81472343e-48
 2.87487418e-48 2.93652283e-48 2.99971053e-48 3.06447974e-48
 3.13087413e-48 3.19893866e-48 3.26871960e-48 3.34026461e-48
 3.41362277e-48 3.48884458e-48 3.56598202e-48 3.64508865e-48
 3.72621957e-48 3.80943150e-48 3.89478283e-48 3.98233367e-48
 4.07214585e-48 4.16428301e-48 4.25881064e-48 4.35579612e-48
 4.45530874e-48 4.55741977e-48 4.66220249e-48 4.76973222e-48
 4.88008639e-48 4.99334456e-48 5.10958841e-48 5.22890183e-48
 5.35137092e-48 5.47708398e-48 5.60613151e-48 5.73860632e-48
 5.87460338e-48 6.01421989e-48 6.15755518e-48 6.30471131e-48
 6.45579005e-48 6.61089861e-48 6.77014372e-48 6.93363439e-48
 7.10148115e-48 7.27379587e-48 7.45069136e-48 7.63228131e-48
 7.81867970e-48 8.01000045e-48 8.20635691e-48 8.40786123e-48
 8.61462367e-48 8.82675177e-48 9.04434940e-48 9.26751560e-48], asd_array=[1.45016932e-23 1.40298874e-23 1.35815946e-23 1.31551272e-23
 1.27489389e-23 1.23616122e-23 1.19918484e-23 1.16384574e-23
 1.13003481e-23 1.09765207e-23 1.06660580e-23 1.03681190e-23
 1.00819317e-23 9.80678714e-24 9.54203415e-24 9.28707387e-24
 9.04135528e-24 8.80437091e-24 8.57565293e-24 8.35476962e-24
 8.14132218e-24 7.93494171e-24 7.73528663e-24 7.54204021e-24
 7.35287457e-24 7.16771431e-24 6.98843095e-24 6.81477241e-24
 6.64650276e-24 6.48340087e-24 6.32525920e-24 6.17188269e-24
 6.02308772e-24 5.87870119e-24 5.73855972e-24 5.60250883e-24
 5.47040230e-24 5.34210148e-24 5.21747477e-24 5.09639707e-24
 4.97874933e-24 4.86441806e-24 4.75162392e-24 4.64196045e-24
 4.53537086e-24 4.43175893e-24 4.33103241e-24 4.23310271e-24
 4.13788473e-24 4.04529666e-24 3.95525973e-24 3.86769809e-24
 3.78253863e-24 3.69971083e-24 3.61914662e-24 3.54078028e-24
 3.46454830e-24 3.39038928e-24 3.31824382e-24 3.24805448e-24
 3.17976561e-24 3.11332335e-24 3.04867551e-24 2.98577154e-24
 2.92456240e-24 2.86500058e-24 2.80703998e-24 2.75063591e-24
 2.69574498e-24 2.64232510e-24 2.59033542e-24 2.53973629e-24
 2.49048922e-24 2.44255682e-24 2.39590279e-24 2.35049189e-24
 2.30628988e-24 2.26326349e-24 2.22138043e-24 2.18060930e-24
 2.14091960e-24 2.10228170e-24 2.06466681e-24 2.02804694e-24
 1.99239489e-24 1.95768423e-24 1.92388927e-24 1.89098503e-24
 1.85894723e-24 1.82775226e-24 1.79737718e-24 1.76779968e-24
 1.73899806e-24 1.71095122e-24 1.68363865e-24 1.65704039e-24
 1.63113705e-24 1.60590975e-24 1.58134013e-24 1.55741033e-24
 1.53410298e-24 1.51198189e-24 1.49059488e-24 1.46973560e-24
 1.44939035e-24 1.42954580e-24 1.41018897e-24 1.39130719e-24
 1.37288818e-24 1.35491992e-24 1.33739073e-24 1.32028925e-24
 1.30360439e-24 1.28732534e-24 1.27144159e-24 1.25594290e-24
 1.24081927e-24 1.22606098e-24 1.21165854e-24 1.19760271e-24
 1.18388450e-24 1.17049512e-24 1.15742602e-24 1.14466886e-24
 1.13221553e-24 1.12005810e-24 1.10818884e-24 1.09660024e-24
 1.08528497e-24 1.07423586e-24 1.06344594e-24 1.05290844e-24
 1.04261671e-24 1.03256430e-24 1.02274492e-24 1.01315243e-24
 1.00378084e-24 9.94624339e-25 9.85677229e-25 9.76933973e-25
 9.68389172e-25 9.60037562e-25 9.51874013e-25 9.43893526e-25
 9.36091228e-25 9.28462372e-25 9.21002329e-25 9.13706592e-25
 9.06570768e-25 8.99590575e-25 8.92761845e-25 8.86080515e-25
 8.79542628e-25 8.73144329e-25 8.66881864e-25 8.60751576e-25
 8.54749906e-25 8.48873385e-25 8.43118637e-25 8.37482377e-25
 8.31961403e-25 8.26552601e-25 8.21252938e-25 8.16059463e-25
 8.10969304e-25 8.05979666e-25 8.01087830e-25 7.96291149e-25
 7.91587048e-25 7.86973023e-25 7.82446639e-25 7.78005525e-25
 7.73647376e-25 7.69369953e-25 7.65171074e-25 7.61048622e-25
 7.57000536e-25 7.53024813e-25 7.49119506e-25 7.45282722e-25
 7.41512622e-25 7.37807417e-25 7.34165371e-25 7.30584795e-25
 7.27064049e-25 7.23601537e-25 7.20195712e-25 7.16845069e-25
 7.13548146e-25 7.10303524e-25 7.07109823e-25 7.03965704e-25
 7.00869866e-25 6.97821047e-25 6.94818017e-25 6.91859587e-25
 6.88944600e-25 6.86071932e-25 6.83240492e-25 6.80449221e-25
 6.77697091e-25 6.74983105e-25 6.72306292e-25 6.69665713e-25
 6.67060453e-25 6.64489627e-25 6.61952374e-25 6.59447859e-25
 6.56975270e-25 6.54533821e-25 6.52122748e-25 6.49741309e-25
 6.47388785e-25 6.45064477e-25 6.42767707e-25 6.40497817e-25
 6.38254168e-25 6.36036141e-25 6.33843133e-25 6.31674561e-25
 6.29529857e-25 6.27408472e-25 6.25309871e-25 6.23233536e-25
 6.21178963e-25 6.19145665e-25 6.17133167e-25 6.15141009e-25
 6.13168744e-25 6.11215938e-25 6.09282171e-25 6.07367032e-25
 6.05470127e-25 6.03591068e-25 6.01729483e-25 5.99885008e-25
 5.98057289e-25 5.96245985e-25 5.94450764e-25 5.92671301e-25
 5.90907283e-25 5.89158406e-25 5.87424373e-25 5.85704897e-25
 5.83999699e-25 5.82308508e-25 5.80631060e-25 5.78967099e-25
 5.77316377e-25 5.75678650e-25 5.74053686e-25 5.72441255e-25
 5.70841135e-25 5.69253111e-25 5.67676974e-25 5.66112519e-25
 5.64559548e-25 5.63017869e-25 5.61487294e-25 5.59967642e-25
 5.58458735e-25 5.56960402e-25 5.55472473e-25 5.53994787e-25
 5.52527185e-25 5.51069513e-25 5.49621620e-25 5.48183361e-25
 5.46754592e-25 5.45335177e-25 5.43924980e-25 5.42523870e-25
 5.41131719e-25 5.39748403e-25 5.38373802e-25 5.37007796e-25
 5.35650271e-25 5.34301116e-25 5.32960220e-25 5.31627479e-25
 5.30302788e-25 5.28986046e-25 5.27677156e-25 5.26376021e-25
 5.25082547e-25 5.23796644e-25 5.22518222e-25 5.21247196e-25
 5.19983479e-25 5.18726991e-25 5.17477649e-25 5.16235376e-25
 5.15000095e-25 5.13771730e-25 5.12550210e-25 5.11335461e-25
 5.10127415e-25 5.08926004e-25 5.07731161e-25 5.06542820e-25
 5.05360919e-25 5.04185395e-25 5.03016188e-25 5.01853238e-25
 5.00696487e-25 4.99545879e-25 4.98401358e-25 4.97262869e-25
 4.96130360e-25 4.95003779e-25 4.93883075e-25 4.92768198e-25
 4.91659099e-25 4.90555731e-25 4.89458047e-25 4.88366001e-25
 4.87279548e-25 4.86198644e-25 4.85123247e-25 4.84053315e-25
 4.82988805e-25 4.81929677e-25 4.80875892e-25 4.79827411e-25
 4.78784195e-25 4.77746207e-25 4.76713411e-25 4.75685769e-25
 4.74663247e-25 4.73645809e-25 4.72633423e-25 4.71626053e-25
 4.70623668e-25 4.69626235e-25 4.68633722e-25 4.67646098e-25
 4.66663332e-25 4.65685394e-25 4.64712255e-25 4.63743885e-25
 4.62780256e-25 4.61821340e-25 4.60867108e-25 4.59917534e-25
 4.58972591e-25 4.58032252e-25 4.57096491e-25 4.56165284e-25
 4.55238604e-25 4.54316428e-25 4.53398730e-25 4.52485487e-25
 4.51576674e-25 4.50672270e-25 4.49772250e-25 4.48876592e-25
 4.47985275e-25 4.47098275e-25 4.46215571e-25 4.45337143e-25
 4.44462968e-25 4.43593027e-25 4.42727298e-25 4.41865762e-25
 4.41008399e-25 4.40155189e-25 4.39306112e-25 4.38461150e-25
 4.37620284e-25 4.36783496e-25 4.35950766e-25 4.35122077e-25
 4.34297411e-25 4.33476751e-25 4.32660078e-25 4.31847376e-25
 4.31038628e-25 4.30233817e-25 4.29432926e-25 4.28635940e-25
 4.27842841e-25 4.27053615e-25 4.26268245e-25 4.25486715e-25
 4.24709011e-25 4.23935118e-25 4.23165019e-25 4.22398701e-25
 4.21636149e-25 4.20877349e-25 4.20122285e-25 4.19370944e-25
 4.18623313e-25 4.17879377e-25 4.17139122e-25 4.16402536e-25
 4.15669605e-25 4.14940315e-25 4.14214654e-25 4.13492610e-25
 4.12774169e-25 4.12059318e-25 4.11348046e-25 4.10640341e-25
 4.09936190e-25 4.09235581e-25 4.08538502e-25 4.07844942e-25
 4.07154890e-25 4.06468334e-25 4.05785262e-25 4.05105664e-25
 4.04429529e-25 4.03756846e-25 4.03087605e-25 4.02421794e-25
 4.01759403e-25 4.01100423e-25 4.00444842e-25 3.99792652e-25
 3.99143841e-25 3.98498401e-25 3.97856322e-25 3.97217594e-25
 3.96582208e-25 3.95950154e-25 3.95321424e-25 3.94696009e-25
 3.94073900e-25 3.93455087e-25 3.92839563e-25 3.92227320e-25
 3.91618348e-25 3.91012639e-25 3.90410186e-25 3.89810980e-25
 3.89215015e-25 3.88622281e-25 3.88032772e-25 3.87446479e-25
 3.86863397e-25 3.86283517e-25 3.85706833e-25 3.85133337e-25
 3.84563024e-25 3.83995885e-25 3.83431916e-25 3.82871109e-25
 3.82313458e-25 3.81758956e-25 3.81207599e-25 3.80659381e-25
 3.80114294e-25 3.79572335e-25 3.79033497e-25 3.78497776e-25
 3.77965166e-25 3.77435661e-25 3.76909258e-25 3.76385952e-25
 3.75865737e-25 3.75348610e-25 3.74834566e-25 3.74323602e-25
 3.73815712e-25 3.73310894e-25 3.72809144e-25 3.72310458e-25
 3.71814833e-25 3.71322265e-25 3.70832752e-25 3.70346292e-25
 3.69862880e-25 3.69382515e-25 3.68905195e-25 3.68430917e-25
 3.67959680e-25 3.67491481e-25 3.67026320e-25 3.66564195e-25
 3.66105105e-25 3.65649050e-25 3.65196028e-25 3.64746039e-25
 3.64299084e-25 3.63855163e-25 3.63414276e-25 3.62976425e-25
 3.62541610e-25 3.62109834e-25 3.61681099e-25 3.61255407e-25
 3.60832762e-25 3.60413169e-25 3.59996631e-25 3.59583154e-25
 3.59172746e-25 3.58765414e-25 3.58361168e-25 3.57960019e-25
 3.57561980e-25 3.57167068e-25 3.56775303e-25 3.56386708e-25
 3.56001313e-25 3.55619157e-25 3.55240286e-25 3.54864760e-25
 3.54492661e-25 3.54124093e-25 3.53759202e-25 3.53398189e-25
 3.53041340e-25 3.52689079e-25 3.52342055e-25 3.52001301e-25
 3.51668552e-25 3.51346914e-25 3.51042422e-25 3.50768138e-25
 3.50556972e-25 3.50513436e-25 3.51135806e-25 3.58958178e-25
 3.82290299e-25 3.50792139e-25 3.48963713e-25 3.48276547e-25
 3.47819878e-25 3.47440434e-25 3.47095202e-25 3.46768363e-25
 3.46453016e-25 3.46145769e-25 3.45844804e-25 3.45549078e-25
 3.45257962e-25 3.44971061e-25 3.44688118e-25 3.44408961e-25
 3.44133476e-25 3.43861582e-25 3.43593225e-25 3.43328368e-25
 3.43066986e-25 3.42809065e-25 3.42554595e-25 3.42303571e-25
 3.42055995e-25 3.41811869e-25 3.41571199e-25 3.41333991e-25
 3.41100257e-25 3.40870005e-25 3.40643247e-25 3.40419997e-25
 3.40200267e-25 3.39984073e-25 3.39771428e-25 3.39562349e-25
 3.39356852e-25 3.39154954e-25 3.38956672e-25 3.38762025e-25
 3.38571030e-25 3.38383707e-25 3.38200075e-25 3.38020153e-25
 3.37843963e-25 3.37671525e-25 3.37502860e-25 3.37337990e-25
 3.37176936e-25 3.37019722e-25 3.36866371e-25 3.36716905e-25
 3.36571350e-25 3.36429728e-25 3.36292066e-25 3.36158388e-25
 3.36028719e-25 3.35903087e-25 3.35781518e-25 3.35664038e-25
 3.35550676e-25 3.35441459e-25 3.35336416e-25 3.35235576e-25
 3.35138969e-25 3.35046624e-25 3.34958572e-25 3.34874845e-25
 3.34795472e-25 3.34720488e-25 3.34649923e-25 3.34583812e-25
 3.34522188e-25 3.34465085e-25 3.34412538e-25 3.34364582e-25
 3.34321253e-25 3.34282589e-25 3.34248625e-25 3.34219400e-25
 3.34194953e-25 3.34175324e-25 3.34160551e-25 3.34150678e-25
 3.34145745e-25 3.34145798e-25 3.34150880e-25 3.34161042e-25
 3.34176332e-25 3.34196808e-25 3.34222531e-25 3.34253576e-25
 3.34290038e-25 3.34332050e-25 3.34379825e-25 3.34433763e-25
 3.34494758e-25 3.34565384e-25 3.34656326e-25 3.34864539e-25
 3.47123342e-25 3.34963553e-25 3.34975701e-25 3.35056797e-25
 3.35154013e-25 3.35260202e-25 3.35373579e-25 3.35493556e-25
 3.35619919e-25 3.35752595e-25 3.35891572e-25 3.36036871e-25
 3.36188526e-25 3.36346582e-25 3.36511090e-25 3.36682103e-25
 3.36859679e-25 3.37043876e-25 3.37234757e-25 3.37432381e-25
 3.37636814e-25 3.37848119e-25 3.38066361e-25 3.38291608e-25
 3.38523925e-25 3.38763382e-25 3.39010048e-25 3.39263991e-25
 3.39525284e-25 3.39793998e-25 3.40070205e-25 3.40353979e-25
 3.40645395e-25 3.40944526e-25 3.41251450e-25 3.41566243e-25
 3.41888984e-25 3.42219750e-25 3.42558622e-25 3.42905681e-25
 3.43261007e-25 3.43624683e-25 3.43996794e-25 3.44377422e-25
 3.44766655e-25 3.45164577e-25 3.45571278e-25 3.45986847e-25
 3.46411374e-25 3.46844951e-25 3.47287675e-25 3.47739645e-25
 3.48200968e-25 3.48671764e-25 3.49152189e-25 3.49642493e-25
 3.50143285e-25 3.50657289e-25 3.51230518e-25 3.51774053e-25
 3.52244519e-25 3.52788983e-25 3.53347378e-25 3.53916963e-25
 3.54497324e-25 3.55088415e-25 3.55690286e-25 3.56303021e-25
 3.56926715e-25 3.57561474e-25 3.58207406e-25 3.58864620e-25
 3.59533230e-25 3.60213350e-25 3.60905095e-25 3.61608584e-25
 3.62323935e-25 3.63051267e-25 3.63790702e-25 3.64542362e-25
 3.65306371e-25 3.66082854e-25 3.66871936e-25 3.67673747e-25
 3.68488414e-25 3.69316068e-25 3.70156840e-25 3.71010863e-25
 3.71878272e-25 3.72759202e-25 3.73653790e-25 3.74562176e-25
 3.75484500e-25 3.76420906e-25 3.77371539e-25 3.78336552e-25
 3.79316109e-25 3.80310409e-25 3.81319801e-25 3.82345838e-25
 3.83602431e-25 3.84440737e-25 3.85506634e-25 3.86591266e-25
 3.87692014e-25 3.88808751e-25 3.89941571e-25 3.91090615e-25
 3.92256038e-25 3.93438055e-25 3.94636669e-25 3.95852212e-25
 3.97084799e-25 3.98334602e-25 3.99601797e-25 4.00886558e-25
 4.02189064e-25 4.03509495e-25 4.04848032e-25 4.06204861e-25
 4.07580166e-25 4.08974136e-25 4.10386961e-25 4.11818832e-25
 4.13269944e-25 4.14740494e-25 4.16230681e-25 4.17740707e-25
 4.19270780e-25 4.20821115e-25 4.22391961e-25 4.23983752e-25
 4.25602608e-25 4.27231679e-25 4.28883825e-25 4.30559752e-25
 4.32257601e-25 4.33977457e-25 4.35719521e-25 4.37484014e-25
 4.39271163e-25 4.41081202e-25 4.42914369e-25 4.44770902e-25
 4.46651044e-25 4.48555042e-25 4.50483144e-25 4.52435602e-25
 4.54412671e-25 4.56414609e-25 4.58441677e-25 4.60494139e-25
 4.62572264e-25 4.64676323e-25 4.66806591e-25 4.68963350e-25
 4.71146889e-25 4.73357533e-25 4.75596018e-25 4.77867262e-25
 4.80154520e-25 4.82476038e-25 4.84826216e-25 4.87205254e-25
 4.89613449e-25 4.92051110e-25 4.94518556e-25 4.97016110e-25
 4.99544101e-25 5.02102859e-25 5.04692723e-25 5.07314034e-25
 5.09967137e-25 5.12652384e-25 5.15370130e-25 5.18120736e-25
 5.20904568e-25 5.23721998e-25 5.26573402e-25 5.29459174e-25
 5.32379777e-25 5.35446318e-25 5.38326535e-25 5.41353478e-25
 5.44416864e-25 5.47517017e-25 5.50654345e-25 5.53829272e-25
 5.57042230e-25 5.60293657e-25 5.63583997e-25 5.66913702e-25
 5.70283229e-25 5.73693043e-25 5.77143616e-25 5.80635425e-25
 5.84168956e-25 5.87744702e-25 5.91363167e-25 5.95024875e-25
 5.98730912e-25 6.02480077e-25 6.06274398e-25 6.10114170e-25
 6.13999825e-25 6.17931911e-25 6.21910988e-25 6.25937628e-25
 6.30012410e-25 6.34135924e-25 6.38308768e-25 6.42531549e-25
 6.46804883e-25 6.51129398e-25 6.55505729e-25 6.59934522e-25
 6.64416443e-25 6.68952405e-25 6.73542343e-25 6.78187560e-25
 6.82888686e-25 6.87646368e-25 6.92461321e-25 6.97334275e-25
 7.02265972e-25 7.07257164e-25 7.12308619e-25 7.17421112e-25
 7.22595436e-25 7.27832391e-25 7.33132795e-25 7.38497478e-25
 7.43927324e-25 7.49423139e-25 7.54985640e-25 7.60615961e-25
 7.66314904e-25 7.72083378e-25 7.77922306e-25 7.83832628e-25
 7.89815300e-25 7.95871292e-25 8.02001591e-25 8.08207200e-25
 8.14489135e-25 8.20848437e-25 8.27286232e-25 8.33803357e-25
 8.40401095e-25 8.47080525e-25 8.53842750e-25 8.60688908e-25
 8.67620157e-25 8.74637675e-25 8.81742659e-25 8.88936324e-25
 8.96219906e-25 9.03594663e-25 9.11061875e-25 9.18624060e-25
 9.26278846e-25 9.34031271e-25 9.41881470e-25 9.49830825e-25
 9.57880746e-25 9.66032662e-25 9.74288030e-25 9.82648328e-25
 9.91115061e-25 9.99689758e-25 1.00837399e-24 1.01716929e-24
 1.02607729e-24 1.03509964e-24 1.04423799e-24 1.05349402e-24
 1.06286946e-24 1.07236604e-24 1.08198554e-24 1.09172977e-24
 1.10160056e-24 1.11159984e-24 1.12172931e-24 1.13199109e-24
 1.14238708e-24 1.15291928e-24 1.16358972e-24 1.17440045e-24
 1.18535358e-24 1.19645124e-24 1.20769559e-24 1.21908893e-24
 1.23063326e-24 1.24233109e-24 1.25418468e-24 1.26619638e-24
 1.27836859e-24 1.29070376e-24 1.30320438e-24 1.31587296e-24
 1.32871210e-24 1.34172438e-24 1.35491247e-24 1.36827909e-24
 1.38182699e-24 1.39555897e-24 1.40947787e-24 1.42358660e-24
 1.43788811e-24 1.45238540e-24 1.46708149e-24 1.48197953e-24
 1.49708267e-24 1.51239410e-24 1.52791712e-24 1.54365504e-24
 1.55961125e-24 1.57578920e-24 1.59219238e-24 1.60882436e-24
 1.62568876e-24 1.64278929e-24 1.66012968e-24 1.67771375e-24
 1.69554539e-24 1.71362856e-24 1.73196724e-24 1.75056555e-24
 1.76942763e-24 1.78855770e-24 1.80796007e-24 1.82763908e-24
 1.84759919e-24 1.86784490e-24 1.88838079e-24 1.90921153e-24
 1.93034183e-24 1.95177650e-24 1.97352042e-24 1.99557853e-24
 2.01795586e-24 2.04065749e-24 2.06368860e-24 2.08705441e-24
 2.11076023e-24 2.13481141e-24 2.15921339e-24 2.18397166e-24
 2.20909176e-24 2.23457928e-24 2.26043987e-24 2.28667922e-24
 2.31330303e-24 2.34031707e-24 2.36772708e-24 2.39553884e-24
 2.42375811e-24 2.45239065e-24 2.48144216e-24 2.51091842e-24
 2.54082468e-24 2.57116678e-24 2.60194998e-24 2.63317952e-24
 2.66486044e-24 2.69699757e-24 2.72959546e-24 2.76265838e-24
 2.79619021e-24 2.83019442e-24 2.86467396e-24 2.89963122e-24
 2.93506792e-24 2.97098498e-24 3.00738248e-24 3.04425945e-24]), minimum_frequency=5.0, maximum_frequency=2048.0, length=20.0, latitude=29.0, longitude=-94.0, elevation=0.0, xarm_azimuth=200.0, yarm_azimuth=290.0, xarm_tilt=0.0, yarm_tilt=0.0).
4219it [00:00, ?it/s]4219it [00:15, ?it/s, bound:568 nc:669 ncall:9.2e+05 eff:0.5% logz-ratio=18784512.90+/-0.17 dlogz:inf>0.01]4223it [00:29,  3.58s/it, bound:569 nc:982 ncall:9.2e+05 eff:0.5% logz-ratio=18793386.79+/-0.18 dlogz:inf>0.01]4225it [00:33,  2.95s/it, bound:569 nc:823 ncall:9.2e+05 eff:0.5% logz-ratio=18800003.79+/-0.18 dlogz:inf>0.01]4227it [00:46,  4.32s/it, bound:570 nc:887 ncall:9.2e+05 eff:0.5% logz-ratio=18807458.93+/-0.18 dlogz:inf>0.01]4231it [01:06,  4.57s/it, bound:571 nc:1217 ncall:9.3e+05 eff:0.5% logz-ratio=18813848.23+/-0.18 dlogz:inf>0.01]4235it [01:20,  4.11s/it, bound:572 nc:867 ncall:9.3e+05 eff:0.5% logz-ratio=18835455.03+/-0.18 dlogz:inf>0.01] 4239it [01:34,  3.92s/it, bound:573 nc:750 ncall:9.3e+05 eff:0.5% logz-ratio=18841623.49+/-0.18 dlogz:inf>0.01]4243it [01:46,  3.56s/it, bound:574 nc:716 ncall:9.4e+05 eff:0.5% logz-ratio=18852701.56+/-0.18 dlogz:inf>0.01]4247it [01:59,  3.50s/it, bound:575 nc:780 ncall:9.4e+05 eff:0.5% logz-ratio=18862052.25+/-0.18 dlogz:inf>0.01]4251it [02:16,  3.74s/it, bound:576 nc:734 ncall:9.4e+05 eff:0.5% logz-ratio=18863722.75+/-0.18 dlogz:inf>0.01]4254it [02:31,  4.07s/it, bound:577 nc:1039 ncall:9.5e+05 eff:0.4% logz-ratio=18876205.74+/-0.18 dlogz:inf>0.01]4258it [02:54,  4.63s/it, bound:578 nc:894 ncall:9.5e+05 eff:0.4% logz-ratio=18884356.15+/-0.18 dlogz:inf>0.01] 4262it [03:06,  4.07s/it, bound:579 nc:702 ncall:9.5e+05 eff:0.4% logz-ratio=18888569.98+/-0.18 dlogz:inf>0.01]4266it [03:23,  4.17s/it, bound:580 nc:1223 ncall:9.6e+05 eff:0.4% logz-ratio=18892317.18+/-0.18 dlogz:inf>0.01]4270it [03:38,  3.98s/it, bound:581 nc:967 ncall:9.6e+05 eff:0.4% logz-ratio=18909997.17+/-0.18 dlogz:inf>0.01] 4274it [03:52,  3.85s/it, bound:582 nc:719 ncall:9.6e+05 eff:0.4% logz-ratio=18921972.48+/-0.18 dlogz:inf>0.01]4278it [04:04,  3.59s/it, bound:583 nc:824 ncall:9.7e+05 eff:0.4% logz-ratio=18926118.74+/-0.18 dlogz:inf>0.01]4282it [04:21,  3.78s/it, bound:584 nc:896 ncall:9.7e+05 eff:0.4% logz-ratio=18943060.45+/-0.18 dlogz:inf>0.01]4286it [04:37,  3.89s/it, bound:585 nc:1055 ncall:9.7e+05 eff:0.4% logz-ratio=18951495.76+/-0.18 dlogz:inf>0.01]4290it [04:51,  3.73s/it, bound:586 nc:731 ncall:9.8e+05 eff:0.4% logz-ratio=18968315.31+/-0.18 dlogz:inf>0.01] 4294it [05:07,  3.87s/it, bound:587 nc:927 ncall:9.8e+05 eff:0.4% logz-ratio=18973944.06+/-0.18 dlogz:inf>0.01]4298it [05:20,  3.66s/it, bound:588 nc:530 ncall:9.8e+05 eff:0.4% logz-ratio=18977884.63+/-0.18 dlogz:inf>0.01]4302it [05:36,  3.76s/it, bound:589 nc:646 ncall:9.9e+05 eff:0.4% logz-ratio=18981771.47+/-0.18 dlogz:inf>0.01]4306it [05:54,  3.95s/it, bound:590 nc:1185 ncall:9.9e+05 eff:0.4% logz-ratio=18998151.36+/-0.18 dlogz:inf>0.01]4310it [06:10,  3.97s/it, bound:591 nc:750 ncall:9.9e+05 eff:0.4% logz-ratio=19007205.19+/-0.18 dlogz:inf>0.01] 4314it [06:26,  3.99s/it, bound:592 nc:738 ncall:1.0e+06 eff:0.4% logz-ratio=19009962.39+/-0.18 dlogz:inf>0.01]4318it [06:47,  4.40s/it, bound:593 nc:1143 ncall:1.0e+06 eff:0.4% logz-ratio=19021207.35+/-0.18 dlogz:inf>0.01]4322it [07:02,  4.21s/it, bound:594 nc:730 ncall:1.0e+06 eff:0.4% logz-ratio=19023654.21+/-0.18 dlogz:inf>0.01] 4326it [07:15,  3.88s/it, bound:595 nc:515 ncall:1.0e+06 eff:0.4% logz-ratio=19028511.28+/-0.18 dlogz:inf>0.01]4330it [07:29,  3.76s/it, bound:596 nc:620 ncall:1.0e+06 eff:0.4% logz-ratio=19045888.08+/-0.18 dlogz:inf>0.01]4334it [07:43,  3.72s/it, bound:597 nc:651 ncall:1.0e+06 eff:0.4% logz-ratio=19053938.02+/-0.18 dlogz:inf>0.01]4338it [07:59,  3.80s/it, bound:598 nc:1088 ncall:1.0e+06 eff:0.4% logz-ratio=19059605.63+/-0.18 dlogz:inf>0.01]4342it [08:15,  3.84s/it, bound:599 nc:973 ncall:1.0e+06 eff:0.4% logz-ratio=19065072.34+/-0.18 dlogz:inf>0.01] 4346it [08:29,  3.74s/it, bound:600 nc:483 ncall:1.0e+06 eff:0.4% logz-ratio=19075229.08+/-0.18 dlogz:inf>0.01]4349it [08:46,  4.20s/it, bound:601 nc:1143 ncall:1.0e+06 eff:0.4% logz-ratio=19083406.01+/-0.18 dlogz:inf>0.01]4353it [09:01,  4.09s/it, bound:602 nc:771 ncall:1.0e+06 eff:0.4% logz-ratio=19102274.05+/-0.18 dlogz:inf>0.01] 4357it [09:17,  4.04s/it, bound:603 nc:633 ncall:1.0e+06 eff:0.4% logz-ratio=19112664.13+/-0.18 dlogz:inf>0.01]4361it [09:34,  4.12s/it, bound:604 nc:1193 ncall:1.0e+06 eff:0.4% logz-ratio=19122380.58+/-0.18 dlogz:inf>0.01]4365it [09:52,  4.21s/it, bound:605 nc:1069 ncall:1.0e+06 eff:0.4% logz-ratio=19132636.12+/-0.18 dlogz:inf>0.01]4369it [10:07,  4.10s/it, bound:606 nc:1035 ncall:1.0e+06 eff:0.4% logz-ratio=19152822.71+/-0.18 dlogz:inf>0.01]4373it [10:22,  3.96s/it, bound:607 nc:905 ncall:1.0e+06 eff:0.4% logz-ratio=19180037.44+/-0.18 dlogz:inf>0.01] 4377it [10:37,  3.89s/it, bound:608 nc:1007 ncall:1.1e+06 eff:0.4% logz-ratio=19190538.02+/-0.18 dlogz:inf>0.01]4381it [10:52,  3.87s/it, bound:609 nc:1057 ncall:1.1e+06 eff:0.4% logz-ratio=19196306.20+/-0.18 dlogz:inf>0.01]4382it [10:56,  3.86s/it, bound:609 nc:752 ncall:1.1e+06 eff:0.4% logz-ratio=19199448.29+/-0.18 dlogz:inf>0.01] 4385it [11:12,  4.36s/it, bound:610 nc:1154 ncall:1.1e+06 eff:0.4% logz-ratio=19213937.24+/-0.18 dlogz:inf>0.01]4389it [11:28,  4.25s/it, bound:611 nc:758 ncall:1.1e+06 eff:0.4% logz-ratio=19219776.54+/-0.18 dlogz:inf>0.01] 4393it [11:43,  4.06s/it, bound:612 nc:992 ncall:1.1e+06 eff:0.4% logz-ratio=19237012.54+/-0.18 dlogz:inf>0.01]4397it [11:59,  4.01s/it, bound:613 nc:952 ncall:1.1e+06 eff:0.4% logz-ratio=19258963.09+/-0.18 dlogz:inf>0.01]4401it [12:14,  3.92s/it, bound:614 nc:958 ncall:1.1e+06 eff:0.4% logz-ratio=19269079.53+/-0.18 dlogz:inf>0.01]4405it [12:28,  3.84s/it, bound:615 nc:534 ncall:1.1e+06 eff:0.4% logz-ratio=19274082.75+/-0.18 dlogz:inf>0.01]4409it [12:42,  3.74s/it, bound:616 nc:824 ncall:1.1e+06 eff:0.4% logz-ratio=19284035.74+/-0.18 dlogz:inf>0.01]4413it [12:53,  3.43s/it, bound:617 nc:563 ncall:1.1e+06 eff:0.4% logz-ratio=19293495.05+/-0.18 dlogz:inf>0.01]4417it [13:06,  3.35s/it, bound:618 nc:698 ncall:1.1e+06 eff:0.4% logz-ratio=19307390.01+/-0.18 dlogz:inf>0.01]4421it [13:23,  3.66s/it, bound:619 nc:935 ncall:1.1e+06 eff:0.4% logz-ratio=19317396.09+/-0.18 dlogz:inf>0.01]4425it [13:40,  3.80s/it, bound:620 nc:837 ncall:1.1e+06 eff:0.4% logz-ratio=19327444.52+/-0.18 dlogz:inf>0.01]4429it [13:57,  3.92s/it, bound:621 nc:632 ncall:1.1e+06 eff:0.4% logz-ratio=19335988.14+/-0.18 dlogz:inf>0.01]4433it [14:11,  3.80s/it, bound:622 nc:710 ncall:1.1e+06 eff:0.4% logz-ratio=19344826.58+/-0.18 dlogz:inf>0.01]4437it [14:26,  3.80s/it, bound:623 nc:828 ncall:1.1e+06 eff:0.4% logz-ratio=19349879.63+/-0.18 dlogz:inf>0.01]4441it [14:41,  3.81s/it, bound:624 nc:983 ncall:1.1e+06 eff:0.4% logz-ratio=19362932.37+/-0.18 dlogz:inf>0.01]4445it [15:00,  4.06s/it, bound:625 nc:1280 ncall:1.1e+06 eff:0.4% logz-ratio=19365864.47+/-0.18 dlogz:inf>0.01]4449it [15:16,  4.06s/it, bound:626 nc:926 ncall:1.1e+06 eff:0.4% logz-ratio=19371280.69+/-0.18 dlogz:inf>0.01] 4453it [15:35,  4.21s/it, bound:627 nc:573 ncall:1.1e+06 eff:0.4% logz-ratio=19383142.10+/-0.18 dlogz:inf>0.01]4457it [15:50,  4.08s/it, bound:628 nc:849 ncall:1.1e+06 eff:0.4% logz-ratio=19397905.89+/-0.18 dlogz:inf>0.01]4461it [16:07,  4.20s/it, bound:629 nc:606 ncall:1.1e+06 eff:0.4% logz-ratio=19414819.70+/-0.18 dlogz:inf>0.01]4465it [16:26,  4.36s/it, bound:630 nc:969 ncall:1.1e+06 eff:0.4% logz-ratio=19422533.74+/-0.18 dlogz:inf>0.01]4469it [16:44,  4.41s/it, bound:631 nc:951 ncall:1.1e+06 eff:0.4% logz-ratio=19434732.06+/-0.18 dlogz:inf>0.01]4473it [17:00,  4.26s/it, bound:632 nc:903 ncall:1.1e+06 eff:0.4% logz-ratio=19450923.56+/-0.18 dlogz:inf>0.01]4477it [17:17,  4.24s/it, bound:633 nc:1131 ncall:1.1e+06 eff:0.4% logz-ratio=19457864.39+/-0.18 dlogz:inf>0.01]4481it [17:37,  4.49s/it, bound:634 nc:1160 ncall:1.1e+06 eff:0.4% logz-ratio=19463658.46+/-0.18 dlogz:inf>0.01]4485it [17:54,  4.41s/it, bound:635 nc:1174 ncall:1.1e+06 eff:0.4% logz-ratio=19473110.56+/-0.18 dlogz:inf>0.01]4489it [18:13,  4.52s/it, bound:636 nc:1318 ncall:1.2e+06 eff:0.4% logz-ratio=19478377.89+/-0.18 dlogz:inf>0.01]4493it [18:30,  4.39s/it, bound:637 nc:556 ncall:1.2e+06 eff:0.4% logz-ratio=19485861.45+/-0.18 dlogz:inf>0.01] 4497it [18:44,  4.18s/it, bound:638 nc:1006 ncall:1.2e+06 eff:0.4% logz-ratio=19495146.94+/-0.18 dlogz:inf>0.01]4501it [18:59,  4.00s/it, bound:639 nc:714 ncall:1.2e+06 eff:0.4% logz-ratio=19506422.66+/-0.18 dlogz:inf>0.01] 4505it [19:16,  4.10s/it, bound:640 nc:747 ncall:1.2e+06 eff:0.4% logz-ratio=19514842.29+/-0.18 dlogz:inf>0.01]4509it [19:33,  4.14s/it, bound:641 nc:776 ncall:1.2e+06 eff:0.4% logz-ratio=19519977.77+/-0.18 dlogz:inf>0.01]4513it [19:52,  4.36s/it, bound:642 nc:848 ncall:1.2e+06 eff:0.4% logz-ratio=19522555.75+/-0.18 dlogz:inf>0.01]4517it [20:12,  4.49s/it, bound:643 nc:936 ncall:1.2e+06 eff:0.4% logz-ratio=19531038.36+/-0.18 dlogz:inf>0.01]4521it [20:24,  4.08s/it, bound:644 nc:634 ncall:1.2e+06 eff:0.4% logz-ratio=19541627.90+/-0.18 dlogz:inf>0.01]4525it [20:39,  3.94s/it, bound:645 nc:689 ncall:1.2e+06 eff:0.4% logz-ratio=19548236.83+/-0.18 dlogz:inf>0.01]4529it [20:56,  4.07s/it, bound:646 nc:961 ncall:1.2e+06 eff:0.4% logz-ratio=19553231.05+/-0.18 dlogz:inf>0.01]4533it [21:16,  4.34s/it, bound:647 nc:590 ncall:1.2e+06 eff:0.4% logz-ratio=19557781.81+/-0.18 dlogz:inf>0.01]4537it [21:32,  4.27s/it, bound:648 nc:786 ncall:1.2e+06 eff:0.4% logz-ratio=19566686.32+/-0.18 dlogz:inf>0.01]4541it [21:49,  4.22s/it, bound:649 nc:572 ncall:1.2e+06 eff:0.4% logz-ratio=19578524.75+/-0.18 dlogz:inf>0.01]4545it [22:04,  4.10s/it, bound:650 nc:756 ncall:1.2e+06 eff:0.4% logz-ratio=19583288.52+/-0.18 dlogz:inf>0.01]4549it [22:21,  4.14s/it, bound:651 nc:638 ncall:1.2e+06 eff:0.4% logz-ratio=19596120.71+/-0.18 dlogz:inf>0.01]4553it [22:38,  4.22s/it, bound:652 nc:1189 ncall:1.2e+06 eff:0.4% logz-ratio=19600114.48+/-0.18 dlogz:inf>0.01]4557it [22:57,  4.33s/it, bound:653 nc:862 ncall:1.2e+06 eff:0.4% logz-ratio=19612267.67+/-0.18 dlogz:inf>0.01] 4561it [23:18,  4.63s/it, bound:654 nc:1246 ncall:1.2e+06 eff:0.4% logz-ratio=19616797.55+/-0.18 dlogz:inf>0.01]4565it [23:33,  4.37s/it, bound:655 nc:1029 ncall:1.2e+06 eff:0.4% logz-ratio=19619616.24+/-0.18 dlogz:inf>0.01]4569it [23:49,  4.27s/it, bound:656 nc:1102 ncall:1.2e+06 eff:0.4% logz-ratio=19621608.83+/-0.18 dlogz:inf>0.01]4573it [24:04,  4.08s/it, bound:657 nc:917 ncall:1.2e+06 eff:0.4% logz-ratio=19628253.28+/-0.18 dlogz:inf>0.01] 4577it [24:21,  4.12s/it, bound:658 nc:645 ncall:1.2e+06 eff:0.4% logz-ratio=19635677.48+/-0.18 dlogz:inf>0.01]4581it [24:35,  3.94s/it, bound:659 nc:807 ncall:1.2e+06 eff:0.4% logz-ratio=19649481.10+/-0.18 dlogz:inf>0.01]4585it [24:54,  4.18s/it, bound:660 nc:979 ncall:1.2e+06 eff:0.4% logz-ratio=19653670.98+/-0.18 dlogz:inf>0.01]4588it [25:12,  4.62s/it, bound:661 nc:2024 ncall:1.2e+06 eff:0.4% logz-ratio=19668110.50+/-0.18 dlogz:inf>0.01]4592it [25:31,  4.69s/it, bound:662 nc:877 ncall:1.2e+06 eff:0.4% logz-ratio=19683410.89+/-0.18 dlogz:inf>0.01] 4596it [25:48,  4.55s/it, bound:663 nc:829 ncall:1.2e+06 eff:0.4% logz-ratio=19688457.49+/-0.18 dlogz:inf>0.01]4600it [26:02,  4.21s/it, bound:664 nc:931 ncall:1.3e+06 eff:0.4% logz-ratio=19695025.29+/-0.18 dlogz:inf>0.01]4604it [26:17,  4.11s/it, bound:665 nc:750 ncall:1.3e+06 eff:0.4% logz-ratio=19701991.61+/-0.18 dlogz:inf>0.01]4608it [26:35,  4.20s/it, bound:666 nc:1061 ncall:1.3e+06 eff:0.4% logz-ratio=19710898.24+/-0.18 dlogz:inf>0.01]4612it [26:51,  4.10s/it, bound:667 nc:834 ncall:1.3e+06 eff:0.4% logz-ratio=19717281.44+/-0.18 dlogz:inf>0.01] 4616it [27:08,  4.22s/it, bound:668 nc:841 ncall:1.3e+06 eff:0.4% logz-ratio=19723518.23+/-0.18 dlogz:inf>0.01]4620it [27:23,  4.07s/it, bound:669 nc:695 ncall:1.3e+06 eff:0.4% logz-ratio=19727282.02+/-0.18 dlogz:inf>0.01]4624it [27:37,  3.88s/it, bound:670 nc:889 ncall:1.3e+06 eff:0.4% logz-ratio=19735851.72+/-0.18 dlogz:inf>0.01]4628it [27:53,  3.92s/it, bound:671 nc:1093 ncall:1.3e+06 eff:0.4% logz-ratio=19745118.21+/-0.18 dlogz:inf>0.01]4632it [28:09,  3.91s/it, bound:672 nc:557 ncall:1.3e+06 eff:0.4% logz-ratio=19749190.96+/-0.18 dlogz:inf>0.01] 4636it [28:27,  4.11s/it, bound:673 nc:1089 ncall:1.3e+06 eff:0.4% logz-ratio=19762857.59+/-0.18 dlogz:inf>0.01]4640it [28:49,  4.50s/it, bound:674 nc:1496 ncall:1.3e+06 eff:0.4% logz-ratio=19766553.01+/-0.18 dlogz:inf>0.01]4644it [29:04,  4.32s/it, bound:675 nc:929 ncall:1.3e+06 eff:0.4% logz-ratio=19770408.49+/-0.18 dlogz:inf>0.01] 4648it [29:18,  4.08s/it, bound:676 nc:945 ncall:1.3e+06 eff:0.4% logz-ratio=19780781.45+/-0.18 dlogz:inf>0.01]4652it [29:32,  3.91s/it, bound:677 nc:939 ncall:1.3e+06 eff:0.4% logz-ratio=19783311.75+/-0.18 dlogz:inf>0.01]4656it [29:54,  4.36s/it, bound:678 nc:1522 ncall:1.3e+06 eff:0.4% logz-ratio=19792208.50+/-0.18 dlogz:inf>0.01]4660it [30:10,  4.24s/it, bound:679 nc:1089 ncall:1.3e+06 eff:0.4% logz-ratio=19795546.01+/-0.18 dlogz:inf>0.01]4664it [30:24,  3.99s/it, bound:680 nc:908 ncall:1.3e+06 eff:0.4% logz-ratio=19802681.01+/-0.18 dlogz:inf>0.01] 4668it [30:39,  3.93s/it, bound:681 nc:946 ncall:1.3e+06 eff:0.4% logz-ratio=19811361.49+/-0.18 dlogz:inf>0.01]4672it [30:54,  3.89s/it, bound:682 nc:1031 ncall:1.3e+06 eff:0.4% logz-ratio=19817067.39+/-0.18 dlogz:inf>0.01]4676it [31:12,  4.11s/it, bound:683 nc:1075 ncall:1.3e+06 eff:0.4% logz-ratio=19821518.14+/-0.18 dlogz:inf>0.01]4680it [31:34,  4.49s/it, bound:684 nc:1150 ncall:1.3e+06 eff:0.4% logz-ratio=19827152.77+/-0.18 dlogz:inf>0.01]4684it [31:50,  4.35s/it, bound:685 nc:985 ncall:1.3e+06 eff:0.4% logz-ratio=19835935.94+/-0.18 dlogz:inf>0.01] 4688it [32:06,  4.21s/it, bound:686 nc:893 ncall:1.3e+06 eff:0.4% logz-ratio=19846422.28+/-0.18 dlogz:inf>0.01]4692it [32:20,  4.04s/it, bound:687 nc:769 ncall:1.3e+06 eff:0.4% logz-ratio=19849547.43+/-0.18 dlogz:inf>0.01]4696it [32:37,  4.06s/it, bound:688 nc:793 ncall:1.3e+06 eff:0.4% logz-ratio=19852901.87+/-0.18 dlogz:inf>0.01]4700it [32:56,  4.27s/it, bound:689 nc:1316 ncall:1.3e+06 eff:0.4% logz-ratio=19868154.75+/-0.18 dlogz:inf>0.01]4704it [33:16,  4.54s/it, bound:690 nc:1261 ncall:1.3e+06 eff:0.3% logz-ratio=19883985.43+/-0.18 dlogz:inf>0.01]4708it [33:33,  4.42s/it, bound:691 nc:807 ncall:1.3e+06 eff:0.3% logz-ratio=19902357.40+/-0.18 dlogz:inf>0.01] 4712it [33:53,  4.58s/it, bound:692 nc:867 ncall:1.4e+06 eff:0.3% logz-ratio=19910465.06+/-0.18 dlogz:inf>0.01]4716it [34:09,  4.45s/it, bound:693 nc:873 ncall:1.4e+06 eff:0.3% logz-ratio=19919321.53+/-0.18 dlogz:inf>0.01]4720it [34:25,  4.33s/it, bound:694 nc:888 ncall:1.4e+06 eff:0.3% logz-ratio=19924579.07+/-0.18 dlogz:inf>0.01]4724it [34:46,  4.55s/it, bound:695 nc:1030 ncall:1.4e+06 eff:0.3% logz-ratio=19936152.85+/-0.18 dlogz:inf>0.01]4728it [35:02,  4.39s/it, bound:696 nc:796 ncall:1.4e+06 eff:0.3% logz-ratio=19951179.48+/-0.18 dlogz:inf>0.01] 4732it [35:19,  4.35s/it, bound:697 nc:692 ncall:1.4e+06 eff:0.3% logz-ratio=19957508.08+/-0.18 dlogz:inf>0.01]4736it [35:34,  4.20s/it, bound:698 nc:1055 ncall:1.4e+06 eff:0.3% logz-ratio=19965865.91+/-0.18 dlogz:inf>0.01]4740it [35:50,  4.15s/it, bound:699 nc:700 ncall:1.4e+06 eff:0.3% logz-ratio=19978785.20+/-0.18 dlogz:inf>0.01] 4744it [36:07,  4.14s/it, bound:700 nc:856 ncall:1.4e+06 eff:0.3% logz-ratio=19987397.03+/-0.18 dlogz:inf>0.01]4748it [36:20,  3.88s/it, bound:701 nc:621 ncall:1.4e+06 eff:0.3% logz-ratio=19997726.63+/-0.18 dlogz:inf>0.01]4752it [36:40,  4.23s/it, bound:702 nc:992 ncall:1.4e+06 eff:0.3% logz-ratio=20003206.52+/-0.18 dlogz:inf>0.01]4756it [36:59,  4.35s/it, bound:703 nc:1259 ncall:1.4e+06 eff:0.3% logz-ratio=20007986.40+/-0.18 dlogz:inf>0.01]4760it [37:13,  4.14s/it, bound:704 nc:680 ncall:1.4e+06 eff:0.3% logz-ratio=20013217.83+/-0.18 dlogz:inf>0.01] 4764it [37:27,  3.96s/it, bound:705 nc:682 ncall:1.4e+06 eff:0.3% logz-ratio=20021022.60+/-0.18 dlogz:inf>0.01]4768it [37:44,  4.05s/it, bound:706 nc:721 ncall:1.4e+06 eff:0.3% logz-ratio=20030471.44+/-0.18 dlogz:inf>0.01]4772it [38:01,  4.08s/it, bound:707 nc:1134 ncall:1.4e+06 eff:0.3% logz-ratio=20038833.49+/-0.18 dlogz:inf>0.01]4776it [38:19,  4.19s/it, bound:708 nc:914 ncall:1.4e+06 eff:0.3% logz-ratio=20043631.43+/-0.18 dlogz:inf>0.01] 4780it [38:35,  4.15s/it, bound:709 nc:1122 ncall:1.4e+06 eff:0.3% logz-ratio=20049135.35+/-0.18 dlogz:inf>0.01]4784it [38:53,  4.29s/it, bound:710 nc:1275 ncall:1.4e+06 eff:0.3% logz-ratio=20055571.32+/-0.18 dlogz:inf>0.01]4788it [39:10,  4.24s/it, bound:711 nc:246 ncall:1.4e+06 eff:0.3% logz-ratio=20060918.53+/-0.18 dlogz:inf>0.01] 4792it [39:27,  4.23s/it, bound:712 nc:1153 ncall:1.4e+06 eff:0.3% logz-ratio=20063568.52+/-0.18 dlogz:inf>0.01]4796it [39:45,  4.35s/it, bound:713 nc:823 ncall:1.4e+06 eff:0.3% logz-ratio=20066666.65+/-0.18 dlogz:inf>0.01] 4800it [40:04,  4.43s/it, bound:714 nc:1271 ncall:1.4e+06 eff:0.3% logz-ratio=20075197.88+/-0.18 dlogz:inf>0.01]4804it [40:19,  4.26s/it, bound:715 nc:502 ncall:1.4e+06 eff:0.3% logz-ratio=20084933.53+/-0.18 dlogz:inf>0.01] 4808it [40:33,  4.05s/it, bound:716 nc:946 ncall:1.4e+06 eff:0.3% logz-ratio=20091777.78+/-0.18 dlogz:inf>0.01]4812it [40:52,  4.23s/it, bound:717 nc:859 ncall:1.4e+06 eff:0.3% logz-ratio=20098535.81+/-0.18 dlogz:inf>0.01]4816it [41:06,  4.01s/it, bound:718 nc:952 ncall:1.4e+06 eff:0.3% logz-ratio=20107684.77+/-0.18 dlogz:inf>0.01]4820it [41:22,  4.01s/it, bound:719 nc:909 ncall:1.5e+06 eff:0.3% logz-ratio=20108678.07+/-0.18 dlogz:inf>0.01]4824it [41:42,  4.31s/it, bound:720 nc:1092 ncall:1.5e+06 eff:0.3% logz-ratio=20114260.01+/-0.18 dlogz:inf>0.01]4828it [42:02,  4.50s/it, bound:721 nc:1014 ncall:1.5e+06 eff:0.3% logz-ratio=20123263.20+/-0.18 dlogz:inf>0.01]4832it [42:19,  4.42s/it, bound:722 nc:1166 ncall:1.5e+06 eff:0.3% logz-ratio=20129505.36+/-0.18 dlogz:inf>0.01]4836it [42:37,  4.49s/it, bound:723 nc:857 ncall:1.5e+06 eff:0.3% logz-ratio=20132207.31+/-0.18 dlogz:inf>0.01] 4840it [42:54,  4.38s/it, bound:724 nc:1084 ncall:1.5e+06 eff:0.3% logz-ratio=20142185.08+/-0.18 dlogz:inf>0.01]4844it [43:07,  4.06s/it, bound:725 nc:663 ncall:1.5e+06 eff:0.3% logz-ratio=20151336.53+/-0.18 dlogz:inf>0.01] 4848it [43:29,  4.48s/it, bound:726 nc:1139 ncall:1.5e+06 eff:0.3% logz-ratio=20158300.37+/-0.18 dlogz:inf>0.01]4852it [43:45,  4.35s/it, bound:727 nc:776 ncall:1.5e+06 eff:0.3% logz-ratio=20164575.22+/-0.18 dlogz:inf>0.01] 4856it [44:01,  4.20s/it, bound:728 nc:831 ncall:1.5e+06 eff:0.3% logz-ratio=20172258.83+/-0.18 dlogz:inf>0.01]4860it [44:17,  4.15s/it, bound:729 nc:920 ncall:1.5e+06 eff:0.3% logz-ratio=20175488.40+/-0.18 dlogz:inf>0.01]4864it [44:35,  4.29s/it, bound:730 nc:887 ncall:1.5e+06 eff:0.3% logz-ratio=20189358.72+/-0.18 dlogz:inf>0.01]4868it [44:53,  4.33s/it, bound:731 nc:1037 ncall:1.5e+06 eff:0.3% logz-ratio=20195247.89+/-0.18 dlogz:inf>0.01]4872it [45:10,  4.31s/it, bound:732 nc:1138 ncall:1.5e+06 eff:0.3% logz-ratio=20208019.79+/-0.18 dlogz:inf>0.01]4876it [45:22,  3.92s/it, bound:733 nc:623 ncall:1.5e+06 eff:0.3% logz-ratio=20212889.75+/-0.18 dlogz:inf>0.01] 4880it [45:45,  4.47s/it, bound:734 nc:1595 ncall:1.5e+06 eff:0.3% logz-ratio=20220702.62+/-0.18 dlogz:inf>0.01]4884it [46:01,  4.31s/it, bound:735 nc:567 ncall:1.5e+06 eff:0.3% logz-ratio=20222202.79+/-0.18 dlogz:inf>0.01] 4888it [46:20,  4.49s/it, bound:736 nc:1217 ncall:1.5e+06 eff:0.3% logz-ratio=20223522.83+/-0.18 dlogz:inf>0.01]4892it [46:36,  4.31s/it, bound:737 nc:586 ncall:1.5e+06 eff:0.3% logz-ratio=20233240.39+/-0.18 dlogz:inf>0.01] 4896it [46:50,  4.06s/it, bound:738 nc:950 ncall:1.5e+06 eff:0.3% logz-ratio=20240600.53+/-0.18 dlogz:inf>0.01]4900it [47:09,  4.27s/it, bound:739 nc:981 ncall:1.5e+06 eff:0.3% logz-ratio=20247473.30+/-0.18 dlogz:inf>0.01]4904it [47:27,  4.33s/it, bound:740 nc:555 ncall:1.5e+06 eff:0.3% logz-ratio=20253927.59+/-0.18 dlogz:inf>0.01]4908it [47:45,  4.40s/it, bound:741 nc:706 ncall:1.5e+06 eff:0.3% logz-ratio=20262196.36+/-0.18 dlogz:inf>0.01]4912it [48:02,  4.34s/it, bound:742 nc:825 ncall:1.5e+06 eff:0.3% logz-ratio=20281215.14+/-0.18 dlogz:inf>0.01]4916it [48:18,  4.24s/it, bound:743 nc:763 ncall:1.5e+06 eff:0.3% logz-ratio=20285479.34+/-0.18 dlogz:inf>0.01]4920it [48:32,  4.03s/it, bound:744 nc:957 ncall:1.5e+06 eff:0.3% logz-ratio=20299284.17+/-0.18 dlogz:inf>0.01]4924it [48:47,  3.96s/it, bound:745 nc:995 ncall:1.5e+06 eff:0.3% logz-ratio=20310620.79+/-0.18 dlogz:inf>0.01]4928it [49:07,  4.27s/it, bound:746 nc:1106 ncall:1.6e+06 eff:0.3% logz-ratio=20314313.29+/-0.18 dlogz:inf>0.01]4931it [49:25,  4.65s/it, bound:747 nc:815 ncall:1.6e+06 eff:0.3% logz-ratio=20327419.61+/-0.18 dlogz:inf>0.01] 4935it [49:42,  4.59s/it, bound:748 nc:976 ncall:1.6e+06 eff:0.3% logz-ratio=20330071.95+/-0.18 dlogz:inf>0.01]4939it [50:01,  4.57s/it, bound:749 nc:1234 ncall:1.6e+06 eff:0.3% logz-ratio=20334170.49+/-0.18 dlogz:inf>0.01]4943it [50:17,  4.42s/it, bound:750 nc:661 ncall:1.6e+06 eff:0.3% logz-ratio=20337914.73+/-0.18 dlogz:inf>0.01] 4947it [50:37,  4.59s/it, bound:751 nc:738 ncall:1.6e+06 eff:0.3% logz-ratio=20345904.93+/-0.18 dlogz:inf>0.01]4951it [50:55,  4.60s/it, bound:752 nc:1047 ncall:1.6e+06 eff:0.3% logz-ratio=20354608.24+/-0.18 dlogz:inf>0.01]4955it [51:12,  4.50s/it, bound:753 nc:838 ncall:1.6e+06 eff:0.3% logz-ratio=20357135.95+/-0.18 dlogz:inf>0.01] 4959it [51:31,  4.56s/it, bound:754 nc:988 ncall:1.6e+06 eff:0.3% logz-ratio=20360328.15+/-0.18 dlogz:inf>0.01]4961it [51:35,  4.10s/it, bound:754 nc:1292 ncall:1.6e+06 eff:0.3% logz-ratio=20362551.00+/-0.18 dlogz:inf>0.01]4963it [51:52,  5.02s/it, bound:755 nc:1146 ncall:1.6e+06 eff:0.3% logz-ratio=20363161.02+/-0.18 dlogz:inf>0.01]4967it [52:12,  5.01s/it, bound:756 nc:744 ncall:1.6e+06 eff:0.3% logz-ratio=20367176.53+/-0.18 dlogz:inf>0.01] 4971it [52:30,  4.77s/it, bound:757 nc:1175 ncall:1.6e+06 eff:0.3% logz-ratio=20374999.40+/-0.18 dlogz:inf>0.01]4975it [52:46,  4.58s/it, bound:758 nc:872 ncall:1.6e+06 eff:0.3% logz-ratio=20380637.53+/-0.18 dlogz:inf>0.01] 4979it [53:04,  4.54s/it, bound:759 nc:805 ncall:1.6e+06 eff:0.3% logz-ratio=20385954.64+/-0.18 dlogz:inf>0.01]4983it [53:21,  4.44s/it, bound:760 nc:868 ncall:1.6e+06 eff:0.3% logz-ratio=20392882.87+/-0.18 dlogz:inf>0.01]4987it [53:42,  4.70s/it, bound:761 nc:798 ncall:1.6e+06 eff:0.3% logz-ratio=20395154.03+/-0.18 dlogz:inf>0.01]4991it [53:58,  4.50s/it, bound:762 nc:875 ncall:1.6e+06 eff:0.3% logz-ratio=20403460.74+/-0.18 dlogz:inf>0.01]4995it [54:18,  4.58s/it, bound:763 nc:1317 ncall:1.6e+06 eff:0.3% logz-ratio=20412681.76+/-0.18 dlogz:inf>0.01]4999it [54:35,  4.54s/it, bound:764 nc:1070 ncall:1.6e+06 eff:0.3% logz-ratio=20421353.37+/-0.18 dlogz:inf>0.01]5003it [54:53,  4.53s/it, bound:765 nc:669 ncall:1.6e+06 eff:0.3% logz-ratio=20424186.66+/-0.18 dlogz:inf>0.01] 5007it [55:07,  4.20s/it, bound:766 nc:601 ncall:1.6e+06 eff:0.3% logz-ratio=20425960.97+/-0.18 dlogz:inf>0.01]5011it [55:25,  4.31s/it, bound:767 nc:980 ncall:1.6e+06 eff:0.3% logz-ratio=20442067.98+/-0.18 dlogz:inf>0.01]5015it [55:41,  4.19s/it, bound:768 nc:838 ncall:1.6e+06 eff:0.3% logz-ratio=20447310.42+/-0.18 dlogz:inf>0.01]5019it [56:00,  4.39s/it, bound:769 nc:1325 ncall:1.6e+06 eff:0.3% logz-ratio=20454118.83+/-0.18 dlogz:inf>0.01]5023it [56:19,  4.46s/it, bound:770 nc:1042 ncall:1.6e+06 eff:0.3% logz-ratio=20464532.79+/-0.18 dlogz:inf>0.01]5027it [56:34,  4.26s/it, bound:771 nc:909 ncall:1.7e+06 eff:0.3% logz-ratio=20469548.98+/-0.18 dlogz:inf>0.01] 5031it [56:48,  4.01s/it, bound:772 nc:650 ncall:1.7e+06 eff:0.3% logz-ratio=20482247.75+/-0.18 dlogz:inf>0.01]5035it [57:02,  3.89s/it, bound:773 nc:972 ncall:1.7e+06 eff:0.3% logz-ratio=20487039.95+/-0.18 dlogz:inf>0.01]5039it [57:21,  4.13s/it, bound:774 nc:848 ncall:1.7e+06 eff:0.3% logz-ratio=20491429.84+/-0.18 dlogz:inf>0.01]5043it [57:41,  4.39s/it, bound:775 nc:1357 ncall:1.7e+06 eff:0.3% logz-ratio=20496622.90+/-0.18 dlogz:inf>0.01]5047it [57:59,  4.40s/it, bound:776 nc:1150 ncall:1.7e+06 eff:0.3% logz-ratio=20512842.91+/-0.18 dlogz:inf>0.01]5051it [58:14,  4.20s/it, bound:777 nc:695 ncall:1.7e+06 eff:0.3% logz-ratio=20525944.13+/-0.18 dlogz:inf>0.01] 5055it [58:28,  4.03s/it, bound:778 nc:568 ncall:1.7e+06 eff:0.3% logz-ratio=20531140.87+/-0.18 dlogz:inf>0.01]5059it [58:48,  4.32s/it, bound:779 nc:1016 ncall:1.7e+06 eff:0.3% logz-ratio=20535024.46+/-0.18 dlogz:inf>0.01]5063it [59:06,  4.39s/it, bound:780 nc:840 ncall:1.7e+06 eff:0.3% logz-ratio=20541865.08+/-0.18 dlogz:inf>0.01] 5067it [59:19,  4.00s/it, bound:781 nc:706 ncall:1.7e+06 eff:0.3% logz-ratio=20549007.86+/-0.18 dlogz:inf>0.01]5071it [59:35,  3.99s/it, bound:782 nc:1086 ncall:1.7e+06 eff:0.3% logz-ratio=20552346.29+/-0.18 dlogz:inf>0.01]5075it [59:57,  4.45s/it, bound:783 nc:1139 ncall:1.7e+06 eff:0.3% logz-ratio=20559081.04+/-0.18 dlogz:inf>0.01]5079it [1:00:10,  4.13s/it, bound:784 nc:739 ncall:1.7e+06 eff:0.3% logz-ratio=20563398.61+/-0.18 dlogz:inf>0.01]5083it [1:00:29,  4.26s/it, bound:785 nc:642 ncall:1.7e+06 eff:0.3% logz-ratio=20569231.73+/-0.18 dlogz:inf>0.01]5087it [1:00:50,  4.59s/it, bound:786 nc:1341 ncall:1.7e+06 eff:0.3% logz-ratio=20575878.95+/-0.18 dlogz:inf>0.01]5091it [1:01:09,  4.67s/it, bound:787 nc:893 ncall:1.7e+06 eff:0.3% logz-ratio=20582260.67+/-0.18 dlogz:inf>0.01] 5095it [1:01:30,  4.79s/it, bound:788 nc:1041 ncall:1.7e+06 eff:0.3% logz-ratio=20586321.71+/-0.18 dlogz:inf>0.01]5099it [1:01:47,  4.65s/it, bound:789 nc:1159 ncall:1.7e+06 eff:0.3% logz-ratio=20593719.93+/-0.18 dlogz:inf>0.01]5100it [1:01:53,  4.74s/it, bound:789 nc:891 ncall:1.7e+06 eff:0.3% logz-ratio=20597082.62+/-0.18 dlogz:inf>0.01] 5103it [1:02:12,  5.21s/it, bound:790 nc:718 ncall:1.7e+06 eff:0.3% logz-ratio=20599962.54+/-0.18 dlogz:inf>0.01]5107it [1:02:28,  4.85s/it, bound:791 nc:547 ncall:1.7e+06 eff:0.3% logz-ratio=20603097.20+/-0.18 dlogz:inf>0.01]5111it [1:02:43,  4.44s/it, bound:792 nc:981 ncall:1.7e+06 eff:0.3% logz-ratio=20609427.91+/-0.18 dlogz:inf>0.01]5115it [1:03:02,  4.54s/it, bound:793 nc:848 ncall:1.7e+06 eff:0.3% logz-ratio=20619841.67+/-0.18 dlogz:inf>0.01]5119it [1:03:19,  4.48s/it, bound:794 nc:1190 ncall:1.7e+06 eff:0.3% logz-ratio=20621740.44+/-0.18 dlogz:inf>0.01]5123it [1:03:32,  4.04s/it, bound:795 nc:541 ncall:1.7e+06 eff:0.3% logz-ratio=20636989.17+/-0.18 dlogz:inf>0.01] 5127it [1:03:48,  4.03s/it, bound:796 nc:504 ncall:1.7e+06 eff:0.3% logz-ratio=20642681.57+/-0.18 dlogz:inf>0.01]5131it [1:04:06,  4.19s/it, bound:797 nc:1121 ncall:1.7e+06 eff:0.3% logz-ratio=20646224.84+/-0.18 dlogz:inf>0.01]5135it [1:04:22,  4.16s/it, bound:798 nc:890 ncall:1.8e+06 eff:0.3% logz-ratio=20652375.15+/-0.19 dlogz:inf>0.01] 5139it [1:04:34,  3.79s/it, bound:799 nc:669 ncall:1.8e+06 eff:0.3% logz-ratio=20655316.28+/-0.19 dlogz:inf>0.01]5143it [1:04:51,  3.91s/it, bound:800 nc:965 ncall:1.8e+06 eff:0.3% logz-ratio=20659808.42+/-0.19 dlogz:inf>0.01]5146it [1:05:05,  4.10s/it, bound:801 nc:617 ncall:1.8e+06 eff:0.3% logz-ratio=20663018.49+/-0.19 dlogz:inf>0.01]5150it [1:05:21,  4.06s/it, bound:802 nc:693 ncall:1.8e+06 eff:0.3% logz-ratio=20669871.59+/-0.19 dlogz:inf>0.01]5154it [1:05:38,  4.18s/it, bound:803 nc:742 ncall:1.8e+06 eff:0.3% logz-ratio=20684266.13+/-0.19 dlogz:inf>0.01]5158it [1:05:58,  4.37s/it, bound:804 nc:1014 ncall:1.8e+06 eff:0.3% logz-ratio=20691674.67+/-0.19 dlogz:inf>0.01]5162it [1:06:15,  4.39s/it, bound:805 nc:1206 ncall:1.8e+06 eff:0.3% logz-ratio=20697675.06+/-0.19 dlogz:inf>0.01]5166it [1:06:31,  4.26s/it, bound:806 nc:1047 ncall:1.8e+06 eff:0.3% logz-ratio=20704931.97+/-0.19 dlogz:inf>0.01]5170it [1:06:51,  4.43s/it, bound:807 nc:1171 ncall:1.8e+06 eff:0.3% logz-ratio=20706941.69+/-0.19 dlogz:inf>0.01]5174it [1:07:11,  4.62s/it, bound:808 nc:792 ncall:1.8e+06 eff:0.3% logz-ratio=20709257.10+/-0.19 dlogz:inf>0.01] 5178it [1:07:30,  4.64s/it, bound:809 nc:1270 ncall:1.8e+06 eff:0.3% logz-ratio=20713644.88+/-0.19 dlogz:inf>0.01]5182it [1:07:45,  4.39s/it, bound:810 nc:823 ncall:1.8e+06 eff:0.3% logz-ratio=20720670.31+/-0.19 dlogz:inf>0.01] 5186it [1:07:58,  4.08s/it, bound:811 nc:614 ncall:1.8e+06 eff:0.3% logz-ratio=20725314.73+/-0.19 dlogz:inf>0.01]5190it [1:08:14,  4.03s/it, bound:812 nc:1068 ncall:1.8e+06 eff:0.3% logz-ratio=20727637.74+/-0.19 dlogz:inf>0.01]5194it [1:08:31,  4.11s/it, bound:813 nc:1165 ncall:1.8e+06 eff:0.3% logz-ratio=20733548.89+/-0.19 dlogz:inf>0.01]5198it [1:08:46,  4.03s/it, bound:814 nc:478 ncall:1.8e+06 eff:0.3% logz-ratio=20744383.87+/-0.19 dlogz:inf>0.01] 5202it [1:09:06,  4.31s/it, bound:815 nc:791 ncall:1.8e+06 eff:0.3% logz-ratio=20748709.86+/-0.19 dlogz:inf>0.01]5206it [1:09:24,  4.36s/it, bound:816 nc:740 ncall:1.8e+06 eff:0.3% logz-ratio=20755704.63+/-0.19 dlogz:inf>0.01]5210it [1:09:37,  4.04s/it, bound:817 nc:869 ncall:1.8e+06 eff:0.3% logz-ratio=20760207.26+/-0.19 dlogz:inf>0.01]5214it [1:09:54,  4.11s/it, bound:818 nc:1153 ncall:1.8e+06 eff:0.3% logz-ratio=20769344.29+/-0.19 dlogz:inf>0.01]5218it [1:10:11,  4.09s/it, bound:819 nc:1075 ncall:1.8e+06 eff:0.3% logz-ratio=20779977.62+/-0.19 dlogz:inf>0.01]5222it [1:10:32,  4.50s/it, bound:820 nc:1491 ncall:1.8e+06 eff:0.3% logz-ratio=20783723.11+/-0.19 dlogz:inf>0.01]5226it [1:10:47,  4.28s/it, bound:821 nc:842 ncall:1.8e+06 eff:0.3% logz-ratio=20799255.32+/-0.19 dlogz:inf>0.01] 5230it [1:11:06,  4.37s/it, bound:822 nc:1117 ncall:1.8e+06 eff:0.3% logz-ratio=20808367.68+/-0.19 dlogz:inf>0.01]5234it [1:11:20,  4.10s/it, bound:823 nc:916 ncall:1.8e+06 eff:0.3% logz-ratio=20812912.89+/-0.19 dlogz:inf>0.01] 5238it [1:11:37,  4.16s/it, bound:824 nc:689 ncall:1.9e+06 eff:0.3% logz-ratio=20819194.81+/-0.19 dlogz:inf>0.01]5242it [1:11:54,  4.20s/it, bound:825 nc:1073 ncall:1.9e+06 eff:0.3% logz-ratio=20826193.80+/-0.19 dlogz:inf>0.01]5246it [1:12:17,  4.63s/it, bound:826 nc:975 ncall:1.9e+06 eff:0.3% logz-ratio=20832890.99+/-0.19 dlogz:inf>0.01] 5247it [1:12:21,  4.59s/it, bound:826 nc:1567 ncall:1.9e+06 eff:0.3% logz-ratio=20834125.07+/-0.19 dlogz:inf>0.01]5250it [1:12:38,  4.91s/it, bound:827 nc:1121 ncall:1.9e+06 eff:0.3% logz-ratio=20841156.88+/-0.19 dlogz:inf>0.01]5254it [1:12:59,  5.01s/it, bound:828 nc:806 ncall:1.9e+06 eff:0.3% logz-ratio=20845383.72+/-0.19 dlogz:inf>0.01] 5258it [1:13:20,  5.15s/it, bound:829 nc:1494 ncall:1.9e+06 eff:0.3% logz-ratio=20852122.56+/-0.19 dlogz:inf>0.01]5262it [1:13:37,  4.85s/it, bound:830 nc:1070 ncall:1.9e+06 eff:0.3% logz-ratio=20857206.65+/-0.19 dlogz:inf>0.01]5266it [1:13:56,  4.77s/it, bound:831 nc:748 ncall:1.9e+06 eff:0.3% logz-ratio=20859409.50+/-0.19 dlogz:inf>0.01] 5270it [1:14:13,  4.62s/it, bound:832 nc:1178 ncall:1.9e+06 eff:0.3% logz-ratio=20871020.43+/-0.19 dlogz:inf>0.01]5274it [1:14:29,  4.46s/it, bound:833 nc:1084 ncall:1.9e+06 eff:0.3% logz-ratio=20877522.54+/-0.19 dlogz:inf>0.01]5278it [1:14:47,  4.46s/it, bound:834 nc:1217 ncall:1.9e+06 eff:0.3% logz-ratio=20882322.65+/-0.19 dlogz:inf>0.01]5282it [1:15:06,  4.55s/it, bound:835 nc:1310 ncall:1.9e+06 eff:0.3% logz-ratio=20890561.41+/-0.19 dlogz:inf>0.01]5286it [1:15:27,  4.74s/it, bound:836 nc:1126 ncall:1.9e+06 eff:0.3% logz-ratio=20894469.78+/-0.19 dlogz:inf>0.01]5290it [1:15:46,  4.79s/it, bound:837 nc:1119 ncall:1.9e+06 eff:0.3% logz-ratio=20906674.67+/-0.19 dlogz:inf>0.01]5294it [1:16:03,  4.61s/it, bound:838 nc:1043 ncall:1.9e+06 eff:0.3% logz-ratio=20919014.96+/-0.19 dlogz:inf>0.01]5298it [1:16:18,  4.30s/it, bound:839 nc:981 ncall:1.9e+06 eff:0.3% logz-ratio=20925626.32+/-0.19 dlogz:inf>0.01] 5302it [1:16:37,  4.49s/it, bound:840 nc:1176 ncall:1.9e+06 eff:0.3% logz-ratio=20928559.50+/-0.19 dlogz:inf>0.01]5306it [1:16:55,  4.50s/it, bound:841 nc:910 ncall:1.9e+06 eff:0.3% logz-ratio=20936626.75+/-0.19 dlogz:inf>0.01] 5310it [1:17:16,  4.68s/it, bound:842 nc:839 ncall:1.9e+06 eff:0.3% logz-ratio=20944570.67+/-0.19 dlogz:inf>0.01]5314it [1:17:38,  4.94s/it, bound:843 nc:676 ncall:1.9e+06 eff:0.3% logz-ratio=20949089.34+/-0.19 dlogz:inf>0.01]5318it [1:17:53,  4.56s/it, bound:844 nc:690 ncall:1.9e+06 eff:0.3% logz-ratio=20951926.04+/-0.19 dlogz:inf>0.01]5322it [1:18:13,  4.70s/it, bound:845 nc:1172 ncall:1.9e+06 eff:0.3% logz-ratio=20954912.35+/-0.19 dlogz:inf>0.01]5326it [1:18:28,  4.46s/it, bound:846 nc:1044 ncall:1.9e+06 eff:0.3% logz-ratio=20962535.86+/-0.19 dlogz:inf>0.01]5330it [1:18:45,  4.37s/it, bound:847 nc:988 ncall:1.9e+06 eff:0.3% logz-ratio=20971406.72+/-0.19 dlogz:inf>0.01] 5334it [1:19:03,  4.42s/it, bound:848 nc:1117 ncall:1.9e+06 eff:0.3% logz-ratio=20976503.11+/-0.19 dlogz:inf>0.01]5338it [1:19:15,  3.97s/it, bound:849 nc:776 ncall:1.9e+06 eff:0.3% logz-ratio=20979266.93+/-0.19 dlogz:inf>0.01] 5342it [1:19:34,  4.25s/it, bound:850 nc:776 ncall:2.0e+06 eff:0.3% logz-ratio=20985611.52+/-0.19 dlogz:inf>0.01]5346it [1:19:56,  4.62s/it, bound:851 nc:803 ncall:2.0e+06 eff:0.3% logz-ratio=20995747.58+/-0.19 dlogz:inf>0.01]5350it [1:20:09,  4.18s/it, bound:852 nc:634 ncall:2.0e+06 eff:0.3% logz-ratio=21006214.51+/-0.19 dlogz:inf>0.01]5354it [1:20:34,  4.79s/it, bound:853 nc:632 ncall:2.0e+06 eff:0.3% logz-ratio=21012160.71+/-0.19 dlogz:inf>0.01]5358it [1:20:52,  4.70s/it, bound:854 nc:1034 ncall:2.0e+06 eff:0.3% logz-ratio=21015898.43+/-0.19 dlogz:inf>0.01]5362it [1:21:12,  4.82s/it, bound:855 nc:961 ncall:2.0e+06 eff:0.3% logz-ratio=21017788.43+/-0.19 dlogz:inf>0.01] 5366it [1:21:27,  4.49s/it, bound:856 nc:844 ncall:2.0e+06 eff:0.3% logz-ratio=21021428.83+/-0.19 dlogz:inf>0.01]5370it [1:21:49,  4.83s/it, bound:857 nc:1086 ncall:2.0e+06 eff:0.3% logz-ratio=21030853.87+/-0.19 dlogz:inf>0.01]5374it [1:22:04,  4.49s/it, bound:858 nc:974 ncall:2.0e+06 eff:0.3% logz-ratio=21035593.20+/-0.19 dlogz:inf>0.01] 5378it [1:22:25,  4.67s/it, bound:859 nc:899 ncall:2.0e+06 eff:0.3% logz-ratio=21042833.22+/-0.19 dlogz:inf>0.01]5381it [1:22:29,  3.87s/it, bound:860 nc:1222 ncall:2.0e+06 eff:0.3% logz-ratio=21049104.17+/-0.19 dlogz:inf>0.01]5382it [1:22:43,  4.98s/it, bound:860 nc:739 ncall:2.0e+06 eff:0.3% logz-ratio=21050043.72+/-0.19 dlogz:inf>0.01] 5386it [1:23:01,  4.78s/it, bound:861 nc:1121 ncall:2.0e+06 eff:0.3% logz-ratio=21055008.34+/-0.19 dlogz:inf>0.01]5390it [1:23:19,  4.68s/it, bound:862 nc:1084 ncall:2.0e+06 eff:0.3% logz-ratio=21058774.17+/-0.19 dlogz:inf>0.01]5394it [1:23:37,  4.61s/it, bound:863 nc:876 ncall:2.0e+06 eff:0.3% logz-ratio=21066956.40+/-0.19 dlogz:inf>0.01] 5398it [1:23:57,  4.72s/it, bound:864 nc:1116 ncall:2.0e+06 eff:0.3% logz-ratio=21077509.11+/-0.19 dlogz:inf>0.01]5402it [1:24:12,  4.42s/it, bound:865 nc:1032 ncall:2.0e+06 eff:0.3% logz-ratio=21081586.04+/-0.19 dlogz:inf>0.01]5406it [1:24:27,  4.21s/it, bound:866 nc:988 ncall:2.0e+06 eff:0.3% logz-ratio=21085661.78+/-0.19 dlogz:inf>0.01] 5410it [1:24:49,  4.62s/it, bound:867 nc:1569 ncall:2.0e+06 eff:0.3% logz-ratio=21088505.82+/-0.19 dlogz:inf>0.01]5414it [1:25:09,  4.73s/it, bound:868 nc:685 ncall:2.0e+06 eff:0.3% logz-ratio=21093922.10+/-0.19 dlogz:inf>0.01] 5418it [1:25:32,  5.07s/it, bound:869 nc:1194 ncall:2.0e+06 eff:0.3% logz-ratio=21102375.71+/-0.19 dlogz:inf>0.01]5422it [1:25:53,  5.10s/it, bound:870 nc:1247 ncall:2.0e+06 eff:0.3% logz-ratio=21105296.48+/-0.19 dlogz:inf>0.01]5426it [1:26:10,  4.88s/it, bound:871 nc:1126 ncall:2.0e+06 eff:0.3% logz-ratio=21108209.47+/-0.19 dlogz:inf>0.01]5430it [1:26:26,  4.56s/it, bound:872 nc:971 ncall:2.0e+06 eff:0.3% logz-ratio=21122253.03+/-0.19 dlogz:inf>0.01] 5434it [1:26:45,  4.65s/it, bound:873 nc:1168 ncall:2.0e+06 eff:0.3% logz-ratio=21126383.17+/-0.19 dlogz:inf>0.01]5438it [1:27:04,  4.69s/it, bound:874 nc:1167 ncall:2.1e+06 eff:0.3% logz-ratio=21129851.12+/-0.19 dlogz:inf>0.01]5442it [1:27:19,  4.39s/it, bound:875 nc:912 ncall:2.1e+06 eff:0.3% logz-ratio=21140206.82+/-0.19 dlogz:inf>0.01] 5446it [1:27:37,  4.40s/it, bound:876 nc:1212 ncall:2.1e+06 eff:0.3% logz-ratio=21145256.06+/-0.19 dlogz:inf>0.01]5450it [1:27:56,  4.54s/it, bound:877 nc:1106 ncall:2.1e+06 eff:0.3% logz-ratio=21153035.64+/-0.19 dlogz:inf>0.01]5454it [1:28:14,  4.50s/it, bound:878 nc:1071 ncall:2.1e+06 eff:0.3% logz-ratio=21159170.06+/-0.18 dlogz:inf>0.01]5457it [1:28:33,  4.99s/it, bound:879 nc:2217 ncall:2.1e+06 eff:0.3% logz-ratio=21169555.02+/-0.19 dlogz:inf>0.01]5461it [1:28:51,  4.80s/it, bound:880 nc:1192 ncall:2.1e+06 eff:0.3% logz-ratio=21178824.25+/-0.19 dlogz:inf>0.01]5465it [1:29:14,  5.14s/it, bound:881 nc:1614 ncall:2.1e+06 eff:0.3% logz-ratio=21184923.92+/-0.19 dlogz:inf>0.01]5469it [1:29:32,  4.89s/it, bound:882 nc:1030 ncall:2.1e+06 eff:0.3% logz-ratio=21187064.31+/-0.19 dlogz:inf>0.01]5473it [1:29:47,  4.55s/it, bound:883 nc:899 ncall:2.1e+06 eff:0.3% logz-ratio=21188924.45+/-0.19 dlogz:inf>0.01] 5477it [1:30:05,  4.55s/it, bound:884 nc:983 ncall:2.1e+06 eff:0.3% logz-ratio=21203624.35+/-0.19 dlogz:inf>0.01]5481it [1:30:22,  4.46s/it, bound:885 nc:1143 ncall:2.1e+06 eff:0.3% logz-ratio=21210141.85+/-0.19 dlogz:inf>0.01]5485it [1:30:42,  4.61s/it, bound:886 nc:1204 ncall:2.1e+06 eff:0.3% logz-ratio=21213279.74+/-0.19 dlogz:inf>0.01]5489it [1:30:59,  4.49s/it, bound:887 nc:931 ncall:2.1e+06 eff:0.3% logz-ratio=21215625.96+/-0.19 dlogz:inf>0.01] 5493it [1:31:23,  4.99s/it, bound:888 nc:768 ncall:2.1e+06 eff:0.3% logz-ratio=21222500.89+/-0.19 dlogz:inf>0.01]5497it [1:31:43,  4.93s/it, bound:889 nc:1322 ncall:2.1e+06 eff:0.3% logz-ratio=21229340.29+/-0.19 dlogz:inf>0.01]5501it [1:32:04,  5.02s/it, bound:890 nc:1408 ncall:2.1e+06 eff:0.3% logz-ratio=21233296.54+/-0.19 dlogz:inf>0.01]5505it [1:32:20,  4.76s/it, bound:891 nc:1129 ncall:2.1e+06 eff:0.3% logz-ratio=21236875.41+/-0.19 dlogz:inf>0.01]5509it [1:32:39,  4.71s/it, bound:892 nc:1096 ncall:2.1e+06 eff:0.3% logz-ratio=21246225.92+/-0.19 dlogz:inf>0.01]5510it [1:32:43,  4.66s/it, bound:892 nc:889 ncall:2.1e+06 eff:0.3% logz-ratio=21246406.74+/-0.19 dlogz:inf>0.01] 5513it [1:33:01,  5.10s/it, bound:893 nc:1177 ncall:2.1e+06 eff:0.3% logz-ratio=21250898.04+/-0.19 dlogz:inf>0.01]5517it [1:33:20,  4.97s/it, bound:894 nc:1292 ncall:2.1e+06 eff:0.3% logz-ratio=21254906.14+/-0.19 dlogz:inf>0.01]5521it [1:33:37,  4.72s/it, bound:895 nc:981 ncall:2.1e+06 eff:0.3% logz-ratio=21260088.77+/-0.19 dlogz:inf>0.01] 5525it [1:33:55,  4.64s/it, bound:896 nc:888 ncall:2.1e+06 eff:0.3% logz-ratio=21263758.12+/-0.19 dlogz:inf>0.01]5529it [1:34:12,  4.54s/it, bound:897 nc:930 ncall:2.1e+06 eff:0.3% logz-ratio=21269732.82+/-0.19 dlogz:inf>0.01]5533it [1:34:30,  4.48s/it, bound:898 nc:876 ncall:2.2e+06 eff:0.3% logz-ratio=21275191.26+/-0.19 dlogz:inf>0.01]5537it [1:34:46,  4.39s/it, bound:899 nc:1135 ncall:2.2e+06 eff:0.3% logz-ratio=21280071.19+/-0.19 dlogz:inf>0.01]5541it [1:35:04,  4.41s/it, bound:900 nc:750 ncall:2.2e+06 eff:0.3% logz-ratio=21283034.81+/-0.19 dlogz:inf>0.01] 5545it [1:35:22,  4.38s/it, bound:901 nc:647 ncall:2.2e+06 eff:0.3% logz-ratio=21286932.37+/-0.19 dlogz:inf>0.01]5549it [1:35:42,  4.58s/it, bound:902 nc:1052 ncall:2.2e+06 eff:0.3% logz-ratio=21293501.39+/-0.19 dlogz:inf>0.01]5553it [1:36:00,  4.62s/it, bound:903 nc:1306 ncall:2.2e+06 eff:0.3% logz-ratio=21297372.92+/-0.19 dlogz:inf>0.01]5557it [1:36:21,  4.76s/it, bound:904 nc:836 ncall:2.2e+06 eff:0.3% logz-ratio=21305510.65+/-0.19 dlogz:inf>0.01] 5561it [1:36:38,  4.62s/it, bound:905 nc:947 ncall:2.2e+06 eff:0.3% logz-ratio=21306694.72+/-0.19 dlogz:inf>0.01]5565it [1:36:58,  4.75s/it, bound:906 nc:1088 ncall:2.2e+06 eff:0.3% logz-ratio=21319590.51+/-0.19 dlogz:inf>0.01]5569it [1:37:14,  4.53s/it, bound:907 nc:1037 ncall:2.2e+06 eff:0.3% logz-ratio=21322016.37+/-0.19 dlogz:inf>0.01]5573it [1:37:30,  4.33s/it, bound:908 nc:913 ncall:2.2e+06 eff:0.3% logz-ratio=21327986.43+/-0.19 dlogz:inf>0.01] 5577it [1:37:56,  5.03s/it, bound:909 nc:1166 ncall:2.2e+06 eff:0.3% logz-ratio=21330732.55+/-0.19 dlogz:inf>0.01]5581it [1:38:17,  5.07s/it, bound:910 nc:1056 ncall:2.2e+06 eff:0.3% logz-ratio=21335050.96+/-0.19 dlogz:inf>0.01]5585it [1:38:33,  4.74s/it, bound:911 nc:1043 ncall:2.2e+06 eff:0.3% logz-ratio=21344031.57+/-0.19 dlogz:inf>0.01]5589it [1:38:49,  4.49s/it, bound:912 nc:736 ncall:2.2e+06 eff:0.3% logz-ratio=21348916.72+/-0.19 dlogz:inf>0.01] 5593it [1:39:12,  4.91s/it, bound:913 nc:852 ncall:2.2e+06 eff:0.3% logz-ratio=21353681.94+/-0.19 dlogz:inf>0.01]5597it [1:39:33,  5.03s/it, bound:914 nc:780 ncall:2.2e+06 eff:0.3% logz-ratio=21358248.94+/-0.19 dlogz:inf>0.01]5601it [1:39:49,  4.73s/it, bound:915 nc:850 ncall:2.2e+06 eff:0.3% logz-ratio=21359739.78+/-0.19 dlogz:inf>0.01]5605it [1:40:09,  4.76s/it, bound:916 nc:769 ncall:2.2e+06 eff:0.3% logz-ratio=21364923.00+/-0.19 dlogz:inf>0.01]5609it [1:40:29,  4.83s/it, bound:917 nc:858 ncall:2.2e+06 eff:0.3% logz-ratio=21371159.38+/-0.19 dlogz:inf>0.01]5613it [1:40:53,  5.18s/it, bound:918 nc:714 ncall:2.2e+06 eff:0.3% logz-ratio=21378882.90+/-0.19 dlogz:inf>0.01]5617it [1:41:10,  4.91s/it, bound:919 nc:992 ncall:2.2e+06 eff:0.3% logz-ratio=21387143.30+/-0.19 dlogz:inf>0.01]5621it [1:41:25,  4.56s/it, bound:920 nc:816 ncall:2.2e+06 eff:0.3% logz-ratio=21391417.93+/-0.19 dlogz:inf>0.01]5625it [1:41:41,  4.41s/it, bound:921 nc:977 ncall:2.2e+06 eff:0.3% logz-ratio=21396400.27+/-0.19 dlogz:inf>0.01]5629it [1:41:58,  4.39s/it, bound:922 nc:1056 ncall:2.2e+06 eff:0.3% logz-ratio=21399643.52+/-0.19 dlogz:inf>0.01]5633it [1:42:15,  4.30s/it, bound:923 nc:1116 ncall:2.3e+06 eff:0.3% logz-ratio=21407730.81+/-0.19 dlogz:inf>0.01]5637it [1:42:36,  4.57s/it, bound:924 nc:761 ncall:2.3e+06 eff:0.3% logz-ratio=21414886.64+/-0.19 dlogz:inf>0.01] 5641it [1:42:53,  4.49s/it, bound:925 nc:1139 ncall:2.3e+06 eff:0.2% logz-ratio=21422138.41+/-0.19 dlogz:inf>0.01]5644it [1:42:55,  3.56s/it, bound:926 nc:1161 ncall:2.3e+06 eff:0.2% logz-ratio=21425596.78+/-0.19 dlogz:inf>0.01]5645it [1:43:15,  5.30s/it, bound:926 nc:1030 ncall:2.3e+06 eff:0.2% logz-ratio=21427156.01+/-0.19 dlogz:inf>0.01]5649it [1:43:34,  5.06s/it, bound:927 nc:1284 ncall:2.3e+06 eff:0.2% logz-ratio=21430489.65+/-0.19 dlogz:inf>0.01]5653it [1:43:58,  5.39s/it, bound:928 nc:405 ncall:2.3e+06 eff:0.2% logz-ratio=21437756.68+/-0.19 dlogz:inf>0.01] 5657it [1:44:17,  5.20s/it, bound:929 nc:1028 ncall:2.3e+06 eff:0.2% logz-ratio=21441576.45+/-0.19 dlogz:inf>0.01]5661it [1:44:34,  4.90s/it, bound:930 nc:1083 ncall:2.3e+06 eff:0.2% logz-ratio=21446506.57+/-0.19 dlogz:inf>0.01]5665it [1:44:54,  4.89s/it, bound:931 nc:1179 ncall:2.3e+06 eff:0.2% logz-ratio=21448211.13+/-0.19 dlogz:inf>0.01]5669it [1:45:13,  4.90s/it, bound:932 nc:944 ncall:2.3e+06 eff:0.2% logz-ratio=21451122.25+/-0.19 dlogz:inf>0.01] 5673it [1:45:32,  4.85s/it, bound:933 nc:690 ncall:2.3e+06 eff:0.2% logz-ratio=21455224.48+/-0.19 dlogz:inf>0.01]5677it [1:45:51,  4.78s/it, bound:934 nc:1182 ncall:2.3e+06 eff:0.2% logz-ratio=21459112.61+/-0.19 dlogz:inf>0.01]5681it [1:46:11,  4.88s/it, bound:935 nc:998 ncall:2.3e+06 eff:0.2% logz-ratio=21466817.29+/-0.19 dlogz:inf>0.01] 5685it [1:46:25,  4.44s/it, bound:936 nc:916 ncall:2.3e+06 eff:0.2% logz-ratio=21470697.51+/-0.19 dlogz:inf>0.01]5689it [1:46:42,  4.38s/it, bound:937 nc:1130 ncall:2.3e+06 eff:0.2% logz-ratio=21480010.55+/-0.19 dlogz:inf>0.01]5693it [1:46:58,  4.29s/it, bound:938 nc:1096 ncall:2.3e+06 eff:0.2% logz-ratio=21483023.41+/-0.19 dlogz:inf>0.01]5697it [1:47:13,  4.12s/it, bound:939 nc:913 ncall:2.3e+06 eff:0.2% logz-ratio=21495738.71+/-0.19 dlogz:inf>0.01] 5701it [1:47:31,  4.24s/it, bound:940 nc:915 ncall:2.3e+06 eff:0.2% logz-ratio=21500457.13+/-0.19 dlogz:inf>0.01]5705it [1:47:55,  4.78s/it, bound:941 nc:1509 ncall:2.3e+06 eff:0.2% logz-ratio=21508673.74+/-0.19 dlogz:inf>0.01]5709it [1:48:20,  5.23s/it, bound:942 nc:1356 ncall:2.3e+06 eff:0.2% logz-ratio=21514816.42+/-0.19 dlogz:inf>0.01]5713it [1:48:45,  5.54s/it, bound:943 nc:834 ncall:2.3e+06 eff:0.2% logz-ratio=21520154.01+/-0.19 dlogz:inf>0.01] 5717it [1:49:14,  6.05s/it, bound:944 nc:1446 ncall:2.3e+06 eff:0.2% logz-ratio=21529841.67+/-0.19 dlogz:inf>0.01]5721it [1:49:39,  6.11s/it, bound:945 nc:1075 ncall:2.3e+06 eff:0.2% logz-ratio=21532579.59+/-0.19 dlogz:inf>0.01]5725it [1:50:05,  6.18s/it, bound:946 nc:573 ncall:2.3e+06 eff:0.2% logz-ratio=21542578.32+/-0.19 dlogz:inf>0.01] 5729it [1:50:28,  6.05s/it, bound:947 nc:806 ncall:2.3e+06 eff:0.2% logz-ratio=21548809.86+/-0.19 dlogz:inf>0.01]5733it [1:50:55,  6.27s/it, bound:948 nc:1104 ncall:2.4e+06 eff:0.2% logz-ratio=21560071.23+/-0.19 dlogz:inf>0.01]5737it [1:51:17,  6.04s/it, bound:949 nc:1098 ncall:2.4e+06 eff:0.2% logz-ratio=21563709.34+/-0.19 dlogz:inf>0.01]5741it [1:51:46,  6.40s/it, bound:950 nc:1304 ncall:2.4e+06 eff:0.2% logz-ratio=21572008.02+/-0.19 dlogz:inf>0.01]5745it [1:52:13,  6.47s/it, bound:951 nc:804 ncall:2.4e+06 eff:0.2% logz-ratio=21579160.23+/-0.19 dlogz:inf>0.01] 5749it [1:52:41,  6.64s/it, bound:952 nc:1403 ncall:2.4e+06 eff:0.2% logz-ratio=21585418.03+/-0.19 dlogz:inf>0.01]5753it [1:53:03,  6.30s/it, bound:953 nc:940 ncall:2.4e+06 eff:0.2% logz-ratio=21590932.80+/-0.19 dlogz:inf>0.01] 5757it [1:53:29,  6.39s/it, bound:954 nc:1297 ncall:2.4e+06 eff:0.2% logz-ratio=21595772.74+/-0.19 dlogz:inf>0.01]5758it [1:53:35,  6.39s/it, bound:954 nc:1089 ncall:2.4e+06 eff:0.2% logz-ratio=21596268.31+/-0.19 dlogz:inf>0.01]5761it [1:54:00,  6.87s/it, bound:955 nc:1115 ncall:2.4e+06 eff:0.2% logz-ratio=21603518.16+/-0.19 dlogz:inf>0.01]5765it [1:54:24,  6.55s/it, bound:956 nc:879 ncall:2.4e+06 eff:0.2% logz-ratio=21609395.76+/-0.19 dlogz:inf>0.01] 5769it [1:54:44,  6.06s/it, bound:957 nc:934 ncall:2.4e+06 eff:0.2% logz-ratio=21614516.69+/-0.19 dlogz:inf>0.01]5773it [1:55:06,  5.92s/it, bound:958 nc:1020 ncall:2.4e+06 eff:0.2% logz-ratio=21616472.27+/-0.19 dlogz:inf>0.01]5777it [1:55:32,  6.09s/it, bound:959 nc:1393 ncall:2.4e+06 eff:0.2% logz-ratio=21619192.17+/-0.19 dlogz:inf>0.01]5781it [1:55:50,  5.61s/it, bound:960 nc:1096 ncall:2.4e+06 eff:0.2% logz-ratio=21627372.15+/-0.19 dlogz:inf>0.01]5785it [1:56:19,  6.05s/it, bound:961 nc:1285 ncall:2.4e+06 eff:0.2% logz-ratio=21631766.55+/-0.19 dlogz:inf>0.01]5789it [1:56:42,  6.02s/it, bound:962 nc:1202 ncall:2.4e+06 eff:0.2% logz-ratio=21635453.55+/-0.19 dlogz:inf>0.01]5793it [1:57:09,  6.18s/it, bound:963 nc:911 ncall:2.4e+06 eff:0.2% logz-ratio=21639107.30+/-0.19 dlogz:inf>0.01] 5797it [1:57:33,  6.18s/it, bound:964 nc:882 ncall:2.4e+06 eff:0.2% logz-ratio=21640673.17+/-0.19 dlogz:inf>0.01]5801it [1:57:57,  6.07s/it, bound:965 nc:1145 ncall:2.4e+06 eff:0.2% logz-ratio=21644756.47+/-0.19 dlogz:inf>0.01]5805it [1:58:33,  6.99s/it, bound:966 nc:924 ncall:2.4e+06 eff:0.2% logz-ratio=21654041.27+/-0.19 dlogz:inf>0.01] 5808it [1:58:57,  7.25s/it, bound:967 nc:2908 ncall:2.4e+06 eff:0.2% logz-ratio=21661098.82+/-0.19 dlogz:inf>0.01]5812it [1:59:30,  7.56s/it, bound:968 nc:1210 ncall:2.4e+06 eff:0.2% logz-ratio=21663880.96+/-0.19 dlogz:inf>0.01]5816it [1:59:47,  6.55s/it, bound:969 nc:844 ncall:2.4e+06 eff:0.2% logz-ratio=21669606.33+/-0.19 dlogz:inf>0.01] 5820it [2:00:16,  6.77s/it, bound:970 nc:1540 ncall:2.4e+06 eff:0.2% logz-ratio=21679344.70+/-0.19 dlogz:inf>0.01]5824it [2:00:40,  6.50s/it, bound:971 nc:713 ncall:2.4e+06 eff:0.2% logz-ratio=21684936.02+/-0.19 dlogz:inf>0.01] 5828it [2:01:03,  6.25s/it, bound:972 nc:1110 ncall:2.5e+06 eff:0.2% logz-ratio=21686551.04+/-0.19 dlogz:inf>0.01]5832it [2:01:26,  6.13s/it, bound:973 nc:1058 ncall:2.5e+06 eff:0.2% logz-ratio=21690840.16+/-0.19 dlogz:inf>0.01]5836it [2:01:50,  6.09s/it, bound:974 nc:924 ncall:2.5e+06 eff:0.2% logz-ratio=21692650.97+/-0.19 dlogz:inf>0.01] 5840it [2:02:22,  6.66s/it, bound:975 nc:1483 ncall:2.5e+06 eff:0.2% logz-ratio=21699364.77+/-0.19 dlogz:inf>0.01]5844it [2:02:41,  6.09s/it, bound:976 nc:605 ncall:2.5e+06 eff:0.2% logz-ratio=21706309.85+/-0.19 dlogz:inf>0.01] 5848it [2:03:03,  5.94s/it, bound:977 nc:1146 ncall:2.5e+06 eff:0.2% logz-ratio=21709557.29+/-0.19 dlogz:inf>0.01]5852it [2:03:25,  5.79s/it, bound:978 nc:936 ncall:2.5e+06 eff:0.2% logz-ratio=21713004.88+/-0.19 dlogz:inf>0.01] 5856it [2:03:48,  5.77s/it, bound:979 nc:719 ncall:2.5e+06 eff:0.2% logz-ratio=21717231.81+/-0.19 dlogz:inf>0.01]5858it [2:03:54,  5.30s/it, bound:979 nc:893 ncall:2.5e+06 eff:0.2% logz-ratio=21718433.75+/-0.19 dlogz:inf>0.01]5860it [2:04:17,  6.56s/it, bound:980 nc:1190 ncall:2.5e+06 eff:0.2% logz-ratio=21718550.40+/-0.19 dlogz:inf>0.01]5864it [2:04:37,  5.99s/it, bound:981 nc:1101 ncall:2.5e+06 eff:0.2% logz-ratio=21722000.97+/-0.19 dlogz:inf>0.01]5868it [2:04:56,  5.53s/it, bound:982 nc:936 ncall:2.5e+06 eff:0.2% logz-ratio=21726004.85+/-0.19 dlogz:inf>0.01] 5872it [2:05:22,  5.84s/it, bound:983 nc:1115 ncall:2.5e+06 eff:0.2% logz-ratio=21730953.48+/-0.19 dlogz:inf>0.01]5876it [2:05:41,  5.47s/it, bound:984 nc:701 ncall:2.5e+06 eff:0.2% logz-ratio=21737240.98+/-0.19 dlogz:inf>0.01] 5880it [2:06:07,  5.83s/it, bound:985 nc:1113 ncall:2.5e+06 eff:0.2% logz-ratio=21743080.44+/-0.19 dlogz:inf>0.01]5884it [2:06:31,  5.88s/it, bound:986 nc:1237 ncall:2.5e+06 eff:0.2% logz-ratio=21745607.99+/-0.19 dlogz:inf>0.01]5888it [2:06:52,  5.70s/it, bound:987 nc:1033 ncall:2.5e+06 eff:0.2% logz-ratio=21751852.68+/-0.19 dlogz:inf>0.01]5892it [2:07:16,  5.75s/it, bound:988 nc:1130 ncall:2.5e+06 eff:0.2% logz-ratio=21754500.28+/-0.19 dlogz:inf>0.01]5896it [2:07:38,  5.71s/it, bound:989 nc:1055 ncall:2.5e+06 eff:0.2% logz-ratio=21758776.63+/-0.19 dlogz:inf>0.01]5900it [2:07:59,  5.56s/it, bound:990 nc:1011 ncall:2.5e+06 eff:0.2% logz-ratio=21761827.93+/-0.19 dlogz:inf>0.01]5904it [2:08:26,  5.89s/it, bound:991 nc:1027 ncall:2.5e+06 eff:0.2% logz-ratio=21764990.63+/-0.19 dlogz:inf>0.01]5908it [2:08:50,  5.94s/it, bound:992 nc:660 ncall:2.5e+06 eff:0.2% logz-ratio=21771814.57+/-0.19 dlogz:inf>0.01] 5912it [2:09:15,  6.01s/it, bound:993 nc:1467 ncall:2.5e+06 eff:0.2% logz-ratio=21776974.92+/-0.19 dlogz:inf>0.01]5916it [2:09:34,  5.67s/it, bound:994 nc:674 ncall:2.5e+06 eff:0.2% logz-ratio=21783361.41+/-0.19 dlogz:inf>0.01] 5920it [2:09:57,  5.66s/it, bound:995 nc:932 ncall:2.5e+06 eff:0.2% logz-ratio=21786272.21+/-0.19 dlogz:inf>0.01]5924it [2:10:14,  5.28s/it, bound:996 nc:1090 ncall:2.6e+06 eff:0.2% logz-ratio=21790953.37+/-0.19 dlogz:inf>0.01]5928it [2:10:38,  5.45s/it, bound:997 nc:1192 ncall:2.6e+06 eff:0.2% logz-ratio=21792943.14+/-0.19 dlogz:inf>0.01]5932it [2:10:59,  5.42s/it, bound:998 nc:1313 ncall:2.6e+06 eff:0.2% logz-ratio=21796185.64+/-0.19 dlogz:inf>0.01]5936it [2:11:22,  5.51s/it, bound:999 nc:1591 ncall:2.6e+06 eff:0.2% logz-ratio=21799695.14+/-0.19 dlogz:inf>0.01]5940it [2:11:38,  5.04s/it, bound:1000 nc:973 ncall:2.6e+06 eff:0.2% logz-ratio=21808241.01+/-0.19 dlogz:inf>0.01]5944it [2:11:56,  4.89s/it, bound:1001 nc:516 ncall:2.6e+06 eff:0.2% logz-ratio=21813836.92+/-0.19 dlogz:inf>0.01]5948it [2:12:13,  4.68s/it, bound:1002 nc:1131 ncall:2.6e+06 eff:0.2% logz-ratio=21823351.86+/-0.19 dlogz:inf>0.01]5952it [2:12:34,  4.86s/it, bound:1003 nc:1221 ncall:2.6e+06 eff:0.2% logz-ratio=21828304.29+/-0.19 dlogz:inf>0.01]5956it [2:12:54,  4.92s/it, bound:1004 nc:978 ncall:2.6e+06 eff:0.2% logz-ratio=21831133.41+/-0.19 dlogz:inf>0.01] 5960it [2:13:11,  4.70s/it, bound:1005 nc:1025 ncall:2.6e+06 eff:0.2% logz-ratio=21835395.91+/-0.19 dlogz:inf>0.01]5964it [2:13:30,  4.76s/it, bound:1006 nc:1344 ncall:2.6e+06 eff:0.2% logz-ratio=21837798.78+/-0.19 dlogz:inf>0.01]5968it [2:13:52,  4.95s/it, bound:1007 nc:1487 ncall:2.6e+06 eff:0.2% logz-ratio=21840690.05+/-0.19 dlogz:inf>0.01]5972it [2:14:12,  4.94s/it, bound:1008 nc:1146 ncall:2.6e+06 eff:0.2% logz-ratio=21845635.59+/-0.19 dlogz:inf>0.01]5976it [2:14:30,  4.83s/it, bound:1009 nc:819 ncall:2.6e+06 eff:0.2% logz-ratio=21849613.34+/-0.19 dlogz:inf>0.01] 5980it [2:14:46,  4.57s/it, bound:1010 nc:936 ncall:2.6e+06 eff:0.2% logz-ratio=21855427.22+/-0.19 dlogz:inf>0.01]5984it [2:15:07,  4.76s/it, bound:1011 nc:1105 ncall:2.6e+06 eff:0.2% logz-ratio=21859002.88+/-0.19 dlogz:inf>0.01]5988it [2:15:22,  4.46s/it, bound:1012 nc:569 ncall:2.6e+06 eff:0.2% logz-ratio=21862052.49+/-0.19 dlogz:inf>0.01] 5992it [2:15:43,  4.70s/it, bound:1013 nc:1428 ncall:2.6e+06 eff:0.2% logz-ratio=21863271.03+/-0.19 dlogz:inf>0.01]5995it [2:16:02,  5.13s/it, bound:1014 nc:2160 ncall:2.6e+06 eff:0.2% logz-ratio=21876592.17+/-0.19 dlogz:inf>0.01]5999it [2:16:22,  5.09s/it, bound:1015 nc:1036 ncall:2.6e+06 eff:0.2% logz-ratio=21878885.98+/-0.19 dlogz:inf>0.01]6003it [2:16:41,  4.95s/it, bound:1016 nc:1182 ncall:2.6e+06 eff:0.2% logz-ratio=21883124.94+/-0.19 dlogz:inf>0.01]6007it [2:16:59,  4.81s/it, bound:1017 nc:1101 ncall:2.6e+06 eff:0.2% logz-ratio=21888837.52+/-0.19 dlogz:inf>0.01]6011it [2:17:21,  5.04s/it, bound:1018 nc:1522 ncall:2.6e+06 eff:0.2% logz-ratio=21897683.36+/-0.19 dlogz:inf>0.01]6015it [2:17:41,  5.04s/it, bound:1019 nc:549 ncall:2.7e+06 eff:0.2% logz-ratio=21904038.11+/-0.19 dlogz:inf>0.01] 6019it [2:17:58,  4.79s/it, bound:1020 nc:1018 ncall:2.7e+06 eff:0.2% logz-ratio=21906047.22+/-0.19 dlogz:inf>0.01]6023it [2:18:18,  4.88s/it, bound:1021 nc:866 ncall:2.7e+06 eff:0.2% logz-ratio=21914306.79+/-0.19 dlogz:inf>0.01] 6027it [2:18:39,  4.94s/it, bound:1022 nc:1207 ncall:2.7e+06 eff:0.2% logz-ratio=21918392.26+/-0.19 dlogz:inf>0.01]6031it [2:19:02,  5.23s/it, bound:1023 nc:1612 ncall:2.7e+06 eff:0.2% logz-ratio=21920981.27+/-0.19 dlogz:inf>0.01]6035it [2:19:19,  4.95s/it, bound:1024 nc:708 ncall:2.7e+06 eff:0.2% logz-ratio=21922472.92+/-0.19 dlogz:inf>0.01] 6039it [2:19:39,  4.97s/it, bound:1025 nc:883 ncall:2.7e+06 eff:0.2% logz-ratio=21925463.33+/-0.19 dlogz:inf>0.01]6043it [2:19:59,  4.97s/it, bound:1026 nc:1358 ncall:2.7e+06 eff:0.2% logz-ratio=21929041.81+/-0.19 dlogz:inf>0.01]6047it [2:20:19,  4.93s/it, bound:1027 nc:1192 ncall:2.7e+06 eff:0.2% logz-ratio=21935802.06+/-0.19 dlogz:inf>0.01]6051it [2:20:42,  5.19s/it, bound:1028 nc:1245 ncall:2.7e+06 eff:0.2% logz-ratio=21939952.83+/-0.19 dlogz:inf>0.01]6055it [2:21:06,  5.44s/it, bound:1029 nc:735 ncall:2.7e+06 eff:0.2% logz-ratio=21945325.83+/-0.19 dlogz:inf>0.01] 6059it [2:21:30,  5.59s/it, bound:1030 nc:535 ncall:2.7e+06 eff:0.2% logz-ratio=21948693.82+/-0.19 dlogz:inf>0.01]6063it [2:21:50,  5.43s/it, bound:1031 nc:1089 ncall:2.7e+06 eff:0.2% logz-ratio=21952272.67+/-0.19 dlogz:inf>0.01]6067it [2:22:08,  5.15s/it, bound:1032 nc:974 ncall:2.7e+06 eff:0.2% logz-ratio=21959048.37+/-0.20 dlogz:inf>0.01] 6071it [2:22:33,  5.52s/it, bound:1033 nc:414 ncall:2.7e+06 eff:0.2% logz-ratio=21960950.28+/-0.20 dlogz:inf>0.01]6075it [2:22:52,  5.26s/it, bound:1034 nc:1175 ncall:2.7e+06 eff:0.2% logz-ratio=21963643.08+/-0.20 dlogz:inf>0.01]6079it [2:23:08,  4.85s/it, bound:1035 nc:889 ncall:2.7e+06 eff:0.2% logz-ratio=21967464.64+/-0.20 dlogz:inf>0.01] 6083it [2:23:30,  5.08s/it, bound:1036 nc:1309 ncall:2.7e+06 eff:0.2% logz-ratio=21972227.04+/-0.20 dlogz:inf>0.01]6087it [2:23:48,  4.89s/it, bound:1037 nc:1136 ncall:2.7e+06 eff:0.2% logz-ratio=21976915.10+/-0.20 dlogz:inf>0.01]6091it [2:24:07,  4.86s/it, bound:1038 nc:542 ncall:2.7e+06 eff:0.2% logz-ratio=21978623.10+/-0.20 dlogz:inf>0.01] 6095it [2:24:31,  5.19s/it, bound:1039 nc:1250 ncall:2.7e+06 eff:0.2% logz-ratio=21980975.47+/-0.20 dlogz:inf>0.01]6099it [2:24:50,  5.07s/it, bound:1040 nc:1093 ncall:2.7e+06 eff:0.2% logz-ratio=21981772.45+/-0.20 dlogz:inf>0.01]6103it [2:25:09,  4.95s/it, bound:1041 nc:825 ncall:2.7e+06 eff:0.2% logz-ratio=21984233.32+/-0.20 dlogz:inf>0.01] 6107it [2:25:30,  5.08s/it, bound:1042 nc:982 ncall:2.8e+06 eff:0.2% logz-ratio=21989061.62+/-0.20 dlogz:inf>0.01]6111it [2:25:48,  4.90s/it, bound:1043 nc:919 ncall:2.8e+06 eff:0.2% logz-ratio=21991125.56+/-0.20 dlogz:inf>0.01]6115it [2:26:07,  4.87s/it, bound:1044 nc:1329 ncall:2.8e+06 eff:0.2% logz-ratio=21995737.76+/-0.20 dlogz:inf>0.01]6119it [2:26:28,  4.93s/it, bound:1045 nc:847 ncall:2.8e+06 eff:0.2% logz-ratio=22002148.33+/-0.20 dlogz:inf>0.01] 6123it [2:26:50,  5.10s/it, bound:1046 nc:1516 ncall:2.8e+06 eff:0.2% logz-ratio=22003651.93+/-0.20 dlogz:inf>0.01]6127it [2:27:07,  4.84s/it, bound:1047 nc:1087 ncall:2.8e+06 eff:0.2% logz-ratio=22005801.59+/-0.20 dlogz:inf>0.01]6131it [2:27:28,  4.99s/it, bound:1048 nc:869 ncall:2.8e+06 eff:0.2% logz-ratio=22010408.12+/-0.20 dlogz:inf>0.01] 6135it [2:27:48,  4.99s/it, bound:1049 nc:1369 ncall:2.8e+06 eff:0.2% logz-ratio=22015187.16+/-0.20 dlogz:inf>0.01]6139it [2:28:06,  4.87s/it, bound:1050 nc:804 ncall:2.8e+06 eff:0.2% logz-ratio=22019179.16+/-0.20 dlogz:inf>0.01] 6143it [2:28:23,  4.63s/it, bound:1051 nc:961 ncall:2.8e+06 eff:0.2% logz-ratio=22023648.54+/-0.20 dlogz:inf>0.01]6147it [2:28:56,  5.79s/it, bound:1052 nc:929 ncall:2.8e+06 eff:0.2% logz-ratio=22028765.52+/-0.20 dlogz:inf>0.01]6151it [2:29:31,  6.62s/it, bound:1053 nc:1361 ncall:2.8e+06 eff:0.2% logz-ratio=22032196.34+/-0.20 dlogz:inf>0.01]6155it [2:30:06,  7.25s/it, bound:1054 nc:1402 ncall:2.8e+06 eff:0.2% logz-ratio=22034104.18+/-0.20 dlogz:inf>0.01]6159it [2:30:37,  7.46s/it, bound:1055 nc:1020 ncall:2.8e+06 eff:0.2% logz-ratio=22036966.52+/-0.20 dlogz:inf>0.01]6163it [2:31:07,  7.42s/it, bound:1056 nc:773 ncall:2.8e+06 eff:0.2% logz-ratio=22042522.84+/-0.20 dlogz:inf>0.01] 6167it [2:31:37,  7.49s/it, bound:1057 nc:1184 ncall:2.8e+06 eff:0.2% logz-ratio=22048511.75+/-0.20 dlogz:inf>0.01]6171it [2:32:06,  7.39s/it, bound:1058 nc:1256 ncall:2.8e+06 eff:0.2% logz-ratio=22051826.64+/-0.20 dlogz:inf>0.01]6175it [2:32:38,  7.55s/it, bound:1059 nc:1029 ncall:2.8e+06 eff:0.2% logz-ratio=22056054.16+/-0.20 dlogz:inf>0.01]6179it [2:33:14,  7.98s/it, bound:1060 nc:1158 ncall:2.8e+06 eff:0.2% logz-ratio=22059718.07+/-0.20 dlogz:inf>0.01]6183it [2:33:38,  7.42s/it, bound:1061 nc:781 ncall:2.8e+06 eff:0.2% logz-ratio=22065296.62+/-0.20 dlogz:inf>0.01] 6187it [2:34:18,  8.15s/it, bound:1062 nc:1561 ncall:2.8e+06 eff:0.2% logz-ratio=22070668.36+/-0.20 dlogz:inf>0.01]6188it [2:34:23,  7.92s/it, bound:1062 nc:1395 ncall:2.8e+06 eff:0.2% logz-ratio=22071005.02+/-0.20 dlogz:inf>0.01]6191it [2:34:56,  8.76s/it, bound:1063 nc:885 ncall:2.8e+06 eff:0.2% logz-ratio=22071651.25+/-0.20 dlogz:inf>0.01] 6195it [2:35:28,  8.51s/it, bound:1064 nc:1424 ncall:2.8e+06 eff:0.2% logz-ratio=22075194.10+/-0.20 dlogz:inf>0.01]6199it [2:36:06,  8.84s/it, bound:1065 nc:1050 ncall:2.8e+06 eff:0.2% logz-ratio=22081683.85+/-0.20 dlogz:inf>0.01]6203it [2:36:38,  8.55s/it, bound:1066 nc:1264 ncall:2.9e+06 eff:0.2% logz-ratio=22086083.19+/-0.20 dlogz:inf>0.01]6207it [2:37:19,  9.14s/it, bound:1067 nc:640 ncall:2.9e+06 eff:0.2% logz-ratio=22088174.32+/-0.20 dlogz:inf>0.01] 6211it [2:37:54,  8.99s/it, bound:1068 nc:1136 ncall:2.9e+06 eff:0.2% logz-ratio=22094515.47+/-0.20 dlogz:inf>0.01]6215it [2:38:32,  9.12s/it, bound:1069 nc:1209 ncall:2.9e+06 eff:0.2% logz-ratio=22097401.27+/-0.20 dlogz:inf>0.01]6219it [2:39:04,  8.85s/it, bound:1070 nc:1242 ncall:2.9e+06 eff:0.2% logz-ratio=22101592.01+/-0.20 dlogz:inf>0.01]6223it [2:39:37,  8.65s/it, bound:1071 nc:1231 ncall:2.9e+06 eff:0.2% logz-ratio=22103727.43+/-0.20 dlogz:inf>0.01]6227it [2:40:08,  8.39s/it, bound:1072 nc:824 ncall:2.9e+06 eff:0.2% logz-ratio=22105348.25+/-0.20 dlogz:inf>0.01] 6231it [2:40:40,  8.24s/it, bound:1073 nc:833 ncall:2.9e+06 eff:0.2% logz-ratio=22111895.10+/-0.20 dlogz:inf>0.01]6235it [2:41:17,  8.55s/it, bound:1074 nc:1066 ncall:2.9e+06 eff:0.2% logz-ratio=22119810.46+/-0.20 dlogz:inf>0.01]6239it [2:41:54,  8.76s/it, bound:1075 nc:1009 ncall:2.9e+06 eff:0.2% logz-ratio=22122057.69+/-0.20 dlogz:inf>0.01]6243it [2:42:20,  8.08s/it, bound:1076 nc:1065 ncall:2.9e+06 eff:0.2% logz-ratio=22126069.07+/-0.20 dlogz:inf>0.01]6247it [2:42:48,  7.75s/it, bound:1077 nc:1085 ncall:2.9e+06 eff:0.2% logz-ratio=22132285.74+/-0.20 dlogz:inf>0.01]6251it [2:43:22,  7.95s/it, bound:1078 nc:1109 ncall:2.9e+06 eff:0.2% logz-ratio=22137749.21+/-0.20 dlogz:inf>0.01]6255it [2:43:56,  8.14s/it, bound:1079 nc:1113 ncall:2.9e+06 eff:0.2% logz-ratio=22139940.83+/-0.20 dlogz:inf>0.01]6259it [2:44:27,  8.01s/it, bound:1080 nc:791 ncall:2.9e+06 eff:0.2% logz-ratio=22143618.82+/-0.20 dlogz:inf>0.01] 6263it [2:44:54,  7.66s/it, bound:1081 nc:1249 ncall:2.9e+06 eff:0.2% logz-ratio=22146745.14+/-0.20 dlogz:inf>0.01]6264it [2:45:00,  7.48s/it, bound:1081 nc:905 ncall:2.9e+06 eff:0.2% logz-ratio=22147127.99+/-0.20 dlogz:inf>0.01] 6267it [2:45:35,  8.71s/it, bound:1082 nc:787 ncall:2.9e+06 eff:0.2% logz-ratio=22149817.28+/-0.20 dlogz:inf>0.01]6271it [2:46:15,  9.20s/it, bound:1083 nc:713 ncall:2.9e+06 eff:0.2% logz-ratio=22153815.62+/-0.20 dlogz:inf>0.01]6275it [2:46:55,  9.44s/it, bound:1084 nc:1259 ncall:2.9e+06 eff:0.2% logz-ratio=22155605.03+/-0.20 dlogz:inf>0.01]6279it [2:47:30,  9.21s/it, bound:1085 nc:1431 ncall:2.9e+06 eff:0.2% logz-ratio=22161462.11+/-0.20 dlogz:inf>0.01]6283it [2:48:02,  8.87s/it, bound:1086 nc:871 ncall:2.9e+06 eff:0.2% logz-ratio=22164297.41+/-0.20 dlogz:inf>0.01] 6287it [2:48:35,  8.64s/it, bound:1087 nc:538 ncall:2.9e+06 eff:0.2% logz-ratio=22172887.70+/-0.20 dlogz:inf>0.01]6291it [2:49:02,  8.03s/it, bound:1088 nc:776 ncall:3.0e+06 eff:0.2% logz-ratio=22176826.39+/-0.20 dlogz:inf>0.01]6295it [2:49:36,  8.17s/it, bound:1089 nc:1520 ncall:3.0e+06 eff:0.2% logz-ratio=22179632.89+/-0.20 dlogz:inf>0.01]6299it [2:50:07,  8.08s/it, bound:1090 nc:1184 ncall:3.0e+06 eff:0.2% logz-ratio=22183184.32+/-0.20 dlogz:inf>0.01]6303it [2:50:39,  8.05s/it, bound:1091 nc:1168 ncall:3.0e+06 eff:0.2% logz-ratio=22185517.78+/-0.20 dlogz:inf>0.01]6307it [2:51:14,  8.28s/it, bound:1092 nc:1403 ncall:3.0e+06 eff:0.2% logz-ratio=22189158.17+/-0.20 dlogz:inf>0.01]6311it [2:51:44,  8.02s/it, bound:1093 nc:1124 ncall:3.0e+06 eff:0.2% logz-ratio=22197096.15+/-0.20 dlogz:inf>0.01]6315it [2:52:16,  8.06s/it, bound:1094 nc:1283 ncall:3.0e+06 eff:0.2% logz-ratio=22208759.77+/-0.20 dlogz:inf>0.01]6319it [2:52:49,  8.06s/it, bound:1095 nc:1140 ncall:3.0e+06 eff:0.2% logz-ratio=22210420.27+/-0.20 dlogz:inf>0.01]6323it [2:53:23,  8.25s/it, bound:1096 nc:1018 ncall:3.0e+06 eff:0.2% logz-ratio=22220754.65+/-0.20 dlogz:inf>0.01]6327it [2:53:57,  8.26s/it, bound:1097 nc:1151 ncall:3.0e+06 eff:0.2% logz-ratio=22225933.42+/-0.20 dlogz:inf>0.01]6331it [2:54:36,  8.74s/it, bound:1098 nc:1523 ncall:3.0e+06 eff:0.2% logz-ratio=22232255.19+/-0.20 dlogz:inf>0.01]6335it [2:55:15,  9.05s/it, bound:1099 nc:1120 ncall:3.0e+06 eff:0.2% logz-ratio=22233204.73+/-0.20 dlogz:inf>0.01]6336it [2:55:23,  8.92s/it, bound:1099 nc:1447 ncall:3.0e+06 eff:0.2% logz-ratio=22234548.71+/-0.20 dlogz:inf>0.01]6339it [2:55:57,  9.65s/it, bound:1100 nc:1184 ncall:3.0e+06 eff:0.2% logz-ratio=22238050.58+/-0.20 dlogz:inf>0.01]6343it [2:56:39,  9.97s/it, bound:1101 nc:1683 ncall:3.0e+06 eff:0.2% logz-ratio=22241747.38+/-0.20 dlogz:inf>0.01]6347it [2:57:22, 10.21s/it, bound:1102 nc:1787 ncall:3.0e+06 eff:0.2% logz-ratio=22243568.28+/-0.20 dlogz:inf>0.01]6351it [2:57:57,  9.72s/it, bound:1103 nc:595 ncall:3.0e+06 eff:0.2% logz-ratio=22244501.57+/-0.20 dlogz:inf>0.01] 6355it [2:58:27,  9.03s/it, bound:1104 nc:1323 ncall:3.0e+06 eff:0.2% logz-ratio=22248034.34+/-0.20 dlogz:inf>0.01]6359it [2:58:51,  8.10s/it, bound:1105 nc:1175 ncall:3.0e+06 eff:0.2% logz-ratio=22254256.74+/-0.20 dlogz:inf>0.01]6363it [2:59:18,  7.64s/it, bound:1106 nc:1335 ncall:3.0e+06 eff:0.2% logz-ratio=22260715.04+/-0.20 dlogz:inf>0.01]6367it [2:59:42,  7.17s/it, bound:1107 nc:1136 ncall:3.0e+06 eff:0.2% logz-ratio=22262871.17+/-0.20 dlogz:inf>0.01]6371it [3:00:03,  6.57s/it, bound:1108 nc:1120 ncall:3.0e+06 eff:0.2% logz-ratio=22265732.76+/-0.20 dlogz:inf>0.01]6375it [3:00:25,  6.23s/it, bound:1109 nc:985 ncall:3.1e+06 eff:0.2% logz-ratio=22272125.73+/-0.20 dlogz:inf>0.01] 6379it [3:00:52,  6.43s/it, bound:1110 nc:877 ncall:3.1e+06 eff:0.2% logz-ratio=22277403.39+/-0.20 dlogz:inf>0.01]6383it [3:01:15,  6.20s/it, bound:1111 nc:479 ncall:3.1e+06 eff:0.2% logz-ratio=22281778.95+/-0.20 dlogz:inf>0.01]6387it [3:01:36,  5.90s/it, bound:1112 nc:1410 ncall:3.1e+06 eff:0.2% logz-ratio=22285742.55+/-0.20 dlogz:inf>0.01]6391it [3:01:58,  5.80s/it, bound:1113 nc:1218 ncall:3.1e+06 eff:0.2% logz-ratio=22289748.37+/-0.20 dlogz:inf>0.01]6395it [3:02:17,  5.46s/it, bound:1114 nc:808 ncall:3.1e+06 eff:0.2% logz-ratio=22292950.47+/-0.20 dlogz:inf>0.01] 6399it [3:02:36,  5.26s/it, bound:1115 nc:1298 ncall:3.1e+06 eff:0.2% logz-ratio=22294916.98+/-0.20 dlogz:inf>0.01]6403it [3:02:58,  5.39s/it, bound:1116 nc:1574 ncall:3.1e+06 eff:0.2% logz-ratio=22299227.53+/-0.20 dlogz:inf>0.01]6407it [3:03:21,  5.46s/it, bound:1117 nc:1533 ncall:3.1e+06 eff:0.2% logz-ratio=22302737.47+/-0.20 dlogz:inf>0.01]6411it [3:03:42,  5.39s/it, bound:1118 nc:1058 ncall:3.1e+06 eff:0.2% logz-ratio=22305683.60+/-0.20 dlogz:inf>0.01]6415it [3:04:01,  5.23s/it, bound:1119 nc:1310 ncall:3.1e+06 eff:0.2% logz-ratio=22309757.53+/-0.20 dlogz:inf>0.01]6419it [3:04:20,  5.07s/it, bound:1120 nc:1220 ncall:3.1e+06 eff:0.2% logz-ratio=22315395.47+/-0.20 dlogz:inf>0.01]6423it [3:04:41,  5.09s/it, bound:1121 nc:1404 ncall:3.1e+06 eff:0.2% logz-ratio=22317990.44+/-0.20 dlogz:inf>0.01]6427it [3:05:02,  5.20s/it, bound:1122 nc:1494 ncall:3.1e+06 eff:0.2% logz-ratio=22319529.47+/-0.20 dlogz:inf>0.01]6431it [3:05:26,  5.38s/it, bound:1123 nc:1473 ncall:3.1e+06 eff:0.2% logz-ratio=22324643.00+/-0.20 dlogz:inf>0.01]6435it [3:05:50,  5.61s/it, bound:1124 nc:1492 ncall:3.1e+06 eff:0.2% logz-ratio=22326995.22+/-0.20 dlogz:inf>0.01]6436it [3:05:57,  5.67s/it, bound:1124 nc:1225 ncall:3.1e+06 eff:0.2% logz-ratio=22327399.75+/-0.20 dlogz:inf>0.01]6439it [3:06:16,  5.95s/it, bound:1125 nc:1366 ncall:3.1e+06 eff:0.2% logz-ratio=22329088.00+/-0.20 dlogz:inf>0.01]6443it [3:06:34,  5.43s/it, bound:1126 nc:742 ncall:3.1e+06 eff:0.2% logz-ratio=22335051.15+/-0.20 dlogz:inf>0.01] 6447it [3:06:54,  5.25s/it, bound:1127 nc:1315 ncall:3.1e+06 eff:0.2% logz-ratio=22338264.12+/-0.20 dlogz:inf>0.01]6451it [3:07:14,  5.17s/it, bound:1128 nc:1350 ncall:3.1e+06 eff:0.2% logz-ratio=22342732.79+/-0.20 dlogz:inf>0.01]6455it [3:07:35,  5.21s/it, bound:1129 nc:968 ncall:3.1e+06 eff:0.2% logz-ratio=22347012.43+/-0.20 dlogz:inf>0.01] 6459it [3:08:00,  5.50s/it, bound:1130 nc:966 ncall:3.1e+06 eff:0.2% logz-ratio=22350551.18+/-0.20 dlogz:inf>0.01]6463it [3:08:24,  5.69s/it, bound:1131 nc:1668 ncall:3.2e+06 eff:0.2% logz-ratio=22355272.06+/-0.20 dlogz:inf>0.01]6467it [3:08:45,  5.54s/it, bound:1132 nc:1185 ncall:3.2e+06 eff:0.2% logz-ratio=22357002.75+/-0.20 dlogz:inf>0.01]6471it [3:09:05,  5.41s/it, bound:1133 nc:1366 ncall:3.2e+06 eff:0.2% logz-ratio=22361681.00+/-0.20 dlogz:inf>0.01]6475it [3:09:30,  5.65s/it, bound:1134 nc:1727 ncall:3.2e+06 eff:0.2% logz-ratio=22365511.13+/-0.20 dlogz:inf>0.01]6479it [3:09:53,  5.68s/it, bound:1135 nc:994 ncall:3.2e+06 eff:0.2% logz-ratio=22367363.27+/-0.20 dlogz:inf>0.01] 6483it [3:10:22,  6.11s/it, bound:1136 nc:1467 ncall:3.2e+06 eff:0.2% logz-ratio=22369840.24+/-0.20 dlogz:inf>0.01]6487it [3:10:44,  5.92s/it, bound:1137 nc:1009 ncall:3.2e+06 eff:0.2% logz-ratio=22376034.15+/-0.20 dlogz:inf>0.01]6491it [3:11:07,  5.91s/it, bound:1138 nc:1130 ncall:3.2e+06 eff:0.2% logz-ratio=22377470.10+/-0.20 dlogz:inf>0.01]6495it [3:11:29,  5.78s/it, bound:1139 nc:1504 ncall:3.2e+06 eff:0.2% logz-ratio=22379837.98+/-0.20 dlogz:inf>0.01]6499it [3:11:46,  5.31s/it, bound:1140 nc:1119 ncall:3.2e+06 eff:0.2% logz-ratio=22382760.49+/-0.20 dlogz:inf>0.01]6503it [3:12:09,  5.46s/it, bound:1141 nc:1266 ncall:3.2e+06 eff:0.2% logz-ratio=22384881.38+/-0.20 dlogz:inf>0.01]6507it [3:12:31,  5.43s/it, bound:1142 nc:1269 ncall:3.2e+06 eff:0.2% logz-ratio=22385997.33+/-0.20 dlogz:inf>0.01]6511it [3:12:48,  5.07s/it, bound:1143 nc:865 ncall:3.2e+06 eff:0.2% logz-ratio=22388236.05+/-0.20 dlogz:inf>0.01] 6515it [3:13:15,  5.57s/it, bound:1144 nc:1125 ncall:3.2e+06 eff:0.2% logz-ratio=22392126.50+/-0.20 dlogz:inf>0.01]6519it [3:13:37,  5.59s/it, bound:1145 nc:1050 ncall:3.2e+06 eff:0.2% logz-ratio=22397328.78+/-0.20 dlogz:inf>0.01]6523it [3:14:00,  5.63s/it, bound:1146 nc:1543 ncall:3.2e+06 eff:0.2% logz-ratio=22400500.66+/-0.20 dlogz:inf>0.01]6527it [3:14:24,  5.75s/it, bound:1147 nc:1251 ncall:3.2e+06 eff:0.2% logz-ratio=22404679.37+/-0.20 dlogz:inf>0.01]6531it [3:14:48,  5.80s/it, bound:1148 nc:1027 ncall:3.2e+06 eff:0.2% logz-ratio=22408625.09+/-0.20 dlogz:inf>0.01]6535it [3:15:09,  5.68s/it, bound:1149 nc:1002 ncall:3.2e+06 eff:0.2% logz-ratio=22411209.59+/-0.20 dlogz:inf>0.01]6539it [3:15:33,  5.78s/it, bound:1150 nc:1229 ncall:3.2e+06 eff:0.2% logz-ratio=22417330.67+/-0.20 dlogz:inf>0.01]6543it [3:15:55,  5.66s/it, bound:1151 nc:1409 ncall:3.3e+06 eff:0.2% logz-ratio=22422225.99+/-0.20 dlogz:inf>0.01]6544it [3:16:00,  5.57s/it, bound:1151 nc:1402 ncall:3.3e+06 eff:0.2% logz-ratio=22422726.71+/-0.20 dlogz:inf>0.01]6547it [3:16:25,  6.38s/it, bound:1152 nc:924 ncall:3.3e+06 eff:0.2% logz-ratio=22425191.59+/-0.20 dlogz:inf>0.01] 6551it [3:16:41,  5.55s/it, bound:1153 nc:971 ncall:3.3e+06 eff:0.2% logz-ratio=22429560.95+/-0.20 dlogz:inf>0.01]6555it [3:17:00,  5.28s/it, bound:1154 nc:773 ncall:3.3e+06 eff:0.2% logz-ratio=22430702.11+/-0.20 dlogz:inf>0.01]6559it [3:17:23,  5.43s/it, bound:1155 nc:1466 ncall:3.3e+06 eff:0.2% logz-ratio=22437242.62+/-0.20 dlogz:inf>0.01]6563it [3:17:44,  5.38s/it, bound:1156 nc:1267 ncall:3.3e+06 eff:0.2% logz-ratio=22438569.91+/-0.20 dlogz:inf>0.01]6567it [3:18:05,  5.32s/it, bound:1157 nc:1406 ncall:3.3e+06 eff:0.2% logz-ratio=22442135.28+/-0.20 dlogz:inf>0.01]6571it [3:18:34,  5.97s/it, bound:1158 nc:2069 ncall:3.3e+06 eff:0.2% logz-ratio=22445484.20+/-0.20 dlogz:inf>0.01]6575it [3:18:57,  5.85s/it, bound:1159 nc:1421 ncall:3.3e+06 eff:0.2% logz-ratio=22450718.94+/-0.20 dlogz:inf>0.01]6579it [3:19:15,  5.47s/it, bound:1160 nc:850 ncall:3.3e+06 eff:0.2% logz-ratio=22454575.79+/-0.20 dlogz:inf>0.01] 6583it [3:19:32,  5.11s/it, bound:1161 nc:590 ncall:3.3e+06 eff:0.2% logz-ratio=22456466.69+/-0.20 dlogz:inf>0.01]6587it [3:19:56,  5.35s/it, bound:1162 nc:882 ncall:3.3e+06 eff:0.2% logz-ratio=22457578.17+/-0.20 dlogz:inf>0.01]6591it [3:20:16,  5.24s/it, bound:1163 nc:1367 ncall:3.3e+06 eff:0.2% logz-ratio=22463087.86+/-0.20 dlogz:inf>0.01]6595it [3:20:40,  5.47s/it, bound:1164 nc:798 ncall:3.3e+06 eff:0.2% logz-ratio=22464889.60+/-0.20 dlogz:inf>0.01] 6599it [3:21:03,  5.56s/it, bound:1165 nc:786 ncall:3.3e+06 eff:0.2% logz-ratio=22467693.53+/-0.20 dlogz:inf>0.01]6603it [3:21:26,  5.60s/it, bound:1166 nc:1556 ncall:3.3e+06 eff:0.2% logz-ratio=22468918.52+/-0.20 dlogz:inf>0.01]6607it [3:21:49,  5.66s/it, bound:1167 nc:1006 ncall:3.3e+06 eff:0.2% logz-ratio=22474201.24+/-0.20 dlogz:inf>0.01]6611it [3:22:11,  5.63s/it, bound:1168 nc:1385 ncall:3.3e+06 eff:0.2% logz-ratio=22480286.21+/-0.20 dlogz:inf>0.01]6615it [3:22:30,  5.36s/it, bound:1169 nc:1047 ncall:3.3e+06 eff:0.2% logz-ratio=22483278.16+/-0.20 dlogz:inf>0.01]6618it [3:22:53,  5.93s/it, bound:1170 nc:2510 ncall:3.3e+06 eff:0.2% logz-ratio=22487872.19+/-0.20 dlogz:inf>0.01]6622it [3:23:17,  5.95s/it, bound:1171 nc:1623 ncall:3.3e+06 eff:0.2% logz-ratio=22489862.43+/-0.20 dlogz:inf>0.01]6626it [3:23:35,  5.46s/it, bound:1172 nc:529 ncall:3.4e+06 eff:0.2% logz-ratio=22494853.74+/-0.20 dlogz:inf>0.01] 6630it [3:23:56,  5.39s/it, bound:1173 nc:1196 ncall:3.4e+06 eff:0.2% logz-ratio=22499255.31+/-0.20 dlogz:inf>0.01]6634it [3:24:18,  5.47s/it, bound:1174 nc:1066 ncall:3.4e+06 eff:0.2% logz-ratio=22503130.81+/-0.20 dlogz:inf>0.01]6638it [3:24:40,  5.43s/it, bound:1175 nc:866 ncall:3.4e+06 eff:0.2% logz-ratio=22507793.86+/-0.20 dlogz:inf>0.01] 6642it [3:25:01,  5.38s/it, bound:1176 nc:892 ncall:3.4e+06 eff:0.2% logz-ratio=22510900.52+/-0.20 dlogz:inf>0.01]6646it [3:25:18,  5.09s/it, bound:1177 nc:830 ncall:3.4e+06 eff:0.2% logz-ratio=22515370.55+/-0.20 dlogz:inf>0.01]6650it [3:25:40,  5.23s/it, bound:1178 nc:1468 ncall:3.4e+06 eff:0.2% logz-ratio=22518833.05+/-0.20 dlogz:inf>0.01]6654it [3:26:01,  5.21s/it, bound:1179 nc:1416 ncall:3.4e+06 eff:0.2% logz-ratio=22520792.30+/-0.20 dlogz:inf>0.01]6655it [3:26:08,  5.33s/it, bound:1179 nc:837 ncall:3.4e+06 eff:0.2% logz-ratio=22521025.03+/-0.20 dlogz:inf>0.01] 6658it [3:26:32,  6.14s/it, bound:1180 nc:1247 ncall:3.4e+06 eff:0.2% logz-ratio=22525961.52+/-0.20 dlogz:inf>0.01]6662it [3:26:53,  5.80s/it, bound:1181 nc:1024 ncall:3.4e+06 eff:0.2% logz-ratio=22531805.71+/-0.20 dlogz:inf>0.01]6666it [3:27:10,  5.32s/it, bound:1182 nc:769 ncall:3.4e+06 eff:0.2% logz-ratio=22534090.05+/-0.20 dlogz:inf>0.01] 6670it [3:27:33,  5.48s/it, bound:1183 nc:1081 ncall:3.4e+06 eff:0.2% logz-ratio=22538099.71+/-0.20 dlogz:inf>0.01]6674it [3:27:56,  5.54s/it, bound:1184 nc:944 ncall:3.4e+06 eff:0.2% logz-ratio=22540511.40+/-0.20 dlogz:inf>0.01] 6678it [3:28:13,  5.11s/it, bound:1185 nc:751 ncall:3.4e+06 eff:0.2% logz-ratio=22542534.16+/-0.20 dlogz:inf>0.01]6682it [3:28:38,  5.51s/it, bound:1186 nc:1473 ncall:3.4e+06 eff:0.2% logz-ratio=22546871.66+/-0.20 dlogz:inf>0.01]6686it [3:29:06,  5.93s/it, bound:1187 nc:1199 ncall:3.4e+06 eff:0.2% logz-ratio=22549118.84+/-0.20 dlogz:inf>0.01]6690it [3:29:26,  5.65s/it, bound:1188 nc:999 ncall:3.4e+06 eff:0.2% logz-ratio=22553755.57+/-0.20 dlogz:inf>0.01] 6694it [3:29:48,  5.59s/it, bound:1189 nc:850 ncall:3.4e+06 eff:0.2% logz-ratio=22555926.83+/-0.20 dlogz:inf>0.01]6698it [3:30:08,  5.41s/it, bound:1190 nc:910 ncall:3.4e+06 eff:0.2% logz-ratio=22557728.53+/-0.20 dlogz:inf>0.01]6702it [3:30:33,  5.65s/it, bound:1191 nc:911 ncall:3.4e+06 eff:0.2% logz-ratio=22559514.03+/-0.20 dlogz:inf>0.01]6706it [3:30:54,  5.60s/it, bound:1192 nc:1488 ncall:3.4e+06 eff:0.2% logz-ratio=22564287.86+/-0.20 dlogz:inf>0.01]6710it [3:31:13,  5.29s/it, bound:1193 nc:1107 ncall:3.4e+06 eff:0.2% logz-ratio=22567599.86+/-0.20 dlogz:inf>0.01]6714it [3:31:32,  5.17s/it, bound:1194 nc:1016 ncall:3.5e+06 eff:0.2% logz-ratio=22569672.21+/-0.20 dlogz:inf>0.01]6718it [3:31:54,  5.25s/it, bound:1195 nc:1462 ncall:3.5e+06 eff:0.2% logz-ratio=22572121.82+/-0.20 dlogz:inf>0.01]6722it [3:32:17,  5.36s/it, bound:1196 nc:1353 ncall:3.5e+06 eff:0.2% logz-ratio=22572904.01+/-0.20 dlogz:inf>0.01]6726it [3:32:38,  5.40s/it, bound:1197 nc:1483 ncall:3.5e+06 eff:0.2% logz-ratio=22576366.04+/-0.20 dlogz:inf>0.01]6730it [3:32:56,  5.10s/it, bound:1198 nc:1117 ncall:3.5e+06 eff:0.2% logz-ratio=22578516.06+/-0.20 dlogz:inf>0.01]6734it [3:33:24,  5.66s/it, bound:1199 nc:1728 ncall:3.5e+06 eff:0.2% logz-ratio=22580066.59+/-0.20 dlogz:inf>0.01]6738it [3:33:48,  5.78s/it, bound:1200 nc:1061 ncall:3.5e+06 eff:0.2% logz-ratio=22582477.67+/-0.20 dlogz:inf>0.01]6742it [3:34:07,  5.45s/it, bound:1201 nc:1234 ncall:3.5e+06 eff:0.2% logz-ratio=22584950.92+/-0.20 dlogz:inf>0.01]6746it [3:34:30,  5.53s/it, bound:1202 nc:1008 ncall:3.5e+06 eff:0.2% logz-ratio=22586388.36+/-0.20 dlogz:inf>0.01]6750it [3:34:51,  5.46s/it, bound:1203 nc:1255 ncall:3.5e+06 eff:0.2% logz-ratio=22590791.73+/-0.20 dlogz:inf>0.01]6754it [3:35:12,  5.42s/it, bound:1204 nc:1344 ncall:3.5e+06 eff:0.2% logz-ratio=22593926.50+/-0.20 dlogz:inf>0.01]6758it [3:35:34,  5.41s/it, bound:1205 nc:1111 ncall:3.5e+06 eff:0.2% logz-ratio=22595696.47+/-0.20 dlogz:inf>0.01]6762it [3:35:53,  5.24s/it, bound:1206 nc:961 ncall:3.5e+06 eff:0.2% logz-ratio=22598133.32+/-0.20 dlogz:inf>0.01] 6766it [3:36:10,  4.90s/it, bound:1207 nc:1013 ncall:3.5e+06 eff:0.2% logz-ratio=22598657.23+/-0.20 dlogz:inf>0.01]6768it [3:36:16,  4.61s/it, bound:1207 nc:1081 ncall:3.5e+06 eff:0.2% logz-ratio=22599717.36+/-0.20 dlogz:inf>0.01]6770it [3:36:36,  5.71s/it, bound:1208 nc:1021 ncall:3.5e+06 eff:0.2% logz-ratio=22601394.26+/-0.20 dlogz:inf>0.01]6774it [3:37:02,  5.93s/it, bound:1209 nc:913 ncall:3.5e+06 eff:0.2% logz-ratio=22604468.54+/-0.20 dlogz:inf>0.01] 6778it [3:37:23,  5.70s/it, bound:1210 nc:677 ncall:3.5e+06 eff:0.2% logz-ratio=22606335.79+/-0.20 dlogz:inf>0.01]6782it [3:37:47,  5.85s/it, bound:1211 nc:1162 ncall:3.5e+06 eff:0.2% logz-ratio=22609274.57+/-0.20 dlogz:inf>0.01]6786it [3:38:07,  5.57s/it, bound:1212 nc:1175 ncall:3.5e+06 eff:0.2% logz-ratio=22612418.88+/-0.20 dlogz:inf>0.01]6790it [3:38:29,  5.58s/it, bound:1213 nc:683 ncall:3.5e+06 eff:0.2% logz-ratio=22619401.75+/-0.20 dlogz:inf>0.01] 6794it [3:38:52,  5.58s/it, bound:1214 nc:1062 ncall:3.5e+06 eff:0.2% logz-ratio=22623111.04+/-0.20 dlogz:997533.473>0.01]6798it [3:39:15,  5.63s/it, bound:1215 nc:1280 ncall:3.6e+06 eff:0.2% logz-ratio=22624704.48+/-0.20 dlogz:995833.345>0.01]6802it [3:39:34,  5.35s/it, bound:1216 nc:1291 ncall:3.6e+06 eff:0.2% logz-ratio=22630488.39+/-0.20 dlogz:992312.795>0.01]6806it [3:39:54,  5.28s/it, bound:1217 nc:546 ncall:3.6e+06 eff:0.2% logz-ratio=22632797.09+/-0.20 dlogz:988171.390>0.01] 6810it [3:40:18,  5.46s/it, bound:1218 nc:1086 ncall:3.6e+06 eff:0.2% logz-ratio=22636070.78+/-0.20 dlogz:985701.584>0.01]6814it [3:40:46,  5.98s/it, bound:1219 nc:998 ncall:3.6e+06 eff:0.2% logz-ratio=22639252.77+/-0.20 dlogz:983245.862>0.01] 6818it [3:41:08,  5.79s/it, bound:1220 nc:1023 ncall:3.6e+06 eff:0.2% logz-ratio=22641826.80+/-0.20 dlogz:979811.537>0.01]6822it [3:41:29,  5.65s/it, bound:1221 nc:696 ncall:3.6e+06 eff:0.2% logz-ratio=22645214.85+/-0.20 dlogz:975206.684>0.01] 6826it [3:41:49,  5.45s/it, bound:1222 nc:1156 ncall:3.6e+06 eff:0.2% logz-ratio=22646742.08+/-0.20 dlogz:973619.836>0.01]6830it [3:42:07,  5.17s/it, bound:1223 nc:1217 ncall:3.6e+06 eff:0.2% logz-ratio=22649319.18+/-0.20 dlogz:971448.385>0.01]6834it [3:42:30,  5.33s/it, bound:1224 nc:1529 ncall:3.6e+06 eff:0.2% logz-ratio=22650963.07+/-0.20 dlogz:969527.271>0.01]6838it [3:42:50,  5.25s/it, bound:1225 nc:842 ncall:3.6e+06 eff:0.2% logz-ratio=22653015.13+/-0.20 dlogz:968091.765>0.01] 6842it [3:43:13,  5.40s/it, bound:1226 nc:828 ncall:3.6e+06 eff:0.2% logz-ratio=22658485.41+/-0.20 dlogz:964430.004>0.01]6846it [3:43:40,  5.77s/it, bound:1227 nc:963 ncall:3.6e+06 eff:0.2% logz-ratio=22661589.60+/-0.20 dlogz:959774.382>0.01]6850it [3:44:02,  5.73s/it, bound:1228 nc:1535 ncall:3.6e+06 eff:0.2% logz-ratio=22670027.65+/-0.20 dlogz:951209.134>0.01]6854it [3:44:26,  5.77s/it, bound:1229 nc:1587 ncall:3.6e+06 eff:0.2% logz-ratio=22671973.21+/-0.20 dlogz:948655.853>0.01]6858it [3:44:42,  5.27s/it, bound:1230 nc:1123 ncall:3.6e+06 eff:0.2% logz-ratio=22673449.34+/-0.20 dlogz:946913.844>0.01]6862it [3:45:02,  5.18s/it, bound:1231 nc:1231 ncall:3.6e+06 eff:0.2% logz-ratio=22677144.89+/-0.20 dlogz:944628.691>0.01]6866it [3:45:23,  5.20s/it, bound:1232 nc:1429 ncall:3.6e+06 eff:0.2% logz-ratio=22678759.90+/-0.20 dlogz:941827.948>0.01]6870it [3:45:41,  4.96s/it, bound:1233 nc:1170 ncall:3.6e+06 eff:0.2% logz-ratio=22680110.05+/-0.20 dlogz:940155.405>0.01]6874it [3:46:00,  4.93s/it, bound:1234 nc:842 ncall:3.6e+06 eff:0.2% logz-ratio=22682456.86+/-0.20 dlogz:938424.266>0.01] 6878it [3:46:23,  5.21s/it, bound:1235 nc:971 ncall:3.6e+06 eff:0.2% logz-ratio=22684673.56+/-0.20 dlogz:936991.429>0.01]6881it [3:46:28,  4.34s/it, bound:1236 nc:1321 ncall:3.7e+06 eff:0.2% logz-ratio=22685137.08+/-0.20 dlogz:935505.317>0.01]6882it [3:46:47,  5.85s/it, bound:1236 nc:1041 ncall:3.7e+06 eff:0.2% logz-ratio=22685810.63+/-0.20 dlogz:935105.869>0.01]6886it [3:47:08,  5.65s/it, bound:1237 nc:918 ncall:3.7e+06 eff:0.2% logz-ratio=22687152.51+/-0.20 dlogz:934058.221>0.01] 6890it [3:47:26,  5.24s/it, bound:1238 nc:1176 ncall:3.7e+06 eff:0.2% logz-ratio=22691227.46+/-0.20 dlogz:929235.210>0.01]6894it [3:47:46,  5.12s/it, bound:1239 nc:834 ncall:3.7e+06 eff:0.2% logz-ratio=22693077.45+/-0.20 dlogz:928412.769>0.01] 6898it [3:48:12,  5.62s/it, bound:1240 nc:926 ncall:3.7e+06 eff:0.2% logz-ratio=22695288.81+/-0.20 dlogz:925313.770>0.01]6902it [3:48:35,  5.65s/it, bound:1241 nc:1545 ncall:3.7e+06 eff:0.2% logz-ratio=22698030.34+/-0.20 dlogz:922489.337>0.01]6906it [3:48:53,  5.30s/it, bound:1242 nc:1063 ncall:3.7e+06 eff:0.2% logz-ratio=22702553.90+/-0.20 dlogz:918316.897>0.01]6910it [3:49:16,  5.38s/it, bound:1243 nc:1092 ncall:3.7e+06 eff:0.2% logz-ratio=22703256.47+/-0.20 dlogz:917014.392>0.01]6914it [3:49:40,  5.56s/it, bound:1244 nc:1632 ncall:3.7e+06 eff:0.2% logz-ratio=22705708.02+/-0.20 dlogz:914734.136>0.01]6918it [3:50:08,  6.04s/it, bound:1245 nc:1238 ncall:3.7e+06 eff:0.2% logz-ratio=22707069.92+/-0.20 dlogz:914014.891>0.01]6922it [3:50:28,  5.72s/it, bound:1246 nc:947 ncall:3.7e+06 eff:0.2% logz-ratio=22710104.42+/-0.20 dlogz:910301.912>0.01] 6926it [3:50:52,  5.83s/it, bound:1247 nc:1023 ncall:3.7e+06 eff:0.2% logz-ratio=22712719.54+/-0.20 dlogz:907648.342>0.01]6930it [3:51:17,  5.89s/it, bound:1248 nc:1240 ncall:3.7e+06 eff:0.2% logz-ratio=22714551.15+/-0.20 dlogz:905868.405>0.01]6934it [3:51:36,  5.59s/it, bound:1249 nc:1232 ncall:3.7e+06 eff:0.2% logz-ratio=22716403.42+/-0.20 dlogz:904277.780>0.01]6938it [3:51:54,  5.27s/it, bound:1250 nc:788 ncall:3.7e+06 eff:0.2% logz-ratio=22719544.83+/-0.20 dlogz:901044.454>0.01] 6942it [3:52:13,  5.08s/it, bound:1251 nc:1002 ncall:3.7e+06 eff:0.2% logz-ratio=22723855.08+/-0.20 dlogz:897371.749>0.01]6946it [3:52:39,  5.49s/it, bound:1252 nc:885 ncall:3.7e+06 eff:0.2% logz-ratio=22726123.79+/-0.20 dlogz:894989.987>0.01] 6950it [3:52:56,  5.15s/it, bound:1253 nc:740 ncall:3.7e+06 eff:0.2% logz-ratio=22728351.60+/-0.20 dlogz:892347.169>0.01]6954it [3:53:21,  5.47s/it, bound:1254 nc:1307 ncall:3.7e+06 eff:0.2% logz-ratio=22729630.04+/-0.20 dlogz:891275.617>0.01]6958it [3:53:44,  5.56s/it, bound:1255 nc:996 ncall:3.7e+06 eff:0.2% logz-ratio=22732023.26+/-0.20 dlogz:889085.887>0.01] 6962it [3:54:08,  5.72s/it, bound:1256 nc:1210 ncall:3.7e+06 eff:0.2% logz-ratio=22734280.99+/-0.20 dlogz:886236.945>0.01]6966it [3:54:29,  5.52s/it, bound:1257 nc:1192 ncall:3.8e+06 eff:0.2% logz-ratio=22737588.01+/-0.20 dlogz:884464.368>0.01]6970it [3:54:49,  5.37s/it, bound:1258 nc:935 ncall:3.8e+06 eff:0.2% logz-ratio=22739479.71+/-0.20 dlogz:881075.342>0.01] 6974it [3:55:10,  5.38s/it, bound:1259 nc:1004 ncall:3.8e+06 eff:0.2% logz-ratio=22743113.42+/-0.20 dlogz:877449.217>0.01]6978it [3:55:36,  5.72s/it, bound:1260 nc:1787 ncall:3.8e+06 eff:0.2% logz-ratio=22745828.59+/-0.20 dlogz:875292.896>0.01]6982it [3:55:57,  5.56s/it, bound:1261 nc:1104 ncall:3.8e+06 eff:0.2% logz-ratio=22747413.99+/-0.20 dlogz:872944.878>0.01]6986it [3:56:23,  5.84s/it, bound:1262 nc:1799 ncall:3.8e+06 eff:0.2% logz-ratio=22748386.15+/-0.20 dlogz:872037.437>0.01]6990it [3:56:47,  5.89s/it, bound:1263 nc:911 ncall:3.8e+06 eff:0.2% logz-ratio=22750144.52+/-0.20 dlogz:870552.992>0.01] 6992it [3:56:54,  5.43s/it, bound:1263 nc:1147 ncall:3.8e+06 eff:0.2% logz-ratio=22750978.22+/-0.20 dlogz:869660.082>0.01]6994it [3:57:15,  6.51s/it, bound:1264 nc:1201 ncall:3.8e+06 eff:0.2% logz-ratio=22751878.80+/-0.20 dlogz:868633.976>0.01]6998it [3:57:35,  5.99s/it, bound:1265 nc:793 ncall:3.8e+06 eff:0.2% logz-ratio=22754255.27+/-0.20 dlogz:866047.219>0.01] 7002it [3:57:59,  5.97s/it, bound:1266 nc:1363 ncall:3.8e+06 eff:0.2% logz-ratio=22756377.54+/-0.20 dlogz:863941.979>0.01]7006it [3:58:18,  5.57s/it, bound:1267 nc:1101 ncall:3.8e+06 eff:0.2% logz-ratio=22756924.98+/-0.20 dlogz:863563.374>0.01]7010it [3:58:45,  5.94s/it, bound:1268 nc:1109 ncall:3.8e+06 eff:0.2% logz-ratio=22758498.52+/-0.20 dlogz:862146.016>0.01]7014it [3:59:09,  5.97s/it, bound:1269 nc:1616 ncall:3.8e+06 eff:0.2% logz-ratio=22761399.35+/-0.20 dlogz:859267.397>0.01]7018it [3:59:30,  5.73s/it, bound:1270 nc:1391 ncall:3.8e+06 eff:0.2% logz-ratio=22762444.48+/-0.20 dlogz:858396.284>0.01]7022it [3:59:51,  5.59s/it, bound:1271 nc:1417 ncall:3.8e+06 eff:0.2% logz-ratio=22764262.43+/-0.20 dlogz:856589.626>0.01]7026it [4:00:20,  6.06s/it, bound:1272 nc:888 ncall:3.8e+06 eff:0.2% logz-ratio=22767151.54+/-0.20 dlogz:986512.775>0.01] 7030it [4:00:43,  6.01s/it, bound:1273 nc:1549 ncall:3.8e+06 eff:0.2% logz-ratio=22770632.57+/-0.20 dlogz:981388.197>0.01]7034it [4:01:07,  5.96s/it, bound:1274 nc:879 ncall:3.8e+06 eff:0.2% logz-ratio=22772139.63+/-0.20 dlogz:979707.270>0.01] 7038it [4:01:35,  6.29s/it, bound:1275 nc:531 ncall:3.8e+06 eff:0.2% logz-ratio=22778607.64+/-0.20 dlogz:978799.241>0.01]7042it [4:01:57,  6.09s/it, bound:1276 nc:1378 ncall:3.8e+06 eff:0.2% logz-ratio=22781110.40+/-0.20 dlogz:971566.559>0.01]7046it [4:02:19,  5.86s/it, bound:1277 nc:1237 ncall:3.9e+06 eff:0.2% logz-ratio=22783711.93+/-0.20 dlogz:969076.707>0.01]7050it [4:02:38,  5.52s/it, bound:1278 nc:1315 ncall:3.9e+06 eff:0.2% logz-ratio=22786647.45+/-0.20 dlogz:966366.980>0.01]7054it [4:03:06,  6.01s/it, bound:1279 nc:1952 ncall:3.9e+06 eff:0.2% logz-ratio=22787474.57+/-0.20 dlogz:964874.654>0.01]7058it [4:03:23,  5.49s/it, bound:1280 nc:1100 ncall:3.9e+06 eff:0.2% logz-ratio=22789430.81+/-0.20 dlogz:962815.038>0.01]7062it [4:03:45,  5.48s/it, bound:1281 nc:1370 ncall:3.9e+06 eff:0.2% logz-ratio=22792589.52+/-0.20 dlogz:959580.629>0.01]7066it [4:04:05,  5.36s/it, bound:1282 nc:1110 ncall:3.9e+06 eff:0.2% logz-ratio=22796362.53+/-0.20 dlogz:957493.483>0.01]7070it [4:04:28,  5.44s/it, bound:1283 nc:1234 ncall:3.9e+06 eff:0.2% logz-ratio=22798316.21+/-0.20 dlogz:953595.068>0.01]7074it [4:04:51,  5.52s/it, bound:1284 nc:700 ncall:3.9e+06 eff:0.2% logz-ratio=22800187.46+/-0.21 dlogz:951670.641>0.01] 7078it [4:05:21,  6.15s/it, bound:1285 nc:967 ncall:3.9e+06 eff:0.2% logz-ratio=22801969.35+/-0.21 dlogz:950096.510>0.01]7082it [4:05:46,  6.16s/it, bound:1286 nc:1513 ncall:3.9e+06 eff:0.2% logz-ratio=22803739.17+/-0.21 dlogz:949168.505>0.01]7086it [4:06:12,  6.27s/it, bound:1287 nc:1635 ncall:3.9e+06 eff:0.2% logz-ratio=22805917.80+/-0.21 dlogz:946132.711>0.01]7090it [4:06:43,  6.73s/it, bound:1288 nc:1409 ncall:3.9e+06 eff:0.2% logz-ratio=22807033.41+/-0.21 dlogz:944924.111>0.01]7094it [4:07:06,  6.41s/it, bound:1289 nc:809 ncall:3.9e+06 eff:0.2% logz-ratio=22808626.69+/-0.21 dlogz:943446.470>0.01] 7098it [4:07:31,  6.39s/it, bound:1290 nc:845 ncall:3.9e+06 eff:0.2% logz-ratio=22810539.54+/-0.21 dlogz:941678.570>0.01]7099it [4:07:39,  6.55s/it, bound:1290 nc:1480 ncall:3.9e+06 eff:0.2% logz-ratio=22811888.55+/-0.21 dlogz:941272.897>0.01]7102it [4:08:01,  6.74s/it, bound:1291 nc:614 ncall:3.9e+06 eff:0.2% logz-ratio=22812597.88+/-0.21 dlogz:939369.835>0.01] 7106it [4:08:25,  6.46s/it, bound:1292 nc:924 ncall:3.9e+06 eff:0.2% logz-ratio=22819781.30+/-0.21 dlogz:934787.152>0.01]7110it [4:08:52,  6.59s/it, bound:1293 nc:856 ncall:3.9e+06 eff:0.2% logz-ratio=22821773.06+/-0.21 dlogz:930628.942>0.01]7114it [4:09:17,  6.45s/it, bound:1294 nc:1182 ncall:3.9e+06 eff:0.2% logz-ratio=22826144.18+/-0.21 dlogz:925919.137>0.01]7118it [4:09:38,  6.10s/it, bound:1295 nc:717 ncall:3.9e+06 eff:0.2% logz-ratio=22828009.81+/-0.21 dlogz:924312.082>0.01] 7122it [4:10:02,  6.02s/it, bound:1296 nc:1514 ncall:3.9e+06 eff:0.2% logz-ratio=22829231.77+/-0.21 dlogz:922707.400>0.01]7126it [4:10:26,  6.08s/it, bound:1297 nc:1090 ncall:3.9e+06 eff:0.2% logz-ratio=22831396.73+/-0.21 dlogz:920474.589>0.01]7130it [4:10:42,  5.40s/it, bound:1298 nc:914 ncall:3.9e+06 eff:0.2% logz-ratio=22834379.18+/-0.21 dlogz:919444.500>0.01] 7134it [4:11:13,  6.10s/it, bound:1299 nc:2155 ncall:4.0e+06 eff:0.2% logz-ratio=22836573.71+/-0.21 dlogz:915378.703>0.01]7138it [4:11:30,  5.60s/it, bound:1300 nc:1020 ncall:4.0e+06 eff:0.2% logz-ratio=22841358.65+/-0.21 dlogz:912557.491>0.01]7142it [4:11:56,  5.82s/it, bound:1301 nc:875 ncall:4.0e+06 eff:0.2% logz-ratio=22844619.04+/-0.21 dlogz:908925.275>0.01] 7146it [4:12:16,  5.57s/it, bound:1302 nc:1083 ncall:4.0e+06 eff:0.2% logz-ratio=22845722.68+/-0.21 dlogz:906189.801>0.01]7150it [4:12:34,  5.28s/it, bound:1303 nc:934 ncall:4.0e+06 eff:0.2% logz-ratio=22848098.64+/-0.21 dlogz:903945.195>0.01] 7154it [4:12:58,  5.50s/it, bound:1304 nc:1618 ncall:4.0e+06 eff:0.2% logz-ratio=22852055.98+/-0.21 dlogz:900452.832>0.01]7158it [4:13:24,  5.77s/it, bound:1305 nc:675 ncall:4.0e+06 eff:0.2% logz-ratio=22856437.64+/-0.21 dlogz:898795.423>0.01] 7162it [4:13:46,  5.69s/it, bound:1306 nc:832 ncall:4.0e+06 eff:0.2% logz-ratio=22862626.38+/-0.21 dlogz:892729.566>0.01]7166it [4:14:10,  5.79s/it, bound:1307 nc:1530 ncall:4.0e+06 eff:0.2% logz-ratio=22863098.98+/-0.21 dlogz:888733.229>0.01]7169it [4:14:26,  5.71s/it, bound:1308 nc:784 ncall:4.0e+06 eff:0.2% logz-ratio=22866208.08+/-0.21 dlogz:886931.198>0.01] 7173it [4:14:46,  5.44s/it, bound:1309 nc:1183 ncall:4.0e+06 eff:0.2% logz-ratio=22867322.01+/-0.21 dlogz:885105.545>0.01]7177it [4:15:03,  5.11s/it, bound:1310 nc:808 ncall:4.0e+06 eff:0.2% logz-ratio=22870586.67+/-0.21 dlogz:881903.443>0.01] 7181it [4:15:24,  5.12s/it, bound:1311 nc:1412 ncall:4.0e+06 eff:0.2% logz-ratio=22872570.10+/-0.21 dlogz:879840.653>0.01]7185it [4:15:42,  4.93s/it, bound:1312 nc:1232 ncall:4.0e+06 eff:0.2% logz-ratio=22876290.58+/-0.21 dlogz:877776.219>0.01]7189it [4:16:03,  5.02s/it, bound:1313 nc:1224 ncall:4.0e+06 eff:0.2% logz-ratio=22880019.31+/-0.21 dlogz:871948.995>0.01]7193it [4:16:20,  4.83s/it, bound:1314 nc:1018 ncall:4.0e+06 eff:0.2% logz-ratio=22883571.08+/-0.21 dlogz:868337.457>0.01]7197it [4:16:41,  4.96s/it, bound:1315 nc:1418 ncall:4.0e+06 eff:0.2% logz-ratio=22887917.26+/-0.21 dlogz:864030.792>0.01]7201it [4:16:59,  4.77s/it, bound:1316 nc:1138 ncall:4.0e+06 eff:0.2% logz-ratio=22889345.66+/-0.21 dlogz:863394.770>0.01]7205it [4:17:21,  5.01s/it, bound:1317 nc:1445 ncall:4.0e+06 eff:0.2% logz-ratio=22893000.45+/-0.21 dlogz:860374.394>0.01]7209it [4:17:37,  4.69s/it, bound:1318 nc:822 ncall:4.0e+06 eff:0.2% logz-ratio=22896319.34+/-0.21 dlogz:857809.006>0.01] 7213it [4:17:57,  4.77s/it, bound:1319 nc:966 ncall:4.0e+06 eff:0.2% logz-ratio=22898789.96+/-0.21 dlogz:854365.136>0.01]7214it [4:18:03,  4.97s/it, bound:1319 nc:1349 ncall:4.0e+06 eff:0.2% logz-ratio=22898854.39+/-0.21 dlogz:853022.243>0.01]7217it [4:18:25,  5.62s/it, bound:1320 nc:1454 ncall:4.0e+06 eff:0.2% logz-ratio=22900959.23+/-0.21 dlogz:852400.660>0.01]7221it [4:18:43,  5.23s/it, bound:1321 nc:1091 ncall:4.1e+06 eff:0.2% logz-ratio=22903061.13+/-0.21 dlogz:849018.120>0.01]7225it [4:19:02,  5.05s/it, bound:1322 nc:885 ncall:4.1e+06 eff:0.2% logz-ratio=22907405.69+/-0.21 dlogz:845471.400>0.01] 7229it [4:19:21,  4.99s/it, bound:1323 nc:1067 ncall:4.1e+06 eff:0.2% logz-ratio=22909819.89+/-0.21 dlogz:842319.634>0.01]7233it [4:19:40,  4.89s/it, bound:1324 nc:769 ncall:4.1e+06 eff:0.2% logz-ratio=22911103.35+/-0.21 dlogz:841364.131>0.01] 7237it [4:20:01,  5.02s/it, bound:1325 nc:1207 ncall:4.1e+06 eff:0.2% logz-ratio=22914918.64+/-0.21 dlogz:838849.612>0.01]7241it [4:20:19,  4.81s/it, bound:1326 nc:1163 ncall:4.1e+06 eff:0.2% logz-ratio=22917758.39+/-0.21 dlogz:834176.983>0.01]7245it [4:20:43,  5.18s/it, bound:1327 nc:1156 ncall:4.1e+06 eff:0.2% logz-ratio=22920481.89+/-0.21 dlogz:831914.352>0.01]7249it [4:21:00,  4.89s/it, bound:1328 nc:1141 ncall:4.1e+06 eff:0.2% logz-ratio=22922896.72+/-0.21 dlogz:829729.936>0.01]7253it [4:21:25,  5.35s/it, bound:1329 nc:1767 ncall:4.1e+06 eff:0.2% logz-ratio=22924095.43+/-0.21 dlogz:828087.210>0.01]7257it [4:21:45,  5.19s/it, bound:1330 nc:1159 ncall:4.1e+06 eff:0.2% logz-ratio=22926613.25+/-0.21 dlogz:825594.783>0.01]7261it [4:22:05,  5.17s/it, bound:1331 nc:968 ncall:4.1e+06 eff:0.2% logz-ratio=22928752.23+/-0.21 dlogz:823562.837>0.01] 7264it [4:22:27,  5.71s/it, bound:1332 nc:937 ncall:4.1e+06 eff:0.2% logz-ratio=22929635.25+/-0.21 dlogz:822634.366>0.01]7268it [4:22:53,  5.98s/it, bound:1333 nc:1473 ncall:4.1e+06 eff:0.2% logz-ratio=22931094.02+/-0.21 dlogz:821023.925>0.01]7272it [4:23:19,  6.08s/it, bound:1334 nc:1088 ncall:4.1e+06 eff:0.2% logz-ratio=22932322.76+/-0.21 dlogz:820411.836>0.01]7276it [4:23:43,  6.05s/it, bound:1335 nc:1084 ncall:4.1e+06 eff:0.2% logz-ratio=22937208.66+/-0.21 dlogz:816423.322>0.01]7280it [4:24:04,  5.81s/it, bound:1336 nc:888 ncall:4.1e+06 eff:0.2% logz-ratio=22937986.81+/-0.21 dlogz:814388.253>0.01] 7284it [4:24:21,  5.33s/it, bound:1337 nc:1051 ncall:4.1e+06 eff:0.2% logz-ratio=22939592.20+/-0.21 dlogz:812544.835>0.01]7288it [4:24:46,  5.62s/it, bound:1338 nc:1724 ncall:4.1e+06 eff:0.2% logz-ratio=22940913.55+/-0.21 dlogz:811450.968>0.01]7292it [4:25:12,  5.93s/it, bound:1339 nc:1620 ncall:4.1e+06 eff:0.2% logz-ratio=22942447.49+/-0.21 dlogz:810100.202>0.01]7296it [4:25:34,  5.74s/it, bound:1340 nc:1034 ncall:4.1e+06 eff:0.2% logz-ratio=22944869.22+/-0.21 dlogz:807419.799>0.01]7300it [4:25:55,  5.66s/it, bound:1341 nc:993 ncall:4.1e+06 eff:0.2% logz-ratio=22946169.87+/-0.21 dlogz:806204.584>0.01] 7304it [4:26:26,  6.29s/it, bound:1342 nc:876 ncall:4.2e+06 eff:0.2% logz-ratio=22947731.24+/-0.21 dlogz:804803.735>0.01]7308it [4:26:46,  5.85s/it, bound:1343 nc:1047 ncall:4.2e+06 eff:0.2% logz-ratio=22950362.13+/-0.21 dlogz:801525.486>0.01]7312it [4:27:07,  5.66s/it, bound:1344 nc:1050 ncall:4.2e+06 eff:0.2% logz-ratio=22952643.51+/-0.21 dlogz:799258.144>0.01]7316it [4:27:34,  5.99s/it, bound:1345 nc:840 ncall:4.2e+06 eff:0.2% logz-ratio=22953779.90+/-0.21 dlogz:798335.763>0.01] 7320it [4:27:59,  6.10s/it, bound:1346 nc:1460 ncall:4.2e+06 eff:0.2% logz-ratio=22958292.86+/-0.21 dlogz:794712.183>0.01]7324it [4:28:32,  6.75s/it, bound:1347 nc:1002 ncall:4.2e+06 eff:0.2% logz-ratio=22959825.90+/-0.21 dlogz:792141.481>0.01]7328it [4:29:03,  7.04s/it, bound:1348 nc:1219 ncall:4.2e+06 eff:0.2% logz-ratio=22961837.87+/-0.21 dlogz:790371.924>0.01]7332it [4:29:27,  6.71s/it, bound:1349 nc:909 ncall:4.2e+06 eff:0.2% logz-ratio=22963212.64+/-0.21 dlogz:788827.097>0.01] 7336it [4:29:59,  7.13s/it, bound:1350 nc:1840 ncall:4.2e+06 eff:0.2% logz-ratio=22965501.60+/-0.21 dlogz:787251.212>0.01]7340it [4:30:34,  7.59s/it, bound:1351 nc:1316 ncall:4.2e+06 eff:0.2% logz-ratio=22968382.17+/-0.21 dlogz:783609.370>0.01]7344it [4:30:54,  6.85s/it, bound:1352 nc:920 ncall:4.2e+06 eff:0.2% logz-ratio=22970299.19+/-0.21 dlogz:781788.069>0.01] 7348it [4:31:23,  6.92s/it, bound:1353 nc:996 ncall:4.2e+06 eff:0.2% logz-ratio=22971787.73+/-0.21 dlogz:780391.853>0.01]7352it [4:31:49,  6.83s/it, bound:1354 nc:1138 ncall:4.2e+06 eff:0.2% logz-ratio=22973657.67+/-0.21 dlogz:779061.124>0.01]7356it [4:32:13,  6.57s/it, bound:1355 nc:886 ncall:4.2e+06 eff:0.2% logz-ratio=22975265.88+/-0.21 dlogz:777952.954>0.01] 7360it [4:32:41,  6.67s/it, bound:1356 nc:1434 ncall:4.2e+06 eff:0.2% logz-ratio=22976603.99+/-0.21 dlogz:775273.988>0.01]7364it [4:33:07,  6.64s/it, bound:1357 nc:1291 ncall:4.2e+06 eff:0.2% logz-ratio=22979939.09+/-0.21 dlogz:772665.898>0.01]7368it [4:33:30,  6.39s/it, bound:1358 nc:1093 ncall:4.2e+06 eff:0.2% logz-ratio=22983826.22+/-0.21 dlogz:768205.006>0.01]7372it [4:33:53,  6.17s/it, bound:1359 nc:1194 ncall:4.2e+06 eff:0.2% logz-ratio=22988234.23+/-0.21 dlogz:765170.447>0.01]7376it [4:34:15,  6.00s/it, bound:1360 nc:1286 ncall:4.2e+06 eff:0.2% logz-ratio=22990016.73+/-0.21 dlogz:762332.390>0.01]7380it [4:34:47,  6.60s/it, bound:1361 nc:1869 ncall:4.2e+06 eff:0.2% logz-ratio=22991762.38+/-0.21 dlogz:760208.852>0.01]7384it [4:35:15,  6.74s/it, bound:1362 nc:1658 ncall:4.3e+06 eff:0.2% logz-ratio=22993479.64+/-0.21 dlogz:758342.124>0.01]7388it [4:35:47,  7.07s/it, bound:1363 nc:903 ncall:4.3e+06 eff:0.2% logz-ratio=22995323.84+/-0.21 dlogz:756842.725>0.01] 7392it [4:36:05,  6.34s/it, bound:1364 nc:1204 ncall:4.3e+06 eff:0.2% logz-ratio=22997794.04+/-0.21 dlogz:754968.315>0.01]7396it [4:36:25,  5.91s/it, bound:1365 nc:1034 ncall:4.3e+06 eff:0.2% logz-ratio=22999250.94+/-0.21 dlogz:752695.698>0.01]7400it [4:36:52,  6.18s/it, bound:1366 nc:1798 ncall:4.3e+06 eff:0.2% logz-ratio=23000478.89+/-0.21 dlogz:752377.299>0.01]7404it [4:37:21,  6.45s/it, bound:1367 nc:1717 ncall:4.3e+06 eff:0.2% logz-ratio=23001726.47+/-0.21 dlogz:750367.479>0.01]7408it [4:37:44,  6.24s/it, bound:1368 nc:862 ncall:4.3e+06 eff:0.2% logz-ratio=23004687.04+/-0.21 dlogz:748437.149>0.01] 7412it [4:38:08,  6.22s/it, bound:1369 nc:1686 ncall:4.3e+06 eff:0.2% logz-ratio=23006737.81+/-0.21 dlogz:746762.798>0.01]7414it [4:38:13,  5.58s/it, bound:1369 nc:1051 ncall:4.3e+06 eff:0.2% logz-ratio=23006931.59+/-0.21 dlogz:744964.105>0.01]7416it [4:38:34,  6.49s/it, bound:1370 nc:1329 ncall:4.3e+06 eff:0.2% logz-ratio=23007709.53+/-0.21 dlogz:744343.536>0.01]7420it [4:39:04,  6.89s/it, bound:1371 nc:1003 ncall:4.3e+06 eff:0.2% logz-ratio=23009278.51+/-0.21 dlogz:743286.196>0.01]7424it [4:39:25,  6.37s/it, bound:1372 nc:1339 ncall:4.3e+06 eff:0.2% logz-ratio=23010553.62+/-0.21 dlogz:741443.576>0.01]7428it [4:39:50,  6.31s/it, bound:1373 nc:1653 ncall:4.3e+06 eff:0.2% logz-ratio=23014458.65+/-0.21 dlogz:738617.049>0.01]7432it [4:40:09,  5.83s/it, bound:1374 nc:1176 ncall:4.3e+06 eff:0.2% logz-ratio=23016933.70+/-0.21 dlogz:735797.095>0.01]7436it [4:40:30,  5.65s/it, bound:1375 nc:762 ncall:4.3e+06 eff:0.2% logz-ratio=23019625.51+/-0.21 dlogz:732268.453>0.01] 7440it [4:40:52,  5.53s/it, bound:1376 nc:975 ncall:4.3e+06 eff:0.2% logz-ratio=23021087.75+/-0.21 dlogz:730762.393>0.01]7444it [4:41:18,  5.89s/it, bound:1377 nc:1287 ncall:4.3e+06 eff:0.2% logz-ratio=23022088.53+/-0.21 dlogz:730011.732>0.01]7448it [4:41:38,  5.58s/it, bound:1378 nc:820 ncall:4.3e+06 eff:0.2% logz-ratio=23024156.10+/-0.21 dlogz:727907.689>0.01] 7452it [4:42:03,  5.78s/it, bound:1379 nc:714 ncall:4.3e+06 eff:0.2% logz-ratio=23025600.30+/-0.21 dlogz:726358.143>0.01]7456it [4:42:26,  5.80s/it, bound:1380 nc:1580 ncall:4.3e+06 eff:0.2% logz-ratio=23026184.57+/-0.21 dlogz:725906.529>0.01]7460it [4:42:49,  5.78s/it, bound:1381 nc:997 ncall:4.3e+06 eff:0.2% logz-ratio=23027785.21+/-0.21 dlogz:724384.124>0.01] 7464it [4:43:11,  5.70s/it, bound:1382 nc:1451 ncall:4.3e+06 eff:0.2% logz-ratio=23031309.55+/-0.21 dlogz:722075.676>0.01]7468it [4:43:31,  5.46s/it, bound:1383 nc:1061 ncall:4.4e+06 eff:0.2% logz-ratio=23033599.00+/-0.21 dlogz:718421.435>0.01]7472it [4:44:02,  6.13s/it, bound:1384 nc:2139 ncall:4.4e+06 eff:0.2% logz-ratio=23037265.94+/-0.21 dlogz:716077.305>0.01]7476it [4:44:29,  6.34s/it, bound:1385 nc:1156 ncall:4.4e+06 eff:0.2% logz-ratio=23038549.48+/-0.21 dlogz:713335.623>0.01]7480it [4:44:45,  5.63s/it, bound:1386 nc:1015 ncall:4.4e+06 eff:0.2% logz-ratio=23043464.42+/-0.21 dlogz:709024.832>0.01]7484it [4:45:10,  5.83s/it, bound:1387 nc:928 ncall:4.4e+06 eff:0.2% logz-ratio=23044687.50+/-0.21 dlogz:707740.666>0.01] 7488it [4:45:30,  5.56s/it, bound:1388 nc:916 ncall:4.4e+06 eff:0.2% logz-ratio=23046200.30+/-0.21 dlogz:706637.443>0.01]7492it [4:45:49,  5.33s/it, bound:1389 nc:1138 ncall:4.4e+06 eff:0.2% logz-ratio=23049984.31+/-0.21 dlogz:702533.414>0.01]7496it [4:46:09,  5.23s/it, bound:1390 nc:958 ncall:4.4e+06 eff:0.2% logz-ratio=23052722.31+/-0.21 dlogz:699132.914>0.01] 7500it [4:46:30,  5.27s/it, bound:1391 nc:1327 ncall:4.4e+06 eff:0.2% logz-ratio=23054359.69+/-0.21 dlogz:697727.437>0.01]7504it [4:46:47,  4.93s/it, bound:1392 nc:1101 ncall:4.4e+06 eff:0.2% logz-ratio=23056796.28+/-0.21 dlogz:695584.553>0.01]7508it [4:47:05,  4.78s/it, bound:1393 nc:977 ncall:4.4e+06 eff:0.2% logz-ratio=23058943.67+/-0.21 dlogz:693012.396>0.01] 7512it [4:47:25,  4.90s/it, bound:1394 nc:688 ncall:4.4e+06 eff:0.2% logz-ratio=23061985.82+/-0.21 dlogz:690082.044>0.01]7516it [4:47:47,  5.04s/it, bound:1395 nc:759 ncall:4.4e+06 eff:0.2% logz-ratio=23062869.67+/-0.21 dlogz:689710.346>0.01]7520it [4:48:11,  5.33s/it, bound:1396 nc:1645 ncall:4.4e+06 eff:0.2% logz-ratio=23064481.00+/-0.21 dlogz:687613.733>0.01]7521it [4:48:18,  5.49s/it, bound:1396 nc:1377 ncall:4.4e+06 eff:0.2% logz-ratio=23065903.55+/-0.21 dlogz:687330.588>0.01]7524it [4:48:40,  6.05s/it, bound:1397 nc:1024 ncall:4.4e+06 eff:0.2% logz-ratio=23066934.30+/-0.20 dlogz:684878.653>0.01]7528it [4:49:09,  6.48s/it, bound:1398 nc:1058 ncall:4.4e+06 eff:0.2% logz-ratio=23068591.43+/-0.21 dlogz:684463.460>0.01]7532it [4:49:28,  5.89s/it, bound:1399 nc:1270 ncall:4.4e+06 eff:0.2% logz-ratio=23069401.94+/-0.21 dlogz:682648.724>0.01]7536it [4:49:46,  5.48s/it, bound:1400 nc:960 ncall:4.4e+06 eff:0.2% logz-ratio=23073357.29+/-0.21 dlogz:678685.751>0.01] 7540it [4:50:14,  5.94s/it, bound:1401 nc:1351 ncall:4.4e+06 eff:0.2% logz-ratio=23075460.50+/-0.21 dlogz:677029.402>0.01]7544it [4:50:34,  5.62s/it, bound:1402 nc:1212 ncall:4.4e+06 eff:0.2% logz-ratio=23078519.03+/-0.21 dlogz:674992.185>0.01]7548it [4:50:53,  5.40s/it, bound:1403 nc:996 ncall:4.4e+06 eff:0.2% logz-ratio=23079633.18+/-0.21 dlogz:673193.168>0.01] 7552it [4:51:21,  5.88s/it, bound:1404 nc:1364 ncall:4.5e+06 eff:0.2% logz-ratio=23080615.86+/-0.21 dlogz:671285.025>0.01]7556it [4:51:49,  6.22s/it, bound:1405 nc:856 ncall:4.5e+06 eff:0.2% logz-ratio=23082614.01+/-0.21 dlogz:669798.261>0.01] 7560it [4:52:22,  6.80s/it, bound:1406 nc:1340 ncall:4.5e+06 eff:0.2% logz-ratio=23084478.91+/-0.21 dlogz:667517.188>0.01]7564it [4:52:42,  6.23s/it, bound:1407 nc:1174 ncall:4.5e+06 eff:0.2% logz-ratio=23085542.09+/-0.21 dlogz:666368.664>0.01]7568it [4:52:59,  5.66s/it, bound:1408 nc:1136 ncall:4.5e+06 eff:0.2% logz-ratio=23087772.94+/-0.21 dlogz:664735.812>0.01]7572it [4:53:27,  6.05s/it, bound:1409 nc:901 ncall:4.5e+06 eff:0.2% logz-ratio=23089057.04+/-0.21 dlogz:663180.146>0.01] 7576it [4:53:53,  6.19s/it, bound:1410 nc:1490 ncall:4.5e+06 eff:0.2% logz-ratio=23090840.92+/-0.21 dlogz:661403.464>0.01]7580it [4:54:23,  6.64s/it, bound:1411 nc:1421 ncall:4.5e+06 eff:0.2% logz-ratio=23094743.30+/-0.21 dlogz:657391.749>0.01]7584it [4:54:43,  6.10s/it, bound:1412 nc:792 ncall:4.5e+06 eff:0.2% logz-ratio=23096713.59+/-0.21 dlogz:655419.295>0.01] 7588it [4:55:01,  5.61s/it, bound:1413 nc:911 ncall:4.5e+06 eff:0.2% logz-ratio=23098252.40+/-0.21 dlogz:654382.349>0.01]7592it [4:55:31,  6.19s/it, bound:1414 nc:1073 ncall:4.5e+06 eff:0.2% logz-ratio=23100985.90+/-0.21 dlogz:651008.508>0.01]7596it [4:55:53,  5.96s/it, bound:1415 nc:905 ncall:4.5e+06 eff:0.2% logz-ratio=23101316.52+/-0.21 dlogz:650528.608>0.01] 7600it [4:56:16,  5.90s/it, bound:1416 nc:1599 ncall:4.5e+06 eff:0.2% logz-ratio=23102374.24+/-0.21 dlogz:649485.005>0.01]7604it [4:56:36,  5.65s/it, bound:1417 nc:1191 ncall:4.5e+06 eff:0.2% logz-ratio=23103202.65+/-0.21 dlogz:648898.017>0.01]7608it [4:56:58,  5.60s/it, bound:1418 nc:1489 ncall:4.5e+06 eff:0.2% logz-ratio=23106206.07+/-0.21 dlogz:646740.359>0.01]7612it [4:57:26,  6.00s/it, bound:1419 nc:1898 ncall:4.5e+06 eff:0.2% logz-ratio=23107738.05+/-0.21 dlogz:644573.583>0.01]7616it [4:57:46,  5.75s/it, bound:1420 nc:1132 ncall:4.5e+06 eff:0.2% logz-ratio=23108768.92+/-0.21 dlogz:643509.464>0.01]7620it [4:58:10,  5.82s/it, bound:1421 nc:1003 ncall:4.5e+06 eff:0.2% logz-ratio=23109590.35+/-0.21 dlogz:642453.150>0.01]7624it [4:58:36,  5.99s/it, bound:1422 nc:1332 ncall:4.5e+06 eff:0.2% logz-ratio=23111532.16+/-0.21 dlogz:640362.356>0.01]7627it [4:58:38,  4.75s/it, bound:1423 nc:991 ncall:4.5e+06 eff:0.2% logz-ratio=23112888.63+/-0.21 dlogz:639259.037>0.01] 7628it [4:59:03,  6.78s/it, bound:1423 nc:1634 ncall:4.5e+06 eff:0.2% logz-ratio=23112975.88+/-0.21 dlogz:638922.752>0.01]7632it [4:59:27,  6.48s/it, bound:1424 nc:1216 ncall:4.6e+06 eff:0.2% logz-ratio=23114496.56+/-0.21 dlogz:637625.984>0.01]7636it [4:59:46,  5.95s/it, bound:1425 nc:1315 ncall:4.6e+06 eff:0.2% logz-ratio=23116196.67+/-0.21 dlogz:635646.378>0.01]7640it [5:00:10,  5.95s/it, bound:1426 nc:1142 ncall:4.6e+06 eff:0.2% logz-ratio=23118788.36+/-0.21 dlogz:633920.979>0.01]7644it [5:00:31,  5.67s/it, bound:1427 nc:1000 ncall:4.6e+06 eff:0.2% logz-ratio=23119647.65+/-0.21 dlogz:632470.324>0.01]7648it [5:00:52,  5.59s/it, bound:1428 nc:818 ncall:4.6e+06 eff:0.2% logz-ratio=23120175.19+/-0.21 dlogz:631847.221>0.01] 7652it [5:01:17,  5.75s/it, bound:1429 nc:1451 ncall:4.6e+06 eff:0.2% logz-ratio=23126042.77+/-0.21 dlogz:627280.706>0.01]7656it [5:01:39,  5.69s/it, bound:1430 nc:1465 ncall:4.6e+06 eff:0.2% logz-ratio=23127328.03+/-0.21 dlogz:625274.219>0.01]7660it [5:02:00,  5.56s/it, bound:1431 nc:1194 ncall:4.6e+06 eff:0.2% logz-ratio=23128804.10+/-0.21 dlogz:623138.369>0.01]7664it [5:02:26,  5.83s/it, bound:1432 nc:1004 ncall:4.6e+06 eff:0.2% logz-ratio=23130656.60+/-0.21 dlogz:622185.295>0.01]7668it [5:02:50,  5.87s/it, bound:1433 nc:1411 ncall:4.6e+06 eff:0.2% logz-ratio=23131610.69+/-0.21 dlogz:620443.173>0.01]7672it [5:03:12,  5.78s/it, bound:1434 nc:1091 ncall:4.6e+06 eff:0.2% logz-ratio=23133646.06+/-0.21 dlogz:619268.784>0.01]7676it [5:03:40,  6.13s/it, bound:1435 nc:1725 ncall:4.6e+06 eff:0.2% logz-ratio=23135484.06+/-0.21 dlogz:617352.360>0.01]7680it [5:04:00,  5.85s/it, bound:1436 nc:1391 ncall:4.6e+06 eff:0.2% logz-ratio=23136712.09+/-0.21 dlogz:615591.940>0.01]7684it [5:04:21,  5.61s/it, bound:1437 nc:1264 ncall:4.6e+06 eff:0.2% logz-ratio=23138390.03+/-0.21 dlogz:614235.977>0.01]7688it [5:04:50,  6.14s/it, bound:1438 nc:1703 ncall:4.6e+06 eff:0.2% logz-ratio=23139905.94+/-0.21 dlogz:612215.442>0.01]7692it [5:05:15,  6.18s/it, bound:1439 nc:894 ncall:4.6e+06 eff:0.2% logz-ratio=23142447.01+/-0.21 dlogz:609579.288>0.01] 7696it [5:05:39,  6.08s/it, bound:1440 nc:1075 ncall:4.6e+06 eff:0.2% logz-ratio=23145534.09+/-0.21 dlogz:606813.304>0.01]7700it [5:05:55,  5.45s/it, bound:1441 nc:1056 ncall:4.6e+06 eff:0.2% logz-ratio=23146516.15+/-0.21 dlogz:605307.671>0.01]7704it [5:06:18,  5.56s/it, bound:1442 nc:1121 ncall:4.6e+06 eff:0.2% logz-ratio=23148750.65+/-0.21 dlogz:603350.599>0.01]7708it [5:06:40,  5.57s/it, bound:1443 nc:1270 ncall:4.7e+06 eff:0.2% logz-ratio=23150861.90+/-0.21 dlogz:601010.622>0.01]7712it [5:07:02,  5.56s/it, bound:1444 nc:1365 ncall:4.7e+06 eff:0.2% logz-ratio=23151866.94+/-0.21 dlogz:599990.108>0.01]7716it [5:07:22,  5.35s/it, bound:1445 nc:944 ncall:4.7e+06 eff:0.2% logz-ratio=23153082.75+/-0.21 dlogz:598985.913>0.01] 7720it [5:07:45,  5.46s/it, bound:1446 nc:1102 ncall:4.7e+06 eff:0.2% logz-ratio=23155599.23+/-0.21 dlogz:597788.275>0.01]7724it [5:08:09,  5.67s/it, bound:1447 nc:1415 ncall:4.7e+06 eff:0.2% logz-ratio=23158039.44+/-0.21 dlogz:594771.612>0.01]7728it [5:08:37,  6.03s/it, bound:1448 nc:1161 ncall:4.7e+06 eff:0.2% logz-ratio=23161616.09+/-0.21 dlogz:591842.624>0.01]7732it [5:09:02,  6.10s/it, bound:1449 nc:827 ncall:4.7e+06 eff:0.2% logz-ratio=23165378.21+/-0.21 dlogz:588335.184>0.01] 7733it [5:09:09,  6.19s/it, bound:1449 nc:1155 ncall:4.7e+06 eff:0.2% logz-ratio=23165387.23+/-0.21 dlogz:586432.954>0.01]7736it [5:09:33,  6.75s/it, bound:1450 nc:887 ncall:4.7e+06 eff:0.2% logz-ratio=23166506.61+/-0.21 dlogz:585455.267>0.01] 7740it [5:09:54,  6.20s/it, bound:1451 nc:907 ncall:4.7e+06 eff:0.2% logz-ratio=23167974.92+/-0.21 dlogz:584037.718>0.01]7744it [5:10:20,  6.30s/it, bound:1452 nc:956 ncall:4.7e+06 eff:0.2% logz-ratio=23168712.24+/-0.21 dlogz:583147.080>0.01]7748it [5:10:46,  6.36s/it, bound:1453 nc:1788 ncall:4.7e+06 eff:0.2% logz-ratio=23170189.23+/-0.21 dlogz:582089.427>0.01]7752it [5:11:11,  6.35s/it, bound:1454 nc:1711 ncall:4.7e+06 eff:0.2% logz-ratio=23171182.11+/-0.21 dlogz:580843.930>0.01]7756it [5:11:31,  5.93s/it, bound:1455 nc:1363 ncall:4.7e+06 eff:0.2% logz-ratio=23173367.57+/-0.21 dlogz:578541.128>0.01]7760it [5:11:51,  5.62s/it, bound:1456 nc:1037 ncall:4.7e+06 eff:0.2% logz-ratio=23175172.98+/-0.21 dlogz:576920.199>0.01]7764it [5:12:19,  6.05s/it, bound:1457 nc:1931 ncall:4.7e+06 eff:0.2% logz-ratio=23176127.37+/-0.21 dlogz:576032.921>0.01]7768it [5:12:44,  6.10s/it, bound:1458 nc:735 ncall:4.7e+06 eff:0.2% logz-ratio=23178406.58+/-0.21 dlogz:574537.368>0.01] 7772it [5:13:08,  6.10s/it, bound:1459 nc:1280 ncall:4.7e+06 eff:0.2% logz-ratio=23180259.56+/-0.21 dlogz:571831.683>0.01]7776it [5:13:26,  5.60s/it, bound:1460 nc:875 ncall:4.7e+06 eff:0.2% logz-ratio=23181267.48+/-0.21 dlogz:571156.608>0.01] 7780it [5:13:48,  5.56s/it, bound:1461 nc:1001 ncall:4.7e+06 eff:0.2% logz-ratio=23182230.20+/-0.21 dlogz:570059.754>0.01]7784it [5:14:11,  5.65s/it, bound:1462 nc:1175 ncall:4.7e+06 eff:0.2% logz-ratio=23184548.66+/-0.21 dlogz:567436.161>0.01]7788it [5:14:35,  5.75s/it, bound:1463 nc:1161 ncall:4.7e+06 eff:0.2% logz-ratio=23186502.72+/-0.21 dlogz:565398.151>0.01]7792it [5:15:01,  5.97s/it, bound:1464 nc:1245 ncall:4.8e+06 eff:0.2% logz-ratio=23187562.22+/-0.21 dlogz:564636.672>0.01]7796it [5:15:23,  5.80s/it, bound:1465 nc:1024 ncall:4.8e+06 eff:0.2% logz-ratio=23187883.95+/-0.21 dlogz:563939.063>0.01]7800it [5:15:49,  6.03s/it, bound:1466 nc:1559 ncall:4.8e+06 eff:0.2% logz-ratio=23189064.35+/-0.21 dlogz:562821.442>0.01]7804it [5:16:12,  5.91s/it, bound:1467 nc:1195 ncall:4.8e+06 eff:0.2% logz-ratio=23189671.37+/-0.21 dlogz:562195.724>0.01]7808it [5:16:30,  5.50s/it, bound:1468 nc:878 ncall:4.8e+06 eff:0.2% logz-ratio=23192734.15+/-0.21 dlogz:560870.658>0.01] 7812it [5:16:53,  5.55s/it, bound:1469 nc:1522 ncall:4.8e+06 eff:0.2% logz-ratio=23195396.50+/-0.21 dlogz:556928.742>0.01]7816it [5:17:19,  5.90s/it, bound:1470 nc:855 ncall:4.8e+06 eff:0.2% logz-ratio=23196170.82+/-0.21 dlogz:555719.939>0.01] 7820it [5:17:38,  5.52s/it, bound:1471 nc:941 ncall:4.8e+06 eff:0.2% logz-ratio=23198398.92+/-0.21 dlogz:553748.858>0.01]7824it [5:17:57,  5.27s/it, bound:1472 nc:1114 ncall:4.8e+06 eff:0.2% logz-ratio=23199166.11+/-0.21 dlogz:552938.812>0.01]7828it [5:18:15,  5.09s/it, bound:1473 nc:1258 ncall:4.8e+06 eff:0.2% logz-ratio=23201065.00+/-0.21 dlogz:551429.225>0.01]7832it [5:18:33,  4.87s/it, bound:1474 nc:1151 ncall:4.8e+06 eff:0.2% logz-ratio=23202285.15+/-0.21 dlogz:550314.859>0.01]7836it [5:18:57,  5.20s/it, bound:1475 nc:1429 ncall:4.8e+06 eff:0.2% logz-ratio=23203328.52+/-0.21 dlogz:548656.024>0.01]7840it [5:19:19,  5.30s/it, bound:1476 nc:1185 ncall:4.8e+06 eff:0.2% logz-ratio=23204856.02+/-0.21 dlogz:547178.362>0.01]7841it [5:19:26,  5.50s/it, bound:1476 nc:1228 ncall:4.8e+06 eff:0.2% logz-ratio=23205723.86+/-0.21 dlogz:546954.936>0.01]7844it [5:19:44,  5.60s/it, bound:1477 nc:1164 ncall:4.8e+06 eff:0.2% logz-ratio=23207656.16+/-0.21 dlogz:544518.964>0.01]7848it [5:20:13,  6.24s/it, bound:1478 nc:1717 ncall:4.8e+06 eff:0.2% logz-ratio=23209527.11+/-0.21 dlogz:542307.518>0.01]7852it [5:20:43,  6.62s/it, bound:1479 nc:692 ncall:4.8e+06 eff:0.2% logz-ratio=23210981.18+/-0.21 dlogz:541538.938>0.01] 7856it [5:21:03,  6.11s/it, bound:1480 nc:1103 ncall:4.8e+06 eff:0.2% logz-ratio=23213016.85+/-0.21 dlogz:539080.373>0.01]7860it [5:21:26,  6.00s/it, bound:1481 nc:1510 ncall:4.8e+06 eff:0.2% logz-ratio=23214567.44+/-0.21 dlogz:538032.882>0.01]7864it [5:21:54,  6.28s/it, bound:1482 nc:1806 ncall:4.8e+06 eff:0.2% logz-ratio=23216149.09+/-0.21 dlogz:536905.688>0.01]7868it [5:22:24,  6.70s/it, bound:1483 nc:1521 ncall:4.8e+06 eff:0.2% logz-ratio=23218713.63+/-0.21 dlogz:534258.270>0.01]7872it [5:22:52,  6.75s/it, bound:1484 nc:1163 ncall:4.9e+06 eff:0.2% logz-ratio=23220002.91+/-0.21 dlogz:532186.827>0.01]7876it [5:23:19,  6.80s/it, bound:1485 nc:1870 ncall:4.9e+06 eff:0.2% logz-ratio=23222304.55+/-0.21 dlogz:530078.233>0.01]7880it [5:23:40,  6.28s/it, bound:1486 nc:1013 ncall:4.9e+06 eff:0.2% logz-ratio=23222899.02+/-0.21 dlogz:529026.427>0.01]7884it [5:24:10,  6.71s/it, bound:1487 nc:1234 ncall:4.9e+06 eff:0.2% logz-ratio=23225088.47+/-0.21 dlogz:527243.266>0.01]7888it [5:24:34,  6.43s/it, bound:1488 nc:1187 ncall:4.9e+06 eff:0.2% logz-ratio=23227595.00+/-0.21 dlogz:524447.381>0.01]7892it [5:24:57,  6.24s/it, bound:1489 nc:1409 ncall:4.9e+06 eff:0.2% logz-ratio=23228385.31+/-0.21 dlogz:523617.297>0.01]7896it [5:25:17,  5.88s/it, bound:1490 nc:1197 ncall:4.9e+06 eff:0.2% logz-ratio=23231857.67+/-0.21 dlogz:520691.296>0.01]7900it [5:25:43,  6.09s/it, bound:1491 nc:1303 ncall:4.9e+06 eff:0.2% logz-ratio=23233323.85+/-0.21 dlogz:518684.726>0.01]7904it [5:26:12,  6.40s/it, bound:1492 nc:919 ncall:4.9e+06 eff:0.2% logz-ratio=23234157.32+/-0.21 dlogz:517664.848>0.01] 7908it [5:26:38,  6.43s/it, bound:1493 nc:793 ncall:4.9e+06 eff:0.2% logz-ratio=23236664.94+/-0.21 dlogz:515527.646>0.01]7912it [5:26:58,  6.06s/it, bound:1494 nc:1280 ncall:4.9e+06 eff:0.2% logz-ratio=23237663.43+/-0.21 dlogz:514509.992>0.01]7916it [5:27:19,  5.79s/it, bound:1495 nc:882 ncall:4.9e+06 eff:0.2% logz-ratio=23238183.13+/-0.21 dlogz:513678.317>0.01] 7920it [5:27:39,  5.57s/it, bound:1496 nc:1276 ncall:4.9e+06 eff:0.2% logz-ratio=23238792.12+/-0.21 dlogz:513131.742>0.01]7923it [5:28:05,  6.33s/it, bound:1497 nc:1051 ncall:4.9e+06 eff:0.2% logz-ratio=23240450.16+/-0.21 dlogz:511560.034>0.01]7927it [5:28:35,  6.63s/it, bound:1498 nc:2033 ncall:4.9e+06 eff:0.2% logz-ratio=23241282.53+/-0.21 dlogz:510581.099>0.01]7931it [5:28:56,  6.20s/it, bound:1499 nc:975 ncall:4.9e+06 eff:0.2% logz-ratio=23241921.98+/-0.21 dlogz:510006.997>0.01] 7935it [5:29:14,  5.70s/it, bound:1500 nc:1237 ncall:4.9e+06 eff:0.2% logz-ratio=23242446.96+/-0.21 dlogz:509375.327>0.01]7939it [5:29:41,  6.03s/it, bound:1501 nc:1160 ncall:4.9e+06 eff:0.2% logz-ratio=23244178.52+/-0.21 dlogz:507922.108>0.01]7940it [5:29:48,  6.15s/it, bound:1501 nc:989 ncall:4.9e+06 eff:0.2% logz-ratio=23244956.54+/-0.21 dlogz:507632.235>0.01] 7943it [5:30:08,  6.31s/it, bound:1502 nc:1086 ncall:4.9e+06 eff:0.2% logz-ratio=23245953.77+/-0.21 dlogz:506031.014>0.01]7947it [5:30:41,  7.00s/it, bound:1503 nc:1356 ncall:4.9e+06 eff:0.2% logz-ratio=23247999.55+/-0.21 dlogz:503849.305>0.01]7951it [5:31:03,  6.51s/it, bound:1504 nc:1365 ncall:5.0e+06 eff:0.2% logz-ratio=23248991.74+/-0.21 dlogz:503394.586>0.01]7955it [5:31:30,  6.53s/it, bound:1505 nc:1373 ncall:5.0e+06 eff:0.2% logz-ratio=23250849.99+/-0.21 dlogz:501529.282>0.01]7959it [5:31:53,  6.32s/it, bound:1506 nc:1614 ncall:5.0e+06 eff:0.2% logz-ratio=23252791.39+/-0.21 dlogz:500221.183>0.01]7963it [5:32:20,  6.41s/it, bound:1507 nc:1859 ncall:5.0e+06 eff:0.2% logz-ratio=23253919.59+/-0.21 dlogz:498270.637>0.01]7967it [5:32:49,  6.68s/it, bound:1508 nc:1288 ncall:5.0e+06 eff:0.2% logz-ratio=23255440.54+/-0.21 dlogz:496470.501>0.01]7971it [5:33:10,  6.23s/it, bound:1509 nc:894 ncall:5.0e+06 eff:0.2% logz-ratio=23256452.54+/-0.21 dlogz:495626.022>0.01] 7975it [5:33:36,  6.32s/it, bound:1510 nc:1017 ncall:5.0e+06 eff:0.2% logz-ratio=23258026.68+/-0.21 dlogz:493921.910>0.01]7979it [5:33:51,  5.58s/it, bound:1511 nc:883 ncall:5.0e+06 eff:0.2% logz-ratio=23259071.76+/-0.21 dlogz:493254.319>0.01] 7983it [5:34:18,  5.89s/it, bound:1512 nc:1093 ncall:5.0e+06 eff:0.2% logz-ratio=23260240.76+/-0.21 dlogz:491725.189>0.01]7987it [5:34:44,  6.07s/it, bound:1513 nc:1244 ncall:5.0e+06 eff:0.2% logz-ratio=23260885.23+/-0.21 dlogz:491350.794>0.01]7991it [5:35:13,  6.47s/it, bound:1514 nc:1262 ncall:5.0e+06 eff:0.2% logz-ratio=23261275.62+/-0.21 dlogz:490766.829>0.01]7995it [5:35:39,  6.46s/it, bound:1515 nc:1127 ncall:5.0e+06 eff:0.2% logz-ratio=23262426.32+/-0.21 dlogz:490132.281>0.01]7999it [5:36:08,  6.73s/it, bound:1516 nc:1080 ncall:5.0e+06 eff:0.2% logz-ratio=23264829.51+/-0.21 dlogz:487510.311>0.01]8003it [5:36:29,  6.26s/it, bound:1517 nc:1377 ncall:5.0e+06 eff:0.2% logz-ratio=23266220.23+/-0.21 dlogz:485742.060>0.01]8007it [5:37:00,  6.67s/it, bound:1518 nc:1127 ncall:5.0e+06 eff:0.2% logz-ratio=23267423.56+/-0.21 dlogz:484810.017>0.01]8011it [5:37:22,  6.39s/it, bound:1519 nc:1509 ncall:5.0e+06 eff:0.2% logz-ratio=23268454.92+/-0.21 dlogz:483445.150>0.01]8015it [5:37:49,  6.44s/it, bound:1520 nc:1454 ncall:5.0e+06 eff:0.2% logz-ratio=23269005.71+/-0.21 dlogz:482870.853>0.01]8019it [5:38:20,  6.85s/it, bound:1521 nc:738 ncall:5.0e+06 eff:0.2% logz-ratio=23269685.37+/-0.21 dlogz:482329.234>0.01] 8023it [5:38:45,  6.66s/it, bound:1522 nc:1670 ncall:5.0e+06 eff:0.2% logz-ratio=23272299.97+/-0.21 dlogz:479964.153>0.01]8027it [5:39:07,  6.30s/it, bound:1523 nc:1449 ncall:5.1e+06 eff:0.2% logz-ratio=23274289.06+/-0.21 dlogz:478739.161>0.01]8031it [5:39:30,  6.14s/it, bound:1524 nc:1135 ncall:5.1e+06 eff:0.2% logz-ratio=23275586.70+/-0.21 dlogz:476371.898>0.01]8035it [5:39:56,  6.30s/it, bound:1525 nc:1445 ncall:5.1e+06 eff:0.2% logz-ratio=23277988.69+/-0.21 dlogz:475362.268>0.01]8037it [5:40:02,  5.65s/it, bound:1525 nc:1381 ncall:5.1e+06 eff:0.2% logz-ratio=23278532.36+/-0.21 dlogz:473786.817>0.01]8039it [5:40:27,  7.12s/it, bound:1526 nc:1767 ncall:5.1e+06 eff:0.2% logz-ratio=23279230.66+/-0.21 dlogz:472737.661>0.01]8043it [5:40:50,  6.59s/it, bound:1527 nc:1154 ncall:5.1e+06 eff:0.2% logz-ratio=23280784.57+/-0.21 dlogz:471581.233>0.01]8047it [5:41:15,  6.43s/it, bound:1528 nc:920 ncall:5.1e+06 eff:0.2% logz-ratio=23282306.40+/-0.21 dlogz:469598.990>0.01] 8051it [5:41:34,  5.93s/it, bound:1529 nc:1308 ncall:5.1e+06 eff:0.2% logz-ratio=23282903.98+/-0.21 dlogz:469120.753>0.01]8055it [5:42:02,  6.28s/it, bound:1530 nc:1875 ncall:5.1e+06 eff:0.2% logz-ratio=23284525.35+/-0.21 dlogz:468505.391>0.01]8059it [5:42:25,  6.09s/it, bound:1531 nc:1539 ncall:5.1e+06 eff:0.2% logz-ratio=23285822.38+/-0.21 dlogz:466339.933>0.01]8063it [5:42:48,  6.00s/it, bound:1532 nc:1339 ncall:5.1e+06 eff:0.2% logz-ratio=23288842.90+/-0.21 dlogz:463668.011>0.01]8067it [5:43:12,  5.95s/it, bound:1533 nc:1092 ncall:5.1e+06 eff:0.2% logz-ratio=23290207.66+/-0.21 dlogz:461636.531>0.01]8071it [5:43:33,  5.73s/it, bound:1534 nc:1415 ncall:5.1e+06 eff:0.2% logz-ratio=23291815.51+/-0.21 dlogz:461066.729>0.01]8075it [5:44:02,  6.25s/it, bound:1535 nc:1563 ncall:5.1e+06 eff:0.2% logz-ratio=23292542.17+/-0.21 dlogz:459279.470>0.01]8079it [5:44:29,  6.38s/it, bound:1536 nc:1669 ncall:5.1e+06 eff:0.2% logz-ratio=23294352.58+/-0.21 dlogz:458294.170>0.01]8083it [5:44:57,  6.53s/it, bound:1537 nc:1743 ncall:5.1e+06 eff:0.2% logz-ratio=23295334.62+/-0.21 dlogz:456866.646>0.01]8087it [5:45:24,  6.65s/it, bound:1538 nc:1086 ncall:5.1e+06 eff:0.2% logz-ratio=23296586.25+/-0.21 dlogz:456126.697>0.01]8091it [5:45:54,  6.86s/it, bound:1539 nc:1521 ncall:5.1e+06 eff:0.2% logz-ratio=23297751.80+/-0.21 dlogz:454125.900>0.01]8095it [5:46:14,  6.32s/it, bound:1540 nc:669 ncall:5.1e+06 eff:0.2% logz-ratio=23299242.80+/-0.21 dlogz:452913.977>0.01] 8099it [5:46:40,  6.38s/it, bound:1541 nc:1717 ncall:5.2e+06 eff:0.2% logz-ratio=23300367.03+/-0.21 dlogz:451508.735>0.01]8103it [5:47:04,  6.26s/it, bound:1542 nc:967 ncall:5.2e+06 eff:0.2% logz-ratio=23301025.11+/-0.21 dlogz:450838.651>0.01] 8107it [5:47:26,  6.03s/it, bound:1543 nc:1376 ncall:5.2e+06 eff:0.2% logz-ratio=23302951.50+/-0.21 dlogz:449255.137>0.01]8111it [5:47:47,  5.81s/it, bound:1544 nc:1016 ncall:5.2e+06 eff:0.2% logz-ratio=23304243.75+/-0.21 dlogz:447832.459>0.01]8115it [5:48:14,  6.08s/it, bound:1545 nc:1127 ncall:5.2e+06 eff:0.2% logz-ratio=23304698.29+/-0.21 dlogz:447222.690>0.01]8119it [5:48:39,  6.12s/it, bound:1546 nc:1277 ncall:5.2e+06 eff:0.2% logz-ratio=23306282.63+/-0.21 dlogz:446384.541>0.01]8123it [5:49:04,  6.17s/it, bound:1547 nc:1631 ncall:5.2e+06 eff:0.2% logz-ratio=23308142.00+/-0.22 dlogz:443680.459>0.01]8127it [5:49:35,  6.66s/it, bound:1548 nc:1439 ncall:5.2e+06 eff:0.2% logz-ratio=23309194.00+/-0.22 dlogz:442749.946>0.01]8131it [5:50:00,  6.53s/it, bound:1549 nc:1289 ncall:5.2e+06 eff:0.2% logz-ratio=23310390.94+/-0.22 dlogz:442126.811>0.01]8135it [5:50:30,  6.81s/it, bound:1550 nc:1128 ncall:5.2e+06 eff:0.2% logz-ratio=23311257.57+/-0.22 dlogz:440642.411>0.01]8139it [5:51:01,  7.13s/it, bound:1551 nc:1538 ncall:5.2e+06 eff:0.2% logz-ratio=23311690.28+/-0.22 dlogz:440405.270>0.01]8143it [5:51:28,  6.95s/it, bound:1552 nc:1791 ncall:5.2e+06 eff:0.2% logz-ratio=23312718.17+/-0.22 dlogz:439111.438>0.01]8147it [5:51:58,  7.13s/it, bound:1553 nc:2063 ncall:5.2e+06 eff:0.2% logz-ratio=23314893.09+/-0.22 dlogz:437889.561>0.01]8151it [5:52:21,  6.75s/it, bound:1554 nc:1246 ncall:5.2e+06 eff:0.2% logz-ratio=23316110.83+/-0.22 dlogz:436133.455>0.01]8155it [5:52:41,  6.21s/it, bound:1555 nc:1145 ncall:5.2e+06 eff:0.2% logz-ratio=23318028.30+/-0.22 dlogz:434016.272>0.01]8159it [5:53:04,  6.09s/it, bound:1556 nc:1518 ncall:5.2e+06 eff:0.2% logz-ratio=23319465.05+/-0.22 dlogz:432599.169>0.01]8163it [5:53:26,  5.87s/it, bound:1557 nc:1462 ncall:5.2e+06 eff:0.2% logz-ratio=23322183.89+/-0.22 dlogz:430618.670>0.01]8167it [5:53:51,  6.05s/it, bound:1558 nc:1286 ncall:5.2e+06 eff:0.2% logz-ratio=23323446.07+/-0.22 dlogz:428382.329>0.01]8171it [5:54:13,  5.85s/it, bound:1559 nc:1267 ncall:5.2e+06 eff:0.2% logz-ratio=23325505.72+/-0.22 dlogz:427108.519>0.01]8175it [5:54:37,  5.89s/it, bound:1560 nc:1594 ncall:5.3e+06 eff:0.2% logz-ratio=23330269.61+/-0.22 dlogz:422693.016>0.01]8179it [5:54:59,  5.78s/it, bound:1561 nc:859 ncall:5.3e+06 eff:0.2% logz-ratio=23330793.59+/-0.22 dlogz:421265.593>0.01] 8183it [5:55:26,  6.10s/it, bound:1562 nc:1579 ncall:5.3e+06 eff:0.2% logz-ratio=23332734.06+/-0.22 dlogz:419402.931>0.01]8187it [5:55:51,  6.14s/it, bound:1563 nc:1650 ncall:5.3e+06 eff:0.2% logz-ratio=23333729.16+/-0.22 dlogz:418398.408>0.01]8191it [5:56:14,  5.99s/it, bound:1564 nc:1208 ncall:5.3e+06 eff:0.2% logz-ratio=23334678.76+/-0.22 dlogz:417449.918>0.01]8195it [5:56:41,  6.26s/it, bound:1565 nc:1418 ncall:5.3e+06 eff:0.2% logz-ratio=23336114.00+/-0.22 dlogz:416474.140>0.01]8199it [5:57:09,  6.48s/it, bound:1566 nc:1471 ncall:5.3e+06 eff:0.2% logz-ratio=23336569.30+/-0.22 dlogz:415374.170>0.01]8203it [5:57:28,  5.90s/it, bound:1567 nc:960 ncall:5.3e+06 eff:0.2% logz-ratio=23338029.80+/-0.22 dlogz:414321.303>0.01] 8207it [5:57:48,  5.64s/it, bound:1568 nc:932 ncall:5.3e+06 eff:0.2% logz-ratio=23339835.79+/-0.22 dlogz:412361.504>0.01]8211it [5:58:13,  5.86s/it, bound:1569 nc:1280 ncall:5.3e+06 eff:0.2% logz-ratio=23341222.97+/-0.22 dlogz:411021.611>0.01]8215it [5:58:46,  6.58s/it, bound:1570 nc:2045 ncall:5.3e+06 eff:0.2% logz-ratio=23342213.25+/-0.22 dlogz:409743.054>0.01]8219it [5:59:09,  6.35s/it, bound:1571 nc:1570 ncall:5.3e+06 eff:0.2% logz-ratio=23343814.20+/-0.22 dlogz:408326.615>0.01]8223it [5:59:39,  6.65s/it, bound:1572 nc:1432 ncall:5.3e+06 eff:0.2% logz-ratio=23345180.03+/-0.22 dlogz:406903.582>0.01]8227it [6:00:04,  6.56s/it, bound:1573 nc:1136 ncall:5.3e+06 eff:0.2% logz-ratio=23346295.68+/-0.22 dlogz:406315.772>0.01]8228it [6:00:12,  6.63s/it, bound:1573 nc:1037 ncall:5.3e+06 eff:0.2% logz-ratio=23346313.45+/-0.22 dlogz:405514.495>0.01]8231it [6:00:38,  7.26s/it, bound:1574 nc:1800 ncall:5.3e+06 eff:0.2% logz-ratio=23346490.30+/-0.22 dlogz:405328.461>0.01]8235it [6:01:01,  6.73s/it, bound:1575 nc:975 ncall:5.3e+06 eff:0.2% logz-ratio=23347474.65+/-0.22 dlogz:404862.735>0.01] 8239it [6:01:33,  7.19s/it, bound:1576 nc:999 ncall:5.3e+06 eff:0.2% logz-ratio=23349725.64+/-0.22 dlogz:402876.394>0.01]8243it [6:01:54,  6.52s/it, bound:1577 nc:1233 ncall:5.3e+06 eff:0.2% logz-ratio=23350476.75+/-0.22 dlogz:401578.070>0.01]8247it [6:02:21,  6.57s/it, bound:1578 nc:1670 ncall:5.3e+06 eff:0.2% logz-ratio=23351839.47+/-0.22 dlogz:400234.547>0.01]8251it [6:02:42,  6.21s/it, bound:1579 nc:1070 ncall:5.4e+06 eff:0.2% logz-ratio=23352296.33+/-0.22 dlogz:399610.284>0.01]8255it [6:03:04,  5.96s/it, bound:1580 nc:1192 ncall:5.4e+06 eff:0.2% logz-ratio=23354043.63+/-0.22 dlogz:398668.354>0.01]8259it [6:03:27,  5.86s/it, bound:1581 nc:1438 ncall:5.4e+06 eff:0.2% logz-ratio=23354929.08+/-0.22 dlogz:397221.779>0.01]8263it [6:03:50,  5.86s/it, bound:1582 nc:1363 ncall:5.4e+06 eff:0.2% logz-ratio=23355539.87+/-0.22 dlogz:396369.345>0.01]8267it [6:04:18,  6.18s/it, bound:1583 nc:1906 ncall:5.4e+06 eff:0.2% logz-ratio=23357010.05+/-0.22 dlogz:394861.441>0.01]8271it [6:04:38,  5.84s/it, bound:1584 nc:1260 ncall:5.4e+06 eff:0.2% logz-ratio=23358243.76+/-0.22 dlogz:394112.317>0.01]8275it [6:05:01,  5.79s/it, bound:1585 nc:1144 ncall:5.4e+06 eff:0.2% logz-ratio=23359315.70+/-0.22 dlogz:393067.410>0.01]8279it [6:05:25,  5.92s/it, bound:1586 nc:1097 ncall:5.4e+06 eff:0.2% logz-ratio=23361213.22+/-0.22 dlogz:391020.084>0.01]8283it [6:05:47,  5.75s/it, bound:1587 nc:1398 ncall:5.4e+06 eff:0.2% logz-ratio=23361710.92+/-0.22 dlogz:390266.112>0.01]8287it [6:06:10,  5.74s/it, bound:1588 nc:684 ncall:5.4e+06 eff:0.2% logz-ratio=23362405.03+/-0.22 dlogz:389567.613>0.01] 8291it [6:06:29,  5.46s/it, bound:1589 nc:1118 ncall:5.4e+06 eff:0.2% logz-ratio=23363013.90+/-0.22 dlogz:388812.837>0.01]8295it [6:06:49,  5.33s/it, bound:1590 nc:1107 ncall:5.4e+06 eff:0.2% logz-ratio=23363461.08+/-0.22 dlogz:388572.866>0.01]8299it [6:07:11,  5.39s/it, bound:1591 nc:1051 ncall:5.4e+06 eff:0.2% logz-ratio=23364387.56+/-0.22 dlogz:387916.656>0.01]8303it [6:07:40,  5.96s/it, bound:1592 nc:2001 ncall:5.4e+06 eff:0.2% logz-ratio=23365086.31+/-0.22 dlogz:386802.550>0.01]8307it [6:08:05,  6.03s/it, bound:1593 nc:921 ncall:5.4e+06 eff:0.2% logz-ratio=23367069.79+/-0.22 dlogz:385153.154>0.01] 8311it [6:08:30,  6.10s/it, bound:1594 nc:1163 ncall:5.4e+06 eff:0.2% logz-ratio=23368109.74+/-0.22 dlogz:384072.670>0.01]8315it [6:08:53,  5.97s/it, bound:1595 nc:941 ncall:5.4e+06 eff:0.2% logz-ratio=23370039.40+/-0.22 dlogz:382437.504>0.01] 8319it [6:09:19,  6.16s/it, bound:1596 nc:1668 ncall:5.4e+06 eff:0.2% logz-ratio=23370248.67+/-0.22 dlogz:381593.857>0.01]8323it [6:09:47,  6.36s/it, bound:1597 nc:1298 ncall:5.4e+06 eff:0.2% logz-ratio=23371077.26+/-0.22 dlogz:381274.145>0.01]8327it [6:10:13,  6.47s/it, bound:1598 nc:1534 ncall:5.5e+06 eff:0.2% logz-ratio=23372581.66+/-0.22 dlogz:379559.609>0.01]8331it [6:10:43,  6.75s/it, bound:1599 nc:908 ncall:5.5e+06 eff:0.2% logz-ratio=23374041.63+/-0.22 dlogz:377910.813>0.01] 8335it [6:11:09,  6.68s/it, bound:1600 nc:1239 ncall:5.5e+06 eff:0.2% logz-ratio=23375023.20+/-0.22 dlogz:377232.885>0.01]8339it [6:11:28,  6.09s/it, bound:1601 nc:769 ncall:5.5e+06 eff:0.2% logz-ratio=23376420.21+/-0.22 dlogz:376031.890>0.01] 8343it [6:11:56,  6.38s/it, bound:1602 nc:1311 ncall:5.5e+06 eff:0.2% logz-ratio=23377334.45+/-0.22 dlogz:374608.482>0.01]8347it [6:12:19,  6.17s/it, bound:1603 nc:1397 ncall:5.5e+06 eff:0.2% logz-ratio=23378263.35+/-0.22 dlogz:373932.100>0.01]8351it [6:12:44,  6.23s/it, bound:1604 nc:1720 ncall:5.5e+06 eff:0.2% logz-ratio=23378951.78+/-0.22 dlogz:373341.003>0.01]8355it [6:13:03,  5.76s/it, bound:1605 nc:893 ncall:5.5e+06 eff:0.2% logz-ratio=23380062.93+/-0.22 dlogz:371983.515>0.01] 8359it [6:13:29,  5.99s/it, bound:1606 nc:1533 ncall:5.5e+06 eff:0.2% logz-ratio=23380793.17+/-0.22 dlogz:371115.646>0.01]8363it [6:13:51,  5.84s/it, bound:1607 nc:1170 ncall:5.5e+06 eff:0.2% logz-ratio=23381939.67+/-0.22 dlogz:370340.522>0.01]8367it [6:14:14,  5.81s/it, bound:1608 nc:865 ncall:5.5e+06 eff:0.2% logz-ratio=23382949.30+/-0.22 dlogz:369325.981>0.01] 8371it [6:14:31,  5.30s/it, bound:1609 nc:1107 ncall:5.5e+06 eff:0.2% logz-ratio=23383438.53+/-0.22 dlogz:368494.561>0.01]8375it [6:14:58,  5.79s/it, bound:1610 nc:1884 ncall:5.5e+06 eff:0.2% logz-ratio=23384994.36+/-0.22 dlogz:366948.622>0.01]8379it [6:15:27,  6.24s/it, bound:1611 nc:1500 ncall:5.5e+06 eff:0.2% logz-ratio=23387137.75+/-0.22 dlogz:365027.728>0.01]8383it [6:15:58,  6.64s/it, bound:1612 nc:2063 ncall:5.5e+06 eff:0.2% logz-ratio=23387591.08+/-0.22 dlogz:364369.797>0.01]8387it [6:16:18,  6.18s/it, bound:1613 nc:1205 ncall:5.5e+06 eff:0.2% logz-ratio=23388066.86+/-0.22 dlogz:363748.263>0.01]8391it [6:16:48,  6.54s/it, bound:1614 nc:1221 ncall:5.5e+06 eff:0.2% logz-ratio=23388742.64+/-0.22 dlogz:363156.870>0.01]8395it [6:17:09,  6.15s/it, bound:1615 nc:1272 ncall:5.5e+06 eff:0.2% logz-ratio=23390239.51+/-0.22 dlogz:361782.990>0.01]8399it [6:17:30,  5.91s/it, bound:1616 nc:1104 ncall:5.5e+06 eff:0.2% logz-ratio=23391302.15+/-0.22 dlogz:360987.232>0.01]8403it [6:17:58,  6.21s/it, bound:1617 nc:1249 ncall:5.6e+06 eff:0.2% logz-ratio=23392654.37+/-0.22 dlogz:359192.611>0.01]8407it [6:18:20,  6.05s/it, bound:1618 nc:1242 ncall:5.6e+06 eff:0.2% logz-ratio=23393831.80+/-0.22 dlogz:358365.937>0.01]8411it [6:18:49,  6.36s/it, bound:1619 nc:1798 ncall:5.6e+06 eff:0.2% logz-ratio=23394363.06+/-0.22 dlogz:357899.221>0.01]8415it [6:19:10,  6.01s/it, bound:1620 nc:1231 ncall:5.6e+06 eff:0.2% logz-ratio=23395855.24+/-0.22 dlogz:356047.783>0.01]8419it [6:19:38,  6.35s/it, bound:1621 nc:1179 ncall:5.6e+06 eff:0.2% logz-ratio=23396991.16+/-0.22 dlogz:355246.875>0.01]8423it [6:20:01,  6.13s/it, bound:1622 nc:1219 ncall:5.6e+06 eff:0.2% logz-ratio=23398501.00+/-0.22 dlogz:353831.682>0.01]8427it [6:20:26,  6.18s/it, bound:1623 nc:1295 ncall:5.6e+06 eff:0.2% logz-ratio=23400550.42+/-0.22 dlogz:351965.327>0.01]8429it [6:20:33,  5.75s/it, bound:1623 nc:1710 ncall:5.6e+06 eff:0.2% logz-ratio=23400695.40+/-0.22 dlogz:351120.541>0.01]8431it [6:20:58,  7.07s/it, bound:1624 nc:1214 ncall:5.6e+06 eff:0.2% logz-ratio=23400919.12+/-0.22 dlogz:351071.142>0.01]8435it [6:21:26,  7.06s/it, bound:1625 nc:1708 ncall:5.6e+06 eff:0.2% logz-ratio=23402141.09+/-0.22 dlogz:349768.718>0.01]8439it [6:21:50,  6.68s/it, bound:1626 nc:1192 ncall:5.6e+06 eff:0.2% logz-ratio=23403898.13+/-0.22 dlogz:348479.942>0.01]8443it [6:22:18,  6.82s/it, bound:1627 nc:1147 ncall:5.6e+06 eff:0.2% logz-ratio=23405321.53+/-0.22 dlogz:346797.079>0.01]8447it [6:22:45,  6.80s/it, bound:1628 nc:906 ncall:5.6e+06 eff:0.2% logz-ratio=23407090.35+/-0.22 dlogz:345769.722>0.01] 8451it [6:23:07,  6.40s/it, bound:1629 nc:1301 ncall:5.6e+06 eff:0.2% logz-ratio=23409044.57+/-0.22 dlogz:342793.282>0.01]8455it [6:23:31,  6.21s/it, bound:1630 nc:1506 ncall:5.6e+06 eff:0.2% logz-ratio=23409393.80+/-0.22 dlogz:342449.120>0.01]8459it [6:23:52,  5.96s/it, bound:1631 nc:638 ncall:5.6e+06 eff:0.2% logz-ratio=23409900.92+/-0.22 dlogz:341982.055>0.01] 8463it [6:24:15,  5.91s/it, bound:1632 nc:1400 ncall:5.6e+06 eff:0.2% logz-ratio=23410298.98+/-0.22 dlogz:341699.429>0.01]8467it [6:24:44,  6.32s/it, bound:1633 nc:1553 ncall:5.6e+06 eff:0.2% logz-ratio=23412196.99+/-0.22 dlogz:339625.639>0.01]8471it [6:25:04,  5.88s/it, bound:1634 nc:965 ncall:5.6e+06 eff:0.2% logz-ratio=23412782.37+/-0.22 dlogz:339109.953>0.01] 8475it [6:25:32,  6.26s/it, bound:1635 nc:1559 ncall:5.7e+06 eff:0.1% logz-ratio=23414403.40+/-0.22 dlogz:337523.686>0.01]8479it [6:25:59,  6.38s/it, bound:1636 nc:1184 ncall:5.7e+06 eff:0.1% logz-ratio=23415914.59+/-0.22 dlogz:336293.861>0.01]8483it [6:26:29,  6.72s/it, bound:1637 nc:1177 ncall:5.7e+06 eff:0.1% logz-ratio=23416473.27+/-0.22 dlogz:335339.154>0.01]8487it [6:26:58,  6.88s/it, bound:1638 nc:754 ncall:5.7e+06 eff:0.1% logz-ratio=23417227.80+/-0.22 dlogz:334753.234>0.01] 8491it [6:27:28,  7.08s/it, bound:1639 nc:1324 ncall:5.7e+06 eff:0.1% logz-ratio=23417718.21+/-0.22 dlogz:363456.700>0.01]8495it [6:28:00,  7.36s/it, bound:1640 nc:2213 ncall:5.7e+06 eff:0.1% logz-ratio=23418186.51+/-0.22 dlogz:362919.050>0.01]8499it [6:28:21,  6.72s/it, bound:1641 nc:1258 ncall:5.7e+06 eff:0.1% logz-ratio=23419893.02+/-0.22 dlogz:361481.844>0.01]8503it [6:28:48,  6.73s/it, bound:1642 nc:1277 ncall:5.7e+06 eff:0.1% logz-ratio=23420851.30+/-0.22 dlogz:360393.123>0.01]8507it [6:29:11,  6.40s/it, bound:1643 nc:1524 ncall:5.7e+06 eff:0.1% logz-ratio=23421880.05+/-0.22 dlogz:359448.789>0.01]8511it [6:29:39,  6.56s/it, bound:1644 nc:1190 ncall:5.7e+06 eff:0.1% logz-ratio=23423051.30+/-0.22 dlogz:358053.263>0.01]8515it [6:30:05,  6.58s/it, bound:1645 nc:1833 ncall:5.7e+06 eff:0.1% logz-ratio=23423453.66+/-0.22 dlogz:357701.367>0.01]8519it [6:30:37,  6.98s/it, bound:1646 nc:2208 ncall:5.7e+06 eff:0.1% logz-ratio=23424948.60+/-0.22 dlogz:356466.907>0.01]8523it [6:31:13,  7.62s/it, bound:1647 nc:1176 ncall:5.7e+06 eff:0.1% logz-ratio=23425826.21+/-0.22 dlogz:355438.858>0.01]8527it [6:31:38,  7.17s/it, bound:1648 nc:1298 ncall:5.7e+06 eff:0.1% logz-ratio=23426915.88+/-0.22 dlogz:354244.169>0.01]8531it [6:31:58,  6.54s/it, bound:1649 nc:1045 ncall:5.7e+06 eff:0.1% logz-ratio=23427867.28+/-0.22 dlogz:353372.345>0.01]8535it [6:32:21,  6.29s/it, bound:1650 nc:1544 ncall:5.7e+06 eff:0.1% logz-ratio=23429245.63+/-0.22 dlogz:351867.370>0.01]8539it [6:32:42,  6.01s/it, bound:1651 nc:1452 ncall:5.7e+06 eff:0.1% logz-ratio=23430319.20+/-0.22 dlogz:350877.799>0.01]8543it [6:33:04,  5.81s/it, bound:1652 nc:868 ncall:5.7e+06 eff:0.1% logz-ratio=23431265.82+/-0.22 dlogz:349924.434>0.01] 8547it [6:33:29,  6.00s/it, bound:1653 nc:1121 ncall:5.8e+06 eff:0.1% logz-ratio=23432569.28+/-0.22 dlogz:349008.811>0.01]8551it [6:33:55,  6.10s/it, bound:1654 nc:1727 ncall:5.8e+06 eff:0.1% logz-ratio=23433440.22+/-0.22 dlogz:347767.449>0.01]8555it [6:34:19,  6.13s/it, bound:1655 nc:1695 ncall:5.8e+06 eff:0.1% logz-ratio=23434258.14+/-0.22 dlogz:347051.722>0.01]8559it [6:34:43,  6.05s/it, bound:1656 nc:1191 ncall:5.8e+06 eff:0.1% logz-ratio=23434379.09+/-0.22 dlogz:346721.313>0.01]8563it [6:35:07,  6.04s/it, bound:1657 nc:1240 ncall:5.8e+06 eff:0.1% logz-ratio=23436833.97+/-0.22 dlogz:345822.970>0.01]8567it [6:35:38,  6.56s/it, bound:1658 nc:2170 ncall:5.8e+06 eff:0.1% logz-ratio=23439026.28+/-0.22 dlogz:343078.580>0.01]8571it [6:36:04,  6.56s/it, bound:1659 nc:1808 ncall:5.8e+06 eff:0.1% logz-ratio=23439680.84+/-0.22 dlogz:341406.857>0.01]8575it [6:36:31,  6.56s/it, bound:1660 nc:1233 ncall:5.8e+06 eff:0.1% logz-ratio=23440392.39+/-0.22 dlogz:340899.166>0.01]8579it [6:36:54,  6.35s/it, bound:1661 nc:1580 ncall:5.8e+06 eff:0.1% logz-ratio=23441351.32+/-0.22 dlogz:340027.383>0.01]8583it [6:37:13,  5.91s/it, bound:1662 nc:1292 ncall:5.8e+06 eff:0.1% logz-ratio=23442999.54+/-0.22 dlogz:338246.993>0.01]8587it [6:37:40,  6.15s/it, bound:1663 nc:1270 ncall:5.8e+06 eff:0.1% logz-ratio=23443385.94+/-0.22 dlogz:337853.509>0.01]8591it [6:38:11,  6.62s/it, bound:1664 nc:1314 ncall:5.8e+06 eff:0.1% logz-ratio=23444304.13+/-0.22 dlogz:336974.119>0.01]8595it [6:38:37,  6.57s/it, bound:1665 nc:1787 ncall:5.8e+06 eff:0.1% logz-ratio=23445386.49+/-0.22 dlogz:335783.614>0.01]8599it [6:39:02,  6.50s/it, bound:1666 nc:1190 ncall:5.8e+06 eff:0.1% logz-ratio=23446464.14+/-0.22 dlogz:335003.341>0.01]8603it [6:39:23,  6.09s/it, bound:1667 nc:1287 ncall:5.8e+06 eff:0.1% logz-ratio=23446774.40+/-0.22 dlogz:334356.187>0.01]8607it [6:39:46,  6.01s/it, bound:1668 nc:1578 ncall:5.8e+06 eff:0.1% logz-ratio=23447247.08+/-0.22 dlogz:333913.240>0.01]8611it [6:40:07,  5.75s/it, bound:1669 nc:1177 ncall:5.8e+06 eff:0.1% logz-ratio=23448481.29+/-0.22 dlogz:332946.115>0.01]8615it [6:40:32,  5.93s/it, bound:1670 nc:1398 ncall:5.8e+06 eff:0.1% logz-ratio=23449111.96+/-0.22 dlogz:332065.194>0.01]8619it [6:40:59,  6.16s/it, bound:1671 nc:1381 ncall:5.8e+06 eff:0.1% logz-ratio=23449453.08+/-0.22 dlogz:331674.663>0.01]8621it [6:41:05,  5.56s/it, bound:1671 nc:1561 ncall:5.9e+06 eff:0.1% logz-ratio=23450215.24+/-0.22 dlogz:331249.733>0.01]8623it [6:41:28,  6.80s/it, bound:1672 nc:1610 ncall:5.9e+06 eff:0.1% logz-ratio=23450667.71+/-0.22 dlogz:330729.583>0.01]8627it [6:41:56,  6.85s/it, bound:1673 nc:1431 ncall:5.9e+06 eff:0.1% logz-ratio=23451330.29+/-0.22 dlogz:329935.248>0.01]8631it [6:42:31,  7.50s/it, bound:1674 nc:2400 ncall:5.9e+06 eff:0.1% logz-ratio=23452180.79+/-0.22 dlogz:328956.998>0.01]8635it [6:42:55,  6.99s/it, bound:1675 nc:1055 ncall:5.9e+06 eff:0.1% logz-ratio=23453329.31+/-0.22 dlogz:327838.063>0.01]8639it [6:43:15,  6.37s/it, bound:1676 nc:1230 ncall:5.9e+06 eff:0.1% logz-ratio=23454102.45+/-0.22 dlogz:327220.514>0.01]8643it [6:43:39,  6.31s/it, bound:1677 nc:1373 ncall:5.9e+06 eff:0.1% logz-ratio=23454807.00+/-0.22 dlogz:326556.978>0.01]8647it [6:43:59,  5.85s/it, bound:1678 nc:1072 ncall:5.9e+06 eff:0.1% logz-ratio=23456066.83+/-0.22 dlogz:325061.056>0.01]8651it [6:44:28,  6.32s/it, bound:1679 nc:2028 ncall:5.9e+06 eff:0.1% logz-ratio=23456524.59+/-0.22 dlogz:324631.956>0.01]8655it [6:45:01,  6.88s/it, bound:1680 nc:2241 ncall:5.9e+06 eff:0.1% logz-ratio=23457697.22+/-0.22 dlogz:323503.547>0.01]8659it [6:45:28,  6.85s/it, bound:1681 nc:985 ncall:5.9e+06 eff:0.1% logz-ratio=23457849.15+/-0.22 dlogz:323281.131>0.01] 8663it [6:45:54,  6.73s/it, bound:1682 nc:1753 ncall:5.9e+06 eff:0.1% logz-ratio=23459206.27+/-0.22 dlogz:322016.887>0.01]8667it [6:46:20,  6.71s/it, bound:1683 nc:1419 ncall:5.9e+06 eff:0.1% logz-ratio=23460679.48+/-0.22 dlogz:320918.527>0.01]8671it [6:46:47,  6.72s/it, bound:1684 nc:1548 ncall:5.9e+06 eff:0.1% logz-ratio=23461242.33+/-0.22 dlogz:319925.801>0.01]8675it [6:47:12,  6.56s/it, bound:1685 nc:1213 ncall:5.9e+06 eff:0.1% logz-ratio=23461854.05+/-0.22 dlogz:319353.261>0.01]8679it [6:47:34,  6.22s/it, bound:1686 nc:1468 ncall:5.9e+06 eff:0.1% logz-ratio=23463019.46+/-0.22 dlogz:318230.253>0.01]8683it [6:47:53,  5.79s/it, bound:1687 nc:1219 ncall:5.9e+06 eff:0.1% logz-ratio=23463911.78+/-0.22 dlogz:317404.915>0.01]8687it [6:48:16,  5.81s/it, bound:1688 nc:1571 ncall:5.9e+06 eff:0.1% logz-ratio=23464029.04+/-0.22 dlogz:317099.547>0.01]8691it [6:48:36,  5.51s/it, bound:1689 nc:894 ncall:5.9e+06 eff:0.1% logz-ratio=23464282.26+/-0.22 dlogz:316826.233>0.01] 8695it [6:48:58,  5.53s/it, bound:1690 nc:1224 ncall:6.0e+06 eff:0.1% logz-ratio=23464935.90+/-0.22 dlogz:316540.320>0.01]8699it [6:49:22,  5.71s/it, bound:1691 nc:1123 ncall:6.0e+06 eff:0.1% logz-ratio=23465551.04+/-0.22 dlogz:315621.231>0.01]8703it [6:49:57,  6.61s/it, bound:1692 nc:986 ncall:6.0e+06 eff:0.1% logz-ratio=23466134.53+/-0.22 dlogz:315116.835>0.01] 8707it [6:50:30,  7.11s/it, bound:1693 nc:1007 ncall:6.0e+06 eff:0.1% logz-ratio=23466450.55+/-0.22 dlogz:314667.608>0.01]8711it [6:50:51,  6.55s/it, bound:1694 nc:1199 ncall:6.0e+06 eff:0.1% logz-ratio=23467482.83+/-0.22 dlogz:313788.014>0.01]8715it [6:51:11,  6.07s/it, bound:1695 nc:1334 ncall:6.0e+06 eff:0.1% logz-ratio=23468855.13+/-0.22 dlogz:312858.574>0.01]8719it [6:51:35,  6.00s/it, bound:1696 nc:1583 ncall:6.0e+06 eff:0.1% logz-ratio=23469997.41+/-0.22 dlogz:311178.848>0.01]8720it [6:51:42,  6.16s/it, bound:1696 nc:1383 ncall:6.0e+06 eff:0.1% logz-ratio=23470216.70+/-0.22 dlogz:311084.620>0.01]8723it [6:52:08,  6.91s/it, bound:1697 nc:1763 ncall:6.0e+06 eff:0.1% logz-ratio=23470630.71+/-0.22 dlogz:310526.374>0.01]8727it [6:52:41,  7.39s/it, bound:1698 nc:1210 ncall:6.0e+06 eff:0.1% logz-ratio=23470776.49+/-0.22 dlogz:310352.080>0.01]8731it [6:53:05,  6.93s/it, bound:1699 nc:1204 ncall:6.0e+06 eff:0.1% logz-ratio=23471964.78+/-0.22 dlogz:309582.385>0.01]8735it [6:53:32,  6.84s/it, bound:1700 nc:1434 ncall:6.0e+06 eff:0.1% logz-ratio=23472988.09+/-0.22 dlogz:308190.384>0.01]8739it [6:54:01,  6.97s/it, bound:1701 nc:1008 ncall:6.0e+06 eff:0.1% logz-ratio=23473406.43+/-0.22 dlogz:307767.883>0.01]8743it [6:54:25,  6.70s/it, bound:1702 nc:1058 ncall:6.0e+06 eff:0.1% logz-ratio=23474533.36+/-0.22 dlogz:306901.334>0.01]8747it [6:54:52,  6.72s/it, bound:1703 nc:1361 ncall:6.0e+06 eff:0.1% logz-ratio=23476002.21+/-0.22 dlogz:305693.558>0.01]8751it [6:55:21,  6.85s/it, bound:1704 nc:1638 ncall:6.0e+06 eff:0.1% logz-ratio=23476514.75+/-0.22 dlogz:304759.037>0.01]8755it [6:55:48,  6.80s/it, bound:1705 nc:1818 ncall:6.0e+06 eff:0.1% logz-ratio=23477866.99+/-0.22 dlogz:303523.918>0.01]8759it [6:56:13,  6.62s/it, bound:1706 nc:1024 ncall:6.0e+06 eff:0.1% logz-ratio=23478492.47+/-0.22 dlogz:302721.299>0.01]8763it [6:56:44,  6.95s/it, bound:1707 nc:2143 ncall:6.1e+06 eff:0.1% logz-ratio=23480028.15+/-0.22 dlogz:301309.357>0.01]8767it [6:57:08,  6.70s/it, bound:1708 nc:1655 ncall:6.1e+06 eff:0.1% logz-ratio=23481208.95+/-0.22 dlogz:299902.928>0.01]8771it [6:57:30,  6.31s/it, bound:1709 nc:999 ncall:6.1e+06 eff:0.1% logz-ratio=23481703.06+/-0.22 dlogz:299656.798>0.01] 8775it [6:57:56,  6.41s/it, bound:1710 nc:827 ncall:6.1e+06 eff:0.1% logz-ratio=23482629.55+/-0.22 dlogz:298758.600>0.01]8779it [6:58:20,  6.30s/it, bound:1711 nc:1634 ncall:6.1e+06 eff:0.1% logz-ratio=23483573.86+/-0.22 dlogz:297638.170>0.01]8783it [6:58:56,  7.07s/it, bound:1712 nc:2471 ncall:6.1e+06 eff:0.1% logz-ratio=23485026.41+/-0.22 dlogz:297025.623>0.01]8787it [6:59:22,  6.91s/it, bound:1713 nc:1442 ncall:6.1e+06 eff:0.1% logz-ratio=23485568.19+/-0.22 dlogz:295559.781>0.01]8791it [6:59:40,  6.17s/it, bound:1714 nc:1190 ncall:6.1e+06 eff:0.1% logz-ratio=23486016.88+/-0.22 dlogz:295129.979>0.01]8795it [7:00:12,  6.71s/it, bound:1715 nc:912 ncall:6.1e+06 eff:0.1% logz-ratio=23487731.94+/-0.22 dlogz:293772.239>0.01] 8799it [7:00:33,  6.28s/it, bound:1716 nc:941 ncall:6.1e+06 eff:0.1% logz-ratio=23488363.77+/-0.22 dlogz:293065.866>0.01]8803it [7:00:59,  6.37s/it, bound:1717 nc:1768 ncall:6.1e+06 eff:0.1% logz-ratio=23489323.56+/-0.22 dlogz:292306.320>0.01]8807it [7:01:31,  6.84s/it, bound:1718 nc:1124 ncall:6.1e+06 eff:0.1% logz-ratio=23490016.42+/-0.22 dlogz:291096.080>0.01]8811it [7:02:03,  7.24s/it, bound:1719 nc:1432 ncall:6.1e+06 eff:0.1% logz-ratio=23491060.92+/-0.22 dlogz:290734.051>0.01]8813it [7:02:11,  6.63s/it, bound:1719 nc:2173 ncall:6.1e+06 eff:0.1% logz-ratio=23491104.21+/-0.22 dlogz:289985.005>0.01]8815it [7:02:30,  7.19s/it, bound:1720 nc:1135 ncall:6.1e+06 eff:0.1% logz-ratio=23491207.02+/-0.22 dlogz:289917.408>0.01]8819it [7:02:57,  7.04s/it, bound:1721 nc:1164 ncall:6.1e+06 eff:0.1% logz-ratio=23491697.69+/-0.22 dlogz:289532.111>0.01]8823it [7:03:27,  7.22s/it, bound:1722 nc:1593 ncall:6.1e+06 eff:0.1% logz-ratio=23491960.35+/-0.22 dlogz:289201.472>0.01]8827it [7:03:51,  6.78s/it, bound:1723 nc:1264 ncall:6.1e+06 eff:0.1% logz-ratio=23493389.17+/-0.22 dlogz:288187.519>0.01]8831it [7:04:24,  7.25s/it, bound:1724 nc:2242 ncall:6.1e+06 eff:0.1% logz-ratio=23494651.00+/-0.22 dlogz:287019.203>0.01]8835it [7:04:52,  7.15s/it, bound:1725 nc:1210 ncall:6.2e+06 eff:0.1% logz-ratio=23495337.53+/-0.22 dlogz:286225.488>0.01]8839it [7:05:20,  7.15s/it, bound:1726 nc:1461 ncall:6.2e+06 eff:0.1% logz-ratio=23496216.11+/-0.22 dlogz:285101.887>0.01]8843it [7:05:45,  6.83s/it, bound:1727 nc:1212 ncall:6.2e+06 eff:0.1% logz-ratio=23497123.62+/-0.22 dlogz:283972.032>0.01]8847it [7:06:08,  6.51s/it, bound:1728 nc:1580 ncall:6.2e+06 eff:0.1% logz-ratio=23498486.90+/-0.22 dlogz:282984.996>0.01]8851it [7:06:39,  6.88s/it, bound:1729 nc:1405 ncall:6.2e+06 eff:0.1% logz-ratio=23499266.67+/-0.22 dlogz:281994.759>0.01]8855it [7:07:02,  6.61s/it, bound:1730 nc:949 ncall:6.2e+06 eff:0.1% logz-ratio=23500778.55+/-0.22 dlogz:280866.161>0.01] 8859it [7:07:32,  6.81s/it, bound:1731 nc:1622 ncall:6.2e+06 eff:0.1% logz-ratio=23501564.14+/-0.22 dlogz:279789.893>0.01]8863it [7:07:57,  6.67s/it, bound:1732 nc:1525 ncall:6.2e+06 eff:0.1% logz-ratio=23502304.29+/-0.22 dlogz:278865.918>0.01]8867it [7:08:22,  6.55s/it, bound:1733 nc:1323 ncall:6.2e+06 eff:0.1% logz-ratio=23503151.58+/-0.22 dlogz:278177.610>0.01]8871it [7:08:52,  6.80s/it, bound:1734 nc:1230 ncall:6.2e+06 eff:0.1% logz-ratio=23504603.07+/-0.22 dlogz:276561.104>0.01]8875it [7:09:20,  6.89s/it, bound:1735 nc:1618 ncall:6.2e+06 eff:0.1% logz-ratio=23505089.84+/-0.22 dlogz:276105.845>0.01]8879it [7:09:51,  7.11s/it, bound:1736 nc:2129 ncall:6.2e+06 eff:0.1% logz-ratio=23505892.20+/-0.22 dlogz:275754.486>0.01]8883it [7:10:17,  6.94s/it, bound:1737 nc:1792 ncall:6.2e+06 eff:0.1% logz-ratio=23506779.91+/-0.22 dlogz:274367.437>0.01]8887it [7:10:43,  6.85s/it, bound:1738 nc:1693 ncall:6.2e+06 eff:0.1% logz-ratio=23507611.82+/-0.22 dlogz:273477.206>0.01]8891it [7:11:15,  7.14s/it, bound:1739 nc:1789 ncall:6.2e+06 eff:0.1% logz-ratio=23508638.79+/-0.22 dlogz:272467.186>0.01]8895it [7:11:39,  6.86s/it, bound:1740 nc:1076 ncall:6.2e+06 eff:0.1% logz-ratio=23509100.46+/-0.22 dlogz:271995.701>0.01]8899it [7:12:03,  6.56s/it, bound:1741 nc:1008 ncall:6.2e+06 eff:0.1% logz-ratio=23509655.49+/-0.22 dlogz:271480.468>0.01]8903it [7:12:33,  6.82s/it, bound:1742 nc:2027 ncall:6.3e+06 eff:0.1% logz-ratio=23510537.34+/-0.22 dlogz:291572.082>0.01]8906it [7:12:40,  5.79s/it, bound:1743 nc:1402 ncall:6.3e+06 eff:0.1% logz-ratio=23510875.80+/-0.22 dlogz:291267.942>0.01]8907it [7:13:04,  7.63s/it, bound:1743 nc:1267 ncall:6.3e+06 eff:0.1% logz-ratio=23510999.74+/-0.22 dlogz:290962.502>0.01]8911it [7:13:21,  6.39s/it, bound:1744 nc:1154 ncall:6.3e+06 eff:0.1% logz-ratio=23511620.24+/-0.22 dlogz:290286.982>0.01]8915it [7:13:49,  6.62s/it, bound:1745 nc:1197 ncall:6.3e+06 eff:0.1% logz-ratio=23512376.05+/-0.22 dlogz:289643.592>0.01]8919it [7:14:09,  6.06s/it, bound:1746 nc:969 ncall:6.3e+06 eff:0.1% logz-ratio=23513148.01+/-0.22 dlogz:288704.216>0.01] 8923it [7:14:34,  6.16s/it, bound:1747 nc:1562 ncall:6.3e+06 eff:0.1% logz-ratio=23514334.53+/-0.22 dlogz:287636.804>0.01]8927it [7:14:57,  6.03s/it, bound:1748 nc:1539 ncall:6.3e+06 eff:0.1% logz-ratio=23514863.04+/-0.22 dlogz:286980.836>0.01]8931it [7:15:29,  6.60s/it, bound:1749 nc:2155 ncall:6.3e+06 eff:0.1% logz-ratio=23516464.06+/-0.22 dlogz:286105.738>0.01]8935it [7:15:55,  6.54s/it, bound:1750 nc:1430 ncall:6.3e+06 eff:0.1% logz-ratio=23516677.89+/-0.22 dlogz:285230.265>0.01]8939it [7:16:18,  6.34s/it, bound:1751 nc:1237 ncall:6.3e+06 eff:0.1% logz-ratio=23518179.55+/-0.22 dlogz:284332.837>0.01]8943it [7:16:37,  5.87s/it, bound:1752 nc:946 ncall:6.3e+06 eff:0.1% logz-ratio=23518852.15+/-0.22 dlogz:283110.703>0.01] 8947it [7:17:02,  5.96s/it, bound:1753 nc:1502 ncall:6.3e+06 eff:0.1% logz-ratio=23519476.91+/-0.22 dlogz:282387.416>0.01]8951it [7:17:33,  6.49s/it, bound:1754 nc:1232 ncall:6.3e+06 eff:0.1% logz-ratio=23519996.22+/-0.22 dlogz:282164.290>0.01]8955it [7:17:59,  6.50s/it, bound:1755 nc:1276 ncall:6.3e+06 eff:0.1% logz-ratio=23521346.48+/-0.22 dlogz:281042.591>0.01]8959it [7:18:24,  6.46s/it, bound:1756 nc:1334 ncall:6.3e+06 eff:0.1% logz-ratio=23522093.22+/-0.22 dlogz:279801.389>0.01]8963it [7:18:48,  6.29s/it, bound:1757 nc:1191 ncall:6.3e+06 eff:0.1% logz-ratio=23522375.15+/-0.22 dlogz:279537.740>0.01]8967it [7:19:11,  6.12s/it, bound:1758 nc:1374 ncall:6.3e+06 eff:0.1% logz-ratio=23522959.60+/-0.22 dlogz:278905.548>0.01]8971it [7:19:36,  6.19s/it, bound:1759 nc:1031 ncall:6.3e+06 eff:0.1% logz-ratio=23524320.12+/-0.22 dlogz:277691.660>0.01]8975it [7:20:08,  6.72s/it, bound:1760 nc:1522 ncall:6.4e+06 eff:0.1% logz-ratio=23525215.66+/-0.22 dlogz:276703.232>0.01]8979it [7:20:32,  6.49s/it, bound:1761 nc:1217 ncall:6.4e+06 eff:0.1% logz-ratio=23526005.52+/-0.22 dlogz:275866.824>0.01]8983it [7:20:52,  6.09s/it, bound:1762 nc:1108 ncall:6.4e+06 eff:0.1% logz-ratio=23526690.50+/-0.22 dlogz:275349.348>0.01]8987it [7:21:16,  6.03s/it, bound:1763 nc:1586 ncall:6.4e+06 eff:0.1% logz-ratio=23527608.48+/-0.22 dlogz:274536.066>0.01]8991it [7:21:41,  6.07s/it, bound:1764 nc:1303 ncall:6.4e+06 eff:0.1% logz-ratio=23528291.38+/-0.22 dlogz:273668.197>0.01]8995it [7:22:03,  5.91s/it, bound:1765 nc:1232 ncall:6.4e+06 eff:0.1% logz-ratio=23529178.15+/-0.22 dlogz:273206.114>0.01]8999it [7:22:30,  6.14s/it, bound:1766 nc:960 ncall:6.4e+06 eff:0.1% logz-ratio=23529700.17+/-0.22 dlogz:272419.118>0.01] 9003it [7:23:02,  6.73s/it, bound:1767 nc:2209 ncall:6.4e+06 eff:0.1% logz-ratio=23530147.76+/-0.22 dlogz:271751.492>0.01]9004it [7:23:08,  6.65s/it, bound:1767 nc:1442 ncall:6.4e+06 eff:0.1% logz-ratio=23530516.68+/-0.22 dlogz:271690.351>0.01]9007it [7:23:36,  7.49s/it, bound:1768 nc:1523 ncall:6.4e+06 eff:0.1% logz-ratio=23530866.87+/-0.22 dlogz:271008.447>0.01]9011it [7:23:59,  6.86s/it, bound:1769 nc:1390 ncall:6.4e+06 eff:0.1% logz-ratio=23531692.53+/-0.22 dlogz:270453.539>0.01]9015it [7:24:23,  6.51s/it, bound:1770 nc:1020 ncall:6.4e+06 eff:0.1% logz-ratio=23533157.28+/-0.22 dlogz:268707.713>0.01]9019it [7:24:50,  6.61s/it, bound:1771 nc:1143 ncall:6.4e+06 eff:0.1% logz-ratio=23533373.49+/-0.22 dlogz:268490.974>0.01]9023it [7:25:27,  7.47s/it, bound:1772 nc:2589 ncall:6.4e+06 eff:0.1% logz-ratio=23534147.47+/-0.22 dlogz:267810.167>0.01]9027it [7:25:50,  6.94s/it, bound:1773 nc:1542 ncall:6.4e+06 eff:0.1% logz-ratio=23534976.39+/-0.22 dlogz:267120.864>0.01]9031it [7:26:16,  6.77s/it, bound:1774 nc:1197 ncall:6.4e+06 eff:0.1% logz-ratio=23535299.31+/-0.22 dlogz:266656.768>0.01]9035it [7:26:43,  6.79s/it, bound:1775 nc:1545 ncall:6.4e+06 eff:0.1% logz-ratio=23536133.17+/-0.22 dlogz:265833.241>0.01]9039it [7:27:11,  6.85s/it, bound:1776 nc:1444 ncall:6.4e+06 eff:0.1% logz-ratio=23537209.19+/-0.22 dlogz:264760.622>0.01]9043it [7:27:31,  6.32s/it, bound:1777 nc:1217 ncall:6.4e+06 eff:0.1% logz-ratio=23537697.92+/-0.22 dlogz:264183.569>0.01]9047it [7:28:01,  6.64s/it, bound:1778 nc:1308 ncall:6.5e+06 eff:0.1% logz-ratio=23538843.58+/-0.22 dlogz:263189.711>0.01]9051it [7:28:27,  6.59s/it, bound:1779 nc:1001 ncall:6.5e+06 eff:0.1% logz-ratio=23539307.12+/-0.22 dlogz:262591.741>0.01]9055it [7:28:53,  6.55s/it, bound:1780 nc:1174 ncall:6.5e+06 eff:0.1% logz-ratio=23539921.87+/-0.22 dlogz:262013.841>0.01]9059it [7:29:17,  6.44s/it, bound:1781 nc:1426 ncall:6.5e+06 eff:0.1% logz-ratio=23540436.95+/-0.22 dlogz:261460.917>0.01]9063it [7:29:38,  6.05s/it, bound:1782 nc:1332 ncall:6.5e+06 eff:0.1% logz-ratio=23541154.45+/-0.22 dlogz:260756.044>0.01]9067it [7:30:04,  6.20s/it, bound:1783 nc:1297 ncall:6.5e+06 eff:0.1% logz-ratio=23541698.82+/-0.22 dlogz:260304.922>0.01]9071it [7:30:35,  6.64s/it, bound:1784 nc:1242 ncall:6.5e+06 eff:0.1% logz-ratio=23542391.89+/-0.22 dlogz:259881.618>0.01]9075it [7:31:02,  6.69s/it, bound:1785 nc:1329 ncall:6.5e+06 eff:0.1% logz-ratio=23542622.32+/-0.22 dlogz:259236.169>0.01]9079it [7:31:26,  6.49s/it, bound:1786 nc:1356 ncall:6.5e+06 eff:0.1% logz-ratio=23542759.92+/-0.22 dlogz:259111.077>0.01]9083it [7:31:57,  6.85s/it, bound:1787 nc:2126 ncall:6.5e+06 eff:0.1% logz-ratio=23543079.59+/-0.22 dlogz:258793.191>0.01]9087it [7:32:28,  7.13s/it, bound:1788 nc:1473 ncall:6.5e+06 eff:0.1% logz-ratio=23544052.19+/-0.22 dlogz:258012.022>0.01]9091it [7:32:55,  7.04s/it, bound:1789 nc:1129 ncall:6.5e+06 eff:0.1% logz-ratio=23544362.53+/-0.22 dlogz:257483.234>0.01]9095it [7:33:19,  6.71s/it, bound:1790 nc:1358 ncall:6.5e+06 eff:0.1% logz-ratio=23544718.89+/-0.22 dlogz:257271.815>0.01]9099it [7:33:58,  7.60s/it, bound:1791 nc:1137 ncall:6.5e+06 eff:0.1% logz-ratio=23545414.28+/-0.22 dlogz:256432.986>0.01]9103it [7:34:27,  7.51s/it, bound:1792 nc:1338 ncall:6.5e+06 eff:0.1% logz-ratio=23546162.22+/-0.22 dlogz:255775.195>0.01]9107it [7:34:54,  7.25s/it, bound:1793 nc:1268 ncall:6.5e+06 eff:0.1% logz-ratio=23546961.38+/-0.22 dlogz:255378.186>0.01]9111it [7:35:24,  7.38s/it, bound:1794 nc:2018 ncall:6.5e+06 eff:0.1% logz-ratio=23547818.49+/-0.22 dlogz:254473.035>0.01]9115it [7:35:58,  7.69s/it, bound:1795 nc:975 ncall:6.6e+06 eff:0.1% logz-ratio=23548598.79+/-0.22 dlogz:253526.332>0.01] 9119it [7:36:29,  7.73s/it, bound:1796 nc:1419 ncall:6.6e+06 eff:0.1% logz-ratio=23549045.68+/-0.22 dlogz:252915.284>0.01]9123it [7:36:51,  7.06s/it, bound:1797 nc:947 ncall:6.6e+06 eff:0.1% logz-ratio=23549547.32+/-0.22 dlogz:252398.110>0.01] 9127it [7:37:26,  7.51s/it, bound:1798 nc:2344 ncall:6.6e+06 eff:0.1% logz-ratio=23550102.82+/-0.22 dlogz:251851.433>0.01]9131it [7:37:52,  7.22s/it, bound:1799 nc:1789 ncall:6.6e+06 eff:0.1% logz-ratio=23550723.50+/-0.22 dlogz:251234.404>0.01]9135it [7:38:18,  7.00s/it, bound:1800 nc:1745 ncall:6.6e+06 eff:0.1% logz-ratio=23551373.35+/-0.22 dlogz:250569.452>0.01]9139it [7:38:48,  7.21s/it, bound:1801 nc:1059 ncall:6.6e+06 eff:0.1% logz-ratio=23551826.02+/-0.22 dlogz:250169.737>0.01]9143it [7:39:10,  6.68s/it, bound:1802 nc:1025 ncall:6.6e+06 eff:0.1% logz-ratio=23552321.66+/-0.22 dlogz:249583.934>0.01]9147it [7:39:41,  6.96s/it, bound:1803 nc:1347 ncall:6.6e+06 eff:0.1% logz-ratio=23552750.59+/-0.22 dlogz:249153.954>0.01]9151it [7:40:13,  7.32s/it, bound:1804 nc:1449 ncall:6.6e+06 eff:0.1% logz-ratio=23552995.42+/-0.22 dlogz:248895.418>0.01]9155it [7:40:40,  7.14s/it, bound:1805 nc:1528 ncall:6.6e+06 eff:0.1% logz-ratio=23554118.76+/-0.22 dlogz:248370.518>0.01]9159it [7:41:07,  7.03s/it, bound:1806 nc:1349 ncall:6.6e+06 eff:0.1% logz-ratio=23554456.58+/-0.22 dlogz:247573.412>0.01]9163it [7:41:33,  6.85s/it, bound:1807 nc:1724 ncall:6.6e+06 eff:0.1% logz-ratio=23554817.68+/-0.22 dlogz:247103.847>0.01]9167it [7:42:00,  6.85s/it, bound:1808 nc:1090 ncall:6.6e+06 eff:0.1% logz-ratio=23555575.65+/-0.22 dlogz:246314.450>0.01]9171it [7:42:25,  6.64s/it, bound:1809 nc:1635 ncall:6.6e+06 eff:0.1% logz-ratio=23556644.89+/-0.22 dlogz:245220.849>0.01]9175it [7:42:54,  6.79s/it, bound:1810 nc:1955 ncall:6.6e+06 eff:0.1% logz-ratio=23557049.84+/-0.22 dlogz:245003.957>0.01]9179it [7:43:17,  6.51s/it, bound:1811 nc:1455 ncall:6.6e+06 eff:0.1% logz-ratio=23557390.93+/-0.22 dlogz:244482.567>0.01]9183it [7:43:46,  6.70s/it, bound:1812 nc:1938 ncall:6.7e+06 eff:0.1% logz-ratio=23557981.97+/-0.22 dlogz:243915.467>0.01]9184it [7:43:52,  6.63s/it, bound:1812 nc:1735 ncall:6.7e+06 eff:0.1% logz-ratio=23558171.84+/-0.22 dlogz:243855.785>0.01]9187it [7:44:16,  7.12s/it, bound:1813 nc:1466 ncall:6.7e+06 eff:0.1% logz-ratio=23558666.17+/-0.22 dlogz:243264.848>0.01]9191it [7:44:39,  6.59s/it, bound:1814 nc:1292 ncall:6.7e+06 eff:0.1% logz-ratio=23559132.13+/-0.22 dlogz:242781.996>0.01]9195it [7:45:08,  6.77s/it, bound:1815 nc:1304 ncall:6.7e+06 eff:0.1% logz-ratio=23560218.38+/-0.22 dlogz:241907.197>0.01]9199it [7:45:31,  6.51s/it, bound:1816 nc:1462 ncall:6.7e+06 eff:0.1% logz-ratio=23560721.82+/-0.22 dlogz:241147.232>0.01]9203it [7:46:04,  7.01s/it, bound:1817 nc:945 ncall:6.7e+06 eff:0.1% logz-ratio=23560882.07+/-0.22 dlogz:241024.270>0.01] 9207it [7:46:25,  6.49s/it, bound:1818 nc:1234 ncall:6.7e+06 eff:0.1% logz-ratio=23561764.33+/-0.22 dlogz:240336.960>0.01]9211it [7:46:46,  6.13s/it, bound:1819 nc:1189 ncall:6.7e+06 eff:0.1% logz-ratio=23562083.12+/-0.22 dlogz:239855.025>0.01]9215it [7:47:15,  6.47s/it, bound:1820 nc:2045 ncall:6.7e+06 eff:0.1% logz-ratio=23562600.48+/-0.22 dlogz:239283.538>0.01]9219it [7:47:46,  6.82s/it, bound:1821 nc:1456 ncall:6.7e+06 eff:0.1% logz-ratio=23562796.63+/-0.23 dlogz:239069.879>0.01]9223it [7:48:04,  6.13s/it, bound:1822 nc:880 ncall:6.7e+06 eff:0.1% logz-ratio=23563875.65+/-0.23 dlogz:238280.158>0.01] 9227it [7:48:31,  6.32s/it, bound:1823 nc:1259 ncall:6.7e+06 eff:0.1% logz-ratio=23565205.19+/-0.23 dlogz:236801.824>0.01]9231it [7:48:53,  6.05s/it, bound:1824 nc:1283 ncall:6.7e+06 eff:0.1% logz-ratio=23566236.22+/-0.22 dlogz:235602.668>0.01]9235it [7:49:16,  5.95s/it, bound:1825 nc:1193 ncall:6.7e+06 eff:0.1% logz-ratio=23566789.50+/-0.23 dlogz:235071.414>0.01]9239it [7:49:39,  5.88s/it, bound:1826 nc:1320 ncall:6.7e+06 eff:0.1% logz-ratio=23567255.55+/-0.23 dlogz:234716.052>0.01]9243it [7:50:01,  5.83s/it, bound:1827 nc:1523 ncall:6.7e+06 eff:0.1% logz-ratio=23567518.13+/-0.23 dlogz:234449.558>0.01]9247it [7:50:33,  6.46s/it, bound:1828 nc:1591 ncall:6.7e+06 eff:0.1% logz-ratio=23568411.83+/-0.23 dlogz:233712.793>0.01]9251it [7:51:08,  7.17s/it, bound:1829 nc:1015 ncall:6.7e+06 eff:0.1% logz-ratio=23568788.51+/-0.23 dlogz:233151.881>0.01]9255it [7:51:34,  6.96s/it, bound:1830 nc:1131 ncall:6.8e+06 eff:0.1% logz-ratio=23569613.22+/-0.23 dlogz:232413.857>0.01]9259it [7:51:59,  6.76s/it, bound:1831 nc:1176 ncall:6.8e+06 eff:0.1% logz-ratio=23570426.61+/-0.23 dlogz:231843.497>0.01]9263it [7:52:23,  6.50s/it, bound:1832 nc:1282 ncall:6.8e+06 eff:0.1% logz-ratio=23570936.88+/-0.20 dlogz:230902.424>0.01]9267it [7:52:52,  6.69s/it, bound:1833 nc:1921 ncall:6.8e+06 eff:0.1% logz-ratio=23571479.20+/-0.23 dlogz:230370.590>0.01]9271it [7:53:16,  6.53s/it, bound:1834 nc:1015 ncall:6.8e+06 eff:0.1% logz-ratio=23572297.82+/-0.23 dlogz:229943.556>0.01]9275it [7:53:43,  6.55s/it, bound:1835 nc:1709 ncall:6.8e+06 eff:0.1% logz-ratio=23572855.13+/-0.23 dlogz:228992.747>0.01]9279it [7:54:07,  6.45s/it, bound:1836 nc:1458 ncall:6.8e+06 eff:0.1% logz-ratio=23573388.19+/-0.23 dlogz:228614.817>0.01]9282it [7:54:13,  5.36s/it, bound:1837 nc:1695 ncall:6.8e+06 eff:0.1% logz-ratio=23573836.93+/-0.23 dlogz:228129.723>0.01]9283it [7:54:48,  8.36s/it, bound:1837 nc:1170 ncall:6.8e+06 eff:0.1% logz-ratio=23573915.47+/-0.23 dlogz:228000.621>0.01]9287it [7:55:10,  7.35s/it, bound:1838 nc:1354 ncall:6.8e+06 eff:0.1% logz-ratio=23574269.68+/-0.23 dlogz:227661.572>0.01]9291it [7:55:30,  6.56s/it, bound:1839 nc:1197 ncall:6.8e+06 eff:0.1% logz-ratio=23575177.91+/-0.23 dlogz:226981.429>0.01]9295it [7:55:57,  6.55s/it, bound:1840 nc:1540 ncall:6.8e+06 eff:0.1% logz-ratio=23575413.91+/-0.23 dlogz:226446.422>0.01]9299it [7:56:21,  6.41s/it, bound:1841 nc:1430 ncall:6.8e+06 eff:0.1% logz-ratio=23575660.42+/-0.23 dlogz:226191.317>0.01]9303it [7:56:52,  6.80s/it, bound:1842 nc:2090 ncall:6.8e+06 eff:0.1% logz-ratio=23576159.96+/-0.23 dlogz:225928.721>0.01]9307it [7:57:18,  6.74s/it, bound:1843 nc:1327 ncall:6.8e+06 eff:0.1% logz-ratio=23576356.42+/-0.23 dlogz:225493.630>0.01]9311it [7:57:46,  6.79s/it, bound:1844 nc:1585 ncall:6.8e+06 eff:0.1% logz-ratio=23576602.33+/-0.23 dlogz:225266.042>0.01]9315it [7:58:08,  6.41s/it, bound:1845 nc:1060 ncall:6.8e+06 eff:0.1% logz-ratio=23577111.32+/-0.23 dlogz:224869.551>0.01]9319it [7:58:29,  6.04s/it, bound:1846 nc:1399 ncall:6.8e+06 eff:0.1% logz-ratio=23577698.19+/-0.23 dlogz:224338.149>0.01]9323it [7:58:52,  5.96s/it, bound:1847 nc:1461 ncall:6.8e+06 eff:0.1% logz-ratio=23578362.55+/-0.23 dlogz:223696.955>0.01]9327it [7:59:20,  6.27s/it, bound:1848 nc:1367 ncall:6.9e+06 eff:0.1% logz-ratio=23578651.87+/-0.23 dlogz:223232.729>0.01]9331it [7:59:43,  6.11s/it, bound:1849 nc:1540 ncall:6.9e+06 eff:0.1% logz-ratio=23579335.32+/-0.23 dlogz:222644.775>0.01]9335it [8:00:07,  6.09s/it, bound:1850 nc:1442 ncall:6.9e+06 eff:0.1% logz-ratio=23580374.13+/-0.23 dlogz:221684.155>0.01]9339it [8:00:31,  6.04s/it, bound:1851 nc:1101 ncall:6.9e+06 eff:0.1% logz-ratio=23581053.40+/-0.23 dlogz:221036.256>0.01]9343it [8:00:57,  6.23s/it, bound:1852 nc:1621 ncall:6.9e+06 eff:0.1% logz-ratio=23581946.14+/-0.23 dlogz:220430.588>0.01]9347it [8:01:21,  6.13s/it, bound:1853 nc:1604 ncall:6.9e+06 eff:0.1% logz-ratio=23582518.45+/-0.23 dlogz:219385.849>0.01]9351it [8:01:47,  6.23s/it, bound:1854 nc:1149 ncall:6.9e+06 eff:0.1% logz-ratio=23582775.06+/-0.23 dlogz:219106.873>0.01]9355it [8:02:09,  6.05s/it, bound:1855 nc:1056 ncall:6.9e+06 eff:0.1% logz-ratio=23583401.64+/-0.23 dlogz:218478.680>0.01]9359it [8:02:33,  5.99s/it, bound:1856 nc:1286 ncall:6.9e+06 eff:0.1% logz-ratio=23583702.43+/-0.23 dlogz:220584.807>0.01]9363it [8:03:00,  6.22s/it, bound:1857 nc:1684 ncall:6.9e+06 eff:0.1% logz-ratio=23584172.94+/-0.23 dlogz:220146.260>0.01]9367it [8:03:22,  6.05s/it, bound:1858 nc:1518 ncall:6.9e+06 eff:0.1% logz-ratio=23584476.98+/-0.23 dlogz:219720.860>0.01]9371it [8:03:48,  6.17s/it, bound:1859 nc:1770 ncall:6.9e+06 eff:0.1% logz-ratio=23585083.03+/-0.23 dlogz:219180.008>0.01]9375it [8:04:15,  6.36s/it, bound:1860 nc:1166 ncall:6.9e+06 eff:0.1% logz-ratio=23585200.92+/-0.23 dlogz:219044.715>0.01]9378it [8:04:23,  5.45s/it, bound:1861 nc:1846 ncall:6.9e+06 eff:0.1% logz-ratio=23585348.08+/-0.22 dlogz:218817.741>0.01]9379it [8:04:49,  7.58s/it, bound:1861 nc:1760 ncall:6.9e+06 eff:0.1% logz-ratio=23585927.30+/-0.23 dlogz:218813.457>0.01]9383it [8:05:15,  7.16s/it, bound:1862 nc:1398 ncall:6.9e+06 eff:0.1% logz-ratio=23586407.91+/-0.23 dlogz:217912.350>0.01]9387it [8:05:37,  6.58s/it, bound:1863 nc:1438 ncall:6.9e+06 eff:0.1% logz-ratio=23588017.96+/-0.23 dlogz:216498.532>0.01]9391it [8:05:57,  6.04s/it, bound:1864 nc:1117 ncall:6.9e+06 eff:0.1% logz-ratio=23588935.00+/-0.23 dlogz:215389.154>0.01]9395it [8:06:20,  6.00s/it, bound:1865 nc:1401 ncall:6.9e+06 eff:0.1% logz-ratio=23589266.06+/-0.23 dlogz:214990.578>0.01]9399it [8:06:53,  6.71s/it, bound:1866 nc:2313 ncall:7.0e+06 eff:0.1% logz-ratio=23589639.96+/-0.23 dlogz:214563.379>0.01]9403it [8:07:22,  6.88s/it, bound:1867 nc:1715 ncall:7.0e+06 eff:0.1% logz-ratio=23590415.46+/-0.23 dlogz:214136.291>0.01]9407it [8:07:55,  7.26s/it, bound:1868 nc:1249 ncall:7.0e+06 eff:0.1% logz-ratio=23590873.38+/-0.23 dlogz:213380.634>0.01]9411it [8:08:19,  6.90s/it, bound:1869 nc:1657 ncall:7.0e+06 eff:0.1% logz-ratio=23591369.65+/-0.23 dlogz:212843.625>0.01]9415it [8:08:42,  6.57s/it, bound:1870 nc:1325 ncall:7.0e+06 eff:0.1% logz-ratio=23591916.26+/-0.23 dlogz:212266.712>0.01]9419it [8:09:11,  6.74s/it, bound:1871 nc:1705 ncall:7.0e+06 eff:0.1% logz-ratio=23592238.63+/-0.23 dlogz:212021.450>0.01]9423it [8:09:35,  6.54s/it, bound:1872 nc:1392 ncall:7.0e+06 eff:0.1% logz-ratio=23593202.82+/-0.23 dlogz:211124.034>0.01]9427it [8:10:02,  6.58s/it, bound:1873 nc:1197 ncall:7.0e+06 eff:0.1% logz-ratio=23593467.29+/-0.23 dlogz:210825.612>0.01]9431it [8:10:30,  6.75s/it, bound:1874 nc:1353 ncall:7.0e+06 eff:0.1% logz-ratio=23594236.40+/-0.23 dlogz:209944.903>0.01]9435it [8:10:55,  6.58s/it, bound:1875 nc:1481 ncall:7.0e+06 eff:0.1% logz-ratio=23595210.74+/-0.23 dlogz:209235.618>0.01]9439it [8:11:24,  6.79s/it, bound:1876 nc:1455 ncall:7.0e+06 eff:0.1% logz-ratio=23595707.70+/-0.23 dlogz:208576.475>0.01]9443it [8:11:47,  6.43s/it, bound:1877 nc:1520 ncall:7.0e+06 eff:0.1% logz-ratio=23597002.31+/-0.23 dlogz:207249.458>0.01]9447it [8:12:13,  6.45s/it, bound:1878 nc:1587 ncall:7.0e+06 eff:0.1% logz-ratio=23597495.62+/-0.23 dlogz:206742.705>0.01]9451it [8:12:40,  6.54s/it, bound:1879 nc:1586 ncall:7.0e+06 eff:0.1% logz-ratio=23597786.93+/-0.23 dlogz:206437.423>0.01]9455it [8:13:12,  7.03s/it, bound:1880 nc:1787 ncall:7.0e+06 eff:0.1% logz-ratio=23598592.96+/-0.23 dlogz:205926.481>0.01]9459it [8:13:42,  7.14s/it, bound:1881 nc:1699 ncall:7.0e+06 eff:0.1% logz-ratio=23599010.90+/-0.23 dlogz:205336.472>0.01]9463it [8:14:15,  7.49s/it, bound:1882 nc:1501 ncall:7.0e+06 eff:0.1% logz-ratio=23599296.05+/-0.23 dlogz:204868.351>0.01]9467it [8:14:43,  7.36s/it, bound:1883 nc:1313 ncall:7.1e+06 eff:0.1% logz-ratio=23600313.63+/-0.23 dlogz:203994.740>0.01]9468it [8:14:50,  7.29s/it, bound:1883 nc:1100 ncall:7.1e+06 eff:0.1% logz-ratio=23600565.02+/-0.23 dlogz:203847.728>0.01]9471it [8:15:27,  8.75s/it, bound:1884 nc:1197 ncall:7.1e+06 eff:0.1% logz-ratio=23600729.19+/-0.23 dlogz:203566.481>0.01]9475it [8:16:05,  9.05s/it, bound:1885 nc:1698 ncall:7.1e+06 eff:0.1% logz-ratio=23601267.29+/-0.23 dlogz:203062.602>0.01]9479it [8:16:38,  8.80s/it, bound:1886 nc:702 ncall:7.1e+06 eff:0.1% logz-ratio=23601525.13+/-0.23 dlogz:202744.425>0.01] 9483it [8:17:10,  8.52s/it, bound:1887 nc:1241 ncall:7.1e+06 eff:0.1% logz-ratio=23601660.19+/-0.23 dlogz:202543.958>0.01]9487it [8:17:42,  8.33s/it, bound:1888 nc:1411 ncall:7.1e+06 eff:0.1% logz-ratio=23602113.04+/-0.23 dlogz:202097.315>0.01]9491it [8:18:05,  7.54s/it, bound:1889 nc:1093 ncall:7.1e+06 eff:0.1% logz-ratio=23602672.92+/-0.23 dlogz:201526.472>0.01]9495it [8:18:27,  6.94s/it, bound:1890 nc:1211 ncall:7.1e+06 eff:0.1% logz-ratio=23603018.74+/-0.23 dlogz:201149.482>0.01]9499it [8:18:50,  6.53s/it, bound:1891 nc:1349 ncall:7.1e+06 eff:0.1% logz-ratio=23603697.84+/-0.23 dlogz:200514.254>0.01]9503it [8:19:18,  6.66s/it, bound:1892 nc:1876 ncall:7.1e+06 eff:0.1% logz-ratio=23604116.37+/-0.23 dlogz:200107.063>0.01]9507it [8:19:38,  6.15s/it, bound:1893 nc:1030 ncall:7.1e+06 eff:0.1% logz-ratio=23604789.47+/-0.23 dlogz:199850.638>0.01]9511it [8:20:08,  6.56s/it, bound:1894 nc:1035 ncall:7.1e+06 eff:0.1% logz-ratio=23604934.96+/-0.23 dlogz:199290.339>0.01]9515it [8:20:39,  6.93s/it, bound:1895 nc:1948 ncall:7.1e+06 eff:0.1% logz-ratio=23605589.96+/-0.23 dlogz:198582.289>0.01]9519it [8:21:04,  6.76s/it, bound:1896 nc:1671 ncall:7.1e+06 eff:0.1% logz-ratio=23605901.69+/-0.23 dlogz:198277.263>0.01]9523it [8:21:32,  6.79s/it, bound:1897 nc:1761 ncall:7.1e+06 eff:0.1% logz-ratio=23606357.57+/-0.23 dlogz:197900.901>0.01]9527it [8:22:04,  7.16s/it, bound:1898 nc:986 ncall:7.1e+06 eff:0.1% logz-ratio=23606779.23+/-0.23 dlogz:197412.916>0.01] 9531it [8:22:28,  6.82s/it, bound:1899 nc:1070 ncall:7.1e+06 eff:0.1% logz-ratio=23607124.44+/-0.23 dlogz:197130.325>0.01]9535it [8:22:52,  6.60s/it, bound:1900 nc:1205 ncall:7.1e+06 eff:0.1% logz-ratio=23607375.03+/-0.23 dlogz:196862.077>0.01]9539it [8:23:14,  6.29s/it, bound:1901 nc:893 ncall:7.2e+06 eff:0.1% logz-ratio=23607690.61+/-0.23 dlogz:196678.715>0.01] 9543it [8:23:38,  6.14s/it, bound:1902 nc:1544 ncall:7.2e+06 eff:0.1% logz-ratio=23608375.89+/-0.23 dlogz:195939.541>0.01]9547it [8:24:03,  6.24s/it, bound:1903 nc:1533 ncall:7.2e+06 eff:0.1% logz-ratio=23609219.24+/-0.23 dlogz:195064.315>0.01]9551it [8:24:24,  5.89s/it, bound:1904 nc:1140 ncall:7.2e+06 eff:0.1% logz-ratio=23609721.74+/-0.23 dlogz:194508.964>0.01]9555it [8:24:52,  6.22s/it, bound:1905 nc:1459 ncall:7.2e+06 eff:0.1% logz-ratio=23609859.93+/-0.23 dlogz:194319.913>0.01]9557it [8:25:00,  5.84s/it, bound:1905 nc:1423 ncall:7.2e+06 eff:0.1% logz-ratio=23610032.23+/-0.23 dlogz:194269.209>0.01]9559it [8:25:24,  7.09s/it, bound:1906 nc:1549 ncall:7.2e+06 eff:0.1% logz-ratio=23610092.28+/-0.23 dlogz:194084.736>0.01]9563it [8:25:45,  6.40s/it, bound:1907 nc:894 ncall:7.2e+06 eff:0.1% logz-ratio=23610643.63+/-0.23 dlogz:193569.016>0.01] 9567it [8:26:07,  6.09s/it, bound:1908 nc:1169 ncall:7.2e+06 eff:0.1% logz-ratio=23610987.10+/-0.23 dlogz:193195.977>0.01]9571it [8:26:35,  6.43s/it, bound:1909 nc:1546 ncall:7.2e+06 eff:0.1% logz-ratio=23611703.57+/-0.23 dlogz:192532.764>0.01]9575it [8:27:05,  6.78s/it, bound:1910 nc:1349 ncall:7.2e+06 eff:0.1% logz-ratio=23612364.06+/-0.23 dlogz:191859.495>0.01]9579it [8:27:35,  7.00s/it, bound:1911 nc:1446 ncall:7.2e+06 eff:0.1% logz-ratio=23613050.76+/-0.23 dlogz:191246.386>0.01]9583it [8:27:58,  6.63s/it, bound:1912 nc:1540 ncall:7.2e+06 eff:0.1% logz-ratio=23613503.31+/-0.23 dlogz:190841.387>0.01]9587it [8:28:29,  6.91s/it, bound:1913 nc:2054 ncall:7.2e+06 eff:0.1% logz-ratio=23613774.90+/-0.23 dlogz:190523.537>0.01]9591it [8:28:51,  6.53s/it, bound:1914 nc:1520 ncall:7.2e+06 eff:0.1% logz-ratio=23614066.36+/-0.23 dlogz:190211.748>0.01]9594it [8:29:14,  6.81s/it, bound:1915 nc:2408 ncall:7.2e+06 eff:0.1% logz-ratio=23614535.94+/-0.23 dlogz:189727.995>0.01]9598it [8:29:41,  6.81s/it, bound:1916 nc:1657 ncall:7.2e+06 eff:0.1% logz-ratio=23615348.08+/-0.23 dlogz:188956.543>0.01]9602it [8:30:05,  6.55s/it, bound:1917 nc:1591 ncall:7.2e+06 eff:0.1% logz-ratio=23615870.28+/-0.23 dlogz:188435.760>0.01]9606it [8:30:35,  6.83s/it, bound:1918 nc:1755 ncall:7.2e+06 eff:0.1% logz-ratio=23616116.95+/-0.23 dlogz:188103.660>0.01]9610it [8:31:02,  6.79s/it, bound:1919 nc:1202 ncall:7.3e+06 eff:0.1% logz-ratio=23616428.90+/-0.23 dlogz:187768.141>0.01]9614it [8:31:25,  6.47s/it, bound:1920 nc:1184 ncall:7.3e+06 eff:0.1% logz-ratio=23616812.20+/-0.23 dlogz:187354.152>0.01]9618it [8:31:54,  6.69s/it, bound:1921 nc:1717 ncall:7.3e+06 eff:0.1% logz-ratio=23617101.81+/-0.23 dlogz:187093.828>0.01]9622it [8:32:23,  6.89s/it, bound:1922 nc:1835 ncall:7.3e+06 eff:0.1% logz-ratio=23617876.86+/-0.22 dlogz:186286.892>0.01]9626it [8:32:49,  6.79s/it, bound:1923 nc:911 ncall:7.3e+06 eff:0.1% logz-ratio=23618230.68+/-0.23 dlogz:185999.184>0.01] 9630it [8:33:26,  7.53s/it, bound:1924 nc:1194 ncall:7.3e+06 eff:0.1% logz-ratio=23619561.20+/-0.23 dlogz:185170.701>0.01]9634it [8:33:50,  7.01s/it, bound:1925 nc:1300 ncall:7.3e+06 eff:0.1% logz-ratio=23620230.54+/-0.23 dlogz:184044.497>0.01]9638it [8:34:15,  6.78s/it, bound:1926 nc:1324 ncall:7.3e+06 eff:0.1% logz-ratio=23620660.69+/-0.23 dlogz:183598.817>0.01]9642it [8:34:37,  6.42s/it, bound:1927 nc:1415 ncall:7.3e+06 eff:0.1% logz-ratio=23621293.74+/-0.23 dlogz:182877.500>0.01]9646it [8:35:05,  6.62s/it, bound:1928 nc:1719 ncall:7.3e+06 eff:0.1% logz-ratio=23622134.85+/-0.23 dlogz:182221.514>0.01]9648it [8:35:14,  6.19s/it, bound:1928 nc:1901 ncall:7.3e+06 eff:0.1% logz-ratio=23622255.83+/-0.23 dlogz:181909.237>0.01]9650it [8:35:48,  8.38s/it, bound:1929 nc:2327 ncall:7.3e+06 eff:0.1% logz-ratio=23622280.63+/-0.23 dlogz:181894.842>0.01]9654it [8:36:13,  7.59s/it, bound:1930 nc:1484 ncall:7.3e+06 eff:0.1% logz-ratio=23622768.91+/-0.23 dlogz:181395.167>0.01]9658it [8:36:39,  7.26s/it, bound:1931 nc:1689 ncall:7.3e+06 eff:0.1% logz-ratio=23623357.02+/-0.23 dlogz:180820.413>0.01]9662it [8:37:06,  7.09s/it, bound:1932 nc:1140 ncall:7.3e+06 eff:0.1% logz-ratio=23623783.84+/-0.23 dlogz:180383.707>0.01]9666it [8:37:31,  6.83s/it, bound:1933 nc:1268 ncall:7.3e+06 eff:0.1% logz-ratio=23624281.86+/-0.23 dlogz:180051.718>0.01]9670it [8:37:57,  6.70s/it, bound:1934 nc:1131 ncall:7.3e+06 eff:0.1% logz-ratio=23624395.00+/-0.23 dlogz:179801.359>0.01]9674it [8:38:30,  7.19s/it, bound:1935 nc:2235 ncall:7.3e+06 eff:0.1% logz-ratio=23624885.75+/-0.23 dlogz:179336.284>0.01]9678it [8:38:54,  6.81s/it, bound:1936 nc:690 ncall:7.4e+06 eff:0.1% logz-ratio=23625258.62+/-0.23 dlogz:179128.537>0.01] 9682it [8:39:15,  6.35s/it, bound:1937 nc:1346 ncall:7.4e+06 eff:0.1% logz-ratio=23625440.48+/-0.23 dlogz:178876.622>0.01]9686it [8:39:51,  7.14s/it, bound:1938 nc:1192 ncall:7.4e+06 eff:0.1% logz-ratio=23625878.51+/-0.23 dlogz:178482.877>0.01]9690it [8:40:09,  6.35s/it, bound:1939 nc:1116 ncall:7.4e+06 eff:0.1% logz-ratio=23626343.10+/-0.23 dlogz:178060.871>0.01]9694it [8:40:38,  6.66s/it, bound:1940 nc:1471 ncall:7.4e+06 eff:0.1% logz-ratio=23627147.37+/-0.23 dlogz:177059.490>0.01]9698it [8:41:05,  6.68s/it, bound:1941 nc:1023 ncall:7.4e+06 eff:0.1% logz-ratio=23627585.19+/-0.23 dlogz:176815.933>0.01]9702it [8:41:32,  6.69s/it, bound:1942 nc:1704 ncall:7.4e+06 eff:0.1% logz-ratio=23627832.43+/-0.23 dlogz:176332.296>0.01]9706it [8:41:59,  6.67s/it, bound:1943 nc:1152 ncall:7.4e+06 eff:0.1% logz-ratio=23628251.11+/-0.23 dlogz:175984.144>0.01]9710it [8:42:27,  6.78s/it, bound:1944 nc:1439 ncall:7.4e+06 eff:0.1% logz-ratio=23628564.15+/-0.23 dlogz:175685.610>0.01]9714it [8:42:53,  6.75s/it, bound:1945 nc:1338 ncall:7.4e+06 eff:0.1% logz-ratio=23629291.21+/-0.23 dlogz:174872.786>0.01]9718it [8:43:20,  6.73s/it, bound:1946 nc:1088 ncall:7.4e+06 eff:0.1% logz-ratio=23629602.34+/-0.22 dlogz:174559.610>0.01]9722it [8:43:44,  6.47s/it, bound:1947 nc:754 ncall:7.4e+06 eff:0.1% logz-ratio=23630233.54+/-0.23 dlogz:173998.486>0.01] 9726it [8:44:13,  6.70s/it, bound:1948 nc:1892 ncall:7.4e+06 eff:0.1% logz-ratio=23630925.50+/-0.23 dlogz:173551.390>0.01]9730it [8:44:46,  7.15s/it, bound:1949 nc:1511 ncall:7.4e+06 eff:0.1% logz-ratio=23631287.75+/-0.22 dlogz:172875.474>0.01]9734it [8:45:11,  6.95s/it, bound:1950 nc:978 ncall:7.4e+06 eff:0.1% logz-ratio=23631833.44+/-0.23 dlogz:172430.289>0.01] 9737it [8:45:18,  5.81s/it, bound:1951 nc:1698 ncall:7.4e+06 eff:0.1% logz-ratio=23632381.89+/-0.23 dlogz:171795.265>0.01]9738it [8:45:41,  7.53s/it, bound:1951 nc:788 ncall:7.4e+06 eff:0.1% logz-ratio=23632443.28+/-0.23 dlogz:171778.924>0.01] 9742it [8:46:12,  7.62s/it, bound:1952 nc:1950 ncall:7.4e+06 eff:0.1% logz-ratio=23632609.41+/-0.23 dlogz:171582.768>0.01]9746it [8:46:36,  7.05s/it, bound:1953 nc:1155 ncall:7.5e+06 eff:0.1% logz-ratio=23632984.73+/-0.23 dlogz:171193.268>0.01]9750it [8:47:15,  8.02s/it, bound:1954 nc:2146 ncall:7.5e+06 eff:0.1% logz-ratio=23633472.16+/-0.23 dlogz:170719.035>0.01]9754it [8:47:47,  7.98s/it, bound:1955 nc:1369 ncall:7.5e+06 eff:0.1% logz-ratio=23633817.66+/-0.23 dlogz:170451.956>0.01]9758it [8:48:19,  8.02s/it, bound:1956 nc:1688 ncall:7.5e+06 eff:0.1% logz-ratio=23634113.36+/-0.23 dlogz:170048.839>0.01]9762it [8:48:43,  7.38s/it, bound:1957 nc:1037 ncall:7.5e+06 eff:0.1% logz-ratio=23634878.95+/-0.23 dlogz:169374.038>0.01]9766it [8:49:09,  7.08s/it, bound:1958 nc:1640 ncall:7.5e+06 eff:0.1% logz-ratio=23635145.78+/-0.23 dlogz:169029.418>0.01]9770it [8:49:50,  8.02s/it, bound:1959 nc:1526 ncall:7.5e+06 eff:0.1% logz-ratio=23635338.82+/-0.23 dlogz:168840.174>0.01]9774it [8:50:20,  7.90s/it, bound:1960 nc:2052 ncall:7.5e+06 eff:0.1% logz-ratio=23635600.30+/-0.23 dlogz:168748.773>0.01]9778it [8:50:46,  7.48s/it, bound:1961 nc:1296 ncall:7.5e+06 eff:0.1% logz-ratio=23635805.43+/-0.23 dlogz:168399.547>0.01]9782it [8:51:27,  8.28s/it, bound:1962 nc:1442 ncall:7.5e+06 eff:0.1% logz-ratio=23635971.36+/-0.23 dlogz:168215.802>0.01]9786it [8:51:52,  7.70s/it, bound:1963 nc:691 ncall:7.5e+06 eff:0.1% logz-ratio=23636387.68+/-0.23 dlogz:167929.517>0.01] 9790it [8:52:12,  6.91s/it, bound:1964 nc:1146 ncall:7.5e+06 eff:0.1% logz-ratio=23636837.55+/-0.18 dlogz:167324.326>0.01]9794it [8:52:41,  7.01s/it, bound:1965 nc:1932 ncall:7.5e+06 eff:0.1% logz-ratio=23637459.09+/-0.23 dlogz:167109.102>0.01]9798it [8:53:11,  7.16s/it, bound:1966 nc:1756 ncall:7.5e+06 eff:0.1% logz-ratio=23638578.29+/-0.23 dlogz:166122.940>0.01]9802it [8:53:39,  7.10s/it, bound:1967 nc:1447 ncall:7.5e+06 eff:0.1% logz-ratio=23638935.23+/-0.23 dlogz:165271.542>0.01]9806it [8:54:06,  6.95s/it, bound:1968 nc:1439 ncall:7.5e+06 eff:0.1% logz-ratio=23639396.78+/-0.23 dlogz:195371.057>0.01]9810it [8:54:32,  6.88s/it, bound:1969 nc:1804 ncall:7.5e+06 eff:0.1% logz-ratio=23639681.87+/-0.23 dlogz:195088.483>0.01]9814it [8:55:01,  6.93s/it, bound:1970 nc:1336 ncall:7.6e+06 eff:0.1% logz-ratio=23639970.41+/-0.23 dlogz:194798.564>0.01]9818it [8:55:26,  6.79s/it, bound:1971 nc:1724 ncall:7.6e+06 eff:0.1% logz-ratio=23640092.65+/-0.23 dlogz:194687.130>0.01]9820it [8:55:35,  6.32s/it, bound:1971 nc:1618 ncall:7.6e+06 eff:0.1% logz-ratio=23640313.43+/-0.23 dlogz:194579.657>0.01]9822it [8:56:04,  8.03s/it, bound:1972 nc:1992 ncall:7.6e+06 eff:0.1% logz-ratio=23640373.07+/-0.23 dlogz:194407.514>0.01]9826it [8:56:28,  7.27s/it, bound:1973 nc:1124 ncall:7.6e+06 eff:0.1% logz-ratio=23640657.03+/-0.23 dlogz:194174.160>0.01]9830it [8:57:02,  7.69s/it, bound:1974 nc:1411 ncall:7.6e+06 eff:0.1% logz-ratio=23641022.10+/-0.23 dlogz:193798.153>0.01]9834it [8:57:28,  7.29s/it, bound:1975 nc:1369 ncall:7.6e+06 eff:0.1% logz-ratio=23641443.84+/-0.23 dlogz:193609.533>0.01]9838it [8:57:52,  6.84s/it, bound:1976 nc:1486 ncall:7.6e+06 eff:0.1% logz-ratio=23641928.53+/-0.23 dlogz:193114.233>0.01]9842it [8:58:21,  6.98s/it, bound:1977 nc:1414 ncall:7.6e+06 eff:0.1% logz-ratio=23642176.88+/-0.23 dlogz:192677.859>0.01]9846it [8:58:45,  6.73s/it, bound:1978 nc:1444 ncall:7.6e+06 eff:0.1% logz-ratio=23642827.30+/-0.23 dlogz:191946.935>0.01]9850it [8:59:09,  6.46s/it, bound:1979 nc:1162 ncall:7.6e+06 eff:0.1% logz-ratio=23643043.65+/-0.23 dlogz:191796.150>0.01]9854it [8:59:38,  6.68s/it, bound:1980 nc:1407 ncall:7.6e+06 eff:0.1% logz-ratio=23643627.90+/-0.23 dlogz:191157.354>0.01]9858it [9:00:08,  6.97s/it, bound:1981 nc:736 ncall:7.6e+06 eff:0.1% logz-ratio=23643763.77+/-0.23 dlogz:191008.520>0.01] 9862it [9:00:35,  6.89s/it, bound:1982 nc:1132 ncall:7.6e+06 eff:0.1% logz-ratio=23644136.21+/-0.23 dlogz:190756.656>0.01]9866it [9:01:07,  7.24s/it, bound:1983 nc:2187 ncall:7.6e+06 eff:0.1% logz-ratio=23644699.43+/-0.23 dlogz:190103.956>0.01]9870it [9:01:31,  6.88s/it, bound:1984 nc:1632 ncall:7.6e+06 eff:0.1% logz-ratio=23645221.90+/-0.23 dlogz:189662.126>0.01]9874it [9:01:58,  6.85s/it, bound:1985 nc:1528 ncall:7.6e+06 eff:0.1% logz-ratio=23645987.84+/-0.23 dlogz:188898.334>0.01]9878it [9:02:30,  7.17s/it, bound:1986 nc:2154 ncall:7.7e+06 eff:0.1% logz-ratio=23646392.61+/-0.23 dlogz:188499.974>0.01]9882it [9:02:53,  6.74s/it, bound:1987 nc:1555 ncall:7.7e+06 eff:0.1% logz-ratio=23646594.77+/-0.23 dlogz:188226.997>0.01]9886it [9:03:18,  6.63s/it, bound:1988 nc:1416 ncall:7.7e+06 eff:0.1% logz-ratio=23647382.89+/-0.23 dlogz:187438.153>0.01]9890it [9:03:43,  6.49s/it, bound:1989 nc:1665 ncall:7.7e+06 eff:0.1% logz-ratio=23647966.60+/-0.23 dlogz:186988.779>0.01]9894it [9:04:15,  6.93s/it, bound:1990 nc:2159 ncall:7.7e+06 eff:0.1% logz-ratio=23648671.97+/-0.23 dlogz:186473.663>0.01]9898it [9:04:39,  6.65s/it, bound:1991 nc:1168 ncall:7.7e+06 eff:0.1% logz-ratio=23649151.21+/-0.23 dlogz:185626.726>0.01]9902it [9:05:06,  6.71s/it, bound:1992 nc:1332 ncall:7.7e+06 eff:0.1% logz-ratio=23649588.51+/-0.23 dlogz:185178.376>0.01]9906it [9:05:41,  7.28s/it, bound:1993 nc:1845 ncall:7.7e+06 eff:0.1% logz-ratio=23649809.27+/-0.23 dlogz:185055.496>0.01]9909it [9:05:47,  6.02s/it, bound:1994 nc:1957 ncall:7.7e+06 eff:0.1% logz-ratio=23649993.17+/-0.23 dlogz:184855.771>0.01]9910it [9:06:15,  8.29s/it, bound:1994 nc:1769 ncall:7.7e+06 eff:0.1% logz-ratio=23650187.18+/-0.23 dlogz:184769.204>0.01]9914it [9:06:49,  8.37s/it, bound:1995 nc:1650 ncall:7.7e+06 eff:0.1% logz-ratio=23650379.82+/-0.23 dlogz:184462.079>0.01]9918it [9:07:18,  8.01s/it, bound:1996 nc:1582 ncall:7.7e+06 eff:0.1% logz-ratio=23650681.01+/-0.23 dlogz:184094.818>0.01]9922it [9:07:53,  8.23s/it, bound:1997 nc:1637 ncall:7.7e+06 eff:0.1% logz-ratio=23650920.57+/-0.23 dlogz:183864.271>0.01]9926it [9:08:26,  8.21s/it, bound:1998 nc:1679 ncall:7.7e+06 eff:0.1% logz-ratio=23651072.52+/-0.23 dlogz:183718.800>0.01]9930it [9:08:55,  7.93s/it, bound:1999 nc:1233 ncall:7.7e+06 eff:0.1% logz-ratio=23651553.18+/-0.23 dlogz:183475.636>0.01]9934it [9:09:18,  7.22s/it, bound:2000 nc:1423 ncall:7.7e+06 eff:0.1% logz-ratio=23651989.19+/-0.23 dlogz:183010.527>0.01]9938it [9:09:46,  7.16s/it, bound:2001 nc:1507 ncall:7.7e+06 eff:0.1% logz-ratio=23652119.34+/-0.23 dlogz:182688.285>0.01]9942it [9:10:12,  6.96s/it, bound:2002 nc:1773 ncall:7.7e+06 eff:0.1% logz-ratio=23652438.12+/-0.23 dlogz:182406.174>0.01]9946it [9:10:44,  7.27s/it, bound:2003 nc:1794 ncall:7.8e+06 eff:0.1% logz-ratio=23652766.37+/-0.23 dlogz:182069.154>0.01]9950it [9:11:10,  7.07s/it, bound:2004 nc:1005 ncall:7.8e+06 eff:0.1% logz-ratio=23653448.40+/-0.23 dlogz:181674.042>0.01]9954it [9:11:41,  7.25s/it, bound:2005 nc:1420 ncall:7.8e+06 eff:0.1% logz-ratio=23653744.89+/-0.23 dlogz:181069.035>0.01]9958it [9:12:09,  7.20s/it, bound:2006 nc:1871 ncall:7.8e+06 eff:0.1% logz-ratio=23653886.36+/-0.23 dlogz:180939.882>0.01]9962it [9:12:32,  6.79s/it, bound:2007 nc:1518 ncall:7.8e+06 eff:0.1% logz-ratio=23654486.54+/-0.23 dlogz:180372.175>0.01]9966it [9:13:03,  7.06s/it, bound:2008 nc:1447 ncall:7.8e+06 eff:0.1% logz-ratio=23654908.94+/-0.23 dlogz:179947.767>0.01]9970it [9:13:34,  7.25s/it, bound:2009 nc:1491 ncall:7.8e+06 eff:0.1% logz-ratio=23655086.10+/-0.23 dlogz:179716.506>0.01]9974it [9:14:04,  7.30s/it, bound:2010 nc:1743 ncall:7.8e+06 eff:0.1% logz-ratio=23655560.93+/-0.23 dlogz:179295.178>0.01]9978it [9:14:30,  7.06s/it, bound:2011 nc:1625 ncall:7.8e+06 eff:0.1% logz-ratio=23655837.87+/-0.23 dlogz:179093.809>0.01]9982it [9:14:54,  6.78s/it, bound:2012 nc:1312 ncall:7.8e+06 eff:0.1% logz-ratio=23656353.77+/-0.23 dlogz:178484.767>0.01]9986it [9:15:21,  6.77s/it, bound:2013 nc:880 ncall:7.8e+06 eff:0.1% logz-ratio=23657013.94+/-0.23 dlogz:178041.155>0.01] 9990it [9:15:51,  6.96s/it, bound:2014 nc:2002 ncall:7.8e+06 eff:0.1% logz-ratio=23657533.98+/-0.23 dlogz:177255.065>0.01]9993it [9:15:57,  5.77s/it, bound:2015 nc:1337 ncall:7.8e+06 eff:0.1% logz-ratio=23657647.20+/-0.23 dlogz:177137.729>0.01]9994it [9:16:30,  8.62s/it, bound:2015 nc:1954 ncall:7.8e+06 eff:0.1% logz-ratio=23657706.93+/-0.23 dlogz:177115.003>0.01]9998it [9:17:04,  8.52s/it, bound:2016 nc:1159 ncall:7.8e+06 eff:0.1% logz-ratio=23658003.48+/-0.23 dlogz:176783.306>0.01]10002it [9:17:31,  7.93s/it, bound:2017 nc:1227 ncall:7.8e+06 eff:0.1% logz-ratio=23658353.65+/-0.23 dlogz:176477.519>0.01]10006it [9:18:00,  7.76s/it, bound:2018 nc:1288 ncall:7.8e+06 eff:0.1% logz-ratio=23658556.56+/-0.23 dlogz:176236.020>0.01]10010it [9:18:31,  7.71s/it, bound:2019 nc:1624 ncall:7.9e+06 eff:0.1% logz-ratio=23658840.33+/-0.23 dlogz:175975.429>0.01]10014it [9:19:02,  7.71s/it, bound:2020 nc:1695 ncall:7.9e+06 eff:0.1% logz-ratio=23659229.83+/-0.23 dlogz:175548.376>0.01]10018it [9:19:34,  7.81s/it, bound:2021 nc:1681 ncall:7.9e+06 eff:0.1% logz-ratio=23659550.81+/-0.23 dlogz:175244.692>0.01]10022it [9:20:02,  7.60s/it, bound:2022 nc:1329 ncall:7.9e+06 eff:0.1% logz-ratio=23659746.07+/-0.23 dlogz:175033.529>0.01]10026it [9:20:37,  7.89s/it, bound:2023 nc:1791 ncall:7.9e+06 eff:0.1% logz-ratio=23659910.66+/-0.23 dlogz:174867.425>0.01]10030it [9:20:59,  7.21s/it, bound:2024 nc:1254 ncall:7.9e+06 eff:0.1% logz-ratio=23660426.67+/-0.23 dlogz:174754.025>0.01]10034it [9:21:34,  7.64s/it, bound:2025 nc:1414 ncall:7.9e+06 eff:0.1% logz-ratio=23661047.69+/-0.23 dlogz:173828.326>0.01]10038it [9:22:09,  8.00s/it, bound:2026 nc:1336 ncall:7.9e+06 eff:0.1% logz-ratio=23661310.78+/-0.23 dlogz:173484.338>0.01]10042it [9:22:36,  7.64s/it, bound:2027 nc:1542 ncall:7.9e+06 eff:0.1% logz-ratio=23661431.46+/-0.23 dlogz:173331.946>0.01]10046it [9:23:12,  8.05s/it, bound:2028 nc:1478 ncall:7.9e+06 eff:0.1% logz-ratio=23661697.46+/-0.23 dlogz:173188.428>0.01]10050it [9:23:48,  8.30s/it, bound:2029 nc:1551 ncall:7.9e+06 eff:0.1% logz-ratio=23662307.48+/-0.23 dlogz:172540.124>0.01]10054it [9:24:19,  8.17s/it, bound:2030 nc:1600 ncall:7.9e+06 eff:0.1% logz-ratio=23662472.45+/-0.23 dlogz:172295.832>0.01]10058it [9:24:47,  7.82s/it, bound:2031 nc:1671 ncall:7.9e+06 eff:0.1% logz-ratio=23662598.07+/-0.23 dlogz:172257.908>0.01]10062it [9:25:23,  8.18s/it, bound:2032 nc:1463 ncall:7.9e+06 eff:0.1% logz-ratio=23662879.69+/-0.23 dlogz:172082.013>0.01]10066it [9:25:49,  7.66s/it, bound:2033 nc:1484 ncall:7.9e+06 eff:0.1% logz-ratio=23663383.40+/-0.23 dlogz:171513.478>0.01]10070it [9:26:21,  7.74s/it, bound:2034 nc:1604 ncall:7.9e+06 eff:0.1% logz-ratio=23663729.41+/-0.23 dlogz:171206.162>0.01]10071it [9:26:24,  7.35s/it, bound:2034 nc:1458 ncall:7.9e+06 eff:0.1% logz-ratio=23663863.12+/-0.23 dlogz:171032.646>0.01]10073it [9:27:00,  9.60s/it, bound:2035 nc:3240 ncall:7.9e+06 eff:0.1% logz-ratio=23664011.02+/-0.23 dlogz:170844.200>0.01]10077it [9:27:31,  8.87s/it, bound:2036 nc:1365 ncall:8.0e+06 eff:0.1% logz-ratio=23664164.78+/-0.22 dlogz:170600.304>0.01]10081it [9:28:02,  8.49s/it, bound:2037 nc:917 ncall:8.0e+06 eff:0.1% logz-ratio=23664648.90+/-0.23 dlogz:170138.954>0.01] 10085it [9:28:34,  8.30s/it, bound:2038 nc:1258 ncall:8.0e+06 eff:0.1% logz-ratio=23664908.56+/-0.23 dlogz:169981.208>0.01]10089it [9:29:12,  8.69s/it, bound:2039 nc:1815 ncall:8.0e+06 eff:0.1% logz-ratio=23665076.21+/-0.23 dlogz:169779.285>0.01]10093it [9:29:46,  8.66s/it, bound:2040 nc:1014 ncall:8.0e+06 eff:0.1% logz-ratio=23665498.89+/-0.23 dlogz:169470.664>0.01]10097it [9:30:26,  9.09s/it, bound:2041 nc:1825 ncall:8.0e+06 eff:0.1% logz-ratio=23665635.40+/-0.23 dlogz:169146.145>0.01]10101it [9:31:01,  8.94s/it, bound:2042 nc:1596 ncall:8.0e+06 eff:0.1% logz-ratio=23666127.35+/-0.23 dlogz:168735.401>0.01]10105it [9:31:34,  8.75s/it, bound:2043 nc:1200 ncall:8.0e+06 eff:0.1% logz-ratio=23666680.85+/-0.23 dlogz:168172.014>0.01]10109it [9:32:12,  9.00s/it, bound:2044 nc:1592 ncall:8.0e+06 eff:0.1% logz-ratio=23666954.59+/-0.23 dlogz:167941.307>0.01]10113it [9:32:42,  8.57s/it, bound:2045 nc:1137 ncall:8.0e+06 eff:0.1% logz-ratio=23667183.10+/-0.23 dlogz:167671.120>0.01]10117it [9:33:20,  8.81s/it, bound:2046 nc:1859 ncall:8.0e+06 eff:0.1% logz-ratio=23667534.78+/-0.23 dlogz:167231.093>0.01]10121it [9:34:09,  9.86s/it, bound:2047 nc:1627 ncall:8.0e+06 eff:0.1% logz-ratio=23667937.42+/-0.23 dlogz:167006.272>0.01]10125it [9:34:52, 10.13s/it, bound:2048 nc:1620 ncall:8.0e+06 eff:0.1% logz-ratio=23668259.88+/-0.23 dlogz:166528.217>0.01]10129it [9:35:29,  9.89s/it, bound:2049 nc:1479 ncall:8.0e+06 eff:0.1% logz-ratio=23668896.86+/-0.23 dlogz:165932.485>0.01]10133it [9:36:17, 10.52s/it, bound:2050 nc:1053 ncall:8.0e+06 eff:0.1% logz-ratio=23669335.68+/-0.23 dlogz:165479.765>0.01]10137it [9:37:08, 11.12s/it, bound:2051 nc:1449 ncall:8.0e+06 eff:0.1% logz-ratio=23669749.89+/-0.23 dlogz:165018.086>0.01]10140it [9:37:17,  9.22s/it, bound:2052 nc:2304 ncall:8.1e+06 eff:0.1% logz-ratio=23669999.34+/-0.23 dlogz:164897.457>0.01]10141it [9:37:56, 12.24s/it, bound:2052 nc:1583 ncall:8.1e+06 eff:0.1% logz-ratio=23670015.85+/-0.23 dlogz:164762.570>0.01]10145it [9:38:43, 12.12s/it, bound:2053 nc:1425 ncall:8.1e+06 eff:0.1% logz-ratio=23670385.05+/-0.23 dlogz:164510.057>0.01]10149it [9:39:30, 11.93s/it, bound:2054 nc:1991 ncall:8.1e+06 eff:0.1% logz-ratio=23670750.97+/-0.23 dlogz:164089.220>0.01]10153it [9:40:05, 10.88s/it, bound:2055 nc:1792 ncall:8.1e+06 eff:0.1% logz-ratio=23671062.12+/-0.23 dlogz:163858.664>0.01]10157it [9:40:41, 10.29s/it, bound:2056 nc:1601 ncall:8.1e+06 eff:0.1% logz-ratio=23671309.66+/-0.23 dlogz:163518.130>0.01]10161it [9:41:22, 10.31s/it, bound:2057 nc:1344 ncall:8.1e+06 eff:0.1% logz-ratio=23672259.52+/-0.23 dlogz:162539.061>0.01]10165it [9:41:56,  9.69s/it, bound:2058 nc:1072 ncall:8.1e+06 eff:0.1% logz-ratio=23672485.98+/-0.23 dlogz:162369.129>0.01]10169it [9:42:39, 10.04s/it, bound:2059 nc:1783 ncall:8.1e+06 eff:0.1% logz-ratio=23672731.99+/-0.23 dlogz:162037.127>0.01]10173it [9:43:20, 10.08s/it, bound:2060 nc:1456 ncall:8.1e+06 eff:0.1% logz-ratio=23673077.07+/-0.23 dlogz:161815.120>0.01]10177it [9:43:58,  9.93s/it, bound:2061 nc:1259 ncall:8.1e+06 eff:0.1% logz-ratio=23673287.26+/-0.23 dlogz:161478.054>0.01]10181it [9:44:33,  9.59s/it, bound:2062 nc:1564 ncall:8.1e+06 eff:0.1% logz-ratio=23673573.93+/-0.23 dlogz:161197.214>0.01]10185it [9:45:18, 10.09s/it, bound:2063 nc:2168 ncall:8.1e+06 eff:0.1% logz-ratio=23673697.76+/-0.23 dlogz:161118.429>0.01]10189it [9:45:59, 10.16s/it, bound:2064 nc:1470 ncall:8.1e+06 eff:0.1% logz-ratio=23673889.64+/-0.23 dlogz:160889.715>0.01]10193it [9:46:44, 10.48s/it, bound:2065 nc:1767 ncall:8.1e+06 eff:0.1% logz-ratio=23674052.15+/-0.23 dlogz:160778.024>0.01]10197it [9:47:27, 10.54s/it, bound:2066 nc:2076 ncall:8.1e+06 eff:0.1% logz-ratio=23674197.07+/-0.23 dlogz:160609.226>0.01]10200it [9:47:37,  8.77s/it, bound:2067 nc:1322 ncall:8.1e+06 eff:0.1% logz-ratio=23674301.02+/-0.23 dlogz:160542.264>0.01]10201it [9:48:23, 12.66s/it, bound:2067 nc:1876 ncall:8.1e+06 eff:0.1% logz-ratio=23674451.21+/-0.23 dlogz:160460.770>0.01]10205it [9:49:06, 11.98s/it, bound:2068 nc:1038 ncall:8.2e+06 eff:0.1% logz-ratio=23674819.68+/-0.23 dlogz:159997.110>0.01]10209it [9:49:44, 11.10s/it, bound:2069 nc:1762 ncall:8.2e+06 eff:0.1% logz-ratio=23675239.10+/-0.23 dlogz:159619.983>0.01]10213it [9:50:18, 10.26s/it, bound:2070 nc:1461 ncall:8.2e+06 eff:0.1% logz-ratio=23675415.46+/-0.23 dlogz:159365.056>0.01]10217it [9:50:56, 10.00s/it, bound:2071 nc:1426 ncall:8.2e+06 eff:0.1% logz-ratio=23675858.45+/-0.23 dlogz:159068.197>0.01]10221it [9:51:27,  9.31s/it, bound:2072 nc:1868 ncall:8.2e+06 eff:0.1% logz-ratio=23676336.55+/-0.23 dlogz:158433.152>0.01]10225it [9:51:52,  8.35s/it, bound:2073 nc:1652 ncall:8.2e+06 eff:0.1% logz-ratio=23676538.18+/-0.23 dlogz:158351.075>0.01]10229it [9:52:20,  7.87s/it, bound:2074 nc:1816 ncall:8.2e+06 eff:0.1% logz-ratio=23677277.11+/-0.23 dlogz:157800.900>0.01]10233it [9:52:46,  7.50s/it, bound:2075 nc:1024 ncall:8.2e+06 eff:0.1% logz-ratio=23677719.09+/-0.23 dlogz:157263.612>0.01]10237it [9:53:15,  7.43s/it, bound:2076 nc:1444 ncall:8.2e+06 eff:0.1% logz-ratio=23678225.95+/-0.23 dlogz:156562.644>0.01]10241it [9:53:47,  7.58s/it, bound:2077 nc:1401 ncall:8.2e+06 eff:0.1% logz-ratio=23678480.86+/-0.23 dlogz:156286.087>0.01]10245it [9:54:16,  7.48s/it, bound:2078 nc:1944 ncall:8.2e+06 eff:0.1% logz-ratio=23679078.05+/-0.23 dlogz:155798.396>0.01]10249it [9:54:44,  7.31s/it, bound:2079 nc:1671 ncall:8.2e+06 eff:0.1% logz-ratio=23679598.50+/-0.23 dlogz:155302.178>0.01]10253it [9:55:10,  7.09s/it, bound:2080 nc:1747 ncall:8.2e+06 eff:0.1% logz-ratio=23679784.01+/-0.23 dlogz:155061.997>0.01]10257it [9:55:36,  6.91s/it, bound:2081 nc:1714 ncall:8.2e+06 eff:0.1% logz-ratio=23680139.89+/-0.23 dlogz:154734.907>0.01]10261it [9:56:05,  7.02s/it, bound:2082 nc:1250 ncall:8.2e+06 eff:0.1% logz-ratio=23680318.54+/-0.23 dlogz:154462.767>0.01]10265it [9:56:34,  7.10s/it, bound:2083 nc:1562 ncall:8.2e+06 eff:0.1% logz-ratio=23680755.10+/-0.23 dlogz:154011.641>0.01]10269it [9:57:05,  7.29s/it, bound:2084 nc:2020 ncall:8.3e+06 eff:0.1% logz-ratio=23681018.99+/-0.23 dlogz:153757.494>0.01]10273it [9:57:31,  7.08s/it, bound:2085 nc:1737 ncall:8.3e+06 eff:0.1% logz-ratio=23681187.91+/-0.23 dlogz:153596.115>0.01]10276it [9:57:40,  6.05s/it, bound:2086 nc:1332 ncall:8.3e+06 eff:0.1% logz-ratio=23681316.31+/-0.23 dlogz:153479.000>0.01]10277it [9:58:10,  8.55s/it, bound:2086 nc:1642 ncall:8.3e+06 eff:0.1% logz-ratio=23681413.64+/-0.23 dlogz:153445.326>0.01]10281it [9:58:39,  8.06s/it, bound:2087 nc:1943 ncall:8.3e+06 eff:0.1% logz-ratio=23681678.32+/-0.23 dlogz:153146.061>0.01]10285it [9:59:10,  7.97s/it, bound:2088 nc:2124 ncall:8.3e+06 eff:0.1% logz-ratio=23682193.18+/-0.23 dlogz:152570.839>0.01]10289it [9:59:44,  8.12s/it, bound:2089 nc:1437 ncall:8.3e+06 eff:0.1% logz-ratio=23682436.35+/-0.23 dlogz:152347.869>0.01]10293it [10:00:16,  8.08s/it, bound:2090 nc:2024 ncall:8.3e+06 eff:0.1% logz-ratio=23682680.60+/-0.23 dlogz:152090.701>0.01]10297it [10:00:44,  7.75s/it, bound:2091 nc:1364 ncall:8.3e+06 eff:0.1% logz-ratio=23683169.55+/-0.23 dlogz:151829.707>0.01]10301it [10:01:13,  7.63s/it, bound:2092 nc:1574 ncall:8.3e+06 eff:0.1% logz-ratio=23683448.00+/-0.23 dlogz:151376.050>0.01]10305it [10:01:41,  7.43s/it, bound:2093 nc:1480 ncall:8.3e+06 eff:0.1% logz-ratio=23683884.73+/-0.23 dlogz:150936.308>0.01]10309it [10:02:12,  7.51s/it, bound:2094 nc:1114 ncall:8.3e+06 eff:0.1% logz-ratio=23684322.15+/-0.23 dlogz:150508.227>0.01]10313it [10:02:39,  7.27s/it, bound:2095 nc:1471 ncall:8.3e+06 eff:0.1% logz-ratio=23684600.56+/-0.23 dlogz:150254.978>0.01]10317it [10:03:13,  7.64s/it, bound:2096 nc:1618 ncall:8.3e+06 eff:0.1% logz-ratio=23684788.65+/-0.23 dlogz:150021.405>0.01]10321it [10:03:43,  7.61s/it, bound:2097 nc:1592 ncall:8.3e+06 eff:0.1% logz-ratio=23685758.94+/-0.23 dlogz:149046.488>0.01]10325it [10:04:19,  8.02s/it, bound:2098 nc:1940 ncall:8.3e+06 eff:0.1% logz-ratio=23686106.70+/-0.23 dlogz:148704.315>0.01]10329it [10:04:56,  8.37s/it, bound:2099 nc:1417 ncall:8.3e+06 eff:0.1% logz-ratio=23686193.32+/-0.23 dlogz:148600.371>0.01]10333it [10:05:28,  8.27s/it, bound:2100 nc:1904 ncall:8.4e+06 eff:0.1% logz-ratio=23686429.87+/-0.23 dlogz:148350.946>0.01]10337it [10:06:00,  8.22s/it, bound:2101 nc:1748 ncall:8.4e+06 eff:0.1% logz-ratio=23686644.58+/-0.23 dlogz:148187.046>0.01]10341it [10:06:34,  8.26s/it, bound:2102 nc:1464 ncall:8.4e+06 eff:0.1% logz-ratio=23686980.08+/-0.23 dlogz:147795.311>0.01]10345it [10:07:08,  8.33s/it, bound:2103 nc:1092 ncall:8.4e+06 eff:0.1% logz-ratio=23687584.73+/-0.23 dlogz:147458.420>0.01]10349it [10:07:46,  8.71s/it, bound:2104 nc:2034 ncall:8.4e+06 eff:0.1% logz-ratio=23687811.26+/-0.23 dlogz:147098.895>0.01]10350it [10:07:56,  8.79s/it, bound:2104 nc:1192 ncall:8.4e+06 eff:0.1% logz-ratio=23687975.34+/-0.23 dlogz:146950.239>0.01]10353it [10:08:35, 10.08s/it, bound:2105 nc:1480 ncall:8.4e+06 eff:0.1% logz-ratio=23688178.82+/-0.23 dlogz:146685.264>0.01]10357it [10:09:09,  9.54s/it, bound:2106 nc:1435 ncall:8.4e+06 eff:0.1% logz-ratio=23688359.81+/-0.23 dlogz:146414.175>0.01]10361it [10:09:46,  9.42s/it, bound:2107 nc:2044 ncall:8.4e+06 eff:0.1% logz-ratio=23688530.03+/-0.23 dlogz:146263.723>0.01]10365it [10:10:20,  9.10s/it, bound:2108 nc:1606 ncall:8.4e+06 eff:0.1% logz-ratio=23688626.25+/-0.23 dlogz:146136.960>0.01]10369it [10:10:54,  8.95s/it, bound:2109 nc:1403 ncall:8.4e+06 eff:0.1% logz-ratio=23688881.92+/-0.23 dlogz:145967.197>0.01]10373it [10:11:31,  9.04s/it, bound:2110 nc:1954 ncall:8.4e+06 eff:0.1% logz-ratio=23689312.51+/-0.23 dlogz:145493.135>0.01]10377it [10:12:10,  9.25s/it, bound:2111 nc:1665 ncall:8.4e+06 eff:0.1% logz-ratio=23689631.97+/-0.23 dlogz:145198.265>0.01]10381it [10:12:48,  9.29s/it, bound:2112 nc:1452 ncall:8.4e+06 eff:0.1% logz-ratio=23689875.11+/-0.23 dlogz:144920.415>0.01]10385it [10:13:18,  8.79s/it, bound:2113 nc:1088 ncall:8.4e+06 eff:0.1% logz-ratio=23690485.47+/-0.24 dlogz:144330.694>0.01]10389it [10:13:52,  8.65s/it, bound:2114 nc:1695 ncall:8.4e+06 eff:0.1% logz-ratio=23690817.95+/-0.24 dlogz:144005.951>0.01]10393it [10:14:27,  8.67s/it, bound:2115 nc:2139 ncall:8.5e+06 eff:0.1% logz-ratio=23690929.23+/-0.24 dlogz:143852.995>0.01]10397it [10:15:00,  8.56s/it, bound:2116 nc:1990 ncall:8.5e+06 eff:0.1% logz-ratio=23691460.85+/-0.24 dlogz:143557.460>0.01]10401it [10:15:39,  8.95s/it, bound:2117 nc:1864 ncall:8.5e+06 eff:0.1% logz-ratio=23692098.89+/-0.24 dlogz:142809.301>0.01]10405it [10:16:11,  8.68s/it, bound:2118 nc:1596 ncall:8.5e+06 eff:0.1% logz-ratio=23692581.99+/-0.24 dlogz:142250.283>0.01]10409it [10:16:55,  9.37s/it, bound:2119 nc:1839 ncall:8.5e+06 eff:0.1% logz-ratio=23693194.52+/-0.24 dlogz:141710.217>0.01]10413it [10:17:35,  9.54s/it, bound:2120 nc:1027 ncall:8.5e+06 eff:0.1% logz-ratio=23693604.86+/-0.24 dlogz:141307.808>0.01]10417it [10:18:10,  9.32s/it, bound:2121 nc:1554 ncall:8.5e+06 eff:0.1% logz-ratio=23693882.31+/-0.24 dlogz:140985.981>0.01]10421it [10:18:56,  9.96s/it, bound:2122 nc:1571 ncall:8.5e+06 eff:0.1% logz-ratio=23694162.68+/-0.23 dlogz:140601.619>0.01]10425it [10:19:34,  9.84s/it, bound:2123 nc:1952 ncall:8.5e+06 eff:0.1% logz-ratio=23694297.97+/-0.24 dlogz:140501.596>0.01]10429it [10:20:16, 10.02s/it, bound:2124 nc:1835 ncall:8.5e+06 eff:0.1% logz-ratio=23694547.79+/-0.23 dlogz:140218.419>0.01]10433it [10:20:48,  9.37s/it, bound:2125 nc:1234 ncall:8.5e+06 eff:0.1% logz-ratio=23694676.21+/-0.24 dlogz:140102.421>0.01]10437it [10:21:28,  9.57s/it, bound:2126 nc:1854 ncall:8.5e+06 eff:0.1% logz-ratio=23695117.33+/-0.24 dlogz:139704.039>0.01]10441it [10:22:03,  9.34s/it, bound:2127 nc:1695 ncall:8.5e+06 eff:0.1% logz-ratio=23695259.32+/-0.24 dlogz:139537.801>0.01]10445it [10:22:39,  9.24s/it, bound:2128 nc:1387 ncall:8.5e+06 eff:0.1% logz-ratio=23695631.26+/-0.24 dlogz:139242.182>0.01]10449it [10:23:11,  8.84s/it, bound:2129 nc:1639 ncall:8.5e+06 eff:0.1% logz-ratio=23696035.61+/-0.24 dlogz:138928.050>0.01]10453it [10:23:38,  8.28s/it, bound:2130 nc:1480 ncall:8.5e+06 eff:0.1% logz-ratio=23696404.75+/-0.24 dlogz:138502.496>0.01]10457it [10:24:13,  8.35s/it, bound:2131 nc:1459 ncall:8.6e+06 eff:0.1% logz-ratio=23696698.56+/-0.24 dlogz:138202.142>0.01]10461it [10:24:47,  8.41s/it, bound:2132 nc:1602 ncall:8.6e+06 eff:0.1% logz-ratio=23697250.52+/-0.24 dlogz:137674.604>0.01]10465it [10:25:20,  8.40s/it, bound:2133 nc:1824 ncall:8.6e+06 eff:0.1% logz-ratio=23697733.59+/-0.24 dlogz:137154.377>0.01]10469it [10:25:54,  8.39s/it, bound:2134 nc:1078 ncall:8.6e+06 eff:0.1% logz-ratio=23697841.51+/-0.24 dlogz:136935.591>0.01]10473it [10:26:39,  9.29s/it, bound:2135 nc:1842 ncall:8.6e+06 eff:0.1% logz-ratio=23698096.54+/-0.24 dlogz:136693.670>0.01]10477it [10:27:18,  9.38s/it, bound:2136 nc:1365 ncall:8.6e+06 eff:0.1% logz-ratio=23698614.12+/-0.24 dlogz:136227.495>0.01]10481it [10:27:53,  9.21s/it, bound:2137 nc:1067 ncall:8.6e+06 eff:0.1% logz-ratio=23698808.21+/-0.24 dlogz:136011.451>0.01]10485it [10:28:25,  8.87s/it, bound:2138 nc:1910 ncall:8.6e+06 eff:0.1% logz-ratio=23699260.53+/-0.24 dlogz:135532.168>0.01]10488it [10:28:32,  7.29s/it, bound:2139 nc:1391 ncall:8.6e+06 eff:0.1% logz-ratio=23699428.52+/-0.19 dlogz:135333.840>0.01]10489it [10:29:07, 10.08s/it, bound:2139 nc:1285 ncall:8.6e+06 eff:0.1% logz-ratio=23699429.27+/-0.21 dlogz:135332.700>0.01]10493it [10:29:40,  9.46s/it, bound:2140 nc:1865 ncall:8.6e+06 eff:0.1% logz-ratio=23699677.76+/-0.24 dlogz:135189.721>0.01]10497it [10:30:07,  8.47s/it, bound:2141 nc:1237 ncall:8.6e+06 eff:0.1% logz-ratio=23700046.38+/-0.24 dlogz:134835.859>0.01]10501it [10:30:41,  8.48s/it, bound:2142 nc:1323 ncall:8.6e+06 eff:0.1% logz-ratio=23700332.17+/-0.24 dlogz:136517.445>0.01]10505it [10:31:16,  8.63s/it, bound:2143 nc:1614 ncall:8.6e+06 eff:0.1% logz-ratio=23700710.24+/-0.24 dlogz:136181.856>0.01]10509it [10:31:50,  8.55s/it, bound:2144 nc:1536 ncall:8.6e+06 eff:0.1% logz-ratio=23700828.50+/-0.24 dlogz:135957.758>0.01]10513it [10:32:20,  8.27s/it, bound:2145 nc:1682 ncall:8.6e+06 eff:0.1% logz-ratio=23701125.06+/-0.24 dlogz:135708.281>0.01]10517it [10:32:52,  8.13s/it, bound:2146 nc:1558 ncall:8.6e+06 eff:0.1% logz-ratio=23701269.37+/-0.24 dlogz:135528.108>0.01]10521it [10:33:21,  7.92s/it, bound:2147 nc:777 ncall:8.7e+06 eff:0.1% logz-ratio=23701420.09+/-0.24 dlogz:135435.361>0.01] 10525it [10:33:57,  8.23s/it, bound:2148 nc:1243 ncall:8.7e+06 eff:0.1% logz-ratio=23701530.98+/-0.24 dlogz:135279.423>0.01]10529it [10:34:35,  8.57s/it, bound:2149 nc:1571 ncall:8.7e+06 eff:0.1% logz-ratio=23702173.70+/-0.24 dlogz:134744.606>0.01]10533it [10:35:12,  8.77s/it, bound:2150 nc:1695 ncall:8.7e+06 eff:0.1% logz-ratio=23702281.39+/-0.24 dlogz:134506.068>0.01]10537it [10:35:47,  8.83s/it, bound:2151 nc:1227 ncall:8.7e+06 eff:0.1% logz-ratio=23702518.28+/-0.24 dlogz:134368.095>0.01]10541it [10:36:24,  8.93s/it, bound:2152 nc:1640 ncall:8.7e+06 eff:0.1% logz-ratio=23702752.80+/-0.24 dlogz:134052.930>0.01]10545it [10:37:05,  9.33s/it, bound:2153 nc:2032 ncall:8.7e+06 eff:0.1% logz-ratio=23702976.86+/-0.24 dlogz:133814.536>0.01]10549it [10:37:38,  8.97s/it, bound:2154 nc:1633 ncall:8.7e+06 eff:0.1% logz-ratio=23703205.95+/-0.24 dlogz:133620.307>0.01]10553it [10:38:10,  8.73s/it, bound:2155 nc:1502 ncall:8.7e+06 eff:0.1% logz-ratio=23703380.10+/-0.24 dlogz:133504.784>0.01]10557it [10:38:50,  9.05s/it, bound:2156 nc:1290 ncall:8.7e+06 eff:0.1% logz-ratio=23703668.99+/-0.24 dlogz:133276.446>0.01]10560it [10:38:59,  7.62s/it, bound:2157 nc:1626 ncall:8.7e+06 eff:0.1% logz-ratio=23703933.33+/-0.24 dlogz:132878.796>0.01]10561it [10:39:40, 11.12s/it, bound:2157 nc:1899 ncall:8.7e+06 eff:0.1% logz-ratio=23703984.96+/-0.24 dlogz:132846.134>0.01]10565it [10:40:21, 10.80s/it, bound:2158 nc:1495 ncall:8.7e+06 eff:0.1% logz-ratio=23704282.16+/-0.24 dlogz:132529.325>0.01]10569it [10:41:00, 10.37s/it, bound:2159 nc:1865 ncall:8.7e+06 eff:0.1% logz-ratio=23704516.64+/-0.24 dlogz:132276.093>0.01]10573it [10:41:37, 10.03s/it, bound:2160 nc:1809 ncall:8.7e+06 eff:0.1% logz-ratio=23704741.02+/-0.24 dlogz:132089.072>0.01]10577it [10:42:18, 10.07s/it, bound:2161 nc:1139 ncall:8.7e+06 eff:0.1% logz-ratio=23705065.89+/-0.24 dlogz:131729.368>0.01]10581it [10:42:46,  9.15s/it, bound:2162 nc:1755 ncall:8.8e+06 eff:0.1% logz-ratio=23705229.23+/-0.24 dlogz:131583.000>0.01]10585it [10:43:17,  8.71s/it, bound:2163 nc:2065 ncall:8.8e+06 eff:0.1% logz-ratio=23705793.13+/-0.24 dlogz:131025.341>0.01]10589it [10:43:50,  8.58s/it, bound:2164 nc:2089 ncall:8.8e+06 eff:0.1% logz-ratio=23705977.94+/-0.24 dlogz:130809.178>0.01]10593it [10:44:17,  8.01s/it, bound:2165 nc:1526 ncall:8.8e+06 eff:0.1% logz-ratio=23706364.04+/-0.24 dlogz:130710.150>0.01]10597it [10:44:48,  7.88s/it, bound:2166 nc:1526 ncall:8.8e+06 eff:0.1% logz-ratio=23706896.91+/-0.24 dlogz:130072.122>0.01]10601it [10:45:15,  7.56s/it, bound:2167 nc:1099 ncall:8.8e+06 eff:0.1% logz-ratio=23707227.60+/-0.24 dlogz:129568.206>0.01]10605it [10:45:40,  7.18s/it, bound:2168 nc:1599 ncall:8.8e+06 eff:0.1% logz-ratio=23707461.73+/-0.24 dlogz:129375.773>0.01]10609it [10:46:08,  7.15s/it, bound:2169 nc:1383 ncall:8.8e+06 eff:0.1% logz-ratio=23707663.77+/-0.24 dlogz:129125.573>0.01]10613it [10:46:43,  7.60s/it, bound:2170 nc:1709 ncall:8.8e+06 eff:0.1% logz-ratio=23707909.13+/-0.24 dlogz:128882.775>0.01]10617it [10:47:14,  7.67s/it, bound:2171 nc:1942 ncall:8.8e+06 eff:0.1% logz-ratio=23708657.04+/-0.24 dlogz:128253.046>0.01]10621it [10:47:38,  7.16s/it, bound:2172 nc:1153 ncall:8.8e+06 eff:0.1% logz-ratio=23708858.02+/-0.24 dlogz:127953.558>0.01]10625it [10:48:03,  6.87s/it, bound:2173 nc:1377 ncall:8.8e+06 eff:0.1% logz-ratio=23709270.77+/-0.24 dlogz:127617.546>0.01]10629it [10:48:32,  6.99s/it, bound:2174 nc:1760 ncall:8.8e+06 eff:0.1% logz-ratio=23709947.49+/-0.24 dlogz:126915.366>0.01]10633it [10:49:02,  7.15s/it, bound:2175 nc:2042 ncall:8.8e+06 eff:0.1% logz-ratio=23710183.08+/-0.24 dlogz:126653.297>0.01]10634it [10:49:06,  6.80s/it, bound:2175 nc:1454 ncall:8.8e+06 eff:0.1% logz-ratio=23710234.27+/-0.24 dlogz:126596.236>0.01]10637it [10:49:32,  7.41s/it, bound:2176 nc:1694 ncall:8.8e+06 eff:0.1% logz-ratio=23710498.86+/-0.24 dlogz:126304.197>0.01]10641it [10:50:00,  7.25s/it, bound:2177 nc:1568 ncall:8.8e+06 eff:0.1% logz-ratio=23710780.48+/-0.24 dlogz:126080.268>0.01]10645it [10:50:28,  7.16s/it, bound:2178 nc:1756 ncall:8.9e+06 eff:0.1% logz-ratio=23711307.95+/-0.24 dlogz:125493.658>0.01]10649it [10:50:56,  7.11s/it, bound:2179 nc:1633 ncall:8.9e+06 eff:0.1% logz-ratio=23711547.25+/-0.24 dlogz:125267.296>0.01]10653it [10:51:24,  7.07s/it, bound:2180 nc:1558 ncall:8.9e+06 eff:0.1% logz-ratio=23711933.17+/-0.24 dlogz:124903.216>0.01]10657it [10:51:53,  7.09s/it, bound:2181 nc:1458 ncall:8.9e+06 eff:0.1% logz-ratio=23712426.05+/-0.24 dlogz:124533.479>0.01]10661it [10:52:20,  7.00s/it, bound:2182 nc:1433 ncall:8.9e+06 eff:0.1% logz-ratio=23712538.74+/-0.22 dlogz:124242.464>0.01]10665it [10:52:41,  6.52s/it, bound:2183 nc:1455 ncall:8.9e+06 eff:0.1% logz-ratio=23712744.45+/-0.24 dlogz:124143.015>0.01]10669it [10:53:07,  6.45s/it, bound:2184 nc:1679 ncall:8.9e+06 eff:0.1% logz-ratio=23712911.91+/-0.24 dlogz:123955.621>0.01]10673it [10:53:41,  7.13s/it, bound:2185 nc:2046 ncall:8.9e+06 eff:0.1% logz-ratio=23713599.87+/-0.24 dlogz:123305.786>0.01]10677it [10:54:13,  7.33s/it, bound:2186 nc:1854 ncall:8.9e+06 eff:0.1% logz-ratio=23713842.31+/-0.24 dlogz:122960.836>0.01]10681it [10:54:52,  8.11s/it, bound:2187 nc:2235 ncall:8.9e+06 eff:0.1% logz-ratio=23713998.34+/-0.24 dlogz:122786.086>0.01]10685it [10:55:39,  9.15s/it, bound:2188 nc:2236 ncall:8.9e+06 eff:0.1% logz-ratio=23714278.24+/-0.24 dlogz:122509.915>0.01]10689it [10:56:11,  8.84s/it, bound:2189 nc:1727 ncall:8.9e+06 eff:0.1% logz-ratio=23714502.52+/-0.24 dlogz:122279.265>0.01]10693it [10:56:46,  8.80s/it, bound:2190 nc:1252 ncall:8.9e+06 eff:0.1% logz-ratio=23714780.28+/-0.24 dlogz:122044.836>0.01]10697it [10:57:23,  8.99s/it, bound:2191 nc:2269 ncall:8.9e+06 eff:0.1% logz-ratio=23714929.77+/-0.24 dlogz:121886.226>0.01]10701it [10:58:12,  9.91s/it, bound:2192 nc:1822 ncall:8.9e+06 eff:0.1% logz-ratio=23715178.57+/-0.24 dlogz:121814.232>0.01]10705it [10:58:44,  9.34s/it, bound:2193 nc:1955 ncall:9.0e+06 eff:0.1% logz-ratio=23715928.03+/-0.24 dlogz:121121.067>0.01]10709it [10:59:25,  9.61s/it, bound:2194 nc:1851 ncall:9.0e+06 eff:0.1% logz-ratio=23716441.64+/-0.24 dlogz:120588.919>0.01]10712it [10:59:32,  7.85s/it, bound:2195 nc:1782 ncall:9.0e+06 eff:0.1% logz-ratio=23716642.67+/-0.24 dlogz:120204.508>0.01]10713it [11:00:02, 10.16s/it, bound:2195 nc:1341 ncall:9.0e+06 eff:0.1% logz-ratio=23716680.40+/-0.24 dlogz:120136.488>0.01]10717it [11:00:42, 10.11s/it, bound:2196 nc:2136 ncall:9.0e+06 eff:0.1% logz-ratio=23716860.46+/-0.24 dlogz:120038.296>0.01]10721it [11:01:17,  9.68s/it, bound:2197 nc:1319 ncall:9.0e+06 eff:0.1% logz-ratio=23716953.24+/-0.22 dlogz:119827.839>0.01]10725it [11:02:00,  9.98s/it, bound:2198 nc:1541 ncall:9.0e+06 eff:0.1% logz-ratio=23717201.42+/-0.24 dlogz:119597.115>0.01]10729it [11:02:33,  9.44s/it, bound:2199 nc:1792 ncall:9.0e+06 eff:0.1% logz-ratio=23717603.96+/-0.24 dlogz:119195.728>0.01]10732it [11:03:14, 10.56s/it, bound:2200 nc:3562 ncall:9.0e+06 eff:0.1% logz-ratio=23718093.07+/-0.24 dlogz:118788.427>0.01]10736it [11:03:50, 10.00s/it, bound:2201 nc:1665 ncall:9.0e+06 eff:0.1% logz-ratio=23718189.71+/-0.24 dlogz:118617.360>0.01]10740it [11:04:22,  9.34s/it, bound:2202 nc:1795 ncall:9.0e+06 eff:0.1% logz-ratio=23718332.15+/-0.24 dlogz:118505.467>0.01]10744it [11:04:51,  8.70s/it, bound:2203 nc:1778 ncall:9.0e+06 eff:0.1% logz-ratio=23718538.78+/-0.24 dlogz:118286.226>0.01]10748it [11:05:21,  8.35s/it, bound:2204 nc:2006 ncall:9.0e+06 eff:0.1% logz-ratio=23718881.65+/-0.24 dlogz:117903.899>0.01]10752it [11:05:51,  8.09s/it, bound:2205 nc:1574 ncall:9.0e+06 eff:0.1% logz-ratio=23719262.44+/-0.24 dlogz:117655.731>0.01]10756it [11:06:21,  7.90s/it, bound:2206 nc:2037 ncall:9.0e+06 eff:0.1% logz-ratio=23719476.91+/-0.24 dlogz:117403.471>0.01]10760it [11:06:48,  7.57s/it, bound:2207 nc:1661 ncall:9.0e+06 eff:0.1% logz-ratio=23719687.42+/-0.24 dlogz:117101.033>0.01]10764it [11:07:15,  7.32s/it, bound:2208 nc:1784 ncall:9.1e+06 eff:0.1% logz-ratio=23719804.13+/-0.24 dlogz:117035.923>0.01]10768it [11:07:50,  7.74s/it, bound:2209 nc:1756 ncall:9.1e+06 eff:0.1% logz-ratio=23720065.49+/-0.24 dlogz:116767.796>0.01]10772it [11:08:23,  7.93s/it, bound:2210 nc:1812 ncall:9.1e+06 eff:0.1% logz-ratio=23720361.63+/-0.24 dlogz:116431.054>0.01]10776it [11:08:51,  7.62s/it, bound:2211 nc:1828 ncall:9.1e+06 eff:0.1% logz-ratio=23720684.22+/-0.24 dlogz:116122.786>0.01]10780it [11:09:18,  7.38s/it, bound:2212 nc:1712 ncall:9.1e+06 eff:0.1% logz-ratio=23720931.56+/-0.24 dlogz:115948.329>0.01]10784it [11:09:51,  7.58s/it, bound:2213 nc:2069 ncall:9.1e+06 eff:0.1% logz-ratio=23721263.03+/-0.24 dlogz:115753.615>0.01]10785it [11:09:59,  7.70s/it, bound:2213 nc:1647 ncall:9.1e+06 eff:0.1% logz-ratio=23721354.50+/-0.24 dlogz:115515.989>0.01]10788it [11:10:28,  8.24s/it, bound:2214 nc:1574 ncall:9.1e+06 eff:0.1% logz-ratio=23721449.85+/-0.24 dlogz:115358.974>0.01]10792it [11:11:00,  8.14s/it, bound:2215 nc:1413 ncall:9.1e+06 eff:0.1% logz-ratio=23721796.68+/-0.24 dlogz:115019.753>0.01]10796it [11:11:29,  7.88s/it, bound:2216 nc:1742 ncall:9.1e+06 eff:0.1% logz-ratio=23722318.11+/-0.24 dlogz:114869.930>0.01]10800it [11:11:54,  7.33s/it, bound:2217 nc:1579 ncall:9.1e+06 eff:0.1% logz-ratio=23722563.05+/-0.24 dlogz:114222.374>0.01]10804it [11:12:22,  7.22s/it, bound:2218 nc:1353 ncall:9.1e+06 eff:0.1% logz-ratio=23722768.02+/-0.24 dlogz:114097.620>0.01]10808it [11:12:48,  6.96s/it, bound:2219 nc:1449 ncall:9.1e+06 eff:0.1% logz-ratio=23723171.38+/-0.24 dlogz:113771.651>0.01]10812it [11:13:13,  6.75s/it, bound:2220 nc:1649 ncall:9.1e+06 eff:0.1% logz-ratio=23723425.38+/-0.24 dlogz:113375.372>0.01]10816it [11:13:42,  6.89s/it, bound:2221 nc:1336 ncall:9.1e+06 eff:0.1% logz-ratio=23723847.79+/-0.24 dlogz:112990.070>0.01]10820it [11:14:12,  7.10s/it, bound:2222 nc:1657 ncall:9.1e+06 eff:0.1% logz-ratio=23724071.21+/-0.24 dlogz:112789.181>0.01]10824it [11:14:40,  7.05s/it, bound:2223 nc:1391 ncall:9.2e+06 eff:0.1% logz-ratio=23724412.06+/-0.24 dlogz:112592.893>0.01]10828it [11:15:08,  7.04s/it, bound:2224 nc:719 ncall:9.2e+06 eff:0.1% logz-ratio=23724560.98+/-0.24 dlogz:112282.491>0.01] 10832it [11:15:52,  8.23s/it, bound:2225 nc:2009 ncall:9.2e+06 eff:0.1% logz-ratio=23724785.66+/-0.24 dlogz:112004.268>0.01]10836it [11:16:26,  8.36s/it, bound:2226 nc:1503 ncall:9.2e+06 eff:0.1% logz-ratio=23725032.06+/-0.24 dlogz:111802.231>0.01]10840it [11:17:00,  8.40s/it, bound:2227 nc:1776 ncall:9.2e+06 eff:0.1% logz-ratio=23725178.75+/-0.24 dlogz:111717.071>0.01]10844it [11:17:28,  7.96s/it, bound:2228 nc:1244 ncall:9.2e+06 eff:0.1% logz-ratio=23725537.65+/-0.24 dlogz:111391.007>0.01]10848it [11:17:58,  7.82s/it, bound:2229 nc:1978 ncall:9.2e+06 eff:0.1% logz-ratio=23725794.69+/-0.24 dlogz:111012.797>0.01]10852it [11:18:31,  7.96s/it, bound:2230 nc:1696 ncall:9.2e+06 eff:0.1% logz-ratio=23726051.03+/-0.24 dlogz:110758.131>0.01]10856it [11:18:58,  7.61s/it, bound:2231 nc:1845 ncall:9.2e+06 eff:0.1% logz-ratio=23726309.42+/-0.24 dlogz:110471.804>0.01]10860it [11:19:32,  7.85s/it, bound:2232 nc:2071 ncall:9.2e+06 eff:0.1% logz-ratio=23726474.41+/-0.24 dlogz:110351.757>0.01]10863it [11:19:32,  5.95s/it, bound:2233 nc:  1 ncall:9.2e+06 eff:0.1% logz-ratio=23748915.59+/-0.24 dlogz:87862.568>0.01]  10864it [11:20:02,  8.42s/it, bound:2233 nc:1721 ncall:9.2e+06 eff:0.1% logz-ratio=23726783.43+/-0.24 dlogz:110015.242>0.01]10867it [11:20:10,  6.61s/it, bound:2234 nc:1509 ncall:9.2e+06 eff:0.1% logz-ratio=23727046.32+/-0.24 dlogz:109904.408>0.01]10868it [11:20:42,  9.91s/it, bound:2234 nc:1445 ncall:9.2e+06 eff:0.1% logz-ratio=23727127.55+/-0.24 dlogz:109732.532>0.01]10872it [11:21:20,  9.76s/it, bound:2235 nc:2086 ncall:9.2e+06 eff:0.1% logz-ratio=23727383.90+/-0.24 dlogz:109457.082>0.01]10876it [11:21:53,  9.18s/it, bound:2236 nc:1920 ncall:9.2e+06 eff:0.1% logz-ratio=23727649.80+/-0.24 dlogz:109138.739>0.01]10880it [11:22:28,  9.03s/it, bound:2237 nc:1226 ncall:9.2e+06 eff:0.1% logz-ratio=23727983.69+/-0.24 dlogz:108883.042>0.01]10884it [11:23:00,  8.66s/it, bound:2238 nc:1377 ncall:9.2e+06 eff:0.1% logz-ratio=23728417.80+/-0.24 dlogz:108369.166>0.01]10888it [11:23:27,  8.04s/it, bound:2239 nc:1620 ncall:9.3e+06 eff:0.1% logz-ratio=23728651.74+/-0.24 dlogz:108223.515>0.01]10892it [11:23:58,  7.96s/it, bound:2240 nc:1845 ncall:9.3e+06 eff:0.1% logz-ratio=23728967.84+/-0.24 dlogz:107857.777>0.01]10896it [11:24:27,  7.76s/it, bound:2241 nc:1332 ncall:9.3e+06 eff:0.1% logz-ratio=23729300.74+/-0.24 dlogz:107595.704>0.01]10900it [11:25:01,  8.01s/it, bound:2242 nc:1872 ncall:9.3e+06 eff:0.1% logz-ratio=23729694.52+/-0.24 dlogz:107143.094>0.01]10904it [11:25:34,  8.07s/it, bound:2243 nc:1515 ncall:9.3e+06 eff:0.1% logz-ratio=23729793.97+/-0.24 dlogz:106998.513>0.01]10908it [11:26:12,  8.49s/it, bound:2244 nc:1344 ncall:9.3e+06 eff:0.1% logz-ratio=23730019.29+/-0.24 dlogz:106774.255>0.01]10912it [11:26:46,  8.53s/it, bound:2245 nc:1455 ncall:9.3e+06 eff:0.1% logz-ratio=23730464.77+/-0.24 dlogz:106551.838>0.01]10916it [11:27:20,  8.47s/it, bound:2246 nc:1668 ncall:9.3e+06 eff:0.1% logz-ratio=23730633.40+/-0.24 dlogz:106185.359>0.01]10920it [11:27:57,  8.70s/it, bound:2247 nc:1521 ncall:9.3e+06 eff:0.1% logz-ratio=23730726.87+/-0.24 dlogz:106087.516>0.01]10924it [11:28:30,  8.61s/it, bound:2248 nc:2192 ncall:9.3e+06 eff:0.1% logz-ratio=23731010.31+/-0.24 dlogz:105824.277>0.01]10928it [11:28:59,  8.20s/it, bound:2249 nc:1654 ncall:9.3e+06 eff:0.1% logz-ratio=23731235.20+/-0.24 dlogz:105627.770>0.01]10932it [11:29:32,  8.20s/it, bound:2250 nc:1596 ncall:9.3e+06 eff:0.1% logz-ratio=23731443.97+/-0.24 dlogz:105377.888>0.01]10936it [11:30:06,  8.30s/it, bound:2251 nc:1938 ncall:9.3e+06 eff:0.1% logz-ratio=23731610.45+/-0.24 dlogz:105200.805>0.01]10939it [11:30:14,  6.88s/it, bound:2252 nc:1313 ncall:9.3e+06 eff:0.1% logz-ratio=23731965.39+/-0.24 dlogz:104874.580>0.01]10940it [11:30:46,  9.52s/it, bound:2252 nc:1894 ncall:9.3e+06 eff:0.1% logz-ratio=23732015.63+/-0.24 dlogz:104813.312>0.01]10944it [11:31:20,  9.14s/it, bound:2253 nc:1599 ncall:9.3e+06 eff:0.1% logz-ratio=23732450.35+/-0.24 dlogz:104410.090>0.01]10948it [11:31:48,  8.39s/it, bound:2254 nc:1489 ncall:9.4e+06 eff:0.1% logz-ratio=23732999.45+/-0.24 dlogz:103884.873>0.01]10952it [11:32:19,  8.17s/it, bound:2255 nc:1205 ncall:9.4e+06 eff:0.1% logz-ratio=23733185.55+/-0.24 dlogz:103644.849>0.01]10956it [11:32:50,  8.05s/it, bound:2256 nc:1645 ncall:9.4e+06 eff:0.1% logz-ratio=23733390.38+/-0.24 dlogz:103431.952>0.01]10960it [11:33:23,  8.12s/it, bound:2257 nc:2100 ncall:9.4e+06 eff:0.1% logz-ratio=23733489.82+/-0.24 dlogz:103316.330>0.01]10964it [11:33:58,  8.29s/it, bound:2258 nc:1890 ncall:9.4e+06 eff:0.1% logz-ratio=23733629.67+/-0.24 dlogz:103226.980>0.01]10967it [11:33:58,  6.23s/it, bound:2259 nc:  1 ncall:9.4e+06 eff:0.1% logz-ratio=23764516.46+/-0.24 dlogz:72261.078>0.01]  10967it [11:34:11,  6.23s/it, bound:2259 nc:  1 ncall:9.4e+06 eff:0.1% logz-ratio=23836771.74+/-0.24 dlogz:1.099>0.01]    10968it [11:34:34,  9.42s/it, bound:2259 nc:1750 ncall:9.4e+06 eff:0.1% logz-ratio=23733804.60+/-0.24 dlogz:103003.752>0.01]10972it [11:35:08,  9.07s/it, bound:2260 nc:1634 ncall:9.4e+06 eff:0.1% logz-ratio=23734067.73+/-0.24 dlogz:102730.647>0.01]10976it [11:35:46,  9.18s/it, bound:2261 nc:1719 ncall:9.4e+06 eff:0.1% logz-ratio=23734673.76+/-0.24 dlogz:102322.801>0.01]10980it [11:36:22,  9.12s/it, bound:2262 nc:1971 ncall:9.4e+06 eff:0.1% logz-ratio=23734885.18+/-0.24 dlogz:101996.085>0.01]10984it [11:37:00,  9.27s/it, bound:2263 nc:1510 ncall:9.4e+06 eff:0.1% logz-ratio=23735037.79+/-0.24 dlogz:101770.895>0.01]10988it [11:37:34,  9.05s/it, bound:2264 nc:1974 ncall:9.4e+06 eff:0.1% logz-ratio=23735182.69+/-0.24 dlogz:101655.424>0.01]10992it [11:38:08,  8.87s/it, bound:2265 nc:1102 ncall:9.4e+06 eff:0.1% logz-ratio=23735206.83+/-0.24 dlogz:101575.218>0.01]10996it [11:38:43,  8.83s/it, bound:2266 nc:1827 ncall:9.4e+06 eff:0.1% logz-ratio=23735458.42+/-0.24 dlogz:101346.740>0.01]11000it [11:39:18,  8.77s/it, bound:2267 nc:1583 ncall:9.4e+06 eff:0.1% logz-ratio=23735562.15+/-0.24 dlogz:101273.142>0.01]11004it [11:39:54,  8.85s/it, bound:2268 nc:1566 ncall:9.5e+06 eff:0.1% logz-ratio=23735983.73+/-0.24 dlogz:101125.407>0.01]11008it [11:40:33,  9.17s/it, bound:2269 nc:1385 ncall:9.5e+06 eff:0.1% logz-ratio=23736272.83+/-0.24 dlogz:100527.298>0.01]11010it [11:40:41,  8.25s/it, bound:2269 nc:1629 ncall:9.5e+06 eff:0.1% logz-ratio=23736355.41+/-0.24 dlogz:100459.606>0.01]11012it [11:41:15, 10.01s/it, bound:2270 nc:1366 ncall:9.5e+06 eff:0.1% logz-ratio=23736388.19+/-0.24 dlogz:100418.381>0.01]11016it [11:41:54,  9.90s/it, bound:2271 nc:1956 ncall:9.5e+06 eff:0.1% logz-ratio=23736587.50+/-0.24 dlogz:100228.894>0.01]11020it [11:42:36, 10.13s/it, bound:2272 nc:1616 ncall:9.5e+06 eff:0.1% logz-ratio=23736888.63+/-0.24 dlogz:100037.946>0.01]11024it [11:43:08,  9.38s/it, bound:2273 nc:1531 ncall:9.5e+06 eff:0.1% logz-ratio=23737553.95+/-0.24 dlogz:99317.493>0.01] 11028it [11:43:43,  9.23s/it, bound:2274 nc:1706 ncall:9.5e+06 eff:0.1% logz-ratio=23737868.53+/-0.24 dlogz:98927.236>0.01]11032it [11:44:15,  8.81s/it, bound:2275 nc:1741 ncall:9.5e+06 eff:0.1% logz-ratio=23738068.49+/-0.24 dlogz:98791.098>0.01]11036it [11:44:49,  8.75s/it, bound:2276 nc:1770 ncall:9.5e+06 eff:0.1% logz-ratio=23738234.35+/-0.24 dlogz:98573.033>0.01]11040it [11:45:29,  9.13s/it, bound:2277 nc:2050 ncall:9.5e+06 eff:0.1% logz-ratio=23738324.40+/-0.24 dlogz:98488.360>0.01]11044it [11:46:04,  9.02s/it, bound:2278 nc:1694 ncall:9.5e+06 eff:0.1% logz-ratio=23738662.32+/-0.24 dlogz:98309.882>0.01]11048it [11:46:37,  8.76s/it, bound:2279 nc:1264 ncall:9.5e+06 eff:0.1% logz-ratio=23738958.81+/-0.24 dlogz:97915.873>0.01]11052it [11:47:07,  8.38s/it, bound:2280 nc:1370 ncall:9.5e+06 eff:0.1% logz-ratio=23739226.37+/-0.24 dlogz:97610.743>0.01]11056it [11:47:49,  8.99s/it, bound:2281 nc:2172 ncall:9.5e+06 eff:0.1% logz-ratio=23739492.51+/-0.24 dlogz:97333.972>0.01]11060it [11:48:33,  9.60s/it, bound:2282 nc:2309 ncall:9.5e+06 eff:0.1% logz-ratio=23739765.90+/-0.24 dlogz:97055.296>0.01]11064it [11:49:11,  9.57s/it, bound:2283 nc:1766 ncall:9.6e+06 eff:0.1% logz-ratio=23739935.01+/-0.24 dlogz:96930.659>0.01]11068it [11:49:48,  9.52s/it, bound:2284 nc:1345 ncall:9.6e+06 eff:0.1% logz-ratio=23740094.86+/-0.24 dlogz:96687.680>0.01]11072it [11:50:21,  9.12s/it, bound:2285 nc:1248 ncall:9.6e+06 eff:0.1% logz-ratio=23740292.24+/-0.24 dlogz:96569.009>0.01]11076it [11:50:56,  8.97s/it, bound:2286 nc:1846 ncall:9.6e+06 eff:0.1% logz-ratio=23740459.75+/-0.24 dlogz:96357.616>0.01]11079it [11:51:03,  7.37s/it, bound:2287 nc:1715 ncall:9.6e+06 eff:0.1% logz-ratio=23740627.61+/-0.24 dlogz:96158.709>0.01]11080it [11:51:36, 10.06s/it, bound:2287 nc:1498 ncall:9.6e+06 eff:0.1% logz-ratio=23740788.20+/-0.24 dlogz:96150.817>0.01]11084it [11:52:08,  9.33s/it, bound:2288 nc:1901 ncall:9.6e+06 eff:0.1% logz-ratio=23741085.97+/-0.24 dlogz:95698.374>0.01]11088it [11:52:42,  8.97s/it, bound:2289 nc:2009 ncall:9.6e+06 eff:0.1% logz-ratio=23741154.53+/-0.24 dlogz:95635.129>0.01]11092it [11:53:14,  8.72s/it, bound:2290 nc:1396 ncall:9.6e+06 eff:0.1% logz-ratio=23741300.91+/-0.24 dlogz:95486.653>0.01]11096it [11:53:44,  8.32s/it, bound:2291 nc:1857 ncall:9.6e+06 eff:0.1% logz-ratio=23741783.28+/-0.24 dlogz:95090.605>0.01]11099it [11:53:45,  6.20s/it, bound:2292 nc:  1 ncall:9.6e+06 eff:0.1% logz-ratio=23776861.47+/-0.24 dlogz:59915.563>0.01] 11099it [11:54:01,  6.20s/it, bound:2292 nc:  1 ncall:9.6e+06 eff:0.1% logz-ratio=23836771.48+/-0.24 dlogz:1.099>0.01]    11100it [11:54:19,  9.31s/it, bound:2292 nc:1583 ncall:9.6e+06 eff:0.1% logz-ratio=23742213.53+/-0.24 dlogz:94677.963>0.01]11104it [11:54:47,  8.37s/it, bound:2293 nc:1613 ncall:9.6e+06 eff:0.1% logz-ratio=23742416.46+/-0.24 dlogz:94390.878>0.01]11108it [11:55:16,  8.01s/it, bound:2294 nc:1620 ncall:9.6e+06 eff:0.1% logz-ratio=23742646.02+/-0.24 dlogz:94133.776>0.01]11112it [11:55:49,  8.04s/it, bound:2295 nc:2123 ncall:9.6e+06 eff:0.1% logz-ratio=23742833.81+/-0.24 dlogz:93953.869>0.01]11116it [11:56:21,  8.03s/it, bound:2296 nc:1919 ncall:9.6e+06 eff:0.1% logz-ratio=23743011.42+/-0.24 dlogz:93846.657>0.01]11120it [11:56:49,  7.71s/it, bound:2297 nc:1904 ncall:9.6e+06 eff:0.1% logz-ratio=23743181.29+/-0.24 dlogz:93644.408>0.01]11124it [11:57:19,  7.71s/it, bound:2298 nc:2042 ncall:9.6e+06 eff:0.1% logz-ratio=23743657.50+/-0.24 dlogz:93137.095>0.01]11128it [11:57:47,  7.42s/it, bound:2299 nc:1547 ncall:9.7e+06 eff:0.1% logz-ratio=23743894.13+/-0.24 dlogz:92935.824>0.01]11132it [11:58:14,  7.26s/it, bound:2300 nc:1574 ncall:9.7e+06 eff:0.1% logz-ratio=23744216.49+/-0.24 dlogz:92621.534>0.01]11136it [11:58:45,  7.41s/it, bound:2301 nc:2105 ncall:9.7e+06 eff:0.1% logz-ratio=23744367.86+/-0.24 dlogz:92471.300>0.01]11140it [11:59:12,  7.23s/it, bound:2302 nc:1251 ncall:9.7e+06 eff:0.1% logz-ratio=23744520.46+/-0.24 dlogz:92260.579>0.01]11144it [11:59:40,  7.15s/it, bound:2303 nc:1399 ncall:9.7e+06 eff:0.1% logz-ratio=23744579.32+/-0.24 dlogz:92200.798>0.01]11148it [12:00:02,  6.65s/it, bound:2304 nc:1255 ncall:9.7e+06 eff:0.1% logz-ratio=23745014.53+/-0.24 dlogz:91858.807>0.01]11152it [12:00:32,  6.91s/it, bound:2305 nc:1631 ncall:9.7e+06 eff:0.1% logz-ratio=23745234.16+/-0.24 dlogz:91598.299>0.01]11156it [12:01:06,  7.36s/it, bound:2306 nc:1600 ncall:9.7e+06 eff:0.1% logz-ratio=23745459.48+/-0.24 dlogz:91325.186>0.01]11158it [12:01:15,  6.89s/it, bound:2306 nc:1820 ncall:9.7e+06 eff:0.1% logz-ratio=23745650.83+/-0.24 dlogz:91314.030>0.01]11160it [12:01:50,  8.96s/it, bound:2307 nc:1703 ncall:9.7e+06 eff:0.1% logz-ratio=23745739.90+/-0.24 dlogz:91122.241>0.01]11164it [12:02:30,  9.40s/it, bound:2308 nc:2549 ncall:9.7e+06 eff:0.1% logz-ratio=23746039.29+/-0.24 dlogz:90808.975>0.01]11168it [12:03:11,  9.65s/it, bound:2309 nc:1602 ncall:9.7e+06 eff:0.1% logz-ratio=23746327.13+/-0.24 dlogz:90614.926>0.01]11172it [12:03:46,  9.40s/it, bound:2310 nc:1782 ncall:9.7e+06 eff:0.1% logz-ratio=23746854.33+/-0.24 dlogz:90074.726>0.01]11176it [12:04:24,  9.42s/it, bound:2311 nc:1781 ncall:9.7e+06 eff:0.1% logz-ratio=23747282.06+/-0.24 dlogz:89564.554>0.01]11180it [12:05:09,  9.98s/it, bound:2312 nc:2094 ncall:9.7e+06 eff:0.1% logz-ratio=23747654.36+/-0.24 dlogz:89170.768>0.01]11184it [12:05:54, 10.39s/it, bound:2313 nc:2321 ncall:9.8e+06 eff:0.1% logz-ratio=23747901.87+/-0.24 dlogz:88908.943>0.01]11188it [12:06:33, 10.19s/it, bound:2314 nc:1754 ncall:9.8e+06 eff:0.1% logz-ratio=23748040.73+/-0.21 dlogz:88738.970>0.01]11192it [12:07:14, 10.19s/it, bound:2315 nc:1522 ncall:9.8e+06 eff:0.1% logz-ratio=23748093.57+/-0.24 dlogz:88703.818>0.01]11196it [12:07:47,  9.63s/it, bound:2316 nc:1771 ncall:9.8e+06 eff:0.1% logz-ratio=23748189.15+/-0.24 dlogz:88618.757>0.01]11200it [12:08:23,  9.40s/it, bound:2317 nc:1897 ncall:9.8e+06 eff:0.1% logz-ratio=23748332.93+/-0.21 dlogz:88446.693>0.01]11204it [12:09:00,  9.34s/it, bound:2318 nc:1283 ncall:9.8e+06 eff:0.1% logz-ratio=23748573.24+/-0.24 dlogz:88310.292>0.01]11208it [12:09:26,  8.48s/it, bound:2319 nc:1666 ncall:9.8e+06 eff:0.1% logz-ratio=23748646.68+/-0.24 dlogz:88137.575>0.01]11212it [12:09:55,  8.15s/it, bound:2320 nc:1725 ncall:9.8e+06 eff:0.1% logz-ratio=23748962.91+/-0.24 dlogz:87863.269>0.01]11216it [12:10:23,  7.82s/it, bound:2321 nc:1437 ncall:9.8e+06 eff:0.1% logz-ratio=23749087.42+/-0.24 dlogz:87696.716>0.01]11220it [12:10:57,  8.00s/it, bound:2322 nc:2077 ncall:9.8e+06 eff:0.1% logz-ratio=23749395.32+/-0.24 dlogz:87437.064>0.01]11224it [12:11:30,  8.07s/it, bound:2323 nc:1984 ncall:9.8e+06 eff:0.1% logz-ratio=23749544.75+/-0.24 dlogz:87245.339>0.01]11225it [12:11:40,  8.30s/it, bound:2323 nc:971 ncall:9.8e+06 eff:0.1% logz-ratio=23749577.54+/-0.24 dlogz:87233.387>0.01] 11228it [12:12:13,  9.08s/it, bound:2324 nc:2015 ncall:9.8e+06 eff:0.1% logz-ratio=23749766.82+/-0.24 dlogz:87065.441>0.01]11232it [12:12:58,  9.83s/it, bound:2325 nc:1667 ncall:9.8e+06 eff:0.1% logz-ratio=23749861.53+/-0.24 dlogz:86994.952>0.01]11236it [12:13:37,  9.84s/it, bound:2326 nc:1462 ncall:9.8e+06 eff:0.1% logz-ratio=23750015.35+/-0.24 dlogz:86866.662>0.01]11240it [12:14:06,  8.99s/it, bound:2327 nc:1550 ncall:9.9e+06 eff:0.1% logz-ratio=23750210.16+/-0.24 dlogz:86637.438>0.01]11244it [12:14:54,  9.94s/it, bound:2328 nc:2143 ncall:9.9e+06 eff:0.1% logz-ratio=23750298.91+/-0.24 dlogz:86491.918>0.01]11248it [12:15:41, 10.51s/it, bound:2329 nc:1899 ncall:9.9e+06 eff:0.1% logz-ratio=23750482.59+/-0.24 dlogz:86316.529>0.01]11252it [12:16:14,  9.79s/it, bound:2330 nc:1900 ncall:9.9e+06 eff:0.1% logz-ratio=23750601.31+/-0.24 dlogz:86185.562>0.01]11256it [12:17:01, 10.36s/it, bound:2331 nc:2119 ncall:9.9e+06 eff:0.1% logz-ratio=23751031.34+/-0.24 dlogz:85882.660>0.01]11260it [12:17:34,  9.76s/it, bound:2332 nc:1887 ncall:9.9e+06 eff:0.1% logz-ratio=23751255.15+/-0.24 dlogz:85551.199>0.01]11264it [12:18:03,  8.98s/it, bound:2333 nc:1348 ncall:9.9e+06 eff:0.1% logz-ratio=23751486.07+/-0.24 dlogz:85444.562>0.01]11268it [12:18:30,  8.33s/it, bound:2334 nc:1757 ncall:9.9e+06 eff:0.1% logz-ratio=23751763.43+/-0.24 dlogz:85079.074>0.01]11272it [12:19:06,  8.51s/it, bound:2335 nc:2405 ncall:9.9e+06 eff:0.1% logz-ratio=23751850.90+/-0.24 dlogz:84965.514>0.01]11276it [12:19:37,  8.32s/it, bound:2336 nc:2127 ncall:9.9e+06 eff:0.1% logz-ratio=23752150.66+/-0.24 dlogz:84663.553>0.01]11280it [12:20:09,  8.19s/it, bound:2337 nc:2098 ncall:9.9e+06 eff:0.1% logz-ratio=23752289.18+/-0.24 dlogz:84537.107>0.01]11284it [12:20:46,  8.51s/it, bound:2338 nc:1690 ncall:9.9e+06 eff:0.1% logz-ratio=23752437.82+/-0.24 dlogz:84385.479>0.01]11288it [12:21:19,  8.42s/it, bound:2339 nc:1840 ncall:9.9e+06 eff:0.1% logz-ratio=23752561.18+/-0.24 dlogz:84237.809>0.01]11292it [12:21:53,  8.47s/it, bound:2340 nc:2002 ncall:1.0e+07 eff:0.1% logz-ratio=23752914.36+/-0.24 dlogz:84043.314>0.01]11294it [12:22:00,  7.59s/it, bound:2340 nc:1662 ncall:1.0e+07 eff:0.1% logz-ratio=23753014.10+/-0.24 dlogz:83862.518>0.01]11296it [12:22:36,  9.62s/it, bound:2341 nc:2362 ncall:1.0e+07 eff:0.1% logz-ratio=23753077.73+/-0.24 dlogz:83725.160>0.01]11300it [12:23:07,  8.93s/it, bound:2342 nc:1993 ncall:1.0e+07 eff:0.1% logz-ratio=23753279.95+/-0.24 dlogz:83519.035>0.01]11304it [12:23:36,  8.40s/it, bound:2343 nc:1442 ncall:1.0e+07 eff:0.1% logz-ratio=23753493.93+/-0.24 dlogz:83392.936>0.01]11308it [12:24:09,  8.38s/it, bound:2344 nc:2196 ncall:1.0e+07 eff:0.1% logz-ratio=23753568.04+/-0.24 dlogz:83218.088>0.01]11312it [12:24:41,  8.24s/it, bound:2345 nc:2031 ncall:1.0e+07 eff:0.1% logz-ratio=23753720.91+/-0.24 dlogz:83092.527>0.01]11316it [12:25:12,  8.04s/it, bound:2346 nc:2003 ncall:1.0e+07 eff:0.1% logz-ratio=23754253.85+/-0.24 dlogz:82542.038>0.01]11320it [12:25:44,  8.03s/it, bound:2347 nc:1768 ncall:1.0e+07 eff:0.1% logz-ratio=23754272.02+/-0.24 dlogz:82507.245>0.01]11324it [12:26:14,  7.87s/it, bound:2348 nc:1638 ncall:1.0e+07 eff:0.1% logz-ratio=23754646.46+/-0.24 dlogz:82142.239>0.01]11328it [12:26:43,  7.68s/it, bound:2349 nc:1710 ncall:1.0e+07 eff:0.1% logz-ratio=23754740.16+/-0.24 dlogz:82067.956>0.01]11332it [12:27:14,  7.72s/it, bound:2350 nc:1903 ncall:1.0e+07 eff:0.1% logz-ratio=23754978.90+/-0.24 dlogz:81893.691>0.01]11336it [12:27:49,  8.04s/it, bound:2351 nc:2355 ncall:1.0e+07 eff:0.1% logz-ratio=23755289.66+/-0.24 dlogz:81626.244>0.01]11340it [12:28:21,  8.06s/it, bound:2352 nc:2172 ncall:1.0e+07 eff:0.1% logz-ratio=23755364.41+/-0.24 dlogz:81421.336>0.01]11344it [12:28:57,  8.31s/it, bound:2353 nc:2044 ncall:1.0e+07 eff:0.1% logz-ratio=23755514.69+/-0.24 dlogz:81284.671>0.01]11348it [12:29:42,  9.18s/it, bound:2354 nc:1696 ncall:1.0e+07 eff:0.1% logz-ratio=23755946.00+/-0.24 dlogz:80871.111>0.01]11352it [12:30:22,  9.47s/it, bound:2355 nc:1812 ncall:1.0e+07 eff:0.1% logz-ratio=23756041.18+/-0.24 dlogz:80752.503>0.01]11356it [12:30:59,  9.41s/it, bound:2356 nc:2210 ncall:1.0e+07 eff:0.1% logz-ratio=23756379.29+/-0.24 dlogz:80412.727>0.01]11360it [12:31:38,  9.48s/it, bound:2357 nc:1922 ncall:1.0e+07 eff:0.1% logz-ratio=23756622.73+/-0.24 dlogz:80265.624>0.01]11364it [12:32:21,  9.86s/it, bound:2358 nc:1655 ncall:1.0e+07 eff:0.1% logz-ratio=23756776.29+/-0.24 dlogz:80024.009>0.01]11366it [12:32:31,  9.01s/it, bound:2358 nc:2068 ncall:1.0e+07 eff:0.1% logz-ratio=23756815.32+/-0.24 dlogz:79966.259>0.01]11368it [12:33:13, 11.40s/it, bound:2359 nc:2482 ncall:1.0e+07 eff:0.1% logz-ratio=23756958.02+/-0.24 dlogz:79927.361>0.01]11372it [12:33:37,  9.44s/it, bound:2360 nc:1423 ncall:1.0e+07 eff:0.1% logz-ratio=23757101.63+/-0.24 dlogz:79745.643>0.01]11376it [12:34:11,  9.11s/it, bound:2361 nc:1350 ncall:1.0e+07 eff:0.1% logz-ratio=23757181.11+/-0.24 dlogz:79632.161>0.01]11380it [12:34:45,  8.90s/it, bound:2362 nc:1692 ncall:1.0e+07 eff:0.1% logz-ratio=23757382.23+/-0.24 dlogz:79458.496>0.01]11384it [12:35:15,  8.47s/it, bound:2363 nc:1434 ncall:1.0e+07 eff:0.1% logz-ratio=23757486.61+/-0.24 dlogz:79338.642>0.01]11388it [12:35:44,  8.09s/it, bound:2364 nc:1416 ncall:1.0e+07 eff:0.1% logz-ratio=23757657.02+/-0.24 dlogz:79161.343>0.01]11392it [12:36:13,  7.86s/it, bound:2365 nc:1575 ncall:1.0e+07 eff:0.1% logz-ratio=23757878.42+/-0.24 dlogz:79046.529>0.01]11396it [12:36:42,  7.61s/it, bound:2366 nc:1718 ncall:1.0e+07 eff:0.1% logz-ratio=23758106.11+/-0.24 dlogz:78716.353>0.01]11400it [12:37:12,  7.59s/it, bound:2367 nc:1869 ncall:1.0e+07 eff:0.1% logz-ratio=23758357.27+/-0.24 dlogz:78486.506>0.01]11404it [12:37:37,  7.23s/it, bound:2368 nc:1697 ncall:1.0e+07 eff:0.1% logz-ratio=23758510.56+/-0.24 dlogz:78279.415>0.01]11408it [12:38:05,  7.12s/it, bound:2369 nc:1804 ncall:1.0e+07 eff:0.1% logz-ratio=23758631.75+/-0.24 dlogz:78148.486>0.01]11412it [12:38:34,  7.16s/it, bound:2370 nc:1889 ncall:1.0e+07 eff:0.1% logz-ratio=23758889.73+/-0.24 dlogz:77945.221>0.01]11416it [12:39:01,  7.05s/it, bound:2371 nc:1149 ncall:1.0e+07 eff:0.1% logz-ratio=23759105.85+/-0.24 dlogz:77749.900>0.01]11420it [12:39:30,  7.11s/it, bound:2372 nc:1674 ncall:1.0e+07 eff:0.1% logz-ratio=23759149.61+/-0.24 dlogz:77654.694>0.01]11424it [12:39:57,  6.98s/it, bound:2373 nc:1025 ncall:1.0e+07 eff:0.1% logz-ratio=23759349.27+/-0.24 dlogz:77509.383>0.01]11428it [12:40:20,  6.65s/it, bound:2374 nc:1548 ncall:1.0e+07 eff:0.1% logz-ratio=23759661.81+/-0.24 dlogz:77201.767>0.01]11432it [12:40:46,  6.61s/it, bound:2375 nc:1103 ncall:1.0e+07 eff:0.1% logz-ratio=23759776.41+/-0.24 dlogz:77058.291>0.01]11436it [12:41:13,  6.63s/it, bound:2376 nc:1530 ncall:1.0e+07 eff:0.1% logz-ratio=23759948.68+/-0.24 dlogz:76884.855>0.01]11440it [12:41:43,  6.89s/it, bound:2377 nc:1674 ncall:1.0e+07 eff:0.1% logz-ratio=23760082.05+/-0.24 dlogz:76726.373>0.01]11444it [12:42:16,  7.30s/it, bound:2378 nc:1456 ncall:1.0e+07 eff:0.1% logz-ratio=23760153.75+/-0.22 dlogz:76625.606>0.01]11448it [12:42:49,  7.60s/it, bound:2379 nc:1560 ncall:1.0e+07 eff:0.1% logz-ratio=23760198.08+/-0.24 dlogz:76595.122>0.01]11450it [12:42:59,  7.11s/it, bound:2379 nc:2160 ncall:1.0e+07 eff:0.1% logz-ratio=23760426.17+/-0.24 dlogz:76478.185>0.01]11452it [12:43:35,  9.37s/it, bound:2380 nc:1932 ncall:1.0e+07 eff:0.1% logz-ratio=23760479.81+/-0.24 dlogz:76311.629>0.01]11456it [12:44:12,  9.25s/it, bound:2381 nc:1501 ncall:1.0e+07 eff:0.1% logz-ratio=23760789.88+/-0.24 dlogz:76159.242>0.01]11460it [12:44:51,  9.42s/it, bound:2382 nc:1788 ncall:1.0e+07 eff:0.1% logz-ratio=23760926.20+/-0.24 dlogz:75872.088>0.01]11464it [12:45:32,  9.69s/it, bound:2383 nc:1469 ncall:1.0e+07 eff:0.1% logz-ratio=23761039.33+/-0.24 dlogz:75768.476>0.01]11468it [12:46:17, 10.23s/it, bound:2384 nc:1114 ncall:1.0e+07 eff:0.1% logz-ratio=23761514.80+/-0.24 dlogz:75318.546>0.01]11472it [12:46:50,  9.61s/it, bound:2385 nc:1465 ncall:1.0e+07 eff:0.1% logz-ratio=23761856.21+/-0.24 dlogz:75077.484>0.01]11476it [12:47:25,  9.37s/it, bound:2386 nc:1420 ncall:1.0e+07 eff:0.1% logz-ratio=23762123.79+/-0.24 dlogz:74692.388>0.01]11480it [12:48:09,  9.82s/it, bound:2387 nc:1648 ncall:1.0e+07 eff:0.1% logz-ratio=23762357.41+/-0.24 dlogz:74489.330>0.01]11483it [12:48:54, 11.08s/it, bound:2388 nc:1589 ncall:1.0e+07 eff:0.1% logz-ratio=23762538.13+/-0.24 dlogz:74260.273>0.01]11487it [12:49:31, 10.51s/it, bound:2389 nc:1423 ncall:1.0e+07 eff:0.1% logz-ratio=23762649.46+/-0.24 dlogz:74165.123>0.01]11491it [12:50:07, 10.07s/it, bound:2390 nc:1804 ncall:1.0e+07 eff:0.1% logz-ratio=23762804.61+/-0.24 dlogz:73982.283>0.01]11495it [12:50:49, 10.15s/it, bound:2391 nc:1515 ncall:1.0e+07 eff:0.1% logz-ratio=23763015.73+/-0.24 dlogz:73766.279>0.01]11499it [12:51:23,  9.67s/it, bound:2392 nc:1515 ncall:1.0e+07 eff:0.1% logz-ratio=23763356.07+/-0.24 dlogz:73467.795>0.01]11503it [12:51:58,  9.38s/it, bound:2393 nc:1703 ncall:1.0e+07 eff:0.1% logz-ratio=23763648.25+/-0.24 dlogz:73193.429>0.01]11507it [12:52:31,  9.09s/it, bound:2394 nc:1066 ncall:1.0e+07 eff:0.1% logz-ratio=23763759.21+/-0.24 dlogz:73029.791>0.01]11511it [12:53:09,  9.15s/it, bound:2395 nc:2114 ncall:1.0e+07 eff:0.1% logz-ratio=23763872.73+/-0.24 dlogz:72922.231>0.01]11513it [12:53:19,  8.42s/it, bound:2395 nc:1637 ncall:1.0e+07 eff:0.1% logz-ratio=23763901.79+/-0.24 dlogz:72879.205>0.01]11515it [12:53:57, 10.63s/it, bound:2396 nc:2189 ncall:1.0e+07 eff:0.1% logz-ratio=23763985.10+/-0.24 dlogz:72823.105>0.01]11519it [12:54:32,  9.94s/it, bound:2397 nc:1865 ncall:1.0e+07 eff:0.1% logz-ratio=23764126.21+/-0.24 dlogz:72663.894>0.01]11523it [12:55:13, 10.01s/it, bound:2398 nc:1508 ncall:1.0e+07 eff:0.1% logz-ratio=23764397.41+/-0.24 dlogz:72403.590>0.01]11527it [12:55:48,  9.59s/it, bound:2399 nc:1156 ncall:1.0e+07 eff:0.1% logz-ratio=23764486.83+/-0.24 dlogz:72294.657>0.01]11531it [12:56:28,  9.77s/it, bound:2400 nc:2094 ncall:1.0e+07 eff:0.1% logz-ratio=23764621.77+/-0.24 dlogz:72197.857>0.01]11535it [12:57:03,  9.42s/it, bound:2401 nc:1718 ncall:1.0e+07 eff:0.1% logz-ratio=23764762.41+/-0.24 dlogz:72019.443>0.01]11539it [12:57:38,  9.20s/it, bound:2402 nc:1801 ncall:1.0e+07 eff:0.1% logz-ratio=23764895.80+/-0.24 dlogz:71888.084>0.01]11543it [12:58:19,  9.51s/it, bound:2403 nc:2456 ncall:1.0e+07 eff:0.1% logz-ratio=23765429.66+/-0.24 dlogz:71617.310>0.01]11547it [12:58:51,  9.10s/it, bound:2404 nc:1554 ncall:1.0e+07 eff:0.1% logz-ratio=23765846.22+/-0.24 dlogz:70961.902>0.01]11551it [12:59:25,  8.85s/it, bound:2405 nc:2086 ncall:1.0e+07 eff:0.1% logz-ratio=23765988.68+/-0.24 dlogz:70815.893>0.01]11555it [13:00:03,  9.04s/it, bound:2406 nc:1737 ncall:1.0e+07 eff:0.1% logz-ratio=23766274.46+/-0.24 dlogz:70540.060>0.01]11559it [13:00:38,  8.98s/it, bound:2407 nc:1241 ncall:1.0e+07 eff:0.1% logz-ratio=23766369.69+/-0.24 dlogz:70412.563>0.01]11563it [13:01:18,  9.32s/it, bound:2408 nc:2310 ncall:1.0e+07 eff:0.1% logz-ratio=23766551.05+/-0.24 dlogz:70227.549>0.01]11567it [13:02:02,  9.77s/it, bound:2409 nc:2167 ncall:1.0e+07 eff:0.1% logz-ratio=23766713.88+/-0.25 dlogz:70094.921>0.01]11571it [13:02:36,  9.41s/it, bound:2410 nc:1985 ncall:1.0e+07 eff:0.1% logz-ratio=23766838.91+/-0.25 dlogz:69956.825>0.01]11575it [13:03:10,  9.12s/it, bound:2411 nc:1714 ncall:1.0e+07 eff:0.1% logz-ratio=23766923.89+/-0.25 dlogz:69908.861>0.01]11579it [13:03:43,  8.91s/it, bound:2412 nc:1703 ncall:1.0e+07 eff:0.1% logz-ratio=23767101.84+/-0.25 dlogz:69692.555>0.01]11580it [13:03:53,  9.03s/it, bound:2412 nc:1097 ncall:1.0e+07 eff:0.1% logz-ratio=23767120.56+/-0.24 dlogz:69675.586>0.01]11583it [13:04:30,  9.95s/it, bound:2413 nc:1805 ncall:1.0e+07 eff:0.1% logz-ratio=23767219.78+/-0.25 dlogz:69581.023>0.01]11587it [13:05:09,  9.91s/it, bound:2414 nc:1955 ncall:1.0e+07 eff:0.1% logz-ratio=23767422.74+/-0.25 dlogz:69395.915>0.01]11591it [13:05:44,  9.47s/it, bound:2415 nc:1432 ncall:1.0e+07 eff:0.1% logz-ratio=23767489.69+/-0.25 dlogz:69307.266>0.01]11595it [13:06:22,  9.46s/it, bound:2416 nc:1984 ncall:1.0e+07 eff:0.1% logz-ratio=23767571.22+/-0.25 dlogz:69215.836>0.01]11599it [13:07:02,  9.70s/it, bound:2417 nc:1659 ncall:1.0e+07 eff:0.1% logz-ratio=23767849.32+/-0.25 dlogz:69008.022>0.01]11603it [13:07:39,  9.52s/it, bound:2418 nc:2243 ncall:1.0e+07 eff:0.1% logz-ratio=23768119.79+/-0.25 dlogz:68682.739>0.01]11607it [13:08:09,  8.90s/it, bound:2419 nc:2010 ncall:1.0e+07 eff:0.1% logz-ratio=23768218.20+/-0.25 dlogz:68590.432>0.01]11611it [13:08:42,  8.69s/it, bound:2420 nc:2031 ncall:1.0e+07 eff:0.1% logz-ratio=23768330.77+/-0.25 dlogz:68454.437>0.01]11615it [13:09:16,  8.63s/it, bound:2421 nc:1869 ncall:1.1e+07 eff:0.1% logz-ratio=23768581.59+/-0.25 dlogz:68202.119>0.01]11619it [13:09:45,  8.24s/it, bound:2422 nc:1832 ncall:1.1e+07 eff:0.1% logz-ratio=23768850.37+/-0.25 dlogz:67987.754>0.01]11623it [13:10:13,  7.89s/it, bound:2423 nc:1827 ncall:1.1e+07 eff:0.1% logz-ratio=23769072.40+/-0.25 dlogz:67775.014>0.01]11627it [13:10:44,  7.80s/it, bound:2424 nc:1593 ncall:1.1e+07 eff:0.1% logz-ratio=23769173.36+/-0.25 dlogz:67619.861>0.01]11631it [13:11:25,  8.55s/it, bound:2425 nc:1386 ncall:1.1e+07 eff:0.1% logz-ratio=23769424.67+/-0.25 dlogz:67382.112>0.01]11635it [13:12:01,  8.72s/it, bound:2426 nc:1643 ncall:1.1e+07 eff:0.1% logz-ratio=23769640.17+/-0.25 dlogz:67218.803>0.01]11639it [13:12:33,  8.47s/it, bound:2427 nc:1752 ncall:1.1e+07 eff:0.1% logz-ratio=23769876.32+/-0.24 dlogz:66904.246>0.01]11643it [13:13:07,  8.51s/it, bound:2428 nc:1709 ncall:1.1e+07 eff:0.1% logz-ratio=23769979.56+/-0.25 dlogz:66804.097>0.01]11647it [13:13:45,  8.74s/it, bound:2429 nc:1864 ncall:1.1e+07 eff:0.1% logz-ratio=23770132.31+/-0.25 dlogz:66666.779>0.01]11651it [13:14:26,  9.26s/it, bound:2430 nc:2102 ncall:1.1e+07 eff:0.1% logz-ratio=23770260.93+/-0.25 dlogz:66534.778>0.01]11652it [13:14:37,  9.35s/it, bound:2430 nc:1878 ncall:1.1e+07 eff:0.1% logz-ratio=23770277.46+/-0.25 dlogz:66516.356>0.01]11655it [13:15:19, 10.77s/it, bound:2431 nc:2046 ncall:1.1e+07 eff:0.1% logz-ratio=23770353.15+/-0.25 dlogz:66432.114>0.01]11659it [13:15:56, 10.20s/it, bound:2432 nc:2066 ncall:1.1e+07 eff:0.1% logz-ratio=23770473.08+/-0.25 dlogz:66354.298>0.01]11663it [13:16:50, 11.33s/it, bound:2433 nc:2737 ncall:1.1e+07 eff:0.1% logz-ratio=23770613.98+/-0.25 dlogz:66180.064>0.01]11667it [13:17:19, 10.02s/it, bound:2434 nc:1601 ncall:1.1e+07 eff:0.1% logz-ratio=23770909.89+/-0.25 dlogz:65926.098>0.01]11671it [13:17:52,  9.43s/it, bound:2435 nc:1858 ncall:1.1e+07 eff:0.1% logz-ratio=23771088.90+/-0.25 dlogz:65778.375>0.01]11675it [13:18:32,  9.64s/it, bound:2436 nc:2074 ncall:1.1e+07 eff:0.1% logz-ratio=23771192.17+/-0.25 dlogz:65626.904>0.01]11679it [13:19:18, 10.22s/it, bound:2437 nc:2581 ncall:1.1e+07 eff:0.1% logz-ratio=23771407.71+/-0.25 dlogz:65406.912>0.01]11683it [13:20:01, 10.35s/it, bound:2438 nc:2061 ncall:1.1e+07 eff:0.1% logz-ratio=23771474.49+/-0.25 dlogz:65310.376>0.01]11687it [13:20:43, 10.36s/it, bound:2439 nc:1294 ncall:1.1e+07 eff:0.1% logz-ratio=23771756.07+/-0.25 dlogz:65188.514>0.01]11691it [13:21:29, 10.77s/it, bound:2440 nc:2083 ncall:1.1e+07 eff:0.1% logz-ratio=23771931.66+/-0.25 dlogz:64867.748>0.01]11695it [13:22:14, 10.87s/it, bound:2441 nc:1945 ncall:1.1e+07 eff:0.1% logz-ratio=23772031.51+/-0.25 dlogz:64804.553>0.01]11699it [13:22:48, 10.15s/it, bound:2442 nc:1704 ncall:1.1e+07 eff:0.1% logz-ratio=23772211.88+/-0.25 dlogz:64581.273>0.01]11703it [13:23:24,  9.85s/it, bound:2443 nc:1799 ncall:1.1e+07 eff:0.1% logz-ratio=23772423.13+/-0.25 dlogz:73082.903>0.01]11707it [13:24:09, 10.27s/it, bound:2444 nc:1458 ncall:1.1e+07 eff:0.1% logz-ratio=23772664.78+/-0.24 dlogz:72815.850>0.01]11711it [13:24:48, 10.12s/it, bound:2445 nc:2092 ncall:1.1e+07 eff:0.1% logz-ratio=23772834.47+/-0.25 dlogz:72653.958>0.01]11714it [13:24:59,  8.50s/it, bound:2446 nc:1618 ncall:1.1e+07 eff:0.1% logz-ratio=23773000.58+/-0.25 dlogz:72535.093>0.01]11715it [13:25:38, 11.67s/it, bound:2446 nc:2200 ncall:1.1e+07 eff:0.1% logz-ratio=23773009.74+/-0.25 dlogz:72478.563>0.01]11719it [13:26:17, 10.95s/it, bound:2447 nc:2023 ncall:1.1e+07 eff:0.1% logz-ratio=23773056.56+/-0.25 dlogz:72433.768>0.01]11723it [13:26:58, 10.75s/it, bound:2448 nc:1887 ncall:1.1e+07 eff:0.1% logz-ratio=23773212.28+/-0.25 dlogz:72351.819>0.01]11727it [13:27:39, 10.60s/it, bound:2449 nc:2366 ncall:1.1e+07 eff:0.1% logz-ratio=23773356.81+/-0.25 dlogz:72135.841>0.01]11731it [13:28:20, 10.46s/it, bound:2450 nc:2135 ncall:1.1e+07 eff:0.1% logz-ratio=23773658.37+/-0.25 dlogz:71916.884>0.01]11735it [13:28:57, 10.07s/it, bound:2451 nc:1351 ncall:1.1e+07 eff:0.1% logz-ratio=23773761.47+/-0.25 dlogz:71750.699>0.01]11739it [13:29:39, 10.17s/it, bound:2452 nc:1849 ncall:1.1e+07 eff:0.1% logz-ratio=23774179.46+/-0.25 dlogz:71360.400>0.01]11743it [13:30:20, 10.19s/it, bound:2453 nc:1855 ncall:1.1e+07 eff:0.1% logz-ratio=23774290.99+/-0.25 dlogz:71193.462>0.01]11747it [13:30:51,  9.48s/it, bound:2454 nc:1627 ncall:1.1e+07 eff:0.1% logz-ratio=23774419.77+/-0.25 dlogz:71104.930>0.01]11751it [13:31:25,  9.16s/it, bound:2455 nc:1830 ncall:1.1e+07 eff:0.1% logz-ratio=23774643.65+/-0.25 dlogz:70926.056>0.01]11755it [13:32:09,  9.73s/it, bound:2456 nc:2265 ncall:1.1e+07 eff:0.1% logz-ratio=23774703.03+/-0.25 dlogz:70793.910>0.01]11759it [13:32:48,  9.72s/it, bound:2457 nc:1787 ncall:1.1e+07 eff:0.1% logz-ratio=23774789.65+/-0.25 dlogz:70694.043>0.01]11763it [13:33:26,  9.69s/it, bound:2458 nc:1464 ncall:1.1e+07 eff:0.1% logz-ratio=23775004.04+/-0.25 dlogz:70541.285>0.01]11767it [13:33:59,  9.27s/it, bound:2459 nc:1814 ncall:1.1e+07 eff:0.1% logz-ratio=23775186.33+/-0.25 dlogz:70380.745>0.01]11771it [13:34:31,  8.85s/it, bound:2460 nc:1620 ncall:1.1e+07 eff:0.1% logz-ratio=23775411.52+/-0.25 dlogz:70083.435>0.01]11775it [13:35:04,  8.68s/it, bound:2461 nc:1673 ncall:1.1e+07 eff:0.1% logz-ratio=23775522.37+/-0.25 dlogz:69987.112>0.01]11776it [13:35:14,  8.79s/it, bound:2461 nc:2269 ncall:1.1e+07 eff:0.1% logz-ratio=23775603.73+/-0.25 dlogz:69956.651>0.01]11779it [13:35:48,  9.53s/it, bound:2462 nc:1886 ncall:1.1e+07 eff:0.1% logz-ratio=23775791.12+/-0.25 dlogz:69716.830>0.01]11783it [13:36:18,  8.86s/it, bound:2463 nc:1690 ncall:1.1e+07 eff:0.1% logz-ratio=23775974.75+/-0.25 dlogz:69548.256>0.01]11787it [13:37:01,  9.45s/it, bound:2464 nc:1826 ncall:1.1e+07 eff:0.1% logz-ratio=23776158.76+/-0.25 dlogz:69332.763>0.01]11791it [13:37:43,  9.83s/it, bound:2465 nc:1656 ncall:1.1e+07 eff:0.1% logz-ratio=23776404.04+/-0.25 dlogz:69214.427>0.01]11795it [13:38:20,  9.64s/it, bound:2466 nc:2158 ncall:1.1e+07 eff:0.1% logz-ratio=23776540.94+/-0.25 dlogz:69004.482>0.01]11799it [13:39:00,  9.77s/it, bound:2467 nc:2430 ncall:1.1e+07 eff:0.1% logz-ratio=23776706.45+/-0.25 dlogz:68834.277>0.01]11803it [13:39:44, 10.16s/it, bound:2468 nc:1786 ncall:1.1e+07 eff:0.1% logz-ratio=23776832.77+/-0.25 dlogz:68657.488>0.01]11807it [13:40:26, 10.20s/it, bound:2469 nc:1756 ncall:1.1e+07 eff:0.1% logz-ratio=23777036.08+/-0.25 dlogz:68456.106>0.01]11811it [13:41:03,  9.97s/it, bound:2470 nc:1816 ncall:1.1e+07 eff:0.1% logz-ratio=23777392.32+/-0.25 dlogz:68133.619>0.01]11815it [13:41:35,  9.37s/it, bound:2471 nc:2044 ncall:1.1e+07 eff:0.1% logz-ratio=23777687.30+/-0.25 dlogz:67798.063>0.01]11819it [13:42:11,  9.22s/it, bound:2472 nc:1298 ncall:1.1e+07 eff:0.1% logz-ratio=23777746.03+/-0.22 dlogz:67734.609>0.01]11823it [13:42:50,  9.37s/it, bound:2473 nc:1997 ncall:1.1e+07 eff:0.1% logz-ratio=23778001.73+/-0.25 dlogz:67558.954>0.01]11827it [13:43:35,  9.95s/it, bound:2474 nc:1720 ncall:1.1e+07 eff:0.1% logz-ratio=23778140.55+/-0.25 dlogz:67373.208>0.01]11831it [13:44:15,  9.98s/it, bound:2475 nc:1820 ncall:1.1e+07 eff:0.1% logz-ratio=23778342.95+/-0.25 dlogz:67187.176>0.01]11835it [13:44:53,  9.80s/it, bound:2476 nc:1952 ncall:1.1e+07 eff:0.1% logz-ratio=23778455.86+/-0.25 dlogz:67100.538>0.01]11839it [13:45:23,  9.15s/it, bound:2477 nc:1018 ncall:1.1e+07 eff:0.1% logz-ratio=23778800.76+/-0.25 dlogz:66688.780>0.01]11840it [13:45:31,  9.04s/it, bound:2477 nc:1533 ncall:1.1e+07 eff:0.1% logz-ratio=23778812.04+/-0.25 dlogz:66678.125>0.01]11843it [13:46:11, 10.28s/it, bound:2478 nc:1468 ncall:1.1e+07 eff:0.1% logz-ratio=23778913.29+/-0.25 dlogz:66572.869>0.01]11847it [13:46:47,  9.85s/it, bound:2479 nc:1829 ncall:1.1e+07 eff:0.1% logz-ratio=23779085.35+/-0.25 dlogz:66443.329>0.01]11851it [13:47:24,  9.61s/it, bound:2480 nc:1828 ncall:1.1e+07 eff:0.1% logz-ratio=23779193.40+/-0.25 dlogz:66325.689>0.01]11855it [13:48:03,  9.65s/it, bound:2481 nc:2034 ncall:1.1e+07 eff:0.1% logz-ratio=23779481.77+/-0.25 dlogz:66062.933>0.01]11859it [13:48:46,  9.99s/it, bound:2482 nc:1881 ncall:1.1e+07 eff:0.1% logz-ratio=23779702.43+/-0.25 dlogz:65887.453>0.01]11863it [13:49:25,  9.94s/it, bound:2483 nc:1805 ncall:1.1e+07 eff:0.1% logz-ratio=23779893.31+/-0.25 dlogz:81882.794>0.01]11867it [13:50:01,  9.66s/it, bound:2484 nc:2110 ncall:1.1e+07 eff:0.1% logz-ratio=23779986.50+/-0.24 dlogz:81723.935>0.01]11871it [13:50:38,  9.49s/it, bound:2485 nc:1269 ncall:1.1e+07 eff:0.1% logz-ratio=23780218.07+/-0.25 dlogz:81521.076>0.01]11875it [13:51:14,  9.37s/it, bound:2486 nc:2256 ncall:1.1e+07 eff:0.1% logz-ratio=23780362.07+/-0.25 dlogz:81354.927>0.01]11879it [13:52:03, 10.26s/it, bound:2487 nc:1936 ncall:1.1e+07 eff:0.1% logz-ratio=23780418.24+/-0.25 dlogz:81298.175>0.01]11883it [13:52:41, 10.00s/it, bound:2488 nc:1545 ncall:1.1e+07 eff:0.1% logz-ratio=23780769.43+/-0.25 dlogz:80974.137>0.01]11887it [13:53:19,  9.90s/it, bound:2489 nc:1593 ncall:1.1e+07 eff:0.1% logz-ratio=23780929.90+/-0.25 dlogz:80798.989>0.01]11891it [13:53:59,  9.92s/it, bound:2490 nc:1875 ncall:1.1e+07 eff:0.1% logz-ratio=23781063.44+/-0.25 dlogz:80650.327>0.01]11895it [13:54:41, 10.08s/it, bound:2491 nc:1923 ncall:1.1e+07 eff:0.1% logz-ratio=23781151.05+/-0.24 dlogz:80559.432>0.01]11899it [13:55:12,  9.40s/it, bound:2492 nc:1880 ncall:1.1e+07 eff:0.1% logz-ratio=23781332.97+/-0.25 dlogz:80447.289>0.01]11903it [13:55:54,  9.71s/it, bound:2493 nc:1975 ncall:1.1e+07 eff:0.1% logz-ratio=23781660.45+/-0.25 dlogz:80106.659>0.01]11904it [13:56:02,  9.53s/it, bound:2493 nc:1613 ncall:1.1e+07 eff:0.1% logz-ratio=23781724.70+/-0.25 dlogz:80046.528>0.01]11907it [13:56:36, 10.09s/it, bound:2494 nc:1857 ncall:1.1e+07 eff:0.1% logz-ratio=23781931.55+/-0.25 dlogz:79873.827>0.01]11911it [13:57:12,  9.65s/it, bound:2495 nc:2388 ncall:1.1e+07 eff:0.1% logz-ratio=23782313.65+/-0.25 dlogz:79573.479>0.01]11915it [13:57:41,  8.89s/it, bound:2496 nc:1431 ncall:1.1e+07 eff:0.1% logz-ratio=23782453.91+/-0.24 dlogz:79254.927>0.01]11919it [13:58:11,  8.41s/it, bound:2497 nc:1835 ncall:1.1e+07 eff:0.1% logz-ratio=23782627.49+/-0.25 dlogz:79128.205>0.01]11923it [13:58:46,  8.48s/it, bound:2498 nc:1735 ncall:1.1e+07 eff:0.1% logz-ratio=23782689.11+/-0.25 dlogz:79041.238>0.01]11927it [13:59:21,  8.61s/it, bound:2499 nc:2003 ncall:1.1e+07 eff:0.1% logz-ratio=23782741.34+/-0.25 dlogz:78979.506>0.01]11931it [14:00:04,  9.27s/it, bound:2500 nc:1170 ncall:1.1e+07 eff:0.1% logz-ratio=23782896.12+/-0.23 dlogz:78813.200>0.01]11935it [14:00:42,  9.31s/it, bound:2501 nc:1631 ncall:1.1e+07 eff:0.1% logz-ratio=23783103.37+/-0.25 dlogz:78608.130>0.01]11939it [14:01:25,  9.76s/it, bound:2502 nc:2020 ncall:1.1e+07 eff:0.1% logz-ratio=23783180.22+/-0.25 dlogz:78560.480>0.01]11942it [14:01:25,  7.37s/it, bound:2503 nc:  1 ncall:1.1e+07 eff:0.1% logz-ratio=23803706.59+/-0.25 dlogz:57999.184>0.01] 11942it [14:01:41,  7.37s/it, bound:2503 nc:  1 ncall:1.1e+07 eff:0.1% logz-ratio=23861699.99+/-0.25 dlogz:1.099>0.01]    11943it [14:02:01, 10.35s/it, bound:2503 nc:2030 ncall:1.1e+07 eff:0.1% logz-ratio=23783221.05+/-0.25 dlogz:78499.029>0.01]11947it [14:02:50, 11.09s/it, bound:2504 nc:1870 ncall:1.1e+07 eff:0.1% logz-ratio=23783417.73+/-0.25 dlogz:78302.074>0.01]11951it [14:03:30, 10.68s/it, bound:2505 nc:1801 ncall:1.1e+07 eff:0.1% logz-ratio=23783561.56+/-0.25 dlogz:78214.178>0.01]11955it [14:03:57,  9.36s/it, bound:2506 nc:1447 ncall:1.1e+07 eff:0.1% logz-ratio=23783663.45+/-0.25 dlogz:78054.758>0.01]11959it [14:04:27,  8.78s/it, bound:2507 nc:1561 ncall:1.1e+07 eff:0.1% logz-ratio=23783950.85+/-0.25 dlogz:77886.601>0.01]11963it [14:05:00,  8.59s/it, bound:2508 nc:1743 ncall:1.1e+07 eff:0.1% logz-ratio=23784101.67+/-0.25 dlogz:77617.574>0.01]11967it [14:05:35,  8.64s/it, bound:2509 nc:2124 ncall:1.1e+07 eff:0.1% logz-ratio=23784228.01+/-0.25 dlogz:77515.749>0.01]11971it [14:06:10,  8.70s/it, bound:2510 nc:1408 ncall:1.1e+07 eff:0.1% logz-ratio=23784287.68+/-0.25 dlogz:77439.546>0.01]11974it [14:06:20,  7.41s/it, bound:2511 nc:1394 ncall:1.1e+07 eff:0.1% logz-ratio=23784367.24+/-0.22 dlogz:77341.142>0.01]11975it [14:06:58, 10.62s/it, bound:2511 nc:1577 ncall:1.1e+07 eff:0.1% logz-ratio=23784431.79+/-0.25 dlogz:77339.602>0.01]11979it [14:07:36, 10.14s/it, bound:2512 nc:1893 ncall:1.1e+07 eff:0.1% logz-ratio=23784640.74+/-0.25 dlogz:77202.935>0.01]11983it [14:08:14,  9.91s/it, bound:2513 nc:1425 ncall:1.1e+07 eff:0.1% logz-ratio=23784773.58+/-0.25 dlogz:76998.653>0.01]11987it [14:08:55, 10.07s/it, bound:2514 nc:2252 ncall:1.1e+07 eff:0.1% logz-ratio=23785070.70+/-0.25 dlogz:76737.384>0.01]11991it [14:09:42, 10.57s/it, bound:2515 nc:1449 ncall:1.1e+07 eff:0.1% logz-ratio=23785213.39+/-0.25 dlogz:76550.999>0.01]11995it [14:10:16,  9.92s/it, bound:2516 nc:1756 ncall:1.1e+07 eff:0.1% logz-ratio=23785336.36+/-0.25 dlogz:76388.417>0.01]11999it [14:11:00, 10.32s/it, bound:2517 nc:1381 ncall:1.1e+07 eff:0.1% logz-ratio=23785482.94+/-0.25 dlogz:76244.099>0.01]12003it [14:11:42, 10.32s/it, bound:2518 nc:2105 ncall:1.1e+07 eff:0.1% logz-ratio=23785620.83+/-0.25 dlogz:76103.367>0.01]12007it [14:12:15,  9.69s/it, bound:2519 nc:1769 ncall:1.1e+07 eff:0.1% logz-ratio=23785825.36+/-0.25 dlogz:75999.201>0.01]12011it [14:12:58, 10.01s/it, bound:2520 nc:1938 ncall:1.1e+07 eff:0.1% logz-ratio=23785929.55+/-0.25 dlogz:75787.802>0.01]12015it [14:13:40, 10.20s/it, bound:2521 nc:1711 ncall:1.1e+07 eff:0.1% logz-ratio=23786158.86+/-0.25 dlogz:75561.505>0.01]12019it [14:14:18,  9.96s/it, bound:2522 nc:1601 ncall:1.1e+07 eff:0.1% logz-ratio=23786323.78+/-0.25 dlogz:75408.257>0.01]12023it [14:14:58,  9.98s/it, bound:2523 nc:2166 ncall:1.1e+07 eff:0.1% logz-ratio=23786428.56+/-0.24 dlogz:75279.504>0.01]12027it [14:15:35,  9.79s/it, bound:2524 nc:1922 ncall:1.1e+07 eff:0.1% logz-ratio=23786566.86+/-0.25 dlogz:75159.962>0.01]12031it [14:16:12,  9.64s/it, bound:2525 nc:2016 ncall:1.1e+07 eff:0.1% logz-ratio=23786705.41+/-0.25 dlogz:75046.260>0.01]12035it [14:16:55,  9.97s/it, bound:2526 nc:2135 ncall:1.1e+07 eff:0.1% logz-ratio=23786859.15+/-0.25 dlogz:74891.513>0.01]12036it [14:17:06, 10.03s/it, bound:2526 nc:1821 ncall:1.1e+07 eff:0.1% logz-ratio=23786888.60+/-0.25 dlogz:74847.567>0.01]12039it [14:17:36,  9.98s/it, bound:2527 nc:1159 ncall:1.1e+07 eff:0.1% logz-ratio=23786973.83+/-0.25 dlogz:74770.312>0.01]12043it [14:18:19, 10.26s/it, bound:2528 nc:1898 ncall:1.1e+07 eff:0.1% logz-ratio=23787318.85+/-0.25 dlogz:74483.158>0.01]12047it [14:18:53,  9.73s/it, bound:2529 nc:1182 ncall:1.1e+07 eff:0.1% logz-ratio=23787631.07+/-0.25 dlogz:74361.025>0.01]12051it [14:19:38, 10.16s/it, bound:2530 nc:1632 ncall:1.1e+07 eff:0.1% logz-ratio=23787852.39+/-0.25 dlogz:73909.693>0.01]12055it [14:20:23, 10.56s/it, bound:2531 nc:2350 ncall:1.1e+07 eff:0.1% logz-ratio=23787968.30+/-0.25 dlogz:73743.729>0.01]12059it [14:21:13, 11.12s/it, bound:2532 nc:2248 ncall:1.1e+07 eff:0.1% logz-ratio=23788024.97+/-0.25 dlogz:73686.423>0.01]12063it [14:21:55, 10.93s/it, bound:2533 nc:1646 ncall:1.1e+07 eff:0.1% logz-ratio=23788108.51+/-0.25 dlogz:73608.384>0.01]12067it [14:22:33, 10.51s/it, bound:2534 nc:1587 ncall:1.1e+07 eff:0.1% logz-ratio=23788234.76+/-0.24 dlogz:73474.596>0.01]12071it [14:23:18, 10.72s/it, bound:2535 nc:1521 ncall:1.1e+07 eff:0.1% logz-ratio=23788299.78+/-0.24 dlogz:73408.412>0.01]12075it [14:23:57, 10.47s/it, bound:2536 nc:2014 ncall:1.1e+07 eff:0.1% logz-ratio=23788609.12+/-0.25 dlogz:73266.419>0.01]12079it [14:24:40, 10.55s/it, bound:2537 nc:1547 ncall:1.1e+07 eff:0.1% logz-ratio=23788746.11+/-0.25 dlogz:72992.967>0.01]12083it [14:25:25, 10.76s/it, bound:2538 nc:1483 ncall:1.1e+07 eff:0.1% logz-ratio=23788999.56+/-0.25 dlogz:72739.278>0.01]12087it [14:26:08, 10.75s/it, bound:2539 nc:1393 ncall:1.1e+07 eff:0.1% logz-ratio=23789252.94+/-0.25 dlogz:72544.940>0.01]12091it [14:26:48, 10.48s/it, bound:2540 nc:2058 ncall:1.1e+07 eff:0.1% logz-ratio=23789502.62+/-0.25 dlogz:72261.524>0.01]12095it [14:27:26, 10.26s/it, bound:2541 nc:1845 ncall:1.1e+07 eff:0.1% logz-ratio=23789632.91+/-0.25 dlogz:72079.272>0.01]12098it [14:27:37,  8.61s/it, bound:2542 nc:1868 ncall:1.1e+07 eff:0.1% logz-ratio=23789866.72+/-0.25 dlogz:71891.342>0.01]12099it [14:28:21, 12.34s/it, bound:2542 nc:2152 ncall:1.1e+07 eff:0.1% logz-ratio=23789874.18+/-0.25 dlogz:71839.877>0.01]12103it [14:29:01, 11.46s/it, bound:2543 nc:1347 ncall:1.1e+07 eff:0.1% logz-ratio=23790080.63+/-0.25 dlogz:71653.114>0.01]12107it [14:29:38, 10.69s/it, bound:2544 nc:2053 ncall:1.1e+07 eff:0.1% logz-ratio=23790263.57+/-0.25 dlogz:71480.919>0.01]12111it [14:30:14, 10.13s/it, bound:2545 nc:1520 ncall:1.1e+07 eff:0.1% logz-ratio=23790494.51+/-0.25 dlogz:71321.558>0.01]12115it [14:30:42,  9.13s/it, bound:2546 nc:1487 ncall:1.1e+07 eff:0.1% logz-ratio=23790560.41+/-0.25 dlogz:71166.453>0.01]12119it [14:31:24,  9.52s/it, bound:2547 nc:1893 ncall:1.1e+07 eff:0.1% logz-ratio=23790676.33+/-0.25 dlogz:71122.393>0.01]12123it [14:32:03,  9.63s/it, bound:2548 nc:1681 ncall:1.1e+07 eff:0.1% logz-ratio=23790941.78+/-0.25 dlogz:70876.688>0.01]12127it [14:32:41,  9.57s/it, bound:2549 nc:1849 ncall:1.1e+07 eff:0.1% logz-ratio=23791026.21+/-0.25 dlogz:70700.194>0.01]12131it [14:33:24,  9.89s/it, bound:2550 nc:2059 ncall:1.1e+07 eff:0.1% logz-ratio=23791144.38+/-0.24 dlogz:70563.485>0.01]12135it [14:33:58,  9.51s/it, bound:2551 nc:1282 ncall:1.1e+07 eff:0.1% logz-ratio=23791218.14+/-0.25 dlogz:70500.785>0.01]12139it [14:34:32,  9.18s/it, bound:2552 nc:1635 ncall:1.1e+07 eff:0.1% logz-ratio=23791296.36+/-0.25 dlogz:70413.203>0.01]12143it [14:35:15,  9.64s/it, bound:2553 nc:1740 ncall:1.1e+07 eff:0.1% logz-ratio=23791360.17+/-0.25 dlogz:70359.087>0.01]12147it [14:35:45,  9.01s/it, bound:2554 nc:1454 ncall:1.1e+07 eff:0.1% logz-ratio=23791457.07+/-0.25 dlogz:70253.639>0.01]12151it [14:36:22,  9.06s/it, bound:2555 nc:1086 ncall:1.1e+07 eff:0.1% logz-ratio=23791705.02+/-0.25 dlogz:70040.731>0.01]12155it [14:36:55,  8.84s/it, bound:2556 nc:1490 ncall:1.1e+07 eff:0.1% logz-ratio=23791936.35+/-0.25 dlogz:69798.326>0.01]12159it [14:37:24,  8.37s/it, bound:2557 nc:1318 ncall:1.1e+07 eff:0.1% logz-ratio=23791973.31+/-0.25 dlogz:69741.480>0.01]12163it [14:37:59,  8.45s/it, bound:2558 nc:1713 ncall:1.1e+07 eff:0.1% logz-ratio=23792213.23+/-0.25 dlogz:69550.548>0.01]12164it [14:38:09,  8.64s/it, bound:2558 nc:1312 ncall:1.1e+07 eff:0.1% logz-ratio=23792225.26+/-0.25 dlogz:69493.229>0.01]12167it [14:38:52, 10.28s/it, bound:2559 nc:1951 ncall:1.1e+07 eff:0.1% logz-ratio=23792495.23+/-0.25 dlogz:69325.887>0.01]12171it [14:39:26,  9.71s/it, bound:2560 nc:1686 ncall:1.1e+07 eff:0.1% logz-ratio=23792678.87+/-0.25 dlogz:69050.935>0.01]12175it [14:40:05,  9.70s/it, bound:2561 nc:1412 ncall:1.1e+07 eff:0.1% logz-ratio=23792779.05+/-0.25 dlogz:68964.027>0.01]12179it [14:40:45,  9.76s/it, bound:2562 nc:1784 ncall:1.2e+07 eff:0.1% logz-ratio=23792948.06+/-0.25 dlogz:68783.770>0.01]12183it [14:41:31, 10.30s/it, bound:2563 nc:1928 ncall:1.2e+07 eff:0.1% logz-ratio=23793056.92+/-0.25 dlogz:68662.733>0.01]12187it [14:42:13, 10.39s/it, bound:2564 nc:1241 ncall:1.2e+07 eff:0.1% logz-ratio=23793115.30+/-0.25 dlogz:68603.902>0.01]12191it [14:42:54, 10.38s/it, bound:2565 nc:2164 ncall:1.2e+07 eff:0.1% logz-ratio=23793311.21+/-0.25 dlogz:68407.288>0.01]12195it [14:43:38, 10.54s/it, bound:2566 nc:1497 ncall:1.2e+07 eff:0.1% logz-ratio=23793437.33+/-0.25 dlogz:68294.684>0.01]12199it [14:44:23, 10.77s/it, bound:2567 nc:1492 ncall:1.2e+07 eff:0.1% logz-ratio=23793561.93+/-0.25 dlogz:68156.765>0.01]12203it [14:44:59, 10.21s/it, bound:2568 nc:1874 ncall:1.2e+07 eff:0.1% logz-ratio=23793643.01+/-0.25 dlogz:68095.579>0.01]12207it [14:45:41, 10.33s/it, bound:2569 nc:1754 ncall:1.2e+07 eff:0.1% logz-ratio=23793779.37+/-0.25 dlogz:67952.873>0.01]12211it [14:46:15,  9.75s/it, bound:2570 nc:1719 ncall:1.2e+07 eff:0.1% logz-ratio=23794005.71+/-0.25 dlogz:67731.273>0.01]12215it [14:46:49,  9.42s/it, bound:2571 nc:1535 ncall:1.2e+07 eff:0.1% logz-ratio=23794100.40+/-0.25 dlogz:67653.278>0.01]12219it [14:47:31,  9.72s/it, bound:2572 nc:2146 ncall:1.2e+07 eff:0.1% logz-ratio=23794269.40+/-0.25 dlogz:67438.181>0.01]12223it [14:48:14, 10.03s/it, bound:2573 nc:1855 ncall:1.2e+07 eff:0.1% logz-ratio=23794318.82+/-0.25 dlogz:67407.730>0.01]12226it [14:48:25,  8.49s/it, bound:2574 nc:1739 ncall:1.2e+07 eff:0.1% logz-ratio=23794433.94+/-0.25 dlogz:67331.763>0.01]12227it [14:49:07, 11.90s/it, bound:2574 nc:2353 ncall:1.2e+07 eff:0.1% logz-ratio=23794480.93+/-0.25 dlogz:67272.402>0.01]12231it [14:49:49, 11.38s/it, bound:2575 nc:2326 ncall:1.2e+07 eff:0.1% logz-ratio=23794674.63+/-0.25 dlogz:67045.652>0.01]12235it [14:50:25, 10.60s/it, bound:2576 nc:1916 ncall:1.2e+07 eff:0.1% logz-ratio=23794778.34+/-0.25 dlogz:66958.576>0.01]12239it [14:51:04, 10.30s/it, bound:2577 nc:1704 ncall:1.2e+07 eff:0.1% logz-ratio=23794923.13+/-0.25 dlogz:66857.132>0.01]12243it [14:51:45, 10.32s/it, bound:2578 nc:1930 ncall:1.2e+07 eff:0.1% logz-ratio=23794995.63+/-0.25 dlogz:66714.046>0.01]12247it [14:52:21,  9.89s/it, bound:2579 nc:2061 ncall:1.2e+07 eff:0.1% logz-ratio=23795188.95+/-0.25 dlogz:66574.728>0.01]12251it [14:53:04, 10.16s/it, bound:2580 nc:1492 ncall:1.2e+07 eff:0.1% logz-ratio=23795344.79+/-0.22 dlogz:66363.067>0.01]12255it [14:53:49, 10.51s/it, bound:2581 nc:2033 ncall:1.2e+07 eff:0.1% logz-ratio=23795561.84+/-0.25 dlogz:66173.413>0.01]12259it [14:54:21,  9.68s/it, bound:2582 nc:1653 ncall:1.2e+07 eff:0.1% logz-ratio=23795617.35+/-0.25 dlogz:66108.704>0.01]12263it [14:54:56,  9.45s/it, bound:2583 nc:1392 ncall:1.2e+07 eff:0.1% logz-ratio=23795820.80+/-0.25 dlogz:65902.164>0.01]12267it [14:55:34,  9.45s/it, bound:2584 nc:2310 ncall:1.2e+07 eff:0.1% logz-ratio=23796000.79+/-0.25 dlogz:65713.524>0.01]12271it [14:56:09,  9.25s/it, bound:2585 nc:1826 ncall:1.2e+07 eff:0.1% logz-ratio=23796127.46+/-0.25 dlogz:65605.865>0.01]12275it [14:56:57, 10.05s/it, bound:2586 nc:1962 ncall:1.2e+07 eff:0.1% logz-ratio=23796314.66+/-0.25 dlogz:65424.898>0.01]12279it [14:57:33,  9.79s/it, bound:2587 nc:2204 ncall:1.2e+07 eff:0.1% logz-ratio=23796466.75+/-0.25 dlogz:65242.450>0.01]12283it [14:58:14,  9.90s/it, bound:2588 nc:2237 ncall:1.2e+07 eff:0.1% logz-ratio=23796705.12+/-0.25 dlogz:65059.858>0.01]12287it [14:58:56, 10.09s/it, bound:2589 nc:2068 ncall:1.2e+07 eff:0.1% logz-ratio=23796934.79+/-0.25 dlogz:64800.376>0.01]12289it [14:59:07,  9.24s/it, bound:2589 nc:2094 ncall:1.2e+07 eff:0.1% logz-ratio=23796974.99+/-0.25 dlogz:64761.216>0.01]12291it [14:59:50, 11.70s/it, bound:2590 nc:1468 ncall:1.2e+07 eff:0.1% logz-ratio=23796979.38+/-0.25 dlogz:64729.733>0.01]12295it [15:00:37, 11.73s/it, bound:2591 nc:2373 ncall:1.2e+07 eff:0.1% logz-ratio=23797066.94+/-0.25 dlogz:64664.487>0.01]12299it [15:01:23, 11.70s/it, bound:2592 nc:2131 ncall:1.2e+07 eff:0.1% logz-ratio=23797142.52+/-0.25 dlogz:64602.814>0.01]12303it [15:02:01, 10.97s/it, bound:2593 nc:2046 ncall:1.2e+07 eff:0.1% logz-ratio=23797268.40+/-0.25 dlogz:64467.829>0.01]12307it [15:02:40, 10.58s/it, bound:2594 nc:1743 ncall:1.2e+07 eff:0.1% logz-ratio=23797360.98+/-0.25 dlogz:64391.419>0.01]12311it [15:03:16, 10.08s/it, bound:2595 nc:1765 ncall:1.2e+07 eff:0.1% logz-ratio=23797432.78+/-0.25 dlogz:64295.021>0.01]12315it [15:03:50,  9.55s/it, bound:2596 nc:1730 ncall:1.2e+07 eff:0.1% logz-ratio=23797638.24+/-0.25 dlogz:64186.032>0.01]12319it [15:04:33,  9.97s/it, bound:2597 nc:1799 ncall:1.2e+07 eff:0.1% logz-ratio=23797969.23+/-0.25 dlogz:63976.408>0.01]12323it [15:05:15, 10.10s/it, bound:2598 nc:2189 ncall:1.2e+07 eff:0.1% logz-ratio=23798349.23+/-0.25 dlogz:63406.131>0.01]12327it [15:05:52,  9.82s/it, bound:2599 nc:2020 ncall:1.2e+07 eff:0.1% logz-ratio=23798473.86+/-0.25 dlogz:63241.625>0.01]12331it [15:06:35, 10.10s/it, bound:2600 nc:1819 ncall:1.2e+07 eff:0.1% logz-ratio=23798583.89+/-0.25 dlogz:63139.204>0.01]12335it [15:07:13,  9.97s/it, bound:2601 nc:2032 ncall:1.2e+07 eff:0.1% logz-ratio=23798678.43+/-0.25 dlogz:63046.829>0.01]12339it [15:07:58, 10.35s/it, bound:2602 nc:1584 ncall:1.2e+07 eff:0.1% logz-ratio=23798846.53+/-0.25 dlogz:62917.209>0.01]12343it [15:08:38, 10.21s/it, bound:2603 nc:2104 ncall:1.2e+07 eff:0.1% logz-ratio=23799043.33+/-0.25 dlogz:62670.867>0.01]12347it [15:09:06,  9.28s/it, bound:2604 nc:1911 ncall:1.2e+07 eff:0.1% logz-ratio=23799078.12+/-0.25 dlogz:62630.072>0.01]12349it [15:09:10,  7.99s/it, bound:2604 nc:1587 ncall:1.2e+07 eff:0.1% logz-ratio=23799122.32+/-0.25 dlogz:62587.416>0.01]12351it [15:09:42,  9.59s/it, bound:2605 nc:1671 ncall:1.2e+07 eff:0.1% logz-ratio=23799145.21+/-0.25 dlogz:62582.014>0.01]12355it [15:10:16,  9.16s/it, bound:2606 nc:2300 ncall:1.2e+07 eff:0.1% logz-ratio=23799363.99+/-0.25 dlogz:62477.503>0.01]12359it [15:10:47,  8.71s/it, bound:2607 nc:968 ncall:1.2e+07 eff:0.1% logz-ratio=23799462.30+/-0.25 dlogz:62263.524>0.01] 12363it [15:11:18,  8.39s/it, bound:2608 nc:1630 ncall:1.2e+07 eff:0.1% logz-ratio=23799559.71+/-0.25 dlogz:62185.592>0.01]12367it [15:11:49,  8.20s/it, bound:2609 nc:2023 ncall:1.2e+07 eff:0.1% logz-ratio=23799895.38+/-0.25 dlogz:61853.757>0.01]12371it [15:12:22,  8.23s/it, bound:2610 nc:1984 ncall:1.2e+07 eff:0.1% logz-ratio=23800028.55+/-0.25 dlogz:61685.482>0.01]12375it [15:12:59,  8.54s/it, bound:2611 nc:2472 ncall:1.2e+07 eff:0.1% logz-ratio=23800081.17+/-0.25 dlogz:61626.537>0.01]12379it [15:13:30,  8.30s/it, bound:2612 nc:2010 ncall:1.2e+07 eff:0.1% logz-ratio=23800276.06+/-0.25 dlogz:61437.493>0.01]12383it [15:14:03,  8.26s/it, bound:2613 nc:1720 ncall:1.2e+07 eff:0.1% logz-ratio=23800465.04+/-0.25 dlogz:61256.474>0.01]12387it [15:14:36,  8.26s/it, bound:2614 nc:1692 ncall:1.2e+07 eff:0.1% logz-ratio=23800596.12+/-0.25 dlogz:61123.319>0.01]12391it [15:15:10,  8.34s/it, bound:2615 nc:2079 ncall:1.2e+07 eff:0.1% logz-ratio=23800818.48+/-0.25 dlogz:60959.782>0.01]12395it [15:15:46,  8.54s/it, bound:2616 nc:1611 ncall:1.2e+07 eff:0.1% logz-ratio=23800882.49+/-0.25 dlogz:60827.100>0.01]12399it [15:16:17,  8.31s/it, bound:2617 nc:1792 ncall:1.2e+07 eff:0.1% logz-ratio=23801040.92+/-0.25 dlogz:60690.701>0.01]12403it [15:16:53,  8.50s/it, bound:2618 nc:1276 ncall:1.2e+07 eff:0.1% logz-ratio=23801200.93+/-0.25 dlogz:60518.402>0.01]12407it [15:17:24,  8.30s/it, bound:2619 nc:1249 ncall:1.2e+07 eff:0.1% logz-ratio=23801281.43+/-0.25 dlogz:60441.549>0.01]12411it [15:18:03,  8.68s/it, bound:2620 nc:1283 ncall:1.2e+07 eff:0.1% logz-ratio=23801491.94+/-0.25 dlogz:60310.858>0.01]12415it [15:18:46,  9.34s/it, bound:2621 nc:1814 ncall:1.2e+07 eff:0.1% logz-ratio=23801576.12+/-0.25 dlogz:60135.331>0.01]12419it [15:19:28,  9.63s/it, bound:2622 nc:2376 ncall:1.2e+07 eff:0.1% logz-ratio=23801690.49+/-0.25 dlogz:60107.602>0.01]12420it [15:19:38,  9.72s/it, bound:2622 nc:2164 ncall:1.2e+07 eff:0.1% logz-ratio=23801697.49+/-0.25 dlogz:60015.459>0.01]12423it [15:20:25, 11.44s/it, bound:2623 nc:1821 ncall:1.2e+07 eff:0.1% logz-ratio=23801770.76+/-0.25 dlogz:59963.568>0.01]12427it [15:21:03, 10.74s/it, bound:2624 nc:1815 ncall:1.2e+07 eff:0.1% logz-ratio=23801824.36+/-0.25 dlogz:59892.935>0.01]12431it [15:21:42, 10.46s/it, bound:2625 nc:2030 ncall:1.2e+07 eff:0.1% logz-ratio=23801970.97+/-0.25 dlogz:59740.066>0.01]12435it [15:22:20, 10.14s/it, bound:2626 nc:1732 ncall:1.2e+07 eff:0.1% logz-ratio=23802184.45+/-0.25 dlogz:59527.219>0.01]12439it [15:22:57,  9.83s/it, bound:2627 nc:1526 ncall:1.2e+07 eff:0.1% logz-ratio=23802235.35+/-0.25 dlogz:59487.214>0.01]12443it [15:23:41, 10.20s/it, bound:2628 nc:1377 ncall:1.2e+07 eff:0.1% logz-ratio=23802327.55+/-0.25 dlogz:59382.581>0.01]12447it [15:24:23, 10.31s/it, bound:2629 nc:2169 ncall:1.2e+07 eff:0.1% logz-ratio=23802471.66+/-0.25 dlogz:59254.019>0.01]12451it [15:25:07, 10.52s/it, bound:2630 nc:2124 ncall:1.2e+07 eff:0.1% logz-ratio=23802573.65+/-0.25 dlogz:59141.952>0.01]12455it [15:25:51, 10.61s/it, bound:2631 nc:1670 ncall:1.2e+07 eff:0.1% logz-ratio=23802743.04+/-0.25 dlogz:59003.831>0.01]12459it [15:26:28, 10.22s/it, bound:2632 nc:1276 ncall:1.2e+07 eff:0.1% logz-ratio=23802813.53+/-0.25 dlogz:58908.831>0.01]12463it [15:27:03,  9.82s/it, bound:2633 nc:1810 ncall:1.2e+07 eff:0.1% logz-ratio=23802917.96+/-0.25 dlogz:58819.185>0.01]12467it [15:27:47, 10.16s/it, bound:2634 nc:2352 ncall:1.2e+07 eff:0.1% logz-ratio=23803087.18+/-0.25 dlogz:58734.722>0.01]12471it [15:28:28, 10.18s/it, bound:2635 nc:1930 ncall:1.2e+07 eff:0.1% logz-ratio=23803097.64+/-0.25 dlogz:58608.889>0.01]12475it [15:29:05,  9.90s/it, bound:2636 nc:1745 ncall:1.2e+07 eff:0.1% logz-ratio=23803236.23+/-0.25 dlogz:58504.007>0.01]12479it [15:29:40,  9.57s/it, bound:2637 nc:1902 ncall:1.2e+07 eff:0.1% logz-ratio=23803398.39+/-0.25 dlogz:58311.759>0.01]12481it [15:29:50,  8.76s/it, bound:2637 nc:2235 ncall:1.2e+07 eff:0.1% logz-ratio=23803440.18+/-0.25 dlogz:58297.951>0.01]12483it [15:30:22, 10.23s/it, bound:2638 nc:1745 ncall:1.2e+07 eff:0.1% logz-ratio=23803705.51+/-0.25 dlogz:58133.612>0.01]12487it [15:30:52,  9.22s/it, bound:2639 nc:1880 ncall:1.2e+07 eff:0.1% logz-ratio=23803823.88+/-0.25 dlogz:57895.521>0.01]12491it [15:31:26,  8.96s/it, bound:2640 nc:1855 ncall:1.2e+07 eff:0.1% logz-ratio=23803942.84+/-0.25 dlogz:57813.711>0.01]12495it [15:31:58,  8.65s/it, bound:2641 nc:2123 ncall:1.2e+07 eff:0.1% logz-ratio=23804048.03+/-0.25 dlogz:57668.867>0.01]12499it [15:32:33,  8.68s/it, bound:2642 nc:2111 ncall:1.2e+07 eff:0.1% logz-ratio=23804148.39+/-0.25 dlogz:57569.871>0.01]12503it [15:33:08,  8.66s/it, bound:2643 nc:1906 ncall:1.2e+07 eff:0.1% logz-ratio=23804232.40+/-0.25 dlogz:57479.461>0.01]12507it [15:33:37,  8.23s/it, bound:2644 nc:1637 ncall:1.2e+07 eff:0.1% logz-ratio=23804320.06+/-0.25 dlogz:57428.647>0.01]12511it [15:34:11,  8.31s/it, bound:2645 nc:1828 ncall:1.2e+07 eff:0.1% logz-ratio=23804365.77+/-0.25 dlogz:57350.723>0.01]12515it [15:34:45,  8.39s/it, bound:2646 nc:2233 ncall:1.2e+07 eff:0.1% logz-ratio=23804509.59+/-0.25 dlogz:57233.412>0.01]12519it [15:35:16,  8.17s/it, bound:2647 nc:1708 ncall:1.2e+07 eff:0.1% logz-ratio=23804685.45+/-0.25 dlogz:57099.377>0.01]12523it [15:35:53,  8.51s/it, bound:2648 nc:2014 ncall:1.2e+07 eff:0.1% logz-ratio=23804859.09+/-0.25 dlogz:56863.018>0.01]12527it [15:36:31,  8.84s/it, bound:2649 nc:1754 ncall:1.2e+07 eff:0.1% logz-ratio=23805021.44+/-0.25 dlogz:56769.332>0.01]12531it [15:37:05,  8.72s/it, bound:2650 nc:1627 ncall:1.2e+07 eff:0.1% logz-ratio=23805181.99+/-0.25 dlogz:56528.242>0.01]12535it [15:37:35,  8.38s/it, bound:2651 nc:1241 ncall:1.2e+07 eff:0.1% logz-ratio=23805244.66+/-0.25 dlogz:56474.170>0.01]12539it [15:38:08,  8.33s/it, bound:2652 nc:2037 ncall:1.2e+07 eff:0.1% logz-ratio=23805371.43+/-0.25 dlogz:56336.058>0.01]12543it [15:38:34,  7.74s/it, bound:2653 nc:1628 ncall:1.2e+07 eff:0.1% logz-ratio=23805635.03+/-0.25 dlogz:56127.447>0.01]12547it [15:39:09,  8.03s/it, bound:2654 nc:1621 ncall:1.2e+07 eff:0.1% logz-ratio=23805788.72+/-0.25 dlogz:55959.457>0.01]12551it [15:39:48,  8.55s/it, bound:2655 nc:2444 ncall:1.2e+07 eff:0.1% logz-ratio=23805850.69+/-0.25 dlogz:55883.189>0.01]12552it [15:39:56,  8.52s/it, bound:2655 nc:1748 ncall:1.2e+07 eff:0.1% logz-ratio=23805861.38+/-0.25 dlogz:55854.993>0.01]12555it [15:40:35,  9.83s/it, bound:2656 nc:1930 ncall:1.2e+07 eff:0.1% logz-ratio=23805996.17+/-0.25 dlogz:55830.564>0.01]12559it [15:41:18, 10.21s/it, bound:2657 nc:1681 ncall:1.2e+07 eff:0.1% logz-ratio=23806151.33+/-0.25 dlogz:55631.954>0.01]12563it [15:42:08, 10.93s/it, bound:2658 nc:1982 ncall:1.2e+07 eff:0.1% logz-ratio=23806351.59+/-0.25 dlogz:55439.367>0.01]12567it [15:42:58, 11.48s/it, bound:2659 nc:1779 ncall:1.2e+07 eff:0.1% logz-ratio=23806440.95+/-0.25 dlogz:55274.025>0.01]12571it [15:43:45, 11.60s/it, bound:2660 nc:2159 ncall:1.2e+07 eff:0.1% logz-ratio=23806525.87+/-0.25 dlogz:55198.316>0.01]12575it [15:44:30, 11.43s/it, bound:2661 nc:1894 ncall:1.2e+07 eff:0.1% logz-ratio=23806637.09+/-0.25 dlogz:55108.894>0.01]12579it [15:45:06, 10.68s/it, bound:2662 nc:2039 ncall:1.2e+07 eff:0.1% logz-ratio=23806711.25+/-0.25 dlogz:55022.772>0.01]12583it [15:45:44, 10.36s/it, bound:2663 nc:1988 ncall:1.2e+07 eff:0.1% logz-ratio=23806766.51+/-0.25 dlogz:54952.873>0.01]12587it [15:46:28, 10.55s/it, bound:2664 nc:1933 ncall:1.2e+07 eff:0.1% logz-ratio=23806883.16+/-0.25 dlogz:54865.949>0.01]12591it [15:47:13, 10.74s/it, bound:2665 nc:2522 ncall:1.2e+07 eff:0.1% logz-ratio=23807038.56+/-0.25 dlogz:54692.417>0.01]12595it [15:47:53, 10.49s/it, bound:2666 nc:2037 ncall:1.2e+07 eff:0.1% logz-ratio=23807174.77+/-0.25 dlogz:54595.953>0.01]12599it [15:48:28, 10.02s/it, bound:2667 nc:1683 ncall:1.2e+07 eff:0.1% logz-ratio=23807192.71+/-0.25 dlogz:54516.918>0.01]12603it [15:49:09, 10.10s/it, bound:2668 nc:2172 ncall:1.2e+07 eff:0.1% logz-ratio=23807286.99+/-0.25 dlogz:54466.895>0.01]12607it [15:49:49, 10.07s/it, bound:2669 nc:1956 ncall:1.2e+07 eff:0.1% logz-ratio=23807385.79+/-0.25 dlogz:54330.153>0.01]12611it [15:50:39, 10.77s/it, bound:2670 nc:2258 ncall:1.2e+07 eff:0.1% logz-ratio=23807427.88+/-0.25 dlogz:54279.093>0.01]12612it [15:50:50, 10.77s/it, bound:2670 nc:1978 ncall:1.2e+07 eff:0.1% logz-ratio=23807439.60+/-0.25 dlogz:54277.685>0.01]12615it [15:51:26, 11.12s/it, bound:2671 nc:1550 ncall:1.2e+07 eff:0.1% logz-ratio=23807497.55+/-0.25 dlogz:54219.977>0.01]12619it [15:52:05, 10.63s/it, bound:2672 nc:2132 ncall:1.2e+07 eff:0.1% logz-ratio=23807668.60+/-0.25 dlogz:54062.119>0.01]12623it [15:52:40, 10.01s/it, bound:2673 nc:2387 ncall:1.2e+07 eff:0.1% logz-ratio=23807908.96+/-0.25 dlogz:53840.756>0.01]12627it [15:53:12,  9.39s/it, bound:2674 nc:1280 ncall:1.2e+07 eff:0.1% logz-ratio=23807969.99+/-0.25 dlogz:53741.816>0.01]12631it [15:53:49,  9.33s/it, bound:2675 nc:1978 ncall:1.2e+07 eff:0.1% logz-ratio=23808091.22+/-0.25 dlogz:53658.801>0.01]12635it [15:54:21,  8.90s/it, bound:2676 nc:949 ncall:1.2e+07 eff:0.1% logz-ratio=23808206.80+/-0.25 dlogz:53513.485>0.01] 12639it [15:55:05,  9.58s/it, bound:2677 nc:2711 ncall:1.2e+07 eff:0.1% logz-ratio=23808311.15+/-0.25 dlogz:53444.397>0.01]12643it [15:55:51, 10.15s/it, bound:2678 nc:1902 ncall:1.2e+07 eff:0.1% logz-ratio=23808522.09+/-0.25 dlogz:53298.036>0.01]12647it [15:56:32, 10.17s/it, bound:2679 nc:2462 ncall:1.2e+07 eff:0.1% logz-ratio=23808715.30+/-0.25 dlogz:53056.722>0.01]12651it [15:57:15, 10.36s/it, bound:2680 nc:2134 ncall:1.2e+07 eff:0.1% logz-ratio=23808866.22+/-0.25 dlogz:52847.898>0.01]12655it [15:58:06, 11.04s/it, bound:2681 nc:2734 ncall:1.2e+07 eff:0.1% logz-ratio=23809010.87+/-0.25 dlogz:52719.306>0.01]12659it [15:58:44, 10.63s/it, bound:2682 nc:1978 ncall:1.2e+07 eff:0.1% logz-ratio=23809121.06+/-0.25 dlogz:52588.726>0.01]12663it [15:59:29, 10.75s/it, bound:2683 nc:2119 ncall:1.2e+07 eff:0.1% logz-ratio=23809236.64+/-0.25 dlogz:52512.532>0.01]12667it [16:00:16, 11.10s/it, bound:2684 nc:1980 ncall:1.2e+07 eff:0.1% logz-ratio=23809384.75+/-0.25 dlogz:52339.657>0.01]12671it [16:00:59, 10.98s/it, bound:2685 nc:1565 ncall:1.2e+07 eff:0.1% logz-ratio=23809482.45+/-0.25 dlogz:52244.270>0.01]12672it [16:01:09, 10.90s/it, bound:2685 nc:1571 ncall:1.2e+07 eff:0.1% logz-ratio=23809503.82+/-0.25 dlogz:52222.999>0.01]12675it [16:01:43, 11.01s/it, bound:2686 nc:1492 ncall:1.2e+07 eff:0.1% logz-ratio=23809604.15+/-0.25 dlogz:52109.415>0.01]12679it [16:02:09,  9.44s/it, bound:2687 nc:1220 ncall:1.2e+07 eff:0.1% logz-ratio=23809697.61+/-0.25 dlogz:52030.559>0.01]12683it [16:02:43,  9.06s/it, bound:2688 nc:1712 ncall:1.2e+07 eff:0.1% logz-ratio=23809784.87+/-0.25 dlogz:51972.239>0.01]12687it [16:03:24,  9.45s/it, bound:2689 nc:2217 ncall:1.2e+07 eff:0.1% logz-ratio=23809859.62+/-0.25 dlogz:51857.239>0.01]12691it [16:03:57,  9.13s/it, bound:2690 nc:2023 ncall:1.2e+07 eff:0.1% logz-ratio=23809991.00+/-0.25 dlogz:51789.629>0.01]12695it [16:04:30,  8.79s/it, bound:2691 nc:2118 ncall:1.2e+07 eff:0.1% logz-ratio=23810141.74+/-0.25 dlogz:51584.845>0.01]12699it [16:05:01,  8.52s/it, bound:2692 nc:2105 ncall:1.2e+07 eff:0.1% logz-ratio=23810190.98+/-0.25 dlogz:51517.836>0.01]12703it [16:05:37,  8.65s/it, bound:2693 nc:2333 ncall:1.2e+07 eff:0.1% logz-ratio=23810356.74+/-0.25 dlogz:51461.312>0.01]12707it [16:06:13,  8.71s/it, bound:2694 nc:2394 ncall:1.2e+07 eff:0.1% logz-ratio=23810438.00+/-0.25 dlogz:51304.117>0.01]12711it [16:06:46,  8.64s/it, bound:2695 nc:2046 ncall:1.3e+07 eff:0.1% logz-ratio=23810552.50+/-0.25 dlogz:51169.988>0.01]12715it [16:07:23,  8.81s/it, bound:2696 nc:1873 ncall:1.3e+07 eff:0.1% logz-ratio=23810714.79+/-0.25 dlogz:51056.436>0.01]12719it [16:07:50,  8.21s/it, bound:2697 nc:1276 ncall:1.3e+07 eff:0.1% logz-ratio=23810880.34+/-0.25 dlogz:50867.000>0.01]12723it [16:08:24,  8.22s/it, bound:2698 nc:1983 ncall:1.3e+07 eff:0.1% logz-ratio=23811088.30+/-0.25 dlogz:50635.609>0.01]12727it [16:09:00,  8.49s/it, bound:2699 nc:1498 ncall:1.3e+07 eff:0.1% logz-ratio=23811170.08+/-0.25 dlogz:50546.354>0.01]12731it [16:09:30,  8.19s/it, bound:2700 nc:1808 ncall:1.3e+07 eff:0.1% logz-ratio=23811267.65+/-0.25 dlogz:50442.325>0.01]12735it [16:10:01,  8.06s/it, bound:2701 nc:1705 ncall:1.3e+07 eff:0.1% logz-ratio=23811419.45+/-0.25 dlogz:50310.353>0.01]12739it [16:10:36,  8.26s/it, bound:2702 nc:1774 ncall:1.3e+07 eff:0.1% logz-ratio=23811661.89+/-0.25 dlogz:50090.140>0.01]12743it [16:11:14,  8.61s/it, bound:2703 nc:1935 ncall:1.3e+07 eff:0.1% logz-ratio=23811772.91+/-0.25 dlogz:50022.696>0.01]12746it [16:11:24,  7.33s/it, bound:2704 nc:1639 ncall:1.3e+07 eff:0.1% logz-ratio=23811885.55+/-0.22 dlogz:49821.266>0.01]12747it [16:12:01, 10.43s/it, bound:2704 nc:2490 ncall:1.3e+07 eff:0.1% logz-ratio=23811894.18+/-0.25 dlogz:49819.747>0.01]12751it [16:12:29,  9.13s/it, bound:2705 nc:1851 ncall:1.3e+07 eff:0.1% logz-ratio=23811928.09+/-0.25 dlogz:49784.465>0.01]12755it [16:13:07,  9.29s/it, bound:2706 nc:1959 ncall:1.3e+07 eff:0.1% logz-ratio=23812034.91+/-0.25 dlogz:49673.597>0.01]12759it [16:13:38,  8.76s/it, bound:2707 nc:2051 ncall:1.3e+07 eff:0.1% logz-ratio=23812082.96+/-0.25 dlogz:49627.186>0.01]12763it [16:14:20,  9.33s/it, bound:2708 nc:2198 ncall:1.3e+07 eff:0.1% logz-ratio=23812172.53+/-0.25 dlogz:49582.159>0.01]12767it [16:14:52,  8.94s/it, bound:2709 nc:2098 ncall:1.3e+07 eff:0.1% logz-ratio=23812253.76+/-0.25 dlogz:49479.982>0.01]12771it [16:15:29,  8.99s/it, bound:2710 nc:2438 ncall:1.3e+07 eff:0.1% logz-ratio=23812490.26+/-0.25 dlogz:49290.653>0.01]12775it [16:16:04,  8.95s/it, bound:2711 nc:2150 ncall:1.3e+07 eff:0.1% logz-ratio=23812681.94+/-0.25 dlogz:49162.543>0.01]12779it [16:16:41,  9.07s/it, bound:2712 nc:1818 ncall:1.3e+07 eff:0.1% logz-ratio=23812837.63+/-0.25 dlogz:48940.392>0.01]12783it [16:17:18,  9.06s/it, bound:2713 nc:2387 ncall:1.3e+07 eff:0.1% logz-ratio=23812923.87+/-0.25 dlogz:48807.637>0.01]12787it [16:17:57,  9.30s/it, bound:2714 nc:2625 ncall:1.3e+07 eff:0.1% logz-ratio=23813086.57+/-0.25 dlogz:48735.069>0.01]12791it [16:18:32,  9.10s/it, bound:2715 nc:1842 ncall:1.3e+07 eff:0.1% logz-ratio=23813218.47+/-0.25 dlogz:48568.471>0.01]12795it [16:19:09,  9.17s/it, bound:2716 nc:2149 ncall:1.3e+07 eff:0.1% logz-ratio=23813352.90+/-0.25 dlogz:48359.216>0.01]12799it [16:19:41,  8.82s/it, bound:2717 nc:1768 ncall:1.3e+07 eff:0.1% logz-ratio=23813383.11+/-0.25 dlogz:48325.314>0.01]12803it [16:20:23,  9.32s/it, bound:2718 nc:2626 ncall:1.3e+07 eff:0.1% logz-ratio=23813470.15+/-0.26 dlogz:48248.777>0.01]12807it [16:21:04,  9.58s/it, bound:2719 nc:2542 ncall:1.3e+07 eff:0.1% logz-ratio=23813535.56+/-0.25 dlogz:48193.397>0.01]12811it [16:21:52, 10.36s/it, bound:2720 nc:1758 ncall:1.3e+07 eff:0.1% logz-ratio=23813640.61+/-0.25 dlogz:48066.432>0.01]12813it [16:22:03,  9.50s/it, bound:2720 nc:1746 ncall:1.3e+07 eff:0.1% logz-ratio=23813719.46+/-0.25 dlogz:48058.211>0.01]12815it [16:22:45, 11.79s/it, bound:2721 nc:1951 ncall:1.3e+07 eff:0.1% logz-ratio=23813809.69+/-0.25 dlogz:47965.118>0.01]12819it [16:23:33, 11.90s/it, bound:2722 nc:1944 ncall:1.3e+07 eff:0.1% logz-ratio=23813911.28+/-0.25 dlogz:47803.160>0.01]12823it [16:24:22, 11.96s/it, bound:2723 nc:2423 ncall:1.3e+07 eff:0.1% logz-ratio=23813968.35+/-0.25 dlogz:47747.733>0.01]12827it [16:25:08, 11.85s/it, bound:2724 nc:1952 ncall:1.3e+07 eff:0.1% logz-ratio=23814164.81+/-0.25 dlogz:47631.355>0.01]12831it [16:25:57, 11.94s/it, bound:2725 nc:1602 ncall:1.3e+07 eff:0.1% logz-ratio=23814265.15+/-0.25 dlogz:47449.225>0.01]12834it [16:26:37, 12.29s/it, bound:2726 nc:938 ncall:1.3e+07 eff:0.1% logz-ratio=23814425.41+/-0.25 dlogz:47333.881>0.01] 12838it [16:27:16, 11.50s/it, bound:2727 nc:1500 ncall:1.3e+07 eff:0.1% logz-ratio=23814503.92+/-0.25 dlogz:47203.713>0.01]12842it [16:27:47, 10.28s/it, bound:2728 nc:1833 ncall:1.3e+07 eff:0.1% logz-ratio=23814646.91+/-0.25 dlogz:47081.595>0.01]12846it [16:28:20,  9.63s/it, bound:2729 nc:1583 ncall:1.3e+07 eff:0.1% logz-ratio=23814779.46+/-0.26 dlogz:46980.420>0.01]12850it [16:28:59,  9.67s/it, bound:2730 nc:1108 ncall:1.3e+07 eff:0.1% logz-ratio=23814882.27+/-0.26 dlogz:46874.198>0.01]12854it [16:29:35,  9.48s/it, bound:2731 nc:2102 ncall:1.3e+07 eff:0.1% logz-ratio=23814938.47+/-0.26 dlogz:46791.742>0.01]12858it [16:30:16,  9.74s/it, bound:2732 nc:1722 ncall:1.3e+07 eff:0.1% logz-ratio=23814956.29+/-0.25 dlogz:46753.422>0.01]12862it [16:30:53,  9.60s/it, bound:2733 nc:1821 ncall:1.3e+07 eff:0.1% logz-ratio=23815053.83+/-0.26 dlogz:46662.549>0.01]12866it [16:31:34,  9.74s/it, bound:2734 nc:1407 ncall:1.3e+07 eff:0.1% logz-ratio=23815190.28+/-0.26 dlogz:46562.765>0.01]12870it [16:32:12,  9.72s/it, bound:2735 nc:2417 ncall:1.3e+07 eff:0.1% logz-ratio=23815273.06+/-0.25 dlogz:46434.258>0.01]12871it [16:32:23,  9.77s/it, bound:2735 nc:1657 ncall:1.3e+07 eff:0.1% logz-ratio=23815288.43+/-0.26 dlogz:46431.993>0.01]12874it [16:33:00, 10.59s/it, bound:2736 nc:1948 ncall:1.3e+07 eff:0.1% logz-ratio=23815334.44+/-0.25 dlogz:46373.872>0.01]12878it [16:33:40, 10.36s/it, bound:2737 nc:1871 ncall:1.3e+07 eff:0.1% logz-ratio=23815437.56+/-0.26 dlogz:46299.252>0.01]12882it [16:34:28, 10.95s/it, bound:2738 nc:2252 ncall:1.3e+07 eff:0.1% logz-ratio=23815575.27+/-0.26 dlogz:46178.916>0.01]12886it [16:35:06, 10.45s/it, bound:2739 nc:1952 ncall:1.3e+07 eff:0.1% logz-ratio=23815637.03+/-0.26 dlogz:46073.202>0.01]12890it [16:35:46, 10.28s/it, bound:2740 nc:1955 ncall:1.3e+07 eff:0.1% logz-ratio=23815775.88+/-0.26 dlogz:46033.233>0.01]12894it [16:36:22,  9.89s/it, bound:2741 nc:1655 ncall:1.3e+07 eff:0.1% logz-ratio=23815891.67+/-0.26 dlogz:45872.095>0.01]12898it [16:37:00,  9.77s/it, bound:2742 nc:1676 ncall:1.3e+07 eff:0.1% logz-ratio=23816118.69+/-0.26 dlogz:45596.832>0.01]12902it [16:37:32,  9.27s/it, bound:2743 nc:1237 ncall:1.3e+07 eff:0.1% logz-ratio=23816245.55+/-0.26 dlogz:45497.253>0.01]12906it [16:38:14,  9.59s/it, bound:2744 nc:1805 ncall:1.3e+07 eff:0.1% logz-ratio=23816349.73+/-0.26 dlogz:45363.812>0.01]12910it [16:38:52,  9.59s/it, bound:2745 nc:2316 ncall:1.3e+07 eff:0.1% logz-ratio=23816504.50+/-0.26 dlogz:45283.609>0.01]12914it [16:39:31,  9.61s/it, bound:2746 nc:1910 ncall:1.3e+07 eff:0.1% logz-ratio=23816676.69+/-0.26 dlogz:45101.818>0.01]12918it [16:40:14,  9.96s/it, bound:2747 nc:2150 ncall:1.3e+07 eff:0.1% logz-ratio=23816759.56+/-0.26 dlogz:44978.534>0.01]12922it [16:40:56, 10.15s/it, bound:2748 nc:2396 ncall:1.3e+07 eff:0.1% logz-ratio=23816915.36+/-0.26 dlogz:44818.266>0.01]12926it [16:41:37, 10.14s/it, bound:2749 nc:1809 ncall:1.3e+07 eff:0.1% logz-ratio=23816933.05+/-0.26 dlogz:44786.506>0.01]12930it [16:42:18, 10.21s/it, bound:2750 nc:1867 ncall:1.3e+07 eff:0.1% logz-ratio=23817190.66+/-0.26 dlogz:44569.417>0.01]12933it [16:42:28,  8.56s/it, bound:2751 nc:1429 ncall:1.3e+07 eff:0.1% logz-ratio=23817232.69+/-0.26 dlogz:44495.686>0.01]12934it [16:43:10, 11.95s/it, bound:2751 nc:1837 ncall:1.3e+07 eff:0.1% logz-ratio=23817259.81+/-0.26 dlogz:44472.231>0.01]12938it [16:43:55, 11.77s/it, bound:2752 nc:2455 ncall:1.3e+07 eff:0.1% logz-ratio=23817366.41+/-0.26 dlogz:44397.583>0.01]12942it [16:44:36, 11.20s/it, bound:2753 nc:1632 ncall:1.3e+07 eff:0.1% logz-ratio=23817436.16+/-0.26 dlogz:44318.996>0.01]12946it [16:45:13, 10.54s/it, bound:2754 nc:2040 ncall:1.3e+07 eff:0.1% logz-ratio=23817484.78+/-0.26 dlogz:44254.702>0.01]12950it [16:45:56, 10.66s/it, bound:2755 nc:1454 ncall:1.3e+07 eff:0.1% logz-ratio=23817610.45+/-0.26 dlogz:44120.165>0.01]12954it [16:46:31, 10.06s/it, bound:2756 nc:1534 ncall:1.3e+07 eff:0.1% logz-ratio=23817643.49+/-0.26 dlogz:44067.295>0.01]12958it [16:47:06,  9.66s/it, bound:2757 nc:1852 ncall:1.3e+07 eff:0.1% logz-ratio=23817697.12+/-0.26 dlogz:44013.729>0.01]12962it [16:47:49,  9.95s/it, bound:2758 nc:1646 ncall:1.3e+07 eff:0.1% logz-ratio=23817775.77+/-0.26 dlogz:43966.166>0.01]12966it [16:48:22,  9.47s/it, bound:2759 nc:1947 ncall:1.3e+07 eff:0.1% logz-ratio=23817944.01+/-0.26 dlogz:43823.255>0.01]12970it [16:48:54,  8.97s/it, bound:2760 nc:1452 ncall:1.3e+07 eff:0.1% logz-ratio=23817988.79+/-0.26 dlogz:43721.761>0.01]12974it [16:49:38,  9.64s/it, bound:2761 nc:2630 ncall:1.3e+07 eff:0.1% logz-ratio=23818171.07+/-0.26 dlogz:43584.765>0.01]12978it [16:50:13,  9.36s/it, bound:2762 nc:1574 ncall:1.3e+07 eff:0.1% logz-ratio=23818196.54+/-0.25 dlogz:43511.741>0.01]12982it [16:50:57,  9.85s/it, bound:2763 nc:2014 ncall:1.3e+07 eff:0.1% logz-ratio=23818380.20+/-0.26 dlogz:43379.482>0.01]12986it [16:51:37,  9.90s/it, bound:2764 nc:1671 ncall:1.3e+07 eff:0.1% logz-ratio=23818477.41+/-0.26 dlogz:43257.365>0.01]12990it [16:52:16,  9.84s/it, bound:2765 nc:1916 ncall:1.3e+07 eff:0.1% logz-ratio=23818508.42+/-0.26 dlogz:43201.683>0.01]12994it [16:53:00, 10.17s/it, bound:2766 nc:2289 ncall:1.3e+07 eff:0.1% logz-ratio=23818781.27+/-0.26 dlogz:42966.359>0.01]12995it [16:53:04,  9.61s/it, bound:2766 nc:2556 ncall:1.3e+07 eff:0.1% logz-ratio=23818785.83+/-0.25 dlogz:42923.536>0.01]12998it [16:53:42, 10.52s/it, bound:2767 nc:1771 ncall:1.3e+07 eff:0.1% logz-ratio=23818857.52+/-0.26 dlogz:42885.608>0.01]13002it [16:54:26, 10.62s/it, bound:2768 nc:2279 ncall:1.3e+07 eff:0.1% logz-ratio=23818953.54+/-0.26 dlogz:42817.878>0.01]13006it [16:55:06, 10.41s/it, bound:2769 nc:2361 ncall:1.3e+07 eff:0.1% logz-ratio=23819179.69+/-0.26 dlogz:42593.537>0.01]13010it [16:55:46, 10.27s/it, bound:2770 nc:1749 ncall:1.3e+07 eff:0.1% logz-ratio=23819343.87+/-0.26 dlogz:42420.472>0.01]13014it [16:56:30, 10.53s/it, bound:2771 nc:2390 ncall:1.3e+07 eff:0.1% logz-ratio=23819481.32+/-0.26 dlogz:42260.601>0.01]13018it [16:57:09, 10.32s/it, bound:2772 nc:2286 ncall:1.3e+07 eff:0.1% logz-ratio=23819551.20+/-0.26 dlogz:42181.157>0.01]13022it [16:57:57, 10.79s/it, bound:2773 nc:2366 ncall:1.3e+07 eff:0.1% logz-ratio=23819675.40+/-0.26 dlogz:42129.465>0.01]13026it [16:58:32, 10.15s/it, bound:2774 nc:1621 ncall:1.3e+07 eff:0.1% logz-ratio=23819828.72+/-0.26 dlogz:41883.787>0.01]13030it [16:59:10,  9.97s/it, bound:2775 nc:1361 ncall:1.3e+07 eff:0.1% logz-ratio=23819957.66+/-0.26 dlogz:41773.281>0.01]13034it [16:59:45,  9.64s/it, bound:2776 nc:2280 ncall:1.3e+07 eff:0.1% logz-ratio=23820141.34+/-0.26 dlogz:41588.016>0.01]13038it [17:00:25,  9.72s/it, bound:2777 nc:1883 ncall:1.3e+07 eff:0.1% logz-ratio=23820185.75+/-0.26 dlogz:41527.749>0.01]13042it [17:01:26, 11.37s/it, bound:2778 nc:2608 ncall:1.3e+07 eff:0.1% logz-ratio=23820224.74+/-0.26 dlogz:41489.578>0.01]13046it [17:02:31, 12.87s/it, bound:2779 nc:1973 ncall:1.3e+07 eff:0.1% logz-ratio=23820309.88+/-0.26 dlogz:41420.871>0.01]13050it [17:03:27, 13.20s/it, bound:2780 nc:2066 ncall:1.3e+07 eff:0.1% logz-ratio=23820391.72+/-0.26 dlogz:41331.955>0.01]13053it [17:03:35, 10.65s/it, bound:2781 nc:2239 ncall:1.3e+07 eff:0.1% logz-ratio=23820477.44+/-0.26 dlogz:41243.122>0.01]13054it [17:04:14, 13.55s/it, bound:2781 nc:1887 ncall:1.3e+07 eff:0.1% logz-ratio=23820548.97+/-0.26 dlogz:41227.243>0.01]13058it [17:05:08, 13.58s/it, bound:2782 nc:2314 ncall:1.3e+07 eff:0.1% logz-ratio=23820773.03+/-0.26 dlogz:40956.251>0.01]13062it [17:05:46, 12.18s/it, bound:2783 nc:2038 ncall:1.3e+07 eff:0.1% logz-ratio=23820844.61+/-0.26 dlogz:40900.005>0.01]13066it [17:06:34, 12.06s/it, bound:2784 nc:2387 ncall:1.3e+07 eff:0.1% logz-ratio=23820897.56+/-0.26 dlogz:40817.356>0.01]13070it [17:07:23, 12.16s/it, bound:2785 nc:1787 ncall:1.3e+07 eff:0.1% logz-ratio=23821092.44+/-0.26 dlogz:40616.701>0.01]13074it [17:08:20, 12.79s/it, bound:2786 nc:2079 ncall:1.3e+07 eff:0.1% logz-ratio=23821160.32+/-0.26 dlogz:40572.302>0.01]13078it [17:09:01, 12.04s/it, bound:2787 nc:1631 ncall:1.3e+07 eff:0.1% logz-ratio=23821210.81+/-0.26 dlogz:40502.784>0.01]13082it [17:09:42, 11.43s/it, bound:2788 nc:2711 ncall:1.3e+07 eff:0.1% logz-ratio=23821268.16+/-0.26 dlogz:40455.286>0.01]13086it [17:10:23, 11.11s/it, bound:2789 nc:2294 ncall:1.3e+07 eff:0.1% logz-ratio=23821372.09+/-0.26 dlogz:40353.200>0.01]13090it [17:11:21, 12.11s/it, bound:2790 nc:1756 ncall:1.3e+07 eff:0.1% logz-ratio=23821463.31+/-0.26 dlogz:40317.417>0.01]13094it [17:12:25, 13.30s/it, bound:2791 nc:1343 ncall:1.3e+07 eff:0.1% logz-ratio=23821574.01+/-0.26 dlogz:40146.849>0.01]13098it [17:13:11, 12.78s/it, bound:2792 nc:881 ncall:1.3e+07 eff:0.1% logz-ratio=23821646.81+/-0.26 dlogz:40095.485>0.01] 13102it [17:14:01, 12.67s/it, bound:2793 nc:2020 ncall:1.3e+07 eff:0.1% logz-ratio=23821691.51+/-0.26 dlogz:40021.815>0.01]13104it [17:14:15, 11.67s/it, bound:2793 nc:2490 ncall:1.3e+07 eff:0.1% logz-ratio=23821729.64+/-0.26 dlogz:39992.747>0.01]13106it [17:15:00, 13.90s/it, bound:2794 nc:2029 ncall:1.3e+07 eff:0.1% logz-ratio=23821746.37+/-0.26 dlogz:39972.945>0.01]13110it [17:15:42, 12.68s/it, bound:2795 nc:2272 ncall:1.3e+07 eff:0.1% logz-ratio=23821858.04+/-0.26 dlogz:39860.336>0.01]13114it [17:16:43, 13.53s/it, bound:2796 nc:2133 ncall:1.3e+07 eff:0.1% logz-ratio=23822128.83+/-0.26 dlogz:39662.607>0.01]13117it [17:16:43,  9.90s/it, bound:2797 nc:  1 ncall:1.3e+07 eff:0.1% logz-ratio=23834152.20+/-0.26 dlogz:27551.019>0.01] 13117it [17:17:01,  9.90s/it, bound:2797 nc:  1 ncall:1.3e+07 eff:0.1% logz-ratio=23861697.65+/-0.26 dlogz:1.099>0.01]    13118it [17:17:44, 15.73s/it, bound:2797 nc:1899 ncall:1.3e+07 eff:0.1% logz-ratio=23822183.52+/-0.26 dlogz:39535.990>0.01]13122it [17:18:31, 14.10s/it, bound:2798 nc:1604 ncall:1.3e+07 eff:0.1% logz-ratio=23822299.31+/-0.26 dlogz:39415.255>0.01]13126it [17:19:13, 12.86s/it, bound:2799 nc:1987 ncall:1.3e+07 eff:0.1% logz-ratio=23822392.21+/-0.26 dlogz:39336.074>0.01]13129it [17:19:14,  9.29s/it, bound:2800 nc:  1 ncall:1.3e+07 eff:0.1% logz-ratio=23834571.02+/-0.26 dlogz:27132.156>0.01] 13129it [17:19:31,  9.29s/it, bound:2800 nc:  1 ncall:1.3e+07 eff:0.1% logz-ratio=23861697.62+/-0.26 dlogz:1.099>0.01]    13130it [17:20:02, 13.91s/it, bound:2800 nc:1922 ncall:1.3e+07 eff:0.1% logz-ratio=23822462.67+/-0.26 dlogz:39250.374>0.01]13134it [17:20:47, 12.78s/it, bound:2801 nc:2155 ncall:1.3e+07 eff:0.1% logz-ratio=23822576.43+/-0.26 dlogz:39180.660>0.01]13138it [17:21:23, 11.48s/it, bound:2802 nc:2156 ncall:1.3e+07 eff:0.1% logz-ratio=23822619.38+/-0.26 dlogz:39098.311>0.01]13142it [17:22:05, 11.07s/it, bound:2803 nc:1449 ncall:1.3e+07 eff:0.1% logz-ratio=23822697.21+/-0.26 dlogz:39016.252>0.01]13146it [17:22:41, 10.45s/it, bound:2804 nc:1965 ncall:1.3e+07 eff:0.1% logz-ratio=23822784.59+/-0.26 dlogz:38948.271>0.01]13150it [17:23:11,  9.49s/it, bound:2805 nc:2004 ncall:1.3e+07 eff:0.1% logz-ratio=23822842.43+/-0.26 dlogz:38865.457>0.01]13154it [17:23:47,  9.36s/it, bound:2806 nc:2058 ncall:1.3e+07 eff:0.1% logz-ratio=23822883.51+/-0.26 dlogz:38829.198>0.01]13158it [17:24:21,  9.07s/it, bound:2807 nc:1863 ncall:1.3e+07 eff:0.1% logz-ratio=23822958.17+/-0.26 dlogz:38811.657>0.01]13160it [17:24:29,  8.12s/it, bound:2807 nc:1858 ncall:1.3e+07 eff:0.1% logz-ratio=23822985.85+/-0.26 dlogz:38723.850>0.01]13161it [17:24:41,  8.12s/it, bound:2808 nc:1965 ncall:1.3e+07 eff:0.1% logz-ratio=23823022.73+/-0.26 dlogz:38718.624>0.01]13162it [17:25:11, 10.77s/it, bound:2808 nc:2266 ncall:1.3e+07 eff:0.1% logz-ratio=23823027.32+/-0.26 dlogz:38681.741>0.01]13166it [17:25:50, 10.45s/it, bound:2809 nc:2041 ncall:1.3e+07 eff:0.1% logz-ratio=23823112.64+/-0.26 dlogz:38606.296>0.01]13170it [17:26:27,  9.97s/it, bound:2810 nc:2262 ncall:1.3e+07 eff:0.1% logz-ratio=23823196.89+/-0.26 dlogz:38516.842>0.01]13174it [17:27:03,  9.65s/it, bound:2811 nc:1580 ncall:1.3e+07 eff:0.1% logz-ratio=23823247.11+/-0.25 dlogz:38459.289>0.01]13178it [17:27:37,  9.33s/it, bound:2812 nc:1210 ncall:1.3e+07 eff:0.1% logz-ratio=23823371.26+/-0.26 dlogz:38345.605>0.01]13182it [17:28:16,  9.41s/it, bound:2813 nc:2236 ncall:1.3e+07 eff:0.1% logz-ratio=23823415.89+/-0.26 dlogz:38297.813>0.01]13186it [17:28:48,  9.03s/it, bound:2814 nc:1854 ncall:1.3e+07 eff:0.1% logz-ratio=23823463.53+/-0.26 dlogz:38256.328>0.01]13190it [17:29:23,  8.90s/it, bound:2815 nc:2201 ncall:1.3e+07 eff:0.1% logz-ratio=23823544.16+/-0.26 dlogz:38165.452>0.01]13194it [17:30:00,  9.00s/it, bound:2816 nc:2357 ncall:1.3e+07 eff:0.1% logz-ratio=23823632.27+/-0.24 dlogz:38072.856>0.01]13198it [17:30:37,  9.08s/it, bound:2817 nc:2038 ncall:1.3e+07 eff:0.1% logz-ratio=23823728.85+/-0.26 dlogz:37997.896>0.01]13202it [17:31:24,  9.91s/it, bound:2818 nc:2434 ncall:1.3e+07 eff:0.1% logz-ratio=23823832.92+/-0.25 dlogz:37873.571>0.01]13206it [17:32:12, 10.51s/it, bound:2819 nc:1754 ncall:1.3e+07 eff:0.1% logz-ratio=23823927.45+/-0.26 dlogz:37832.711>0.01]13210it [17:32:53, 10.47s/it, bound:2820 nc:2101 ncall:1.3e+07 eff:0.1% logz-ratio=23824002.20+/-0.26 dlogz:37727.795>0.01]13214it [17:33:33, 10.30s/it, bound:2821 nc:1620 ncall:1.4e+07 eff:0.1% logz-ratio=23824060.31+/-0.26 dlogz:37665.989>0.01]13218it [17:34:22, 10.93s/it, bound:2822 nc:1789 ncall:1.4e+07 eff:0.1% logz-ratio=23824120.03+/-0.26 dlogz:37597.008>0.01]13222it [17:35:05, 10.87s/it, bound:2823 nc:1338 ncall:1.4e+07 eff:0.1% logz-ratio=23824170.77+/-0.26 dlogz:37543.869>0.01]13225it [17:35:10,  8.63s/it, bound:2824 nc:2114 ncall:1.4e+07 eff:0.1% logz-ratio=23824244.28+/-0.25 dlogz:37463.244>0.01]13226it [17:35:56, 12.46s/it, bound:2824 nc:2053 ncall:1.4e+07 eff:0.1% logz-ratio=23824270.13+/-0.26 dlogz:37460.062>0.01]13230it [17:36:44, 12.29s/it, bound:2825 nc:2818 ncall:1.4e+07 eff:0.1% logz-ratio=23824410.97+/-0.26 dlogz:37302.593>0.01]13234it [17:37:32, 12.22s/it, bound:2826 nc:1905 ncall:1.4e+07 eff:0.1% logz-ratio=23824574.50+/-0.26 dlogz:37136.766>0.01]13238it [17:38:16, 11.84s/it, bound:2827 nc:2484 ncall:1.4e+07 eff:0.1% logz-ratio=23824627.10+/-0.26 dlogz:37105.659>0.01]13242it [17:39:02, 11.73s/it, bound:2828 nc:2260 ncall:1.4e+07 eff:0.1% logz-ratio=23824667.40+/-0.26 dlogz:37038.886>0.01]13246it [17:39:38, 10.86s/it, bound:2829 nc:1416 ncall:1.4e+07 eff:0.1% logz-ratio=23824699.91+/-0.26 dlogz:37015.463>0.01]13250it [17:40:24, 11.04s/it, bound:2830 nc:1446 ncall:1.4e+07 eff:0.1% logz-ratio=23824836.47+/-0.26 dlogz:36917.509>0.01]13254it [17:41:03, 10.61s/it, bound:2831 nc:1918 ncall:1.4e+07 eff:0.1% logz-ratio=23824899.46+/-0.26 dlogz:36840.476>0.01]13258it [17:41:52, 11.10s/it, bound:2832 nc:1961 ncall:1.4e+07 eff:0.1% logz-ratio=23824978.21+/-0.26 dlogz:36743.349>0.01]13262it [17:42:33, 10.89s/it, bound:2833 nc:1320 ncall:1.4e+07 eff:0.1% logz-ratio=23825013.49+/-0.25 dlogz:36692.044>0.01]13266it [17:43:10, 10.35s/it, bound:2834 nc:2105 ncall:1.4e+07 eff:0.1% logz-ratio=23825047.80+/-0.26 dlogz:36669.332>0.01]13269it [17:43:10,  7.82s/it, bound:2835 nc:  1 ncall:1.4e+07 eff:0.1% logz-ratio=23834194.65+/-0.26 dlogz:27508.575>0.01] 13269it [17:43:21,  7.82s/it, bound:2835 nc:  1 ncall:1.4e+07 eff:0.1% logz-ratio=23861697.34+/-0.26 dlogz:1.099>0.01]    13270it [17:43:52, 11.44s/it, bound:2835 nc:1919 ncall:1.4e+07 eff:0.1% logz-ratio=23825102.40+/-0.26 dlogz:36640.560>0.01]13274it [17:44:24, 10.19s/it, bound:2836 nc:1739 ncall:1.4e+07 eff:0.1% logz-ratio=23825207.73+/-0.26 dlogz:36536.312>0.01]13278it [17:45:17, 11.19s/it, bound:2837 nc:2047 ncall:1.4e+07 eff:0.1% logz-ratio=23825270.65+/-0.26 dlogz:36448.529>0.01]13279it [17:45:28, 11.18s/it, bound:2837 nc:2647 ncall:1.4e+07 eff:0.1% logz-ratio=23825277.68+/-0.26 dlogz:36433.582>0.01]13282it [17:46:09, 12.04s/it, bound:2838 nc:1733 ncall:1.4e+07 eff:0.1% logz-ratio=23825347.39+/-0.26 dlogz:36422.554>0.01]13286it [17:46:52, 11.47s/it, bound:2839 nc:2092 ncall:1.4e+07 eff:0.1% logz-ratio=23825445.29+/-0.26 dlogz:36269.666>0.01]13290it [17:47:37, 11.44s/it, bound:2840 nc:2235 ncall:1.4e+07 eff:0.1% logz-ratio=23825483.53+/-0.26 dlogz:36245.812>0.01]13294it [17:48:20, 11.17s/it, bound:2841 nc:2319 ncall:1.4e+07 eff:0.1% logz-ratio=23825561.87+/-0.26 dlogz:36159.419>0.01]13298it [17:49:07, 11.38s/it, bound:2842 nc:2295 ncall:1.4e+07 eff:0.1% logz-ratio=23825617.30+/-0.26 dlogz:36088.801>0.01]13302it [17:49:49, 11.15s/it, bound:2843 nc:1502 ncall:1.4e+07 eff:0.1% logz-ratio=23825751.82+/-0.26 dlogz:35997.342>0.01]13306it [17:50:24, 10.37s/it, bound:2844 nc:1768 ncall:1.4e+07 eff:0.1% logz-ratio=23825910.79+/-0.26 dlogz:35803.827>0.01]13310it [17:50:53,  9.41s/it, bound:2845 nc:1935 ncall:1.4e+07 eff:0.1% logz-ratio=23825970.00+/-0.26 dlogz:35736.874>0.01]13314it [17:51:27,  9.14s/it, bound:2846 nc:2299 ncall:1.4e+07 eff:0.1% logz-ratio=23826053.27+/-0.26 dlogz:35674.238>0.01]13318it [17:52:04,  9.13s/it, bound:2847 nc:2523 ncall:1.4e+07 eff:0.1% logz-ratio=23826088.48+/-0.26 dlogz:35623.514>0.01]13322it [17:52:43,  9.35s/it, bound:2848 nc:2393 ncall:1.4e+07 eff:0.1% logz-ratio=23826173.97+/-0.26 dlogz:35544.489>0.01]13326it [17:53:17,  9.07s/it, bound:2849 nc:1339 ncall:1.4e+07 eff:0.1% logz-ratio=23826197.44+/-0.26 dlogz:35514.011>0.01]13330it [17:54:08, 10.20s/it, bound:2850 nc:2971 ncall:1.4e+07 eff:0.1% logz-ratio=23826251.27+/-0.26 dlogz:35466.512>0.01]13334it [17:54:53, 10.51s/it, bound:2851 nc:1567 ncall:1.4e+07 eff:0.1% logz-ratio=23826262.98+/-0.26 dlogz:35444.066>0.01]13338it [17:55:43, 11.13s/it, bound:2852 nc:2059 ncall:1.4e+07 eff:0.1% logz-ratio=23826355.30+/-0.26 dlogz:35369.657>0.01]13339it [17:55:48, 10.52s/it, bound:2852 nc:2111 ncall:1.4e+07 eff:0.1% logz-ratio=23826375.75+/-0.26 dlogz:35348.815>0.01]13341it [17:56:01, 10.52s/it, bound:2853 nc:1239 ncall:1.4e+07 eff:0.1% logz-ratio=23826429.78+/-0.26 dlogz:35308.481>0.01]13342it [17:56:31, 11.68s/it, bound:2853 nc:1981 ncall:1.4e+07 eff:0.1% logz-ratio=23826484.94+/-0.26 dlogz:35274.326>0.01]13346it [17:57:07, 10.66s/it, bound:2854 nc:1833 ncall:1.4e+07 eff:0.1% logz-ratio=23826583.75+/-0.26 dlogz:35147.952>0.01]13350it [17:57:50, 10.75s/it, bound:2855 nc:1902 ncall:1.4e+07 eff:0.1% logz-ratio=23826645.65+/-0.26 dlogz:35082.256>0.01]13354it [17:58:35, 10.86s/it, bound:2856 nc:1316 ncall:1.4e+07 eff:0.1% logz-ratio=23826697.01+/-0.26 dlogz:35008.911>0.01]13358it [17:59:18, 10.83s/it, bound:2857 nc:1828 ncall:1.4e+07 eff:0.1% logz-ratio=23826753.03+/-0.26 dlogz:34964.238>0.01]13362it [17:59:56, 10.40s/it, bound:2858 nc:1977 ncall:1.4e+07 eff:0.1% logz-ratio=23826946.33+/-0.26 dlogz:34795.052>0.01]13366it [18:00:37, 10.38s/it, bound:2859 nc:1978 ncall:1.4e+07 eff:0.1% logz-ratio=23827027.12+/-0.26 dlogz:34693.815>0.01]13370it [18:01:21, 10.60s/it, bound:2860 nc:2123 ncall:1.4e+07 eff:0.1% logz-ratio=23827117.33+/-0.26 dlogz:34644.040>0.01]13374it [18:02:12, 11.20s/it, bound:2861 nc:2335 ncall:1.4e+07 eff:0.1% logz-ratio=23827200.04+/-0.26 dlogz:34522.587>0.01]13378it [18:02:54, 11.03s/it, bound:2862 nc:2237 ncall:1.4e+07 eff:0.1% logz-ratio=23827239.99+/-0.26 dlogz:34486.220>0.01]13382it [18:03:50, 11.91s/it, bound:2863 nc:2662 ncall:1.4e+07 eff:0.1% logz-ratio=23827334.52+/-0.26 dlogz:34380.273>0.01]13386it [18:04:31, 11.39s/it, bound:2864 nc:2076 ncall:1.4e+07 eff:0.1% logz-ratio=23827375.50+/-0.26 dlogz:34355.470>0.01]13390it [18:05:22, 11.82s/it, bound:2865 nc:1942 ncall:1.4e+07 eff:0.1% logz-ratio=23827416.42+/-0.26 dlogz:34290.167>0.01]13394it [18:06:11, 11.92s/it, bound:2866 nc:2267 ncall:1.4e+07 eff:0.1% logz-ratio=23827435.24+/-0.26 dlogz:34272.432>0.01]13396it [18:06:21, 10.71s/it, bound:2866 nc:2150 ncall:1.4e+07 eff:0.1% logz-ratio=23827492.65+/-0.26 dlogz:34219.262>0.01]13398it [18:06:59, 12.44s/it, bound:2867 nc:2086 ncall:1.4e+07 eff:0.1% logz-ratio=23827557.12+/-0.26 dlogz:34197.643>0.01]13402it [18:07:45, 12.06s/it, bound:2868 nc:2172 ncall:1.4e+07 eff:0.1% logz-ratio=23827584.04+/-0.26 dlogz:34121.657>0.01]13406it [18:08:35, 12.17s/it, bound:2869 nc:2104 ncall:1.4e+07 eff:0.1% logz-ratio=23827654.37+/-0.26 dlogz:34079.100>0.01]13410it [18:09:14, 11.42s/it, bound:2870 nc:2263 ncall:1.4e+07 eff:0.1% logz-ratio=23827761.78+/-0.26 dlogz:33953.935>0.01]13414it [18:09:55, 11.00s/it, bound:2871 nc:1406 ncall:1.4e+07 eff:0.1% logz-ratio=23827916.58+/-0.26 dlogz:33848.991>0.01]13418it [18:10:35, 10.69s/it, bound:2872 nc:1901 ncall:1.4e+07 eff:0.1% logz-ratio=23828013.73+/-0.26 dlogz:33708.419>0.01]13422it [18:11:16, 10.58s/it, bound:2873 nc:2112 ncall:1.4e+07 eff:0.1% logz-ratio=23828062.01+/-0.26 dlogz:33668.344>0.01]13426it [18:12:05, 11.13s/it, bound:2874 nc:2900 ncall:1.4e+07 eff:0.1% logz-ratio=23828109.40+/-0.24 dlogz:33595.636>0.01]13430it [18:12:47, 10.88s/it, bound:2875 nc:2217 ncall:1.4e+07 eff:0.1% logz-ratio=23828171.24+/-0.26 dlogz:33540.814>0.01]13434it [18:13:24, 10.43s/it, bound:2876 nc:2538 ncall:1.4e+07 eff:0.1% logz-ratio=23828255.87+/-0.26 dlogz:33469.258>0.01]13438it [18:13:55,  9.57s/it, bound:2877 nc:1203 ncall:1.4e+07 eff:0.1% logz-ratio=23828316.32+/-0.26 dlogz:33406.221>0.01]13442it [18:14:27,  9.10s/it, bound:2878 nc:1852 ncall:1.4e+07 eff:0.1% logz-ratio=23828396.76+/-0.26 dlogz:33324.463>0.01]13446it [18:15:03,  9.12s/it, bound:2879 nc:1720 ncall:1.4e+07 eff:0.1% logz-ratio=23828462.29+/-0.26 dlogz:33244.261>0.01]13450it [18:15:43,  9.33s/it, bound:2880 nc:1907 ncall:1.4e+07 eff:0.1% logz-ratio=23828542.40+/-0.26 dlogz:33170.876>0.01]13454it [18:16:26,  9.76s/it, bound:2881 nc:2253 ncall:1.4e+07 eff:0.1% logz-ratio=23828657.50+/-0.26 dlogz:33117.140>0.01]13456it [18:16:36,  8.96s/it, bound:2881 nc:1845 ncall:1.4e+07 eff:0.1% logz-ratio=23828721.76+/-0.26 dlogz:33016.506>0.01]13458it [18:17:13, 10.88s/it, bound:2882 nc:1924 ncall:1.4e+07 eff:0.1% logz-ratio=23828760.62+/-0.26 dlogz:32969.479>0.01]13462it [18:17:51, 10.40s/it, bound:2883 nc:2429 ncall:1.4e+07 eff:0.1% logz-ratio=23828841.10+/-0.26 dlogz:32881.516>0.01]13466it [18:18:35, 10.58s/it, bound:2884 nc:1426 ncall:1.4e+07 eff:0.1% logz-ratio=23828885.07+/-0.26 dlogz:32843.362>0.01]13470it [18:19:18, 10.66s/it, bound:2885 nc:1939 ncall:1.4e+07 eff:0.1% logz-ratio=23829013.82+/-0.26 dlogz:32780.795>0.01]13474it [18:19:58, 10.46s/it, bound:2886 nc:1552 ncall:1.4e+07 eff:0.1% logz-ratio=23829032.33+/-0.26 dlogz:32672.641>0.01]13478it [18:20:38, 10.25s/it, bound:2887 nc:2306 ncall:1.4e+07 eff:0.1% logz-ratio=23829090.79+/-0.26 dlogz:32618.165>0.01]13482it [18:21:10,  9.61s/it, bound:2888 nc:1363 ncall:1.4e+07 eff:0.1% logz-ratio=23829154.94+/-0.24 dlogz:32551.211>0.01]13485it [18:21:52, 10.64s/it, bound:2889 nc:2088 ncall:1.4e+07 eff:0.1% logz-ratio=23829305.47+/-0.26 dlogz:32465.680>0.01]13489it [18:22:25,  9.89s/it, bound:2890 nc:1886 ncall:1.4e+07 eff:0.1% logz-ratio=23829382.91+/-0.26 dlogz:32329.021>0.01]13493it [18:23:02,  9.70s/it, bound:2891 nc:1186 ncall:1.4e+07 eff:0.1% logz-ratio=23829452.40+/-0.26 dlogz:32276.750>0.01]13497it [18:23:42,  9.76s/it, bound:2892 nc:1922 ncall:1.4e+07 eff:0.1% logz-ratio=23829524.12+/-0.26 dlogz:32201.858>0.01]13501it [18:24:24, 10.02s/it, bound:2893 nc:2307 ncall:1.4e+07 eff:0.1% logz-ratio=23829593.72+/-0.26 dlogz:32136.827>0.01]13505it [18:25:06, 10.17s/it, bound:2894 nc:2129 ncall:1.4e+07 eff:0.1% logz-ratio=23829715.55+/-0.26 dlogz:31993.254>0.01]13509it [18:25:46, 10.08s/it, bound:2895 nc:2006 ncall:1.4e+07 eff:0.1% logz-ratio=23829751.83+/-0.26 dlogz:31959.585>0.01]13513it [18:26:33, 10.60s/it, bound:2896 nc:1812 ncall:1.4e+07 eff:0.1% logz-ratio=23829805.60+/-0.26 dlogz:31902.215>0.01]13514it [18:26:41, 10.37s/it, bound:2896 nc:1838 ncall:1.4e+07 eff:0.1% logz-ratio=23829847.42+/-0.26 dlogz:31898.162>0.01]13517it [18:27:17, 10.84s/it, bound:2897 nc:2291 ncall:1.4e+07 eff:0.1% logz-ratio=23829932.17+/-0.26 dlogz:31790.540>0.01]13521it [18:27:53, 10.18s/it, bound:2898 nc:2002 ncall:1.4e+07 eff:0.1% logz-ratio=23830017.81+/-0.26 dlogz:31691.361>0.01]13525it [18:28:27,  9.58s/it, bound:2899 nc:1500 ncall:1.4e+07 eff:0.1% logz-ratio=23830111.35+/-0.26 dlogz:31621.077>0.01]13529it [18:29:06,  9.67s/it, bound:2900 nc:1687 ncall:1.4e+07 eff:0.1% logz-ratio=23830221.63+/-0.26 dlogz:31504.375>0.01]13533it [18:29:50, 10.10s/it, bound:2901 nc:2856 ncall:1.4e+07 eff:0.1% logz-ratio=23830319.02+/-0.26 dlogz:31415.667>0.01]13537it [18:30:24,  9.59s/it, bound:2902 nc:1590 ncall:1.4e+07 eff:0.1% logz-ratio=23830381.67+/-0.26 dlogz:31340.183>0.01]13541it [18:31:06,  9.87s/it, bound:2903 nc:1628 ncall:1.4e+07 eff:0.1% logz-ratio=23830485.59+/-0.26 dlogz:31220.993>0.01]13545it [18:31:40,  9.44s/it, bound:2904 nc:2015 ncall:1.4e+07 eff:0.1% logz-ratio=23830551.68+/-0.22 dlogz:31153.471>0.01]13548it [18:32:18, 10.27s/it, bound:2905 nc:2356 ncall:1.4e+07 eff:0.1% logz-ratio=23830615.20+/-0.26 dlogz:31113.790>0.01]13552it [18:32:53,  9.79s/it, bound:2906 nc:1695 ncall:1.4e+07 eff:0.1% logz-ratio=23830648.41+/-0.26 dlogz:31057.569>0.01]13556it [18:33:38, 10.19s/it, bound:2907 nc:2034 ncall:1.4e+07 eff:0.1% logz-ratio=23830792.88+/-0.26 dlogz:30992.865>0.01]13560it [18:34:12,  9.67s/it, bound:2908 nc:2086 ncall:1.4e+07 eff:0.1% logz-ratio=23830810.57+/-0.26 dlogz:30901.754>0.01]13564it [18:34:59, 10.30s/it, bound:2909 nc:1827 ncall:1.4e+07 eff:0.1% logz-ratio=23830900.51+/-0.26 dlogz:30813.678>0.01]13566it [18:45:00, 62.43s/it, bound:2909 nc:1750 ncall:1.4e+07 eff:0.1% logz-ratio=23830923.17+/-0.26 dlogz:30801.269>0.01]13568it [18:45:30, 52.80s/it, bound:2910 nc:1843 ncall:1.4e+07 eff:0.1% logz-ratio=23830952.06+/-0.26 dlogz:30778.858>0.01]13572it [18:46:00, 36.13s/it, bound:2911 nc:2021 ncall:1.4e+07 eff:0.1% logz-ratio=23830979.45+/-0.26 dlogz:30738.969>0.01]13576it [18:46:41, 27.20s/it, bound:2912 nc:1796 ncall:1.4e+07 eff:0.1% logz-ratio=23831025.52+/-0.26 dlogz:30679.498>0.01]13578it [18:46:52, 22.86s/it, bound:2912 nc:1659 ncall:1.4e+07 eff:0.1% logz-ratio=23831037.20+/-0.26 dlogz:30675.647>0.01]13580it [18:47:27, 21.69s/it, bound:2913 nc:1540 ncall:1.4e+07 eff:0.1% logz-ratio=23831127.16+/-0.26 dlogz:30648.466>0.01]13584it [18:48:06, 17.11s/it, bound:2914 nc:1818 ncall:1.4e+07 eff:0.1% logz-ratio=23831247.36+/-0.26 dlogz:30463.064>0.01]13588it [18:48:44, 14.42s/it, bound:2915 nc:1920 ncall:1.4e+07 eff:0.1% logz-ratio=23831271.31+/-0.26 dlogz:30440.234>0.01]13592it [18:49:29, 13.29s/it, bound:2916 nc:1761 ncall:1.4e+07 eff:0.1% logz-ratio=23831361.31+/-0.26 dlogz:30379.649>0.01]13596it [18:50:19, 13.10s/it, bound:2917 nc:2104 ncall:1.4e+07 eff:0.1% logz-ratio=23831434.31+/-0.26 dlogz:30273.767>0.01]13600it [18:51:04, 12.45s/it, bound:2918 nc:1925 ncall:1.4e+07 eff:0.1% logz-ratio=23831517.00+/-0.26 dlogz:30208.221>0.01]13604it [18:51:44, 11.72s/it, bound:2919 nc:1917 ncall:1.4e+07 eff:0.1% logz-ratio=23831540.59+/-0.26 dlogz:30164.548>0.01]13608it [18:52:21, 10.98s/it, bound:2920 nc:1814 ncall:1.4e+07 eff:0.1% logz-ratio=23831589.31+/-0.26 dlogz:30129.434>0.01]13612it [18:53:06, 11.05s/it, bound:2921 nc:1799 ncall:1.4e+07 eff:0.1% logz-ratio=23831695.24+/-0.26 dlogz:30019.774>0.01]13616it [18:53:46, 10.71s/it, bound:2922 nc:2148 ncall:1.4e+07 eff:0.1% logz-ratio=23831777.41+/-0.26 dlogz:29932.067>0.01]13620it [18:54:28, 10.64s/it, bound:2923 nc:2216 ncall:1.4e+07 eff:0.1% logz-ratio=23831881.25+/-0.26 dlogz:29845.894>0.01]13624it [18:55:14, 10.93s/it, bound:2924 nc:2093 ncall:1.4e+07 eff:0.1% logz-ratio=23831973.53+/-0.26 dlogz:29749.715>0.01]13628it [18:55:56, 10.75s/it, bound:2925 nc:1783 ncall:1.4e+07 eff:0.1% logz-ratio=23832013.40+/-0.26 dlogz:29694.386>0.01]13632it [18:56:31, 10.19s/it, bound:2926 nc:2174 ncall:1.4e+07 eff:0.1% logz-ratio=23832039.66+/-0.26 dlogz:29665.780>0.01]13636it [18:57:23, 11.03s/it, bound:2927 nc:2251 ncall:1.4e+07 eff:0.1% logz-ratio=23832134.54+/-0.26 dlogz:29577.218>0.01]13638it [18:57:31,  9.80s/it, bound:2927 nc:2213 ncall:1.4e+07 eff:0.1% logz-ratio=23832155.91+/-0.26 dlogz:29560.031>0.01]13640it [18:58:12, 11.97s/it, bound:2928 nc:2382 ncall:1.4e+07 eff:0.1% logz-ratio=23832168.88+/-0.26 dlogz:29538.666>0.01]13644it [18:58:52, 11.26s/it, bound:2929 nc:2329 ncall:1.4e+07 eff:0.1% logz-ratio=23832211.60+/-0.26 dlogz:29505.121>0.01]13648it [18:59:30, 10.64s/it, bound:2930 nc:1929 ncall:1.4e+07 eff:0.1% logz-ratio=23832270.06+/-0.26 dlogz:29437.557>0.01]13652it [19:00:13, 10.63s/it, bound:2931 nc:1838 ncall:1.4e+07 eff:0.1% logz-ratio=23832297.85+/-0.26 dlogz:29408.034>0.01]13656it [19:00:50, 10.21s/it, bound:2932 nc:1739 ncall:1.4e+07 eff:0.1% logz-ratio=23832377.64+/-0.26 dlogz:29335.027>0.01]13660it [19:01:45, 11.35s/it, bound:2933 nc:2331 ncall:1.4e+07 eff:0.1% logz-ratio=23832487.29+/-0.26 dlogz:29252.114>0.01]13664it [19:02:27, 11.07s/it, bound:2934 nc:2487 ncall:1.4e+07 eff:0.1% logz-ratio=23832556.87+/-0.26 dlogz:29181.121>0.01]13668it [19:03:07, 10.71s/it, bound:2935 nc:1916 ncall:1.4e+07 eff:0.1% logz-ratio=23832612.61+/-0.26 dlogz:29109.497>0.01]13672it [19:03:48, 10.61s/it, bound:2936 nc:2192 ncall:1.4e+07 eff:0.1% logz-ratio=23832653.09+/-0.26 dlogz:29051.929>0.01]13676it [19:04:38, 11.17s/it, bound:2937 nc:2076 ncall:1.4e+07 eff:0.1% logz-ratio=23832730.46+/-0.26 dlogz:28995.679>0.01]13680it [19:05:18, 10.81s/it, bound:2938 nc:1867 ncall:1.4e+07 eff:0.1% logz-ratio=23832794.17+/-0.26 dlogz:28951.990>0.01]13684it [19:06:04, 11.02s/it, bound:2939 nc:1379 ncall:1.4e+07 eff:0.1% logz-ratio=23832830.29+/-0.26 dlogz:28892.341>0.01]13688it [19:06:44, 10.73s/it, bound:2940 nc:1862 ncall:1.4e+07 eff:0.1% logz-ratio=23832864.54+/-0.26 dlogz:28851.495>0.01]13692it [19:07:20, 10.19s/it, bound:2941 nc:1359 ncall:1.4e+07 eff:0.1% logz-ratio=23832927.32+/-0.26 dlogz:28782.397>0.01]13696it [19:07:54,  9.65s/it, bound:2942 nc:1601 ncall:1.4e+07 eff:0.1% logz-ratio=23833081.44+/-0.26 dlogz:28652.118>0.01]13698it [19:08:04,  8.87s/it, bound:2942 nc:2267 ncall:1.4e+07 eff:0.1% logz-ratio=23833086.40+/-0.26 dlogz:28620.826>0.01]13700it [19:08:40, 10.66s/it, bound:2943 nc:1414 ncall:1.4e+07 eff:0.1% logz-ratio=23833114.09+/-0.26 dlogz:28607.348>0.01]13704it [19:09:10,  9.54s/it, bound:2944 nc:1673 ncall:1.4e+07 eff:0.1% logz-ratio=23833206.45+/-0.26 dlogz:28513.153>0.01]13708it [19:09:49,  9.63s/it, bound:2945 nc:1692 ncall:1.4e+07 eff:0.1% logz-ratio=23833264.97+/-0.26 dlogz:28450.026>0.01]13712it [19:10:21,  9.11s/it, bound:2946 nc:2113 ncall:1.5e+07 eff:0.1% logz-ratio=23833459.49+/-0.26 dlogz:28295.373>0.01]13716it [19:10:57,  9.01s/it, bound:2947 nc:2219 ncall:1.5e+07 eff:0.1% logz-ratio=23833522.95+/-0.26 dlogz:28200.197>0.01]13720it [19:11:37,  9.37s/it, bound:2948 nc:2694 ncall:1.5e+07 eff:0.1% logz-ratio=23833659.15+/-0.26 dlogz:28073.931>0.01]13724it [19:12:16,  9.45s/it, bound:2949 nc:2197 ncall:1.5e+07 eff:0.1% logz-ratio=23833728.56+/-0.26 dlogz:27992.814>0.01]13728it [19:12:44,  8.72s/it, bound:2950 nc:1698 ncall:1.5e+07 eff:0.1% logz-ratio=23833788.92+/-0.26 dlogz:27917.276>0.01]13732it [19:13:20,  8.81s/it, bound:2951 nc:1936 ncall:1.5e+07 eff:0.1% logz-ratio=23833831.73+/-0.26 dlogz:27898.807>0.01]13736it [19:13:59,  9.08s/it, bound:2952 nc:2436 ncall:1.5e+07 eff:0.1% logz-ratio=23833955.63+/-0.26 dlogz:27762.194>0.01]13740it [19:14:38,  9.27s/it, bound:2953 nc:2205 ncall:1.5e+07 eff:0.1% logz-ratio=23834061.75+/-0.26 dlogz:27645.476>0.01]13744it [19:15:11,  9.01s/it, bound:2954 nc:1810 ncall:1.5e+07 eff:0.1% logz-ratio=23834141.48+/-0.26 dlogz:27577.643>0.01]13748it [19:15:45,  8.85s/it, bound:2955 nc:2221 ncall:1.5e+07 eff:0.1% logz-ratio=23834165.55+/-0.26 dlogz:27547.695>0.01]13752it [19:16:25,  9.17s/it, bound:2956 nc:2276 ncall:1.5e+07 eff:0.1% logz-ratio=23834234.66+/-0.26 dlogz:27509.533>0.01]13756it [19:17:02,  9.19s/it, bound:2957 nc:2223 ncall:1.5e+07 eff:0.1% logz-ratio=23834264.02+/-0.26 dlogz:27448.338>0.01]13760it [19:17:36,  9.01s/it, bound:2958 nc:1572 ncall:1.5e+07 eff:0.1% logz-ratio=23834292.47+/-0.26 dlogz:27419.445>0.01]13764it [19:18:13,  9.06s/it, bound:2959 nc:2004 ncall:1.5e+07 eff:0.1% logz-ratio=23834356.44+/-0.26 dlogz:27348.236>0.01]13766it [19:18:17,  7.86s/it, bound:2959 nc:2395 ncall:1.5e+07 eff:0.1% logz-ratio=23834358.75+/-0.23 dlogz:27346.003>0.01]13768it [19:19:02, 10.75s/it, bound:2960 nc:2882 ncall:1.5e+07 eff:0.1% logz-ratio=23834424.11+/-0.26 dlogz:27303.601>0.01]13772it [19:19:39, 10.25s/it, bound:2961 nc:1670 ncall:1.5e+07 eff:0.1% logz-ratio=23834487.52+/-0.22 dlogz:27217.163>0.01]13776it [19:20:13,  9.60s/it, bound:2962 nc:2207 ncall:1.5e+07 eff:0.1% logz-ratio=23834546.87+/-0.26 dlogz:27161.856>0.01]13780it [19:20:48,  9.31s/it, bound:2963 nc:2216 ncall:1.5e+07 eff:0.1% logz-ratio=23834621.92+/-0.26 dlogz:27103.160>0.01]13784it [19:21:29,  9.61s/it, bound:2964 nc:1208 ncall:1.5e+07 eff:0.1% logz-ratio=23834687.10+/-0.26 dlogz:27037.932>0.01]13788it [19:22:01,  9.12s/it, bound:2965 nc:2108 ncall:1.5e+07 eff:0.1% logz-ratio=23834759.08+/-0.26 dlogz:26955.501>0.01]13792it [19:22:32,  8.74s/it, bound:2966 nc:1784 ncall:1.5e+07 eff:0.1% logz-ratio=23834796.08+/-0.26 dlogz:26908.569>0.01]13796it [19:23:13,  9.19s/it, bound:2967 nc:2071 ncall:1.5e+07 eff:0.1% logz-ratio=23834821.82+/-0.26 dlogz:26882.821>0.01]13800it [19:23:50,  9.17s/it, bound:2968 nc:2248 ncall:1.5e+07 eff:0.1% logz-ratio=23834864.97+/-0.26 dlogz:26850.710>0.01]13804it [19:24:34,  9.77s/it, bound:2969 nc:2155 ncall:1.5e+07 eff:0.1% logz-ratio=23834952.67+/-0.26 dlogz:26807.818>0.01]13808it [19:25:16,  9.97s/it, bound:2970 nc:2410 ncall:1.5e+07 eff:0.1% logz-ratio=23835065.02+/-0.26 dlogz:26642.869>0.01]13812it [19:25:57, 10.04s/it, bound:2971 nc:2039 ncall:1.5e+07 eff:0.1% logz-ratio=23835116.95+/-0.26 dlogz:26590.747>0.01]13816it [19:26:41, 10.37s/it, bound:2972 nc:2283 ncall:1.5e+07 eff:0.1% logz-ratio=23835171.08+/-0.26 dlogz:26533.758>0.01]13820it [19:27:24, 10.43s/it, bound:2973 nc:2053 ncall:1.5e+07 eff:0.1% logz-ratio=23835220.48+/-0.26 dlogz:26499.018>0.01]13824it [19:28:00, 10.00s/it, bound:2974 nc:2332 ncall:1.5e+07 eff:0.1% logz-ratio=23835286.52+/-0.26 dlogz:26429.510>0.01]13828it [19:28:42, 10.19s/it, bound:2975 nc:2077 ncall:1.5e+07 eff:0.1% logz-ratio=23835420.92+/-0.26 dlogz:26386.417>0.01]13831it [19:28:47,  8.07s/it, bound:2976 nc:1957 ncall:1.5e+07 eff:0.1% logz-ratio=23835493.94+/-0.26 dlogz:26218.110>0.01]13832it [19:29:27, 11.39s/it, bound:2976 nc:2284 ncall:1.5e+07 eff:0.1% logz-ratio=23835506.90+/-0.26 dlogz:26209.188>0.01]13835it [19:30:04, 11.69s/it, bound:2977 nc:4525 ncall:1.5e+07 eff:0.1% logz-ratio=23835568.45+/-0.26 dlogz:26163.616>0.01]13839it [19:30:45, 11.14s/it, bound:2978 nc:2684 ncall:1.5e+07 eff:0.1% logz-ratio=23835609.18+/-0.21 dlogz:26094.982>0.01]13843it [19:31:16, 10.03s/it, bound:2979 nc:1960 ncall:1.5e+07 eff:0.1% logz-ratio=23835655.46+/-0.26 dlogz:26074.721>0.01]13847it [19:31:56, 10.01s/it, bound:2980 nc:2533 ncall:1.5e+07 eff:0.1% logz-ratio=23835733.94+/-0.26 dlogz:25976.943>0.01]13851it [19:32:35,  9.90s/it, bound:2981 nc:2533 ncall:1.5e+07 eff:0.1% logz-ratio=23835807.17+/-0.26 dlogz:25910.384>0.01]13855it [19:33:14,  9.85s/it, bound:2982 nc:2212 ncall:1.5e+07 eff:0.1% logz-ratio=23835903.45+/-0.26 dlogz:25825.476>0.01]13859it [19:33:50,  9.63s/it, bound:2983 nc:1812 ncall:1.5e+07 eff:0.1% logz-ratio=23836027.47+/-0.26 dlogz:25684.792>0.01]13863it [19:34:28,  9.55s/it, bound:2984 nc:2222 ncall:1.5e+07 eff:0.1% logz-ratio=23836108.93+/-0.26 dlogz:25602.076>0.01]13867it [19:35:05,  9.48s/it, bound:2985 nc:2277 ncall:1.5e+07 eff:0.1% logz-ratio=23836183.27+/-0.26 dlogz:25543.385>0.01]13871it [19:35:45,  9.66s/it, bound:2986 nc:2296 ncall:1.5e+07 eff:0.1% logz-ratio=23836369.10+/-0.26 dlogz:25352.623>0.01]13875it [19:36:26,  9.80s/it, bound:2987 nc:2453 ncall:1.5e+07 eff:0.1% logz-ratio=23836445.00+/-0.26 dlogz:25259.826>0.01]13879it [19:37:03,  9.67s/it, bound:2988 nc:2399 ncall:1.5e+07 eff:0.1% logz-ratio=23836547.34+/-0.26 dlogz:25169.304>0.01]13883it [19:37:47, 10.05s/it, bound:2989 nc:2350 ncall:1.5e+07 eff:0.1% logz-ratio=23836601.11+/-0.26 dlogz:25117.503>0.01]13887it [19:38:32, 10.39s/it, bound:2990 nc:2962 ncall:1.5e+07 eff:0.1% logz-ratio=23836668.13+/-0.26 dlogz:25036.873>0.01]13891it [19:39:07,  9.92s/it, bound:2991 nc:2195 ncall:1.5e+07 eff:0.1% logz-ratio=23836764.81+/-0.26 dlogz:24956.459>0.01]13893it [19:39:15,  8.89s/it, bound:2991 nc:1174 ncall:1.5e+07 eff:0.1% logz-ratio=23836770.25+/-0.26 dlogz:24936.597>0.01]13895it [19:39:53, 10.93s/it, bound:2992 nc:2215 ncall:1.5e+07 eff:0.1% logz-ratio=23836790.50+/-0.26 dlogz:24918.266>0.01]13899it [19:40:35, 10.79s/it, bound:2993 nc:2400 ncall:1.5e+07 eff:0.1% logz-ratio=23836899.21+/-0.26 dlogz:24807.908>0.01]13903it [19:41:16, 10.56s/it, bound:2994 nc:2047 ncall:1.5e+07 eff:0.1% logz-ratio=23836967.00+/-0.26 dlogz:24763.033>0.01]13907it [19:41:52, 10.07s/it, bound:2995 nc:2323 ncall:1.5e+07 eff:0.1% logz-ratio=23837087.25+/-0.26 dlogz:24629.086>0.01]13911it [19:42:35, 10.27s/it, bound:2996 nc:1927 ncall:1.5e+07 eff:0.1% logz-ratio=23837187.90+/-0.26 dlogz:24577.966>0.01]13915it [19:43:15, 10.20s/it, bound:2997 nc:2074 ncall:1.5e+07 eff:0.1% logz-ratio=23837217.42+/-0.26 dlogz:24489.526>0.01]13919it [19:43:54, 10.02s/it, bound:2998 nc:2221 ncall:1.5e+07 eff:0.1% logz-ratio=23837247.73+/-0.26 dlogz:24462.375>0.01]13923it [19:44:31,  9.81s/it, bound:2999 nc:2356 ncall:1.5e+07 eff:0.1% logz-ratio=23837315.68+/-0.26 dlogz:24394.650>0.01]13927it [19:45:08,  9.63s/it, bound:3000 nc:1807 ncall:1.5e+07 eff:0.1% logz-ratio=23837361.01+/-0.26 dlogz:24344.689>0.01]13931it [19:45:51,  9.98s/it, bound:3001 nc:1872 ncall:1.5e+07 eff:0.1% logz-ratio=23837471.00+/-0.26 dlogz:24290.763>0.01]13935it [19:46:32, 10.07s/it, bound:3002 nc:2075 ncall:1.5e+07 eff:0.1% logz-ratio=23837532.51+/-0.26 dlogz:24203.225>0.01]13939it [19:47:09,  9.83s/it, bound:3003 nc:2103 ncall:1.5e+07 eff:0.1% logz-ratio=23837554.95+/-0.26 dlogz:24154.635>0.01]13943it [19:47:42,  9.33s/it, bound:3004 nc:2141 ncall:1.5e+07 eff:0.1% logz-ratio=23837591.02+/-0.26 dlogz:24123.111>0.01]13947it [19:48:24,  9.69s/it, bound:3005 nc:1893 ncall:1.5e+07 eff:0.1% logz-ratio=23837699.38+/-0.26 dlogz:24007.993>0.01]13951it [19:48:56,  9.15s/it, bound:3006 nc:1472 ncall:1.5e+07 eff:0.1% logz-ratio=23837777.24+/-0.26 dlogz:23944.636>0.01]13955it [19:49:32,  9.11s/it, bound:3007 nc:2071 ncall:1.5e+07 eff:0.1% logz-ratio=23837841.59+/-0.26 dlogz:23887.953>0.01]13958it [19:49:36,  7.27s/it, bound:3008 nc:2381 ncall:1.5e+07 eff:0.1% logz-ratio=23837873.09+/-0.26 dlogz:23846.674>0.01]13959it [19:50:14, 10.42s/it, bound:3008 nc:2302 ncall:1.5e+07 eff:0.1% logz-ratio=23837890.34+/-0.26 dlogz:23829.784>0.01]13963it [19:50:54, 10.31s/it, bound:3009 nc:2670 ncall:1.5e+07 eff:0.1% logz-ratio=23837927.98+/-0.24 dlogz:23776.860>0.01]13967it [19:51:23,  9.18s/it, bound:3010 nc:1354 ncall:1.5e+07 eff:0.1% logz-ratio=23838016.02+/-0.26 dlogz:23689.269>0.01]13971it [19:52:03,  9.51s/it, bound:3011 nc:2481 ncall:1.5e+07 eff:0.1% logz-ratio=23838060.07+/-0.26 dlogz:23668.795>0.01]13975it [19:52:50, 10.23s/it, bound:3012 nc:2135 ncall:1.5e+07 eff:0.1% logz-ratio=23838127.82+/-0.26 dlogz:23585.748>0.01]13979it [19:53:34, 10.48s/it, bound:3013 nc:2358 ncall:1.5e+07 eff:0.1% logz-ratio=23838155.91+/-0.26 dlogz:23549.912>0.01]13983it [19:54:27, 11.30s/it, bound:3014 nc:2523 ncall:1.5e+07 eff:0.1% logz-ratio=23838204.86+/-0.26 dlogz:24521.241>0.01]13987it [19:55:10, 11.17s/it, bound:3015 nc:2212 ncall:1.5e+07 eff:0.1% logz-ratio=23838239.53+/-0.26 dlogz:24482.194>0.01]13991it [19:55:56, 11.25s/it, bound:3016 nc:1983 ncall:1.5e+07 eff:0.1% logz-ratio=23838290.73+/-0.26 dlogz:24429.317>0.01]13995it [19:56:45, 11.51s/it, bound:3017 nc:2273 ncall:1.5e+07 eff:0.1% logz-ratio=23838321.29+/-0.26 dlogz:24388.242>0.01]13999it [19:57:39, 12.11s/it, bound:3018 nc:2283 ncall:1.5e+07 eff:0.1% logz-ratio=23838424.27+/-0.26 dlogz:24308.280>0.01]14003it [19:58:36, 12.79s/it, bound:3019 nc:2415 ncall:1.5e+07 eff:0.1% logz-ratio=23838479.51+/-0.26 dlogz:24229.425>0.01]14007it [19:59:29, 12.94s/it, bound:3020 nc:2650 ncall:1.5e+07 eff:0.1% logz-ratio=23838535.70+/-0.26 dlogz:24177.656>0.01]14011it [20:00:27, 13.41s/it, bound:3021 nc:2775 ncall:1.5e+07 eff:0.1% logz-ratio=23838619.84+/-0.26 dlogz:24089.312>0.01]14012it [20:00:42, 13.50s/it, bound:3021 nc:2440 ncall:1.5e+07 eff:0.1% logz-ratio=23838634.61+/-0.26 dlogz:24087.095>0.01]14015it [20:01:20, 13.32s/it, bound:3022 nc:2082 ncall:1.5e+07 eff:0.1% logz-ratio=23838654.42+/-0.26 dlogz:24062.820>0.01]14019it [20:01:54, 11.59s/it, bound:3023 nc:2282 ncall:1.5e+07 eff:0.1% logz-ratio=23838700.26+/-0.26 dlogz:24037.231>0.01]14023it [20:02:33, 10.93s/it, bound:3024 nc:2555 ncall:1.5e+07 eff:0.1% logz-ratio=23838741.18+/-0.26 dlogz:23980.365>0.01]14027it [20:03:14, 10.70s/it, bound:3025 nc:2393 ncall:1.5e+07 eff:0.1% logz-ratio=23838779.21+/-0.26 dlogz:23928.845>0.01]14031it [20:03:54, 10.54s/it, bound:3026 nc:1678 ncall:1.5e+07 eff:0.1% logz-ratio=23838843.67+/-0.26 dlogz:23878.670>0.01]14035it [20:04:36, 10.51s/it, bound:3027 nc:1682 ncall:1.5e+07 eff:0.1% logz-ratio=23838917.34+/-0.26 dlogz:23801.952>0.01]14039it [20:05:27, 11.15s/it, bound:3028 nc:2006 ncall:1.5e+07 eff:0.1% logz-ratio=23838960.09+/-0.26 dlogz:23763.145>0.01]14043it [20:06:16, 11.48s/it, bound:3029 nc:2296 ncall:1.5e+07 eff:0.1% logz-ratio=23839041.18+/-0.26 dlogz:23669.888>0.01]14047it [20:07:03, 11.57s/it, bound:3030 nc:1933 ncall:1.5e+07 eff:0.1% logz-ratio=23839067.99+/-0.26 dlogz:23660.412>0.01]14051it [20:07:37, 10.66s/it, bound:3031 nc:2016 ncall:1.5e+07 eff:0.1% logz-ratio=23839107.96+/-0.26 dlogz:23600.505>0.01]14055it [20:08:15, 10.28s/it, bound:3032 nc:2486 ncall:1.5e+07 eff:0.1% logz-ratio=23839160.10+/-0.26 dlogz:25674.472>0.01]14059it [20:08:50,  9.89s/it, bound:3033 nc:2092 ncall:1.5e+07 eff:0.1% logz-ratio=23839182.92+/-0.26 dlogz:25630.030>0.01]14063it [20:09:26,  9.61s/it, bound:3034 nc:1964 ncall:1.5e+07 eff:0.1% logz-ratio=23839215.83+/-0.26 dlogz:25602.510>0.01]14067it [20:10:08,  9.88s/it, bound:3035 nc:2188 ncall:1.5e+07 eff:0.1% logz-ratio=23839242.93+/-0.26 dlogz:25569.774>0.01]14071it [20:11:01, 10.89s/it, bound:3036 nc:2298 ncall:1.5e+07 eff:0.1% logz-ratio=23839281.55+/-0.26 dlogz:25538.621>0.01]14074it [20:11:13,  9.15s/it, bound:3037 nc:2000 ncall:1.5e+07 eff:0.1% logz-ratio=23839293.27+/-0.26 dlogz:25516.958>0.01]14075it [20:11:55, 12.58s/it, bound:3037 nc:1871 ncall:1.5e+07 eff:0.1% logz-ratio=23839308.98+/-0.26 dlogz:25511.210>0.01]14079it [20:12:42, 12.26s/it, bound:3038 nc:2765 ncall:1.5e+07 eff:0.1% logz-ratio=23839326.66+/-0.26 dlogz:25483.115>0.01]14083it [20:13:20, 11.35s/it, bound:3039 nc:1722 ncall:1.5e+07 eff:0.1% logz-ratio=23839420.50+/-0.26 dlogz:25418.083>0.01]14087it [20:14:00, 10.88s/it, bound:3040 nc:1722 ncall:1.5e+07 eff:0.1% logz-ratio=23839453.66+/-0.26 dlogz:25353.088>0.01]14091it [20:14:36, 10.28s/it, bound:3041 nc:2058 ncall:1.5e+07 eff:0.1% logz-ratio=23839494.42+/-0.26 dlogz:25312.797>0.01]14095it [20:15:17, 10.31s/it, bound:3042 nc:2311 ncall:1.5e+07 eff:0.1% logz-ratio=23839580.97+/-0.26 dlogz:25279.649>0.01]14099it [20:16:03, 10.67s/it, bound:3043 nc:1564 ncall:1.5e+07 eff:0.1% logz-ratio=23839697.18+/-0.26 dlogz:25128.031>0.01]14103it [20:16:42, 10.39s/it, bound:3044 nc:2654 ncall:1.5e+07 eff:0.1% logz-ratio=23839733.71+/-0.26 dlogz:25073.398>0.01]14107it [20:17:15,  9.69s/it, bound:3045 nc:2003 ncall:1.5e+07 eff:0.1% logz-ratio=23839799.04+/-0.26 dlogz:25013.255>0.01]14111it [20:17:59, 10.09s/it, bound:3046 nc:2176 ncall:1.5e+07 eff:0.1% logz-ratio=23839878.03+/-0.26 dlogz:24965.437>0.01]14115it [20:18:35,  9.81s/it, bound:3047 nc:1907 ncall:1.5e+07 eff:0.1% logz-ratio=23839917.96+/-0.26 dlogz:24896.643>0.01]14119it [20:19:13,  9.71s/it, bound:3048 nc:2123 ncall:1.5e+07 eff:0.1% logz-ratio=23840014.19+/-0.26 dlogz:24799.712>0.01]14123it [20:19:47,  9.36s/it, bound:3049 nc:2194 ncall:1.5e+07 eff:0.1% logz-ratio=23840170.15+/-0.26 dlogz:24638.964>0.01]14127it [20:20:28,  9.56s/it, bound:3050 nc:2300 ncall:1.5e+07 eff:0.1% logz-ratio=23840216.96+/-0.26 dlogz:24592.612>0.01]14131it [20:21:08,  9.73s/it, bound:3051 nc:2137 ncall:1.5e+07 eff:0.1% logz-ratio=23840266.86+/-0.27 dlogz:24561.866>0.01]14134it [20:21:19,  8.25s/it, bound:3052 nc:2314 ncall:1.5e+07 eff:0.1% logz-ratio=23840331.35+/-0.27 dlogz:24506.623>0.01]14135it [20:21:55, 11.14s/it, bound:3052 nc:1886 ncall:1.5e+07 eff:0.1% logz-ratio=23840339.02+/-0.26 dlogz:24473.014>0.01]14139it [20:22:41, 11.24s/it, bound:3053 nc:1971 ncall:1.5e+07 eff:0.1% logz-ratio=23840399.22+/-0.27 dlogz:24434.744>0.01]14142it [20:23:29, 12.66s/it, bound:3054 nc:4965 ncall:1.5e+07 eff:0.1% logz-ratio=23840436.53+/-0.26 dlogz:24372.012>0.01]14146it [20:24:10, 11.75s/it, bound:3055 nc:1450 ncall:1.5e+07 eff:0.1% logz-ratio=23840546.17+/-0.27 dlogz:24278.324>0.01]14150it [20:24:57, 11.75s/it, bound:3056 nc:2358 ncall:1.5e+07 eff:0.1% logz-ratio=23840616.88+/-0.27 dlogz:24203.776>0.01]14154it [20:25:41, 11.52s/it, bound:3057 nc:2228 ncall:1.5e+07 eff:0.1% logz-ratio=23840670.43+/-0.26 dlogz:24149.285>0.01]14158it [20:26:24, 11.29s/it, bound:3058 nc:2272 ncall:1.5e+07 eff:0.1% logz-ratio=23840732.57+/-0.27 dlogz:24078.206>0.01]14162it [20:27:07, 11.15s/it, bound:3059 nc:1390 ncall:1.5e+07 eff:0.1% logz-ratio=23840870.26+/-0.27 dlogz:23946.481>0.01]14166it [20:27:51, 11.10s/it, bound:3060 nc:2625 ncall:1.5e+07 eff:0.1% logz-ratio=23840939.64+/-0.27 dlogz:28357.814>0.01]14170it [20:28:47, 11.94s/it, bound:3061 nc:2230 ncall:1.5e+07 eff:0.1% logz-ratio=23841042.48+/-0.27 dlogz:28228.109>0.01]14174it [20:29:34, 11.92s/it, bound:3062 nc:2003 ncall:1.5e+07 eff:0.1% logz-ratio=23841068.57+/-0.24 dlogz:28191.409>0.01]14178it [20:30:16, 11.44s/it, bound:3063 nc:2493 ncall:1.5e+07 eff:0.1% logz-ratio=23841098.30+/-0.27 dlogz:28183.718>0.01]14182it [20:30:56, 11.01s/it, bound:3064 nc:1818 ncall:1.6e+07 eff:0.1% logz-ratio=23841166.34+/-0.26 dlogz:28096.849>0.01]14186it [20:31:44, 11.36s/it, bound:3065 nc:1539 ncall:1.6e+07 eff:0.1% logz-ratio=23841205.73+/-0.26 dlogz:28056.161>0.01]14188it [20:31:53, 10.10s/it, bound:3065 nc:1997 ncall:1.6e+07 eff:0.1% logz-ratio=23841212.66+/-0.26 dlogz:28048.405>0.01]14190it [20:32:24, 11.25s/it, bound:3066 nc:2090 ncall:1.6e+07 eff:0.1% logz-ratio=23841282.88+/-0.27 dlogz:28040.754>0.01]14194it [20:33:21, 12.31s/it, bound:3067 nc:2160 ncall:1.6e+07 eff:0.1% logz-ratio=23841385.35+/-0.27 dlogz:27910.527>0.01]14198it [20:34:04, 11.74s/it, bound:3068 nc:1790 ncall:1.6e+07 eff:0.1% logz-ratio=23841431.90+/-0.27 dlogz:27840.090>0.01]14202it [20:34:55, 12.10s/it, bound:3069 nc:2665 ncall:1.6e+07 eff:0.1% logz-ratio=23841494.75+/-0.27 dlogz:27781.932>0.01]14206it [20:35:53, 12.91s/it, bound:3070 nc:1727 ncall:1.6e+07 eff:0.1% logz-ratio=23841536.07+/-0.27 dlogz:27728.340>0.01]14210it [20:36:35, 12.14s/it, bound:3071 nc:1448 ncall:1.6e+07 eff:0.1% logz-ratio=23841598.34+/-0.26 dlogz:27663.031>0.01]14214it [20:37:25, 12.26s/it, bound:3072 nc:2657 ncall:1.6e+07 eff:0.1% logz-ratio=23841628.46+/-0.27 dlogz:27644.961>0.01]14218it [20:38:02, 11.33s/it, bound:3073 nc:2275 ncall:1.6e+07 eff:0.1% logz-ratio=23841668.37+/-0.26 dlogz:27591.385>0.01]14222it [20:38:50, 11.50s/it, bound:3074 nc:2995 ncall:1.6e+07 eff:0.1% logz-ratio=23841775.18+/-0.27 dlogz:27518.410>0.01]14226it [20:39:39, 11.76s/it, bound:3075 nc:2736 ncall:1.6e+07 eff:0.1% logz-ratio=23841796.07+/-0.27 dlogz:27467.645>0.01]14230it [20:40:25, 11.64s/it, bound:3076 nc:2265 ncall:1.6e+07 eff:0.1% logz-ratio=23841814.68+/-0.26 dlogz:27446.250>0.01]14234it [20:41:12, 11.70s/it, bound:3077 nc:1413 ncall:1.6e+07 eff:0.1% logz-ratio=23841911.10+/-0.27 dlogz:27360.086>0.01]14238it [20:41:50, 11.04s/it, bound:3078 nc:1742 ncall:1.6e+07 eff:0.1% logz-ratio=23841989.59+/-0.27 dlogz:27274.425>0.01]14240it [20:42:01, 10.08s/it, bound:3078 nc:2126 ncall:1.6e+07 eff:0.1% logz-ratio=23842007.30+/-0.27 dlogz:27266.112>0.01]14242it [20:42:51, 13.09s/it, bound:3079 nc:1911 ncall:1.6e+07 eff:0.1% logz-ratio=23842018.38+/-0.27 dlogz:27248.046>0.01]14246it [20:43:42, 12.93s/it, bound:3080 nc:2246 ncall:1.6e+07 eff:0.1% logz-ratio=23842088.45+/-0.27 dlogz:27215.957>0.01]14250it [20:44:29, 12.49s/it, bound:3081 nc:2456 ncall:1.6e+07 eff:0.1% logz-ratio=23842154.65+/-0.27 dlogz:27118.781>0.01]14254it [20:45:19, 12.50s/it, bound:3082 nc:1752 ncall:1.6e+07 eff:0.1% logz-ratio=23842205.64+/-0.27 dlogz:27072.383>0.01]14258it [20:46:06, 12.32s/it, bound:3083 nc:1658 ncall:1.6e+07 eff:0.1% logz-ratio=23842322.96+/-0.26 dlogz:26936.862>0.01]14261it [20:46:07,  9.19s/it, bound:3084 nc:  1 ncall:1.6e+07 eff:0.1% logz-ratio=23851520.03+/-0.27 dlogz:17736.235>0.01] 14262it [20:46:50, 12.91s/it, bound:3084 nc:2094 ncall:1.6e+07 eff:0.1% logz-ratio=23842388.66+/-0.27 dlogz:26899.754>0.01]14266it [20:47:29, 11.73s/it, bound:3085 nc:1938 ncall:1.6e+07 eff:0.1% logz-ratio=23842411.79+/-0.27 dlogz:26855.569>0.01]14270it [20:48:12, 11.38s/it, bound:3086 nc:2043 ncall:1.6e+07 eff:0.1% logz-ratio=23842443.02+/-0.27 dlogz:26832.455>0.01]14274it [20:48:59, 11.46s/it, bound:3087 nc:1647 ncall:1.6e+07 eff:0.1% logz-ratio=23842490.55+/-0.27 dlogz:26777.711>0.01]14278it [20:49:41, 11.19s/it, bound:3088 nc:2385 ncall:1.6e+07 eff:0.1% logz-ratio=23842541.12+/-0.26 dlogz:26721.795>0.01]14282it [20:50:22, 10.84s/it, bound:3089 nc:1472 ncall:1.6e+07 eff:0.1% logz-ratio=23842593.51+/-0.27 dlogz:26690.460>0.01]14286it [20:51:10, 11.20s/it, bound:3090 nc:2107 ncall:1.6e+07 eff:0.1% logz-ratio=23842640.63+/-0.27 dlogz:26626.415>0.01]14290it [20:51:56, 11.33s/it, bound:3091 nc:2377 ncall:1.6e+07 eff:0.1% logz-ratio=23842656.07+/-0.26 dlogz:26603.645>0.01]14291it [20:52:01, 10.69s/it, bound:3091 nc:2602 ncall:1.6e+07 eff:0.1% logz-ratio=23842681.65+/-0.27 dlogz:26601.874>0.01]14294it [20:52:48, 12.19s/it, bound:3092 nc:1896 ncall:1.6e+07 eff:0.1% logz-ratio=23842767.71+/-0.27 dlogz:26495.776>0.01]14298it [20:53:32, 11.76s/it, bound:3093 nc:2341 ncall:1.6e+07 eff:0.1% logz-ratio=23842829.37+/-0.27 dlogz:26473.919>0.01]14302it [20:54:26, 12.31s/it, bound:3094 nc:2226 ncall:1.6e+07 eff:0.1% logz-ratio=23842866.29+/-0.27 dlogz:26402.291>0.01]14306it [20:55:06, 11.61s/it, bound:3095 nc:2324 ncall:1.6e+07 eff:0.1% logz-ratio=23842885.26+/-0.27 dlogz:26380.559>0.01]14310it [20:55:49, 11.27s/it, bound:3096 nc:2346 ncall:1.6e+07 eff:0.1% logz-ratio=23842940.16+/-0.27 dlogz:26326.177>0.01]14314it [20:56:31, 11.06s/it, bound:3097 nc:1422 ncall:1.6e+07 eff:0.1% logz-ratio=23842963.33+/-0.27 dlogz:26302.822>0.01]14318it [20:57:11, 10.75s/it, bound:3098 nc:2424 ncall:1.6e+07 eff:0.1% logz-ratio=23843008.35+/-0.27 dlogz:26275.317>0.01]14322it [20:57:57, 10.99s/it, bound:3099 nc:2870 ncall:1.6e+07 eff:0.1% logz-ratio=23843027.17+/-0.26 dlogz:26232.244>0.01]14326it [20:58:46, 11.34s/it, bound:3100 nc:2873 ncall:1.6e+07 eff:0.1% logz-ratio=23843075.35+/-0.27 dlogz:26200.111>0.01]14330it [20:59:38, 11.88s/it, bound:3101 nc:2687 ncall:1.6e+07 eff:0.1% logz-ratio=23843118.46+/-0.27 dlogz:26154.246>0.01]14334it [21:00:32, 12.33s/it, bound:3102 nc:2790 ncall:1.6e+07 eff:0.1% logz-ratio=23843170.69+/-0.26 dlogz:26088.636>0.01]14338it [21:01:11, 11.58s/it, bound:3103 nc:2382 ncall:1.6e+07 eff:0.1% logz-ratio=23843239.55+/-0.27 dlogz:26049.836>0.01]14342it [21:01:56, 11.46s/it, bound:3104 nc:1661 ncall:1.6e+07 eff:0.1% logz-ratio=23843260.65+/-0.27 dlogz:26011.010>0.01]14346it [21:02:46, 11.79s/it, bound:3105 nc:2410 ncall:1.6e+07 eff:0.1% logz-ratio=23843321.91+/-0.27 dlogz:25947.531>0.01]14347it [21:02:55, 11.51s/it, bound:3105 nc:2813 ncall:1.6e+07 eff:0.1% logz-ratio=23843324.61+/-0.26 dlogz:25935.926>0.01]14350it [21:03:55, 13.98s/it, bound:3106 nc:2677 ncall:1.6e+07 eff:0.1% logz-ratio=23843352.98+/-0.27 dlogz:25912.972>0.01]14354it [21:04:36, 12.66s/it, bound:3107 nc:2085 ncall:1.6e+07 eff:0.1% logz-ratio=23843393.57+/-0.27 dlogz:25871.502>0.01]14358it [21:05:31, 13.06s/it, bound:3108 nc:2340 ncall:1.6e+07 eff:0.1% logz-ratio=23843459.41+/-0.27 dlogz:25809.615>0.01]14359it [21:14:38, 70.68s/it, bound:3108 nc:2165 ncall:1.6e+07 eff:0.1% logz-ratio=23843484.04+/-0.27 dlogz:25798.399>0.01]14362it [21:15:25, 53.31s/it, bound:3109 nc:2196 ncall:1.6e+07 eff:0.1% logz-ratio=23843511.09+/-0.27 dlogz:25760.755>0.01]14366it [21:16:12, 37.67s/it, bound:3110 nc:2150 ncall:1.6e+07 eff:0.1% logz-ratio=23843582.39+/-0.27 dlogz:25687.621>0.01]14370it [21:17:03, 28.96s/it, bound:3111 nc:2323 ncall:1.6e+07 eff:0.1% logz-ratio=23843675.23+/-0.27 dlogz:25599.306>0.01]14371it [21:17:15, 27.05s/it, bound:3111 nc:2032 ncall:1.6e+07 eff:0.1% logz-ratio=23843678.24+/-0.26 dlogz:25582.555>0.01]14374it [21:18:06, 23.78s/it, bound:3112 nc:2279 ncall:1.6e+07 eff:0.1% logz-ratio=23843731.88+/-0.27 dlogz:25542.106>0.01]14378it [21:18:59, 19.76s/it, bound:3113 nc:2922 ncall:1.6e+07 eff:0.1% logz-ratio=23843761.54+/-0.21 dlogz:25497.372>0.01]14382it [21:19:54, 17.66s/it, bound:3114 nc:2535 ncall:1.6e+07 eff:0.1% logz-ratio=23843811.23+/-0.27 dlogz:25453.162>0.01]14386it [21:20:48, 16.29s/it, bound:3115 nc:3177 ncall:1.6e+07 eff:0.1% logz-ratio=23843857.48+/-0.27 dlogz:25409.661>0.01]14390it [21:21:37, 15.00s/it, bound:3116 nc:1983 ncall:1.6e+07 eff:0.1% logz-ratio=23843930.14+/-0.27 dlogz:25343.605>0.01]14394it [21:22:25, 14.03s/it, bound:3117 nc:2003 ncall:1.6e+07 eff:0.1% logz-ratio=23843966.47+/-0.27 dlogz:25299.419>0.01]14397it [21:23:18, 14.98s/it, bound:3118 nc:2348 ncall:1.6e+07 eff:0.1% logz-ratio=23844007.39+/-0.27 dlogz:25258.098>0.01]14401it [21:24:16, 14.80s/it, bound:3119 nc:1435 ncall:1.6e+07 eff:0.1% logz-ratio=23844055.17+/-0.27 dlogz:25211.471>0.01]14405it [21:25:07, 14.11s/it, bound:3120 nc:1950 ncall:1.6e+07 eff:0.1% logz-ratio=23844116.31+/-0.27 dlogz:25168.895>0.01]14409it [21:25:59, 13.83s/it, bound:3121 nc:1380 ncall:1.6e+07 eff:0.1% logz-ratio=23844166.48+/-0.27 dlogz:25097.593>0.01]14413it [21:26:44, 12.99s/it, bound:3122 nc:2374 ncall:1.6e+07 eff:0.1% logz-ratio=23844203.11+/-0.27 dlogz:25075.366>0.01]14417it [21:27:37, 13.05s/it, bound:3123 nc:2179 ncall:1.6e+07 eff:0.1% logz-ratio=23844271.24+/-0.26 dlogz:24989.893>0.01]14420it [21:27:48, 10.79s/it, bound:3124 nc:2068 ncall:1.6e+07 eff:0.1% logz-ratio=23844340.60+/-0.27 dlogz:24945.351>0.01]14421it [21:28:31, 14.17s/it, bound:3124 nc:1496 ncall:1.6e+07 eff:0.1% logz-ratio=23844349.00+/-0.27 dlogz:24917.082>0.01]14425it [21:29:13, 12.75s/it, bound:3125 nc:2308 ncall:1.6e+07 eff:0.1% logz-ratio=23844455.33+/-0.27 dlogz:24808.142>0.01]14429it [21:29:57, 12.13s/it, bound:3126 nc:2357 ncall:1.6e+07 eff:0.1% logz-ratio=23844470.70+/-0.26 dlogz:24788.435>0.01]14433it [21:30:39, 11.61s/it, bound:3127 nc:2139 ncall:1.6e+07 eff:0.1% logz-ratio=23844566.67+/-0.27 dlogz:24720.238>0.01]14437it [21:31:18, 11.05s/it, bound:3128 nc:2588 ncall:1.6e+07 eff:0.1% logz-ratio=23844619.42+/-0.27 dlogz:24658.995>0.01]14441it [21:32:01, 10.93s/it, bound:3129 nc:1223 ncall:1.6e+07 eff:0.1% logz-ratio=23844670.31+/-0.27 dlogz:24596.843>0.01]14445it [21:32:50, 11.31s/it, bound:3130 nc:2068 ncall:1.6e+07 eff:0.1% logz-ratio=23844695.42+/-0.27 dlogz:24572.363>0.01]14449it [21:33:44, 12.02s/it, bound:3131 nc:2380 ncall:1.6e+07 eff:0.1% logz-ratio=23844765.78+/-0.27 dlogz:24503.339>0.01]14453it [21:34:25, 11.49s/it, bound:3132 nc:1895 ncall:1.6e+07 eff:0.1% logz-ratio=23844813.30+/-0.23 dlogz:24445.859>0.01]14457it [21:35:09, 11.34s/it, bound:3133 nc:2001 ncall:1.6e+07 eff:0.1% logz-ratio=23844833.34+/-0.27 dlogz:24433.278>0.01]14461it [21:35:50, 11.01s/it, bound:3134 nc:1909 ncall:1.6e+07 eff:0.1% logz-ratio=23844913.89+/-0.27 dlogz:24364.729>0.01]14465it [21:36:37, 11.18s/it, bound:3135 nc:2310 ncall:1.6e+07 eff:0.1% logz-ratio=23844939.36+/-0.26 dlogz:24319.524>0.01]14469it [21:37:18, 10.92s/it, bound:3136 nc:2390 ncall:1.6e+07 eff:0.1% logz-ratio=23844972.03+/-0.22 dlogz:24286.708>0.01]14473it [21:38:09, 11.45s/it, bound:3137 nc:2149 ncall:1.6e+07 eff:0.1% logz-ratio=23845043.26+/-0.27 dlogz:24232.151>0.01]14474it [21:38:20, 11.43s/it, bound:3137 nc:2901 ncall:1.6e+07 eff:0.1% logz-ratio=23845050.53+/-0.27 dlogz:24214.316>0.01]14477it [21:39:07, 12.65s/it, bound:3138 nc:1547 ncall:1.6e+07 eff:0.1% logz-ratio=23845057.61+/-0.24 dlogz:24200.809>0.01]14481it [21:40:00, 12.86s/it, bound:3139 nc:2076 ncall:1.6e+07 eff:0.1% logz-ratio=23845108.46+/-0.22 dlogz:24150.259>0.01]14485it [21:40:49, 12.73s/it, bound:3140 nc:2012 ncall:1.6e+07 eff:0.1% logz-ratio=23845140.94+/-0.27 dlogz:24131.502>0.01]14489it [21:41:33, 12.11s/it, bound:3141 nc:2739 ncall:1.6e+07 eff:0.1% logz-ratio=23845182.58+/-0.27 dlogz:24105.058>0.01]14493it [21:42:16, 11.69s/it, bound:3142 nc:2022 ncall:1.6e+07 eff:0.1% logz-ratio=23845209.74+/-0.27 dlogz:24051.053>0.01]14497it [21:42:58, 11.30s/it, bound:3143 nc:1814 ncall:1.6e+07 eff:0.1% logz-ratio=23845283.11+/-0.27 dlogz:23991.580>0.01]14501it [21:43:45, 11.47s/it, bound:3144 nc:1947 ncall:1.6e+07 eff:0.1% logz-ratio=23845324.22+/-0.27 dlogz:23941.867>0.01]14505it [21:44:37, 11.91s/it, bound:3145 nc:3119 ncall:1.6e+07 eff:0.1% logz-ratio=23845380.34+/-0.27 dlogz:23882.795>0.01]14509it [21:45:21, 11.69s/it, bound:3146 nc:2342 ncall:1.6e+07 eff:0.1% logz-ratio=23845443.08+/-0.27 dlogz:23835.066>0.01]14513it [21:46:07, 11.64s/it, bound:3147 nc:2175 ncall:1.6e+07 eff:0.1% logz-ratio=23845490.06+/-0.27 dlogz:23788.149>0.01]14517it [21:46:49, 11.27s/it, bound:3148 nc:2576 ncall:1.6e+07 eff:0.1% logz-ratio=23845530.81+/-0.25 dlogz:23729.095>0.01]14521it [21:47:28, 10.82s/it, bound:3149 nc:2176 ncall:1.6e+07 eff:0.1% logz-ratio=23845578.69+/-0.27 dlogz:23685.001>0.01]14525it [21:48:13, 10.93s/it, bound:3150 nc:2129 ncall:1.6e+07 eff:0.1% logz-ratio=23845596.50+/-0.26 dlogz:23663.714>0.01]14527it [21:48:22,  9.76s/it, bound:3150 nc:1981 ncall:1.6e+07 eff:0.1% logz-ratio=23845640.88+/-0.27 dlogz:23653.491>0.01]14529it [21:49:15, 13.21s/it, bound:3151 nc:2744 ncall:1.6e+07 eff:0.1% logz-ratio=23845644.58+/-0.26 dlogz:23614.250>0.01]14533it [21:50:00, 12.45s/it, bound:3152 nc:2117 ncall:1.6e+07 eff:0.1% logz-ratio=23845744.45+/-0.24 dlogz:23514.712>0.01]14537it [21:50:56, 12.96s/it, bound:3153 nc:1859 ncall:1.6e+07 eff:0.1% logz-ratio=23845770.41+/-0.27 dlogz:23490.836>0.01]14541it [21:51:45, 12.75s/it, bound:3154 nc:1988 ncall:1.6e+07 eff:0.1% logz-ratio=23845795.43+/-0.27 dlogz:23466.968>0.01]14545it [21:52:38, 12.95s/it, bound:3155 nc:2146 ncall:1.6e+07 eff:0.1% logz-ratio=23845816.25+/-0.27 dlogz:23448.359>0.01]14549it [21:53:27, 12.72s/it, bound:3156 nc:1612 ncall:1.6e+07 eff:0.1% logz-ratio=23845828.87+/-0.27 dlogz:23430.921>0.01]14553it [21:54:15, 12.45s/it, bound:3157 nc:1536 ncall:1.6e+07 eff:0.1% logz-ratio=23845843.14+/-0.27 dlogz:23416.126>0.01]14557it [21:54:57, 11.88s/it, bound:3158 nc:1500 ncall:1.6e+07 eff:0.1% logz-ratio=23845927.43+/-0.27 dlogz:23364.834>0.01]14561it [21:55:38, 11.37s/it, bound:3159 nc:1702 ncall:1.6e+07 eff:0.1% logz-ratio=23845974.39+/-0.26 dlogz:23286.802>0.01]14565it [21:56:24, 11.45s/it, bound:3160 nc:2178 ncall:1.6e+07 eff:0.1% logz-ratio=23845990.08+/-0.27 dlogz:23277.637>0.01]14569it [21:57:09, 11.40s/it, bound:3161 nc:1964 ncall:1.6e+07 eff:0.1% logz-ratio=23846078.13+/-0.27 dlogz:23184.572>0.01]14573it [21:57:59, 11.72s/it, bound:3162 nc:2309 ncall:1.6e+07 eff:0.1% logz-ratio=23846099.04+/-0.27 dlogz:23160.783>0.01]14577it [21:58:42, 11.43s/it, bound:3163 nc:1984 ncall:1.6e+07 eff:0.1% logz-ratio=23846147.37+/-0.27 dlogz:23114.555>0.01]14579it [21:58:54, 10.43s/it, bound:3163 nc:2519 ncall:1.6e+07 eff:0.1% logz-ratio=23846199.30+/-0.27 dlogz:23098.886>0.01]14581it [21:59:47, 13.68s/it, bound:3164 nc:2987 ncall:1.6e+07 eff:0.1% logz-ratio=23846235.17+/-0.27 dlogz:23032.025>0.01]14585it [22:00:31, 12.68s/it, bound:3165 nc:2056 ncall:1.6e+07 eff:0.1% logz-ratio=23846271.74+/-0.27 dlogz:22996.695>0.01]14589it [22:01:18, 12.38s/it, bound:3166 nc:2440 ncall:1.6e+07 eff:0.1% logz-ratio=23846389.06+/-0.27 dlogz:22894.925>0.01]14593it [22:02:03, 12.03s/it, bound:3167 nc:1893 ncall:1.6e+07 eff:0.1% logz-ratio=23846456.84+/-0.27 dlogz:22817.396>0.01]14597it [22:02:51, 11.97s/it, bound:3168 nc:1917 ncall:1.6e+07 eff:0.1% logz-ratio=23846519.28+/-0.27 dlogz:22780.940>0.01]14601it [22:03:41, 12.14s/it, bound:3169 nc:1958 ncall:1.6e+07 eff:0.1% logz-ratio=23846566.03+/-0.27 dlogz:22702.122>0.01]14605it [22:04:33, 12.45s/it, bound:3170 nc:1988 ncall:1.6e+07 eff:0.1% logz-ratio=23846610.44+/-0.27 dlogz:22657.407>0.01]14609it [22:05:33, 13.18s/it, bound:3171 nc:2766 ncall:1.6e+07 eff:0.1% logz-ratio=23846635.23+/-0.27 dlogz:22630.513>0.01]14613it [22:06:21, 12.84s/it, bound:3172 nc:2287 ncall:1.6e+07 eff:0.1% logz-ratio=23846678.29+/-0.27 dlogz:22583.375>0.01]14617it [22:07:08, 12.54s/it, bound:3173 nc:1364 ncall:1.6e+07 eff:0.1% logz-ratio=23846725.86+/-0.26 dlogz:22532.757>0.01]14621it [22:08:01, 12.70s/it, bound:3174 nc:2089 ncall:1.6e+07 eff:0.1% logz-ratio=23846810.36+/-0.27 dlogz:22462.469>0.01]14625it [22:08:43, 12.05s/it, bound:3175 nc:2437 ncall:1.6e+07 eff:0.1% logz-ratio=23846849.82+/-0.27 dlogz:22410.300>0.01]14629it [22:09:29, 11.94s/it, bound:3176 nc:2520 ncall:1.6e+07 eff:0.1% logz-ratio=23846866.19+/-0.27 dlogz:22392.906>0.01]14630it [22:09:35, 11.29s/it, bound:3176 nc:2400 ncall:1.6e+07 eff:0.1% logz-ratio=23846901.89+/-0.27 dlogz:22391.073>0.01]14633it [22:10:26, 13.03s/it, bound:3177 nc:2399 ncall:1.6e+07 eff:0.1% logz-ratio=23846925.94+/-0.27 dlogz:22348.643>0.01]14637it [22:11:14, 12.63s/it, bound:3178 nc:2060 ncall:1.6e+07 eff:0.1% logz-ratio=23846964.75+/-0.26 dlogz:22293.648>0.01]14641it [22:11:57, 12.00s/it, bound:3179 nc:2520 ncall:1.7e+07 eff:0.1% logz-ratio=23846974.91+/-0.24 dlogz:22283.116>0.01]14645it [22:12:42, 11.78s/it, bound:3180 nc:2539 ncall:1.7e+07 eff:0.1% logz-ratio=23847001.58+/-0.27 dlogz:22264.631>0.01]14649it [22:13:29, 11.75s/it, bound:3181 nc:2384 ncall:1.7e+07 eff:0.1% logz-ratio=23847041.11+/-0.27 dlogz:22243.757>0.01]14653it [22:14:13, 11.50s/it, bound:3182 nc:2008 ncall:1.7e+07 eff:0.1% logz-ratio=23847083.86+/-0.23 dlogz:22174.818>0.01]14657it [22:15:05, 11.95s/it, bound:3183 nc:3268 ncall:1.7e+07 eff:0.1% logz-ratio=23847107.91+/-0.27 dlogz:22158.483>0.01]14661it [22:15:50, 11.72s/it, bound:3184 nc:2037 ncall:1.7e+07 eff:0.1% logz-ratio=23847129.68+/-0.27 dlogz:22129.125>0.01]14665it [22:16:32, 11.40s/it, bound:3185 nc:2785 ncall:1.7e+07 eff:0.1% logz-ratio=23847163.51+/-0.27 dlogz:22097.942>0.01]14669it [22:17:17, 11.32s/it, bound:3186 nc:2499 ncall:1.7e+07 eff:0.1% logz-ratio=23847228.81+/-0.26 dlogz:22030.948>0.01]14673it [22:18:02, 11.31s/it, bound:3187 nc:1581 ncall:1.7e+07 eff:0.1% logz-ratio=23847254.82+/-0.26 dlogz:22004.648>0.01]14677it [22:18:53, 11.77s/it, bound:3188 nc:1999 ncall:1.7e+07 eff:0.1% logz-ratio=23847282.14+/-0.26 dlogz:21978.748>0.01]14681it [22:19:42, 11.91s/it, bound:3189 nc:2518 ncall:1.7e+07 eff:0.1% logz-ratio=23847312.61+/-0.27 dlogz:21955.150>0.01]14682it [22:19:54, 11.91s/it, bound:3189 nc:2024 ncall:1.7e+07 eff:0.1% logz-ratio=23847314.12+/-0.23 dlogz:21944.554>0.01]14685it [22:20:39, 12.79s/it, bound:3190 nc:2356 ncall:1.7e+07 eff:0.1% logz-ratio=23847367.99+/-0.27 dlogz:21901.499>0.01]14689it [22:21:17, 11.64s/it, bound:3191 nc:2188 ncall:1.7e+07 eff:0.1% logz-ratio=23847438.40+/-0.27 dlogz:21824.749>0.01]14693it [22:22:04, 11.70s/it, bound:3192 nc:1991 ncall:1.7e+07 eff:0.1% logz-ratio=23847476.97+/-0.27 dlogz:21803.537>0.01]14697it [22:22:49, 11.55s/it, bound:3193 nc:2078 ncall:1.7e+07 eff:0.1% logz-ratio=23847506.79+/-0.27 dlogz:21770.710>0.01]14701it [22:23:30, 11.09s/it, bound:3194 nc:2565 ncall:1.7e+07 eff:0.1% logz-ratio=23847567.43+/-0.27 dlogz:21707.637>0.01]14705it [22:24:08, 10.63s/it, bound:3195 nc:2124 ncall:1.7e+07 eff:0.1% logz-ratio=23847643.63+/-0.27 dlogz:21619.485>0.01]14709it [22:25:06, 11.80s/it, bound:3196 nc:2000 ncall:1.7e+07 eff:0.1% logz-ratio=23847677.83+/-0.27 dlogz:21588.925>0.01]14713it [22:25:52, 11.74s/it, bound:3197 nc:2174 ncall:1.7e+07 eff:0.1% logz-ratio=23847710.56+/-0.22 dlogz:21547.820>0.01]14717it [22:26:40, 11.79s/it, bound:3198 nc:1970 ncall:1.7e+07 eff:0.1% logz-ratio=23847754.00+/-0.23 dlogz:21504.455>0.01]14721it [22:27:26, 11.73s/it, bound:3199 nc:1995 ncall:1.7e+07 eff:0.1% logz-ratio=23847773.08+/-0.27 dlogz:21487.116>0.01]14725it [22:28:11, 11.53s/it, bound:3200 nc:2607 ncall:1.7e+07 eff:0.1% logz-ratio=23847793.04+/-0.27 dlogz:21469.668>0.01]14729it [22:29:10, 12.55s/it, bound:3201 nc:1674 ncall:1.7e+07 eff:0.1% logz-ratio=23847818.82+/-0.27 dlogz:21450.302>0.01]14733it [22:30:03, 12.76s/it, bound:3202 nc:2050 ncall:1.7e+07 eff:0.1% logz-ratio=23847872.02+/-0.27 dlogz:21423.197>0.01]14736it [22:30:16, 10.67s/it, bound:3203 nc:1957 ncall:1.7e+07 eff:0.1% logz-ratio=23847910.46+/-0.27 dlogz:21356.153>0.01]14737it [22:31:25, 16.72s/it, bound:3203 nc:2331 ncall:1.7e+07 eff:0.1% logz-ratio=23847914.05+/-0.27 dlogz:21346.589>0.01]14741it [22:32:23, 15.96s/it, bound:3204 nc:2205 ncall:1.7e+07 eff:0.1% logz-ratio=23847957.59+/-0.27 dlogz:21307.271>0.01]14745it [22:33:10, 14.49s/it, bound:3205 nc:2155 ncall:1.7e+07 eff:0.1% logz-ratio=23848001.04+/-0.27 dlogz:21261.586>0.01]14748it [22:33:10, 10.57s/it, bound:3206 nc:  1 ncall:1.7e+07 eff:0.1% logz-ratio=23854659.12+/-0.25 dlogz:14596.295>0.01] 14748it [22:33:28, 10.57s/it, bound:3206 nc:  1 ncall:1.7e+07 eff:0.1% logz-ratio=23869250.12+/-0.27 dlogz:1.099>0.01]    14749it [22:33:57, 14.63s/it, bound:3206 nc:2175 ncall:1.7e+07 eff:0.1% logz-ratio=23848030.26+/-0.23 dlogz:21228.175>0.01]14753it [22:34:44, 13.57s/it, bound:3207 nc:1746 ncall:1.7e+07 eff:0.1% logz-ratio=23848070.95+/-0.27 dlogz:21197.678>0.01]14757it [22:35:25, 12.33s/it, bound:3208 nc:1481 ncall:1.7e+07 eff:0.1% logz-ratio=23848128.00+/-0.27 dlogz:21152.384>0.01]14761it [22:36:26, 13.33s/it, bound:3209 nc:2157 ncall:1.7e+07 eff:0.1% logz-ratio=23848197.66+/-0.27 dlogz:21063.530>0.01]14765it [22:37:11, 12.65s/it, bound:3210 nc:1972 ncall:1.7e+07 eff:0.1% logz-ratio=23848210.53+/-0.23 dlogz:21047.893>0.01]14769it [22:37:59, 12.48s/it, bound:3211 nc:1799 ncall:1.7e+07 eff:0.1% logz-ratio=23848254.25+/-0.27 dlogz:21004.137>0.01]14773it [22:38:48, 12.35s/it, bound:3212 nc:2710 ncall:1.7e+07 eff:0.1% logz-ratio=23848287.78+/-0.27 dlogz:20986.435>0.01]14777it [22:39:43, 12.78s/it, bound:3213 nc:2661 ncall:1.7e+07 eff:0.1% logz-ratio=23848316.35+/-0.26 dlogz:20943.265>0.01]14781it [22:40:38, 13.06s/it, bound:3214 nc:2310 ncall:1.7e+07 eff:0.1% logz-ratio=23848340.84+/-0.27 dlogz:20924.261>0.01]14783it [22:40:47, 11.59s/it, bound:3214 nc:2400 ncall:1.7e+07 eff:0.1% logz-ratio=23848359.12+/-0.27 dlogz:20914.145>0.01]14785it [22:41:46, 15.22s/it, bound:3215 nc:1637 ncall:1.7e+07 eff:0.1% logz-ratio=23848371.04+/-0.27 dlogz:20896.394>0.01]14789it [22:42:48, 15.35s/it, bound:3216 nc:2481 ncall:1.7e+07 eff:0.1% logz-ratio=23848409.87+/-0.27 dlogz:20860.940>0.01]14792it [22:42:48, 11.02s/it, bound:3217 nc:  1 ncall:1.7e+07 eff:0.1% logz-ratio=23848504.91+/-0.27 dlogz:20752.015>0.01] 14792it [22:42:58, 11.02s/it, bound:3217 nc:  1 ncall:1.7e+07 eff:0.1% logz-ratio=23869250.03+/-0.27 dlogz:1.099>0.01]    14793it [22:43:41, 15.98s/it, bound:3217 nc:2211 ncall:1.7e+07 eff:0.1% logz-ratio=23848436.98+/-0.25 dlogz:20822.073>0.01]14797it [22:44:39, 15.35s/it, bound:3218 nc:2631 ncall:1.7e+07 eff:0.1% logz-ratio=23848478.48+/-0.27 dlogz:20807.319>0.01]14801it [22:45:30, 14.39s/it, bound:3219 nc:2365 ncall:1.7e+07 eff:0.1% logz-ratio=23848504.89+/-0.27 dlogz:20756.098>0.01]14805it [22:46:34, 14.96s/it, bound:3220 nc:2965 ncall:1.7e+07 eff:0.1% logz-ratio=23848539.18+/-0.27 dlogz:20718.859>0.01]14809it [22:47:22, 13.98s/it, bound:3221 nc:2080 ncall:1.7e+07 eff:0.1% logz-ratio=23848574.08+/-0.27 dlogz:20699.218>0.01]14813it [22:48:10, 13.36s/it, bound:3222 nc:1754 ncall:1.7e+07 eff:0.1% logz-ratio=23848599.25+/-0.26 dlogz:20659.296>0.01]14817it [22:49:13, 14.10s/it, bound:3223 nc:2023 ncall:1.7e+07 eff:0.1% logz-ratio=23848612.84+/-0.27 dlogz:20647.410>0.01]14821it [22:50:15, 14.50s/it, bound:3224 nc:2125 ncall:1.7e+07 eff:0.1% logz-ratio=23848661.25+/-0.27 dlogz:20605.329>0.01]14825it [22:51:11, 14.36s/it, bound:3225 nc:1706 ncall:1.7e+07 eff:0.1% logz-ratio=23848760.71+/-0.27 dlogz:20497.752>0.01]14827it [22:51:20, 12.65s/it, bound:3225 nc:1782 ncall:1.7e+07 eff:0.1% logz-ratio=23848763.75+/-0.25 dlogz:20495.199>0.01]14828it [22:51:38, 12.65s/it, bound:3226 nc:  1 ncall:1.7e+07 eff:0.1% logz-ratio=23869249.96+/-0.27 dlogz:1.099>0.01]     14829it [22:52:11, 15.26s/it, bound:3226 nc:1851 ncall:1.7e+07 eff:0.1% logz-ratio=23848784.99+/-0.27 dlogz:20475.790>0.01]14833it [22:53:03, 14.42s/it, bound:3227 nc:1795 ncall:1.7e+07 eff:0.1% logz-ratio=23848844.07+/-0.27 dlogz:20422.184>0.01]14837it [22:54:04, 14.70s/it, bound:3228 nc:2948 ncall:1.7e+07 eff:0.1% logz-ratio=23848886.26+/-0.27 dlogz:20375.735>0.01]14841it [22:54:57, 14.23s/it, bound:3229 nc:2088 ncall:1.7e+07 eff:0.1% logz-ratio=23848897.41+/-0.27 dlogz:20364.215>0.01]14845it [22:55:45, 13.50s/it, bound:3230 nc:2355 ncall:1.7e+07 eff:0.1% logz-ratio=23848959.50+/-0.27 dlogz:20316.107>0.01]14849it [22:56:29, 12.70s/it, bound:3231 nc:2381 ncall:1.7e+07 eff:0.1% logz-ratio=23849048.71+/-0.27 dlogz:20234.596>0.01]14853it [22:57:22, 12.86s/it, bound:3232 nc:2526 ncall:1.7e+07 eff:0.1% logz-ratio=23849130.92+/-0.27 dlogz:20158.134>0.01]14857it [22:58:21, 13.45s/it, bound:3233 nc:2638 ncall:1.7e+07 eff:0.1% logz-ratio=23849147.55+/-0.27 dlogz:20111.272>0.01]14861it [22:59:17, 13.66s/it, bound:3234 nc:1858 ncall:1.7e+07 eff:0.1% logz-ratio=23849181.96+/-0.27 dlogz:20089.485>0.01]14865it [23:00:07, 13.31s/it, bound:3235 nc:2353 ncall:1.7e+07 eff:0.1% logz-ratio=23849238.30+/-0.27 dlogz:20025.911>0.01]14869it [23:01:02, 13.45s/it, bound:3236 nc:2380 ncall:1.7e+07 eff:0.1% logz-ratio=23849260.03+/-0.27 dlogz:20001.020>0.01]14873it [23:01:59, 13.62s/it, bound:3237 nc:2387 ncall:1.7e+07 eff:0.1% logz-ratio=23849299.93+/-0.27 dlogz:19960.319>0.01]14874it [23:02:09, 13.32s/it, bound:3237 nc:1389 ncall:1.7e+07 eff:0.1% logz-ratio=23849305.48+/-0.27 dlogz:19956.848>0.01]14877it [23:02:56, 13.96s/it, bound:3238 nc:2266 ncall:1.7e+07 eff:0.1% logz-ratio=23849322.82+/-0.27 dlogz:19945.221>0.01]14881it [23:03:56, 14.33s/it, bound:3239 nc:2150 ncall:1.7e+07 eff:0.1% logz-ratio=23849379.56+/-0.27 dlogz:19882.334>0.01]14885it [23:04:55, 14.55s/it, bound:3240 nc:2391 ncall:1.7e+07 eff:0.1% logz-ratio=23849407.57+/-0.27 dlogz:19854.499>0.01]14889it [23:05:49, 14.18s/it, bound:3241 nc:2221 ncall:1.7e+07 eff:0.1% logz-ratio=23849498.18+/-0.27 dlogz:19784.562>0.01]14893it [23:06:46, 14.18s/it, bound:3242 nc:2369 ncall:1.7e+07 eff:0.1% logz-ratio=23849581.29+/-0.27 dlogz:19681.063>0.01]14897it [23:07:31, 13.29s/it, bound:3243 nc:2105 ncall:1.7e+07 eff:0.1% logz-ratio=23849609.20+/-0.27 dlogz:19657.739>0.01]14901it [23:08:24, 13.28s/it, bound:3244 nc:2088 ncall:1.7e+07 eff:0.1% logz-ratio=23849652.28+/-0.27 dlogz:19605.768>0.01]14905it [23:09:18, 13.36s/it, bound:3245 nc:2220 ncall:1.7e+07 eff:0.1% logz-ratio=23849673.81+/-0.27 dlogz:19595.185>0.01]14909it [23:10:20, 13.99s/it, bound:3246 nc:3268 ncall:1.7e+07 eff:0.1% logz-ratio=23849726.95+/-0.27 dlogz:19559.551>0.01]14913it [23:11:20, 14.30s/it, bound:3247 nc:1861 ncall:1.7e+07 eff:0.1% logz-ratio=23849775.43+/-0.22 dlogz:19482.375>0.01]14917it [23:12:08, 13.62s/it, bound:3248 nc:1774 ncall:1.7e+07 eff:0.1% logz-ratio=23849813.11+/-0.27 dlogz:19455.852>0.01]14920it [23:12:21, 11.32s/it, bound:3249 nc:2383 ncall:1.7e+07 eff:0.1% logz-ratio=23849845.55+/-0.24 dlogz:19412.961>0.01]14921it [23:13:18, 16.04s/it, bound:3249 nc:2425 ncall:1.7e+07 eff:0.1% logz-ratio=23849854.18+/-0.27 dlogz:19411.138>0.01]14925it [23:14:18, 15.66s/it, bound:3250 nc:2703 ncall:1.7e+07 eff:0.1% logz-ratio=23849865.18+/-0.25 dlogz:19393.321>0.01]14929it [23:15:02, 14.05s/it, bound:3251 nc:1699 ncall:1.7e+07 eff:0.1% logz-ratio=23849903.15+/-0.27 dlogz:19355.099>0.01]14933it [23:15:48, 13.19s/it, bound:3252 nc:1774 ncall:1.7e+07 eff:0.1% logz-ratio=23849953.82+/-0.27 dlogz:19307.799>0.01]14936it [23:15:48,  9.75s/it, bound:3253 nc:2041 ncall:1.7e+07 eff:0.1% logz-ratio=23849970.76+/-0.27 dlogz:19293.863>0.01]14936it [23:15:59,  9.75s/it, bound:3253 nc:2041 ncall:1.7e+07 eff:0.1% logz-ratio=23849970.76+/-0.27 dlogz:19293.863>0.01]14937it [23:16:47, 15.25s/it, bound:3253 nc:2219 ncall:1.7e+07 eff:0.1% logz-ratio=23849986.99+/-0.27 dlogz:19285.896>0.01]14941it [23:17:33, 13.82s/it, bound:3254 nc:2040 ncall:1.7e+07 eff:0.1% logz-ratio=23850038.65+/-0.27 dlogz:19222.314>0.01]14945it [23:18:19, 12.94s/it, bound:3255 nc:1920 ncall:1.7e+07 eff:0.1% logz-ratio=23850072.86+/-0.27 dlogz:19192.677>0.01]14949it [23:19:00, 12.06s/it, bound:3256 nc:1863 ncall:1.7e+07 eff:0.1% logz-ratio=23850086.30+/-0.27 dlogz:19176.832>0.01]14953it [23:19:39, 11.30s/it, bound:3257 nc:2024 ncall:1.7e+07 eff:0.1% logz-ratio=23850155.16+/-0.27 dlogz:19122.023>0.01]14957it [23:20:21, 11.01s/it, bound:3258 nc:2156 ncall:1.7e+07 eff:0.1% logz-ratio=23850180.91+/-0.27 dlogz:19078.560>0.01]14961it [23:21:02, 10.77s/it, bound:3259 nc:2111 ncall:1.7e+07 eff:0.1% logz-ratio=23850223.31+/-0.27 dlogz:19037.605>0.01]14965it [23:21:40, 10.39s/it, bound:3260 nc:2262 ncall:1.7e+07 eff:0.1% logz-ratio=23850244.54+/-0.22 dlogz:19013.243>0.01]14969it [23:22:27, 10.81s/it, bound:3261 nc:2310 ncall:1.7e+07 eff:0.1% logz-ratio=23850268.92+/-0.27 dlogz:18990.935>0.01]14971it [23:22:32,  9.35s/it, bound:3261 nc:2035 ncall:1.7e+07 eff:0.1% logz-ratio=23850279.95+/-0.22 dlogz:18977.862>0.01]14973it [23:23:24, 12.75s/it, bound:3262 nc:2588 ncall:1.7e+07 eff:0.1% logz-ratio=23850299.47+/-0.27 dlogz:18958.748>0.01]14977it [23:24:20, 13.23s/it, bound:3263 nc:2884 ncall:1.7e+07 eff:0.1% logz-ratio=23850321.17+/-0.27 dlogz:18950.835>0.01]14981it [23:25:13, 13.24s/it, bound:3264 nc:2617 ncall:1.7e+07 eff:0.1% logz-ratio=23850358.85+/-0.27 dlogz:18917.138>0.01]14985it [23:26:01, 12.76s/it, bound:3265 nc:2922 ncall:1.7e+07 eff:0.1% logz-ratio=23850394.97+/-0.23 dlogz:18862.980>0.01]14989it [23:26:51, 12.74s/it, bound:3266 nc:1880 ncall:1.7e+07 eff:0.1% logz-ratio=23850444.42+/-0.27 dlogz:18818.349>0.01]14993it [23:27:34, 12.06s/it, bound:3267 nc:458 ncall:1.7e+07 eff:0.1% logz-ratio=23850472.52+/-0.27 dlogz:18792.675>0.01] 14997it [23:28:21, 12.00s/it, bound:3268 nc:2457 ncall:1.7e+07 eff:0.1% logz-ratio=23850519.60+/-0.27 dlogz:18738.184>0.01]15001it [23:29:04, 11.60s/it, bound:3269 nc:1987 ncall:1.7e+07 eff:0.1% logz-ratio=23850563.41+/-0.27 dlogz:18706.045>0.01]15005it [23:29:50, 11.57s/it, bound:3270 nc:2440 ncall:1.7e+07 eff:0.1% logz-ratio=23850589.68+/-0.27 dlogz:18681.148>0.01]15009it [23:30:29, 11.02s/it, bound:3271 nc:2235 ncall:1.7e+07 eff:0.1% logz-ratio=23850610.92+/-0.27 dlogz:18656.155>0.01]15013it [23:31:13, 11.01s/it, bound:3272 nc:2135 ncall:1.7e+07 eff:0.1% logz-ratio=23850650.30+/-0.26 dlogz:18607.434>0.01]15017it [23:32:02, 11.39s/it, bound:3273 nc:2579 ncall:1.7e+07 eff:0.1% logz-ratio=23850671.42+/-0.27 dlogz:18587.618>0.01]15021it [23:32:52, 11.71s/it, bound:3274 nc:2208 ncall:1.7e+07 eff:0.1% logz-ratio=23850730.25+/-0.27 dlogz:18541.886>0.01]15024it [23:33:04,  9.83s/it, bound:3275 nc:2522 ncall:1.7e+07 eff:0.1% logz-ratio=23850777.59+/-0.27 dlogz:18494.481>0.01]15025it [23:33:59, 14.58s/it, bound:3275 nc:2884 ncall:1.7e+07 eff:0.1% logz-ratio=23850780.80+/-0.27 dlogz:18478.886>0.01]15029it [23:34:47, 13.59s/it, bound:3276 nc:2395 ncall:1.7e+07 eff:0.1% logz-ratio=23850798.84+/-0.25 dlogz:18459.718>0.01]15033it [23:35:45, 13.87s/it, bound:3277 nc:2520 ncall:1.7e+07 eff:0.1% logz-ratio=23850851.64+/-0.27 dlogz:18414.436>0.01]15037it [23:36:28, 12.90s/it, bound:3278 nc:2195 ncall:1.7e+07 eff:0.1% logz-ratio=23850862.08+/-0.27 dlogz:18397.542>0.01]15041it [23:37:21, 12.99s/it, bound:3279 nc:2900 ncall:1.7e+07 eff:0.1% logz-ratio=23850908.63+/-0.27 dlogz:18356.085>0.01]15045it [23:38:11, 12.83s/it, bound:3280 nc:2542 ncall:1.7e+07 eff:0.1% logz-ratio=23850976.33+/-0.27 dlogz:18302.267>0.01]15049it [23:38:50, 11.86s/it, bound:3281 nc:1913 ncall:1.7e+07 eff:0.1% logz-ratio=23850990.80+/-0.27 dlogz:18270.908>0.01]15053it [23:39:26, 11.01s/it, bound:3282 nc:2323 ncall:1.7e+07 eff:0.1% logz-ratio=23851045.13+/-0.27 dlogz:18221.957>0.01]15057it [23:40:02, 10.37s/it, bound:3283 nc:2212 ncall:1.7e+07 eff:0.1% logz-ratio=23851120.70+/-0.27 dlogz:18143.056>0.01]15061it [23:40:45, 10.46s/it, bound:3284 nc:2634 ncall:1.7e+07 eff:0.1% logz-ratio=23851152.87+/-0.27 dlogz:18113.151>0.01]15065it [23:41:25, 10.36s/it, bound:3285 nc:2039 ncall:1.7e+07 eff:0.1% logz-ratio=23851185.24+/-0.25 dlogz:18072.963>0.01]15069it [23:42:11, 10.68s/it, bound:3286 nc:2528 ncall:1.7e+07 eff:0.1% logz-ratio=23851219.02+/-0.27 dlogz:18041.796>0.01]15073it [23:42:50, 10.44s/it, bound:3287 nc:1706 ncall:1.7e+07 eff:0.1% logz-ratio=23851259.80+/-0.27 dlogz:17997.929>0.01]15077it [23:43:32, 10.46s/it, bound:3288 nc:2121 ncall:1.7e+07 eff:0.1% logz-ratio=23851272.68+/-0.27 dlogz:17986.812>0.01]15078it [23:43:45, 10.64s/it, bound:3288 nc:2471 ncall:1.7e+07 eff:0.1% logz-ratio=23851308.17+/-0.27 dlogz:17983.693>0.01]15081it [23:44:27, 11.68s/it, bound:3289 nc:1983 ncall:1.7e+07 eff:0.1% logz-ratio=23851343.77+/-0.27 dlogz:17926.344>0.01]15085it [23:45:11, 11.41s/it, bound:3290 nc:1690 ncall:1.7e+07 eff:0.1% logz-ratio=23851371.81+/-0.27 dlogz:17890.447>0.01]15089it [23:45:53, 11.15s/it, bound:3291 nc:2117 ncall:1.7e+07 eff:0.1% logz-ratio=23851405.15+/-0.27 dlogz:17866.579>0.01]15093it [23:46:44, 11.63s/it, bound:3292 nc:2582 ncall:1.7e+07 eff:0.1% logz-ratio=23851439.04+/-0.27 dlogz:17818.573>0.01]15097it [23:47:35, 12.02s/it, bound:3293 nc:2594 ncall:1.8e+07 eff:0.1% logz-ratio=23851493.47+/-0.27 dlogz:17783.852>0.01]15101it [23:48:17, 11.49s/it, bound:3294 nc:1671 ncall:1.8e+07 eff:0.1% logz-ratio=23851513.18+/-0.27 dlogz:17746.315>0.01]15105it [23:49:08, 11.88s/it, bound:3295 nc:2451 ncall:1.8e+07 eff:0.1% logz-ratio=23851525.87+/-0.27 dlogz:17732.107>0.01]15109it [23:49:43, 10.94s/it, bound:3296 nc:1988 ncall:1.8e+07 eff:0.1% logz-ratio=23851551.02+/-0.26 dlogz:17708.063>0.01]15113it [23:50:26, 10.87s/it, bound:3297 nc:2059 ncall:1.8e+07 eff:0.1% logz-ratio=23851569.51+/-0.27 dlogz:17696.583>0.01]15117it [23:51:21, 11.78s/it, bound:3298 nc:3250 ncall:1.8e+07 eff:0.1% logz-ratio=23851583.59+/-0.27 dlogz:17674.723>0.01]15121it [23:52:03, 11.39s/it, bound:3299 nc:2491 ncall:1.8e+07 eff:0.1% logz-ratio=23851604.74+/-0.27 dlogz:17657.643>0.01]15125it [23:52:55, 11.86s/it, bound:3300 nc:1961 ncall:1.8e+07 eff:0.1% logz-ratio=23851624.23+/-0.25 dlogz:17634.193>0.01]15129it [23:53:35, 11.28s/it, bound:3301 nc:1959 ncall:1.8e+07 eff:0.1% logz-ratio=23851660.22+/-0.27 dlogz:17606.599>0.01]15133it [23:54:17, 11.06s/it, bound:3302 nc:1889 ncall:1.8e+07 eff:0.1% logz-ratio=23851675.34+/-0.26 dlogz:17583.163>0.01]15135it [23:54:29, 10.18s/it, bound:3302 nc:1489 ncall:1.8e+07 eff:0.1% logz-ratio=23851687.61+/-0.23 dlogz:17569.978>0.01]15137it [23:55:09, 12.20s/it, bound:3303 nc:2016 ncall:1.8e+07 eff:0.1% logz-ratio=23851695.95+/-0.27 dlogz:17561.998>0.01]15141it [23:55:39, 10.47s/it, bound:3304 nc:1802 ncall:1.8e+07 eff:0.1% logz-ratio=23851790.92+/-0.27 dlogz:17501.229>0.01]15145it [23:56:14,  9.85s/it, bound:3305 nc:2070 ncall:1.8e+07 eff:0.1% logz-ratio=23851808.37+/-0.27 dlogz:17449.076>0.01]15148it [23:56:58, 11.16s/it, bound:3306 nc:4016 ncall:1.8e+07 eff:0.1% logz-ratio=23851828.71+/-0.27 dlogz:17433.667>0.01]15152it [23:57:53, 12.06s/it, bound:3307 nc:2505 ncall:1.8e+07 eff:0.1% logz-ratio=23851864.53+/-0.27 dlogz:17402.454>0.01]15156it [23:58:35, 11.56s/it, bound:3308 nc:1841 ncall:1.8e+07 eff:0.1% logz-ratio=23851899.66+/-0.27 dlogz:17376.028>0.01]