13:49 bilby INFO    : Waveform generator initiated with
  frequency_domain_source_model: bilby.gw.source.lal_binary_black_hole_individual_modes
  time_domain_source_model: None
  parameter_conversion: bilby.gw.conversion.convert_to_lal_binary_black_hole_parameters
/home/pratyusava.baral/Modified_Dispersion/src/bilby-x-g/bilby/gw/detector/interferometer.py:511: RuntimeWarning: divide by zero encountered in scalar power
  lambda_A = h * np.abs(A) ** (1/(a-2))
13:49 bilby INFO    : No prior given, using default BNS priors in /home/pratyusava.baral/Modified_Dispersion/src/bilby-x-g/bilby/gw/prior_files/aligned_spins_bns_tides_on.prior.
13:49 bilby INFO    : Running for label 'None', output will be saved to 'results/99'
13:49 bilby INFO    : Performing redundancy check using BBHPriorDict(self).test_redundancy
13:49 bilby INFO    : Performing redundancy check using BBHPriorDict(self).test_redundancy
13:49 bilby INFO    : Performing redundancy check using BBHPriorDict(self).test_redundancy
13:49 bilby INFO    : Performing redundancy check using BBHPriorDict(self).test_redundancy
13:49 bilby INFO    : Performing redundancy check using BBHPriorDict(self).test_redundancy
13:49 bilby INFO    : Performing redundancy check using BBHPriorDict(self).test_redundancy
13:49 bilby INFO    : Performing redundancy check using BBHPriorDict(self).test_redundancy
13:49 bilby INFO    : Performing redundancy check using BBHPriorDict(self).test_redundancy
13:49 bilby INFO    : Performing redundancy check using BBHPriorDict(self).test_redundancy
13:49 bilby INFO    : Performing redundancy check using BBHPriorDict(self).test_redundancy
13:49 bilby INFO    : Performing redundancy check using BBHPriorDict(self).test_redundancy
13:49 bilby INFO    : Performing redundancy check using BBHPriorDict(self).test_redundancy
13:49 bilby INFO    : Performing redundancy check using BBHPriorDict(self).test_redundancy
13:49 bilby INFO    : Performing redundancy check using BBHPriorDict(self).test_redundancy
13:49 bilby INFO    : Using lal version 7.7.1
13:49 bilby INFO    : Using lal git version Branch: None;Tag: lalsuite-v7.26.15;Id: 2c00d8c200308422036d0a23b7c0394f7c73faad;;Builder: Unknown User <>;Repository status: CLEAN: All modifications committed
13:49 bilby INFO    : Using lalsimulation version 6.2.1
13:49 bilby INFO    : Using lalsimulation git version Branch: None;Tag: lalsuite-v7.26.15;Id: 2c00d8c200308422036d0a23b7c0394f7c73faad;;Builder: Unknown User <>;Repository status: CLEAN: All modifications committed

[notice] A new release of pip is available: 24.0 -> 26.2.1
[notice] To update, run: /scratch/pratyusava.baral/Modified_Dispersion/src/dispersion/bin/python -m pip install --upgrade pip
13:49 bilby INFO    : Analysis priors:
13:49 bilby INFO    : mass_ratio=Uniform(minimum=0.4572375336387676, maximum=1, name='mass_ratio', latex_label='$q$', unit=None, boundary=None)
13:49 bilby INFO    : chirp_mass=Uniform(minimum=8.078089077775347, maximum=8.138089077775346, name='chirp_mass', latex_label='$\\mathcal{M}$', unit=None, boundary=None)
13:49 bilby INFO    : luminosity_distance=Uniform(minimum=218.26550244252553, maximum=308.26550244252553, name='luminosity_distance', latex_label='$d_L$', unit=None, boundary=None)
13:49 bilby INFO    : dec=Cosine(minimum=-1.5707963267948966, maximum=1.5707963267948966, name='dec', latex_label='$\\mathrm{DEC}$', unit=None, boundary=None)
13:49 bilby INFO    : ra=Uniform(minimum=0, maximum=6.283185307179586, name='ra', latex_label='$\\mathrm{RA}$', unit=None, boundary='periodic')
13:49 bilby INFO    : theta_jn=Sine(minimum=0, maximum=3.141592653589793, name='theta_jn', latex_label='$\\theta_{JN}$', unit=None, boundary=None)
13:49 bilby INFO    : psi=Uniform(minimum=0, maximum=3.141592653589793, name='psi', latex_label='$\\psi$', unit=None, boundary='periodic')
13:49 bilby INFO    : phase=Uniform(minimum=0, maximum=6.283185307179586, name='phase', latex_label='$\\phi$', unit=None, boundary='periodic')
13:49 bilby INFO    : chi_1=bilby.gw.prior.AlignedSpin(a_prior=Uniform(minimum=0, maximum=0.99, name=None, latex_label=None, unit=None, boundary=None), z_prior=Uniform(minimum=-1, maximum=1, name=None, latex_label=None, unit=None, boundary=None), name='chi_1', latex_label='$\\chi_1$', unit=None, boundary=None, minimum=-0.99, maximum=0.99)
13:49 bilby INFO    : chi_2=bilby.gw.prior.AlignedSpin(a_prior=Uniform(minimum=0, maximum=0.99, name=None, latex_label=None, unit=None, boundary=None), z_prior=Uniform(minimum=-1, maximum=1, name=None, latex_label=None, unit=None, boundary=None), name='chi_2', latex_label='$\\chi_2$', unit=None, boundary=None, minimum=-0.99, maximum=0.99)
13:49 bilby INFO    : A=SymmetricLogUniform(minimum=1e-05, maximum=0.1, name='A', latex_label='A', unit=None, boundary=None)
13:49 bilby INFO    : CE_time=Uniform(minimum=1946772753.206463, maximum=1946772753.208463, name='CE_time', latex_label='$t_{CE}$', unit='$s$', boundary=None)
13:49 bilby INFO    : a=0
13:49 bilby INFO    : fiducial=0
13:49 bilby INFO    : Analysis likelihood class: <class 'bilby.gw.likelihood.relative.RelativeBinningGravitationalWaveTransientNextGenerationModebyMode'>
13:49 bilby INFO    : Analysis likelihood noise evidence: -241852.51453772263
13:49 bilby INFO    : Single likelihood evaluation took 1.454e-02 s
13:49 bilby INFO    : Using sampler Dynesty with kwargs {'nlive': 500, 'bound': 'live', 'sample': 'acceptance-walk', 'periodic': None, 'reflective': None, 'update_interval': 600, 'first_update': None, 'npdim': None, 'rstate': None, 'queue_size': 4, 'pool': None, 'use_pool': None, 'live_points': None, 'logl_args': None, 'logl_kwargs': None, 'ptform_args': None, 'ptform_kwargs': None, 'gradient': None, 'grad_args': None, 'grad_kwargs': None, 'compute_jac': False, 'enlarge': None, 'bootstrap': None, 'walks': 100, 'facc': 0.2, 'slices': None, 'fmove': 0.9, 'max_move': 100, 'update_func': None, 'ncdim': None, 'blob': False, 'save_history': False, 'history_filename': None, 'maxiter': None, 'maxcall': None, 'dlogz': 0.01, 'logl_max': inf, 'n_effective': None, 'add_live': True, 'print_progress': True, 'print_func': <bound method Dynesty._print_func of <bilby.core.sampler.dynesty.Dynesty object at 0x1491e6bde210>>, 'save_bounds': False, 'checkpoint_file': None, 'checkpoint_every': 60, 'resume': False, 'seed': None}
13:49 bilby INFO    : Checkpoint every check_point_delta_t = 600s
13:49 bilby INFO    : Using dynesty version 2.1.5
13:49 bilby INFO    : Using the bilby-implemented acceptance-walk sampling with an average of 16.0 accepted steps per MCMC and maximum length 5000
13:49 bilby INFO    : Setting up multiproccesing pool with 4 processes
13:49 bilby INFO    : Reading resume file results/99/None_resume.pickle
13:49 bilby INFO    : Resume file successfully loaded.
13:55 bilby INFO    : Written checkpoint file results/99/None_resume.pickle
/scratch/pratyusava.baral/Modified_Dispersion/src/dispersion/lib/python3.11/site-packages/dynesty/plotting.py:786: UserWarning: Attempting to set identical low and high ylims makes transformation singular; automatically expanding.
  ax.set_ylim([0., max(y0) * 1.05])
13:55 bilby WARNING : Too many bins for data range. Cannot create 500 finite-sized bins.
13:55 bilby WARNING : Failed to create dynesty state plot at checkpoint
/scratch/pratyusava.baral/Modified_Dispersion/src/dispersion/lib/python3.11/site-packages/dynesty/plotting.py:786: UserWarning: Attempting to set identical low and high ylims makes transformation singular; automatically expanding.
  ax.set_ylim([0., max(y0) * 1.05])
/scratch/pratyusava.baral/Modified_Dispersion/src/dispersion/lib/python3.11/site-packages/dynesty/plotting.py:252: RuntimeWarning: overflow encountered in exp
  np.exp(logwt), logz if logplot else np.exp(logz)
/scratch/pratyusava.baral/Modified_Dispersion/src/dispersion/lib/python3.11/site-packages/dynesty/plotting.py:282: RuntimeWarning: overflow encountered in exp
  zspan = (0., 1.05 * np.exp(logz[-1] + 3. * logzerr[-1]))
13:55 bilby WARNING : Axis limits cannot be NaN or Inf
13:55 bilby WARNING : Failed to create dynesty run plot at checkpoint
14:05 bilby INFO    : Written checkpoint file results/99/None_resume.pickle
/scratch/pratyusava.baral/Modified_Dispersion/src/dispersion/lib/python3.11/site-packages/dynesty/plotting.py:786: UserWarning: Attempting to set identical low and high ylims makes transformation singular; automatically expanding.
  ax.set_ylim([0., max(y0) * 1.05])
/scratch/pratyusava.baral/Modified_Dispersion/src/dispersion/lib/python3.11/site-packages/dynesty/plotting.py:749: UserWarning: Attempting to set identical low and high xlims makes transformation singular; automatically expanding.
  ax.set_xlim(span[i])
/scratch/pratyusava.baral/Modified_Dispersion/src/dispersion/lib/python3.11/site-packages/dynesty/plotting.py:786: UserWarning: Attempting to set identical low and high ylims makes transformation singular; automatically expanding.
  ax.set_ylim([0., max(y0) * 1.05])
/scratch/pratyusava.baral/Modified_Dispersion/src/dispersion/lib/python3.11/site-packages/dynesty/plotting.py:252: RuntimeWarning: overflow encountered in exp
  np.exp(logwt), logz if logplot else np.exp(logz)
/scratch/pratyusava.baral/Modified_Dispersion/src/dispersion/lib/python3.11/site-packages/dynesty/plotting.py:282: RuntimeWarning: overflow encountered in exp
  zspan = (0., 1.05 * np.exp(logz[-1] + 3. * logzerr[-1]))
14:05 bilby WARNING : Axis limits cannot be NaN or Inf
14:05 bilby WARNING : Failed to create dynesty run plot at checkpoint
14:15 bilby INFO    : Written checkpoint file results/99/None_resume.pickle
14:15 bilby WARNING : The data appears to lie in a lower-dimensional subspace of the space in which it is expressed. This has resulted in a singular data covariance matrix, which cannot be treated using the algorithms implemented in `gaussian_kde`. Consider performing principle component analysis / dimensionality reduction and using `gaussian_kde` with the transformed data.
14:15 bilby WARNING : Failed to create dynesty state plot at checkpoint
14:15 bilby WARNING : The data appears to lie in a lower-dimensional subspace of the space in which it is expressed. This has resulted in a singular data covariance matrix, which cannot be treated using the algorithms implemented in `gaussian_kde`. Consider performing principle component analysis / dimensionality reduction and using `gaussian_kde` with the transformed data.
14:15 bilby WARNING : Failed to create dynesty unit state plot at checkpoint
/scratch/pratyusava.baral/Modified_Dispersion/src/dispersion/lib/python3.11/site-packages/dynesty/plotting.py:252: RuntimeWarning: overflow encountered in exp
  np.exp(logwt), logz if logplot else np.exp(logz)
14:15 bilby WARNING : The data appears to lie in a lower-dimensional subspace of the space in which it is expressed. This has resulted in a singular data covariance matrix, which cannot be treated using the algorithms implemented in `gaussian_kde`. Consider performing principle component analysis / dimensionality reduction and using `gaussian_kde` with the transformed data.
14:15 bilby WARNING : Failed to create dynesty run plot at checkpoint
14:26 bilby INFO    : Written checkpoint file results/99/None_resume.pickle
/scratch/pratyusava.baral/Modified_Dispersion/src/dispersion/lib/python3.11/site-packages/dynesty/plotting.py:786: UserWarning: Attempting to set identical low and high ylims makes transformation singular; automatically expanding.
  ax.set_ylim([0., max(y0) * 1.05])
14:26 bilby WARNING : Too many bins for data range. Cannot create 500 finite-sized bins.
14:26 bilby WARNING : Failed to create dynesty state plot at checkpoint
/scratch/pratyusava.baral/Modified_Dispersion/src/dispersion/lib/python3.11/site-packages/dynesty/plotting.py:786: UserWarning: Attempting to set identical low and high ylims makes transformation singular; automatically expanding.
  ax.set_ylim([0., max(y0) * 1.05])
/scratch/pratyusava.baral/Modified_Dispersion/src/dispersion/lib/python3.11/site-packages/dynesty/plotting.py:252: RuntimeWarning: overflow encountered in exp
  np.exp(logwt), logz if logplot else np.exp(logz)
/scratch/pratyusava.baral/Modified_Dispersion/src/dispersion/lib/python3.11/site-packages/dynesty/plotting.py:282: RuntimeWarning: overflow encountered in exp
  zspan = (0., 1.05 * np.exp(logz[-1] + 3. * logzerr[-1]))
14:26 bilby WARNING : Axis limits cannot be NaN or Inf
14:26 bilby WARNING : Failed to create dynesty run plot at checkpoint
14:36 bilby INFO    : Written checkpoint file results/99/None_resume.pickle
/scratch/pratyusava.baral/Modified_Dispersion/src/dispersion/lib/python3.11/site-packages/dynesty/plotting.py:786: UserWarning: Attempting to set identical low and high ylims makes transformation singular; automatically expanding.
  ax.set_ylim([0., max(y0) * 1.05])
14:36 bilby WARNING : Too many bins for data range. Cannot create 500 finite-sized bins.
14:36 bilby WARNING : Failed to create dynesty state plot at checkpoint
/scratch/pratyusava.baral/Modified_Dispersion/src/dispersion/lib/python3.11/site-packages/dynesty/plotting.py:786: UserWarning: Attempting to set identical low and high ylims makes transformation singular; automatically expanding.
  ax.set_ylim([0., max(y0) * 1.05])
/scratch/pratyusava.baral/Modified_Dispersion/src/dispersion/lib/python3.11/site-packages/dynesty/plotting.py:252: RuntimeWarning: overflow encountered in exp
  np.exp(logwt), logz if logplot else np.exp(logz)
/scratch/pratyusava.baral/Modified_Dispersion/src/dispersion/lib/python3.11/site-packages/dynesty/plotting.py:282: RuntimeWarning: overflow encountered in exp
  zspan = (0., 1.05 * np.exp(logz[-1] + 3. * logzerr[-1]))
14:36 bilby WARNING : Axis limits cannot be NaN or Inf
14:36 bilby WARNING : Failed to create dynesty run plot at checkpoint
14:46 bilby INFO    : Written checkpoint file results/99/None_resume.pickle
/scratch/pratyusava.baral/Modified_Dispersion/src/dispersion/lib/python3.11/site-packages/dynesty/plotting.py:786: UserWarning: Attempting to set identical low and high ylims makes transformation singular; automatically expanding.
  ax.set_ylim([0., max(y0) * 1.05])
/scratch/pratyusava.baral/Modified_Dispersion/src/dispersion/lib/python3.11/site-packages/dynesty/plotting.py:749: UserWarning: Attempting to set identical low and high xlims makes transformation singular; automatically expanding.
  ax.set_xlim(span[i])
/scratch/pratyusava.baral/Modified_Dispersion/src/dispersion/lib/python3.11/site-packages/dynesty/plotting.py:786: UserWarning: Attempting to set identical low and high ylims makes transformation singular; automatically expanding.
  ax.set_ylim([0., max(y0) * 1.05])
/scratch/pratyusava.baral/Modified_Dispersion/src/dispersion/lib/python3.11/site-packages/dynesty/plotting.py:252: RuntimeWarning: overflow encountered in exp
  np.exp(logwt), logz if logplot else np.exp(logz)
/scratch/pratyusava.baral/Modified_Dispersion/src/dispersion/lib/python3.11/site-packages/dynesty/plotting.py:282: RuntimeWarning: overflow encountered in exp
  zspan = (0., 1.05 * np.exp(logz[-1] + 3. * logzerr[-1]))
14:46 bilby WARNING : Axis limits cannot be NaN or Inf
14:46 bilby WARNING : Failed to create dynesty run plot at checkpoint
14:57 bilby INFO    : Written checkpoint file results/99/None_resume.pickle
/scratch/pratyusava.baral/Modified_Dispersion/src/dispersion/lib/python3.11/site-packages/dynesty/plotting.py:786: UserWarning: Attempting to set identical low and high ylims makes transformation singular; automatically expanding.
  ax.set_ylim([0., max(y0) * 1.05])
14:57 bilby WARNING : Too many bins for data range. Cannot create 500 finite-sized bins.
14:57 bilby WARNING : Failed to create dynesty state plot at checkpoint
/scratch/pratyusava.baral/Modified_Dispersion/src/dispersion/lib/python3.11/site-packages/dynesty/plotting.py:786: UserWarning: Attempting to set identical low and high ylims makes transformation singular; automatically expanding.
  ax.set_ylim([0., max(y0) * 1.05])
/scratch/pratyusava.baral/Modified_Dispersion/src/dispersion/lib/python3.11/site-packages/dynesty/plotting.py:252: RuntimeWarning: overflow encountered in exp
  np.exp(logwt), logz if logplot else np.exp(logz)
/scratch/pratyusava.baral/Modified_Dispersion/src/dispersion/lib/python3.11/site-packages/dynesty/plotting.py:282: RuntimeWarning: overflow encountered in exp
  zspan = (0., 1.05 * np.exp(logz[-1] + 3. * logzerr[-1]))
14:57 bilby WARNING : Axis limits cannot be NaN or Inf
14:57 bilby WARNING : Failed to create dynesty run plot at checkpoint
15:07 bilby INFO    : Written checkpoint file results/99/None_resume.pickle
15:07 bilby WARNING : The data appears to lie in a lower-dimensional subspace of the space in which it is expressed. This has resulted in a singular data covariance matrix, which cannot be treated using the algorithms implemented in `gaussian_kde`. Consider performing principle component analysis / dimensionality reduction and using `gaussian_kde` with the transformed data.
15:07 bilby WARNING : Failed to create dynesty state plot at checkpoint
15:07 bilby WARNING : The data appears to lie in a lower-dimensional subspace of the space in which it is expressed. This has resulted in a singular data covariance matrix, which cannot be treated using the algorithms implemented in `gaussian_kde`. Consider performing principle component analysis / dimensionality reduction and using `gaussian_kde` with the transformed data.
15:07 bilby WARNING : Failed to create dynesty unit state plot at checkpoint
/scratch/pratyusava.baral/Modified_Dispersion/src/dispersion/lib/python3.11/site-packages/dynesty/plotting.py:252: RuntimeWarning: overflow encountered in exp
  np.exp(logwt), logz if logplot else np.exp(logz)
15:07 bilby WARNING : The data appears to lie in a lower-dimensional subspace of the space in which it is expressed. This has resulted in a singular data covariance matrix, which cannot be treated using the algorithms implemented in `gaussian_kde`. Consider performing principle component analysis / dimensionality reduction and using `gaussian_kde` with the transformed data.
15:07 bilby WARNING : Failed to create dynesty run plot at checkpoint
15:17 bilby INFO    : Written checkpoint file results/99/None_resume.pickle
/scratch/pratyusava.baral/Modified_Dispersion/src/dispersion/lib/python3.11/site-packages/dynesty/plotting.py:786: UserWarning: Attempting to set identical low and high ylims makes transformation singular; automatically expanding.
  ax.set_ylim([0., max(y0) * 1.05])
15:17 bilby WARNING : Too many bins for data range. Cannot create 500 finite-sized bins.
15:17 bilby WARNING : Failed to create dynesty state plot at checkpoint
/scratch/pratyusava.baral/Modified_Dispersion/src/dispersion/lib/python3.11/site-packages/dynesty/plotting.py:786: UserWarning: Attempting to set identical low and high ylims makes transformation singular; automatically expanding.
  ax.set_ylim([0., max(y0) * 1.05])
/scratch/pratyusava.baral/Modified_Dispersion/src/dispersion/lib/python3.11/site-packages/dynesty/plotting.py:252: RuntimeWarning: overflow encountered in exp
  np.exp(logwt), logz if logplot else np.exp(logz)
/scratch/pratyusava.baral/Modified_Dispersion/src/dispersion/lib/python3.11/site-packages/dynesty/plotting.py:282: RuntimeWarning: overflow encountered in exp
  zspan = (0., 1.05 * np.exp(logz[-1] + 3. * logzerr[-1]))
15:17 bilby WARNING : Axis limits cannot be NaN or Inf
15:17 bilby WARNING : Failed to create dynesty run plot at checkpoint
15:27 bilby INFO    : Written checkpoint file results/99/None_resume.pickle
/scratch/pratyusava.baral/Modified_Dispersion/src/dispersion/lib/python3.11/site-packages/dynesty/plotting.py:786: UserWarning: Attempting to set identical low and high ylims makes transformation singular; automatically expanding.
  ax.set_ylim([0., max(y0) * 1.05])
/scratch/pratyusava.baral/Modified_Dispersion/src/dispersion/lib/python3.11/site-packages/dynesty/plotting.py:749: UserWarning: Attempting to set identical low and high xlims makes transformation singular; automatically expanding.
  ax.set_xlim(span[i])
/scratch/pratyusava.baral/Modified_Dispersion/src/dispersion/lib/python3.11/site-packages/dynesty/plotting.py:786: UserWarning: Attempting to set identical low and high ylims makes transformation singular; automatically expanding.
  ax.set_ylim([0., max(y0) * 1.05])
/scratch/pratyusava.baral/Modified_Dispersion/src/dispersion/lib/python3.11/site-packages/dynesty/plotting.py:252: RuntimeWarning: overflow encountered in exp
  np.exp(logwt), logz if logplot else np.exp(logz)
/scratch/pratyusava.baral/Modified_Dispersion/src/dispersion/lib/python3.11/site-packages/dynesty/plotting.py:282: RuntimeWarning: overflow encountered in exp
  zspan = (0., 1.05 * np.exp(logz[-1] + 3. * logzerr[-1]))
15:27 bilby WARNING : Axis limits cannot be NaN or Inf
15:27 bilby WARNING : Failed to create dynesty run plot at checkpoint
15:38 bilby INFO    : Written checkpoint file results/99/None_resume.pickle
/scratch/pratyusava.baral/Modified_Dispersion/src/dispersion/lib/python3.11/site-packages/dynesty/plotting.py:786: UserWarning: Attempting to set identical low and high ylims makes transformation singular; automatically expanding.
  ax.set_ylim([0., max(y0) * 1.05])
/scratch/pratyusava.baral/Modified_Dispersion/src/dispersion/lib/python3.11/site-packages/dynesty/plotting.py:749: UserWarning: Attempting to set identical low and high xlims makes transformation singular; automatically expanding.
  ax.set_xlim(span[i])
/scratch/pratyusava.baral/Modified_Dispersion/src/dispersion/lib/python3.11/site-packages/dynesty/plotting.py:786: UserWarning: Attempting to set identical low and high ylims makes transformation singular; automatically expanding.
  ax.set_ylim([0., max(y0) * 1.05])
/scratch/pratyusava.baral/Modified_Dispersion/src/dispersion/lib/python3.11/site-packages/dynesty/plotting.py:252: RuntimeWarning: overflow encountered in exp
  np.exp(logwt), logz if logplot else np.exp(logz)
/scratch/pratyusava.baral/Modified_Dispersion/src/dispersion/lib/python3.11/site-packages/dynesty/plotting.py:282: RuntimeWarning: overflow encountered in exp
  zspan = (0., 1.05 * np.exp(logz[-1] + 3. * logzerr[-1]))
15:38 bilby WARNING : Axis limits cannot be NaN or Inf
15:38 bilby WARNING : Failed to create dynesty run plot at checkpoint
15:48 bilby INFO    : Written checkpoint file results/99/None_resume.pickle
/scratch/pratyusava.baral/Modified_Dispersion/src/dispersion/lib/python3.11/site-packages/dynesty/plotting.py:786: UserWarning: Attempting to set identical low and high ylims makes transformation singular; automatically expanding.
  ax.set_ylim([0., max(y0) * 1.05])
/scratch/pratyusava.baral/Modified_Dispersion/src/dispersion/lib/python3.11/site-packages/dynesty/plotting.py:749: UserWarning: Attempting to set identical low and high xlims makes transformation singular; automatically expanding.
  ax.set_xlim(span[i])
/scratch/pratyusava.baral/Modified_Dispersion/src/dispersion/lib/python3.11/site-packages/dynesty/plotting.py:786: UserWarning: Attempting to set identical low and high ylims makes transformation singular; automatically expanding.
  ax.set_ylim([0., max(y0) * 1.05])
/scratch/pratyusava.baral/Modified_Dispersion/src/dispersion/lib/python3.11/site-packages/dynesty/plotting.py:252: RuntimeWarning: overflow encountered in exp
  np.exp(logwt), logz if logplot else np.exp(logz)
/scratch/pratyusava.baral/Modified_Dispersion/src/dispersion/lib/python3.11/site-packages/dynesty/plotting.py:282: RuntimeWarning: overflow encountered in exp
  zspan = (0., 1.05 * np.exp(logz[-1] + 3. * logzerr[-1]))
15:48 bilby WARNING : Axis limits cannot be NaN or Inf
15:48 bilby WARNING : Failed to create dynesty run plot at checkpoint
15:58 bilby INFO    : Written checkpoint file results/99/None_resume.pickle
/scratch/pratyusava.baral/Modified_Dispersion/src/dispersion/lib/python3.11/site-packages/dynesty/plotting.py:786: UserWarning: Attempting to set identical low and high ylims makes transformation singular; automatically expanding.
  ax.set_ylim([0., max(y0) * 1.05])
/scratch/pratyusava.baral/Modified_Dispersion/src/dispersion/lib/python3.11/site-packages/dynesty/plotting.py:749: UserWarning: Attempting to set identical low and high xlims makes transformation singular; automatically expanding.
  ax.set_xlim(span[i])
/scratch/pratyusava.baral/Modified_Dispersion/src/dispersion/lib/python3.11/site-packages/dynesty/plotting.py:786: UserWarning: Attempting to set identical low and high ylims makes transformation singular; automatically expanding.
  ax.set_ylim([0., max(y0) * 1.05])
/scratch/pratyusava.baral/Modified_Dispersion/src/dispersion/lib/python3.11/site-packages/dynesty/plotting.py:252: RuntimeWarning: overflow encountered in exp
  np.exp(logwt), logz if logplot else np.exp(logz)
/scratch/pratyusava.baral/Modified_Dispersion/src/dispersion/lib/python3.11/site-packages/dynesty/plotting.py:282: RuntimeWarning: overflow encountered in exp
  zspan = (0., 1.05 * np.exp(logz[-1] + 3. * logzerr[-1]))
15:58 bilby WARNING : Axis limits cannot be NaN or Inf
15:58 bilby WARNING : Failed to create dynesty run plot at checkpoint
16:08 bilby INFO    : Written checkpoint file results/99/None_resume.pickle
/scratch/pratyusava.baral/Modified_Dispersion/src/dispersion/lib/python3.11/site-packages/dynesty/plotting.py:786: UserWarning: Attempting to set identical low and high ylims makes transformation singular; automatically expanding.
  ax.set_ylim([0., max(y0) * 1.05])
16:08 bilby WARNING : Too many bins for data range. Cannot create 500 finite-sized bins.
16:08 bilby WARNING : Failed to create dynesty state plot at checkpoint
/scratch/pratyusava.baral/Modified_Dispersion/src/dispersion/lib/python3.11/site-packages/dynesty/plotting.py:786: UserWarning: Attempting to set identical low and high ylims makes transformation singular; automatically expanding.
  ax.set_ylim([0., max(y0) * 1.05])
/scratch/pratyusava.baral/Modified_Dispersion/src/dispersion/lib/python3.11/site-packages/dynesty/plotting.py:252: RuntimeWarning: overflow encountered in exp
  np.exp(logwt), logz if logplot else np.exp(logz)
/scratch/pratyusava.baral/Modified_Dispersion/src/dispersion/lib/python3.11/site-packages/dynesty/plotting.py:282: RuntimeWarning: overflow encountered in exp
  zspan = (0., 1.05 * np.exp(logz[-1] + 3. * logzerr[-1]))
16:09 bilby WARNING : Axis limits cannot be NaN or Inf
16:09 bilby WARNING : Failed to create dynesty run plot at checkpoint
16:19 bilby INFO    : Written checkpoint file results/99/None_resume.pickle
/scratch/pratyusava.baral/Modified_Dispersion/src/dispersion/lib/python3.11/site-packages/dynesty/plotting.py:786: UserWarning: Attempting to set identical low and high ylims makes transformation singular; automatically expanding.
  ax.set_ylim([0., max(y0) * 1.05])
/scratch/pratyusava.baral/Modified_Dispersion/src/dispersion/lib/python3.11/site-packages/dynesty/plotting.py:749: UserWarning: Attempting to set identical low and high xlims makes transformation singular; automatically expanding.
  ax.set_xlim(span[i])
/scratch/pratyusava.baral/Modified_Dispersion/src/dispersion/lib/python3.11/site-packages/dynesty/plotting.py:786: UserWarning: Attempting to set identical low and high ylims makes transformation singular; automatically expanding.
  ax.set_ylim([0., max(y0) * 1.05])
/scratch/pratyusava.baral/Modified_Dispersion/src/dispersion/lib/python3.11/site-packages/dynesty/plotting.py:252: RuntimeWarning: overflow encountered in exp
  np.exp(logwt), logz if logplot else np.exp(logz)
/scratch/pratyusava.baral/Modified_Dispersion/src/dispersion/lib/python3.11/site-packages/dynesty/plotting.py:282: RuntimeWarning: overflow encountered in exp
  zspan = (0., 1.05 * np.exp(logz[-1] + 3. * logzerr[-1]))
16:19 bilby WARNING : Axis limits cannot be NaN or Inf
16:19 bilby WARNING : Failed to create dynesty run plot at checkpoint
16:29 bilby INFO    : Written checkpoint file results/99/None_resume.pickle
/scratch/pratyusava.baral/Modified_Dispersion/src/dispersion/lib/python3.11/site-packages/dynesty/plotting.py:786: UserWarning: Attempting to set identical low and high ylims makes transformation singular; automatically expanding.
  ax.set_ylim([0., max(y0) * 1.05])
/scratch/pratyusava.baral/Modified_Dispersion/src/dispersion/lib/python3.11/site-packages/dynesty/plotting.py:749: UserWarning: Attempting to set identical low and high xlims makes transformation singular; automatically expanding.
  ax.set_xlim(span[i])
/scratch/pratyusava.baral/Modified_Dispersion/src/dispersion/lib/python3.11/site-packages/dynesty/plotting.py:786: UserWarning: Attempting to set identical low and high ylims makes transformation singular; automatically expanding.
  ax.set_ylim([0., max(y0) * 1.05])
/scratch/pratyusava.baral/Modified_Dispersion/src/dispersion/lib/python3.11/site-packages/dynesty/plotting.py:252: RuntimeWarning: overflow encountered in exp
  np.exp(logwt), logz if logplot else np.exp(logz)
/scratch/pratyusava.baral/Modified_Dispersion/src/dispersion/lib/python3.11/site-packages/dynesty/plotting.py:282: RuntimeWarning: overflow encountered in exp
  zspan = (0., 1.05 * np.exp(logz[-1] + 3. * logzerr[-1]))
16:29 bilby WARNING : Axis limits cannot be NaN or Inf
16:29 bilby WARNING : Failed to create dynesty run plot at checkpoint
16:40 bilby INFO    : Written checkpoint file results/99/None_resume.pickle
/scratch/pratyusava.baral/Modified_Dispersion/src/dispersion/lib/python3.11/site-packages/dynesty/plotting.py:786: UserWarning: Attempting to set identical low and high ylims makes transformation singular; automatically expanding.
  ax.set_ylim([0., max(y0) * 1.05])
/scratch/pratyusava.baral/Modified_Dispersion/src/dispersion/lib/python3.11/site-packages/dynesty/plotting.py:749: UserWarning: Attempting to set identical low and high xlims makes transformation singular; automatically expanding.
  ax.set_xlim(span[i])
/scratch/pratyusava.baral/Modified_Dispersion/src/dispersion/lib/python3.11/site-packages/dynesty/plotting.py:786: UserWarning: Attempting to set identical low and high ylims makes transformation singular; automatically expanding.
  ax.set_ylim([0., max(y0) * 1.05])
/scratch/pratyusava.baral/Modified_Dispersion/src/dispersion/lib/python3.11/site-packages/dynesty/plotting.py:252: RuntimeWarning: overflow encountered in exp
  np.exp(logwt), logz if logplot else np.exp(logz)
/scratch/pratyusava.baral/Modified_Dispersion/src/dispersion/lib/python3.11/site-packages/dynesty/plotting.py:282: RuntimeWarning: overflow encountered in exp
  zspan = (0., 1.05 * np.exp(logz[-1] + 3. * logzerr[-1]))
16:40 bilby WARNING : Axis limits cannot be NaN or Inf
16:40 bilby WARNING : Failed to create dynesty run plot at checkpoint
16:50 bilby INFO    : Written checkpoint file results/99/None_resume.pickle
/scratch/pratyusava.baral/Modified_Dispersion/src/dispersion/lib/python3.11/site-packages/dynesty/plotting.py:786: UserWarning: Attempting to set identical low and high ylims makes transformation singular; automatically expanding.
  ax.set_ylim([0., max(y0) * 1.05])
/scratch/pratyusava.baral/Modified_Dispersion/src/dispersion/lib/python3.11/site-packages/dynesty/plotting.py:749: UserWarning: Attempting to set identical low and high xlims makes transformation singular; automatically expanding.
  ax.set_xlim(span[i])
/scratch/pratyusava.baral/Modified_Dispersion/src/dispersion/lib/python3.11/site-packages/dynesty/plotting.py:786: UserWarning: Attempting to set identical low and high ylims makes transformation singular; automatically expanding.
  ax.set_ylim([0., max(y0) * 1.05])
/scratch/pratyusava.baral/Modified_Dispersion/src/dispersion/lib/python3.11/site-packages/dynesty/plotting.py:252: RuntimeWarning: overflow encountered in exp
  np.exp(logwt), logz if logplot else np.exp(logz)
/scratch/pratyusava.baral/Modified_Dispersion/src/dispersion/lib/python3.11/site-packages/dynesty/plotting.py:282: RuntimeWarning: overflow encountered in exp
  zspan = (0., 1.05 * np.exp(logz[-1] + 3. * logzerr[-1]))
16:50 bilby WARNING : Axis limits cannot be NaN or Inf
16:50 bilby WARNING : Failed to create dynesty run plot at checkpoint
17:00 bilby INFO    : Written checkpoint file results/99/None_resume.pickle
/scratch/pratyusava.baral/Modified_Dispersion/src/dispersion/lib/python3.11/site-packages/dynesty/plotting.py:786: UserWarning: Attempting to set identical low and high ylims makes transformation singular; automatically expanding.
  ax.set_ylim([0., max(y0) * 1.05])
/scratch/pratyusava.baral/Modified_Dispersion/src/dispersion/lib/python3.11/site-packages/dynesty/plotting.py:749: UserWarning: Attempting to set identical low and high xlims makes transformation singular; automatically expanding.
  ax.set_xlim(span[i])
/scratch/pratyusava.baral/Modified_Dispersion/src/dispersion/lib/python3.11/site-packages/dynesty/plotting.py:786: UserWarning: Attempting to set identical low and high ylims makes transformation singular; automatically expanding.
  ax.set_ylim([0., max(y0) * 1.05])
/scratch/pratyusava.baral/Modified_Dispersion/src/dispersion/lib/python3.11/site-packages/dynesty/plotting.py:252: RuntimeWarning: overflow encountered in exp
  np.exp(logwt), logz if logplot else np.exp(logz)
/scratch/pratyusava.baral/Modified_Dispersion/src/dispersion/lib/python3.11/site-packages/dynesty/plotting.py:282: RuntimeWarning: overflow encountered in exp
  zspan = (0., 1.05 * np.exp(logz[-1] + 3. * logzerr[-1]))
17:01 bilby WARNING : Axis limits cannot be NaN or Inf
17:01 bilby WARNING : Failed to create dynesty run plot at checkpoint
17:11 bilby INFO    : Written checkpoint file results/99/None_resume.pickle
/scratch/pratyusava.baral/Modified_Dispersion/src/dispersion/lib/python3.11/site-packages/dynesty/plotting.py:786: UserWarning: Attempting to set identical low and high ylims makes transformation singular; automatically expanding.
  ax.set_ylim([0., max(y0) * 1.05])
/scratch/pratyusava.baral/Modified_Dispersion/src/dispersion/lib/python3.11/site-packages/dynesty/plotting.py:749: UserWarning: Attempting to set identical low and high xlims makes transformation singular; automatically expanding.
  ax.set_xlim(span[i])
/scratch/pratyusava.baral/Modified_Dispersion/src/dispersion/lib/python3.11/site-packages/dynesty/plotting.py:786: UserWarning: Attempting to set identical low and high ylims makes transformation singular; automatically expanding.
  ax.set_ylim([0., max(y0) * 1.05])
/scratch/pratyusava.baral/Modified_Dispersion/src/dispersion/lib/python3.11/site-packages/dynesty/plotting.py:252: RuntimeWarning: overflow encountered in exp
  np.exp(logwt), logz if logplot else np.exp(logz)
/scratch/pratyusava.baral/Modified_Dispersion/src/dispersion/lib/python3.11/site-packages/dynesty/plotting.py:282: RuntimeWarning: overflow encountered in exp
  zspan = (0., 1.05 * np.exp(logz[-1] + 3. * logzerr[-1]))
17:11 bilby WARNING : Axis limits cannot be NaN or Inf
17:11 bilby WARNING : Failed to create dynesty run plot at checkpoint
17:21 bilby INFO    : Written checkpoint file results/99/None_resume.pickle
/scratch/pratyusava.baral/Modified_Dispersion/src/dispersion/lib/python3.11/site-packages/dynesty/plotting.py:786: UserWarning: Attempting to set identical low and high ylims makes transformation singular; automatically expanding.
  ax.set_ylim([0., max(y0) * 1.05])
/scratch/pratyusava.baral/Modified_Dispersion/src/dispersion/lib/python3.11/site-packages/dynesty/plotting.py:749: UserWarning: Attempting to set identical low and high xlims makes transformation singular; automatically expanding.
  ax.set_xlim(span[i])
/scratch/pratyusava.baral/Modified_Dispersion/src/dispersion/lib/python3.11/site-packages/dynesty/plotting.py:786: UserWarning: Attempting to set identical low and high ylims makes transformation singular; automatically expanding.
  ax.set_ylim([0., max(y0) * 1.05])
/scratch/pratyusava.baral/Modified_Dispersion/src/dispersion/lib/python3.11/site-packages/dynesty/plotting.py:252: RuntimeWarning: overflow encountered in exp
  np.exp(logwt), logz if logplot else np.exp(logz)
/scratch/pratyusava.baral/Modified_Dispersion/src/dispersion/lib/python3.11/site-packages/dynesty/plotting.py:282: RuntimeWarning: overflow encountered in exp
  zspan = (0., 1.05 * np.exp(logz[-1] + 3. * logzerr[-1]))
17:21 bilby WARNING : Axis limits cannot be NaN or Inf
17:21 bilby WARNING : Failed to create dynesty run plot at checkpoint
17:31 bilby INFO    : Written checkpoint file results/99/None_resume.pickle
/scratch/pratyusava.baral/Modified_Dispersion/src/dispersion/lib/python3.11/site-packages/dynesty/plotting.py:786: UserWarning: Attempting to set identical low and high ylims makes transformation singular; automatically expanding.
  ax.set_ylim([0., max(y0) * 1.05])
/scratch/pratyusava.baral/Modified_Dispersion/src/dispersion/lib/python3.11/site-packages/dynesty/plotting.py:749: UserWarning: Attempting to set identical low and high xlims makes transformation singular; automatically expanding.
  ax.set_xlim(span[i])
/scratch/pratyusava.baral/Modified_Dispersion/src/dispersion/lib/python3.11/site-packages/dynesty/plotting.py:786: UserWarning: Attempting to set identical low and high ylims makes transformation singular; automatically expanding.
  ax.set_ylim([0., max(y0) * 1.05])
/scratch/pratyusava.baral/Modified_Dispersion/src/dispersion/lib/python3.11/site-packages/dynesty/plotting.py:252: RuntimeWarning: overflow encountered in exp
  np.exp(logwt), logz if logplot else np.exp(logz)
/scratch/pratyusava.baral/Modified_Dispersion/src/dispersion/lib/python3.11/site-packages/dynesty/plotting.py:282: RuntimeWarning: overflow encountered in exp
  zspan = (0., 1.05 * np.exp(logz[-1] + 3. * logzerr[-1]))
17:31 bilby WARNING : Axis limits cannot be NaN or Inf
17:31 bilby WARNING : Failed to create dynesty run plot at checkpoint
17:41 bilby INFO    : Written checkpoint file results/99/None_resume.pickle
/scratch/pratyusava.baral/Modified_Dispersion/src/dispersion/lib/python3.11/site-packages/dynesty/plotting.py:786: UserWarning: Attempting to set identical low and high ylims makes transformation singular; automatically expanding.
  ax.set_ylim([0., max(y0) * 1.05])
17:41 bilby WARNING : Too many bins for data range. Cannot create 500 finite-sized bins.
17:41 bilby WARNING : Failed to create dynesty state plot at checkpoint
/scratch/pratyusava.baral/Modified_Dispersion/src/dispersion/lib/python3.11/site-packages/dynesty/plotting.py:786: UserWarning: Attempting to set identical low and high ylims makes transformation singular; automatically expanding.
  ax.set_ylim([0., max(y0) * 1.05])
/scratch/pratyusava.baral/Modified_Dispersion/src/dispersion/lib/python3.11/site-packages/dynesty/plotting.py:252: RuntimeWarning: overflow encountered in exp
  np.exp(logwt), logz if logplot else np.exp(logz)
/scratch/pratyusava.baral/Modified_Dispersion/src/dispersion/lib/python3.11/site-packages/dynesty/plotting.py:282: RuntimeWarning: overflow encountered in exp
  zspan = (0., 1.05 * np.exp(logz[-1] + 3. * logzerr[-1]))
17:41 bilby WARNING : Axis limits cannot be NaN or Inf
17:41 bilby WARNING : Failed to create dynesty run plot at checkpoint
17:51 bilby INFO    : Written checkpoint file results/99/None_resume.pickle
/scratch/pratyusava.baral/Modified_Dispersion/src/dispersion/lib/python3.11/site-packages/dynesty/plotting.py:786: UserWarning: Attempting to set identical low and high ylims makes transformation singular; automatically expanding.
  ax.set_ylim([0., max(y0) * 1.05])
/scratch/pratyusava.baral/Modified_Dispersion/src/dispersion/lib/python3.11/site-packages/dynesty/plotting.py:749: UserWarning: Attempting to set identical low and high xlims makes transformation singular; automatically expanding.
  ax.set_xlim(span[i])
/scratch/pratyusava.baral/Modified_Dispersion/src/dispersion/lib/python3.11/site-packages/dynesty/plotting.py:786: UserWarning: Attempting to set identical low and high ylims makes transformation singular; automatically expanding.
  ax.set_ylim([0., max(y0) * 1.05])
/scratch/pratyusava.baral/Modified_Dispersion/src/dispersion/lib/python3.11/site-packages/dynesty/plotting.py:252: RuntimeWarning: overflow encountered in exp
  np.exp(logwt), logz if logplot else np.exp(logz)
/scratch/pratyusava.baral/Modified_Dispersion/src/dispersion/lib/python3.11/site-packages/dynesty/plotting.py:282: RuntimeWarning: overflow encountered in exp
  zspan = (0., 1.05 * np.exp(logz[-1] + 3. * logzerr[-1]))
17:51 bilby WARNING : Axis limits cannot be NaN or Inf
17:51 bilby WARNING : Failed to create dynesty run plot at checkpoint
18:02 bilby INFO    : Written checkpoint file results/99/None_resume.pickle
/scratch/pratyusava.baral/Modified_Dispersion/src/dispersion/lib/python3.11/site-packages/dynesty/plotting.py:786: UserWarning: Attempting to set identical low and high ylims makes transformation singular; automatically expanding.
  ax.set_ylim([0., max(y0) * 1.05])
/scratch/pratyusava.baral/Modified_Dispersion/src/dispersion/lib/python3.11/site-packages/dynesty/plotting.py:749: UserWarning: Attempting to set identical low and high xlims makes transformation singular; automatically expanding.
  ax.set_xlim(span[i])
/scratch/pratyusava.baral/Modified_Dispersion/src/dispersion/lib/python3.11/site-packages/dynesty/plotting.py:786: UserWarning: Attempting to set identical low and high ylims makes transformation singular; automatically expanding.
  ax.set_ylim([0., max(y0) * 1.05])
/scratch/pratyusava.baral/Modified_Dispersion/src/dispersion/lib/python3.11/site-packages/dynesty/plotting.py:252: RuntimeWarning: overflow encountered in exp
  np.exp(logwt), logz if logplot else np.exp(logz)
/scratch/pratyusava.baral/Modified_Dispersion/src/dispersion/lib/python3.11/site-packages/dynesty/plotting.py:282: RuntimeWarning: overflow encountered in exp
  zspan = (0., 1.05 * np.exp(logz[-1] + 3. * logzerr[-1]))
18:02 bilby WARNING : Axis limits cannot be NaN or Inf
18:02 bilby WARNING : Failed to create dynesty run plot at checkpoint
18:12 bilby INFO    : Written checkpoint file results/99/None_resume.pickle
/scratch/pratyusava.baral/Modified_Dispersion/src/dispersion/lib/python3.11/site-packages/dynesty/plotting.py:786: UserWarning: Attempting to set identical low and high ylims makes transformation singular; automatically expanding.
  ax.set_ylim([0., max(y0) * 1.05])
/scratch/pratyusava.baral/Modified_Dispersion/src/dispersion/lib/python3.11/site-packages/dynesty/plotting.py:749: UserWarning: Attempting to set identical low and high xlims makes transformation singular; automatically expanding.
  ax.set_xlim(span[i])
/scratch/pratyusava.baral/Modified_Dispersion/src/dispersion/lib/python3.11/site-packages/dynesty/plotting.py:786: UserWarning: Attempting to set identical low and high ylims makes transformation singular; automatically expanding.
  ax.set_ylim([0., max(y0) * 1.05])
/scratch/pratyusava.baral/Modified_Dispersion/src/dispersion/lib/python3.11/site-packages/dynesty/plotting.py:252: RuntimeWarning: overflow encountered in exp
  np.exp(logwt), logz if logplot else np.exp(logz)
/scratch/pratyusava.baral/Modified_Dispersion/src/dispersion/lib/python3.11/site-packages/dynesty/plotting.py:282: RuntimeWarning: overflow encountered in exp
  zspan = (0., 1.05 * np.exp(logz[-1] + 3. * logzerr[-1]))
18:12 bilby WARNING : Axis limits cannot be NaN or Inf
18:12 bilby WARNING : Failed to create dynesty run plot at checkpoint
18:23 bilby INFO    : Written checkpoint file results/99/None_resume.pickle
/scratch/pratyusava.baral/Modified_Dispersion/src/dispersion/lib/python3.11/site-packages/dynesty/plotting.py:786: UserWarning: Attempting to set identical low and high ylims makes transformation singular; automatically expanding.
  ax.set_ylim([0., max(y0) * 1.05])
/scratch/pratyusava.baral/Modified_Dispersion/src/dispersion/lib/python3.11/site-packages/dynesty/plotting.py:749: UserWarning: Attempting to set identical low and high xlims makes transformation singular; automatically expanding.
  ax.set_xlim(span[i])
/scratch/pratyusava.baral/Modified_Dispersion/src/dispersion/lib/python3.11/site-packages/dynesty/plotting.py:786: UserWarning: Attempting to set identical low and high ylims makes transformation singular; automatically expanding.
  ax.set_ylim([0., max(y0) * 1.05])
/scratch/pratyusava.baral/Modified_Dispersion/src/dispersion/lib/python3.11/site-packages/dynesty/plotting.py:252: RuntimeWarning: overflow encountered in exp
  np.exp(logwt), logz if logplot else np.exp(logz)
/scratch/pratyusava.baral/Modified_Dispersion/src/dispersion/lib/python3.11/site-packages/dynesty/plotting.py:282: RuntimeWarning: overflow encountered in exp
  zspan = (0., 1.05 * np.exp(logz[-1] + 3. * logzerr[-1]))
18:23 bilby WARNING : Axis limits cannot be NaN or Inf
18:23 bilby WARNING : Failed to create dynesty run plot at checkpoint
18:33 bilby INFO    : Written checkpoint file results/99/None_resume.pickle
/scratch/pratyusava.baral/Modified_Dispersion/src/dispersion/lib/python3.11/site-packages/dynesty/plotting.py:786: UserWarning: Attempting to set identical low and high ylims makes transformation singular; automatically expanding.
  ax.set_ylim([0., max(y0) * 1.05])
/scratch/pratyusava.baral/Modified_Dispersion/src/dispersion/lib/python3.11/site-packages/dynesty/plotting.py:749: UserWarning: Attempting to set identical low and high xlims makes transformation singular; automatically expanding.
  ax.set_xlim(span[i])
/scratch/pratyusava.baral/Modified_Dispersion/src/dispersion/lib/python3.11/site-packages/dynesty/plotting.py:786: UserWarning: Attempting to set identical low and high ylims makes transformation singular; automatically expanding.
  ax.set_ylim([0., max(y0) * 1.05])
/scratch/pratyusava.baral/Modified_Dispersion/src/dispersion/lib/python3.11/site-packages/dynesty/plotting.py:252: RuntimeWarning: overflow encountered in exp
  np.exp(logwt), logz if logplot else np.exp(logz)
/scratch/pratyusava.baral/Modified_Dispersion/src/dispersion/lib/python3.11/site-packages/dynesty/plotting.py:282: RuntimeWarning: overflow encountered in exp
  zspan = (0., 1.05 * np.exp(logz[-1] + 3. * logzerr[-1]))
18:33 bilby WARNING : Axis limits cannot be NaN or Inf
18:33 bilby WARNING : Failed to create dynesty run plot at checkpoint
18:43 bilby INFO    : Written checkpoint file results/99/None_resume.pickle
/scratch/pratyusava.baral/Modified_Dispersion/src/dispersion/lib/python3.11/site-packages/dynesty/plotting.py:786: UserWarning: Attempting to set identical low and high ylims makes transformation singular; automatically expanding.
  ax.set_ylim([0., max(y0) * 1.05])
18:43 bilby WARNING : Too many bins for data range. Cannot create 500 finite-sized bins.
18:43 bilby WARNING : Failed to create dynesty state plot at checkpoint
/scratch/pratyusava.baral/Modified_Dispersion/src/dispersion/lib/python3.11/site-packages/dynesty/plotting.py:786: UserWarning: Attempting to set identical low and high ylims makes transformation singular; automatically expanding.
  ax.set_ylim([0., max(y0) * 1.05])
/scratch/pratyusava.baral/Modified_Dispersion/src/dispersion/lib/python3.11/site-packages/dynesty/plotting.py:252: RuntimeWarning: overflow encountered in exp
  np.exp(logwt), logz if logplot else np.exp(logz)
/scratch/pratyusava.baral/Modified_Dispersion/src/dispersion/lib/python3.11/site-packages/dynesty/plotting.py:282: RuntimeWarning: overflow encountered in exp
  zspan = (0., 1.05 * np.exp(logz[-1] + 3. * logzerr[-1]))
18:43 bilby WARNING : Axis limits cannot be NaN or Inf
18:43 bilby WARNING : Failed to create dynesty run plot at checkpoint
18:53 bilby INFO    : Written checkpoint file results/99/None_resume.pickle
/scratch/pratyusava.baral/Modified_Dispersion/src/dispersion/lib/python3.11/site-packages/dynesty/plotting.py:786: UserWarning: Attempting to set identical low and high ylims makes transformation singular; automatically expanding.
  ax.set_ylim([0., max(y0) * 1.05])
18:53 bilby WARNING : Too many bins for data range. Cannot create 500 finite-sized bins.
18:53 bilby WARNING : Failed to create dynesty state plot at checkpoint
/scratch/pratyusava.baral/Modified_Dispersion/src/dispersion/lib/python3.11/site-packages/dynesty/plotting.py:786: UserWarning: Attempting to set identical low and high ylims makes transformation singular; automatically expanding.
  ax.set_ylim([0., max(y0) * 1.05])
/scratch/pratyusava.baral/Modified_Dispersion/src/dispersion/lib/python3.11/site-packages/dynesty/plotting.py:252: RuntimeWarning: overflow encountered in exp
  np.exp(logwt), logz if logplot else np.exp(logz)
/scratch/pratyusava.baral/Modified_Dispersion/src/dispersion/lib/python3.11/site-packages/dynesty/plotting.py:282: RuntimeWarning: overflow encountered in exp
  zspan = (0., 1.05 * np.exp(logz[-1] + 3. * logzerr[-1]))
18:53 bilby WARNING : Axis limits cannot be NaN or Inf
18:53 bilby WARNING : Failed to create dynesty run plot at checkpoint
19:04 bilby INFO    : Written checkpoint file results/99/None_resume.pickle
/scratch/pratyusava.baral/Modified_Dispersion/src/dispersion/lib/python3.11/site-packages/dynesty/plotting.py:786: UserWarning: Attempting to set identical low and high ylims makes transformation singular; automatically expanding.
  ax.set_ylim([0., max(y0) * 1.05])
19:04 bilby WARNING : Too many bins for data range. Cannot create 500 finite-sized bins.
19:04 bilby WARNING : Failed to create dynesty state plot at checkpoint
/scratch/pratyusava.baral/Modified_Dispersion/src/dispersion/lib/python3.11/site-packages/dynesty/plotting.py:786: UserWarning: Attempting to set identical low and high ylims makes transformation singular; automatically expanding.
  ax.set_ylim([0., max(y0) * 1.05])
/scratch/pratyusava.baral/Modified_Dispersion/src/dispersion/lib/python3.11/site-packages/dynesty/plotting.py:252: RuntimeWarning: overflow encountered in exp
  np.exp(logwt), logz if logplot else np.exp(logz)
/scratch/pratyusava.baral/Modified_Dispersion/src/dispersion/lib/python3.11/site-packages/dynesty/plotting.py:282: RuntimeWarning: overflow encountered in exp
  zspan = (0., 1.05 * np.exp(logz[-1] + 3. * logzerr[-1]))
19:04 bilby WARNING : Axis limits cannot be NaN or Inf
19:04 bilby WARNING : Failed to create dynesty run plot at checkpoint
19:14 bilby INFO    : Written checkpoint file results/99/None_resume.pickle
19:14 bilby WARNING : The data appears to lie in a lower-dimensional subspace of the space in which it is expressed. This has resulted in a singular data covariance matrix, which cannot be treated using the algorithms implemented in `gaussian_kde`. Consider performing principle component analysis / dimensionality reduction and using `gaussian_kde` with the transformed data.
19:14 bilby WARNING : Failed to create dynesty state plot at checkpoint
19:14 bilby WARNING : The data appears to lie in a lower-dimensional subspace of the space in which it is expressed. This has resulted in a singular data covariance matrix, which cannot be treated using the algorithms implemented in `gaussian_kde`. Consider performing principle component analysis / dimensionality reduction and using `gaussian_kde` with the transformed data.
19:14 bilby WARNING : Failed to create dynesty unit state plot at checkpoint
/scratch/pratyusava.baral/Modified_Dispersion/src/dispersion/lib/python3.11/site-packages/dynesty/plotting.py:252: RuntimeWarning: overflow encountered in exp
  np.exp(logwt), logz if logplot else np.exp(logz)
19:14 bilby WARNING : The data appears to lie in a lower-dimensional subspace of the space in which it is expressed. This has resulted in a singular data covariance matrix, which cannot be treated using the algorithms implemented in `gaussian_kde`. Consider performing principle component analysis / dimensionality reduction and using `gaussian_kde` with the transformed data.
19:14 bilby WARNING : Failed to create dynesty run plot at checkpoint
19:24 bilby INFO    : Written checkpoint file results/99/None_resume.pickle
/scratch/pratyusava.baral/Modified_Dispersion/src/dispersion/lib/python3.11/site-packages/dynesty/plotting.py:786: UserWarning: Attempting to set identical low and high ylims makes transformation singular; automatically expanding.
  ax.set_ylim([0., max(y0) * 1.05])
19:24 bilby WARNING : Too many bins for data range. Cannot create 500 finite-sized bins.
19:24 bilby WARNING : Failed to create dynesty state plot at checkpoint
/scratch/pratyusava.baral/Modified_Dispersion/src/dispersion/lib/python3.11/site-packages/dynesty/plotting.py:786: UserWarning: Attempting to set identical low and high ylims makes transformation singular; automatically expanding.
  ax.set_ylim([0., max(y0) * 1.05])
/scratch/pratyusava.baral/Modified_Dispersion/src/dispersion/lib/python3.11/site-packages/dynesty/plotting.py:252: RuntimeWarning: overflow encountered in exp
  np.exp(logwt), logz if logplot else np.exp(logz)
/scratch/pratyusava.baral/Modified_Dispersion/src/dispersion/lib/python3.11/site-packages/dynesty/plotting.py:282: RuntimeWarning: overflow encountered in exp
  zspan = (0., 1.05 * np.exp(logz[-1] + 3. * logzerr[-1]))
19:24 bilby WARNING : Axis limits cannot be NaN or Inf
19:24 bilby WARNING : Failed to create dynesty run plot at checkpoint
19:35 bilby INFO    : Written checkpoint file results/99/None_resume.pickle
/scratch/pratyusava.baral/Modified_Dispersion/src/dispersion/lib/python3.11/site-packages/dynesty/plotting.py:786: UserWarning: Attempting to set identical low and high ylims makes transformation singular; automatically expanding.
  ax.set_ylim([0., max(y0) * 1.05])
19:35 bilby WARNING : Too many bins for data range. Cannot create 500 finite-sized bins.
19:35 bilby WARNING : Failed to create dynesty state plot at checkpoint
/scratch/pratyusava.baral/Modified_Dispersion/src/dispersion/lib/python3.11/site-packages/dynesty/plotting.py:786: UserWarning: Attempting to set identical low and high ylims makes transformation singular; automatically expanding.
  ax.set_ylim([0., max(y0) * 1.05])
/scratch/pratyusava.baral/Modified_Dispersion/src/dispersion/lib/python3.11/site-packages/dynesty/plotting.py:252: RuntimeWarning: overflow encountered in exp
  np.exp(logwt), logz if logplot else np.exp(logz)
/scratch/pratyusava.baral/Modified_Dispersion/src/dispersion/lib/python3.11/site-packages/dynesty/plotting.py:282: RuntimeWarning: overflow encountered in exp
  zspan = (0., 1.05 * np.exp(logz[-1] + 3. * logzerr[-1]))
19:35 bilby WARNING : Axis limits cannot be NaN or Inf
19:35 bilby WARNING : Failed to create dynesty run plot at checkpoint
19:45 bilby INFO    : Written checkpoint file results/99/None_resume.pickle
/scratch/pratyusava.baral/Modified_Dispersion/src/dispersion/lib/python3.11/site-packages/dynesty/plotting.py:786: UserWarning: Attempting to set identical low and high ylims makes transformation singular; automatically expanding.
  ax.set_ylim([0., max(y0) * 1.05])
/scratch/pratyusava.baral/Modified_Dispersion/src/dispersion/lib/python3.11/site-packages/dynesty/plotting.py:749: UserWarning: Attempting to set identical low and high xlims makes transformation singular; automatically expanding.
  ax.set_xlim(span[i])
/scratch/pratyusava.baral/Modified_Dispersion/src/dispersion/lib/python3.11/site-packages/dynesty/plotting.py:786: UserWarning: Attempting to set identical low and high ylims makes transformation singular; automatically expanding.
  ax.set_ylim([0., max(y0) * 1.05])
/scratch/pratyusava.baral/Modified_Dispersion/src/dispersion/lib/python3.11/site-packages/dynesty/plotting.py:252: RuntimeWarning: overflow encountered in exp
  np.exp(logwt), logz if logplot else np.exp(logz)
/scratch/pratyusava.baral/Modified_Dispersion/src/dispersion/lib/python3.11/site-packages/dynesty/plotting.py:282: RuntimeWarning: overflow encountered in exp
  zspan = (0., 1.05 * np.exp(logz[-1] + 3. * logzerr[-1]))
19:45 bilby WARNING : Axis limits cannot be NaN or Inf
19:45 bilby WARNING : Failed to create dynesty run plot at checkpoint
19:55 bilby INFO    : Written checkpoint file results/99/None_resume.pickle
/scratch/pratyusava.baral/Modified_Dispersion/src/dispersion/lib/python3.11/site-packages/dynesty/plotting.py:786: UserWarning: Attempting to set identical low and high ylims makes transformation singular; automatically expanding.
  ax.set_ylim([0., max(y0) * 1.05])
19:55 bilby WARNING : Too many bins for data range. Cannot create 500 finite-sized bins.
19:55 bilby WARNING : Failed to create dynesty state plot at checkpoint
/scratch/pratyusava.baral/Modified_Dispersion/src/dispersion/lib/python3.11/site-packages/dynesty/plotting.py:786: UserWarning: Attempting to set identical low and high ylims makes transformation singular; automatically expanding.
  ax.set_ylim([0., max(y0) * 1.05])
/scratch/pratyusava.baral/Modified_Dispersion/src/dispersion/lib/python3.11/site-packages/dynesty/plotting.py:252: RuntimeWarning: overflow encountered in exp
  np.exp(logwt), logz if logplot else np.exp(logz)
/scratch/pratyusava.baral/Modified_Dispersion/src/dispersion/lib/python3.11/site-packages/dynesty/plotting.py:282: RuntimeWarning: overflow encountered in exp
  zspan = (0., 1.05 * np.exp(logz[-1] + 3. * logzerr[-1]))
19:55 bilby WARNING : Axis limits cannot be NaN or Inf
19:55 bilby WARNING : Failed to create dynesty run plot at checkpoint
20:06 bilby INFO    : Written checkpoint file results/99/None_resume.pickle
20:06 bilby WARNING : The data appears to lie in a lower-dimensional subspace of the space in which it is expressed. This has resulted in a singular data covariance matrix, which cannot be treated using the algorithms implemented in `gaussian_kde`. Consider performing principle component analysis / dimensionality reduction and using `gaussian_kde` with the transformed data.
20:06 bilby WARNING : Failed to create dynesty state plot at checkpoint
20:06 bilby WARNING : The data appears to lie in a lower-dimensional subspace of the space in which it is expressed. This has resulted in a singular data covariance matrix, which cannot be treated using the algorithms implemented in `gaussian_kde`. Consider performing principle component analysis / dimensionality reduction and using `gaussian_kde` with the transformed data.
20:06 bilby WARNING : Failed to create dynesty unit state plot at checkpoint
/scratch/pratyusava.baral/Modified_Dispersion/src/dispersion/lib/python3.11/site-packages/dynesty/plotting.py:252: RuntimeWarning: overflow encountered in exp
  np.exp(logwt), logz if logplot else np.exp(logz)
20:06 bilby WARNING : The data appears to lie in a lower-dimensional subspace of the space in which it is expressed. This has resulted in a singular data covariance matrix, which cannot be treated using the algorithms implemented in `gaussian_kde`. Consider performing principle component analysis / dimensionality reduction and using `gaussian_kde` with the transformed data.
20:06 bilby WARNING : Failed to create dynesty run plot at checkpoint
20:16 bilby INFO    : Written checkpoint file results/99/None_resume.pickle
20:16 bilby WARNING : The data appears to lie in a lower-dimensional subspace of the space in which it is expressed. This has resulted in a singular data covariance matrix, which cannot be treated using the algorithms implemented in `gaussian_kde`. Consider performing principle component analysis / dimensionality reduction and using `gaussian_kde` with the transformed data.
20:16 bilby WARNING : Failed to create dynesty state plot at checkpoint
20:16 bilby WARNING : The data appears to lie in a lower-dimensional subspace of the space in which it is expressed. This has resulted in a singular data covariance matrix, which cannot be treated using the algorithms implemented in `gaussian_kde`. Consider performing principle component analysis / dimensionality reduction and using `gaussian_kde` with the transformed data.
20:16 bilby WARNING : Failed to create dynesty unit state plot at checkpoint
/scratch/pratyusava.baral/Modified_Dispersion/src/dispersion/lib/python3.11/site-packages/dynesty/plotting.py:252: RuntimeWarning: overflow encountered in exp
  np.exp(logwt), logz if logplot else np.exp(logz)
20:16 bilby WARNING : The data appears to lie in a lower-dimensional subspace of the space in which it is expressed. This has resulted in a singular data covariance matrix, which cannot be treated using the algorithms implemented in `gaussian_kde`. Consider performing principle component analysis / dimensionality reduction and using `gaussian_kde` with the transformed data.
20:16 bilby WARNING : Failed to create dynesty run plot at checkpoint
20:26 bilby INFO    : Written checkpoint file results/99/None_resume.pickle
20:26 bilby WARNING : The data appears to lie in a lower-dimensional subspace of the space in which it is expressed. This has resulted in a singular data covariance matrix, which cannot be treated using the algorithms implemented in `gaussian_kde`. Consider performing principle component analysis / dimensionality reduction and using `gaussian_kde` with the transformed data.
20:26 bilby WARNING : Failed to create dynesty state plot at checkpoint
20:26 bilby WARNING : The data appears to lie in a lower-dimensional subspace of the space in which it is expressed. This has resulted in a singular data covariance matrix, which cannot be treated using the algorithms implemented in `gaussian_kde`. Consider performing principle component analysis / dimensionality reduction and using `gaussian_kde` with the transformed data.
20:26 bilby WARNING : Failed to create dynesty unit state plot at checkpoint
/scratch/pratyusava.baral/Modified_Dispersion/src/dispersion/lib/python3.11/site-packages/dynesty/plotting.py:252: RuntimeWarning: overflow encountered in exp
  np.exp(logwt), logz if logplot else np.exp(logz)
20:26 bilby WARNING : The data appears to lie in a lower-dimensional subspace of the space in which it is expressed. This has resulted in a singular data covariance matrix, which cannot be treated using the algorithms implemented in `gaussian_kde`. Consider performing principle component analysis / dimensionality reduction and using `gaussian_kde` with the transformed data.
20:26 bilby WARNING : Failed to create dynesty run plot at checkpoint
20:36 bilby INFO    : Written checkpoint file results/99/None_resume.pickle
20:36 bilby WARNING : The data appears to lie in a lower-dimensional subspace of the space in which it is expressed. This has resulted in a singular data covariance matrix, which cannot be treated using the algorithms implemented in `gaussian_kde`. Consider performing principle component analysis / dimensionality reduction and using `gaussian_kde` with the transformed data.
20:36 bilby WARNING : Failed to create dynesty state plot at checkpoint
20:36 bilby WARNING : The data appears to lie in a lower-dimensional subspace of the space in which it is expressed. This has resulted in a singular data covariance matrix, which cannot be treated using the algorithms implemented in `gaussian_kde`. Consider performing principle component analysis / dimensionality reduction and using `gaussian_kde` with the transformed data.
20:36 bilby WARNING : Failed to create dynesty unit state plot at checkpoint
/scratch/pratyusava.baral/Modified_Dispersion/src/dispersion/lib/python3.11/site-packages/dynesty/plotting.py:252: RuntimeWarning: overflow encountered in exp
  np.exp(logwt), logz if logplot else np.exp(logz)
20:36 bilby WARNING : The data appears to lie in a lower-dimensional subspace of the space in which it is expressed. This has resulted in a singular data covariance matrix, which cannot be treated using the algorithms implemented in `gaussian_kde`. Consider performing principle component analysis / dimensionality reduction and using `gaussian_kde` with the transformed data.
20:36 bilby WARNING : Failed to create dynesty run plot at checkpoint
20:47 bilby INFO    : Written checkpoint file results/99/None_resume.pickle
/scratch/pratyusava.baral/Modified_Dispersion/src/dispersion/lib/python3.11/site-packages/dynesty/plotting.py:786: UserWarning: Attempting to set identical low and high ylims makes transformation singular; automatically expanding.
  ax.set_ylim([0., max(y0) * 1.05])
/scratch/pratyusava.baral/Modified_Dispersion/src/dispersion/lib/python3.11/site-packages/dynesty/plotting.py:749: UserWarning: Attempting to set identical low and high xlims makes transformation singular; automatically expanding.
  ax.set_xlim(span[i])
/scratch/pratyusava.baral/Modified_Dispersion/src/dispersion/lib/python3.11/site-packages/dynesty/plotting.py:786: UserWarning: Attempting to set identical low and high ylims makes transformation singular; automatically expanding.
  ax.set_ylim([0., max(y0) * 1.05])
/scratch/pratyusava.baral/Modified_Dispersion/src/dispersion/lib/python3.11/site-packages/dynesty/plotting.py:252: RuntimeWarning: overflow encountered in exp
  np.exp(logwt), logz if logplot else np.exp(logz)
/scratch/pratyusava.baral/Modified_Dispersion/src/dispersion/lib/python3.11/site-packages/dynesty/plotting.py:282: RuntimeWarning: overflow encountered in exp
  zspan = (0., 1.05 * np.exp(logz[-1] + 3. * logzerr[-1]))
20:47 bilby WARNING : Axis limits cannot be NaN or Inf
20:47 bilby WARNING : Failed to create dynesty run plot at checkpoint
20:57 bilby INFO    : Written checkpoint file results/99/None_resume.pickle
/scratch/pratyusava.baral/Modified_Dispersion/src/dispersion/lib/python3.11/site-packages/dynesty/plotting.py:786: UserWarning: Attempting to set identical low and high ylims makes transformation singular; automatically expanding.
  ax.set_ylim([0., max(y0) * 1.05])
20:57 bilby WARNING : Too many bins for data range. Cannot create 500 finite-sized bins.
20:57 bilby WARNING : Failed to create dynesty state plot at checkpoint
/scratch/pratyusava.baral/Modified_Dispersion/src/dispersion/lib/python3.11/site-packages/dynesty/plotting.py:786: UserWarning: Attempting to set identical low and high ylims makes transformation singular; automatically expanding.
  ax.set_ylim([0., max(y0) * 1.05])
/scratch/pratyusava.baral/Modified_Dispersion/src/dispersion/lib/python3.11/site-packages/dynesty/plotting.py:252: RuntimeWarning: overflow encountered in exp
  np.exp(logwt), logz if logplot else np.exp(logz)
/scratch/pratyusava.baral/Modified_Dispersion/src/dispersion/lib/python3.11/site-packages/dynesty/plotting.py:282: RuntimeWarning: overflow encountered in exp
  zspan = (0., 1.05 * np.exp(logz[-1] + 3. * logzerr[-1]))
20:57 bilby WARNING : Axis limits cannot be NaN or Inf
20:57 bilby WARNING : Failed to create dynesty run plot at checkpoint
21:08 bilby INFO    : Written checkpoint file results/99/None_resume.pickle
21:08 bilby WARNING : The data appears to lie in a lower-dimensional subspace of the space in which it is expressed. This has resulted in a singular data covariance matrix, which cannot be treated using the algorithms implemented in `gaussian_kde`. Consider performing principle component analysis / dimensionality reduction and using `gaussian_kde` with the transformed data.
21:08 bilby WARNING : Failed to create dynesty state plot at checkpoint
21:08 bilby WARNING : The data appears to lie in a lower-dimensional subspace of the space in which it is expressed. This has resulted in a singular data covariance matrix, which cannot be treated using the algorithms implemented in `gaussian_kde`. Consider performing principle component analysis / dimensionality reduction and using `gaussian_kde` with the transformed data.
21:08 bilby WARNING : Failed to create dynesty unit state plot at checkpoint
/scratch/pratyusava.baral/Modified_Dispersion/src/dispersion/lib/python3.11/site-packages/dynesty/plotting.py:252: RuntimeWarning: overflow encountered in exp
  np.exp(logwt), logz if logplot else np.exp(logz)
21:08 bilby WARNING : The data appears to lie in a lower-dimensional subspace of the space in which it is expressed. This has resulted in a singular data covariance matrix, which cannot be treated using the algorithms implemented in `gaussian_kde`. Consider performing principle component analysis / dimensionality reduction and using `gaussian_kde` with the transformed data.
21:08 bilby WARNING : Failed to create dynesty run plot at checkpoint
21:18 bilby INFO    : Written checkpoint file results/99/None_resume.pickle
/scratch/pratyusava.baral/Modified_Dispersion/src/dispersion/lib/python3.11/site-packages/dynesty/plotting.py:786: UserWarning: Attempting to set identical low and high ylims makes transformation singular; automatically expanding.
  ax.set_ylim([0., max(y0) * 1.05])
21:18 bilby WARNING : Too many bins for data range. Cannot create 500 finite-sized bins.
21:18 bilby WARNING : Failed to create dynesty state plot at checkpoint
/scratch/pratyusava.baral/Modified_Dispersion/src/dispersion/lib/python3.11/site-packages/dynesty/plotting.py:786: UserWarning: Attempting to set identical low and high ylims makes transformation singular; automatically expanding.
  ax.set_ylim([0., max(y0) * 1.05])
/scratch/pratyusava.baral/Modified_Dispersion/src/dispersion/lib/python3.11/site-packages/dynesty/plotting.py:252: RuntimeWarning: overflow encountered in exp
  np.exp(logwt), logz if logplot else np.exp(logz)
/scratch/pratyusava.baral/Modified_Dispersion/src/dispersion/lib/python3.11/site-packages/dynesty/plotting.py:282: RuntimeWarning: overflow encountered in exp
  zspan = (0., 1.05 * np.exp(logz[-1] + 3. * logzerr[-1]))
21:18 bilby WARNING : Axis limits cannot be NaN or Inf
21:18 bilby WARNING : Failed to create dynesty run plot at checkpoint
21:28 bilby INFO    : Written checkpoint file results/99/None_resume.pickle
21:28 bilby WARNING : The data appears to lie in a lower-dimensional subspace of the space in which it is expressed. This has resulted in a singular data covariance matrix, which cannot be treated using the algorithms implemented in `gaussian_kde`. Consider performing principle component analysis / dimensionality reduction and using `gaussian_kde` with the transformed data.
21:28 bilby WARNING : Failed to create dynesty state plot at checkpoint
21:28 bilby WARNING : The data appears to lie in a lower-dimensional subspace of the space in which it is expressed. This has resulted in a singular data covariance matrix, which cannot be treated using the algorithms implemented in `gaussian_kde`. Consider performing principle component analysis / dimensionality reduction and using `gaussian_kde` with the transformed data.
21:28 bilby WARNING : Failed to create dynesty unit state plot at checkpoint
/scratch/pratyusava.baral/Modified_Dispersion/src/dispersion/lib/python3.11/site-packages/dynesty/plotting.py:252: RuntimeWarning: overflow encountered in exp
  np.exp(logwt), logz if logplot else np.exp(logz)
21:28 bilby WARNING : The data appears to lie in a lower-dimensional subspace of the space in which it is expressed. This has resulted in a singular data covariance matrix, which cannot be treated using the algorithms implemented in `gaussian_kde`. Consider performing principle component analysis / dimensionality reduction and using `gaussian_kde` with the transformed data.
21:28 bilby WARNING : Failed to create dynesty run plot at checkpoint
21:38 bilby INFO    : Written checkpoint file results/99/None_resume.pickle
/scratch/pratyusava.baral/Modified_Dispersion/src/dispersion/lib/python3.11/site-packages/dynesty/plotting.py:786: UserWarning: Attempting to set identical low and high ylims makes transformation singular; automatically expanding.
  ax.set_ylim([0., max(y0) * 1.05])
/scratch/pratyusava.baral/Modified_Dispersion/src/dispersion/lib/python3.11/site-packages/dynesty/plotting.py:749: UserWarning: Attempting to set identical low and high xlims makes transformation singular; automatically expanding.
  ax.set_xlim(span[i])
/scratch/pratyusava.baral/Modified_Dispersion/src/dispersion/lib/python3.11/site-packages/dynesty/plotting.py:786: UserWarning: Attempting to set identical low and high ylims makes transformation singular; automatically expanding.
  ax.set_ylim([0., max(y0) * 1.05])
/scratch/pratyusava.baral/Modified_Dispersion/src/dispersion/lib/python3.11/site-packages/dynesty/plotting.py:252: RuntimeWarning: overflow encountered in exp
  np.exp(logwt), logz if logplot else np.exp(logz)
/scratch/pratyusava.baral/Modified_Dispersion/src/dispersion/lib/python3.11/site-packages/dynesty/plotting.py:282: RuntimeWarning: overflow encountered in exp
  zspan = (0., 1.05 * np.exp(logz[-1] + 3. * logzerr[-1]))
21:39 bilby WARNING : Axis limits cannot be NaN or Inf
21:39 bilby WARNING : Failed to create dynesty run plot at checkpoint
21:49 bilby INFO    : Written checkpoint file results/99/None_resume.pickle
21:49 bilby WARNING : The data appears to lie in a lower-dimensional subspace of the space in which it is expressed. This has resulted in a singular data covariance matrix, which cannot be treated using the algorithms implemented in `gaussian_kde`. Consider performing principle component analysis / dimensionality reduction and using `gaussian_kde` with the transformed data.
21:49 bilby WARNING : Failed to create dynesty state plot at checkpoint
21:49 bilby WARNING : The data appears to lie in a lower-dimensional subspace of the space in which it is expressed. This has resulted in a singular data covariance matrix, which cannot be treated using the algorithms implemented in `gaussian_kde`. Consider performing principle component analysis / dimensionality reduction and using `gaussian_kde` with the transformed data.
21:49 bilby WARNING : Failed to create dynesty unit state plot at checkpoint
/scratch/pratyusava.baral/Modified_Dispersion/src/dispersion/lib/python3.11/site-packages/dynesty/plotting.py:252: RuntimeWarning: overflow encountered in exp
  np.exp(logwt), logz if logplot else np.exp(logz)
21:49 bilby WARNING : The data appears to lie in a lower-dimensional subspace of the space in which it is expressed. This has resulted in a singular data covariance matrix, which cannot be treated using the algorithms implemented in `gaussian_kde`. Consider performing principle component analysis / dimensionality reduction and using `gaussian_kde` with the transformed data.
21:49 bilby WARNING : Failed to create dynesty run plot at checkpoint
21:59 bilby INFO    : Written checkpoint file results/99/None_resume.pickle
/scratch/pratyusava.baral/Modified_Dispersion/src/dispersion/lib/python3.11/site-packages/dynesty/plotting.py:786: UserWarning: Attempting to set identical low and high ylims makes transformation singular; automatically expanding.
  ax.set_ylim([0., max(y0) * 1.05])
21:59 bilby WARNING : Too many bins for data range. Cannot create 500 finite-sized bins.
21:59 bilby WARNING : Failed to create dynesty state plot at checkpoint
/scratch/pratyusava.baral/Modified_Dispersion/src/dispersion/lib/python3.11/site-packages/dynesty/plotting.py:786: UserWarning: Attempting to set identical low and high ylims makes transformation singular; automatically expanding.
  ax.set_ylim([0., max(y0) * 1.05])
/scratch/pratyusava.baral/Modified_Dispersion/src/dispersion/lib/python3.11/site-packages/dynesty/plotting.py:252: RuntimeWarning: overflow encountered in exp
  np.exp(logwt), logz if logplot else np.exp(logz)
/scratch/pratyusava.baral/Modified_Dispersion/src/dispersion/lib/python3.11/site-packages/dynesty/plotting.py:282: RuntimeWarning: overflow encountered in exp
  zspan = (0., 1.05 * np.exp(logz[-1] + 3. * logzerr[-1]))
21:59 bilby WARNING : Axis limits cannot be NaN or Inf
21:59 bilby WARNING : Failed to create dynesty run plot at checkpoint
22:09 bilby INFO    : Written checkpoint file results/99/None_resume.pickle
/scratch/pratyusava.baral/Modified_Dispersion/src/dispersion/lib/python3.11/site-packages/dynesty/plotting.py:786: UserWarning: Attempting to set identical low and high ylims makes transformation singular; automatically expanding.
  ax.set_ylim([0., max(y0) * 1.05])
22:09 bilby WARNING : Too many bins for data range. Cannot create 500 finite-sized bins.
22:09 bilby WARNING : Failed to create dynesty state plot at checkpoint
/scratch/pratyusava.baral/Modified_Dispersion/src/dispersion/lib/python3.11/site-packages/dynesty/plotting.py:786: UserWarning: Attempting to set identical low and high ylims makes transformation singular; automatically expanding.
  ax.set_ylim([0., max(y0) * 1.05])
/scratch/pratyusava.baral/Modified_Dispersion/src/dispersion/lib/python3.11/site-packages/dynesty/plotting.py:252: RuntimeWarning: overflow encountered in exp
  np.exp(logwt), logz if logplot else np.exp(logz)
/scratch/pratyusava.baral/Modified_Dispersion/src/dispersion/lib/python3.11/site-packages/dynesty/plotting.py:282: RuntimeWarning: overflow encountered in exp
  zspan = (0., 1.05 * np.exp(logz[-1] + 3. * logzerr[-1]))
22:09 bilby WARNING : Axis limits cannot be NaN or Inf
22:09 bilby WARNING : Failed to create dynesty run plot at checkpoint
22:20 bilby INFO    : Written checkpoint file results/99/None_resume.pickle
/scratch/pratyusava.baral/Modified_Dispersion/src/dispersion/lib/python3.11/site-packages/dynesty/plotting.py:786: UserWarning: Attempting to set identical low and high ylims makes transformation singular; automatically expanding.
  ax.set_ylim([0., max(y0) * 1.05])
/scratch/pratyusava.baral/Modified_Dispersion/src/dispersion/lib/python3.11/site-packages/dynesty/plotting.py:749: UserWarning: Attempting to set identical low and high xlims makes transformation singular; automatically expanding.
  ax.set_xlim(span[i])
/scratch/pratyusava.baral/Modified_Dispersion/src/dispersion/lib/python3.11/site-packages/dynesty/plotting.py:786: UserWarning: Attempting to set identical low and high ylims makes transformation singular; automatically expanding.
  ax.set_ylim([0., max(y0) * 1.05])
/scratch/pratyusava.baral/Modified_Dispersion/src/dispersion/lib/python3.11/site-packages/dynesty/plotting.py:252: RuntimeWarning: overflow encountered in exp
  np.exp(logwt), logz if logplot else np.exp(logz)
/scratch/pratyusava.baral/Modified_Dispersion/src/dispersion/lib/python3.11/site-packages/dynesty/plotting.py:282: RuntimeWarning: overflow encountered in exp
  zspan = (0., 1.05 * np.exp(logz[-1] + 3. * logzerr[-1]))
22:20 bilby WARNING : Axis limits cannot be NaN or Inf
22:20 bilby WARNING : Failed to create dynesty run plot at checkpoint
22:30 bilby INFO    : Written checkpoint file results/99/None_resume.pickle
/scratch/pratyusava.baral/Modified_Dispersion/src/dispersion/lib/python3.11/site-packages/dynesty/plotting.py:786: UserWarning: Attempting to set identical low and high ylims makes transformation singular; automatically expanding.
  ax.set_ylim([0., max(y0) * 1.05])
/scratch/pratyusava.baral/Modified_Dispersion/src/dispersion/lib/python3.11/site-packages/dynesty/plotting.py:749: UserWarning: Attempting to set identical low and high xlims makes transformation singular; automatically expanding.
  ax.set_xlim(span[i])
/scratch/pratyusava.baral/Modified_Dispersion/src/dispersion/lib/python3.11/site-packages/dynesty/plotting.py:786: UserWarning: Attempting to set identical low and high ylims makes transformation singular; automatically expanding.
  ax.set_ylim([0., max(y0) * 1.05])
/scratch/pratyusava.baral/Modified_Dispersion/src/dispersion/lib/python3.11/site-packages/dynesty/plotting.py:252: RuntimeWarning: overflow encountered in exp
  np.exp(logwt), logz if logplot else np.exp(logz)
/scratch/pratyusava.baral/Modified_Dispersion/src/dispersion/lib/python3.11/site-packages/dynesty/plotting.py:282: RuntimeWarning: overflow encountered in exp
  zspan = (0., 1.05 * np.exp(logz[-1] + 3. * logzerr[-1]))
22:30 bilby WARNING : Axis limits cannot be NaN or Inf
22:30 bilby WARNING : Failed to create dynesty run plot at checkpoint
22:40 bilby INFO    : Written checkpoint file results/99/None_resume.pickle
22:40 bilby WARNING : The data appears to lie in a lower-dimensional subspace of the space in which it is expressed. This has resulted in a singular data covariance matrix, which cannot be treated using the algorithms implemented in `gaussian_kde`. Consider performing principle component analysis / dimensionality reduction and using `gaussian_kde` with the transformed data.
22:40 bilby WARNING : Failed to create dynesty state plot at checkpoint
22:40 bilby WARNING : The data appears to lie in a lower-dimensional subspace of the space in which it is expressed. This has resulted in a singular data covariance matrix, which cannot be treated using the algorithms implemented in `gaussian_kde`. Consider performing principle component analysis / dimensionality reduction and using `gaussian_kde` with the transformed data.
22:40 bilby WARNING : Failed to create dynesty unit state plot at checkpoint
/scratch/pratyusava.baral/Modified_Dispersion/src/dispersion/lib/python3.11/site-packages/dynesty/plotting.py:252: RuntimeWarning: overflow encountered in exp
  np.exp(logwt), logz if logplot else np.exp(logz)
22:40 bilby WARNING : The data appears to lie in a lower-dimensional subspace of the space in which it is expressed. This has resulted in a singular data covariance matrix, which cannot be treated using the algorithms implemented in `gaussian_kde`. Consider performing principle component analysis / dimensionality reduction and using `gaussian_kde` with the transformed data.
22:40 bilby WARNING : Failed to create dynesty run plot at checkpoint
22:50 bilby INFO    : Written checkpoint file results/99/None_resume.pickle
/scratch/pratyusava.baral/Modified_Dispersion/src/dispersion/lib/python3.11/site-packages/dynesty/plotting.py:786: UserWarning: Attempting to set identical low and high ylims makes transformation singular; automatically expanding.
  ax.set_ylim([0., max(y0) * 1.05])
/scratch/pratyusava.baral/Modified_Dispersion/src/dispersion/lib/python3.11/site-packages/dynesty/plotting.py:749: UserWarning: Attempting to set identical low and high xlims makes transformation singular; automatically expanding.
  ax.set_xlim(span[i])
/scratch/pratyusava.baral/Modified_Dispersion/src/dispersion/lib/python3.11/site-packages/dynesty/plotting.py:786: UserWarning: Attempting to set identical low and high ylims makes transformation singular; automatically expanding.
  ax.set_ylim([0., max(y0) * 1.05])
/scratch/pratyusava.baral/Modified_Dispersion/src/dispersion/lib/python3.11/site-packages/dynesty/plotting.py:252: RuntimeWarning: overflow encountered in exp
  np.exp(logwt), logz if logplot else np.exp(logz)
/scratch/pratyusava.baral/Modified_Dispersion/src/dispersion/lib/python3.11/site-packages/dynesty/plotting.py:282: RuntimeWarning: overflow encountered in exp
  zspan = (0., 1.05 * np.exp(logz[-1] + 3. * logzerr[-1]))
22:50 bilby WARNING : Axis limits cannot be NaN or Inf
22:50 bilby WARNING : Failed to create dynesty run plot at checkpoint
23:01 bilby INFO    : Written checkpoint file results/99/None_resume.pickle
/scratch/pratyusava.baral/Modified_Dispersion/src/dispersion/lib/python3.11/site-packages/dynesty/plotting.py:786: UserWarning: Attempting to set identical low and high ylims makes transformation singular; automatically expanding.
  ax.set_ylim([0., max(y0) * 1.05])
/scratch/pratyusava.baral/Modified_Dispersion/src/dispersion/lib/python3.11/site-packages/dynesty/plotting.py:749: UserWarning: Attempting to set identical low and high xlims makes transformation singular; automatically expanding.
  ax.set_xlim(span[i])
/scratch/pratyusava.baral/Modified_Dispersion/src/dispersion/lib/python3.11/site-packages/dynesty/plotting.py:786: UserWarning: Attempting to set identical low and high ylims makes transformation singular; automatically expanding.
  ax.set_ylim([0., max(y0) * 1.05])
/scratch/pratyusava.baral/Modified_Dispersion/src/dispersion/lib/python3.11/site-packages/dynesty/plotting.py:252: RuntimeWarning: overflow encountered in exp
  np.exp(logwt), logz if logplot else np.exp(logz)
/scratch/pratyusava.baral/Modified_Dispersion/src/dispersion/lib/python3.11/site-packages/dynesty/plotting.py:282: RuntimeWarning: overflow encountered in exp
  zspan = (0., 1.05 * np.exp(logz[-1] + 3. * logzerr[-1]))
23:01 bilby WARNING : Axis limits cannot be NaN or Inf
23:01 bilby WARNING : Failed to create dynesty run plot at checkpoint
23:12 bilby INFO    : Written checkpoint file results/99/None_resume.pickle
23:12 bilby WARNING : The data appears to lie in a lower-dimensional subspace of the space in which it is expressed. This has resulted in a singular data covariance matrix, which cannot be treated using the algorithms implemented in `gaussian_kde`. Consider performing principle component analysis / dimensionality reduction and using `gaussian_kde` with the transformed data.
23:12 bilby WARNING : Failed to create dynesty state plot at checkpoint
23:12 bilby WARNING : The data appears to lie in a lower-dimensional subspace of the space in which it is expressed. This has resulted in a singular data covariance matrix, which cannot be treated using the algorithms implemented in `gaussian_kde`. Consider performing principle component analysis / dimensionality reduction and using `gaussian_kde` with the transformed data.
23:12 bilby WARNING : Failed to create dynesty unit state plot at checkpoint
/scratch/pratyusava.baral/Modified_Dispersion/src/dispersion/lib/python3.11/site-packages/dynesty/plotting.py:252: RuntimeWarning: overflow encountered in exp
  np.exp(logwt), logz if logplot else np.exp(logz)
23:12 bilby WARNING : The data appears to lie in a lower-dimensional subspace of the space in which it is expressed. This has resulted in a singular data covariance matrix, which cannot be treated using the algorithms implemented in `gaussian_kde`. Consider performing principle component analysis / dimensionality reduction and using `gaussian_kde` with the transformed data.
23:12 bilby WARNING : Failed to create dynesty run plot at checkpoint
23:22 bilby INFO    : Written checkpoint file results/99/None_resume.pickle
/scratch/pratyusava.baral/Modified_Dispersion/src/dispersion/lib/python3.11/site-packages/dynesty/plotting.py:786: UserWarning: Attempting to set identical low and high ylims makes transformation singular; automatically expanding.
  ax.set_ylim([0., max(y0) * 1.05])
/scratch/pratyusava.baral/Modified_Dispersion/src/dispersion/lib/python3.11/site-packages/dynesty/plotting.py:749: UserWarning: Attempting to set identical low and high xlims makes transformation singular; automatically expanding.
  ax.set_xlim(span[i])
/scratch/pratyusava.baral/Modified_Dispersion/src/dispersion/lib/python3.11/site-packages/dynesty/plotting.py:786: UserWarning: Attempting to set identical low and high ylims makes transformation singular; automatically expanding.
  ax.set_ylim([0., max(y0) * 1.05])
/scratch/pratyusava.baral/Modified_Dispersion/src/dispersion/lib/python3.11/site-packages/dynesty/plotting.py:252: RuntimeWarning: overflow encountered in exp
  np.exp(logwt), logz if logplot else np.exp(logz)
/scratch/pratyusava.baral/Modified_Dispersion/src/dispersion/lib/python3.11/site-packages/dynesty/plotting.py:282: RuntimeWarning: overflow encountered in exp
  zspan = (0., 1.05 * np.exp(logz[-1] + 3. * logzerr[-1]))
23:22 bilby WARNING : Axis limits cannot be NaN or Inf
23:22 bilby WARNING : Failed to create dynesty run plot at checkpoint
23:33 bilby INFO    : Written checkpoint file results/99/None_resume.pickle
/scratch/pratyusava.baral/Modified_Dispersion/src/dispersion/lib/python3.11/site-packages/dynesty/plotting.py:786: UserWarning: Attempting to set identical low and high ylims makes transformation singular; automatically expanding.
  ax.set_ylim([0., max(y0) * 1.05])
/scratch/pratyusava.baral/Modified_Dispersion/src/dispersion/lib/python3.11/site-packages/dynesty/plotting.py:749: UserWarning: Attempting to set identical low and high xlims makes transformation singular; automatically expanding.
  ax.set_xlim(span[i])
/scratch/pratyusava.baral/Modified_Dispersion/src/dispersion/lib/python3.11/site-packages/dynesty/plotting.py:786: UserWarning: Attempting to set identical low and high ylims makes transformation singular; automatically expanding.
  ax.set_ylim([0., max(y0) * 1.05])
/scratch/pratyusava.baral/Modified_Dispersion/src/dispersion/lib/python3.11/site-packages/dynesty/plotting.py:252: RuntimeWarning: overflow encountered in exp
  np.exp(logwt), logz if logplot else np.exp(logz)
/scratch/pratyusava.baral/Modified_Dispersion/src/dispersion/lib/python3.11/site-packages/dynesty/plotting.py:282: RuntimeWarning: overflow encountered in exp
  zspan = (0., 1.05 * np.exp(logz[-1] + 3. * logzerr[-1]))
23:33 bilby WARNING : Axis limits cannot be NaN or Inf
23:33 bilby WARNING : Failed to create dynesty run plot at checkpoint
23:43 bilby INFO    : Written checkpoint file results/99/None_resume.pickle
23:43 bilby WARNING : The data appears to lie in a lower-dimensional subspace of the space in which it is expressed. This has resulted in a singular data covariance matrix, which cannot be treated using the algorithms implemented in `gaussian_kde`. Consider performing principle component analysis / dimensionality reduction and using `gaussian_kde` with the transformed data.
23:43 bilby WARNING : Failed to create dynesty state plot at checkpoint
23:43 bilby WARNING : The data appears to lie in a lower-dimensional subspace of the space in which it is expressed. This has resulted in a singular data covariance matrix, which cannot be treated using the algorithms implemented in `gaussian_kde`. Consider performing principle component analysis / dimensionality reduction and using `gaussian_kde` with the transformed data.
23:43 bilby WARNING : Failed to create dynesty unit state plot at checkpoint
/scratch/pratyusava.baral/Modified_Dispersion/src/dispersion/lib/python3.11/site-packages/dynesty/plotting.py:252: RuntimeWarning: overflow encountered in exp
  np.exp(logwt), logz if logplot else np.exp(logz)
23:43 bilby WARNING : The data appears to lie in a lower-dimensional subspace of the space in which it is expressed. This has resulted in a singular data covariance matrix, which cannot be treated using the algorithms implemented in `gaussian_kde`. Consider performing principle component analysis / dimensionality reduction and using `gaussian_kde` with the transformed data.
23:43 bilby WARNING : Failed to create dynesty run plot at checkpoint
23:53 bilby INFO    : Written checkpoint file results/99/None_resume.pickle
/scratch/pratyusava.baral/Modified_Dispersion/src/dispersion/lib/python3.11/site-packages/dynesty/plotting.py:786: UserWarning: Attempting to set identical low and high ylims makes transformation singular; automatically expanding.
  ax.set_ylim([0., max(y0) * 1.05])
/scratch/pratyusava.baral/Modified_Dispersion/src/dispersion/lib/python3.11/site-packages/dynesty/plotting.py:749: UserWarning: Attempting to set identical low and high xlims makes transformation singular; automatically expanding.
  ax.set_xlim(span[i])
/scratch/pratyusava.baral/Modified_Dispersion/src/dispersion/lib/python3.11/site-packages/dynesty/plotting.py:786: UserWarning: Attempting to set identical low and high ylims makes transformation singular; automatically expanding.
  ax.set_ylim([0., max(y0) * 1.05])
/scratch/pratyusava.baral/Modified_Dispersion/src/dispersion/lib/python3.11/site-packages/dynesty/plotting.py:252: RuntimeWarning: overflow encountered in exp
  np.exp(logwt), logz if logplot else np.exp(logz)
/scratch/pratyusava.baral/Modified_Dispersion/src/dispersion/lib/python3.11/site-packages/dynesty/plotting.py:282: RuntimeWarning: overflow encountered in exp
  zspan = (0., 1.05 * np.exp(logz[-1] + 3. * logzerr[-1]))
23:53 bilby WARNING : Axis limits cannot be NaN or Inf
23:53 bilby WARNING : Failed to create dynesty run plot at checkpoint
00:04 bilby INFO    : Written checkpoint file results/99/None_resume.pickle
/scratch/pratyusava.baral/Modified_Dispersion/src/dispersion/lib/python3.11/site-packages/dynesty/plotting.py:786: UserWarning: Attempting to set identical low and high ylims makes transformation singular; automatically expanding.
  ax.set_ylim([0., max(y0) * 1.05])
/scratch/pratyusava.baral/Modified_Dispersion/src/dispersion/lib/python3.11/site-packages/dynesty/plotting.py:749: UserWarning: Attempting to set identical low and high xlims makes transformation singular; automatically expanding.
  ax.set_xlim(span[i])
/scratch/pratyusava.baral/Modified_Dispersion/src/dispersion/lib/python3.11/site-packages/dynesty/plotting.py:786: UserWarning: Attempting to set identical low and high ylims makes transformation singular; automatically expanding.
  ax.set_ylim([0., max(y0) * 1.05])
/scratch/pratyusava.baral/Modified_Dispersion/src/dispersion/lib/python3.11/site-packages/dynesty/plotting.py:252: RuntimeWarning: overflow encountered in exp
  np.exp(logwt), logz if logplot else np.exp(logz)
/scratch/pratyusava.baral/Modified_Dispersion/src/dispersion/lib/python3.11/site-packages/dynesty/plotting.py:282: RuntimeWarning: overflow encountered in exp
  zspan = (0., 1.05 * np.exp(logz[-1] + 3. * logzerr[-1]))
00:04 bilby WARNING : Axis limits cannot be NaN or Inf
00:04 bilby WARNING : Failed to create dynesty run plot at checkpoint
00:14 bilby INFO    : Written checkpoint file results/99/None_resume.pickle
/scratch/pratyusava.baral/Modified_Dispersion/src/dispersion/lib/python3.11/site-packages/dynesty/plotting.py:786: UserWarning: Attempting to set identical low and high ylims makes transformation singular; automatically expanding.
  ax.set_ylim([0., max(y0) * 1.05])
/scratch/pratyusava.baral/Modified_Dispersion/src/dispersion/lib/python3.11/site-packages/dynesty/plotting.py:749: UserWarning: Attempting to set identical low and high xlims makes transformation singular; automatically expanding.
  ax.set_xlim(span[i])
/scratch/pratyusava.baral/Modified_Dispersion/src/dispersion/lib/python3.11/site-packages/dynesty/plotting.py:786: UserWarning: Attempting to set identical low and high ylims makes transformation singular; automatically expanding.
  ax.set_ylim([0., max(y0) * 1.05])
/scratch/pratyusava.baral/Modified_Dispersion/src/dispersion/lib/python3.11/site-packages/dynesty/plotting.py:252: RuntimeWarning: overflow encountered in exp
  np.exp(logwt), logz if logplot else np.exp(logz)
/scratch/pratyusava.baral/Modified_Dispersion/src/dispersion/lib/python3.11/site-packages/dynesty/plotting.py:282: RuntimeWarning: overflow encountered in exp
  zspan = (0., 1.05 * np.exp(logz[-1] + 3. * logzerr[-1]))
00:14 bilby WARNING : Axis limits cannot be NaN or Inf
00:14 bilby WARNING : Failed to create dynesty run plot at checkpoint
00:25 bilby INFO    : Written checkpoint file results/99/None_resume.pickle
/scratch/pratyusava.baral/Modified_Dispersion/src/dispersion/lib/python3.11/site-packages/dynesty/plotting.py:786: UserWarning: Attempting to set identical low and high ylims makes transformation singular; automatically expanding.
  ax.set_ylim([0., max(y0) * 1.05])
/scratch/pratyusava.baral/Modified_Dispersion/src/dispersion/lib/python3.11/site-packages/dynesty/plotting.py:749: UserWarning: Attempting to set identical low and high xlims makes transformation singular; automatically expanding.
  ax.set_xlim(span[i])
/scratch/pratyusava.baral/Modified_Dispersion/src/dispersion/lib/python3.11/site-packages/dynesty/plotting.py:786: UserWarning: Attempting to set identical low and high ylims makes transformation singular; automatically expanding.
  ax.set_ylim([0., max(y0) * 1.05])
/scratch/pratyusava.baral/Modified_Dispersion/src/dispersion/lib/python3.11/site-packages/dynesty/plotting.py:252: RuntimeWarning: overflow encountered in exp
  np.exp(logwt), logz if logplot else np.exp(logz)
/scratch/pratyusava.baral/Modified_Dispersion/src/dispersion/lib/python3.11/site-packages/dynesty/plotting.py:282: RuntimeWarning: overflow encountered in exp
  zspan = (0., 1.05 * np.exp(logz[-1] + 3. * logzerr[-1]))
00:25 bilby WARNING : Axis limits cannot be NaN or Inf
00:25 bilby WARNING : Failed to create dynesty run plot at checkpoint
00:35 bilby INFO    : Written checkpoint file results/99/None_resume.pickle
/scratch/pratyusava.baral/Modified_Dispersion/src/dispersion/lib/python3.11/site-packages/dynesty/plotting.py:786: UserWarning: Attempting to set identical low and high ylims makes transformation singular; automatically expanding.
  ax.set_ylim([0., max(y0) * 1.05])
/scratch/pratyusava.baral/Modified_Dispersion/src/dispersion/lib/python3.11/site-packages/dynesty/plotting.py:749: UserWarning: Attempting to set identical low and high xlims makes transformation singular; automatically expanding.
  ax.set_xlim(span[i])
/scratch/pratyusava.baral/Modified_Dispersion/src/dispersion/lib/python3.11/site-packages/dynesty/plotting.py:786: UserWarning: Attempting to set identical low and high ylims makes transformation singular; automatically expanding.
  ax.set_ylim([0., max(y0) * 1.05])
/scratch/pratyusava.baral/Modified_Dispersion/src/dispersion/lib/python3.11/site-packages/dynesty/plotting.py:252: RuntimeWarning: overflow encountered in exp
  np.exp(logwt), logz if logplot else np.exp(logz)
/scratch/pratyusava.baral/Modified_Dispersion/src/dispersion/lib/python3.11/site-packages/dynesty/plotting.py:282: RuntimeWarning: overflow encountered in exp
  zspan = (0., 1.05 * np.exp(logz[-1] + 3. * logzerr[-1]))
00:35 bilby WARNING : Axis limits cannot be NaN or Inf
00:35 bilby WARNING : Failed to create dynesty run plot at checkpoint
00:46 bilby INFO    : Written checkpoint file results/99/None_resume.pickle
/scratch/pratyusava.baral/Modified_Dispersion/src/dispersion/lib/python3.11/site-packages/dynesty/plotting.py:786: UserWarning: Attempting to set identical low and high ylims makes transformation singular; automatically expanding.
  ax.set_ylim([0., max(y0) * 1.05])
/scratch/pratyusava.baral/Modified_Dispersion/src/dispersion/lib/python3.11/site-packages/dynesty/plotting.py:749: UserWarning: Attempting to set identical low and high xlims makes transformation singular; automatically expanding.
  ax.set_xlim(span[i])
/scratch/pratyusava.baral/Modified_Dispersion/src/dispersion/lib/python3.11/site-packages/dynesty/plotting.py:786: UserWarning: Attempting to set identical low and high ylims makes transformation singular; automatically expanding.
  ax.set_ylim([0., max(y0) * 1.05])
/scratch/pratyusava.baral/Modified_Dispersion/src/dispersion/lib/python3.11/site-packages/dynesty/plotting.py:252: RuntimeWarning: overflow encountered in exp
  np.exp(logwt), logz if logplot else np.exp(logz)
/scratch/pratyusava.baral/Modified_Dispersion/src/dispersion/lib/python3.11/site-packages/dynesty/plotting.py:282: RuntimeWarning: overflow encountered in exp
  zspan = (0., 1.05 * np.exp(logz[-1] + 3. * logzerr[-1]))
00:46 bilby WARNING : Axis limits cannot be NaN or Inf
00:46 bilby WARNING : Failed to create dynesty run plot at checkpoint
00:56 bilby INFO    : Written checkpoint file results/99/None_resume.pickle
00:56 bilby WARNING : The data appears to lie in a lower-dimensional subspace of the space in which it is expressed. This has resulted in a singular data covariance matrix, which cannot be treated using the algorithms implemented in `gaussian_kde`. Consider performing principle component analysis / dimensionality reduction and using `gaussian_kde` with the transformed data.
00:56 bilby WARNING : Failed to create dynesty state plot at checkpoint
00:56 bilby WARNING : The data appears to lie in a lower-dimensional subspace of the space in which it is expressed. This has resulted in a singular data covariance matrix, which cannot be treated using the algorithms implemented in `gaussian_kde`. Consider performing principle component analysis / dimensionality reduction and using `gaussian_kde` with the transformed data.
00:56 bilby WARNING : Failed to create dynesty unit state plot at checkpoint
/scratch/pratyusava.baral/Modified_Dispersion/src/dispersion/lib/python3.11/site-packages/dynesty/plotting.py:252: RuntimeWarning: overflow encountered in exp
  np.exp(logwt), logz if logplot else np.exp(logz)
00:56 bilby WARNING : The data appears to lie in a lower-dimensional subspace of the space in which it is expressed. This has resulted in a singular data covariance matrix, which cannot be treated using the algorithms implemented in `gaussian_kde`. Consider performing principle component analysis / dimensionality reduction and using `gaussian_kde` with the transformed data.
00:56 bilby WARNING : Failed to create dynesty run plot at checkpoint
01:07 bilby INFO    : Written checkpoint file results/99/None_resume.pickle
01:07 bilby WARNING : The data appears to lie in a lower-dimensional subspace of the space in which it is expressed. This has resulted in a singular data covariance matrix, which cannot be treated using the algorithms implemented in `gaussian_kde`. Consider performing principle component analysis / dimensionality reduction and using `gaussian_kde` with the transformed data.
01:07 bilby WARNING : Failed to create dynesty state plot at checkpoint
01:07 bilby WARNING : The data appears to lie in a lower-dimensional subspace of the space in which it is expressed. This has resulted in a singular data covariance matrix, which cannot be treated using the algorithms implemented in `gaussian_kde`. Consider performing principle component analysis / dimensionality reduction and using `gaussian_kde` with the transformed data.
01:07 bilby WARNING : Failed to create dynesty unit state plot at checkpoint
/scratch/pratyusava.baral/Modified_Dispersion/src/dispersion/lib/python3.11/site-packages/dynesty/plotting.py:252: RuntimeWarning: overflow encountered in exp
  np.exp(logwt), logz if logplot else np.exp(logz)
01:07 bilby WARNING : The data appears to lie in a lower-dimensional subspace of the space in which it is expressed. This has resulted in a singular data covariance matrix, which cannot be treated using the algorithms implemented in `gaussian_kde`. Consider performing principle component analysis / dimensionality reduction and using `gaussian_kde` with the transformed data.
01:07 bilby WARNING : Failed to create dynesty run plot at checkpoint
01:17 bilby INFO    : Written checkpoint file results/99/None_resume.pickle
/scratch/pratyusava.baral/Modified_Dispersion/src/dispersion/lib/python3.11/site-packages/dynesty/plotting.py:786: UserWarning: Attempting to set identical low and high ylims makes transformation singular; automatically expanding.
  ax.set_ylim([0., max(y0) * 1.05])
/scratch/pratyusava.baral/Modified_Dispersion/src/dispersion/lib/python3.11/site-packages/dynesty/plotting.py:749: UserWarning: Attempting to set identical low and high xlims makes transformation singular; automatically expanding.
  ax.set_xlim(span[i])
/scratch/pratyusava.baral/Modified_Dispersion/src/dispersion/lib/python3.11/site-packages/dynesty/plotting.py:786: UserWarning: Attempting to set identical low and high ylims makes transformation singular; automatically expanding.
  ax.set_ylim([0., max(y0) * 1.05])
/scratch/pratyusava.baral/Modified_Dispersion/src/dispersion/lib/python3.11/site-packages/dynesty/plotting.py:252: RuntimeWarning: overflow encountered in exp
  np.exp(logwt), logz if logplot else np.exp(logz)
/scratch/pratyusava.baral/Modified_Dispersion/src/dispersion/lib/python3.11/site-packages/dynesty/plotting.py:282: RuntimeWarning: overflow encountered in exp
  zspan = (0., 1.05 * np.exp(logz[-1] + 3. * logzerr[-1]))
01:17 bilby WARNING : Axis limits cannot be NaN or Inf
01:17 bilby WARNING : Failed to create dynesty run plot at checkpoint
01:27 bilby INFO    : Written checkpoint file results/99/None_resume.pickle
/scratch/pratyusava.baral/Modified_Dispersion/src/dispersion/lib/python3.11/site-packages/dynesty/plotting.py:786: UserWarning: Attempting to set identical low and high ylims makes transformation singular; automatically expanding.
  ax.set_ylim([0., max(y0) * 1.05])
/scratch/pratyusava.baral/Modified_Dispersion/src/dispersion/lib/python3.11/site-packages/dynesty/plotting.py:749: UserWarning: Attempting to set identical low and high xlims makes transformation singular; automatically expanding.
  ax.set_xlim(span[i])
/scratch/pratyusava.baral/Modified_Dispersion/src/dispersion/lib/python3.11/site-packages/dynesty/plotting.py:786: UserWarning: Attempting to set identical low and high ylims makes transformation singular; automatically expanding.
  ax.set_ylim([0., max(y0) * 1.05])
/scratch/pratyusava.baral/Modified_Dispersion/src/dispersion/lib/python3.11/site-packages/dynesty/plotting.py:252: RuntimeWarning: overflow encountered in exp
  np.exp(logwt), logz if logplot else np.exp(logz)
/scratch/pratyusava.baral/Modified_Dispersion/src/dispersion/lib/python3.11/site-packages/dynesty/plotting.py:282: RuntimeWarning: overflow encountered in exp
  zspan = (0., 1.05 * np.exp(logz[-1] + 3. * logzerr[-1]))
01:27 bilby WARNING : Axis limits cannot be NaN or Inf
01:27 bilby WARNING : Failed to create dynesty run plot at checkpoint
01:37 bilby INFO    : Written checkpoint file results/99/None_resume.pickle
01:37 bilby WARNING : The data appears to lie in a lower-dimensional subspace of the space in which it is expressed. This has resulted in a singular data covariance matrix, which cannot be treated using the algorithms implemented in `gaussian_kde`. Consider performing principle component analysis / dimensionality reduction and using `gaussian_kde` with the transformed data.
01:37 bilby WARNING : Failed to create dynesty state plot at checkpoint
01:37 bilby WARNING : The data appears to lie in a lower-dimensional subspace of the space in which it is expressed. This has resulted in a singular data covariance matrix, which cannot be treated using the algorithms implemented in `gaussian_kde`. Consider performing principle component analysis / dimensionality reduction and using `gaussian_kde` with the transformed data.
01:37 bilby WARNING : Failed to create dynesty unit state plot at checkpoint
/scratch/pratyusava.baral/Modified_Dispersion/src/dispersion/lib/python3.11/site-packages/dynesty/plotting.py:252: RuntimeWarning: overflow encountered in exp
  np.exp(logwt), logz if logplot else np.exp(logz)
01:37 bilby WARNING : The data appears to lie in a lower-dimensional subspace of the space in which it is expressed. This has resulted in a singular data covariance matrix, which cannot be treated using the algorithms implemented in `gaussian_kde`. Consider performing principle component analysis / dimensionality reduction and using `gaussian_kde` with the transformed data.
01:37 bilby WARNING : Failed to create dynesty run plot at checkpoint
01:48 bilby INFO    : Written checkpoint file results/99/None_resume.pickle
/scratch/pratyusava.baral/Modified_Dispersion/src/dispersion/lib/python3.11/site-packages/dynesty/plotting.py:786: UserWarning: Attempting to set identical low and high ylims makes transformation singular; automatically expanding.
  ax.set_ylim([0., max(y0) * 1.05])
/scratch/pratyusava.baral/Modified_Dispersion/src/dispersion/lib/python3.11/site-packages/dynesty/plotting.py:749: UserWarning: Attempting to set identical low and high xlims makes transformation singular; automatically expanding.
  ax.set_xlim(span[i])
/scratch/pratyusava.baral/Modified_Dispersion/src/dispersion/lib/python3.11/site-packages/dynesty/plotting.py:786: UserWarning: Attempting to set identical low and high ylims makes transformation singular; automatically expanding.
  ax.set_ylim([0., max(y0) * 1.05])
/scratch/pratyusava.baral/Modified_Dispersion/src/dispersion/lib/python3.11/site-packages/dynesty/plotting.py:252: RuntimeWarning: overflow encountered in exp
  np.exp(logwt), logz if logplot else np.exp(logz)
/scratch/pratyusava.baral/Modified_Dispersion/src/dispersion/lib/python3.11/site-packages/dynesty/plotting.py:282: RuntimeWarning: overflow encountered in exp
  zspan = (0., 1.05 * np.exp(logz[-1] + 3. * logzerr[-1]))
01:48 bilby WARNING : Axis limits cannot be NaN or Inf
01:48 bilby WARNING : Failed to create dynesty run plot at checkpoint
01:58 bilby INFO    : Written checkpoint file results/99/None_resume.pickle
/scratch/pratyusava.baral/Modified_Dispersion/src/dispersion/lib/python3.11/site-packages/dynesty/plotting.py:786: UserWarning: Attempting to set identical low and high ylims makes transformation singular; automatically expanding.
  ax.set_ylim([0., max(y0) * 1.05])
/scratch/pratyusava.baral/Modified_Dispersion/src/dispersion/lib/python3.11/site-packages/dynesty/plotting.py:749: UserWarning: Attempting to set identical low and high xlims makes transformation singular; automatically expanding.
  ax.set_xlim(span[i])
/scratch/pratyusava.baral/Modified_Dispersion/src/dispersion/lib/python3.11/site-packages/dynesty/plotting.py:786: UserWarning: Attempting to set identical low and high ylims makes transformation singular; automatically expanding.
  ax.set_ylim([0., max(y0) * 1.05])
/scratch/pratyusava.baral/Modified_Dispersion/src/dispersion/lib/python3.11/site-packages/dynesty/plotting.py:252: RuntimeWarning: overflow encountered in exp
  np.exp(logwt), logz if logplot else np.exp(logz)
/scratch/pratyusava.baral/Modified_Dispersion/src/dispersion/lib/python3.11/site-packages/dynesty/plotting.py:282: RuntimeWarning: overflow encountered in exp
  zspan = (0., 1.05 * np.exp(logz[-1] + 3. * logzerr[-1]))
01:58 bilby WARNING : Axis limits cannot be NaN or Inf
01:58 bilby WARNING : Failed to create dynesty run plot at checkpoint
02:09 bilby INFO    : Written checkpoint file results/99/None_resume.pickle
/scratch/pratyusava.baral/Modified_Dispersion/src/dispersion/lib/python3.11/site-packages/dynesty/plotting.py:786: UserWarning: Attempting to set identical low and high ylims makes transformation singular; automatically expanding.
  ax.set_ylim([0., max(y0) * 1.05])
/scratch/pratyusava.baral/Modified_Dispersion/src/dispersion/lib/python3.11/site-packages/dynesty/plotting.py:749: UserWarning: Attempting to set identical low and high xlims makes transformation singular; automatically expanding.
  ax.set_xlim(span[i])
/scratch/pratyusava.baral/Modified_Dispersion/src/dispersion/lib/python3.11/site-packages/dynesty/plotting.py:786: UserWarning: Attempting to set identical low and high ylims makes transformation singular; automatically expanding.
  ax.set_ylim([0., max(y0) * 1.05])
/scratch/pratyusava.baral/Modified_Dispersion/src/dispersion/lib/python3.11/site-packages/dynesty/plotting.py:252: RuntimeWarning: overflow encountered in exp
  np.exp(logwt), logz if logplot else np.exp(logz)
/scratch/pratyusava.baral/Modified_Dispersion/src/dispersion/lib/python3.11/site-packages/dynesty/plotting.py:282: RuntimeWarning: overflow encountered in exp
  zspan = (0., 1.05 * np.exp(logz[-1] + 3. * logzerr[-1]))
02:09 bilby WARNING : Axis limits cannot be NaN or Inf
02:09 bilby WARNING : Failed to create dynesty run plot at checkpoint
02:19 bilby INFO    : Written checkpoint file results/99/None_resume.pickle
/scratch/pratyusava.baral/Modified_Dispersion/src/dispersion/lib/python3.11/site-packages/dynesty/plotting.py:786: UserWarning: Attempting to set identical low and high ylims makes transformation singular; automatically expanding.
  ax.set_ylim([0., max(y0) * 1.05])
/scratch/pratyusava.baral/Modified_Dispersion/src/dispersion/lib/python3.11/site-packages/dynesty/plotting.py:749: UserWarning: Attempting to set identical low and high xlims makes transformation singular; automatically expanding.
  ax.set_xlim(span[i])
/scratch/pratyusava.baral/Modified_Dispersion/src/dispersion/lib/python3.11/site-packages/dynesty/plotting.py:786: UserWarning: Attempting to set identical low and high ylims makes transformation singular; automatically expanding.
  ax.set_ylim([0., max(y0) * 1.05])
/scratch/pratyusava.baral/Modified_Dispersion/src/dispersion/lib/python3.11/site-packages/dynesty/plotting.py:252: RuntimeWarning: overflow encountered in exp
  np.exp(logwt), logz if logplot else np.exp(logz)
/scratch/pratyusava.baral/Modified_Dispersion/src/dispersion/lib/python3.11/site-packages/dynesty/plotting.py:282: RuntimeWarning: overflow encountered in exp
  zspan = (0., 1.05 * np.exp(logz[-1] + 3. * logzerr[-1]))
02:19 bilby WARNING : Axis limits cannot be NaN or Inf
02:19 bilby WARNING : Failed to create dynesty run plot at checkpoint
02:29 bilby INFO    : Written checkpoint file results/99/None_resume.pickle
/scratch/pratyusava.baral/Modified_Dispersion/src/dispersion/lib/python3.11/site-packages/dynesty/plotting.py:786: UserWarning: Attempting to set identical low and high ylims makes transformation singular; automatically expanding.
  ax.set_ylim([0., max(y0) * 1.05])
/scratch/pratyusava.baral/Modified_Dispersion/src/dispersion/lib/python3.11/site-packages/dynesty/plotting.py:749: UserWarning: Attempting to set identical low and high xlims makes transformation singular; automatically expanding.
  ax.set_xlim(span[i])
/scratch/pratyusava.baral/Modified_Dispersion/src/dispersion/lib/python3.11/site-packages/dynesty/plotting.py:786: UserWarning: Attempting to set identical low and high ylims makes transformation singular; automatically expanding.
  ax.set_ylim([0., max(y0) * 1.05])
/scratch/pratyusava.baral/Modified_Dispersion/src/dispersion/lib/python3.11/site-packages/dynesty/plotting.py:252: RuntimeWarning: overflow encountered in exp
  np.exp(logwt), logz if logplot else np.exp(logz)
/scratch/pratyusava.baral/Modified_Dispersion/src/dispersion/lib/python3.11/site-packages/dynesty/plotting.py:282: RuntimeWarning: overflow encountered in exp
  zspan = (0., 1.05 * np.exp(logz[-1] + 3. * logzerr[-1]))
02:29 bilby WARNING : Axis limits cannot be NaN or Inf
02:29 bilby WARNING : Failed to create dynesty run plot at checkpoint
02:39 bilby INFO    : Written checkpoint file results/99/None_resume.pickle
02:39 bilby WARNING : The data appears to lie in a lower-dimensional subspace of the space in which it is expressed. This has resulted in a singular data covariance matrix, which cannot be treated using the algorithms implemented in `gaussian_kde`. Consider performing principle component analysis / dimensionality reduction and using `gaussian_kde` with the transformed data.
02:39 bilby WARNING : Failed to create dynesty state plot at checkpoint
02:39 bilby WARNING : The data appears to lie in a lower-dimensional subspace of the space in which it is expressed. This has resulted in a singular data covariance matrix, which cannot be treated using the algorithms implemented in `gaussian_kde`. Consider performing principle component analysis / dimensionality reduction and using `gaussian_kde` with the transformed data.
02:39 bilby WARNING : Failed to create dynesty unit state plot at checkpoint
/scratch/pratyusava.baral/Modified_Dispersion/src/dispersion/lib/python3.11/site-packages/dynesty/plotting.py:252: RuntimeWarning: overflow encountered in exp
  np.exp(logwt), logz if logplot else np.exp(logz)
02:39 bilby WARNING : The data appears to lie in a lower-dimensional subspace of the space in which it is expressed. This has resulted in a singular data covariance matrix, which cannot be treated using the algorithms implemented in `gaussian_kde`. Consider performing principle component analysis / dimensionality reduction and using `gaussian_kde` with the transformed data.
02:39 bilby WARNING : Failed to create dynesty run plot at checkpoint
02:50 bilby INFO    : Written checkpoint file results/99/None_resume.pickle
/scratch/pratyusava.baral/Modified_Dispersion/src/dispersion/lib/python3.11/site-packages/dynesty/plotting.py:786: UserWarning: Attempting to set identical low and high ylims makes transformation singular; automatically expanding.
  ax.set_ylim([0., max(y0) * 1.05])
02:50 bilby WARNING : Too many bins for data range. Cannot create 500 finite-sized bins.
02:50 bilby WARNING : Failed to create dynesty state plot at checkpoint
/scratch/pratyusava.baral/Modified_Dispersion/src/dispersion/lib/python3.11/site-packages/dynesty/plotting.py:786: UserWarning: Attempting to set identical low and high ylims makes transformation singular; automatically expanding.
  ax.set_ylim([0., max(y0) * 1.05])
/scratch/pratyusava.baral/Modified_Dispersion/src/dispersion/lib/python3.11/site-packages/dynesty/plotting.py:252: RuntimeWarning: overflow encountered in exp
  np.exp(logwt), logz if logplot else np.exp(logz)
/scratch/pratyusava.baral/Modified_Dispersion/src/dispersion/lib/python3.11/site-packages/dynesty/plotting.py:282: RuntimeWarning: overflow encountered in exp
  zspan = (0., 1.05 * np.exp(logz[-1] + 3. * logzerr[-1]))
02:50 bilby WARNING : Axis limits cannot be NaN or Inf
02:50 bilby WARNING : Failed to create dynesty run plot at checkpoint
03:01 bilby INFO    : Written checkpoint file results/99/None_resume.pickle
03:01 bilby WARNING : The data appears to lie in a lower-dimensional subspace of the space in which it is expressed. This has resulted in a singular data covariance matrix, which cannot be treated using the algorithms implemented in `gaussian_kde`. Consider performing principle component analysis / dimensionality reduction and using `gaussian_kde` with the transformed data.
03:01 bilby WARNING : Failed to create dynesty state plot at checkpoint
03:01 bilby WARNING : The data appears to lie in a lower-dimensional subspace of the space in which it is expressed. This has resulted in a singular data covariance matrix, which cannot be treated using the algorithms implemented in `gaussian_kde`. Consider performing principle component analysis / dimensionality reduction and using `gaussian_kde` with the transformed data.
03:01 bilby WARNING : Failed to create dynesty unit state plot at checkpoint
/scratch/pratyusava.baral/Modified_Dispersion/src/dispersion/lib/python3.11/site-packages/dynesty/plotting.py:252: RuntimeWarning: overflow encountered in exp
  np.exp(logwt), logz if logplot else np.exp(logz)
03:01 bilby WARNING : The data appears to lie in a lower-dimensional subspace of the space in which it is expressed. This has resulted in a singular data covariance matrix, which cannot be treated using the algorithms implemented in `gaussian_kde`. Consider performing principle component analysis / dimensionality reduction and using `gaussian_kde` with the transformed data.
03:01 bilby WARNING : Failed to create dynesty run plot at checkpoint
03:11 bilby INFO    : Written checkpoint file results/99/None_resume.pickle
/scratch/pratyusava.baral/Modified_Dispersion/src/dispersion/lib/python3.11/site-packages/dynesty/plotting.py:786: UserWarning: Attempting to set identical low and high ylims makes transformation singular; automatically expanding.
  ax.set_ylim([0., max(y0) * 1.05])
/scratch/pratyusava.baral/Modified_Dispersion/src/dispersion/lib/python3.11/site-packages/dynesty/plotting.py:749: UserWarning: Attempting to set identical low and high xlims makes transformation singular; automatically expanding.
  ax.set_xlim(span[i])
/scratch/pratyusava.baral/Modified_Dispersion/src/dispersion/lib/python3.11/site-packages/dynesty/plotting.py:786: UserWarning: Attempting to set identical low and high ylims makes transformation singular; automatically expanding.
  ax.set_ylim([0., max(y0) * 1.05])
/scratch/pratyusava.baral/Modified_Dispersion/src/dispersion/lib/python3.11/site-packages/dynesty/plotting.py:252: RuntimeWarning: overflow encountered in exp
  np.exp(logwt), logz if logplot else np.exp(logz)
/scratch/pratyusava.baral/Modified_Dispersion/src/dispersion/lib/python3.11/site-packages/dynesty/plotting.py:282: RuntimeWarning: overflow encountered in exp
  zspan = (0., 1.05 * np.exp(logz[-1] + 3. * logzerr[-1]))
03:12 bilby WARNING : Axis limits cannot be NaN or Inf
03:12 bilby WARNING : Failed to create dynesty run plot at checkpoint
03:22 bilby INFO    : Written checkpoint file results/99/None_resume.pickle
/scratch/pratyusava.baral/Modified_Dispersion/src/dispersion/lib/python3.11/site-packages/dynesty/plotting.py:786: UserWarning: Attempting to set identical low and high ylims makes transformation singular; automatically expanding.
  ax.set_ylim([0., max(y0) * 1.05])
/scratch/pratyusava.baral/Modified_Dispersion/src/dispersion/lib/python3.11/site-packages/dynesty/plotting.py:749: UserWarning: Attempting to set identical low and high xlims makes transformation singular; automatically expanding.
  ax.set_xlim(span[i])
/scratch/pratyusava.baral/Modified_Dispersion/src/dispersion/lib/python3.11/site-packages/dynesty/plotting.py:786: UserWarning: Attempting to set identical low and high ylims makes transformation singular; automatically expanding.
  ax.set_ylim([0., max(y0) * 1.05])
/scratch/pratyusava.baral/Modified_Dispersion/src/dispersion/lib/python3.11/site-packages/dynesty/plotting.py:252: RuntimeWarning: overflow encountered in exp
  np.exp(logwt), logz if logplot else np.exp(logz)
/scratch/pratyusava.baral/Modified_Dispersion/src/dispersion/lib/python3.11/site-packages/dynesty/plotting.py:282: RuntimeWarning: overflow encountered in exp
  zspan = (0., 1.05 * np.exp(logz[-1] + 3. * logzerr[-1]))
03:22 bilby WARNING : Axis limits cannot be NaN or Inf
03:22 bilby WARNING : Failed to create dynesty run plot at checkpoint
03:32 bilby INFO    : Written checkpoint file results/99/None_resume.pickle
/scratch/pratyusava.baral/Modified_Dispersion/src/dispersion/lib/python3.11/site-packages/dynesty/plotting.py:786: UserWarning: Attempting to set identical low and high ylims makes transformation singular; automatically expanding.
  ax.set_ylim([0., max(y0) * 1.05])
/scratch/pratyusava.baral/Modified_Dispersion/src/dispersion/lib/python3.11/site-packages/dynesty/plotting.py:749: UserWarning: Attempting to set identical low and high xlims makes transformation singular; automatically expanding.
  ax.set_xlim(span[i])
/scratch/pratyusava.baral/Modified_Dispersion/src/dispersion/lib/python3.11/site-packages/dynesty/plotting.py:786: UserWarning: Attempting to set identical low and high ylims makes transformation singular; automatically expanding.
  ax.set_ylim([0., max(y0) * 1.05])
/scratch/pratyusava.baral/Modified_Dispersion/src/dispersion/lib/python3.11/site-packages/dynesty/plotting.py:252: RuntimeWarning: overflow encountered in exp
  np.exp(logwt), logz if logplot else np.exp(logz)
/scratch/pratyusava.baral/Modified_Dispersion/src/dispersion/lib/python3.11/site-packages/dynesty/plotting.py:282: RuntimeWarning: overflow encountered in exp
  zspan = (0., 1.05 * np.exp(logz[-1] + 3. * logzerr[-1]))
03:32 bilby WARNING : Axis limits cannot be NaN or Inf
03:32 bilby WARNING : Failed to create dynesty run plot at checkpoint
03:43 bilby INFO    : Written checkpoint file results/99/None_resume.pickle
/scratch/pratyusava.baral/Modified_Dispersion/src/dispersion/lib/python3.11/site-packages/dynesty/plotting.py:786: UserWarning: Attempting to set identical low and high ylims makes transformation singular; automatically expanding.
  ax.set_ylim([0., max(y0) * 1.05])
/scratch/pratyusava.baral/Modified_Dispersion/src/dispersion/lib/python3.11/site-packages/dynesty/plotting.py:749: UserWarning: Attempting to set identical low and high xlims makes transformation singular; automatically expanding.
  ax.set_xlim(span[i])
/scratch/pratyusava.baral/Modified_Dispersion/src/dispersion/lib/python3.11/site-packages/dynesty/plotting.py:786: UserWarning: Attempting to set identical low and high ylims makes transformation singular; automatically expanding.
  ax.set_ylim([0., max(y0) * 1.05])
/scratch/pratyusava.baral/Modified_Dispersion/src/dispersion/lib/python3.11/site-packages/dynesty/plotting.py:252: RuntimeWarning: overflow encountered in exp
  np.exp(logwt), logz if logplot else np.exp(logz)
/scratch/pratyusava.baral/Modified_Dispersion/src/dispersion/lib/python3.11/site-packages/dynesty/plotting.py:282: RuntimeWarning: overflow encountered in exp
  zspan = (0., 1.05 * np.exp(logz[-1] + 3. * logzerr[-1]))
03:43 bilby WARNING : Axis limits cannot be NaN or Inf
03:43 bilby WARNING : Failed to create dynesty run plot at checkpoint
03:54 bilby INFO    : Written checkpoint file results/99/None_resume.pickle
03:54 bilby WARNING : The data appears to lie in a lower-dimensional subspace of the space in which it is expressed. This has resulted in a singular data covariance matrix, which cannot be treated using the algorithms implemented in `gaussian_kde`. Consider performing principle component analysis / dimensionality reduction and using `gaussian_kde` with the transformed data.
03:54 bilby WARNING : Failed to create dynesty state plot at checkpoint
03:54 bilby WARNING : The data appears to lie in a lower-dimensional subspace of the space in which it is expressed. This has resulted in a singular data covariance matrix, which cannot be treated using the algorithms implemented in `gaussian_kde`. Consider performing principle component analysis / dimensionality reduction and using `gaussian_kde` with the transformed data.
03:54 bilby WARNING : Failed to create dynesty unit state plot at checkpoint
/scratch/pratyusava.baral/Modified_Dispersion/src/dispersion/lib/python3.11/site-packages/dynesty/plotting.py:252: RuntimeWarning: overflow encountered in exp
  np.exp(logwt), logz if logplot else np.exp(logz)
03:54 bilby WARNING : The data appears to lie in a lower-dimensional subspace of the space in which it is expressed. This has resulted in a singular data covariance matrix, which cannot be treated using the algorithms implemented in `gaussian_kde`. Consider performing principle component analysis / dimensionality reduction and using `gaussian_kde` with the transformed data.
03:54 bilby WARNING : Failed to create dynesty run plot at checkpoint
04:04 bilby INFO    : Written checkpoint file results/99/None_resume.pickle
04:04 bilby WARNING : The data appears to lie in a lower-dimensional subspace of the space in which it is expressed. This has resulted in a singular data covariance matrix, which cannot be treated using the algorithms implemented in `gaussian_kde`. Consider performing principle component analysis / dimensionality reduction and using `gaussian_kde` with the transformed data.
04:04 bilby WARNING : Failed to create dynesty state plot at checkpoint
04:04 bilby WARNING : The data appears to lie in a lower-dimensional subspace of the space in which it is expressed. This has resulted in a singular data covariance matrix, which cannot be treated using the algorithms implemented in `gaussian_kde`. Consider performing principle component analysis / dimensionality reduction and using `gaussian_kde` with the transformed data.
04:04 bilby WARNING : Failed to create dynesty unit state plot at checkpoint
/scratch/pratyusava.baral/Modified_Dispersion/src/dispersion/lib/python3.11/site-packages/dynesty/plotting.py:252: RuntimeWarning: overflow encountered in exp
  np.exp(logwt), logz if logplot else np.exp(logz)
04:04 bilby WARNING : The data appears to lie in a lower-dimensional subspace of the space in which it is expressed. This has resulted in a singular data covariance matrix, which cannot be treated using the algorithms implemented in `gaussian_kde`. Consider performing principle component analysis / dimensionality reduction and using `gaussian_kde` with the transformed data.
04:04 bilby WARNING : Failed to create dynesty run plot at checkpoint
04:15 bilby INFO    : Written checkpoint file results/99/None_resume.pickle
04:15 bilby WARNING : The data appears to lie in a lower-dimensional subspace of the space in which it is expressed. This has resulted in a singular data covariance matrix, which cannot be treated using the algorithms implemented in `gaussian_kde`. Consider performing principle component analysis / dimensionality reduction and using `gaussian_kde` with the transformed data.
04:15 bilby WARNING : Failed to create dynesty state plot at checkpoint
04:15 bilby WARNING : The data appears to lie in a lower-dimensional subspace of the space in which it is expressed. This has resulted in a singular data covariance matrix, which cannot be treated using the algorithms implemented in `gaussian_kde`. Consider performing principle component analysis / dimensionality reduction and using `gaussian_kde` with the transformed data.
04:15 bilby WARNING : Failed to create dynesty unit state plot at checkpoint
/scratch/pratyusava.baral/Modified_Dispersion/src/dispersion/lib/python3.11/site-packages/dynesty/plotting.py:252: RuntimeWarning: overflow encountered in exp
  np.exp(logwt), logz if logplot else np.exp(logz)
04:15 bilby WARNING : The data appears to lie in a lower-dimensional subspace of the space in which it is expressed. This has resulted in a singular data covariance matrix, which cannot be treated using the algorithms implemented in `gaussian_kde`. Consider performing principle component analysis / dimensionality reduction and using `gaussian_kde` with the transformed data.
04:15 bilby WARNING : Failed to create dynesty run plot at checkpoint
04:25 bilby INFO    : Written checkpoint file results/99/None_resume.pickle
04:25 bilby WARNING : The data appears to lie in a lower-dimensional subspace of the space in which it is expressed. This has resulted in a singular data covariance matrix, which cannot be treated using the algorithms implemented in `gaussian_kde`. Consider performing principle component analysis / dimensionality reduction and using `gaussian_kde` with the transformed data.
04:25 bilby WARNING : Failed to create dynesty state plot at checkpoint
04:25 bilby WARNING : The data appears to lie in a lower-dimensional subspace of the space in which it is expressed. This has resulted in a singular data covariance matrix, which cannot be treated using the algorithms implemented in `gaussian_kde`. Consider performing principle component analysis / dimensionality reduction and using `gaussian_kde` with the transformed data.
04:25 bilby WARNING : Failed to create dynesty unit state plot at checkpoint
/scratch/pratyusava.baral/Modified_Dispersion/src/dispersion/lib/python3.11/site-packages/dynesty/plotting.py:252: RuntimeWarning: overflow encountered in exp
  np.exp(logwt), logz if logplot else np.exp(logz)
04:25 bilby WARNING : The data appears to lie in a lower-dimensional subspace of the space in which it is expressed. This has resulted in a singular data covariance matrix, which cannot be treated using the algorithms implemented in `gaussian_kde`. Consider performing principle component analysis / dimensionality reduction and using `gaussian_kde` with the transformed data.
04:25 bilby WARNING : Failed to create dynesty run plot at checkpoint
04:35 bilby INFO    : Written checkpoint file results/99/None_resume.pickle
04:35 bilby WARNING : The data appears to lie in a lower-dimensional subspace of the space in which it is expressed. This has resulted in a singular data covariance matrix, which cannot be treated using the algorithms implemented in `gaussian_kde`. Consider performing principle component analysis / dimensionality reduction and using `gaussian_kde` with the transformed data.
04:35 bilby WARNING : Failed to create dynesty state plot at checkpoint
04:35 bilby WARNING : The data appears to lie in a lower-dimensional subspace of the space in which it is expressed. This has resulted in a singular data covariance matrix, which cannot be treated using the algorithms implemented in `gaussian_kde`. Consider performing principle component analysis / dimensionality reduction and using `gaussian_kde` with the transformed data.
04:35 bilby WARNING : Failed to create dynesty unit state plot at checkpoint
/scratch/pratyusava.baral/Modified_Dispersion/src/dispersion/lib/python3.11/site-packages/dynesty/plotting.py:252: RuntimeWarning: overflow encountered in exp
  np.exp(logwt), logz if logplot else np.exp(logz)
04:35 bilby WARNING : The data appears to lie in a lower-dimensional subspace of the space in which it is expressed. This has resulted in a singular data covariance matrix, which cannot be treated using the algorithms implemented in `gaussian_kde`. Consider performing principle component analysis / dimensionality reduction and using `gaussian_kde` with the transformed data.
04:35 bilby WARNING : Failed to create dynesty run plot at checkpoint
04:46 bilby INFO    : Written checkpoint file results/99/None_resume.pickle
/scratch/pratyusava.baral/Modified_Dispersion/src/dispersion/lib/python3.11/site-packages/dynesty/plotting.py:786: UserWarning: Attempting to set identical low and high ylims makes transformation singular; automatically expanding.
  ax.set_ylim([0., max(y0) * 1.05])
/scratch/pratyusava.baral/Modified_Dispersion/src/dispersion/lib/python3.11/site-packages/dynesty/plotting.py:749: UserWarning: Attempting to set identical low and high xlims makes transformation singular; automatically expanding.
  ax.set_xlim(span[i])
/scratch/pratyusava.baral/Modified_Dispersion/src/dispersion/lib/python3.11/site-packages/dynesty/plotting.py:786: UserWarning: Attempting to set identical low and high ylims makes transformation singular; automatically expanding.
  ax.set_ylim([0., max(y0) * 1.05])
/scratch/pratyusava.baral/Modified_Dispersion/src/dispersion/lib/python3.11/site-packages/dynesty/plotting.py:252: RuntimeWarning: overflow encountered in exp
  np.exp(logwt), logz if logplot else np.exp(logz)
/scratch/pratyusava.baral/Modified_Dispersion/src/dispersion/lib/python3.11/site-packages/dynesty/plotting.py:282: RuntimeWarning: overflow encountered in exp
  zspan = (0., 1.05 * np.exp(logz[-1] + 3. * logzerr[-1]))
04:46 bilby WARNING : Axis limits cannot be NaN or Inf
04:46 bilby WARNING : Failed to create dynesty run plot at checkpoint
04:56 bilby INFO    : Written checkpoint file results/99/None_resume.pickle
04:56 bilby WARNING : The data appears to lie in a lower-dimensional subspace of the space in which it is expressed. This has resulted in a singular data covariance matrix, which cannot be treated using the algorithms implemented in `gaussian_kde`. Consider performing principle component analysis / dimensionality reduction and using `gaussian_kde` with the transformed data.
04:56 bilby WARNING : Failed to create dynesty state plot at checkpoint
04:56 bilby WARNING : The data appears to lie in a lower-dimensional subspace of the space in which it is expressed. This has resulted in a singular data covariance matrix, which cannot be treated using the algorithms implemented in `gaussian_kde`. Consider performing principle component analysis / dimensionality reduction and using `gaussian_kde` with the transformed data.
04:56 bilby WARNING : Failed to create dynesty unit state plot at checkpoint
/scratch/pratyusava.baral/Modified_Dispersion/src/dispersion/lib/python3.11/site-packages/dynesty/plotting.py:252: RuntimeWarning: overflow encountered in exp
  np.exp(logwt), logz if logplot else np.exp(logz)
04:56 bilby WARNING : The data appears to lie in a lower-dimensional subspace of the space in which it is expressed. This has resulted in a singular data covariance matrix, which cannot be treated using the algorithms implemented in `gaussian_kde`. Consider performing principle component analysis / dimensionality reduction and using `gaussian_kde` with the transformed data.
04:56 bilby WARNING : Failed to create dynesty run plot at checkpoint
05:06 bilby INFO    : Written checkpoint file results/99/None_resume.pickle
/scratch/pratyusava.baral/Modified_Dispersion/src/dispersion/lib/python3.11/site-packages/dynesty/plotting.py:786: UserWarning: Attempting to set identical low and high ylims makes transformation singular; automatically expanding.
  ax.set_ylim([0., max(y0) * 1.05])
05:06 bilby WARNING : Too many bins for data range. Cannot create 500 finite-sized bins.
05:06 bilby WARNING : Failed to create dynesty state plot at checkpoint
/scratch/pratyusava.baral/Modified_Dispersion/src/dispersion/lib/python3.11/site-packages/dynesty/plotting.py:786: UserWarning: Attempting to set identical low and high ylims makes transformation singular; automatically expanding.
  ax.set_ylim([0., max(y0) * 1.05])
/scratch/pratyusava.baral/Modified_Dispersion/src/dispersion/lib/python3.11/site-packages/dynesty/plotting.py:252: RuntimeWarning: overflow encountered in exp
  np.exp(logwt), logz if logplot else np.exp(logz)
/scratch/pratyusava.baral/Modified_Dispersion/src/dispersion/lib/python3.11/site-packages/dynesty/plotting.py:282: RuntimeWarning: overflow encountered in exp
  zspan = (0., 1.05 * np.exp(logz[-1] + 3. * logzerr[-1]))
05:06 bilby WARNING : Axis limits cannot be NaN or Inf
05:06 bilby WARNING : Failed to create dynesty run plot at checkpoint
05:17 bilby INFO    : Written checkpoint file results/99/None_resume.pickle
/scratch/pratyusava.baral/Modified_Dispersion/src/dispersion/lib/python3.11/site-packages/dynesty/plotting.py:786: UserWarning: Attempting to set identical low and high ylims makes transformation singular; automatically expanding.
  ax.set_ylim([0., max(y0) * 1.05])
/scratch/pratyusava.baral/Modified_Dispersion/src/dispersion/lib/python3.11/site-packages/dynesty/plotting.py:749: UserWarning: Attempting to set identical low and high xlims makes transformation singular; automatically expanding.
  ax.set_xlim(span[i])
/scratch/pratyusava.baral/Modified_Dispersion/src/dispersion/lib/python3.11/site-packages/dynesty/plotting.py:786: UserWarning: Attempting to set identical low and high ylims makes transformation singular; automatically expanding.
  ax.set_ylim([0., max(y0) * 1.05])
/scratch/pratyusava.baral/Modified_Dispersion/src/dispersion/lib/python3.11/site-packages/dynesty/plotting.py:252: RuntimeWarning: overflow encountered in exp
  np.exp(logwt), logz if logplot else np.exp(logz)
/scratch/pratyusava.baral/Modified_Dispersion/src/dispersion/lib/python3.11/site-packages/dynesty/plotting.py:282: RuntimeWarning: overflow encountered in exp
  zspan = (0., 1.05 * np.exp(logz[-1] + 3. * logzerr[-1]))
05:17 bilby WARNING : Axis limits cannot be NaN or Inf
05:17 bilby WARNING : Failed to create dynesty run plot at checkpoint
05:28 bilby INFO    : Written checkpoint file results/99/None_resume.pickle
/scratch/pratyusava.baral/Modified_Dispersion/src/dispersion/lib/python3.11/site-packages/dynesty/plotting.py:786: UserWarning: Attempting to set identical low and high ylims makes transformation singular; automatically expanding.
  ax.set_ylim([0., max(y0) * 1.05])
/scratch/pratyusava.baral/Modified_Dispersion/src/dispersion/lib/python3.11/site-packages/dynesty/plotting.py:749: UserWarning: Attempting to set identical low and high xlims makes transformation singular; automatically expanding.
  ax.set_xlim(span[i])
/scratch/pratyusava.baral/Modified_Dispersion/src/dispersion/lib/python3.11/site-packages/dynesty/plotting.py:786: UserWarning: Attempting to set identical low and high ylims makes transformation singular; automatically expanding.
  ax.set_ylim([0., max(y0) * 1.05])
/scratch/pratyusava.baral/Modified_Dispersion/src/dispersion/lib/python3.11/site-packages/dynesty/plotting.py:252: RuntimeWarning: overflow encountered in exp
  np.exp(logwt), logz if logplot else np.exp(logz)
/scratch/pratyusava.baral/Modified_Dispersion/src/dispersion/lib/python3.11/site-packages/dynesty/plotting.py:282: RuntimeWarning: overflow encountered in exp
  zspan = (0., 1.05 * np.exp(logz[-1] + 3. * logzerr[-1]))
05:28 bilby WARNING : Axis limits cannot be NaN or Inf
05:28 bilby WARNING : Failed to create dynesty run plot at checkpoint
05:38 bilby INFO    : Written checkpoint file results/99/None_resume.pickle
05:38 bilby WARNING : The data appears to lie in a lower-dimensional subspace of the space in which it is expressed. This has resulted in a singular data covariance matrix, which cannot be treated using the algorithms implemented in `gaussian_kde`. Consider performing principle component analysis / dimensionality reduction and using `gaussian_kde` with the transformed data.
05:38 bilby WARNING : Failed to create dynesty state plot at checkpoint
05:38 bilby WARNING : The data appears to lie in a lower-dimensional subspace of the space in which it is expressed. This has resulted in a singular data covariance matrix, which cannot be treated using the algorithms implemented in `gaussian_kde`. Consider performing principle component analysis / dimensionality reduction and using `gaussian_kde` with the transformed data.
05:38 bilby WARNING : Failed to create dynesty unit state plot at checkpoint
/scratch/pratyusava.baral/Modified_Dispersion/src/dispersion/lib/python3.11/site-packages/dynesty/plotting.py:252: RuntimeWarning: overflow encountered in exp
  np.exp(logwt), logz if logplot else np.exp(logz)
05:38 bilby WARNING : The data appears to lie in a lower-dimensional subspace of the space in which it is expressed. This has resulted in a singular data covariance matrix, which cannot be treated using the algorithms implemented in `gaussian_kde`. Consider performing principle component analysis / dimensionality reduction and using `gaussian_kde` with the transformed data.
05:38 bilby WARNING : Failed to create dynesty run plot at checkpoint
05:49 bilby INFO    : Written checkpoint file results/99/None_resume.pickle
/scratch/pratyusava.baral/Modified_Dispersion/src/dispersion/lib/python3.11/site-packages/dynesty/plotting.py:786: UserWarning: Attempting to set identical low and high ylims makes transformation singular; automatically expanding.
  ax.set_ylim([0., max(y0) * 1.05])
/scratch/pratyusava.baral/Modified_Dispersion/src/dispersion/lib/python3.11/site-packages/dynesty/plotting.py:749: UserWarning: Attempting to set identical low and high xlims makes transformation singular; automatically expanding.
  ax.set_xlim(span[i])
/scratch/pratyusava.baral/Modified_Dispersion/src/dispersion/lib/python3.11/site-packages/dynesty/plotting.py:786: UserWarning: Attempting to set identical low and high ylims makes transformation singular; automatically expanding.
  ax.set_ylim([0., max(y0) * 1.05])
/scratch/pratyusava.baral/Modified_Dispersion/src/dispersion/lib/python3.11/site-packages/dynesty/plotting.py:252: RuntimeWarning: overflow encountered in exp
  np.exp(logwt), logz if logplot else np.exp(logz)
/scratch/pratyusava.baral/Modified_Dispersion/src/dispersion/lib/python3.11/site-packages/dynesty/plotting.py:282: RuntimeWarning: overflow encountered in exp
  zspan = (0., 1.05 * np.exp(logz[-1] + 3. * logzerr[-1]))
05:49 bilby WARNING : Axis limits cannot be NaN or Inf
05:49 bilby WARNING : Failed to create dynesty run plot at checkpoint
05:59 bilby INFO    : Written checkpoint file results/99/None_resume.pickle
/scratch/pratyusava.baral/Modified_Dispersion/src/dispersion/lib/python3.11/site-packages/dynesty/plotting.py:786: UserWarning: Attempting to set identical low and high ylims makes transformation singular; automatically expanding.
  ax.set_ylim([0., max(y0) * 1.05])
/scratch/pratyusava.baral/Modified_Dispersion/src/dispersion/lib/python3.11/site-packages/dynesty/plotting.py:749: UserWarning: Attempting to set identical low and high xlims makes transformation singular; automatically expanding.
  ax.set_xlim(span[i])
/scratch/pratyusava.baral/Modified_Dispersion/src/dispersion/lib/python3.11/site-packages/dynesty/plotting.py:786: UserWarning: Attempting to set identical low and high ylims makes transformation singular; automatically expanding.
  ax.set_ylim([0., max(y0) * 1.05])
/scratch/pratyusava.baral/Modified_Dispersion/src/dispersion/lib/python3.11/site-packages/dynesty/plotting.py:252: RuntimeWarning: overflow encountered in exp
  np.exp(logwt), logz if logplot else np.exp(logz)
/scratch/pratyusava.baral/Modified_Dispersion/src/dispersion/lib/python3.11/site-packages/dynesty/plotting.py:282: RuntimeWarning: overflow encountered in exp
  zspan = (0., 1.05 * np.exp(logz[-1] + 3. * logzerr[-1]))
05:59 bilby WARNING : Axis limits cannot be NaN or Inf
05:59 bilby WARNING : Failed to create dynesty run plot at checkpoint
06:10 bilby INFO    : Written checkpoint file results/99/None_resume.pickle
/scratch/pratyusava.baral/Modified_Dispersion/src/dispersion/lib/python3.11/site-packages/dynesty/plotting.py:786: UserWarning: Attempting to set identical low and high ylims makes transformation singular; automatically expanding.
  ax.set_ylim([0., max(y0) * 1.05])
/scratch/pratyusava.baral/Modified_Dispersion/src/dispersion/lib/python3.11/site-packages/dynesty/plotting.py:749: UserWarning: Attempting to set identical low and high xlims makes transformation singular; automatically expanding.
  ax.set_xlim(span[i])
/scratch/pratyusava.baral/Modified_Dispersion/src/dispersion/lib/python3.11/site-packages/dynesty/plotting.py:786: UserWarning: Attempting to set identical low and high ylims makes transformation singular; automatically expanding.
  ax.set_ylim([0., max(y0) * 1.05])
/scratch/pratyusava.baral/Modified_Dispersion/src/dispersion/lib/python3.11/site-packages/dynesty/plotting.py:252: RuntimeWarning: overflow encountered in exp
  np.exp(logwt), logz if logplot else np.exp(logz)
/scratch/pratyusava.baral/Modified_Dispersion/src/dispersion/lib/python3.11/site-packages/dynesty/plotting.py:282: RuntimeWarning: overflow encountered in exp
  zspan = (0., 1.05 * np.exp(logz[-1] + 3. * logzerr[-1]))
06:10 bilby WARNING : Axis limits cannot be NaN or Inf
06:10 bilby WARNING : Failed to create dynesty run plot at checkpoint
06:21 bilby INFO    : Written checkpoint file results/99/None_resume.pickle
/scratch/pratyusava.baral/Modified_Dispersion/src/dispersion/lib/python3.11/site-packages/dynesty/plotting.py:786: UserWarning: Attempting to set identical low and high ylims makes transformation singular; automatically expanding.
  ax.set_ylim([0., max(y0) * 1.05])
06:21 bilby WARNING : Too many bins for data range. Cannot create 500 finite-sized bins.
06:21 bilby WARNING : Failed to create dynesty state plot at checkpoint
/scratch/pratyusava.baral/Modified_Dispersion/src/dispersion/lib/python3.11/site-packages/dynesty/plotting.py:786: UserWarning: Attempting to set identical low and high ylims makes transformation singular; automatically expanding.
  ax.set_ylim([0., max(y0) * 1.05])
/scratch/pratyusava.baral/Modified_Dispersion/src/dispersion/lib/python3.11/site-packages/dynesty/plotting.py:252: RuntimeWarning: overflow encountered in exp
  np.exp(logwt), logz if logplot else np.exp(logz)
/scratch/pratyusava.baral/Modified_Dispersion/src/dispersion/lib/python3.11/site-packages/dynesty/plotting.py:282: RuntimeWarning: overflow encountered in exp
  zspan = (0., 1.05 * np.exp(logz[-1] + 3. * logzerr[-1]))
06:21 bilby WARNING : Axis limits cannot be NaN or Inf
06:21 bilby WARNING : Failed to create dynesty run plot at checkpoint
06:31 bilby INFO    : Written checkpoint file results/99/None_resume.pickle
/scratch/pratyusava.baral/Modified_Dispersion/src/dispersion/lib/python3.11/site-packages/dynesty/plotting.py:786: UserWarning: Attempting to set identical low and high ylims makes transformation singular; automatically expanding.
  ax.set_ylim([0., max(y0) * 1.05])
/scratch/pratyusava.baral/Modified_Dispersion/src/dispersion/lib/python3.11/site-packages/dynesty/plotting.py:749: UserWarning: Attempting to set identical low and high xlims makes transformation singular; automatically expanding.
  ax.set_xlim(span[i])
/scratch/pratyusava.baral/Modified_Dispersion/src/dispersion/lib/python3.11/site-packages/dynesty/plotting.py:786: UserWarning: Attempting to set identical low and high ylims makes transformation singular; automatically expanding.
  ax.set_ylim([0., max(y0) * 1.05])
/scratch/pratyusava.baral/Modified_Dispersion/src/dispersion/lib/python3.11/site-packages/dynesty/plotting.py:252: RuntimeWarning: overflow encountered in exp
  np.exp(logwt), logz if logplot else np.exp(logz)
/scratch/pratyusava.baral/Modified_Dispersion/src/dispersion/lib/python3.11/site-packages/dynesty/plotting.py:282: RuntimeWarning: overflow encountered in exp
  zspan = (0., 1.05 * np.exp(logz[-1] + 3. * logzerr[-1]))
06:31 bilby WARNING : Axis limits cannot be NaN or Inf
06:31 bilby WARNING : Failed to create dynesty run plot at checkpoint
06:42 bilby INFO    : Written checkpoint file results/99/None_resume.pickle
06:42 bilby WARNING : The data appears to lie in a lower-dimensional subspace of the space in which it is expressed. This has resulted in a singular data covariance matrix, which cannot be treated using the algorithms implemented in `gaussian_kde`. Consider performing principle component analysis / dimensionality reduction and using `gaussian_kde` with the transformed data.
06:42 bilby WARNING : Failed to create dynesty state plot at checkpoint
06:42 bilby WARNING : The data appears to lie in a lower-dimensional subspace of the space in which it is expressed. This has resulted in a singular data covariance matrix, which cannot be treated using the algorithms implemented in `gaussian_kde`. Consider performing principle component analysis / dimensionality reduction and using `gaussian_kde` with the transformed data.
06:42 bilby WARNING : Failed to create dynesty unit state plot at checkpoint
/scratch/pratyusava.baral/Modified_Dispersion/src/dispersion/lib/python3.11/site-packages/dynesty/plotting.py:252: RuntimeWarning: overflow encountered in exp
  np.exp(logwt), logz if logplot else np.exp(logz)
06:42 bilby WARNING : The data appears to lie in a lower-dimensional subspace of the space in which it is expressed. This has resulted in a singular data covariance matrix, which cannot be treated using the algorithms implemented in `gaussian_kde`. Consider performing principle component analysis / dimensionality reduction and using `gaussian_kde` with the transformed data.
06:42 bilby WARNING : Failed to create dynesty run plot at checkpoint
06:52 bilby INFO    : Written checkpoint file results/99/None_resume.pickle
/scratch/pratyusava.baral/Modified_Dispersion/src/dispersion/lib/python3.11/site-packages/dynesty/plotting.py:786: UserWarning: Attempting to set identical low and high ylims makes transformation singular; automatically expanding.
  ax.set_ylim([0., max(y0) * 1.05])
/scratch/pratyusava.baral/Modified_Dispersion/src/dispersion/lib/python3.11/site-packages/dynesty/plotting.py:749: UserWarning: Attempting to set identical low and high xlims makes transformation singular; automatically expanding.
  ax.set_xlim(span[i])
/scratch/pratyusava.baral/Modified_Dispersion/src/dispersion/lib/python3.11/site-packages/dynesty/plotting.py:786: UserWarning: Attempting to set identical low and high ylims makes transformation singular; automatically expanding.
  ax.set_ylim([0., max(y0) * 1.05])
/scratch/pratyusava.baral/Modified_Dispersion/src/dispersion/lib/python3.11/site-packages/dynesty/plotting.py:252: RuntimeWarning: overflow encountered in exp
  np.exp(logwt), logz if logplot else np.exp(logz)
/scratch/pratyusava.baral/Modified_Dispersion/src/dispersion/lib/python3.11/site-packages/dynesty/plotting.py:282: RuntimeWarning: overflow encountered in exp
  zspan = (0., 1.05 * np.exp(logz[-1] + 3. * logzerr[-1]))
06:52 bilby WARNING : Axis limits cannot be NaN or Inf
06:52 bilby WARNING : Failed to create dynesty run plot at checkpoint
07:03 bilby INFO    : Written checkpoint file results/99/None_resume.pickle
/scratch/pratyusava.baral/Modified_Dispersion/src/dispersion/lib/python3.11/site-packages/dynesty/plotting.py:786: UserWarning: Attempting to set identical low and high ylims makes transformation singular; automatically expanding.
  ax.set_ylim([0., max(y0) * 1.05])
/scratch/pratyusava.baral/Modified_Dispersion/src/dispersion/lib/python3.11/site-packages/dynesty/plotting.py:749: UserWarning: Attempting to set identical low and high xlims makes transformation singular; automatically expanding.
  ax.set_xlim(span[i])
/scratch/pratyusava.baral/Modified_Dispersion/src/dispersion/lib/python3.11/site-packages/dynesty/plotting.py:786: UserWarning: Attempting to set identical low and high ylims makes transformation singular; automatically expanding.
  ax.set_ylim([0., max(y0) * 1.05])
/scratch/pratyusava.baral/Modified_Dispersion/src/dispersion/lib/python3.11/site-packages/dynesty/plotting.py:252: RuntimeWarning: overflow encountered in exp
  np.exp(logwt), logz if logplot else np.exp(logz)
/scratch/pratyusava.baral/Modified_Dispersion/src/dispersion/lib/python3.11/site-packages/dynesty/plotting.py:282: RuntimeWarning: overflow encountered in exp
  zspan = (0., 1.05 * np.exp(logz[-1] + 3. * logzerr[-1]))
07:03 bilby WARNING : Axis limits cannot be NaN or Inf
07:03 bilby WARNING : Failed to create dynesty run plot at checkpoint
07:13 bilby INFO    : Written checkpoint file results/99/None_resume.pickle
07:13 bilby WARNING : The data appears to lie in a lower-dimensional subspace of the space in which it is expressed. This has resulted in a singular data covariance matrix, which cannot be treated using the algorithms implemented in `gaussian_kde`. Consider performing principle component analysis / dimensionality reduction and using `gaussian_kde` with the transformed data.
07:13 bilby WARNING : Failed to create dynesty state plot at checkpoint
07:13 bilby WARNING : The data appears to lie in a lower-dimensional subspace of the space in which it is expressed. This has resulted in a singular data covariance matrix, which cannot be treated using the algorithms implemented in `gaussian_kde`. Consider performing principle component analysis / dimensionality reduction and using `gaussian_kde` with the transformed data.
07:13 bilby WARNING : Failed to create dynesty unit state plot at checkpoint
/scratch/pratyusava.baral/Modified_Dispersion/src/dispersion/lib/python3.11/site-packages/dynesty/plotting.py:252: RuntimeWarning: overflow encountered in exp
  np.exp(logwt), logz if logplot else np.exp(logz)
07:13 bilby WARNING : The data appears to lie in a lower-dimensional subspace of the space in which it is expressed. This has resulted in a singular data covariance matrix, which cannot be treated using the algorithms implemented in `gaussian_kde`. Consider performing principle component analysis / dimensionality reduction and using `gaussian_kde` with the transformed data.
07:13 bilby WARNING : Failed to create dynesty run plot at checkpoint
07:24 bilby INFO    : Written checkpoint file results/99/None_resume.pickle
07:24 bilby WARNING : The data appears to lie in a lower-dimensional subspace of the space in which it is expressed. This has resulted in a singular data covariance matrix, which cannot be treated using the algorithms implemented in `gaussian_kde`. Consider performing principle component analysis / dimensionality reduction and using `gaussian_kde` with the transformed data.
07:24 bilby WARNING : Failed to create dynesty state plot at checkpoint
07:24 bilby WARNING : The data appears to lie in a lower-dimensional subspace of the space in which it is expressed. This has resulted in a singular data covariance matrix, which cannot be treated using the algorithms implemented in `gaussian_kde`. Consider performing principle component analysis / dimensionality reduction and using `gaussian_kde` with the transformed data.
07:24 bilby WARNING : Failed to create dynesty unit state plot at checkpoint
/scratch/pratyusava.baral/Modified_Dispersion/src/dispersion/lib/python3.11/site-packages/dynesty/plotting.py:252: RuntimeWarning: overflow encountered in exp
  np.exp(logwt), logz if logplot else np.exp(logz)
07:24 bilby WARNING : The data appears to lie in a lower-dimensional subspace of the space in which it is expressed. This has resulted in a singular data covariance matrix, which cannot be treated using the algorithms implemented in `gaussian_kde`. Consider performing principle component analysis / dimensionality reduction and using `gaussian_kde` with the transformed data.
07:24 bilby WARNING : Failed to create dynesty run plot at checkpoint
07:34 bilby INFO    : Written checkpoint file results/99/None_resume.pickle
07:34 bilby WARNING : The data appears to lie in a lower-dimensional subspace of the space in which it is expressed. This has resulted in a singular data covariance matrix, which cannot be treated using the algorithms implemented in `gaussian_kde`. Consider performing principle component analysis / dimensionality reduction and using `gaussian_kde` with the transformed data.
07:34 bilby WARNING : Failed to create dynesty state plot at checkpoint
07:34 bilby WARNING : The data appears to lie in a lower-dimensional subspace of the space in which it is expressed. This has resulted in a singular data covariance matrix, which cannot be treated using the algorithms implemented in `gaussian_kde`. Consider performing principle component analysis / dimensionality reduction and using `gaussian_kde` with the transformed data.
07:34 bilby WARNING : Failed to create dynesty unit state plot at checkpoint
/scratch/pratyusava.baral/Modified_Dispersion/src/dispersion/lib/python3.11/site-packages/dynesty/plotting.py:252: RuntimeWarning: overflow encountered in exp
  np.exp(logwt), logz if logplot else np.exp(logz)
07:34 bilby WARNING : The data appears to lie in a lower-dimensional subspace of the space in which it is expressed. This has resulted in a singular data covariance matrix, which cannot be treated using the algorithms implemented in `gaussian_kde`. Consider performing principle component analysis / dimensionality reduction and using `gaussian_kde` with the transformed data.
07:34 bilby WARNING : Failed to create dynesty run plot at checkpoint
07:45 bilby INFO    : Written checkpoint file results/99/None_resume.pickle
/scratch/pratyusava.baral/Modified_Dispersion/src/dispersion/lib/python3.11/site-packages/dynesty/plotting.py:786: UserWarning: Attempting to set identical low and high ylims makes transformation singular; automatically expanding.
  ax.set_ylim([0., max(y0) * 1.05])
/scratch/pratyusava.baral/Modified_Dispersion/src/dispersion/lib/python3.11/site-packages/dynesty/plotting.py:749: UserWarning: Attempting to set identical low and high xlims makes transformation singular; automatically expanding.
  ax.set_xlim(span[i])
/scratch/pratyusava.baral/Modified_Dispersion/src/dispersion/lib/python3.11/site-packages/dynesty/plotting.py:786: UserWarning: Attempting to set identical low and high ylims makes transformation singular; automatically expanding.
  ax.set_ylim([0., max(y0) * 1.05])
/scratch/pratyusava.baral/Modified_Dispersion/src/dispersion/lib/python3.11/site-packages/dynesty/plotting.py:252: RuntimeWarning: overflow encountered in exp
  np.exp(logwt), logz if logplot else np.exp(logz)
/scratch/pratyusava.baral/Modified_Dispersion/src/dispersion/lib/python3.11/site-packages/dynesty/plotting.py:282: RuntimeWarning: overflow encountered in exp
  zspan = (0., 1.05 * np.exp(logz[-1] + 3. * logzerr[-1]))
07:45 bilby WARNING : Axis limits cannot be NaN or Inf
07:45 bilby WARNING : Failed to create dynesty run plot at checkpoint
07:56 bilby INFO    : Written checkpoint file results/99/None_resume.pickle
/scratch/pratyusava.baral/Modified_Dispersion/src/dispersion/lib/python3.11/site-packages/dynesty/plotting.py:786: UserWarning: Attempting to set identical low and high ylims makes transformation singular; automatically expanding.
  ax.set_ylim([0., max(y0) * 1.05])
/scratch/pratyusava.baral/Modified_Dispersion/src/dispersion/lib/python3.11/site-packages/dynesty/plotting.py:749: UserWarning: Attempting to set identical low and high xlims makes transformation singular; automatically expanding.
  ax.set_xlim(span[i])
/scratch/pratyusava.baral/Modified_Dispersion/src/dispersion/lib/python3.11/site-packages/dynesty/plotting.py:786: UserWarning: Attempting to set identical low and high ylims makes transformation singular; automatically expanding.
  ax.set_ylim([0., max(y0) * 1.05])
/scratch/pratyusava.baral/Modified_Dispersion/src/dispersion/lib/python3.11/site-packages/dynesty/plotting.py:252: RuntimeWarning: overflow encountered in exp
  np.exp(logwt), logz if logplot else np.exp(logz)
/scratch/pratyusava.baral/Modified_Dispersion/src/dispersion/lib/python3.11/site-packages/dynesty/plotting.py:282: RuntimeWarning: overflow encountered in exp
  zspan = (0., 1.05 * np.exp(logz[-1] + 3. * logzerr[-1]))
07:56 bilby WARNING : Axis limits cannot be NaN or Inf
07:56 bilby WARNING : Failed to create dynesty run plot at checkpoint
08:06 bilby INFO    : Written checkpoint file results/99/None_resume.pickle
08:06 bilby WARNING : The data appears to lie in a lower-dimensional subspace of the space in which it is expressed. This has resulted in a singular data covariance matrix, which cannot be treated using the algorithms implemented in `gaussian_kde`. Consider performing principle component analysis / dimensionality reduction and using `gaussian_kde` with the transformed data.
08:06 bilby WARNING : Failed to create dynesty state plot at checkpoint
08:06 bilby WARNING : The data appears to lie in a lower-dimensional subspace of the space in which it is expressed. This has resulted in a singular data covariance matrix, which cannot be treated using the algorithms implemented in `gaussian_kde`. Consider performing principle component analysis / dimensionality reduction and using `gaussian_kde` with the transformed data.
08:06 bilby WARNING : Failed to create dynesty unit state plot at checkpoint
/scratch/pratyusava.baral/Modified_Dispersion/src/dispersion/lib/python3.11/site-packages/dynesty/plotting.py:252: RuntimeWarning: overflow encountered in exp
  np.exp(logwt), logz if logplot else np.exp(logz)
08:06 bilby WARNING : The data appears to lie in a lower-dimensional subspace of the space in which it is expressed. This has resulted in a singular data covariance matrix, which cannot be treated using the algorithms implemented in `gaussian_kde`. Consider performing principle component analysis / dimensionality reduction and using `gaussian_kde` with the transformed data.
08:06 bilby WARNING : Failed to create dynesty run plot at checkpoint
08:17 bilby INFO    : Written checkpoint file results/99/None_resume.pickle
08:17 bilby WARNING : The data appears to lie in a lower-dimensional subspace of the space in which it is expressed. This has resulted in a singular data covariance matrix, which cannot be treated using the algorithms implemented in `gaussian_kde`. Consider performing principle component analysis / dimensionality reduction and using `gaussian_kde` with the transformed data.
08:17 bilby WARNING : Failed to create dynesty state plot at checkpoint
08:17 bilby WARNING : The data appears to lie in a lower-dimensional subspace of the space in which it is expressed. This has resulted in a singular data covariance matrix, which cannot be treated using the algorithms implemented in `gaussian_kde`. Consider performing principle component analysis / dimensionality reduction and using `gaussian_kde` with the transformed data.
08:17 bilby WARNING : Failed to create dynesty unit state plot at checkpoint
/scratch/pratyusava.baral/Modified_Dispersion/src/dispersion/lib/python3.11/site-packages/dynesty/plotting.py:252: RuntimeWarning: overflow encountered in exp
  np.exp(logwt), logz if logplot else np.exp(logz)
08:17 bilby WARNING : The data appears to lie in a lower-dimensional subspace of the space in which it is expressed. This has resulted in a singular data covariance matrix, which cannot be treated using the algorithms implemented in `gaussian_kde`. Consider performing principle component analysis / dimensionality reduction and using `gaussian_kde` with the transformed data.
08:17 bilby WARNING : Failed to create dynesty run plot at checkpoint
08:34 bilby INFO    : Written checkpoint file results/99/None_resume.pickle
/scratch/pratyusava.baral/Modified_Dispersion/src/dispersion/lib/python3.11/site-packages/dynesty/plotting.py:786: UserWarning: Attempting to set identical low and high ylims makes transformation singular; automatically expanding.
  ax.set_ylim([0., max(y0) * 1.05])
/scratch/pratyusava.baral/Modified_Dispersion/src/dispersion/lib/python3.11/site-packages/dynesty/plotting.py:749: UserWarning: Attempting to set identical low and high xlims makes transformation singular; automatically expanding.
  ax.set_xlim(span[i])
/scratch/pratyusava.baral/Modified_Dispersion/src/dispersion/lib/python3.11/site-packages/dynesty/plotting.py:786: UserWarning: Attempting to set identical low and high ylims makes transformation singular; automatically expanding.
  ax.set_ylim([0., max(y0) * 1.05])
/scratch/pratyusava.baral/Modified_Dispersion/src/dispersion/lib/python3.11/site-packages/dynesty/plotting.py:252: RuntimeWarning: overflow encountered in exp
  np.exp(logwt), logz if logplot else np.exp(logz)
/scratch/pratyusava.baral/Modified_Dispersion/src/dispersion/lib/python3.11/site-packages/dynesty/plotting.py:282: RuntimeWarning: overflow encountered in exp
  zspan = (0., 1.05 * np.exp(logz[-1] + 3. * logzerr[-1]))
08:34 bilby WARNING : Axis limits cannot be NaN or Inf
08:34 bilby WARNING : Failed to create dynesty run plot at checkpoint
08:45 bilby INFO    : Written checkpoint file results/99/None_resume.pickle
08:45 bilby WARNING : Too many bins for data range. Cannot create 500 finite-sized bins.
08:45 bilby WARNING : Failed to create dynesty state plot at checkpoint
/scratch/pratyusava.baral/Modified_Dispersion/src/dispersion/lib/python3.11/site-packages/dynesty/plotting.py:252: RuntimeWarning: overflow encountered in exp
  np.exp(logwt), logz if logplot else np.exp(logz)
/scratch/pratyusava.baral/Modified_Dispersion/src/dispersion/lib/python3.11/site-packages/dynesty/plotting.py:282: RuntimeWarning: overflow encountered in exp
  zspan = (0., 1.05 * np.exp(logz[-1] + 3. * logzerr[-1]))
08:45 bilby WARNING : Axis limits cannot be NaN or Inf
08:45 bilby WARNING : Failed to create dynesty run plot at checkpoint
08:55 bilby INFO    : Written checkpoint file results/99/None_resume.pickle
08:55 bilby WARNING : Too many bins for data range. Cannot create 500 finite-sized bins.
08:55 bilby WARNING : Failed to create dynesty state plot at checkpoint
/scratch/pratyusava.baral/Modified_Dispersion/src/dispersion/lib/python3.11/site-packages/dynesty/plotting.py:252: RuntimeWarning: overflow encountered in exp
  np.exp(logwt), logz if logplot else np.exp(logz)
/scratch/pratyusava.baral/Modified_Dispersion/src/dispersion/lib/python3.11/site-packages/dynesty/plotting.py:282: RuntimeWarning: overflow encountered in exp
  zspan = (0., 1.05 * np.exp(logz[-1] + 3. * logzerr[-1]))
08:55 bilby WARNING : Axis limits cannot be NaN or Inf
08:55 bilby WARNING : Failed to create dynesty run plot at checkpoint
09:05 bilby INFO    : Written checkpoint file results/99/None_resume.pickle
09:05 bilby WARNING : Too many bins for data range. Cannot create 500 finite-sized bins.
09:05 bilby WARNING : Failed to create dynesty state plot at checkpoint
/scratch/pratyusava.baral/Modified_Dispersion/src/dispersion/lib/python3.11/site-packages/dynesty/plotting.py:252: RuntimeWarning: overflow encountered in exp
  np.exp(logwt), logz if logplot else np.exp(logz)
/scratch/pratyusava.baral/Modified_Dispersion/src/dispersion/lib/python3.11/site-packages/dynesty/plotting.py:282: RuntimeWarning: overflow encountered in exp
  zspan = (0., 1.05 * np.exp(logz[-1] + 3. * logzerr[-1]))
09:06 bilby WARNING : Axis limits cannot be NaN or Inf
09:06 bilby WARNING : Failed to create dynesty run plot at checkpoint
09:16 bilby INFO    : Written checkpoint file results/99/None_resume.pickle
09:16 bilby WARNING : Too many bins for data range. Cannot create 500 finite-sized bins.
09:16 bilby WARNING : Failed to create dynesty state plot at checkpoint
/scratch/pratyusava.baral/Modified_Dispersion/src/dispersion/lib/python3.11/site-packages/dynesty/plotting.py:252: RuntimeWarning: overflow encountered in exp
  np.exp(logwt), logz if logplot else np.exp(logz)
/scratch/pratyusava.baral/Modified_Dispersion/src/dispersion/lib/python3.11/site-packages/dynesty/plotting.py:282: RuntimeWarning: overflow encountered in exp
  zspan = (0., 1.05 * np.exp(logz[-1] + 3. * logzerr[-1]))
09:16 bilby WARNING : Axis limits cannot be NaN or Inf
09:16 bilby WARNING : Failed to create dynesty run plot at checkpoint
09:27 bilby INFO    : Written checkpoint file results/99/None_resume.pickle
09:27 bilby WARNING : Too many bins for data range. Cannot create 500 finite-sized bins.
09:27 bilby WARNING : Failed to create dynesty state plot at checkpoint
/scratch/pratyusava.baral/Modified_Dispersion/src/dispersion/lib/python3.11/site-packages/dynesty/plotting.py:252: RuntimeWarning: overflow encountered in exp
  np.exp(logwt), logz if logplot else np.exp(logz)
/scratch/pratyusava.baral/Modified_Dispersion/src/dispersion/lib/python3.11/site-packages/dynesty/plotting.py:282: RuntimeWarning: overflow encountered in exp
  zspan = (0., 1.05 * np.exp(logz[-1] + 3. * logzerr[-1]))
09:27 bilby WARNING : Axis limits cannot be NaN or Inf
09:27 bilby WARNING : Failed to create dynesty run plot at checkpoint
09:37 bilby INFO    : Written checkpoint file results/99/None_resume.pickle
09:37 bilby WARNING : Too many bins for data range. Cannot create 500 finite-sized bins.
09:37 bilby WARNING : Failed to create dynesty state plot at checkpoint
/scratch/pratyusava.baral/Modified_Dispersion/src/dispersion/lib/python3.11/site-packages/dynesty/plotting.py:252: RuntimeWarning: overflow encountered in exp
  np.exp(logwt), logz if logplot else np.exp(logz)
/scratch/pratyusava.baral/Modified_Dispersion/src/dispersion/lib/python3.11/site-packages/dynesty/plotting.py:282: RuntimeWarning: overflow encountered in exp
  zspan = (0., 1.05 * np.exp(logz[-1] + 3. * logzerr[-1]))
09:37 bilby WARNING : Axis limits cannot be NaN or Inf
09:37 bilby WARNING : Failed to create dynesty run plot at checkpoint
09:48 bilby INFO    : Written checkpoint file results/99/None_resume.pickle
09:48 bilby WARNING : Too many bins for data range. Cannot create 500 finite-sized bins.
09:48 bilby WARNING : Failed to create dynesty state plot at checkpoint
/scratch/pratyusava.baral/Modified_Dispersion/src/dispersion/lib/python3.11/site-packages/dynesty/plotting.py:252: RuntimeWarning: overflow encountered in exp
  np.exp(logwt), logz if logplot else np.exp(logz)
/scratch/pratyusava.baral/Modified_Dispersion/src/dispersion/lib/python3.11/site-packages/dynesty/plotting.py:282: RuntimeWarning: overflow encountered in exp
  zspan = (0., 1.05 * np.exp(logz[-1] + 3. * logzerr[-1]))
09:48 bilby WARNING : Axis limits cannot be NaN or Inf
09:48 bilby WARNING : Failed to create dynesty run plot at checkpoint
09:58 bilby INFO    : Written checkpoint file results/99/None_resume.pickle
09:58 bilby WARNING : Too many bins for data range. Cannot create 500 finite-sized bins.
09:58 bilby WARNING : Failed to create dynesty state plot at checkpoint
/scratch/pratyusava.baral/Modified_Dispersion/src/dispersion/lib/python3.11/site-packages/dynesty/plotting.py:252: RuntimeWarning: overflow encountered in exp
  np.exp(logwt), logz if logplot else np.exp(logz)
/scratch/pratyusava.baral/Modified_Dispersion/src/dispersion/lib/python3.11/site-packages/dynesty/plotting.py:282: RuntimeWarning: overflow encountered in exp
  zspan = (0., 1.05 * np.exp(logz[-1] + 3. * logzerr[-1]))
09:59 bilby WARNING : Axis limits cannot be NaN or Inf
09:59 bilby WARNING : Failed to create dynesty run plot at checkpoint
10:09 bilby INFO    : Written checkpoint file results/99/None_resume.pickle
10:09 bilby WARNING : Too many bins for data range. Cannot create 500 finite-sized bins.
10:09 bilby WARNING : Failed to create dynesty state plot at checkpoint
/scratch/pratyusava.baral/Modified_Dispersion/src/dispersion/lib/python3.11/site-packages/dynesty/plotting.py:252: RuntimeWarning: overflow encountered in exp
  np.exp(logwt), logz if logplot else np.exp(logz)
/scratch/pratyusava.baral/Modified_Dispersion/src/dispersion/lib/python3.11/site-packages/dynesty/plotting.py:282: RuntimeWarning: overflow encountered in exp
  zspan = (0., 1.05 * np.exp(logz[-1] + 3. * logzerr[-1]))
10:09 bilby WARNING : Axis limits cannot be NaN or Inf
10:09 bilby WARNING : Failed to create dynesty run plot at checkpoint
10:20 bilby INFO    : Written checkpoint file results/99/None_resume.pickle
10:20 bilby WARNING : Too many bins for data range. Cannot create 500 finite-sized bins.
10:20 bilby WARNING : Failed to create dynesty state plot at checkpoint
/scratch/pratyusava.baral/Modified_Dispersion/src/dispersion/lib/python3.11/site-packages/dynesty/plotting.py:252: RuntimeWarning: overflow encountered in exp
  np.exp(logwt), logz if logplot else np.exp(logz)
/scratch/pratyusava.baral/Modified_Dispersion/src/dispersion/lib/python3.11/site-packages/dynesty/plotting.py:282: RuntimeWarning: overflow encountered in exp
  zspan = (0., 1.05 * np.exp(logz[-1] + 3. * logzerr[-1]))
10:20 bilby WARNING : Axis limits cannot be NaN or Inf
10:20 bilby WARNING : Failed to create dynesty run plot at checkpoint
10:30 bilby INFO    : Written checkpoint file results/99/None_resume.pickle
10:30 bilby WARNING : Too many bins for data range. Cannot create 500 finite-sized bins.
10:30 bilby WARNING : Failed to create dynesty state plot at checkpoint
/scratch/pratyusava.baral/Modified_Dispersion/src/dispersion/lib/python3.11/site-packages/dynesty/plotting.py:252: RuntimeWarning: overflow encountered in exp
  np.exp(logwt), logz if logplot else np.exp(logz)
/scratch/pratyusava.baral/Modified_Dispersion/src/dispersion/lib/python3.11/site-packages/dynesty/plotting.py:282: RuntimeWarning: overflow encountered in exp
  zspan = (0., 1.05 * np.exp(logz[-1] + 3. * logzerr[-1]))
10:30 bilby WARNING : Axis limits cannot be NaN or Inf
10:30 bilby WARNING : Failed to create dynesty run plot at checkpoint
10:40 bilby INFO    : Written checkpoint file results/99/None_resume.pickle
10:40 bilby WARNING : Too many bins for data range. Cannot create 500 finite-sized bins.
10:40 bilby WARNING : Failed to create dynesty state plot at checkpoint
/scratch/pratyusava.baral/Modified_Dispersion/src/dispersion/lib/python3.11/site-packages/dynesty/plotting.py:252: RuntimeWarning: overflow encountered in exp
  np.exp(logwt), logz if logplot else np.exp(logz)
/scratch/pratyusava.baral/Modified_Dispersion/src/dispersion/lib/python3.11/site-packages/dynesty/plotting.py:282: RuntimeWarning: overflow encountered in exp
  zspan = (0., 1.05 * np.exp(logz[-1] + 3. * logzerr[-1]))
10:41 bilby WARNING : Axis limits cannot be NaN or Inf
10:41 bilby WARNING : Failed to create dynesty run plot at checkpoint
10:51 bilby INFO    : Written checkpoint file results/99/None_resume.pickle
10:51 bilby WARNING : Too many bins for data range. Cannot create 500 finite-sized bins.
10:51 bilby WARNING : Failed to create dynesty state plot at checkpoint
/scratch/pratyusava.baral/Modified_Dispersion/src/dispersion/lib/python3.11/site-packages/dynesty/plotting.py:252: RuntimeWarning: overflow encountered in exp
  np.exp(logwt), logz if logplot else np.exp(logz)
/scratch/pratyusava.baral/Modified_Dispersion/src/dispersion/lib/python3.11/site-packages/dynesty/plotting.py:282: RuntimeWarning: overflow encountered in exp
  zspan = (0., 1.05 * np.exp(logz[-1] + 3. * logzerr[-1]))
10:51 bilby WARNING : Axis limits cannot be NaN or Inf
10:51 bilby WARNING : Failed to create dynesty run plot at checkpoint
11:02 bilby INFO    : Written checkpoint file results/99/None_resume.pickle
11:02 bilby WARNING : Too many bins for data range. Cannot create 500 finite-sized bins.
11:02 bilby WARNING : Failed to create dynesty state plot at checkpoint
/scratch/pratyusava.baral/Modified_Dispersion/src/dispersion/lib/python3.11/site-packages/dynesty/plotting.py:252: RuntimeWarning: overflow encountered in exp
  np.exp(logwt), logz if logplot else np.exp(logz)
/scratch/pratyusava.baral/Modified_Dispersion/src/dispersion/lib/python3.11/site-packages/dynesty/plotting.py:282: RuntimeWarning: overflow encountered in exp
  zspan = (0., 1.05 * np.exp(logz[-1] + 3. * logzerr[-1]))
11:02 bilby WARNING : Axis limits cannot be NaN or Inf
11:02 bilby WARNING : Failed to create dynesty run plot at checkpoint
11:13 bilby INFO    : Written checkpoint file results/99/None_resume.pickle
/scratch/pratyusava.baral/Modified_Dispersion/src/dispersion/lib/python3.11/site-packages/dynesty/plotting.py:786: UserWarning: Attempting to set identical low and high ylims makes transformation singular; automatically expanding.
  ax.set_ylim([0., max(y0) * 1.05])
/scratch/pratyusava.baral/Modified_Dispersion/src/dispersion/lib/python3.11/site-packages/dynesty/plotting.py:749: UserWarning: Attempting to set identical low and high xlims makes transformation singular; automatically expanding.
  ax.set_xlim(span[i])
/scratch/pratyusava.baral/Modified_Dispersion/src/dispersion/lib/python3.11/site-packages/dynesty/plotting.py:786: UserWarning: Attempting to set identical low and high ylims makes transformation singular; automatically expanding.
  ax.set_ylim([0., max(y0) * 1.05])
/scratch/pratyusava.baral/Modified_Dispersion/src/dispersion/lib/python3.11/site-packages/dynesty/plotting.py:252: RuntimeWarning: overflow encountered in exp
  np.exp(logwt), logz if logplot else np.exp(logz)
/scratch/pratyusava.baral/Modified_Dispersion/src/dispersion/lib/python3.11/site-packages/dynesty/plotting.py:282: RuntimeWarning: overflow encountered in exp
  zspan = (0., 1.05 * np.exp(logz[-1] + 3. * logzerr[-1]))
11:13 bilby WARNING : Axis limits cannot be NaN or Inf
11:13 bilby WARNING : Failed to create dynesty run plot at checkpoint
11:23 bilby INFO    : Written checkpoint file results/99/None_resume.pickle
/scratch/pratyusava.baral/Modified_Dispersion/src/dispersion/lib/python3.11/site-packages/dynesty/plotting.py:786: UserWarning: Attempting to set identical low and high ylims makes transformation singular; automatically expanding.
  ax.set_ylim([0., max(y0) * 1.05])
/scratch/pratyusava.baral/Modified_Dispersion/src/dispersion/lib/python3.11/site-packages/dynesty/plotting.py:749: UserWarning: Attempting to set identical low and high xlims makes transformation singular; automatically expanding.
  ax.set_xlim(span[i])
/scratch/pratyusava.baral/Modified_Dispersion/src/dispersion/lib/python3.11/site-packages/dynesty/plotting.py:786: UserWarning: Attempting to set identical low and high ylims makes transformation singular; automatically expanding.
  ax.set_ylim([0., max(y0) * 1.05])
/scratch/pratyusava.baral/Modified_Dispersion/src/dispersion/lib/python3.11/site-packages/dynesty/plotting.py:252: RuntimeWarning: overflow encountered in exp
  np.exp(logwt), logz if logplot else np.exp(logz)
/scratch/pratyusava.baral/Modified_Dispersion/src/dispersion/lib/python3.11/site-packages/dynesty/plotting.py:282: RuntimeWarning: overflow encountered in exp
  zspan = (0., 1.05 * np.exp(logz[-1] + 3. * logzerr[-1]))
11:23 bilby WARNING : Axis limits cannot be NaN or Inf
11:23 bilby WARNING : Failed to create dynesty run plot at checkpoint
11:34 bilby INFO    : Written checkpoint file results/99/None_resume.pickle
11:34 bilby WARNING : The data appears to lie in a lower-dimensional subspace of the space in which it is expressed. This has resulted in a singular data covariance matrix, which cannot be treated using the algorithms implemented in `gaussian_kde`. Consider performing principle component analysis / dimensionality reduction and using `gaussian_kde` with the transformed data.
11:34 bilby WARNING : Failed to create dynesty state plot at checkpoint
11:34 bilby WARNING : The data appears to lie in a lower-dimensional subspace of the space in which it is expressed. This has resulted in a singular data covariance matrix, which cannot be treated using the algorithms implemented in `gaussian_kde`. Consider performing principle component analysis / dimensionality reduction and using `gaussian_kde` with the transformed data.
11:34 bilby WARNING : Failed to create dynesty unit state plot at checkpoint
/scratch/pratyusava.baral/Modified_Dispersion/src/dispersion/lib/python3.11/site-packages/dynesty/plotting.py:252: RuntimeWarning: overflow encountered in exp
  np.exp(logwt), logz if logplot else np.exp(logz)
11:34 bilby WARNING : The data appears to lie in a lower-dimensional subspace of the space in which it is expressed. This has resulted in a singular data covariance matrix, which cannot be treated using the algorithms implemented in `gaussian_kde`. Consider performing principle component analysis / dimensionality reduction and using `gaussian_kde` with the transformed data.
11:34 bilby WARNING : Failed to create dynesty run plot at checkpoint
11:45 bilby INFO    : Written checkpoint file results/99/None_resume.pickle
/scratch/pratyusava.baral/Modified_Dispersion/src/dispersion/lib/python3.11/site-packages/dynesty/plotting.py:786: UserWarning: Attempting to set identical low and high ylims makes transformation singular; automatically expanding.
  ax.set_ylim([0., max(y0) * 1.05])
/scratch/pratyusava.baral/Modified_Dispersion/src/dispersion/lib/python3.11/site-packages/dynesty/plotting.py:749: UserWarning: Attempting to set identical low and high xlims makes transformation singular; automatically expanding.
  ax.set_xlim(span[i])
/scratch/pratyusava.baral/Modified_Dispersion/src/dispersion/lib/python3.11/site-packages/dynesty/plotting.py:786: UserWarning: Attempting to set identical low and high ylims makes transformation singular; automatically expanding.
  ax.set_ylim([0., max(y0) * 1.05])
/scratch/pratyusava.baral/Modified_Dispersion/src/dispersion/lib/python3.11/site-packages/dynesty/plotting.py:252: RuntimeWarning: overflow encountered in exp
  np.exp(logwt), logz if logplot else np.exp(logz)
/scratch/pratyusava.baral/Modified_Dispersion/src/dispersion/lib/python3.11/site-packages/dynesty/plotting.py:282: RuntimeWarning: overflow encountered in exp
  zspan = (0., 1.05 * np.exp(logz[-1] + 3. * logzerr[-1]))
11:45 bilby WARNING : Axis limits cannot be NaN or Inf
11:45 bilby WARNING : Failed to create dynesty run plot at checkpoint
11:56 bilby INFO    : Written checkpoint file results/99/None_resume.pickle
/scratch/pratyusava.baral/Modified_Dispersion/src/dispersion/lib/python3.11/site-packages/dynesty/plotting.py:786: UserWarning: Attempting to set identical low and high ylims makes transformation singular; automatically expanding.
  ax.set_ylim([0., max(y0) * 1.05])
/scratch/pratyusava.baral/Modified_Dispersion/src/dispersion/lib/python3.11/site-packages/dynesty/plotting.py:749: UserWarning: Attempting to set identical low and high xlims makes transformation singular; automatically expanding.
  ax.set_xlim(span[i])
/scratch/pratyusava.baral/Modified_Dispersion/src/dispersion/lib/python3.11/site-packages/dynesty/plotting.py:786: UserWarning: Attempting to set identical low and high ylims makes transformation singular; automatically expanding.
  ax.set_ylim([0., max(y0) * 1.05])
/scratch/pratyusava.baral/Modified_Dispersion/src/dispersion/lib/python3.11/site-packages/dynesty/plotting.py:252: RuntimeWarning: overflow encountered in exp
  np.exp(logwt), logz if logplot else np.exp(logz)
/scratch/pratyusava.baral/Modified_Dispersion/src/dispersion/lib/python3.11/site-packages/dynesty/plotting.py:282: RuntimeWarning: overflow encountered in exp
  zspan = (0., 1.05 * np.exp(logz[-1] + 3. * logzerr[-1]))
11:56 bilby WARNING : Axis limits cannot be NaN or Inf
11:56 bilby WARNING : Failed to create dynesty run plot at checkpoint
12:06 bilby INFO    : Written checkpoint file results/99/None_resume.pickle
12:06 bilby WARNING : The data appears to lie in a lower-dimensional subspace of the space in which it is expressed. This has resulted in a singular data covariance matrix, which cannot be treated using the algorithms implemented in `gaussian_kde`. Consider performing principle component analysis / dimensionality reduction and using `gaussian_kde` with the transformed data.
12:06 bilby WARNING : Failed to create dynesty state plot at checkpoint
12:06 bilby WARNING : The data appears to lie in a lower-dimensional subspace of the space in which it is expressed. This has resulted in a singular data covariance matrix, which cannot be treated using the algorithms implemented in `gaussian_kde`. Consider performing principle component analysis / dimensionality reduction and using `gaussian_kde` with the transformed data.
12:06 bilby WARNING : Failed to create dynesty unit state plot at checkpoint
/scratch/pratyusava.baral/Modified_Dispersion/src/dispersion/lib/python3.11/site-packages/dynesty/plotting.py:252: RuntimeWarning: overflow encountered in exp
  np.exp(logwt), logz if logplot else np.exp(logz)
12:06 bilby WARNING : The data appears to lie in a lower-dimensional subspace of the space in which it is expressed. This has resulted in a singular data covariance matrix, which cannot be treated using the algorithms implemented in `gaussian_kde`. Consider performing principle component analysis / dimensionality reduction and using `gaussian_kde` with the transformed data.
12:06 bilby WARNING : Failed to create dynesty run plot at checkpoint
12:16 bilby INFO    : Written checkpoint file results/99/None_resume.pickle
/scratch/pratyusava.baral/Modified_Dispersion/src/dispersion/lib/python3.11/site-packages/dynesty/plotting.py:786: UserWarning: Attempting to set identical low and high ylims makes transformation singular; automatically expanding.
  ax.set_ylim([0., max(y0) * 1.05])
/scratch/pratyusava.baral/Modified_Dispersion/src/dispersion/lib/python3.11/site-packages/dynesty/plotting.py:749: UserWarning: Attempting to set identical low and high xlims makes transformation singular; automatically expanding.
  ax.set_xlim(span[i])
/scratch/pratyusava.baral/Modified_Dispersion/src/dispersion/lib/python3.11/site-packages/dynesty/plotting.py:786: UserWarning: Attempting to set identical low and high ylims makes transformation singular; automatically expanding.
  ax.set_ylim([0., max(y0) * 1.05])
/scratch/pratyusava.baral/Modified_Dispersion/src/dispersion/lib/python3.11/site-packages/dynesty/plotting.py:252: RuntimeWarning: overflow encountered in exp
  np.exp(logwt), logz if logplot else np.exp(logz)
/scratch/pratyusava.baral/Modified_Dispersion/src/dispersion/lib/python3.11/site-packages/dynesty/plotting.py:282: RuntimeWarning: overflow encountered in exp
  zspan = (0., 1.05 * np.exp(logz[-1] + 3. * logzerr[-1]))
12:16 bilby WARNING : Axis limits cannot be NaN or Inf
12:16 bilby WARNING : Failed to create dynesty run plot at checkpoint
12:27 bilby INFO    : Written checkpoint file results/99/None_resume.pickle
/scratch/pratyusava.baral/Modified_Dispersion/src/dispersion/lib/python3.11/site-packages/dynesty/plotting.py:786: UserWarning: Attempting to set identical low and high ylims makes transformation singular; automatically expanding.
  ax.set_ylim([0., max(y0) * 1.05])
/scratch/pratyusava.baral/Modified_Dispersion/src/dispersion/lib/python3.11/site-packages/dynesty/plotting.py:749: UserWarning: Attempting to set identical low and high xlims makes transformation singular; automatically expanding.
  ax.set_xlim(span[i])
/scratch/pratyusava.baral/Modified_Dispersion/src/dispersion/lib/python3.11/site-packages/dynesty/plotting.py:786: UserWarning: Attempting to set identical low and high ylims makes transformation singular; automatically expanding.
  ax.set_ylim([0., max(y0) * 1.05])
/scratch/pratyusava.baral/Modified_Dispersion/src/dispersion/lib/python3.11/site-packages/dynesty/plotting.py:252: RuntimeWarning: overflow encountered in exp
  np.exp(logwt), logz if logplot else np.exp(logz)
/scratch/pratyusava.baral/Modified_Dispersion/src/dispersion/lib/python3.11/site-packages/dynesty/plotting.py:282: RuntimeWarning: overflow encountered in exp
  zspan = (0., 1.05 * np.exp(logz[-1] + 3. * logzerr[-1]))
12:27 bilby WARNING : Axis limits cannot be NaN or Inf
12:27 bilby WARNING : Failed to create dynesty run plot at checkpoint
12:38 bilby INFO    : Written checkpoint file results/99/None_resume.pickle
12:38 bilby WARNING : The data appears to lie in a lower-dimensional subspace of the space in which it is expressed. This has resulted in a singular data covariance matrix, which cannot be treated using the algorithms implemented in `gaussian_kde`. Consider performing principle component analysis / dimensionality reduction and using `gaussian_kde` with the transformed data.
12:38 bilby WARNING : Failed to create dynesty state plot at checkpoint
12:38 bilby WARNING : The data appears to lie in a lower-dimensional subspace of the space in which it is expressed. This has resulted in a singular data covariance matrix, which cannot be treated using the algorithms implemented in `gaussian_kde`. Consider performing principle component analysis / dimensionality reduction and using `gaussian_kde` with the transformed data.
12:38 bilby WARNING : Failed to create dynesty unit state plot at checkpoint
/scratch/pratyusava.baral/Modified_Dispersion/src/dispersion/lib/python3.11/site-packages/dynesty/plotting.py:252: RuntimeWarning: overflow encountered in exp
  np.exp(logwt), logz if logplot else np.exp(logz)
12:38 bilby WARNING : The data appears to lie in a lower-dimensional subspace of the space in which it is expressed. This has resulted in a singular data covariance matrix, which cannot be treated using the algorithms implemented in `gaussian_kde`. Consider performing principle component analysis / dimensionality reduction and using `gaussian_kde` with the transformed data.
12:38 bilby WARNING : Failed to create dynesty run plot at checkpoint
12:48 bilby INFO    : Written checkpoint file results/99/None_resume.pickle
/scratch/pratyusava.baral/Modified_Dispersion/src/dispersion/lib/python3.11/site-packages/dynesty/plotting.py:786: UserWarning: Attempting to set identical low and high ylims makes transformation singular; automatically expanding.
  ax.set_ylim([0., max(y0) * 1.05])
/scratch/pratyusava.baral/Modified_Dispersion/src/dispersion/lib/python3.11/site-packages/dynesty/plotting.py:749: UserWarning: Attempting to set identical low and high xlims makes transformation singular; automatically expanding.
  ax.set_xlim(span[i])
/scratch/pratyusava.baral/Modified_Dispersion/src/dispersion/lib/python3.11/site-packages/dynesty/plotting.py:786: UserWarning: Attempting to set identical low and high ylims makes transformation singular; automatically expanding.
  ax.set_ylim([0., max(y0) * 1.05])
/scratch/pratyusava.baral/Modified_Dispersion/src/dispersion/lib/python3.11/site-packages/dynesty/plotting.py:252: RuntimeWarning: overflow encountered in exp
  np.exp(logwt), logz if logplot else np.exp(logz)
/scratch/pratyusava.baral/Modified_Dispersion/src/dispersion/lib/python3.11/site-packages/dynesty/plotting.py:282: RuntimeWarning: overflow encountered in exp
  zspan = (0., 1.05 * np.exp(logz[-1] + 3. * logzerr[-1]))
12:48 bilby WARNING : Axis limits cannot be NaN or Inf
12:48 bilby WARNING : Failed to create dynesty run plot at checkpoint
12:59 bilby INFO    : Written checkpoint file results/99/None_resume.pickle
12:59 bilby WARNING : The data appears to lie in a lower-dimensional subspace of the space in which it is expressed. This has resulted in a singular data covariance matrix, which cannot be treated using the algorithms implemented in `gaussian_kde`. Consider performing principle component analysis / dimensionality reduction and using `gaussian_kde` with the transformed data.
12:59 bilby WARNING : Failed to create dynesty state plot at checkpoint
12:59 bilby WARNING : The data appears to lie in a lower-dimensional subspace of the space in which it is expressed. This has resulted in a singular data covariance matrix, which cannot be treated using the algorithms implemented in `gaussian_kde`. Consider performing principle component analysis / dimensionality reduction and using `gaussian_kde` with the transformed data.
12:59 bilby WARNING : Failed to create dynesty unit state plot at checkpoint
/scratch/pratyusava.baral/Modified_Dispersion/src/dispersion/lib/python3.11/site-packages/dynesty/plotting.py:252: RuntimeWarning: overflow encountered in exp
  np.exp(logwt), logz if logplot else np.exp(logz)
12:59 bilby WARNING : The data appears to lie in a lower-dimensional subspace of the space in which it is expressed. This has resulted in a singular data covariance matrix, which cannot be treated using the algorithms implemented in `gaussian_kde`. Consider performing principle component analysis / dimensionality reduction and using `gaussian_kde` with the transformed data.
12:59 bilby WARNING : Failed to create dynesty run plot at checkpoint
13:09 bilby INFO    : Written checkpoint file results/99/None_resume.pickle
/scratch/pratyusava.baral/Modified_Dispersion/src/dispersion/lib/python3.11/site-packages/dynesty/plotting.py:786: UserWarning: Attempting to set identical low and high ylims makes transformation singular; automatically expanding.
  ax.set_ylim([0., max(y0) * 1.05])
13:09 bilby WARNING : Too many bins for data range. Cannot create 500 finite-sized bins.
13:09 bilby WARNING : Failed to create dynesty state plot at checkpoint
/scratch/pratyusava.baral/Modified_Dispersion/src/dispersion/lib/python3.11/site-packages/dynesty/plotting.py:786: UserWarning: Attempting to set identical low and high ylims makes transformation singular; automatically expanding.
  ax.set_ylim([0., max(y0) * 1.05])
/scratch/pratyusava.baral/Modified_Dispersion/src/dispersion/lib/python3.11/site-packages/dynesty/plotting.py:252: RuntimeWarning: overflow encountered in exp
  np.exp(logwt), logz if logplot else np.exp(logz)
/scratch/pratyusava.baral/Modified_Dispersion/src/dispersion/lib/python3.11/site-packages/dynesty/plotting.py:282: RuntimeWarning: overflow encountered in exp
  zspan = (0., 1.05 * np.exp(logz[-1] + 3. * logzerr[-1]))
13:09 bilby WARNING : Axis limits cannot be NaN or Inf
13:09 bilby WARNING : Failed to create dynesty run plot at checkpoint
13:20 bilby INFO    : Written checkpoint file results/99/None_resume.pickle
/scratch/pratyusava.baral/Modified_Dispersion/src/dispersion/lib/python3.11/site-packages/dynesty/plotting.py:786: UserWarning: Attempting to set identical low and high ylims makes transformation singular; automatically expanding.
  ax.set_ylim([0., max(y0) * 1.05])
/scratch/pratyusava.baral/Modified_Dispersion/src/dispersion/lib/python3.11/site-packages/dynesty/plotting.py:749: UserWarning: Attempting to set identical low and high xlims makes transformation singular; automatically expanding.
  ax.set_xlim(span[i])
/scratch/pratyusava.baral/Modified_Dispersion/src/dispersion/lib/python3.11/site-packages/dynesty/plotting.py:786: UserWarning: Attempting to set identical low and high ylims makes transformation singular; automatically expanding.
  ax.set_ylim([0., max(y0) * 1.05])
/scratch/pratyusava.baral/Modified_Dispersion/src/dispersion/lib/python3.11/site-packages/dynesty/plotting.py:252: RuntimeWarning: overflow encountered in exp
  np.exp(logwt), logz if logplot else np.exp(logz)
/scratch/pratyusava.baral/Modified_Dispersion/src/dispersion/lib/python3.11/site-packages/dynesty/plotting.py:282: RuntimeWarning: overflow encountered in exp
  zspan = (0., 1.05 * np.exp(logz[-1] + 3. * logzerr[-1]))
13:20 bilby WARNING : Axis limits cannot be NaN or Inf
13:20 bilby WARNING : Failed to create dynesty run plot at checkpoint
13:30 bilby INFO    : Written checkpoint file results/99/None_resume.pickle
/scratch/pratyusava.baral/Modified_Dispersion/src/dispersion/lib/python3.11/site-packages/dynesty/plotting.py:786: UserWarning: Attempting to set identical low and high ylims makes transformation singular; automatically expanding.
  ax.set_ylim([0., max(y0) * 1.05])
13:30 bilby WARNING : Too many bins for data range. Cannot create 500 finite-sized bins.
13:30 bilby WARNING : Failed to create dynesty state plot at checkpoint
/scratch/pratyusava.baral/Modified_Dispersion/src/dispersion/lib/python3.11/site-packages/dynesty/plotting.py:786: UserWarning: Attempting to set identical low and high ylims makes transformation singular; automatically expanding.
  ax.set_ylim([0., max(y0) * 1.05])
/scratch/pratyusava.baral/Modified_Dispersion/src/dispersion/lib/python3.11/site-packages/dynesty/plotting.py:252: RuntimeWarning: overflow encountered in exp
  np.exp(logwt), logz if logplot else np.exp(logz)
/scratch/pratyusava.baral/Modified_Dispersion/src/dispersion/lib/python3.11/site-packages/dynesty/plotting.py:282: RuntimeWarning: overflow encountered in exp
  zspan = (0., 1.05 * np.exp(logz[-1] + 3. * logzerr[-1]))
13:30 bilby WARNING : Axis limits cannot be NaN or Inf
13:30 bilby WARNING : Failed to create dynesty run plot at checkpoint
13:41 bilby INFO    : Written checkpoint file results/99/None_resume.pickle
/scratch/pratyusava.baral/Modified_Dispersion/src/dispersion/lib/python3.11/site-packages/dynesty/plotting.py:786: UserWarning: Attempting to set identical low and high ylims makes transformation singular; automatically expanding.
  ax.set_ylim([0., max(y0) * 1.05])
/scratch/pratyusava.baral/Modified_Dispersion/src/dispersion/lib/python3.11/site-packages/dynesty/plotting.py:749: UserWarning: Attempting to set identical low and high xlims makes transformation singular; automatically expanding.
  ax.set_xlim(span[i])
/scratch/pratyusava.baral/Modified_Dispersion/src/dispersion/lib/python3.11/site-packages/dynesty/plotting.py:786: UserWarning: Attempting to set identical low and high ylims makes transformation singular; automatically expanding.
  ax.set_ylim([0., max(y0) * 1.05])
/scratch/pratyusava.baral/Modified_Dispersion/src/dispersion/lib/python3.11/site-packages/dynesty/plotting.py:252: RuntimeWarning: overflow encountered in exp
  np.exp(logwt), logz if logplot else np.exp(logz)
/scratch/pratyusava.baral/Modified_Dispersion/src/dispersion/lib/python3.11/site-packages/dynesty/plotting.py:282: RuntimeWarning: overflow encountered in exp
  zspan = (0., 1.05 * np.exp(logz[-1] + 3. * logzerr[-1]))
13:41 bilby WARNING : Axis limits cannot be NaN or Inf
13:41 bilby WARNING : Failed to create dynesty run plot at checkpoint
